symbol,exp_month,time,open,high,low,close,volume
BRF,202604,2026-02-11 15:07:00,2177.5,2177.5,2177.5,2177.5,11
BRF,202604,2026-02-11 16:22:00,2188.0,2188.0,2188.0,2188.0,4
BRF,202604,2026-02-11 22:20:00,2200.0,2200.0,2200.0,2200.0,1
BRF,202604,2026-02-11 22:21:00,2200.0,2200.0,2200.0,2200.0,1
BRF,202605,2026-02-11 15:06:00,2153.5,2153.5,2153.5,2153.5,11
BRF,202605,2026-02-11 16:23:00,2165.0,2165.0,2165.0,2165.0,1
CCF,202602,2026-02-11 17:37:00,62.9,62.9,62.9,62.9,1
CCF,202602,2026-02-11 17:39:00,62.8,62.8,62.8,62.8,3
CCF,202602,2026-02-11 17:42:00,62.8,62.8,62.8,62.8,1
CCF,202602,2026-02-11 17:43:00,62.8,62.8,62.8,62.8,1
CCF,202602,2026-02-11 17:52:00,62.8,62.8,62.6,62.6,6
CCF,202602,2026-02-11 18:02:00,62.6,62.6,62.6,62.6,1
CCF,202602,2026-02-11 18:07:00,62.7,62.7,62.7,62.7,4
CCF,202602,2026-02-11 18:08:00,62.8,62.8,62.8,62.8,1
CCF,202602,2026-02-11 18:11:00,62.8,62.8,62.8,62.8,1
CCF,202602,2026-02-11 18:12:00,62.8,62.8,62.8,62.8,1
CCF,202602,2026-02-11 18:13:00,62.8,62.8,62.8,62.8,2
CCF,202602,2026-02-11 18:23:00,62.8,62.8,62.8,62.8,1
CCF,202602,2026-02-11 18:24:00,62.8,62.8,62.8,62.8,5
CCF,202602,2026-02-11 18:34:00,62.9,62.9,62.9,62.9,1
CCF,202602,2026-02-11 18:41:00,62.8,62.8,62.8,62.8,4
CCF,202602,2026-02-11 18:44:00,62.8,62.8,62.8,62.8,1
CCF,202602,2026-02-11 19:42:00,62.8,62.8,62.8,62.8,2
CCF,202602,2026-02-11 19:44:00,62.7,62.7,62.7,62.7,1
CCF,202602,2026-02-11 20:01:00,62.8,62.8,62.8,62.8,1
CCF,202602,2026-02-11 20:39:00,62.8,62.8,62.8,62.8,1
CCF,202602,2026-02-11 20:45:00,62.8,62.8,62.8,62.8,2
CCF,202602,2026-02-11 21:27:00,62.8,62.8,62.6,62.6,11
CCF,202602,2026-02-11 21:32:00,62.8,62.8,62.8,62.8,1
CCF,202602,2026-02-11 21:33:00,62.8,62.8,62.8,62.8,1
CCF,202602,2026-02-11 21:36:00,62.7,62.9,62.6,62.9,14
CCF,202602,2026-02-11 21:40:00,62.9,62.9,62.9,62.9,2
CCF,202602,2026-02-11 21:45:00,62.9,62.9,62.9,62.9,1
CCF,202602,2026-02-11 21:51:00,62.9,62.9,62.9,62.9,1
CCF,202602,2026-02-11 21:53:00,62.8,62.8,62.7,62.7,11
CCF,202602,2026-02-11 21:57:00,62.8,62.8,62.8,62.8,1
CCF,202602,2026-02-11 21:58:00,62.8,62.9,62.8,62.9,2
CCF,202602,2026-02-11 21:59:00,62.9,62.9,62.9,62.9,3
CCF,202602,2026-02-11 22:02:00,62.9,62.9,62.9,62.9,1
CCF,202602,2026-02-11 22:12:00,62.9,62.9,62.9,62.9,1
CCF,202602,2026-02-11 22:16:00,62.9,62.9,62.9,62.9,1
CCF,202602,2026-02-11 22:25:00,62.9,62.9,62.9,62.9,1
CCF,202602,2026-02-11 22:26:00,63.0,63.0,63.0,63.0,3
CCF,202602,2026-02-11 22:27:00,62.9,62.9,62.9,62.9,1
CCF,202602,2026-02-11 22:31:00,63.0,63.0,63.0,63.0,1
CCF,202602,2026-02-11 22:34:00,63.0,63.0,63.0,63.0,2
CCF,202602,2026-02-11 22:37:00,63.0,63.0,62.9,62.9,3
CCF,202602,2026-02-11 22:42:00,62.9,62.9,62.9,62.9,2
CCF,202602,2026-02-11 22:43:00,63.0,63.0,63.0,63.0,3
CCF,202602,2026-02-11 22:44:00,63.0,63.0,63.0,63.0,1
CCF,202602,2026-02-11 22:45:00,63.0,63.0,63.0,63.0,3
CCF,202602,2026-02-11 22:46:00,63.0,63.0,63.0,63.0,8
CCF,202602,2026-02-11 22:48:00,63.1,63.1,63.1,63.1,2
CCF,202602,2026-02-11 22:51:00,63.1,63.1,63.1,63.1,1
CCF,202602,2026-02-11 22:53:00,63.1,63.1,63.0,63.0,2
CCF,202602,2026-02-11 22:55:00,63.1,63.1,63.1,63.1,2
CCF,202602,2026-02-11 22:56:00,63.2,63.2,63.2,63.2,3
CCF,202602,2026-02-11 22:57:00,63.3,63.3,63.3,63.3,4
CCF,202602,2026-02-11 22:58:00,63.3,63.3,63.3,63.3,3
CCF,202602,2026-02-11 23:00:00,63.3,63.3,63.3,63.3,1
CCF,202602,2026-02-11 23:01:00,63.3,63.3,63.3,63.3,2
CCF,202602,2026-02-11 23:02:00,63.3,63.3,63.3,63.3,2
CCF,202602,2026-02-11 23:04:00,63.3,63.3,63.3,63.3,2
CCF,202602,2026-02-11 23:05:00,63.3,63.3,63.3,63.3,2
CCF,202602,2026-02-11 23:11:00,63.3,63.3,63.3,63.3,3
CCF,202602,2026-02-11 23:12:00,63.2,63.2,63.1,63.1,5
CCF,202602,2026-02-11 23:13:00,63.0,63.0,62.9,63.0,6
CCF,202602,2026-02-11 23:18:00,62.9,62.9,62.9,62.9,2
CCF,202602,2026-02-11 23:20:00,63.0,63.0,63.0,63.0,1
CCF,202602,2026-02-11 23:24:00,62.9,62.9,62.9,62.9,2
CCF,202602,2026-02-11 23:27:00,62.8,62.8,62.8,62.8,1
CCF,202602,2026-02-11 23:30:00,62.8,62.8,62.8,62.8,1
CCF,202602,2026-02-11 23:31:00,62.8,62.8,62.8,62.8,1
CCF,202602,2026-02-11 23:33:00,62.8,62.8,62.8,62.8,1
CCF,202602,2026-02-11 23:38:00,62.8,62.8,62.8,62.8,1
CCF,202602,2026-02-11 23:39:00,62.9,62.9,62.9,62.9,1
CCF,202602,2026-02-11 23:41:00,63.0,63.0,63.0,63.0,1
CCF,202602,2026-02-11 23:49:00,63.0,63.0,63.0,63.0,1
CCF,202602,2026-02-11 23:52:00,62.9,62.9,62.9,62.9,5
CCF,202602,2026-02-11 23:53:00,63.0,63.0,63.0,63.0,3
CCF,202602,2026-02-12 00:08:00,63.0,63.0,63.0,63.0,2
CCF,202602,2026-02-12 00:15:00,63.1,63.1,63.1,63.1,1
CCF,202602,2026-02-12 00:23:00,63.1,63.1,63.1,63.1,1
CCF,202602,2026-02-12 00:41:00,63.3,63.3,63.3,63.3,1
CCF,202602,2026-02-12 01:09:00,63.2,63.2,63.2,63.2,2
CCF,202602,2026-02-12 01:12:00,63.2,63.2,63.2,63.2,2
CCF,202602,2026-02-12 01:25:00,63.2,63.2,63.2,63.2,1
CCF,202602,2026-02-12 01:37:00,63.3,63.3,63.3,63.3,1
CCF,202602,2026-02-12 01:41:00,63.2,63.2,63.1,63.2,5
CCF,202602,2026-02-12 01:49:00,63.3,63.3,63.3,63.3,1
CCF,202602,2026-02-12 02:26:00,63.3,63.3,63.3,63.3,1
CCF,202602,2026-02-12 02:37:00,63.2,63.2,63.2,63.2,1
CCF,202602,2026-02-12 02:39:00,63.2,63.2,63.2,63.2,2
CCF,202602,2026-02-12 02:59:00,63.3,63.3,63.3,63.3,1
CCF,202602,2026-02-12 03:05:00,63.2,63.2,63.2,63.2,1
CCF,202602,2026-02-12 03:11:00,63.3,63.4,63.3,63.4,6
CCF,202602,2026-02-12 03:17:00,63.4,63.4,63.4,63.4,2
CCF,202602,2026-02-12 03:24:00,63.4,63.4,63.3,63.4,10
CCF,202602,2026-02-12 03:49:00,63.4,63.4,63.4,63.4,1
CCF,202602,2026-02-12 03:53:00,63.4,63.4,63.4,63.4,1
CCF,202602,2026-02-12 04:15:00,63.3,63.3,63.3,63.3,5
CCF,202602,2026-02-12 04:17:00,63.3,63.3,63.3,63.3,5
CCF,202602,2026-02-12 04:28:00,63.3,63.3,63.3,63.3,1
CCF,202602,2026-02-12 04:37:00,63.3,63.3,63.3,63.3,1
CCF,202602,2026-02-12 04:42:00,63.2,63.3,63.2,63.3,2
CCF,202602,2026-02-12 04:46:00,63.3,63.3,63.3,63.3,2
CCF,202602,2026-02-12 04:49:00,63.4,63.5,63.4,63.5,9
CCF,202602,2026-02-12 04:53:00,63.5,63.5,63.5,63.5,4
CCF,202602,2026-02-12 04:54:00,63.6,63.6,63.6,63.6,3
CCF,202602,2026-02-12 04:59:00,63.6,63.6,63.6,63.6,1
CCF,202603,2026-02-11 18:28:00,63.0,63.0,63.0,63.0,1
CCF,202603,2026-02-11 18:58:00,63.2,63.2,63.2,63.2,1
CCF,202603,2026-02-11 18:59:00,63.3,63.3,63.3,63.3,1
CCF,202603,2026-02-11 19:34:00,63.3,63.3,63.3,63.3,1
CCF,202603,2026-02-11 20:09:00,63.3,63.3,63.3,63.3,2
CCF,202603,2026-02-11 21:06:00,63.0,63.0,63.0,63.0,9
CCF,202603,2026-02-11 21:21:00,63.0,63.0,63.0,63.0,2
CCF,202603,2026-02-11 21:22:00,63.0,63.0,63.0,63.0,2
CCF,202603,2026-02-11 21:27:00,63.2,63.5,63.2,63.5,17
CCF,202603,2026-02-11 21:28:00,63.2,63.2,63.2,63.2,3
CCF,202603,2026-02-11 21:32:00,63.2,63.2,63.2,63.2,1
CCF,202603,2026-02-11 21:34:00,63.6,63.6,63.6,63.6,1
CCF,202603,2026-02-11 21:35:00,63.5,63.6,63.3,63.3,5
CCF,202603,2026-02-11 21:36:00,63.5,63.5,63.5,63.5,1
CCF,202603,2026-02-11 21:37:00,63.6,63.6,63.4,63.4,4
CCF,202603,2026-02-11 21:40:00,63.6,63.6,63.6,63.6,2
CCF,202603,2026-02-11 21:47:00,63.6,63.6,63.6,63.6,1
CCF,202603,2026-02-11 21:49:00,63.5,63.5,63.5,63.5,1
CCF,202603,2026-02-11 21:52:00,63.5,63.5,63.5,63.5,4
CCF,202603,2026-02-11 21:57:00,63.4,63.4,63.4,63.4,1
CCF,202603,2026-02-11 22:28:00,63.5,63.5,63.5,63.5,1
CCF,202603,2026-02-11 22:29:00,63.5,63.5,63.5,63.5,7
CCF,202603,2026-02-11 22:30:00,63.5,63.5,63.5,63.5,4
CCF,202603,2026-02-11 22:31:00,63.4,63.4,63.3,63.3,12
CCF,202603,2026-02-11 22:34:00,63.3,63.3,63.3,63.3,6
CCF,202603,2026-02-11 22:35:00,63.4,63.4,63.4,63.4,1
CCF,202603,2026-02-11 22:36:00,63.4,63.5,63.4,63.5,8
CCF,202603,2026-02-11 22:37:00,63.6,63.7,63.6,63.7,13
CCF,202603,2026-02-11 22:39:00,63.6,63.6,63.6,63.6,3
CCF,202603,2026-02-11 22:40:00,63.5,63.6,63.5,63.6,5
CCF,202603,2026-02-11 22:41:00,63.6,63.6,63.6,63.6,4
CCF,202603,2026-02-11 22:42:00,63.6,63.6,63.6,63.6,2
CCF,202603,2026-02-11 22:44:00,63.6,63.6,63.6,63.6,5
CCF,202603,2026-02-11 22:50:00,63.5,63.6,63.5,63.6,7
CCF,202603,2026-02-11 22:52:00,63.7,63.8,63.7,63.8,7
CCF,202603,2026-02-11 22:53:00,63.7,63.8,63.7,63.8,4
CCF,202603,2026-02-11 22:55:00,63.8,63.8,63.8,63.8,1
CCF,202603,2026-02-11 22:56:00,63.8,63.8,63.8,63.8,1
CCF,202603,2026-02-11 22:57:00,63.9,63.9,63.9,63.9,10
CCF,202603,2026-02-11 22:58:00,63.8,63.8,63.8,63.8,1
CCF,202603,2026-02-11 22:59:00,63.8,63.8,63.8,63.8,1
CCF,202603,2026-02-11 23:00:00,63.8,63.8,63.8,63.8,1
CCF,202603,2026-02-11 23:01:00,63.8,63.8,63.8,63.8,1
CCF,202603,2026-02-11 23:02:00,63.8,63.8,63.8,63.8,1
CCF,202603,2026-02-11 23:07:00,63.7,63.7,63.7,63.7,1
CCF,202603,2026-02-11 23:08:00,63.7,63.7,63.7,63.7,6
CCF,202603,2026-02-11 23:09:00,63.7,63.8,63.7,63.8,6
CCF,202603,2026-02-11 23:10:00,63.7,63.7,63.7,63.7,3
CCF,202603,2026-02-11 23:11:00,63.6,63.6,63.6,63.6,1
CCF,202603,2026-02-11 23:12:00,63.5,63.5,63.5,63.5,3
CCF,202603,2026-02-11 23:13:00,63.5,63.5,63.5,63.5,2
CCF,202603,2026-02-11 23:16:00,63.5,63.5,63.4,63.4,3
CCF,202603,2026-02-11 23:19:00,63.3,63.3,63.3,63.3,2
CCF,202603,2026-02-11 23:20:00,63.3,63.3,63.2,63.2,7
CCF,202603,2026-02-11 23:21:00,63.1,63.1,63.1,63.1,1
CCF,202603,2026-02-11 23:22:00,63.2,63.2,63.2,63.2,10
CCF,202603,2026-02-11 23:23:00,63.2,63.2,63.1,63.1,7
CCF,202603,2026-02-11 23:24:00,63.1,63.1,63.1,63.1,12
CCF,202603,2026-02-11 23:25:00,63.1,63.1,63.1,63.1,2
CCF,202603,2026-02-11 23:26:00,63.1,63.1,63.0,63.0,14
CCF,202603,2026-02-11 23:27:00,63.0,63.2,63.0,63.2,11
CCF,202603,2026-02-11 23:28:00,63.1,63.1,63.0,63.0,4
CCF,202603,2026-02-11 23:30:00,63.0,63.0,63.0,63.0,4
CCF,202603,2026-02-11 23:35:00,63.2,63.2,63.2,63.2,1
CCF,202603,2026-02-11 23:36:00,63.3,63.3,63.3,63.3,1
CCF,202603,2026-02-11 23:55:00,63.3,63.3,63.3,63.3,1
CCF,202603,2026-02-11 23:57:00,63.4,63.4,63.4,63.4,1
CCF,202603,2026-02-11 23:58:00,63.3,63.3,63.3,63.3,1
CCF,202603,2026-02-12 00:00:00,63.3,63.3,63.2,63.2,7
CCF,202603,2026-02-12 00:01:00,63.2,63.2,63.2,63.2,1
CCF,202603,2026-02-12 00:02:00,63.3,63.3,63.2,63.2,6
CCF,202603,2026-02-12 00:03:00,63.2,63.2,63.2,63.2,1
CCF,202603,2026-02-12 00:05:00,63.2,63.2,63.2,63.2,8
CCF,202603,2026-02-12 00:06:00,63.2,63.2,63.2,63.2,5
CCF,202603,2026-02-12 00:07:00,63.2,63.2,63.2,63.2,9
CCF,202603,2026-02-12 00:08:00,63.2,63.2,63.2,63.2,1
CCF,202603,2026-02-12 00:10:00,63.2,63.3,63.2,63.3,5
CCF,202603,2026-02-12 00:11:00,63.2,63.2,63.2,63.2,9
CCF,202603,2026-02-12 00:12:00,63.2,63.2,63.2,63.2,27
CCF,202603,2026-02-12 00:13:00,63.2,63.2,63.2,63.2,6
CCF,202603,2026-02-12 00:14:00,63.2,63.3,63.2,63.3,6
CCF,202603,2026-02-12 00:15:00,63.2,63.2,63.2,63.2,21
CCF,202603,2026-02-12 00:16:00,63.2,63.2,63.2,63.2,27
CCF,202603,2026-02-12 00:17:00,63.2,63.2,63.2,63.2,4
CCF,202603,2026-02-12 00:36:00,63.3,63.3,63.3,63.3,2
CCF,202603,2026-02-12 00:41:00,63.3,63.3,63.3,63.3,3
CCF,202603,2026-02-12 00:43:00,63.3,63.3,63.3,63.3,1
CCF,202603,2026-02-12 00:49:00,63.3,63.3,63.3,63.3,1
CCF,202603,2026-02-12 01:01:00,63.2,63.2,63.2,63.2,1
CCF,202603,2026-02-12 01:12:00,63.3,63.3,63.3,63.3,1
CCF,202603,2026-02-12 01:22:00,63.3,63.4,63.3,63.4,4
CCF,202603,2026-02-12 01:23:00,63.5,63.5,63.4,63.4,2
CCF,202603,2026-02-12 01:25:00,63.5,63.5,63.5,63.5,3
CCF,202603,2026-02-12 01:29:00,63.6,63.6,63.6,63.6,3
CCF,202603,2026-02-12 01:30:00,63.6,63.6,63.6,63.6,1
CCF,202603,2026-02-12 01:46:00,63.7,63.7,63.7,63.7,1
CCF,202603,2026-02-12 01:57:00,63.7,63.7,63.7,63.7,1
CCF,202603,2026-02-12 02:13:00,63.6,63.6,63.6,63.6,1
CCF,202603,2026-02-12 02:25:00,63.7,63.7,63.7,63.7,1
CCF,202603,2026-02-12 02:29:00,63.6,63.6,63.6,63.6,1
CCF,202603,2026-02-12 02:38:00,63.6,63.6,63.6,63.6,2
CCF,202603,2026-02-12 03:15:00,63.7,63.7,63.7,63.7,2
CCF,202603,2026-02-12 03:18:00,63.7,63.7,63.7,63.7,4
CCF,202603,2026-02-12 03:19:00,63.7,63.7,63.7,63.7,1
CCF,202603,2026-02-12 03:21:00,63.7,63.7,63.7,63.7,3
CCF,202603,2026-02-12 03:22:00,63.6,63.6,63.6,63.6,4
CCF,202603,2026-02-12 03:24:00,63.7,63.7,63.7,63.7,3
CCF,202603,2026-02-12 03:27:00,63.6,63.6,63.6,63.6,1
CCF,202603,2026-02-12 03:48:00,63.7,63.7,63.7,63.7,1
CCF,202603,2026-02-12 03:53:00,63.6,63.6,63.6,63.6,6
CCF,202603,2026-02-12 04:14:00,63.7,63.7,63.7,63.7,1
CCF,202603,2026-02-12 04:15:00,63.7,63.7,63.7,63.7,4
CCF,202603,2026-02-12 04:20:00,63.8,63.8,63.8,63.8,1
CCF,202603,2026-02-12 04:24:00,63.7,63.7,63.7,63.7,2
CCF,202603,2026-02-12 04:28:00,63.8,63.8,63.8,63.8,1
CCF,202603,2026-02-12 04:35:00,63.8,63.8,63.8,63.8,2
CCF,202603,2026-02-12 04:36:00,63.8,63.8,63.8,63.8,6
CCF,202603,2026-02-12 04:45:00,63.8,63.8,63.8,63.8,1
CCF,202603,2026-02-12 04:51:00,63.8,63.8,63.8,63.8,1
CCF,202603,2026-02-12 04:53:00,63.8,63.8,63.8,63.8,2
CCF,202603,2026-02-12 04:54:00,63.9,63.9,63.9,63.9,3
CCF,202603,2026-02-12 04:58:00,63.9,63.9,63.9,63.9,2
CCF,202603,2026-02-12 04:59:00,63.9,63.9,63.9,63.9,2
CCF,202603/202606,2026-02-11 17:25:00,0.11,0.11,0.11,0.11,40
CCF,202603/202606,2026-02-11 21:32:00,0.0,0.0,0.0,0.0,2
CCF,202606,2026-02-11 18:28:00,62.9,62.9,62.9,62.9,1
CCF,202606,2026-02-11 21:40:00,63.6,63.6,63.6,63.6,1
CCF,202606,2026-02-11 22:29:00,63.8,63.8,63.8,63.8,1
CCF,202606,2026-02-11 22:50:00,63.5,63.5,63.5,63.5,2
CDF,202602,2026-02-11 17:25:00,1915.0,1915.0,1910.0,1910.0,17
CDF,202602,2026-02-11 17:32:00,1910.0,1910.0,1910.0,1910.0,13
CDF,202602,2026-02-11 17:38:00,1910.0,1910.0,1910.0,1910.0,1
CDF,202602,2026-02-11 17:39:00,1905.0,1905.0,1905.0,1905.0,2
CDF,202602,2026-02-11 17:41:00,1905.0,1905.0,1905.0,1905.0,1
CDF,202602,2026-02-11 17:51:00,1905.0,1905.0,1905.0,1905.0,29
CDF,202602,2026-02-11 17:52:00,1905.0,1905.0,1905.0,1905.0,1
CDF,202602,2026-02-11 17:55:00,1910.0,1910.0,1910.0,1910.0,1
CDF,202602,2026-02-11 18:01:00,1905.0,1905.0,1905.0,1905.0,2
CDF,202602,2026-02-11 18:02:00,1905.0,1905.0,1905.0,1905.0,1
CDF,202602,2026-02-11 18:06:00,1910.0,1910.0,1910.0,1910.0,1
CDF,202602,2026-02-11 18:13:00,1910.0,1910.0,1910.0,1910.0,1
CDF,202602,2026-02-11 18:29:00,1910.0,1910.0,1910.0,1910.0,2
CDF,202602,2026-02-11 18:30:00,1910.0,1910.0,1910.0,1910.0,1
CDF,202602,2026-02-11 18:45:00,1910.0,1910.0,1910.0,1910.0,2
CDF,202602,2026-02-11 18:49:00,1910.0,1910.0,1910.0,1910.0,1
CDF,202602,2026-02-11 19:00:00,1910.0,1910.0,1910.0,1910.0,25
CDF,202602,2026-02-11 19:03:00,1910.0,1910.0,1910.0,1910.0,2
CDF,202602,2026-02-11 19:12:00,1915.0,1915.0,1915.0,1915.0,4
CDF,202602,2026-02-11 19:28:00,1915.0,1915.0,1915.0,1915.0,1
CDF,202602,2026-02-11 19:37:00,1915.0,1915.0,1915.0,1915.0,1
CDF,202602,2026-02-11 19:52:00,1910.0,1910.0,1910.0,1910.0,10
CDF,202602,2026-02-11 19:59:00,1910.0,1910.0,1910.0,1910.0,4
CDF,202602,2026-02-11 20:27:00,1915.0,1915.0,1915.0,1915.0,1
CDF,202602,2026-02-11 20:36:00,1910.0,1910.0,1910.0,1910.0,1
CDF,202602,2026-02-11 20:38:00,1915.0,1915.0,1915.0,1915.0,2
CDF,202602,2026-02-11 21:09:00,1915.0,1915.0,1915.0,1915.0,5
CDF,202602,2026-02-11 21:12:00,1915.0,1915.0,1915.0,1915.0,10
CDF,202602,2026-02-11 21:22:00,1915.0,1915.0,1915.0,1915.0,1
CDF,202602,2026-02-11 21:27:00,1915.0,1915.0,1915.0,1915.0,22
CDF,202602,2026-02-11 21:29:00,1915.0,1915.0,1910.0,1910.0,5
CDF,202602,2026-02-11 21:32:00,1915.0,1915.0,1915.0,1915.0,22
CDF,202602,2026-02-11 21:35:00,1915.0,1915.0,1915.0,1915.0,1
CDF,202602,2026-02-11 21:45:00,1915.0,1915.0,1915.0,1915.0,1
CDF,202602,2026-02-11 21:46:00,1920.0,1920.0,1920.0,1920.0,16
CDF,202602,2026-02-11 21:51:00,1920.0,1920.0,1920.0,1920.0,2
CDF,202602,2026-02-11 22:10:00,1920.0,1920.0,1920.0,1920.0,2
CDF,202602,2026-02-11 22:30:00,1925.0,1925.0,1925.0,1925.0,13
CDF,202602,2026-02-11 22:32:00,1925.0,1925.0,1925.0,1925.0,1
CDF,202602,2026-02-11 22:33:00,1925.0,1925.0,1925.0,1925.0,1
CDF,202602,2026-02-11 22:34:00,1925.0,1925.0,1925.0,1925.0,1
CDF,202602,2026-02-11 22:35:00,1930.0,1930.0,1930.0,1930.0,28
CDF,202602,2026-02-11 22:36:00,1930.0,1930.0,1930.0,1930.0,6
CDF,202602,2026-02-11 22:37:00,1930.0,1930.0,1930.0,1930.0,6
CDF,202602,2026-02-11 22:38:00,1930.0,1930.0,1930.0,1930.0,16
CDF,202602,2026-02-11 22:39:00,1930.0,1930.0,1930.0,1930.0,1
CDF,202602,2026-02-11 22:40:00,1930.0,1930.0,1930.0,1930.0,1
CDF,202602,2026-02-11 22:41:00,1930.0,1930.0,1930.0,1930.0,17
CDF,202602,2026-02-11 22:44:00,1935.0,1935.0,1935.0,1935.0,28
CDF,202602,2026-02-11 22:46:00,1940.0,1940.0,1940.0,1940.0,4
CDF,202602,2026-02-11 22:47:00,1940.0,1940.0,1940.0,1940.0,1
CDF,202602,2026-02-11 22:48:00,1940.0,1940.0,1940.0,1940.0,12
CDF,202602,2026-02-11 22:49:00,1945.0,1945.0,1945.0,1945.0,1
CDF,202602,2026-02-11 22:50:00,1940.0,1940.0,1940.0,1940.0,14
CDF,202602,2026-02-11 22:52:00,1940.0,1940.0,1940.0,1940.0,2
CDF,202602,2026-02-11 22:53:00,1940.0,1940.0,1940.0,1940.0,3
CDF,202602,2026-02-11 22:56:00,1940.0,1940.0,1940.0,1940.0,11
CDF,202602,2026-02-11 22:58:00,1935.0,1935.0,1935.0,1935.0,1
CDF,202602,2026-02-11 22:59:00,1935.0,1935.0,1935.0,1935.0,5
CDF,202602,2026-02-11 23:02:00,1935.0,1935.0,1935.0,1935.0,2
CDF,202602,2026-02-11 23:05:00,1935.0,1935.0,1935.0,1935.0,15
CDF,202602,2026-02-11 23:06:00,1935.0,1935.0,1935.0,1935.0,4
CDF,202602,2026-02-11 23:09:00,1935.0,1935.0,1935.0,1935.0,4
CDF,202602,2026-02-11 23:10:00,1935.0,1935.0,1930.0,1930.0,3
CDF,202602,2026-02-11 23:11:00,1930.0,1930.0,1930.0,1930.0,13
CDF,202602,2026-02-11 23:12:00,1925.0,1925.0,1925.0,1925.0,2
CDF,202602,2026-02-11 23:13:00,1925.0,1925.0,1925.0,1925.0,15
CDF,202602,2026-02-11 23:14:00,1925.0,1925.0,1925.0,1925.0,22
CDF,202602,2026-02-11 23:15:00,1930.0,1930.0,1930.0,1930.0,1
CDF,202602,2026-02-11 23:16:00,1925.0,1925.0,1925.0,1925.0,1
CDF,202602,2026-02-11 23:17:00,1925.0,1925.0,1925.0,1925.0,16
CDF,202602,2026-02-11 23:18:00,1925.0,1925.0,1925.0,1925.0,14
CDF,202602,2026-02-11 23:19:00,1925.0,1925.0,1925.0,1925.0,11
CDF,202602,2026-02-11 23:20:00,1920.0,1920.0,1920.0,1920.0,21
CDF,202602,2026-02-11 23:21:00,1920.0,1920.0,1920.0,1920.0,7
CDF,202602,2026-02-11 23:23:00,1920.0,1920.0,1920.0,1920.0,2
CDF,202602,2026-02-11 23:25:00,1915.0,1915.0,1915.0,1915.0,3
CDF,202602,2026-02-11 23:26:00,1915.0,1915.0,1915.0,1915.0,33
CDF,202602,2026-02-11 23:27:00,1915.0,1915.0,1915.0,1915.0,1
CDF,202602,2026-02-11 23:28:00,1915.0,1915.0,1915.0,1915.0,4
CDF,202602,2026-02-11 23:31:00,1920.0,1920.0,1920.0,1920.0,12
CDF,202602,2026-02-11 23:32:00,1920.0,1920.0,1920.0,1920.0,3
CDF,202602,2026-02-11 23:33:00,1920.0,1920.0,1920.0,1920.0,1
CDF,202602,2026-02-11 23:36:00,1925.0,1925.0,1925.0,1925.0,39
CDF,202602,2026-02-11 23:39:00,1925.0,1925.0,1925.0,1925.0,2
CDF,202602,2026-02-11 23:40:00,1925.0,1925.0,1925.0,1925.0,10
CDF,202602,2026-02-11 23:42:00,1925.0,1925.0,1925.0,1925.0,1
CDF,202602,2026-02-11 23:43:00,1925.0,1925.0,1925.0,1925.0,5
CDF,202602,2026-02-11 23:44:00,1925.0,1925.0,1925.0,1925.0,3
CDF,202602,2026-02-11 23:46:00,1925.0,1925.0,1925.0,1925.0,1
CDF,202602,2026-02-11 23:47:00,1925.0,1925.0,1925.0,1925.0,1
CDF,202602,2026-02-11 23:52:00,1925.0,1925.0,1925.0,1925.0,5
CDF,202602,2026-02-11 23:54:00,1925.0,1925.0,1925.0,1925.0,2
CDF,202602,2026-02-12 00:04:00,1925.0,1925.0,1925.0,1925.0,1
CDF,202602,2026-02-12 00:10:00,1925.0,1925.0,1925.0,1925.0,2
CDF,202602,2026-02-12 00:19:00,1930.0,1930.0,1930.0,1930.0,4
CDF,202602,2026-02-12 00:26:00,1930.0,1930.0,1930.0,1930.0,2
CDF,202602,2026-02-12 00:27:00,1930.0,1930.0,1930.0,1930.0,1
CDF,202602,2026-02-12 00:29:00,1930.0,1930.0,1930.0,1930.0,1
CDF,202602,2026-02-12 00:30:00,1930.0,1930.0,1930.0,1930.0,3
CDF,202602,2026-02-12 00:31:00,1930.0,1930.0,1930.0,1930.0,2
CDF,202602,2026-02-12 00:36:00,1925.0,1925.0,1925.0,1925.0,1
CDF,202602,2026-02-12 00:37:00,1925.0,1925.0,1925.0,1925.0,5
CDF,202602,2026-02-12 00:56:00,1925.0,1925.0,1925.0,1925.0,1
CDF,202602,2026-02-12 00:59:00,1925.0,1925.0,1925.0,1925.0,1
CDF,202602,2026-02-12 01:01:00,1925.0,1925.0,1925.0,1925.0,9
CDF,202602,2026-02-12 01:05:00,1925.0,1925.0,1925.0,1925.0,2
CDF,202602,2026-02-12 01:06:00,1925.0,1925.0,1925.0,1925.0,5
CDF,202602,2026-02-12 01:07:00,1925.0,1925.0,1925.0,1925.0,1
CDF,202602,2026-02-12 01:08:00,1925.0,1925.0,1925.0,1925.0,1
CDF,202602,2026-02-12 01:23:00,1930.0,1930.0,1930.0,1930.0,9
CDF,202602,2026-02-12 01:24:00,1930.0,1930.0,1930.0,1930.0,1
CDF,202602,2026-02-12 01:25:00,1935.0,1935.0,1935.0,1935.0,34
CDF,202602,2026-02-12 01:39:00,1930.0,1930.0,1930.0,1930.0,1
CDF,202602,2026-02-12 01:43:00,1935.0,1935.0,1935.0,1935.0,12
CDF,202602,2026-02-12 01:45:00,1935.0,1935.0,1935.0,1935.0,5
CDF,202602,2026-02-12 01:50:00,1930.0,1930.0,1930.0,1930.0,1
CDF,202602,2026-02-12 02:03:00,1935.0,1935.0,1935.0,1935.0,2
CDF,202602,2026-02-12 02:05:00,1935.0,1935.0,1935.0,1935.0,1
CDF,202602,2026-02-12 02:10:00,1935.0,1935.0,1935.0,1935.0,7
CDF,202602,2026-02-12 02:20:00,1935.0,1935.0,1935.0,1935.0,1
CDF,202602,2026-02-12 02:21:00,1930.0,1930.0,1930.0,1930.0,16
CDF,202602,2026-02-12 02:37:00,1930.0,1930.0,1930.0,1930.0,12
CDF,202602,2026-02-12 03:00:00,1935.0,1935.0,1935.0,1935.0,2
CDF,202602,2026-02-12 03:18:00,1935.0,1935.0,1935.0,1935.0,1
CDF,202602,2026-02-12 03:25:00,1935.0,1935.0,1935.0,1935.0,1
CDF,202602,2026-02-12 03:34:00,1935.0,1935.0,1935.0,1935.0,1
CDF,202602,2026-02-12 04:08:00,1930.0,1930.0,1930.0,1930.0,17
CDF,202602,2026-02-12 04:09:00,1930.0,1930.0,1930.0,1930.0,1
CDF,202602,2026-02-12 04:23:00,1930.0,1930.0,1930.0,1930.0,1
CDF,202602,2026-02-12 04:30:00,1930.0,1930.0,1925.0,1925.0,4
CDF,202602,2026-02-12 04:35:00,1930.0,1930.0,1930.0,1930.0,1
CDF,202602,2026-02-12 04:37:00,1930.0,1930.0,1930.0,1930.0,8
CDF,202602,2026-02-12 04:44:00,1935.0,1935.0,1935.0,1935.0,1
CDF,202602,2026-02-12 04:45:00,1935.0,1935.0,1935.0,1935.0,1
CDF,202602,2026-02-12 04:46:00,1935.0,1935.0,1935.0,1935.0,1
CDF,202602,2026-02-12 04:47:00,1935.0,1935.0,1935.0,1935.0,1
CDF,202602,2026-02-12 04:48:00,1935.0,1935.0,1935.0,1935.0,1
CDF,202602,2026-02-12 04:53:00,1930.0,1930.0,1930.0,1930.0,1
CDF,202602,2026-02-12 04:54:00,1935.0,1935.0,1935.0,1935.0,1
CDF,202602,2026-02-12 04:55:00,1930.0,1930.0,1930.0,1930.0,2
CDF,202602,2026-02-12 04:56:00,1930.0,1935.0,1930.0,1935.0,2
CDF,202602,2026-02-12 04:58:00,1935.0,1935.0,1935.0,1935.0,2
CDF,202602,2026-02-12 04:59:00,1935.0,1935.0,1935.0,1935.0,1
CDF,202602/202603,2026-02-11 17:25:00,8.21,8.21,8.21,8.21,8
CDF,202602/202603,2026-02-11 17:26:00,8.21,8.21,8.21,8.21,2
CDF,202602/202603,2026-02-11 17:27:00,8.21,8.21,8.21,8.21,4
CDF,202602/202603,2026-02-11 17:33:00,8.51,8.51,8.5,8.5,12
CDF,202602/202603,2026-02-11 17:34:00,8.39,8.39,8.29,8.29,20
CDF,202602/202603,2026-02-11 17:43:00,8.2,8.2,8.09,8.09,30
CDF,202602/202603,2026-02-11 17:44:00,8.0,8.0,8.0,8.0,10
CDF,202602/202603,2026-02-11 17:45:00,8.0,8.0,8.0,8.0,2
CDF,202602/202603,2026-02-11 17:46:00,7.87,7.87,7.87,7.87,4
CDF,202602/202603,2026-02-11 17:51:00,8.01,8.01,8.01,8.01,4
CDF,202602/202603,2026-02-11 17:52:00,8.05,8.05,8.0,8.0,8
CDF,202602/202603,2026-02-11 17:55:00,7.95,7.95,7.95,7.95,4
CDF,202602/202603,2026-02-11 17:56:00,7.97,7.97,7.97,7.97,4
CDF,202602/202603,2026-02-11 18:04:00,7.91,7.91,7.91,7.91,4
CDF,202602/202603,2026-02-11 18:09:00,7.93,7.93,7.93,7.93,10
CDF,202602/202603,2026-02-11 18:23:00,7.92,7.92,7.92,7.92,18
CDF,202602/202603,2026-02-11 18:24:00,7.91,7.91,7.91,7.91,4
CDF,202602/202603,2026-02-11 18:35:00,7.86,7.86,7.86,7.86,2
CDF,202602/202603,2026-02-11 18:44:00,7.85,7.85,7.79,7.79,26
CDF,202602/202603,2026-02-11 18:52:00,7.78,7.78,7.78,7.78,4
CDF,202602/202603,2026-02-11 19:14:00,7.65,7.65,7.65,7.65,4
CDF,202602/202603,2026-02-11 19:25:00,7.65,7.65,7.65,7.65,2
CDF,202602/202603,2026-02-11 19:27:00,7.64,7.64,7.64,7.64,12
CDF,202602/202603,2026-02-11 19:46:00,7.55,7.55,7.55,7.55,2
CDF,202602/202603,2026-02-11 19:52:00,7.55,7.55,7.55,7.55,2
CDF,202602/202603,2026-02-11 20:02:00,7.56,7.56,7.56,7.56,2
CDF,202602/202603,2026-02-11 20:06:00,7.56,7.56,7.56,7.56,4
CDF,202602/202603,2026-02-11 20:32:00,7.56,7.56,7.56,7.56,2
CDF,202602/202603,2026-02-11 20:48:00,7.55,7.55,7.5,7.5,32
CDF,202602/202603,2026-02-11 21:56:00,7.43,7.43,7.4,7.4,8
CDF,202602/202603,2026-02-11 22:01:00,7.31,7.31,7.18,7.18,20
CDF,202602/202603,2026-02-11 22:03:00,7.18,7.18,7.18,7.18,2
CDF,202602/202603,2026-02-11 22:10:00,7.17,7.23,7.17,7.23,20
CDF,202602/202603,2026-02-11 22:11:00,7.31,7.31,7.31,7.31,2
CDF,202602/202603,2026-02-11 22:15:00,7.3,7.3,7.3,7.3,100
CDF,202602/202603,2026-02-11 22:39:00,7.55,7.55,7.55,7.55,2
CDF,202602/202603,2026-02-11 22:40:00,7.36,7.36,7.34,7.34,6
CDF,202602/202603,2026-02-11 22:41:00,7.55,7.56,7.55,7.56,12
CDF,202602/202603,2026-02-11 22:42:00,7.69,7.69,7.69,7.69,8
CDF,202602/202603,2026-02-11 22:51:00,7.67,7.78,7.67,7.78,66
CDF,202602/202603,2026-02-11 22:52:00,7.9,7.9,7.9,7.9,2
CDF,202602/202603,2026-02-11 22:54:00,7.89,7.93,7.89,7.93,26
CDF,202602/202603,2026-02-11 22:55:00,8.05,8.05,8.05,8.05,4
CDF,202602/202603,2026-02-11 22:58:00,7.92,7.92,7.91,7.91,8
CDF,202602/202603,2026-02-11 22:59:00,7.91,7.93,7.91,7.91,6
CDF,202602/202603,2026-02-11 23:10:00,8.07,8.07,7.94,7.94,4
CDF,202602/202603,2026-02-11 23:11:00,8.17,8.19,8.17,8.19,8
CDF,202602/202603,2026-02-11 23:12:00,8.28,8.38,8.28,8.38,28
CDF,202602/202603,2026-02-11 23:13:00,8.5,9.0,8.5,9.0,34
CDF,202602/202603,2026-02-11 23:14:00,8.99,9.04,8.94,8.94,14
CDF,202602/202603,2026-02-11 23:16:00,8.92,8.92,8.89,8.89,4
CDF,202602/202603,2026-02-11 23:18:00,9.46,9.46,9.46,9.46,2
CDF,202602/202603,2026-02-11 23:20:00,9.02,9.02,8.94,8.94,8
CDF,202602/202603,2026-02-11 23:21:00,9.37,9.6,9.37,9.6,58
CDF,202602/202603,2026-02-11 23:22:00,10.01,10.01,10.0,10.0,22
CDF,202602/202603,2026-02-11 23:24:00,9.73,9.73,9.72,9.72,6
CDF,202602/202603,2026-02-11 23:25:00,10.0,10.0,10.0,10.0,2
CDF,202602/202603,2026-02-11 23:26:00,9.99,9.99,9.99,9.99,16
CDF,202602/202603,2026-02-11 23:27:00,9.99,9.99,9.99,9.99,4
CDF,202602/202603,2026-02-11 23:28:00,9.99,9.99,9.99,9.99,2
CDF,202602/202603,2026-02-11 23:29:00,9.99,9.99,9.99,9.99,2
CDF,202602/202603,2026-02-11 23:31:00,9.99,9.99,9.99,9.99,36
CDF,202602/202603,2026-02-11 23:32:00,10.01,10.1,10.01,10.1,24
CDF,202602/202603,2026-02-11 23:36:00,10.5,10.93,10.5,10.93,10
CDF,202602/202603,2026-02-11 23:52:00,10.95,11.0,10.95,11.0,8
CDF,202602/202603,2026-02-11 23:54:00,11.05,11.1,11.05,11.1,8
CDF,202602/202603,2026-02-12 00:01:00,11.69,11.69,11.69,11.69,2
CDF,202602/202603,2026-02-12 00:04:00,11.6,11.6,11.6,11.6,20
CDF,202602/202603,2026-02-12 00:05:00,11.9,11.9,11.9,11.9,40
CDF,202602/202603,2026-02-12 00:17:00,11.9,11.9,11.9,11.9,40
CDF,202602/202603,2026-02-12 00:32:00,11.8,11.8,11.8,11.8,2
CDF,202602/202603,2026-02-12 00:39:00,11.98,11.98,11.98,11.98,4
CDF,202602/202603,2026-02-12 00:40:00,11.98,11.98,11.98,11.98,10
CDF,202602/202603,2026-02-12 00:42:00,11.81,11.81,11.81,11.81,4
CDF,202602/202603,2026-02-12 00:43:00,11.91,11.99,11.91,11.99,6
CDF,202602/202603,2026-02-12 01:00:00,11.99,12.0,11.99,12.0,10
CDF,202602/202603,2026-02-12 01:11:00,12.1,12.1,12.1,12.1,2
CDF,202602/202603,2026-02-12 01:24:00,12.45,12.45,12.45,12.45,30
CDF,202602/202603,2026-02-12 01:25:00,13.09,13.09,13.09,13.09,6
CDF,202602/202603,2026-02-12 01:29:00,11.61,11.61,11.61,11.61,4
CDF,202602/202603,2026-02-12 02:16:00,11.27,11.27,11.27,11.27,2
CDF,202602/202603,2026-02-12 02:17:00,11.27,11.27,11.27,11.27,2
CDF,202602/202603,2026-02-12 04:15:00,11.5,11.5,11.5,11.5,2
CDF,202602/202603,2026-02-12 04:16:00,12.2,12.2,12.2,12.2,2
CDF,202602/202603,2026-02-12 04:45:00,12.19,12.2,12.19,12.2,4
CDF,202602/202603,2026-02-12 04:57:00,12.1,12.1,12.1,12.1,2
CDF,202602/202603,2026-02-12 04:59:00,11.05,11.05,11.05,11.05,4
CDF,202602/202609,2026-02-11 18:27:00,35.17,35.17,35.17,35.17,10
CDF,202602/202609,2026-02-11 20:47:00,35.01,35.01,35.01,35.01,2
CDF,202602/202609,2026-02-11 21:41:00,35.01,35.01,35.01,35.01,2
CDF,202603,2026-02-11 17:25:00,1920.0,1920.0,1920.0,1920.0,14
CDF,202603,2026-02-11 17:26:00,1920.0,1920.0,1920.0,1920.0,3
CDF,202603,2026-02-11 17:28:00,1920.0,1920.0,1920.0,1920.0,1
CDF,202603,2026-02-11 17:31:00,1920.0,1920.0,1920.0,1920.0,3
CDF,202603,2026-02-11 17:32:00,1920.0,1920.0,1920.0,1920.0,2
CDF,202603,2026-02-11 17:38:00,1920.0,1920.0,1920.0,1920.0,1
CDF,202603,2026-02-11 17:39:00,1915.0,1915.0,1915.0,1915.0,2
CDF,202603,2026-02-11 17:41:00,1915.0,1915.0,1915.0,1915.0,2
CDF,202603,2026-02-11 17:50:00,1915.0,1915.0,1915.0,1915.0,7
CDF,202603,2026-02-11 17:51:00,1915.0,1915.0,1915.0,1915.0,4
CDF,202603,2026-02-11 17:54:00,1915.0,1915.0,1915.0,1915.0,4
CDF,202603,2026-02-11 17:55:00,1915.0,1915.0,1915.0,1915.0,1
CDF,202603,2026-02-11 17:59:00,1915.0,1915.0,1915.0,1915.0,1
CDF,202603,2026-02-11 18:00:00,1915.0,1915.0,1915.0,1915.0,1
CDF,202603,2026-02-11 18:02:00,1915.0,1915.0,1915.0,1915.0,1
CDF,202603,2026-02-11 18:06:00,1915.0,1915.0,1915.0,1915.0,1
CDF,202603,2026-02-11 18:19:00,1915.0,1915.0,1915.0,1915.0,2
CDF,202603,2026-02-11 18:52:00,1915.0,1915.0,1915.0,1915.0,2
CDF,202603,2026-02-11 18:54:00,1915.0,1915.0,1915.0,1915.0,1
CDF,202603,2026-02-11 18:58:00,1915.0,1915.0,1915.0,1915.0,10
CDF,202603,2026-02-11 19:07:00,1920.0,1920.0,1920.0,1920.0,10
CDF,202603,2026-02-11 19:09:00,1920.0,1920.0,1920.0,1920.0,2
CDF,202603,2026-02-11 19:12:00,1920.0,1920.0,1920.0,1920.0,4
CDF,202603,2026-02-11 19:14:00,1920.0,1920.0,1920.0,1920.0,6
CDF,202603,2026-02-11 19:42:00,1920.0,1920.0,1920.0,1920.0,1
CDF,202603,2026-02-11 19:46:00,1920.0,1920.0,1920.0,1920.0,1
CDF,202603,2026-02-11 19:52:00,1920.0,1920.0,1920.0,1920.0,5
CDF,202603,2026-02-11 19:53:00,1920.0,1920.0,1920.0,1920.0,1
CDF,202603,2026-02-11 20:02:00,1920.0,1920.0,1920.0,1920.0,2
CDF,202603,2026-02-11 20:09:00,1920.0,1920.0,1920.0,1920.0,1
CDF,202603,2026-02-11 20:27:00,1925.0,1925.0,1925.0,1925.0,1
CDF,202603,2026-02-11 20:36:00,1920.0,1920.0,1920.0,1920.0,1
CDF,202603,2026-02-11 20:38:00,1925.0,1925.0,1925.0,1925.0,2
CDF,202603,2026-02-11 20:51:00,1920.0,1920.0,1920.0,1920.0,1
CDF,202603,2026-02-11 21:00:00,1920.0,1920.0,1920.0,1920.0,1
CDF,202603,2026-02-11 21:12:00,1925.0,1925.0,1925.0,1925.0,10
CDF,202603,2026-02-11 21:27:00,1925.0,1925.0,1925.0,1925.0,22
CDF,202603,2026-02-11 21:29:00,1920.0,1920.0,1920.0,1920.0,4
CDF,202603,2026-02-11 21:30:00,1920.0,1920.0,1920.0,1920.0,1
CDF,202603,2026-02-11 21:33:00,1925.0,1925.0,1925.0,1925.0,17
CDF,202603,2026-02-11 21:34:00,1925.0,1925.0,1925.0,1925.0,5
CDF,202603,2026-02-11 21:35:00,1925.0,1925.0,1925.0,1925.0,1
CDF,202603,2026-02-11 21:45:00,1925.0,1925.0,1925.0,1925.0,1
CDF,202603,2026-02-11 21:46:00,1930.0,1930.0,1930.0,1930.0,2
CDF,202603,2026-02-11 21:48:00,1930.0,1930.0,1930.0,1930.0,1
CDF,202603,2026-02-11 21:49:00,1930.0,1930.0,1930.0,1930.0,5
CDF,202603,2026-02-11 21:51:00,1930.0,1930.0,1930.0,1930.0,2
CDF,202603,2026-02-11 21:53:00,1930.0,1930.0,1930.0,1930.0,6
CDF,202603,2026-02-11 21:54:00,1930.0,1930.0,1930.0,1930.0,4
CDF,202603,2026-02-11 21:55:00,1930.0,1930.0,1930.0,1930.0,4
CDF,202603,2026-02-11 21:56:00,1930.0,1930.0,1930.0,1930.0,11
CDF,202603,2026-02-11 21:57:00,1930.0,1930.0,1930.0,1930.0,2
CDF,202603,2026-02-11 22:00:00,1930.0,1930.0,1930.0,1930.0,4
CDF,202603,2026-02-11 22:02:00,1930.0,1930.0,1930.0,1930.0,2
CDF,202603,2026-02-11 22:03:00,1930.0,1930.0,1930.0,1930.0,6
CDF,202603,2026-02-11 22:05:00,1930.0,1930.0,1930.0,1930.0,2
CDF,202603,2026-02-11 22:09:00,1930.0,1930.0,1930.0,1930.0,1
CDF,202603,2026-02-11 22:10:00,1930.0,1930.0,1930.0,1930.0,1
CDF,202603,2026-02-11 22:18:00,1930.0,1930.0,1930.0,1930.0,1
CDF,202603,2026-02-11 22:21:00,1930.0,1930.0,1930.0,1930.0,1
CDF,202603,2026-02-11 22:24:00,1930.0,1930.0,1930.0,1930.0,2
CDF,202603,2026-02-11 22:25:00,1930.0,1930.0,1930.0,1930.0,4
CDF,202603,2026-02-11 22:27:00,1930.0,1930.0,1930.0,1930.0,1
CDF,202603,2026-02-11 22:30:00,1935.0,1935.0,1935.0,1935.0,2
CDF,202603,2026-02-11 22:31:00,1935.0,1935.0,1935.0,1935.0,5
CDF,202603,2026-02-11 22:32:00,1935.0,1935.0,1935.0,1935.0,33
CDF,202603,2026-02-11 22:33:00,1935.0,1935.0,1935.0,1935.0,5
CDF,202603,2026-02-11 22:34:00,1935.0,1935.0,1935.0,1935.0,5
CDF,202603,2026-02-11 22:35:00,1935.0,1940.0,1935.0,1940.0,9
CDF,202603,2026-02-11 22:36:00,1940.0,1940.0,1940.0,1940.0,14
CDF,202603,2026-02-11 22:39:00,1940.0,1940.0,1940.0,1940.0,1
CDF,202603,2026-02-11 22:40:00,1940.0,1940.0,1935.0,1935.0,21
CDF,202603,2026-02-11 22:41:00,1940.0,1940.0,1940.0,1940.0,33
CDF,202603,2026-02-11 22:42:00,1940.0,1940.0,1940.0,1940.0,13
CDF,202603,2026-02-11 22:45:00,1945.0,1945.0,1945.0,1945.0,12
CDF,202603,2026-02-11 22:46:00,1945.0,1950.0,1945.0,1945.0,47
CDF,202603,2026-02-11 22:47:00,1945.0,1945.0,1945.0,1945.0,2
CDF,202603,2026-02-11 22:48:00,1945.0,1950.0,1945.0,1950.0,14
CDF,202603,2026-02-11 22:49:00,1950.0,1950.0,1950.0,1950.0,45
CDF,202603,2026-02-11 22:50:00,1950.0,1950.0,1945.0,1950.0,22
CDF,202603,2026-02-11 22:51:00,1950.0,1950.0,1950.0,1950.0,2
CDF,202603,2026-02-11 22:52:00,1950.0,1950.0,1950.0,1950.0,1
CDF,202603,2026-02-11 22:54:00,1950.0,1950.0,1950.0,1950.0,1
CDF,202603,2026-02-11 22:55:00,1950.0,1950.0,1950.0,1950.0,15
CDF,202603,2026-02-11 22:56:00,1950.0,1950.0,1950.0,1950.0,1
CDF,202603,2026-02-11 22:58:00,1945.0,1945.0,1945.0,1945.0,27
CDF,202603,2026-02-11 22:59:00,1945.0,1945.0,1940.0,1940.0,6
CDF,202603,2026-02-11 23:02:00,1945.0,1945.0,1945.0,1945.0,3
CDF,202603,2026-02-11 23:03:00,1945.0,1945.0,1945.0,1945.0,3
CDF,202603,2026-02-11 23:04:00,1945.0,1945.0,1945.0,1945.0,4
CDF,202603,2026-02-11 23:06:00,1945.0,1945.0,1945.0,1945.0,1
CDF,202603,2026-02-11 23:07:00,1940.0,1940.0,1940.0,1940.0,3
CDF,202603,2026-02-11 23:09:00,1940.0,1940.0,1940.0,1940.0,4
CDF,202603,2026-02-11 23:10:00,1940.0,1940.0,1940.0,1940.0,22
CDF,202603,2026-02-11 23:11:00,1940.0,1940.0,1940.0,1940.0,2
CDF,202603,2026-02-11 23:12:00,1935.0,1935.0,1935.0,1935.0,42
CDF,202603,2026-02-11 23:13:00,1935.0,1935.0,1935.0,1935.0,42
CDF,202603,2026-02-11 23:14:00,1935.0,1935.0,1935.0,1935.0,30
CDF,202603,2026-02-11 23:15:00,1940.0,1940.0,1940.0,1940.0,1
CDF,202603,2026-02-11 23:16:00,1935.0,1935.0,1935.0,1935.0,7
CDF,202603,2026-02-11 23:17:00,1935.0,1935.0,1935.0,1935.0,1
CDF,202603,2026-02-11 23:18:00,1935.0,1935.0,1935.0,1935.0,16
CDF,202603,2026-02-11 23:19:00,1930.0,1930.0,1930.0,1930.0,7
CDF,202603,2026-02-11 23:20:00,1930.0,1930.0,1930.0,1930.0,64
CDF,202603,2026-02-11 23:21:00,1930.0,1930.0,1930.0,1930.0,14
CDF,202603,2026-02-11 23:23:00,1930.0,1930.0,1930.0,1930.0,4
CDF,202603,2026-02-11 23:24:00,1930.0,1930.0,1925.0,1925.0,31
CDF,202603,2026-02-11 23:25:00,1925.0,1925.0,1925.0,1925.0,2
CDF,202603,2026-02-11 23:26:00,1925.0,1925.0,1925.0,1925.0,20
CDF,202603,2026-02-11 23:27:00,1925.0,1925.0,1925.0,1925.0,1
CDF,202603,2026-02-11 23:31:00,1930.0,1930.0,1930.0,1930.0,5
CDF,202603,2026-02-11 23:36:00,1935.0,1935.0,1935.0,1935.0,14
CDF,202603,2026-02-11 23:37:00,1935.0,1935.0,1935.0,1935.0,5
CDF,202603,2026-02-11 23:38:00,1935.0,1935.0,1935.0,1935.0,13
CDF,202603,2026-02-11 23:39:00,1935.0,1935.0,1935.0,1935.0,2
CDF,202603,2026-02-11 23:41:00,1940.0,1940.0,1940.0,1940.0,2
CDF,202603,2026-02-11 23:42:00,1940.0,1940.0,1940.0,1940.0,1
CDF,202603,2026-02-11 23:43:00,1935.0,1935.0,1935.0,1935.0,4
CDF,202603,2026-02-11 23:46:00,1935.0,1935.0,1935.0,1935.0,2
CDF,202603,2026-02-11 23:47:00,1935.0,1935.0,1935.0,1935.0,2
CDF,202603,2026-02-11 23:51:00,1935.0,1935.0,1935.0,1935.0,1
CDF,202603,2026-02-11 23:52:00,1935.0,1935.0,1935.0,1935.0,4
CDF,202603,2026-02-11 23:53:00,1940.0,1940.0,1940.0,1940.0,1
CDF,202603,2026-02-11 23:54:00,1940.0,1940.0,1940.0,1940.0,21
CDF,202603,2026-02-11 23:58:00,1940.0,1940.0,1940.0,1940.0,3
CDF,202603,2026-02-12 00:00:00,1940.0,1940.0,1940.0,1940.0,3
CDF,202603,2026-02-12 00:03:00,1940.0,1940.0,1940.0,1940.0,2
CDF,202603,2026-02-12 00:05:00,1940.0,1940.0,1940.0,1940.0,5
CDF,202603,2026-02-12 00:06:00,1940.0,1940.0,1940.0,1940.0,1
CDF,202603,2026-02-12 00:07:00,1940.0,1940.0,1940.0,1940.0,2
CDF,202603,2026-02-12 00:27:00,1940.0,1940.0,1940.0,1940.0,5
CDF,202603,2026-02-12 00:29:00,1940.0,1940.0,1940.0,1940.0,1
CDF,202603,2026-02-12 00:30:00,1940.0,1940.0,1940.0,1940.0,2
CDF,202603,2026-02-12 00:31:00,1940.0,1940.0,1940.0,1940.0,7
CDF,202603,2026-02-12 00:32:00,1940.0,1940.0,1940.0,1940.0,8
CDF,202603,2026-02-12 00:33:00,1940.0,1940.0,1940.0,1940.0,6
CDF,202603,2026-02-12 00:34:00,1940.0,1940.0,1940.0,1940.0,1
CDF,202603,2026-02-12 00:36:00,1935.0,1935.0,1935.0,1935.0,1
CDF,202603,2026-02-12 00:40:00,1940.0,1940.0,1940.0,1940.0,10
CDF,202603,2026-02-12 00:41:00,1940.0,1940.0,1940.0,1940.0,6
CDF,202603,2026-02-12 00:44:00,1940.0,1940.0,1940.0,1940.0,1
CDF,202603,2026-02-12 00:46:00,1940.0,1940.0,1940.0,1940.0,1
CDF,202603,2026-02-12 00:47:00,1940.0,1940.0,1940.0,1940.0,8
CDF,202603,2026-02-12 00:48:00,1940.0,1940.0,1940.0,1940.0,5
CDF,202603,2026-02-12 00:51:00,1940.0,1940.0,1940.0,1940.0,4
CDF,202603,2026-02-12 00:52:00,1940.0,1940.0,1940.0,1940.0,3
CDF,202603,2026-02-12 01:00:00,1940.0,1940.0,1940.0,1940.0,28
CDF,202603,2026-02-12 01:02:00,1935.0,1935.0,1935.0,1935.0,31
CDF,202603,2026-02-12 01:07:00,1935.0,1935.0,1935.0,1935.0,3
CDF,202603,2026-02-12 01:09:00,1940.0,1940.0,1940.0,1940.0,1
CDF,202603,2026-02-12 01:10:00,1940.0,1940.0,1940.0,1940.0,1
CDF,202603,2026-02-12 01:16:00,1940.0,1940.0,1940.0,1940.0,11
CDF,202603,2026-02-12 01:20:00,1940.0,1940.0,1940.0,1940.0,6
CDF,202603,2026-02-12 01:23:00,1945.0,1945.0,1945.0,1945.0,9
CDF,202603,2026-02-12 01:25:00,1945.0,1945.0,1945.0,1945.0,25
CDF,202603,2026-02-12 01:26:00,1945.0,1945.0,1945.0,1945.0,7
CDF,202603,2026-02-12 01:27:00,1945.0,1945.0,1945.0,1945.0,6
CDF,202603,2026-02-12 01:29:00,1945.0,1945.0,1945.0,1945.0,5
CDF,202603,2026-02-12 01:30:00,1945.0,1945.0,1945.0,1945.0,3
CDF,202603,2026-02-12 01:31:00,1945.0,1945.0,1945.0,1945.0,1
CDF,202603,2026-02-12 01:32:00,1945.0,1945.0,1945.0,1945.0,3
CDF,202603,2026-02-12 01:36:00,1945.0,1945.0,1945.0,1945.0,1
CDF,202603,2026-02-12 01:39:00,1945.0,1945.0,1940.0,1940.0,2
CDF,202603,2026-02-12 01:40:00,1945.0,1945.0,1945.0,1945.0,1
CDF,202603,2026-02-12 01:43:00,1945.0,1945.0,1945.0,1945.0,3
CDF,202603,2026-02-12 01:50:00,1945.0,1945.0,1945.0,1945.0,1
CDF,202603,2026-02-12 02:06:00,1950.0,1950.0,1950.0,1950.0,1
CDF,202603,2026-02-12 02:09:00,1950.0,1950.0,1950.0,1950.0,1
CDF,202603,2026-02-12 02:10:00,1945.0,1945.0,1945.0,1945.0,1
CDF,202603,2026-02-12 02:12:00,1945.0,1945.0,1945.0,1945.0,1
CDF,202603,2026-02-12 02:13:00,1945.0,1945.0,1945.0,1945.0,16
CDF,202603,2026-02-12 02:15:00,1945.0,1945.0,1945.0,1945.0,2
CDF,202603,2026-02-12 02:16:00,1945.0,1945.0,1945.0,1945.0,1
CDF,202603,2026-02-12 02:17:00,1945.0,1945.0,1945.0,1945.0,2
CDF,202603,2026-02-12 02:18:00,1945.0,1945.0,1945.0,1945.0,1
CDF,202603,2026-02-12 02:20:00,1945.0,1945.0,1945.0,1945.0,1
CDF,202603,2026-02-12 02:33:00,1945.0,1945.0,1945.0,1945.0,1
CDF,202603,2026-02-12 02:39:00,1945.0,1945.0,1945.0,1945.0,1
CDF,202603,2026-02-12 02:50:00,1945.0,1945.0,1945.0,1945.0,1
CDF,202603,2026-02-12 02:53:00,1945.0,1945.0,1945.0,1945.0,1
CDF,202603,2026-02-12 02:56:00,1945.0,1945.0,1945.0,1945.0,1
CDF,202603,2026-02-12 03:00:00,1945.0,1945.0,1945.0,1945.0,11
CDF,202603,2026-02-12 03:01:00,1945.0,1945.0,1945.0,1945.0,1
CDF,202603,2026-02-12 03:05:00,1945.0,1945.0,1945.0,1945.0,1
CDF,202603,2026-02-12 03:08:00,1945.0,1945.0,1945.0,1945.0,1
CDF,202603,2026-02-12 03:17:00,1945.0,1945.0,1945.0,1945.0,3
CDF,202603,2026-02-12 03:18:00,1945.0,1945.0,1945.0,1945.0,2
CDF,202603,2026-02-12 03:21:00,1945.0,1945.0,1945.0,1945.0,1
CDF,202603,2026-02-12 03:22:00,1945.0,1945.0,1945.0,1945.0,1
CDF,202603,2026-02-12 03:34:00,1950.0,1950.0,1950.0,1950.0,1
CDF,202603,2026-02-12 03:46:00,1945.0,1945.0,1945.0,1945.0,1
CDF,202603,2026-02-12 03:48:00,1945.0,1945.0,1945.0,1945.0,1
CDF,202603,2026-02-12 03:55:00,1945.0,1945.0,1945.0,1945.0,1
CDF,202603,2026-02-12 03:56:00,1945.0,1945.0,1945.0,1945.0,1
CDF,202603,2026-02-12 03:59:00,1945.0,1945.0,1945.0,1945.0,11
CDF,202603,2026-02-12 04:01:00,1945.0,1945.0,1945.0,1945.0,1
CDF,202603,2026-02-12 04:02:00,1945.0,1945.0,1945.0,1945.0,1
CDF,202603,2026-02-12 04:05:00,1945.0,1945.0,1945.0,1945.0,1
CDF,202603,2026-02-12 04:12:00,1945.0,1945.0,1945.0,1945.0,1
CDF,202603,2026-02-12 04:15:00,1945.0,1945.0,1945.0,1945.0,1
CDF,202603,2026-02-12 04:16:00,1945.0,1945.0,1945.0,1945.0,1
CDF,202603,2026-02-12 04:25:00,1945.0,1945.0,1945.0,1945.0,1
CDF,202603,2026-02-12 04:29:00,1945.0,1945.0,1945.0,1945.0,1
CDF,202603,2026-02-12 04:30:00,1940.0,1940.0,1940.0,1940.0,1
CDF,202603,2026-02-12 04:37:00,1945.0,1945.0,1945.0,1945.0,1
CDF,202603,2026-02-12 04:39:00,1945.0,1945.0,1945.0,1945.0,1
CDF,202603,2026-02-12 04:42:00,1945.0,1945.0,1945.0,1945.0,4
CDF,202603,2026-02-12 04:50:00,1945.0,1945.0,1945.0,1945.0,12
CDF,202603,2026-02-12 04:53:00,1940.0,1940.0,1940.0,1940.0,1
CDF,202603,2026-02-12 04:54:00,1945.0,1945.0,1945.0,1945.0,1
CDF,202603,2026-02-12 04:56:00,1945.0,1945.0,1945.0,1945.0,1
CDF,202603,2026-02-12 04:58:00,1945.0,1945.0,1945.0,1945.0,3
CDF,202603,2026-02-12 04:59:00,1945.0,1945.0,1945.0,1945.0,1
CDF,202603/202606,2026-02-11 19:38:00,15.0,15.0,15.0,15.0,4
CDF,202603/202606,2026-02-11 19:39:00,14.99,14.99,14.99,14.99,20
CDF,202603/202606,2026-02-11 21:39:00,15.01,15.01,15.01,15.01,2
CDF,202603/202606,2026-02-11 21:56:00,15.01,15.01,15.01,15.01,4
CDF,202603/202606,2026-02-11 22:06:00,15.01,15.01,15.01,15.01,2
CDF,202603/202606,2026-02-11 22:56:00,14.99,14.99,14.99,14.99,2
CDF,202603/202606,2026-02-11 23:13:00,15.01,15.01,15.01,15.01,4
CDF,202603/202606,2026-02-11 23:14:00,15.01,15.01,15.01,15.01,4
CDF,202603/202606,2026-02-11 23:48:00,15.04,15.04,15.04,15.04,2
CDF,202603/202606,2026-02-12 01:03:00,15.56,15.56,15.52,15.52,4
CDF,202603/202606,2026-02-12 01:30:00,15.32,15.32,15.28,15.28,4
CDF,202603/202609,2026-02-11 19:41:00,25.08,25.08,25.07,25.07,10
CDF,202603/202609,2026-02-11 21:42:00,28.2,28.2,28.2,28.2,4
CDF,202603/202609,2026-02-11 23:05:00,28.31,28.31,28.31,28.31,2
CDF,202603/202609,2026-02-11 23:48:00,28.46,28.46,28.46,28.46,2
CDF,202603/202609,2026-02-12 00:11:00,28.45,28.45,28.45,28.45,10
CDF,202603/202609,2026-02-12 01:03:00,28.42,28.43,28.42,28.43,4
CDF,202603/202609,2026-02-12 01:08:00,28.43,28.43,28.43,28.43,2
CDF,202603/202609,2026-02-12 01:21:00,28.43,28.43,28.43,28.43,50
CDF,202606,2026-02-11 17:51:00,1930.0,1930.0,1930.0,1930.0,1
CDF,202606,2026-02-11 20:14:00,1940.0,1940.0,1940.0,1940.0,1
CDF,202606,2026-02-11 21:34:00,1940.0,1940.0,1940.0,1940.0,1
CDF,202606,2026-02-11 22:30:00,1945.0,1945.0,1945.0,1945.0,2
CDF,202606,2026-02-11 22:33:00,1950.0,1950.0,1950.0,1950.0,1
CDF,202606,2026-02-11 22:39:00,1950.0,1950.0,1950.0,1950.0,2
CDF,202606,2026-02-11 22:44:00,1955.0,1955.0,1955.0,1955.0,1
CDF,202606,2026-02-11 22:50:00,1965.0,1965.0,1965.0,1965.0,1
CDF,202606,2026-02-11 22:58:00,1965.0,1965.0,1960.0,1960.0,2
CDF,202606,2026-02-11 23:11:00,1955.0,1955.0,1955.0,1955.0,1
CDF,202606,2026-02-11 23:13:00,1950.0,1950.0,1950.0,1950.0,2
CDF,202606,2026-02-11 23:15:00,1955.0,1955.0,1955.0,1955.0,1
CDF,202606,2026-02-11 23:17:00,1950.0,1950.0,1950.0,1950.0,2
CDF,202606,2026-02-11 23:24:00,1945.0,1945.0,1945.0,1945.0,1
CDF,202606,2026-02-11 23:31:00,1945.0,1945.0,1945.0,1945.0,1
CDF,202606,2026-02-11 23:37:00,1950.0,1950.0,1950.0,1950.0,1
CDF,202606,2026-02-11 23:41:00,1955.0,1955.0,1955.0,1955.0,1
CDF,202606,2026-02-12 00:08:00,1955.0,1955.0,1955.0,1955.0,1
CDF,202606,2026-02-12 01:16:00,1955.0,1955.0,1955.0,1955.0,1
CDF,202606,2026-02-12 01:25:00,1960.0,1960.0,1960.0,1960.0,2
CDF,202606,2026-02-12 01:52:00,1965.0,1965.0,1965.0,1965.0,1
CDF,202606,2026-02-12 04:41:00,1960.0,1960.0,1960.0,1960.0,1
CDF,202606,2026-02-12 04:59:00,1960.0,1960.0,1960.0,1960.0,1
CDF,202606/202609,2026-02-11 23:48:00,13.74,13.74,13.74,13.74,2
CDF,202606/202609,2026-02-12 01:03:00,13.43,13.43,13.43,13.43,4
CDF,202609,2026-02-11 21:35:00,1955.0,1955.0,1955.0,1955.0,1
CDF,202609,2026-02-11 22:10:00,1960.0,1960.0,1960.0,1960.0,1
CDF,202609,2026-02-11 22:24:00,1960.0,1960.0,1960.0,1960.0,1
CDF,202609,2026-02-11 22:25:00,1960.0,1960.0,1960.0,1960.0,1
CDF,202609,2026-02-11 22:30:00,1960.0,1960.0,1960.0,1960.0,2
CDF,202609,2026-02-11 22:39:00,1965.0,1965.0,1965.0,1965.0,1
CDF,202609,2026-02-11 22:45:00,1970.0,1970.0,1970.0,1970.0,1
CDF,202609,2026-02-11 22:49:00,1975.0,1975.0,1975.0,1975.0,1
CDF,202609,2026-02-11 22:58:00,1975.0,1975.0,1975.0,1975.0,1
CDF,202609,2026-02-11 23:01:00,1975.0,1975.0,1975.0,1975.0,1
CDF,202609,2026-02-11 23:07:00,1970.0,1970.0,1970.0,1970.0,1
CDF,202609,2026-02-11 23:15:00,1965.0,1965.0,1965.0,1965.0,1
CDF,202609,2026-02-11 23:19:00,1960.0,1960.0,1960.0,1960.0,1
CDF,202609,2026-02-11 23:24:00,1960.0,1960.0,1955.0,1955.0,2
CDF,202609,2026-02-12 01:02:00,1965.0,1965.0,1965.0,1965.0,1
CDF,202609,2026-02-12 01:16:00,1965.0,1965.0,1965.0,1965.0,1
CDF,202609,2026-02-12 01:52:00,1975.0,1975.0,1975.0,1975.0,1
CDF,202609,2026-02-12 02:06:00,1975.0,1975.0,1975.0,1975.0,1
CDF,202609,2026-02-12 02:15:00,1975.0,1975.0,1975.0,1975.0,1
CDF,202609,2026-02-12 02:56:00,1975.0,1975.0,1975.0,1975.0,1
F1F,202603,2026-02-11 15:08:00,10354.0,10354.0,10354.0,10354.0,16
F1F,202603,2026-02-11 15:33:00,10356.0,10356.0,10356.0,10356.0,1
F1F,202603,2026-02-11 15:39:00,10357.0,10357.0,10357.0,10357.0,1
F1F,202603,2026-02-11 16:35:00,10340.0,10340.0,10340.0,10340.0,3
F1F,202603,2026-02-11 16:36:00,10344.0,10344.0,10344.0,10344.0,2
F1F,202603,2026-02-11 17:45:00,10359.0,10359.0,10359.0,10359.0,2
F1F,202603,2026-02-11 17:50:00,10356.0,10356.0,10355.0,10355.0,6
F1F,202603,2026-02-11 19:04:00,10390.0,10390.0,10390.0,10390.0,3
F1F,202603,2026-02-11 19:32:00,10406.0,10406.0,10406.0,10406.0,2
F1F,202603,2026-02-11 21:30:00,10431.0,10431.0,10431.0,10431.0,16
F1F,202603,2026-02-11 21:33:00,10432.0,10432.0,10432.0,10432.0,1
F1F,202603,2026-02-11 22:29:00,10434.0,10434.0,10434.0,10434.0,16
F1F,202603,2026-02-11 22:30:00,10440.0,10440.0,10440.0,10440.0,1
F1F,202603,2026-02-12 00:01:00,10450.0,10450.0,10450.0,10450.0,1
F1F,202603,2026-02-12 00:17:00,10471.0,10471.0,10471.0,10471.0,3
F1F,202603,2026-02-12 00:18:00,10467.0,10467.0,10467.0,10467.0,1
F1F,202603,2026-02-12 00:52:00,10462.0,10462.0,10462.0,10462.0,1
F1F,202606,2026-02-11 23:09:00,10438.0,10438.0,10438.0,10438.0,1
M1F,202602,2026-02-11 16:20:00,26874.0,26874.0,26874.0,26874.0,1
M1F,202602,2026-02-11 21:56:00,27038.0,27038.0,27038.0,27038.0,1
M1F,202602,2026-02-11 23:18:00,26870.0,26870.0,26866.0,26866.0,2
M1F,202602,2026-02-11 23:29:00,26650.0,26650.0,26650.0,26650.0,1
M1F,202602,2026-02-12 00:11:00,26978.0,26978.0,26978.0,26978.0,1
M1F,202602,2026-02-12 00:29:00,26965.0,26965.0,26963.0,26963.0,2
M1F,202602,2026-02-12 01:00:00,26932.0,26932.0,26932.0,26932.0,1
M1F,202602,2026-02-12 03:13:00,26966.0,26966.0,26966.0,26966.0,1
M1F,202602,2026-02-12 03:46:00,26956.0,26956.0,26956.0,26956.0,2
M1F,202603,2026-02-11 16:16:00,27020.0,27020.0,27020.0,27020.0,1
M1F,202603,2026-02-11 16:20:00,27024.0,27024.0,27024.0,27024.0,1
M1F,202603,2026-02-11 23:29:00,26800.0,26800.0,26800.0,26800.0,1
M1F,202603,2026-02-12 00:12:00,27090.0,27090.0,27090.0,27090.0,1
M1F,202603,2026-02-12 00:43:00,27039.0,27039.0,27039.0,27039.0,1
M1F,202603,2026-02-12 00:49:00,27031.0,27031.0,27031.0,27031.0,1
M1F,202603,2026-02-12 00:57:00,27034.0,27034.0,27034.0,27034.0,1
M1F,202603,2026-02-12 00:58:00,27030.0,27030.0,27030.0,27030.0,1
M1F,202603,2026-02-12 01:00:00,27027.0,27027.0,27027.0,27027.0,1
M1F,202603,2026-02-12 01:51:00,27027.0,27027.0,27027.0,27027.0,1
M1F,202603,2026-02-12 02:40:00,27027.0,27027.0,27027.0,27027.0,1
M1F,202603,2026-02-12 03:13:00,27031.0,27031.0,27031.0,27031.0,1
M1F,202603,2026-02-12 03:49:00,27026.0,27026.0,27026.0,27026.0,1
MTX,202602,2026-02-11 15:00:00,33612.0,33685.0,33600.0,33652.0,822
MTX,202602,2026-02-11 15:01:00,33651.0,33669.0,33640.0,33664.0,331
MTX,202602,2026-02-11 15:02:00,33663.0,33671.0,33651.0,33662.0,175
MTX,202602,2026-02-11 15:03:00,33663.0,33663.0,33647.0,33647.0,122
MTX,202602,2026-02-11 15:04:00,33646.0,33659.0,33638.0,33657.0,160
MTX,202602,2026-02-11 15:05:00,33658.0,33665.0,33656.0,33663.0,112
MTX,202602,2026-02-11 15:06:00,33662.0,33674.0,33658.0,33658.0,153
MTX,202602,2026-02-11 15:07:00,33656.0,33662.0,33644.0,33653.0,75
MTX,202602,2026-02-11 15:08:00,33655.0,33656.0,33643.0,33651.0,146
MTX,202602,2026-02-11 15:09:00,33650.0,33654.0,33645.0,33649.0,89
MTX,202602,2026-02-11 15:10:00,33649.0,33650.0,33635.0,33647.0,152
MTX,202602,2026-02-11 15:11:00,33643.0,33645.0,33638.0,33638.0,72
MTX,202602,2026-02-11 15:12:00,33638.0,33642.0,33633.0,33640.0,100
MTX,202602,2026-02-11 15:13:00,33640.0,33641.0,33624.0,33626.0,117
MTX,202602,2026-02-11 15:14:00,33626.0,33627.0,33613.0,33624.0,148
MTX,202602,2026-02-11 15:15:00,33622.0,33628.0,33617.0,33627.0,135
MTX,202602,2026-02-11 15:16:00,33626.0,33632.0,33619.0,33632.0,56
MTX,202602,2026-02-11 15:17:00,33633.0,33654.0,33633.0,33653.0,140
MTX,202602,2026-02-11 15:18:00,33653.0,33663.0,33647.0,33660.0,144
MTX,202602,2026-02-11 15:19:00,33662.0,33670.0,33661.0,33669.0,112
MTX,202602,2026-02-11 15:20:00,33669.0,33669.0,33656.0,33661.0,108
MTX,202602,2026-02-11 15:21:00,33663.0,33690.0,33663.0,33686.0,297
MTX,202602,2026-02-11 15:22:00,33685.0,33690.0,33678.0,33682.0,87
MTX,202602,2026-02-11 15:23:00,33683.0,33683.0,33676.0,33680.0,54
MTX,202602,2026-02-11 15:24:00,33679.0,33688.0,33679.0,33688.0,57
MTX,202602,2026-02-11 15:25:00,33688.0,33692.0,33684.0,33684.0,95
MTX,202602,2026-02-11 15:26:00,33686.0,33698.0,33686.0,33698.0,95
MTX,202602,2026-02-11 15:27:00,33698.0,33698.0,33687.0,33691.0,71
MTX,202602,2026-02-11 15:28:00,33690.0,33691.0,33679.0,33680.0,82
MTX,202602,2026-02-11 15:29:00,33679.0,33683.0,33676.0,33683.0,46
MTX,202602,2026-02-11 15:30:00,33684.0,33684.0,33672.0,33677.0,75
MTX,202602,2026-02-11 15:31:00,33676.0,33676.0,33670.0,33676.0,86
MTX,202602,2026-02-11 15:32:00,33673.0,33673.0,33663.0,33664.0,71
MTX,202602,2026-02-11 15:33:00,33663.0,33671.0,33661.0,33666.0,46
MTX,202602,2026-02-11 15:34:00,33669.0,33677.0,33668.0,33677.0,35
MTX,202602,2026-02-11 15:35:00,33677.0,33684.0,33676.0,33679.0,74
MTX,202602,2026-02-11 15:36:00,33679.0,33682.0,33671.0,33672.0,27
MTX,202602,2026-02-11 15:37:00,33675.0,33675.0,33666.0,33667.0,45
MTX,202602,2026-02-11 15:38:00,33669.0,33673.0,33662.0,33668.0,52
MTX,202602,2026-02-11 15:39:00,33667.0,33668.0,33661.0,33667.0,40
MTX,202602,2026-02-11 15:40:00,33666.0,33666.0,33653.0,33658.0,167
MTX,202602,2026-02-11 15:41:00,33656.0,33656.0,33652.0,33655.0,63
MTX,202602,2026-02-11 15:42:00,33657.0,33661.0,33655.0,33661.0,24
MTX,202602,2026-02-11 15:43:00,33662.0,33667.0,33662.0,33664.0,53
MTX,202602,2026-02-11 15:44:00,33665.0,33671.0,33663.0,33669.0,44
MTX,202602,2026-02-11 15:45:00,33669.0,33675.0,33668.0,33674.0,57
MTX,202602,2026-02-11 15:46:00,33674.0,33685.0,33674.0,33685.0,68
MTX,202602,2026-02-11 15:47:00,33683.0,33688.0,33683.0,33686.0,72
MTX,202602,2026-02-11 15:48:00,33684.0,33685.0,33672.0,33672.0,44
MTX,202602,2026-02-11 15:49:00,33673.0,33673.0,33664.0,33664.0,35
MTX,202602,2026-02-11 15:50:00,33663.0,33670.0,33662.0,33670.0,60
MTX,202602,2026-02-11 15:51:00,33667.0,33672.0,33663.0,33669.0,30
MTX,202602,2026-02-11 15:52:00,33669.0,33670.0,33658.0,33658.0,44
MTX,202602,2026-02-11 15:53:00,33658.0,33666.0,33656.0,33665.0,49
MTX,202602,2026-02-11 15:54:00,33664.0,33666.0,33661.0,33664.0,37
MTX,202602,2026-02-11 15:55:00,33663.0,33665.0,33652.0,33653.0,50
MTX,202602,2026-02-11 15:56:00,33654.0,33654.0,33648.0,33654.0,100
MTX,202602,2026-02-11 15:57:00,33656.0,33664.0,33655.0,33660.0,34
MTX,202602,2026-02-11 15:58:00,33660.0,33666.0,33658.0,33665.0,29
MTX,202602,2026-02-11 15:59:00,33665.0,33668.0,33659.0,33662.0,55
MTX,202602,2026-02-11 16:00:00,33663.0,33680.0,33662.0,33673.0,172
MTX,202602,2026-02-11 16:01:00,33671.0,33681.0,33665.0,33666.0,66
MTX,202602,2026-02-11 16:02:00,33665.0,33675.0,33665.0,33673.0,35
MTX,202602,2026-02-11 16:03:00,33675.0,33676.0,33666.0,33672.0,14
MTX,202602,2026-02-11 16:04:00,33674.0,33692.0,33673.0,33688.0,97
MTX,202602,2026-02-11 16:05:00,33687.0,33691.0,33671.0,33683.0,81
MTX,202602,2026-02-11 16:06:00,33682.0,33685.0,33675.0,33675.0,72
MTX,202602,2026-02-11 16:07:00,33675.0,33676.0,33663.0,33663.0,56
MTX,202602,2026-02-11 16:08:00,33664.0,33670.0,33664.0,33667.0,20
MTX,202602,2026-02-11 16:09:00,33667.0,33667.0,33654.0,33656.0,68
MTX,202602,2026-02-11 16:10:00,33657.0,33660.0,33648.0,33660.0,98
MTX,202602,2026-02-11 16:11:00,33660.0,33672.0,33658.0,33671.0,48
MTX,202602,2026-02-11 16:12:00,33670.0,33673.0,33665.0,33671.0,69
MTX,202602,2026-02-11 16:13:00,33669.0,33669.0,33653.0,33654.0,51
MTX,202602,2026-02-11 16:14:00,33652.0,33655.0,33644.0,33647.0,109
MTX,202602,2026-02-11 16:15:00,33647.0,33658.0,33646.0,33650.0,67
MTX,202602,2026-02-11 16:16:00,33649.0,33656.0,33647.0,33653.0,39
MTX,202602,2026-02-11 16:17:00,33653.0,33663.0,33652.0,33662.0,42
MTX,202602,2026-02-11 16:18:00,33660.0,33661.0,33653.0,33654.0,24
MTX,202602,2026-02-11 16:19:00,33655.0,33655.0,33633.0,33637.0,132
MTX,202602,2026-02-11 16:20:00,33637.0,33657.0,33634.0,33656.0,94
MTX,202602,2026-02-11 16:21:00,33655.0,33659.0,33649.0,33649.0,37
MTX,202602,2026-02-11 16:22:00,33649.0,33655.0,33649.0,33652.0,20
MTX,202602,2026-02-11 16:23:00,33652.0,33660.0,33652.0,33659.0,24
MTX,202602,2026-02-11 16:24:00,33656.0,33662.0,33651.0,33661.0,43
MTX,202602,2026-02-11 16:25:00,33661.0,33670.0,33660.0,33665.0,70
MTX,202602,2026-02-11 16:26:00,33670.0,33677.0,33670.0,33673.0,59
MTX,202602,2026-02-11 16:27:00,33672.0,33681.0,33671.0,33671.0,73
MTX,202602,2026-02-11 16:28:00,33672.0,33672.0,33659.0,33661.0,40
MTX,202602,2026-02-11 16:29:00,33662.0,33662.0,33651.0,33653.0,46
MTX,202602,2026-02-11 16:30:00,33655.0,33667.0,33654.0,33664.0,43
MTX,202602,2026-02-11 16:31:00,33662.0,33662.0,33657.0,33657.0,13
MTX,202602,2026-02-11 16:32:00,33664.0,33674.0,33664.0,33669.0,30
MTX,202602,2026-02-11 16:33:00,33669.0,33671.0,33668.0,33671.0,26
MTX,202602,2026-02-11 16:34:00,33669.0,33679.0,33668.0,33671.0,58
MTX,202602,2026-02-11 16:35:00,33675.0,33687.0,33675.0,33682.0,96
MTX,202602,2026-02-11 16:36:00,33681.0,33688.0,33680.0,33684.0,66
MTX,202602,2026-02-11 16:37:00,33686.0,33689.0,33682.0,33682.0,47
MTX,202602,2026-02-11 16:38:00,33682.0,33685.0,33676.0,33676.0,27
MTX,202602,2026-02-11 16:39:00,33678.0,33680.0,33677.0,33678.0,19
MTX,202602,2026-02-11 16:40:00,33679.0,33682.0,33678.0,33678.0,44
MTX,202602,2026-02-11 16:41:00,33680.0,33683.0,33675.0,33683.0,58
MTX,202602,2026-02-11 16:42:00,33680.0,33681.0,33678.0,33679.0,29
MTX,202602,2026-02-11 16:43:00,33682.0,33683.0,33679.0,33683.0,20
MTX,202602,2026-02-11 16:44:00,33683.0,33691.0,33682.0,33688.0,120
MTX,202602,2026-02-11 16:45:00,33688.0,33694.0,33688.0,33690.0,85
MTX,202602,2026-02-11 16:46:00,33692.0,33693.0,33687.0,33689.0,35
MTX,202602,2026-02-11 16:47:00,33688.0,33688.0,33680.0,33683.0,39
MTX,202602,2026-02-11 16:48:00,33682.0,33682.0,33676.0,33676.0,34
MTX,202602,2026-02-11 16:49:00,33676.0,33678.0,33670.0,33670.0,51
MTX,202602,2026-02-11 16:50:00,33670.0,33675.0,33666.0,33675.0,49
MTX,202602,2026-02-11 16:51:00,33674.0,33674.0,33668.0,33669.0,24
MTX,202602,2026-02-11 16:52:00,33669.0,33672.0,33669.0,33672.0,13
MTX,202602,2026-02-11 16:53:00,33672.0,33680.0,33670.0,33680.0,26
MTX,202602,2026-02-11 16:54:00,33679.0,33684.0,33679.0,33680.0,20
MTX,202602,2026-02-11 16:55:00,33679.0,33684.0,33678.0,33680.0,35
MTX,202602,2026-02-11 16:56:00,33682.0,33686.0,33681.0,33685.0,19
MTX,202602,2026-02-11 16:57:00,33682.0,33683.0,33671.0,33677.0,27
MTX,202602,2026-02-11 16:58:00,33677.0,33677.0,33671.0,33676.0,16
MTX,202602,2026-02-11 16:59:00,33676.0,33684.0,33674.0,33675.0,28
MTX,202602,2026-02-11 17:00:00,33678.0,33684.0,33667.0,33668.0,72
MTX,202602,2026-02-11 17:01:00,33668.0,33679.0,33664.0,33679.0,33
MTX,202602,2026-02-11 17:02:00,33680.0,33692.0,33680.0,33691.0,77
MTX,202602,2026-02-11 17:03:00,33691.0,33692.0,33687.0,33689.0,37
MTX,202602,2026-02-11 17:04:00,33687.0,33692.0,33687.0,33688.0,31
MTX,202602,2026-02-11 17:05:00,33689.0,33698.0,33688.0,33698.0,95
MTX,202602,2026-02-11 17:06:00,33697.0,33698.0,33688.0,33693.0,85
MTX,202602,2026-02-11 17:07:00,33694.0,33695.0,33682.0,33683.0,82
MTX,202602,2026-02-11 17:08:00,33686.0,33691.0,33683.0,33687.0,34
MTX,202602,2026-02-11 17:09:00,33685.0,33685.0,33676.0,33678.0,40
MTX,202602,2026-02-11 17:10:00,33678.0,33682.0,33677.0,33679.0,30
MTX,202602,2026-02-11 17:11:00,33679.0,33683.0,33679.0,33679.0,25
MTX,202602,2026-02-11 17:12:00,33682.0,33682.0,33677.0,33677.0,9
MTX,202602,2026-02-11 17:13:00,33677.0,33678.0,33671.0,33671.0,31
MTX,202602,2026-02-11 17:14:00,33676.0,33680.0,33672.0,33680.0,22
MTX,202602,2026-02-11 17:15:00,33679.0,33683.0,33676.0,33678.0,48
MTX,202602,2026-02-11 17:16:00,33677.0,33679.0,33673.0,33673.0,17
MTX,202602,2026-02-11 17:17:00,33672.0,33672.0,33662.0,33667.0,111
MTX,202602,2026-02-11 17:18:00,33666.0,33674.0,33664.0,33674.0,28
MTX,202602,2026-02-11 17:19:00,33669.0,33669.0,33662.0,33665.0,60
MTX,202602,2026-02-11 17:20:00,33666.0,33671.0,33657.0,33660.0,92
MTX,202602,2026-02-11 17:21:00,33660.0,33661.0,33654.0,33661.0,47
MTX,202602,2026-02-11 17:22:00,33660.0,33669.0,33660.0,33669.0,26
MTX,202602,2026-02-11 17:23:00,33669.0,33669.0,33655.0,33658.0,65
MTX,202602,2026-02-11 17:24:00,33659.0,33665.0,33659.0,33664.0,22
MTX,202602,2026-02-11 17:25:00,33665.0,33675.0,33665.0,33671.0,45
MTX,202602,2026-02-11 17:26:00,33671.0,33684.0,33671.0,33683.0,66
MTX,202602,2026-02-11 17:27:00,33683.0,33686.0,33681.0,33683.0,90
MTX,202602,2026-02-11 17:28:00,33680.0,33683.0,33677.0,33683.0,39
MTX,202602,2026-02-11 17:29:00,33680.0,33680.0,33679.0,33679.0,5
MTX,202602,2026-02-11 17:30:00,33679.0,33679.0,33673.0,33673.0,26
MTX,202602,2026-02-11 17:31:00,33673.0,33673.0,33662.0,33663.0,52
MTX,202602,2026-02-11 17:32:00,33663.0,33665.0,33656.0,33659.0,58
MTX,202602,2026-02-11 17:33:00,33661.0,33664.0,33645.0,33646.0,148
MTX,202602,2026-02-11 17:34:00,33646.0,33651.0,33643.0,33651.0,80
MTX,202602,2026-02-11 17:35:00,33650.0,33656.0,33648.0,33656.0,26
MTX,202602,2026-02-11 17:36:00,33654.0,33662.0,33652.0,33652.0,39
MTX,202602,2026-02-11 17:37:00,33651.0,33651.0,33645.0,33645.0,77
MTX,202602,2026-02-11 17:38:00,33645.0,33647.0,33635.0,33638.0,120
MTX,202602,2026-02-11 17:39:00,33635.0,33639.0,33631.0,33637.0,75
MTX,202602,2026-02-11 17:40:00,33639.0,33639.0,33626.0,33634.0,139
MTX,202602,2026-02-11 17:41:00,33633.0,33634.0,33630.0,33633.0,61
MTX,202602,2026-02-11 17:42:00,33632.0,33633.0,33627.0,33631.0,73
MTX,202602,2026-02-11 17:43:00,33631.0,33640.0,33629.0,33636.0,63
MTX,202602,2026-02-11 17:44:00,33636.0,33646.0,33631.0,33646.0,50
MTX,202602,2026-02-11 17:45:00,33643.0,33649.0,33640.0,33646.0,70
MTX,202602,2026-02-11 17:46:00,33647.0,33653.0,33645.0,33648.0,43
MTX,202602,2026-02-11 17:47:00,33650.0,33651.0,33643.0,33648.0,29
MTX,202602,2026-02-11 17:48:00,33648.0,33650.0,33645.0,33649.0,16
MTX,202602,2026-02-11 17:49:00,33647.0,33650.0,33638.0,33640.0,67
MTX,202602,2026-02-11 17:50:00,33642.0,33643.0,33636.0,33636.0,31
MTX,202602,2026-02-11 17:51:00,33637.0,33642.0,33632.0,33639.0,38
MTX,202602,2026-02-11 17:52:00,33643.0,33643.0,33636.0,33639.0,23
MTX,202602,2026-02-11 17:53:00,33638.0,33642.0,33638.0,33642.0,16
MTX,202602,2026-02-11 17:54:00,33644.0,33652.0,33641.0,33652.0,49
MTX,202602,2026-02-11 17:55:00,33648.0,33657.0,33648.0,33653.0,46
MTX,202602,2026-02-11 17:56:00,33652.0,33653.0,33648.0,33650.0,20
MTX,202602,2026-02-11 17:57:00,33648.0,33652.0,33643.0,33651.0,25
MTX,202602,2026-02-11 17:58:00,33651.0,33652.0,33649.0,33649.0,7
MTX,202602,2026-02-11 17:59:00,33646.0,33652.0,33641.0,33641.0,18
MTX,202602,2026-02-11 18:00:00,33640.0,33645.0,33630.0,33633.0,106
MTX,202602,2026-02-11 18:01:00,33636.0,33636.0,33611.0,33625.0,242
MTX,202602,2026-02-11 18:02:00,33620.0,33627.0,33615.0,33623.0,85
MTX,202602,2026-02-11 18:03:00,33623.0,33632.0,33620.0,33628.0,58
MTX,202602,2026-02-11 18:04:00,33630.0,33630.0,33615.0,33623.0,79
MTX,202602,2026-02-11 18:05:00,33624.0,33624.0,33613.0,33621.0,66
MTX,202602,2026-02-11 18:06:00,33622.0,33632.0,33618.0,33623.0,87
MTX,202602,2026-02-11 18:07:00,33625.0,33635.0,33623.0,33624.0,69
MTX,202602,2026-02-11 18:08:00,33623.0,33623.0,33618.0,33620.0,37
MTX,202602,2026-02-11 18:09:00,33620.0,33622.0,33609.0,33622.0,155
MTX,202602,2026-02-11 18:10:00,33623.0,33639.0,33623.0,33638.0,89
MTX,202602,2026-02-11 18:11:00,33639.0,33645.0,33639.0,33643.0,59
MTX,202602,2026-02-11 18:12:00,33643.0,33650.0,33643.0,33646.0,69
MTX,202602,2026-02-11 18:13:00,33643.0,33645.0,33627.0,33630.0,58
MTX,202602,2026-02-11 18:14:00,33629.0,33633.0,33629.0,33633.0,24
MTX,202602,2026-02-11 18:15:00,33634.0,33635.0,33630.0,33631.0,24
MTX,202602,2026-02-11 18:16:00,33631.0,33637.0,33631.0,33637.0,12
MTX,202602,2026-02-11 18:17:00,33637.0,33639.0,33632.0,33638.0,18
MTX,202602,2026-02-11 18:18:00,33639.0,33641.0,33637.0,33640.0,22
MTX,202602,2026-02-11 18:19:00,33640.0,33641.0,33637.0,33640.0,18
MTX,202602,2026-02-11 18:20:00,33637.0,33646.0,33636.0,33644.0,34
MTX,202602,2026-02-11 18:21:00,33647.0,33656.0,33646.0,33656.0,72
MTX,202602,2026-02-11 18:22:00,33657.0,33662.0,33655.0,33655.0,74
MTX,202602,2026-02-11 18:23:00,33655.0,33655.0,33652.0,33652.0,16
MTX,202602,2026-02-11 18:24:00,33651.0,33652.0,33649.0,33651.0,24
MTX,202602,2026-02-11 18:25:00,33651.0,33655.0,33642.0,33651.0,45
MTX,202602,2026-02-11 18:26:00,33650.0,33650.0,33647.0,33648.0,15
MTX,202602,2026-02-11 18:27:00,33648.0,33659.0,33646.0,33659.0,34
MTX,202602,2026-02-11 18:28:00,33659.0,33664.0,33654.0,33654.0,54
MTX,202602,2026-02-11 18:29:00,33652.0,33657.0,33649.0,33657.0,35
MTX,202602,2026-02-11 18:30:00,33657.0,33658.0,33649.0,33649.0,48
MTX,202602,2026-02-11 18:31:00,33651.0,33651.0,33644.0,33644.0,31
MTX,202602,2026-02-11 18:32:00,33645.0,33650.0,33644.0,33650.0,31
MTX,202602,2026-02-11 18:33:00,33650.0,33650.0,33645.0,33645.0,7
MTX,202602,2026-02-11 18:34:00,33645.0,33650.0,33644.0,33650.0,15
MTX,202602,2026-02-11 18:35:00,33646.0,33647.0,33644.0,33645.0,15
MTX,202602,2026-02-11 18:36:00,33645.0,33649.0,33640.0,33649.0,30
MTX,202602,2026-02-11 18:37:00,33650.0,33654.0,33649.0,33649.0,25
MTX,202602,2026-02-11 18:38:00,33648.0,33653.0,33645.0,33653.0,34
MTX,202602,2026-02-11 18:39:00,33652.0,33652.0,33648.0,33648.0,9
MTX,202602,2026-02-11 18:40:00,33650.0,33650.0,33646.0,33647.0,15
MTX,202602,2026-02-11 18:41:00,33650.0,33650.0,33649.0,33649.0,3
MTX,202602,2026-02-11 18:42:00,33651.0,33656.0,33651.0,33654.0,30
MTX,202602,2026-02-11 18:43:00,33654.0,33657.0,33654.0,33657.0,21
MTX,202602,2026-02-11 18:44:00,33656.0,33661.0,33654.0,33658.0,37
MTX,202602,2026-02-11 18:45:00,33660.0,33660.0,33651.0,33651.0,34
MTX,202602,2026-02-11 18:46:00,33650.0,33650.0,33648.0,33648.0,21
MTX,202602,2026-02-11 18:47:00,33647.0,33647.0,33644.0,33644.0,30
MTX,202602,2026-02-11 18:48:00,33644.0,33645.0,33640.0,33642.0,32
MTX,202602,2026-02-11 18:49:00,33642.0,33645.0,33639.0,33645.0,36
MTX,202602,2026-02-11 18:50:00,33641.0,33643.0,33639.0,33639.0,9
MTX,202602,2026-02-11 18:51:00,33641.0,33645.0,33641.0,33643.0,15
MTX,202602,2026-02-11 18:52:00,33644.0,33644.0,33634.0,33639.0,50
MTX,202602,2026-02-11 18:53:00,33639.0,33640.0,33639.0,33639.0,24
MTX,202602,2026-02-11 18:54:00,33639.0,33642.0,33632.0,33642.0,41
MTX,202602,2026-02-11 18:55:00,33643.0,33658.0,33642.0,33658.0,47
MTX,202602,2026-02-11 18:56:00,33658.0,33659.0,33656.0,33657.0,38
MTX,202602,2026-02-11 18:57:00,33657.0,33662.0,33655.0,33662.0,77
MTX,202602,2026-02-11 18:58:00,33662.0,33663.0,33654.0,33655.0,39
MTX,202602,2026-02-11 18:59:00,33659.0,33666.0,33656.0,33666.0,56
MTX,202602,2026-02-11 19:00:00,33664.0,33677.0,33664.0,33674.0,249
MTX,202602,2026-02-11 19:01:00,33673.0,33683.0,33673.0,33680.0,171
MTX,202602,2026-02-11 19:02:00,33680.0,33682.0,33673.0,33675.0,85
MTX,202602,2026-02-11 19:03:00,33675.0,33675.0,33664.0,33665.0,68
MTX,202602,2026-02-11 19:04:00,33667.0,33679.0,33667.0,33679.0,57
MTX,202602,2026-02-11 19:05:00,33678.0,33680.0,33674.0,33676.0,24
MTX,202602,2026-02-11 19:06:00,33677.0,33681.0,33677.0,33679.0,35
MTX,202602,2026-02-11 19:07:00,33680.0,33692.0,33680.0,33686.0,146
MTX,202602,2026-02-11 19:08:00,33686.0,33688.0,33680.0,33680.0,32
MTX,202602,2026-02-11 19:09:00,33680.0,33684.0,33677.0,33684.0,61
MTX,202602,2026-02-11 19:10:00,33684.0,33687.0,33681.0,33681.0,34
MTX,202602,2026-02-11 19:11:00,33681.0,33682.0,33679.0,33679.0,24
MTX,202602,2026-02-11 19:12:00,33679.0,33679.0,33671.0,33671.0,60
MTX,202602,2026-02-11 19:13:00,33671.0,33672.0,33666.0,33667.0,46
MTX,202602,2026-02-11 19:14:00,33668.0,33669.0,33666.0,33666.0,27
MTX,202602,2026-02-11 19:15:00,33667.0,33669.0,33666.0,33669.0,22
MTX,202602,2026-02-11 19:16:00,33668.0,33672.0,33668.0,33669.0,10
MTX,202602,2026-02-11 19:17:00,33671.0,33675.0,33671.0,33675.0,13
MTX,202602,2026-02-11 19:18:00,33676.0,33681.0,33676.0,33681.0,49
MTX,202602,2026-02-11 19:19:00,33681.0,33682.0,33676.0,33682.0,45
MTX,202602,2026-02-11 19:20:00,33681.0,33684.0,33677.0,33677.0,68
MTX,202602,2026-02-11 19:21:00,33678.0,33686.0,33678.0,33686.0,44
MTX,202602,2026-02-11 19:22:00,33686.0,33686.0,33683.0,33685.0,25
MTX,202602,2026-02-11 19:23:00,33685.0,33686.0,33683.0,33683.0,24
MTX,202602,2026-02-11 19:24:00,33681.0,33681.0,33675.0,33676.0,17
MTX,202602,2026-02-11 19:25:00,33674.0,33678.0,33672.0,33675.0,22
MTX,202602,2026-02-11 19:26:00,33674.0,33675.0,33673.0,33675.0,8
MTX,202602,2026-02-11 19:27:00,33674.0,33676.0,33672.0,33676.0,40
MTX,202602,2026-02-11 19:28:00,33677.0,33678.0,33677.0,33677.0,7
MTX,202602,2026-02-11 19:29:00,33678.0,33683.0,33678.0,33682.0,18
MTX,202602,2026-02-11 19:30:00,33682.0,33683.0,33678.0,33683.0,37
MTX,202602,2026-02-11 19:31:00,33683.0,33687.0,33683.0,33685.0,34
MTX,202602,2026-02-11 19:32:00,33684.0,33684.0,33680.0,33680.0,31
MTX,202602,2026-02-11 19:33:00,33678.0,33683.0,33678.0,33682.0,16
MTX,202602,2026-02-11 19:34:00,33684.0,33688.0,33684.0,33686.0,28
MTX,202602,2026-02-11 19:35:00,33684.0,33687.0,33681.0,33681.0,26
MTX,202602,2026-02-11 19:36:00,33680.0,33680.0,33678.0,33678.0,15
MTX,202602,2026-02-11 19:37:00,33678.0,33683.0,33677.0,33683.0,31
MTX,202602,2026-02-11 19:38:00,33683.0,33683.0,33679.0,33679.0,16
MTX,202602,2026-02-11 19:39:00,33677.0,33677.0,33673.0,33676.0,26
MTX,202602,2026-02-11 19:40:00,33674.0,33674.0,33668.0,33671.0,34
MTX,202602,2026-02-11 19:41:00,33670.0,33671.0,33663.0,33665.0,58
MTX,202602,2026-02-11 19:42:00,33665.0,33670.0,33663.0,33666.0,45
MTX,202602,2026-02-11 19:43:00,33669.0,33669.0,33642.0,33651.0,146
MTX,202602,2026-02-11 19:44:00,33657.0,33669.0,33655.0,33669.0,78
MTX,202602,2026-02-11 19:45:00,33666.0,33667.0,33659.0,33661.0,37
MTX,202602,2026-02-11 19:46:00,33663.0,33675.0,33662.0,33673.0,63
MTX,202602,2026-02-11 19:47:00,33676.0,33680.0,33665.0,33666.0,45
MTX,202602,2026-02-11 19:48:00,33671.0,33673.0,33671.0,33673.0,10
MTX,202602,2026-02-11 19:49:00,33673.0,33673.0,33668.0,33670.0,25
MTX,202602,2026-02-11 19:50:00,33672.0,33676.0,33672.0,33673.0,17
MTX,202602,2026-02-11 19:51:00,33672.0,33678.0,33672.0,33678.0,23
MTX,202602,2026-02-11 19:52:00,33678.0,33679.0,33668.0,33668.0,26
MTX,202602,2026-02-11 19:53:00,33668.0,33673.0,33668.0,33673.0,7
MTX,202602,2026-02-11 19:54:00,33673.0,33673.0,33669.0,33669.0,7
MTX,202602,2026-02-11 19:55:00,33668.0,33668.0,33655.0,33659.0,62
MTX,202602,2026-02-11 19:56:00,33659.0,33661.0,33654.0,33655.0,39
MTX,202602,2026-02-11 19:57:00,33655.0,33657.0,33651.0,33652.0,33
MTX,202602,2026-02-11 19:58:00,33653.0,33657.0,33651.0,33654.0,24
MTX,202602,2026-02-11 19:59:00,33653.0,33656.0,33651.0,33654.0,30
MTX,202602,2026-02-11 20:00:00,33652.0,33664.0,33650.0,33664.0,103
MTX,202602,2026-02-11 20:01:00,33661.0,33675.0,33655.0,33670.0,172
MTX,202602,2026-02-11 20:02:00,33667.0,33675.0,33667.0,33670.0,35
MTX,202602,2026-02-11 20:03:00,33672.0,33676.0,33666.0,33675.0,44
MTX,202602,2026-02-11 20:04:00,33676.0,33678.0,33670.0,33670.0,38
MTX,202602,2026-02-11 20:05:00,33668.0,33676.0,33668.0,33676.0,21
MTX,202602,2026-02-11 20:06:00,33675.0,33677.0,33673.0,33673.0,18
MTX,202602,2026-02-11 20:07:00,33672.0,33683.0,33670.0,33683.0,45
MTX,202602,2026-02-11 20:08:00,33682.0,33685.0,33679.0,33684.0,69
MTX,202602,2026-02-11 20:09:00,33685.0,33688.0,33681.0,33684.0,53
MTX,202602,2026-02-11 20:10:00,33681.0,33684.0,33676.0,33684.0,41
MTX,202602,2026-02-11 20:11:00,33684.0,33687.0,33682.0,33683.0,27
MTX,202602,2026-02-11 20:12:00,33685.0,33685.0,33681.0,33681.0,14
MTX,202602,2026-02-11 20:13:00,33682.0,33692.0,33682.0,33689.0,150
MTX,202602,2026-02-11 20:14:00,33691.0,33692.0,33687.0,33689.0,51
MTX,202602,2026-02-11 20:15:00,33688.0,33689.0,33686.0,33686.0,52
MTX,202602,2026-02-11 20:16:00,33685.0,33685.0,33677.0,33680.0,37
MTX,202602,2026-02-11 20:17:00,33679.0,33681.0,33679.0,33680.0,12
MTX,202602,2026-02-11 20:18:00,33681.0,33682.0,33673.0,33674.0,29
MTX,202602,2026-02-11 20:19:00,33674.0,33679.0,33673.0,33677.0,16
MTX,202602,2026-02-11 20:20:00,33677.0,33688.0,33677.0,33687.0,20
MTX,202602,2026-02-11 20:21:00,33688.0,33688.0,33683.0,33685.0,10
MTX,202602,2026-02-11 20:22:00,33685.0,33691.0,33685.0,33690.0,50
MTX,202602,2026-02-11 20:23:00,33688.0,33689.0,33686.0,33688.0,21
MTX,202602,2026-02-11 20:24:00,33687.0,33687.0,33686.0,33686.0,17
MTX,202602,2026-02-11 20:25:00,33686.0,33687.0,33682.0,33683.0,33
MTX,202602,2026-02-11 20:26:00,33683.0,33684.0,33677.0,33677.0,38
MTX,202602,2026-02-11 20:27:00,33678.0,33680.0,33678.0,33680.0,13
MTX,202602,2026-02-11 20:28:00,33680.0,33680.0,33672.0,33673.0,35
MTX,202602,2026-02-11 20:29:00,33673.0,33676.0,33672.0,33673.0,22
MTX,202602,2026-02-11 20:30:00,33673.0,33676.0,33672.0,33674.0,31
MTX,202602,2026-02-11 20:31:00,33673.0,33674.0,33668.0,33671.0,61
MTX,202602,2026-02-11 20:32:00,33671.0,33677.0,33667.0,33670.0,39
MTX,202602,2026-02-11 20:33:00,33668.0,33674.0,33667.0,33673.0,12
MTX,202602,2026-02-11 20:34:00,33673.0,33674.0,33670.0,33674.0,10
MTX,202602,2026-02-11 20:35:00,33675.0,33681.0,33670.0,33670.0,39
MTX,202602,2026-02-11 20:36:00,33668.0,33674.0,33668.0,33671.0,16
MTX,202602,2026-02-11 20:37:00,33673.0,33679.0,33673.0,33678.0,12
MTX,202602,2026-02-11 20:38:00,33677.0,33680.0,33676.0,33680.0,22
MTX,202602,2026-02-11 20:39:00,33677.0,33679.0,33676.0,33679.0,10
MTX,202602,2026-02-11 20:40:00,33678.0,33679.0,33676.0,33676.0,14
MTX,202602,2026-02-11 20:41:00,33675.0,33676.0,33671.0,33676.0,23
MTX,202602,2026-02-11 20:42:00,33671.0,33675.0,33671.0,33675.0,10
MTX,202602,2026-02-11 20:43:00,33675.0,33676.0,33673.0,33674.0,9
MTX,202602,2026-02-11 20:44:00,33674.0,33676.0,33673.0,33675.0,12
MTX,202602,2026-02-11 20:45:00,33676.0,33676.0,33672.0,33675.0,14
MTX,202602,2026-02-11 20:46:00,33675.0,33677.0,33671.0,33671.0,12
MTX,202602,2026-02-11 20:47:00,33671.0,33671.0,33667.0,33667.0,30
MTX,202602,2026-02-11 20:48:00,33669.0,33674.0,33667.0,33674.0,12
MTX,202602,2026-02-11 20:49:00,33670.0,33672.0,33668.0,33668.0,15
MTX,202602,2026-02-11 20:50:00,33671.0,33672.0,33669.0,33672.0,10
MTX,202602,2026-02-11 20:51:00,33669.0,33670.0,33667.0,33668.0,25
MTX,202602,2026-02-11 20:52:00,33667.0,33667.0,33660.0,33664.0,53
MTX,202602,2026-02-11 20:53:00,33663.0,33667.0,33663.0,33666.0,18
MTX,202602,2026-02-11 20:54:00,33665.0,33666.0,33662.0,33666.0,14
MTX,202602,2026-02-11 20:55:00,33665.0,33668.0,33664.0,33668.0,16
MTX,202602,2026-02-11 20:56:00,33667.0,33673.0,33667.0,33670.0,38
MTX,202602,2026-02-11 20:57:00,33670.0,33678.0,33670.0,33676.0,38
MTX,202602,2026-02-11 20:58:00,33675.0,33676.0,33674.0,33674.0,7
MTX,202602,2026-02-11 20:59:00,33677.0,33677.0,33674.0,33674.0,16
MTX,202602,2026-02-11 21:00:00,33676.0,33677.0,33673.0,33674.0,18
MTX,202602,2026-02-11 21:01:00,33675.0,33684.0,33675.0,33684.0,79
MTX,202602,2026-02-11 21:02:00,33683.0,33684.0,33679.0,33683.0,20
MTX,202602,2026-02-11 21:03:00,33683.0,33684.0,33679.0,33679.0,25
MTX,202602,2026-02-11 21:04:00,33678.0,33679.0,33677.0,33677.0,8
MTX,202602,2026-02-11 21:05:00,33677.0,33688.0,33677.0,33687.0,64
MTX,202602,2026-02-11 21:06:00,33686.0,33686.0,33681.0,33681.0,25
MTX,202602,2026-02-11 21:07:00,33680.0,33683.0,33680.0,33681.0,19
MTX,202602,2026-02-11 21:08:00,33682.0,33682.0,33680.0,33680.0,7
MTX,202602,2026-02-11 21:09:00,33683.0,33683.0,33679.0,33679.0,12
MTX,202602,2026-02-11 21:10:00,33680.0,33681.0,33679.0,33680.0,13
MTX,202602,2026-02-11 21:11:00,33681.0,33684.0,33681.0,33682.0,30
MTX,202602,2026-02-11 21:12:00,33683.0,33683.0,33679.0,33683.0,15
MTX,202602,2026-02-11 21:13:00,33681.0,33685.0,33679.0,33683.0,7
MTX,202602,2026-02-11 21:14:00,33685.0,33689.0,33685.0,33687.0,44
MTX,202602,2026-02-11 21:15:00,33688.0,33689.0,33685.0,33686.0,21
MTX,202602,2026-02-11 21:16:00,33686.0,33686.0,33682.0,33682.0,19
MTX,202602,2026-02-11 21:17:00,33681.0,33681.0,33675.0,33676.0,38
MTX,202602,2026-02-11 21:18:00,33677.0,33680.0,33675.0,33680.0,24
MTX,202602,2026-02-11 21:19:00,33682.0,33691.0,33681.0,33690.0,51
MTX,202602,2026-02-11 21:20:00,33688.0,33690.0,33687.0,33688.0,26
MTX,202602,2026-02-11 21:21:00,33686.0,33686.0,33682.0,33683.0,10
MTX,202602,2026-02-11 21:22:00,33681.0,33681.0,33677.0,33678.0,23
MTX,202602,2026-02-11 21:23:00,33678.0,33678.0,33675.0,33677.0,17
MTX,202602,2026-02-11 21:24:00,33677.0,33683.0,33677.0,33682.0,25
MTX,202602,2026-02-11 21:25:00,33682.0,33685.0,33682.0,33685.0,13
MTX,202602,2026-02-11 21:26:00,33685.0,33685.0,33683.0,33683.0,15
MTX,202602,2026-02-11 21:27:00,33682.0,33687.0,33682.0,33684.0,35
MTX,202602,2026-02-11 21:28:00,33685.0,33687.0,33685.0,33685.0,26
MTX,202602,2026-02-11 21:29:00,33686.0,33688.0,33684.0,33687.0,25
MTX,202602,2026-02-11 21:30:00,33688.0,33719.0,33661.0,33668.0,980
MTX,202602,2026-02-11 21:31:00,33674.0,33705.0,33663.0,33695.0,243
MTX,202602,2026-02-11 21:32:00,33696.0,33725.0,33694.0,33723.0,308
MTX,202602,2026-02-11 21:33:00,33725.0,33765.0,33725.0,33751.0,865
MTX,202602,2026-02-11 21:34:00,33752.0,33775.0,33752.0,33765.0,571
MTX,202602,2026-02-11 21:35:00,33764.0,33769.0,33746.0,33750.0,319
MTX,202602,2026-02-11 21:36:00,33752.0,33767.0,33749.0,33766.0,204
MTX,202602,2026-02-11 21:37:00,33767.0,33777.0,33744.0,33754.0,420
MTX,202602,2026-02-11 21:38:00,33755.0,33769.0,33746.0,33764.0,191
MTX,202602,2026-02-11 21:39:00,33762.0,33768.0,33753.0,33761.0,100
MTX,202602,2026-02-11 21:40:00,33760.0,33763.0,33750.0,33756.0,144
MTX,202602,2026-02-11 21:41:00,33758.0,33758.0,33738.0,33752.0,254
MTX,202602,2026-02-11 21:42:00,33750.0,33759.0,33739.0,33739.0,209
MTX,202602,2026-02-11 21:43:00,33738.0,33747.0,33730.0,33747.0,163
MTX,202602,2026-02-11 21:44:00,33746.0,33755.0,33741.0,33751.0,130
MTX,202602,2026-02-11 21:45:00,33745.0,33771.0,33745.0,33771.0,230
MTX,202602,2026-02-11 21:46:00,33771.0,33804.0,33765.0,33793.0,890
MTX,202602,2026-02-11 21:47:00,33794.0,33807.0,33793.0,33797.0,299
MTX,202602,2026-02-11 21:48:00,33798.0,33817.0,33794.0,33814.0,369
MTX,202602,2026-02-11 21:49:00,33815.0,33822.0,33803.0,33811.0,305
MTX,202602,2026-02-11 21:50:00,33810.0,33813.0,33800.0,33805.0,218
MTX,202602,2026-02-11 21:51:00,33806.0,33806.0,33789.0,33791.0,190
MTX,202602,2026-02-11 21:52:00,33791.0,33807.0,33788.0,33807.0,159
MTX,202602,2026-02-11 21:53:00,33808.0,33824.0,33808.0,33823.0,270
MTX,202602,2026-02-11 21:54:00,33824.0,33866.0,33822.0,33845.0,798
MTX,202602,2026-02-11 21:55:00,33844.0,33869.0,33841.0,33869.0,397
MTX,202602,2026-02-11 21:56:00,33866.0,33875.0,33856.0,33864.0,395
MTX,202602,2026-02-11 21:57:00,33864.0,33864.0,33847.0,33852.0,198
MTX,202602,2026-02-11 21:58:00,33853.0,33859.0,33852.0,33858.0,85
MTX,202602,2026-02-11 21:59:00,33859.0,33860.0,33852.0,33858.0,79
MTX,202602,2026-02-11 22:00:00,33857.0,33862.0,33837.0,33847.0,364
MTX,202602,2026-02-11 22:01:00,33845.0,33856.0,33842.0,33854.0,113
MTX,202602,2026-02-11 22:02:00,33854.0,33857.0,33847.0,33849.0,110
MTX,202602,2026-02-11 22:03:00,33847.0,33850.0,33831.0,33839.0,202
MTX,202602,2026-02-11 22:04:00,33839.0,33849.0,33836.0,33848.0,119
MTX,202602,2026-02-11 22:05:00,33847.0,33847.0,33836.0,33844.0,94
MTX,202602,2026-02-11 22:06:00,33844.0,33844.0,33840.0,33844.0,68
MTX,202602,2026-02-11 22:07:00,33845.0,33848.0,33843.0,33847.0,48
MTX,202602,2026-02-11 22:08:00,33848.0,33852.0,33841.0,33841.0,116
MTX,202602,2026-02-11 22:09:00,33845.0,33846.0,33833.0,33833.0,112
MTX,202602,2026-02-11 22:10:00,33833.0,33837.0,33826.0,33831.0,182
MTX,202602,2026-02-11 22:11:00,33827.0,33830.0,33810.0,33823.0,347
MTX,202602,2026-02-11 22:12:00,33824.0,33825.0,33815.0,33820.0,93
MTX,202602,2026-02-11 22:13:00,33819.0,33840.0,33819.0,33839.0,151
MTX,202602,2026-02-11 22:14:00,33837.0,33838.0,33830.0,33833.0,128
MTX,202602,2026-02-11 22:15:00,33833.0,33837.0,33831.0,33835.0,99
MTX,202602,2026-02-11 22:16:00,33835.0,33844.0,33833.0,33841.0,109
MTX,202602,2026-02-11 22:17:00,33840.0,33840.0,33827.0,33834.0,99
MTX,202602,2026-02-11 22:18:00,33832.0,33838.0,33830.0,33836.0,48
MTX,202602,2026-02-11 22:19:00,33838.0,33838.0,33834.0,33834.0,42
MTX,202602,2026-02-11 22:20:00,33836.0,33837.0,33833.0,33834.0,26
MTX,202602,2026-02-11 22:21:00,33833.0,33834.0,33828.0,33831.0,69
MTX,202602,2026-02-11 22:22:00,33832.0,33833.0,33823.0,33825.0,57
MTX,202602,2026-02-11 22:23:00,33828.0,33831.0,33823.0,33827.0,34
MTX,202602,2026-02-11 22:24:00,33828.0,33833.0,33825.0,33832.0,35
MTX,202602,2026-02-11 22:25:00,33833.0,33848.0,33829.0,33848.0,137
MTX,202602,2026-02-11 22:26:00,33848.0,33848.0,33837.0,33840.0,78
MTX,202602,2026-02-11 22:27:00,33839.0,33844.0,33839.0,33844.0,33
MTX,202602,2026-02-11 22:28:00,33842.0,33856.0,33842.0,33855.0,143
MTX,202602,2026-02-11 22:29:00,33856.0,33859.0,33846.0,33858.0,142
MTX,202602,2026-02-11 22:30:00,33856.0,33911.0,33838.0,33901.0,1243
MTX,202602,2026-02-11 22:31:00,33901.0,33907.0,33867.0,33896.0,778
MTX,202602,2026-02-11 22:32:00,33894.0,33915.0,33873.0,33884.0,508
MTX,202602,2026-02-11 22:33:00,33884.0,33887.0,33844.0,33872.0,677
MTX,202602,2026-02-11 22:34:00,33867.0,33875.0,33831.0,33852.0,456
MTX,202602,2026-02-11 22:35:00,33851.0,33893.0,33840.0,33889.0,496
MTX,202602,2026-02-11 22:36:00,33891.0,33922.0,33871.0,33872.0,695
MTX,202602,2026-02-11 22:37:00,33873.0,33905.0,33856.0,33904.0,485
MTX,202602,2026-02-11 22:38:00,33905.0,33905.0,33860.0,33867.0,373
MTX,202602,2026-02-11 22:39:00,33863.0,33874.0,33855.0,33864.0,299
MTX,202602,2026-02-11 22:40:00,33863.0,33890.0,33862.0,33885.0,306
MTX,202602,2026-02-11 22:41:00,33885.0,33909.0,33869.0,33896.0,455
MTX,202602,2026-02-11 22:42:00,33898.0,33915.0,33889.0,33901.0,347
MTX,202602,2026-02-11 22:43:00,33900.0,33928.0,33900.0,33914.0,411
MTX,202602,2026-02-11 22:44:00,33918.0,33934.0,33915.0,33930.0,451
MTX,202602,2026-02-11 22:45:00,33932.0,33954.0,33924.0,33952.0,716
MTX,202602,2026-02-11 22:46:00,33952.0,33965.0,33924.0,33936.0,796
MTX,202602,2026-02-11 22:47:00,33937.0,33958.0,33934.0,33946.0,405
MTX,202602,2026-02-11 22:48:00,33942.0,33979.0,33941.0,33976.0,455
MTX,202602,2026-02-11 22:49:00,33978.0,33980.0,33959.0,33971.0,369
MTX,202602,2026-02-11 22:50:00,33975.0,33983.0,33941.0,33955.0,549
MTX,202602,2026-02-11 22:51:00,33956.0,33983.0,33947.0,33966.0,314
MTX,202602,2026-02-11 22:52:00,33961.0,33973.0,33942.0,33956.0,342
MTX,202602,2026-02-11 22:53:00,33951.0,33956.0,33924.0,33954.0,501
MTX,202602,2026-02-11 22:54:00,33955.0,33975.0,33951.0,33970.0,294
MTX,202602,2026-02-11 22:55:00,33970.0,33984.0,33959.0,33959.0,371
MTX,202602,2026-02-11 22:56:00,33957.0,33966.0,33943.0,33956.0,251
MTX,202602,2026-02-11 22:57:00,33958.0,33959.0,33913.0,33934.0,580
MTX,202602,2026-02-11 22:58:00,33936.0,33937.0,33905.0,33905.0,489
MTX,202602,2026-02-11 22:59:00,33905.0,33927.0,33901.0,33923.0,341
MTX,202602,2026-02-11 23:00:00,33927.0,33937.0,33913.0,33923.0,442
MTX,202602,2026-02-11 23:01:00,33921.0,33970.0,33917.0,33960.0,576
MTX,202602,2026-02-11 23:02:00,33957.0,33963.0,33898.0,33903.0,751
MTX,202602,2026-02-11 23:03:00,33903.0,33926.0,33898.0,33911.0,254
MTX,202602,2026-02-11 23:04:00,33910.0,33925.0,33898.0,33902.0,260
MTX,202602,2026-02-11 23:05:00,33903.0,33929.0,33889.0,33926.0,496
MTX,202602,2026-02-11 23:06:00,33922.0,33926.0,33898.0,33909.0,245
MTX,202602,2026-02-11 23:07:00,33905.0,33907.0,33873.0,33883.0,632
MTX,202602,2026-02-11 23:08:00,33883.0,33893.0,33880.0,33884.0,233
MTX,202602,2026-02-11 23:09:00,33882.0,33883.0,33861.0,33862.0,437
MTX,202602,2026-02-11 23:10:00,33861.0,33865.0,33834.0,33844.0,844
MTX,202602,2026-02-11 23:11:00,33842.0,33843.0,33779.0,33785.0,1172
MTX,202602,2026-02-11 23:12:00,33785.0,33786.0,33713.0,33730.0,1346
MTX,202602,2026-02-11 23:13:00,33730.0,33748.0,33660.0,33688.0,1478
MTX,202602,2026-02-11 23:14:00,33689.0,33773.0,33672.0,33765.0,1203
MTX,202602,2026-02-11 23:15:00,33762.0,33784.0,33733.0,33737.0,865
MTX,202602,2026-02-11 23:16:00,33741.0,33741.0,33701.0,33712.0,661
MTX,202602,2026-02-11 23:17:00,33708.0,33743.0,33708.0,33721.0,455
MTX,202602,2026-02-11 23:18:00,33721.0,33743.0,33681.0,33731.0,688
MTX,202602,2026-02-11 23:19:00,33728.0,33731.0,33675.0,33680.0,558
MTX,202602,2026-02-11 23:20:00,33679.0,33697.0,33637.0,33640.0,1032
MTX,202602,2026-02-11 23:21:00,33639.0,33709.0,33639.0,33693.0,827
MTX,202602,2026-02-11 23:22:00,33697.0,33722.0,33688.0,33703.0,504
MTX,202602,2026-02-11 23:23:00,33699.0,33720.0,33673.0,33686.0,462
MTX,202602,2026-02-11 23:24:00,33688.0,33688.0,33626.0,33662.0,804
MTX,202602,2026-02-11 23:25:00,33658.0,33683.0,33649.0,33657.0,387
MTX,202602,2026-02-11 23:26:00,33653.0,33661.0,33622.0,33642.0,617
MTX,202602,2026-02-11 23:27:00,33645.0,33666.0,33629.0,33643.0,477
MTX,202602,2026-02-11 23:28:00,33645.0,33705.0,33644.0,33685.0,718
MTX,202602,2026-02-11 23:29:00,33683.0,33705.0,33659.0,33661.0,486
MTX,202602,2026-02-11 23:30:00,33661.0,33683.0,33654.0,33672.0,368
MTX,202602,2026-02-11 23:31:00,33672.0,33712.0,33667.0,33702.0,556
MTX,202602,2026-02-11 23:32:00,33703.0,33727.0,33690.0,33723.0,532
MTX,202602,2026-02-11 23:33:00,33723.0,33724.0,33695.0,33719.0,305
MTX,202602,2026-02-11 23:34:00,33719.0,33732.0,33711.0,33729.0,329
MTX,202602,2026-02-11 23:35:00,33730.0,33751.0,33720.0,33751.0,479
MTX,202602,2026-02-11 23:36:00,33751.0,33765.0,33738.0,33741.0,587
MTX,202602,2026-02-11 23:37:00,33740.0,33743.0,33697.0,33721.0,538
MTX,202602,2026-02-11 23:38:00,33721.0,33748.0,33716.0,33744.0,220
MTX,202602,2026-02-11 23:39:00,33743.0,33755.0,33734.0,33750.0,262
MTX,202602,2026-02-11 23:40:00,33752.0,33774.0,33749.0,33771.0,509
MTX,202602,2026-02-11 23:41:00,33773.0,33783.0,33759.0,33763.0,339
MTX,202602,2026-02-11 23:42:00,33764.0,33770.0,33741.0,33768.0,320
MTX,202602,2026-02-11 23:43:00,33770.0,33776.0,33725.0,33735.0,390
MTX,202602,2026-02-11 23:44:00,33734.0,33765.0,33732.0,33757.0,232
MTX,202602,2026-02-11 23:45:00,33755.0,33774.0,33747.0,33747.0,286
MTX,202602,2026-02-11 23:46:00,33744.0,33756.0,33743.0,33743.0,156
MTX,202602,2026-02-11 23:47:00,33743.0,33753.0,33736.0,33745.0,205
MTX,202602,2026-02-11 23:48:00,33744.0,33744.0,33723.0,33727.0,202
MTX,202602,2026-02-11 23:49:00,33725.0,33731.0,33692.0,33702.0,530
MTX,202602,2026-02-11 23:50:00,33702.0,33716.0,33683.0,33699.0,295
MTX,202602,2026-02-11 23:51:00,33700.0,33741.0,33699.0,33733.0,336
MTX,202602,2026-02-11 23:52:00,33733.0,33783.0,33729.0,33780.0,556
MTX,202602,2026-02-11 23:53:00,33782.0,33823.0,33781.0,33807.0,858
MTX,202602,2026-02-11 23:54:00,33808.0,33827.0,33802.0,33826.0,413
MTX,202602,2026-02-11 23:55:00,33824.0,33833.0,33816.0,33826.0,333
MTX,202602,2026-02-11 23:56:00,33826.0,33830.0,33802.0,33817.0,274
MTX,202602,2026-02-11 23:57:00,33817.0,33830.0,33812.0,33812.0,201
MTX,202602,2026-02-11 23:58:00,33813.0,33820.0,33802.0,33815.0,188
MTX,202602,2026-02-11 23:59:00,33819.0,33819.0,33802.0,33813.0,104
MTX,202602,2026-02-12 00:00:00,33812.0,33821.0,33796.0,33803.0,396
MTX,202602,2026-02-12 00:01:00,33801.0,33824.0,33799.0,33824.0,215
MTX,202602,2026-02-12 00:02:00,33824.0,33829.0,33805.0,33805.0,250
MTX,202602,2026-02-12 00:03:00,33803.0,33807.0,33784.0,33790.0,274
MTX,202602,2026-02-12 00:04:00,33790.0,33805.0,33788.0,33795.0,148
MTX,202602,2026-02-12 00:05:00,33797.0,33802.0,33786.0,33788.0,143
MTX,202602,2026-02-12 00:06:00,33789.0,33799.0,33776.0,33793.0,268
MTX,202602,2026-02-12 00:07:00,33795.0,33796.0,33780.0,33786.0,136
MTX,202602,2026-02-12 00:08:00,33785.0,33785.0,33768.0,33774.0,265
MTX,202602,2026-02-12 00:09:00,33774.0,33782.0,33761.0,33761.0,255
MTX,202602,2026-02-12 00:10:00,33761.0,33817.0,33752.0,33809.0,470
MTX,202602,2026-02-12 00:11:00,33807.0,33835.0,33794.0,33831.0,356
MTX,202602,2026-02-12 00:12:00,33833.0,33841.0,33820.0,33841.0,439
MTX,202602,2026-02-12 00:13:00,33840.0,33847.0,33833.0,33847.0,297
MTX,202602,2026-02-12 00:14:00,33847.0,33855.0,33837.0,33851.0,298
MTX,202602,2026-02-12 00:15:00,33846.0,33851.0,33823.0,33829.0,274
MTX,202602,2026-02-12 00:16:00,33830.0,33840.0,33827.0,33835.0,119
MTX,202602,2026-02-12 00:17:00,33835.0,33861.0,33835.0,33843.0,346
MTX,202602,2026-02-12 00:18:00,33844.0,33848.0,33836.0,33843.0,113
MTX,202602,2026-02-12 00:19:00,33843.0,33872.0,33840.0,33871.0,284
MTX,202602,2026-02-12 00:20:00,33869.0,33886.0,33869.0,33884.0,336
MTX,202602,2026-02-12 00:21:00,33883.0,33893.0,33880.0,33883.0,286
MTX,202602,2026-02-12 00:22:00,33883.0,33894.0,33872.0,33892.0,183
MTX,202602,2026-02-12 00:23:00,33893.0,33904.0,33884.0,33889.0,221
MTX,202602,2026-02-12 00:24:00,33890.0,33904.0,33881.0,33883.0,200
MTX,202602,2026-02-12 00:25:00,33883.0,33891.0,33871.0,33871.0,169
MTX,202602,2026-02-12 00:26:00,33871.0,33871.0,33844.0,33852.0,362
MTX,202602,2026-02-12 00:27:00,33849.0,33849.0,33823.0,33824.0,304
MTX,202602,2026-02-12 00:28:00,33823.0,33840.0,33807.0,33820.0,354
MTX,202602,2026-02-12 00:29:00,33821.0,33821.0,33806.0,33806.0,255
MTX,202602,2026-02-12 00:30:00,33807.0,33852.0,33795.0,33851.0,436
MTX,202602,2026-02-12 00:31:00,33851.0,33856.0,33833.0,33838.0,279
MTX,202602,2026-02-12 00:32:00,33838.0,33842.0,33821.0,33822.0,154
MTX,202602,2026-02-12 00:33:00,33823.0,33858.0,33820.0,33853.0,174
MTX,202602,2026-02-12 00:34:00,33855.0,33855.0,33828.0,33834.0,111
MTX,202602,2026-02-12 00:35:00,33835.0,33841.0,33822.0,33823.0,158
MTX,202602,2026-02-12 00:36:00,33823.0,33838.0,33815.0,33815.0,139
MTX,202602,2026-02-12 00:37:00,33815.0,33830.0,33814.0,33822.0,124
MTX,202602,2026-02-12 00:38:00,33826.0,33847.0,33824.0,33827.0,182
MTX,202602,2026-02-12 00:39:00,33831.0,33852.0,33825.0,33852.0,136
MTX,202602,2026-02-12 00:40:00,33852.0,33876.0,33852.0,33870.0,400
MTX,202602,2026-02-12 00:41:00,33873.0,33874.0,33852.0,33853.0,138
MTX,202602,2026-02-12 00:42:00,33852.0,33852.0,33840.0,33848.0,121
MTX,202602,2026-02-12 00:43:00,33847.0,33847.0,33836.0,33836.0,98
MTX,202602,2026-02-12 00:44:00,33836.0,33855.0,33830.0,33845.0,122
MTX,202602,2026-02-12 00:45:00,33845.0,33850.0,33834.0,33843.0,72
MTX,202602,2026-02-12 00:46:00,33845.0,33860.0,33845.0,33860.0,82
MTX,202602,2026-02-12 00:47:00,33860.0,33860.0,33848.0,33848.0,96
MTX,202602,2026-02-12 00:48:00,33848.0,33850.0,33833.0,33835.0,110
MTX,202602,2026-02-12 00:49:00,33832.0,33844.0,33823.0,33829.0,156
MTX,202602,2026-02-12 00:50:00,33830.0,33832.0,33823.0,33823.0,74
MTX,202602,2026-02-12 00:51:00,33823.0,33846.0,33822.0,33840.0,120
MTX,202602,2026-02-12 00:52:00,33836.0,33844.0,33834.0,33839.0,46
MTX,202602,2026-02-12 00:53:00,33840.0,33845.0,33835.0,33838.0,57
MTX,202602,2026-02-12 00:54:00,33835.0,33840.0,33834.0,33835.0,26
MTX,202602,2026-02-12 00:55:00,33834.0,33837.0,33826.0,33837.0,73
MTX,202602,2026-02-12 00:56:00,33832.0,33832.0,33808.0,33821.0,182
MTX,202602,2026-02-12 00:57:00,33820.0,33828.0,33815.0,33816.0,71
MTX,202602,2026-02-12 00:58:00,33815.0,33822.0,33806.0,33810.0,100
MTX,202602,2026-02-12 00:59:00,33812.0,33813.0,33795.0,33799.0,177
MTX,202602,2026-02-12 01:00:00,33801.0,33808.0,33786.0,33795.0,283
MTX,202602,2026-02-12 01:01:00,33795.0,33797.0,33746.0,33759.0,469
MTX,202602,2026-02-12 01:02:00,33758.0,33758.0,33728.0,33752.0,433
MTX,202602,2026-02-12 01:03:00,33750.0,33772.0,33745.0,33758.0,249
MTX,202602,2026-02-12 01:04:00,33756.0,33771.0,33752.0,33753.0,167
MTX,202602,2026-02-12 01:05:00,33752.0,33771.0,33750.0,33763.0,136
MTX,202602,2026-02-12 01:06:00,33762.0,33783.0,33760.0,33782.0,169
MTX,202602,2026-02-12 01:07:00,33782.0,33795.0,33775.0,33791.0,221
MTX,202602,2026-02-12 01:08:00,33789.0,33810.0,33780.0,33809.0,200
MTX,202602,2026-02-12 01:09:00,33809.0,33825.0,33808.0,33824.0,267
MTX,202602,2026-02-12 01:10:00,33825.0,33832.0,33814.0,33816.0,204
MTX,202602,2026-02-12 01:11:00,33820.0,33836.0,33802.0,33802.0,142
MTX,202602,2026-02-12 01:12:00,33803.0,33827.0,33801.0,33827.0,142
MTX,202602,2026-02-12 01:13:00,33826.0,33828.0,33817.0,33817.0,47
MTX,202602,2026-02-12 01:14:00,33824.0,33830.0,33814.0,33819.0,65
MTX,202602,2026-02-12 01:15:00,33822.0,33825.0,33812.0,33818.0,74
MTX,202602,2026-02-12 01:16:00,33817.0,33850.0,33810.0,33844.0,275
MTX,202602,2026-02-12 01:17:00,33845.0,33866.0,33836.0,33838.0,249
MTX,202602,2026-02-12 01:18:00,33835.0,33846.0,33816.0,33827.0,139
MTX,202602,2026-02-12 01:19:00,33825.0,33834.0,33820.0,33828.0,56
MTX,202602,2026-02-12 01:20:00,33830.0,33849.0,33815.0,33827.0,135
MTX,202602,2026-02-12 01:21:00,33826.0,33842.0,33824.0,33839.0,69
MTX,202602,2026-02-12 01:22:00,33840.0,33863.0,33839.0,33863.0,159
MTX,202602,2026-02-12 01:23:00,33863.0,33870.0,33858.0,33863.0,186
MTX,202602,2026-02-12 01:24:00,33865.0,33874.0,33864.0,33874.0,114
MTX,202602,2026-02-12 01:25:00,33875.0,33898.0,33875.0,33894.0,288
MTX,202602,2026-02-12 01:26:00,33894.0,33906.0,33893.0,33895.0,288
MTX,202602,2026-02-12 01:27:00,33897.0,33901.0,33892.0,33893.0,90
MTX,202602,2026-02-12 01:28:00,33893.0,33901.0,33886.0,33901.0,117
MTX,202602,2026-02-12 01:29:00,33903.0,33912.0,33895.0,33907.0,165
MTX,202602,2026-02-12 01:30:00,33905.0,33910.0,33894.0,33894.0,104
MTX,202602,2026-02-12 01:31:00,33894.0,33901.0,33889.0,33900.0,101
MTX,202602,2026-02-12 01:32:00,33899.0,33903.0,33890.0,33895.0,69
MTX,202602,2026-02-12 01:33:00,33895.0,33903.0,33889.0,33900.0,59
MTX,202602,2026-02-12 01:34:00,33901.0,33901.0,33886.0,33887.0,50
MTX,202602,2026-02-12 01:35:00,33887.0,33888.0,33879.0,33881.0,117
MTX,202602,2026-02-12 01:36:00,33882.0,33883.0,33869.0,33869.0,141
MTX,202602,2026-02-12 01:37:00,33870.0,33871.0,33860.0,33869.0,127
MTX,202602,2026-02-12 01:38:00,33870.0,33872.0,33858.0,33872.0,79
MTX,202602,2026-02-12 01:39:00,33873.0,33879.0,33868.0,33868.0,44
MTX,202602,2026-02-12 01:40:00,33868.0,33888.0,33867.0,33887.0,84
MTX,202602,2026-02-12 01:41:00,33888.0,33892.0,33875.0,33886.0,102
MTX,202602,2026-02-12 01:42:00,33884.0,33888.0,33877.0,33888.0,47
MTX,202602,2026-02-12 01:43:00,33889.0,33906.0,33888.0,33898.0,107
MTX,202602,2026-02-12 01:44:00,33897.0,33904.0,33888.0,33901.0,73
MTX,202602,2026-02-12 01:45:00,33900.0,33905.0,33878.0,33881.0,117
MTX,202602,2026-02-12 01:46:00,33884.0,33897.0,33884.0,33896.0,26
MTX,202602,2026-02-12 01:47:00,33896.0,33896.0,33884.0,33890.0,59
MTX,202602,2026-02-12 01:48:00,33892.0,33900.0,33888.0,33894.0,43
MTX,202602,2026-02-12 01:49:00,33897.0,33904.0,33894.0,33902.0,75
MTX,202602,2026-02-12 01:50:00,33901.0,33901.0,33889.0,33892.0,36
MTX,202602,2026-02-12 01:51:00,33892.0,33918.0,33890.0,33898.0,227
MTX,202602,2026-02-12 01:52:00,33901.0,33905.0,33892.0,33893.0,71
MTX,202602,2026-02-12 01:53:00,33891.0,33898.0,33880.0,33886.0,83
MTX,202602,2026-02-12 01:54:00,33888.0,33891.0,33884.0,33891.0,57
MTX,202602,2026-02-12 01:55:00,33892.0,33892.0,33876.0,33876.0,62
MTX,202602,2026-02-12 01:56:00,33877.0,33880.0,33869.0,33869.0,80
MTX,202602,2026-02-12 01:57:00,33870.0,33879.0,33862.0,33862.0,82
MTX,202602,2026-02-12 01:58:00,33866.0,33868.0,33855.0,33866.0,107
MTX,202602,2026-02-12 01:59:00,33866.0,33868.0,33859.0,33867.0,65
MTX,202602,2026-02-12 02:00:00,33865.0,33875.0,33863.0,33875.0,61
MTX,202602,2026-02-12 02:01:00,33875.0,33875.0,33864.0,33864.0,36
MTX,202602,2026-02-12 02:02:00,33868.0,33884.0,33845.0,33884.0,193
MTX,202602,2026-02-12 02:03:00,33882.0,33903.0,33881.0,33893.0,163
MTX,202602,2026-02-12 02:04:00,33892.0,33897.0,33886.0,33886.0,39
MTX,202602,2026-02-12 02:05:00,33885.0,33888.0,33870.0,33874.0,68
MTX,202602,2026-02-12 02:06:00,33875.0,33883.0,33867.0,33867.0,59
MTX,202602,2026-02-12 02:07:00,33868.0,33874.0,33860.0,33870.0,58
MTX,202602,2026-02-12 02:08:00,33868.0,33873.0,33866.0,33870.0,37
MTX,202602,2026-02-12 02:09:00,33870.0,33872.0,33856.0,33857.0,55
MTX,202602,2026-02-12 02:10:00,33857.0,33857.0,33833.0,33849.0,133
MTX,202602,2026-02-12 02:11:00,33846.0,33860.0,33844.0,33860.0,64
MTX,202602,2026-02-12 02:12:00,33858.0,33858.0,33842.0,33843.0,55
MTX,202602,2026-02-12 02:13:00,33843.0,33850.0,33837.0,33847.0,58
MTX,202602,2026-02-12 02:14:00,33845.0,33845.0,33839.0,33844.0,31
MTX,202602,2026-02-12 02:15:00,33840.0,33851.0,33838.0,33840.0,54
MTX,202602,2026-02-12 02:16:00,33839.0,33875.0,33838.0,33872.0,127
MTX,202602,2026-02-12 02:17:00,33873.0,33880.0,33868.0,33879.0,79
MTX,202602,2026-02-12 02:18:00,33880.0,33886.0,33877.0,33877.0,106
MTX,202602,2026-02-12 02:19:00,33880.0,33880.0,33853.0,33857.0,66
MTX,202602,2026-02-12 02:20:00,33858.0,33862.0,33851.0,33852.0,47
MTX,202602,2026-02-12 02:21:00,33853.0,33858.0,33852.0,33854.0,46
MTX,202602,2026-02-12 02:22:00,33853.0,33865.0,33853.0,33865.0,35
MTX,202602,2026-02-12 02:23:00,33862.0,33863.0,33858.0,33860.0,25
MTX,202602,2026-02-12 02:24:00,33862.0,33870.0,33862.0,33864.0,39
MTX,202602,2026-02-12 02:25:00,33862.0,33869.0,33861.0,33864.0,21
MTX,202602,2026-02-12 02:26:00,33865.0,33870.0,33861.0,33864.0,11
MTX,202602,2026-02-12 02:27:00,33870.0,33880.0,33870.0,33875.0,55
MTX,202602,2026-02-12 02:28:00,33878.0,33891.0,33877.0,33888.0,107
MTX,202602,2026-02-12 02:29:00,33887.0,33888.0,33880.0,33886.0,53
MTX,202602,2026-02-12 02:30:00,33888.0,33891.0,33875.0,33881.0,88
MTX,202602,2026-02-12 02:31:00,33882.0,33886.0,33877.0,33879.0,28
MTX,202602,2026-02-12 02:32:00,33878.0,33878.0,33870.0,33874.0,42
MTX,202602,2026-02-12 02:33:00,33878.0,33883.0,33875.0,33881.0,19
MTX,202602,2026-02-12 02:34:00,33877.0,33877.0,33870.0,33870.0,15
MTX,202602,2026-02-12 02:35:00,33868.0,33883.0,33868.0,33878.0,36
MTX,202602,2026-02-12 02:36:00,33870.0,33879.0,33862.0,33878.0,41
MTX,202602,2026-02-12 02:37:00,33879.0,33879.0,33872.0,33875.0,22
MTX,202602,2026-02-12 02:38:00,33876.0,33889.0,33872.0,33889.0,30
MTX,202602,2026-02-12 02:39:00,33888.0,33895.0,33884.0,33892.0,62
MTX,202602,2026-02-12 02:40:00,33890.0,33892.0,33874.0,33874.0,40
MTX,202602,2026-02-12 02:41:00,33877.0,33881.0,33874.0,33874.0,15
MTX,202602,2026-02-12 02:42:00,33876.0,33879.0,33874.0,33874.0,32
MTX,202602,2026-02-12 02:43:00,33880.0,33880.0,33870.0,33874.0,19
MTX,202602,2026-02-12 02:44:00,33873.0,33876.0,33867.0,33875.0,30
MTX,202602,2026-02-12 02:45:00,33876.0,33878.0,33875.0,33878.0,6
MTX,202602,2026-02-12 02:46:00,33878.0,33889.0,33878.0,33887.0,41
MTX,202602,2026-02-12 02:47:00,33889.0,33892.0,33883.0,33883.0,40
MTX,202602,2026-02-12 02:48:00,33882.0,33885.0,33880.0,33883.0,15
MTX,202602,2026-02-12 02:49:00,33885.0,33893.0,33884.0,33893.0,45
MTX,202602,2026-02-12 02:50:00,33894.0,33896.0,33863.0,33884.0,128
MTX,202602,2026-02-12 02:51:00,33881.0,33884.0,33880.0,33884.0,16
MTX,202602,2026-02-12 02:52:00,33882.0,33888.0,33881.0,33888.0,27
MTX,202602,2026-02-12 02:53:00,33888.0,33896.0,33888.0,33892.0,50
MTX,202602,2026-02-12 02:54:00,33894.0,33899.0,33886.0,33894.0,115
MTX,202602,2026-02-12 02:55:00,33895.0,33903.0,33893.0,33900.0,81
MTX,202602,2026-02-12 02:56:00,33899.0,33903.0,33893.0,33894.0,28
MTX,202602,2026-02-12 02:57:00,33898.0,33900.0,33886.0,33886.0,32
MTX,202602,2026-02-12 02:58:00,33886.0,33886.0,33876.0,33882.0,33
MTX,202602,2026-02-12 02:59:00,33885.0,33885.0,33881.0,33883.0,17
MTX,202602,2026-02-12 03:00:00,33880.0,33883.0,33876.0,33883.0,49
MTX,202602,2026-02-12 03:01:00,33880.0,33883.0,33875.0,33876.0,52
MTX,202602,2026-02-12 03:02:00,33875.0,33888.0,33874.0,33886.0,39
MTX,202602,2026-02-12 03:03:00,33887.0,33887.0,33870.0,33873.0,34
MTX,202602,2026-02-12 03:04:00,33872.0,33883.0,33871.0,33882.0,55
MTX,202602,2026-02-12 03:05:00,33883.0,33883.0,33865.0,33866.0,46
MTX,202602,2026-02-12 03:06:00,33866.0,33872.0,33865.0,33871.0,14
MTX,202602,2026-02-12 03:07:00,33869.0,33873.0,33867.0,33873.0,23
MTX,202602,2026-02-12 03:08:00,33875.0,33880.0,33872.0,33877.0,37
MTX,202602,2026-02-12 03:09:00,33877.0,33894.0,33860.0,33880.0,279
MTX,202602,2026-02-12 03:10:00,33885.0,33885.0,33883.0,33884.0,13
MTX,202602,2026-02-12 03:11:00,33886.0,33889.0,33883.0,33884.0,36
MTX,202602,2026-02-12 03:12:00,33887.0,33896.0,33887.0,33893.0,37
MTX,202602,2026-02-12 03:13:00,33892.0,33908.0,33890.0,33908.0,115
MTX,202602,2026-02-12 03:14:00,33908.0,33910.0,33905.0,33905.0,49
MTX,202602,2026-02-12 03:15:00,33904.0,33915.0,33904.0,33914.0,54
MTX,202602,2026-02-12 03:16:00,33912.0,33914.0,33905.0,33905.0,34
MTX,202602,2026-02-12 03:17:00,33905.0,33910.0,33905.0,33909.0,26
MTX,202602,2026-02-12 03:18:00,33909.0,33917.0,33909.0,33913.0,42
MTX,202602,2026-02-12 03:19:00,33912.0,33915.0,33911.0,33912.0,23
MTX,202602,2026-02-12 03:20:00,33915.0,33922.0,33912.0,33921.0,48
MTX,202602,2026-02-12 03:21:00,33923.0,33930.0,33920.0,33927.0,97
MTX,202602,2026-02-12 03:22:00,33926.0,33926.0,33920.0,33922.0,24
MTX,202602,2026-02-12 03:23:00,33922.0,33935.0,33922.0,33930.0,53
MTX,202602,2026-02-12 03:24:00,33933.0,33937.0,33931.0,33937.0,37
MTX,202602,2026-02-12 03:25:00,33935.0,33939.0,33933.0,33938.0,44
MTX,202602,2026-02-12 03:26:00,33938.0,33943.0,33934.0,33938.0,63
MTX,202602,2026-02-12 03:27:00,33938.0,33938.0,33931.0,33931.0,12
MTX,202602,2026-02-12 03:28:00,33933.0,33936.0,33927.0,33933.0,61
MTX,202602,2026-02-12 03:29:00,33933.0,33934.0,33931.0,33934.0,8
MTX,202602,2026-02-12 03:30:00,33932.0,33933.0,33918.0,33921.0,57
MTX,202602,2026-02-12 03:31:00,33919.0,33928.0,33919.0,33925.0,48
MTX,202602,2026-02-12 03:32:00,33923.0,33925.0,33922.0,33922.0,9
MTX,202602,2026-02-12 03:33:00,33923.0,33923.0,33920.0,33922.0,19
MTX,202602,2026-02-12 03:34:00,33923.0,33928.0,33923.0,33928.0,16
MTX,202602,2026-02-12 03:35:00,33930.0,33936.0,33930.0,33935.0,27
MTX,202602,2026-02-12 03:36:00,33933.0,33936.0,33928.0,33934.0,24
MTX,202602,2026-02-12 03:37:00,33931.0,33931.0,33926.0,33929.0,28
MTX,202602,2026-02-12 03:38:00,33929.0,33930.0,33925.0,33925.0,17
MTX,202602,2026-02-12 03:39:00,33925.0,33927.0,33922.0,33924.0,18
MTX,202602,2026-02-12 03:40:00,33925.0,33929.0,33923.0,33927.0,22
MTX,202602,2026-02-12 03:41:00,33925.0,33926.0,33918.0,33920.0,32
MTX,202602,2026-02-12 03:42:00,33920.0,33928.0,33920.0,33928.0,10
MTX,202602,2026-02-12 03:43:00,33928.0,33933.0,33928.0,33932.0,20
MTX,202602,2026-02-12 03:44:00,33931.0,33940.0,33926.0,33940.0,45
MTX,202602,2026-02-12 03:45:00,33940.0,33942.0,33901.0,33901.0,120
MTX,202602,2026-02-12 03:46:00,33901.0,33932.0,33891.0,33932.0,105
MTX,202602,2026-02-12 03:47:00,33933.0,33942.0,33925.0,33928.0,51
MTX,202602,2026-02-12 03:48:00,33931.0,33935.0,33928.0,33934.0,19
MTX,202602,2026-02-12 03:49:00,33931.0,33931.0,33922.0,33930.0,13
MTX,202602,2026-02-12 03:50:00,33929.0,33929.0,33916.0,33916.0,35
MTX,202602,2026-02-12 03:51:00,33920.0,33921.0,33910.0,33921.0,38
MTX,202602,2026-02-12 03:52:00,33922.0,33924.0,33919.0,33919.0,35
MTX,202602,2026-02-12 03:53:00,33919.0,33920.0,33914.0,33917.0,41
MTX,202602,2026-02-12 03:54:00,33916.0,33921.0,33913.0,33914.0,37
MTX,202602,2026-02-12 03:55:00,33919.0,33919.0,33900.0,33907.0,59
MTX,202602,2026-02-12 03:56:00,33908.0,33910.0,33903.0,33906.0,25
MTX,202602,2026-02-12 03:57:00,33910.0,33916.0,33906.0,33916.0,32
MTX,202602,2026-02-12 03:58:00,33914.0,33914.0,33897.0,33899.0,62
MTX,202602,2026-02-12 03:59:00,33898.0,33906.0,33896.0,33905.0,50
MTX,202602,2026-02-12 04:00:00,33903.0,33906.0,33877.0,33900.0,339
MTX,202602,2026-02-12 04:01:00,33898.0,33911.0,33895.0,33905.0,173
MTX,202602,2026-02-12 04:02:00,33906.0,33910.0,33904.0,33906.0,13
MTX,202602,2026-02-12 04:03:00,33905.0,33906.0,33900.0,33903.0,25
MTX,202602,2026-02-12 04:04:00,33903.0,33908.0,33901.0,33901.0,16
MTX,202602,2026-02-12 04:05:00,33903.0,33910.0,33902.0,33908.0,27
MTX,202602,2026-02-12 04:06:00,33910.0,33917.0,33901.0,33903.0,52
MTX,202602,2026-02-12 04:07:00,33904.0,33904.0,33894.0,33900.0,49
MTX,202602,2026-02-12 04:08:00,33899.0,33901.0,33896.0,33897.0,26
MTX,202602,2026-02-12 04:09:00,33899.0,33902.0,33899.0,33899.0,5
MTX,202602,2026-02-12 04:10:00,33900.0,33904.0,33897.0,33904.0,30
MTX,202602,2026-02-12 04:11:00,33900.0,33904.0,33900.0,33903.0,5
MTX,202602,2026-02-12 04:12:00,33904.0,33904.0,33900.0,33901.0,39
MTX,202602,2026-02-12 04:13:00,33901.0,33911.0,33900.0,33908.0,35
MTX,202602,2026-02-12 04:14:00,33908.0,33908.0,33902.0,33902.0,16
MTX,202602,2026-02-12 04:15:00,33903.0,33909.0,33900.0,33909.0,27
MTX,202602,2026-02-12 04:16:00,33907.0,33914.0,33907.0,33912.0,35
MTX,202602,2026-02-12 04:17:00,33913.0,33913.0,33907.0,33910.0,24
MTX,202602,2026-02-12 04:18:00,33906.0,33914.0,33905.0,33914.0,13
MTX,202602,2026-02-12 04:19:00,33915.0,33924.0,33915.0,33918.0,53
MTX,202602,2026-02-12 04:20:00,33916.0,33916.0,33905.0,33912.0,49
MTX,202602,2026-02-12 04:21:00,33911.0,33922.0,33909.0,33917.0,31
MTX,202602,2026-02-12 04:22:00,33915.0,33917.0,33906.0,33913.0,43
MTX,202602,2026-02-12 04:23:00,33911.0,33920.0,33911.0,33920.0,39
MTX,202602,2026-02-12 04:24:00,33922.0,33923.0,33919.0,33919.0,24
MTX,202602,2026-02-12 04:25:00,33917.0,33926.0,33917.0,33923.0,20
MTX,202602,2026-02-12 04:26:00,33922.0,33924.0,33917.0,33924.0,57
MTX,202602,2026-02-12 04:27:00,33922.0,33927.0,33920.0,33923.0,30
MTX,202602,2026-02-12 04:28:00,33921.0,33923.0,33920.0,33922.0,12
MTX,202602,2026-02-12 04:29:00,33920.0,33922.0,33913.0,33916.0,42
MTX,202602,2026-02-12 04:30:00,33914.0,33915.0,33904.0,33915.0,72
MTX,202602,2026-02-12 04:31:00,33913.0,33916.0,33908.0,33914.0,15
MTX,202602,2026-02-12 04:32:00,33915.0,33925.0,33912.0,33915.0,47
MTX,202602,2026-02-12 04:33:00,33915.0,33920.0,33912.0,33915.0,47
MTX,202602,2026-02-12 04:34:00,33917.0,33920.0,33915.0,33920.0,17
MTX,202602,2026-02-12 04:35:00,33920.0,33921.0,33912.0,33919.0,22
MTX,202602,2026-02-12 04:36:00,33920.0,33929.0,33917.0,33925.0,84
MTX,202602,2026-02-12 04:37:00,33929.0,33938.0,33929.0,33936.0,68
MTX,202602,2026-02-12 04:38:00,33937.0,33945.0,33935.0,33937.0,103
MTX,202602,2026-02-12 04:39:00,33936.0,33946.0,33934.0,33946.0,55
MTX,202602,2026-02-12 04:40:00,33947.0,33960.0,33943.0,33960.0,154
MTX,202602,2026-02-12 04:41:00,33958.0,33961.0,33955.0,33956.0,77
MTX,202602,2026-02-12 04:42:00,33955.0,33958.0,33952.0,33955.0,58
MTX,202602,2026-02-12 04:43:00,33954.0,33965.0,33953.0,33961.0,36
MTX,202602,2026-02-12 04:44:00,33961.0,33962.0,33958.0,33960.0,57
MTX,202602,2026-02-12 04:45:00,33960.0,33961.0,33952.0,33952.0,101
MTX,202602,2026-02-12 04:46:00,33951.0,33952.0,33946.0,33951.0,31
MTX,202602,2026-02-12 04:47:00,33953.0,33956.0,33950.0,33956.0,43
MTX,202602,2026-02-12 04:48:00,33955.0,33957.0,33950.0,33957.0,62
MTX,202602,2026-02-12 04:49:00,33955.0,33955.0,33948.0,33949.0,48
MTX,202602,2026-02-12 04:50:00,33949.0,33950.0,33937.0,33938.0,73
MTX,202602,2026-02-12 04:51:00,33937.0,33945.0,33936.0,33939.0,42
MTX,202602,2026-02-12 04:52:00,33942.0,33943.0,33938.0,33940.0,48
MTX,202602,2026-02-12 04:53:00,33943.0,33945.0,33941.0,33944.0,40
MTX,202602,2026-02-12 04:54:00,33942.0,33949.0,33940.0,33946.0,87
MTX,202602,2026-02-12 04:55:00,33947.0,33951.0,33941.0,33947.0,127
MTX,202602,2026-02-12 04:56:00,33947.0,33947.0,33933.0,33941.0,149
MTX,202602,2026-02-12 04:57:00,33940.0,33955.0,33940.0,33954.0,60
MTX,202602,2026-02-12 04:58:00,33955.0,33975.0,33954.0,33969.0,161
MTX,202602,2026-02-12 04:59:00,33973.0,33980.0,33955.0,33980.0,172
MTX,202602/202603,2026-02-11 22:04:00,132.0,132.0,132.0,132.0,2
MTX,202602/202603,2026-02-11 22:30:00,145.0,146.0,145.0,146.0,10
MTX,202602/202603,2026-02-11 22:31:00,147.0,147.0,147.0,147.0,10
MTX,202602/202603,2026-02-11 22:32:00,148.0,148.0,148.0,148.0,6
MTX,202602/202603,2026-02-11 22:33:00,144.0,144.0,144.0,144.0,2
MTX,202602/202603,2026-02-11 22:41:00,141.0,141.0,141.0,141.0,10
MTX,202602/202603,2026-02-11 22:42:00,141.0,141.0,141.0,141.0,2
MTX,202602/202603,2026-02-11 22:44:00,141.0,141.0,140.0,140.0,18
MTX,202602/202603,2026-02-11 22:47:00,145.0,145.0,145.0,145.0,2
MTX,202602/202603,2026-02-11 22:51:00,151.0,151.0,151.0,151.0,10
MTX,202603,2026-02-11 15:00:00,33788.0,33832.0,33738.0,33816.0,126
MTX,202603,2026-02-11 15:01:00,33812.0,33815.0,33785.0,33799.0,45
MTX,202603,2026-02-11 15:02:00,33800.0,33818.0,33800.0,33811.0,21
MTX,202603,2026-02-11 15:03:00,33810.0,33810.0,33795.0,33799.0,17
MTX,202603,2026-02-11 15:04:00,33793.0,33809.0,33783.0,33809.0,29
MTX,202603,2026-02-11 15:05:00,33810.0,33812.0,33805.0,33810.0,13
MTX,202603,2026-02-11 15:06:00,33812.0,33826.0,33812.0,33815.0,31
MTX,202603,2026-02-11 15:07:00,33810.0,33811.0,33796.0,33806.0,13
MTX,202603,2026-02-11 15:08:00,33801.0,33802.0,33797.0,33797.0,13
MTX,202603,2026-02-11 15:09:00,33796.0,33800.0,33796.0,33796.0,4
MTX,202603,2026-02-11 15:10:00,33795.0,33795.0,33784.0,33794.0,22
MTX,202603,2026-02-11 15:11:00,33794.0,33795.0,33794.0,33795.0,3
MTX,202603,2026-02-11 15:12:00,33787.0,33792.0,33785.0,33786.0,10
MTX,202603,2026-02-11 15:13:00,33785.0,33790.0,33773.0,33773.0,28
MTX,202603,2026-02-11 15:14:00,33777.0,33777.0,33765.0,33769.0,24
MTX,202603,2026-02-11 15:15:00,33770.0,33777.0,33770.0,33777.0,11
MTX,202603,2026-02-11 15:16:00,33777.0,33783.0,33771.0,33783.0,16
MTX,202603,2026-02-11 15:17:00,33788.0,33803.0,33788.0,33801.0,19
MTX,202603,2026-02-11 15:18:00,33802.0,33813.0,33800.0,33810.0,35
MTX,202603,2026-02-11 15:19:00,33814.0,33818.0,33812.0,33817.0,11
MTX,202603,2026-02-11 15:20:00,33816.0,33816.0,33808.0,33811.0,17
MTX,202603,2026-02-11 15:21:00,33815.0,33840.0,33815.0,33833.0,74
MTX,202603,2026-02-11 15:22:00,33838.0,33838.0,33829.0,33830.0,9
MTX,202603,2026-02-11 15:23:00,33834.0,33834.0,33826.0,33829.0,13
MTX,202603,2026-02-11 15:24:00,33832.0,33838.0,33832.0,33838.0,10
MTX,202603,2026-02-11 15:25:00,33838.0,33840.0,33836.0,33836.0,12
MTX,202603,2026-02-11 15:26:00,33836.0,33848.0,33836.0,33848.0,20
MTX,202603,2026-02-11 15:27:00,33847.0,33849.0,33838.0,33840.0,19
MTX,202603,2026-02-11 15:28:00,33840.0,33840.0,33831.0,33831.0,8
MTX,202603,2026-02-11 15:29:00,33830.0,33832.0,33829.0,33832.0,7
MTX,202603,2026-02-11 15:30:00,33831.0,33831.0,33824.0,33828.0,19
MTX,202603,2026-02-11 15:31:00,33826.0,33826.0,33820.0,33824.0,33
MTX,202603,2026-02-11 15:32:00,33825.0,33825.0,33813.0,33817.0,8
MTX,202603,2026-02-11 15:33:00,33813.0,33821.0,33813.0,33815.0,9
MTX,202603,2026-02-11 15:34:00,33816.0,33825.0,33816.0,33825.0,9
MTX,202603,2026-02-11 15:35:00,33828.0,33833.0,33827.0,33828.0,21
MTX,202603,2026-02-11 15:36:00,33830.0,33830.0,33825.0,33825.0,8
MTX,202603,2026-02-11 15:37:00,33822.0,33823.0,33821.0,33823.0,13
MTX,202603,2026-02-11 15:38:00,33817.0,33824.0,33817.0,33823.0,11
MTX,202603,2026-02-11 15:39:00,33815.0,33816.0,33814.0,33816.0,10
MTX,202603,2026-02-11 15:40:00,33815.0,33815.0,33805.0,33814.0,25
MTX,202603,2026-02-11 15:41:00,33809.0,33809.0,33804.0,33805.0,13
MTX,202603,2026-02-11 15:42:00,33804.0,33810.0,33804.0,33810.0,11
MTX,202603,2026-02-11 15:43:00,33812.0,33817.0,33812.0,33817.0,4
MTX,202603,2026-02-11 15:44:00,33822.0,33822.0,33822.0,33822.0,4
MTX,202603,2026-02-11 15:45:00,33821.0,33827.0,33820.0,33826.0,8
MTX,202603,2026-02-11 15:46:00,33825.0,33834.0,33825.0,33834.0,12
MTX,202603,2026-02-11 15:47:00,33834.0,33840.0,33834.0,33837.0,33
MTX,202603,2026-02-11 15:48:00,33837.0,33837.0,33827.0,33827.0,14
MTX,202603,2026-02-11 15:49:00,33825.0,33825.0,33816.0,33816.0,11
MTX,202603,2026-02-11 15:50:00,33819.0,33819.0,33819.0,33819.0,1
MTX,202603,2026-02-11 15:51:00,33822.0,33822.0,33817.0,33817.0,8
MTX,202603,2026-02-11 15:52:00,33820.0,33820.0,33811.0,33811.0,12
MTX,202603,2026-02-11 15:53:00,33812.0,33815.0,33812.0,33815.0,2
MTX,202603,2026-02-11 15:55:00,33819.0,33819.0,33806.0,33809.0,12
MTX,202603,2026-02-11 15:56:00,33807.0,33807.0,33801.0,33803.0,19
MTX,202603,2026-02-11 15:57:00,33808.0,33815.0,33808.0,33815.0,6
MTX,202603,2026-02-11 15:58:00,33812.0,33816.0,33812.0,33816.0,3
MTX,202603,2026-02-11 15:59:00,33818.0,33822.0,33812.0,33812.0,4
MTX,202603,2026-02-11 16:00:00,33815.0,33832.0,33815.0,33826.0,25
MTX,202603,2026-02-11 16:01:00,33823.0,33832.0,33823.0,33824.0,5
MTX,202603,2026-02-11 16:02:00,33817.0,33827.0,33817.0,33825.0,8
MTX,202603,2026-02-11 16:03:00,33821.0,33821.0,33821.0,33821.0,1
MTX,202603,2026-02-11 16:04:00,33826.0,33841.0,33826.0,33841.0,33
MTX,202603,2026-02-11 16:05:00,33839.0,33842.0,33827.0,33835.0,19
MTX,202603,2026-02-11 16:06:00,33834.0,33834.0,33829.0,33829.0,7
MTX,202603,2026-02-11 16:07:00,33829.0,33829.0,33817.0,33818.0,20
MTX,202603,2026-02-11 16:09:00,33820.0,33820.0,33808.0,33808.0,15
MTX,202603,2026-02-11 16:10:00,33812.0,33812.0,33803.0,33811.0,21
MTX,202603,2026-02-11 16:11:00,33818.0,33825.0,33816.0,33825.0,12
MTX,202603,2026-02-11 16:12:00,33823.0,33826.0,33820.0,33824.0,19
MTX,202603,2026-02-11 16:13:00,33822.0,33822.0,33808.0,33808.0,18
MTX,202603,2026-02-11 16:14:00,33808.0,33808.0,33799.0,33800.0,38
MTX,202603,2026-02-11 16:15:00,33800.0,33803.0,33800.0,33803.0,4
MTX,202603,2026-02-11 16:16:00,33800.0,33806.0,33798.0,33806.0,13
MTX,202603,2026-02-11 16:17:00,33808.0,33815.0,33808.0,33815.0,6
MTX,202603,2026-02-11 16:18:00,33813.0,33813.0,33808.0,33808.0,5
MTX,202603,2026-02-11 16:19:00,33805.0,33805.0,33786.0,33790.0,28
MTX,202603,2026-02-11 16:20:00,33793.0,33808.0,33793.0,33808.0,7
MTX,202603,2026-02-11 16:21:00,33810.0,33813.0,33805.0,33805.0,5
MTX,202603,2026-02-11 16:22:00,33810.0,33810.0,33810.0,33810.0,1
MTX,202603,2026-02-11 16:23:00,33810.0,33813.0,33810.0,33813.0,2
MTX,202603,2026-02-11 16:24:00,33810.0,33814.0,33805.0,33814.0,9
MTX,202603,2026-02-11 16:25:00,33814.0,33823.0,33813.0,33820.0,12
MTX,202603,2026-02-11 16:26:00,33823.0,33829.0,33823.0,33827.0,6
MTX,202603,2026-02-11 16:27:00,33829.0,33834.0,33825.0,33825.0,9
MTX,202603,2026-02-11 16:28:00,33820.0,33821.0,33810.0,33817.0,13
MTX,202603,2026-02-11 16:29:00,33813.0,33813.0,33807.0,33807.0,4
MTX,202603,2026-02-11 16:30:00,33807.0,33811.0,33807.0,33811.0,3
MTX,202603,2026-02-11 16:32:00,33821.0,33829.0,33821.0,33821.0,16
MTX,202603,2026-02-11 16:33:00,33820.0,33821.0,33820.0,33821.0,3
MTX,202603,2026-02-11 16:34:00,33825.0,33830.0,33824.0,33829.0,9
MTX,202603,2026-02-11 16:35:00,33831.0,33838.0,33831.0,33836.0,13
MTX,202603,2026-02-11 16:36:00,33837.0,33839.0,33834.0,33834.0,28
MTX,202603,2026-02-11 16:37:00,33838.0,33840.0,33837.0,33837.0,23
MTX,202603,2026-02-11 16:38:00,33838.0,33840.0,33831.0,33831.0,11
MTX,202603,2026-02-11 16:40:00,33831.0,33832.0,33830.0,33832.0,20
MTX,202603,2026-02-11 16:41:00,33829.0,33830.0,33824.0,33828.0,9
MTX,202603,2026-02-11 16:42:00,33832.0,33832.0,33832.0,33832.0,2
MTX,202603,2026-02-11 16:43:00,33832.0,33832.0,33832.0,33832.0,1
MTX,202603,2026-02-11 16:44:00,33836.0,33843.0,33836.0,33840.0,13
MTX,202603,2026-02-11 16:45:00,33842.0,33843.0,33840.0,33842.0,8
MTX,202603,2026-02-11 16:46:00,33842.0,33843.0,33841.0,33841.0,6
MTX,202603,2026-02-11 16:47:00,33840.0,33840.0,33834.0,33834.0,7
MTX,202603,2026-02-11 16:48:00,33832.0,33832.0,33830.0,33830.0,18
MTX,202603,2026-02-11 16:49:00,33828.0,33828.0,33823.0,33823.0,6
MTX,202603,2026-02-11 16:50:00,33822.0,33824.0,33820.0,33824.0,14
MTX,202603,2026-02-11 16:51:00,33827.0,33827.0,33823.0,33823.0,4
MTX,202603,2026-02-11 16:52:00,33823.0,33826.0,33823.0,33826.0,4
MTX,202603,2026-02-11 16:53:00,33823.0,33826.0,33823.0,33826.0,8
MTX,202603,2026-02-11 16:54:00,33832.0,33832.0,33832.0,33832.0,2
MTX,202603,2026-02-11 16:55:00,33827.0,33827.0,33827.0,33827.0,2
MTX,202603,2026-02-11 16:56:00,33832.0,33836.0,33832.0,33836.0,6
MTX,202603,2026-02-11 16:57:00,33830.0,33830.0,33827.0,33827.0,6
MTX,202603,2026-02-11 16:59:00,33830.0,33830.0,33829.0,33829.0,9
MTX,202603,2026-02-11 17:00:00,33829.0,33833.0,33819.0,33819.0,22
MTX,202603,2026-02-11 17:01:00,33818.0,33828.0,33818.0,33828.0,7
MTX,202603,2026-02-11 17:02:00,33836.0,33840.0,33836.0,33840.0,13
MTX,202603,2026-02-11 17:03:00,33840.0,33842.0,33838.0,33841.0,12
MTX,202603,2026-02-11 17:04:00,33840.0,33844.0,33839.0,33839.0,12
MTX,202603,2026-02-11 17:05:00,33839.0,33848.0,33839.0,33848.0,28
MTX,202603,2026-02-11 17:06:00,33847.0,33847.0,33839.0,33844.0,5
MTX,202603,2026-02-11 17:07:00,33844.0,33844.0,33836.0,33836.0,16
MTX,202603,2026-02-11 17:08:00,33838.0,33843.0,33835.0,33839.0,7
MTX,202603,2026-02-11 17:09:00,33834.0,33834.0,33828.0,33828.0,6
MTX,202603,2026-02-11 17:10:00,33830.0,33830.0,33829.0,33830.0,3
MTX,202603,2026-02-11 17:11:00,33830.0,33836.0,33829.0,33836.0,7
MTX,202603,2026-02-11 17:12:00,33831.0,33832.0,33828.0,33828.0,9
MTX,202603,2026-02-11 17:13:00,33827.0,33827.0,33825.0,33826.0,4
MTX,202603,2026-02-11 17:14:00,33832.0,33832.0,33832.0,33832.0,2
MTX,202603,2026-02-11 17:15:00,33833.0,33833.0,33829.0,33829.0,7
MTX,202603,2026-02-11 17:16:00,33830.0,33830.0,33827.0,33827.0,2
MTX,202603,2026-02-11 17:17:00,33824.0,33824.0,33816.0,33816.0,15
MTX,202603,2026-02-11 17:18:00,33817.0,33824.0,33815.0,33824.0,12
MTX,202603,2026-02-11 17:19:00,33820.0,33821.0,33814.0,33818.0,14
MTX,202603,2026-02-11 17:20:00,33821.0,33821.0,33811.0,33811.0,8
MTX,202603,2026-02-11 17:21:00,33810.0,33810.0,33808.0,33808.0,4
MTX,202603,2026-02-11 17:22:00,33812.0,33818.0,33812.0,33817.0,4
MTX,202603,2026-02-11 17:23:00,33821.0,33821.0,33811.0,33811.0,6
MTX,202603,2026-02-11 17:24:00,33810.0,33810.0,33810.0,33810.0,1
MTX,202603,2026-02-11 17:25:00,33823.0,33825.0,33820.0,33820.0,5
MTX,202603,2026-02-11 17:26:00,33831.0,33833.0,33831.0,33833.0,2
MTX,202603,2026-02-11 17:27:00,33836.0,33837.0,33831.0,33831.0,10
MTX,202603,2026-02-11 17:28:00,33832.0,33832.0,33832.0,33832.0,1
MTX,202603,2026-02-11 17:29:00,33828.0,33828.0,33827.0,33827.0,5
MTX,202603,2026-02-11 17:30:00,33826.0,33826.0,33825.0,33825.0,5
MTX,202603,2026-02-11 17:31:00,33820.0,33820.0,33818.0,33818.0,5
MTX,202603,2026-02-11 17:32:00,33814.0,33814.0,33808.0,33811.0,12
MTX,202603,2026-02-11 17:33:00,33813.0,33813.0,33800.0,33800.0,30
MTX,202603,2026-02-11 17:34:00,33798.0,33800.0,33796.0,33800.0,15
MTX,202603,2026-02-11 17:35:00,33803.0,33803.0,33803.0,33803.0,1
MTX,202603,2026-02-11 17:36:00,33808.0,33812.0,33805.0,33805.0,7
MTX,202603,2026-02-11 17:37:00,33800.0,33801.0,33795.0,33795.0,15
MTX,202603,2026-02-11 17:38:00,33795.0,33796.0,33786.0,33788.0,33
MTX,202603,2026-02-11 17:39:00,33786.0,33790.0,33782.0,33790.0,20
MTX,202603,2026-02-11 17:40:00,33786.0,33790.0,33780.0,33785.0,19
MTX,202603,2026-02-11 17:41:00,33785.0,33785.0,33781.0,33781.0,3
MTX,202603,2026-02-11 17:42:00,33783.0,33783.0,33779.0,33783.0,21
MTX,202603,2026-02-11 17:43:00,33788.0,33788.0,33786.0,33786.0,2
MTX,202603,2026-02-11 17:44:00,33784.0,33792.0,33783.0,33792.0,7
MTX,202603,2026-02-11 17:45:00,33794.0,33800.0,33793.0,33798.0,13
MTX,202603,2026-02-11 17:46:00,33798.0,33800.0,33794.0,33796.0,10
MTX,202603,2026-02-11 17:47:00,33796.0,33800.0,33792.0,33800.0,12
MTX,202603,2026-02-11 17:48:00,33798.0,33799.0,33795.0,33799.0,9
MTX,202603,2026-02-11 17:49:00,33798.0,33800.0,33788.0,33788.0,16
MTX,202603,2026-02-11 17:50:00,33788.0,33788.0,33788.0,33788.0,2
MTX,202603,2026-02-11 17:51:00,33786.0,33786.0,33784.0,33784.0,8
MTX,202603,2026-02-11 17:52:00,33790.0,33790.0,33789.0,33789.0,2
MTX,202603,2026-02-11 17:54:00,33796.0,33802.0,33796.0,33800.0,5
MTX,202603,2026-02-11 17:55:00,33802.0,33805.0,33802.0,33805.0,5
MTX,202603,2026-02-11 17:56:00,33800.0,33802.0,33800.0,33802.0,13
MTX,202603,2026-02-11 17:57:00,33802.0,33802.0,33802.0,33802.0,2
MTX,202603,2026-02-11 17:58:00,33801.0,33801.0,33800.0,33800.0,4
MTX,202603,2026-02-11 17:59:00,33800.0,33800.0,33798.0,33798.0,2
MTX,202603,2026-02-11 18:00:00,33793.0,33793.0,33784.0,33788.0,24
MTX,202603,2026-02-11 18:01:00,33784.0,33784.0,33765.0,33781.0,72
MTX,202603,2026-02-11 18:02:00,33773.0,33780.0,33768.0,33773.0,27
MTX,202603,2026-02-11 18:03:00,33773.0,33784.0,33772.0,33779.0,19
MTX,202603,2026-02-11 18:04:00,33778.0,33779.0,33768.0,33769.0,23
MTX,202603,2026-02-11 18:05:00,33769.0,33775.0,33767.0,33775.0,8
MTX,202603,2026-02-11 18:06:00,33779.0,33782.0,33770.0,33770.0,8
MTX,202603,2026-02-11 18:07:00,33776.0,33785.0,33776.0,33777.0,13
MTX,202603,2026-02-11 18:08:00,33777.0,33777.0,33769.0,33769.0,17
MTX,202603,2026-02-11 18:09:00,33766.0,33770.0,33760.0,33770.0,20
MTX,202603,2026-02-11 18:10:00,33773.0,33789.0,33773.0,33788.0,9
MTX,202603,2026-02-11 18:11:00,33789.0,33795.0,33787.0,33793.0,19
MTX,202603,2026-02-11 18:12:00,33797.0,33799.0,33797.0,33798.0,16
MTX,202603,2026-02-11 18:13:00,33795.0,33795.0,33781.0,33781.0,7
MTX,202603,2026-02-11 18:14:00,33780.0,33781.0,33780.0,33781.0,26
MTX,202603,2026-02-11 18:16:00,33783.0,33787.0,33783.0,33787.0,3
MTX,202603,2026-02-11 18:17:00,33786.0,33787.0,33786.0,33787.0,4
MTX,202603,2026-02-11 18:18:00,33788.0,33788.0,33788.0,33788.0,1
MTX,202603,2026-02-11 18:19:00,33788.0,33789.0,33786.0,33789.0,3
MTX,202603,2026-02-11 18:20:00,33788.0,33793.0,33784.0,33793.0,4
MTX,202603,2026-02-11 18:21:00,33794.0,33803.0,33794.0,33803.0,16
MTX,202603,2026-02-11 18:22:00,33805.0,33810.0,33802.0,33802.0,12
MTX,202603,2026-02-11 18:23:00,33802.0,33803.0,33801.0,33801.0,6
MTX,202603,2026-02-11 18:24:00,33800.0,33800.0,33798.0,33798.0,5
MTX,202603,2026-02-11 18:25:00,33798.0,33799.0,33791.0,33799.0,6
MTX,202603,2026-02-11 18:26:00,33798.0,33800.0,33796.0,33798.0,4
MTX,202603,2026-02-11 18:27:00,33802.0,33802.0,33802.0,33802.0,2
MTX,202603,2026-02-11 18:28:00,33808.0,33810.0,33803.0,33803.0,16
MTX,202603,2026-02-11 18:29:00,33802.0,33802.0,33800.0,33800.0,5
MTX,202603,2026-02-11 18:30:00,33805.0,33805.0,33799.0,33799.0,7
MTX,202603,2026-02-11 18:31:00,33796.0,33796.0,33796.0,33796.0,2
MTX,202603,2026-02-11 18:32:00,33796.0,33798.0,33796.0,33798.0,3
MTX,202603,2026-02-11 18:33:00,33796.0,33796.0,33795.0,33796.0,5
MTX,202603,2026-02-11 18:34:00,33799.0,33799.0,33799.0,33799.0,1
MTX,202603,2026-02-11 18:35:00,33794.0,33794.0,33794.0,33794.0,1
MTX,202603,2026-02-11 18:36:00,33793.0,33793.0,33790.0,33790.0,4
MTX,202603,2026-02-11 18:37:00,33800.0,33801.0,33800.0,33800.0,8
MTX,202603,2026-02-11 18:38:00,33800.0,33800.0,33800.0,33800.0,1
MTX,202603,2026-02-11 18:39:00,33799.0,33799.0,33799.0,33799.0,1
MTX,202603,2026-02-11 18:40:00,33799.0,33799.0,33795.0,33795.0,6
MTX,202603,2026-02-11 18:41:00,33799.0,33801.0,33799.0,33801.0,14
MTX,202603,2026-02-11 18:42:00,33801.0,33805.0,33801.0,33804.0,20
MTX,202603,2026-02-11 18:43:00,33805.0,33806.0,33804.0,33806.0,5
MTX,202603,2026-02-11 18:44:00,33808.0,33808.0,33808.0,33808.0,2
MTX,202603,2026-02-11 18:45:00,33807.0,33807.0,33803.0,33803.0,5
MTX,202603,2026-02-11 18:46:00,33800.0,33800.0,33797.0,33797.0,2
MTX,202603,2026-02-11 18:47:00,33794.0,33794.0,33792.0,33792.0,3
MTX,202603,2026-02-11 18:48:00,33793.0,33793.0,33790.0,33790.0,5
MTX,202603,2026-02-11 18:49:00,33790.0,33790.0,33789.0,33790.0,3
MTX,202603,2026-02-11 18:50:00,33790.0,33791.0,33789.0,33789.0,5
MTX,202603,2026-02-11 18:51:00,33792.0,33793.0,33791.0,33791.0,3
MTX,202603,2026-02-11 18:52:00,33791.0,33791.0,33783.0,33785.0,15
MTX,202603,2026-02-11 18:53:00,33790.0,33790.0,33790.0,33790.0,1
MTX,202603,2026-02-11 18:54:00,33786.0,33790.0,33786.0,33790.0,3
MTX,202603,2026-02-11 18:55:00,33794.0,33803.0,33794.0,33803.0,7
MTX,202603,2026-02-11 18:56:00,33805.0,33807.0,33805.0,33806.0,7
MTX,202603,2026-02-11 18:57:00,33806.0,33810.0,33806.0,33810.0,12
MTX,202603,2026-02-11 18:58:00,33810.0,33810.0,33807.0,33807.0,12
MTX,202603,2026-02-11 18:59:00,33807.0,33812.0,33806.0,33812.0,6
MTX,202603,2026-02-11 19:00:00,33815.0,33823.0,33815.0,33822.0,32
MTX,202603,2026-02-11 19:01:00,33823.0,33829.0,33823.0,33824.0,25
MTX,202603,2026-02-11 19:02:00,33825.0,33825.0,33818.0,33823.0,11
MTX,202603,2026-02-11 19:03:00,33815.0,33815.0,33815.0,33815.0,1
MTX,202603,2026-02-11 19:04:00,33813.0,33822.0,33813.0,33822.0,6
MTX,202603,2026-02-11 19:05:00,33823.0,33826.0,33820.0,33820.0,11
MTX,202603,2026-02-11 19:06:00,33824.0,33825.0,33824.0,33825.0,4
MTX,202603,2026-02-11 19:07:00,33827.0,33836.0,33827.0,33833.0,15
MTX,202603,2026-02-11 19:08:00,33834.0,33834.0,33830.0,33830.0,6
MTX,202603,2026-02-11 19:09:00,33826.0,33826.0,33822.0,33822.0,12
MTX,202603,2026-02-11 19:10:00,33830.0,33832.0,33830.0,33830.0,4
MTX,202603,2026-02-11 19:11:00,33826.0,33826.0,33825.0,33826.0,4
MTX,202603,2026-02-11 19:12:00,33824.0,33824.0,33822.0,33822.0,11
MTX,202603,2026-02-11 19:13:00,33815.0,33815.0,33815.0,33815.0,1
MTX,202603,2026-02-11 19:14:00,33817.0,33817.0,33817.0,33817.0,1
MTX,202603,2026-02-11 19:16:00,33817.0,33818.0,33816.0,33816.0,4
MTX,202603,2026-02-11 19:17:00,33819.0,33820.0,33819.0,33820.0,4
MTX,202603,2026-02-11 19:18:00,33824.0,33828.0,33824.0,33828.0,10
MTX,202603,2026-02-11 19:19:00,33830.0,33830.0,33828.0,33828.0,7
MTX,202603,2026-02-11 19:20:00,33832.0,33832.0,33822.0,33822.0,8
MTX,202603,2026-02-11 19:21:00,33830.0,33833.0,33828.0,33833.0,27
MTX,202603,2026-02-11 19:22:00,33832.0,33835.0,33832.0,33833.0,13
MTX,202603,2026-02-11 19:23:00,33833.0,33833.0,33832.0,33832.0,12
MTX,202603,2026-02-11 19:24:00,33830.0,33830.0,33825.0,33825.0,7
MTX,202603,2026-02-11 19:25:00,33823.0,33824.0,33822.0,33824.0,4
MTX,202603,2026-02-11 19:26:00,33823.0,33823.0,33823.0,33823.0,9
MTX,202603,2026-02-11 19:27:00,33823.0,33825.0,33821.0,33825.0,7
MTX,202603,2026-02-11 19:28:00,33828.0,33828.0,33828.0,33828.0,1
MTX,202603,2026-02-11 19:29:00,33827.0,33833.0,33827.0,33833.0,7
MTX,202603,2026-02-11 19:30:00,33833.0,33833.0,33829.0,33833.0,17
MTX,202603,2026-02-11 19:31:00,33833.0,33836.0,33833.0,33836.0,13
MTX,202603,2026-02-11 19:32:00,33832.0,33832.0,33828.0,33828.0,3
MTX,202603,2026-02-11 19:33:00,33830.0,33832.0,33830.0,33832.0,2
MTX,202603,2026-02-11 19:34:00,33831.0,33836.0,33831.0,33833.0,5
MTX,202603,2026-02-11 19:35:00,33834.0,33834.0,33829.0,33830.0,7
MTX,202603,2026-02-11 19:36:00,33828.0,33828.0,33826.0,33826.0,2
MTX,202603,2026-02-11 19:37:00,33826.0,33831.0,33826.0,33831.0,2
MTX,202603,2026-02-11 19:38:00,33830.0,33830.0,33829.0,33829.0,3
MTX,202603,2026-02-11 19:39:00,33827.0,33827.0,33825.0,33825.0,6
MTX,202603,2026-02-11 19:40:00,33823.0,33823.0,33819.0,33819.0,23
MTX,202603,2026-02-11 19:41:00,33820.0,33820.0,33813.0,33814.0,14
MTX,202603,2026-02-11 19:42:00,33814.0,33818.0,33814.0,33814.0,17
MTX,202603,2026-02-11 19:43:00,33817.0,33817.0,33791.0,33803.0,51
MTX,202603,2026-02-11 19:44:00,33807.0,33812.0,33807.0,33812.0,6
MTX,202603,2026-02-11 19:45:00,33812.0,33812.0,33810.0,33810.0,7
MTX,202603,2026-02-11 19:46:00,33811.0,33820.0,33810.0,33820.0,10
MTX,202603,2026-02-11 19:47:00,33820.0,33821.0,33815.0,33815.0,4
MTX,202603,2026-02-11 19:51:00,33821.0,33821.0,33821.0,33821.0,1
MTX,202603,2026-02-11 19:52:00,33818.0,33818.0,33816.0,33816.0,3
MTX,202603,2026-02-11 19:53:00,33815.0,33815.0,33815.0,33815.0,2
MTX,202603,2026-02-11 19:54:00,33817.0,33818.0,33817.0,33818.0,2
MTX,202603,2026-02-11 19:55:00,33815.0,33815.0,33804.0,33804.0,10
MTX,202603,2026-02-11 19:56:00,33801.0,33803.0,33801.0,33803.0,3
MTX,202603,2026-02-11 19:57:00,33801.0,33803.0,33800.0,33800.0,8
MTX,202603,2026-02-11 19:58:00,33800.0,33803.0,33796.0,33801.0,15
MTX,202603,2026-02-11 19:59:00,33800.0,33800.0,33800.0,33800.0,2
MTX,202603,2026-02-11 20:00:00,33803.0,33808.0,33803.0,33804.0,11
MTX,202603,2026-02-11 20:01:00,33804.0,33820.0,33804.0,33815.0,21
MTX,202603,2026-02-11 20:02:00,33818.0,33818.0,33816.0,33816.0,3
MTX,202603,2026-02-11 20:03:00,33817.0,33819.0,33814.0,33819.0,5
MTX,202603,2026-02-11 20:04:00,33822.0,33823.0,33818.0,33818.0,5
MTX,202603,2026-02-11 20:05:00,33814.0,33822.0,33814.0,33822.0,2
MTX,202603,2026-02-11 20:06:00,33822.0,33822.0,33822.0,33822.0,3
MTX,202603,2026-02-11 20:07:00,33820.0,33828.0,33820.0,33828.0,8
MTX,202603,2026-02-11 20:08:00,33829.0,33830.0,33828.0,33830.0,9
MTX,202603,2026-02-11 20:09:00,33832.0,33833.0,33828.0,33828.0,5
MTX,202603,2026-02-11 20:10:00,33825.0,33826.0,33823.0,33826.0,3
MTX,202603,2026-02-11 20:11:00,33830.0,33832.0,33830.0,33831.0,16
MTX,202603,2026-02-11 20:12:00,33829.0,33829.0,33827.0,33827.0,4
MTX,202603,2026-02-11 20:13:00,33828.0,33836.0,33828.0,33836.0,18
MTX,202603,2026-02-11 20:14:00,33835.0,33835.0,33832.0,33835.0,8
MTX,202603,2026-02-11 20:15:00,33831.0,33831.0,33831.0,33831.0,2
MTX,202603,2026-02-11 20:16:00,33831.0,33831.0,33825.0,33825.0,4
MTX,202603,2026-02-11 20:17:00,33824.0,33825.0,33824.0,33825.0,3
MTX,202603,2026-02-11 20:18:00,33823.0,33823.0,33820.0,33820.0,7
MTX,202603,2026-02-11 20:19:00,33818.0,33820.0,33818.0,33820.0,4
MTX,202603,2026-02-11 20:20:00,33823.0,33830.0,33823.0,33830.0,3
MTX,202603,2026-02-11 20:21:00,33832.0,33832.0,33829.0,33829.0,5
MTX,202603,2026-02-11 20:22:00,33829.0,33835.0,33829.0,33830.0,6
MTX,202603,2026-02-11 20:23:00,33830.0,33833.0,33830.0,33833.0,3
MTX,202603,2026-02-11 20:25:00,33832.0,33832.0,33829.0,33829.0,2
MTX,202603,2026-02-11 20:26:00,33826.0,33826.0,33822.0,33822.0,6
MTX,202603,2026-02-11 20:27:00,33823.0,33825.0,33823.0,33825.0,4
MTX,202603,2026-02-11 20:28:00,33820.0,33820.0,33818.0,33818.0,6
MTX,202603,2026-02-11 20:30:00,33819.0,33819.0,33817.0,33818.0,8
MTX,202603,2026-02-11 20:31:00,33817.0,33817.0,33814.0,33814.0,6
MTX,202603,2026-02-11 20:32:00,33817.0,33817.0,33815.0,33815.0,5
MTX,202603,2026-02-11 20:33:00,33815.0,33819.0,33815.0,33819.0,3
MTX,202603,2026-02-11 20:35:00,33820.0,33823.0,33815.0,33815.0,9
MTX,202603,2026-02-11 20:36:00,33817.0,33817.0,33816.0,33816.0,2
MTX,202603,2026-02-11 20:38:00,33821.0,33825.0,33821.0,33825.0,4
MTX,202603,2026-02-11 20:39:00,33823.0,33823.0,33823.0,33823.0,3
MTX,202603,2026-02-11 20:40:00,33820.0,33820.0,33819.0,33820.0,3
MTX,202603,2026-02-11 20:41:00,33822.0,33822.0,33816.0,33816.0,3
MTX,202603,2026-02-11 20:43:00,33818.0,33822.0,33818.0,33822.0,3
MTX,202603,2026-02-11 20:44:00,33817.0,33819.0,33817.0,33819.0,3
MTX,202603,2026-02-11 20:46:00,33819.0,33819.0,33819.0,33819.0,2
MTX,202603,2026-02-11 20:47:00,33817.0,33817.0,33813.0,33813.0,6
MTX,202603,2026-02-11 20:51:00,33813.0,33813.0,33813.0,33813.0,5
MTX,202603,2026-02-11 20:52:00,33813.0,33813.0,33808.0,33808.0,14
MTX,202603,2026-02-11 20:53:00,33809.0,33812.0,33809.0,33810.0,3
MTX,202603,2026-02-11 20:54:00,33808.0,33810.0,33808.0,33810.0,4
MTX,202603,2026-02-11 20:55:00,33810.0,33810.0,33810.0,33810.0,2
MTX,202603,2026-02-11 20:56:00,33812.0,33815.0,33812.0,33815.0,3
MTX,202603,2026-02-11 20:57:00,33819.0,33821.0,33819.0,33820.0,11
MTX,202603,2026-02-11 20:58:00,33820.0,33820.0,33820.0,33820.0,3
MTX,202603,2026-02-11 20:59:00,33821.0,33821.0,33821.0,33821.0,1
MTX,202603,2026-02-11 21:01:00,33820.0,33828.0,33820.0,33828.0,10
MTX,202603,2026-02-11 21:02:00,33829.0,33829.0,33826.0,33829.0,4
MTX,202603,2026-02-11 21:03:00,33829.0,33830.0,33825.0,33825.0,5
MTX,202603,2026-02-11 21:04:00,33824.0,33824.0,33824.0,33824.0,1
MTX,202603,2026-02-11 21:05:00,33824.0,33831.0,33824.0,33831.0,5
MTX,202603,2026-02-11 21:06:00,33831.0,33831.0,33829.0,33829.0,3
MTX,202603,2026-02-11 21:07:00,33828.0,33828.0,33828.0,33828.0,1
MTX,202603,2026-02-11 21:08:00,33826.0,33826.0,33826.0,33826.0,2
MTX,202603,2026-02-11 21:09:00,33825.0,33825.0,33824.0,33824.0,2
MTX,202603,2026-02-11 21:11:00,33825.0,33831.0,33825.0,33828.0,6
MTX,202603,2026-02-11 21:12:00,33825.0,33826.0,33825.0,33826.0,3
MTX,202603,2026-02-11 21:14:00,33827.0,33832.0,33827.0,33830.0,9
MTX,202603,2026-02-11 21:15:00,33828.0,33830.0,33828.0,33830.0,4
MTX,202603,2026-02-11 21:16:00,33830.0,33830.0,33827.0,33827.0,2
MTX,202603,2026-02-11 21:17:00,33824.0,33824.0,33820.0,33820.0,5
MTX,202603,2026-02-11 21:18:00,33820.0,33820.0,33818.0,33818.0,9
MTX,202603,2026-02-11 21:19:00,33825.0,33834.0,33825.0,33834.0,10
MTX,202603,2026-02-11 21:20:00,33832.0,33832.0,33831.0,33831.0,2
MTX,202603,2026-02-11 21:21:00,33828.0,33828.0,33828.0,33828.0,1
MTX,202603,2026-02-11 21:22:00,33822.0,33822.0,33820.0,33820.0,2
MTX,202603,2026-02-11 21:23:00,33819.0,33822.0,33817.0,33820.0,7
MTX,202603,2026-02-11 21:24:00,33823.0,33823.0,33823.0,33823.0,1
MTX,202603,2026-02-11 21:25:00,33826.0,33826.0,33826.0,33826.0,2
MTX,202603,2026-02-11 21:26:00,33823.0,33823.0,33823.0,33823.0,1
MTX,202603,2026-02-11 21:27:00,33825.0,33826.0,33825.0,33826.0,2
MTX,202603,2026-02-11 21:28:00,33827.0,33827.0,33827.0,33827.0,1
MTX,202603,2026-02-11 21:29:00,33826.0,33831.0,33826.0,33830.0,6
MTX,202603,2026-02-11 21:30:00,33830.0,33851.0,33807.0,33807.0,178
MTX,202603,2026-02-11 21:31:00,33817.0,33844.0,33809.0,33844.0,36
MTX,202603,2026-02-11 21:32:00,33838.0,33864.0,33838.0,33864.0,85
MTX,202603,2026-02-11 21:33:00,33865.0,33904.0,33865.0,33891.0,232
MTX,202603,2026-02-11 21:34:00,33897.0,33918.0,33895.0,33908.0,124
MTX,202603,2026-02-11 21:35:00,33905.0,33907.0,33890.0,33895.0,70
MTX,202603,2026-02-11 21:36:00,33894.0,33910.0,33894.0,33902.0,50
MTX,202603,2026-02-11 21:37:00,33910.0,33919.0,33892.0,33902.0,82
MTX,202603,2026-02-11 21:38:00,33901.0,33912.0,33893.0,33910.0,45
MTX,202603,2026-02-11 21:39:00,33903.0,33910.0,33896.0,33907.0,26
MTX,202603,2026-02-11 21:40:00,33907.0,33907.0,33896.0,33901.0,20
MTX,202603,2026-02-11 21:41:00,33896.0,33896.0,33882.0,33894.0,48
MTX,202603,2026-02-11 21:42:00,33896.0,33901.0,33883.0,33883.0,52
MTX,202603,2026-02-11 21:43:00,33881.0,33890.0,33873.0,33890.0,51
MTX,202603,2026-02-11 21:44:00,33891.0,33897.0,33888.0,33895.0,29
MTX,202603,2026-02-11 21:45:00,33893.0,33914.0,33893.0,33911.0,47
MTX,202603,2026-02-11 21:46:00,33914.0,33947.0,33912.0,33935.0,163
MTX,202603,2026-02-11 21:47:00,33936.0,33947.0,33936.0,33941.0,45
MTX,202603,2026-02-11 21:48:00,33942.0,33956.0,33938.0,33953.0,107
MTX,202603,2026-02-11 21:49:00,33953.0,33958.0,33946.0,33952.0,52
MTX,202603,2026-02-11 21:50:00,33951.0,33952.0,33944.0,33947.0,42
MTX,202603,2026-02-11 21:51:00,33945.0,33945.0,33928.0,33931.0,63
MTX,202603,2026-02-11 21:52:00,33932.0,33947.0,33928.0,33947.0,51
MTX,202603,2026-02-11 21:53:00,33950.0,33961.0,33950.0,33961.0,53
MTX,202603,2026-02-11 21:54:00,33963.0,34003.0,33963.0,33984.0,329
MTX,202603,2026-02-11 21:55:00,33983.0,34001.0,33980.0,34001.0,89
MTX,202603,2026-02-11 21:56:00,34004.0,34010.0,33994.0,33997.0,85
MTX,202603,2026-02-11 21:57:00,33998.0,33998.0,33982.0,33988.0,57
MTX,202603,2026-02-11 21:58:00,33991.0,33994.0,33987.0,33994.0,21
MTX,202603,2026-02-11 21:59:00,33991.0,33995.0,33988.0,33992.0,29
MTX,202603,2026-02-11 22:00:00,33996.0,33997.0,33975.0,33982.0,77
MTX,202603,2026-02-11 22:01:00,33983.0,33994.0,33981.0,33993.0,25
MTX,202603,2026-02-11 22:02:00,33993.0,33996.0,33986.0,33986.0,29
MTX,202603,2026-02-11 22:03:00,33985.0,33985.0,33970.0,33979.0,50
MTX,202603,2026-02-11 22:04:00,33977.0,33988.0,33975.0,33988.0,32
MTX,202603,2026-02-11 22:05:00,33985.0,33985.0,33972.0,33977.0,24
MTX,202603,2026-02-11 22:06:00,33980.0,33981.0,33974.0,33981.0,22
MTX,202603,2026-02-11 22:07:00,33981.0,33987.0,33980.0,33984.0,11
MTX,202603,2026-02-11 22:08:00,33987.0,33990.0,33981.0,33982.0,22
MTX,202603,2026-02-11 22:09:00,33980.0,33980.0,33973.0,33974.0,28
MTX,202603,2026-02-11 22:10:00,33972.0,33974.0,33963.0,33971.0,42
MTX,202603,2026-02-11 22:11:00,33965.0,33965.0,33950.0,33960.0,66
MTX,202603,2026-02-11 22:12:00,33961.0,33962.0,33954.0,33958.0,34
MTX,202603,2026-02-11 22:13:00,33960.0,33979.0,33960.0,33979.0,43
MTX,202603,2026-02-11 22:14:00,33977.0,33977.0,33970.0,33975.0,16
MTX,202603,2026-02-11 22:15:00,33971.0,33979.0,33971.0,33976.0,27
MTX,202603,2026-02-11 22:16:00,33979.0,33988.0,33975.0,33980.0,38
MTX,202603,2026-02-11 22:17:00,33977.0,33978.0,33966.0,33974.0,32
MTX,202603,2026-02-11 22:18:00,33972.0,33981.0,33971.0,33976.0,14
MTX,202603,2026-02-11 22:19:00,33979.0,33979.0,33975.0,33975.0,4
MTX,202603,2026-02-11 22:20:00,33976.0,33976.0,33975.0,33976.0,6
MTX,202603,2026-02-11 22:21:00,33975.0,33977.0,33971.0,33976.0,20
MTX,202603,2026-02-11 22:22:00,33973.0,33974.0,33968.0,33968.0,10
MTX,202603,2026-02-11 22:23:00,33968.0,33970.0,33966.0,33970.0,16
MTX,202603,2026-02-11 22:24:00,33972.0,33973.0,33969.0,33973.0,16
MTX,202603,2026-02-11 22:25:00,33978.0,33991.0,33974.0,33991.0,34
MTX,202603,2026-02-11 22:26:00,33987.0,33987.0,33980.0,33982.0,12
MTX,202603,2026-02-11 22:27:00,33981.0,33989.0,33980.0,33989.0,12
MTX,202603,2026-02-11 22:28:00,33985.0,33998.0,33985.0,33998.0,41
MTX,202603,2026-02-11 22:29:00,33998.0,34001.0,33990.0,34001.0,76
MTX,202603,2026-02-11 22:30:00,34001.0,34050.0,33982.0,34046.0,231
MTX,202603,2026-02-11 22:31:00,34046.0,34048.0,34012.0,34039.0,140
MTX,202603,2026-02-11 22:32:00,34037.0,34056.0,34019.0,34028.0,129
MTX,202603,2026-02-11 22:33:00,34022.0,34022.0,33990.0,34015.0,125
MTX,202603,2026-02-11 22:34:00,34012.0,34020.0,33982.0,34000.0,108
MTX,202603,2026-02-11 22:35:00,33995.0,34038.0,33988.0,34035.0,115
MTX,202603,2026-02-11 22:36:00,34037.0,34066.0,34019.0,34019.0,131
MTX,202603,2026-02-11 22:37:00,34019.0,34049.0,34003.0,34049.0,88
MTX,202603,2026-02-11 22:38:00,34039.0,34043.0,34007.0,34010.0,66
MTX,202603,2026-02-11 22:39:00,34009.0,34019.0,34003.0,34009.0,54
MTX,202603,2026-02-11 22:40:00,34018.0,34034.0,34012.0,34022.0,53
MTX,202603,2026-02-11 22:41:00,34021.0,34054.0,34016.0,34039.0,84
MTX,202603,2026-02-11 22:42:00,34042.0,34058.0,34034.0,34044.0,107
MTX,202603,2026-02-11 22:43:00,34050.0,34070.0,34046.0,34060.0,105
MTX,202603,2026-02-11 22:44:00,34062.0,34076.0,34059.0,34074.0,85
MTX,202603,2026-02-11 22:45:00,34074.0,34095.0,34069.0,34091.0,159
MTX,202603,2026-02-11 22:46:00,34092.0,34106.0,34067.0,34077.0,227
MTX,202603,2026-02-11 22:47:00,34080.0,34098.0,34078.0,34088.0,80
MTX,202603,2026-02-11 22:48:00,34088.0,34120.0,34088.0,34120.0,135
MTX,202603,2026-02-11 22:49:00,34121.0,34122.0,34104.0,34118.0,131
MTX,202603,2026-02-11 22:50:00,34120.0,34126.0,34091.0,34107.0,136
MTX,202603,2026-02-11 22:51:00,34108.0,34130.0,34099.0,34111.0,106
MTX,202603,2026-02-11 22:52:00,34110.0,34120.0,34094.0,34106.0,100
MTX,202603,2026-02-11 22:53:00,34106.0,34106.0,34077.0,34106.0,102
MTX,202603,2026-02-11 22:54:00,34106.0,34123.0,34101.0,34120.0,91
MTX,202603,2026-02-11 22:55:00,34123.0,34134.0,34108.0,34110.0,91
MTX,202603,2026-02-11 22:56:00,34108.0,34112.0,34095.0,34102.0,84
MTX,202603,2026-02-11 22:57:00,34109.0,34109.0,34068.0,34086.0,129
MTX,202603,2026-02-11 22:58:00,34088.0,34090.0,34060.0,34060.0,109
MTX,202603,2026-02-11 22:59:00,34060.0,34083.0,34059.0,34083.0,41
MTX,202603,2026-02-11 23:00:00,34086.0,34091.0,34070.0,34075.0,67
MTX,202603,2026-02-11 23:01:00,34076.0,34122.0,34076.0,34114.0,131
MTX,202603,2026-02-11 23:02:00,34110.0,34110.0,34054.0,34057.0,152
MTX,202603,2026-02-11 23:03:00,34061.0,34080.0,34055.0,34067.0,39
MTX,202603,2026-02-11 23:04:00,34064.0,34079.0,34055.0,34062.0,50
MTX,202603,2026-02-11 23:05:00,34058.0,34080.0,34044.0,34080.0,162
MTX,202603,2026-02-11 23:06:00,34077.0,34077.0,34052.0,34063.0,23
MTX,202603,2026-02-11 23:07:00,34059.0,34059.0,34035.0,34041.0,99
MTX,202603,2026-02-11 23:08:00,34043.0,34051.0,34040.0,34041.0,40
MTX,202603,2026-02-11 23:09:00,34041.0,34041.0,34020.0,34020.0,154
MTX,202603,2026-02-11 23:10:00,34018.0,34021.0,33997.0,34005.0,149
MTX,202603,2026-02-11 23:11:00,34004.0,34004.0,33946.0,33952.0,220
MTX,202603,2026-02-11 23:12:00,33950.0,33951.0,33885.0,33894.0,269
MTX,202603,2026-02-11 23:13:00,33896.0,33909.0,33830.0,33850.0,246
MTX,202603,2026-02-11 23:14:00,33849.0,33938.0,33841.0,33930.0,220
MTX,202603,2026-02-11 23:15:00,33924.0,33949.0,33905.0,33905.0,111
MTX,202603,2026-02-11 23:16:00,33909.0,33909.0,33871.0,33871.0,150
MTX,202603,2026-02-11 23:17:00,33874.0,33896.0,33870.0,33879.0,74
MTX,202603,2026-02-11 23:18:00,33875.0,33900.0,33844.0,33892.0,103
MTX,202603,2026-02-11 23:19:00,33883.0,33890.0,33840.0,33849.0,98
MTX,202603,2026-02-11 23:20:00,33843.0,33860.0,33807.0,33807.0,151
MTX,202603,2026-02-11 23:21:00,33812.0,33866.0,33812.0,33862.0,145
MTX,202603,2026-02-11 23:22:00,33853.0,33882.0,33853.0,33872.0,93
MTX,202603,2026-02-11 23:23:00,33865.0,33886.0,33848.0,33857.0,64
MTX,202603,2026-02-11 23:24:00,33856.0,33856.0,33804.0,33833.0,172
MTX,202603,2026-02-11 23:25:00,33831.0,33849.0,33821.0,33824.0,70
MTX,202603,2026-02-11 23:26:00,33824.0,33833.0,33800.0,33820.0,135
MTX,202603,2026-02-11 23:27:00,33823.0,33837.0,33810.0,33816.0,68
MTX,202603,2026-02-11 23:28:00,33820.0,33871.0,33820.0,33850.0,100
MTX,202603,2026-02-11 23:29:00,33850.0,33871.0,33836.0,33836.0,79
MTX,202603,2026-02-11 23:30:00,33833.0,33861.0,33831.0,33850.0,54
MTX,202603,2026-02-11 23:31:00,33849.0,33881.0,33843.0,33878.0,108
MTX,202603,2026-02-11 23:32:00,33875.0,33897.0,33863.0,33891.0,61
MTX,202603,2026-02-11 23:33:00,33891.0,33898.0,33870.0,33885.0,68
MTX,202603,2026-02-11 23:34:00,33888.0,33907.0,33885.0,33906.0,47
MTX,202603,2026-02-11 23:35:00,33905.0,33920.0,33895.0,33920.0,74
MTX,202603,2026-02-11 23:36:00,33923.0,33934.0,33910.0,33913.0,93
MTX,202603,2026-02-11 23:37:00,33910.0,33913.0,33878.0,33898.0,87
MTX,202603,2026-02-11 23:38:00,33896.0,33923.0,33894.0,33923.0,64
MTX,202603,2026-02-11 23:39:00,33920.0,33927.0,33912.0,33924.0,42
MTX,202603,2026-02-11 23:40:00,33929.0,33946.0,33925.0,33946.0,69
MTX,202603,2026-02-11 23:41:00,33947.0,33954.0,33936.0,33939.0,77
MTX,202603,2026-02-11 23:42:00,33937.0,33946.0,33920.0,33943.0,60
MTX,202603,2026-02-11 23:43:00,33946.0,33949.0,33901.0,33911.0,71
MTX,202603,2026-02-11 23:44:00,33913.0,33939.0,33907.0,33933.0,46
MTX,202603,2026-02-11 23:45:00,33930.0,33942.0,33921.0,33923.0,42
MTX,202603,2026-02-11 23:46:00,33920.0,33933.0,33916.0,33926.0,26
MTX,202603,2026-02-11 23:47:00,33918.0,33924.0,33910.0,33918.0,41
MTX,202603,2026-02-11 23:48:00,33919.0,33919.0,33900.0,33902.0,32
MTX,202603,2026-02-11 23:49:00,33900.0,33903.0,33870.0,33878.0,105
MTX,202603,2026-02-11 23:50:00,33875.0,33884.0,33863.0,33875.0,40
MTX,202603,2026-02-11 23:51:00,33877.0,33909.0,33877.0,33901.0,36
MTX,202603,2026-02-11 23:52:00,33908.0,33949.0,33908.0,33949.0,90
MTX,202603,2026-02-11 23:53:00,33948.0,33981.0,33948.0,33969.0,153
MTX,202603,2026-02-11 23:54:00,33966.0,33983.0,33959.0,33982.0,77
MTX,202603,2026-02-11 23:55:00,33980.0,33985.0,33973.0,33984.0,44
MTX,202603,2026-02-11 23:56:00,33984.0,33984.0,33961.0,33972.0,48
MTX,202603,2026-02-11 23:57:00,33979.0,33983.0,33969.0,33969.0,26
MTX,202603,2026-02-11 23:58:00,33967.0,33975.0,33960.0,33967.0,24
MTX,202603,2026-02-11 23:59:00,33967.0,33972.0,33958.0,33966.0,22
MTX,202603,2026-02-12 00:00:00,33971.0,33975.0,33957.0,33960.0,44
MTX,202603,2026-02-12 00:01:00,33961.0,33979.0,33960.0,33979.0,31
MTX,202603,2026-02-12 00:02:00,33975.0,33983.0,33961.0,33961.0,28
MTX,202603,2026-02-12 00:03:00,33960.0,33964.0,33948.0,33950.0,46
MTX,202603,2026-02-12 00:04:00,33951.0,33964.0,33951.0,33956.0,25
MTX,202603,2026-02-12 00:05:00,33957.0,33961.0,33950.0,33953.0,29
MTX,202603,2026-02-12 00:06:00,33946.0,33962.0,33942.0,33958.0,26
MTX,202603,2026-02-12 00:07:00,33955.0,33955.0,33947.0,33947.0,5
MTX,202603,2026-02-12 00:08:00,33946.0,33948.0,33940.0,33944.0,43
MTX,202603,2026-02-12 00:09:00,33936.0,33945.0,33927.0,33927.0,35
MTX,202603,2026-02-12 00:10:00,33926.0,33975.0,33920.0,33969.0,65
MTX,202603,2026-02-12 00:11:00,33966.0,33988.0,33958.0,33988.0,56
MTX,202603,2026-02-12 00:12:00,33986.0,33990.0,33977.0,33990.0,70
MTX,202603,2026-02-12 00:13:00,33985.0,33997.0,33982.0,33994.0,66
MTX,202603,2026-02-12 00:14:00,33995.0,34003.0,33990.0,34000.0,82
MTX,202603,2026-02-12 00:15:00,33998.0,33998.0,33976.0,33981.0,43
MTX,202603,2026-02-12 00:16:00,33982.0,33992.0,33981.0,33990.0,22
MTX,202603,2026-02-12 00:17:00,33987.0,34008.0,33987.0,33997.0,49
MTX,202603,2026-02-12 00:18:00,33991.0,33995.0,33988.0,33988.0,19
MTX,202603,2026-02-12 00:19:00,33988.0,34016.0,33988.0,34013.0,53
MTX,202603,2026-02-12 00:20:00,34016.0,34025.0,34016.0,34023.0,69
MTX,202603,2026-02-12 00:21:00,34024.0,34033.0,34020.0,34024.0,50
MTX,202603,2026-02-12 00:22:00,34021.0,34033.0,34013.0,34029.0,32
MTX,202603,2026-02-12 00:23:00,34032.0,34042.0,34025.0,34028.0,44
MTX,202603,2026-02-12 00:24:00,34029.0,34040.0,34022.0,34022.0,34
MTX,202603,2026-02-12 00:25:00,34033.0,34033.0,34014.0,34017.0,31
MTX,202603,2026-02-12 00:26:00,34011.0,34011.0,33985.0,33985.0,83
MTX,202603,2026-02-12 00:27:00,33988.0,33988.0,33965.0,33965.0,55
MTX,202603,2026-02-12 00:28:00,33974.0,33984.0,33955.0,33969.0,35
MTX,202603,2026-02-12 00:29:00,33961.0,33968.0,33956.0,33958.0,32
MTX,202603,2026-02-12 00:30:00,33956.0,34003.0,33948.0,34003.0,98
MTX,202603,2026-02-12 00:31:00,33998.0,34003.0,33983.0,33983.0,22
MTX,202603,2026-02-12 00:32:00,33990.0,33992.0,33977.0,33980.0,24
MTX,202603,2026-02-12 00:33:00,33978.0,34010.0,33978.0,34007.0,33
MTX,202603,2026-02-12 00:34:00,34002.0,34002.0,33985.0,33985.0,15
MTX,202603,2026-02-12 00:35:00,33988.0,33988.0,33980.0,33980.0,25
MTX,202603,2026-02-12 00:36:00,33981.0,33990.0,33972.0,33973.0,46
MTX,202603,2026-02-12 00:37:00,33972.0,33988.0,33972.0,33977.0,40
MTX,202603,2026-02-12 00:38:00,33978.0,34000.0,33978.0,33988.0,24
MTX,202603,2026-02-12 00:39:00,33988.0,34008.0,33988.0,34008.0,22
MTX,202603,2026-02-12 00:40:00,34008.0,34022.0,34008.0,34022.0,46
MTX,202603,2026-02-12 00:41:00,34020.0,34020.0,34005.0,34005.0,40
MTX,202603,2026-02-12 00:42:00,34002.0,34003.0,33996.0,33999.0,14
MTX,202603,2026-02-12 00:43:00,33999.0,34000.0,33992.0,33992.0,16
MTX,202603,2026-02-12 00:44:00,33990.0,34009.0,33988.0,34005.0,19
MTX,202603,2026-02-12 00:45:00,33999.0,33999.0,33989.0,33993.0,15
MTX,202603,2026-02-12 00:46:00,33998.0,34005.0,33997.0,34005.0,19
MTX,202603,2026-02-12 00:47:00,34008.0,34008.0,34000.0,34002.0,23
MTX,202603,2026-02-12 00:48:00,33998.0,33998.0,33988.0,33988.0,18
MTX,202603,2026-02-12 00:49:00,33990.0,33993.0,33978.0,33980.0,18
MTX,202603,2026-02-12 00:50:00,33979.0,33983.0,33977.0,33981.0,10
MTX,202603,2026-02-12 00:51:00,33977.0,33996.0,33977.0,33989.0,33
MTX,202603,2026-02-12 00:52:00,33990.0,33999.0,33990.0,33993.0,15
MTX,202603,2026-02-12 00:53:00,33991.0,34001.0,33989.0,33989.0,17
MTX,202603,2026-02-12 00:54:00,33993.0,33993.0,33993.0,33993.0,2
MTX,202603,2026-02-12 00:55:00,33988.0,33988.0,33984.0,33984.0,4
MTX,202603,2026-02-12 00:56:00,33985.0,33985.0,33967.0,33981.0,32
MTX,202603,2026-02-12 00:57:00,33981.0,33986.0,33977.0,33977.0,8
MTX,202603,2026-02-12 00:58:00,33974.0,33977.0,33967.0,33967.0,20
MTX,202603,2026-02-12 00:59:00,33973.0,33975.0,33960.0,33963.0,25
MTX,202603,2026-02-12 01:00:00,33967.0,33973.0,33956.0,33965.0,49
MTX,202603,2026-02-12 01:01:00,33957.0,33957.0,33924.0,33930.0,68
MTX,202603,2026-02-12 01:02:00,33930.0,33937.0,33907.0,33932.0,65
MTX,202603,2026-02-12 01:03:00,33925.0,33945.0,33925.0,33935.0,31
MTX,202603,2026-02-12 01:04:00,33937.0,33946.0,33931.0,33931.0,15
MTX,202603,2026-02-12 01:05:00,33931.0,33947.0,33928.0,33936.0,21
MTX,202603,2026-02-12 01:06:00,33937.0,33959.0,33936.0,33957.0,35
MTX,202603,2026-02-12 01:07:00,33959.0,33968.0,33945.0,33960.0,26
MTX,202603,2026-02-12 01:08:00,33965.0,33985.0,33957.0,33985.0,41
MTX,202603,2026-02-12 01:09:00,33985.0,33997.0,33985.0,33994.0,29
MTX,202603,2026-02-12 01:10:00,33997.0,34002.0,33985.0,33987.0,45
MTX,202603,2026-02-12 01:11:00,33992.0,34002.0,33980.0,33980.0,26
MTX,202603,2026-02-12 01:12:00,33975.0,33996.0,33973.0,33996.0,16
MTX,202603,2026-02-12 01:13:00,33997.0,33998.0,33988.0,33988.0,22
MTX,202603,2026-02-12 01:14:00,33994.0,34000.0,33984.0,33989.0,13
MTX,202603,2026-02-12 01:15:00,33995.0,33995.0,33990.0,33990.0,2
MTX,202603,2026-02-12 01:16:00,33982.0,34011.0,33980.0,34007.0,66
MTX,202603,2026-02-12 01:17:00,34005.0,34026.0,34000.0,34000.0,60
MTX,202603,2026-02-12 01:18:00,34000.0,34000.0,33982.0,33988.0,30
MTX,202603,2026-02-12 01:19:00,33986.0,33998.0,33982.0,33986.0,13
MTX,202603,2026-02-12 01:20:00,33988.0,34006.0,33978.0,33978.0,18
MTX,202603,2026-02-12 01:21:00,33987.0,33999.0,33987.0,33999.0,9
MTX,202603,2026-02-12 01:22:00,34000.0,34015.0,34000.0,34013.0,21
MTX,202603,2026-02-12 01:23:00,34014.0,34020.0,34012.0,34012.0,31
MTX,202603,2026-02-12 01:24:00,34019.0,34025.0,34015.0,34020.0,18
MTX,202603,2026-02-12 01:25:00,34024.0,34040.0,34021.0,34040.0,87
MTX,202603,2026-02-12 01:26:00,34040.0,34045.0,34037.0,34038.0,53
MTX,202603,2026-02-12 01:27:00,34038.0,34041.0,34033.0,34035.0,26
MTX,202603,2026-02-12 01:28:00,34031.0,34040.0,34030.0,34040.0,17
MTX,202603,2026-02-12 01:29:00,34040.0,34048.0,34035.0,34040.0,50
MTX,202603,2026-02-12 01:30:00,34035.0,34035.0,34030.0,34032.0,21
MTX,202603,2026-02-12 01:31:00,34030.0,34037.0,34030.0,34037.0,9
MTX,202603,2026-02-12 01:32:00,34034.0,34043.0,34034.0,34037.0,12
MTX,202603,2026-02-12 01:33:00,34032.0,34032.0,34028.0,34032.0,8
MTX,202603,2026-02-12 01:34:00,34038.0,34039.0,34032.0,34032.0,11
MTX,202603,2026-02-12 01:35:00,34025.0,34029.0,34018.0,34018.0,14
MTX,202603,2026-02-12 01:36:00,34018.0,34021.0,34010.0,34014.0,35
MTX,202603,2026-02-12 01:37:00,34013.0,34016.0,34001.0,34012.0,27
MTX,202603,2026-02-12 01:38:00,34012.0,34014.0,34003.0,34011.0,13
MTX,202603,2026-02-12 01:39:00,34015.0,34018.0,34013.0,34016.0,9
MTX,202603,2026-02-12 01:40:00,34013.0,34025.0,34013.0,34025.0,13
MTX,202603,2026-02-12 01:41:00,34030.0,34030.0,34020.0,34022.0,28
MTX,202603,2026-02-12 01:42:00,34023.0,34025.0,34019.0,34025.0,9
MTX,202603,2026-02-12 01:43:00,34030.0,34043.0,34029.0,34039.0,44
MTX,202603,2026-02-12 01:44:00,34035.0,34042.0,34029.0,34042.0,20
MTX,202603,2026-02-12 01:45:00,34041.0,34043.0,34024.0,34024.0,20
MTX,202603,2026-02-12 01:46:00,34026.0,34033.0,34026.0,34033.0,12
MTX,202603,2026-02-12 01:47:00,34034.0,34034.0,34028.0,34028.0,3
MTX,202603,2026-02-12 01:48:00,34030.0,34038.0,34030.0,34036.0,10
MTX,202603,2026-02-12 01:49:00,34040.0,34046.0,34038.0,34041.0,35
MTX,202603,2026-02-12 01:50:00,34036.0,34036.0,34032.0,34034.0,7
MTX,202603,2026-02-12 01:51:00,34034.0,34052.0,34034.0,34049.0,106
MTX,202603,2026-02-12 01:52:00,34043.0,34045.0,34032.0,34032.0,13
MTX,202603,2026-02-12 01:53:00,34032.0,34033.0,34028.0,34029.0,9
MTX,202603,2026-02-12 01:54:00,34028.0,34028.0,34025.0,34025.0,2
MTX,202603,2026-02-12 01:55:00,34027.0,34027.0,34020.0,34020.0,10
MTX,202603,2026-02-12 01:56:00,34021.0,34021.0,34012.0,34013.0,11
MTX,202603,2026-02-12 01:57:00,34020.0,34020.0,34007.0,34007.0,15
MTX,202603,2026-02-12 01:58:00,34007.0,34011.0,33994.0,34011.0,27
MTX,202603,2026-02-12 01:59:00,34011.0,34011.0,34005.0,34005.0,4
MTX,202603,2026-02-12 02:00:00,34011.0,34013.0,34006.0,34008.0,6
MTX,202603,2026-02-12 02:01:00,34012.0,34012.0,34006.0,34006.0,8
MTX,202603,2026-02-12 02:02:00,34008.0,34025.0,33991.0,34023.0,55
MTX,202603,2026-02-12 02:03:00,34023.0,34045.0,34023.0,34032.0,28
MTX,202603,2026-02-12 02:04:00,34032.0,34038.0,34030.0,34030.0,8
MTX,202603,2026-02-12 02:05:00,34027.0,34027.0,34022.0,34022.0,4
MTX,202603,2026-02-12 02:06:00,34022.0,34028.0,34020.0,34020.0,42
MTX,202603,2026-02-12 02:07:00,34012.0,34021.0,34004.0,34017.0,19
MTX,202603,2026-02-12 02:08:00,34021.0,34021.0,34016.0,34018.0,5
MTX,202603,2026-02-12 02:09:00,34020.0,34021.0,34008.0,34008.0,13
MTX,202603,2026-02-12 02:10:00,34008.0,34009.0,33993.0,34007.0,31
MTX,202603,2026-02-12 02:11:00,34009.0,34016.0,34004.0,34014.0,16
MTX,202603,2026-02-12 02:12:00,34013.0,34013.0,34010.0,34010.0,7
MTX,202603,2026-02-12 02:13:00,33999.0,34000.0,33999.0,34000.0,6
MTX,202603,2026-02-12 02:14:00,34000.0,34002.0,33996.0,34000.0,12
MTX,202603,2026-02-12 02:15:00,34002.0,34002.0,33995.0,33996.0,10
MTX,202603,2026-02-12 02:16:00,34004.0,34026.0,34002.0,34025.0,19
MTX,202603,2026-02-12 02:17:00,34025.0,34029.0,34024.0,34028.0,19
MTX,202603,2026-02-12 02:18:00,34031.0,34034.0,34029.0,34031.0,14
MTX,202603,2026-02-12 02:19:00,34020.0,34020.0,34002.0,34007.0,18
MTX,202603,2026-02-12 02:20:00,34008.0,34008.0,34007.0,34008.0,3
MTX,202603,2026-02-12 02:21:00,34005.0,34007.0,34001.0,34007.0,6
MTX,202603,2026-02-12 02:22:00,34004.0,34010.0,34003.0,34010.0,6
MTX,202603,2026-02-12 02:23:00,34012.0,34012.0,34010.0,34012.0,3
MTX,202603,2026-02-12 02:24:00,34016.0,34019.0,34016.0,34017.0,5
MTX,202603,2026-02-12 02:25:00,34015.0,34016.0,34014.0,34015.0,10
MTX,202603,2026-02-12 02:26:00,34016.0,34017.0,34012.0,34013.0,8
MTX,202603,2026-02-12 02:27:00,34015.0,34029.0,34013.0,34029.0,11
MTX,202603,2026-02-12 02:28:00,34029.0,34038.0,34029.0,34033.0,26
MTX,202603,2026-02-12 02:29:00,34035.0,34037.0,34029.0,34031.0,28
MTX,202603,2026-02-12 02:30:00,34035.0,34038.0,34025.0,34029.0,25
MTX,202603,2026-02-12 02:31:00,34032.0,34032.0,34028.0,34028.0,2
MTX,202603,2026-02-12 02:32:00,34030.0,34032.0,34028.0,34032.0,9
MTX,202603,2026-02-12 02:33:00,34030.0,34034.0,34030.0,34034.0,10
MTX,202603,2026-02-12 02:34:00,34031.0,34031.0,34027.0,34027.0,7
MTX,202603,2026-02-12 02:35:00,34031.0,34034.0,34028.0,34028.0,6
MTX,202603,2026-02-12 02:36:00,34022.0,34031.0,34022.0,34031.0,3
MTX,202603,2026-02-12 02:37:00,34031.0,34032.0,34030.0,34032.0,7
MTX,202603,2026-02-12 02:38:00,34024.0,34040.0,34024.0,34040.0,61
MTX,202603,2026-02-12 02:39:00,34042.0,34046.0,34042.0,34042.0,7
MTX,202603,2026-02-12 02:40:00,34040.0,34040.0,34027.0,34032.0,15
MTX,202603,2026-02-12 02:41:00,34029.0,34029.0,34029.0,34029.0,1
MTX,202603,2026-02-12 02:42:00,34029.0,34029.0,34026.0,34027.0,7
MTX,202603,2026-02-12 02:43:00,34026.0,34026.0,34022.0,34022.0,6
MTX,202603,2026-02-12 02:44:00,34021.0,34025.0,34019.0,34025.0,9
MTX,202603,2026-02-12 02:45:00,34025.0,34028.0,34025.0,34028.0,8
MTX,202603,2026-02-12 02:46:00,34030.0,34036.0,34030.0,34036.0,2
MTX,202603,2026-02-12 02:47:00,34041.0,34042.0,34036.0,34036.0,19
MTX,202603,2026-02-12 02:48:00,34037.0,34037.0,34037.0,34037.0,1
MTX,202603,2026-02-12 02:49:00,34040.0,34045.0,34040.0,34045.0,4
MTX,202603,2026-02-12 02:50:00,34047.0,34048.0,34019.0,34038.0,24
MTX,202603,2026-02-12 02:51:00,34037.0,34039.0,34037.0,34038.0,6
MTX,202603,2026-02-12 02:52:00,34038.0,34041.0,34036.0,34041.0,5
MTX,202603,2026-02-12 02:53:00,34041.0,34049.0,34041.0,34049.0,9
MTX,202603,2026-02-12 02:54:00,34049.0,34051.0,34045.0,34048.0,10
MTX,202603,2026-02-12 02:55:00,34051.0,34054.0,34051.0,34054.0,7
MTX,202603,2026-02-12 02:56:00,34051.0,34051.0,34045.0,34048.0,17
MTX,202603,2026-02-12 02:57:00,34043.0,34043.0,34040.0,34040.0,7
MTX,202603,2026-02-12 02:58:00,34038.0,34038.0,34027.0,34034.0,18
MTX,202603,2026-02-12 02:59:00,34035.0,34036.0,34033.0,34036.0,7
MTX,202603,2026-02-12 03:00:00,34028.0,34030.0,34028.0,34030.0,3
MTX,202603,2026-02-12 03:01:00,34029.0,34029.0,34025.0,34025.0,5
MTX,202603,2026-02-12 03:02:00,34030.0,34032.0,34030.0,34032.0,3
MTX,202603,2026-02-12 03:03:00,34028.0,34028.0,34020.0,34020.0,9
MTX,202603,2026-02-12 03:04:00,34020.0,34030.0,34020.0,34025.0,9
MTX,202603,2026-02-12 03:05:00,34030.0,34030.0,34013.0,34013.0,11
MTX,202603,2026-02-12 03:06:00,34013.0,34019.0,34013.0,34019.0,5
MTX,202603,2026-02-12 03:07:00,34018.0,34025.0,34018.0,34025.0,11
MTX,202603,2026-02-12 03:08:00,34026.0,34026.0,34026.0,34026.0,1
MTX,202603,2026-02-12 03:09:00,34026.0,34040.0,34013.0,34035.0,45
MTX,202603,2026-02-12 03:10:00,34033.0,34037.0,34033.0,34037.0,11
MTX,202603,2026-02-12 03:11:00,34037.0,34038.0,34037.0,34038.0,2
MTX,202603,2026-02-12 03:12:00,34037.0,34044.0,34037.0,34044.0,4
MTX,202603,2026-02-12 03:13:00,34046.0,34059.0,34046.0,34059.0,22
MTX,202603,2026-02-12 03:14:00,34060.0,34061.0,34057.0,34059.0,11
MTX,202603,2026-02-12 03:15:00,34060.0,34064.0,34060.0,34064.0,13
MTX,202603,2026-02-12 03:16:00,34063.0,34064.0,34060.0,34060.0,23
MTX,202603,2026-02-12 03:17:00,34060.0,34060.0,34060.0,34060.0,11
MTX,202603,2026-02-12 03:18:00,34062.0,34066.0,34062.0,34066.0,18
MTX,202603,2026-02-12 03:19:00,34063.0,34069.0,34063.0,34065.0,9
MTX,202603,2026-02-12 03:20:00,34067.0,34074.0,34067.0,34074.0,13
MTX,202603,2026-02-12 03:21:00,34075.0,34080.0,34074.0,34078.0,16
MTX,202603,2026-02-12 03:22:00,34074.0,34074.0,34070.0,34071.0,8
MTX,202603,2026-02-12 03:23:00,34078.0,34081.0,34078.0,34081.0,7
MTX,202603,2026-02-12 03:24:00,34083.0,34085.0,34081.0,34085.0,5
MTX,202603,2026-02-12 03:25:00,34085.0,34087.0,34084.0,34086.0,14
MTX,202603,2026-02-12 03:26:00,34087.0,34089.0,34085.0,34087.0,29
MTX,202603,2026-02-12 03:27:00,34086.0,34087.0,34084.0,34084.0,4
MTX,202603,2026-02-12 03:28:00,34086.0,34086.0,34077.0,34077.0,4
MTX,202603,2026-02-12 03:30:00,34080.0,34080.0,34070.0,34071.0,18
MTX,202603,2026-02-12 03:31:00,34069.0,34077.0,34069.0,34075.0,8
MTX,202603,2026-02-12 03:32:00,34075.0,34077.0,34075.0,34077.0,4
MTX,202603,2026-02-12 03:33:00,34073.0,34076.0,34073.0,34076.0,7
MTX,202603,2026-02-12 03:34:00,34077.0,34083.0,34077.0,34083.0,9
MTX,202603,2026-02-12 03:35:00,34082.0,34085.0,34082.0,34085.0,13
MTX,202603,2026-02-12 03:36:00,34085.0,34085.0,34081.0,34083.0,4
MTX,202603,2026-02-12 03:37:00,34083.0,34083.0,34081.0,34081.0,2
MTX,202603,2026-02-12 03:38:00,34080.0,34080.0,34080.0,34080.0,4
MTX,202603,2026-02-12 03:39:00,34081.0,34084.0,34075.0,34080.0,11
MTX,202603,2026-02-12 03:40:00,34082.0,34082.0,34081.0,34081.0,2
MTX,202603,2026-02-12 03:41:00,34082.0,34082.0,34075.0,34075.0,6
MTX,202603,2026-02-12 03:42:00,34078.0,34082.0,34078.0,34082.0,2
MTX,202603,2026-02-12 03:43:00,34082.0,34082.0,34082.0,34082.0,1
MTX,202603,2026-02-12 03:44:00,34088.0,34092.0,34088.0,34092.0,11
MTX,202603,2026-02-12 03:45:00,34093.0,34095.0,34060.0,34060.0,34
MTX,202603,2026-02-12 03:46:00,34058.0,34090.0,34052.0,34090.0,27
MTX,202603,2026-02-12 03:47:00,34093.0,34097.0,34081.0,34085.0,10
MTX,202603,2026-02-12 03:48:00,34085.0,34085.0,34081.0,34081.0,3
MTX,202603,2026-02-12 03:49:00,34083.0,34083.0,34077.0,34077.0,6
MTX,202603,2026-02-12 03:50:00,34079.0,34079.0,34067.0,34067.0,29
MTX,202603,2026-02-12 03:51:00,34072.0,34072.0,34064.0,34064.0,8
MTX,202603,2026-02-12 03:52:00,34073.0,34073.0,34073.0,34073.0,2
MTX,202603,2026-02-12 03:53:00,34068.0,34069.0,34065.0,34066.0,9
MTX,202603,2026-02-12 03:54:00,34065.0,34066.0,34063.0,34063.0,11
MTX,202603,2026-02-12 03:55:00,34061.0,34061.0,34047.0,34054.0,23
MTX,202603,2026-02-12 03:56:00,34053.0,34054.0,34053.0,34054.0,6
MTX,202603,2026-02-12 03:57:00,34059.0,34062.0,34054.0,34054.0,17
MTX,202603,2026-02-12 03:58:00,34062.0,34064.0,34042.0,34042.0,32
MTX,202603,2026-02-12 03:59:00,34045.0,34045.0,34045.0,34045.0,1
MTX,202603,2026-02-12 04:00:00,34045.0,34055.0,34034.0,34055.0,18
MTX,202603,2026-02-12 04:01:00,34050.0,34060.0,34050.0,34060.0,8
MTX,202603,2026-02-12 04:02:00,34058.0,34058.0,34058.0,34058.0,1
MTX,202603,2026-02-12 04:03:00,34058.0,34060.0,34057.0,34057.0,4
MTX,202603,2026-02-12 04:04:00,34056.0,34058.0,34056.0,34058.0,4
MTX,202603,2026-02-12 04:05:00,34059.0,34063.0,34053.0,34063.0,7
MTX,202603,2026-02-12 04:06:00,34067.0,34068.0,34054.0,34054.0,5
MTX,202603,2026-02-12 04:07:00,34049.0,34051.0,34046.0,34051.0,15
MTX,202603,2026-02-12 04:08:00,34051.0,34051.0,34043.0,34043.0,12
MTX,202603,2026-02-12 04:10:00,34050.0,34054.0,34046.0,34053.0,30
MTX,202603,2026-02-12 04:11:00,34054.0,34058.0,34052.0,34052.0,11
MTX,202603,2026-02-12 04:12:00,34053.0,34053.0,34053.0,34053.0,2
MTX,202603,2026-02-12 04:13:00,34055.0,34058.0,34055.0,34058.0,4
MTX,202603,2026-02-12 04:14:00,34058.0,34058.0,34054.0,34054.0,2
MTX,202603,2026-02-12 04:15:00,34058.0,34058.0,34058.0,34058.0,1
MTX,202603,2026-02-12 04:16:00,34064.0,34064.0,34062.0,34062.0,2
MTX,202603,2026-02-12 04:17:00,34058.0,34063.0,34058.0,34058.0,15
MTX,202603,2026-02-12 04:18:00,34056.0,34056.0,34055.0,34055.0,4
MTX,202603,2026-02-12 04:19:00,34068.0,34071.0,34067.0,34070.0,11
MTX,202603,2026-02-12 04:20:00,34063.0,34063.0,34063.0,34063.0,2
MTX,202603,2026-02-12 04:21:00,34063.0,34065.0,34063.0,34065.0,3
MTX,202603,2026-02-12 04:22:00,34061.0,34063.0,34058.0,34063.0,4
MTX,202603,2026-02-12 04:23:00,34064.0,34070.0,34063.0,34070.0,7
MTX,202603,2026-02-12 04:24:00,34072.0,34073.0,34070.0,34073.0,4
MTX,202603,2026-02-12 04:25:00,34068.0,34075.0,34064.0,34066.0,18
MTX,202603,2026-02-12 04:26:00,34066.0,34068.0,34065.0,34068.0,6
MTX,202603,2026-02-12 04:27:00,34066.0,34072.0,34066.0,34072.0,12
MTX,202603,2026-02-12 04:28:00,34070.0,34072.0,34067.0,34069.0,13
MTX,202603,2026-02-12 04:29:00,34065.0,34065.0,34062.0,34062.0,11
MTX,202603,2026-02-12 04:30:00,34060.0,34060.0,34052.0,34058.0,20
MTX,202603,2026-02-12 04:31:00,34058.0,34062.0,34055.0,34061.0,13
MTX,202603,2026-02-12 04:32:00,34066.0,34066.0,34063.0,34063.0,2
MTX,202603,2026-02-12 04:33:00,34063.0,34063.0,34062.0,34062.0,3
MTX,202603,2026-02-12 04:34:00,34062.0,34063.0,34062.0,34063.0,5
MTX,202603,2026-02-12 04:35:00,34065.0,34065.0,34058.0,34062.0,16
MTX,202603,2026-02-12 04:36:00,34066.0,34072.0,34066.0,34070.0,23
MTX,202603,2026-02-12 04:37:00,34072.0,34076.0,34072.0,34074.0,17
MTX,202603,2026-02-12 04:38:00,34076.0,34080.0,34074.0,34077.0,20
MTX,202603,2026-02-12 04:39:00,34075.0,34082.0,34075.0,34082.0,6
MTX,202603,2026-02-12 04:40:00,34080.0,34091.0,34080.0,34091.0,14
MTX,202603,2026-02-12 04:41:00,34093.0,34095.0,34090.0,34092.0,49
MTX,202603,2026-02-12 04:42:00,34091.0,34093.0,34088.0,34091.0,27
MTX,202603,2026-02-12 04:43:00,34091.0,34098.0,34091.0,34098.0,9
MTX,202603,2026-02-12 04:44:00,34096.0,34098.0,34094.0,34098.0,8
MTX,202603,2026-02-12 04:45:00,34093.0,34098.0,34092.0,34098.0,19
MTX,202603,2026-02-12 04:46:00,34091.0,34091.0,34088.0,34088.0,9
MTX,202603,2026-02-12 04:47:00,34093.0,34093.0,34093.0,34093.0,2
MTX,202603,2026-02-12 04:48:00,34093.0,34095.0,34092.0,34093.0,12
MTX,202603,2026-02-12 04:49:00,34091.0,34091.0,34089.0,34089.0,18
MTX,202603,2026-02-12 04:50:00,34088.0,34090.0,34080.0,34082.0,32
MTX,202603,2026-02-12 04:51:00,34080.0,34083.0,34080.0,34083.0,10
MTX,202603,2026-02-12 04:52:00,34085.0,34088.0,34082.0,34082.0,5
MTX,202603,2026-02-12 04:53:00,34086.0,34086.0,34086.0,34086.0,1
MTX,202603,2026-02-12 04:54:00,34085.0,34089.0,34085.0,34088.0,25
MTX,202603,2026-02-12 04:55:00,34088.0,34090.0,34087.0,34088.0,18
MTX,202603,2026-02-12 04:56:00,34089.0,34089.0,34078.0,34081.0,69
MTX,202603,2026-02-12 04:57:00,34088.0,34097.0,34088.0,34097.0,28
MTX,202603,2026-02-12 04:58:00,34095.0,34100.0,34094.0,34098.0,63
MTX,202603,2026-02-12 04:59:00,34098.0,34100.0,34096.0,34100.0,75
MTX,202603/202604,2026-02-11 21:41:00,84.0,84.0,82.0,82.0,12
MTX,202603/202604,2026-02-11 21:52:00,83.0,83.0,82.0,82.0,4
MTX,202603/202612,2026-02-11 15:00:00,340.0,340.0,340.0,340.0,2
MTX,202604,2026-02-11 15:00:00,33850.0,33873.0,33850.0,33872.0,7
MTX,202604,2026-02-11 15:01:00,33872.0,33899.0,33872.0,33899.0,3
MTX,202604,2026-02-11 15:05:00,33890.0,33890.0,33884.0,33884.0,2
MTX,202604,2026-02-11 15:07:00,33884.0,33884.0,33884.0,33884.0,3
MTX,202604,2026-02-11 15:10:00,33871.0,33871.0,33864.0,33864.0,2
MTX,202604,2026-02-11 15:12:00,33865.0,33865.0,33864.0,33864.0,7
MTX,202604,2026-02-11 15:14:00,33857.0,33857.0,33851.0,33851.0,2
MTX,202604,2026-02-11 15:15:00,33861.0,33861.0,33861.0,33861.0,1
MTX,202604,2026-02-11 15:17:00,33879.0,33879.0,33879.0,33879.0,1
MTX,202604,2026-02-11 15:18:00,33884.0,33884.0,33884.0,33884.0,2
MTX,202604,2026-02-11 15:30:00,33915.0,33915.0,33915.0,33915.0,1
MTX,202604,2026-02-11 15:32:00,33913.0,33913.0,33913.0,33913.0,1
MTX,202604,2026-02-11 15:34:00,33899.0,33899.0,33899.0,33899.0,1
MTX,202604,2026-02-11 15:39:00,33899.0,33899.0,33899.0,33899.0,1
MTX,202604,2026-02-11 15:40:00,33899.0,33899.0,33899.0,33899.0,1
MTX,202604,2026-02-11 15:52:00,33899.0,33899.0,33899.0,33899.0,1
MTX,202604,2026-02-11 15:55:00,33895.0,33895.0,33893.0,33893.0,2
MTX,202604,2026-02-11 15:59:00,33892.0,33892.0,33892.0,33892.0,1
MTX,202604,2026-02-11 16:00:00,33905.0,33905.0,33905.0,33905.0,1
MTX,202604,2026-02-11 16:01:00,33905.0,33905.0,33905.0,33905.0,1
MTX,202604,2026-02-11 16:09:00,33887.0,33887.0,33887.0,33887.0,3
MTX,202604,2026-02-11 16:14:00,33884.0,33884.0,33884.0,33884.0,1
MTX,202604,2026-02-11 16:19:00,33884.0,33884.0,33880.0,33880.0,2
MTX,202604,2026-02-11 16:35:00,33916.0,33916.0,33916.0,33916.0,2
MTX,202604,2026-02-11 16:37:00,33920.0,33924.0,33920.0,33924.0,2
MTX,202604,2026-02-11 16:38:00,33922.0,33922.0,33922.0,33922.0,1
MTX,202604,2026-02-11 16:49:00,33908.0,33908.0,33908.0,33908.0,1
MTX,202604,2026-02-11 17:05:00,33927.0,33928.0,33927.0,33928.0,2
MTX,202604,2026-02-11 17:12:00,33919.0,33919.0,33919.0,33919.0,1
MTX,202604,2026-02-11 17:16:00,33917.0,33917.0,33917.0,33917.0,1
MTX,202604,2026-02-11 17:20:00,33907.0,33907.0,33907.0,33907.0,1
MTX,202604,2026-02-11 17:27:00,33915.0,33915.0,33915.0,33915.0,1
MTX,202604,2026-02-11 17:31:00,33915.0,33915.0,33915.0,33915.0,2
MTX,202604,2026-02-11 17:33:00,33900.0,33900.0,33900.0,33900.0,1
MTX,202604,2026-02-11 17:39:00,33879.0,33879.0,33879.0,33879.0,1
MTX,202604,2026-02-11 17:40:00,33870.0,33871.0,33870.0,33871.0,2
MTX,202604,2026-02-11 17:43:00,33884.0,33884.0,33884.0,33884.0,1
MTX,202604,2026-02-11 18:01:00,33866.0,33866.0,33859.0,33859.0,5
MTX,202604,2026-02-11 18:03:00,33857.0,33857.0,33857.0,33857.0,1
MTX,202604,2026-02-11 18:04:00,33860.0,33861.0,33850.0,33850.0,17
MTX,202604,2026-02-11 18:09:00,33860.0,33860.0,33855.0,33855.0,2
MTX,202604,2026-02-11 18:28:00,33900.0,33900.0,33900.0,33900.0,3
MTX,202604,2026-02-11 18:59:00,33900.0,33900.0,33900.0,33900.0,1
MTX,202604,2026-02-11 19:08:00,33921.0,33929.0,33921.0,33929.0,4
MTX,202604,2026-02-11 19:09:00,33922.0,33923.0,33922.0,33923.0,4
MTX,202604,2026-02-11 19:18:00,33916.0,33916.0,33916.0,33916.0,3
MTX,202604,2026-02-11 19:22:00,33930.0,33930.0,33930.0,33930.0,1
MTX,202604,2026-02-11 19:32:00,33916.0,33916.0,33916.0,33916.0,1
MTX,202604,2026-02-11 19:41:00,33905.0,33905.0,33905.0,33905.0,1
MTX,202604,2026-02-11 19:43:00,33900.0,33900.0,33888.0,33888.0,5
MTX,202604,2026-02-11 19:47:00,33915.0,33915.0,33910.0,33910.0,2
MTX,202604,2026-02-11 19:51:00,33912.0,33912.0,33912.0,33912.0,1
MTX,202604,2026-02-11 19:52:00,33915.0,33915.0,33915.0,33915.0,1
MTX,202604,2026-02-11 19:57:00,33898.0,33898.0,33898.0,33898.0,1
MTX,202604,2026-02-11 20:00:00,33895.0,33895.0,33895.0,33895.0,1
MTX,202604,2026-02-11 20:03:00,33919.0,33919.0,33905.0,33905.0,3
MTX,202604,2026-02-11 20:08:00,33921.0,33921.0,33921.0,33921.0,1
MTX,202604,2026-02-11 20:13:00,33924.0,33926.0,33924.0,33926.0,5
MTX,202604,2026-02-11 20:14:00,33926.0,33926.0,33925.0,33925.0,2
MTX,202604,2026-02-11 20:22:00,33925.0,33925.0,33925.0,33925.0,1
MTX,202604,2026-02-11 20:32:00,33910.0,33910.0,33910.0,33910.0,1
MTX,202604,2026-02-11 21:05:00,33921.0,33921.0,33921.0,33921.0,1
MTX,202604,2026-02-11 21:17:00,33920.0,33920.0,33920.0,33920.0,1
MTX,202604,2026-02-11 21:27:00,33915.0,33917.0,33915.0,33917.0,2
MTX,202604,2026-02-11 21:30:00,33927.0,33931.0,33903.0,33903.0,4
MTX,202604,2026-02-11 21:31:00,33925.0,33925.0,33925.0,33925.0,1
MTX,202604,2026-02-11 21:32:00,33945.0,33950.0,33945.0,33950.0,3
MTX,202604,2026-02-11 21:33:00,33959.0,33959.0,33959.0,33959.0,1
MTX,202604,2026-02-11 21:34:00,34005.0,34006.0,34001.0,34001.0,4
MTX,202604,2026-02-11 21:36:00,33995.0,33995.0,33995.0,33995.0,1
MTX,202604,2026-02-11 21:37:00,34003.0,34008.0,34003.0,34008.0,9
MTX,202604,2026-02-11 21:38:00,33987.0,34005.0,33987.0,34005.0,3
MTX,202604,2026-02-11 21:39:00,34005.0,34005.0,34005.0,34005.0,1
MTX,202604,2026-02-11 21:40:00,33990.0,33995.0,33990.0,33995.0,4
MTX,202604,2026-02-11 21:41:00,33990.0,33990.0,33981.0,33981.0,3
MTX,202604,2026-02-11 21:42:00,33990.0,33990.0,33990.0,33990.0,1
MTX,202604,2026-02-11 21:45:00,34001.0,34001.0,34001.0,34001.0,1
MTX,202604,2026-02-11 21:46:00,34005.0,34015.0,34005.0,34015.0,4
MTX,202604,2026-02-11 21:48:00,34035.0,34043.0,34028.0,34043.0,11
MTX,202604,2026-02-11 21:49:00,34038.0,34046.0,34038.0,34046.0,4
MTX,202604,2026-02-11 21:50:00,34040.0,34040.0,34040.0,34040.0,2
MTX,202604,2026-02-11 21:53:00,34041.0,34050.0,34041.0,34050.0,8
MTX,202604,2026-02-11 21:54:00,34079.0,34080.0,34079.0,34080.0,4
MTX,202604,2026-02-11 21:55:00,34074.0,34078.0,34074.0,34078.0,6
MTX,202604,2026-02-11 21:56:00,34090.0,34090.0,34086.0,34086.0,2
MTX,202604,2026-02-11 21:57:00,34082.0,34082.0,34071.0,34071.0,2
MTX,202604,2026-02-11 21:59:00,34080.0,34080.0,34080.0,34080.0,4
MTX,202604,2026-02-11 22:00:00,34082.0,34082.0,34070.0,34070.0,7
MTX,202604,2026-02-11 22:02:00,34083.0,34083.0,34083.0,34083.0,1
MTX,202604,2026-02-11 22:04:00,34070.0,34070.0,34070.0,34070.0,1
MTX,202604,2026-02-11 22:09:00,34060.0,34063.0,34060.0,34063.0,6
MTX,202604,2026-02-11 22:10:00,34060.0,34060.0,34060.0,34060.0,2
MTX,202604,2026-02-11 22:11:00,34047.0,34047.0,34047.0,34047.0,1
MTX,202604,2026-02-11 22:15:00,34053.0,34065.0,34053.0,34065.0,3
MTX,202604,2026-02-11 22:16:00,34068.0,34068.0,34068.0,34068.0,1
MTX,202604,2026-02-11 22:21:00,34063.0,34063.0,34063.0,34063.0,2
MTX,202604,2026-02-11 22:25:00,34057.0,34070.0,34055.0,34070.0,7
MTX,202604,2026-02-11 22:27:00,34070.0,34070.0,34070.0,34070.0,1
MTX,202604,2026-02-11 22:28:00,34075.0,34082.0,34075.0,34082.0,3
MTX,202604,2026-02-11 22:29:00,34082.0,34082.0,34080.0,34080.0,2
MTX,202604,2026-02-11 22:30:00,34080.0,34122.0,34080.0,34122.0,14
MTX,202604,2026-02-11 22:31:00,34118.0,34118.0,34100.0,34100.0,3
MTX,202604,2026-02-11 22:32:00,34108.0,34108.0,34108.0,34108.0,1
MTX,202604,2026-02-11 22:33:00,34106.0,34106.0,34106.0,34106.0,1
MTX,202604,2026-02-11 22:35:00,34106.0,34121.0,34106.0,34121.0,4
MTX,202604,2026-02-11 22:36:00,34150.0,34150.0,34121.0,34121.0,4
MTX,202604,2026-02-11 22:37:00,34125.0,34126.0,34125.0,34126.0,3
MTX,202604,2026-02-11 22:38:00,34106.0,34106.0,34106.0,34106.0,2
MTX,202604,2026-02-11 22:39:00,34101.0,34101.0,34101.0,34101.0,1
MTX,202604,2026-02-11 22:41:00,34120.0,34120.0,34120.0,34120.0,1
MTX,202604,2026-02-11 22:43:00,34144.0,34145.0,34144.0,34145.0,2
MTX,202604,2026-02-11 22:44:00,34158.0,34166.0,34158.0,34166.0,3
MTX,202604,2026-02-11 22:45:00,34164.0,34177.0,34164.0,34177.0,3
MTX,202604,2026-02-11 22:46:00,34180.0,34188.0,34156.0,34156.0,13
MTX,202604,2026-02-11 22:47:00,34180.0,34180.0,34180.0,34180.0,1
MTX,202604,2026-02-11 22:48:00,34180.0,34211.0,34180.0,34211.0,8
MTX,202604,2026-02-11 22:49:00,34211.0,34211.0,34200.0,34202.0,4
MTX,202604,2026-02-11 22:50:00,34187.0,34187.0,34187.0,34187.0,4
MTX,202604,2026-02-11 22:51:00,34200.0,34202.0,34200.0,34200.0,3
MTX,202604,2026-02-11 22:52:00,34199.0,34199.0,34185.0,34185.0,6
MTX,202604,2026-02-11 22:53:00,34180.0,34180.0,34170.0,34170.0,2
MTX,202604,2026-02-11 22:54:00,34200.0,34200.0,34200.0,34200.0,2
MTX,202604,2026-02-11 22:55:00,34200.0,34200.0,34200.0,34200.0,1
MTX,202604,2026-02-11 22:56:00,34198.0,34199.0,34187.0,34187.0,4
MTX,202604,2026-02-11 22:57:00,34170.0,34174.0,34170.0,34170.0,3
MTX,202604,2026-02-11 22:58:00,34165.0,34170.0,34155.0,34155.0,7
MTX,202604,2026-02-11 23:01:00,34188.0,34200.0,34188.0,34200.0,3
MTX,202604,2026-02-11 23:02:00,34178.0,34178.0,34144.0,34144.0,9
MTX,202604,2026-02-11 23:03:00,34150.0,34150.0,34150.0,34150.0,1
MTX,202604,2026-02-11 23:04:00,34145.0,34145.0,34145.0,34145.0,4
MTX,202604,2026-02-11 23:05:00,34137.0,34137.0,34137.0,34137.0,1
MTX,202604,2026-02-11 23:06:00,34158.0,34165.0,34148.0,34148.0,5
MTX,202604,2026-02-11 23:07:00,34138.0,34147.0,34128.0,34128.0,3
MTX,202604,2026-02-11 23:08:00,34138.0,34138.0,34138.0,34138.0,1
MTX,202604,2026-02-11 23:09:00,34130.0,34130.0,34116.0,34116.0,5
MTX,202604,2026-02-11 23:10:00,34108.0,34108.0,34100.0,34100.0,3
MTX,202604,2026-02-11 23:11:00,34085.0,34085.0,34047.0,34047.0,7
MTX,202604,2026-02-11 23:12:00,34030.0,34030.0,33980.0,33980.0,4
MTX,202604,2026-02-11 23:13:00,33986.0,33986.0,33933.0,33933.0,20
MTX,202604,2026-02-11 23:14:00,33933.0,33990.0,33933.0,33990.0,3
MTX,202604,2026-02-11 23:15:00,33988.0,34004.0,33988.0,34004.0,2
MTX,202604,2026-02-11 23:17:00,33960.0,33960.0,33960.0,33960.0,1
MTX,202604,2026-02-11 23:19:00,33933.0,33933.0,33933.0,33933.0,1
MTX,202604,2026-02-11 23:20:00,33933.0,33933.0,33892.0,33892.0,6
MTX,202604,2026-02-11 23:21:00,33921.0,33921.0,33921.0,33921.0,1
MTX,202604,2026-02-11 23:22:00,33960.0,33960.0,33960.0,33960.0,3
MTX,202604,2026-02-11 23:24:00,33920.0,33920.0,33917.0,33917.0,2
MTX,202604,2026-02-11 23:25:00,33925.0,33925.0,33910.0,33910.0,2
MTX,202604,2026-02-11 23:26:00,33900.0,33901.0,33897.0,33897.0,3
MTX,202604,2026-02-11 23:29:00,33968.0,33968.0,33968.0,33968.0,1
MTX,202604,2026-02-11 23:30:00,33952.0,33952.0,33952.0,33952.0,1
MTX,202604,2026-02-11 23:31:00,33949.0,33949.0,33949.0,33949.0,1
MTX,202604,2026-02-11 23:32:00,33977.0,33977.0,33977.0,33977.0,1
MTX,202604,2026-02-11 23:33:00,33970.0,33970.0,33970.0,33970.0,1
MTX,202604,2026-02-11 23:34:00,33986.0,33986.0,33986.0,33986.0,1
MTX,202604,2026-02-11 23:35:00,34000.0,34000.0,34000.0,34000.0,1
MTX,202604,2026-02-11 23:36:00,34022.0,34027.0,34022.0,34027.0,2
MTX,202604,2026-02-11 23:37:00,34000.0,34000.0,33995.0,33995.0,2
MTX,202604,2026-02-11 23:38:00,34000.0,34000.0,34000.0,34000.0,1
MTX,202604,2026-02-11 23:40:00,34020.0,34035.0,34020.0,34035.0,5
MTX,202604,2026-02-11 23:41:00,34037.0,34038.0,34033.0,34033.0,4
MTX,202604,2026-02-11 23:42:00,34033.0,34033.0,34028.0,34028.0,4
MTX,202604,2026-02-11 23:43:00,34031.0,34031.0,34030.0,34030.0,3
MTX,202604,2026-02-11 23:45:00,34027.0,34027.0,34027.0,34027.0,1
MTX,202604,2026-02-11 23:46:00,34012.0,34012.0,34012.0,34012.0,1
MTX,202604,2026-02-11 23:49:00,33974.0,33974.0,33966.0,33966.0,2
MTX,202604,2026-02-11 23:50:00,33960.0,33960.0,33960.0,33960.0,1
MTX,202604,2026-02-11 23:52:00,34012.0,34012.0,34012.0,34012.0,1
MTX,202604,2026-02-11 23:53:00,34043.0,34065.0,34043.0,34065.0,4
MTX,202604,2026-02-11 23:55:00,34065.0,34065.0,34065.0,34065.0,1
MTX,202604,2026-02-11 23:57:00,34066.0,34066.0,34065.0,34065.0,2
MTX,202604,2026-02-12 00:00:00,34059.0,34059.0,34059.0,34059.0,1
MTX,202604,2026-02-12 00:02:00,34059.0,34060.0,34059.0,34060.0,2
MTX,202604,2026-02-12 00:03:00,34047.0,34047.0,34045.0,34045.0,3
MTX,202604,2026-02-12 00:04:00,34045.0,34045.0,34045.0,34045.0,1
MTX,202604,2026-02-12 00:05:00,34050.0,34052.0,34050.0,34052.0,2
MTX,202604,2026-02-12 00:13:00,34086.0,34086.0,34086.0,34086.0,1
MTX,202604,2026-02-12 00:14:00,34087.0,34087.0,34087.0,34087.0,1
MTX,202604,2026-02-12 00:15:00,34080.0,34080.0,34080.0,34080.0,1
MTX,202604,2026-02-12 00:19:00,34087.0,34100.0,34087.0,34100.0,3
MTX,202604,2026-02-12 00:21:00,34120.0,34121.0,34120.0,34121.0,2
MTX,202604,2026-02-12 00:25:00,34120.0,34120.0,34120.0,34120.0,2
MTX,202604,2026-02-12 00:26:00,34100.0,34100.0,34100.0,34100.0,1
MTX,202604,2026-02-12 00:27:00,34080.0,34080.0,34080.0,34080.0,1
MTX,202604,2026-02-12 00:29:00,34060.0,34060.0,34060.0,34060.0,1
MTX,202604,2026-02-12 00:30:00,34050.0,34080.0,34050.0,34080.0,3
MTX,202604,2026-02-12 00:33:00,34100.0,34100.0,34100.0,34100.0,1
MTX,202604,2026-02-12 00:41:00,34101.0,34101.0,34101.0,34101.0,1
MTX,202604,2026-02-12 00:49:00,34080.0,34080.0,34080.0,34080.0,1
MTX,202604,2026-02-12 00:53:00,34083.0,34083.0,34083.0,34083.0,1
MTX,202604,2026-02-12 00:56:00,34060.0,34060.0,34060.0,34060.0,1
MTX,202604,2026-02-12 01:01:00,34043.0,34043.0,34043.0,34043.0,1
MTX,202604,2026-02-12 01:02:00,34015.0,34015.0,34015.0,34015.0,1
MTX,202604,2026-02-12 01:05:00,34021.0,34036.0,34021.0,34036.0,2
MTX,202604,2026-02-12 01:12:00,34080.0,34080.0,34080.0,34080.0,1
MTX,202604,2026-02-12 01:18:00,34082.0,34082.0,34082.0,34082.0,1
MTX,202604,2026-02-12 01:25:00,34118.0,34118.0,34118.0,34118.0,1
MTX,202604,2026-02-12 01:26:00,34130.0,34130.0,34130.0,34130.0,1
MTX,202604,2026-02-12 01:39:00,34110.0,34110.0,34110.0,34110.0,1
MTX,202604,2026-02-12 01:55:00,34120.0,34120.0,34120.0,34120.0,2
MTX,202604,2026-02-12 02:03:00,34120.0,34120.0,34120.0,34120.0,2
MTX,202604,2026-02-12 02:17:00,34125.0,34130.0,34125.0,34128.0,5
MTX,202604,2026-02-12 02:19:00,34117.0,34117.0,34092.0,34092.0,5
MTX,202604,2026-02-12 02:27:00,34102.0,34102.0,34101.0,34101.0,2
MTX,202604,2026-02-12 02:28:00,34118.0,34118.0,34118.0,34118.0,2
MTX,202604,2026-02-12 02:29:00,34118.0,34118.0,34118.0,34118.0,1
MTX,202604,2026-02-12 02:44:00,34120.0,34120.0,34120.0,34120.0,1
MTX,202604,2026-02-12 02:47:00,34139.0,34139.0,34139.0,34139.0,1
MTX,202604,2026-02-12 03:05:00,34120.0,34120.0,34113.0,34113.0,2
MTX,202604,2026-02-12 03:09:00,34120.0,34120.0,34120.0,34120.0,1
MTX,202604,2026-02-12 03:13:00,34145.0,34145.0,34145.0,34145.0,1
MTX,202604,2026-02-12 03:15:00,34149.0,34149.0,34149.0,34149.0,1
MTX,202604,2026-02-12 03:16:00,34151.0,34151.0,34151.0,34151.0,1
MTX,202604,2026-02-12 03:20:00,34158.0,34158.0,34158.0,34158.0,1
MTX,202604,2026-02-12 03:21:00,34160.0,34160.0,34160.0,34160.0,1
MTX,202604,2026-02-12 03:25:00,34170.0,34170.0,34170.0,34170.0,1
MTX,202604,2026-02-12 03:33:00,34161.0,34161.0,34161.0,34161.0,1
MTX,202604,2026-02-12 03:43:00,34180.0,34180.0,34179.0,34179.0,2
MTX,202604,2026-02-12 03:45:00,34185.0,34185.0,34151.0,34151.0,3
MTX,202604,2026-02-12 03:47:00,34187.0,34188.0,34187.0,34188.0,3
MTX,202604,2026-02-12 03:49:00,34180.0,34180.0,34180.0,34180.0,1
MTX,202604,2026-02-12 03:51:00,34154.0,34154.0,34153.0,34153.0,3
MTX,202604,2026-02-12 04:12:00,34155.0,34155.0,34155.0,34155.0,1
MTX,202604,2026-02-12 04:19:00,34172.0,34172.0,34172.0,34172.0,1
MTX,202604,2026-02-12 04:27:00,34171.0,34171.0,34171.0,34171.0,1
MTX,202604,2026-02-12 04:30:00,34155.0,34155.0,34155.0,34155.0,1
MTX,202604,2026-02-12 04:35:00,34155.0,34164.0,34155.0,34164.0,2
MTX,202604,2026-02-12 04:40:00,34176.0,34176.0,34176.0,34176.0,1
MTX,202604,2026-02-12 04:41:00,34190.0,34190.0,34190.0,34190.0,1
MTX,202604,2026-02-12 04:42:00,34190.0,34190.0,34190.0,34190.0,1
MTX,202604,2026-02-12 04:45:00,34191.0,34191.0,34191.0,34191.0,1
MTX,202604,2026-02-12 04:47:00,34190.0,34190.0,34190.0,34190.0,1
MTX,202604,2026-02-12 04:50:00,34185.0,34185.0,34185.0,34185.0,1
MTX,202604,2026-02-12 04:52:00,34185.0,34185.0,34185.0,34185.0,1
MTX,202604,2026-02-12 04:54:00,34183.0,34183.0,34183.0,34183.0,1
MTX,202604,2026-02-12 04:56:00,34180.0,34187.0,34180.0,34187.0,2
MTX,202604,2026-02-12 04:58:00,34191.0,34200.0,34191.0,34200.0,3
MTX,202604,2026-02-12 04:59:00,34199.0,34204.0,34199.0,34204.0,4
MTX,202606,2026-02-11 16:04:00,34013.0,34013.0,34013.0,34013.0,1
MTX,202606,2026-02-11 16:05:00,34005.0,34005.0,34005.0,34005.0,1
MTX,202606,2026-02-11 16:06:00,34030.0,34030.0,34030.0,34030.0,1
MTX,202606,2026-02-11 16:08:00,34005.0,34005.0,34005.0,34005.0,1
MTX,202606,2026-02-11 16:14:00,34005.0,34005.0,34005.0,34005.0,1
MTX,202606,2026-02-11 17:59:00,34005.0,34005.0,34005.0,34005.0,1
MTX,202606,2026-02-11 18:01:00,34000.0,34000.0,34000.0,34000.0,3
MTX,202606,2026-02-11 19:02:00,34060.0,34060.0,34060.0,34060.0,1
MTX,202606,2026-02-11 21:30:00,34065.0,34066.0,34065.0,34066.0,2
MTX,202606,2026-02-11 21:32:00,34066.0,34066.0,34066.0,34066.0,1
MTX,202606,2026-02-11 21:33:00,34073.0,34073.0,34073.0,34073.0,1
MTX,202606,2026-02-11 21:34:00,34089.0,34089.0,34089.0,34089.0,1
MTX,202606,2026-02-11 21:44:00,34110.0,34110.0,34110.0,34110.0,1
MTX,202606,2026-02-11 21:49:00,34128.0,34128.0,34128.0,34128.0,1
MTX,202606,2026-02-11 21:54:00,34231.0,34282.0,34231.0,34282.0,5
MTX,202606,2026-02-11 22:36:00,34282.0,34282.0,34282.0,34282.0,1
MTX,202606,2026-02-11 22:42:00,34282.0,34282.0,34282.0,34282.0,1
MTX,202606,2026-02-11 22:46:00,34333.0,34333.0,34333.0,34333.0,1
MTX,202606,2026-02-11 22:50:00,34333.0,34333.0,34333.0,34333.0,1
MTX,202606,2026-02-11 22:51:00,34377.0,34377.0,34377.0,34377.0,1
MTX,202606,2026-02-11 22:55:00,34377.0,34377.0,34348.0,34348.0,2
MTX,202606,2026-02-11 23:01:00,34348.0,34348.0,34348.0,34348.0,1
MTX,202606,2026-02-11 23:05:00,34282.0,34282.0,34282.0,34282.0,2
MTX,202606,2026-02-11 23:13:00,34089.0,34089.0,34057.0,34057.0,2
MTX,202606,2026-02-11 23:14:00,34103.0,34103.0,34099.0,34099.0,3
MTX,202606,2026-02-11 23:20:00,34050.0,34050.0,34050.0,34050.0,1
MTX,202606,2026-02-11 23:31:00,34134.0,34134.0,34134.0,34134.0,1
MTX,202606,2026-02-11 23:41:00,34150.0,34150.0,34150.0,34150.0,1
MTX,202606,2026-02-11 23:43:00,34150.0,34150.0,34150.0,34150.0,1
MTX,202606,2026-02-11 23:49:00,34150.0,34150.0,34150.0,34150.0,1
MTX,202606,2026-02-12 00:14:00,34222.0,34222.0,34222.0,34222.0,1
MTX,202606,2026-02-12 03:12:00,34300.0,34300.0,34300.0,34300.0,1
MTX,202606,2026-02-12 03:23:00,34321.0,34321.0,34321.0,34321.0,1
MTX,202606,2026-02-12 03:24:00,34366.0,34372.0,34366.0,34372.0,2
MTX,202606,2026-02-12 04:14:00,34271.0,34271.0,34271.0,34271.0,1
MTX,202606,2026-02-12 04:54:00,34374.0,34374.0,34353.0,34353.0,2
MTX,202609,2026-02-11 19:43:00,33880.0,33880.0,33880.0,33880.0,1
MTX,202609,2026-02-11 21:02:00,33924.0,33924.0,33924.0,33924.0,1
MTX,202609,2026-02-11 21:21:00,33928.0,33928.0,33928.0,33928.0,1
MTX,202609,2026-02-11 21:37:00,34002.0,34002.0,34002.0,34002.0,1
MTX,202609,2026-02-11 21:38:00,33999.0,33999.0,33999.0,33999.0,1
MTX,202609,2026-02-11 21:54:00,34092.0,34092.0,34092.0,34092.0,1
MTX,202609,2026-02-11 22:30:00,34090.0,34125.0,34090.0,34125.0,2
MTX,202609,2026-02-11 22:33:00,34051.0,34051.0,34049.0,34049.0,2
MTX,202609,2026-02-11 23:12:00,34050.0,34050.0,34050.0,34050.0,2
MTX,202609,2026-02-11 23:13:00,33988.0,33988.0,33922.0,33922.0,3
MTX,202609,2026-02-11 23:32:00,33938.0,33938.0,33938.0,33938.0,1
MTX,202609,2026-02-12 01:10:00,34120.0,34120.0,34120.0,34120.0,1
MTX,202609,2026-02-12 03:01:00,34094.0,34094.0,34094.0,34094.0,1
MTX,202609,2026-02-12 03:12:00,34170.0,34170.0,34170.0,34170.0,1
MTX,202609,2026-02-12 04:14:00,34111.0,34111.0,34111.0,34111.0,1
MTX,202612,2026-02-11 15:05:00,34100.0,34100.0,34100.0,34100.0,1
MTX,202612,2026-02-11 18:11:00,34100.0,34100.0,34100.0,34100.0,2
MTX,202612,2026-02-11 19:51:00,34100.0,34100.0,34100.0,34100.0,1
MTX,202612,2026-02-11 21:56:00,34346.0,34346.0,34346.0,34346.0,1
MTX,202612,2026-02-11 22:08:00,34344.0,34344.0,34344.0,34344.0,1
MTX,202612,2026-02-11 22:09:00,34344.0,34344.0,34344.0,34344.0,1
MTX,202612,2026-02-11 22:30:00,34371.0,34371.0,34371.0,34371.0,1
MTX,202612,2026-02-11 22:48:00,34419.0,34419.0,34419.0,34419.0,1
MTX,202612,2026-02-11 23:12:00,34136.0,34136.0,34136.0,34136.0,1
MTX,202612,2026-02-11 23:13:00,34282.0,34282.0,34282.0,34282.0,1
MTX,202612,2026-02-12 03:48:00,34459.0,34459.0,34459.0,34459.0,1
MTX,202612,2026-02-12 04:24:00,34459.0,34459.0,34459.0,34459.0,1
MTX,202612,2026-02-12 04:36:00,34457.0,34457.0,34457.0,34457.0,1
NYF,202602,2026-02-11 17:33:00,77.1,77.1,77.1,77.1,2
NYF,202602,2026-02-11 17:36:00,77.1,77.1,77.1,77.1,3
NYF,202602,2026-02-11 17:38:00,77.05,77.05,77.05,77.05,3
NYF,202602,2026-02-11 17:39:00,77.05,77.05,77.05,77.05,1
NYF,202602,2026-02-11 17:43:00,77.0,77.0,77.0,77.0,5
NYF,202602,2026-02-11 18:01:00,77.0,77.0,77.0,77.0,2
NYF,202602,2026-02-11 18:09:00,77.0,77.0,77.0,77.0,4
NYF,202602,2026-02-11 18:11:00,77.05,77.05,77.05,77.05,1
NYF,202602,2026-02-11 18:22:00,77.05,77.05,77.05,77.05,1
NYF,202602,2026-02-11 18:28:00,77.1,77.1,77.1,77.1,2
NYF,202602,2026-02-11 18:41:00,77.1,77.1,77.1,77.1,4
NYF,202602,2026-02-11 18:48:00,77.1,77.1,77.1,77.1,1
NYF,202602,2026-02-11 18:55:00,77.1,77.1,77.1,77.1,2
NYF,202602,2026-02-11 19:00:00,77.15,77.15,77.15,77.15,1
NYF,202602,2026-02-11 19:11:00,77.15,77.15,77.15,77.15,1
NYF,202602,2026-02-11 19:24:00,77.2,77.2,77.2,77.2,5
NYF,202602,2026-02-11 19:43:00,77.15,77.15,77.15,77.15,2
NYF,202602,2026-02-11 19:44:00,77.15,77.15,77.15,77.15,1
NYF,202602,2026-02-11 20:01:00,77.2,77.2,77.2,77.2,1
NYF,202602,2026-02-11 20:09:00,77.15,77.15,77.15,77.15,1
NYF,202602,2026-02-11 20:14:00,77.2,77.2,77.2,77.2,1
NYF,202602,2026-02-11 20:33:00,77.15,77.15,77.15,77.15,1
NYF,202602,2026-02-11 21:20:00,77.25,77.25,77.25,77.25,2
NYF,202602,2026-02-11 21:25:00,77.25,77.25,77.25,77.25,1
NYF,202602,2026-02-11 21:27:00,77.3,77.3,77.3,77.3,1
NYF,202602,2026-02-11 21:33:00,77.4,77.4,77.4,77.4,2
NYF,202602,2026-02-11 21:34:00,77.4,77.4,77.4,77.4,2
NYF,202602,2026-02-11 21:37:00,77.4,77.4,77.4,77.4,2
NYF,202602,2026-02-11 21:38:00,77.4,77.4,77.4,77.4,2
NYF,202602,2026-02-11 21:41:00,77.4,77.4,77.4,77.4,1
NYF,202602,2026-02-11 21:46:00,77.45,77.5,77.45,77.5,10
NYF,202602,2026-02-11 21:47:00,77.55,77.55,77.55,77.55,1
NYF,202602,2026-02-11 21:49:00,77.55,77.6,77.55,77.6,2
NYF,202602,2026-02-11 21:50:00,77.55,77.6,77.55,77.6,2
NYF,202602,2026-02-11 21:51:00,77.55,77.55,77.55,77.55,2
NYF,202602,2026-02-11 21:53:00,77.55,77.55,77.55,77.55,1
NYF,202602,2026-02-11 21:54:00,77.6,77.6,77.6,77.6,2
NYF,202602,2026-02-11 21:55:00,77.65,77.65,77.65,77.65,4
NYF,202602,2026-02-11 21:56:00,77.65,77.65,77.65,77.65,1
NYF,202602,2026-02-11 21:58:00,77.6,77.6,77.6,77.6,1
NYF,202602,2026-02-11 22:00:00,77.6,77.6,77.6,77.6,5
NYF,202602,2026-02-11 22:02:00,77.6,77.6,77.6,77.6,2
NYF,202602,2026-02-11 22:05:00,77.6,77.6,77.6,77.6,1
NYF,202602,2026-02-11 22:10:00,77.6,77.6,77.6,77.6,1
NYF,202602,2026-02-11 22:11:00,77.55,77.55,77.5,77.55,5
NYF,202602,2026-02-11 22:13:00,77.55,77.55,77.55,77.55,1
NYF,202602,2026-02-11 22:21:00,77.55,77.55,77.55,77.55,1
NYF,202602,2026-02-11 22:22:00,77.55,77.55,77.55,77.55,1
NYF,202602,2026-02-11 22:29:00,77.6,77.6,77.6,77.6,1
NYF,202602,2026-02-11 22:30:00,77.65,77.7,77.65,77.7,31
NYF,202602,2026-02-11 22:31:00,77.65,77.65,77.6,77.6,3
NYF,202602,2026-02-11 22:32:00,77.65,77.65,77.65,77.65,1
NYF,202602,2026-02-11 22:33:00,77.6,77.6,77.6,77.6,3
NYF,202602,2026-02-11 22:34:00,77.6,77.6,77.6,77.6,2
NYF,202602,2026-02-11 22:35:00,77.6,77.6,77.6,77.6,3
NYF,202602,2026-02-11 22:36:00,77.65,77.7,77.6,77.6,8
NYF,202602,2026-02-11 22:37:00,77.6,77.6,77.6,77.6,3
NYF,202602,2026-02-11 22:38:00,77.55,77.55,77.55,77.55,3
NYF,202602,2026-02-11 22:40:00,77.6,77.6,77.6,77.6,1
NYF,202602,2026-02-11 22:41:00,77.6,77.6,77.6,77.6,2
NYF,202602,2026-02-11 22:43:00,77.65,77.65,77.65,77.65,6
NYF,202602,2026-02-11 22:44:00,77.7,77.7,77.7,77.7,13
NYF,202602,2026-02-11 22:45:00,77.75,77.75,77.75,77.75,2
NYF,202602,2026-02-11 22:46:00,77.8,77.8,77.75,77.75,7
NYF,202602,2026-02-11 22:47:00,77.8,77.8,77.8,77.8,8
NYF,202602,2026-02-11 22:48:00,77.8,77.85,77.8,77.85,6
NYF,202602,2026-02-11 22:49:00,77.85,77.9,77.85,77.9,4
NYF,202602,2026-02-11 22:50:00,77.85,77.85,77.85,77.85,5
NYF,202602,2026-02-11 22:51:00,77.85,77.85,77.85,77.85,1
NYF,202602,2026-02-11 22:52:00,77.85,77.85,77.85,77.85,3
NYF,202602,2026-02-11 22:53:00,77.8,77.8,77.75,77.8,6
NYF,202602,2026-02-11 22:55:00,77.9,77.9,77.9,77.9,5
NYF,202602,2026-02-11 22:57:00,77.85,77.9,77.8,77.85,5
NYF,202602,2026-02-11 22:58:00,77.8,77.8,77.8,77.8,1
NYF,202602,2026-02-11 22:59:00,77.8,77.85,77.8,77.85,4
NYF,202602,2026-02-11 23:00:00,77.85,77.85,77.85,77.85,1
NYF,202602,2026-02-11 23:01:00,77.9,77.9,77.9,77.9,3
NYF,202602,2026-02-11 23:02:00,77.9,77.9,77.85,77.85,4
NYF,202602,2026-02-11 23:03:00,77.85,77.85,77.85,77.85,4
NYF,202602,2026-02-11 23:04:00,77.85,77.85,77.85,77.85,5
NYF,202602,2026-02-11 23:05:00,77.8,77.8,77.8,77.8,4
NYF,202602,2026-02-11 23:06:00,77.8,77.8,77.75,77.75,9
NYF,202602,2026-02-11 23:07:00,77.75,77.75,77.75,77.75,18
NYF,202602,2026-02-11 23:08:00,77.75,77.75,77.75,77.75,2
NYF,202602,2026-02-11 23:09:00,77.7,77.7,77.7,77.7,11
NYF,202602,2026-02-11 23:10:00,77.7,77.7,77.7,77.7,1
NYF,202602,2026-02-11 23:11:00,77.65,77.65,77.55,77.55,12
NYF,202602,2026-02-11 23:12:00,77.55,77.55,77.45,77.45,13
NYF,202602,2026-02-11 23:13:00,77.5,77.5,77.45,77.45,29
NYF,202602,2026-02-11 23:14:00,77.45,77.55,77.3,77.55,18
NYF,202602,2026-02-11 23:15:00,77.55,77.65,77.55,77.6,11
NYF,202602,2026-02-11 23:16:00,77.55,77.55,77.55,77.55,3
NYF,202602,2026-02-11 23:17:00,77.5,77.55,77.5,77.55,7
NYF,202602,2026-02-11 23:18:00,77.5,77.5,77.45,77.45,5
NYF,202602,2026-02-11 23:19:00,77.45,77.45,77.45,77.45,1
NYF,202602,2026-02-11 23:20:00,77.45,77.45,77.45,77.45,2
NYF,202602,2026-02-11 23:21:00,77.4,77.5,77.4,77.5,15
NYF,202602,2026-02-11 23:22:00,77.5,77.5,77.45,77.45,8
NYF,202602,2026-02-11 23:23:00,77.5,77.5,77.45,77.45,8
NYF,202602,2026-02-11 23:24:00,77.35,77.35,77.35,77.35,3
NYF,202602,2026-02-11 23:25:00,77.4,77.4,77.4,77.4,3
NYF,202602,2026-02-11 23:26:00,77.35,77.35,77.35,77.35,3
NYF,202602,2026-02-11 23:27:00,77.35,77.35,77.35,77.35,7
NYF,202602,2026-02-11 23:28:00,77.4,77.4,77.4,77.4,3
NYF,202602,2026-02-11 23:29:00,77.4,77.4,77.35,77.35,5
NYF,202602,2026-02-11 23:31:00,77.4,77.45,77.4,77.45,3
NYF,202602,2026-02-11 23:32:00,77.45,77.45,77.45,77.45,1
NYF,202602,2026-02-11 23:33:00,77.45,77.45,77.45,77.45,2
NYF,202602,2026-02-11 23:35:00,77.5,77.55,77.5,77.55,4
NYF,202602,2026-02-11 23:36:00,77.6,77.6,77.55,77.55,3
NYF,202602,2026-02-11 23:37:00,77.55,77.55,77.5,77.5,7
NYF,202602,2026-02-11 23:38:00,77.55,77.55,77.55,77.55,3
NYF,202602,2026-02-11 23:39:00,77.55,77.55,77.55,77.55,1
NYF,202602,2026-02-11 23:40:00,77.6,77.6,77.6,77.6,5
NYF,202602,2026-02-11 23:41:00,77.65,77.65,77.65,77.65,5
NYF,202602,2026-02-11 23:42:00,77.6,77.6,77.6,77.6,3
NYF,202602,2026-02-11 23:43:00,77.6,77.6,77.6,77.6,1
NYF,202602,2026-02-11 23:44:00,77.6,77.65,77.6,77.65,5
NYF,202602,2026-02-11 23:45:00,77.65,77.65,77.65,77.65,3
NYF,202602,2026-02-11 23:46:00,77.65,77.65,77.65,77.65,5
NYF,202602,2026-02-11 23:48:00,77.6,77.6,77.6,77.6,3
NYF,202602,2026-02-11 23:49:00,77.6,77.6,77.55,77.55,3
NYF,202602,2026-02-11 23:50:00,77.55,77.55,77.55,77.55,3
NYF,202602,2026-02-11 23:51:00,77.6,77.6,77.6,77.6,1
NYF,202602,2026-02-11 23:52:00,77.65,77.7,77.65,77.7,8
NYF,202602,2026-02-11 23:53:00,77.7,77.75,77.7,77.75,6
NYF,202602,2026-02-11 23:54:00,77.75,77.75,77.75,77.75,1
NYF,202602,2026-02-11 23:55:00,77.75,77.75,77.75,77.75,13
NYF,202602,2026-02-11 23:56:00,77.7,77.7,77.65,77.65,3
NYF,202602,2026-02-11 23:57:00,77.7,77.7,77.7,77.7,4
NYF,202602,2026-02-12 00:01:00,77.7,77.7,77.7,77.7,1
NYF,202602,2026-02-12 00:02:00,77.7,77.7,77.7,77.7,2
NYF,202602,2026-02-12 00:03:00,77.65,77.65,77.65,77.65,3
NYF,202602,2026-02-12 00:04:00,77.65,77.65,77.65,77.65,1
NYF,202602,2026-02-12 00:09:00,77.6,77.6,77.6,77.6,5
NYF,202602,2026-02-12 00:10:00,77.6,77.65,77.6,77.65,4
NYF,202602,2026-02-12 00:11:00,77.65,77.7,77.65,77.7,3
NYF,202602,2026-02-12 00:12:00,77.7,77.7,77.7,77.7,1
NYF,202602,2026-02-12 00:13:00,77.7,77.7,77.7,77.7,2
NYF,202602,2026-02-12 00:14:00,77.75,77.75,77.75,77.75,10
NYF,202602,2026-02-12 00:15:00,77.75,77.75,77.75,77.75,4
NYF,202602,2026-02-12 00:16:00,77.75,77.75,77.75,77.75,1
NYF,202602,2026-02-12 00:17:00,77.75,77.75,77.75,77.75,1
NYF,202602,2026-02-12 00:18:00,77.75,77.75,77.75,77.75,2
NYF,202602,2026-02-12 00:19:00,77.8,77.8,77.8,77.8,2
NYF,202602,2026-02-12 00:21:00,77.85,77.85,77.85,77.85,3
NYF,202602,2026-02-12 00:22:00,77.85,77.85,77.85,77.85,1
NYF,202602,2026-02-12 00:23:00,77.85,77.85,77.85,77.85,4
NYF,202602,2026-02-12 00:24:00,77.85,77.85,77.85,77.85,1
NYF,202602,2026-02-12 00:25:00,77.85,77.85,77.85,77.85,3
NYF,202602,2026-02-12 00:26:00,77.85,77.85,77.8,77.8,4
NYF,202602,2026-02-12 00:27:00,77.75,77.75,77.75,77.75,5
NYF,202602,2026-02-12 00:28:00,77.75,77.75,77.7,77.7,3
NYF,202602,2026-02-12 00:30:00,77.7,77.8,77.7,77.8,2
NYF,202602,2026-02-12 00:31:00,77.8,77.8,77.8,77.8,3
NYF,202602,2026-02-12 00:32:00,77.8,77.8,77.8,77.8,1
NYF,202602,2026-02-12 00:35:00,77.8,77.8,77.8,77.8,2
NYF,202602,2026-02-12 00:38:00,77.8,77.8,77.8,77.8,2
NYF,202602,2026-02-12 00:39:00,77.8,77.8,77.8,77.8,1
NYF,202602,2026-02-12 00:40:00,77.85,77.85,77.8,77.85,4
NYF,202602,2026-02-12 00:46:00,77.8,77.8,77.8,77.8,2
NYF,202602,2026-02-12 00:49:00,77.75,77.75,77.75,77.75,2
NYF,202602,2026-02-12 00:50:00,77.75,77.75,77.75,77.75,1
NYF,202602,2026-02-12 00:56:00,77.75,77.75,77.75,77.75,1
NYF,202602,2026-02-12 00:58:00,77.75,77.75,77.75,77.75,1
NYF,202602,2026-02-12 01:01:00,77.7,77.7,77.65,77.65,6
NYF,202602,2026-02-12 01:02:00,77.65,77.65,77.65,77.65,1
NYF,202602,2026-02-12 01:08:00,77.75,77.75,77.75,77.75,2
NYF,202602,2026-02-12 01:10:00,77.8,77.8,77.8,77.8,1
NYF,202602,2026-02-12 01:14:00,77.8,77.8,77.8,77.8,1
NYF,202602,2026-02-12 01:17:00,77.85,77.85,77.85,77.85,6
NYF,202602,2026-02-12 01:19:00,77.8,77.8,77.8,77.8,2
NYF,202602,2026-02-12 01:20:00,77.85,77.85,77.8,77.8,4
NYF,202602,2026-02-12 01:22:00,77.85,77.85,77.85,77.85,1
NYF,202602,2026-02-12 01:25:00,77.9,77.9,77.9,77.9,34
NYF,202602,2026-02-12 01:31:00,77.9,77.9,77.9,77.9,2
NYF,202602,2026-02-12 01:37:00,77.85,77.85,77.85,77.85,2
NYF,202602,2026-02-12 01:41:00,77.9,77.9,77.9,77.9,1
NYF,202602,2026-02-12 01:44:00,77.9,77.9,77.9,77.9,1
NYF,202602,2026-02-12 01:45:00,77.9,77.9,77.9,77.9,1
NYF,202602,2026-02-12 01:48:00,77.9,77.9,77.9,77.9,1
NYF,202602,2026-02-12 01:54:00,77.9,77.9,77.9,77.9,1
NYF,202602,2026-02-12 01:56:00,77.85,77.85,77.85,77.85,2
NYF,202602,2026-02-12 01:57:00,77.85,77.85,77.85,77.85,1
NYF,202602,2026-02-12 01:58:00,77.85,77.85,77.85,77.85,1
NYF,202602,2026-02-12 02:05:00,77.85,77.85,77.85,77.85,1
NYF,202602,2026-02-12 02:06:00,77.85,77.85,77.85,77.85,3
NYF,202602,2026-02-12 02:08:00,77.85,77.85,77.85,77.85,1
NYF,202602,2026-02-12 02:10:00,77.8,77.8,77.75,77.75,6
NYF,202602,2026-02-12 02:12:00,77.8,77.8,77.8,77.8,2
NYF,202602,2026-02-12 02:50:00,77.85,77.85,77.85,77.85,2
NYF,202602,2026-02-12 02:55:00,77.9,77.9,77.9,77.9,1
NYF,202602,2026-02-12 02:56:00,77.9,77.9,77.9,77.9,4
NYF,202602,2026-02-12 03:09:00,77.9,77.9,77.9,77.9,2
NYF,202602,2026-02-12 03:13:00,77.9,77.9,77.9,77.9,1
NYF,202602,2026-02-12 03:15:00,77.9,77.9,77.9,77.9,1
NYF,202602,2026-02-12 03:45:00,77.9,77.9,77.9,77.9,6
NYF,202602,2026-02-12 03:47:00,77.95,77.95,77.95,77.95,1
NYF,202602,2026-02-12 03:55:00,77.9,77.9,77.9,77.9,1
NYF,202602,2026-02-12 04:06:00,77.9,77.9,77.9,77.9,1
NYF,202602,2026-02-12 04:11:00,77.9,77.9,77.9,77.9,1
NYF,202602,2026-02-12 04:34:00,77.95,77.95,77.95,77.95,1
NYF,202602,2026-02-12 04:38:00,77.95,77.95,77.95,77.95,14
NYF,202602,2026-02-12 04:41:00,78.0,78.0,78.0,78.0,3
NYF,202602,2026-02-12 04:42:00,77.95,77.95,77.95,77.95,2
NYF,202602,2026-02-12 04:44:00,78.0,78.0,78.0,78.0,2
NYF,202602,2026-02-12 04:45:00,78.0,78.0,77.95,77.95,3
NYF,202602,2026-02-12 04:50:00,77.95,77.95,77.95,77.95,3
NYF,202602,2026-02-12 04:51:00,77.95,77.95,77.95,77.95,1
NYF,202602,2026-02-12 04:52:00,77.95,77.95,77.95,77.95,2
NYF,202602,2026-02-12 04:54:00,77.95,77.95,77.95,77.95,2
NYF,202602,2026-02-12 04:55:00,77.95,77.95,77.95,77.95,2
NYF,202602,2026-02-12 04:56:00,77.95,77.95,77.95,77.95,2
NYF,202602,2026-02-12 04:57:00,78.0,78.0,78.0,78.0,1
NYF,202602,2026-02-12 04:59:00,77.95,78.0,77.95,78.0,2
NYF,202602/202603,2026-02-11 21:51:00,0.26,0.26,0.26,0.26,2
NYF,202602/202603,2026-02-11 23:42:00,0.31,0.31,0.31,0.31,2
NYF,202602/202603,2026-02-12 00:14:00,0.31,0.31,0.31,0.31,2
NYF,202603,2026-02-11 17:37:00,77.3,77.3,77.3,77.3,1
NYF,202603,2026-02-11 17:49:00,77.3,77.3,77.3,77.3,1
NYF,202603,2026-02-11 18:03:00,77.2,77.2,77.2,77.2,1
NYF,202603,2026-02-11 18:04:00,77.2,77.2,77.2,77.2,1
NYF,202603,2026-02-11 18:20:00,77.2,77.2,77.2,77.2,1
NYF,202603,2026-02-11 18:22:00,77.25,77.25,77.25,77.25,1
NYF,202603,2026-02-11 18:24:00,77.3,77.3,77.3,77.3,1
NYF,202603,2026-02-11 18:28:00,77.3,77.3,77.3,77.3,1
NYF,202603,2026-02-11 19:20:00,77.4,77.4,77.4,77.4,1
NYF,202603,2026-02-11 19:26:00,77.4,77.4,77.4,77.4,2
NYF,202603,2026-02-11 19:43:00,77.35,77.35,77.35,77.35,1
NYF,202603,2026-02-11 19:44:00,77.35,77.35,77.35,77.35,1
NYF,202603,2026-02-11 20:07:00,77.4,77.4,77.4,77.4,1
NYF,202603,2026-02-11 20:20:00,77.4,77.4,77.4,77.4,1
NYF,202603,2026-02-11 20:21:00,77.4,77.4,77.4,77.4,1
NYF,202603,2026-02-11 20:33:00,77.4,77.45,77.4,77.45,2
NYF,202603,2026-02-11 20:34:00,77.45,77.45,77.45,77.45,2
NYF,202603,2026-02-11 20:35:00,77.4,77.4,77.4,77.4,1
NYF,202603,2026-02-11 20:47:00,77.4,77.4,77.4,77.4,1
NYF,202603,2026-02-11 20:49:00,77.4,77.4,77.4,77.4,1
NYF,202603,2026-02-11 21:27:00,77.45,77.45,77.45,77.45,2
NYF,202603,2026-02-11 21:30:00,77.5,77.5,77.5,77.5,1
NYF,202603,2026-02-11 21:33:00,77.55,77.55,77.55,77.55,1
NYF,202603,2026-02-11 21:34:00,77.55,77.55,77.55,77.55,1
NYF,202603,2026-02-11 21:38:00,77.7,77.7,77.7,77.7,1
NYF,202603,2026-02-11 21:46:00,77.65,77.65,77.65,77.65,1
NYF,202603,2026-02-11 21:47:00,77.7,77.7,77.7,77.7,1
NYF,202603,2026-02-11 21:48:00,77.7,77.7,77.7,77.7,1
NYF,202603,2026-02-11 21:49:00,77.75,77.75,77.75,77.75,1
NYF,202603,2026-02-11 21:50:00,77.75,77.75,77.75,77.75,1
NYF,202603,2026-02-11 21:52:00,77.75,77.75,77.75,77.75,1
NYF,202603,2026-02-11 21:55:00,77.8,77.8,77.8,77.8,1
NYF,202603,2026-02-11 21:58:00,77.8,77.8,77.8,77.8,1
NYF,202603,2026-02-11 21:59:00,77.8,77.8,77.8,77.8,1
NYF,202603,2026-02-11 22:00:00,77.8,77.8,77.8,77.8,2
NYF,202603,2026-02-11 22:10:00,77.85,77.85,77.85,77.85,1
NYF,202603,2026-02-11 22:11:00,77.8,77.8,77.75,77.75,4
NYF,202603,2026-02-11 22:12:00,77.75,77.75,77.75,77.75,1
NYF,202603,2026-02-11 22:18:00,77.75,77.85,77.75,77.85,6
NYF,202603,2026-02-11 22:19:00,77.8,77.8,77.8,77.8,1
NYF,202603,2026-02-11 22:21:00,77.85,77.85,77.85,77.85,1
NYF,202603,2026-02-11 22:30:00,77.85,77.9,77.85,77.9,2
NYF,202603,2026-02-11 22:31:00,77.9,77.9,77.9,77.9,2
NYF,202603,2026-02-11 22:33:00,77.9,77.9,77.9,77.9,4
NYF,202603,2026-02-11 22:36:00,77.9,77.9,77.9,77.9,1
NYF,202603,2026-02-11 22:38:00,77.85,77.85,77.85,77.85,2
NYF,202603,2026-02-11 22:41:00,77.9,77.9,77.9,77.9,1
NYF,202603,2026-02-11 22:42:00,77.9,77.9,77.9,77.9,1
NYF,202603,2026-02-11 22:43:00,77.9,77.95,77.9,77.95,2
NYF,202603,2026-02-11 22:44:00,77.95,77.95,77.95,77.95,2
NYF,202603,2026-02-11 22:45:00,78.0,78.0,78.0,78.0,4
NYF,202603,2026-02-11 22:47:00,78.1,78.1,78.1,78.1,5
NYF,202603,2026-02-11 22:48:00,78.1,78.1,78.1,78.1,7
NYF,202603,2026-02-11 22:49:00,78.15,78.2,78.15,78.2,3
NYF,202603,2026-02-11 22:50:00,78.2,78.2,78.2,78.2,4
NYF,202603,2026-02-11 22:52:00,78.2,78.2,78.2,78.2,4
NYF,202603,2026-02-11 22:53:00,78.15,78.15,78.15,78.15,1
NYF,202603,2026-02-11 22:57:00,78.15,78.15,78.15,78.15,6
NYF,202603,2026-02-11 22:58:00,78.15,78.15,78.15,78.15,4
NYF,202603,2026-02-11 22:59:00,78.15,78.15,78.15,78.15,3
NYF,202603,2026-02-11 23:00:00,78.15,78.15,78.15,78.15,5
NYF,202603,2026-02-11 23:01:00,78.15,78.15,78.15,78.15,2
NYF,202603,2026-02-11 23:03:00,78.15,78.15,78.15,78.15,3
NYF,202603,2026-02-11 23:05:00,78.1,78.1,78.1,78.1,1
NYF,202603,2026-02-11 23:06:00,78.1,78.1,78.1,78.1,2
NYF,202603,2026-02-11 23:07:00,78.1,78.1,78.1,78.1,6
NYF,202603,2026-02-11 23:08:00,78.1,78.1,78.1,78.1,2
NYF,202603,2026-02-11 23:09:00,78.1,78.1,78.05,78.05,4
NYF,202603,2026-02-11 23:10:00,78.05,78.05,78.05,78.05,2
NYF,202603,2026-02-11 23:11:00,78.0,78.0,77.95,77.95,7
NYF,202603,2026-02-11 23:12:00,77.9,77.9,77.85,77.85,7
NYF,202603,2026-02-11 23:13:00,77.8,77.8,77.7,77.7,15
NYF,202603,2026-02-11 23:14:00,77.8,77.95,77.7,77.95,7
NYF,202603,2026-02-11 23:15:00,77.95,77.95,77.95,77.95,3
NYF,202603,2026-02-11 23:16:00,77.9,77.9,77.8,77.8,3
NYF,202603,2026-02-11 23:17:00,77.7,77.7,77.7,77.7,1
NYF,202603,2026-02-11 23:19:00,77.8,77.8,77.7,77.7,7
NYF,202603,2026-02-11 23:20:00,77.7,77.7,77.65,77.65,11
NYF,202603,2026-02-11 23:21:00,77.65,77.75,77.65,77.75,8
NYF,202603,2026-02-11 23:22:00,77.75,77.75,77.7,77.7,5
NYF,202603,2026-02-11 23:23:00,77.7,77.7,77.65,77.65,4
NYF,202603,2026-02-11 23:24:00,77.6,77.6,77.6,77.6,4
NYF,202603,2026-02-11 23:25:00,77.6,77.6,77.6,77.6,3
NYF,202603,2026-02-11 23:26:00,77.6,77.6,77.55,77.55,5
NYF,202603,2026-02-11 23:27:00,77.55,77.55,77.55,77.55,6
NYF,202603,2026-02-11 23:28:00,77.6,77.6,77.6,77.6,2
NYF,202603,2026-02-11 23:29:00,77.65,77.65,77.65,77.65,2
NYF,202603,2026-02-11 23:30:00,77.65,77.65,77.65,77.65,2
NYF,202603,2026-02-11 23:31:00,77.7,77.7,77.7,77.7,1
NYF,202603,2026-02-11 23:32:00,77.7,77.7,77.7,77.7,1
NYF,202603,2026-02-11 23:33:00,77.7,77.7,77.7,77.7,1
NYF,202603,2026-02-11 23:36:00,77.85,77.9,77.85,77.85,4
NYF,202603,2026-02-11 23:37:00,77.85,77.85,77.8,77.8,2
NYF,202603,2026-02-11 23:44:00,77.85,77.85,77.85,77.85,1
NYF,202603,2026-02-11 23:49:00,77.85,77.85,77.85,77.85,2
NYF,202603,2026-02-11 23:50:00,77.8,77.8,77.8,77.8,2
NYF,202603,2026-02-11 23:51:00,77.85,77.85,77.85,77.85,1
NYF,202603,2026-02-11 23:53:00,77.95,77.95,77.95,77.95,1
NYF,202603,2026-02-11 23:54:00,78.0,78.0,78.0,78.0,1
NYF,202603,2026-02-11 23:55:00,78.0,78.0,78.0,78.0,1
NYF,202603,2026-02-11 23:57:00,78.0,78.0,78.0,78.0,2
NYF,202603,2026-02-11 23:59:00,78.0,78.0,78.0,78.0,1
NYF,202603,2026-02-12 00:02:00,78.0,78.0,78.0,78.0,2
NYF,202603,2026-02-12 00:03:00,77.95,77.95,77.95,77.95,1
NYF,202603,2026-02-12 00:05:00,77.9,77.9,77.9,77.9,1
NYF,202603,2026-02-12 00:09:00,77.9,77.9,77.9,77.9,2
NYF,202603,2026-02-12 00:10:00,77.95,77.95,77.95,77.95,1
NYF,202603,2026-02-12 00:11:00,78.0,78.0,78.0,78.0,1
NYF,202603,2026-02-12 00:14:00,78.1,78.1,78.1,78.1,11
NYF,202603,2026-02-12 00:15:00,78.1,78.1,78.1,78.1,2
NYF,202603,2026-02-12 00:16:00,78.05,78.05,78.05,78.05,1
NYF,202603,2026-02-12 00:17:00,78.05,78.1,78.05,78.1,2
NYF,202603,2026-02-12 00:18:00,78.05,78.05,78.05,78.05,1
NYF,202603,2026-02-12 00:23:00,78.15,78.15,78.15,78.15,1
NYF,202603,2026-02-12 00:24:00,78.15,78.15,78.15,78.15,1
NYF,202603,2026-02-12 00:25:00,78.15,78.15,78.15,78.15,1
NYF,202603,2026-02-12 00:27:00,78.1,78.1,78.1,78.1,3
NYF,202603,2026-02-12 00:28:00,78.05,78.05,78.05,78.05,1
NYF,202603,2026-02-12 00:30:00,78.1,78.1,78.1,78.1,1
NYF,202603,2026-02-12 00:36:00,78.1,78.1,78.1,78.1,1
NYF,202603,2026-02-12 00:39:00,78.1,78.1,78.1,78.1,1
NYF,202603,2026-02-12 00:40:00,78.1,78.1,78.1,78.1,2
NYF,202603,2026-02-12 00:41:00,78.1,78.1,78.1,78.1,2
NYF,202603,2026-02-12 00:45:00,78.05,78.05,78.05,78.05,1
NYF,202603,2026-02-12 00:47:00,78.15,78.15,78.15,78.15,1
NYF,202603,2026-02-12 01:01:00,78.0,78.0,78.0,78.0,3
NYF,202603,2026-02-12 01:13:00,78.1,78.1,78.1,78.1,1
NYF,202603,2026-02-12 01:17:00,78.1,78.1,78.1,78.1,1
NYF,202603,2026-02-12 01:25:00,78.15,78.15,78.15,78.15,2
NYF,202603,2026-02-12 01:26:00,78.15,78.15,78.15,78.15,1
NYF,202603,2026-02-12 01:37:00,78.1,78.1,78.1,78.1,1
NYF,202603,2026-02-12 01:48:00,78.1,78.1,78.1,78.1,1
NYF,202603,2026-02-12 02:01:00,78.15,78.15,78.15,78.15,1
NYF,202603,2026-02-12 02:10:00,78.1,78.1,78.1,78.1,1
NYF,202603,2026-02-12 02:31:00,78.15,78.15,78.15,78.15,1
NYF,202603,2026-02-12 02:32:00,78.15,78.15,78.15,78.15,4
NYF,202603,2026-02-12 02:35:00,78.15,78.15,78.15,78.15,1
NYF,202603,2026-02-12 02:39:00,78.15,78.15,78.15,78.15,1
NYF,202603,2026-02-12 02:56:00,78.15,78.15,78.15,78.15,1
NYF,202603,2026-02-12 02:59:00,78.2,78.2,78.2,78.2,1
NYF,202603,2026-02-12 03:26:00,78.2,78.2,78.2,78.2,1
NYF,202603,2026-02-12 04:02:00,78.2,78.2,78.2,78.2,1
NYF,202603,2026-02-12 04:09:00,78.2,78.2,78.2,78.2,1
NYF,202603,2026-02-12 04:20:00,78.2,78.2,78.2,78.2,1
NYF,202603,2026-02-12 04:25:00,78.2,78.2,78.2,78.2,1
NYF,202603,2026-02-12 04:27:00,78.15,78.15,78.15,78.15,1
NYF,202603,2026-02-12 04:36:00,78.2,78.2,78.2,78.2,1
NYF,202603,2026-02-12 04:37:00,78.15,78.15,78.15,78.15,1
NYF,202603,2026-02-12 04:38:00,78.2,78.2,78.2,78.2,5
NYF,202603,2026-02-12 04:41:00,78.2,78.2,78.2,78.2,5
NYF,202603,2026-02-12 04:42:00,78.2,78.2,78.2,78.2,3
NYF,202603,2026-02-12 04:44:00,78.2,78.2,78.2,78.2,3
NYF,202603,2026-02-12 04:45:00,78.2,78.2,78.2,78.2,3
NYF,202603,2026-02-12 04:46:00,78.2,78.2,78.2,78.2,1
NYF,202603,2026-02-12 04:52:00,78.2,78.2,78.2,78.2,1
NYF,202603,2026-02-12 04:55:00,78.25,78.25,78.25,78.25,1
NYF,202603,2026-02-12 04:58:00,78.25,78.25,78.25,78.25,1
NYF,202603,2026-02-12 04:59:00,78.3,78.3,78.3,78.3,2
QFF,202602,2026-02-11 17:25:00,1915.0,1915.0,1915.0,1915.0,6
QFF,202602,2026-02-11 17:27:00,1915.0,1915.0,1915.0,1915.0,1
QFF,202602,2026-02-11 17:29:00,1915.0,1915.0,1915.0,1915.0,2
QFF,202602,2026-02-11 17:33:00,1910.0,1910.0,1910.0,1910.0,56
QFF,202602,2026-02-11 17:34:00,1910.0,1910.0,1910.0,1910.0,1
QFF,202602,2026-02-11 17:35:00,1910.0,1910.0,1910.0,1910.0,3
QFF,202602,2026-02-11 17:36:00,1910.0,1910.0,1910.0,1910.0,5
QFF,202602,2026-02-11 17:37:00,1910.0,1910.0,1910.0,1910.0,10
QFF,202602,2026-02-11 17:38:00,1910.0,1910.0,1910.0,1910.0,1
QFF,202602,2026-02-11 17:39:00,1905.0,1910.0,1905.0,1910.0,5
QFF,202602,2026-02-11 17:40:00,1910.0,1910.0,1910.0,1910.0,4
QFF,202602,2026-02-11 17:42:00,1910.0,1910.0,1910.0,1910.0,1
QFF,202602,2026-02-11 17:43:00,1910.0,1910.0,1910.0,1910.0,5
QFF,202602,2026-02-11 17:45:00,1910.0,1910.0,1910.0,1910.0,2
QFF,202602,2026-02-11 17:46:00,1910.0,1910.0,1910.0,1910.0,1
QFF,202602,2026-02-11 17:49:00,1910.0,1910.0,1910.0,1910.0,1
QFF,202602,2026-02-11 17:50:00,1910.0,1910.0,1910.0,1910.0,1
QFF,202602,2026-02-11 17:51:00,1910.0,1910.0,1910.0,1910.0,1
QFF,202602,2026-02-11 17:58:00,1910.0,1910.0,1910.0,1910.0,1
QFF,202602,2026-02-11 18:04:00,1910.0,1910.0,1910.0,1910.0,1
QFF,202602,2026-02-11 18:05:00,1910.0,1910.0,1905.0,1905.0,3
QFF,202602,2026-02-11 18:10:00,1910.0,1910.0,1910.0,1910.0,2
QFF,202602,2026-02-11 18:11:00,1910.0,1910.0,1910.0,1910.0,2
QFF,202602,2026-02-11 18:12:00,1910.0,1910.0,1910.0,1910.0,1
QFF,202602,2026-02-11 18:17:00,1910.0,1910.0,1910.0,1910.0,3
QFF,202602,2026-02-11 18:19:00,1910.0,1910.0,1910.0,1910.0,1
QFF,202602,2026-02-11 18:20:00,1910.0,1910.0,1910.0,1910.0,1
QFF,202602,2026-02-11 18:21:00,1910.0,1910.0,1910.0,1910.0,1
QFF,202602,2026-02-11 18:22:00,1910.0,1910.0,1910.0,1910.0,6
QFF,202602,2026-02-11 18:23:00,1910.0,1910.0,1910.0,1910.0,2
QFF,202602,2026-02-11 18:24:00,1910.0,1910.0,1910.0,1910.0,1
QFF,202602,2026-02-11 18:25:00,1910.0,1910.0,1910.0,1910.0,3
QFF,202602,2026-02-11 18:26:00,1910.0,1910.0,1910.0,1910.0,1
QFF,202602,2026-02-11 18:27:00,1910.0,1910.0,1910.0,1910.0,6
QFF,202602,2026-02-11 18:28:00,1910.0,1910.0,1910.0,1910.0,1
QFF,202602,2026-02-11 18:29:00,1910.0,1910.0,1910.0,1910.0,4
QFF,202602,2026-02-11 18:30:00,1910.0,1910.0,1910.0,1910.0,2
QFF,202602,2026-02-11 18:31:00,1910.0,1910.0,1910.0,1910.0,7
QFF,202602,2026-02-11 18:32:00,1910.0,1910.0,1910.0,1910.0,1
QFF,202602,2026-02-11 18:33:00,1910.0,1910.0,1910.0,1910.0,2
QFF,202602,2026-02-11 18:35:00,1910.0,1910.0,1910.0,1910.0,2
QFF,202602,2026-02-11 18:36:00,1910.0,1910.0,1910.0,1910.0,1
QFF,202602,2026-02-11 18:38:00,1910.0,1910.0,1910.0,1910.0,1
QFF,202602,2026-02-11 18:42:00,1910.0,1910.0,1910.0,1910.0,1
QFF,202602,2026-02-11 18:43:00,1910.0,1910.0,1910.0,1910.0,1
QFF,202602,2026-02-11 18:47:00,1910.0,1910.0,1910.0,1910.0,4
QFF,202602,2026-02-11 18:48:00,1910.0,1910.0,1910.0,1910.0,1
QFF,202602,2026-02-11 18:55:00,1910.0,1910.0,1910.0,1910.0,10
QFF,202602,2026-02-11 18:57:00,1910.0,1910.0,1910.0,1910.0,2
QFF,202602,2026-02-11 18:59:00,1910.0,1910.0,1910.0,1910.0,3
QFF,202602,2026-02-11 19:00:00,1910.0,1910.0,1910.0,1910.0,21
QFF,202602,2026-02-11 19:01:00,1915.0,1915.0,1915.0,1915.0,5
QFF,202602,2026-02-11 19:09:00,1915.0,1915.0,1915.0,1915.0,3
QFF,202602,2026-02-11 19:18:00,1915.0,1915.0,1915.0,1915.0,1
QFF,202602,2026-02-11 19:22:00,1915.0,1915.0,1910.0,1910.0,2
QFF,202602,2026-02-11 19:23:00,1915.0,1915.0,1915.0,1915.0,1
QFF,202602,2026-02-11 19:25:00,1915.0,1915.0,1915.0,1915.0,1
QFF,202602,2026-02-11 19:26:00,1915.0,1915.0,1915.0,1915.0,7
QFF,202602,2026-02-11 19:30:00,1915.0,1915.0,1915.0,1915.0,1
QFF,202602,2026-02-11 19:35:00,1915.0,1915.0,1915.0,1915.0,1
QFF,202602,2026-02-11 19:36:00,1915.0,1915.0,1915.0,1915.0,1
QFF,202602,2026-02-11 19:40:00,1915.0,1915.0,1915.0,1915.0,1
QFF,202602,2026-02-11 19:42:00,1910.0,1910.0,1910.0,1910.0,1
QFF,202602,2026-02-11 19:46:00,1910.0,1910.0,1910.0,1910.0,1
QFF,202602,2026-02-11 19:50:00,1910.0,1910.0,1910.0,1910.0,1
QFF,202602,2026-02-11 19:59:00,1910.0,1910.0,1910.0,1910.0,1
QFF,202602,2026-02-11 20:01:00,1910.0,1910.0,1910.0,1910.0,1
QFF,202602,2026-02-11 20:04:00,1915.0,1915.0,1915.0,1915.0,1
QFF,202602,2026-02-11 20:09:00,1915.0,1915.0,1915.0,1915.0,11
QFF,202602,2026-02-11 20:12:00,1915.0,1915.0,1915.0,1915.0,1
QFF,202602,2026-02-11 20:13:00,1915.0,1915.0,1915.0,1915.0,1
QFF,202602,2026-02-11 20:14:00,1915.0,1915.0,1915.0,1915.0,1
QFF,202602,2026-02-11 20:15:00,1915.0,1915.0,1915.0,1915.0,2
QFF,202602,2026-02-11 20:20:00,1915.0,1915.0,1915.0,1915.0,1
QFF,202602,2026-02-11 20:26:00,1915.0,1915.0,1915.0,1915.0,1
QFF,202602,2026-02-11 20:29:00,1915.0,1915.0,1915.0,1915.0,1
QFF,202602,2026-02-11 20:33:00,1915.0,1915.0,1915.0,1915.0,1
QFF,202602,2026-02-11 20:35:00,1910.0,1910.0,1910.0,1910.0,1
QFF,202602,2026-02-11 20:42:00,1915.0,1915.0,1915.0,1915.0,4
QFF,202602,2026-02-11 20:43:00,1915.0,1915.0,1915.0,1915.0,2
QFF,202602,2026-02-11 20:44:00,1915.0,1915.0,1915.0,1915.0,3
QFF,202602,2026-02-11 20:52:00,1915.0,1915.0,1915.0,1915.0,3
QFF,202602,2026-02-11 20:53:00,1915.0,1915.0,1915.0,1915.0,1
QFF,202602,2026-02-11 21:00:00,1915.0,1915.0,1915.0,1915.0,4
QFF,202602,2026-02-11 21:01:00,1915.0,1915.0,1915.0,1915.0,3
QFF,202602,2026-02-11 21:03:00,1915.0,1915.0,1915.0,1915.0,2
QFF,202602,2026-02-11 21:04:00,1915.0,1915.0,1915.0,1915.0,6
QFF,202602,2026-02-11 21:06:00,1915.0,1915.0,1915.0,1915.0,1
QFF,202602,2026-02-11 21:21:00,1915.0,1915.0,1915.0,1915.0,7
QFF,202602,2026-02-11 21:29:00,1910.0,1915.0,1910.0,1915.0,6
QFF,202602,2026-02-11 21:31:00,1915.0,1915.0,1915.0,1915.0,4
QFF,202602,2026-02-11 21:32:00,1915.0,1915.0,1915.0,1915.0,23
QFF,202602,2026-02-11 21:34:00,1920.0,1920.0,1920.0,1920.0,1
QFF,202602,2026-02-11 21:35:00,1920.0,1920.0,1920.0,1920.0,15
QFF,202602,2026-02-11 21:36:00,1920.0,1920.0,1920.0,1920.0,1
QFF,202602,2026-02-11 21:37:00,1920.0,1920.0,1920.0,1920.0,4
QFF,202602,2026-02-11 21:39:00,1920.0,1920.0,1920.0,1920.0,1
QFF,202602,2026-02-11 21:40:00,1920.0,1920.0,1920.0,1920.0,1
QFF,202602,2026-02-11 21:44:00,1920.0,1920.0,1920.0,1920.0,12
QFF,202602,2026-02-11 21:45:00,1920.0,1920.0,1920.0,1920.0,9
QFF,202602,2026-02-11 21:46:00,1925.0,1925.0,1925.0,1925.0,4
QFF,202602,2026-02-11 21:47:00,1925.0,1925.0,1925.0,1925.0,5
QFF,202602,2026-02-11 21:48:00,1925.0,1925.0,1925.0,1925.0,5
QFF,202602,2026-02-11 21:50:00,1925.0,1925.0,1925.0,1925.0,1
QFF,202602,2026-02-11 21:52:00,1925.0,1925.0,1925.0,1925.0,1
QFF,202602,2026-02-11 21:53:00,1925.0,1925.0,1925.0,1925.0,1
QFF,202602,2026-02-11 21:54:00,1925.0,1925.0,1925.0,1925.0,10
QFF,202602,2026-02-11 21:55:00,1925.0,1925.0,1925.0,1925.0,4
QFF,202602,2026-02-11 21:56:00,1925.0,1925.0,1925.0,1925.0,79
QFF,202602,2026-02-11 21:57:00,1925.0,1925.0,1925.0,1925.0,2
QFF,202602,2026-02-11 21:58:00,1925.0,1925.0,1925.0,1925.0,11
QFF,202602,2026-02-11 21:59:00,1925.0,1925.0,1925.0,1925.0,1
QFF,202602,2026-02-11 22:00:00,1925.0,1925.0,1925.0,1925.0,2
QFF,202602,2026-02-11 22:01:00,1925.0,1925.0,1925.0,1925.0,1
QFF,202602,2026-02-11 22:03:00,1925.0,1925.0,1925.0,1925.0,4
QFF,202602,2026-02-11 22:05:00,1925.0,1925.0,1925.0,1925.0,1
QFF,202602,2026-02-11 22:06:00,1925.0,1925.0,1925.0,1925.0,9
QFF,202602,2026-02-11 22:08:00,1925.0,1925.0,1925.0,1925.0,1
QFF,202602,2026-02-11 22:09:00,1925.0,1925.0,1925.0,1925.0,5
QFF,202602,2026-02-11 22:11:00,1925.0,1925.0,1925.0,1925.0,1
QFF,202602,2026-02-11 22:12:00,1925.0,1925.0,1925.0,1925.0,2
QFF,202602,2026-02-11 22:13:00,1925.0,1925.0,1925.0,1925.0,2
QFF,202602,2026-02-11 22:14:00,1925.0,1925.0,1925.0,1925.0,2
QFF,202602,2026-02-11 22:15:00,1925.0,1925.0,1925.0,1925.0,4
QFF,202602,2026-02-11 22:20:00,1925.0,1925.0,1925.0,1925.0,1
QFF,202602,2026-02-11 22:21:00,1925.0,1925.0,1925.0,1925.0,1
QFF,202602,2026-02-11 22:22:00,1925.0,1925.0,1925.0,1925.0,1
QFF,202602,2026-02-11 22:23:00,1925.0,1925.0,1925.0,1925.0,1
QFF,202602,2026-02-11 22:24:00,1925.0,1925.0,1925.0,1925.0,1
QFF,202602,2026-02-11 22:25:00,1925.0,1925.0,1925.0,1925.0,1
QFF,202602,2026-02-11 22:26:00,1925.0,1925.0,1925.0,1925.0,5
QFF,202602,2026-02-11 22:28:00,1925.0,1925.0,1925.0,1925.0,51
QFF,202602,2026-02-11 22:29:00,1925.0,1925.0,1925.0,1925.0,2
QFF,202602,2026-02-11 22:30:00,1925.0,1925.0,1925.0,1925.0,1
QFF,202602,2026-02-11 22:31:00,1930.0,1930.0,1930.0,1930.0,6
QFF,202602,2026-02-11 22:32:00,1925.0,1925.0,1925.0,1925.0,5
QFF,202602,2026-02-11 22:33:00,1930.0,1930.0,1925.0,1930.0,5
QFF,202602,2026-02-11 22:34:00,1930.0,1930.0,1925.0,1925.0,3
QFF,202602,2026-02-11 22:35:00,1930.0,1930.0,1925.0,1930.0,56
QFF,202602,2026-02-11 22:36:00,1930.0,1930.0,1930.0,1930.0,24
QFF,202602,2026-02-11 22:37:00,1930.0,1930.0,1930.0,1930.0,48
QFF,202602,2026-02-11 22:38:00,1930.0,1930.0,1930.0,1930.0,41
QFF,202602,2026-02-11 22:39:00,1930.0,1930.0,1930.0,1930.0,1
QFF,202602,2026-02-11 22:40:00,1930.0,1930.0,1930.0,1930.0,6
QFF,202602,2026-02-11 22:41:00,1930.0,1930.0,1925.0,1930.0,6
QFF,202602,2026-02-11 22:42:00,1930.0,1930.0,1930.0,1930.0,1
QFF,202602,2026-02-11 22:43:00,1930.0,1935.0,1930.0,1935.0,3
QFF,202602,2026-02-11 22:44:00,1935.0,1935.0,1935.0,1935.0,59
QFF,202602,2026-02-11 22:45:00,1935.0,1940.0,1935.0,1935.0,12
QFF,202602,2026-02-11 22:46:00,1940.0,1940.0,1935.0,1935.0,8
QFF,202602,2026-02-11 22:47:00,1935.0,1940.0,1935.0,1940.0,4
QFF,202602,2026-02-11 22:48:00,1940.0,1945.0,1940.0,1940.0,37
QFF,202602,2026-02-11 22:49:00,1940.0,1940.0,1940.0,1940.0,3
QFF,202602,2026-02-11 22:50:00,1940.0,1945.0,1940.0,1940.0,48
QFF,202602,2026-02-11 22:51:00,1940.0,1940.0,1940.0,1940.0,28
QFF,202602,2026-02-11 22:52:00,1940.0,1940.0,1940.0,1940.0,9
QFF,202602,2026-02-11 22:53:00,1940.0,1940.0,1935.0,1940.0,50
QFF,202602,2026-02-11 22:54:00,1940.0,1940.0,1940.0,1940.0,1
QFF,202602,2026-02-11 22:55:00,1940.0,1945.0,1940.0,1945.0,2
QFF,202602,2026-02-11 22:56:00,1940.0,1940.0,1940.0,1940.0,64
QFF,202602,2026-02-11 22:57:00,1940.0,1940.0,1940.0,1940.0,17
QFF,202602,2026-02-11 22:58:00,1940.0,1940.0,1940.0,1940.0,3
QFF,202602,2026-02-11 22:59:00,1940.0,1940.0,1935.0,1935.0,12
QFF,202602,2026-02-11 23:00:00,1940.0,1940.0,1940.0,1940.0,2
QFF,202602,2026-02-11 23:01:00,1940.0,1940.0,1940.0,1940.0,17
QFF,202602,2026-02-11 23:02:00,1940.0,1940.0,1935.0,1935.0,6
QFF,202602,2026-02-11 23:03:00,1935.0,1935.0,1935.0,1935.0,1
QFF,202602,2026-02-11 23:05:00,1935.0,1935.0,1935.0,1935.0,96
QFF,202602,2026-02-11 23:06:00,1935.0,1935.0,1935.0,1935.0,16
QFF,202602,2026-02-11 23:07:00,1935.0,1935.0,1935.0,1935.0,5
QFF,202602,2026-02-11 23:09:00,1935.0,1935.0,1935.0,1935.0,14
QFF,202602,2026-02-11 23:10:00,1935.0,1935.0,1935.0,1935.0,5
QFF,202602,2026-02-11 23:11:00,1935.0,1935.0,1930.0,1930.0,96
QFF,202602,2026-02-11 23:12:00,1930.0,1930.0,1925.0,1925.0,17
QFF,202602,2026-02-11 23:13:00,1925.0,1930.0,1925.0,1925.0,31
QFF,202602,2026-02-11 23:14:00,1925.0,1930.0,1925.0,1925.0,97
QFF,202602,2026-02-11 23:15:00,1930.0,1930.0,1930.0,1930.0,3
QFF,202602,2026-02-11 23:16:00,1930.0,1930.0,1925.0,1925.0,13
QFF,202602,2026-02-11 23:17:00,1925.0,1925.0,1925.0,1925.0,27
QFF,202602,2026-02-11 23:18:00,1925.0,1925.0,1925.0,1925.0,15
QFF,202602,2026-02-11 23:19:00,1925.0,1925.0,1920.0,1925.0,35
QFF,202602,2026-02-11 23:20:00,1925.0,1925.0,1925.0,1925.0,3
QFF,202602,2026-02-11 23:21:00,1920.0,1920.0,1920.0,1920.0,111
QFF,202602,2026-02-11 23:22:00,1925.0,1925.0,1925.0,1925.0,2
QFF,202602,2026-02-11 23:23:00,1920.0,1920.0,1920.0,1920.0,3
QFF,202602,2026-02-11 23:24:00,1920.0,1920.0,1915.0,1915.0,13
QFF,202602,2026-02-11 23:25:00,1915.0,1915.0,1915.0,1915.0,2
QFF,202602,2026-02-11 23:26:00,1915.0,1915.0,1915.0,1915.0,74
QFF,202602,2026-02-11 23:27:00,1915.0,1915.0,1915.0,1915.0,22
QFF,202602,2026-02-11 23:28:00,1915.0,1920.0,1915.0,1920.0,13
QFF,202602,2026-02-11 23:29:00,1920.0,1920.0,1920.0,1920.0,4
QFF,202602,2026-02-11 23:30:00,1920.0,1920.0,1920.0,1920.0,3
QFF,202602,2026-02-11 23:31:00,1920.0,1920.0,1920.0,1920.0,3
QFF,202602,2026-02-11 23:33:00,1920.0,1920.0,1920.0,1920.0,9
QFF,202602,2026-02-11 23:34:00,1920.0,1920.0,1920.0,1920.0,3
QFF,202602,2026-02-11 23:36:00,1920.0,1920.0,1920.0,1920.0,1
QFF,202602,2026-02-11 23:38:00,1925.0,1925.0,1925.0,1925.0,1
QFF,202602,2026-02-11 23:39:00,1925.0,1925.0,1920.0,1925.0,4
QFF,202602,2026-02-11 23:40:00,1925.0,1925.0,1925.0,1925.0,29
QFF,202602,2026-02-11 23:42:00,1930.0,1930.0,1930.0,1930.0,3
QFF,202602,2026-02-11 23:43:00,1930.0,1930.0,1925.0,1925.0,5
QFF,202602,2026-02-11 23:44:00,1925.0,1925.0,1925.0,1925.0,4
QFF,202602,2026-02-11 23:45:00,1925.0,1925.0,1925.0,1925.0,5
QFF,202602,2026-02-11 23:46:00,1925.0,1925.0,1925.0,1925.0,12
QFF,202602,2026-02-11 23:47:00,1925.0,1925.0,1925.0,1925.0,1
QFF,202602,2026-02-11 23:48:00,1925.0,1925.0,1925.0,1925.0,1
QFF,202602,2026-02-11 23:49:00,1925.0,1925.0,1925.0,1925.0,8
QFF,202602,2026-02-11 23:50:00,1925.0,1925.0,1925.0,1925.0,2
QFF,202602,2026-02-11 23:51:00,1920.0,1925.0,1920.0,1925.0,2
QFF,202602,2026-02-11 23:52:00,1925.0,1925.0,1925.0,1925.0,20
QFF,202602,2026-02-11 23:53:00,1930.0,1930.0,1930.0,1930.0,2
QFF,202602,2026-02-11 23:54:00,1930.0,1930.0,1930.0,1930.0,2
QFF,202602,2026-02-11 23:55:00,1930.0,1930.0,1925.0,1925.0,2
QFF,202602,2026-02-11 23:56:00,1930.0,1930.0,1925.0,1925.0,4
QFF,202602,2026-02-11 23:57:00,1930.0,1930.0,1930.0,1930.0,1
QFF,202602,2026-02-11 23:58:00,1930.0,1930.0,1930.0,1930.0,5
QFF,202602,2026-02-11 23:59:00,1930.0,1930.0,1930.0,1930.0,7
QFF,202602,2026-02-12 00:00:00,1930.0,1930.0,1925.0,1925.0,6
QFF,202602,2026-02-12 00:03:00,1925.0,1925.0,1925.0,1925.0,1
QFF,202602,2026-02-12 00:04:00,1925.0,1925.0,1925.0,1925.0,6
QFF,202602,2026-02-12 00:05:00,1930.0,1930.0,1930.0,1930.0,10
QFF,202602,2026-02-12 00:08:00,1930.0,1930.0,1930.0,1930.0,1
QFF,202602,2026-02-12 00:11:00,1930.0,1930.0,1930.0,1930.0,1
QFF,202602,2026-02-12 00:12:00,1930.0,1930.0,1930.0,1930.0,4
QFF,202602,2026-02-12 00:13:00,1930.0,1930.0,1930.0,1930.0,6
QFF,202602,2026-02-12 00:14:00,1930.0,1930.0,1930.0,1930.0,2
QFF,202602,2026-02-12 00:15:00,1930.0,1930.0,1930.0,1930.0,2
QFF,202602,2026-02-12 00:16:00,1930.0,1930.0,1930.0,1930.0,5
QFF,202602,2026-02-12 00:17:00,1930.0,1930.0,1930.0,1930.0,3
QFF,202602,2026-02-12 00:19:00,1930.0,1930.0,1930.0,1930.0,29
QFF,202602,2026-02-12 00:26:00,1930.0,1930.0,1930.0,1930.0,22
QFF,202602,2026-02-12 00:27:00,1930.0,1930.0,1930.0,1930.0,2
QFF,202602,2026-02-12 00:30:00,1930.0,1930.0,1930.0,1930.0,30
QFF,202602,2026-02-12 00:31:00,1930.0,1930.0,1930.0,1930.0,4
QFF,202602,2026-02-12 00:33:00,1930.0,1930.0,1930.0,1930.0,1
QFF,202602,2026-02-12 00:34:00,1930.0,1930.0,1930.0,1930.0,5
QFF,202602,2026-02-12 00:35:00,1930.0,1930.0,1930.0,1930.0,1
QFF,202602,2026-02-12 00:36:00,1930.0,1930.0,1930.0,1930.0,2
QFF,202602,2026-02-12 00:37:00,1930.0,1930.0,1930.0,1930.0,3
QFF,202602,2026-02-12 00:38:00,1930.0,1930.0,1930.0,1930.0,2
QFF,202602,2026-02-12 00:39:00,1925.0,1930.0,1925.0,1930.0,3
QFF,202602,2026-02-12 00:40:00,1930.0,1930.0,1930.0,1930.0,3
QFF,202602,2026-02-12 00:41:00,1930.0,1930.0,1930.0,1930.0,7
QFF,202602,2026-02-12 00:42:00,1930.0,1930.0,1930.0,1930.0,2
QFF,202602,2026-02-12 00:43:00,1930.0,1930.0,1930.0,1930.0,1
QFF,202602,2026-02-12 00:44:00,1930.0,1930.0,1930.0,1930.0,1
QFF,202602,2026-02-12 00:46:00,1930.0,1930.0,1930.0,1930.0,1
QFF,202602,2026-02-12 00:47:00,1925.0,1925.0,1925.0,1925.0,10
QFF,202602,2026-02-12 00:51:00,1930.0,1930.0,1930.0,1930.0,1
QFF,202602,2026-02-12 00:52:00,1930.0,1930.0,1930.0,1930.0,1
QFF,202602,2026-02-12 00:53:00,1930.0,1930.0,1930.0,1930.0,3
QFF,202602,2026-02-12 00:54:00,1930.0,1930.0,1930.0,1930.0,2
QFF,202602,2026-02-12 00:55:00,1930.0,1930.0,1930.0,1930.0,1
QFF,202602,2026-02-12 00:56:00,1930.0,1930.0,1930.0,1930.0,2
QFF,202602,2026-02-12 00:57:00,1930.0,1930.0,1930.0,1930.0,3
QFF,202602,2026-02-12 00:58:00,1930.0,1930.0,1930.0,1930.0,1
QFF,202602,2026-02-12 00:59:00,1930.0,1930.0,1925.0,1925.0,2
QFF,202602,2026-02-12 01:00:00,1925.0,1930.0,1925.0,1930.0,2
QFF,202602,2026-02-12 01:01:00,1925.0,1925.0,1925.0,1925.0,25
QFF,202602,2026-02-12 01:02:00,1925.0,1925.0,1925.0,1925.0,1
QFF,202602,2026-02-12 01:03:00,1925.0,1925.0,1925.0,1925.0,2
QFF,202602,2026-02-12 01:04:00,1925.0,1925.0,1925.0,1925.0,2
QFF,202602,2026-02-12 01:05:00,1925.0,1925.0,1925.0,1925.0,2
QFF,202602,2026-02-12 01:06:00,1925.0,1925.0,1925.0,1925.0,4
QFF,202602,2026-02-12 01:07:00,1930.0,1930.0,1925.0,1925.0,4
QFF,202602,2026-02-12 01:13:00,1930.0,1930.0,1930.0,1930.0,1
QFF,202602,2026-02-12 01:14:00,1930.0,1930.0,1930.0,1930.0,10
QFF,202602,2026-02-12 01:17:00,1930.0,1930.0,1930.0,1930.0,1
QFF,202602,2026-02-12 01:20:00,1930.0,1930.0,1930.0,1930.0,1
QFF,202602,2026-02-12 01:21:00,1930.0,1930.0,1930.0,1930.0,1
QFF,202602,2026-02-12 01:22:00,1930.0,1930.0,1930.0,1930.0,2
QFF,202602,2026-02-12 01:23:00,1930.0,1930.0,1930.0,1930.0,31
QFF,202602,2026-02-12 01:26:00,1935.0,1935.0,1935.0,1935.0,1
QFF,202602,2026-02-12 01:28:00,1935.0,1935.0,1935.0,1935.0,1
QFF,202602,2026-02-12 01:29:00,1935.0,1935.0,1935.0,1935.0,2
QFF,202602,2026-02-12 01:30:00,1935.0,1935.0,1935.0,1935.0,1
QFF,202602,2026-02-12 01:31:00,1935.0,1935.0,1935.0,1935.0,1
QFF,202602,2026-02-12 01:32:00,1935.0,1935.0,1935.0,1935.0,2
QFF,202602,2026-02-12 01:33:00,1935.0,1935.0,1935.0,1935.0,2
QFF,202602,2026-02-12 01:34:00,1935.0,1935.0,1935.0,1935.0,3
QFF,202602,2026-02-12 01:35:00,1935.0,1935.0,1935.0,1935.0,1
QFF,202602,2026-02-12 01:36:00,1935.0,1935.0,1935.0,1935.0,2
QFF,202602,2026-02-12 01:39:00,1935.0,1935.0,1935.0,1935.0,1
QFF,202602,2026-02-12 01:40:00,1935.0,1935.0,1935.0,1935.0,3
QFF,202602,2026-02-12 01:41:00,1935.0,1935.0,1935.0,1935.0,1
QFF,202602,2026-02-12 01:42:00,1935.0,1935.0,1935.0,1935.0,5
QFF,202602,2026-02-12 01:43:00,1935.0,1935.0,1935.0,1935.0,2
QFF,202602,2026-02-12 01:44:00,1930.0,1935.0,1930.0,1935.0,4
QFF,202602,2026-02-12 01:45:00,1935.0,1935.0,1935.0,1935.0,1
QFF,202602,2026-02-12 01:46:00,1935.0,1935.0,1935.0,1935.0,24
QFF,202602,2026-02-12 01:47:00,1935.0,1935.0,1935.0,1935.0,2
QFF,202602,2026-02-12 01:48:00,1935.0,1935.0,1935.0,1935.0,1
QFF,202602,2026-02-12 01:49:00,1935.0,1935.0,1935.0,1935.0,3
QFF,202602,2026-02-12 01:50:00,1935.0,1935.0,1930.0,1935.0,7
QFF,202602,2026-02-12 01:51:00,1935.0,1935.0,1935.0,1935.0,4
QFF,202602,2026-02-12 01:52:00,1935.0,1935.0,1935.0,1935.0,2
QFF,202602,2026-02-12 01:53:00,1935.0,1935.0,1935.0,1935.0,3
QFF,202602,2026-02-12 01:54:00,1935.0,1935.0,1935.0,1935.0,3
QFF,202602,2026-02-12 01:55:00,1935.0,1935.0,1935.0,1935.0,1
QFF,202602,2026-02-12 01:56:00,1935.0,1935.0,1935.0,1935.0,2
QFF,202602,2026-02-12 01:59:00,1935.0,1935.0,1935.0,1935.0,1
QFF,202602,2026-02-12 02:00:00,1935.0,1935.0,1935.0,1935.0,2
QFF,202602,2026-02-12 02:01:00,1935.0,1935.0,1935.0,1935.0,1
QFF,202602,2026-02-12 02:02:00,1935.0,1935.0,1935.0,1935.0,17
QFF,202602,2026-02-12 02:03:00,1935.0,1935.0,1935.0,1935.0,2
QFF,202602,2026-02-12 02:07:00,1935.0,1935.0,1935.0,1935.0,5
QFF,202602,2026-02-12 02:10:00,1935.0,1935.0,1935.0,1935.0,6
QFF,202602,2026-02-12 02:12:00,1935.0,1935.0,1935.0,1935.0,1
QFF,202602,2026-02-12 02:13:00,1935.0,1935.0,1935.0,1935.0,4
QFF,202602,2026-02-12 02:15:00,1935.0,1935.0,1935.0,1935.0,1
QFF,202602,2026-02-12 02:16:00,1935.0,1935.0,1935.0,1935.0,12
QFF,202602,2026-02-12 02:17:00,1935.0,1935.0,1935.0,1935.0,8
QFF,202602,2026-02-12 02:18:00,1935.0,1935.0,1935.0,1935.0,2
QFF,202602,2026-02-12 02:19:00,1935.0,1935.0,1935.0,1935.0,2
QFF,202602,2026-02-12 02:20:00,1935.0,1935.0,1935.0,1935.0,2
QFF,202602,2026-02-12 02:21:00,1935.0,1935.0,1935.0,1935.0,1
QFF,202602,2026-02-12 02:22:00,1935.0,1935.0,1935.0,1935.0,2
QFF,202602,2026-02-12 02:23:00,1935.0,1935.0,1935.0,1935.0,3
QFF,202602,2026-02-12 02:24:00,1935.0,1935.0,1935.0,1935.0,5
QFF,202602,2026-02-12 02:25:00,1935.0,1935.0,1935.0,1935.0,1
QFF,202602,2026-02-12 02:26:00,1935.0,1935.0,1935.0,1935.0,2
QFF,202602,2026-02-12 02:27:00,1935.0,1935.0,1935.0,1935.0,4
QFF,202602,2026-02-12 02:28:00,1935.0,1935.0,1935.0,1935.0,1
QFF,202602,2026-02-12 02:29:00,1935.0,1935.0,1935.0,1935.0,1
QFF,202602,2026-02-12 02:30:00,1935.0,1935.0,1935.0,1935.0,2
QFF,202602,2026-02-12 02:31:00,1935.0,1935.0,1935.0,1935.0,3
QFF,202602,2026-02-12 02:32:00,1935.0,1935.0,1935.0,1935.0,1
QFF,202602,2026-02-12 02:36:00,1935.0,1935.0,1935.0,1935.0,1
QFF,202602,2026-02-12 02:37:00,1935.0,1935.0,1935.0,1935.0,3
QFF,202602,2026-02-12 02:38:00,1935.0,1935.0,1935.0,1935.0,2
QFF,202602,2026-02-12 02:39:00,1935.0,1935.0,1935.0,1935.0,10
QFF,202602,2026-02-12 02:40:00,1935.0,1935.0,1935.0,1935.0,2
QFF,202602,2026-02-12 02:41:00,1935.0,1935.0,1935.0,1935.0,3
QFF,202602,2026-02-12 02:42:00,1935.0,1935.0,1935.0,1935.0,1
QFF,202602,2026-02-12 02:44:00,1935.0,1935.0,1935.0,1935.0,5
QFF,202602,2026-02-12 02:45:00,1935.0,1935.0,1935.0,1935.0,8
QFF,202602,2026-02-12 02:46:00,1935.0,1935.0,1935.0,1935.0,3
QFF,202602,2026-02-12 02:47:00,1935.0,1935.0,1935.0,1935.0,8
QFF,202602,2026-02-12 02:48:00,1935.0,1935.0,1935.0,1935.0,1
QFF,202602,2026-02-12 02:49:00,1935.0,1935.0,1935.0,1935.0,2
QFF,202602,2026-02-12 02:50:00,1935.0,1935.0,1935.0,1935.0,7
QFF,202602,2026-02-12 02:51:00,1935.0,1935.0,1935.0,1935.0,4
QFF,202602,2026-02-12 02:53:00,1935.0,1935.0,1935.0,1935.0,2
QFF,202602,2026-02-12 02:54:00,1935.0,1935.0,1935.0,1935.0,1
QFF,202602,2026-02-12 02:55:00,1935.0,1935.0,1935.0,1935.0,2
QFF,202602,2026-02-12 02:56:00,1935.0,1935.0,1935.0,1935.0,1
QFF,202602,2026-02-12 02:57:00,1935.0,1935.0,1935.0,1935.0,1
QFF,202602,2026-02-12 02:58:00,1935.0,1935.0,1935.0,1935.0,5
QFF,202602,2026-02-12 03:00:00,1935.0,1935.0,1935.0,1935.0,4
QFF,202602,2026-02-12 03:01:00,1935.0,1935.0,1935.0,1935.0,2
QFF,202602,2026-02-12 03:02:00,1935.0,1935.0,1935.0,1935.0,2
QFF,202602,2026-02-12 03:03:00,1935.0,1935.0,1935.0,1935.0,1
QFF,202602,2026-02-12 03:05:00,1935.0,1935.0,1935.0,1935.0,3
QFF,202602,2026-02-12 03:06:00,1935.0,1935.0,1935.0,1935.0,5
QFF,202602,2026-02-12 03:07:00,1935.0,1935.0,1935.0,1935.0,2
QFF,202602,2026-02-12 03:08:00,1935.0,1935.0,1935.0,1935.0,1
QFF,202602,2026-02-12 03:09:00,1935.0,1935.0,1935.0,1935.0,9
QFF,202602,2026-02-12 03:10:00,1935.0,1935.0,1935.0,1935.0,3
QFF,202602,2026-02-12 03:11:00,1935.0,1935.0,1935.0,1935.0,2
QFF,202602,2026-02-12 03:12:00,1935.0,1935.0,1935.0,1935.0,7
QFF,202602,2026-02-12 03:13:00,1935.0,1935.0,1935.0,1935.0,3
QFF,202602,2026-02-12 03:14:00,1935.0,1935.0,1935.0,1935.0,3
QFF,202602,2026-02-12 03:16:00,1935.0,1935.0,1935.0,1935.0,4
QFF,202602,2026-02-12 03:21:00,1935.0,1935.0,1935.0,1935.0,2
QFF,202602,2026-02-12 03:22:00,1935.0,1935.0,1935.0,1935.0,4
QFF,202602,2026-02-12 03:23:00,1935.0,1935.0,1935.0,1935.0,2
QFF,202602,2026-02-12 03:27:00,1935.0,1935.0,1935.0,1935.0,10
QFF,202602,2026-02-12 03:30:00,1935.0,1935.0,1935.0,1935.0,3
QFF,202602,2026-02-12 03:31:00,1935.0,1935.0,1935.0,1935.0,36
QFF,202602,2026-02-12 03:32:00,1935.0,1935.0,1935.0,1935.0,5
QFF,202602,2026-02-12 03:33:00,1935.0,1935.0,1935.0,1935.0,7
QFF,202602,2026-02-12 03:39:00,1935.0,1935.0,1935.0,1935.0,1
QFF,202602,2026-02-12 03:40:00,1935.0,1935.0,1935.0,1935.0,1
QFF,202602,2026-02-12 03:41:00,1935.0,1935.0,1935.0,1935.0,3
QFF,202602,2026-02-12 03:42:00,1935.0,1935.0,1935.0,1935.0,1
QFF,202602,2026-02-12 03:43:00,1935.0,1935.0,1935.0,1935.0,1
QFF,202602,2026-02-12 03:45:00,1935.0,1935.0,1935.0,1935.0,12
QFF,202602,2026-02-12 03:46:00,1935.0,1935.0,1935.0,1935.0,2
QFF,202602,2026-02-12 03:55:00,1935.0,1935.0,1935.0,1935.0,10
QFF,202602,2026-02-12 03:56:00,1935.0,1935.0,1935.0,1935.0,4
QFF,202602,2026-02-12 03:57:00,1935.0,1935.0,1935.0,1935.0,11
QFF,202602,2026-02-12 03:59:00,1935.0,1935.0,1935.0,1935.0,3
QFF,202602,2026-02-12 04:00:00,1935.0,1935.0,1935.0,1935.0,2
QFF,202602,2026-02-12 04:01:00,1935.0,1935.0,1935.0,1935.0,2
QFF,202602,2026-02-12 04:02:00,1935.0,1935.0,1935.0,1935.0,1
QFF,202602,2026-02-12 04:03:00,1935.0,1935.0,1935.0,1935.0,2
QFF,202602,2026-02-12 04:04:00,1935.0,1935.0,1935.0,1935.0,2
QFF,202602,2026-02-12 04:05:00,1935.0,1935.0,1935.0,1935.0,3
QFF,202602,2026-02-12 04:06:00,1935.0,1935.0,1935.0,1935.0,1
QFF,202602,2026-02-12 04:07:00,1935.0,1935.0,1935.0,1935.0,1
QFF,202602,2026-02-12 04:08:00,1935.0,1935.0,1935.0,1935.0,2
QFF,202602,2026-02-12 04:09:00,1935.0,1935.0,1935.0,1935.0,1
QFF,202602,2026-02-12 04:10:00,1935.0,1935.0,1935.0,1935.0,2
QFF,202602,2026-02-12 04:11:00,1935.0,1935.0,1935.0,1935.0,1
QFF,202602,2026-02-12 04:19:00,1935.0,1935.0,1935.0,1935.0,1
QFF,202602,2026-02-12 04:21:00,1935.0,1935.0,1935.0,1935.0,1
QFF,202602,2026-02-12 04:24:00,1935.0,1935.0,1935.0,1935.0,2
QFF,202602,2026-02-12 04:31:00,1930.0,1930.0,1930.0,1930.0,4
QFF,202602,2026-02-12 04:32:00,1935.0,1935.0,1935.0,1935.0,1
QFF,202602,2026-02-12 04:35:00,1935.0,1935.0,1935.0,1935.0,1
QFF,202602,2026-02-12 04:40:00,1935.0,1935.0,1935.0,1935.0,39
QFF,202602,2026-02-12 04:41:00,1935.0,1935.0,1935.0,1935.0,4
QFF,202602,2026-02-12 04:42:00,1935.0,1935.0,1935.0,1935.0,9
QFF,202602,2026-02-12 04:43:00,1935.0,1935.0,1935.0,1935.0,4
QFF,202602,2026-02-12 04:45:00,1935.0,1935.0,1935.0,1935.0,10
QFF,202602,2026-02-12 04:46:00,1935.0,1935.0,1935.0,1935.0,5
QFF,202602,2026-02-12 04:47:00,1935.0,1935.0,1935.0,1935.0,4
QFF,202602,2026-02-12 04:48:00,1935.0,1935.0,1935.0,1935.0,9
QFF,202602,2026-02-12 04:49:00,1935.0,1935.0,1935.0,1935.0,1
QFF,202602,2026-02-12 04:50:00,1935.0,1935.0,1935.0,1935.0,4
QFF,202602,2026-02-12 04:51:00,1935.0,1935.0,1935.0,1935.0,4
QFF,202602,2026-02-12 04:52:00,1935.0,1935.0,1935.0,1935.0,8
QFF,202602,2026-02-12 04:53:00,1935.0,1935.0,1935.0,1935.0,5
QFF,202602,2026-02-12 04:54:00,1935.0,1935.0,1935.0,1935.0,5
QFF,202602,2026-02-12 04:55:00,1935.0,1935.0,1935.0,1935.0,27
QFF,202602,2026-02-12 04:56:00,1935.0,1935.0,1935.0,1935.0,7
QFF,202602,2026-02-12 04:57:00,1935.0,1935.0,1935.0,1935.0,6
QFF,202602,2026-02-12 04:58:00,1935.0,1935.0,1935.0,1935.0,4
QFF,202602,2026-02-12 04:59:00,1935.0,1935.0,1930.0,1935.0,9
QFF,202602/202603,2026-02-11 17:25:00,8.21,8.21,8.21,8.21,102
QFF,202602/202603,2026-02-11 17:32:00,8.41,8.41,8.41,8.41,54
QFF,202602/202603,2026-02-11 17:47:00,7.92,7.92,7.92,7.92,6
QFF,202602/202603,2026-02-11 17:55:00,8.01,8.01,8.01,8.01,2
QFF,202602/202603,2026-02-11 18:00:00,8.01,8.01,8.01,8.01,4
QFF,202602/202603,2026-02-11 18:22:00,8.01,8.01,8.01,8.01,4
QFF,202602/202603,2026-02-11 18:24:00,8.01,8.01,8.01,8.01,2
QFF,202602/202603,2026-02-11 18:25:00,8.01,8.01,7.9,7.9,82
QFF,202602/202603,2026-02-11 18:27:00,7.86,7.86,7.86,7.86,2
QFF,202602/202603,2026-02-11 18:29:00,7.86,7.86,7.86,7.86,4
QFF,202602/202603,2026-02-11 18:31:00,7.86,7.86,7.86,7.86,2
QFF,202602/202603,2026-02-11 18:32:00,7.85,7.85,7.85,7.85,4
QFF,202602/202603,2026-02-11 18:33:00,7.86,7.86,7.86,7.86,2
QFF,202602/202603,2026-02-11 19:01:00,7.77,7.77,7.77,7.77,8
QFF,202602/202603,2026-02-11 19:05:00,7.77,7.77,7.77,7.77,4
QFF,202602/202603,2026-02-11 19:35:00,7.56,7.56,7.56,7.56,10
QFF,202602/202603,2026-02-11 19:36:00,7.56,7.56,7.56,7.56,2
QFF,202602/202603,2026-02-11 20:00:00,7.56,7.56,7.56,7.56,6
QFF,202602/202603,2026-02-11 20:16:00,7.56,7.56,7.56,7.56,4
QFF,202602/202603,2026-02-11 20:59:00,7.56,7.56,7.56,7.56,2
QFF,202602/202603,2026-02-11 21:35:00,7.44,7.44,7.44,7.44,6
QFF,202602/202603,2026-02-11 21:41:00,7.44,7.44,7.44,7.44,2
QFF,202602/202603,2026-02-11 21:54:00,7.44,7.44,7.44,7.44,10
QFF,202602/202603,2026-02-11 21:55:00,7.44,7.44,7.44,7.44,4
QFF,202602/202603,2026-02-11 22:03:00,7.43,7.43,7.43,7.43,46
QFF,202602/202603,2026-02-11 22:09:00,7.47,7.51,7.47,7.51,6
QFF,202602/202603,2026-02-11 22:12:00,7.49,7.51,7.49,7.51,8
QFF,202602/202603,2026-02-11 22:18:00,7.55,7.55,7.55,7.55,8
QFF,202602/202603,2026-02-11 22:19:00,7.55,7.55,7.55,7.55,2
QFF,202602/202603,2026-02-11 22:30:00,7.54,7.54,7.54,7.54,2
QFF,202602/202603,2026-02-11 22:31:00,7.54,7.56,7.54,7.56,32
QFF,202602/202603,2026-02-11 22:33:00,7.56,7.56,7.56,7.56,8
QFF,202602/202603,2026-02-11 22:35:00,7.52,7.52,7.22,7.22,10
QFF,202602/202603,2026-02-11 22:43:00,7.22,7.22,7.22,7.22,2
QFF,202602/202603,2026-02-11 22:46:00,7.22,7.22,7.05,7.05,62
QFF,202602/202603,2026-02-11 22:48:00,7.06,7.06,7.05,7.05,50
QFF,202602/202603,2026-02-11 22:55:00,7.5,7.86,7.5,7.86,70
QFF,202602/202603,2026-02-11 22:56:00,7.85,7.85,7.85,7.85,2
QFF,202602/202603,2026-02-11 22:58:00,7.86,7.86,7.86,7.86,62
QFF,202602/202603,2026-02-11 23:02:00,8.0,8.0,8.0,8.0,2
QFF,202602/202603,2026-02-11 23:09:00,7.84,7.87,7.84,7.87,4
QFF,202602/202603,2026-02-11 23:11:00,7.85,8.07,7.85,8.07,26
QFF,202602/202603,2026-02-11 23:12:00,8.15,8.41,8.15,8.41,104
QFF,202602/202603,2026-02-11 23:13:00,8.29,8.55,8.29,8.55,130
QFF,202602/202603,2026-02-11 23:14:00,8.69,8.73,8.69,8.73,20
QFF,202602/202603,2026-02-11 23:15:00,8.78,8.92,8.78,8.89,68
QFF,202602/202603,2026-02-11 23:16:00,8.82,8.82,8.8,8.8,14
QFF,202602/202603,2026-02-11 23:17:00,8.92,8.92,8.92,8.92,32
QFF,202602/202603,2026-02-11 23:18:00,9.16,9.16,9.16,9.16,30
QFF,202602/202603,2026-02-11 23:21:00,9.16,9.2,9.16,9.2,42
QFF,202602/202603,2026-02-11 23:23:00,9.06,9.1,9.06,9.1,12
QFF,202602/202603,2026-02-11 23:24:00,10.01,10.01,10.01,10.01,30
QFF,202602/202603,2026-02-11 23:28:00,10.01,12.06,10.01,12.06,176
QFF,202602/202603,2026-02-11 23:59:00,11.9,12.0,11.9,12.0,14
QFF,202602/202603,2026-02-12 00:00:00,12.04,12.51,12.04,12.51,22
QFF,202602/202603,2026-02-12 00:03:00,12.51,12.51,12.51,12.51,4
QFF,202602/202603,2026-02-12 00:05:00,12.69,12.69,12.69,12.69,2
QFF,202602/202603,2026-02-12 00:10:00,12.61,12.61,12.61,12.61,24
QFF,202602/202603,2026-02-12 00:36:00,12.51,12.51,12.51,12.51,2
QFF,202602/202603,2026-02-12 00:37:00,12.51,12.51,12.51,12.51,10
QFF,202602/202603,2026-02-12 00:53:00,12.51,12.51,12.51,12.51,4
QFF,202602/202603,2026-02-12 00:59:00,12.51,12.51,12.51,12.51,38
QFF,202602/202603,2026-02-12 01:01:00,13.32,13.32,13.32,13.32,2
QFF,202602/202603,2026-02-12 01:25:00,12.69,12.69,12.12,12.12,148
QFF,202602/202603,2026-02-12 01:34:00,12.41,12.41,12.41,12.41,2
QFF,202602/202603,2026-02-12 01:50:00,12.5,12.5,12.5,12.5,6
QFF,202602/202603,2026-02-12 01:54:00,12.51,12.51,12.51,12.51,2
QFF,202602/202603,2026-02-12 02:04:00,12.51,12.51,12.51,12.51,2
QFF,202602/202603,2026-02-12 02:21:00,12.51,13.15,12.51,13.15,44
QFF,202602/202603,2026-02-12 04:08:00,13.44,13.44,13.44,13.44,100
QFF,202602/202606,2026-02-11 23:32:00,25.01,25.01,25.01,25.01,4
QFF,202602/202606,2026-02-11 23:36:00,25.02,25.02,25.02,25.02,2
QFF,202602/202606,2026-02-11 23:44:00,29.94,29.94,29.94,29.94,2
QFF,202602/202606,2026-02-11 23:46:00,29.94,29.94,29.94,29.94,4
QFF,202602/202606,2026-02-12 00:32:00,25.06,25.06,25.06,25.06,2
QFF,202603,2026-02-11 17:25:00,1925.0,1925.0,1920.0,1920.0,94
QFF,202603,2026-02-11 17:26:00,1920.0,1920.0,1920.0,1920.0,23
QFF,202603,2026-02-11 17:27:00,1920.0,1925.0,1920.0,1925.0,2
QFF,202603,2026-02-11 17:31:00,1920.0,1920.0,1920.0,1920.0,1
QFF,202603,2026-02-11 17:32:00,1920.0,1920.0,1920.0,1920.0,39
QFF,202603,2026-02-11 17:33:00,1920.0,1920.0,1920.0,1920.0,1
QFF,202603,2026-02-11 17:37:00,1920.0,1920.0,1920.0,1920.0,6
QFF,202603,2026-02-11 17:39:00,1915.0,1920.0,1915.0,1920.0,5
QFF,202603,2026-02-11 17:40:00,1920.0,1920.0,1920.0,1920.0,3
QFF,202603,2026-02-11 17:43:00,1915.0,1915.0,1915.0,1915.0,1
QFF,202603,2026-02-11 17:44:00,1915.0,1915.0,1915.0,1915.0,1
QFF,202603,2026-02-11 17:46:00,1915.0,1915.0,1915.0,1915.0,2
QFF,202603,2026-02-11 17:48:00,1915.0,1915.0,1915.0,1915.0,1
QFF,202603,2026-02-11 17:49:00,1915.0,1915.0,1915.0,1915.0,1
QFF,202603,2026-02-11 17:51:00,1915.0,1915.0,1915.0,1915.0,55
QFF,202603,2026-02-11 17:52:00,1915.0,1915.0,1915.0,1915.0,2
QFF,202603,2026-02-11 17:54:00,1915.0,1915.0,1915.0,1915.0,1
QFF,202603,2026-02-11 18:00:00,1915.0,1915.0,1915.0,1915.0,2
QFF,202603,2026-02-11 18:01:00,1915.0,1915.0,1915.0,1915.0,11
QFF,202603,2026-02-11 18:02:00,1915.0,1915.0,1915.0,1915.0,2
QFF,202603,2026-02-11 18:05:00,1915.0,1915.0,1915.0,1915.0,2
QFF,202603,2026-02-11 18:06:00,1915.0,1915.0,1915.0,1915.0,1
QFF,202603,2026-02-11 18:09:00,1915.0,1915.0,1915.0,1915.0,6
QFF,202603,2026-02-11 18:10:00,1915.0,1920.0,1915.0,1920.0,2
QFF,202603,2026-02-11 18:11:00,1920.0,1920.0,1920.0,1920.0,2
QFF,202603,2026-02-11 18:12:00,1920.0,1920.0,1920.0,1920.0,1
QFF,202603,2026-02-11 18:17:00,1920.0,1920.0,1920.0,1920.0,2
QFF,202603,2026-02-11 18:19:00,1920.0,1920.0,1920.0,1920.0,1
QFF,202603,2026-02-11 18:20:00,1920.0,1920.0,1920.0,1920.0,1
QFF,202603,2026-02-11 18:21:00,1920.0,1920.0,1920.0,1920.0,1
QFF,202603,2026-02-11 18:22:00,1920.0,1920.0,1920.0,1920.0,1
QFF,202603,2026-02-11 18:23:00,1920.0,1920.0,1920.0,1920.0,2
QFF,202603,2026-02-11 18:25:00,1915.0,1915.0,1915.0,1915.0,2
QFF,202603,2026-02-11 18:26:00,1920.0,1920.0,1920.0,1920.0,1
QFF,202603,2026-02-11 18:30:00,1920.0,1920.0,1920.0,1920.0,1
QFF,202603,2026-02-11 18:31:00,1920.0,1920.0,1920.0,1920.0,5
QFF,202603,2026-02-11 18:32:00,1920.0,1920.0,1920.0,1920.0,1
QFF,202603,2026-02-11 18:35:00,1920.0,1920.0,1920.0,1920.0,1
QFF,202603,2026-02-11 18:36:00,1920.0,1920.0,1920.0,1920.0,1
QFF,202603,2026-02-11 18:42:00,1920.0,1920.0,1920.0,1920.0,1
QFF,202603,2026-02-11 18:43:00,1920.0,1920.0,1920.0,1920.0,1
QFF,202603,2026-02-11 18:52:00,1915.0,1915.0,1915.0,1915.0,10
QFF,202603,2026-02-11 18:56:00,1915.0,1915.0,1915.0,1915.0,1
QFF,202603,2026-02-11 18:59:00,1920.0,1920.0,1920.0,1920.0,2
QFF,202603,2026-02-11 19:00:00,1920.0,1920.0,1920.0,1920.0,9
QFF,202603,2026-02-11 19:01:00,1920.0,1920.0,1920.0,1920.0,45
QFF,202603,2026-02-11 19:02:00,1920.0,1920.0,1920.0,1920.0,13
QFF,202603,2026-02-11 19:03:00,1920.0,1920.0,1920.0,1920.0,3
QFF,202603,2026-02-11 19:04:00,1920.0,1920.0,1920.0,1920.0,14
QFF,202603,2026-02-11 19:05:00,1920.0,1920.0,1915.0,1920.0,18
QFF,202603,2026-02-11 19:08:00,1920.0,1920.0,1920.0,1920.0,24
QFF,202603,2026-02-11 19:09:00,1920.0,1920.0,1920.0,1920.0,16
QFF,202603,2026-02-11 19:10:00,1920.0,1920.0,1920.0,1920.0,8
QFF,202603,2026-02-11 19:12:00,1920.0,1920.0,1920.0,1920.0,1
QFF,202603,2026-02-11 19:13:00,1920.0,1920.0,1920.0,1920.0,16
QFF,202603,2026-02-11 19:15:00,1920.0,1920.0,1920.0,1920.0,5
QFF,202603,2026-02-11 19:16:00,1920.0,1920.0,1920.0,1920.0,8
QFF,202603,2026-02-11 19:22:00,1925.0,1925.0,1920.0,1920.0,2
QFF,202603,2026-02-11 19:24:00,1920.0,1920.0,1920.0,1920.0,1
QFF,202603,2026-02-11 19:25:00,1925.0,1925.0,1925.0,1925.0,1
QFF,202603,2026-02-11 19:35:00,1920.0,1920.0,1920.0,1920.0,1
QFF,202603,2026-02-11 19:37:00,1920.0,1920.0,1920.0,1920.0,1
QFF,202603,2026-02-11 19:38:00,1920.0,1920.0,1920.0,1920.0,1
QFF,202603,2026-02-11 19:40:00,1925.0,1925.0,1925.0,1925.0,1
QFF,202603,2026-02-11 19:41:00,1920.0,1920.0,1920.0,1920.0,56
QFF,202603,2026-02-11 19:42:00,1920.0,1920.0,1920.0,1920.0,8
QFF,202603,2026-02-11 19:43:00,1920.0,1920.0,1920.0,1920.0,13
QFF,202603,2026-02-11 19:45:00,1920.0,1920.0,1920.0,1920.0,2
QFF,202603,2026-02-11 19:47:00,1920.0,1920.0,1920.0,1920.0,6
QFF,202603,2026-02-11 19:50:00,1920.0,1920.0,1920.0,1920.0,1
QFF,202603,2026-02-11 19:52:00,1920.0,1920.0,1920.0,1920.0,2
QFF,202603,2026-02-11 19:53:00,1920.0,1920.0,1920.0,1920.0,9
QFF,202603,2026-02-11 19:55:00,1920.0,1920.0,1920.0,1920.0,2
QFF,202603,2026-02-11 19:56:00,1920.0,1920.0,1920.0,1920.0,1
QFF,202603,2026-02-11 19:59:00,1920.0,1920.0,1920.0,1920.0,1
QFF,202603,2026-02-11 20:00:00,1920.0,1920.0,1920.0,1920.0,1
QFF,202603,2026-02-11 20:01:00,1920.0,1920.0,1920.0,1920.0,1
QFF,202603,2026-02-11 20:14:00,1920.0,1925.0,1920.0,1925.0,5
QFF,202603,2026-02-11 20:15:00,1925.0,1925.0,1925.0,1925.0,2
QFF,202603,2026-02-11 20:20:00,1925.0,1925.0,1925.0,1925.0,1
QFF,202603,2026-02-11 20:33:00,1925.0,1925.0,1925.0,1925.0,1
QFF,202603,2026-02-11 20:35:00,1920.0,1920.0,1920.0,1920.0,2
QFF,202603,2026-02-11 20:41:00,1920.0,1920.0,1920.0,1920.0,1
QFF,202603,2026-02-11 20:42:00,1925.0,1925.0,1925.0,1925.0,2
QFF,202603,2026-02-11 20:43:00,1925.0,1925.0,1925.0,1925.0,2
QFF,202603,2026-02-11 20:52:00,1925.0,1925.0,1925.0,1925.0,3
QFF,202603,2026-02-11 21:01:00,1925.0,1925.0,1925.0,1925.0,3
QFF,202603,2026-02-11 21:03:00,1925.0,1925.0,1925.0,1925.0,1
QFF,202603,2026-02-11 21:04:00,1925.0,1925.0,1925.0,1925.0,5
QFF,202603,2026-02-11 21:06:00,1925.0,1925.0,1925.0,1925.0,1
QFF,202603,2026-02-11 21:21:00,1925.0,1925.0,1920.0,1920.0,8
QFF,202603,2026-02-11 21:25:00,1920.0,1920.0,1920.0,1920.0,1
QFF,202603,2026-02-11 21:28:00,1920.0,1920.0,1920.0,1920.0,1
QFF,202603,2026-02-11 21:29:00,1920.0,1920.0,1920.0,1920.0,5
QFF,202603,2026-02-11 21:31:00,1925.0,1925.0,1925.0,1925.0,3
QFF,202603,2026-02-11 21:32:00,1925.0,1925.0,1925.0,1925.0,15
QFF,202603,2026-02-11 21:33:00,1925.0,1925.0,1925.0,1925.0,66
QFF,202603,2026-02-11 21:34:00,1925.0,1930.0,1925.0,1930.0,7
QFF,202603,2026-02-11 21:35:00,1930.0,1930.0,1930.0,1930.0,12
QFF,202603,2026-02-11 21:36:00,1925.0,1925.0,1925.0,1925.0,11
QFF,202603,2026-02-11 21:37:00,1925.0,1925.0,1925.0,1925.0,1
QFF,202603,2026-02-11 21:39:00,1925.0,1925.0,1925.0,1925.0,28
QFF,202603,2026-02-11 21:40:00,1925.0,1930.0,1925.0,1930.0,6
QFF,202603,2026-02-11 21:41:00,1925.0,1925.0,1925.0,1925.0,7
QFF,202603,2026-02-11 21:43:00,1925.0,1925.0,1925.0,1925.0,2
QFF,202603,2026-02-11 21:45:00,1930.0,1930.0,1930.0,1930.0,6
QFF,202603,2026-02-11 21:46:00,1930.0,1930.0,1930.0,1930.0,6
QFF,202603,2026-02-11 21:47:00,1930.0,1930.0,1930.0,1930.0,15
QFF,202603,2026-02-11 21:48:00,1930.0,1930.0,1930.0,1930.0,5
QFF,202603,2026-02-11 21:50:00,1930.0,1930.0,1930.0,1930.0,3
QFF,202603,2026-02-11 21:51:00,1930.0,1930.0,1930.0,1930.0,6
QFF,202603,2026-02-11 21:52:00,1930.0,1930.0,1930.0,1930.0,7
QFF,202603,2026-02-11 21:53:00,1930.0,1930.0,1930.0,1930.0,27
QFF,202603,2026-02-11 21:54:00,1930.0,1930.0,1930.0,1930.0,56
QFF,202603,2026-02-11 21:55:00,1935.0,1935.0,1935.0,1935.0,1
QFF,202603,2026-02-11 21:56:00,1935.0,1935.0,1930.0,1930.0,2
QFF,202603,2026-02-11 21:57:00,1935.0,1935.0,1935.0,1935.0,1
QFF,202603,2026-02-11 21:59:00,1935.0,1935.0,1935.0,1935.0,1
QFF,202603,2026-02-11 22:00:00,1930.0,1935.0,1930.0,1930.0,55
QFF,202603,2026-02-11 22:01:00,1930.0,1930.0,1930.0,1930.0,6
QFF,202603,2026-02-11 22:02:00,1930.0,1930.0,1930.0,1930.0,11
QFF,202603,2026-02-11 22:03:00,1930.0,1930.0,1930.0,1930.0,16
QFF,202603,2026-02-11 22:04:00,1930.0,1930.0,1930.0,1930.0,2
QFF,202603,2026-02-11 22:06:00,1935.0,1935.0,1935.0,1935.0,3
QFF,202603,2026-02-11 22:08:00,1935.0,1935.0,1930.0,1930.0,3
QFF,202603,2026-02-11 22:09:00,1930.0,1930.0,1930.0,1930.0,3
QFF,202603,2026-02-11 22:10:00,1930.0,1930.0,1930.0,1930.0,4
QFF,202603,2026-02-11 22:11:00,1930.0,1930.0,1930.0,1930.0,16
QFF,202603,2026-02-11 22:12:00,1930.0,1930.0,1930.0,1930.0,10
QFF,202603,2026-02-11 22:13:00,1930.0,1930.0,1930.0,1930.0,6
QFF,202603,2026-02-11 22:20:00,1930.0,1935.0,1930.0,1935.0,2
QFF,202603,2026-02-11 22:22:00,1930.0,1930.0,1930.0,1930.0,4
QFF,202603,2026-02-11 22:24:00,1930.0,1930.0,1930.0,1930.0,1
QFF,202603,2026-02-11 22:25:00,1930.0,1930.0,1930.0,1930.0,1
QFF,202603,2026-02-11 22:27:00,1930.0,1930.0,1930.0,1930.0,1
QFF,202603,2026-02-11 22:28:00,1930.0,1935.0,1930.0,1935.0,20
QFF,202603,2026-02-11 22:29:00,1935.0,1935.0,1935.0,1935.0,2
QFF,202603,2026-02-11 22:30:00,1935.0,1935.0,1935.0,1935.0,12
QFF,202603,2026-02-11 22:31:00,1935.0,1940.0,1935.0,1935.0,115
QFF,202603,2026-02-11 22:32:00,1935.0,1935.0,1935.0,1935.0,8
QFF,202603,2026-02-11 22:33:00,1935.0,1935.0,1935.0,1935.0,11
QFF,202603,2026-02-11 22:34:00,1935.0,1935.0,1935.0,1935.0,3
QFF,202603,2026-02-11 22:35:00,1940.0,1940.0,1935.0,1935.0,127
QFF,202603,2026-02-11 22:36:00,1940.0,1940.0,1940.0,1940.0,15
QFF,202603,2026-02-11 22:37:00,1940.0,1940.0,1940.0,1940.0,3
QFF,202603,2026-02-11 22:38:00,1940.0,1940.0,1940.0,1940.0,1
QFF,202603,2026-02-11 22:39:00,1935.0,1935.0,1935.0,1935.0,13
QFF,202603,2026-02-11 22:40:00,1935.0,1935.0,1935.0,1935.0,4
QFF,202603,2026-02-11 22:41:00,1940.0,1940.0,1935.0,1940.0,6
QFF,202603,2026-02-11 22:42:00,1940.0,1940.0,1935.0,1935.0,13
QFF,202603,2026-02-11 22:43:00,1940.0,1940.0,1940.0,1940.0,77
QFF,202603,2026-02-11 22:44:00,1945.0,1945.0,1940.0,1945.0,3
QFF,202603,2026-02-11 22:45:00,1945.0,1945.0,1940.0,1945.0,7
QFF,202603,2026-02-11 22:46:00,1945.0,1945.0,1945.0,1945.0,116
QFF,202603,2026-02-11 22:47:00,1945.0,1945.0,1945.0,1945.0,35
QFF,202603,2026-02-11 22:48:00,1945.0,1950.0,1945.0,1950.0,33
QFF,202603,2026-02-11 22:49:00,1950.0,1950.0,1945.0,1950.0,16
QFF,202603,2026-02-11 22:50:00,1950.0,1950.0,1945.0,1950.0,19
QFF,202603,2026-02-11 22:51:00,1950.0,1950.0,1950.0,1950.0,27
QFF,202603,2026-02-11 22:52:00,1950.0,1950.0,1945.0,1950.0,43
QFF,202603,2026-02-11 22:53:00,1945.0,1950.0,1945.0,1950.0,2
QFF,202603,2026-02-11 22:54:00,1950.0,1950.0,1950.0,1950.0,15
QFF,202603,2026-02-11 22:55:00,1950.0,1955.0,1945.0,1950.0,58
QFF,202603,2026-02-11 22:56:00,1950.0,1950.0,1945.0,1950.0,22
QFF,202603,2026-02-11 22:57:00,1950.0,1950.0,1950.0,1950.0,4
QFF,202603,2026-02-11 22:58:00,1950.0,1950.0,1950.0,1950.0,2
QFF,202603,2026-02-11 22:59:00,1945.0,1950.0,1945.0,1945.0,15
QFF,202603,2026-02-11 23:00:00,1950.0,1950.0,1945.0,1945.0,10
QFF,202603,2026-02-11 23:01:00,1950.0,1950.0,1950.0,1950.0,12
QFF,202603,2026-02-11 23:02:00,1950.0,1950.0,1945.0,1945.0,71
QFF,202603,2026-02-11 23:03:00,1945.0,1945.0,1940.0,1945.0,18
QFF,202603,2026-02-11 23:04:00,1945.0,1945.0,1945.0,1945.0,1
QFF,202603,2026-02-11 23:06:00,1945.0,1945.0,1945.0,1945.0,20
QFF,202603,2026-02-11 23:07:00,1945.0,1945.0,1945.0,1945.0,2
QFF,202603,2026-02-11 23:09:00,1945.0,1945.0,1945.0,1945.0,7
QFF,202603,2026-02-11 23:10:00,1945.0,1945.0,1940.0,1940.0,12
QFF,202603,2026-02-11 23:11:00,1945.0,1945.0,1935.0,1940.0,146
QFF,202603,2026-02-11 23:12:00,1940.0,1940.0,1935.0,1935.0,37
QFF,202603,2026-02-11 23:13:00,1935.0,1935.0,1930.0,1935.0,129
QFF,202603,2026-02-11 23:14:00,1935.0,1940.0,1935.0,1935.0,64
QFF,202603,2026-02-11 23:15:00,1940.0,1940.0,1940.0,1940.0,3
QFF,202603,2026-02-11 23:16:00,1940.0,1940.0,1935.0,1935.0,36
QFF,202603,2026-02-11 23:17:00,1935.0,1935.0,1935.0,1935.0,9
QFF,202603,2026-02-11 23:18:00,1935.0,1935.0,1935.0,1935.0,14
QFF,202603,2026-02-11 23:19:00,1935.0,1935.0,1930.0,1935.0,25
QFF,202603,2026-02-11 23:20:00,1930.0,1935.0,1930.0,1930.0,141
QFF,202603,2026-02-11 23:21:00,1930.0,1930.0,1925.0,1930.0,55
QFF,202603,2026-02-11 23:22:00,1930.0,1935.0,1930.0,1935.0,4
QFF,202603,2026-02-11 23:23:00,1930.0,1930.0,1930.0,1930.0,7
QFF,202603,2026-02-11 23:24:00,1930.0,1930.0,1930.0,1930.0,18
QFF,202603,2026-02-11 23:25:00,1930.0,1930.0,1925.0,1925.0,11
QFF,202603,2026-02-11 23:26:00,1925.0,1930.0,1925.0,1925.0,72
QFF,202603,2026-02-11 23:27:00,1925.0,1925.0,1925.0,1925.0,2
QFF,202603,2026-02-11 23:28:00,1930.0,1930.0,1930.0,1930.0,99
QFF,202603,2026-02-11 23:29:00,1930.0,1930.0,1930.0,1930.0,38
QFF,202603,2026-02-11 23:30:00,1930.0,1930.0,1930.0,1930.0,4
QFF,202603,2026-02-11 23:31:00,1930.0,1930.0,1930.0,1930.0,12
QFF,202603,2026-02-11 23:32:00,1935.0,1935.0,1930.0,1930.0,4
QFF,202603,2026-02-11 23:34:00,1930.0,1930.0,1930.0,1930.0,1
QFF,202603,2026-02-11 23:35:00,1935.0,1935.0,1930.0,1930.0,5
QFF,202603,2026-02-11 23:36:00,1935.0,1935.0,1930.0,1930.0,53
QFF,202603,2026-02-11 23:37:00,1935.0,1935.0,1935.0,1935.0,8
QFF,202603,2026-02-11 23:38:00,1935.0,1935.0,1935.0,1935.0,57
QFF,202603,2026-02-11 23:39:00,1935.0,1935.0,1935.0,1935.0,16
QFF,202603,2026-02-11 23:40:00,1940.0,1940.0,1940.0,1940.0,1
QFF,202603,2026-02-11 23:41:00,1940.0,1940.0,1940.0,1940.0,3
QFF,202603,2026-02-11 23:42:00,1940.0,1940.0,1940.0,1940.0,5
QFF,202603,2026-02-11 23:43:00,1940.0,1940.0,1940.0,1940.0,5
QFF,202603,2026-02-11 23:45:00,1940.0,1940.0,1940.0,1940.0,1
QFF,202603,2026-02-11 23:47:00,1940.0,1940.0,1935.0,1935.0,6
QFF,202603,2026-02-11 23:49:00,1935.0,1935.0,1935.0,1935.0,31
QFF,202603,2026-02-11 23:50:00,1935.0,1935.0,1935.0,1935.0,8
QFF,202603,2026-02-11 23:51:00,1935.0,1940.0,1935.0,1940.0,4
QFF,202603,2026-02-11 23:52:00,1940.0,1940.0,1940.0,1940.0,1
QFF,202603,2026-02-11 23:53:00,1940.0,1940.0,1940.0,1940.0,66
QFF,202603,2026-02-11 23:54:00,1940.0,1940.0,1940.0,1940.0,10
QFF,202603,2026-02-11 23:55:00,1940.0,1940.0,1940.0,1940.0,4
QFF,202603,2026-02-11 23:56:00,1940.0,1940.0,1940.0,1940.0,4
QFF,202603,2026-02-11 23:57:00,1945.0,1945.0,1945.0,1945.0,1
QFF,202603,2026-02-11 23:58:00,1945.0,1945.0,1945.0,1945.0,5
QFF,202603,2026-02-11 23:59:00,1945.0,1945.0,1945.0,1945.0,6
QFF,202603,2026-02-12 00:00:00,1945.0,1945.0,1940.0,1940.0,4
QFF,202603,2026-02-12 00:03:00,1940.0,1940.0,1940.0,1940.0,1
QFF,202603,2026-02-12 00:04:00,1940.0,1940.0,1940.0,1940.0,8
QFF,202603,2026-02-12 00:05:00,1940.0,1940.0,1940.0,1940.0,31
QFF,202603,2026-02-12 00:06:00,1940.0,1940.0,1940.0,1940.0,58
QFF,202603,2026-02-12 00:07:00,1940.0,1940.0,1940.0,1940.0,15
QFF,202603,2026-02-12 00:08:00,1945.0,1945.0,1945.0,1945.0,1
QFF,202603,2026-02-12 00:10:00,1940.0,1940.0,1940.0,1940.0,22
QFF,202603,2026-02-12 00:11:00,1945.0,1945.0,1945.0,1945.0,1
QFF,202603,2026-02-12 00:12:00,1945.0,1945.0,1940.0,1940.0,2
QFF,202603,2026-02-12 00:13:00,1940.0,1940.0,1940.0,1940.0,1
QFF,202603,2026-02-12 00:14:00,1945.0,1945.0,1945.0,1945.0,1
QFF,202603,2026-02-12 00:15:00,1945.0,1945.0,1945.0,1945.0,1
QFF,202603,2026-02-12 00:16:00,1945.0,1945.0,1945.0,1945.0,3
QFF,202603,2026-02-12 00:17:00,1945.0,1945.0,1945.0,1945.0,2
QFF,202603,2026-02-12 00:20:00,1945.0,1945.0,1945.0,1945.0,4
QFF,202603,2026-02-12 00:21:00,1945.0,1945.0,1945.0,1945.0,2
QFF,202603,2026-02-12 00:22:00,1945.0,1945.0,1945.0,1945.0,1
QFF,202603,2026-02-12 00:23:00,1945.0,1945.0,1945.0,1945.0,3
QFF,202603,2026-02-12 00:25:00,1945.0,1945.0,1945.0,1945.0,1
QFF,202603,2026-02-12 00:27:00,1945.0,1945.0,1940.0,1940.0,24
QFF,202603,2026-02-12 00:28:00,1940.0,1940.0,1940.0,1940.0,3
QFF,202603,2026-02-12 00:29:00,1940.0,1940.0,1940.0,1940.0,1
QFF,202603,2026-02-12 00:30:00,1940.0,1940.0,1940.0,1940.0,36
QFF,202603,2026-02-12 00:31:00,1945.0,1945.0,1945.0,1945.0,3
QFF,202603,2026-02-12 00:32:00,1940.0,1945.0,1940.0,1945.0,2
QFF,202603,2026-02-12 00:33:00,1945.0,1945.0,1945.0,1945.0,2
QFF,202603,2026-02-12 00:34:00,1945.0,1945.0,1945.0,1945.0,3
QFF,202603,2026-02-12 00:35:00,1945.0,1945.0,1945.0,1945.0,1
QFF,202603,2026-02-12 00:36:00,1940.0,1945.0,1940.0,1945.0,25
QFF,202603,2026-02-12 00:37:00,1940.0,1945.0,1940.0,1940.0,9
QFF,202603,2026-02-12 00:38:00,1940.0,1945.0,1940.0,1945.0,2
QFF,202603,2026-02-12 00:39:00,1940.0,1945.0,1940.0,1945.0,2
QFF,202603,2026-02-12 00:40:00,1945.0,1945.0,1940.0,1945.0,3
QFF,202603,2026-02-12 00:41:00,1945.0,1945.0,1945.0,1945.0,2
QFF,202603,2026-02-12 00:42:00,1940.0,1945.0,1940.0,1945.0,3
QFF,202603,2026-02-12 00:43:00,1945.0,1945.0,1940.0,1940.0,6
QFF,202603,2026-02-12 00:44:00,1940.0,1940.0,1940.0,1940.0,3
QFF,202603,2026-02-12 00:45:00,1940.0,1940.0,1940.0,1940.0,2
QFF,202603,2026-02-12 00:46:00,1940.0,1940.0,1940.0,1940.0,5
QFF,202603,2026-02-12 00:47:00,1940.0,1940.0,1935.0,1940.0,14
QFF,202603,2026-02-12 00:48:00,1940.0,1940.0,1940.0,1940.0,4
QFF,202603,2026-02-12 00:49:00,1940.0,1940.0,1940.0,1940.0,1
QFF,202603,2026-02-12 00:50:00,1940.0,1940.0,1940.0,1940.0,2
QFF,202603,2026-02-12 00:51:00,1940.0,1945.0,1940.0,1945.0,3
QFF,202603,2026-02-12 00:52:00,1945.0,1945.0,1945.0,1945.0,1
QFF,202603,2026-02-12 00:53:00,1945.0,1945.0,1940.0,1940.0,3
QFF,202603,2026-02-12 00:54:00,1945.0,1945.0,1945.0,1945.0,2
QFF,202603,2026-02-12 00:55:00,1945.0,1945.0,1945.0,1945.0,1
QFF,202603,2026-02-12 00:56:00,1945.0,1945.0,1945.0,1945.0,2
QFF,202603,2026-02-12 00:57:00,1945.0,1945.0,1945.0,1945.0,2
QFF,202603,2026-02-12 00:58:00,1945.0,1945.0,1945.0,1945.0,1
QFF,202603,2026-02-12 00:59:00,1945.0,1945.0,1940.0,1940.0,44
QFF,202603,2026-02-12 01:00:00,1940.0,1945.0,1940.0,1945.0,10
QFF,202603,2026-02-12 01:01:00,1940.0,1940.0,1940.0,1940.0,2
QFF,202603,2026-02-12 01:02:00,1940.0,1940.0,1940.0,1940.0,1
QFF,202603,2026-02-12 01:03:00,1940.0,1940.0,1940.0,1940.0,2
QFF,202603,2026-02-12 01:04:00,1940.0,1940.0,1940.0,1940.0,2
QFF,202603,2026-02-12 01:05:00,1940.0,1940.0,1940.0,1940.0,2
QFF,202603,2026-02-12 01:06:00,1940.0,1940.0,1935.0,1940.0,4
QFF,202603,2026-02-12 01:07:00,1940.0,1940.0,1935.0,1935.0,5
QFF,202603,2026-02-12 01:08:00,1940.0,1940.0,1940.0,1940.0,5
QFF,202603,2026-02-12 01:09:00,1940.0,1940.0,1940.0,1940.0,2
QFF,202603,2026-02-12 01:10:00,1940.0,1940.0,1940.0,1940.0,2
QFF,202603,2026-02-12 01:11:00,1940.0,1940.0,1940.0,1940.0,4
QFF,202603,2026-02-12 01:12:00,1940.0,1940.0,1940.0,1940.0,2
QFF,202603,2026-02-12 01:13:00,1940.0,1940.0,1940.0,1940.0,3
QFF,202603,2026-02-12 01:14:00,1940.0,1940.0,1940.0,1940.0,14
QFF,202603,2026-02-12 01:15:00,1940.0,1940.0,1940.0,1940.0,1
QFF,202603,2026-02-12 01:16:00,1940.0,1940.0,1940.0,1940.0,10
QFF,202603,2026-02-12 01:17:00,1945.0,1945.0,1940.0,1940.0,6
QFF,202603,2026-02-12 01:18:00,1940.0,1940.0,1940.0,1940.0,8
QFF,202603,2026-02-12 01:19:00,1940.0,1940.0,1940.0,1940.0,2
QFF,202603,2026-02-12 01:20:00,1940.0,1945.0,1940.0,1945.0,2
QFF,202603,2026-02-12 01:21:00,1940.0,1945.0,1940.0,1945.0,2
QFF,202603,2026-02-12 01:22:00,1945.0,1945.0,1945.0,1945.0,1
QFF,202603,2026-02-12 01:23:00,1945.0,1945.0,1945.0,1945.0,2
QFF,202603,2026-02-12 01:24:00,1945.0,1945.0,1945.0,1945.0,2
QFF,202603,2026-02-12 01:25:00,1945.0,1950.0,1945.0,1950.0,75
QFF,202603,2026-02-12 01:26:00,1950.0,1950.0,1945.0,1950.0,7
QFF,202603,2026-02-12 01:27:00,1950.0,1950.0,1950.0,1950.0,2
QFF,202603,2026-02-12 01:28:00,1950.0,1950.0,1950.0,1950.0,1
QFF,202603,2026-02-12 01:29:00,1950.0,1950.0,1950.0,1950.0,2
QFF,202603,2026-02-12 01:30:00,1950.0,1950.0,1945.0,1945.0,3
QFF,202603,2026-02-12 01:31:00,1945.0,1945.0,1945.0,1945.0,1
QFF,202603,2026-02-12 01:32:00,1950.0,1950.0,1950.0,1950.0,2
QFF,202603,2026-02-12 01:33:00,1950.0,1950.0,1950.0,1950.0,2
QFF,202603,2026-02-12 01:34:00,1950.0,1950.0,1950.0,1950.0,2
QFF,202603,2026-02-12 01:35:00,1950.0,1950.0,1950.0,1950.0,1
QFF,202603,2026-02-12 01:36:00,1950.0,1950.0,1945.0,1945.0,3
QFF,202603,2026-02-12 01:37:00,1945.0,1945.0,1945.0,1945.0,5
QFF,202603,2026-02-12 01:38:00,1945.0,1945.0,1945.0,1945.0,1
QFF,202603,2026-02-12 01:39:00,1945.0,1950.0,1945.0,1950.0,3
QFF,202603,2026-02-12 01:40:00,1950.0,1950.0,1950.0,1950.0,3
QFF,202603,2026-02-12 01:41:00,1950.0,1950.0,1950.0,1950.0,1
QFF,202603,2026-02-12 01:42:00,1950.0,1950.0,1950.0,1950.0,2
QFF,202603,2026-02-12 01:43:00,1950.0,1950.0,1950.0,1950.0,2
QFF,202603,2026-02-12 01:44:00,1945.0,1950.0,1945.0,1950.0,4
QFF,202603,2026-02-12 01:45:00,1950.0,1950.0,1950.0,1950.0,1
QFF,202603,2026-02-12 01:46:00,1950.0,1950.0,1950.0,1950.0,4
QFF,202603,2026-02-12 01:47:00,1950.0,1950.0,1950.0,1950.0,2
QFF,202603,2026-02-12 01:48:00,1950.0,1950.0,1950.0,1950.0,1
QFF,202603,2026-02-12 01:49:00,1950.0,1950.0,1950.0,1950.0,2
QFF,202603,2026-02-12 01:50:00,1950.0,1950.0,1945.0,1950.0,7
QFF,202603,2026-02-12 01:51:00,1950.0,1950.0,1950.0,1950.0,1
QFF,202603,2026-02-12 01:52:00,1950.0,1950.0,1950.0,1950.0,2
QFF,202603,2026-02-12 01:53:00,1950.0,1950.0,1950.0,1950.0,3
QFF,202603,2026-02-12 01:54:00,1950.0,1950.0,1950.0,1950.0,2
QFF,202603,2026-02-12 01:55:00,1945.0,1950.0,1945.0,1950.0,2
QFF,202603,2026-02-12 01:56:00,1950.0,1950.0,1945.0,1945.0,5
QFF,202603,2026-02-12 01:57:00,1945.0,1945.0,1945.0,1945.0,3
QFF,202603,2026-02-12 01:58:00,1945.0,1945.0,1945.0,1945.0,1
QFF,202603,2026-02-12 01:59:00,1945.0,1950.0,1945.0,1950.0,5
QFF,202603,2026-02-12 02:00:00,1950.0,1950.0,1950.0,1950.0,2
QFF,202603,2026-02-12 02:01:00,1950.0,1950.0,1950.0,1950.0,1
QFF,202603,2026-02-12 02:02:00,1950.0,1950.0,1950.0,1950.0,2
QFF,202603,2026-02-12 02:03:00,1950.0,1950.0,1950.0,1950.0,2
QFF,202603,2026-02-12 02:04:00,1950.0,1950.0,1950.0,1950.0,2
QFF,202603,2026-02-12 02:05:00,1950.0,1950.0,1950.0,1950.0,1
QFF,202603,2026-02-12 02:06:00,1950.0,1950.0,1950.0,1950.0,2
QFF,202603,2026-02-12 02:07:00,1950.0,1950.0,1945.0,1950.0,7
QFF,202603,2026-02-12 02:08:00,1950.0,1950.0,1950.0,1950.0,2
QFF,202603,2026-02-12 02:09:00,1950.0,1950.0,1950.0,1950.0,2
QFF,202603,2026-02-12 02:10:00,1950.0,1950.0,1945.0,1950.0,3
QFF,202603,2026-02-12 02:11:00,1950.0,1950.0,1945.0,1945.0,2
QFF,202603,2026-02-12 02:12:00,1950.0,1950.0,1950.0,1950.0,2
QFF,202603,2026-02-12 02:13:00,1950.0,1950.0,1950.0,1950.0,2
QFF,202603,2026-02-12 02:14:00,1950.0,1950.0,1950.0,1950.0,2
QFF,202603,2026-02-12 02:15:00,1950.0,1950.0,1950.0,1950.0,1
QFF,202603,2026-02-12 02:16:00,1950.0,1950.0,1950.0,1950.0,2
QFF,202603,2026-02-12 02:17:00,1950.0,1950.0,1950.0,1950.0,2
QFF,202603,2026-02-12 02:18:00,1950.0,1950.0,1950.0,1950.0,2
QFF,202603,2026-02-12 02:19:00,1950.0,1950.0,1945.0,1945.0,3
QFF,202603,2026-02-12 02:20:00,1950.0,1950.0,1950.0,1950.0,2
QFF,202603,2026-02-12 02:21:00,1945.0,1950.0,1945.0,1950.0,23
QFF,202603,2026-02-12 02:22:00,1950.0,1950.0,1950.0,1950.0,2
QFF,202603,2026-02-12 02:23:00,1950.0,1950.0,1950.0,1950.0,2
QFF,202603,2026-02-12 02:24:00,1950.0,1950.0,1945.0,1950.0,4
QFF,202603,2026-02-12 02:25:00,1950.0,1950.0,1950.0,1950.0,1
QFF,202603,2026-02-12 02:26:00,1950.0,1950.0,1950.0,1950.0,2
QFF,202603,2026-02-12 02:27:00,1950.0,1950.0,1950.0,1950.0,3
QFF,202603,2026-02-12 02:28:00,1950.0,1950.0,1950.0,1950.0,1
QFF,202603,2026-02-12 02:29:00,1950.0,1950.0,1950.0,1950.0,2
QFF,202603,2026-02-12 02:30:00,1950.0,1950.0,1950.0,1950.0,2
QFF,202603,2026-02-12 02:31:00,1950.0,1950.0,1950.0,1950.0,3
QFF,202603,2026-02-12 02:32:00,1950.0,1950.0,1950.0,1950.0,4
QFF,202603,2026-02-12 02:33:00,1950.0,1950.0,1950.0,1950.0,3
QFF,202603,2026-02-12 02:34:00,1950.0,1950.0,1950.0,1950.0,2
QFF,202603,2026-02-12 02:35:00,1950.0,1950.0,1950.0,1950.0,1
QFF,202603,2026-02-12 02:36:00,1950.0,1950.0,1950.0,1950.0,2
QFF,202603,2026-02-12 02:37:00,1950.0,1950.0,1950.0,1950.0,2
QFF,202603,2026-02-12 02:38:00,1950.0,1950.0,1950.0,1950.0,2
QFF,202603,2026-02-12 02:39:00,1950.0,1950.0,1950.0,1950.0,4
QFF,202603,2026-02-12 02:40:00,1950.0,1950.0,1945.0,1950.0,3
QFF,202603,2026-02-12 02:41:00,1950.0,1950.0,1950.0,1950.0,3
QFF,202603,2026-02-12 02:42:00,1950.0,1950.0,1950.0,1950.0,1
QFF,202603,2026-02-12 02:43:00,1950.0,1950.0,1950.0,1950.0,2
QFF,202603,2026-02-12 02:44:00,1950.0,1950.0,1950.0,1950.0,3
QFF,202603,2026-02-12 02:45:00,1950.0,1950.0,1950.0,1950.0,3
QFF,202603,2026-02-12 02:46:00,1950.0,1950.0,1950.0,1950.0,2
QFF,202603,2026-02-12 02:47:00,1950.0,1950.0,1950.0,1950.0,2
QFF,202603,2026-02-12 02:48:00,1950.0,1950.0,1950.0,1950.0,1
QFF,202603,2026-02-12 02:49:00,1950.0,1950.0,1950.0,1950.0,3
QFF,202603,2026-02-12 02:54:00,1945.0,1945.0,1945.0,1945.0,1
QFF,202603,2026-02-12 02:55:00,1945.0,1950.0,1945.0,1950.0,2
QFF,202603,2026-02-12 02:56:00,1950.0,1950.0,1950.0,1950.0,2
QFF,202603,2026-02-12 02:57:00,1950.0,1950.0,1950.0,1950.0,2
QFF,202603,2026-02-12 02:58:00,1950.0,1950.0,1950.0,1950.0,2
QFF,202603,2026-02-12 02:59:00,1950.0,1950.0,1950.0,1950.0,1
QFF,202603,2026-02-12 03:00:00,1950.0,1950.0,1950.0,1950.0,2
QFF,202603,2026-02-12 03:01:00,1950.0,1950.0,1950.0,1950.0,2
QFF,202603,2026-02-12 03:02:00,1950.0,1950.0,1950.0,1950.0,2
QFF,202603,2026-02-12 03:03:00,1950.0,1950.0,1950.0,1950.0,2
QFF,202603,2026-02-12 03:04:00,1950.0,1950.0,1950.0,1950.0,1
QFF,202603,2026-02-12 03:05:00,1950.0,1950.0,1950.0,1950.0,3
QFF,202603,2026-02-12 03:06:00,1950.0,1950.0,1945.0,1950.0,4
QFF,202603,2026-02-12 03:07:00,1950.0,1950.0,1950.0,1950.0,2
QFF,202603,2026-02-12 03:08:00,1950.0,1950.0,1950.0,1950.0,1
QFF,202603,2026-02-12 03:09:00,1950.0,1950.0,1950.0,1950.0,2
QFF,202603,2026-02-12 03:10:00,1950.0,1950.0,1950.0,1950.0,5
QFF,202603,2026-02-12 03:11:00,1950.0,1950.0,1950.0,1950.0,2
QFF,202603,2026-02-12 03:12:00,1950.0,1950.0,1950.0,1950.0,2
QFF,202603,2026-02-12 03:13:00,1950.0,1950.0,1950.0,1950.0,1
QFF,202603,2026-02-12 03:14:00,1950.0,1950.0,1950.0,1950.0,2
QFF,202603,2026-02-12 03:15:00,1950.0,1950.0,1950.0,1950.0,2
QFF,202603,2026-02-12 03:16:00,1950.0,1950.0,1950.0,1950.0,4
QFF,202603,2026-02-12 03:17:00,1950.0,1950.0,1950.0,1950.0,3
QFF,202603,2026-02-12 03:18:00,1950.0,1950.0,1950.0,1950.0,2
QFF,202603,2026-02-12 03:19:00,1950.0,1950.0,1950.0,1950.0,2
QFF,202603,2026-02-12 03:20:00,1950.0,1950.0,1950.0,1950.0,3
QFF,202603,2026-02-12 03:21:00,1950.0,1950.0,1950.0,1950.0,3
QFF,202603,2026-02-12 03:22:00,1950.0,1950.0,1950.0,1950.0,1
QFF,202603,2026-02-12 03:23:00,1950.0,1950.0,1950.0,1950.0,3
QFF,202603,2026-02-12 03:24:00,1950.0,1950.0,1950.0,1950.0,2
QFF,202603,2026-02-12 03:25:00,1950.0,1950.0,1950.0,1950.0,7
QFF,202603,2026-02-12 03:26:00,1950.0,1950.0,1950.0,1950.0,1
QFF,202603,2026-02-12 03:27:00,1950.0,1950.0,1950.0,1950.0,7
QFF,202603,2026-02-12 03:28:00,1950.0,1950.0,1950.0,1950.0,5
QFF,202603,2026-02-12 03:29:00,1950.0,1950.0,1950.0,1950.0,2
QFF,202603,2026-02-12 03:30:00,1950.0,1950.0,1950.0,1950.0,3
QFF,202603,2026-02-12 03:31:00,1950.0,1950.0,1950.0,1950.0,1
QFF,202603,2026-02-12 03:32:00,1950.0,1950.0,1950.0,1950.0,2
QFF,202603,2026-02-12 03:33:00,1950.0,1950.0,1950.0,1950.0,2
QFF,202603,2026-02-12 03:34:00,1950.0,1950.0,1950.0,1950.0,2
QFF,202603,2026-02-12 03:35:00,1950.0,1950.0,1950.0,1950.0,3
QFF,202603,2026-02-12 03:36:00,1950.0,1950.0,1950.0,1950.0,2
QFF,202603,2026-02-12 03:37:00,1950.0,1950.0,1950.0,1950.0,5
QFF,202603,2026-02-12 03:38:00,1950.0,1950.0,1950.0,1950.0,2
QFF,202603,2026-02-12 03:39:00,1950.0,1950.0,1945.0,1950.0,3
QFF,202603,2026-02-12 03:40:00,1950.0,1950.0,1950.0,1950.0,1
QFF,202603,2026-02-12 03:41:00,1950.0,1950.0,1950.0,1950.0,2
QFF,202603,2026-02-12 03:42:00,1950.0,1950.0,1950.0,1950.0,2
QFF,202603,2026-02-12 03:43:00,1950.0,1950.0,1950.0,1950.0,2
QFF,202603,2026-02-12 03:44:00,1950.0,1950.0,1950.0,1950.0,3
QFF,202603,2026-02-12 03:45:00,1950.0,1950.0,1950.0,1950.0,2
QFF,202603,2026-02-12 03:46:00,1950.0,1950.0,1950.0,1950.0,2
QFF,202603,2026-02-12 03:47:00,1950.0,1950.0,1950.0,1950.0,2
QFF,202603,2026-02-12 03:48:00,1950.0,1950.0,1950.0,1950.0,2
QFF,202603,2026-02-12 03:49:00,1950.0,1950.0,1950.0,1950.0,1
QFF,202603,2026-02-12 03:50:00,1950.0,1950.0,1950.0,1950.0,2
QFF,202603,2026-02-12 03:51:00,1950.0,1950.0,1950.0,1950.0,2
QFF,202603,2026-02-12 03:52:00,1950.0,1950.0,1950.0,1950.0,2
QFF,202603,2026-02-12 03:53:00,1950.0,1950.0,1950.0,1950.0,2
QFF,202603,2026-02-12 03:54:00,1950.0,1950.0,1950.0,1950.0,2
QFF,202603,2026-02-12 03:55:00,1950.0,1950.0,1950.0,1950.0,2
QFF,202603,2026-02-12 03:56:00,1950.0,1950.0,1950.0,1950.0,2
QFF,202603,2026-02-12 03:57:00,1950.0,1950.0,1950.0,1950.0,2
QFF,202603,2026-02-12 03:58:00,1950.0,1950.0,1950.0,1950.0,1
QFF,202603,2026-02-12 03:59:00,1950.0,1950.0,1950.0,1950.0,2
QFF,202603,2026-02-12 04:00:00,1950.0,1950.0,1950.0,1950.0,2
QFF,202603,2026-02-12 04:01:00,1950.0,1950.0,1950.0,1950.0,2
QFF,202603,2026-02-12 04:02:00,1950.0,1950.0,1950.0,1950.0,1
QFF,202603,2026-02-12 04:03:00,1950.0,1950.0,1950.0,1950.0,2
QFF,202603,2026-02-12 04:04:00,1950.0,1950.0,1950.0,1950.0,3
QFF,202603,2026-02-12 04:05:00,1950.0,1950.0,1950.0,1950.0,2
QFF,202603,2026-02-12 04:06:00,1950.0,1950.0,1950.0,1950.0,2
QFF,202603,2026-02-12 04:07:00,1950.0,1950.0,1950.0,1950.0,1
QFF,202603,2026-02-12 04:08:00,1950.0,1950.0,1945.0,1945.0,62
QFF,202603,2026-02-12 04:09:00,1945.0,1950.0,1945.0,1950.0,2
QFF,202603,2026-02-12 04:10:00,1950.0,1950.0,1950.0,1950.0,2
QFF,202603,2026-02-12 04:11:00,1950.0,1950.0,1950.0,1950.0,1
QFF,202603,2026-02-12 04:12:00,1950.0,1950.0,1950.0,1950.0,2
QFF,202603,2026-02-12 04:13:00,1950.0,1950.0,1950.0,1950.0,2
QFF,202603,2026-02-12 04:14:00,1950.0,1950.0,1950.0,1950.0,2
QFF,202603,2026-02-12 04:15:00,1950.0,1950.0,1950.0,1950.0,3
QFF,202603,2026-02-12 04:16:00,1950.0,1950.0,1950.0,1950.0,1
QFF,202603,2026-02-12 04:17:00,1950.0,1950.0,1950.0,1950.0,2
QFF,202603,2026-02-12 04:18:00,1950.0,1950.0,1950.0,1950.0,2
QFF,202603,2026-02-12 04:19:00,1950.0,1950.0,1950.0,1950.0,2
QFF,202603,2026-02-12 04:20:00,1950.0,1950.0,1950.0,1950.0,1
QFF,202603,2026-02-12 04:21:00,1950.0,1950.0,1950.0,1950.0,2
QFF,202603,2026-02-12 04:22:00,1950.0,1950.0,1950.0,1950.0,3
QFF,202603,2026-02-12 04:23:00,1950.0,1950.0,1950.0,1950.0,2
QFF,202603,2026-02-12 04:24:00,1950.0,1950.0,1950.0,1950.0,2
QFF,202603,2026-02-12 04:25:00,1950.0,1950.0,1950.0,1950.0,2
QFF,202603,2026-02-12 04:26:00,1950.0,1950.0,1950.0,1950.0,2
QFF,202603,2026-02-12 04:27:00,1950.0,1950.0,1950.0,1950.0,2
QFF,202603,2026-02-12 04:28:00,1950.0,1950.0,1950.0,1950.0,2
QFF,202603,2026-02-12 04:29:00,1950.0,1950.0,1950.0,1950.0,2
QFF,202603,2026-02-12 04:30:00,1950.0,1950.0,1950.0,1950.0,1
QFF,202603,2026-02-12 04:31:00,1950.0,1950.0,1950.0,1950.0,2
QFF,202603,2026-02-12 04:32:00,1950.0,1950.0,1950.0,1950.0,5
QFF,202603,2026-02-12 04:33:00,1950.0,1950.0,1950.0,1950.0,2
QFF,202603,2026-02-12 04:34:00,1945.0,1950.0,1945.0,1950.0,4
QFF,202603,2026-02-12 04:35:00,1950.0,1950.0,1950.0,1950.0,1
QFF,202603,2026-02-12 04:36:00,1950.0,1950.0,1950.0,1950.0,2
QFF,202603,2026-02-12 04:37:00,1950.0,1950.0,1950.0,1950.0,2
QFF,202603,2026-02-12 04:38:00,1950.0,1950.0,1950.0,1950.0,22
QFF,202603,2026-02-12 04:39:00,1950.0,1950.0,1950.0,1950.0,3
QFF,202603,2026-02-12 04:40:00,1950.0,1955.0,1950.0,1955.0,91
QFF,202603,2026-02-12 04:41:00,1955.0,1955.0,1950.0,1955.0,4
QFF,202603,2026-02-12 04:42:00,1955.0,1955.0,1950.0,1950.0,22
QFF,202603,2026-02-12 04:43:00,1955.0,1955.0,1955.0,1955.0,2
QFF,202603,2026-02-12 04:44:00,1955.0,1955.0,1955.0,1955.0,1
QFF,202603,2026-02-12 04:45:00,1955.0,1955.0,1950.0,1950.0,23
QFF,202603,2026-02-12 04:46:00,1950.0,1955.0,1950.0,1950.0,47
QFF,202603,2026-02-12 04:47:00,1950.0,1950.0,1950.0,1950.0,21
QFF,202603,2026-02-12 04:48:00,1950.0,1950.0,1950.0,1950.0,9
QFF,202603,2026-02-12 04:49:00,1950.0,1950.0,1950.0,1950.0,1
QFF,202603,2026-02-12 04:50:00,1950.0,1950.0,1950.0,1950.0,3
QFF,202603,2026-02-12 04:51:00,1950.0,1950.0,1950.0,1950.0,3
QFF,202603,2026-02-12 04:52:00,1950.0,1950.0,1950.0,1950.0,4
QFF,202603,2026-02-12 04:53:00,1950.0,1950.0,1950.0,1950.0,3
QFF,202603,2026-02-12 04:54:00,1950.0,1950.0,1950.0,1950.0,4
QFF,202603,2026-02-12 04:55:00,1950.0,1950.0,1950.0,1950.0,21
QFF,202603,2026-02-12 04:56:00,1950.0,1950.0,1950.0,1950.0,3
QFF,202603,2026-02-12 04:57:00,1950.0,1950.0,1950.0,1950.0,2
QFF,202603,2026-02-12 04:58:00,1950.0,1950.0,1950.0,1950.0,1
QFF,202603,2026-02-12 04:59:00,1950.0,1950.0,1945.0,1950.0,15
QFF,202603/202606,2026-02-11 18:22:00,15.51,15.51,15.51,15.51,4
QFF,202603/202606,2026-02-11 18:24:00,15.71,15.71,15.71,15.71,2
QFF,202603/202606,2026-02-11 18:25:00,15.71,15.71,15.71,15.71,2
QFF,202603/202606,2026-02-11 18:27:00,15.71,15.71,15.71,15.71,2
QFF,202603/202606,2026-02-11 18:29:00,15.71,15.71,15.71,15.71,2
QFF,202603/202606,2026-02-11 18:31:00,15.71,15.71,15.71,15.71,2
QFF,202603/202606,2026-02-11 18:33:00,15.71,15.71,15.71,15.71,2
QFF,202603/202606,2026-02-11 19:35:00,15.71,15.71,15.71,15.71,2
QFF,202603/202606,2026-02-11 19:36:00,15.71,15.71,15.71,15.71,2
QFF,202603/202606,2026-02-11 23:24:00,15.0,15.0,14.99,14.99,14
QFF,202603/202609,2026-02-12 00:45:00,30.0,30.0,30.0,30.0,4
QFF,202603/202609,2026-02-12 00:48:00,30.0,30.0,30.0,30.0,2
QFF,202603/202609,2026-02-12 01:01:00,30.01,30.01,30.01,30.01,2
QFF,202606,2026-02-11 17:25:00,1935.0,1935.0,1935.0,1935.0,6
QFF,202606,2026-02-11 17:26:00,1935.0,1935.0,1935.0,1935.0,1
QFF,202606,2026-02-11 17:33:00,1935.0,1935.0,1935.0,1935.0,2
QFF,202606,2026-02-11 17:34:00,1935.0,1935.0,1935.0,1935.0,1
QFF,202606,2026-02-11 17:36:00,1935.0,1935.0,1935.0,1935.0,1
QFF,202606,2026-02-11 17:38:00,1935.0,1935.0,1935.0,1935.0,1
QFF,202606,2026-02-11 17:41:00,1935.0,1935.0,1935.0,1935.0,2
QFF,202606,2026-02-11 17:42:00,1935.0,1935.0,1935.0,1935.0,2
QFF,202606,2026-02-11 17:43:00,1935.0,1935.0,1935.0,1935.0,1
QFF,202606,2026-02-11 17:44:00,1935.0,1935.0,1935.0,1935.0,1
QFF,202606,2026-02-11 17:49:00,1935.0,1935.0,1935.0,1935.0,1
QFF,202606,2026-02-11 18:00:00,1935.0,1935.0,1935.0,1935.0,1
QFF,202606,2026-02-11 18:11:00,1935.0,1935.0,1935.0,1935.0,1
QFF,202606,2026-02-11 18:22:00,1935.0,1935.0,1935.0,1935.0,2
QFF,202606,2026-02-11 18:24:00,1935.0,1935.0,1935.0,1935.0,1
QFF,202606,2026-02-11 18:25:00,1935.0,1935.0,1935.0,1935.0,1
QFF,202606,2026-02-11 18:27:00,1935.0,1935.0,1935.0,1935.0,1
QFF,202606,2026-02-11 18:29:00,1935.0,1935.0,1935.0,1935.0,1
QFF,202606,2026-02-11 18:31:00,1935.0,1935.0,1935.0,1935.0,1
QFF,202606,2026-02-11 18:33:00,1935.0,1935.0,1935.0,1935.0,1
QFF,202606,2026-02-11 19:05:00,1935.0,1935.0,1935.0,1935.0,1
QFF,202606,2026-02-11 19:25:00,1940.0,1940.0,1940.0,1940.0,1
QFF,202606,2026-02-11 19:26:00,1940.0,1940.0,1940.0,1940.0,1
QFF,202606,2026-02-11 19:33:00,1935.0,1935.0,1935.0,1935.0,1
QFF,202606,2026-02-11 19:35:00,1940.0,1940.0,1940.0,1940.0,1
QFF,202606,2026-02-11 19:36:00,1940.0,1940.0,1940.0,1940.0,1
QFF,202606,2026-02-11 21:14:00,1940.0,1940.0,1940.0,1940.0,1
QFF,202606,2026-02-11 21:46:00,1945.0,1945.0,1945.0,1945.0,1
QFF,202606,2026-02-11 21:54:00,1945.0,1945.0,1945.0,1945.0,6
QFF,202606,2026-02-11 21:59:00,1950.0,1950.0,1950.0,1950.0,1
QFF,202606,2026-02-11 22:03:00,1945.0,1945.0,1945.0,1945.0,1
QFF,202606,2026-02-11 22:09:00,1950.0,1950.0,1950.0,1950.0,5
QFF,202606,2026-02-11 22:12:00,1950.0,1950.0,1950.0,1950.0,2
QFF,202606,2026-02-11 22:22:00,1950.0,1950.0,1950.0,1950.0,2
QFF,202606,2026-02-11 22:24:00,1950.0,1950.0,1950.0,1950.0,1
QFF,202606,2026-02-11 22:25:00,1945.0,1945.0,1945.0,1945.0,1
QFF,202606,2026-02-11 22:28:00,1950.0,1950.0,1950.0,1950.0,1
QFF,202606,2026-02-11 22:31:00,1950.0,1950.0,1950.0,1950.0,12
QFF,202606,2026-02-11 22:34:00,1950.0,1950.0,1950.0,1950.0,1
QFF,202606,2026-02-11 22:37:00,1955.0,1955.0,1955.0,1955.0,3
QFF,202606,2026-02-11 22:43:00,1955.0,1955.0,1955.0,1955.0,10
QFF,202606,2026-02-11 22:45:00,1955.0,1955.0,1955.0,1955.0,10
QFF,202606,2026-02-11 22:46:00,1960.0,1960.0,1960.0,1960.0,6
QFF,202606,2026-02-11 22:47:00,1960.0,1960.0,1960.0,1960.0,1
QFF,202606,2026-02-11 22:48:00,1960.0,1960.0,1960.0,1960.0,1
QFF,202606,2026-02-11 22:50:00,1965.0,1965.0,1965.0,1965.0,10
QFF,202606,2026-02-11 22:51:00,1965.0,1965.0,1965.0,1965.0,4
QFF,202606,2026-02-11 22:52:00,1965.0,1965.0,1965.0,1965.0,1
QFF,202606,2026-02-11 22:53:00,1965.0,1965.0,1965.0,1965.0,1
QFF,202606,2026-02-11 22:54:00,1965.0,1965.0,1965.0,1965.0,1
QFF,202606,2026-02-11 22:55:00,1965.0,1965.0,1965.0,1965.0,3
QFF,202606,2026-02-11 22:59:00,1960.0,1960.0,1960.0,1960.0,1
QFF,202606,2026-02-11 23:00:00,1965.0,1965.0,1965.0,1965.0,1
QFF,202606,2026-02-11 23:03:00,1960.0,1960.0,1960.0,1960.0,8
QFF,202606,2026-02-11 23:05:00,1960.0,1960.0,1960.0,1960.0,7
QFF,202606,2026-02-11 23:06:00,1960.0,1960.0,1960.0,1960.0,2
QFF,202606,2026-02-11 23:09:00,1960.0,1960.0,1960.0,1960.0,2
QFF,202606,2026-02-11 23:10:00,1955.0,1955.0,1955.0,1955.0,1
QFF,202606,2026-02-11 23:11:00,1955.0,1955.0,1955.0,1955.0,19
QFF,202606,2026-02-11 23:12:00,1955.0,1955.0,1955.0,1955.0,1
QFF,202606,2026-02-11 23:13:00,1950.0,1950.0,1950.0,1950.0,5
QFF,202606,2026-02-11 23:16:00,1955.0,1955.0,1950.0,1950.0,2
QFF,202606,2026-02-11 23:17:00,1950.0,1950.0,1950.0,1950.0,1
QFF,202606,2026-02-11 23:20:00,1950.0,1950.0,1950.0,1950.0,1
QFF,202606,2026-02-11 23:21:00,1945.0,1945.0,1945.0,1945.0,15
QFF,202606,2026-02-11 23:22:00,1945.0,1945.0,1945.0,1945.0,1
QFF,202606,2026-02-11 23:24:00,1950.0,1950.0,1945.0,1945.0,4
QFF,202606,2026-02-11 23:25:00,1945.0,1945.0,1945.0,1945.0,4
QFF,202606,2026-02-11 23:28:00,1945.0,1945.0,1945.0,1945.0,1
QFF,202606,2026-02-11 23:30:00,1950.0,1950.0,1950.0,1950.0,1
QFF,202606,2026-02-11 23:31:00,1945.0,1945.0,1945.0,1945.0,1
QFF,202606,2026-02-11 23:38:00,1950.0,1950.0,1950.0,1950.0,1
QFF,202606,2026-02-11 23:41:00,1955.0,1955.0,1955.0,1955.0,1
QFF,202606,2026-02-11 23:42:00,1955.0,1955.0,1955.0,1955.0,3
QFF,202606,2026-02-11 23:43:00,1955.0,1955.0,1955.0,1955.0,1
QFF,202606,2026-02-11 23:53:00,1955.0,1955.0,1955.0,1955.0,3
QFF,202606,2026-02-11 23:55:00,1960.0,1960.0,1960.0,1960.0,1
QFF,202606,2026-02-12 00:05:00,1955.0,1955.0,1955.0,1955.0,1
QFF,202606,2026-02-12 00:08:00,1955.0,1955.0,1955.0,1955.0,2
QFF,202606,2026-02-12 00:11:00,1955.0,1955.0,1955.0,1955.0,2
QFF,202606,2026-02-12 00:12:00,1955.0,1955.0,1955.0,1955.0,1
QFF,202606,2026-02-12 00:21:00,1960.0,1960.0,1960.0,1960.0,1
QFF,202606,2026-02-12 00:22:00,1960.0,1960.0,1960.0,1960.0,1
QFF,202606,2026-02-12 00:29:00,1955.0,1955.0,1955.0,1955.0,1
QFF,202606,2026-02-12 00:30:00,1955.0,1955.0,1955.0,1955.0,1
QFF,202606,2026-02-12 00:32:00,1955.0,1960.0,1955.0,1955.0,5
QFF,202606,2026-02-12 00:33:00,1955.0,1955.0,1955.0,1955.0,1
QFF,202606,2026-02-12 00:37:00,1955.0,1955.0,1955.0,1955.0,1
QFF,202606,2026-02-12 00:38:00,1955.0,1955.0,1955.0,1955.0,1
QFF,202606,2026-02-12 00:44:00,1955.0,1955.0,1955.0,1955.0,1
QFF,202606,2026-02-12 01:02:00,1955.0,1955.0,1955.0,1955.0,1
QFF,202606,2026-02-12 01:25:00,1960.0,1960.0,1960.0,1960.0,1
QFF,202606,2026-02-12 01:26:00,1960.0,1960.0,1960.0,1960.0,3
QFF,202606,2026-02-12 01:27:00,1960.0,1960.0,1960.0,1960.0,3
QFF,202606,2026-02-12 01:30:00,1960.0,1960.0,1960.0,1960.0,1
QFF,202606,2026-02-12 01:55:00,1965.0,1965.0,1965.0,1965.0,7
QFF,202606,2026-02-12 02:09:00,1965.0,1965.0,1965.0,1965.0,1
QFF,202606,2026-02-12 02:24:00,1965.0,1965.0,1965.0,1965.0,1
QFF,202606,2026-02-12 02:28:00,1965.0,1965.0,1965.0,1965.0,2
QFF,202606,2026-02-12 02:35:00,1965.0,1965.0,1965.0,1965.0,2
QFF,202606,2026-02-12 02:42:00,1965.0,1965.0,1965.0,1965.0,2
QFF,202606,2026-02-12 03:17:00,1965.0,1965.0,1965.0,1965.0,1
QFF,202606,2026-02-12 03:25:00,1965.0,1965.0,1965.0,1965.0,1
QFF,202606,2026-02-12 03:27:00,1965.0,1965.0,1965.0,1965.0,1
QFF,202606,2026-02-12 04:00:00,1960.0,1960.0,1960.0,1960.0,1
QFF,202606,2026-02-12 04:24:00,1965.0,1965.0,1965.0,1965.0,1
QFF,202606,2026-02-12 04:35:00,1960.0,1960.0,1960.0,1960.0,10
QFF,202606,2026-02-12 04:36:00,1960.0,1960.0,1960.0,1960.0,2
QFF,202606,2026-02-12 04:37:00,1960.0,1960.0,1960.0,1960.0,2
QFF,202606,2026-02-12 04:38:00,1960.0,1960.0,1960.0,1960.0,6
QFF,202606,2026-02-12 04:40:00,1965.0,1965.0,1965.0,1965.0,1
QFF,202606,2026-02-12 04:41:00,1965.0,1965.0,1965.0,1965.0,2
QFF,202606,2026-02-12 04:42:00,1965.0,1965.0,1965.0,1965.0,1
QFF,202606,2026-02-12 04:43:00,1965.0,1965.0,1965.0,1965.0,2
QFF,202606,2026-02-12 04:44:00,1965.0,1965.0,1965.0,1965.0,1
QFF,202606,2026-02-12 04:45:00,1965.0,1965.0,1965.0,1965.0,2
QFF,202606,2026-02-12 04:46:00,1965.0,1965.0,1965.0,1965.0,1
QFF,202606,2026-02-12 04:57:00,1965.0,1965.0,1965.0,1965.0,6
QFF,202606,2026-02-12 04:58:00,1965.0,1965.0,1965.0,1965.0,8
QFF,202606,2026-02-12 04:59:00,1965.0,1965.0,1965.0,1965.0,2
QFF,202606/202609,2026-02-12 00:49:00,14.99,14.99,14.99,14.99,2
QFF,202609,2026-02-11 17:25:00,1950.0,1950.0,1950.0,1950.0,1
QFF,202609,2026-02-11 17:31:00,1945.0,1945.0,1945.0,1945.0,1
QFF,202609,2026-02-11 17:58:00,1950.0,1950.0,1950.0,1950.0,1
QFF,202609,2026-02-11 18:04:00,1950.0,1950.0,1950.0,1950.0,1
QFF,202609,2026-02-11 18:10:00,1950.0,1950.0,1950.0,1950.0,1
QFF,202609,2026-02-11 18:17:00,1950.0,1950.0,1950.0,1950.0,1
QFF,202609,2026-02-11 18:21:00,1945.0,1945.0,1945.0,1945.0,8
QFF,202609,2026-02-11 18:47:00,1950.0,1950.0,1950.0,1950.0,4
QFF,202609,2026-02-11 18:48:00,1950.0,1950.0,1950.0,1950.0,1
QFF,202609,2026-02-11 19:01:00,1950.0,1950.0,1950.0,1950.0,1
QFF,202609,2026-02-11 19:09:00,1950.0,1950.0,1950.0,1950.0,1
QFF,202609,2026-02-11 19:16:00,1950.0,1950.0,1950.0,1950.0,1
QFF,202609,2026-02-11 19:26:00,1955.0,1955.0,1955.0,1955.0,8
QFF,202609,2026-02-11 19:33:00,1950.0,1950.0,1950.0,1950.0,1
QFF,202609,2026-02-11 19:36:00,1950.0,1950.0,1950.0,1950.0,1
QFF,202609,2026-02-11 19:59:00,1950.0,1950.0,1950.0,1950.0,1
QFF,202609,2026-02-11 21:33:00,1955.0,1955.0,1955.0,1955.0,1
QFF,202609,2026-02-11 21:35:00,1955.0,1955.0,1955.0,1955.0,1
QFF,202609,2026-02-11 21:40:00,1955.0,1955.0,1955.0,1955.0,1
QFF,202609,2026-02-11 21:54:00,1960.0,1960.0,1960.0,1960.0,7
QFF,202609,2026-02-11 21:55:00,1960.0,1960.0,1960.0,1960.0,2
QFF,202609,2026-02-11 21:59:00,1960.0,1960.0,1960.0,1960.0,1
QFF,202609,2026-02-11 22:03:00,1960.0,1960.0,1960.0,1960.0,1
QFF,202609,2026-02-11 22:13:00,1960.0,1960.0,1960.0,1960.0,1
QFF,202609,2026-02-11 22:19:00,1960.0,1960.0,1960.0,1960.0,1
QFF,202609,2026-02-11 22:22:00,1960.0,1960.0,1960.0,1960.0,1
QFF,202609,2026-02-11 22:31:00,1965.0,1965.0,1965.0,1965.0,2
QFF,202609,2026-02-11 22:36:00,1965.0,1965.0,1965.0,1965.0,5
QFF,202609,2026-02-11 22:37:00,1970.0,1970.0,1970.0,1970.0,2
QFF,202609,2026-02-11 22:40:00,1970.0,1970.0,1970.0,1970.0,3
QFF,202609,2026-02-11 22:44:00,1970.0,1970.0,1970.0,1970.0,3
QFF,202609,2026-02-11 22:45:00,1970.0,1970.0,1970.0,1970.0,5
QFF,202609,2026-02-11 22:46:00,1970.0,1970.0,1970.0,1970.0,3
QFF,202609,2026-02-11 22:47:00,1970.0,1970.0,1970.0,1970.0,2
QFF,202609,2026-02-11 22:48:00,1975.0,1975.0,1975.0,1975.0,11
QFF,202609,2026-02-11 22:52:00,1975.0,1975.0,1975.0,1975.0,1
QFF,202609,2026-02-11 22:54:00,1980.0,1980.0,1980.0,1980.0,1
QFF,202609,2026-02-11 22:56:00,1980.0,1980.0,1980.0,1980.0,3
QFF,202609,2026-02-11 22:57:00,1980.0,1980.0,1980.0,1980.0,10
QFF,202609,2026-02-11 22:58:00,1975.0,1975.0,1975.0,1975.0,2
QFF,202609,2026-02-11 22:59:00,1975.0,1975.0,1975.0,1975.0,1
QFF,202609,2026-02-11 23:02:00,1975.0,1975.0,1975.0,1975.0,1
QFF,202609,2026-02-11 23:03:00,1975.0,1975.0,1975.0,1975.0,3
QFF,202609,2026-02-11 23:07:00,1975.0,1975.0,1975.0,1975.0,1
QFF,202609,2026-02-11 23:10:00,1970.0,1970.0,1970.0,1970.0,1
QFF,202609,2026-02-11 23:11:00,1970.0,1970.0,1970.0,1970.0,2
QFF,202609,2026-02-11 23:12:00,1965.0,1965.0,1965.0,1965.0,1
QFF,202609,2026-02-11 23:13:00,1965.0,1965.0,1965.0,1965.0,8
QFF,202609,2026-02-11 23:16:00,1965.0,1965.0,1965.0,1965.0,1
QFF,202609,2026-02-11 23:21:00,1960.0,1960.0,1960.0,1960.0,6
QFF,202609,2026-02-11 23:40:00,1965.0,1965.0,1965.0,1965.0,5
QFF,202609,2026-02-11 23:46:00,1965.0,1965.0,1965.0,1965.0,1
QFF,202609,2026-02-11 23:47:00,1965.0,1965.0,1965.0,1965.0,2
QFF,202609,2026-02-11 23:48:00,1965.0,1965.0,1965.0,1965.0,2
QFF,202609,2026-02-11 23:49:00,1965.0,1965.0,1965.0,1965.0,3
QFF,202609,2026-02-11 23:50:00,1965.0,1965.0,1965.0,1965.0,7
QFF,202609,2026-02-11 23:51:00,1965.0,1965.0,1965.0,1965.0,2
QFF,202609,2026-02-11 23:52:00,1965.0,1965.0,1965.0,1965.0,5
QFF,202609,2026-02-11 23:53:00,1970.0,1970.0,1970.0,1970.0,1
QFF,202609,2026-02-11 23:54:00,1970.0,1970.0,1970.0,1970.0,2
QFF,202609,2026-02-11 23:55:00,1970.0,1975.0,1965.0,1965.0,4
QFF,202609,2026-02-12 00:05:00,1970.0,1970.0,1970.0,1970.0,1
QFF,202609,2026-02-12 00:08:00,1970.0,1970.0,1970.0,1970.0,1
QFF,202609,2026-02-12 00:29:00,1970.0,1970.0,1970.0,1970.0,1
QFF,202609,2026-02-12 00:31:00,1970.0,1970.0,1970.0,1970.0,1
QFF,202609,2026-02-12 00:32:00,1975.0,1975.0,1975.0,1975.0,1
QFF,202609,2026-02-12 00:38:00,1970.0,1970.0,1970.0,1970.0,1
QFF,202609,2026-02-12 00:51:00,1970.0,1970.0,1970.0,1970.0,1
QFF,202609,2026-02-12 01:01:00,1970.0,1970.0,1970.0,1970.0,1
QFF,202609,2026-02-12 01:27:00,1975.0,1975.0,1975.0,1975.0,1
QFF,202609,2026-02-12 01:34:00,1975.0,1975.0,1975.0,1975.0,1
QFF,202609,2026-02-12 01:55:00,1980.0,1980.0,1980.0,1980.0,4
QFF,202609,2026-02-12 01:59:00,1980.0,1980.0,1980.0,1980.0,1
QFF,202609,2026-02-12 02:24:00,1980.0,1980.0,1980.0,1980.0,1
QFF,202609,2026-02-12 02:42:00,1980.0,1980.0,1980.0,1980.0,2
QFF,202609,2026-02-12 03:30:00,1975.0,1975.0,1975.0,1975.0,2
QFF,202609,2026-02-12 03:31:00,1975.0,1975.0,1975.0,1975.0,1
QFF,202609,2026-02-12 03:32:00,1975.0,1975.0,1975.0,1975.0,3
QFF,202609,2026-02-12 03:35:00,1975.0,1975.0,1975.0,1975.0,6
QFF,202609,2026-02-12 03:36:00,1975.0,1975.0,1975.0,1975.0,1
QFF,202609,2026-02-12 04:00:00,1975.0,1975.0,1975.0,1975.0,1
QFF,202609,2026-02-12 04:35:00,1975.0,1975.0,1975.0,1975.0,2
QFF,202609,2026-02-12 04:38:00,1975.0,1975.0,1975.0,1975.0,1
QFF,202609,2026-02-12 04:41:00,1975.0,1975.0,1975.0,1975.0,1
QFF,202609,2026-02-12 04:57:00,1980.0,1980.0,1980.0,1980.0,5
QFF,202609,2026-02-12 04:58:00,1980.0,1980.0,1975.0,1975.0,11
QFF,202609,2026-02-12 04:59:00,1975.0,1975.0,1975.0,1975.0,4
QFF,202612,2026-02-11 22:31:00,1975.0,1975.0,1975.0,1975.0,1
QFF,202612,2026-02-11 22:34:00,1980.0,1980.0,1980.0,1980.0,1
QFF,202612,2026-02-11 22:45:00,1990.0,1990.0,1990.0,1990.0,5
QFF,202612,2026-02-11 22:51:00,1990.0,1990.0,1990.0,1990.0,1
QFF,202612,2026-02-11 22:56:00,1995.0,2000.0,1995.0,2000.0,4
QFF,202612,2026-02-11 22:57:00,2000.0,2000.0,2000.0,2000.0,1
QFF,202612,2026-02-11 23:04:00,1995.0,1995.0,1995.0,1995.0,1
QFF,202612,2026-02-11 23:10:00,1990.0,1990.0,1990.0,1990.0,10
QFF,202612,2026-02-11 23:13:00,1975.0,1975.0,1975.0,1975.0,4
QFF,202612,2026-02-11 23:26:00,1975.0,1975.0,1975.0,1975.0,1
QFF,202612,2026-02-12 01:34:00,1985.0,1985.0,1985.0,1985.0,1
RTF,202602/202603,2026-02-11 19:47:00,-0.0099,-0.0099,-0.01,-0.01,90
RTF,202602/202603,2026-02-11 19:48:00,-0.0098,-0.0098,-0.0099,-0.0098,90
RZF,202602,2026-02-11 17:52:00,27.55,27.55,27.55,27.55,1
RZF,202602,2026-02-11 19:36:00,27.6,27.6,27.6,27.6,1
RZF,202602,2026-02-11 19:40:00,27.6,27.6,27.6,27.6,1
RZF,202602,2026-02-11 19:43:00,27.6,27.6,27.6,27.6,1
RZF,202602,2026-02-11 19:44:00,27.6,27.6,27.6,27.6,1
RZF,202602,2026-02-11 20:28:00,27.61,27.61,27.61,27.61,3
RZF,202602,2026-02-11 21:30:00,27.61,27.61,27.53,27.53,7
RZF,202602,2026-02-11 21:31:00,27.51,27.51,27.51,27.51,1
RZF,202602,2026-02-11 21:33:00,27.49,27.49,27.49,27.49,1
RZF,202602,2026-02-11 21:39:00,27.47,27.47,27.46,27.46,2
RZF,202602,2026-02-11 21:57:00,27.46,27.46,27.46,27.46,5
RZF,202602,2026-02-11 22:00:00,27.46,27.46,27.46,27.46,1
RZF,202602,2026-02-11 22:03:00,27.46,27.46,27.46,27.46,1
RZF,202602,2026-02-11 22:06:00,27.46,27.46,27.46,27.46,4
RZF,202602,2026-02-11 22:10:00,27.45,27.45,27.45,27.45,1
RZF,202602,2026-02-11 22:14:00,27.45,27.45,27.45,27.45,2
RZF,202602,2026-02-11 23:01:00,27.5,27.5,27.5,27.5,1
RZF,202602,2026-02-11 23:04:00,27.49,27.49,27.49,27.49,1
RZF,202602,2026-02-11 23:09:00,27.48,27.48,27.48,27.48,1
RZF,202602,2026-02-11 23:25:00,27.51,27.51,27.51,27.51,1
RZF,202602,2026-02-12 04:41:00,27.46,27.46,27.46,27.46,4
RZF,202602/202603,2026-02-11 22:30:00,0.04,0.04,0.04,0.04,2
RZF,202602/202603,2026-02-11 22:57:00,0.04,0.04,0.04,0.04,2
RZF,202602/202603,2026-02-12 00:33:00,0.05,0.05,0.05,0.05,6
RZF,202602/202603,2026-02-12 01:11:00,0.05,0.05,0.05,0.05,4
RZF,202603,2026-02-11 17:52:00,27.6,27.6,27.6,27.6,1
RZF,202603,2026-02-11 19:18:00,27.63,27.63,27.63,27.63,1
RZF,202603,2026-02-11 19:31:00,27.63,27.63,27.63,27.63,1
RZF,202603,2026-02-11 19:36:00,27.63,27.63,27.63,27.63,1
RZF,202603,2026-02-11 21:30:00,27.62,27.62,27.58,27.58,10
RZF,202603,2026-02-11 21:31:00,27.57,27.57,27.55,27.55,5
RZF,202603,2026-02-11 21:32:00,27.55,27.55,27.55,27.55,1
RZF,202603,2026-02-11 21:33:00,27.54,27.54,27.54,27.54,3
RZF,202603,2026-02-11 21:39:00,27.51,27.51,27.51,27.51,3
RZF,202603,2026-02-11 21:40:00,27.5,27.5,27.5,27.5,1
RZF,202603,2026-02-11 21:43:00,27.51,27.51,27.51,27.51,1
RZF,202603,2026-02-11 21:56:00,27.52,27.52,27.51,27.51,12
RZF,202603,2026-02-11 21:58:00,27.5,27.5,27.5,27.5,7
RZF,202603,2026-02-11 21:59:00,27.49,27.49,27.49,27.49,1
RZF,202603,2026-02-11 22:00:00,27.5,27.5,27.5,27.5,2
RZF,202603,2026-02-11 22:04:00,27.49,27.49,27.49,27.49,1
RZF,202603,2026-02-11 22:06:00,27.49,27.49,27.49,27.49,6
RZF,202603,2026-02-11 22:10:00,27.49,27.49,27.49,27.49,1
RZF,202603,2026-02-11 22:11:00,27.5,27.5,27.5,27.5,1
RZF,202603,2026-02-11 22:15:00,27.5,27.5,27.5,27.5,1
RZF,202603,2026-02-11 22:16:00,27.5,27.5,27.5,27.5,2
RZF,202603,2026-02-11 22:17:00,27.5,27.5,27.5,27.5,1
RZF,202603,2026-02-11 22:18:00,27.5,27.5,27.5,27.5,1
RZF,202603,2026-02-11 22:25:00,27.52,27.52,27.52,27.52,2
RZF,202603,2026-02-11 22:26:00,27.52,27.52,27.52,27.52,1
RZF,202603,2026-02-11 22:37:00,27.53,27.53,27.53,27.53,1
RZF,202603,2026-02-11 22:59:00,27.53,27.53,27.53,27.53,1
RZF,202603,2026-02-11 23:01:00,27.55,27.55,27.55,27.55,2
RZF,202603,2026-02-11 23:04:00,27.54,27.54,27.54,27.54,1
RZF,202603,2026-02-11 23:09:00,27.53,27.53,27.53,27.53,1
RZF,202603,2026-02-11 23:17:00,27.54,27.54,27.54,27.54,1
RZF,202603,2026-02-11 23:21:00,27.54,27.55,27.54,27.55,3
RZF,202603,2026-02-11 23:24:00,27.54,27.54,27.54,27.54,1
RZF,202603,2026-02-11 23:25:00,27.55,27.56,27.55,27.56,2
RZF,202603,2026-02-11 23:35:00,27.56,27.56,27.56,27.56,1
RZF,202603,2026-02-11 23:49:00,27.55,27.55,27.55,27.55,1
RZF,202603,2026-02-11 23:58:00,27.55,27.55,27.55,27.55,2
RZF,202603,2026-02-11 23:59:00,27.55,27.55,27.54,27.54,2
RZF,202603,2026-02-12 00:06:00,27.53,27.53,27.53,27.53,1
RZF,202603,2026-02-12 00:34:00,27.53,27.53,27.53,27.53,2
RZF,202603,2026-02-12 01:01:00,27.55,27.55,27.55,27.55,1
RZF,202603,2026-02-12 02:05:00,27.55,27.55,27.55,27.55,1
RZF,202603,2026-02-12 02:10:00,27.54,27.54,27.54,27.54,4
RZF,202603,2026-02-12 02:52:00,27.53,27.53,27.53,27.53,4
RZF,202603,2026-02-12 02:53:00,27.51,27.51,27.51,27.51,1
RZF,202603,2026-02-12 02:54:00,27.51,27.53,27.51,27.53,2
RZF,202603,2026-02-12 02:55:00,27.53,27.56,27.53,27.56,8
RZF,202603,2026-02-12 02:56:00,27.55,27.55,27.55,27.55,1
RZF,202603,2026-02-12 03:43:00,27.55,27.55,27.55,27.55,2
RZF,202603,2026-02-12 04:28:00,27.52,27.52,27.52,27.52,6
RZF,202603,2026-02-12 04:41:00,27.51,27.51,27.51,27.51,4
RZF,202603,2026-02-12 04:58:00,27.56,27.56,27.56,27.56,1
RZF,202606,2026-02-11 21:31:00,27.71,27.71,27.7,27.7,2
RZF,202606,2026-02-11 21:33:00,27.68,27.68,27.68,27.68,1
RZF,202606,2026-02-11 21:39:00,27.65,27.65,27.65,27.65,1
RZF,202606,2026-02-11 21:58:00,27.64,27.64,27.64,27.64,1
RZF,202606,2026-02-11 21:59:00,27.63,27.63,27.63,27.63,1
RZF,202606,2026-02-11 22:06:00,27.63,27.63,27.63,27.63,1
RZF,202606,2026-02-12 00:06:00,27.65,27.65,27.65,27.65,1
RZF,202606,2026-02-12 00:11:00,27.64,27.64,27.64,27.64,1
RZF,202606,2026-02-12 04:38:00,27.64,27.64,27.64,27.64,2
SOF,202602,2026-02-12 00:35:00,10688.0,10688.0,10688.0,10688.0,1
SOF,202602,2026-02-12 00:40:00,10688.0,10688.0,10688.0,10688.0,1
SOF,202602,2026-02-12 00:51:00,10693.0,10693.0,10693.0,10693.0,2
SOF,202602,2026-02-12 00:59:00,10690.0,10690.0,10690.0,10690.0,1
SOF,202602,2026-02-12 01:00:00,10690.0,10690.0,10690.0,10690.0,1
SOF,202602,2026-02-12 01:17:00,10696.0,10696.0,10696.0,10696.0,1
SOF,202602,2026-02-12 03:05:00,10711.0,10711.0,10711.0,10711.0,2
SOF,202603,2026-02-11 15:00:00,11492.0,11492.0,11492.0,11492.0,1
SOF,202603,2026-02-11 15:18:00,10750.0,10750.0,10750.0,10750.0,1
SOF,202603,2026-02-11 15:33:00,10756.0,10756.0,10756.0,10756.0,1
SOF,202603,2026-02-11 19:20:00,10451.0,10451.0,10450.0,10450.0,2
SOF,202603,2026-02-11 19:23:00,10451.0,10451.0,10451.0,10451.0,1
SOF,202603,2026-02-11 23:13:00,10700.0,10700.0,10700.0,10700.0,1
SOF,202603,2026-02-12 00:51:00,10721.0,10721.0,10721.0,10721.0,2
SOF,202603,2026-02-12 01:00:00,10715.0,10715.0,10715.0,10715.0,1
SOF,202603,2026-02-12 01:16:00,10721.0,10721.0,10721.0,10721.0,1
SOF,202603,2026-02-12 01:17:00,10721.0,10721.0,10721.0,10721.0,1
SPF,202603,2026-02-11 17:49:00,6968.0,6968.0,6968.0,6968.0,1
SPF,202603,2026-02-11 22:53:00,6995.0,6995.0,6995.0,6995.0,1
SPF,202603,2026-02-11 23:03:00,6978.75,6978.75,6978.75,6978.75,1
SPF,202603,2026-02-11 23:06:00,6976.0,6976.0,6976.0,6976.0,1
SPF,202603,2026-02-11 23:12:00,6955.0,6955.0,6955.0,6955.0,1
SPF,202603,2026-02-11 23:25:00,6937.0,6937.0,6937.0,6937.0,1
SPF,202603,2026-02-12 02:03:00,6970.5,6970.5,6970.5,6970.5,1
SRF,202602,2026-02-11 17:26:00,77.0,77.0,77.0,77.0,1
SRF,202602,2026-02-11 17:31:00,77.15,77.15,77.15,77.15,1
SRF,202602,2026-02-11 17:38:00,77.15,77.15,77.1,77.1,5
SRF,202602,2026-02-11 17:39:00,77.15,77.15,77.15,77.15,2
SRF,202602,2026-02-11 17:40:00,77.05,77.05,77.05,77.05,1
SRF,202602,2026-02-11 17:41:00,77.05,77.05,77.05,77.05,1
SRF,202602,2026-02-11 17:54:00,77.05,77.05,77.05,77.05,1
SRF,202602,2026-02-11 17:55:00,77.0,77.05,77.0,77.05,3
SRF,202602,2026-02-11 18:00:00,77.0,77.0,77.0,77.0,2
SRF,202602,2026-02-11 18:04:00,76.9,76.9,76.9,76.9,2
SRF,202602,2026-02-11 18:05:00,76.95,76.95,76.95,76.95,1
SRF,202602,2026-02-11 18:06:00,76.95,76.95,76.95,76.95,1
SRF,202602,2026-02-11 18:10:00,76.95,76.95,76.95,76.95,1
SRF,202602,2026-02-11 18:11:00,76.95,76.95,76.95,76.95,1
SRF,202602,2026-02-11 18:12:00,77.0,77.0,77.0,77.0,2
SRF,202602,2026-02-11 18:19:00,77.0,77.0,77.0,77.0,1
SRF,202602,2026-02-11 18:21:00,77.0,77.0,77.0,77.0,4
SRF,202602,2026-02-11 18:24:00,77.05,77.1,77.05,77.1,4
SRF,202602,2026-02-11 18:25:00,77.1,77.1,77.1,77.1,2
SRF,202602,2026-02-11 18:32:00,77.1,77.1,77.1,77.1,1
SRF,202602,2026-02-11 18:34:00,77.1,77.1,77.1,77.1,1
SRF,202602,2026-02-11 18:40:00,77.15,77.15,77.15,77.15,1
SRF,202602,2026-02-11 18:41:00,77.15,77.15,77.1,77.1,2
SRF,202602,2026-02-11 18:44:00,77.05,77.05,77.05,77.05,1
SRF,202602,2026-02-11 19:00:00,77.1,77.1,77.1,77.1,1
SRF,202602,2026-02-11 19:01:00,77.15,77.15,77.15,77.15,1
SRF,202602,2026-02-11 19:07:00,77.15,77.15,77.15,77.15,9
SRF,202602,2026-02-11 19:11:00,77.2,77.2,77.2,77.2,3
SRF,202602,2026-02-11 19:15:00,77.2,77.2,77.2,77.2,1
SRF,202602,2026-02-11 19:16:00,77.25,77.25,77.25,77.25,3
SRF,202602,2026-02-11 19:17:00,77.3,77.3,77.3,77.3,1
SRF,202602,2026-02-11 19:22:00,77.2,77.2,77.2,77.2,1
SRF,202602,2026-02-11 19:41:00,77.2,77.2,77.2,77.2,3
SRF,202602,2026-02-11 19:54:00,77.2,77.2,77.2,77.2,1
SRF,202602,2026-02-11 19:55:00,77.2,77.2,77.2,77.2,1
SRF,202602,2026-02-11 20:00:00,77.2,77.2,77.2,77.2,1
SRF,202602,2026-02-11 20:02:00,77.2,77.2,77.2,77.2,2
SRF,202602,2026-02-11 20:03:00,77.2,77.2,77.2,77.2,1
SRF,202602,2026-02-11 21:18:00,77.2,77.2,77.2,77.2,1
SRF,202602,2026-02-11 21:21:00,77.2,77.2,77.2,77.2,1
SRF,202602,2026-02-11 21:28:00,77.2,77.2,77.2,77.2,1
SRF,202602,2026-02-11 21:29:00,77.2,77.2,77.2,77.2,1
SRF,202602,2026-02-11 21:30:00,77.25,77.4,77.25,77.25,6
SRF,202602,2026-02-11 21:33:00,77.4,77.4,77.35,77.35,2
SRF,202602,2026-02-11 21:35:00,77.4,77.4,77.4,77.4,1
SRF,202602,2026-02-11 21:36:00,77.45,77.45,77.45,77.45,1
SRF,202602,2026-02-11 21:41:00,77.4,77.4,77.4,77.4,1
SRF,202602,2026-02-11 21:43:00,77.35,77.35,77.35,77.35,1
SRF,202602,2026-02-11 21:44:00,77.3,77.3,77.3,77.3,1
SRF,202602,2026-02-11 21:46:00,77.4,77.4,77.4,77.4,3
SRF,202602,2026-02-11 21:47:00,77.45,77.45,77.45,77.45,1
SRF,202602,2026-02-11 21:48:00,77.5,77.5,77.5,77.5,2
SRF,202602,2026-02-11 21:49:00,77.55,77.55,77.5,77.5,2
SRF,202602,2026-02-11 21:50:00,77.55,77.55,77.55,77.55,1
SRF,202602,2026-02-11 21:52:00,77.5,77.5,77.5,77.5,1
SRF,202602,2026-02-11 21:53:00,77.5,77.5,77.5,77.5,2
SRF,202602,2026-02-11 21:54:00,77.5,77.55,77.5,77.55,4
SRF,202602,2026-02-11 21:55:00,77.55,77.55,77.55,77.55,1
SRF,202602,2026-02-11 21:57:00,77.55,77.55,77.55,77.55,1
SRF,202602,2026-02-11 21:59:00,77.6,77.6,77.6,77.6,1
SRF,202602,2026-02-11 22:03:00,77.55,77.55,77.55,77.55,2
SRF,202602,2026-02-11 22:05:00,77.55,77.55,77.55,77.55,1
SRF,202602,2026-02-11 22:10:00,77.5,77.5,77.5,77.5,1
SRF,202602,2026-02-11 22:11:00,77.45,77.45,77.45,77.45,2
SRF,202602,2026-02-11 22:12:00,77.45,77.45,77.45,77.45,1
SRF,202602,2026-02-11 22:13:00,77.5,77.55,77.5,77.55,7
SRF,202602,2026-02-11 22:17:00,77.6,77.6,77.6,77.6,1
SRF,202602,2026-02-11 22:19:00,77.6,77.6,77.6,77.6,2
SRF,202602,2026-02-11 22:25:00,77.6,77.6,77.6,77.6,4
SRF,202602,2026-02-11 22:29:00,77.65,77.65,77.65,77.65,11
SRF,202602,2026-02-11 22:30:00,77.6,77.7,77.6,77.7,4
SRF,202602,2026-02-11 22:31:00,77.7,77.7,77.65,77.7,7
SRF,202602,2026-02-11 22:32:00,77.7,77.7,77.65,77.65,2
SRF,202602,2026-02-11 22:34:00,77.6,77.6,77.6,77.6,2
SRF,202602,2026-02-11 22:35:00,77.6,77.6,77.6,77.6,1
SRF,202602,2026-02-11 22:36:00,77.6,77.6,77.6,77.6,1
SRF,202602,2026-02-11 22:38:00,77.65,77.65,77.65,77.65,1
SRF,202602,2026-02-11 22:41:00,77.65,77.65,77.65,77.65,2
SRF,202602,2026-02-11 22:43:00,77.65,77.65,77.65,77.65,1
SRF,202602,2026-02-11 22:46:00,77.8,77.85,77.8,77.8,9
SRF,202602,2026-02-11 22:47:00,77.8,77.85,77.8,77.8,4
SRF,202602,2026-02-11 22:49:00,77.9,77.9,77.9,77.9,1
SRF,202602,2026-02-11 22:50:00,77.85,77.85,77.85,77.85,2
SRF,202602,2026-02-11 22:53:00,77.85,77.85,77.85,77.85,3
SRF,202602,2026-02-11 22:55:00,77.9,77.9,77.9,77.9,1
SRF,202602,2026-02-11 22:56:00,77.9,77.9,77.85,77.85,8
SRF,202602,2026-02-11 22:57:00,77.9,77.95,77.9,77.9,25
SRF,202602,2026-02-11 22:59:00,77.95,77.95,77.95,77.95,3
SRF,202602,2026-02-11 23:02:00,77.9,77.9,77.9,77.9,1
SRF,202602,2026-02-11 23:06:00,77.9,77.9,77.9,77.9,4
SRF,202602,2026-02-11 23:08:00,77.9,77.9,77.9,77.9,1
SRF,202602,2026-02-11 23:09:00,77.8,77.8,77.7,77.7,20
SRF,202602,2026-02-11 23:11:00,77.7,77.7,77.6,77.6,8
SRF,202602,2026-02-11 23:12:00,77.55,77.55,77.45,77.45,12
SRF,202602,2026-02-11 23:13:00,77.4,77.4,77.35,77.4,11
SRF,202602,2026-02-11 23:15:00,77.6,77.6,77.6,77.6,1
SRF,202602,2026-02-11 23:16:00,77.55,77.55,77.55,77.55,1
SRF,202602,2026-02-11 23:18:00,77.55,77.55,77.5,77.5,7
SRF,202602,2026-02-11 23:19:00,77.5,77.5,77.5,77.5,1
SRF,202602,2026-02-11 23:20:00,77.4,77.4,77.4,77.4,1
SRF,202602,2026-02-11 23:21:00,77.4,77.5,77.35,77.5,22
SRF,202602,2026-02-11 23:22:00,77.45,77.5,77.45,77.5,2
SRF,202602,2026-02-11 23:27:00,77.35,77.35,77.35,77.35,1
SRF,202602,2026-02-11 23:33:00,77.55,77.55,77.55,77.55,1
SRF,202602,2026-02-11 23:35:00,77.6,77.6,77.6,77.6,1
SRF,202602,2026-02-11 23:36:00,77.55,77.55,77.55,77.55,1
SRF,202602,2026-02-11 23:37:00,77.55,77.55,77.55,77.55,5
SRF,202602,2026-02-11 23:41:00,77.6,77.6,77.6,77.6,1
SRF,202602,2026-02-11 23:42:00,77.65,77.65,77.65,77.65,1
SRF,202602,2026-02-11 23:43:00,77.65,77.65,77.65,77.65,1
SRF,202602,2026-02-11 23:44:00,77.7,77.7,77.7,77.7,6
SRF,202602,2026-02-11 23:46:00,77.7,77.7,77.7,77.7,3
SRF,202602,2026-02-11 23:49:00,77.6,77.6,77.6,77.6,1
SRF,202602,2026-02-11 23:53:00,77.65,77.7,77.65,77.7,8
SRF,202602,2026-02-11 23:57:00,77.75,77.75,77.75,77.75,1
SRF,202602,2026-02-11 23:58:00,77.75,77.75,77.75,77.75,1
SRF,202602,2026-02-12 00:00:00,77.75,77.75,77.75,77.75,1
SRF,202602,2026-02-12 00:05:00,77.7,77.75,77.7,77.75,4
SRF,202602,2026-02-12 00:07:00,77.75,77.75,77.75,77.75,1
SRF,202602,2026-02-12 00:08:00,77.75,77.75,77.75,77.75,3
SRF,202602,2026-02-12 00:09:00,77.65,77.65,77.6,77.6,7
SRF,202602,2026-02-12 00:13:00,77.65,77.65,77.65,77.65,7
SRF,202602,2026-02-12 00:22:00,77.8,77.8,77.8,77.8,1
SRF,202602,2026-02-12 00:23:00,77.9,77.9,77.9,77.9,3
SRF,202602,2026-02-12 00:27:00,77.8,77.8,77.75,77.75,13
SRF,202602,2026-02-12 00:30:00,77.85,77.9,77.85,77.9,2
SRF,202602,2026-02-12 00:43:00,77.75,77.75,77.75,77.75,1
SRF,202602,2026-02-12 00:51:00,77.75,77.75,77.75,77.75,1
SRF,202602,2026-02-12 00:56:00,77.75,77.75,77.75,77.75,2
SRF,202602,2026-02-12 01:05:00,77.7,77.7,77.7,77.7,1
SRF,202602,2026-02-12 01:11:00,77.7,77.7,77.7,77.7,3
SRF,202602,2026-02-12 01:13:00,77.75,77.75,77.75,77.75,1
SRF,202602,2026-02-12 01:17:00,77.8,77.85,77.8,77.85,5
SRF,202602,2026-02-12 01:20:00,77.8,77.8,77.8,77.8,1
SRF,202602,2026-02-12 01:25:00,77.85,77.85,77.85,77.85,3
SRF,202602,2026-02-12 01:33:00,77.85,77.85,77.85,77.85,4
SRF,202602,2026-02-12 01:51:00,77.9,77.9,77.9,77.9,2
SRF,202602,2026-02-12 01:54:00,77.95,77.95,77.95,77.95,2
SRF,202602,2026-02-12 02:09:00,77.8,77.8,77.8,77.8,1
SRF,202602,2026-02-12 02:11:00,77.8,77.8,77.8,77.8,1
SRF,202602,2026-02-12 02:13:00,77.75,77.75,77.75,77.75,3
SRF,202602,2026-02-12 02:29:00,77.8,77.8,77.8,77.8,1
SRF,202602,2026-02-12 02:58:00,77.85,77.85,77.85,77.85,1
SRF,202602,2026-02-12 03:05:00,77.9,77.9,77.9,77.9,1
SRF,202602,2026-02-12 03:22:00,77.95,77.95,77.95,77.95,2
SRF,202602,2026-02-12 03:43:00,77.9,77.9,77.9,77.9,1
SRF,202602,2026-02-12 03:47:00,77.95,77.95,77.95,77.95,1
SRF,202602,2026-02-12 04:19:00,77.95,77.95,77.95,77.95,1
SRF,202602,2026-02-12 04:37:00,77.95,77.95,77.95,77.95,1
SRF,202602,2026-02-12 04:41:00,78.0,78.0,78.0,78.0,3
SRF,202602,2026-02-12 04:50:00,78.0,78.0,78.0,78.0,2
SRF,202602,2026-02-12 04:51:00,78.0,78.0,78.0,78.0,4
SRF,202602,2026-02-12 04:52:00,77.95,77.95,77.9,77.9,5
SRF,202602,2026-02-12 04:54:00,78.0,78.0,77.95,77.95,2
SRF,202602,2026-02-12 04:57:00,78.05,78.05,78.05,78.05,6
SRF,202602,2026-02-12 04:58:00,78.1,78.15,78.05,78.15,6
SRF,202602,2026-02-12 04:59:00,78.15,78.15,78.0,78.0,16
SRF,202602/202603,2026-02-12 02:35:00,0.24,0.24,0.24,0.24,2
SRF,202603,2026-02-11 17:26:00,77.15,77.15,77.15,77.15,1
SRF,202603,2026-02-11 17:38:00,77.35,77.4,77.35,77.4,11
SRF,202603,2026-02-11 17:39:00,77.4,77.4,77.4,77.4,2
SRF,202603,2026-02-11 17:41:00,77.2,77.2,77.2,77.2,1
SRF,202603,2026-02-11 17:55:00,77.3,77.3,77.3,77.3,1
SRF,202603,2026-02-11 18:00:00,77.2,77.2,77.2,77.2,1
SRF,202603,2026-02-11 18:04:00,77.15,77.15,77.15,77.15,2
SRF,202603,2026-02-11 18:05:00,77.2,77.2,77.2,77.2,1
SRF,202603,2026-02-11 18:06:00,77.2,77.2,77.2,77.2,1
SRF,202603,2026-02-11 18:11:00,77.2,77.2,77.2,77.2,1
SRF,202603,2026-02-11 18:12:00,77.25,77.25,77.25,77.25,1
SRF,202603,2026-02-11 18:16:00,77.2,77.2,77.2,77.2,1
SRF,202603,2026-02-11 18:21:00,77.3,77.3,77.25,77.25,6
SRF,202603,2026-02-11 18:22:00,77.3,77.3,77.3,77.3,4
SRF,202603,2026-02-11 18:24:00,77.35,77.4,77.35,77.4,14
SRF,202603,2026-02-11 18:25:00,77.4,77.4,77.4,77.4,7
SRF,202603,2026-02-11 18:32:00,77.4,77.4,77.4,77.4,1
SRF,202603,2026-02-11 18:40:00,77.45,77.45,77.45,77.45,1
SRF,202603,2026-02-11 18:41:00,77.45,77.45,77.4,77.4,2
SRF,202603,2026-02-11 18:42:00,77.3,77.3,77.3,77.3,1
SRF,202603,2026-02-11 19:16:00,77.45,77.45,77.45,77.45,2
SRF,202603,2026-02-11 19:17:00,77.5,77.5,77.5,77.5,1
SRF,202603,2026-02-11 19:19:00,77.45,77.45,77.45,77.45,2
SRF,202603,2026-02-11 19:20:00,77.45,77.45,77.45,77.45,1
SRF,202603,2026-02-11 19:22:00,77.4,77.4,77.4,77.4,1
SRF,202603,2026-02-11 19:32:00,77.4,77.4,77.4,77.4,3
SRF,202603,2026-02-11 19:34:00,77.4,77.4,77.4,77.4,1
SRF,202603,2026-02-11 19:41:00,77.35,77.35,77.35,77.35,6
SRF,202603,2026-02-11 19:49:00,77.35,77.35,77.35,77.35,1
SRF,202603,2026-02-11 19:53:00,77.35,77.35,77.35,77.35,1
SRF,202603,2026-02-11 19:54:00,77.35,77.35,77.35,77.35,1
SRF,202603,2026-02-11 19:55:00,77.35,77.35,77.35,77.35,1
SRF,202603,2026-02-11 20:00:00,77.35,77.35,77.35,77.35,1
SRF,202603,2026-02-11 20:02:00,77.35,77.35,77.35,77.35,2
SRF,202603,2026-02-11 20:24:00,77.4,77.4,77.4,77.4,1
SRF,202603,2026-02-11 20:39:00,77.45,77.45,77.45,77.45,1
SRF,202603,2026-02-11 20:43:00,77.45,77.45,77.45,77.45,1
SRF,202603,2026-02-11 20:46:00,77.45,77.45,77.45,77.45,1
SRF,202603,2026-02-11 20:55:00,77.45,77.45,77.45,77.45,1
SRF,202603,2026-02-11 20:58:00,77.45,77.45,77.45,77.45,1
SRF,202603,2026-02-11 20:59:00,77.45,77.45,77.45,77.45,2
SRF,202603,2026-02-11 21:21:00,77.45,77.45,77.45,77.45,1
SRF,202603,2026-02-11 21:30:00,77.55,77.55,77.55,77.55,1
SRF,202603,2026-02-11 21:33:00,77.55,77.55,77.55,77.55,1
SRF,202603,2026-02-11 21:34:00,77.6,77.6,77.6,77.6,2
SRF,202603,2026-02-11 21:35:00,77.6,77.65,77.6,77.65,4
SRF,202603,2026-02-11 21:36:00,77.65,77.65,77.65,77.65,1
SRF,202603,2026-02-11 21:37:00,77.65,77.65,77.6,77.6,4
SRF,202603,2026-02-11 21:39:00,77.7,77.7,77.7,77.7,2
SRF,202603,2026-02-11 21:41:00,77.7,77.7,77.7,77.7,1
SRF,202603,2026-02-11 21:42:00,77.65,77.65,77.65,77.65,1
SRF,202603,2026-02-11 21:43:00,77.55,77.55,77.5,77.5,3
SRF,202603,2026-02-11 21:46:00,77.65,77.7,77.65,77.7,2
SRF,202603,2026-02-11 21:47:00,77.7,77.7,77.7,77.7,1
SRF,202603,2026-02-11 21:49:00,77.7,77.75,77.7,77.75,3
SRF,202603,2026-02-11 21:53:00,77.7,77.75,77.7,77.75,2
SRF,202603,2026-02-11 21:54:00,77.8,77.8,77.8,77.8,3
SRF,202603,2026-02-11 21:56:00,77.8,77.85,77.8,77.85,3
SRF,202603,2026-02-11 21:57:00,77.85,77.85,77.85,77.85,2
SRF,202603,2026-02-11 22:01:00,77.8,77.8,77.8,77.8,1
SRF,202603,2026-02-11 22:02:00,77.8,77.8,77.8,77.8,1
SRF,202603,2026-02-11 22:03:00,77.75,77.75,77.75,77.75,1
SRF,202603,2026-02-11 22:05:00,77.8,77.8,77.8,77.8,3
SRF,202603,2026-02-11 22:06:00,77.75,77.75,77.75,77.75,2
SRF,202603,2026-02-11 22:09:00,77.75,77.75,77.75,77.75,1
SRF,202603,2026-02-11 22:11:00,77.7,77.7,77.6,77.6,8
SRF,202603,2026-02-11 22:13:00,77.65,77.65,77.65,77.65,1
SRF,202603,2026-02-11 22:18:00,77.8,77.8,77.8,77.8,10
SRF,202603,2026-02-11 22:19:00,77.85,77.85,77.85,77.85,1
SRF,202603,2026-02-11 22:20:00,77.8,77.8,77.75,77.75,2
SRF,202603,2026-02-11 22:21:00,77.75,77.75,77.75,77.75,1
SRF,202603,2026-02-11 22:29:00,77.85,77.95,77.85,77.9,16
SRF,202603,2026-02-11 22:30:00,77.9,78.0,77.9,78.0,16
SRF,202603,2026-02-11 22:31:00,77.95,78.0,77.95,78.0,4
SRF,202603,2026-02-11 22:32:00,77.8,77.95,77.8,77.95,3
SRF,202603,2026-02-11 22:33:00,77.8,77.8,77.8,77.8,3
SRF,202603,2026-02-11 22:34:00,77.75,77.75,77.75,77.75,2
SRF,202603,2026-02-11 22:35:00,77.75,77.8,77.75,77.75,5
SRF,202603,2026-02-11 22:36:00,77.75,78.0,77.75,78.0,8
SRF,202603,2026-02-11 22:38:00,77.95,77.95,77.95,77.95,2
SRF,202603,2026-02-11 22:41:00,77.9,77.9,77.9,77.9,2
SRF,202603,2026-02-11 22:44:00,77.95,77.95,77.9,77.95,7
SRF,202603,2026-02-11 22:45:00,77.95,78.0,77.95,78.0,16
SRF,202603,2026-02-11 22:46:00,78.05,78.15,78.05,78.15,7
SRF,202603,2026-02-11 22:47:00,78.1,78.1,78.1,78.1,3
SRF,202603,2026-02-11 22:48:00,78.1,78.1,78.1,78.1,1
SRF,202603,2026-02-11 22:51:00,78.1,78.15,78.1,78.15,7
SRF,202603,2026-02-11 22:52:00,78.15,78.15,78.15,78.15,3
SRF,202603,2026-02-11 22:53:00,78.15,78.15,78.15,78.15,1
SRF,202603,2026-02-11 22:54:00,78.15,78.15,78.15,78.15,2
SRF,202603,2026-02-11 22:55:00,78.2,78.2,78.2,78.2,4
SRF,202603,2026-02-11 22:56:00,78.2,78.2,78.1,78.1,7
SRF,202603,2026-02-11 22:57:00,78.2,78.25,78.2,78.2,26
SRF,202603,2026-02-11 22:58:00,78.2,78.2,78.2,78.2,3
SRF,202603,2026-02-11 22:59:00,78.2,78.25,78.2,78.2,6
SRF,202603,2026-02-11 23:01:00,78.2,78.2,78.2,78.2,4
SRF,202603,2026-02-11 23:02:00,78.2,78.2,78.15,78.15,3
SRF,202603,2026-02-11 23:05:00,78.1,78.1,78.05,78.05,3
SRF,202603,2026-02-11 23:07:00,78.05,78.05,78.05,78.05,3
SRF,202603,2026-02-11 23:08:00,78.1,78.1,78.1,78.1,2
SRF,202603,2026-02-11 23:09:00,78.05,78.05,78.0,78.0,17
SRF,202603,2026-02-11 23:10:00,78.0,78.0,78.0,78.0,2
SRF,202603,2026-02-11 23:11:00,77.95,77.95,77.9,77.9,4
SRF,202603,2026-02-11 23:12:00,77.9,77.9,77.75,77.75,12
SRF,202603,2026-02-11 23:13:00,77.75,77.75,77.7,77.75,8
SRF,202603,2026-02-11 23:14:00,77.8,77.8,77.8,77.8,1
SRF,202603,2026-02-11 23:15:00,77.85,77.85,77.85,77.85,1
SRF,202603,2026-02-11 23:16:00,77.8,77.8,77.8,77.8,1
SRF,202603,2026-02-11 23:17:00,77.8,77.8,77.8,77.8,1
SRF,202603,2026-02-11 23:21:00,77.7,77.7,77.65,77.65,7
SRF,202603,2026-02-11 23:22:00,77.65,77.85,77.65,77.85,7
SRF,202603,2026-02-11 23:24:00,77.65,77.7,77.65,77.7,2
SRF,202603,2026-02-11 23:25:00,77.7,77.7,77.7,77.7,1
SRF,202603,2026-02-11 23:28:00,77.65,77.7,77.65,77.7,3
SRF,202603,2026-02-11 23:29:00,77.75,77.75,77.75,77.75,1
SRF,202603,2026-02-11 23:31:00,77.75,77.75,77.75,77.75,2
SRF,202603,2026-02-11 23:34:00,77.8,77.8,77.8,77.8,3
SRF,202603,2026-02-11 23:39:00,77.9,77.9,77.9,77.9,2
SRF,202603,2026-02-11 23:41:00,77.95,77.95,77.95,77.95,4
SRF,202603,2026-02-11 23:43:00,77.9,77.9,77.9,77.9,1
SRF,202603,2026-02-11 23:47:00,77.9,77.9,77.9,77.9,1
SRF,202603,2026-02-11 23:49:00,77.9,77.9,77.9,77.9,3
SRF,202603,2026-02-11 23:52:00,77.9,77.9,77.9,77.9,1
SRF,202603,2026-02-11 23:53:00,77.85,77.9,77.85,77.9,5
SRF,202603,2026-02-11 23:54:00,78.0,78.0,78.0,78.0,1
SRF,202603,2026-02-11 23:56:00,77.95,77.95,77.95,77.95,1
SRF,202603,2026-02-12 00:03:00,78.0,78.0,78.0,78.0,2
SRF,202603,2026-02-12 00:04:00,78.0,78.0,78.0,78.0,3
SRF,202603,2026-02-12 00:05:00,78.0,78.0,78.0,78.0,1
SRF,202603,2026-02-12 00:06:00,78.0,78.0,78.0,78.0,1
SRF,202603,2026-02-12 00:09:00,78.0,78.0,77.9,77.9,5
SRF,202603,2026-02-12 00:11:00,77.9,77.9,77.9,77.9,1
SRF,202603,2026-02-12 00:12:00,77.9,77.9,77.9,77.9,1
SRF,202603,2026-02-12 00:13:00,77.9,77.9,77.9,77.9,4
SRF,202603,2026-02-12 00:14:00,78.0,78.05,78.0,78.05,3
SRF,202603,2026-02-12 00:22:00,78.0,78.0,78.0,78.0,1
SRF,202603,2026-02-12 00:23:00,78.1,78.15,78.1,78.15,4
SRF,202603,2026-02-12 00:26:00,78.15,78.15,78.15,78.15,1
SRF,202603,2026-02-12 00:27:00,78.1,78.1,78.1,78.1,1
SRF,202603,2026-02-12 00:29:00,78.05,78.05,78.05,78.05,1
SRF,202603,2026-02-12 00:32:00,78.1,78.1,78.1,78.1,1
SRF,202603,2026-02-12 00:34:00,78.1,78.1,78.1,78.1,1
SRF,202603,2026-02-12 00:36:00,78.1,78.1,78.1,78.1,1
SRF,202603,2026-02-12 00:37:00,78.1,78.1,78.1,78.1,1
SRF,202603,2026-02-12 00:41:00,78.1,78.1,78.1,78.1,3
SRF,202603,2026-02-12 00:43:00,78.1,78.1,78.1,78.1,1
SRF,202603,2026-02-12 00:50:00,78.1,78.1,78.1,78.1,2
SRF,202603,2026-02-12 00:57:00,78.1,78.1,78.1,78.1,1
SRF,202603,2026-02-12 01:03:00,78.05,78.05,78.05,78.05,1
SRF,202603,2026-02-12 01:05:00,78.05,78.05,78.05,78.05,1
SRF,202603,2026-02-12 01:06:00,78.05,78.05,78.0,78.0,2
SRF,202603,2026-02-12 01:09:00,78.0,78.0,78.0,78.0,1
SRF,202603,2026-02-12 01:11:00,78.05,78.05,78.05,78.05,2
SRF,202603,2026-02-12 01:13:00,78.1,78.1,78.1,78.1,1
SRF,202603,2026-02-12 01:16:00,78.1,78.1,78.1,78.1,1
SRF,202603,2026-02-12 01:20:00,78.1,78.1,78.0,78.0,6
SRF,202603,2026-02-12 01:33:00,78.05,78.05,78.05,78.05,4
SRF,202603,2026-02-12 01:43:00,78.1,78.1,78.1,78.1,2
SRF,202603,2026-02-12 01:48:00,78.15,78.15,78.15,78.15,5
SRF,202603,2026-02-12 01:50:00,78.15,78.15,78.15,78.15,1
SRF,202603,2026-02-12 02:06:00,78.15,78.15,78.15,78.15,1
SRF,202603,2026-02-12 02:09:00,78.15,78.15,78.15,78.15,1
SRF,202603,2026-02-12 02:11:00,78.15,78.15,78.15,78.15,1
SRF,202603,2026-02-12 02:13:00,78.1,78.1,78.1,78.1,1
SRF,202603,2026-02-12 02:40:00,78.1,78.1,78.1,78.1,1
SRF,202603,2026-02-12 02:58:00,78.1,78.1,78.1,78.1,1
SRF,202603,2026-02-12 03:02:00,78.1,78.1,78.1,78.1,1
SRF,202603,2026-02-12 03:07:00,78.1,78.1,78.1,78.1,1
SRF,202603,2026-02-12 03:08:00,78.05,78.05,78.05,78.05,2
SRF,202603,2026-02-12 03:43:00,78.1,78.1,78.1,78.1,1
SRF,202603,2026-02-12 03:54:00,78.2,78.2,78.2,78.2,1
SRF,202603,2026-02-12 03:59:00,78.2,78.2,78.2,78.2,6
SRF,202603,2026-02-12 04:04:00,78.2,78.2,78.2,78.2,1
SRF,202603,2026-02-12 04:09:00,78.15,78.15,78.15,78.15,1
SRF,202603,2026-02-12 04:15:00,78.15,78.15,78.15,78.15,1
SRF,202603,2026-02-12 04:22:00,78.2,78.2,78.2,78.2,3
SRF,202603,2026-02-12 04:24:00,78.25,78.25,78.25,78.25,1
SRF,202603,2026-02-12 04:27:00,78.2,78.25,78.2,78.25,3
SRF,202603,2026-02-12 04:28:00,78.2,78.25,78.2,78.25,2
SRF,202603,2026-02-12 04:29:00,78.2,78.2,78.2,78.2,1
SRF,202603,2026-02-12 04:30:00,78.2,78.2,78.2,78.2,1
SRF,202603,2026-02-12 04:33:00,78.25,78.25,78.25,78.25,2
SRF,202603,2026-02-12 04:37:00,78.25,78.25,78.25,78.25,1
SRF,202603,2026-02-12 04:40:00,78.25,78.25,78.25,78.25,1
SRF,202603,2026-02-12 04:41:00,78.25,78.25,78.25,78.25,6
SRF,202603,2026-02-12 04:43:00,78.25,78.25,78.25,78.25,2
SRF,202603,2026-02-12 04:44:00,78.25,78.25,78.25,78.25,1
SRF,202603,2026-02-12 04:46:00,78.25,78.25,78.25,78.25,3
SRF,202603,2026-02-12 04:49:00,78.25,78.25,78.25,78.25,1
SRF,202603,2026-02-12 04:51:00,78.3,78.3,78.3,78.3,1
SRF,202603,2026-02-12 04:52:00,78.3,78.3,78.1,78.1,11
SRF,202603,2026-02-12 04:53:00,78.3,78.3,78.3,78.3,3
SRF,202603,2026-02-12 04:54:00,78.15,78.35,78.15,78.35,2
SRF,202603,2026-02-12 04:55:00,78.35,78.35,78.35,78.35,7
SRF,202603,2026-02-12 04:56:00,78.35,78.35,78.35,78.35,1
SRF,202603,2026-02-12 04:57:00,78.3,78.3,78.3,78.3,2
SRF,202603,2026-02-12 04:58:00,78.35,78.35,78.35,78.35,5
SRF,202603,2026-02-12 04:59:00,78.35,78.35,78.35,78.35,4
SRF,202606,2026-02-11 20:57:00,78.0,78.0,78.0,78.0,1
SRF,202606,2026-02-11 22:53:00,78.5,78.5,78.5,78.5,1
SRF,202606,2026-02-12 00:32:00,78.2,78.2,78.2,78.2,1
SRF,202606,2026-02-12 01:09:00,78.1,78.1,78.1,78.1,1
SRF,202606,2026-02-12 03:43:00,78.2,78.2,78.2,78.2,1
SXF,202603,2026-02-11 15:14:00,8132.0,8132.0,8132.0,8132.0,1
SXF,202603,2026-02-11 15:15:00,8131.0,8131.0,8131.0,8131.0,2
SXF,202603,2026-02-11 15:29:00,8144.0,8144.0,8144.0,8144.0,3
SXF,202603,2026-02-11 16:02:00,8142.5,8142.5,8142.5,8142.5,1
SXF,202603,2026-02-11 16:35:00,8139.5,8139.5,8139.5,8139.5,3
SXF,202603,2026-02-11 16:43:00,8134.5,8134.5,8134.5,8134.5,3
SXF,202603,2026-02-11 16:47:00,8137.5,8137.5,8137.5,8137.5,1
SXF,202603,2026-02-11 17:02:00,8135.0,8135.0,8135.0,8135.0,1
SXF,202603,2026-02-11 17:09:00,8145.5,8145.5,8145.5,8145.5,1
SXF,202603,2026-02-11 18:03:00,8102.5,8102.5,8102.5,8102.5,1
SXF,202603,2026-02-11 18:07:00,8110.0,8110.0,8110.0,8110.0,1
SXF,202603,2026-02-11 18:09:00,8100.5,8101.0,8100.5,8101.0,6
SXF,202603,2026-02-11 18:10:00,8102.0,8102.0,8102.0,8102.0,5
SXF,202603,2026-02-11 18:58:00,8110.0,8110.0,8110.0,8110.0,3
SXF,202603,2026-02-11 19:13:00,8123.5,8125.0,8123.5,8125.0,3
SXF,202603,2026-02-11 19:45:00,8122.0,8122.0,8122.0,8122.0,6
SXF,202603,2026-02-11 19:46:00,8122.0,8122.0,8122.0,8122.0,6
SXF,202603,2026-02-11 20:49:00,8141.0,8141.0,8141.0,8141.0,5
SXF,202603,2026-02-11 20:50:00,8140.5,8140.5,8140.5,8140.5,17
SXF,202603,2026-02-11 21:02:00,8148.0,8148.0,8148.0,8148.0,2
SXF,202603,2026-02-11 21:03:00,8151.0,8151.0,8151.0,8151.0,1
SXF,202603,2026-02-11 21:54:00,8250.0,8250.0,8250.0,8250.0,20
SXF,202603,2026-02-11 21:56:00,8280.0,8280.0,8280.0,8280.0,1
SXF,202603,2026-02-11 22:09:00,8270.0,8270.0,8270.0,8270.0,1
SXF,202603,2026-02-11 22:12:00,8268.5,8268.5,8268.5,8268.5,1
SXF,202603,2026-02-11 22:21:00,8269.0,8270.0,8269.0,8270.0,6
SXF,202603,2026-02-11 22:37:00,8300.0,8300.0,8300.0,8300.0,1
SXF,202603,2026-02-11 22:45:00,8350.0,8350.0,8350.0,8350.0,1
SXF,202603,2026-02-11 22:46:00,8359.0,8359.0,8359.0,8359.0,1
SXF,202603,2026-02-11 22:54:00,8330.0,8330.0,8330.0,8330.0,5
SXF,202603,2026-02-11 22:57:00,8316.0,8316.0,8316.0,8316.0,1
SXF,202603,2026-02-11 22:58:00,8300.0,8300.0,8300.0,8300.0,1
SXF,202603,2026-02-11 23:01:00,8305.0,8305.0,8301.5,8301.5,8
SXF,202603,2026-02-11 23:02:00,8275.0,8275.0,8275.0,8275.0,1
SXF,202603,2026-02-11 23:03:00,8279.0,8337.0,8279.0,8287.0,14
SXF,202603,2026-02-11 23:11:00,8244.0,8244.0,8244.0,8244.0,1
SXF,202603,2026-02-11 23:14:00,8214.0,8214.0,8214.0,8214.0,1
SXF,202603,2026-02-11 23:17:00,8205.5,8206.0,8205.5,8206.0,7
SXF,202603,2026-02-11 23:18:00,8200.0,8200.0,8191.0,8200.0,5
SXF,202603,2026-02-11 23:20:00,8163.0,8163.0,8155.0,8155.0,6
SXF,202603,2026-02-11 23:22:00,8178.5,8178.5,8178.5,8178.5,1
SXF,202603,2026-02-11 23:25:00,8147.0,8147.5,8145.5,8145.5,14
SXF,202603,2026-02-11 23:29:00,8155.5,8155.5,8155.5,8155.5,1
SXF,202603,2026-02-11 23:30:00,8145.5,8145.5,8145.5,8145.5,1
SXF,202603,2026-02-11 23:31:00,8150.5,8150.5,8150.5,8150.5,2
SXF,202603,2026-02-11 23:33:00,8153.5,8153.5,8148.0,8151.0,8
SXF,202603,2026-02-11 23:34:00,8157.5,8162.5,8157.5,8161.0,21
SXF,202603,2026-02-11 23:35:00,8177.0,8181.0,8177.0,8181.0,9
SXF,202603,2026-02-11 23:36:00,8196.0,8196.0,8183.5,8183.5,7
SXF,202603,2026-02-11 23:52:00,8248.0,8248.0,8248.0,8248.0,1
SXF,202603,2026-02-11 23:58:00,8285.0,8285.0,8285.0,8285.0,7
SXF,202603,2026-02-11 23:59:00,8285.0,8285.0,8285.0,8285.0,3
SXF,202603,2026-02-12 00:10:00,8253.0,8253.0,8253.0,8253.0,1
SXF,202603,2026-02-12 00:11:00,8276.0,8276.0,8276.0,8276.0,1
SXF,202603,2026-02-12 00:20:00,8298.0,8298.5,8298.0,8298.5,2
SXF,202603,2026-02-12 00:46:00,8291.0,8291.0,8291.0,8291.0,1
SXF,202603,2026-02-12 02:02:00,8304.5,8312.5,8304.5,8312.5,19
SXF,202603,2026-02-12 03:42:00,8305.0,8305.0,8305.0,8305.0,1
SXF,202603,2026-02-12 04:15:00,8310.0,8310.0,8310.0,8310.0,2
SXF,202603,2026-02-12 04:46:00,8314.5,8314.5,8314.5,8314.5,1
SXF,202603/202606,2026-02-11 21:43:00,63.0,64.0,63.0,64.0,14
SXF,202603/202606,2026-02-11 22:21:00,63.5,64.0,63.5,64.0,6
SXF,202606,2026-02-11 16:19:00,8188.0,8188.0,8188.0,8188.0,1
SXF,202606,2026-02-11 16:27:00,8190.0,8190.0,8190.0,8190.0,1
SXF,202606,2026-02-11 17:09:00,8208.5,8208.5,8208.5,8208.5,1
SXF,202606,2026-02-11 18:07:00,8173.0,8173.0,8173.0,8173.0,1
SXF,202606,2026-02-11 18:16:00,8167.0,8167.0,8167.0,8167.0,1
SXF,202606,2026-02-11 19:13:00,8186.0,8186.5,8186.0,8186.5,3
SXF,202606,2026-02-11 21:02:00,8209.5,8209.5,8209.5,8209.5,2
SXF,202606,2026-02-11 21:03:00,8214.0,8214.5,8214.0,8214.5,3
SXF,202606,2026-02-11 22:57:00,8378.0,8378.0,8378.0,8378.0,7
SXF,202606,2026-02-11 23:03:00,8342.5,8343.0,8342.5,8343.0,2
SXF,202606,2026-02-11 23:34:00,8223.0,8223.0,8223.0,8223.0,4
TE,202602,2026-02-11 16:03:00,2079.4,2079.4,2079.4,2079.4,1
TE,202602,2026-02-11 21:34:00,2084.8,2085.0,2084.8,2085.0,3
TE,202602,2026-02-11 22:38:00,2097.0,2097.0,2097.0,2097.0,1
TE,202602,2026-02-11 22:44:00,2097.85,2097.85,2097.85,2097.85,1
TE,202602,2026-02-11 22:46:00,2101.35,2101.35,2101.35,2101.35,1
TE,202602,2026-02-11 22:54:00,2102.15,2102.15,2102.15,2102.15,1
TE,202602,2026-02-11 22:55:00,2102.8,2102.8,2102.8,2102.8,2
TE,202602,2026-02-11 23:06:00,2097.9,2097.9,2097.9,2097.9,1
TE,202602,2026-02-11 23:07:00,2098.8,2098.8,2098.8,2098.8,1
TE,202602,2026-02-11 23:11:00,2094.0,2094.0,2094.0,2094.0,2
TE,202602,2026-02-11 23:13:00,2090.0,2090.0,2090.0,2090.0,1
TE,202602,2026-02-11 23:19:00,2084.2,2084.2,2084.2,2084.2,3
TE,202602,2026-02-11 23:20:00,2083.0,2083.0,2083.0,2083.0,1
TE,202602,2026-02-12 00:10:00,2092.1,2092.1,2092.1,2092.1,1
TE,202602,2026-02-12 00:17:00,2094.5,2094.5,2094.5,2094.5,1
TE,202602,2026-02-12 00:34:00,2093.7,2093.7,2093.45,2093.45,3
TE,202602,2026-02-12 00:39:00,2093.0,2093.0,2093.0,2093.0,1
TE,202602,2026-02-12 00:40:00,2093.0,2093.0,2093.0,2093.0,1
TE,202602,2026-02-12 00:59:00,2091.7,2091.7,2091.65,2091.65,2
TE,202602,2026-02-12 01:07:00,2093.15,2093.15,2093.15,2093.15,1
TE,202602,2026-02-12 01:25:00,2096.0,2096.0,2096.0,2096.0,1
TE,202602,2026-02-12 01:35:00,2097.35,2097.35,2097.35,2097.35,1
TE,202602,2026-02-12 01:45:00,2098.5,2098.5,2098.5,2098.5,1
TE,202602,2026-02-12 01:58:00,2096.2,2096.2,2096.2,2096.2,1
TE,202602,2026-02-12 03:21:00,2100.95,2101.0,2100.95,2101.0,2
TE,202602,2026-02-12 03:59:00,2105.45,2105.5,2105.45,2105.5,2
TE,202602,2026-02-12 04:20:00,2101.7,2101.7,2101.7,2101.7,1
TE,202602,2026-02-12 04:42:00,2105.65,2105.95,2105.65,2105.95,2
TE,202602,2026-02-12 04:54:00,2103.9,2103.9,2103.9,2103.9,1
TE,202603,2026-02-11 22:44:00,2103.1,2103.1,2103.1,2103.1,1
TE,202603,2026-02-11 23:07:00,2108.0,2108.0,2108.0,2108.0,1
TE,202603,2026-02-11 23:27:00,2088.0,2088.0,2088.0,2088.0,1
TE,202603,2026-02-12 04:20:00,2107.45,2107.45,2107.45,2107.45,1
TF,202602,2026-02-11 15:32:00,2500.8,2500.8,2500.6,2500.6,7
TF,202602,2026-02-11 16:21:00,2502.2,2502.2,2502.0,2502.0,8
TF,202602,2026-02-11 16:23:00,2500.6,2500.6,2500.6,2500.6,1
TF,202602,2026-02-11 17:15:00,2500.8,2500.8,2500.8,2500.8,1
TF,202602,2026-02-11 17:44:00,2500.6,2500.6,2500.6,2500.6,1
TF,202602,2026-02-11 17:45:00,2500.8,2500.8,2500.8,2500.8,1
TF,202602,2026-02-11 21:33:00,2501.6,2503.2,2501.6,2503.2,7
TF,202602,2026-02-11 21:34:00,2504.4,2504.4,2504.4,2504.4,1
TF,202602,2026-02-11 21:37:00,2504.4,2504.4,2504.4,2504.4,1
TF,202602,2026-02-11 21:45:00,2504.6,2504.6,2504.6,2504.6,2
TF,202602,2026-02-11 21:54:00,2508.8,2508.8,2508.8,2508.8,4
TF,202602,2026-02-11 21:56:00,2508.6,2508.6,2508.6,2508.6,2
TF,202602,2026-02-11 22:00:00,2508.8,2508.8,2508.8,2508.8,2
TF,202602,2026-02-11 22:30:00,2508.4,2508.4,2508.0,2508.2,9
TF,202602,2026-02-11 22:33:00,2507.8,2507.8,2507.6,2507.6,6
TF,202602,2026-02-11 22:35:00,2508.4,2508.4,2508.2,2508.2,3
TF,202602,2026-02-11 22:37:00,2507.6,2507.6,2507.6,2507.6,4
TF,202602,2026-02-11 22:40:00,2508.2,2508.2,2508.2,2508.2,3
TF,202602,2026-02-11 22:46:00,2507.6,2507.6,2507.6,2507.6,2
TF,202602,2026-02-11 22:48:00,2508.2,2508.2,2508.2,2508.2,3
TF,202602,2026-02-11 22:50:00,2507.6,2507.6,2507.6,2507.6,3
TF,202602,2026-02-11 22:54:00,2508.2,2508.2,2508.2,2508.2,2
TF,202602,2026-02-11 22:56:00,2508.4,2508.4,2508.4,2508.4,1
TF,202602,2026-02-11 23:00:00,2508.2,2508.2,2508.2,2508.2,1
TF,202602,2026-02-11 23:06:00,2508.2,2508.2,2508.2,2508.2,1
TF,202602,2026-02-11 23:12:00,2507.4,2507.4,2507.4,2507.4,11
TF,202602,2026-02-11 23:18:00,2507.4,2507.4,2507.4,2507.4,1
TF,202602,2026-02-11 23:23:00,2504.0,2504.0,2503.8,2503.8,4
TF,202602,2026-02-11 23:24:00,2502.0,2502.0,2501.6,2501.6,2
TF,202602,2026-02-11 23:27:00,2502.0,2502.0,2502.0,2502.0,2
TF,202602,2026-02-11 23:28:00,2502.2,2502.4,2502.2,2502.4,3
TF,202602,2026-02-11 23:30:00,2502.0,2502.0,2502.0,2502.0,1
TF,202602,2026-02-11 23:43:00,2501.8,2501.8,2501.8,2501.8,3
TF,202602,2026-02-11 23:49:00,2501.8,2501.8,2501.8,2501.8,1
TF,202602,2026-02-11 23:51:00,2502.4,2502.4,2502.4,2502.4,2
TF,202602,2026-02-11 23:53:00,2502.6,2502.6,2502.6,2502.6,2
TF,202602,2026-02-11 23:58:00,2502.0,2502.0,2502.0,2502.0,2
TF,202602,2026-02-12 00:20:00,2502.4,2502.4,2502.4,2502.4,1
TF,202602,2026-02-12 00:21:00,2502.8,2502.8,2502.8,2502.8,1
TF,202602,2026-02-12 00:28:00,2501.8,2501.8,2501.8,2501.8,1
TF,202602,2026-02-12 04:54:00,2513.2,2513.2,2513.2,2513.2,2
TF,202602/202603,2026-02-11 16:27:00,5.4,5.4,5.4,5.4,2
TF,202602/202603,2026-02-11 16:29:00,5.2,5.2,5.2,5.2,2
TF,202603,2026-02-11 15:48:00,2508.8,2508.8,2508.8,2508.8,1
TF,202603,2026-02-11 16:21:00,2509.4,2509.4,2509.4,2509.4,2
TF,202603,2026-02-11 16:22:00,2509.2,2509.2,2509.2,2509.2,2
TF,202603,2026-02-11 16:23:00,2508.6,2508.6,2506.8,2506.8,3
TF,202603,2026-02-11 16:24:00,2507.0,2507.0,2507.0,2507.0,1
TF,202603,2026-02-11 16:25:00,2507.0,2507.0,2507.0,2507.0,1
TF,202603,2026-02-11 21:33:00,2509.6,2509.6,2509.6,2509.6,1
TF,202603,2026-02-11 21:34:00,2510.6,2510.6,2510.6,2510.6,1
TF,202603,2026-02-11 22:00:00,2513.8,2513.8,2513.8,2513.8,1
TF,202603,2026-02-11 22:06:00,2513.6,2513.6,2513.6,2513.6,1
TF,202603,2026-02-11 22:23:00,2514.8,2514.8,2514.8,2514.8,1
TF,202603,2026-02-11 22:32:00,2515.0,2515.0,2515.0,2515.0,1
TF,202603,2026-02-11 22:38:00,2514.4,2514.4,2514.4,2514.4,1
TF,202603,2026-02-11 22:47:00,2514.6,2514.6,2514.6,2514.6,1
TF,202603,2026-02-11 23:22:00,2512.2,2512.2,2512.2,2512.2,1
TF,202603,2026-02-11 23:24:00,2512.0,2512.0,2512.0,2512.0,1
TF,202603,2026-02-11 23:28:00,2510.8,2510.8,2510.8,2510.8,1
TF,202603,2026-02-11 23:33:00,2510.8,2510.8,2510.8,2510.8,1
TF,202603,2026-02-11 23:41:00,2510.8,2510.8,2510.8,2510.8,1
TF,202603,2026-02-12 00:00:00,2510.6,2510.6,2510.6,2510.6,1
TF,202603,2026-02-12 00:04:00,2510.6,2510.6,2510.6,2510.6,2
TGF,202602,2026-02-11 18:45:00,19479.0,19479.0,19479.0,19479.0,1
TGF,202602,2026-02-11 19:48:00,19500.0,19500.0,19500.0,19500.0,1
TGF,202602,2026-02-11 19:49:00,19532.0,19532.0,19532.0,19532.0,1
TGF,202602,2026-02-11 20:55:00,19387.0,19387.0,19387.0,19387.0,1
TGF,202602,2026-02-11 21:18:00,19499.0,19499.0,19499.0,19499.0,1
TGF,202602,2026-02-11 21:31:00,19352.0,19352.0,19350.0,19350.0,2
TGF,202602,2026-02-11 22:39:00,19351.0,19351.0,19351.0,19351.0,1
TGF,202602,2026-02-12 00:35:00,19360.0,19360.0,19360.0,19360.0,1
TGF,202602,2026-02-12 01:09:00,19392.5,19392.5,19392.5,19392.5,1
TGF,202602,2026-02-12 01:22:00,19394.5,19394.5,19394.5,19394.5,1
TGF,202602,2026-02-12 01:45:00,19406.0,19406.0,19406.0,19406.0,1
TGF,202602,2026-02-12 03:28:00,19406.0,19406.0,19406.0,19406.0,1
TGF,202604,2026-02-11 18:22:00,19508.0,19508.0,19508.0,19508.0,1
TGF,202604,2026-02-11 18:37:00,19500.0,19500.0,19500.0,19500.0,2
TGF,202604,2026-02-11 18:45:00,19599.0,19599.0,19599.0,19599.0,1
TGF,202604,2026-02-11 19:11:00,19550.0,19550.0,19550.0,19550.0,1
TGF,202604,2026-02-11 19:30:00,19585.0,19585.0,19585.0,19585.0,1
TGF,202604,2026-02-11 19:31:00,19600.0,19600.0,19600.0,19600.0,1
TGF,202604,2026-02-11 19:48:00,19625.0,19625.0,19625.0,19625.0,1
TGF,202604,2026-02-11 19:49:00,19650.0,19650.0,19650.0,19650.0,1
TGF,202604,2026-02-11 20:39:00,19570.0,19570.0,19570.0,19570.0,1
TGF,202604,2026-02-11 20:41:00,19542.0,19542.0,19540.0,19540.0,2
TGF,202604,2026-02-11 20:55:00,19515.0,19515.0,19515.0,19515.0,1
TGF,202604,2026-02-11 21:13:00,19515.0,19515.0,19515.0,19515.0,1
TGF,202604,2026-02-11 21:18:00,19515.0,19515.0,19510.0,19510.0,2
TGF,202604,2026-02-11 21:30:00,19499.0,19499.0,19499.0,19499.0,1
TGF,202604,2026-02-11 21:31:00,19480.0,19480.0,19448.0,19448.0,3
TGF,202604,2026-02-11 21:59:00,19520.0,19520.0,19520.0,19520.0,1
TGF,202604,2026-02-11 22:17:00,19457.0,19457.0,19457.0,19457.0,1
TGF,202604,2026-02-11 22:25:00,19459.0,19459.0,19459.0,19459.0,1
TGF,202604,2026-02-11 22:27:00,19459.0,19459.0,19459.0,19459.0,1
TGF,202604,2026-02-11 22:28:00,19459.0,19459.0,19459.0,19459.0,1
TGF,202604,2026-02-11 22:39:00,19458.0,19458.0,19450.0,19450.0,2
TGF,202604,2026-02-11 22:42:00,19420.0,19420.0,19420.0,19420.0,1
TGF,202604,2026-02-11 23:24:00,19420.0,19420.0,19420.0,19420.0,1
TGF,202604,2026-02-11 23:30:00,19400.0,19400.0,19400.0,19400.0,1
TGF,202604,2026-02-11 23:32:00,19380.0,19380.0,19380.0,19380.0,3
TGF,202604,2026-02-11 23:41:00,19351.0,19351.0,19350.0,19350.0,2
TGF,202604,2026-02-11 23:54:00,19400.0,19420.0,19400.0,19420.0,2
TGF,202604,2026-02-12 00:34:00,19448.0,19450.0,19448.0,19450.0,2
TGF,202604,2026-02-12 00:35:00,19470.0,19470.0,19470.0,19470.0,1
TGF,202604,2026-02-12 01:09:00,19500.0,19500.0,19500.0,19500.0,1
TGF,202604,2026-02-12 01:22:00,19516.5,19516.5,19516.5,19516.5,1
TGF,202604,2026-02-12 01:26:00,19520.0,19520.0,19520.0,19520.0,1
TGF,202604,2026-02-12 01:45:00,19528.5,19528.5,19528.5,19528.5,1
TGF,202604,2026-02-12 02:13:00,19460.0,19460.0,19460.0,19460.0,1
TGF,202604,2026-02-12 03:28:00,19528.5,19528.5,19528.5,19528.5,1
TJF,202603,2026-02-11 21:56:00,3889.0,3889.0,3889.0,3889.0,1
TJF,202603,2026-02-11 23:02:00,3881.0,3881.0,3881.0,3881.0,1
TJF,202603,2026-02-11 23:06:00,3878.75,3878.75,3878.75,3878.75,1
TJF,202603,2026-02-12 03:22:00,3874.5,3874.5,3874.5,3874.5,1
TMF,202602,2026-02-11 15:00:00,33612.0,33680.0,33606.0,33656.0,517
TMF,202602,2026-02-11 15:01:00,33654.0,33669.0,33639.0,33666.0,193
TMF,202602,2026-02-11 15:02:00,33660.0,33669.0,33650.0,33660.0,166
TMF,202602,2026-02-11 15:03:00,33662.0,33662.0,33648.0,33649.0,111
TMF,202602,2026-02-11 15:04:00,33650.0,33661.0,33636.0,33657.0,202
TMF,202602,2026-02-11 15:05:00,33660.0,33663.0,33654.0,33660.0,83
TMF,202602,2026-02-11 15:06:00,33660.0,33674.0,33659.0,33659.0,161
TMF,202602,2026-02-11 15:07:00,33657.0,33661.0,33643.0,33654.0,88
TMF,202602,2026-02-11 15:08:00,33652.0,33656.0,33644.0,33651.0,88
TMF,202602,2026-02-11 15:09:00,33647.0,33654.0,33644.0,33648.0,69
TMF,202602,2026-02-11 15:10:00,33648.0,33650.0,33634.0,33645.0,95
TMF,202602,2026-02-11 15:11:00,33646.0,33646.0,33637.0,33638.0,62
TMF,202602,2026-02-11 15:12:00,33637.0,33643.0,33633.0,33641.0,81
TMF,202602,2026-02-11 15:13:00,33639.0,33640.0,33625.0,33625.0,103
TMF,202602,2026-02-11 15:14:00,33625.0,33627.0,33614.0,33621.0,245
TMF,202602,2026-02-11 15:15:00,33621.0,33628.0,33617.0,33627.0,105
TMF,202602,2026-02-11 15:16:00,33626.0,33631.0,33619.0,33631.0,109
TMF,202602,2026-02-11 15:17:00,33631.0,33654.0,33630.0,33653.0,159
TMF,202602,2026-02-11 15:18:00,33653.0,33660.0,33647.0,33660.0,120
TMF,202602,2026-02-11 15:19:00,33661.0,33670.0,33660.0,33668.0,102
TMF,202602,2026-02-11 15:20:00,33668.0,33670.0,33656.0,33660.0,98
TMF,202602,2026-02-11 15:21:00,33661.0,33690.0,33661.0,33686.0,239
TMF,202602,2026-02-11 15:22:00,33685.0,33690.0,33678.0,33681.0,104
TMF,202602,2026-02-11 15:23:00,33683.0,33683.0,33677.0,33680.0,44
TMF,202602,2026-02-11 15:24:00,33682.0,33688.0,33680.0,33688.0,52
TMF,202602,2026-02-11 15:25:00,33688.0,33692.0,33681.0,33681.0,102
TMF,202602,2026-02-11 15:26:00,33687.0,33699.0,33687.0,33698.0,137
TMF,202602,2026-02-11 15:27:00,33699.0,33699.0,33688.0,33693.0,99
TMF,202602,2026-02-11 15:28:00,33692.0,33692.0,33682.0,33683.0,73
TMF,202602,2026-02-11 15:29:00,33682.0,33683.0,33676.0,33682.0,75
TMF,202602,2026-02-11 15:30:00,33682.0,33683.0,33671.0,33677.0,78
TMF,202602,2026-02-11 15:31:00,33671.0,33675.0,33668.0,33675.0,67
TMF,202602,2026-02-11 15:32:00,33675.0,33676.0,33660.0,33660.0,69
TMF,202602,2026-02-11 15:33:00,33660.0,33669.0,33660.0,33666.0,63
TMF,202602,2026-02-11 15:34:00,33666.0,33678.0,33666.0,33678.0,41
TMF,202602,2026-02-11 15:35:00,33676.0,33684.0,33675.0,33679.0,71
TMF,202602,2026-02-11 15:36:00,33680.0,33681.0,33672.0,33672.0,22
TMF,202602,2026-02-11 15:37:00,33672.0,33674.0,33667.0,33667.0,28
TMF,202602,2026-02-11 15:38:00,33668.0,33673.0,33665.0,33669.0,47
TMF,202602,2026-02-11 15:39:00,33668.0,33668.0,33661.0,33666.0,47
TMF,202602,2026-02-11 15:40:00,33666.0,33667.0,33652.0,33656.0,97
TMF,202602,2026-02-11 15:41:00,33656.0,33656.0,33650.0,33653.0,80
TMF,202602,2026-02-11 15:42:00,33653.0,33661.0,33653.0,33660.0,39
TMF,202602,2026-02-11 15:43:00,33663.0,33665.0,33662.0,33664.0,28
TMF,202602,2026-02-11 15:44:00,33664.0,33671.0,33664.0,33671.0,42
TMF,202602,2026-02-11 15:45:00,33671.0,33676.0,33668.0,33675.0,59
TMF,202602,2026-02-11 15:46:00,33675.0,33683.0,33675.0,33682.0,48
TMF,202602,2026-02-11 15:47:00,33684.0,33688.0,33684.0,33687.0,76
TMF,202602,2026-02-11 15:48:00,33687.0,33687.0,33672.0,33673.0,53
TMF,202602,2026-02-11 15:49:00,33673.0,33674.0,33663.0,33664.0,44
TMF,202602,2026-02-11 15:50:00,33663.0,33670.0,33663.0,33669.0,33
TMF,202602,2026-02-11 15:51:00,33667.0,33671.0,33663.0,33670.0,28
TMF,202602,2026-02-11 15:52:00,33670.0,33670.0,33657.0,33659.0,40
TMF,202602,2026-02-11 15:53:00,33657.0,33665.0,33656.0,33665.0,31
TMF,202602,2026-02-11 15:54:00,33665.0,33668.0,33660.0,33668.0,37
TMF,202602,2026-02-11 15:55:00,33664.0,33666.0,33651.0,33653.0,51
TMF,202602,2026-02-11 15:56:00,33653.0,33658.0,33645.0,33656.0,92
TMF,202602,2026-02-11 15:57:00,33658.0,33663.0,33655.0,33661.0,44
TMF,202602,2026-02-11 15:58:00,33660.0,33664.0,33658.0,33664.0,21
TMF,202602,2026-02-11 15:59:00,33666.0,33667.0,33658.0,33660.0,41
TMF,202602,2026-02-11 16:00:00,33665.0,33679.0,33662.0,33670.0,134
TMF,202602,2026-02-11 16:01:00,33669.0,33681.0,33663.0,33666.0,42
TMF,202602,2026-02-11 16:02:00,33665.0,33673.0,33663.0,33672.0,19
TMF,202602,2026-02-11 16:03:00,33674.0,33675.0,33666.0,33670.0,17
TMF,202602,2026-02-11 16:04:00,33674.0,33690.0,33674.0,33688.0,81
TMF,202602,2026-02-11 16:05:00,33686.0,33688.0,33670.0,33685.0,52
TMF,202602,2026-02-11 16:06:00,33684.0,33685.0,33674.0,33675.0,53
TMF,202602,2026-02-11 16:07:00,33676.0,33677.0,33661.0,33661.0,73
TMF,202602,2026-02-11 16:08:00,33663.0,33672.0,33662.0,33666.0,40
TMF,202602,2026-02-11 16:09:00,33666.0,33666.0,33652.0,33656.0,78
TMF,202602,2026-02-11 16:10:00,33657.0,33661.0,33650.0,33661.0,64
TMF,202602,2026-02-11 16:11:00,33661.0,33670.0,33661.0,33670.0,40
TMF,202602,2026-02-11 16:12:00,33669.0,33674.0,33664.0,33672.0,28
TMF,202602,2026-02-11 16:13:00,33669.0,33670.0,33654.0,33654.0,48
TMF,202602,2026-02-11 16:14:00,33652.0,33654.0,33642.0,33643.0,111
TMF,202602,2026-02-11 16:15:00,33648.0,33659.0,33645.0,33649.0,95
TMF,202602,2026-02-11 16:16:00,33649.0,33654.0,33646.0,33653.0,37
TMF,202602,2026-02-11 16:17:00,33651.0,33663.0,33651.0,33661.0,39
TMF,202602,2026-02-11 16:18:00,33661.0,33662.0,33652.0,33655.0,37
TMF,202602,2026-02-11 16:19:00,33652.0,33652.0,33631.0,33633.0,134
TMF,202602,2026-02-11 16:20:00,33635.0,33656.0,33635.0,33655.0,61
TMF,202602,2026-02-11 16:21:00,33653.0,33658.0,33647.0,33647.0,39
TMF,202602,2026-02-11 16:22:00,33648.0,33655.0,33648.0,33651.0,21
TMF,202602,2026-02-11 16:23:00,33651.0,33659.0,33649.0,33658.0,45
TMF,202602,2026-02-11 16:24:00,33654.0,33660.0,33650.0,33660.0,22
TMF,202602,2026-02-11 16:25:00,33660.0,33670.0,33660.0,33665.0,52
TMF,202602,2026-02-11 16:26:00,33666.0,33676.0,33666.0,33675.0,61
TMF,202602,2026-02-11 16:27:00,33675.0,33680.0,33670.0,33672.0,71
TMF,202602,2026-02-11 16:28:00,33672.0,33672.0,33658.0,33662.0,39
TMF,202602,2026-02-11 16:29:00,33661.0,33663.0,33650.0,33650.0,37
TMF,202602,2026-02-11 16:30:00,33657.0,33667.0,33654.0,33665.0,27
TMF,202602,2026-02-11 16:31:00,33665.0,33665.0,33657.0,33663.0,15
TMF,202602,2026-02-11 16:32:00,33665.0,33676.0,33664.0,33669.0,52
TMF,202602,2026-02-11 16:33:00,33669.0,33673.0,33667.0,33667.0,15
TMF,202602,2026-02-11 16:34:00,33667.0,33677.0,33667.0,33672.0,41
TMF,202602,2026-02-11 16:35:00,33675.0,33685.0,33671.0,33681.0,67
TMF,202602,2026-02-11 16:36:00,33681.0,33686.0,33678.0,33682.0,66
TMF,202602,2026-02-11 16:37:00,33685.0,33687.0,33681.0,33681.0,62
TMF,202602,2026-02-11 16:38:00,33681.0,33684.0,33673.0,33675.0,28
TMF,202602,2026-02-11 16:39:00,33678.0,33679.0,33676.0,33676.0,16
TMF,202602,2026-02-11 16:40:00,33679.0,33682.0,33677.0,33680.0,23
TMF,202602,2026-02-11 16:41:00,33676.0,33678.0,33670.0,33678.0,32
TMF,202602,2026-02-11 16:42:00,33679.0,33679.0,33677.0,33677.0,10
TMF,202602,2026-02-11 16:43:00,33678.0,33681.0,33676.0,33681.0,14
TMF,202602,2026-02-11 16:44:00,33682.0,33691.0,33682.0,33688.0,78
TMF,202602,2026-02-11 16:45:00,33689.0,33694.0,33687.0,33690.0,43
TMF,202602,2026-02-11 16:46:00,33689.0,33692.0,33688.0,33688.0,45
TMF,202602,2026-02-11 16:47:00,33687.0,33688.0,33681.0,33683.0,21
TMF,202602,2026-02-11 16:48:00,33681.0,33682.0,33674.0,33676.0,52
TMF,202602,2026-02-11 16:49:00,33676.0,33677.0,33672.0,33672.0,36
TMF,202602,2026-02-11 16:50:00,33670.0,33674.0,33665.0,33674.0,47
TMF,202602,2026-02-11 16:51:00,33674.0,33675.0,33668.0,33670.0,17
TMF,202602,2026-02-11 16:52:00,33673.0,33673.0,33670.0,33672.0,10
TMF,202602,2026-02-11 16:53:00,33672.0,33678.0,33672.0,33678.0,16
TMF,202602,2026-02-11 16:54:00,33680.0,33685.0,33678.0,33680.0,16
TMF,202602,2026-02-11 16:55:00,33678.0,33681.0,33677.0,33679.0,16
TMF,202602,2026-02-11 16:56:00,33680.0,33686.0,33680.0,33685.0,31
TMF,202602,2026-02-11 16:57:00,33684.0,33684.0,33671.0,33674.0,22
TMF,202602,2026-02-11 16:58:00,33675.0,33676.0,33671.0,33676.0,20
TMF,202602,2026-02-11 16:59:00,33680.0,33683.0,33679.0,33679.0,17
TMF,202602,2026-02-11 17:00:00,33675.0,33684.0,33666.0,33669.0,68
TMF,202602,2026-02-11 17:01:00,33670.0,33681.0,33662.0,33681.0,101
TMF,202602,2026-02-11 17:02:00,33682.0,33693.0,33681.0,33691.0,52
TMF,202602,2026-02-11 17:03:00,33690.0,33690.0,33687.0,33688.0,24
TMF,202602,2026-02-11 17:04:00,33688.0,33690.0,33685.0,33685.0,52
TMF,202602,2026-02-11 17:05:00,33685.0,33696.0,33685.0,33695.0,77
TMF,202602,2026-02-11 17:06:00,33696.0,33697.0,33687.0,33693.0,49
TMF,202602,2026-02-11 17:07:00,33693.0,33693.0,33684.0,33685.0,42
TMF,202602,2026-02-11 17:08:00,33684.0,33687.0,33683.0,33685.0,24
TMF,202602,2026-02-11 17:09:00,33683.0,33683.0,33675.0,33677.0,28
TMF,202602,2026-02-11 17:10:00,33680.0,33681.0,33676.0,33676.0,12
TMF,202602,2026-02-11 17:11:00,33676.0,33681.0,33676.0,33678.0,14
TMF,202602,2026-02-11 17:12:00,33680.0,33682.0,33677.0,33677.0,20
TMF,202602,2026-02-11 17:13:00,33675.0,33677.0,33670.0,33674.0,35
TMF,202602,2026-02-11 17:14:00,33673.0,33682.0,33673.0,33682.0,20
TMF,202602,2026-02-11 17:15:00,33680.0,33684.0,33676.0,33676.0,35
TMF,202602,2026-02-11 17:16:00,33678.0,33678.0,33674.0,33675.0,20
TMF,202602,2026-02-11 17:17:00,33674.0,33674.0,33662.0,33665.0,68
TMF,202602,2026-02-11 17:18:00,33666.0,33672.0,33663.0,33672.0,58
TMF,202602,2026-02-11 17:19:00,33670.0,33670.0,33661.0,33664.0,36
TMF,202602,2026-02-11 17:20:00,33665.0,33673.0,33656.0,33659.0,67
TMF,202602,2026-02-11 17:21:00,33660.0,33660.0,33655.0,33659.0,63
TMF,202602,2026-02-11 17:22:00,33663.0,33669.0,33660.0,33667.0,31
TMF,202602,2026-02-11 17:23:00,33667.0,33668.0,33658.0,33658.0,39
TMF,202602,2026-02-11 17:24:00,33658.0,33665.0,33658.0,33663.0,34
TMF,202602,2026-02-11 17:25:00,33666.0,33674.0,33665.0,33668.0,35
TMF,202602,2026-02-11 17:26:00,33670.0,33682.0,33670.0,33682.0,39
TMF,202602,2026-02-11 17:27:00,33683.0,33686.0,33680.0,33681.0,78
TMF,202602,2026-02-11 17:28:00,33679.0,33680.0,33675.0,33679.0,21
TMF,202602,2026-02-11 17:29:00,33679.0,33679.0,33675.0,33675.0,8
TMF,202602,2026-02-11 17:30:00,33676.0,33677.0,33672.0,33673.0,11
TMF,202602,2026-02-11 17:31:00,33671.0,33671.0,33661.0,33662.0,23
TMF,202602,2026-02-11 17:32:00,33662.0,33663.0,33655.0,33661.0,57
TMF,202602,2026-02-11 17:33:00,33662.0,33664.0,33648.0,33648.0,122
TMF,202602,2026-02-11 17:34:00,33649.0,33652.0,33643.0,33650.0,74
TMF,202602,2026-02-11 17:35:00,33649.0,33653.0,33648.0,33653.0,42
TMF,202602,2026-02-11 17:36:00,33655.0,33664.0,33652.0,33652.0,26
TMF,202602,2026-02-11 17:37:00,33652.0,33652.0,33643.0,33644.0,61
TMF,202602,2026-02-11 17:38:00,33644.0,33647.0,33634.0,33639.0,150
TMF,202602,2026-02-11 17:39:00,33637.0,33639.0,33632.0,33638.0,84
TMF,202602,2026-02-11 17:40:00,33638.0,33639.0,33627.0,33638.0,115
TMF,202602,2026-02-11 17:41:00,33634.0,33634.0,33630.0,33632.0,69
TMF,202602,2026-02-11 17:42:00,33632.0,33634.0,33627.0,33631.0,51
TMF,202602,2026-02-11 17:43:00,33631.0,33639.0,33630.0,33636.0,62
TMF,202602,2026-02-11 17:44:00,33635.0,33644.0,33632.0,33644.0,49
TMF,202602,2026-02-11 17:45:00,33645.0,33650.0,33639.0,33647.0,76
TMF,202602,2026-02-11 17:46:00,33647.0,33653.0,33642.0,33647.0,40
TMF,202602,2026-02-11 17:47:00,33647.0,33650.0,33645.0,33650.0,32
TMF,202602,2026-02-11 17:48:00,33648.0,33649.0,33645.0,33648.0,24
TMF,202602,2026-02-11 17:49:00,33648.0,33649.0,33635.0,33639.0,49
TMF,202602,2026-02-11 17:50:00,33640.0,33642.0,33637.0,33637.0,38
TMF,202602,2026-02-11 17:51:00,33636.0,33642.0,33631.0,33640.0,41
TMF,202602,2026-02-11 17:52:00,33642.0,33642.0,33637.0,33637.0,15
TMF,202602,2026-02-11 17:53:00,33641.0,33645.0,33641.0,33644.0,13
TMF,202602,2026-02-11 17:54:00,33645.0,33653.0,33642.0,33650.0,51
TMF,202602,2026-02-11 17:55:00,33651.0,33658.0,33649.0,33652.0,58
TMF,202602,2026-02-11 17:56:00,33652.0,33653.0,33648.0,33650.0,44
TMF,202602,2026-02-11 17:57:00,33649.0,33653.0,33643.0,33651.0,32
TMF,202602,2026-02-11 17:58:00,33650.0,33651.0,33650.0,33650.0,8
TMF,202602,2026-02-11 17:59:00,33649.0,33653.0,33642.0,33642.0,41
TMF,202602,2026-02-11 18:00:00,33643.0,33643.0,33631.0,33635.0,81
TMF,202602,2026-02-11 18:01:00,33636.0,33638.0,33612.0,33625.0,257
TMF,202602,2026-02-11 18:02:00,33621.0,33629.0,33616.0,33623.0,59
TMF,202602,2026-02-11 18:03:00,33623.0,33633.0,33620.0,33630.0,67
TMF,202602,2026-02-11 18:04:00,33629.0,33632.0,33615.0,33621.0,86
TMF,202602,2026-02-11 18:05:00,33622.0,33625.0,33614.0,33622.0,62
TMF,202602,2026-02-11 18:06:00,33621.0,33629.0,33618.0,33622.0,60
TMF,202602,2026-02-11 18:07:00,33625.0,33636.0,33624.0,33626.0,57
TMF,202602,2026-02-11 18:08:00,33624.0,33624.0,33618.0,33620.0,49
TMF,202602,2026-02-11 18:09:00,33620.0,33624.0,33608.0,33621.0,108
TMF,202602,2026-02-11 18:10:00,33623.0,33642.0,33623.0,33640.0,72
TMF,202602,2026-02-11 18:11:00,33640.0,33647.0,33639.0,33643.0,52
TMF,202602,2026-02-11 18:12:00,33646.0,33650.0,33644.0,33644.0,68
TMF,202602,2026-02-11 18:13:00,33645.0,33645.0,33627.0,33631.0,53
TMF,202602,2026-02-11 18:14:00,33629.0,33633.0,33629.0,33633.0,18
TMF,202602,2026-02-11 18:15:00,33634.0,33635.0,33630.0,33634.0,37
TMF,202602,2026-02-11 18:16:00,33633.0,33638.0,33631.0,33638.0,49
TMF,202602,2026-02-11 18:17:00,33635.0,33638.0,33633.0,33638.0,17
TMF,202602,2026-02-11 18:18:00,33639.0,33641.0,33637.0,33638.0,26
TMF,202602,2026-02-11 18:19:00,33640.0,33640.0,33639.0,33639.0,7
TMF,202602,2026-02-11 18:20:00,33639.0,33647.0,33635.0,33647.0,30
TMF,202602,2026-02-11 18:21:00,33647.0,33656.0,33647.0,33655.0,74
TMF,202602,2026-02-11 18:22:00,33656.0,33663.0,33655.0,33656.0,73
TMF,202602,2026-02-11 18:23:00,33655.0,33656.0,33651.0,33653.0,49
TMF,202602,2026-02-11 18:24:00,33652.0,33653.0,33650.0,33652.0,20
TMF,202602,2026-02-11 18:25:00,33652.0,33654.0,33642.0,33649.0,64
TMF,202602,2026-02-11 18:26:00,33650.0,33650.0,33647.0,33649.0,30
TMF,202602,2026-02-11 18:27:00,33648.0,33660.0,33646.0,33660.0,53
TMF,202602,2026-02-11 18:28:00,33660.0,33665.0,33654.0,33654.0,61
TMF,202602,2026-02-11 18:29:00,33653.0,33654.0,33648.0,33653.0,13
TMF,202602,2026-02-11 18:30:00,33657.0,33658.0,33649.0,33649.0,29
TMF,202602,2026-02-11 18:31:00,33648.0,33649.0,33644.0,33644.0,19
TMF,202602,2026-02-11 18:32:00,33643.0,33649.0,33643.0,33649.0,26
TMF,202602,2026-02-11 18:33:00,33650.0,33650.0,33644.0,33644.0,28
TMF,202602,2026-02-11 18:34:00,33644.0,33649.0,33643.0,33645.0,11
TMF,202602,2026-02-11 18:35:00,33645.0,33648.0,33645.0,33645.0,15
TMF,202602,2026-02-11 18:36:00,33645.0,33647.0,33640.0,33647.0,22
TMF,202602,2026-02-11 18:37:00,33648.0,33652.0,33648.0,33648.0,26
TMF,202602,2026-02-11 18:38:00,33648.0,33648.0,33646.0,33647.0,12
TMF,202602,2026-02-11 18:39:00,33649.0,33651.0,33647.0,33647.0,17
TMF,202602,2026-02-11 18:40:00,33650.0,33650.0,33645.0,33645.0,4
TMF,202602,2026-02-11 18:41:00,33647.0,33650.0,33645.0,33649.0,20
TMF,202602,2026-02-11 18:42:00,33651.0,33654.0,33648.0,33654.0,14
TMF,202602,2026-02-11 18:43:00,33655.0,33655.0,33652.0,33653.0,21
TMF,202602,2026-02-11 18:44:00,33655.0,33659.0,33655.0,33657.0,34
TMF,202602,2026-02-11 18:45:00,33659.0,33659.0,33651.0,33651.0,14
TMF,202602,2026-02-11 18:46:00,33650.0,33650.0,33647.0,33647.0,5
TMF,202602,2026-02-11 18:47:00,33646.0,33646.0,33641.0,33641.0,27
TMF,202602,2026-02-11 18:48:00,33642.0,33645.0,33639.0,33640.0,35
TMF,202602,2026-02-11 18:49:00,33641.0,33642.0,33639.0,33642.0,16
TMF,202602,2026-02-11 18:50:00,33641.0,33642.0,33638.0,33642.0,18
TMF,202602,2026-02-11 18:51:00,33639.0,33645.0,33639.0,33643.0,16
TMF,202602,2026-02-11 18:52:00,33643.0,33643.0,33634.0,33636.0,38
TMF,202602,2026-02-11 18:53:00,33638.0,33639.0,33636.0,33637.0,11
TMF,202602,2026-02-11 18:54:00,33637.0,33639.0,33632.0,33636.0,25
TMF,202602,2026-02-11 18:55:00,33641.0,33654.0,33641.0,33654.0,30
TMF,202602,2026-02-11 18:56:00,33657.0,33660.0,33655.0,33656.0,39
TMF,202602,2026-02-11 18:57:00,33657.0,33663.0,33655.0,33660.0,46
TMF,202602,2026-02-11 18:58:00,33661.0,33663.0,33653.0,33657.0,24
TMF,202602,2026-02-11 18:59:00,33657.0,33665.0,33655.0,33665.0,34
TMF,202602,2026-02-11 19:00:00,33666.0,33678.0,33666.0,33674.0,196
TMF,202602,2026-02-11 19:01:00,33673.0,33684.0,33673.0,33678.0,123
TMF,202602,2026-02-11 19:02:00,33680.0,33680.0,33672.0,33675.0,64
TMF,202602,2026-02-11 19:03:00,33675.0,33675.0,33662.0,33667.0,54
TMF,202602,2026-02-11 19:04:00,33668.0,33680.0,33667.0,33680.0,37
TMF,202602,2026-02-11 19:05:00,33679.0,33681.0,33674.0,33676.0,44
TMF,202602,2026-02-11 19:06:00,33679.0,33682.0,33678.0,33680.0,38
TMF,202602,2026-02-11 19:07:00,33680.0,33692.0,33680.0,33687.0,165
TMF,202602,2026-02-11 19:08:00,33687.0,33690.0,33682.0,33682.0,64
TMF,202602,2026-02-11 19:09:00,33682.0,33684.0,33675.0,33684.0,38
TMF,202602,2026-02-11 19:10:00,33684.0,33687.0,33681.0,33684.0,30
TMF,202602,2026-02-11 19:11:00,33684.0,33684.0,33680.0,33680.0,20
TMF,202602,2026-02-11 19:12:00,33680.0,33680.0,33673.0,33673.0,37
TMF,202602,2026-02-11 19:13:00,33672.0,33674.0,33667.0,33667.0,30
TMF,202602,2026-02-11 19:14:00,33668.0,33670.0,33667.0,33667.0,21
TMF,202602,2026-02-11 19:15:00,33666.0,33670.0,33666.0,33667.0,40
TMF,202602,2026-02-11 19:16:00,33671.0,33672.0,33669.0,33671.0,16
TMF,202602,2026-02-11 19:17:00,33671.0,33675.0,33671.0,33674.0,18
TMF,202602,2026-02-11 19:18:00,33675.0,33682.0,33675.0,33680.0,46
TMF,202602,2026-02-11 19:19:00,33682.0,33683.0,33679.0,33682.0,57
TMF,202602,2026-02-11 19:20:00,33682.0,33686.0,33675.0,33677.0,46
TMF,202602,2026-02-11 19:21:00,33678.0,33687.0,33677.0,33687.0,27
TMF,202602,2026-02-11 19:22:00,33686.0,33687.0,33684.0,33686.0,35
TMF,202602,2026-02-11 19:23:00,33687.0,33687.0,33682.0,33682.0,27
TMF,202602,2026-02-11 19:24:00,33682.0,33682.0,33676.0,33676.0,33
TMF,202602,2026-02-11 19:25:00,33675.0,33679.0,33673.0,33676.0,29
TMF,202602,2026-02-11 19:26:00,33676.0,33676.0,33673.0,33676.0,22
TMF,202602,2026-02-11 19:27:00,33675.0,33675.0,33672.0,33675.0,15
TMF,202602,2026-02-11 19:28:00,33675.0,33677.0,33675.0,33676.0,10
TMF,202602,2026-02-11 19:29:00,33677.0,33685.0,33677.0,33685.0,18
TMF,202602,2026-02-11 19:30:00,33682.0,33684.0,33680.0,33684.0,21
TMF,202602,2026-02-11 19:31:00,33684.0,33687.0,33684.0,33687.0,32
TMF,202602,2026-02-11 19:32:00,33684.0,33684.0,33679.0,33680.0,19
TMF,202602,2026-02-11 19:33:00,33680.0,33684.0,33677.0,33683.0,14
TMF,202602,2026-02-11 19:34:00,33685.0,33687.0,33683.0,33685.0,24
TMF,202602,2026-02-11 19:35:00,33685.0,33686.0,33683.0,33683.0,31
TMF,202602,2026-02-11 19:36:00,33681.0,33681.0,33678.0,33678.0,17
TMF,202602,2026-02-11 19:37:00,33678.0,33681.0,33676.0,33681.0,16
TMF,202602,2026-02-11 19:38:00,33682.0,33682.0,33680.0,33680.0,6
TMF,202602,2026-02-11 19:39:00,33678.0,33678.0,33671.0,33674.0,20
TMF,202602,2026-02-11 19:40:00,33675.0,33675.0,33667.0,33670.0,54
TMF,202602,2026-02-11 19:41:00,33670.0,33670.0,33663.0,33663.0,53
TMF,202602,2026-02-11 19:42:00,33663.0,33672.0,33663.0,33668.0,13
TMF,202602,2026-02-11 19:43:00,33668.0,33671.0,33642.0,33653.0,142
TMF,202602,2026-02-11 19:44:00,33659.0,33671.0,33659.0,33666.0,91
TMF,202602,2026-02-11 19:45:00,33664.0,33669.0,33659.0,33661.0,48
TMF,202602,2026-02-11 19:46:00,33662.0,33674.0,33662.0,33673.0,30
TMF,202602,2026-02-11 19:47:00,33674.0,33680.0,33666.0,33666.0,41
TMF,202602,2026-02-11 19:48:00,33668.0,33675.0,33668.0,33673.0,8
TMF,202602,2026-02-11 19:49:00,33671.0,33671.0,33668.0,33668.0,11
TMF,202602,2026-02-11 19:50:00,33673.0,33676.0,33672.0,33675.0,12
TMF,202602,2026-02-11 19:51:00,33671.0,33674.0,33671.0,33674.0,7
TMF,202602,2026-02-11 19:52:00,33676.0,33678.0,33669.0,33669.0,14
TMF,202602,2026-02-11 19:53:00,33669.0,33671.0,33669.0,33671.0,6
TMF,202602,2026-02-11 19:54:00,33670.0,33670.0,33670.0,33670.0,2
TMF,202602,2026-02-11 19:55:00,33667.0,33667.0,33654.0,33661.0,51
TMF,202602,2026-02-11 19:56:00,33659.0,33659.0,33654.0,33655.0,31
TMF,202602,2026-02-11 19:57:00,33655.0,33656.0,33650.0,33650.0,34
TMF,202602,2026-02-11 19:58:00,33650.0,33654.0,33650.0,33654.0,35
TMF,202602,2026-02-11 19:59:00,33653.0,33655.0,33650.0,33653.0,34
TMF,202602,2026-02-11 20:00:00,33652.0,33665.0,33652.0,33665.0,60
TMF,202602,2026-02-11 20:01:00,33659.0,33674.0,33655.0,33671.0,59
TMF,202602,2026-02-11 20:02:00,33670.0,33676.0,33669.0,33671.0,50
TMF,202602,2026-02-11 20:03:00,33672.0,33676.0,33667.0,33675.0,26
TMF,202602,2026-02-11 20:04:00,33675.0,33678.0,33671.0,33672.0,28
TMF,202602,2026-02-11 20:05:00,33671.0,33676.0,33669.0,33673.0,27
TMF,202602,2026-02-11 20:06:00,33673.0,33676.0,33672.0,33673.0,9
TMF,202602,2026-02-11 20:07:00,33672.0,33683.0,33668.0,33683.0,73
TMF,202602,2026-02-11 20:08:00,33683.0,33685.0,33678.0,33684.0,69
TMF,202602,2026-02-11 20:09:00,33684.0,33687.0,33680.0,33682.0,45
TMF,202602,2026-02-11 20:10:00,33683.0,33684.0,33677.0,33684.0,38
TMF,202602,2026-02-11 20:11:00,33684.0,33686.0,33683.0,33683.0,40
TMF,202602,2026-02-11 20:12:00,33685.0,33685.0,33680.0,33680.0,39
TMF,202602,2026-02-11 20:13:00,33682.0,33692.0,33679.0,33689.0,131
TMF,202602,2026-02-11 20:14:00,33691.0,33692.0,33686.0,33688.0,50
TMF,202602,2026-02-11 20:15:00,33689.0,33690.0,33684.0,33684.0,55
TMF,202602,2026-02-11 20:16:00,33683.0,33683.0,33678.0,33679.0,53
TMF,202602,2026-02-11 20:17:00,33678.0,33679.0,33678.0,33679.0,8
TMF,202602,2026-02-11 20:18:00,33679.0,33680.0,33672.0,33672.0,30
TMF,202602,2026-02-11 20:19:00,33673.0,33676.0,33671.0,33675.0,33
TMF,202602,2026-02-11 20:20:00,33673.0,33687.0,33673.0,33686.0,35
TMF,202602,2026-02-11 20:21:00,33687.0,33687.0,33682.0,33685.0,18
TMF,202602,2026-02-11 20:22:00,33685.0,33689.0,33685.0,33685.0,33
TMF,202602,2026-02-11 20:23:00,33687.0,33687.0,33684.0,33687.0,20
TMF,202602,2026-02-11 20:24:00,33688.0,33689.0,33684.0,33685.0,18
TMF,202602,2026-02-11 20:25:00,33685.0,33685.0,33681.0,33681.0,28
TMF,202602,2026-02-11 20:26:00,33680.0,33681.0,33677.0,33677.0,15
TMF,202602,2026-02-11 20:27:00,33677.0,33678.0,33676.0,33676.0,12
TMF,202602,2026-02-11 20:28:00,33675.0,33676.0,33672.0,33672.0,19
TMF,202602,2026-02-11 20:29:00,33671.0,33675.0,33671.0,33674.0,22
TMF,202602,2026-02-11 20:30:00,33672.0,33675.0,33671.0,33673.0,23
TMF,202602,2026-02-11 20:31:00,33670.0,33673.0,33669.0,33672.0,46
TMF,202602,2026-02-11 20:32:00,33672.0,33676.0,33667.0,33667.0,65
TMF,202602,2026-02-11 20:33:00,33668.0,33674.0,33667.0,33674.0,14
TMF,202602,2026-02-11 20:34:00,33673.0,33674.0,33672.0,33674.0,17
TMF,202602,2026-02-11 20:35:00,33675.0,33681.0,33670.0,33671.0,36
TMF,202602,2026-02-11 20:36:00,33671.0,33671.0,33667.0,33671.0,26
TMF,202602,2026-02-11 20:37:00,33672.0,33680.0,33672.0,33678.0,11
TMF,202602,2026-02-11 20:38:00,33678.0,33681.0,33676.0,33681.0,25
TMF,202602,2026-02-11 20:39:00,33678.0,33678.0,33676.0,33676.0,13
TMF,202602,2026-02-11 20:40:00,33678.0,33680.0,33676.0,33678.0,13
TMF,202602,2026-02-11 20:41:00,33678.0,33678.0,33669.0,33675.0,30
TMF,202602,2026-02-11 20:42:00,33674.0,33675.0,33674.0,33675.0,8
TMF,202602,2026-02-11 20:43:00,33674.0,33675.0,33671.0,33673.0,8
TMF,202602,2026-02-11 20:44:00,33673.0,33676.0,33671.0,33674.0,9
TMF,202602,2026-02-11 20:45:00,33674.0,33675.0,33671.0,33675.0,13
TMF,202602,2026-02-11 20:46:00,33673.0,33675.0,33672.0,33672.0,10
TMF,202602,2026-02-11 20:47:00,33672.0,33672.0,33666.0,33666.0,47
TMF,202602,2026-02-11 20:48:00,33666.0,33673.0,33666.0,33673.0,23
TMF,202602,2026-02-11 20:49:00,33670.0,33670.0,33669.0,33669.0,10
TMF,202602,2026-02-11 20:50:00,33670.0,33671.0,33669.0,33670.0,9
TMF,202602,2026-02-11 20:51:00,33672.0,33672.0,33666.0,33667.0,23
TMF,202602,2026-02-11 20:52:00,33667.0,33667.0,33660.0,33660.0,61
TMF,202602,2026-02-11 20:53:00,33662.0,33668.0,33662.0,33667.0,21
TMF,202602,2026-02-11 20:54:00,33665.0,33666.0,33661.0,33666.0,26
TMF,202602,2026-02-11 20:55:00,33663.0,33666.0,33662.0,33666.0,28
TMF,202602,2026-02-11 20:56:00,33668.0,33674.0,33664.0,33672.0,22
TMF,202602,2026-02-11 20:57:00,33674.0,33680.0,33674.0,33675.0,45
TMF,202602,2026-02-11 20:58:00,33675.0,33675.0,33674.0,33674.0,6
TMF,202602,2026-02-11 20:59:00,33674.0,33677.0,33674.0,33676.0,9
TMF,202602,2026-02-11 21:00:00,33676.0,33677.0,33671.0,33673.0,26
TMF,202602,2026-02-11 21:01:00,33675.0,33684.0,33675.0,33684.0,53
TMF,202602,2026-02-11 21:02:00,33684.0,33684.0,33680.0,33682.0,31
TMF,202602,2026-02-11 21:03:00,33682.0,33685.0,33679.0,33679.0,28
TMF,202602,2026-02-11 21:04:00,33678.0,33679.0,33677.0,33677.0,12
TMF,202602,2026-02-11 21:05:00,33677.0,33687.0,33677.0,33684.0,54
TMF,202602,2026-02-11 21:06:00,33684.0,33686.0,33679.0,33679.0,29
TMF,202602,2026-02-11 21:07:00,33680.0,33682.0,33680.0,33681.0,12
TMF,202602,2026-02-11 21:08:00,33680.0,33682.0,33680.0,33680.0,30
TMF,202602,2026-02-11 21:09:00,33679.0,33684.0,33677.0,33677.0,19
TMF,202602,2026-02-11 21:10:00,33680.0,33682.0,33677.0,33679.0,17
TMF,202602,2026-02-11 21:11:00,33677.0,33684.0,33677.0,33682.0,13
TMF,202602,2026-02-11 21:12:00,33684.0,33684.0,33678.0,33682.0,17
TMF,202602,2026-02-11 21:13:00,33681.0,33684.0,33681.0,33684.0,4
TMF,202602,2026-02-11 21:14:00,33685.0,33688.0,33685.0,33687.0,25
TMF,202602,2026-02-11 21:15:00,33687.0,33687.0,33684.0,33685.0,14
TMF,202602,2026-02-11 21:16:00,33687.0,33687.0,33681.0,33681.0,15
TMF,202602,2026-02-11 21:17:00,33680.0,33680.0,33675.0,33677.0,27
TMF,202602,2026-02-11 21:18:00,33675.0,33679.0,33675.0,33679.0,14
TMF,202602,2026-02-11 21:19:00,33680.0,33690.0,33680.0,33690.0,56
TMF,202602,2026-02-11 21:20:00,33689.0,33690.0,33687.0,33688.0,52
TMF,202602,2026-02-11 21:21:00,33688.0,33688.0,33681.0,33683.0,26
TMF,202602,2026-02-11 21:22:00,33682.0,33682.0,33676.0,33678.0,23
TMF,202602,2026-02-11 21:23:00,33677.0,33678.0,33675.0,33678.0,9
TMF,202602,2026-02-11 21:24:00,33680.0,33683.0,33676.0,33680.0,30
TMF,202602,2026-02-11 21:25:00,33684.0,33686.0,33682.0,33686.0,14
TMF,202602,2026-02-11 21:26:00,33684.0,33686.0,33680.0,33682.0,12
TMF,202602,2026-02-11 21:27:00,33684.0,33687.0,33684.0,33687.0,20
TMF,202602,2026-02-11 21:28:00,33688.0,33688.0,33685.0,33686.0,31
TMF,202602,2026-02-11 21:29:00,33685.0,33687.0,33684.0,33684.0,34
TMF,202602,2026-02-11 21:30:00,33685.0,33744.0,33663.0,33671.0,918
TMF,202602,2026-02-11 21:31:00,33672.0,33706.0,33663.0,33695.0,246
TMF,202602,2026-02-11 21:32:00,33698.0,33727.0,33692.0,33724.0,236
TMF,202602,2026-02-11 21:33:00,33724.0,33765.0,33724.0,33750.0,793
TMF,202602,2026-02-11 21:34:00,33752.0,33776.0,33752.0,33765.0,463
TMF,202602,2026-02-11 21:35:00,33766.0,33767.0,33744.0,33754.0,278
TMF,202602,2026-02-11 21:36:00,33754.0,33767.0,33750.0,33766.0,175
TMF,202602,2026-02-11 21:37:00,33767.0,33777.0,33743.0,33756.0,361
TMF,202602,2026-02-11 21:38:00,33756.0,33771.0,33747.0,33763.0,198
TMF,202602,2026-02-11 21:39:00,33763.0,33768.0,33753.0,33762.0,118
TMF,202602,2026-02-11 21:40:00,33762.0,33764.0,33751.0,33756.0,127
TMF,202602,2026-02-11 21:41:00,33757.0,33758.0,33736.0,33753.0,253
TMF,202602,2026-02-11 21:42:00,33755.0,33760.0,33740.0,33740.0,151
TMF,202602,2026-02-11 21:43:00,33738.0,33747.0,33730.0,33747.0,168
TMF,202602,2026-02-11 21:44:00,33747.0,33754.0,33740.0,33752.0,121
TMF,202602,2026-02-11 21:45:00,33750.0,33771.0,33746.0,33771.0,194
TMF,202602,2026-02-11 21:46:00,33772.0,33806.0,33767.0,33791.0,683
TMF,202602,2026-02-11 21:47:00,33794.0,33805.0,33793.0,33799.0,308
TMF,202602,2026-02-11 21:48:00,33800.0,33817.0,33793.0,33813.0,268
TMF,202602,2026-02-11 21:49:00,33816.0,33820.0,33803.0,33809.0,246
TMF,202602,2026-02-11 21:50:00,33810.0,33813.0,33800.0,33806.0,230
TMF,202602,2026-02-11 21:51:00,33805.0,33805.0,33790.0,33794.0,173
TMF,202602,2026-02-11 21:52:00,33791.0,33805.0,33788.0,33804.0,170
TMF,202602,2026-02-11 21:53:00,33806.0,33824.0,33806.0,33824.0,200
TMF,202602,2026-02-11 21:54:00,33824.0,33861.0,33821.0,33846.0,767
TMF,202602,2026-02-11 21:55:00,33844.0,33865.0,33838.0,33864.0,314
TMF,202602,2026-02-11 21:56:00,33863.0,33875.0,33855.0,33860.0,377
TMF,202602,2026-02-11 21:57:00,33862.0,33863.0,33846.0,33852.0,188
TMF,202602,2026-02-11 21:58:00,33852.0,33857.0,33851.0,33855.0,103
TMF,202602,2026-02-11 21:59:00,33857.0,33859.0,33849.0,33858.0,107
TMF,202602,2026-02-11 22:00:00,33859.0,33863.0,33835.0,33843.0,372
TMF,202602,2026-02-11 22:01:00,33844.0,33857.0,33840.0,33855.0,124
TMF,202602,2026-02-11 22:02:00,33856.0,33856.0,33847.0,33848.0,121
TMF,202602,2026-02-11 22:03:00,33847.0,33847.0,33831.0,33842.0,170
TMF,202602,2026-02-11 22:04:00,33842.0,33849.0,33836.0,33847.0,106
TMF,202602,2026-02-11 22:05:00,33845.0,33848.0,33836.0,33841.0,121
TMF,202602,2026-02-11 22:06:00,33841.0,33843.0,33839.0,33842.0,65
TMF,202602,2026-02-11 22:07:00,33845.0,33849.0,33841.0,33849.0,60
TMF,202602,2026-02-11 22:08:00,33848.0,33853.0,33844.0,33844.0,143
TMF,202602,2026-02-11 22:09:00,33843.0,33848.0,33832.0,33835.0,160
TMF,202602,2026-02-11 22:10:00,33835.0,33837.0,33825.0,33828.0,240
TMF,202602,2026-02-11 22:11:00,33829.0,33829.0,33810.0,33824.0,549
TMF,202602,2026-02-11 22:12:00,33822.0,33823.0,33813.0,33819.0,129
TMF,202602,2026-02-11 22:13:00,33818.0,33841.0,33817.0,33839.0,187
TMF,202602,2026-02-11 22:14:00,33838.0,33839.0,33828.0,33834.0,131
TMF,202602,2026-02-11 22:15:00,33833.0,33838.0,33833.0,33838.0,60
TMF,202602,2026-02-11 22:16:00,33838.0,33846.0,33831.0,33842.0,115
TMF,202602,2026-02-11 22:17:00,33842.0,33842.0,33827.0,33835.0,80
TMF,202602,2026-02-11 22:18:00,33832.0,33837.0,33830.0,33837.0,45
TMF,202602,2026-02-11 22:19:00,33837.0,33839.0,33832.0,33832.0,23
TMF,202602,2026-02-11 22:20:00,33836.0,33837.0,33833.0,33834.0,56
TMF,202602,2026-02-11 22:21:00,33833.0,33835.0,33828.0,33832.0,82
TMF,202602,2026-02-11 22:22:00,33833.0,33833.0,33821.0,33826.0,72
TMF,202602,2026-02-11 22:23:00,33826.0,33830.0,33822.0,33829.0,92
TMF,202602,2026-02-11 22:24:00,33827.0,33833.0,33825.0,33833.0,50
TMF,202602,2026-02-11 22:25:00,33833.0,33848.0,33829.0,33848.0,137
TMF,202602,2026-02-11 22:26:00,33848.0,33848.0,33839.0,33841.0,75
TMF,202602,2026-02-11 22:27:00,33840.0,33845.0,33839.0,33844.0,37
TMF,202602,2026-02-11 22:28:00,33846.0,33854.0,33845.0,33854.0,128
TMF,202602,2026-02-11 22:29:00,33855.0,33859.0,33845.0,33857.0,161
TMF,202602,2026-02-11 22:30:00,33854.0,33910.0,33838.0,33901.0,1216
TMF,202602,2026-02-11 22:31:00,33897.0,33907.0,33867.0,33894.0,672
TMF,202602,2026-02-11 22:32:00,33894.0,33914.0,33873.0,33882.0,482
TMF,202602,2026-02-11 22:33:00,33884.0,33886.0,33842.0,33869.0,547
TMF,202602,2026-02-11 22:34:00,33871.0,33876.0,33831.0,33852.0,467
TMF,202602,2026-02-11 22:35:00,33852.0,33893.0,33840.0,33891.0,467
TMF,202602,2026-02-11 22:36:00,33890.0,33921.0,33872.0,33872.0,655
TMF,202602,2026-02-11 22:37:00,33873.0,33905.0,33857.0,33904.0,447
TMF,202602,2026-02-11 22:38:00,33904.0,33905.0,33861.0,33865.0,279
TMF,202602,2026-02-11 22:39:00,33865.0,33873.0,33856.0,33864.0,262
TMF,202602,2026-02-11 22:40:00,33864.0,33889.0,33862.0,33885.0,276
TMF,202602,2026-02-11 22:41:00,33884.0,33908.0,33868.0,33894.0,428
TMF,202602,2026-02-11 22:42:00,33894.0,33913.0,33887.0,33901.0,430
TMF,202602,2026-02-11 22:43:00,33901.0,33928.0,33899.0,33915.0,513
TMF,202602,2026-02-11 22:44:00,33916.0,33933.0,33912.0,33932.0,431
TMF,202602,2026-02-11 22:45:00,33930.0,33952.0,33924.0,33951.0,629
TMF,202602,2026-02-11 22:46:00,33952.0,33965.0,33925.0,33938.0,705
TMF,202602,2026-02-11 22:47:00,33940.0,33955.0,33932.0,33943.0,362
TMF,202602,2026-02-11 22:48:00,33942.0,33979.0,33942.0,33979.0,430
TMF,202602,2026-02-11 22:49:00,33979.0,33980.0,33959.0,33973.0,334
TMF,202602,2026-02-11 22:50:00,33975.0,33981.0,33940.0,33955.0,472
TMF,202602,2026-02-11 22:51:00,33958.0,33982.0,33949.0,33966.0,312
TMF,202602,2026-02-11 22:52:00,33962.0,33970.0,33941.0,33953.0,328
TMF,202602,2026-02-11 22:53:00,33952.0,33954.0,33925.0,33952.0,407
TMF,202602,2026-02-11 22:54:00,33954.0,33973.0,33951.0,33969.0,234
TMF,202602,2026-02-11 22:55:00,33971.0,33984.0,33957.0,33957.0,303
TMF,202602,2026-02-11 22:56:00,33958.0,33965.0,33942.0,33956.0,232
TMF,202602,2026-02-11 22:57:00,33957.0,33957.0,33915.0,33934.0,438
TMF,202602,2026-02-11 22:58:00,33935.0,33939.0,33905.0,33906.0,560
TMF,202602,2026-02-11 22:59:00,33905.0,33928.0,33902.0,33925.0,344
TMF,202602,2026-02-11 23:00:00,33928.0,33938.0,33914.0,33920.0,383
TMF,202602,2026-02-11 23:01:00,33919.0,33968.0,33918.0,33960.0,474
TMF,202602,2026-02-11 23:02:00,33959.0,33959.0,33900.0,33906.0,512
TMF,202602,2026-02-11 23:03:00,33904.0,33928.0,33897.0,33910.0,280
TMF,202602,2026-02-11 23:04:00,33912.0,33922.0,33898.0,33904.0,263
TMF,202602,2026-02-11 23:05:00,33904.0,33927.0,33888.0,33922.0,507
TMF,202602,2026-02-11 23:06:00,33924.0,33924.0,33897.0,33905.0,206
TMF,202602,2026-02-11 23:07:00,33905.0,33907.0,33875.0,33881.0,417
TMF,202602,2026-02-11 23:08:00,33880.0,33893.0,33879.0,33883.0,221
TMF,202602,2026-02-11 23:09:00,33881.0,33883.0,33860.0,33861.0,507
TMF,202602,2026-02-11 23:10:00,33860.0,33862.0,33831.0,33839.0,844
TMF,202602,2026-02-11 23:11:00,33839.0,33840.0,33780.0,33784.0,996
TMF,202602,2026-02-11 23:12:00,33783.0,33783.0,33708.0,33729.0,1239
TMF,202602,2026-02-11 23:13:00,33727.0,33747.0,33660.0,33688.0,1363
TMF,202602,2026-02-11 23:14:00,33688.0,33775.0,33670.0,33765.0,1285
TMF,202602,2026-02-11 23:15:00,33766.0,33784.0,33734.0,33736.0,944
TMF,202602,2026-02-11 23:16:00,33739.0,33740.0,33701.0,33709.0,622
TMF,202602,2026-02-11 23:17:00,33709.0,33742.0,33706.0,33722.0,428
TMF,202602,2026-02-11 23:18:00,33723.0,33743.0,33683.0,33732.0,565
TMF,202602,2026-02-11 23:19:00,33732.0,33732.0,33677.0,33679.0,484
TMF,202602,2026-02-11 23:20:00,33683.0,33697.0,33639.0,33639.0,918
TMF,202602,2026-02-11 23:21:00,33641.0,33709.0,33641.0,33698.0,919
TMF,202602,2026-02-11 23:22:00,33697.0,33722.0,33691.0,33702.0,550
TMF,202602,2026-02-11 23:23:00,33703.0,33721.0,33676.0,33688.0,420
TMF,202602,2026-02-11 23:24:00,33686.0,33686.0,33629.0,33661.0,826
TMF,202602,2026-02-11 23:25:00,33660.0,33683.0,33651.0,33657.0,428
TMF,202602,2026-02-11 23:26:00,33655.0,33662.0,33624.0,33639.0,741
TMF,202602,2026-02-11 23:27:00,33648.0,33667.0,33631.0,33643.0,414
TMF,202602,2026-02-11 23:28:00,33644.0,33708.0,33644.0,33684.0,739
TMF,202602,2026-02-11 23:29:00,33684.0,33707.0,33659.0,33659.0,396
TMF,202602,2026-02-11 23:30:00,33665.0,33683.0,33657.0,33670.0,324
TMF,202602,2026-02-11 23:31:00,33675.0,33710.0,33670.0,33703.0,504
TMF,202602,2026-02-11 23:32:00,33701.0,33729.0,33690.0,33723.0,586
TMF,202602,2026-02-11 23:33:00,33726.0,33726.0,33699.0,33717.0,370
TMF,202602,2026-02-11 23:34:00,33719.0,33733.0,33714.0,33730.0,353
TMF,202602,2026-02-11 23:35:00,33728.0,33753.0,33720.0,33753.0,625
TMF,202602,2026-02-11 23:36:00,33754.0,33765.0,33739.0,33743.0,519
TMF,202602,2026-02-11 23:37:00,33740.0,33745.0,33700.0,33721.0,533
TMF,202602,2026-02-11 23:38:00,33724.0,33747.0,33717.0,33745.0,194
TMF,202602,2026-02-11 23:39:00,33744.0,33755.0,33735.0,33753.0,235
TMF,202602,2026-02-11 23:40:00,33753.0,33772.0,33750.0,33770.0,424
TMF,202602,2026-02-11 23:41:00,33773.0,33782.0,33760.0,33765.0,392
TMF,202602,2026-02-11 23:42:00,33766.0,33770.0,33741.0,33767.0,286
TMF,202602,2026-02-11 23:43:00,33769.0,33776.0,33723.0,33734.0,380
TMF,202602,2026-02-11 23:44:00,33731.0,33765.0,33730.0,33756.0,176
TMF,202602,2026-02-11 23:45:00,33756.0,33771.0,33748.0,33748.0,211
TMF,202602,2026-02-11 23:46:00,33747.0,33755.0,33743.0,33746.0,141
TMF,202602,2026-02-11 23:47:00,33743.0,33752.0,33736.0,33744.0,145
TMF,202602,2026-02-11 23:48:00,33744.0,33750.0,33725.0,33726.0,231
TMF,202602,2026-02-11 23:49:00,33726.0,33730.0,33691.0,33700.0,597
TMF,202602,2026-02-11 23:50:00,33700.0,33718.0,33684.0,33697.0,327
TMF,202602,2026-02-11 23:51:00,33700.0,33743.0,33699.0,33732.0,306
TMF,202602,2026-02-11 23:52:00,33734.0,33782.0,33730.0,33779.0,605
TMF,202602,2026-02-11 23:53:00,33781.0,33823.0,33781.0,33804.0,804
TMF,202602,2026-02-11 23:54:00,33807.0,33828.0,33800.0,33826.0,435
TMF,202602,2026-02-11 23:55:00,33828.0,33833.0,33815.0,33828.0,375
TMF,202602,2026-02-11 23:56:00,33826.0,33830.0,33802.0,33815.0,300
TMF,202602,2026-02-11 23:57:00,33817.0,33828.0,33811.0,33812.0,187
TMF,202602,2026-02-11 23:58:00,33811.0,33819.0,33802.0,33814.0,233
TMF,202602,2026-02-11 23:59:00,33815.0,33817.0,33800.0,33810.0,138
TMF,202602,2026-02-12 00:00:00,33813.0,33820.0,33792.0,33801.0,335
TMF,202602,2026-02-12 00:01:00,33800.0,33822.0,33791.0,33822.0,258
TMF,202602,2026-02-12 00:02:00,33821.0,33828.0,33804.0,33804.0,245
TMF,202602,2026-02-12 00:03:00,33802.0,33805.0,33783.0,33790.0,292
TMF,202602,2026-02-12 00:04:00,33787.0,33804.0,33785.0,33793.0,120
TMF,202602,2026-02-12 00:05:00,33794.0,33800.0,33786.0,33788.0,154
TMF,202602,2026-02-12 00:06:00,33788.0,33797.0,33772.0,33793.0,257
TMF,202602,2026-02-12 00:07:00,33794.0,33795.0,33780.0,33784.0,124
TMF,202602,2026-02-12 00:08:00,33785.0,33785.0,33766.0,33771.0,239
TMF,202602,2026-02-12 00:09:00,33771.0,33782.0,33761.0,33762.0,215
TMF,202602,2026-02-12 00:10:00,33760.0,33816.0,33751.0,33809.0,466
TMF,202602,2026-02-12 00:11:00,33807.0,33839.0,33794.0,33833.0,685
TMF,202602,2026-02-12 00:12:00,33833.0,33841.0,33818.0,33837.0,332
TMF,202602,2026-02-12 00:13:00,33841.0,33847.0,33834.0,33847.0,314
TMF,202602,2026-02-12 00:14:00,33847.0,33855.0,33836.0,33850.0,311
TMF,202602,2026-02-12 00:15:00,33848.0,33850.0,33821.0,33830.0,322
TMF,202602,2026-02-12 00:16:00,33828.0,33840.0,33826.0,33836.0,122
TMF,202602,2026-02-12 00:17:00,33836.0,33868.0,33834.0,33846.0,564
TMF,202602,2026-02-12 00:18:00,33845.0,33852.0,33839.0,33844.0,146
TMF,202602,2026-02-12 00:19:00,33843.0,33873.0,33838.0,33872.0,191
TMF,202602,2026-02-12 00:20:00,33872.0,33885.0,33870.0,33885.0,321
TMF,202602,2026-02-12 00:21:00,33883.0,33894.0,33881.0,33881.0,336
TMF,202602,2026-02-12 00:22:00,33881.0,33894.0,33871.0,33894.0,165
TMF,202602,2026-02-12 00:23:00,33895.0,33903.0,33885.0,33892.0,295
TMF,202602,2026-02-12 00:24:00,33889.0,33904.0,33880.0,33885.0,246
TMF,202602,2026-02-12 00:25:00,33885.0,33893.0,33871.0,33872.0,219
TMF,202602,2026-02-12 00:26:00,33871.0,33871.0,33843.0,33848.0,449
TMF,202602,2026-02-12 00:27:00,33851.0,33851.0,33821.0,33824.0,327
TMF,202602,2026-02-12 00:28:00,33823.0,33841.0,33806.0,33819.0,337
TMF,202602,2026-02-12 00:29:00,33820.0,33820.0,33805.0,33807.0,186
TMF,202602,2026-02-12 00:30:00,33807.0,33852.0,33795.0,33851.0,392
TMF,202602,2026-02-12 00:31:00,33850.0,33856.0,33832.0,33838.0,192
TMF,202602,2026-02-12 00:32:00,33838.0,33842.0,33821.0,33822.0,160
TMF,202602,2026-02-12 00:33:00,33821.0,33858.0,33820.0,33855.0,198
TMF,202602,2026-02-12 00:34:00,33856.0,33858.0,33831.0,33832.0,142
TMF,202602,2026-02-12 00:35:00,33833.0,33841.0,33823.0,33823.0,108
TMF,202602,2026-02-12 00:36:00,33826.0,33838.0,33817.0,33817.0,117
TMF,202602,2026-02-12 00:37:00,33817.0,33832.0,33815.0,33822.0,81
TMF,202602,2026-02-12 00:38:00,33825.0,33846.0,33822.0,33828.0,126
TMF,202602,2026-02-12 00:39:00,33830.0,33854.0,33827.0,33854.0,99
TMF,202602,2026-02-12 00:40:00,33853.0,33875.0,33853.0,33870.0,250
TMF,202602,2026-02-12 00:41:00,33871.0,33873.0,33853.0,33853.0,134
TMF,202602,2026-02-12 00:42:00,33854.0,33854.0,33842.0,33850.0,80
TMF,202602,2026-02-12 00:43:00,33850.0,33850.0,33836.0,33837.0,103
TMF,202602,2026-02-12 00:44:00,33836.0,33855.0,33830.0,33845.0,87
TMF,202602,2026-02-12 00:45:00,33844.0,33849.0,33834.0,33843.0,93
TMF,202602,2026-02-12 00:46:00,33848.0,33859.0,33841.0,33859.0,65
TMF,202602,2026-02-12 00:47:00,33857.0,33860.0,33849.0,33850.0,65
TMF,202602,2026-02-12 00:48:00,33848.0,33850.0,33829.0,33831.0,114
TMF,202602,2026-02-12 00:49:00,33831.0,33840.0,33821.0,33829.0,114
TMF,202602,2026-02-12 00:50:00,33826.0,33831.0,33824.0,33824.0,103
TMF,202602,2026-02-12 00:51:00,33823.0,33843.0,33823.0,33836.0,86
TMF,202602,2026-02-12 00:52:00,33838.0,33845.0,33834.0,33844.0,71
TMF,202602,2026-02-12 00:53:00,33842.0,33844.0,33832.0,33834.0,38
TMF,202602,2026-02-12 00:54:00,33838.0,33841.0,33837.0,33839.0,22
TMF,202602,2026-02-12 00:55:00,33832.0,33837.0,33828.0,33837.0,45
TMF,202602,2026-02-12 00:56:00,33833.0,33833.0,33806.0,33828.0,257
TMF,202602,2026-02-12 00:57:00,33820.0,33828.0,33816.0,33816.0,56
TMF,202602,2026-02-12 00:58:00,33816.0,33824.0,33806.0,33811.0,98
TMF,202602,2026-02-12 00:59:00,33810.0,33813.0,33794.0,33797.0,196
TMF,202602,2026-02-12 01:00:00,33800.0,33808.0,33786.0,33794.0,255
TMF,202602,2026-02-12 01:01:00,33793.0,33793.0,33743.0,33757.0,533
TMF,202602,2026-02-12 01:02:00,33753.0,33755.0,33728.0,33754.0,416
TMF,202602,2026-02-12 01:03:00,33751.0,33768.0,33742.0,33752.0,266
TMF,202602,2026-02-12 01:04:00,33754.0,33770.0,33753.0,33754.0,177
TMF,202602,2026-02-12 01:05:00,33751.0,33770.0,33750.0,33754.0,114
TMF,202602,2026-02-12 01:06:00,33764.0,33781.0,33764.0,33780.0,152
TMF,202602,2026-02-12 01:07:00,33780.0,33796.0,33776.0,33793.0,227
TMF,202602,2026-02-12 01:08:00,33792.0,33811.0,33778.0,33806.0,188
TMF,202602,2026-02-12 01:09:00,33811.0,33825.0,33806.0,33824.0,194
TMF,202602,2026-02-12 01:10:00,33824.0,33830.0,33812.0,33815.0,159
TMF,202602,2026-02-12 01:11:00,33817.0,33833.0,33800.0,33800.0,225
TMF,202602,2026-02-12 01:12:00,33801.0,33826.0,33800.0,33825.0,118
TMF,202602,2026-02-12 01:13:00,33825.0,33828.0,33816.0,33816.0,72
TMF,202602,2026-02-12 01:14:00,33818.0,33827.0,33814.0,33815.0,67
TMF,202602,2026-02-12 01:15:00,33820.0,33823.0,33812.0,33821.0,85
TMF,202602,2026-02-12 01:16:00,33818.0,33847.0,33810.0,33845.0,190
TMF,202602,2026-02-12 01:17:00,33846.0,33864.0,33836.0,33836.0,287
TMF,202602,2026-02-12 01:18:00,33835.0,33844.0,33822.0,33827.0,90
TMF,202602,2026-02-12 01:19:00,33829.0,33837.0,33820.0,33829.0,86
TMF,202602,2026-02-12 01:20:00,33830.0,33847.0,33816.0,33825.0,111
TMF,202602,2026-02-12 01:21:00,33828.0,33840.0,33828.0,33838.0,37
TMF,202602,2026-02-12 01:22:00,33839.0,33860.0,33839.0,33860.0,195
TMF,202602,2026-02-12 01:23:00,33860.0,33869.0,33855.0,33861.0,237
TMF,202602,2026-02-12 01:24:00,33863.0,33874.0,33862.0,33874.0,131
TMF,202602,2026-02-12 01:25:00,33874.0,33900.0,33874.0,33896.0,374
TMF,202602,2026-02-12 01:26:00,33897.0,33907.0,33890.0,33894.0,223
TMF,202602,2026-02-12 01:27:00,33894.0,33901.0,33891.0,33891.0,112
TMF,202602,2026-02-12 01:28:00,33891.0,33897.0,33880.0,33897.0,88
TMF,202602,2026-02-12 01:29:00,33897.0,33907.0,33893.0,33903.0,218
TMF,202602,2026-02-12 01:30:00,33902.0,33907.0,33888.0,33888.0,148
TMF,202602,2026-02-12 01:31:00,33887.0,33899.0,33883.0,33897.0,127
TMF,202602,2026-02-12 01:32:00,33895.0,33900.0,33889.0,33889.0,64
TMF,202602,2026-02-12 01:33:00,33891.0,33899.0,33885.0,33899.0,81
TMF,202602,2026-02-12 01:34:00,33898.0,33900.0,33883.0,33883.0,47
TMF,202602,2026-02-12 01:35:00,33884.0,33885.0,33877.0,33878.0,75
TMF,202602,2026-02-12 01:36:00,33880.0,33880.0,33866.0,33867.0,178
TMF,202602,2026-02-12 01:37:00,33867.0,33867.0,33854.0,33867.0,131
TMF,202602,2026-02-12 01:38:00,33864.0,33870.0,33856.0,33870.0,65
TMF,202602,2026-02-12 01:39:00,33870.0,33877.0,33867.0,33867.0,81
TMF,202602,2026-02-12 01:40:00,33870.0,33888.0,33869.0,33887.0,78
TMF,202602,2026-02-12 01:41:00,33888.0,33889.0,33874.0,33886.0,73
TMF,202602,2026-02-12 01:42:00,33883.0,33888.0,33876.0,33888.0,48
TMF,202602,2026-02-12 01:43:00,33889.0,33905.0,33888.0,33899.0,164
TMF,202602,2026-02-12 01:44:00,33899.0,33904.0,33888.0,33900.0,92
TMF,202602,2026-02-12 01:45:00,33900.0,33904.0,33878.0,33880.0,85
TMF,202602,2026-02-12 01:46:00,33882.0,33892.0,33882.0,33892.0,33
TMF,202602,2026-02-12 01:47:00,33893.0,33894.0,33884.0,33890.0,45
TMF,202602,2026-02-12 01:48:00,33892.0,33901.0,33888.0,33895.0,46
TMF,202602,2026-02-12 01:49:00,33896.0,33903.0,33895.0,33898.0,59
TMF,202602,2026-02-12 01:50:00,33901.0,33901.0,33889.0,33891.0,36
TMF,202602,2026-02-12 01:51:00,33893.0,33915.0,33890.0,33900.0,217
TMF,202602,2026-02-12 01:52:00,33899.0,33903.0,33890.0,33890.0,60
TMF,202602,2026-02-12 01:53:00,33891.0,33894.0,33881.0,33883.0,56
TMF,202602,2026-02-12 01:54:00,33885.0,33890.0,33882.0,33888.0,37
TMF,202602,2026-02-12 01:55:00,33890.0,33891.0,33875.0,33875.0,110
TMF,202602,2026-02-12 01:56:00,33876.0,33878.0,33868.0,33873.0,95
TMF,202602,2026-02-12 01:57:00,33870.0,33880.0,33864.0,33867.0,50
TMF,202602,2026-02-12 01:58:00,33865.0,33868.0,33853.0,33863.0,95
TMF,202602,2026-02-12 01:59:00,33866.0,33867.0,33859.0,33864.0,40
TMF,202602,2026-02-12 02:00:00,33864.0,33874.0,33862.0,33868.0,91
TMF,202602,2026-02-12 02:01:00,33871.0,33874.0,33864.0,33864.0,28
TMF,202602,2026-02-12 02:02:00,33868.0,33883.0,33844.0,33883.0,246
TMF,202602,2026-02-12 02:03:00,33883.0,33903.0,33881.0,33887.0,133
TMF,202602,2026-02-12 02:04:00,33888.0,33895.0,33884.0,33884.0,66
TMF,202602,2026-02-12 02:05:00,33881.0,33887.0,33871.0,33871.0,73
TMF,202602,2026-02-12 02:06:00,33874.0,33880.0,33862.0,33862.0,51
TMF,202602,2026-02-12 02:07:00,33863.0,33870.0,33860.0,33867.0,39
TMF,202602,2026-02-12 02:08:00,33867.0,33870.0,33863.0,33870.0,23
TMF,202602,2026-02-12 02:09:00,33870.0,33870.0,33855.0,33855.0,79
TMF,202602,2026-02-12 02:10:00,33854.0,33854.0,33832.0,33843.0,208
TMF,202602,2026-02-12 02:11:00,33840.0,33859.0,33840.0,33857.0,85
TMF,202602,2026-02-12 02:12:00,33854.0,33854.0,33840.0,33840.0,69
TMF,202602,2026-02-12 02:13:00,33838.0,33850.0,33837.0,33844.0,45
TMF,202602,2026-02-12 02:14:00,33843.0,33843.0,33836.0,33841.0,48
TMF,202602,2026-02-12 02:15:00,33841.0,33849.0,33834.0,33837.0,63
TMF,202602,2026-02-12 02:16:00,33836.0,33874.0,33836.0,33869.0,127
TMF,202602,2026-02-12 02:17:00,33873.0,33877.0,33866.0,33876.0,126
TMF,202602,2026-02-12 02:18:00,33880.0,33886.0,33877.0,33879.0,118
TMF,202602,2026-02-12 02:19:00,33879.0,33879.0,33853.0,33857.0,90
TMF,202602,2026-02-12 02:20:00,33854.0,33859.0,33851.0,33854.0,73
TMF,202602,2026-02-12 02:21:00,33853.0,33854.0,33851.0,33853.0,20
TMF,202602,2026-02-12 02:22:00,33853.0,33862.0,33853.0,33862.0,26
TMF,202602,2026-02-12 02:23:00,33861.0,33864.0,33857.0,33860.0,21
TMF,202602,2026-02-12 02:24:00,33862.0,33870.0,33861.0,33865.0,60
TMF,202602,2026-02-12 02:25:00,33863.0,33871.0,33863.0,33864.0,28
TMF,202602,2026-02-12 02:26:00,33866.0,33870.0,33861.0,33866.0,23
TMF,202602,2026-02-12 02:27:00,33866.0,33880.0,33866.0,33876.0,49
TMF,202602,2026-02-12 02:28:00,33878.0,33891.0,33878.0,33889.0,107
TMF,202602,2026-02-12 02:29:00,33885.0,33890.0,33879.0,33887.0,29
TMF,202602,2026-02-12 02:30:00,33887.0,33893.0,33875.0,33879.0,54
TMF,202602,2026-02-12 02:31:00,33880.0,33882.0,33877.0,33879.0,23
TMF,202602,2026-02-12 02:32:00,33875.0,33875.0,33870.0,33875.0,23
TMF,202602,2026-02-12 02:33:00,33874.0,33883.0,33874.0,33881.0,16
TMF,202602,2026-02-12 02:34:00,33879.0,33880.0,33871.0,33872.0,21
TMF,202602,2026-02-12 02:35:00,33869.0,33881.0,33868.0,33874.0,24
TMF,202602,2026-02-12 02:36:00,33871.0,33878.0,33864.0,33877.0,33
TMF,202602,2026-02-12 02:37:00,33877.0,33877.0,33875.0,33875.0,10
TMF,202602,2026-02-12 02:38:00,33870.0,33889.0,33870.0,33887.0,41
TMF,202602,2026-02-12 02:39:00,33884.0,33893.0,33884.0,33892.0,56
TMF,202602,2026-02-12 02:40:00,33892.0,33892.0,33874.0,33877.0,28
TMF,202602,2026-02-12 02:41:00,33877.0,33880.0,33872.0,33875.0,30
TMF,202602,2026-02-12 02:42:00,33877.0,33879.0,33874.0,33877.0,12
TMF,202602,2026-02-12 02:43:00,33879.0,33881.0,33870.0,33872.0,36
TMF,202602,2026-02-12 02:44:00,33871.0,33876.0,33867.0,33874.0,36
TMF,202602,2026-02-12 02:45:00,33876.0,33878.0,33872.0,33875.0,17
TMF,202602,2026-02-12 02:46:00,33876.0,33887.0,33876.0,33886.0,23
TMF,202602,2026-02-12 02:47:00,33888.0,33894.0,33881.0,33882.0,48
TMF,202602,2026-02-12 02:48:00,33885.0,33885.0,33880.0,33882.0,21
TMF,202602,2026-02-12 02:49:00,33884.0,33891.0,33884.0,33891.0,42
TMF,202602,2026-02-12 02:50:00,33892.0,33896.0,33865.0,33882.0,70
TMF,202602,2026-02-12 02:51:00,33881.0,33884.0,33876.0,33880.0,14
TMF,202602,2026-02-12 02:52:00,33880.0,33886.0,33878.0,33886.0,15
TMF,202602,2026-02-12 02:53:00,33886.0,33894.0,33886.0,33893.0,21
TMF,202602,2026-02-12 02:54:00,33892.0,33896.0,33883.0,33894.0,87
TMF,202602,2026-02-12 02:55:00,33891.0,33900.0,33891.0,33900.0,66
TMF,202602,2026-02-12 02:56:00,33897.0,33900.0,33892.0,33893.0,40
TMF,202602,2026-02-12 02:57:00,33894.0,33899.0,33883.0,33883.0,20
TMF,202602,2026-02-12 02:58:00,33884.0,33884.0,33875.0,33880.0,30
TMF,202602,2026-02-12 02:59:00,33881.0,33884.0,33881.0,33882.0,4
TMF,202602,2026-02-12 03:00:00,33881.0,33883.0,33876.0,33881.0,50
TMF,202602,2026-02-12 03:01:00,33881.0,33881.0,33875.0,33875.0,21
TMF,202602,2026-02-12 03:02:00,33874.0,33886.0,33874.0,33885.0,51
TMF,202602,2026-02-12 03:03:00,33883.0,33883.0,33870.0,33870.0,32
TMF,202602,2026-02-12 03:04:00,33871.0,33880.0,33869.0,33879.0,53
TMF,202602,2026-02-12 03:05:00,33879.0,33879.0,33863.0,33863.0,73
TMF,202602,2026-02-12 03:06:00,33864.0,33867.0,33860.0,33866.0,100
TMF,202602,2026-02-12 03:07:00,33866.0,33871.0,33865.0,33867.0,45
TMF,202602,2026-02-12 03:08:00,33868.0,33875.0,33865.0,33871.0,91
TMF,202602,2026-02-12 03:09:00,33870.0,33890.0,33852.0,33880.0,255
TMF,202602,2026-02-12 03:10:00,33878.0,33883.0,33876.0,33876.0,53
TMF,202602,2026-02-12 03:11:00,33883.0,33886.0,33877.0,33880.0,55
TMF,202602,2026-02-12 03:12:00,33880.0,33888.0,33875.0,33887.0,60
TMF,202602,2026-02-12 03:13:00,33887.0,33905.0,33887.0,33905.0,156
TMF,202602,2026-02-12 03:14:00,33904.0,33906.0,33900.0,33903.0,104
TMF,202602,2026-02-12 03:15:00,33902.0,33912.0,33902.0,33908.0,102
TMF,202602,2026-02-12 03:16:00,33911.0,33911.0,33901.0,33903.0,65
TMF,202602,2026-02-12 03:17:00,33904.0,33906.0,33899.0,33906.0,127
TMF,202602,2026-02-12 03:18:00,33903.0,33912.0,33903.0,33910.0,71
TMF,202602,2026-02-12 03:19:00,33907.0,33912.0,33901.0,33908.0,97
TMF,202602,2026-02-12 03:20:00,33909.0,33918.0,33909.0,33918.0,53
TMF,202602,2026-02-12 03:21:00,33919.0,33926.0,33919.0,33925.0,113
TMF,202602,2026-02-12 03:22:00,33922.0,33922.0,33916.0,33919.0,37
TMF,202602,2026-02-12 03:23:00,33920.0,33930.0,33920.0,33929.0,40
TMF,202602,2026-02-12 03:24:00,33930.0,33934.0,33929.0,33934.0,44
TMF,202602,2026-02-12 03:25:00,33934.0,33936.0,33929.0,33935.0,45
TMF,202602,2026-02-12 03:26:00,33936.0,33939.0,33931.0,33935.0,54
TMF,202602,2026-02-12 03:27:00,33934.0,33935.0,33931.0,33931.0,25
TMF,202602,2026-02-12 03:28:00,33930.0,33933.0,33924.0,33926.0,31
TMF,202602,2026-02-12 03:29:00,33929.0,33930.0,33928.0,33929.0,16
TMF,202602,2026-02-12 03:30:00,33931.0,33931.0,33916.0,33919.0,36
TMF,202602,2026-02-12 03:31:00,33918.0,33926.0,33916.0,33920.0,49
TMF,202602,2026-02-12 03:32:00,33921.0,33922.0,33918.0,33919.0,23
TMF,202602,2026-02-12 03:33:00,33919.0,33920.0,33918.0,33920.0,27
TMF,202602,2026-02-12 03:34:00,33921.0,33926.0,33921.0,33926.0,20
TMF,202602,2026-02-12 03:35:00,33927.0,33930.0,33927.0,33930.0,21
TMF,202602,2026-02-12 03:36:00,33931.0,33931.0,33925.0,33929.0,26
TMF,202602,2026-02-12 03:37:00,33930.0,33931.0,33923.0,33927.0,36
TMF,202602,2026-02-12 03:38:00,33926.0,33926.0,33923.0,33923.0,14
TMF,202602,2026-02-12 03:39:00,33922.0,33927.0,33921.0,33923.0,39
TMF,202602,2026-02-12 03:40:00,33923.0,33925.0,33922.0,33923.0,13
TMF,202602,2026-02-12 03:41:00,33924.0,33924.0,33916.0,33916.0,23
TMF,202602,2026-02-12 03:42:00,33918.0,33927.0,33918.0,33927.0,40
TMF,202602,2026-02-12 03:43:00,33926.0,33929.0,33925.0,33929.0,33
TMF,202602,2026-02-12 03:44:00,33927.0,33938.0,33927.0,33938.0,28
TMF,202602,2026-02-12 03:45:00,33937.0,33938.0,33903.0,33903.0,120
TMF,202602,2026-02-12 03:46:00,33901.0,33935.0,33892.0,33932.0,115
TMF,202602,2026-02-12 03:47:00,33934.0,33942.0,33924.0,33927.0,67
TMF,202602,2026-02-12 03:48:00,33930.0,33935.0,33926.0,33930.0,44
TMF,202602,2026-02-12 03:49:00,33930.0,33930.0,33923.0,33927.0,23
TMF,202602,2026-02-12 03:50:00,33927.0,33927.0,33916.0,33916.0,23
TMF,202602,2026-02-12 03:51:00,33917.0,33922.0,33914.0,33920.0,42
TMF,202602,2026-02-12 03:52:00,33920.0,33923.0,33919.0,33920.0,17
TMF,202602,2026-02-12 03:53:00,33920.0,33920.0,33915.0,33915.0,27
TMF,202602,2026-02-12 03:54:00,33914.0,33919.0,33913.0,33914.0,18
TMF,202602,2026-02-12 03:55:00,33915.0,33916.0,33900.0,33903.0,89
TMF,202602,2026-02-12 03:56:00,33905.0,33910.0,33903.0,33905.0,37
TMF,202602,2026-02-12 03:57:00,33905.0,33916.0,33905.0,33916.0,9
TMF,202602,2026-02-12 03:58:00,33914.0,33914.0,33896.0,33896.0,44
TMF,202602,2026-02-12 03:59:00,33898.0,33904.0,33898.0,33904.0,16
TMF,202602,2026-02-12 04:00:00,33901.0,33906.0,33884.0,33897.0,82
TMF,202602,2026-02-12 04:01:00,33898.0,33908.0,33892.0,33903.0,91
TMF,202602,2026-02-12 04:02:00,33903.0,33905.0,33900.0,33905.0,21
TMF,202602,2026-02-12 04:03:00,33901.0,33903.0,33897.0,33903.0,15
TMF,202602,2026-02-12 04:04:00,33903.0,33905.0,33900.0,33903.0,9
TMF,202602,2026-02-12 04:05:00,33903.0,33908.0,33900.0,33908.0,26
TMF,202602,2026-02-12 04:06:00,33908.0,33914.0,33899.0,33899.0,31
TMF,202602,2026-02-12 04:07:00,33899.0,33902.0,33891.0,33899.0,38
TMF,202602,2026-02-12 04:08:00,33899.0,33900.0,33895.0,33895.0,25
TMF,202602,2026-02-12 04:09:00,33895.0,33896.0,33894.0,33896.0,3
TMF,202602,2026-02-12 04:10:00,33897.0,33900.0,33895.0,33900.0,38
TMF,202602,2026-02-12 04:11:00,33902.0,33904.0,33902.0,33903.0,5
TMF,202602,2026-02-12 04:12:00,33903.0,33904.0,33899.0,33901.0,18
TMF,202602,2026-02-12 04:13:00,33900.0,33910.0,33898.0,33906.0,22
TMF,202602,2026-02-12 04:14:00,33906.0,33906.0,33902.0,33902.0,9
TMF,202602,2026-02-12 04:15:00,33905.0,33910.0,33904.0,33910.0,9
TMF,202602,2026-02-12 04:16:00,33907.0,33915.0,33906.0,33911.0,26
TMF,202602,2026-02-12 04:17:00,33908.0,33911.0,33905.0,33911.0,18
TMF,202602,2026-02-12 04:18:00,33910.0,33912.0,33906.0,33912.0,17
TMF,202602,2026-02-12 04:19:00,33915.0,33919.0,33915.0,33918.0,33
TMF,202602,2026-02-12 04:20:00,33917.0,33917.0,33907.0,33910.0,58
TMF,202602,2026-02-12 04:21:00,33913.0,33916.0,33912.0,33912.0,4
TMF,202602,2026-02-12 04:22:00,33912.0,33912.0,33907.0,33912.0,24
TMF,202602,2026-02-12 04:23:00,33918.0,33921.0,33915.0,33921.0,36
TMF,202602,2026-02-12 04:24:00,33923.0,33925.0,33920.0,33920.0,33
TMF,202602,2026-02-12 04:25:00,33921.0,33926.0,33920.0,33923.0,28
TMF,202602,2026-02-12 04:26:00,33921.0,33924.0,33921.0,33922.0,11
TMF,202602,2026-02-12 04:27:00,33925.0,33928.0,33922.0,33927.0,27
TMF,202602,2026-02-12 04:28:00,33924.0,33927.0,33921.0,33923.0,31
TMF,202602,2026-02-12 04:29:00,33923.0,33925.0,33917.0,33917.0,44
TMF,202602,2026-02-12 04:30:00,33917.0,33917.0,33906.0,33915.0,45
TMF,202602,2026-02-12 04:31:00,33914.0,33918.0,33910.0,33918.0,24
TMF,202602,2026-02-12 04:32:00,33917.0,33923.0,33915.0,33918.0,34
TMF,202602,2026-02-12 04:33:00,33917.0,33919.0,33913.0,33916.0,25
TMF,202602,2026-02-12 04:34:00,33918.0,33923.0,33916.0,33920.0,26
TMF,202602,2026-02-12 04:35:00,33920.0,33922.0,33914.0,33914.0,24
TMF,202602,2026-02-12 04:36:00,33919.0,33932.0,33919.0,33931.0,48
TMF,202602,2026-02-12 04:37:00,33930.0,33940.0,33930.0,33938.0,51
TMF,202602,2026-02-12 04:38:00,33938.0,33946.0,33938.0,33941.0,74
TMF,202602,2026-02-12 04:39:00,33938.0,33949.0,33937.0,33949.0,67
TMF,202602,2026-02-12 04:40:00,33950.0,33961.0,33947.0,33960.0,207
TMF,202602,2026-02-12 04:41:00,33962.0,33966.0,33958.0,33959.0,91
TMF,202602,2026-02-12 04:42:00,33958.0,33962.0,33955.0,33959.0,74
TMF,202602,2026-02-12 04:43:00,33959.0,33967.0,33959.0,33967.0,28
TMF,202602,2026-02-12 04:44:00,33964.0,33969.0,33964.0,33967.0,47
TMF,202602,2026-02-12 04:45:00,33966.0,33967.0,33957.0,33962.0,115
TMF,202602,2026-02-12 04:46:00,33956.0,33964.0,33956.0,33962.0,34
TMF,202602,2026-02-12 04:47:00,33962.0,33964.0,33955.0,33963.0,64
TMF,202602,2026-02-12 04:48:00,33963.0,33968.0,33962.0,33968.0,96
TMF,202602,2026-02-12 04:49:00,33968.0,33968.0,33956.0,33959.0,81
TMF,202602,2026-02-12 04:50:00,33957.0,33960.0,33945.0,33945.0,175
TMF,202602,2026-02-12 04:51:00,33947.0,33953.0,33944.0,33949.0,75
TMF,202602,2026-02-12 04:52:00,33951.0,33953.0,33945.0,33950.0,119
TMF,202602,2026-02-12 04:53:00,33951.0,33953.0,33946.0,33949.0,133
TMF,202602,2026-02-12 04:54:00,33950.0,33954.0,33947.0,33952.0,187
TMF,202602,2026-02-12 04:55:00,33952.0,33956.0,33946.0,33949.0,138
TMF,202602,2026-02-12 04:56:00,33949.0,33952.0,33935.0,33940.0,152
TMF,202602,2026-02-12 04:57:00,33945.0,33966.0,33941.0,33958.0,74
TMF,202602,2026-02-12 04:58:00,33959.0,33976.0,33956.0,33976.0,98
TMF,202602,2026-02-12 04:59:00,33976.0,33980.0,33958.0,33966.0,230
TMF,202602/202603,2026-02-11 16:32:00,157.0,157.0,157.0,157.0,2
TMF,202602/202603,2026-02-11 19:09:00,155.0,155.0,155.0,155.0,6
TMF,202602/202603,2026-02-11 20:53:00,142.0,142.0,142.0,142.0,2
TMF,202603,2026-02-11 15:00:00,33780.0,33830.0,33738.0,33816.0,147
TMF,202603,2026-02-11 15:01:00,33800.0,33816.0,33783.0,33810.0,43
TMF,202603,2026-02-11 15:02:00,33803.0,33810.0,33800.0,33800.0,50
TMF,202603,2026-02-11 15:03:00,33803.0,33810.0,33800.0,33800.0,24
TMF,202603,2026-02-11 15:04:00,33792.0,33810.0,33784.0,33810.0,31
TMF,202603,2026-02-11 15:05:00,33809.0,33812.0,33802.0,33808.0,20
TMF,202603,2026-02-11 15:06:00,33811.0,33826.0,33811.0,33815.0,49
TMF,202603,2026-02-11 15:07:00,33809.0,33814.0,33799.0,33804.0,23
TMF,202603,2026-02-11 15:08:00,33807.0,33809.0,33796.0,33799.0,19
TMF,202603,2026-02-11 15:09:00,33800.0,33807.0,33795.0,33795.0,17
TMF,202603,2026-02-11 15:10:00,33795.0,33795.0,33784.0,33795.0,27
TMF,202603,2026-02-11 15:11:00,33791.0,33796.0,33787.0,33787.0,14
TMF,202603,2026-02-11 15:12:00,33786.0,33791.0,33783.0,33790.0,22
TMF,202603,2026-02-11 15:13:00,33793.0,33793.0,33779.0,33779.0,16
TMF,202603,2026-02-11 15:14:00,33777.0,33777.0,33766.0,33774.0,42
TMF,202603,2026-02-11 15:15:00,33775.0,33777.0,33771.0,33773.0,23
TMF,202603,2026-02-11 15:16:00,33771.0,33780.0,33769.0,33779.0,21
TMF,202603,2026-02-11 15:17:00,33783.0,33805.0,33783.0,33805.0,28
TMF,202603,2026-02-11 15:18:00,33800.0,33810.0,33800.0,33810.0,20
TMF,202603,2026-02-11 15:19:00,33815.0,33821.0,33815.0,33819.0,21
TMF,202603,2026-02-11 15:20:00,33819.0,33819.0,33804.0,33811.0,19
TMF,202603,2026-02-11 15:21:00,33813.0,33839.0,33813.0,33830.0,36
TMF,202603,2026-02-11 15:22:00,33835.0,33838.0,33832.0,33832.0,20
TMF,202603,2026-02-11 15:23:00,33832.0,33832.0,33825.0,33828.0,22
TMF,202603,2026-02-11 15:24:00,33830.0,33837.0,33828.0,33835.0,14
TMF,202603,2026-02-11 15:25:00,33837.0,33840.0,33834.0,33835.0,32
TMF,202603,2026-02-11 15:26:00,33837.0,33847.0,33837.0,33847.0,15
TMF,202603,2026-02-11 15:27:00,33847.0,33847.0,33840.0,33843.0,21
TMF,202603,2026-02-11 15:28:00,33843.0,33843.0,33835.0,33835.0,13
TMF,202603,2026-02-11 15:29:00,33830.0,33834.0,33825.0,33828.0,15
TMF,202603,2026-02-11 15:30:00,33834.0,33834.0,33824.0,33825.0,9
TMF,202603,2026-02-11 15:31:00,33821.0,33825.0,33820.0,33824.0,10
TMF,202603,2026-02-11 15:32:00,33824.0,33824.0,33813.0,33815.0,13
TMF,202603,2026-02-11 15:33:00,33815.0,33820.0,33815.0,33817.0,5
TMF,202603,2026-02-11 15:34:00,33820.0,33825.0,33820.0,33825.0,5
TMF,202603,2026-02-11 15:35:00,33829.0,33832.0,33829.0,33832.0,6
TMF,202603,2026-02-11 15:36:00,33833.0,33836.0,33822.0,33825.0,29
TMF,202603,2026-02-11 15:37:00,33823.0,33825.0,33819.0,33819.0,18
TMF,202603,2026-02-11 15:38:00,33819.0,33824.0,33818.0,33823.0,58
TMF,202603,2026-02-11 15:39:00,33819.0,33819.0,33815.0,33815.0,9
TMF,202603,2026-02-11 15:40:00,33816.0,33816.0,33807.0,33807.0,33
TMF,202603,2026-02-11 15:41:00,33807.0,33809.0,33804.0,33809.0,8
TMF,202603,2026-02-11 15:42:00,33807.0,33810.0,33806.0,33807.0,6
TMF,202603,2026-02-11 15:43:00,33815.0,33820.0,33815.0,33817.0,13
TMF,202603,2026-02-11 15:44:00,33818.0,33818.0,33818.0,33818.0,1
TMF,202603,2026-02-11 15:45:00,33824.0,33828.0,33821.0,33825.0,12
TMF,202603,2026-02-11 15:46:00,33828.0,33836.0,33828.0,33836.0,10
TMF,202603,2026-02-11 15:47:00,33837.0,33841.0,33837.0,33838.0,13
TMF,202603,2026-02-11 15:48:00,33837.0,33837.0,33826.0,33826.0,14
TMF,202603,2026-02-11 15:49:00,33827.0,33827.0,33818.0,33818.0,6
TMF,202603,2026-02-11 15:50:00,33817.0,33820.0,33816.0,33820.0,16
TMF,202603,2026-02-11 15:51:00,33820.0,33820.0,33820.0,33820.0,3
TMF,202603,2026-02-11 15:52:00,33820.0,33820.0,33811.0,33811.0,12
TMF,202603,2026-02-11 15:53:00,33813.0,33816.0,33813.0,33816.0,13
TMF,202603,2026-02-11 15:54:00,33816.0,33818.0,33815.0,33818.0,10
TMF,202603,2026-02-11 15:55:00,33818.0,33819.0,33807.0,33807.0,20
TMF,202603,2026-02-11 15:56:00,33807.0,33807.0,33802.0,33807.0,14
TMF,202603,2026-02-11 15:57:00,33812.0,33812.0,33812.0,33812.0,1
TMF,202603,2026-02-11 15:58:00,33811.0,33811.0,33811.0,33811.0,1
TMF,202603,2026-02-11 15:59:00,33816.0,33816.0,33816.0,33816.0,3
TMF,202603,2026-02-11 16:00:00,33819.0,33829.0,33819.0,33829.0,12
TMF,202603,2026-02-11 16:01:00,33826.0,33826.0,33822.0,33822.0,12
TMF,202603,2026-02-11 16:02:00,33822.0,33828.0,33822.0,33828.0,7
TMF,202603,2026-02-11 16:03:00,33826.0,33826.0,33826.0,33826.0,1
TMF,202603,2026-02-11 16:04:00,33826.0,33842.0,33826.0,33841.0,23
TMF,202603,2026-02-11 16:05:00,33826.0,33838.0,33825.0,33838.0,6
TMF,202603,2026-02-11 16:06:00,33832.0,33833.0,33832.0,33833.0,3
TMF,202603,2026-02-11 16:07:00,33825.0,33828.0,33820.0,33820.0,12
TMF,202603,2026-02-11 16:08:00,33823.0,33823.0,33823.0,33823.0,2
TMF,202603,2026-02-11 16:09:00,33820.0,33820.0,33808.0,33811.0,14
TMF,202603,2026-02-11 16:10:00,33808.0,33808.0,33805.0,33808.0,9
TMF,202603,2026-02-11 16:11:00,33811.0,33820.0,33811.0,33820.0,9
TMF,202603,2026-02-11 16:12:00,33820.0,33823.0,33820.0,33823.0,3
TMF,202603,2026-02-11 16:13:00,33823.0,33825.0,33808.0,33808.0,7
TMF,202603,2026-02-11 16:14:00,33806.0,33806.0,33800.0,33800.0,43
TMF,202603,2026-02-11 16:15:00,33802.0,33810.0,33800.0,33804.0,14
TMF,202603,2026-02-11 16:16:00,33803.0,33806.0,33800.0,33806.0,7
TMF,202603,2026-02-11 16:17:00,33806.0,33812.0,33806.0,33812.0,2
TMF,202603,2026-02-11 16:18:00,33811.0,33811.0,33806.0,33806.0,4
TMF,202603,2026-02-11 16:19:00,33806.0,33806.0,33787.0,33787.0,36
TMF,202603,2026-02-11 16:20:00,33788.0,33807.0,33788.0,33807.0,3
TMF,202603,2026-02-11 16:21:00,33808.0,33808.0,33803.0,33803.0,2
TMF,202603,2026-02-11 16:22:00,33805.0,33810.0,33802.0,33805.0,35
TMF,202603,2026-02-11 16:24:00,33808.0,33815.0,33803.0,33815.0,12
TMF,202603,2026-02-11 16:25:00,33814.0,33823.0,33814.0,33821.0,22
TMF,202603,2026-02-11 16:26:00,33822.0,33829.0,33821.0,33829.0,13
TMF,202603,2026-02-11 16:27:00,33830.0,33831.0,33828.0,33828.0,6
TMF,202603,2026-02-11 16:28:00,33824.0,33824.0,33811.0,33811.0,14
TMF,202603,2026-02-11 16:29:00,33808.0,33808.0,33805.0,33806.0,7
TMF,202603,2026-02-11 16:30:00,33810.0,33810.0,33808.0,33809.0,3
TMF,202603,2026-02-11 16:31:00,33815.0,33817.0,33813.0,33815.0,4
TMF,202603,2026-02-11 16:32:00,33818.0,33826.0,33818.0,33822.0,13
TMF,202603,2026-02-11 16:33:00,33822.0,33822.0,33821.0,33821.0,2
TMF,202603,2026-02-11 16:34:00,33829.0,33830.0,33829.0,33830.0,4
TMF,202603,2026-02-11 16:35:00,33829.0,33837.0,33829.0,33837.0,14
TMF,202603,2026-02-11 16:36:00,33836.0,33838.0,33834.0,33837.0,9
TMF,202603,2026-02-11 16:37:00,33839.0,33840.0,33836.0,33836.0,13
TMF,202603,2026-02-11 16:38:00,33837.0,33838.0,33835.0,33836.0,9
TMF,202603,2026-02-11 16:39:00,33830.0,33831.0,33830.0,33831.0,2
TMF,202603,2026-02-11 16:40:00,33833.0,33833.0,33833.0,33833.0,1
TMF,202603,2026-02-11 16:41:00,33827.0,33832.0,33826.0,33832.0,4
TMF,202603,2026-02-11 16:42:00,33832.0,33833.0,33831.0,33832.0,28
TMF,202603,2026-02-11 16:43:00,33833.0,33834.0,33831.0,33832.0,4
TMF,202603,2026-02-11 16:44:00,33838.0,33842.0,33838.0,33842.0,8
TMF,202603,2026-02-11 16:45:00,33842.0,33845.0,33841.0,33841.0,10
TMF,202603,2026-02-11 16:46:00,33842.0,33844.0,33842.0,33842.0,9
TMF,202603,2026-02-11 16:47:00,33840.0,33840.0,33836.0,33836.0,10
TMF,202603,2026-02-11 16:48:00,33832.0,33832.0,33827.0,33827.0,6
TMF,202603,2026-02-11 16:49:00,33830.0,33830.0,33824.0,33824.0,9
TMF,202603,2026-02-11 16:50:00,33822.0,33823.0,33818.0,33818.0,9
TMF,202603,2026-02-11 16:51:00,33826.0,33826.0,33825.0,33825.0,2
TMF,202603,2026-02-11 16:52:00,33824.0,33824.0,33823.0,33824.0,7
TMF,202603,2026-02-11 16:54:00,33834.0,33834.0,33834.0,33834.0,5
TMF,202603,2026-02-11 16:55:00,33834.0,33834.0,33831.0,33831.0,4
TMF,202603,2026-02-11 16:56:00,33834.0,33834.0,33831.0,33834.0,4
TMF,202603,2026-02-11 16:57:00,33833.0,33833.0,33825.0,33825.0,5
TMF,202603,2026-02-11 16:58:00,33826.0,33826.0,33822.0,33822.0,9
TMF,202603,2026-02-11 16:59:00,33830.0,33830.0,33830.0,33830.0,1
TMF,202603,2026-02-11 17:00:00,33828.0,33834.0,33821.0,33821.0,17
TMF,202603,2026-02-11 17:01:00,33822.0,33828.0,33818.0,33828.0,13
TMF,202603,2026-02-11 17:02:00,33836.0,33843.0,33836.0,33843.0,13
TMF,202603,2026-02-11 17:03:00,33842.0,33844.0,33839.0,33841.0,12
TMF,202603,2026-02-11 17:04:00,33840.0,33841.0,33838.0,33838.0,7
TMF,202603,2026-02-11 17:05:00,33838.0,33848.0,33838.0,33848.0,13
TMF,202603,2026-02-11 17:06:00,33847.0,33849.0,33841.0,33845.0,16
TMF,202603,2026-02-11 17:07:00,33840.0,33842.0,33837.0,33840.0,15
TMF,202603,2026-02-11 17:08:00,33836.0,33839.0,33834.0,33838.0,41
TMF,202603,2026-02-11 17:09:00,33837.0,33837.0,33829.0,33829.0,14
TMF,202603,2026-02-11 17:10:00,33830.0,33832.0,33829.0,33831.0,11
TMF,202603,2026-02-11 17:11:00,33831.0,33834.0,33831.0,33834.0,4
TMF,202603,2026-02-11 17:12:00,33834.0,33834.0,33831.0,33831.0,3
TMF,202603,2026-02-11 17:13:00,33829.0,33829.0,33825.0,33826.0,8
TMF,202603,2026-02-11 17:14:00,33830.0,33830.0,33830.0,33830.0,1
TMF,202603,2026-02-11 17:15:00,33835.0,33835.0,33835.0,33835.0,9
TMF,202603,2026-02-11 17:16:00,33833.0,33833.0,33829.0,33829.0,3
TMF,202603,2026-02-11 17:17:00,33826.0,33826.0,33818.0,33818.0,17
TMF,202603,2026-02-11 17:18:00,33818.0,33820.0,33818.0,33820.0,7
TMF,202603,2026-02-11 17:19:00,33820.0,33822.0,33818.0,33818.0,13
TMF,202603,2026-02-11 17:20:00,33818.0,33818.0,33812.0,33812.0,19
TMF,202603,2026-02-11 17:21:00,33811.0,33814.0,33809.0,33814.0,22
TMF,202603,2026-02-11 17:23:00,33816.0,33817.0,33811.0,33811.0,10
TMF,202603,2026-02-11 17:24:00,33811.0,33816.0,33811.0,33816.0,7
TMF,202603,2026-02-11 17:25:00,33828.0,33828.0,33824.0,33824.0,4
TMF,202603,2026-02-11 17:26:00,33828.0,33834.0,33828.0,33834.0,6
TMF,202603,2026-02-11 17:27:00,33835.0,33836.0,33835.0,33835.0,5
TMF,202603,2026-02-11 17:28:00,33831.0,33832.0,33831.0,33832.0,5
TMF,202603,2026-02-11 17:29:00,33828.0,33831.0,33828.0,33831.0,2
TMF,202603,2026-02-11 17:30:00,33827.0,33830.0,33827.0,33828.0,6
TMF,202603,2026-02-11 17:31:00,33820.0,33820.0,33820.0,33820.0,4
TMF,202603,2026-02-11 17:32:00,33818.0,33819.0,33809.0,33813.0,16
TMF,202603,2026-02-11 17:33:00,33815.0,33815.0,33801.0,33801.0,29
TMF,202603,2026-02-11 17:34:00,33800.0,33802.0,33796.0,33802.0,30
TMF,202603,2026-02-11 17:35:00,33802.0,33806.0,33802.0,33803.0,7
TMF,202603,2026-02-11 17:36:00,33810.0,33811.0,33808.0,33808.0,5
TMF,202603,2026-02-11 17:37:00,33801.0,33801.0,33796.0,33796.0,19
TMF,202603,2026-02-11 17:38:00,33797.0,33797.0,33787.0,33788.0,38
TMF,202603,2026-02-11 17:39:00,33788.0,33788.0,33785.0,33786.0,25
TMF,202603,2026-02-11 17:40:00,33788.0,33791.0,33781.0,33785.0,38
TMF,202603,2026-02-11 17:41:00,33785.0,33785.0,33782.0,33783.0,9
TMF,202603,2026-02-11 17:42:00,33783.0,33783.0,33780.0,33783.0,39
TMF,202603,2026-02-11 17:43:00,33785.0,33788.0,33785.0,33787.0,7
TMF,202603,2026-02-11 17:44:00,33782.0,33790.0,33781.0,33790.0,13
TMF,202603,2026-02-11 17:45:00,33799.0,33800.0,33791.0,33797.0,9
TMF,202603,2026-02-11 17:46:00,33798.0,33803.0,33797.0,33799.0,16
TMF,202603,2026-02-11 17:47:00,33800.0,33801.0,33800.0,33800.0,7
TMF,202603,2026-02-11 17:48:00,33799.0,33801.0,33794.0,33801.0,13
TMF,202603,2026-02-11 17:49:00,33800.0,33800.0,33788.0,33789.0,12
TMF,202603,2026-02-11 17:50:00,33792.0,33792.0,33789.0,33789.0,18
TMF,202603,2026-02-11 17:51:00,33788.0,33788.0,33787.0,33788.0,5
TMF,202603,2026-02-11 17:52:00,33789.0,33790.0,33788.0,33790.0,5
TMF,202603,2026-02-11 17:54:00,33792.0,33800.0,33792.0,33800.0,18
TMF,202603,2026-02-11 17:55:00,33799.0,33806.0,33799.0,33802.0,8
TMF,202603,2026-02-11 17:56:00,33800.0,33800.0,33799.0,33799.0,3
TMF,202603,2026-02-11 17:57:00,33796.0,33802.0,33796.0,33800.0,12
TMF,202603,2026-02-11 17:58:00,33800.0,33800.0,33799.0,33799.0,3
TMF,202603,2026-02-11 17:59:00,33800.0,33800.0,33796.0,33796.0,4
TMF,202603,2026-02-11 18:00:00,33793.0,33793.0,33781.0,33784.0,22
TMF,202603,2026-02-11 18:01:00,33784.0,33784.0,33764.0,33774.0,89
TMF,202603,2026-02-11 18:02:00,33773.0,33778.0,33765.0,33775.0,16
TMF,202603,2026-02-11 18:03:00,33775.0,33781.0,33771.0,33781.0,20
TMF,202603,2026-02-11 18:04:00,33775.0,33775.0,33765.0,33769.0,43
TMF,202603,2026-02-11 18:05:00,33771.0,33773.0,33765.0,33772.0,16
TMF,202603,2026-02-11 18:06:00,33772.0,33779.0,33768.0,33769.0,17
TMF,202603,2026-02-11 18:07:00,33775.0,33780.0,33774.0,33774.0,17
TMF,202603,2026-02-11 18:08:00,33773.0,33773.0,33770.0,33770.0,9
TMF,202603,2026-02-11 18:09:00,33770.0,33772.0,33761.0,33769.0,35
TMF,202603,2026-02-11 18:10:00,33773.0,33788.0,33772.0,33787.0,23
TMF,202603,2026-02-11 18:11:00,33788.0,33796.0,33788.0,33793.0,15
TMF,202603,2026-02-11 18:12:00,33794.0,33798.0,33794.0,33796.0,11
TMF,202603,2026-02-11 18:13:00,33793.0,33793.0,33780.0,33780.0,12
TMF,202603,2026-02-11 18:14:00,33781.0,33783.0,33780.0,33780.0,5
TMF,202603,2026-02-11 18:15:00,33783.0,33785.0,33783.0,33785.0,5
TMF,202603,2026-02-11 18:16:00,33785.0,33785.0,33785.0,33785.0,2
TMF,202603,2026-02-11 18:17:00,33788.0,33788.0,33785.0,33785.0,19
TMF,202603,2026-02-11 18:18:00,33787.0,33787.0,33787.0,33787.0,2
TMF,202603,2026-02-11 18:19:00,33788.0,33790.0,33788.0,33790.0,10
TMF,202603,2026-02-11 18:20:00,33790.0,33794.0,33787.0,33794.0,9
TMF,202603,2026-02-11 18:21:00,33800.0,33803.0,33800.0,33803.0,17
TMF,202603,2026-02-11 18:22:00,33805.0,33808.0,33805.0,33805.0,12
TMF,202603,2026-02-11 18:23:00,33802.0,33803.0,33802.0,33802.0,4
TMF,202603,2026-02-11 18:24:00,33801.0,33801.0,33800.0,33800.0,13
TMF,202603,2026-02-11 18:25:00,33801.0,33801.0,33794.0,33799.0,12
TMF,202603,2026-02-11 18:26:00,33800.0,33801.0,33798.0,33801.0,41
TMF,202603,2026-02-11 18:27:00,33797.0,33808.0,33797.0,33808.0,8
TMF,202603,2026-02-11 18:28:00,33809.0,33811.0,33805.0,33805.0,13
TMF,202603,2026-02-11 18:29:00,33801.0,33801.0,33801.0,33801.0,1
TMF,202603,2026-02-11 18:30:00,33803.0,33806.0,33797.0,33797.0,6
TMF,202603,2026-02-11 18:31:00,33797.0,33800.0,33796.0,33796.0,7
TMF,202603,2026-02-11 18:32:00,33797.0,33797.0,33794.0,33797.0,5
TMF,202603,2026-02-11 18:33:00,33800.0,33800.0,33795.0,33795.0,8
TMF,202603,2026-02-11 18:34:00,33796.0,33802.0,33793.0,33797.0,25
TMF,202603,2026-02-11 18:35:00,33799.0,33799.0,33799.0,33799.0,1
TMF,202603,2026-02-11 18:36:00,33794.0,33796.0,33792.0,33796.0,5
TMF,202603,2026-02-11 18:37:00,33799.0,33801.0,33799.0,33799.0,5
TMF,202603,2026-02-11 18:38:00,33798.0,33800.0,33798.0,33800.0,3
TMF,202603,2026-02-11 18:39:00,33800.0,33800.0,33800.0,33800.0,1
TMF,202603,2026-02-11 18:40:00,33800.0,33800.0,33799.0,33799.0,2
TMF,202603,2026-02-11 18:41:00,33800.0,33800.0,33800.0,33800.0,1
TMF,202603,2026-02-11 18:42:00,33802.0,33802.0,33802.0,33802.0,2
TMF,202603,2026-02-11 18:43:00,33805.0,33805.0,33805.0,33805.0,4
TMF,202603,2026-02-11 18:44:00,33807.0,33808.0,33807.0,33808.0,6
TMF,202603,2026-02-11 18:45:00,33808.0,33808.0,33801.0,33801.0,2
TMF,202603,2026-02-11 18:46:00,33800.0,33800.0,33799.0,33799.0,2
TMF,202603,2026-02-11 18:47:00,33798.0,33798.0,33796.0,33796.0,4
TMF,202603,2026-02-11 18:48:00,33794.0,33794.0,33790.0,33790.0,7
TMF,202603,2026-02-11 18:49:00,33790.0,33791.0,33790.0,33790.0,3
TMF,202603,2026-02-11 18:50:00,33795.0,33795.0,33795.0,33795.0,2
TMF,202603,2026-02-11 18:51:00,33794.0,33794.0,33794.0,33794.0,1
TMF,202603,2026-02-11 18:52:00,33795.0,33795.0,33786.0,33786.0,11
TMF,202603,2026-02-11 18:53:00,33787.0,33788.0,33787.0,33788.0,2
TMF,202603,2026-02-11 18:54:00,33787.0,33790.0,33782.0,33790.0,9
TMF,202603,2026-02-11 18:55:00,33797.0,33803.0,33797.0,33803.0,5
TMF,202603,2026-02-11 18:56:00,33805.0,33806.0,33803.0,33805.0,8
TMF,202603,2026-02-11 18:57:00,33803.0,33810.0,33803.0,33810.0,12
TMF,202603,2026-02-11 18:58:00,33810.0,33810.0,33803.0,33803.0,7
TMF,202603,2026-02-11 18:59:00,33807.0,33812.0,33807.0,33812.0,7
TMF,202603,2026-02-11 19:00:00,33812.0,33823.0,33812.0,33822.0,23
TMF,202603,2026-02-11 19:01:00,33823.0,33829.0,33823.0,33828.0,16
TMF,202603,2026-02-11 19:02:00,33828.0,33828.0,33823.0,33823.0,26
TMF,202603,2026-02-11 19:03:00,33823.0,33823.0,33813.0,33815.0,10
TMF,202603,2026-02-11 19:04:00,33816.0,33829.0,33816.0,33829.0,5
TMF,202603,2026-02-11 19:05:00,33829.0,33830.0,33826.0,33826.0,10
TMF,202603,2026-02-11 19:06:00,33830.0,33834.0,33827.0,33834.0,23
TMF,202603,2026-02-11 19:07:00,33834.0,33840.0,33834.0,33839.0,32
TMF,202603,2026-02-11 19:08:00,33836.0,33836.0,33831.0,33835.0,13
TMF,202603,2026-02-11 19:09:00,33832.0,33832.0,33828.0,33832.0,20
TMF,202603,2026-02-11 19:10:00,33832.0,33837.0,33831.0,33837.0,9
TMF,202603,2026-02-11 19:11:00,33834.0,33835.0,33830.0,33830.0,10
TMF,202603,2026-02-11 19:12:00,33830.0,33830.0,33823.0,33823.0,7
TMF,202603,2026-02-11 19:13:00,33821.0,33821.0,33816.0,33816.0,9
TMF,202603,2026-02-11 19:15:00,33817.0,33817.0,33817.0,33817.0,3
TMF,202603,2026-02-11 19:16:00,33818.0,33823.0,33816.0,33823.0,5
TMF,202603,2026-02-11 19:17:00,33823.0,33823.0,33821.0,33821.0,5
TMF,202603,2026-02-11 19:18:00,33827.0,33827.0,33826.0,33826.0,4
TMF,202603,2026-02-11 19:19:00,33829.0,33830.0,33829.0,33830.0,7
TMF,202603,2026-02-11 19:20:00,33830.0,33832.0,33827.0,33827.0,7
TMF,202603,2026-02-11 19:21:00,33831.0,33832.0,33831.0,33832.0,3
TMF,202603,2026-02-11 19:22:00,33834.0,33835.0,33834.0,33835.0,3
TMF,202603,2026-02-11 19:24:00,33832.0,33832.0,33825.0,33825.0,16
TMF,202603,2026-02-11 19:25:00,33824.0,33824.0,33822.0,33822.0,6
TMF,202603,2026-02-11 19:26:00,33824.0,33824.0,33824.0,33824.0,1
TMF,202603,2026-02-11 19:27:00,33823.0,33825.0,33822.0,33825.0,10
TMF,202603,2026-02-11 19:28:00,33823.0,33826.0,33823.0,33825.0,7
TMF,202603,2026-02-11 19:30:00,33830.0,33831.0,33829.0,33831.0,4
TMF,202603,2026-02-11 19:31:00,33831.0,33836.0,33831.0,33832.0,5
TMF,202603,2026-02-11 19:32:00,33833.0,33833.0,33829.0,33829.0,10
TMF,202603,2026-02-11 19:35:00,33835.0,33837.0,33835.0,33837.0,4
TMF,202603,2026-02-11 19:36:00,33831.0,33831.0,33825.0,33825.0,16
TMF,202603,2026-02-11 19:37:00,33825.0,33825.0,33825.0,33825.0,1
TMF,202603,2026-02-11 19:38:00,33830.0,33830.0,33829.0,33829.0,3
TMF,202603,2026-02-11 19:39:00,33826.0,33826.0,33823.0,33823.0,6
TMF,202603,2026-02-11 19:40:00,33823.0,33824.0,33820.0,33820.0,8
TMF,202603,2026-02-11 19:41:00,33820.0,33820.0,33814.0,33814.0,13
TMF,202603,2026-02-11 19:42:00,33814.0,33814.0,33814.0,33814.0,3
TMF,202603,2026-02-11 19:43:00,33815.0,33816.0,33789.0,33789.0,49
TMF,202603,2026-02-11 19:44:00,33804.0,33813.0,33804.0,33812.0,9
TMF,202603,2026-02-11 19:45:00,33814.0,33814.0,33809.0,33809.0,4
TMF,202603,2026-02-11 19:46:00,33813.0,33820.0,33813.0,33818.0,4
TMF,202603,2026-02-11 19:47:00,33823.0,33824.0,33814.0,33814.0,7
TMF,202603,2026-02-11 19:48:00,33814.0,33818.0,33814.0,33817.0,5
TMF,202603,2026-02-11 19:49:00,33819.0,33819.0,33817.0,33817.0,3
TMF,202603,2026-02-11 19:50:00,33826.0,33826.0,33823.0,33823.0,2
TMF,202603,2026-02-11 19:51:00,33820.0,33822.0,33820.0,33822.0,3
TMF,202603,2026-02-11 19:52:00,33826.0,33828.0,33818.0,33818.0,18
TMF,202603,2026-02-11 19:53:00,33821.0,33821.0,33821.0,33821.0,1
TMF,202603,2026-02-11 19:54:00,33823.0,33823.0,33818.0,33818.0,5
TMF,202603,2026-02-11 19:55:00,33817.0,33817.0,33803.0,33805.0,11
TMF,202603,2026-02-11 19:56:00,33807.0,33807.0,33803.0,33803.0,3
TMF,202603,2026-02-11 19:57:00,33805.0,33805.0,33799.0,33799.0,12
TMF,202603,2026-02-11 19:58:00,33799.0,33800.0,33799.0,33800.0,3
TMF,202603,2026-02-11 19:59:00,33800.0,33800.0,33799.0,33799.0,7
TMF,202603,2026-02-11 20:00:00,33805.0,33810.0,33805.0,33809.0,11
TMF,202603,2026-02-11 20:01:00,33808.0,33820.0,33802.0,33818.0,13
TMF,202603,2026-02-11 20:02:00,33820.0,33822.0,33820.0,33820.0,6
TMF,202603,2026-02-11 20:03:00,33818.0,33823.0,33814.0,33823.0,5
TMF,202603,2026-02-11 20:04:00,33823.0,33823.0,33817.0,33817.0,5
TMF,202603,2026-02-11 20:05:00,33817.0,33821.0,33817.0,33821.0,6
TMF,202603,2026-02-11 20:06:00,33822.0,33822.0,33818.0,33818.0,3
TMF,202603,2026-02-11 20:07:00,33821.0,33825.0,33821.0,33825.0,11
TMF,202603,2026-02-11 20:08:00,33828.0,33830.0,33826.0,33830.0,16
TMF,202603,2026-02-11 20:09:00,33832.0,33833.0,33828.0,33829.0,11
TMF,202603,2026-02-11 20:10:00,33828.0,33828.0,33825.0,33827.0,10
TMF,202603,2026-02-11 20:12:00,33829.0,33829.0,33828.0,33828.0,2
TMF,202603,2026-02-11 20:13:00,33830.0,33836.0,33830.0,33834.0,35
TMF,202603,2026-02-11 20:14:00,33834.0,33834.0,33832.0,33832.0,5
TMF,202603,2026-02-11 20:15:00,33834.0,33835.0,33831.0,33831.0,8
TMF,202603,2026-02-11 20:16:00,33831.0,33831.0,33824.0,33827.0,7
TMF,202603,2026-02-11 20:17:00,33825.0,33825.0,33823.0,33823.0,4
TMF,202603,2026-02-11 20:18:00,33823.0,33824.0,33823.0,33824.0,2
TMF,202603,2026-02-11 20:19:00,33818.0,33821.0,33815.0,33821.0,7
TMF,202603,2026-02-11 20:20:00,33823.0,33833.0,33823.0,33833.0,4
TMF,202603,2026-02-11 20:21:00,33826.0,33827.0,33826.0,33827.0,2
TMF,202603,2026-02-11 20:22:00,33831.0,33835.0,33831.0,33835.0,2
TMF,202603,2026-02-11 20:23:00,33832.0,33833.0,33831.0,33833.0,5
TMF,202603,2026-02-11 20:24:00,33834.0,33834.0,33831.0,33831.0,8
TMF,202603,2026-02-11 20:25:00,33830.0,33830.0,33829.0,33829.0,5
TMF,202603,2026-02-11 20:26:00,33826.0,33826.0,33824.0,33824.0,7
TMF,202603,2026-02-11 20:27:00,33824.0,33824.0,33821.0,33822.0,4
TMF,202603,2026-02-11 20:28:00,33821.0,33821.0,33818.0,33818.0,6
TMF,202603,2026-02-11 20:29:00,33818.0,33819.0,33818.0,33819.0,3
TMF,202603,2026-02-11 20:30:00,33820.0,33823.0,33818.0,33818.0,4
TMF,202603,2026-02-11 20:31:00,33815.0,33815.0,33815.0,33815.0,2
TMF,202603,2026-02-11 20:32:00,33818.0,33820.0,33814.0,33815.0,14
TMF,202603,2026-02-11 20:33:00,33814.0,33816.0,33814.0,33816.0,3
TMF,202603,2026-02-11 20:34:00,33818.0,33818.0,33818.0,33818.0,1
TMF,202603,2026-02-11 20:35:00,33820.0,33820.0,33816.0,33816.0,6
TMF,202603,2026-02-11 20:36:00,33815.0,33816.0,33813.0,33816.0,9
TMF,202603,2026-02-11 20:37:00,33817.0,33822.0,33816.0,33822.0,5
TMF,202603,2026-02-11 20:38:00,33823.0,33825.0,33823.0,33825.0,2
TMF,202603,2026-02-11 20:39:00,33825.0,33825.0,33825.0,33825.0,1
TMF,202603,2026-02-11 20:40:00,33824.0,33824.0,33824.0,33824.0,2
TMF,202603,2026-02-11 20:41:00,33823.0,33823.0,33817.0,33818.0,4
TMF,202603,2026-02-11 20:44:00,33821.0,33821.0,33821.0,33821.0,1
TMF,202603,2026-02-11 20:46:00,33821.0,33821.0,33818.0,33818.0,6
TMF,202603,2026-02-11 20:47:00,33819.0,33819.0,33815.0,33815.0,10
TMF,202603,2026-02-11 20:49:00,33815.0,33815.0,33815.0,33815.0,3
TMF,202603,2026-02-11 20:50:00,33817.0,33817.0,33815.0,33815.0,3
TMF,202603,2026-02-11 20:51:00,33816.0,33816.0,33812.0,33812.0,11
TMF,202603,2026-02-11 20:52:00,33811.0,33812.0,33806.0,33806.0,15
TMF,202603,2026-02-11 20:53:00,33812.0,33812.0,33812.0,33812.0,1
TMF,202603,2026-02-11 20:54:00,33810.0,33811.0,33807.0,33809.0,11
TMF,202603,2026-02-11 20:55:00,33811.0,33813.0,33807.0,33813.0,28
TMF,202603,2026-02-11 20:56:00,33817.0,33817.0,33817.0,33817.0,1
TMF,202603,2026-02-11 20:57:00,33820.0,33824.0,33820.0,33824.0,4
TMF,202603,2026-02-11 20:58:00,33820.0,33820.0,33820.0,33820.0,2
TMF,202603,2026-02-11 20:59:00,33819.0,33823.0,33819.0,33823.0,3
TMF,202603,2026-02-11 21:00:00,33822.0,33824.0,33820.0,33824.0,8
TMF,202603,2026-02-11 21:01:00,33820.0,33828.0,33820.0,33828.0,18
TMF,202603,2026-02-11 21:02:00,33828.0,33829.0,33828.0,33828.0,10
TMF,202603,2026-02-11 21:03:00,33830.0,33830.0,33827.0,33827.0,7
TMF,202603,2026-02-11 21:04:00,33826.0,33827.0,33826.0,33826.0,3
TMF,202603,2026-02-11 21:05:00,33827.0,33832.0,33827.0,33832.0,12
TMF,202603,2026-02-11 21:06:00,33830.0,33830.0,33830.0,33830.0,6
TMF,202603,2026-02-11 21:07:00,33827.0,33830.0,33827.0,33830.0,2
TMF,202603,2026-02-11 21:09:00,33828.0,33829.0,33827.0,33829.0,8
TMF,202603,2026-02-11 21:10:00,33829.0,33829.0,33829.0,33829.0,1
TMF,202603,2026-02-11 21:11:00,33828.0,33830.0,33828.0,33829.0,11
TMF,202603,2026-02-11 21:12:00,33831.0,33831.0,33829.0,33831.0,3
TMF,202603,2026-02-11 21:13:00,33828.0,33831.0,33828.0,33831.0,2
TMF,202603,2026-02-11 21:14:00,33830.0,33832.0,33829.0,33832.0,15
TMF,202603,2026-02-11 21:15:00,33832.0,33832.0,33830.0,33830.0,6
TMF,202603,2026-02-11 21:16:00,33830.0,33830.0,33827.0,33827.0,6
TMF,202603,2026-02-11 21:17:00,33825.0,33825.0,33820.0,33820.0,8
TMF,202603,2026-02-11 21:18:00,33819.0,33822.0,33819.0,33822.0,6
TMF,202603,2026-02-11 21:19:00,33828.0,33833.0,33828.0,33833.0,9
TMF,202603,2026-02-11 21:20:00,33830.0,33832.0,33827.0,33830.0,6
TMF,202603,2026-02-11 21:21:00,33830.0,33830.0,33829.0,33829.0,3
TMF,202603,2026-02-11 21:22:00,33824.0,33824.0,33821.0,33821.0,4
TMF,202603,2026-02-11 21:23:00,33821.0,33821.0,33820.0,33820.0,6
TMF,202603,2026-02-11 21:24:00,33821.0,33824.0,33821.0,33824.0,6
TMF,202603,2026-02-11 21:25:00,33829.0,33829.0,33829.0,33829.0,1
TMF,202603,2026-02-11 21:26:00,33825.0,33825.0,33825.0,33825.0,1
TMF,202603,2026-02-11 21:27:00,33830.0,33830.0,33827.0,33827.0,2
TMF,202603,2026-02-11 21:28:00,33830.0,33831.0,33830.0,33831.0,3
TMF,202603,2026-02-11 21:29:00,33832.0,33832.0,33827.0,33831.0,7
TMF,202603,2026-02-11 21:30:00,33831.0,33864.0,33808.0,33812.0,164
TMF,202603,2026-02-11 21:31:00,33821.0,33848.0,33821.0,33840.0,35
TMF,202603,2026-02-11 21:32:00,33839.0,33863.0,33839.0,33863.0,30
TMF,202603,2026-02-11 21:33:00,33865.0,33905.0,33864.0,33897.0,173
TMF,202603,2026-02-11 21:34:00,33900.0,33917.0,33898.0,33903.0,94
TMF,202603,2026-02-11 21:35:00,33905.0,33907.0,33890.0,33892.0,75
TMF,202603,2026-02-11 21:36:00,33892.0,33911.0,33890.0,33907.0,62
TMF,202603,2026-02-11 21:37:00,33909.0,33919.0,33891.0,33900.0,82
TMF,202603,2026-02-11 21:38:00,33900.0,33910.0,33891.0,33909.0,59
TMF,202603,2026-02-11 21:39:00,33908.0,33908.0,33897.0,33898.0,21
TMF,202603,2026-02-11 21:40:00,33905.0,33905.0,33895.0,33900.0,32
TMF,202603,2026-02-11 21:41:00,33896.0,33896.0,33883.0,33894.0,92
TMF,202603,2026-02-11 21:42:00,33898.0,33898.0,33885.0,33887.0,32
TMF,202603,2026-02-11 21:43:00,33880.0,33887.0,33876.0,33887.0,49
TMF,202603,2026-02-11 21:44:00,33889.0,33898.0,33884.0,33893.0,20
TMF,202603,2026-02-11 21:45:00,33893.0,33912.0,33893.0,33912.0,30
TMF,202603,2026-02-11 21:46:00,33912.0,33946.0,33912.0,33938.0,137
TMF,202603,2026-02-11 21:47:00,33939.0,33947.0,33939.0,33942.0,53
TMF,202603,2026-02-11 21:48:00,33944.0,33958.0,33938.0,33953.0,149
TMF,202603,2026-02-11 21:49:00,33957.0,33958.0,33948.0,33955.0,62
TMF,202603,2026-02-11 21:50:00,33952.0,33954.0,33946.0,33947.0,56
TMF,202603,2026-02-11 21:51:00,33947.0,33947.0,33933.0,33935.0,45
TMF,202603,2026-02-11 21:52:00,33934.0,33948.0,33930.0,33948.0,60
TMF,202603,2026-02-11 21:53:00,33950.0,33963.0,33950.0,33963.0,120
TMF,202603,2026-02-11 21:54:00,33961.0,34000.0,33961.0,33986.0,278
TMF,202603,2026-02-11 21:55:00,33985.0,34001.0,33980.0,34000.0,91
TMF,202603,2026-02-11 21:56:00,33999.0,34009.0,33994.0,33999.0,114
TMF,202603,2026-02-11 21:57:00,33996.0,34001.0,33985.0,33989.0,89
TMF,202603,2026-02-11 21:58:00,33989.0,33993.0,33989.0,33992.0,24
TMF,202603,2026-02-11 21:59:00,33994.0,33995.0,33990.0,33995.0,62
TMF,202603,2026-02-11 22:00:00,33996.0,33996.0,33971.0,33978.0,116
TMF,202603,2026-02-11 22:01:00,33980.0,33995.0,33975.0,33986.0,48
TMF,202603,2026-02-11 22:02:00,33993.0,33993.0,33986.0,33990.0,43
TMF,202603,2026-02-11 22:03:00,33987.0,33987.0,33971.0,33980.0,80
TMF,202603,2026-02-11 22:04:00,33979.0,33980.0,33975.0,33980.0,16
TMF,202603,2026-02-11 22:05:00,33980.0,33982.0,33975.0,33977.0,28
TMF,202603,2026-02-11 22:06:00,33983.0,33983.0,33979.0,33980.0,9
TMF,202603,2026-02-11 22:07:00,33982.0,33986.0,33980.0,33984.0,9
TMF,202603,2026-02-11 22:08:00,33985.0,33990.0,33981.0,33985.0,32
TMF,202603,2026-02-11 22:09:00,33982.0,33984.0,33971.0,33971.0,49
TMF,202603,2026-02-11 22:10:00,33972.0,33974.0,33966.0,33967.0,56
TMF,202603,2026-02-11 22:11:00,33967.0,33967.0,33950.0,33959.0,79
TMF,202603,2026-02-11 22:12:00,33960.0,33960.0,33954.0,33957.0,43
TMF,202603,2026-02-11 22:13:00,33956.0,33976.0,33956.0,33976.0,33
TMF,202603,2026-02-11 22:14:00,33976.0,33976.0,33970.0,33976.0,27
TMF,202603,2026-02-11 22:15:00,33975.0,33978.0,33973.0,33978.0,15
TMF,202603,2026-02-11 22:16:00,33978.0,33988.0,33977.0,33983.0,24
TMF,202603,2026-02-11 22:17:00,33981.0,33982.0,33967.0,33972.0,30
TMF,202603,2026-02-11 22:18:00,33976.0,33978.0,33976.0,33976.0,12
TMF,202603,2026-02-11 22:19:00,33978.0,33978.0,33976.0,33977.0,20
TMF,202603,2026-02-11 22:20:00,33977.0,33978.0,33975.0,33977.0,25
TMF,202603,2026-02-11 22:21:00,33976.0,33976.0,33972.0,33974.0,19
TMF,202603,2026-02-11 22:22:00,33974.0,33974.0,33967.0,33972.0,15
TMF,202603,2026-02-11 22:23:00,33968.0,33970.0,33968.0,33970.0,5
TMF,202603,2026-02-11 22:24:00,33970.0,33973.0,33969.0,33973.0,12
TMF,202603,2026-02-11 22:25:00,33974.0,33985.0,33971.0,33985.0,26
TMF,202603,2026-02-11 22:26:00,33986.0,33987.0,33983.0,33983.0,33
TMF,202603,2026-02-11 22:27:00,33985.0,33990.0,33983.0,33989.0,24
TMF,202603,2026-02-11 22:28:00,33989.0,33997.0,33987.0,33997.0,46
TMF,202603,2026-02-11 22:29:00,33997.0,34000.0,33990.0,34000.0,62
TMF,202603,2026-02-11 22:30:00,33990.0,34050.0,33985.0,34048.0,201
TMF,202603,2026-02-11 22:31:00,34042.0,34042.0,34015.0,34041.0,145
TMF,202603,2026-02-11 22:32:00,34033.0,34058.0,34019.0,34030.0,152
TMF,202603,2026-02-11 22:33:00,34032.0,34032.0,33991.0,34014.0,182
TMF,202603,2026-02-11 22:34:00,34015.0,34020.0,33982.0,34000.0,99
TMF,202603,2026-02-11 22:35:00,33995.0,34035.0,33990.0,34034.0,152
TMF,202603,2026-02-11 22:36:00,34038.0,34066.0,34019.0,34019.0,187
TMF,202603,2026-02-11 22:37:00,34019.0,34045.0,34005.0,34044.0,103
TMF,202603,2026-02-11 22:38:00,34044.0,34044.0,34007.0,34016.0,70
TMF,202603,2026-02-11 22:39:00,34010.0,34020.0,34004.0,34013.0,98
TMF,202603,2026-02-11 22:40:00,34017.0,34036.0,34015.0,34028.0,72
TMF,202603,2026-02-11 22:41:00,34031.0,34051.0,34019.0,34039.0,70
TMF,202603,2026-02-11 22:42:00,34042.0,34058.0,34036.0,34039.0,79
TMF,202603,2026-02-11 22:43:00,34046.0,34070.0,34046.0,34058.0,114
TMF,202603,2026-02-11 22:44:00,34060.0,34075.0,34058.0,34072.0,102
TMF,202603,2026-02-11 22:45:00,34071.0,34094.0,34069.0,34094.0,130
TMF,202603,2026-02-11 22:46:00,34094.0,34104.0,34068.0,34077.0,201
TMF,202603,2026-02-11 22:47:00,34078.0,34097.0,34077.0,34085.0,84
TMF,202603,2026-02-11 22:48:00,34084.0,34123.0,34084.0,34122.0,105
TMF,202603,2026-02-11 22:49:00,34121.0,34123.0,34101.0,34115.0,123
TMF,202603,2026-02-11 22:50:00,34116.0,34123.0,34091.0,34102.0,152
TMF,202603,2026-02-11 22:51:00,34103.0,34129.0,34099.0,34109.0,132
TMF,202603,2026-02-11 22:52:00,34113.0,34120.0,34092.0,34100.0,113
TMF,202603,2026-02-11 22:53:00,34102.0,34102.0,34078.0,34099.0,88
TMF,202603,2026-02-11 22:54:00,34103.0,34122.0,34101.0,34120.0,81
TMF,202603,2026-02-11 22:55:00,34122.0,34134.0,34112.0,34114.0,110
TMF,202603,2026-02-11 22:56:00,34110.0,34114.0,34097.0,34108.0,81
TMF,202603,2026-02-11 22:57:00,34109.0,34109.0,34070.0,34086.0,125
TMF,202603,2026-02-11 22:58:00,34080.0,34088.0,34059.0,34060.0,127
TMF,202603,2026-02-11 22:59:00,34059.0,34080.0,34055.0,34080.0,99
TMF,202603,2026-02-11 23:00:00,34078.0,34091.0,34073.0,34073.0,79
TMF,202603,2026-02-11 23:01:00,34080.0,34123.0,34080.0,34111.0,94
TMF,202603,2026-02-11 23:02:00,34110.0,34111.0,34054.0,34060.0,149
TMF,202603,2026-02-11 23:03:00,34057.0,34081.0,34055.0,34068.0,81
TMF,202603,2026-02-11 23:04:00,34065.0,34078.0,34055.0,34060.0,86
TMF,202603,2026-02-11 23:05:00,34060.0,34080.0,34047.0,34079.0,149
TMF,202603,2026-02-11 23:06:00,34073.0,34075.0,34054.0,34058.0,59
TMF,202603,2026-02-11 23:07:00,34058.0,34060.0,34035.0,34042.0,99
TMF,202603,2026-02-11 23:08:00,34038.0,34049.0,34038.0,34043.0,39
TMF,202603,2026-02-11 23:09:00,34041.0,34041.0,34022.0,34022.0,119
TMF,202603,2026-02-11 23:10:00,34021.0,34025.0,34000.0,34009.0,206
TMF,202603,2026-02-11 23:11:00,34010.0,34011.0,33948.0,33961.0,289
TMF,202603,2026-02-11 23:12:00,33956.0,33956.0,33886.0,33895.0,354
TMF,202603,2026-02-11 23:13:00,33893.0,33908.0,33850.0,33865.0,350
TMF,202603,2026-02-11 23:14:00,33862.0,33950.0,33852.0,33945.0,235
TMF,202603,2026-02-11 23:15:00,33944.0,33958.0,33921.0,33921.0,163
TMF,202603,2026-02-11 23:16:00,33926.0,33928.0,33890.0,33895.0,164
TMF,202603,2026-02-11 23:17:00,33895.0,33915.0,33888.0,33904.0,72
TMF,202603,2026-02-11 23:18:00,33902.0,33914.0,33866.0,33907.0,152
TMF,202603,2026-02-11 23:19:00,33900.0,33902.0,33863.0,33868.0,116
TMF,202603,2026-02-11 23:20:00,33869.0,33878.0,33821.0,33825.0,271
TMF,202603,2026-02-11 23:21:00,33831.0,33878.0,33828.0,33870.0,157
TMF,202603,2026-02-11 23:22:00,33869.0,33887.0,33863.0,33877.0,95
TMF,202603,2026-02-11 23:23:00,33869.0,33887.0,33853.0,33865.0,90
TMF,202603,2026-02-11 23:24:00,33858.0,33858.0,33816.0,33839.0,169
TMF,202603,2026-02-11 23:25:00,33836.0,33851.0,33830.0,33837.0,61
TMF,202603,2026-02-11 23:26:00,33833.0,33845.0,33815.0,33822.0,150
TMF,202603,2026-02-11 23:27:00,33831.0,33842.0,33820.0,33822.0,61
TMF,202603,2026-02-11 23:28:00,33828.0,33880.0,33825.0,33860.0,105
TMF,202603,2026-02-11 23:29:00,33859.0,33876.0,33847.0,33852.0,92
TMF,202603,2026-02-11 23:30:00,33846.0,33860.0,33845.0,33858.0,56
TMF,202603,2026-02-11 23:31:00,33855.0,33887.0,33850.0,33886.0,130
TMF,202603,2026-02-11 23:32:00,33878.0,33907.0,33874.0,33907.0,121
TMF,202603,2026-02-11 23:33:00,33907.0,33909.0,33888.0,33897.0,74
TMF,202603,2026-02-11 23:34:00,33902.0,33910.0,33898.0,33909.0,77
TMF,202603,2026-02-11 23:35:00,33909.0,33935.0,33905.0,33930.0,125
TMF,202603,2026-02-11 23:36:00,33935.0,33946.0,33923.0,33931.0,123
TMF,202603,2026-02-11 23:37:00,33922.0,33926.0,33889.0,33909.0,65
TMF,202603,2026-02-11 23:38:00,33908.0,33930.0,33906.0,33930.0,37
TMF,202603,2026-02-11 23:39:00,33926.0,33935.0,33918.0,33932.0,34
TMF,202603,2026-02-11 23:40:00,33935.0,33948.0,33934.0,33946.0,74
TMF,202603,2026-02-11 23:41:00,33946.0,33960.0,33936.0,33943.0,86
TMF,202603,2026-02-11 23:42:00,33943.0,33946.0,33924.0,33945.0,41
TMF,202603,2026-02-11 23:43:00,33945.0,33948.0,33907.0,33915.0,61
TMF,202603,2026-02-11 23:44:00,33914.0,33938.0,33914.0,33934.0,27
TMF,202603,2026-02-11 23:45:00,33931.0,33942.0,33926.0,33926.0,51
TMF,202603,2026-02-11 23:46:00,33925.0,33933.0,33924.0,33926.0,11
TMF,202603,2026-02-11 23:47:00,33924.0,33926.0,33918.0,33922.0,35
TMF,202603,2026-02-11 23:48:00,33920.0,33920.0,33906.0,33908.0,38
TMF,202603,2026-02-11 23:49:00,33908.0,33908.0,33877.0,33886.0,103
TMF,202603,2026-02-11 23:50:00,33886.0,33895.0,33869.0,33880.0,74
TMF,202603,2026-02-11 23:51:00,33881.0,33917.0,33880.0,33910.0,36
TMF,202603,2026-02-11 23:52:00,33914.0,33952.0,33908.0,33952.0,53
TMF,202603,2026-02-11 23:53:00,33954.0,33988.0,33951.0,33971.0,161
TMF,202603,2026-02-11 23:54:00,33975.0,33986.0,33966.0,33985.0,72
TMF,202603,2026-02-11 23:55:00,33986.0,33989.0,33977.0,33984.0,118
TMF,202603,2026-02-11 23:56:00,33989.0,33989.0,33970.0,33984.0,66
TMF,202603,2026-02-11 23:57:00,33981.0,33987.0,33975.0,33975.0,42
TMF,202603,2026-02-11 23:58:00,33972.0,33980.0,33961.0,33972.0,45
TMF,202603,2026-02-11 23:59:00,33973.0,33975.0,33966.0,33972.0,13
TMF,202603,2026-02-12 00:00:00,33974.0,33985.0,33957.0,33963.0,36
TMF,202603,2026-02-12 00:01:00,33967.0,33980.0,33963.0,33980.0,15
TMF,202603,2026-02-12 00:02:00,33980.0,33985.0,33968.0,33968.0,21
TMF,202603,2026-02-12 00:03:00,33970.0,33971.0,33952.0,33959.0,27
TMF,202603,2026-02-12 00:04:00,33955.0,33962.0,33946.0,33951.0,46
TMF,202603,2026-02-12 00:05:00,33950.0,33965.0,33945.0,33945.0,23
TMF,202603,2026-02-12 00:06:00,33944.0,33954.0,33938.0,33951.0,18
TMF,202603,2026-02-12 00:07:00,33949.0,33953.0,33942.0,33942.0,19
TMF,202603,2026-02-12 00:08:00,33945.0,33945.0,33933.0,33933.0,24
TMF,202603,2026-02-12 00:09:00,33935.0,33944.0,33929.0,33929.0,44
TMF,202603,2026-02-12 00:10:00,33923.0,33975.0,33916.0,33964.0,84
TMF,202603,2026-02-12 00:11:00,33965.0,33987.0,33950.0,33984.0,44
TMF,202603,2026-02-12 00:12:00,33984.0,33988.0,33976.0,33986.0,47
TMF,202603,2026-02-12 00:13:00,33988.0,33994.0,33983.0,33994.0,57
TMF,202603,2026-02-12 00:14:00,33995.0,34000.0,33993.0,33999.0,76
TMF,202603,2026-02-12 00:15:00,33995.0,33996.0,33980.0,33983.0,45
TMF,202603,2026-02-12 00:16:00,33988.0,33989.0,33983.0,33989.0,8
TMF,202603,2026-02-12 00:17:00,33996.0,34011.0,33996.0,34002.0,100
TMF,202603,2026-02-12 00:18:00,33998.0,34006.0,33991.0,34001.0,31
TMF,202603,2026-02-12 00:19:00,33996.0,34015.0,33994.0,34014.0,43
TMF,202603,2026-02-12 00:20:00,34016.0,34022.0,34012.0,34022.0,66
TMF,202603,2026-02-12 00:21:00,34021.0,34029.0,34020.0,34021.0,53
TMF,202603,2026-02-12 00:22:00,34020.0,34029.0,34011.0,34029.0,36
TMF,202603,2026-02-12 00:23:00,34029.0,34034.0,34014.0,34020.0,57
TMF,202603,2026-02-12 00:24:00,34025.0,34035.0,34018.0,34018.0,26
TMF,202603,2026-02-12 00:25:00,34020.0,34028.0,34015.0,34015.0,27
TMF,202603,2026-02-12 00:26:00,34015.0,34015.0,33991.0,33994.0,45
TMF,202603,2026-02-12 00:27:00,33991.0,33991.0,33966.0,33969.0,64
TMF,202603,2026-02-12 00:28:00,33975.0,33985.0,33960.0,33965.0,30
TMF,202603,2026-02-12 00:29:00,33972.0,33972.0,33960.0,33960.0,20
TMF,202603,2026-02-12 00:30:00,33960.0,34001.0,33952.0,33999.0,66
TMF,202603,2026-02-12 00:31:00,34000.0,34001.0,33984.0,33984.0,54
TMF,202603,2026-02-12 00:32:00,33984.0,33991.0,33975.0,33975.0,33
TMF,202603,2026-02-12 00:33:00,33979.0,34006.0,33979.0,34004.0,14
TMF,202603,2026-02-12 00:34:00,34005.0,34005.0,33983.0,33983.0,9
TMF,202603,2026-02-12 00:35:00,33988.0,33988.0,33976.0,33976.0,14
TMF,202603,2026-02-12 00:36:00,33975.0,33988.0,33975.0,33975.0,8
TMF,202603,2026-02-12 00:37:00,33974.0,33981.0,33972.0,33973.0,16
TMF,202603,2026-02-12 00:38:00,33988.0,33995.0,33982.0,33982.0,10
TMF,202603,2026-02-12 00:39:00,33986.0,33998.0,33986.0,33996.0,9
TMF,202603,2026-02-12 00:40:00,33998.0,34015.0,33998.0,34015.0,41
TMF,202603,2026-02-12 00:41:00,34016.0,34021.0,34000.0,34000.0,28
TMF,202603,2026-02-12 00:42:00,34000.0,34000.0,33992.0,33994.0,15
TMF,202603,2026-02-12 00:43:00,33993.0,33993.0,33986.0,33986.0,19
TMF,202603,2026-02-12 00:44:00,33983.0,33993.0,33982.0,33993.0,8
TMF,202603,2026-02-12 00:45:00,33985.0,33988.0,33985.0,33988.0,4
TMF,202603,2026-02-12 00:46:00,33990.0,33999.0,33989.0,33999.0,9
TMF,202603,2026-02-12 00:47:00,34000.0,34001.0,33995.0,33995.0,14
TMF,202603,2026-02-12 00:48:00,33994.0,33994.0,33981.0,33982.0,13
TMF,202603,2026-02-12 00:49:00,33980.0,33986.0,33975.0,33976.0,25
TMF,202603,2026-02-12 00:50:00,33975.0,33980.0,33975.0,33977.0,7
TMF,202603,2026-02-12 00:51:00,33989.0,33993.0,33985.0,33993.0,4
TMF,202603,2026-02-12 00:52:00,33985.0,33993.0,33985.0,33993.0,3
TMF,202603,2026-02-12 00:53:00,33992.0,33992.0,33988.0,33988.0,7
TMF,202603,2026-02-12 00:54:00,33986.0,33992.0,33986.0,33987.0,9
TMF,202603,2026-02-12 00:55:00,33986.0,33987.0,33977.0,33986.0,15
TMF,202603,2026-02-12 00:56:00,33983.0,33983.0,33963.0,33973.0,45
TMF,202603,2026-02-12 00:57:00,33975.0,33979.0,33970.0,33970.0,10
TMF,202603,2026-02-12 00:58:00,33970.0,33973.0,33963.0,33963.0,21
TMF,202603,2026-02-12 00:59:00,33962.0,33962.0,33955.0,33959.0,36
TMF,202603,2026-02-12 01:00:00,33960.0,33963.0,33950.0,33956.0,47
TMF,202603,2026-02-12 01:01:00,33949.0,33949.0,33913.0,33920.0,51
TMF,202603,2026-02-12 01:02:00,33920.0,33923.0,33904.0,33919.0,46
TMF,202603,2026-02-12 01:03:00,33921.0,33939.0,33921.0,33922.0,35
TMF,202603,2026-02-12 01:04:00,33935.0,33943.0,33930.0,33932.0,12
TMF,202603,2026-02-12 01:05:00,33932.0,33941.0,33928.0,33928.0,25
TMF,202603,2026-02-12 01:06:00,33944.0,33949.0,33943.0,33949.0,19
TMF,202603,2026-02-12 01:07:00,33950.0,33960.0,33944.0,33957.0,16
TMF,202603,2026-02-12 01:08:00,33960.0,33973.0,33950.0,33973.0,26
TMF,202603,2026-02-12 01:09:00,33970.0,33988.0,33970.0,33987.0,21
TMF,202603,2026-02-12 01:10:00,33987.0,33988.0,33974.0,33987.0,15
TMF,202603,2026-02-12 01:11:00,33983.0,33991.0,33976.0,33977.0,42
TMF,202603,2026-02-12 01:12:00,33976.0,33991.0,33975.0,33991.0,8
TMF,202603,2026-02-12 01:13:00,33991.0,33991.0,33987.0,33987.0,12
TMF,202603,2026-02-12 01:14:00,33990.0,33996.0,33985.0,33985.0,11
TMF,202603,2026-02-12 01:15:00,33993.0,33993.0,33989.0,33989.0,4
TMF,202603,2026-02-12 01:16:00,33990.0,34007.0,33985.0,34007.0,61
TMF,202603,2026-02-12 01:17:00,34007.0,34017.0,33999.0,33999.0,29
TMF,202603,2026-02-12 01:18:00,33995.0,33995.0,33985.0,33985.0,12
TMF,202603,2026-02-12 01:19:00,33985.0,33990.0,33981.0,33981.0,9
TMF,202603,2026-02-12 01:20:00,33993.0,33999.0,33976.0,33981.0,18
TMF,202603,2026-02-12 01:21:00,33981.0,33999.0,33980.0,33998.0,16
TMF,202603,2026-02-12 01:22:00,33995.0,34010.0,33995.0,34010.0,16
TMF,202603,2026-02-12 01:23:00,34011.0,34015.0,34008.0,34013.0,22
TMF,202603,2026-02-12 01:24:00,34012.0,34018.0,34010.0,34018.0,25
TMF,202603,2026-02-12 01:25:00,34019.0,34038.0,34019.0,34035.0,81
TMF,202603,2026-02-12 01:26:00,34037.0,34040.0,34032.0,34033.0,33
TMF,202603,2026-02-12 01:27:00,34034.0,34035.0,34030.0,34030.0,38
TMF,202603,2026-02-12 01:28:00,34030.0,34033.0,34022.0,34033.0,17
TMF,202603,2026-02-12 01:29:00,34038.0,34041.0,34031.0,34041.0,19
TMF,202603,2026-02-12 01:30:00,34032.0,34042.0,34030.0,34030.0,7
TMF,202603,2026-02-12 01:31:00,34024.0,34028.0,34023.0,34027.0,9
TMF,202603,2026-02-12 01:32:00,34027.0,34027.0,34024.0,34024.0,12
TMF,202603,2026-02-12 01:33:00,34024.0,34028.0,34022.0,34028.0,27
TMF,202603,2026-02-12 01:34:00,34029.0,34030.0,34021.0,34021.0,11
TMF,202603,2026-02-12 01:35:00,34025.0,34025.0,34018.0,34021.0,4
TMF,202603,2026-02-12 01:36:00,34016.0,34016.0,34009.0,34013.0,12
TMF,202603,2026-02-12 01:37:00,34010.0,34010.0,34001.0,34010.0,10
TMF,202603,2026-02-12 01:38:00,34010.0,34012.0,34005.0,34012.0,15
TMF,202603,2026-02-12 01:39:00,34015.0,34016.0,34008.0,34008.0,7
TMF,202603,2026-02-12 01:40:00,34011.0,34022.0,34011.0,34021.0,8
TMF,202603,2026-02-12 01:41:00,34022.0,34025.0,34022.0,34022.0,9
TMF,202603,2026-02-12 01:42:00,34020.0,34024.0,34020.0,34024.0,8
TMF,202603,2026-02-12 01:43:00,34025.0,34036.0,34025.0,34036.0,35
TMF,202603,2026-02-12 01:44:00,34030.0,34036.0,34030.0,34033.0,14
TMF,202603,2026-02-12 01:45:00,34036.0,34038.0,34020.0,34020.0,16
TMF,202603,2026-02-12 01:46:00,34023.0,34033.0,34023.0,34033.0,5
TMF,202603,2026-02-12 01:47:00,34029.0,34031.0,34028.0,34031.0,5
TMF,202603,2026-02-12 01:48:00,34029.0,34036.0,34028.0,34036.0,15
TMF,202603,2026-02-12 01:49:00,34036.0,34040.0,34036.0,34040.0,6
TMF,202603,2026-02-12 01:50:00,34035.0,34035.0,34030.0,34030.0,13
TMF,202603,2026-02-12 01:51:00,34030.0,34048.0,34030.0,34037.0,20
TMF,202603,2026-02-12 01:52:00,34036.0,34038.0,34030.0,34032.0,9
TMF,202603,2026-02-12 01:53:00,34030.0,34032.0,34025.0,34025.0,13
TMF,202603,2026-02-12 01:54:00,34025.0,34028.0,34025.0,34028.0,4
TMF,202603,2026-02-12 01:55:00,34029.0,34029.0,34020.0,34020.0,9
TMF,202603,2026-02-12 01:56:00,34018.0,34018.0,34010.0,34011.0,14
TMF,202603,2026-02-12 01:57:00,34015.0,34015.0,34000.0,34000.0,16
TMF,202603,2026-02-12 01:58:00,34008.0,34008.0,34000.0,34005.0,19
TMF,202603,2026-02-12 01:59:00,34006.0,34006.0,34006.0,34006.0,2
TMF,202603,2026-02-12 02:00:00,34004.0,34012.0,34004.0,34011.0,10
TMF,202603,2026-02-12 02:01:00,34007.0,34007.0,34006.0,34006.0,3
TMF,202603,2026-02-12 02:02:00,34005.0,34020.0,33990.0,34020.0,44
TMF,202603,2026-02-12 02:03:00,34024.0,34039.0,34024.0,34039.0,12
TMF,202603,2026-02-12 02:04:00,34030.0,34032.0,34025.0,34025.0,8
TMF,202603,2026-02-12 02:05:00,34023.0,34023.0,34011.0,34018.0,6
TMF,202603,2026-02-12 02:06:00,34022.0,34023.0,34018.0,34018.0,7
TMF,202603,2026-02-12 02:07:00,34011.0,34016.0,34010.0,34014.0,8
TMF,202603,2026-02-12 02:08:00,34010.0,34015.0,34008.0,34015.0,3
TMF,202603,2026-02-12 02:09:00,34015.0,34015.0,34005.0,34005.0,12
TMF,202603,2026-02-12 02:10:00,34000.0,34000.0,33982.0,33993.0,29
TMF,202603,2026-02-12 02:11:00,33991.0,34005.0,33988.0,34005.0,8
TMF,202603,2026-02-12 02:12:00,34004.0,34004.0,33992.0,33992.0,5
TMF,202603,2026-02-12 02:13:00,33990.0,34005.0,33988.0,34005.0,9
TMF,202603,2026-02-12 02:14:00,33995.0,33995.0,33990.0,33990.0,2
TMF,202603,2026-02-12 02:15:00,33994.0,33995.0,33988.0,33988.0,5
TMF,202603,2026-02-12 02:16:00,34002.0,34015.0,34002.0,34015.0,6
TMF,202603,2026-02-12 02:17:00,34018.0,34019.0,34015.0,34016.0,6
TMF,202603,2026-02-12 02:18:00,34019.0,34025.0,34019.0,34025.0,20
TMF,202603,2026-02-12 02:19:00,34016.0,34016.0,34000.0,34000.0,13
TMF,202603,2026-02-12 02:20:00,33997.0,33999.0,33994.0,33999.0,5
TMF,202603,2026-02-12 02:21:00,33999.0,33999.0,33999.0,33999.0,1
TMF,202603,2026-02-12 02:22:00,34000.0,34001.0,34000.0,34001.0,4
TMF,202603,2026-02-12 02:23:00,34003.0,34003.0,34003.0,34003.0,1
TMF,202603,2026-02-12 02:24:00,34008.0,34010.0,34002.0,34008.0,4
TMF,202603,2026-02-12 02:25:00,34010.0,34010.0,34010.0,34010.0,5
TMF,202603,2026-02-12 02:26:00,34007.0,34008.0,34007.0,34008.0,2
TMF,202603,2026-02-12 02:27:00,34013.0,34022.0,34013.0,34022.0,9
TMF,202603,2026-02-12 02:28:00,34022.0,34028.0,34022.0,34028.0,5
TMF,202603,2026-02-12 02:29:00,34025.0,34025.0,34023.0,34025.0,4
TMF,202603,2026-02-12 02:30:00,34028.0,34030.0,34024.0,34024.0,10
TMF,202603,2026-02-12 02:31:00,34024.0,34024.0,34020.0,34020.0,4
TMF,202603,2026-02-12 02:32:00,34015.0,34015.0,34015.0,34015.0,2
TMF,202603,2026-02-12 02:33:00,34018.0,34018.0,34015.0,34015.0,6
TMF,202603,2026-02-12 02:34:00,34012.0,34012.0,34012.0,34012.0,2
TMF,202603,2026-02-12 02:35:00,34010.0,34018.0,34009.0,34018.0,5
TMF,202603,2026-02-12 02:36:00,34006.0,34006.0,34006.0,34006.0,1
TMF,202603,2026-02-12 02:37:00,34012.0,34017.0,34012.0,34017.0,7
TMF,202603,2026-02-12 02:38:00,34011.0,34022.0,34011.0,34022.0,3
TMF,202603,2026-02-12 02:39:00,34024.0,34032.0,34024.0,34032.0,12
TMF,202603,2026-02-12 02:40:00,34030.0,34030.0,34016.0,34016.0,5
TMF,202603,2026-02-12 02:41:00,34016.0,34016.0,34015.0,34015.0,2
TMF,202603,2026-02-12 02:42:00,34018.0,34019.0,34017.0,34018.0,6
TMF,202603,2026-02-12 02:43:00,34019.0,34020.0,34014.0,34014.0,6
TMF,202603,2026-02-12 02:44:00,34017.0,34017.0,34010.0,34012.0,7
TMF,202603,2026-02-12 02:45:00,34013.0,34017.0,34013.0,34014.0,7
TMF,202603,2026-02-12 02:46:00,34021.0,34028.0,34021.0,34028.0,2
TMF,202603,2026-02-12 02:47:00,34028.0,34028.0,34023.0,34023.0,4
TMF,202603,2026-02-12 02:48:00,34023.0,34025.0,34022.0,34022.0,12
TMF,202603,2026-02-12 02:49:00,34024.0,34030.0,34024.0,34030.0,21
TMF,202603,2026-02-12 02:50:00,34030.0,34033.0,34010.0,34025.0,13
TMF,202603,2026-02-12 02:52:00,34025.0,34025.0,34020.0,34025.0,16
TMF,202603,2026-02-12 02:53:00,34032.0,34033.0,34032.0,34033.0,2
TMF,202603,2026-02-12 02:54:00,34032.0,34035.0,34026.0,34028.0,15
TMF,202603,2026-02-12 02:55:00,34034.0,34036.0,34031.0,34036.0,12
TMF,202603,2026-02-12 02:56:00,34037.0,34042.0,34033.0,34034.0,41
TMF,202603,2026-02-12 02:57:00,34034.0,34034.0,34031.0,34031.0,9
TMF,202603,2026-02-12 02:58:00,34026.0,34026.0,34018.0,34018.0,12
TMF,202603,2026-02-12 02:59:00,34020.0,34023.0,34020.0,34023.0,2
TMF,202603,2026-02-12 03:00:00,34020.0,34020.0,34020.0,34020.0,1
TMF,202603,2026-02-12 03:02:00,34012.0,34022.0,34012.0,34022.0,3
TMF,202603,2026-02-12 03:03:00,34019.0,34019.0,34012.0,34012.0,4
TMF,202603,2026-02-12 03:04:00,34012.0,34014.0,34011.0,34014.0,8
TMF,202603,2026-02-12 03:05:00,34012.0,34012.0,34008.0,34008.0,14
TMF,202603,2026-02-12 03:06:00,34008.0,34010.0,34008.0,34010.0,2
TMF,202603,2026-02-12 03:08:00,34017.0,34018.0,34017.0,34018.0,4
TMF,202603,2026-02-12 03:09:00,34020.0,34028.0,34008.0,34028.0,6
TMF,202603,2026-02-12 03:10:00,34031.0,34031.0,34030.0,34030.0,2
TMF,202603,2026-02-12 03:11:00,34030.0,34034.0,34025.0,34025.0,7
TMF,202603,2026-02-12 03:12:00,34027.0,34032.0,34027.0,34032.0,3
TMF,202603,2026-02-12 03:13:00,34033.0,34048.0,34033.0,34048.0,21
TMF,202603,2026-02-12 03:14:00,34047.0,34049.0,34047.0,34048.0,8
TMF,202603,2026-02-12 03:15:00,34048.0,34050.0,34048.0,34050.0,31
TMF,202603,2026-02-12 03:16:00,34050.0,34050.0,34048.0,34048.0,21
TMF,202603,2026-02-12 03:17:00,34046.0,34049.0,34046.0,34049.0,6
TMF,202603,2026-02-12 03:18:00,34050.0,34055.0,34050.0,34055.0,9
TMF,202603,2026-02-12 03:19:00,34055.0,34055.0,34054.0,34054.0,4
TMF,202603,2026-02-12 03:20:00,34055.0,34060.0,34055.0,34060.0,20
TMF,202603,2026-02-12 03:21:00,34060.0,34067.0,34060.0,34067.0,14
TMF,202603,2026-02-12 03:22:00,34066.0,34066.0,34055.0,34057.0,12
TMF,202603,2026-02-12 03:23:00,34060.0,34067.0,34060.0,34066.0,15
TMF,202603,2026-02-12 03:24:00,34068.0,34075.0,34067.0,34068.0,40
TMF,202603,2026-02-12 03:25:00,34073.0,34073.0,34072.0,34073.0,6
TMF,202603,2026-02-12 03:26:00,34074.0,34077.0,34074.0,34075.0,19
TMF,202603,2026-02-12 03:27:00,34075.0,34076.0,34075.0,34076.0,16
TMF,202603,2026-02-12 03:28:00,34077.0,34077.0,34072.0,34072.0,5
TMF,202603,2026-02-12 03:29:00,34072.0,34076.0,34069.0,34076.0,9
TMF,202603,2026-02-12 03:30:00,34072.0,34072.0,34067.0,34067.0,12
TMF,202603,2026-02-12 03:31:00,34063.0,34068.0,34058.0,34068.0,12
TMF,202603,2026-02-12 03:32:00,34067.0,34067.0,34065.0,34065.0,7
TMF,202603,2026-02-12 03:33:00,34065.0,34065.0,34065.0,34065.0,3
TMF,202603,2026-02-12 03:34:00,34066.0,34068.0,34066.0,34067.0,9
TMF,202603,2026-02-12 03:35:00,34068.0,34072.0,34067.0,34072.0,8
TMF,202603,2026-02-12 03:36:00,34071.0,34071.0,34068.0,34068.0,6
TMF,202603,2026-02-12 03:37:00,34073.0,34073.0,34073.0,34073.0,1
TMF,202603,2026-02-12 03:38:00,34073.0,34074.0,34070.0,34070.0,8
TMF,202603,2026-02-12 03:39:00,34069.0,34069.0,34069.0,34069.0,4
TMF,202603,2026-02-12 03:40:00,34068.0,34075.0,34068.0,34068.0,7
TMF,202603,2026-02-12 03:41:00,34068.0,34068.0,34066.0,34066.0,4
TMF,202603,2026-02-12 03:42:00,34068.0,34072.0,34068.0,34072.0,6
TMF,202603,2026-02-12 03:43:00,34074.0,34075.0,34070.0,34075.0,5
TMF,202603,2026-02-12 03:44:00,34072.0,34081.0,34071.0,34081.0,23
TMF,202603,2026-02-12 03:45:00,34082.0,34084.0,34052.0,34052.0,40
TMF,202603,2026-02-12 03:46:00,34053.0,34077.0,34047.0,34076.0,20
TMF,202603,2026-02-12 03:47:00,34084.0,34088.0,34073.0,34073.0,31
TMF,202603,2026-02-12 03:48:00,34073.0,34080.0,34073.0,34080.0,6
TMF,202603,2026-02-12 03:49:00,34078.0,34078.0,34071.0,34071.0,8
TMF,202603,2026-02-12 03:50:00,34071.0,34071.0,34060.0,34061.0,18
TMF,202603,2026-02-12 03:51:00,34062.0,34066.0,34062.0,34062.0,12
TMF,202603,2026-02-12 03:53:00,34069.0,34073.0,34069.0,34070.0,14
TMF,202603,2026-02-12 03:54:00,34068.0,34073.0,34065.0,34069.0,6
TMF,202603,2026-02-12 03:55:00,34066.0,34067.0,34059.0,34059.0,12
TMF,202603,2026-02-12 03:56:00,34058.0,34063.0,34056.0,34063.0,6
TMF,202603,2026-02-12 03:57:00,34064.0,34064.0,34062.0,34064.0,4
TMF,202603,2026-02-12 03:58:00,34066.0,34066.0,34056.0,34056.0,18
TMF,202603,2026-02-12 03:59:00,34057.0,34063.0,34057.0,34061.0,8
TMF,202603,2026-02-12 04:00:00,34060.0,34069.0,34046.0,34062.0,32
TMF,202603,2026-02-12 04:01:00,34056.0,34066.0,34055.0,34063.0,13
TMF,202603,2026-02-12 04:02:00,34066.0,34067.0,34064.0,34064.0,10
TMF,202603,2026-02-12 04:03:00,34064.0,34065.0,34058.0,34060.0,15
TMF,202603,2026-02-12 04:04:00,34067.0,34067.0,34067.0,34067.0,1
TMF,202603,2026-02-12 04:05:00,34063.0,34068.0,34063.0,34068.0,8
TMF,202603,2026-02-12 04:06:00,34068.0,34073.0,34065.0,34065.0,9
TMF,202603,2026-02-12 04:07:00,34062.0,34063.0,34055.0,34055.0,12
TMF,202603,2026-02-12 04:08:00,34064.0,34064.0,34059.0,34059.0,3
TMF,202603,2026-02-12 04:09:00,34058.0,34060.0,34057.0,34060.0,4
TMF,202603,2026-02-12 04:10:00,34056.0,34060.0,34056.0,34058.0,4
TMF,202603,2026-02-12 04:11:00,34061.0,34061.0,34061.0,34061.0,1
TMF,202603,2026-02-12 04:12:00,34062.0,34062.0,34061.0,34061.0,3
TMF,202603,2026-02-12 04:13:00,34062.0,34069.0,34062.0,34069.0,10
TMF,202603,2026-02-12 04:14:00,34062.0,34062.0,34061.0,34062.0,3
TMF,202603,2026-02-12 04:15:00,34064.0,34069.0,34064.0,34069.0,3
TMF,202603,2026-02-12 04:16:00,34066.0,34070.0,34066.0,34066.0,5
TMF,202603,2026-02-12 04:17:00,34070.0,34072.0,34070.0,34070.0,5
TMF,202603,2026-02-12 04:18:00,34070.0,34070.0,34066.0,34070.0,8
TMF,202603,2026-02-12 04:19:00,34072.0,34076.0,34072.0,34076.0,12
TMF,202603,2026-02-12 04:20:00,34072.0,34073.0,34066.0,34066.0,14
TMF,202603,2026-02-12 04:21:00,34073.0,34074.0,34068.0,34074.0,5
TMF,202603,2026-02-12 04:22:00,34074.0,34074.0,34068.0,34068.0,3
TMF,202603,2026-02-12 04:23:00,34073.0,34074.0,34073.0,34074.0,12
TMF,202603,2026-02-12 04:24:00,34076.0,34079.0,34076.0,34078.0,10
TMF,202603,2026-02-12 04:25:00,34078.0,34079.0,34077.0,34078.0,5
TMF,202603,2026-02-12 04:26:00,34077.0,34078.0,34077.0,34078.0,4
TMF,202603,2026-02-12 04:27:00,34078.0,34078.0,34078.0,34078.0,3
TMF,202603,2026-02-12 04:28:00,34076.0,34080.0,34075.0,34079.0,5
TMF,202603,2026-02-12 04:29:00,34075.0,34079.0,34074.0,34074.0,5
TMF,202603,2026-02-12 04:30:00,34070.0,34070.0,34062.0,34066.0,25
TMF,202603,2026-02-12 04:31:00,34066.0,34066.0,34066.0,34066.0,2
TMF,202603,2026-02-12 04:32:00,34069.0,34072.0,34069.0,34072.0,5
TMF,202603,2026-02-12 04:33:00,34072.0,34072.0,34066.0,34067.0,7
TMF,202603,2026-02-12 04:34:00,34071.0,34071.0,34070.0,34070.0,2
TMF,202603,2026-02-12 04:35:00,34070.0,34070.0,34067.0,34067.0,5
TMF,202603,2026-02-12 04:36:00,34070.0,34076.0,34069.0,34076.0,12
TMF,202603,2026-02-12 04:37:00,34076.0,34080.0,34075.0,34080.0,27
TMF,202603,2026-02-12 04:38:00,34079.0,34085.0,34079.0,34085.0,17
TMF,202603,2026-02-12 04:39:00,34082.0,34087.0,34082.0,34087.0,15
TMF,202603,2026-02-12 04:40:00,34088.0,34097.0,34088.0,34097.0,50
TMF,202603,2026-02-12 04:41:00,34097.0,34097.0,34095.0,34095.0,13
TMF,202603,2026-02-12 04:42:00,34094.0,34094.0,34092.0,34094.0,15
TMF,202603,2026-02-12 04:43:00,34094.0,34098.0,34094.0,34098.0,14
TMF,202603,2026-02-12 04:44:00,34099.0,34100.0,34098.0,34099.0,19
TMF,202603,2026-02-12 04:45:00,34099.0,34100.0,34098.0,34098.0,40
TMF,202603,2026-02-12 04:46:00,34098.0,34098.0,34097.0,34097.0,20
TMF,202603,2026-02-12 04:47:00,34098.0,34098.0,34097.0,34097.0,7
TMF,202603,2026-02-12 04:48:00,34098.0,34100.0,34097.0,34100.0,18
TMF,202603,2026-02-12 04:49:00,34097.0,34100.0,34096.0,34097.0,18
TMF,202603,2026-02-12 04:50:00,34097.0,34097.0,34092.0,34093.0,40
TMF,202603,2026-02-12 04:51:00,34091.0,34098.0,34091.0,34098.0,25
TMF,202603,2026-02-12 04:52:00,34093.0,34095.0,34091.0,34091.0,14
TMF,202603,2026-02-12 04:53:00,34094.0,34098.0,34093.0,34097.0,14
TMF,202603,2026-02-12 04:54:00,34095.0,34099.0,34095.0,34098.0,15
TMF,202603,2026-02-12 04:55:00,34100.0,34100.0,34094.0,34099.0,32
TMF,202603,2026-02-12 04:56:00,34097.0,34098.0,34094.0,34097.0,76
TMF,202603,2026-02-12 04:57:00,34098.0,34104.0,34096.0,34104.0,58
TMF,202603,2026-02-12 04:58:00,34103.0,34113.0,34103.0,34112.0,40
TMF,202603,2026-02-12 04:59:00,34105.0,34117.0,34104.0,34117.0,42
TMF,202603/202604,2026-02-11 21:42:00,87.0,87.0,84.0,84.0,20
TMF,202603/202604,2026-02-11 22:04:00,83.0,83.0,83.0,83.0,2
TMF,202603/202604,2026-02-11 22:05:00,83.0,83.0,83.0,83.0,4
TMF,202603/202604,2026-02-12 03:37:00,86.0,86.0,86.0,86.0,2
TMF,202604,2026-02-11 15:00:00,33831.0,33945.0,33828.0,33904.0,17
TMF,202604,2026-02-11 15:01:00,33892.0,33892.0,33892.0,33892.0,3
TMF,202604,2026-02-11 15:02:00,33892.0,33899.0,33892.0,33899.0,3
TMF,202604,2026-02-11 15:03:00,33892.0,33899.0,33892.0,33899.0,2
TMF,202604,2026-02-11 15:05:00,33898.0,33898.0,33898.0,33898.0,1
TMF,202604,2026-02-11 15:06:00,33904.0,33904.0,33900.0,33900.0,5
TMF,202604,2026-02-11 15:07:00,33892.0,33892.0,33888.0,33888.0,2
TMF,202604,2026-02-11 15:08:00,33880.0,33880.0,33880.0,33880.0,1
TMF,202604,2026-02-11 15:09:00,33890.0,33890.0,33890.0,33890.0,1
TMF,202604,2026-02-11 15:10:00,33883.0,33883.0,33883.0,33883.0,1
TMF,202604,2026-02-11 15:13:00,33868.0,33868.0,33868.0,33868.0,1
TMF,202604,2026-02-11 15:16:00,33860.0,33865.0,33860.0,33865.0,3
TMF,202604,2026-02-11 15:17:00,33883.0,33883.0,33883.0,33883.0,1
TMF,202604,2026-02-11 15:19:00,33902.0,33908.0,33902.0,33908.0,2
TMF,202604,2026-02-11 15:21:00,33911.0,33926.0,33911.0,33926.0,3
TMF,202604,2026-02-11 15:22:00,33920.0,33920.0,33920.0,33920.0,1
TMF,202604,2026-02-11 15:23:00,33915.0,33915.0,33915.0,33915.0,1
TMF,202604,2026-02-11 15:25:00,33920.0,33928.0,33920.0,33928.0,5
TMF,202604,2026-02-11 15:27:00,33928.0,33928.0,33928.0,33928.0,1
TMF,202604,2026-02-11 15:28:00,33920.0,33920.0,33916.0,33916.0,2
TMF,202604,2026-02-11 15:29:00,33913.0,33913.0,33913.0,33913.0,1
TMF,202604,2026-02-11 15:30:00,33913.0,33913.0,33905.0,33905.0,2
TMF,202604,2026-02-11 15:32:00,33900.0,33900.0,33900.0,33900.0,1
TMF,202604,2026-02-11 15:39:00,33898.0,33898.0,33898.0,33898.0,1
TMF,202604,2026-02-11 15:40:00,33898.0,33898.0,33894.0,33894.0,2
TMF,202604,2026-02-11 15:43:00,33899.0,33900.0,33899.0,33900.0,2
TMF,202604,2026-02-11 15:45:00,33905.0,33905.0,33905.0,33905.0,1
TMF,202604,2026-02-11 15:46:00,33913.0,33913.0,33913.0,33913.0,1
TMF,202604,2026-02-11 15:47:00,33923.0,33923.0,33923.0,33923.0,2
TMF,202604,2026-02-11 15:49:00,33905.0,33905.0,33902.0,33902.0,2
TMF,202604,2026-02-11 15:52:00,33900.0,33900.0,33900.0,33900.0,2
TMF,202604,2026-02-11 15:56:00,33890.0,33890.0,33890.0,33890.0,2
TMF,202604,2026-02-11 15:58:00,33890.0,33890.0,33890.0,33890.0,3
TMF,202604,2026-02-11 16:00:00,33905.0,33905.0,33905.0,33905.0,3
TMF,202604,2026-02-11 16:01:00,33910.0,33910.0,33910.0,33910.0,1
TMF,202604,2026-02-11 16:07:00,33910.0,33910.0,33910.0,33910.0,1
TMF,202604,2026-02-11 16:10:00,33890.0,33890.0,33890.0,33890.0,1
TMF,202604,2026-02-11 16:14:00,33885.0,33885.0,33885.0,33885.0,3
TMF,202604,2026-02-11 16:15:00,33886.0,33886.0,33886.0,33886.0,1
TMF,202604,2026-02-11 16:19:00,33881.0,33881.0,33881.0,33881.0,1
TMF,202604,2026-02-11 16:22:00,33886.0,33886.0,33886.0,33886.0,2
TMF,202604,2026-02-11 16:26:00,33908.0,33908.0,33908.0,33908.0,1
TMF,202604,2026-02-11 16:36:00,33913.0,33913.0,33913.0,33913.0,1
TMF,202604,2026-02-11 16:38:00,33915.0,33915.0,33915.0,33915.0,1
TMF,202604,2026-02-11 16:41:00,33913.0,33913.0,33913.0,33913.0,1
TMF,202604,2026-02-11 16:43:00,33913.0,33913.0,33913.0,33913.0,1
TMF,202604,2026-02-11 16:44:00,33919.0,33919.0,33919.0,33919.0,1
TMF,202604,2026-02-11 16:47:00,33919.0,33919.0,33919.0,33919.0,1
TMF,202604,2026-02-11 16:49:00,33910.0,33910.0,33910.0,33910.0,1
TMF,202604,2026-02-11 16:50:00,33905.0,33905.0,33905.0,33905.0,1
TMF,202604,2026-02-11 16:51:00,33905.0,33911.0,33905.0,33911.0,2
TMF,202604,2026-02-11 16:57:00,33911.0,33911.0,33911.0,33911.0,1
TMF,202604,2026-02-11 17:01:00,33903.0,33903.0,33901.0,33901.0,2
TMF,202604,2026-02-11 17:02:00,33915.0,33922.0,33915.0,33922.0,2
TMF,202604,2026-02-11 17:08:00,33923.0,33923.0,33922.0,33922.0,3
TMF,202604,2026-02-11 17:09:00,33922.0,33922.0,33922.0,33922.0,2
TMF,202604,2026-02-11 17:17:00,33912.0,33912.0,33907.0,33907.0,2
TMF,202604,2026-02-11 17:20:00,33907.0,33907.0,33907.0,33907.0,1
TMF,202604,2026-02-11 17:21:00,33900.0,33900.0,33900.0,33900.0,1
TMF,202604,2026-02-11 17:23:00,33900.0,33900.0,33900.0,33900.0,1
TMF,202604,2026-02-11 17:32:00,33900.0,33900.0,33900.0,33900.0,1
TMF,202604,2026-02-11 17:33:00,33898.0,33898.0,33895.0,33895.0,2
TMF,202604,2026-02-11 17:34:00,33890.0,33890.0,33890.0,33890.0,1
TMF,202604,2026-02-11 17:38:00,33890.0,33890.0,33888.0,33888.0,4
TMF,202604,2026-02-11 17:39:00,33880.0,33883.0,33880.0,33880.0,9
TMF,202604,2026-02-11 17:41:00,33870.0,33870.0,33870.0,33870.0,1
TMF,202604,2026-02-11 17:43:00,33872.0,33880.0,33872.0,33880.0,3
TMF,202604,2026-02-11 17:44:00,33878.0,33878.0,33877.0,33877.0,3
TMF,202604,2026-02-11 17:46:00,33887.0,33888.0,33887.0,33888.0,2
TMF,202604,2026-02-11 17:47:00,33895.0,33895.0,33895.0,33895.0,1
TMF,202604,2026-02-11 17:58:00,33895.0,33895.0,33895.0,33895.0,2
TMF,202604,2026-02-11 18:01:00,33870.0,33870.0,33860.0,33860.0,4
TMF,202604,2026-02-11 18:09:00,33860.0,33860.0,33860.0,33860.0,6
TMF,202604,2026-02-11 18:11:00,33880.0,33880.0,33880.0,33880.0,1
TMF,202604,2026-02-11 18:12:00,33890.0,33890.0,33890.0,33890.0,1
TMF,202604,2026-02-11 18:13:00,33880.0,33880.0,33880.0,33880.0,2
TMF,202604,2026-02-11 18:15:00,33874.0,33874.0,33874.0,33874.0,1
TMF,202604,2026-02-11 18:22:00,33895.0,33895.0,33895.0,33895.0,1
TMF,202604,2026-02-11 18:31:00,33885.0,33885.0,33885.0,33885.0,1
TMF,202604,2026-02-11 18:34:00,33893.0,33893.0,33893.0,33893.0,1
TMF,202604,2026-02-11 18:35:00,33892.0,33893.0,33892.0,33893.0,2
TMF,202604,2026-02-11 18:37:00,33890.0,33890.0,33887.0,33887.0,2
TMF,202604,2026-02-11 18:40:00,33887.0,33887.0,33887.0,33887.0,2
TMF,202604,2026-02-11 18:44:00,33895.0,33896.0,33895.0,33896.0,2
TMF,202604,2026-02-11 18:47:00,33890.0,33890.0,33890.0,33890.0,1
TMF,202604,2026-02-11 18:48:00,33887.0,33887.0,33887.0,33887.0,1
TMF,202604,2026-02-11 18:55:00,33888.0,33890.0,33888.0,33890.0,3
TMF,202604,2026-02-11 18:56:00,33891.0,33891.0,33891.0,33891.0,1
TMF,202604,2026-02-11 18:57:00,33894.0,33894.0,33894.0,33894.0,1
TMF,202604,2026-02-11 18:59:00,33900.0,33900.0,33900.0,33900.0,1
TMF,202604,2026-02-11 19:02:00,33922.0,33922.0,33920.0,33920.0,2
TMF,202604,2026-02-11 19:03:00,33913.0,33913.0,33913.0,33913.0,1
TMF,202604,2026-02-11 19:06:00,33916.0,33918.0,33916.0,33918.0,2
TMF,202604,2026-02-11 19:07:00,33924.0,33928.0,33924.0,33928.0,4
TMF,202604,2026-02-11 19:16:00,33916.0,33920.0,33916.0,33920.0,4
TMF,202604,2026-02-11 19:19:00,33923.0,33923.0,33923.0,33923.0,2
TMF,202604,2026-02-11 19:21:00,33925.0,33925.0,33925.0,33925.0,2
TMF,202604,2026-02-11 19:28:00,33918.0,33918.0,33918.0,33918.0,1
TMF,202604,2026-02-11 19:31:00,33927.0,33928.0,33927.0,33928.0,2
TMF,202604,2026-02-11 19:32:00,33928.0,33928.0,33928.0,33928.0,1
TMF,202604,2026-02-11 19:36:00,33922.0,33922.0,33922.0,33922.0,1
TMF,202604,2026-02-11 19:38:00,33922.0,33922.0,33922.0,33922.0,1
TMF,202604,2026-02-11 19:39:00,33922.0,33928.0,33922.0,33928.0,2
TMF,202604,2026-02-11 19:41:00,33911.0,33911.0,33911.0,33911.0,1
TMF,202604,2026-02-11 19:43:00,33900.0,33900.0,33900.0,33900.0,1
TMF,202604,2026-02-11 19:45:00,33900.0,33900.0,33900.0,33900.0,1
TMF,202604,2026-02-11 19:48:00,33911.0,33911.0,33911.0,33911.0,1
TMF,202604,2026-02-11 19:49:00,33922.0,33922.0,33922.0,33922.0,1
TMF,202604,2026-02-11 19:55:00,33902.0,33902.0,33902.0,33902.0,1
TMF,202604,2026-02-11 19:57:00,33895.0,33895.0,33895.0,33895.0,1
TMF,202604,2026-02-11 19:58:00,33892.0,33892.0,33892.0,33892.0,1
TMF,202604,2026-02-11 20:03:00,33906.0,33913.0,33906.0,33913.0,2
TMF,202604,2026-02-11 20:04:00,33915.0,33915.0,33908.0,33908.0,2
TMF,202604,2026-02-11 20:05:00,33911.0,33912.0,33911.0,33912.0,2
TMF,202604,2026-02-11 20:07:00,33912.0,33912.0,33912.0,33912.0,1
TMF,202604,2026-02-11 20:11:00,33926.0,33926.0,33926.0,33926.0,1
TMF,202604,2026-02-11 20:17:00,33914.0,33914.0,33914.0,33914.0,2
TMF,202604,2026-02-11 20:18:00,33914.0,33914.0,33914.0,33914.0,1
TMF,202604,2026-02-11 20:20:00,33914.0,33914.0,33914.0,33914.0,1
TMF,202604,2026-02-11 20:25:00,33920.0,33920.0,33920.0,33920.0,1
TMF,202604,2026-02-11 20:28:00,33918.0,33918.0,33918.0,33918.0,1
TMF,202604,2026-02-11 20:42:00,33918.0,33918.0,33918.0,33918.0,1
TMF,202604,2026-02-11 20:47:00,33917.0,33918.0,33915.0,33915.0,3
TMF,202604,2026-02-11 20:48:00,33915.0,33915.0,33915.0,33915.0,2
TMF,202604,2026-02-11 20:51:00,33910.0,33910.0,33910.0,33910.0,1
TMF,202604,2026-02-11 20:52:00,33908.0,33908.0,33905.0,33905.0,3
TMF,202604,2026-02-11 20:55:00,33904.0,33905.0,33904.0,33905.0,4
TMF,202604,2026-02-11 20:59:00,33923.0,33924.0,33923.0,33924.0,2
TMF,202604,2026-02-11 21:05:00,33923.0,33923.0,33923.0,33923.0,2
TMF,202604,2026-02-11 21:10:00,33926.0,33926.0,33926.0,33926.0,1
TMF,202604,2026-02-11 21:17:00,33925.0,33925.0,33925.0,33925.0,1
TMF,202604,2026-02-11 21:18:00,33915.0,33915.0,33915.0,33915.0,1
TMF,202604,2026-02-11 21:22:00,33915.0,33915.0,33915.0,33915.0,1
TMF,202604,2026-02-11 21:30:00,33925.0,33955.0,33910.0,33910.0,13
TMF,202604,2026-02-11 21:32:00,33943.0,33955.0,33943.0,33955.0,5
TMF,202604,2026-02-11 21:33:00,33962.0,33998.0,33962.0,33985.0,11
TMF,202604,2026-02-11 21:34:00,33999.0,34012.0,33999.0,34012.0,15
TMF,202604,2026-02-11 21:35:00,33982.0,33982.0,33981.0,33981.0,2
TMF,202604,2026-02-11 21:36:00,33981.0,34000.0,33981.0,34000.0,6
TMF,202604,2026-02-11 21:37:00,34004.0,34004.0,34003.0,34003.0,4
TMF,202604,2026-02-11 21:39:00,33997.0,33997.0,33997.0,33997.0,1
TMF,202604,2026-02-11 21:40:00,33998.0,33998.0,33996.0,33996.0,2
TMF,202604,2026-02-11 21:41:00,33985.0,33985.0,33977.0,33979.0,4
TMF,202604,2026-02-11 21:42:00,33988.0,33988.0,33985.0,33986.0,4
TMF,202604,2026-02-11 21:43:00,33977.0,33977.0,33977.0,33977.0,5
TMF,202604,2026-02-11 21:44:00,33980.0,33984.0,33980.0,33984.0,3
TMF,202604,2026-02-11 21:45:00,34000.0,34002.0,34000.0,34002.0,2
TMF,202604,2026-02-11 21:46:00,34008.0,34034.0,34008.0,34033.0,16
TMF,202604,2026-02-11 21:47:00,34033.0,34039.0,34032.0,34039.0,5
TMF,202604,2026-02-11 21:48:00,34029.0,34045.0,34029.0,34037.0,8
TMF,202604,2026-02-11 21:50:00,34035.0,34035.0,34035.0,34035.0,1
TMF,202604,2026-02-11 21:51:00,34035.0,34035.0,34025.0,34025.0,6
TMF,202604,2026-02-11 21:52:00,34027.0,34027.0,34023.0,34023.0,2
TMF,202604,2026-02-11 21:53:00,34048.0,34055.0,34048.0,34055.0,11
TMF,202604,2026-02-11 21:54:00,34055.0,34088.0,34055.0,34078.0,11
TMF,202604,2026-02-11 21:55:00,34075.0,34090.0,34074.0,34090.0,8
TMF,202604,2026-02-11 21:56:00,34090.0,34091.0,34084.0,34084.0,11
TMF,202604,2026-02-11 21:57:00,34078.0,34085.0,34075.0,34079.0,8
TMF,202604,2026-02-11 21:58:00,34076.0,34076.0,34076.0,34076.0,1
TMF,202604,2026-02-11 21:59:00,34084.0,34084.0,34077.0,34084.0,3
TMF,202604,2026-02-11 22:00:00,34077.0,34077.0,34070.0,34070.0,7
TMF,202604,2026-02-11 22:01:00,34070.0,34071.0,34070.0,34071.0,9
TMF,202604,2026-02-11 22:02:00,34080.0,34083.0,34080.0,34083.0,4
TMF,202604,2026-02-11 22:03:00,34071.0,34071.0,34065.0,34065.0,6
TMF,202604,2026-02-11 22:04:00,34065.0,34065.0,34065.0,34065.0,3
TMF,202604,2026-02-11 22:06:00,34072.0,34072.0,34072.0,34072.0,1
TMF,202604,2026-02-11 22:07:00,34070.0,34070.0,34070.0,34070.0,1
TMF,202604,2026-02-11 22:08:00,34064.0,34064.0,34064.0,34064.0,1
TMF,202604,2026-02-11 22:09:00,34060.0,34060.0,34060.0,34060.0,1
TMF,202604,2026-02-11 22:10:00,34058.0,34058.0,34055.0,34055.0,5
TMF,202604,2026-02-11 22:11:00,34055.0,34055.0,34041.0,34041.0,4
TMF,202604,2026-02-11 22:12:00,34036.0,34046.0,34034.0,34046.0,4
TMF,202604,2026-02-11 22:13:00,34046.0,34055.0,34046.0,34055.0,2
TMF,202604,2026-02-11 22:14:00,34060.0,34060.0,34060.0,34060.0,1
TMF,202604,2026-02-11 22:17:00,34062.0,34062.0,34060.0,34060.0,4
TMF,202604,2026-02-11 22:19:00,34066.0,34066.0,34066.0,34066.0,1
TMF,202604,2026-02-11 22:20:00,34066.0,34066.0,34066.0,34066.0,1
TMF,202604,2026-02-11 22:21:00,34066.0,34066.0,34063.0,34063.0,2
TMF,202604,2026-02-11 22:22:00,34061.0,34061.0,34061.0,34061.0,1
TMF,202604,2026-02-11 22:25:00,34061.0,34073.0,34061.0,34073.0,2
TMF,202604,2026-02-11 22:26:00,34073.0,34073.0,34073.0,34073.0,5
TMF,202604,2026-02-11 22:27:00,34073.0,34073.0,34073.0,34073.0,1
TMF,202604,2026-02-11 22:28:00,34080.0,34080.0,34080.0,34080.0,1
TMF,202604,2026-02-11 22:29:00,34080.0,34080.0,34080.0,34080.0,1
TMF,202604,2026-02-11 22:30:00,34075.0,34131.0,34075.0,34131.0,19
TMF,202604,2026-02-11 22:31:00,34130.0,34132.0,34110.0,34121.0,22
TMF,202604,2026-02-11 22:32:00,34126.0,34140.0,34106.0,34124.0,7
TMF,202604,2026-02-11 22:33:00,34103.0,34112.0,34078.0,34093.0,10
TMF,202604,2026-02-11 22:34:00,34108.0,34108.0,34078.0,34078.0,7
TMF,202604,2026-02-11 22:35:00,34078.0,34105.0,34078.0,34105.0,3
TMF,202604,2026-02-11 22:36:00,34124.0,34149.0,34117.0,34119.0,16
TMF,202604,2026-02-11 22:37:00,34100.0,34123.0,34100.0,34123.0,7
TMF,202604,2026-02-11 22:38:00,34125.0,34125.0,34100.0,34105.0,6
TMF,202604,2026-02-11 22:39:00,34088.0,34095.0,34088.0,34095.0,3
TMF,202604,2026-02-11 22:41:00,34120.0,34134.0,34120.0,34128.0,4
TMF,202604,2026-02-11 22:42:00,34136.0,34140.0,34125.0,34125.0,6
TMF,202604,2026-02-11 22:43:00,34147.0,34150.0,34145.0,34145.0,13
TMF,202604,2026-02-11 22:44:00,34149.0,34150.0,34147.0,34150.0,4
TMF,202604,2026-02-11 22:45:00,34158.0,34170.0,34158.0,34170.0,8
TMF,202604,2026-02-11 22:46:00,34179.0,34192.0,34168.0,34168.0,18
TMF,202604,2026-02-11 22:47:00,34170.0,34178.0,34170.0,34170.0,8
TMF,202604,2026-02-11 22:48:00,34170.0,34200.0,34170.0,34200.0,14
TMF,202604,2026-02-11 22:49:00,34201.0,34201.0,34182.0,34198.0,9
TMF,202604,2026-02-11 22:50:00,34208.0,34208.0,34192.0,34192.0,4
TMF,202604,2026-02-11 22:51:00,34199.0,34210.0,34199.0,34207.0,3
TMF,202604,2026-02-11 22:52:00,34204.0,34204.0,34182.0,34182.0,7
TMF,202604,2026-02-11 22:53:00,34175.0,34192.0,34166.0,34192.0,7
TMF,202604,2026-02-11 22:54:00,34192.0,34202.0,34189.0,34200.0,16
TMF,202604,2026-02-11 22:55:00,34210.0,34216.0,34210.0,34211.0,10
TMF,202604,2026-02-11 22:56:00,34192.0,34192.0,34185.0,34185.0,4
TMF,202604,2026-02-11 22:57:00,34186.0,34186.0,34162.0,34172.0,10
TMF,202604,2026-02-11 22:58:00,34170.0,34172.0,34140.0,34140.0,13
TMF,202604,2026-02-11 22:59:00,34141.0,34153.0,34141.0,34153.0,4
TMF,202604,2026-02-11 23:00:00,34155.0,34155.0,34155.0,34155.0,1
TMF,202604,2026-02-11 23:01:00,34188.0,34206.0,34188.0,34200.0,6
TMF,202604,2026-02-11 23:02:00,34200.0,34200.0,34150.0,34150.0,8
TMF,202604,2026-02-11 23:03:00,34140.0,34163.0,34135.0,34161.0,7
TMF,202604,2026-02-11 23:04:00,34152.0,34155.0,34149.0,34153.0,4
TMF,202604,2026-02-11 23:05:00,34145.0,34155.0,34140.0,34155.0,7
TMF,202604,2026-02-11 23:06:00,34155.0,34155.0,34151.0,34151.0,3
TMF,202604,2026-02-11 23:07:00,34142.0,34142.0,34123.0,34123.0,9
TMF,202604,2026-02-11 23:08:00,34121.0,34125.0,34121.0,34124.0,4
TMF,202604,2026-02-11 23:09:00,34121.0,34121.0,34109.0,34109.0,10
TMF,202604,2026-02-11 23:10:00,34109.0,34109.0,34090.0,34109.0,17
TMF,202604,2026-02-11 23:11:00,34084.0,34084.0,34050.0,34050.0,7
TMF,202604,2026-02-11 23:12:00,34035.0,34035.0,33980.0,33980.0,21
TMF,202604,2026-02-11 23:13:00,33980.0,33981.0,33949.0,33956.0,21
TMF,202604,2026-02-11 23:14:00,33956.0,33998.0,33956.0,33998.0,4
TMF,202604,2026-02-11 23:15:00,34050.0,34050.0,34030.0,34030.0,3
TMF,202604,2026-02-11 23:16:00,34000.0,34020.0,33977.0,33977.0,15
TMF,202604,2026-02-11 23:17:00,33979.0,33979.0,33976.0,33976.0,4
TMF,202604,2026-02-11 23:18:00,33976.0,33993.0,33976.0,33992.0,7
TMF,202604,2026-02-11 23:19:00,33992.0,33992.0,33969.0,33969.0,8
TMF,202604,2026-02-11 23:20:00,33960.0,33960.0,33920.0,33920.0,10
TMF,202604,2026-02-11 23:21:00,33920.0,33954.0,33920.0,33954.0,7
TMF,202604,2026-02-11 23:22:00,33959.0,33959.0,33959.0,33959.0,1
TMF,202604,2026-02-11 23:23:00,33954.0,33959.0,33950.0,33959.0,4
TMF,202604,2026-02-11 23:24:00,33913.0,33929.0,33913.0,33929.0,3
TMF,202604,2026-02-11 23:25:00,33936.0,33936.0,33936.0,33936.0,1
TMF,202604,2026-02-11 23:26:00,33922.0,33922.0,33912.0,33912.0,10
TMF,202604,2026-02-11 23:27:00,33912.0,33920.0,33912.0,33916.0,3
TMF,202604,2026-02-11 23:28:00,33916.0,33971.0,33916.0,33960.0,11
TMF,202604,2026-02-11 23:29:00,33956.0,33967.0,33941.0,33941.0,14
TMF,202604,2026-02-11 23:30:00,33950.0,33950.0,33950.0,33950.0,1
TMF,202604,2026-02-11 23:31:00,33953.0,33953.0,33953.0,33953.0,1
TMF,202604,2026-02-11 23:32:00,33965.0,33987.0,33965.0,33987.0,4
TMF,202604,2026-02-11 23:33:00,33988.0,33988.0,33987.0,33987.0,4
TMF,202604,2026-02-11 23:34:00,33998.0,33999.0,33995.0,33995.0,9
TMF,202604,2026-02-11 23:35:00,33998.0,34015.0,33996.0,34015.0,9
TMF,202604,2026-02-11 23:36:00,34030.0,34041.0,34009.0,34009.0,11
TMF,202604,2026-02-11 23:37:00,34000.0,34004.0,33989.0,34004.0,21
TMF,202604,2026-02-11 23:38:00,34004.0,34004.0,34004.0,34004.0,2
TMF,202604,2026-02-11 23:39:00,34025.0,34025.0,34025.0,34025.0,1
TMF,202604,2026-02-11 23:40:00,34042.0,34042.0,34038.0,34042.0,5
TMF,202604,2026-02-11 23:41:00,34048.0,34048.0,34046.0,34046.0,2
TMF,202604,2026-02-11 23:42:00,34025.0,34025.0,34025.0,34025.0,1
TMF,202604,2026-02-11 23:43:00,34025.0,34025.0,34003.0,34003.0,5
TMF,202604,2026-02-11 23:44:00,34020.0,34024.0,34013.0,34024.0,3
TMF,202604,2026-02-11 23:45:00,34025.0,34025.0,34025.0,34025.0,3
TMF,202604,2026-02-11 23:46:00,34024.0,34024.0,34024.0,34024.0,1
TMF,202604,2026-02-11 23:49:00,34000.0,34000.0,33974.0,33974.0,22
TMF,202604,2026-02-11 23:51:00,34000.0,34000.0,34000.0,34000.0,1
TMF,202604,2026-02-11 23:52:00,34024.0,34030.0,34024.0,34030.0,2
TMF,202604,2026-02-11 23:53:00,34040.0,34080.0,34040.0,34079.0,6
TMF,202604,2026-02-11 23:54:00,34074.0,34074.0,34074.0,34074.0,1
TMF,202604,2026-02-11 23:56:00,34075.0,34075.0,34074.0,34074.0,4
TMF,202604,2026-02-11 23:57:00,34074.0,34074.0,34074.0,34074.0,5
TMF,202604,2026-02-11 23:59:00,34060.0,34060.0,34060.0,34060.0,1
TMF,202604,2026-02-12 00:00:00,34074.0,34074.0,34074.0,34074.0,1
TMF,202604,2026-02-12 00:02:00,34070.0,34070.0,34070.0,34070.0,1
TMF,202604,2026-02-12 00:03:00,34055.0,34055.0,34050.0,34050.0,3
TMF,202604,2026-02-12 00:04:00,34044.0,34044.0,34044.0,34044.0,1
TMF,202604,2026-02-12 00:05:00,34041.0,34041.0,34041.0,34041.0,1
TMF,202604,2026-02-12 00:10:00,34021.0,34065.0,34021.0,34065.0,7
TMF,202604,2026-02-12 00:12:00,34068.0,34068.0,34068.0,34068.0,2
TMF,202604,2026-02-12 00:14:00,34085.0,34088.0,34085.0,34088.0,4
TMF,202604,2026-02-12 00:15:00,34083.0,34087.0,34083.0,34087.0,2
TMF,202604,2026-02-12 00:17:00,34095.0,34100.0,34095.0,34100.0,2
TMF,202604,2026-02-12 00:18:00,34095.0,34097.0,34095.0,34097.0,3
TMF,202604,2026-02-12 00:19:00,34105.0,34105.0,34105.0,34105.0,1
TMF,202604,2026-02-12 00:20:00,34105.0,34110.0,34105.0,34110.0,6
TMF,202604,2026-02-12 00:21:00,34110.0,34120.0,34110.0,34120.0,7
TMF,202604,2026-02-12 00:22:00,34110.0,34120.0,34110.0,34120.0,2
TMF,202604,2026-02-12 00:23:00,34120.0,34120.0,34120.0,34120.0,2
TMF,202604,2026-02-12 00:25:00,34104.0,34104.0,34104.0,34104.0,1
TMF,202604,2026-02-12 00:26:00,34100.0,34100.0,34095.0,34095.0,2
TMF,202604,2026-02-12 00:27:00,34086.0,34086.0,34080.0,34080.0,3
TMF,202604,2026-02-12 00:30:00,34050.0,34080.0,34050.0,34080.0,5
TMF,202604,2026-02-12 00:31:00,34084.0,34084.0,34084.0,34084.0,1
TMF,202604,2026-02-12 00:32:00,34080.0,34080.0,34080.0,34080.0,2
TMF,202604,2026-02-12 00:33:00,34096.0,34096.0,34096.0,34096.0,1
TMF,202604,2026-02-12 00:35:00,34080.0,34080.0,34080.0,34080.0,2
TMF,202604,2026-02-12 00:40:00,34097.0,34097.0,34097.0,34097.0,1
TMF,202604,2026-02-12 00:48:00,34071.0,34071.0,34071.0,34071.0,1
TMF,202604,2026-02-12 00:57:00,34063.0,34063.0,34062.0,34062.0,2
TMF,202604,2026-02-12 00:59:00,34052.0,34052.0,34050.0,34050.0,3
TMF,202604,2026-02-12 01:00:00,34058.0,34058.0,34039.0,34044.0,3
TMF,202604,2026-02-12 01:01:00,34030.0,34030.0,34025.0,34025.0,2
TMF,202604,2026-02-12 01:02:00,34008.0,34008.0,34001.0,34001.0,8
TMF,202604,2026-02-12 01:03:00,34010.0,34010.0,34010.0,34010.0,1
TMF,202604,2026-02-12 01:04:00,34025.0,34025.0,34017.0,34017.0,2
TMF,202604,2026-02-12 01:05:00,34016.0,34016.0,34014.0,34014.0,2
TMF,202604,2026-02-12 01:06:00,34035.0,34035.0,34035.0,34035.0,1
TMF,202604,2026-02-12 01:08:00,34049.0,34049.0,34049.0,34049.0,1
TMF,202604,2026-02-12 01:09:00,34069.0,34086.0,34069.0,34086.0,4
TMF,202604,2026-02-12 01:11:00,34063.0,34063.0,34063.0,34063.0,1
TMF,202604,2026-02-12 01:17:00,34095.0,34100.0,34095.0,34095.0,5
TMF,202604,2026-02-12 01:18:00,34090.0,34090.0,34090.0,34090.0,3
TMF,202604,2026-02-12 01:23:00,34100.0,34100.0,34100.0,34100.0,4
TMF,202604,2026-02-12 01:24:00,34105.0,34105.0,34105.0,34105.0,1
TMF,202604,2026-02-12 01:25:00,34112.0,34119.0,34112.0,34119.0,5
TMF,202604,2026-02-12 01:26:00,34125.0,34125.0,34125.0,34125.0,3
TMF,202604,2026-02-12 01:28:00,34121.0,34121.0,34121.0,34121.0,1
TMF,202604,2026-02-12 01:29:00,34125.0,34125.0,34120.0,34120.0,5
TMF,202604,2026-02-12 01:30:00,34125.0,34125.0,34125.0,34125.0,1
TMF,202604,2026-02-12 01:31:00,34120.0,34120.0,34120.0,34120.0,1
TMF,202604,2026-02-12 01:32:00,34125.0,34125.0,34125.0,34125.0,15
TMF,202604,2026-02-12 01:33:00,34125.0,34125.0,34125.0,34125.0,1
TMF,202604,2026-02-12 01:35:00,34126.0,34126.0,34122.0,34122.0,2
TMF,202604,2026-02-12 01:36:00,34116.0,34116.0,34116.0,34116.0,3
TMF,202604,2026-02-12 01:37:00,34100.0,34100.0,34100.0,34100.0,1
TMF,202604,2026-02-12 01:38:00,34100.0,34100.0,34100.0,34100.0,1
TMF,202604,2026-02-12 01:50:00,34123.0,34123.0,34123.0,34123.0,1
TMF,202604,2026-02-12 01:51:00,34130.0,34142.0,34130.0,34142.0,4
TMF,202604,2026-02-12 01:52:00,34138.0,34140.0,34138.0,34140.0,2
TMF,202604,2026-02-12 01:57:00,34100.0,34100.0,34100.0,34100.0,1
TMF,202604,2026-02-12 01:58:00,34100.0,34100.0,34100.0,34100.0,1
TMF,202604,2026-02-12 02:02:00,34100.0,34100.0,34100.0,34100.0,2
TMF,202604,2026-02-12 02:05:00,34113.0,34113.0,34113.0,34113.0,1
TMF,202604,2026-02-12 02:06:00,34125.0,34125.0,34125.0,34125.0,1
TMF,202604,2026-02-12 02:07:00,34110.0,34110.0,34100.0,34102.0,6
TMF,202604,2026-02-12 02:08:00,34097.0,34100.0,34094.0,34100.0,3
TMF,202604,2026-02-12 02:09:00,34096.0,34096.0,34090.0,34090.0,3
TMF,202604,2026-02-12 02:12:00,34076.0,34076.0,34076.0,34076.0,1
TMF,202604,2026-02-12 02:15:00,34075.0,34088.0,34075.0,34088.0,2
TMF,202604,2026-02-12 02:16:00,34105.0,34110.0,34105.0,34110.0,2
TMF,202604,2026-02-12 02:17:00,34118.0,34120.0,34118.0,34120.0,3
TMF,202604,2026-02-12 02:19:00,34118.0,34118.0,34118.0,34118.0,1
TMF,202604,2026-02-12 02:22:00,34100.0,34100.0,34100.0,34100.0,1
TMF,202604,2026-02-12 02:32:00,34115.0,34115.0,34115.0,34115.0,1
TMF,202604,2026-02-12 02:40:00,34119.0,34119.0,34119.0,34119.0,1
TMF,202604,2026-02-12 02:43:00,34105.0,34105.0,34105.0,34105.0,1
TMF,202604,2026-02-12 02:44:00,34101.0,34101.0,34101.0,34101.0,2
TMF,202604,2026-02-12 02:54:00,34120.0,34120.0,34120.0,34120.0,1
TMF,202604,2026-02-12 02:56:00,34125.0,34125.0,34125.0,34125.0,1
TMF,202604,2026-02-12 03:13:00,34125.0,34125.0,34125.0,34125.0,1
TMF,202604,2026-02-12 03:15:00,34138.0,34138.0,34138.0,34138.0,1
TMF,202604,2026-02-12 03:18:00,34138.0,34138.0,34137.0,34137.0,4
TMF,202604,2026-02-12 03:19:00,34138.0,34138.0,34138.0,34138.0,1
TMF,202604,2026-02-12 03:20:00,34138.0,34140.0,34138.0,34140.0,3
TMF,202604,2026-02-12 03:21:00,34144.0,34144.0,34144.0,34144.0,1
TMF,202604,2026-02-12 03:22:00,34150.0,34150.0,34150.0,34150.0,1
TMF,202604,2026-02-12 03:23:00,34155.0,34155.0,34155.0,34155.0,1
TMF,202604,2026-02-12 03:24:00,34155.0,34155.0,34155.0,34155.0,1
TMF,202604,2026-02-12 03:26:00,34160.0,34160.0,34160.0,34160.0,2
TMF,202604,2026-02-12 03:27:00,34155.0,34155.0,34155.0,34155.0,1
TMF,202604,2026-02-12 03:28:00,34155.0,34155.0,34155.0,34155.0,1
TMF,202604,2026-02-12 03:29:00,34163.0,34164.0,34163.0,34164.0,2
TMF,202604,2026-02-12 03:30:00,34165.0,34165.0,34150.0,34160.0,3
TMF,202604,2026-02-12 03:31:00,34145.0,34163.0,34145.0,34163.0,2
TMF,202604,2026-02-12 03:32:00,34163.0,34163.0,34163.0,34163.0,1
TMF,202604,2026-02-12 03:33:00,34165.0,34165.0,34150.0,34150.0,2
TMF,202604,2026-02-12 03:34:00,34148.0,34148.0,34148.0,34148.0,1
TMF,202604,2026-02-12 03:38:00,34168.0,34168.0,34168.0,34168.0,1
TMF,202604,2026-02-12 03:39:00,34168.0,34168.0,34168.0,34168.0,1
TMF,202604,2026-02-12 03:46:00,34150.0,34150.0,34150.0,34150.0,1
TMF,202604,2026-02-12 03:47:00,34172.0,34173.0,34172.0,34173.0,3
TMF,202604,2026-02-12 03:54:00,34173.0,34173.0,34173.0,34173.0,1
TMF,202604,2026-02-12 03:55:00,34164.0,34164.0,34164.0,34164.0,1
TMF,202604,2026-02-12 03:56:00,34161.0,34161.0,34159.0,34159.0,2
TMF,202604,2026-02-12 03:58:00,34164.0,34164.0,34164.0,34164.0,1
TMF,202604,2026-02-12 04:03:00,34164.0,34164.0,34164.0,34164.0,1
TMF,202604,2026-02-12 04:05:00,34164.0,34164.0,34164.0,34164.0,1
TMF,202604,2026-02-12 04:07:00,34150.0,34150.0,34150.0,34150.0,1
TMF,202604,2026-02-12 04:12:00,34164.0,34164.0,34164.0,34164.0,1
TMF,202604,2026-02-12 04:13:00,34164.0,34164.0,34157.0,34157.0,2
TMF,202604,2026-02-12 04:15:00,34167.0,34167.0,34167.0,34167.0,2
TMF,202604,2026-02-12 04:18:00,34169.0,34169.0,34169.0,34169.0,1
TMF,202604,2026-02-12 04:19:00,34167.0,34167.0,34167.0,34167.0,1
TMF,202604,2026-02-12 04:23:00,34166.0,34166.0,34166.0,34166.0,1
TMF,202604,2026-02-12 04:24:00,34167.0,34167.0,34167.0,34167.0,1
TMF,202604,2026-02-12 04:25:00,34170.0,34175.0,34170.0,34175.0,2
TMF,202604,2026-02-12 04:27:00,34175.0,34175.0,34175.0,34175.0,1
TMF,202604,2026-02-12 04:28:00,34175.0,34175.0,34175.0,34175.0,1
TMF,202604,2026-02-12 04:29:00,34175.0,34175.0,34175.0,34175.0,1
TMF,202604,2026-02-12 04:30:00,34165.0,34165.0,34165.0,34165.0,2
TMF,202604,2026-02-12 04:33:00,34165.0,34165.0,34165.0,34165.0,1
TMF,202604,2026-02-12 04:37:00,34165.0,34165.0,34165.0,34165.0,3
TMF,202604,2026-02-12 04:40:00,34175.0,34180.0,34175.0,34180.0,2
TMF,202604,2026-02-12 04:41:00,34185.0,34185.0,34185.0,34185.0,2
TMF,202604,2026-02-12 04:42:00,34185.0,34185.0,34180.0,34180.0,2
TMF,202604,2026-02-12 04:43:00,34188.0,34188.0,34188.0,34188.0,1
TMF,202604,2026-02-12 04:44:00,34189.0,34190.0,34189.0,34190.0,2
TMF,202604,2026-02-12 04:46:00,34195.0,34195.0,34195.0,34195.0,1
TMF,202604,2026-02-12 04:47:00,34195.0,34195.0,34195.0,34195.0,1
TMF,202604,2026-02-12 04:50:00,34190.0,34190.0,34190.0,34190.0,1
TMF,202604,2026-02-12 04:52:00,34194.0,34196.0,34194.0,34196.0,6
TMF,202604,2026-02-12 04:53:00,34195.0,34197.0,34195.0,34195.0,5
TMF,202604,2026-02-12 04:54:00,34186.0,34186.0,34186.0,34186.0,1
TMF,202604,2026-02-12 04:55:00,34198.0,34198.0,34198.0,34198.0,2
TMF,202604,2026-02-12 04:56:00,34198.0,34198.0,34197.0,34198.0,17
TMF,202604,2026-02-12 04:57:00,34198.0,34200.0,34198.0,34199.0,3
TMF,202604,2026-02-12 04:58:00,34200.0,34205.0,34200.0,34205.0,6
TMF,202604,2026-02-12 04:59:00,34206.0,34222.0,34206.0,34222.0,17
TMF,202606,2026-02-11 15:00:00,33981.0,33981.0,33955.0,33972.0,9
TMF,202606,2026-02-11 15:01:00,34010.0,34010.0,34010.0,34010.0,1
TMF,202606,2026-02-11 15:06:00,34028.0,34030.0,34028.0,34030.0,2
TMF,202606,2026-02-11 15:07:00,34030.0,34030.0,34030.0,34030.0,2
TMF,202606,2026-02-11 15:10:00,34030.0,34030.0,34030.0,34030.0,1
TMF,202606,2026-02-11 15:13:00,34000.0,34000.0,34000.0,34000.0,2
TMF,202606,2026-02-11 15:14:00,33988.0,33988.0,33952.0,33952.0,5
TMF,202606,2026-02-11 15:21:00,34043.0,34050.0,34043.0,34050.0,3
TMF,202606,2026-02-11 15:22:00,34050.0,34050.0,34050.0,34050.0,1
TMF,202606,2026-02-11 15:28:00,34054.0,34054.0,34051.0,34051.0,2
TMF,202606,2026-02-11 15:32:00,34033.0,34033.0,34033.0,34033.0,2
TMF,202606,2026-02-11 15:36:00,34035.0,34037.0,34035.0,34037.0,2
TMF,202606,2026-02-11 15:40:00,34027.0,34027.0,34027.0,34027.0,1
TMF,202606,2026-02-11 15:44:00,34058.0,34058.0,34058.0,34058.0,1
TMF,202606,2026-02-11 15:50:00,34038.0,34038.0,34038.0,34038.0,1
TMF,202606,2026-02-11 15:55:00,34027.0,34027.0,34027.0,34027.0,1
TMF,202606,2026-02-11 16:00:00,34058.0,34058.0,34058.0,34058.0,1
TMF,202606,2026-02-11 16:05:00,34060.0,34061.0,34060.0,34061.0,3
TMF,202606,2026-02-11 16:14:00,34005.0,34005.0,34005.0,34005.0,1
TMF,202606,2026-02-11 16:18:00,34007.0,34007.0,34007.0,34007.0,1
TMF,202606,2026-02-11 16:22:00,34007.0,34007.0,34007.0,34007.0,2
TMF,202606,2026-02-11 16:54:00,34036.0,34036.0,34036.0,34036.0,1
TMF,202606,2026-02-11 16:55:00,34059.0,34059.0,34059.0,34059.0,4
TMF,202606,2026-02-11 17:09:00,34059.0,34059.0,34059.0,34059.0,1
TMF,202606,2026-02-11 17:38:00,34015.0,34015.0,34012.0,34012.0,2
TMF,202606,2026-02-11 17:40:00,34010.0,34010.0,34008.0,34008.0,3
TMF,202606,2026-02-11 17:42:00,34007.0,34007.0,34007.0,34007.0,4
TMF,202606,2026-02-11 17:44:00,34005.0,34005.0,34005.0,34005.0,2
TMF,202606,2026-02-11 17:45:00,34018.0,34018.0,34018.0,34018.0,1
TMF,202606,2026-02-11 17:58:00,34030.0,34030.0,34030.0,34030.0,1
TMF,202606,2026-02-11 18:00:00,34020.0,34020.0,34013.0,34013.0,4
TMF,202606,2026-02-11 18:01:00,34000.0,34000.0,34000.0,34000.0,4
TMF,202606,2026-02-11 18:22:00,34038.0,34038.0,34038.0,34038.0,3
TMF,202606,2026-02-11 18:26:00,34029.0,34029.0,34029.0,34029.0,1
TMF,202606,2026-02-11 18:31:00,34030.0,34030.0,34029.0,34029.0,3
TMF,202606,2026-02-11 18:32:00,34034.0,34035.0,34034.0,34035.0,3
TMF,202606,2026-02-11 18:34:00,34035.0,34035.0,34035.0,34035.0,1
TMF,202606,2026-02-11 18:37:00,34033.0,34033.0,34033.0,34033.0,1
TMF,202606,2026-02-11 18:44:00,34033.0,34033.0,34033.0,34033.0,1
TMF,202606,2026-02-11 19:00:00,34046.0,34050.0,34046.0,34050.0,2
TMF,202606,2026-02-11 19:07:00,34059.0,34059.0,34059.0,34059.0,1
TMF,202606,2026-02-11 19:08:00,34065.0,34065.0,34065.0,34065.0,1
TMF,202606,2026-02-11 19:09:00,34066.0,34068.0,34066.0,34068.0,3
TMF,202606,2026-02-11 19:19:00,34066.0,34066.0,34066.0,34066.0,2
TMF,202606,2026-02-11 19:39:00,34058.0,34058.0,34058.0,34058.0,1
TMF,202606,2026-02-11 19:41:00,34050.0,34050.0,34050.0,34050.0,2
TMF,202606,2026-02-11 20:04:00,34050.0,34050.0,34050.0,34050.0,1
TMF,202606,2026-02-11 21:01:00,34067.0,34067.0,34067.0,34067.0,1
TMF,202606,2026-02-11 21:10:00,34068.0,34068.0,34068.0,34068.0,1
TMF,202606,2026-02-11 21:17:00,34065.0,34065.0,34065.0,34065.0,1
TMF,202606,2026-02-11 21:28:00,34066.0,34066.0,34066.0,34066.0,1
TMF,202606,2026-02-11 21:30:00,34078.0,34078.0,34050.0,34050.0,3
TMF,202606,2026-02-11 21:32:00,34080.0,34083.0,34080.0,34083.0,2
TMF,202606,2026-02-11 21:33:00,34099.0,34131.0,34099.0,34131.0,8
TMF,202606,2026-02-11 21:34:00,34133.0,34150.0,34133.0,34150.0,2
TMF,202606,2026-02-11 21:46:00,34150.0,34168.0,34150.0,34168.0,6
TMF,202606,2026-02-11 21:50:00,34170.0,34170.0,34168.0,34168.0,3
TMF,202606,2026-02-11 21:51:00,34168.0,34168.0,34168.0,34168.0,1
TMF,202606,2026-02-11 21:54:00,34200.0,34232.0,34158.0,34232.0,8
TMF,202606,2026-02-11 21:55:00,34202.0,34202.0,34202.0,34202.0,1
TMF,202606,2026-02-11 21:56:00,34202.0,34202.0,34202.0,34202.0,6
TMF,202606,2026-02-11 21:57:00,34234.0,34234.0,34234.0,34234.0,3
TMF,202606,2026-02-11 21:58:00,34234.0,34234.0,34234.0,34234.0,4
TMF,202606,2026-02-11 22:03:00,34202.0,34202.0,34200.0,34200.0,4
TMF,202606,2026-02-11 22:10:00,34200.0,34200.0,34200.0,34200.0,1
TMF,202606,2026-02-11 22:11:00,34192.0,34192.0,34188.0,34188.0,2
TMF,202606,2026-02-11 22:15:00,34215.0,34215.0,34215.0,34215.0,1
TMF,202606,2026-02-11 22:17:00,34200.0,34200.0,34200.0,34200.0,1
TMF,202606,2026-02-11 22:21:00,34200.0,34200.0,34200.0,34200.0,2
TMF,202606,2026-02-11 22:22:00,34200.0,34200.0,34200.0,34200.0,1
TMF,202606,2026-02-11 22:27:00,34201.0,34201.0,34201.0,34201.0,1
TMF,202606,2026-02-11 22:30:00,34234.0,34278.0,34234.0,34278.0,3
TMF,202606,2026-02-11 22:32:00,34280.0,34280.0,34280.0,34280.0,1
TMF,202606,2026-02-11 22:33:00,34232.0,34232.0,34232.0,34232.0,1
TMF,202606,2026-02-11 22:35:00,34232.0,34265.0,34232.0,34265.0,2
TMF,202606,2026-02-11 22:38:00,34265.0,34265.0,34265.0,34265.0,2
TMF,202606,2026-02-11 22:39:00,34224.0,34224.0,34224.0,34224.0,4
TMF,202606,2026-02-11 22:43:00,34296.0,34296.0,34296.0,34296.0,1
TMF,202606,2026-02-11 22:44:00,34241.0,34324.0,34241.0,34324.0,12
TMF,202606,2026-02-11 22:45:00,34324.0,34324.0,34324.0,34324.0,2
TMF,202606,2026-02-11 22:46:00,34324.0,34338.0,34324.0,34329.0,10
TMF,202606,2026-02-11 22:48:00,34327.0,34340.0,34327.0,34340.0,3
TMF,202606,2026-02-11 22:49:00,34340.0,34341.0,34340.0,34341.0,2
TMF,202606,2026-02-11 22:50:00,34350.0,34350.0,34350.0,34350.0,2
TMF,202606,2026-02-11 22:52:00,34350.0,34350.0,34350.0,34350.0,1
TMF,202606,2026-02-11 22:53:00,34321.0,34321.0,34320.0,34320.0,4
TMF,202606,2026-02-11 22:54:00,34350.0,34350.0,34350.0,34350.0,1
TMF,202606,2026-02-11 22:55:00,34350.0,34372.0,34328.0,34372.0,3
TMF,202606,2026-02-11 22:56:00,34328.0,34359.0,34328.0,34330.0,3
TMF,202606,2026-02-11 22:57:00,34329.0,34329.0,34302.0,34302.0,4
TMF,202606,2026-02-11 22:58:00,34303.0,34303.0,34300.0,34300.0,3
TMF,202606,2026-02-11 22:59:00,34300.0,34300.0,34300.0,34300.0,1
TMF,202606,2026-02-11 23:00:00,34300.0,34300.0,34300.0,34300.0,1
TMF,202606,2026-02-11 23:01:00,34346.0,34350.0,34346.0,34350.0,2
TMF,202606,2026-02-11 23:02:00,34293.0,34293.0,34288.0,34288.0,3
TMF,202606,2026-02-11 23:03:00,34288.0,34288.0,34288.0,34288.0,1
TMF,202606,2026-02-11 23:04:00,34294.0,34294.0,34294.0,34294.0,1
TMF,202606,2026-02-11 23:08:00,34277.0,34277.0,34277.0,34277.0,1
TMF,202606,2026-02-11 23:09:00,34266.0,34266.0,34260.0,34260.0,2
TMF,202606,2026-02-11 23:10:00,34239.0,34239.0,34239.0,34239.0,1
TMF,202606,2026-02-11 23:11:00,34240.0,34240.0,34205.0,34205.0,5
TMF,202606,2026-02-11 23:12:00,34200.0,34200.0,34160.0,34160.0,5
TMF,202606,2026-02-11 23:13:00,34171.0,34171.0,34129.0,34129.0,4
TMF,202606,2026-02-11 23:14:00,34129.0,34170.0,34129.0,34170.0,2
TMF,202606,2026-02-11 23:15:00,34212.0,34237.0,34212.0,34237.0,5
TMF,202606,2026-02-11 23:18:00,34173.0,34173.0,34173.0,34173.0,2
TMF,202606,2026-02-11 23:20:00,34110.0,34110.0,34100.0,34100.0,6
TMF,202606,2026-02-11 23:21:00,34100.0,34100.0,34100.0,34100.0,1
TMF,202606,2026-02-11 23:24:00,34100.0,34100.0,34100.0,34100.0,2
TMF,202606,2026-02-11 23:26:00,34106.0,34106.0,34095.0,34095.0,2
TMF,202606,2026-02-11 23:32:00,34125.0,34125.0,34125.0,34125.0,1
TMF,202606,2026-02-11 23:33:00,34150.0,34150.0,34150.0,34150.0,1
TMF,202606,2026-02-11 23:36:00,34185.0,34185.0,34185.0,34185.0,1
TMF,202606,2026-02-11 23:40:00,34185.0,34185.0,34185.0,34185.0,1
TMF,202606,2026-02-11 23:41:00,34198.0,34200.0,34198.0,34200.0,3
TMF,202606,2026-02-11 23:49:00,34188.0,34188.0,34188.0,34188.0,1
TMF,202606,2026-02-11 23:50:00,34168.0,34168.0,34168.0,34168.0,1
TMF,202606,2026-02-11 23:53:00,34179.0,34179.0,34179.0,34179.0,1
TMF,202606,2026-02-12 00:12:00,34237.0,34237.0,34237.0,34237.0,1
TMF,202606,2026-02-12 00:15:00,34235.0,34237.0,34235.0,34237.0,2
TMF,202606,2026-02-12 00:17:00,34237.0,34237.0,34237.0,34237.0,1
TMF,202606,2026-02-12 00:18:00,34237.0,34237.0,34237.0,34237.0,1
TMF,202606,2026-02-12 00:20:00,34250.0,34255.0,34250.0,34255.0,2
TMF,202606,2026-02-12 00:21:00,34255.0,34255.0,34255.0,34255.0,1
TMF,202606,2026-02-12 00:22:00,34255.0,34255.0,34255.0,34255.0,1
TMF,202606,2026-02-12 00:24:00,34266.0,34266.0,34266.0,34266.0,1
TMF,202606,2026-02-12 00:27:00,34250.0,34250.0,34250.0,34250.0,1
TMF,202606,2026-02-12 00:45:00,34225.0,34225.0,34225.0,34225.0,1
TMF,202606,2026-02-12 00:46:00,34215.0,34215.0,34200.0,34200.0,3
TMF,202606,2026-02-12 01:09:00,34245.0,34245.0,34245.0,34245.0,1
TMF,202606,2026-02-12 01:26:00,34250.0,34250.0,34250.0,34250.0,1
TMF,202606,2026-02-12 01:35:00,34255.0,34255.0,34255.0,34255.0,1
TMF,202606,2026-02-12 01:48:00,34289.0,34289.0,34232.0,34232.0,4
TMF,202606,2026-02-12 02:43:00,34232.0,34232.0,34232.0,34232.0,1
TMF,202606,2026-02-12 02:54:00,34250.0,34250.0,34250.0,34250.0,1
TMF,202606,2026-02-12 03:02:00,34298.0,34301.0,34298.0,34301.0,4
TMF,202606,2026-02-12 03:21:00,34295.0,34295.0,34295.0,34295.0,1
TMF,202606,2026-02-12 03:35:00,34295.0,34295.0,34295.0,34295.0,1
TMF,202606,2026-02-12 03:41:00,34288.0,34288.0,34288.0,34288.0,1
TMF,202606,2026-02-12 03:46:00,34289.0,34289.0,34289.0,34289.0,1
TMF,202606,2026-02-12 03:48:00,34289.0,34289.0,34289.0,34289.0,1
TMF,202606,2026-02-12 03:49:00,34288.0,34288.0,34288.0,34288.0,1
TMF,202606,2026-02-12 03:54:00,34291.0,34291.0,34291.0,34291.0,1
TMF,202606,2026-02-12 03:57:00,34318.0,34318.0,34318.0,34318.0,1
TMF,202606,2026-02-12 04:09:00,34303.0,34303.0,34303.0,34303.0,1
TMF,202606,2026-02-12 04:20:00,34288.0,34288.0,34288.0,34288.0,1
TMF,202606,2026-02-12 04:25:00,34303.0,34303.0,34303.0,34303.0,1
TMF,202606,2026-02-12 04:41:00,34306.0,34306.0,34306.0,34306.0,1
TMF,202606,2026-02-12 04:42:00,34318.0,34318.0,34318.0,34318.0,1
TMF,202606,2026-02-12 04:48:00,34308.0,34308.0,34308.0,34308.0,1
TMF,202606,2026-02-12 04:50:00,34289.0,34289.0,34288.0,34288.0,2
TMF,202606,2026-02-12 04:51:00,34288.0,34288.0,34288.0,34288.0,2
TMF,202606,2026-02-12 04:52:00,34288.0,34288.0,34288.0,34288.0,1
TMF,202606,2026-02-12 04:57:00,34320.0,34358.0,34320.0,34358.0,6
TMF,202606,2026-02-12 04:59:00,34302.0,34360.0,34302.0,34360.0,3
TMF,202609,2026-02-11 15:08:00,33880.0,33880.0,33880.0,33880.0,1
TMF,202609,2026-02-11 15:14:00,33809.0,33809.0,33809.0,33809.0,3
TMF,202609,2026-02-11 15:25:00,33919.0,33919.0,33919.0,33919.0,1
TMF,202609,2026-02-11 15:52:00,33900.0,33900.0,33900.0,33900.0,1
TMF,202609,2026-02-11 16:07:00,33900.0,33900.0,33900.0,33900.0,1
TMF,202609,2026-02-11 17:06:00,33914.0,33914.0,33914.0,33914.0,1
TMF,202609,2026-02-11 17:24:00,33877.0,33877.0,33877.0,33877.0,1
TMF,202609,2026-02-11 17:29:00,33915.0,33915.0,33915.0,33915.0,1
TMF,202609,2026-02-11 17:30:00,33912.0,33912.0,33912.0,33912.0,1
TMF,202609,2026-02-11 17:37:00,33885.0,33885.0,33885.0,33885.0,1
TMF,202609,2026-02-11 17:38:00,33875.0,33875.0,33875.0,33875.0,1
TMF,202609,2026-02-11 17:40:00,33870.0,33870.0,33870.0,33870.0,1
TMF,202609,2026-02-11 17:45:00,33867.0,33867.0,33867.0,33867.0,2
TMF,202609,2026-02-11 18:01:00,33864.0,33864.0,33854.0,33854.0,2
TMF,202609,2026-02-11 18:09:00,33852.0,33852.0,33852.0,33852.0,1
TMF,202609,2026-02-11 18:31:00,33895.0,33899.0,33895.0,33899.0,2
TMF,202609,2026-02-11 18:32:00,33904.0,33905.0,33904.0,33905.0,3
TMF,202609,2026-02-11 18:48:00,33888.0,33888.0,33888.0,33888.0,1
TMF,202609,2026-02-11 18:56:00,33888.0,33888.0,33888.0,33888.0,2
TMF,202609,2026-02-11 19:04:00,33915.0,33915.0,33915.0,33915.0,1
TMF,202609,2026-02-11 19:13:00,33915.0,33915.0,33915.0,33915.0,2
TMF,202609,2026-02-11 19:27:00,33918.0,33918.0,33918.0,33918.0,1
TMF,202609,2026-02-11 19:41:00,33911.0,33911.0,33910.0,33910.0,3
TMF,202609,2026-02-11 19:43:00,33888.0,33888.0,33888.0,33888.0,1
TMF,202609,2026-02-11 19:53:00,33921.0,33921.0,33921.0,33921.0,1
TMF,202609,2026-02-11 19:54:00,33921.0,33921.0,33921.0,33921.0,2
TMF,202609,2026-02-11 20:04:00,33921.0,33921.0,33921.0,33921.0,1
TMF,202609,2026-02-11 20:09:00,33923.0,33923.0,33923.0,33923.0,1
TMF,202609,2026-02-11 20:29:00,33923.0,33923.0,33923.0,33923.0,1
TMF,202609,2026-02-11 21:16:00,33923.0,33923.0,33923.0,33923.0,1
TMF,202609,2026-02-11 21:22:00,33923.0,33923.0,33923.0,33923.0,1
TMF,202609,2026-02-11 21:23:00,33900.0,33900.0,33900.0,33900.0,1
TMF,202609,2026-02-11 21:24:00,33900.0,33900.0,33900.0,33900.0,1
TMF,202609,2026-02-11 21:33:00,33988.0,33990.0,33988.0,33990.0,4
TMF,202609,2026-02-11 21:34:00,33999.0,34000.0,33999.0,34000.0,2
TMF,202609,2026-02-11 21:37:00,34000.0,34000.0,34000.0,34000.0,1
TMF,202609,2026-02-11 21:43:00,33968.0,33968.0,33968.0,33968.0,1
TMF,202609,2026-02-11 21:44:00,33968.0,33968.0,33968.0,33968.0,1
TMF,202609,2026-02-11 21:45:00,33970.0,33999.0,33970.0,33999.0,3
TMF,202609,2026-02-11 21:46:00,34000.0,34000.0,34000.0,34000.0,1
TMF,202609,2026-02-11 21:51:00,34017.0,34017.0,34017.0,34017.0,1
TMF,202609,2026-02-11 21:54:00,34081.0,34087.0,34081.0,34087.0,3
TMF,202609,2026-02-11 21:56:00,34089.0,34089.0,34089.0,34089.0,1
TMF,202609,2026-02-11 21:57:00,34089.0,34089.0,34089.0,34089.0,1
TMF,202609,2026-02-11 21:59:00,34098.0,34100.0,34098.0,34100.0,10
TMF,202609,2026-02-11 22:00:00,34072.0,34085.0,34072.0,34085.0,2
TMF,202609,2026-02-11 22:01:00,34086.0,34086.0,34086.0,34086.0,5
TMF,202609,2026-02-11 22:03:00,34080.0,34080.0,34080.0,34080.0,1
TMF,202609,2026-02-11 22:09:00,34080.0,34080.0,34080.0,34080.0,1
TMF,202609,2026-02-11 22:10:00,34069.0,34069.0,34069.0,34069.0,1
TMF,202609,2026-02-11 22:26:00,34070.0,34070.0,34070.0,34070.0,1
TMF,202609,2026-02-11 22:28:00,34075.0,34075.0,34075.0,34075.0,1
TMF,202609,2026-02-11 22:30:00,34096.0,34102.0,34096.0,34102.0,4
TMF,202609,2026-02-11 22:33:00,34102.0,34102.0,34102.0,34102.0,2
TMF,202609,2026-02-11 22:36:00,34150.0,34150.0,34150.0,34150.0,1
TMF,202609,2026-02-11 22:46:00,34180.0,34180.0,34180.0,34180.0,2
TMF,202609,2026-02-11 22:48:00,34200.0,34200.0,34200.0,34200.0,5
TMF,202609,2026-02-11 22:50:00,34200.0,34200.0,34200.0,34200.0,3
TMF,202609,2026-02-11 22:51:00,34215.0,34215.0,34215.0,34215.0,1
TMF,202609,2026-02-11 22:54:00,34220.0,34231.0,34220.0,34231.0,3
TMF,202609,2026-02-11 22:55:00,34231.0,34231.0,34231.0,34231.0,1
TMF,202609,2026-02-11 22:58:00,34163.0,34163.0,34163.0,34163.0,2
TMF,202609,2026-02-11 23:02:00,34163.0,34163.0,34163.0,34163.0,1
TMF,202609,2026-02-11 23:07:00,34140.0,34140.0,34140.0,34140.0,1
TMF,202609,2026-02-11 23:10:00,34102.0,34102.0,34102.0,34102.0,1
TMF,202609,2026-02-11 23:11:00,34102.0,34102.0,34060.0,34060.0,5
TMF,202609,2026-02-11 23:12:00,34050.0,34050.0,34030.0,34030.0,5
TMF,202609,2026-02-11 23:13:00,34000.0,34000.0,34000.0,34000.0,3
TMF,202609,2026-02-11 23:14:00,33999.0,34000.0,33999.0,34000.0,2
TMF,202609,2026-02-11 23:19:00,33999.0,33999.0,33999.0,33999.0,1
TMF,202609,2026-02-11 23:20:00,33980.0,33980.0,33980.0,33980.0,4
TMF,202609,2026-02-11 23:22:00,33980.0,33980.0,33950.0,33950.0,3
TMF,202609,2026-02-11 23:24:00,33956.0,33956.0,33950.0,33950.0,4
TMF,202609,2026-02-11 23:26:00,33950.0,33950.0,33950.0,33950.0,1
TMF,202609,2026-02-11 23:31:00,34000.0,34000.0,34000.0,34000.0,1
TMF,202609,2026-02-11 23:32:00,34000.0,34000.0,34000.0,34000.0,2
TMF,202609,2026-02-11 23:36:00,34000.0,34000.0,34000.0,34000.0,1
TMF,202609,2026-02-12 00:20:00,34125.0,34130.0,34125.0,34130.0,2
TMF,202609,2026-02-12 00:33:00,34119.0,34119.0,34119.0,34119.0,1
TMF,202609,2026-02-12 00:45:00,34100.0,34100.0,34100.0,34100.0,1
TMF,202609,2026-02-12 00:59:00,34100.0,34100.0,34100.0,34100.0,1
TMF,202609,2026-02-12 01:45:00,34125.0,34125.0,34125.0,34125.0,1
TMF,202609,2026-02-12 01:46:00,34145.0,34145.0,34145.0,34145.0,1
TMF,202609,2026-02-12 01:47:00,34145.0,34150.0,34145.0,34150.0,2
TMF,202609,2026-02-12 01:48:00,34164.0,34164.0,34099.0,34099.0,3
TMF,202609,2026-02-12 02:54:00,34105.0,34105.0,34105.0,34105.0,1
TMF,202609,2026-02-12 03:21:00,34175.0,34175.0,34175.0,34175.0,1
TMF,202609,2026-02-12 04:20:00,34137.0,34137.0,34137.0,34137.0,1
TMF,202609,2026-02-12 04:21:00,34138.0,34138.0,34138.0,34138.0,1
TMF,202609,2026-02-12 04:30:00,34138.0,34138.0,34138.0,34138.0,1
TMF,202609,2026-02-12 04:57:00,34171.0,34171.0,34171.0,34171.0,2
TMF,202609,2026-02-12 04:59:00,34198.0,34200.0,34198.0,34200.0,2
TMF,202612,2026-02-11 15:06:00,34110.0,34110.0,34110.0,34110.0,8
TMF,202612,2026-02-11 15:13:00,34106.0,34106.0,34106.0,34106.0,5
TMF,202612,2026-02-11 15:14:00,34049.0,34049.0,34049.0,34049.0,2
TMF,202612,2026-02-11 15:15:00,34106.0,34106.0,34106.0,34106.0,1
TMF,202612,2026-02-11 15:18:00,34095.0,34095.0,34095.0,34095.0,1
TMF,202612,2026-02-11 15:21:00,34106.0,34110.0,34106.0,34110.0,2
TMF,202612,2026-02-11 15:23:00,34123.0,34123.0,34123.0,34123.0,1
TMF,202612,2026-02-11 15:25:00,34123.0,34123.0,34123.0,34123.0,1
TMF,202612,2026-02-11 15:39:00,34123.0,34123.0,34123.0,34123.0,1
TMF,202612,2026-02-11 15:47:00,34121.0,34121.0,34121.0,34121.0,1
TMF,202612,2026-02-11 15:52:00,34121.0,34121.0,34121.0,34121.0,1
TMF,202612,2026-02-11 16:04:00,34110.0,34110.0,34110.0,34110.0,1
TMF,202612,2026-02-11 16:10:00,34111.0,34111.0,34111.0,34111.0,1
TMF,202612,2026-02-11 16:14:00,34111.0,34111.0,34110.0,34110.0,2
TMF,202612,2026-02-11 16:19:00,34097.0,34097.0,34097.0,34097.0,1
TMF,202612,2026-02-11 16:35:00,34123.0,34123.0,34123.0,34123.0,1
TMF,202612,2026-02-11 16:45:00,34130.0,34130.0,34130.0,34130.0,1
TMF,202612,2026-02-11 17:00:00,34130.0,34130.0,34130.0,34130.0,1
TMF,202612,2026-02-11 17:30:00,34062.0,34062.0,34062.0,34062.0,1
TMF,202612,2026-02-11 18:03:00,34092.0,34092.0,34092.0,34092.0,1
TMF,202612,2026-02-11 18:04:00,34072.0,34072.0,34072.0,34072.0,1
TMF,202612,2026-02-11 18:10:00,34096.0,34096.0,34096.0,34096.0,1
TMF,202612,2026-02-11 18:21:00,34122.0,34122.0,34122.0,34122.0,1
TMF,202612,2026-02-11 19:24:00,34145.0,34145.0,34145.0,34145.0,1
TMF,202612,2026-02-11 19:46:00,34130.0,34130.0,34130.0,34130.0,1
TMF,202612,2026-02-11 19:56:00,34122.0,34122.0,34122.0,34122.0,1
TMF,202612,2026-02-11 20:07:00,34135.0,34135.0,34135.0,34135.0,11
TMF,202612,2026-02-11 20:10:00,34135.0,34135.0,34135.0,34135.0,1
TMF,202612,2026-02-11 20:12:00,34145.0,34145.0,34145.0,34145.0,1
TMF,202612,2026-02-11 21:30:00,34146.0,34148.0,34146.0,34148.0,2
TMF,202612,2026-02-11 21:32:00,34180.0,34180.0,34180.0,34180.0,1
TMF,202612,2026-02-11 21:33:00,34200.0,34200.0,34200.0,34200.0,3
TMF,202612,2026-02-11 21:54:00,34285.0,34300.0,34285.0,34300.0,5
TMF,202612,2026-02-11 21:55:00,34300.0,34300.0,34300.0,34300.0,3
TMF,202612,2026-02-11 21:57:00,34300.0,34300.0,34300.0,34300.0,1
TMF,202612,2026-02-11 21:58:00,34300.0,34300.0,34300.0,34300.0,9
TMF,202612,2026-02-11 22:00:00,34300.0,34300.0,34300.0,34300.0,3
TMF,202612,2026-02-11 22:01:00,34300.0,34300.0,34300.0,34300.0,2
TMF,202612,2026-02-11 22:03:00,34301.0,34301.0,34301.0,34301.0,1
TMF,202612,2026-02-11 22:06:00,34333.0,34333.0,34333.0,34333.0,1
TMF,202612,2026-02-11 22:11:00,34300.0,34300.0,34300.0,34300.0,1
TMF,202612,2026-02-11 22:15:00,34292.0,34318.0,34292.0,34318.0,5
TMF,202612,2026-02-11 22:25:00,34314.0,34316.0,34314.0,34316.0,2
TMF,202612,2026-02-11 22:30:00,34343.0,34343.0,34343.0,34343.0,1
TMF,202612,2026-02-11 22:31:00,34345.0,34345.0,34345.0,34345.0,1
TMF,202612,2026-02-11 22:33:00,34302.0,34302.0,34302.0,34302.0,1
TMF,202612,2026-02-11 22:36:00,34360.0,34368.0,34360.0,34368.0,2
TMF,202612,2026-02-11 22:39:00,34368.0,34368.0,34350.0,34350.0,3
TMF,202612,2026-02-11 22:40:00,34309.0,34309.0,34309.0,34309.0,5
TMF,202612,2026-02-11 22:44:00,34396.0,34396.0,34396.0,34396.0,1
TMF,202612,2026-02-11 22:45:00,34400.0,34400.0,34400.0,34400.0,1
TMF,202612,2026-02-11 22:47:00,34420.0,34420.0,34420.0,34420.0,1
TMF,202612,2026-02-11 22:48:00,34400.0,34426.0,34400.0,34426.0,6
TMF,202612,2026-02-11 22:49:00,34426.0,34426.0,34426.0,34426.0,4
TMF,202612,2026-02-11 22:50:00,34450.0,34450.0,34450.0,34450.0,3
TMF,202612,2026-02-11 22:55:00,34425.0,34425.0,34425.0,34425.0,1
TMF,202612,2026-02-11 22:57:00,34412.0,34412.0,34408.0,34408.0,2
TMF,202612,2026-02-11 22:58:00,34443.0,34443.0,34400.0,34400.0,7
TMF,202612,2026-02-11 23:00:00,34400.0,34400.0,34400.0,34400.0,8
TMF,202612,2026-02-11 23:09:00,34360.0,34360.0,34350.0,34350.0,2
TMF,202612,2026-02-11 23:11:00,34350.0,34350.0,34350.0,34350.0,1
TMF,202612,2026-02-11 23:12:00,34307.0,34307.0,34305.0,34305.0,2
TMF,202612,2026-02-11 23:13:00,34300.0,34300.0,34300.0,34300.0,1
TMF,202612,2026-02-11 23:14:00,34300.0,34300.0,34300.0,34300.0,2
TMF,202612,2026-02-11 23:15:00,34419.0,34419.0,34419.0,34419.0,1
TMF,202612,2026-02-11 23:18:00,34319.0,34319.0,34319.0,34319.0,1
TMF,202612,2026-02-11 23:19:00,34319.0,34319.0,34319.0,34319.0,1
TMF,202612,2026-02-11 23:20:00,34300.0,34300.0,34300.0,34300.0,2
TMF,202612,2026-02-11 23:22:00,34300.0,34300.0,34300.0,34300.0,1
TMF,202612,2026-02-11 23:23:00,34266.0,34266.0,34202.0,34202.0,4
TMF,202612,2026-02-11 23:26:00,34202.0,34202.0,34202.0,34202.0,1
TMF,202612,2026-02-11 23:40:00,34250.0,34250.0,34250.0,34250.0,1
TMF,202612,2026-02-12 00:32:00,34419.0,34419.0,34419.0,34419.0,1
TMF,202612,2026-02-12 01:48:00,34303.0,34303.0,34303.0,34303.0,2
TMF,202612,2026-02-12 02:30:00,34303.0,34303.0,34303.0,34303.0,1
TMF,202612,2026-02-12 04:54:00,34357.0,34357.0,34357.0,34357.0,1
TX,202602,2026-02-11 15:00:00,33600.0,33680.0,33600.0,33651.0,492
TX,202602,2026-02-11 15:01:00,33652.0,33671.0,33641.0,33665.0,99
TX,202602,2026-02-11 15:02:00,33663.0,33671.0,33649.0,33666.0,123
TX,202602,2026-02-11 15:03:00,33662.0,33664.0,33644.0,33646.0,68
TX,202602,2026-02-11 15:04:00,33645.0,33659.0,33638.0,33655.0,73
TX,202602,2026-02-11 15:05:00,33659.0,33662.0,33654.0,33660.0,36
TX,202602,2026-02-11 15:06:00,33660.0,33674.0,33660.0,33663.0,38
TX,202602,2026-02-11 15:07:00,33658.0,33660.0,33649.0,33653.0,41
TX,202602,2026-02-11 15:08:00,33654.0,33655.0,33644.0,33655.0,41
TX,202602,2026-02-11 15:09:00,33652.0,33654.0,33644.0,33649.0,44
TX,202602,2026-02-11 15:10:00,33648.0,33649.0,33634.0,33648.0,69
TX,202602,2026-02-11 15:11:00,33642.0,33644.0,33639.0,33640.0,32
TX,202602,2026-02-11 15:12:00,33637.0,33642.0,33636.0,33640.0,89
TX,202602,2026-02-11 15:13:00,33639.0,33641.0,33626.0,33626.0,46
TX,202602,2026-02-11 15:14:00,33626.0,33626.0,33615.0,33624.0,79
TX,202602,2026-02-11 15:15:00,33624.0,33629.0,33617.0,33629.0,43
TX,202602,2026-02-11 15:16:00,33629.0,33633.0,33620.0,33633.0,35
TX,202602,2026-02-11 15:17:00,33633.0,33653.0,33633.0,33653.0,35
TX,202602,2026-02-11 15:18:00,33653.0,33661.0,33648.0,33661.0,51
TX,202602,2026-02-11 15:19:00,33662.0,33670.0,33661.0,33670.0,44
TX,202602,2026-02-11 15:20:00,33669.0,33669.0,33654.0,33661.0,42
TX,202602,2026-02-11 15:21:00,33665.0,33690.0,33665.0,33684.0,168
TX,202602,2026-02-11 15:22:00,33690.0,33690.0,33680.0,33680.0,50
TX,202602,2026-02-11 15:23:00,33683.0,33683.0,33677.0,33683.0,17
TX,202602,2026-02-11 15:24:00,33681.0,33688.0,33681.0,33688.0,17
TX,202602,2026-02-11 15:25:00,33689.0,33693.0,33685.0,33685.0,23
TX,202602,2026-02-11 15:26:00,33687.0,33698.0,33687.0,33698.0,42
TX,202602,2026-02-11 15:27:00,33698.0,33698.0,33686.0,33690.0,22
TX,202602,2026-02-11 15:28:00,33688.0,33688.0,33680.0,33680.0,20
TX,202602,2026-02-11 15:29:00,33680.0,33680.0,33676.0,33680.0,18
TX,202602,2026-02-11 15:30:00,33678.0,33678.0,33672.0,33677.0,28
TX,202602,2026-02-11 15:31:00,33674.0,33675.0,33671.0,33675.0,9
TX,202602,2026-02-11 15:32:00,33674.0,33674.0,33661.0,33661.0,14
TX,202602,2026-02-11 15:33:00,33666.0,33666.0,33662.0,33665.0,10
TX,202602,2026-02-11 15:34:00,33668.0,33676.0,33668.0,33676.0,19
TX,202602,2026-02-11 15:35:00,33679.0,33681.0,33677.0,33677.0,10
TX,202602,2026-02-11 15:36:00,33678.0,33678.0,33671.0,33671.0,16
TX,202602,2026-02-11 15:37:00,33673.0,33673.0,33665.0,33666.0,19
TX,202602,2026-02-11 15:38:00,33667.0,33670.0,33665.0,33669.0,30
TX,202602,2026-02-11 15:39:00,33668.0,33668.0,33662.0,33664.0,25
TX,202602,2026-02-11 15:40:00,33664.0,33664.0,33650.0,33659.0,118
TX,202602,2026-02-11 15:41:00,33655.0,33655.0,33650.0,33654.0,12
TX,202602,2026-02-11 15:42:00,33656.0,33660.0,33656.0,33660.0,5
TX,202602,2026-02-11 15:43:00,33663.0,33667.0,33663.0,33663.0,10
TX,202602,2026-02-11 15:44:00,33664.0,33667.0,33664.0,33666.0,6
TX,202602,2026-02-11 15:45:00,33668.0,33675.0,33667.0,33672.0,12
TX,202602,2026-02-11 15:46:00,33676.0,33682.0,33676.0,33682.0,46
TX,202602,2026-02-11 15:47:00,33683.0,33687.0,33683.0,33685.0,52
TX,202602,2026-02-11 15:48:00,33685.0,33686.0,33673.0,33673.0,20
TX,202602,2026-02-11 15:49:00,33672.0,33672.0,33661.0,33661.0,12
TX,202602,2026-02-11 15:50:00,33663.0,33668.0,33661.0,33668.0,14
TX,202602,2026-02-11 15:51:00,33666.0,33670.0,33666.0,33670.0,13
TX,202602,2026-02-11 15:52:00,33669.0,33669.0,33658.0,33658.0,23
TX,202602,2026-02-11 15:53:00,33658.0,33667.0,33658.0,33667.0,11
TX,202602,2026-02-11 15:54:00,33664.0,33666.0,33661.0,33666.0,11
TX,202602,2026-02-11 15:55:00,33665.0,33665.0,33652.0,33653.0,32
TX,202602,2026-02-11 15:56:00,33652.0,33655.0,33647.0,33655.0,47
TX,202602,2026-02-11 15:57:00,33655.0,33664.0,33655.0,33664.0,18
TX,202602,2026-02-11 15:58:00,33661.0,33665.0,33661.0,33665.0,14
TX,202602,2026-02-11 15:59:00,33666.0,33666.0,33656.0,33661.0,19
TX,202602,2026-02-11 16:00:00,33667.0,33677.0,33662.0,33675.0,68
TX,202602,2026-02-11 16:01:00,33665.0,33681.0,33665.0,33665.0,31
TX,202602,2026-02-11 16:02:00,33663.0,33673.0,33662.0,33668.0,20
TX,202602,2026-02-11 16:03:00,33675.0,33675.0,33669.0,33670.0,5
TX,202602,2026-02-11 16:04:00,33676.0,33691.0,33676.0,33689.0,71
TX,202602,2026-02-11 16:05:00,33688.0,33690.0,33671.0,33689.0,21
TX,202602,2026-02-11 16:06:00,33684.0,33686.0,33675.0,33678.0,53
TX,202602,2026-02-11 16:07:00,33675.0,33675.0,33661.0,33661.0,26
TX,202602,2026-02-11 16:08:00,33665.0,33667.0,33663.0,33666.0,6
TX,202602,2026-02-11 16:09:00,33666.0,33666.0,33660.0,33660.0,26
TX,202602,2026-02-11 16:10:00,33659.0,33660.0,33648.0,33660.0,64
TX,202602,2026-02-11 16:11:00,33661.0,33670.0,33661.0,33670.0,8
TX,202602,2026-02-11 16:12:00,33668.0,33673.0,33667.0,33670.0,28
TX,202602,2026-02-11 16:13:00,33668.0,33669.0,33654.0,33654.0,22
TX,202602,2026-02-11 16:14:00,33650.0,33652.0,33643.0,33643.0,29
TX,202602,2026-02-11 16:15:00,33649.0,33656.0,33648.0,33654.0,18
TX,202602,2026-02-11 16:16:00,33648.0,33655.0,33645.0,33654.0,34
TX,202602,2026-02-11 16:17:00,33653.0,33663.0,33653.0,33663.0,6
TX,202602,2026-02-11 16:18:00,33660.0,33660.0,33654.0,33655.0,14
TX,202602,2026-02-11 16:19:00,33655.0,33655.0,33633.0,33636.0,65
TX,202602,2026-02-11 16:20:00,33635.0,33654.0,33633.0,33653.0,36
TX,202602,2026-02-11 16:21:00,33656.0,33657.0,33648.0,33648.0,11
TX,202602,2026-02-11 16:22:00,33650.0,33653.0,33650.0,33651.0,8
TX,202602,2026-02-11 16:23:00,33651.0,33659.0,33651.0,33659.0,11
TX,202602,2026-02-11 16:24:00,33656.0,33662.0,33651.0,33662.0,16
TX,202602,2026-02-11 16:25:00,33660.0,33668.0,33659.0,33664.0,27
TX,202602,2026-02-11 16:26:00,33668.0,33678.0,33668.0,33674.0,27
TX,202602,2026-02-11 16:27:00,33673.0,33680.0,33672.0,33672.0,43
TX,202602,2026-02-11 16:28:00,33670.0,33670.0,33658.0,33660.0,20
TX,202602,2026-02-11 16:29:00,33661.0,33661.0,33650.0,33654.0,34
TX,202602,2026-02-11 16:30:00,33656.0,33665.0,33655.0,33665.0,13
TX,202602,2026-02-11 16:31:00,33661.0,33663.0,33657.0,33659.0,11
TX,202602,2026-02-11 16:32:00,33662.0,33674.0,33662.0,33667.0,36
TX,202602,2026-02-11 16:33:00,33667.0,33669.0,33667.0,33667.0,6
TX,202602,2026-02-11 16:34:00,33673.0,33677.0,33673.0,33674.0,9
TX,202602,2026-02-11 16:35:00,33677.0,33685.0,33677.0,33682.0,15
TX,202602,2026-02-11 16:36:00,33680.0,33688.0,33679.0,33685.0,21
TX,202602,2026-02-11 16:37:00,33688.0,33688.0,33685.0,33685.0,14
TX,202602,2026-02-11 16:38:00,33682.0,33683.0,33677.0,33678.0,6
TX,202602,2026-02-11 16:39:00,33679.0,33682.0,33678.0,33679.0,10
TX,202602,2026-02-11 16:40:00,33680.0,33682.0,33679.0,33679.0,14
TX,202602,2026-02-11 16:41:00,33678.0,33682.0,33672.0,33682.0,22
TX,202602,2026-02-11 16:42:00,33679.0,33682.0,33679.0,33682.0,11
TX,202602,2026-02-11 16:43:00,33680.0,33681.0,33679.0,33681.0,5
TX,202602,2026-02-11 16:44:00,33682.0,33690.0,33682.0,33688.0,41
TX,202602,2026-02-11 16:45:00,33689.0,33693.0,33689.0,33690.0,37
TX,202602,2026-02-11 16:46:00,33690.0,33692.0,33689.0,33689.0,13
TX,202602,2026-02-11 16:47:00,33688.0,33688.0,33679.0,33681.0,23
TX,202602,2026-02-11 16:48:00,33678.0,33681.0,33677.0,33677.0,10
TX,202602,2026-02-11 16:49:00,33676.0,33677.0,33670.0,33670.0,19
TX,202602,2026-02-11 16:50:00,33669.0,33673.0,33664.0,33673.0,41
TX,202602,2026-02-11 16:51:00,33673.0,33674.0,33671.0,33671.0,11
TX,202602,2026-02-11 16:52:00,33671.0,33671.0,33671.0,33671.0,4
TX,202602,2026-02-11 16:53:00,33672.0,33673.0,33671.0,33673.0,5
TX,202602,2026-02-11 16:54:00,33679.0,33683.0,33679.0,33680.0,18
TX,202602,2026-02-11 16:55:00,33681.0,33681.0,33681.0,33681.0,1
TX,202602,2026-02-11 16:56:00,33683.0,33685.0,33683.0,33685.0,5
TX,202602,2026-02-11 16:57:00,33685.0,33685.0,33674.0,33674.0,13
TX,202602,2026-02-11 16:58:00,33670.0,33674.0,33670.0,33674.0,2
TX,202602,2026-02-11 16:59:00,33674.0,33677.0,33673.0,33677.0,10
TX,202602,2026-02-11 17:00:00,33676.0,33686.0,33668.0,33669.0,48
TX,202602,2026-02-11 17:01:00,33667.0,33681.0,33663.0,33681.0,33
TX,202602,2026-02-11 17:02:00,33682.0,33691.0,33682.0,33690.0,42
TX,202602,2026-02-11 17:03:00,33689.0,33689.0,33688.0,33689.0,7
TX,202602,2026-02-11 17:04:00,33688.0,33692.0,33688.0,33690.0,9
TX,202602,2026-02-11 17:05:00,33690.0,33697.0,33689.0,33697.0,62
TX,202602,2026-02-11 17:06:00,33696.0,33698.0,33688.0,33694.0,42
TX,202602,2026-02-11 17:07:00,33694.0,33694.0,33687.0,33687.0,19
TX,202602,2026-02-11 17:08:00,33685.0,33688.0,33684.0,33686.0,37
TX,202602,2026-02-11 17:09:00,33684.0,33684.0,33676.0,33676.0,41
TX,202602,2026-02-11 17:10:00,33678.0,33678.0,33678.0,33678.0,3
TX,202602,2026-02-11 17:11:00,33678.0,33683.0,33678.0,33679.0,5
TX,202602,2026-02-11 17:12:00,33679.0,33679.0,33676.0,33676.0,3
TX,202602,2026-02-11 17:13:00,33675.0,33675.0,33671.0,33671.0,9
TX,202602,2026-02-11 17:14:00,33678.0,33678.0,33678.0,33678.0,2
TX,202602,2026-02-11 17:15:00,33680.0,33683.0,33674.0,33678.0,26
TX,202602,2026-02-11 17:16:00,33677.0,33677.0,33674.0,33674.0,13
TX,202602,2026-02-11 17:17:00,33672.0,33672.0,33664.0,33664.0,37
TX,202602,2026-02-11 17:18:00,33664.0,33670.0,33663.0,33670.0,11
TX,202602,2026-02-11 17:19:00,33669.0,33669.0,33661.0,33662.0,24
TX,202602,2026-02-11 17:20:00,33670.0,33670.0,33655.0,33656.0,38
TX,202602,2026-02-11 17:21:00,33659.0,33660.0,33654.0,33660.0,29
TX,202602,2026-02-11 17:22:00,33660.0,33666.0,33660.0,33666.0,15
TX,202602,2026-02-11 17:23:00,33666.0,33670.0,33655.0,33657.0,42
TX,202602,2026-02-11 17:24:00,33658.0,33663.0,33657.0,33663.0,9
TX,202602,2026-02-11 17:25:00,33664.0,33675.0,33664.0,33672.0,16
TX,202602,2026-02-11 17:26:00,33672.0,33682.0,33672.0,33682.0,17
TX,202602,2026-02-11 17:27:00,33683.0,33687.0,33681.0,33682.0,26
TX,202602,2026-02-11 17:28:00,33679.0,33680.0,33677.0,33680.0,13
TX,202602,2026-02-11 17:30:00,33677.0,33680.0,33672.0,33672.0,18
TX,202602,2026-02-11 17:31:00,33671.0,33671.0,33665.0,33666.0,11
TX,202602,2026-02-11 17:32:00,33663.0,33663.0,33656.0,33658.0,26
TX,202602,2026-02-11 17:33:00,33658.0,33658.0,33647.0,33647.0,29
TX,202602,2026-02-11 17:34:00,33647.0,33650.0,33642.0,33648.0,33
TX,202602,2026-02-11 17:35:00,33649.0,33653.0,33649.0,33653.0,9
TX,202602,2026-02-11 17:36:00,33655.0,33660.0,33651.0,33651.0,29
TX,202602,2026-02-11 17:37:00,33649.0,33651.0,33644.0,33644.0,21
TX,202602,2026-02-11 17:38:00,33645.0,33646.0,33634.0,33635.0,52
TX,202602,2026-02-11 17:39:00,33638.0,33638.0,33632.0,33638.0,33
TX,202602,2026-02-11 17:40:00,33638.0,33638.0,33626.0,33632.0,54
TX,202602,2026-02-11 17:41:00,33632.0,33634.0,33630.0,33632.0,11
TX,202602,2026-02-11 17:42:00,33633.0,33633.0,33627.0,33631.0,44
TX,202602,2026-02-11 17:43:00,33631.0,33638.0,33631.0,33635.0,22
TX,202602,2026-02-11 17:44:00,33633.0,33642.0,33630.0,33642.0,29
TX,202602,2026-02-11 17:45:00,33644.0,33649.0,33639.0,33640.0,13
TX,202602,2026-02-11 17:46:00,33644.0,33650.0,33644.0,33648.0,17
TX,202602,2026-02-11 17:47:00,33645.0,33648.0,33642.0,33648.0,9
TX,202602,2026-02-11 17:48:00,33647.0,33649.0,33647.0,33649.0,6
TX,202602,2026-02-11 17:49:00,33649.0,33649.0,33640.0,33640.0,15
TX,202602,2026-02-11 17:50:00,33641.0,33642.0,33635.0,33635.0,12
TX,202602,2026-02-11 17:51:00,33634.0,33641.0,33632.0,33641.0,7
TX,202602,2026-02-11 17:52:00,33640.0,33643.0,33637.0,33641.0,18
TX,202602,2026-02-11 17:53:00,33644.0,33644.0,33643.0,33643.0,5
TX,202602,2026-02-11 17:54:00,33645.0,33650.0,33641.0,33650.0,22
TX,202602,2026-02-11 17:55:00,33647.0,33656.0,33647.0,33653.0,15
TX,202602,2026-02-11 17:56:00,33652.0,33652.0,33648.0,33649.0,14
TX,202602,2026-02-11 17:57:00,33647.0,33653.0,33643.0,33652.0,15
TX,202602,2026-02-11 17:58:00,33653.0,33653.0,33649.0,33649.0,4
TX,202602,2026-02-11 17:59:00,33650.0,33652.0,33644.0,33644.0,9
TX,202602,2026-02-11 18:00:00,33641.0,33642.0,33632.0,33633.0,40
TX,202602,2026-02-11 18:01:00,33633.0,33633.0,33612.0,33624.0,116
TX,202602,2026-02-11 18:02:00,33623.0,33624.0,33615.0,33619.0,47
TX,202602,2026-02-11 18:03:00,33624.0,33631.0,33619.0,33628.0,39
TX,202602,2026-02-11 18:04:00,33628.0,33628.0,33615.0,33621.0,18
TX,202602,2026-02-11 18:05:00,33619.0,33625.0,33614.0,33620.0,24
TX,202602,2026-02-11 18:06:00,33624.0,33630.0,33618.0,33624.0,38
TX,202602,2026-02-11 18:07:00,33625.0,33636.0,33624.0,33624.0,21
TX,202602,2026-02-11 18:08:00,33623.0,33623.0,33618.0,33621.0,27
TX,202602,2026-02-11 18:09:00,33617.0,33625.0,33606.0,33625.0,58
TX,202602,2026-02-11 18:10:00,33625.0,33639.0,33625.0,33639.0,32
TX,202602,2026-02-11 18:11:00,33638.0,33647.0,33638.0,33642.0,42
TX,202602,2026-02-11 18:12:00,33648.0,33650.0,33647.0,33647.0,22
TX,202602,2026-02-11 18:13:00,33645.0,33645.0,33629.0,33630.0,17
TX,202602,2026-02-11 18:14:00,33631.0,33635.0,33630.0,33635.0,9
TX,202602,2026-02-11 18:15:00,33634.0,33635.0,33631.0,33635.0,10
TX,202602,2026-02-11 18:16:00,33632.0,33637.0,33632.0,33637.0,13
TX,202602,2026-02-11 18:17:00,33636.0,33638.0,33636.0,33638.0,5
TX,202602,2026-02-11 18:18:00,33639.0,33643.0,33637.0,33641.0,16
TX,202602,2026-02-11 18:19:00,33641.0,33641.0,33637.0,33640.0,12
TX,202602,2026-02-11 18:20:00,33640.0,33643.0,33637.0,33643.0,14
TX,202602,2026-02-11 18:21:00,33647.0,33658.0,33647.0,33655.0,27
TX,202602,2026-02-11 18:22:00,33658.0,33661.0,33654.0,33654.0,11
TX,202602,2026-02-11 18:23:00,33653.0,33653.0,33651.0,33651.0,7
TX,202602,2026-02-11 18:24:00,33650.0,33651.0,33649.0,33651.0,9
TX,202602,2026-02-11 18:25:00,33652.0,33653.0,33644.0,33644.0,12
TX,202602,2026-02-11 18:26:00,33651.0,33651.0,33648.0,33648.0,4
TX,202602,2026-02-11 18:27:00,33649.0,33658.0,33649.0,33658.0,14
TX,202602,2026-02-11 18:28:00,33658.0,33663.0,33658.0,33659.0,13
TX,202602,2026-02-11 18:29:00,33651.0,33657.0,33649.0,33657.0,17
TX,202602,2026-02-11 18:30:00,33657.0,33658.0,33648.0,33648.0,19
TX,202602,2026-02-11 18:31:00,33650.0,33651.0,33643.0,33643.0,12
TX,202602,2026-02-11 18:32:00,33648.0,33648.0,33647.0,33647.0,3
TX,202602,2026-02-11 18:33:00,33651.0,33651.0,33643.0,33643.0,8
TX,202602,2026-02-11 18:34:00,33646.0,33650.0,33646.0,33647.0,6
TX,202602,2026-02-11 18:35:00,33646.0,33646.0,33644.0,33644.0,4
TX,202602,2026-02-11 18:36:00,33644.0,33648.0,33640.0,33648.0,14
TX,202602,2026-02-11 18:37:00,33650.0,33652.0,33646.0,33646.0,6
TX,202602,2026-02-11 18:38:00,33648.0,33652.0,33646.0,33652.0,7
TX,202602,2026-02-11 18:39:00,33648.0,33650.0,33648.0,33648.0,4
TX,202602,2026-02-11 18:40:00,33648.0,33648.0,33646.0,33646.0,2
TX,202602,2026-02-11 18:41:00,33651.0,33651.0,33648.0,33649.0,6
TX,202602,2026-02-11 18:42:00,33652.0,33652.0,33652.0,33652.0,3
TX,202602,2026-02-11 18:43:00,33655.0,33657.0,33655.0,33655.0,13
TX,202602,2026-02-11 18:44:00,33656.0,33660.0,33656.0,33660.0,22
TX,202602,2026-02-11 18:45:00,33657.0,33657.0,33652.0,33652.0,9
TX,202602,2026-02-11 18:46:00,33650.0,33651.0,33648.0,33648.0,5
TX,202602,2026-02-11 18:47:00,33648.0,33648.0,33644.0,33644.0,7
TX,202602,2026-02-11 18:48:00,33645.0,33645.0,33641.0,33641.0,14
TX,202602,2026-02-11 18:49:00,33641.0,33641.0,33640.0,33641.0,5
TX,202602,2026-02-11 18:50:00,33642.0,33642.0,33642.0,33642.0,1
TX,202602,2026-02-11 18:51:00,33643.0,33645.0,33643.0,33643.0,9
TX,202602,2026-02-11 18:52:00,33642.0,33642.0,33635.0,33638.0,36
TX,202602,2026-02-11 18:53:00,33638.0,33638.0,33638.0,33638.0,2
TX,202602,2026-02-11 18:54:00,33638.0,33638.0,33635.0,33637.0,9
TX,202602,2026-02-11 18:55:00,33644.0,33650.0,33644.0,33650.0,5
TX,202602,2026-02-11 18:56:00,33658.0,33660.0,33657.0,33658.0,28
TX,202602,2026-02-11 18:57:00,33656.0,33661.0,33656.0,33661.0,24
TX,202602,2026-02-11 18:58:00,33662.0,33662.0,33658.0,33658.0,10
TX,202602,2026-02-11 18:59:00,33659.0,33665.0,33658.0,33663.0,15
TX,202602,2026-02-11 19:00:00,33666.0,33677.0,33666.0,33674.0,81
TX,202602,2026-02-11 19:01:00,33675.0,33683.0,33675.0,33680.0,94
TX,202602,2026-02-11 19:02:00,33680.0,33680.0,33675.0,33675.0,11
TX,202602,2026-02-11 19:03:00,33675.0,33676.0,33665.0,33665.0,37
TX,202602,2026-02-11 19:04:00,33666.0,33679.0,33666.0,33679.0,7
TX,202602,2026-02-11 19:05:00,33678.0,33679.0,33673.0,33677.0,20
TX,202602,2026-02-11 19:06:00,33677.0,33680.0,33677.0,33680.0,22
TX,202602,2026-02-11 19:07:00,33681.0,33690.0,33681.0,33687.0,48
TX,202602,2026-02-11 19:08:00,33686.0,33687.0,33682.0,33682.0,8
TX,202602,2026-02-11 19:09:00,33680.0,33680.0,33677.0,33680.0,25
TX,202602,2026-02-11 19:10:00,33686.0,33687.0,33685.0,33685.0,9
TX,202602,2026-02-11 19:11:00,33684.0,33684.0,33683.0,33683.0,2
TX,202602,2026-02-11 19:12:00,33680.0,33680.0,33673.0,33673.0,13
TX,202602,2026-02-11 19:13:00,33673.0,33673.0,33667.0,33669.0,13
TX,202602,2026-02-11 19:14:00,33669.0,33670.0,33668.0,33668.0,13
TX,202602,2026-02-11 19:15:00,33668.0,33669.0,33668.0,33669.0,4
TX,202602,2026-02-11 19:17:00,33673.0,33674.0,33673.0,33673.0,7
TX,202602,2026-02-11 19:18:00,33675.0,33682.0,33675.0,33681.0,12
TX,202602,2026-02-11 19:19:00,33681.0,33682.0,33681.0,33682.0,7
TX,202602,2026-02-11 19:20:00,33682.0,33684.0,33677.0,33677.0,16
TX,202602,2026-02-11 19:21:00,33681.0,33685.0,33681.0,33685.0,8
TX,202602,2026-02-11 19:22:00,33686.0,33686.0,33684.0,33685.0,6
TX,202602,2026-02-11 19:23:00,33686.0,33686.0,33683.0,33683.0,6
TX,202602,2026-02-11 19:24:00,33681.0,33681.0,33678.0,33678.0,5
TX,202602,2026-02-11 19:25:00,33674.0,33678.0,33674.0,33677.0,14
TX,202602,2026-02-11 19:26:00,33674.0,33674.0,33674.0,33674.0,1
TX,202602,2026-02-11 19:27:00,33674.0,33677.0,33672.0,33677.0,17
TX,202602,2026-02-11 19:28:00,33677.0,33678.0,33677.0,33678.0,5
TX,202602,2026-02-11 19:29:00,33681.0,33681.0,33681.0,33681.0,3
TX,202602,2026-02-11 19:30:00,33682.0,33683.0,33681.0,33683.0,9
TX,202602,2026-02-11 19:31:00,33683.0,33688.0,33683.0,33685.0,17
TX,202602,2026-02-11 19:32:00,33684.0,33684.0,33680.0,33681.0,9
TX,202602,2026-02-11 19:33:00,33678.0,33681.0,33678.0,33681.0,2
TX,202602,2026-02-11 19:34:00,33684.0,33687.0,33684.0,33685.0,11
TX,202602,2026-02-11 19:35:00,33685.0,33687.0,33683.0,33683.0,14
TX,202602,2026-02-11 19:36:00,33681.0,33682.0,33678.0,33678.0,12
TX,202602,2026-02-11 19:37:00,33678.0,33683.0,33677.0,33683.0,9
TX,202602,2026-02-11 19:38:00,33683.0,33683.0,33679.0,33679.0,12
TX,202602,2026-02-11 19:39:00,33678.0,33678.0,33675.0,33675.0,12
TX,202602,2026-02-11 19:40:00,33674.0,33674.0,33669.0,33670.0,19
TX,202602,2026-02-11 19:41:00,33672.0,33672.0,33663.0,33663.0,19
TX,202602,2026-02-11 19:42:00,33665.0,33670.0,33665.0,33667.0,20
TX,202602,2026-02-11 19:43:00,33667.0,33667.0,33645.0,33656.0,65
TX,202602,2026-02-11 19:44:00,33661.0,33663.0,33657.0,33663.0,15
TX,202602,2026-02-11 19:45:00,33666.0,33666.0,33665.0,33665.0,3
TX,202602,2026-02-11 19:46:00,33665.0,33674.0,33665.0,33673.0,18
TX,202602,2026-02-11 19:47:00,33675.0,33676.0,33665.0,33665.0,24
TX,202602,2026-02-11 19:48:00,33670.0,33674.0,33670.0,33673.0,9
TX,202602,2026-02-11 19:49:00,33671.0,33671.0,33668.0,33668.0,8
TX,202602,2026-02-11 19:50:00,33674.0,33674.0,33674.0,33674.0,2
TX,202602,2026-02-11 19:52:00,33679.0,33679.0,33668.0,33668.0,9
TX,202602,2026-02-11 19:53:00,33670.0,33671.0,33670.0,33671.0,2
TX,202602,2026-02-11 19:54:00,33674.0,33674.0,33670.0,33670.0,7
TX,202602,2026-02-11 19:55:00,33668.0,33668.0,33658.0,33658.0,14
TX,202602,2026-02-11 19:56:00,33659.0,33660.0,33656.0,33658.0,18
TX,202602,2026-02-11 19:57:00,33656.0,33656.0,33652.0,33652.0,12
TX,202602,2026-02-11 19:58:00,33652.0,33657.0,33652.0,33655.0,15
TX,202602,2026-02-11 19:59:00,33655.0,33658.0,33651.0,33652.0,14
TX,202602,2026-02-11 20:00:00,33653.0,33665.0,33653.0,33664.0,37
TX,202602,2026-02-11 20:01:00,33661.0,33674.0,33657.0,33666.0,23
TX,202602,2026-02-11 20:02:00,33669.0,33675.0,33669.0,33672.0,17
TX,202602,2026-02-11 20:03:00,33675.0,33675.0,33675.0,33675.0,3
TX,202602,2026-02-11 20:04:00,33677.0,33677.0,33670.0,33670.0,8
TX,202602,2026-02-11 20:05:00,33670.0,33673.0,33670.0,33673.0,5
TX,202602,2026-02-11 20:06:00,33675.0,33676.0,33673.0,33674.0,16
TX,202602,2026-02-11 20:07:00,33671.0,33683.0,33671.0,33683.0,33
TX,202602,2026-02-11 20:08:00,33684.0,33686.0,33682.0,33685.0,39
TX,202602,2026-02-11 20:09:00,33687.0,33688.0,33682.0,33682.0,26
TX,202602,2026-02-11 20:10:00,33682.0,33683.0,33679.0,33683.0,22
TX,202602,2026-02-11 20:11:00,33684.0,33688.0,33684.0,33685.0,26
TX,202602,2026-02-11 20:12:00,33685.0,33685.0,33682.0,33682.0,7
TX,202602,2026-02-11 20:13:00,33683.0,33692.0,33683.0,33690.0,79
TX,202602,2026-02-11 20:14:00,33692.0,33692.0,33685.0,33690.0,42
TX,202602,2026-02-11 20:15:00,33690.0,33690.0,33685.0,33685.0,12
TX,202602,2026-02-11 20:16:00,33684.0,33684.0,33680.0,33680.0,16
TX,202602,2026-02-11 20:17:00,33679.0,33679.0,33679.0,33679.0,5
TX,202602,2026-02-11 20:18:00,33681.0,33681.0,33674.0,33674.0,15
TX,202602,2026-02-11 20:19:00,33676.0,33679.0,33673.0,33676.0,18
TX,202602,2026-02-11 20:20:00,33682.0,33687.0,33682.0,33687.0,11
TX,202602,2026-02-11 20:21:00,33685.0,33685.0,33683.0,33683.0,3
TX,202602,2026-02-11 20:22:00,33688.0,33690.0,33688.0,33690.0,13
TX,202602,2026-02-11 20:23:00,33687.0,33689.0,33686.0,33689.0,22
TX,202602,2026-02-11 20:24:00,33686.0,33686.0,33686.0,33686.0,3
TX,202602,2026-02-11 20:25:00,33686.0,33686.0,33685.0,33685.0,9
TX,202602,2026-02-11 20:26:00,33683.0,33683.0,33678.0,33681.0,13
TX,202602,2026-02-11 20:27:00,33680.0,33680.0,33677.0,33678.0,5
TX,202602,2026-02-11 20:28:00,33677.0,33677.0,33673.0,33673.0,10
TX,202602,2026-02-11 20:29:00,33673.0,33676.0,33673.0,33675.0,9
TX,202602,2026-02-11 20:30:00,33674.0,33675.0,33673.0,33673.0,7
TX,202602,2026-02-11 20:31:00,33672.0,33673.0,33670.0,33673.0,11
TX,202602,2026-02-11 20:32:00,33673.0,33675.0,33668.0,33668.0,18
TX,202602,2026-02-11 20:33:00,33669.0,33674.0,33669.0,33674.0,12
TX,202602,2026-02-11 20:34:00,33672.0,33675.0,33672.0,33675.0,8
TX,202602,2026-02-11 20:35:00,33678.0,33681.0,33670.0,33670.0,11
TX,202602,2026-02-11 20:36:00,33669.0,33672.0,33669.0,33672.0,3
TX,202602,2026-02-11 20:37:00,33672.0,33673.0,33672.0,33673.0,2
TX,202602,2026-02-11 20:38:00,33676.0,33680.0,33676.0,33679.0,5
TX,202602,2026-02-11 20:40:00,33679.0,33679.0,33677.0,33679.0,6
TX,202602,2026-02-11 20:41:00,33678.0,33678.0,33671.0,33671.0,10
TX,202602,2026-02-11 20:42:00,33673.0,33676.0,33673.0,33676.0,6
TX,202602,2026-02-11 20:43:00,33675.0,33676.0,33675.0,33676.0,2
TX,202602,2026-02-11 20:44:00,33675.0,33676.0,33675.0,33676.0,3
TX,202602,2026-02-11 20:45:00,33674.0,33675.0,33674.0,33675.0,2
TX,202602,2026-02-11 20:46:00,33675.0,33677.0,33673.0,33673.0,5
TX,202602,2026-02-11 20:47:00,33672.0,33672.0,33669.0,33669.0,9
TX,202602,2026-02-11 20:48:00,33669.0,33673.0,33669.0,33673.0,3
TX,202602,2026-02-11 20:50:00,33670.0,33670.0,33670.0,33670.0,7
TX,202602,2026-02-11 20:51:00,33670.0,33671.0,33667.0,33669.0,15
TX,202602,2026-02-11 20:52:00,33666.0,33666.0,33660.0,33663.0,27
TX,202602,2026-02-11 20:53:00,33666.0,33668.0,33666.0,33667.0,7
TX,202602,2026-02-11 20:54:00,33667.0,33667.0,33664.0,33664.0,4
TX,202602,2026-02-11 20:55:00,33666.0,33667.0,33666.0,33667.0,3
TX,202602,2026-02-11 20:56:00,33672.0,33672.0,33672.0,33672.0,2
TX,202602,2026-02-11 20:57:00,33676.0,33677.0,33675.0,33675.0,9
TX,202602,2026-02-11 20:58:00,33676.0,33676.0,33672.0,33675.0,8
TX,202602,2026-02-11 20:59:00,33676.0,33676.0,33675.0,33675.0,7
TX,202602,2026-02-11 21:00:00,33676.0,33677.0,33673.0,33674.0,10
TX,202602,2026-02-11 21:01:00,33675.0,33685.0,33675.0,33685.0,32
TX,202602,2026-02-11 21:02:00,33685.0,33686.0,33681.0,33681.0,19
TX,202602,2026-02-11 21:03:00,33682.0,33683.0,33680.0,33680.0,6
TX,202602,2026-02-11 21:04:00,33677.0,33680.0,33677.0,33678.0,6
TX,202602,2026-02-11 21:05:00,33679.0,33688.0,33678.0,33686.0,27
TX,202602,2026-02-11 21:06:00,33685.0,33685.0,33682.0,33682.0,8
TX,202602,2026-02-11 21:07:00,33685.0,33685.0,33682.0,33682.0,7
TX,202602,2026-02-11 21:08:00,33684.0,33684.0,33682.0,33682.0,8
TX,202602,2026-02-11 21:09:00,33683.0,33683.0,33681.0,33681.0,9
TX,202602,2026-02-11 21:10:00,33681.0,33681.0,33680.0,33681.0,12
TX,202602,2026-02-11 21:11:00,33681.0,33685.0,33681.0,33682.0,17
TX,202602,2026-02-11 21:12:00,33685.0,33686.0,33681.0,33684.0,12
TX,202602,2026-02-11 21:13:00,33682.0,33686.0,33682.0,33684.0,17
TX,202602,2026-02-11 21:14:00,33686.0,33689.0,33686.0,33688.0,43
TX,202602,2026-02-11 21:15:00,33688.0,33688.0,33686.0,33687.0,16
TX,202602,2026-02-11 21:16:00,33687.0,33687.0,33682.0,33682.0,7
TX,202602,2026-02-11 21:17:00,33681.0,33681.0,33675.0,33678.0,12
TX,202602,2026-02-11 21:18:00,33677.0,33680.0,33673.0,33680.0,23
TX,202602,2026-02-11 21:19:00,33682.0,33690.0,33682.0,33690.0,33
TX,202602,2026-02-11 21:20:00,33687.0,33690.0,33687.0,33688.0,7
TX,202602,2026-02-11 21:21:00,33687.0,33688.0,33682.0,33684.0,21
TX,202602,2026-02-11 21:22:00,33683.0,33683.0,33678.0,33678.0,4
TX,202602,2026-02-11 21:23:00,33676.0,33677.0,33676.0,33676.0,5
TX,202602,2026-02-11 21:24:00,33680.0,33680.0,33680.0,33680.0,2
TX,202602,2026-02-11 21:25:00,33683.0,33687.0,33683.0,33687.0,9
TX,202602,2026-02-11 21:26:00,33687.0,33688.0,33684.0,33684.0,7
TX,202602,2026-02-11 21:27:00,33685.0,33687.0,33685.0,33686.0,21
TX,202602,2026-02-11 21:28:00,33687.0,33687.0,33684.0,33684.0,9
TX,202602,2026-02-11 21:29:00,33684.0,33686.0,33684.0,33684.0,6
TX,202602,2026-02-11 21:30:00,33686.0,33708.0,33663.0,33672.0,460
TX,202602,2026-02-11 21:31:00,33667.0,33703.0,33663.0,33696.0,103
TX,202602,2026-02-11 21:32:00,33693.0,33722.0,33693.0,33722.0,206
TX,202602,2026-02-11 21:33:00,33724.0,33765.0,33724.0,33751.0,456
TX,202602,2026-02-11 21:34:00,33753.0,33774.0,33751.0,33763.0,196
TX,202602,2026-02-11 21:35:00,33765.0,33765.0,33746.0,33753.0,95
TX,202602,2026-02-11 21:36:00,33749.0,33766.0,33749.0,33766.0,92
TX,202602,2026-02-11 21:37:00,33767.0,33777.0,33745.0,33756.0,186
TX,202602,2026-02-11 21:38:00,33756.0,33770.0,33746.0,33763.0,70
TX,202602,2026-02-11 21:39:00,33763.0,33765.0,33754.0,33756.0,26
TX,202602,2026-02-11 21:40:00,33756.0,33756.0,33751.0,33756.0,21
TX,202602,2026-02-11 21:41:00,33754.0,33754.0,33739.0,33752.0,70
TX,202602,2026-02-11 21:42:00,33754.0,33758.0,33740.0,33740.0,46
TX,202602,2026-02-11 21:43:00,33738.0,33746.0,33730.0,33746.0,60
TX,202602,2026-02-11 21:44:00,33747.0,33754.0,33742.0,33750.0,53
TX,202602,2026-02-11 21:45:00,33751.0,33771.0,33751.0,33769.0,74
TX,202602,2026-02-11 21:46:00,33769.0,33806.0,33766.0,33795.0,283
TX,202602,2026-02-11 21:47:00,33796.0,33804.0,33795.0,33797.0,87
TX,202602,2026-02-11 21:48:00,33799.0,33818.0,33795.0,33817.0,119
TX,202602,2026-02-11 21:49:00,33814.0,33819.0,33804.0,33811.0,150
TX,202602,2026-02-11 21:50:00,33810.0,33814.0,33801.0,33805.0,70
TX,202602,2026-02-11 21:51:00,33805.0,33805.0,33791.0,33793.0,66
TX,202602,2026-02-11 21:52:00,33792.0,33807.0,33789.0,33807.0,41
TX,202602,2026-02-11 21:53:00,33808.0,33823.0,33808.0,33821.0,94
TX,202602,2026-02-11 21:54:00,33824.0,33861.0,33823.0,33848.0,283
TX,202602,2026-02-11 21:55:00,33844.0,33868.0,33842.0,33864.0,161
TX,202602,2026-02-11 21:56:00,33869.0,33875.0,33857.0,33863.0,120
TX,202602,2026-02-11 21:57:00,33863.0,33863.0,33847.0,33854.0,84
TX,202602,2026-02-11 21:58:00,33853.0,33859.0,33853.0,33856.0,43
TX,202602,2026-02-11 21:59:00,33859.0,33860.0,33850.0,33858.0,59
TX,202602,2026-02-11 22:00:00,33859.0,33863.0,33836.0,33844.0,127
TX,202602,2026-02-11 22:01:00,33843.0,33855.0,33843.0,33855.0,39
TX,202602,2026-02-11 22:02:00,33855.0,33857.0,33848.0,33848.0,42
TX,202602,2026-02-11 22:03:00,33848.0,33849.0,33829.0,33840.0,69
TX,202602,2026-02-11 22:04:00,33840.0,33852.0,33836.0,33849.0,96
TX,202602,2026-02-11 22:05:00,33848.0,33848.0,33836.0,33840.0,38
TX,202602,2026-02-11 22:06:00,33842.0,33845.0,33841.0,33845.0,12
TX,202602,2026-02-11 22:07:00,33844.0,33847.0,33843.0,33847.0,20
TX,202602,2026-02-11 22:08:00,33849.0,33852.0,33842.0,33842.0,84
TX,202602,2026-02-11 22:09:00,33846.0,33847.0,33834.0,33834.0,67
TX,202602,2026-02-11 22:10:00,33835.0,33838.0,33825.0,33832.0,85
TX,202602,2026-02-11 22:11:00,33830.0,33830.0,33802.0,33823.0,125
TX,202602,2026-02-11 22:12:00,33820.0,33820.0,33815.0,33820.0,59
TX,202602,2026-02-11 22:13:00,33820.0,33840.0,33820.0,33837.0,102
TX,202602,2026-02-11 22:14:00,33838.0,33838.0,33828.0,33836.0,48
TX,202602,2026-02-11 22:15:00,33834.0,33837.0,33833.0,33837.0,28
TX,202602,2026-02-11 22:16:00,33838.0,33846.0,33834.0,33843.0,47
TX,202602,2026-02-11 22:17:00,33838.0,33839.0,33827.0,33833.0,33
TX,202602,2026-02-11 22:18:00,33834.0,33836.0,33834.0,33836.0,4
TX,202602,2026-02-11 22:19:00,33838.0,33840.0,33835.0,33835.0,11
TX,202602,2026-02-11 22:20:00,33835.0,33838.0,33832.0,33832.0,25
TX,202602,2026-02-11 22:21:00,33835.0,33835.0,33828.0,33833.0,23
TX,202602,2026-02-11 22:22:00,33831.0,33831.0,33822.0,33825.0,44
TX,202602,2026-02-11 22:23:00,33828.0,33828.0,33824.0,33828.0,10
TX,202602,2026-02-11 22:24:00,33827.0,33827.0,33825.0,33827.0,9
TX,202602,2026-02-11 22:25:00,33835.0,33847.0,33829.0,33843.0,50
TX,202602,2026-02-11 22:26:00,33846.0,33846.0,33839.0,33839.0,25
TX,202602,2026-02-11 22:27:00,33841.0,33844.0,33838.0,33844.0,21
TX,202602,2026-02-11 22:28:00,33843.0,33857.0,33843.0,33856.0,73
TX,202602,2026-02-11 22:29:00,33854.0,33859.0,33845.0,33858.0,64
TX,202602,2026-02-11 22:30:00,33856.0,33911.0,33839.0,33901.0,542
TX,202602,2026-02-11 22:31:00,33901.0,33909.0,33870.0,33895.0,356
TX,202602,2026-02-11 22:32:00,33894.0,33917.0,33870.0,33885.0,284
TX,202602,2026-02-11 22:33:00,33884.0,33886.0,33844.0,33870.0,265
TX,202602,2026-02-11 22:34:00,33868.0,33876.0,33831.0,33852.0,265
TX,202602,2026-02-11 22:35:00,33850.0,33892.0,33840.0,33891.0,257
TX,202602,2026-02-11 22:36:00,33892.0,33924.0,33871.0,33875.0,583
TX,202602,2026-02-11 22:37:00,33873.0,33906.0,33858.0,33904.0,231
TX,202602,2026-02-11 22:38:00,33905.0,33905.0,33862.0,33866.0,165
TX,202602,2026-02-11 22:39:00,33862.0,33874.0,33857.0,33868.0,110
TX,202602,2026-02-11 22:40:00,33865.0,33890.0,33863.0,33884.0,156
TX,202602,2026-02-11 22:41:00,33883.0,33908.0,33869.0,33897.0,184
TX,202602,2026-02-11 22:42:00,33896.0,33916.0,33890.0,33900.0,177
TX,202602,2026-02-11 22:43:00,33902.0,33928.0,33902.0,33918.0,243
TX,202602,2026-02-11 22:44:00,33918.0,33933.0,33916.0,33932.0,145
TX,202602,2026-02-11 22:45:00,33929.0,33955.0,33923.0,33955.0,322
TX,202602,2026-02-11 22:46:00,33952.0,33967.0,33927.0,33933.0,323
TX,202602,2026-02-11 22:47:00,33939.0,33955.0,33933.0,33943.0,126
TX,202602,2026-02-11 22:48:00,33949.0,33980.0,33947.0,33980.0,155
TX,202602,2026-02-11 22:49:00,33978.0,33981.0,33959.0,33976.0,114
TX,202602,2026-02-11 22:50:00,33977.0,33982.0,33941.0,33955.0,280
TX,202602,2026-02-11 22:51:00,33960.0,33983.0,33950.0,33966.0,172
TX,202602,2026-02-11 22:52:00,33964.0,33969.0,33942.0,33952.0,90
TX,202602,2026-02-11 22:53:00,33951.0,33956.0,33925.0,33953.0,140
TX,202602,2026-02-11 22:54:00,33955.0,33975.0,33950.0,33969.0,150
TX,202602,2026-02-11 22:55:00,33972.0,33984.0,33959.0,33959.0,146
TX,202602,2026-02-11 22:56:00,33958.0,33962.0,33943.0,33957.0,140
TX,202602,2026-02-11 22:57:00,33960.0,33960.0,33914.0,33932.0,236
TX,202602,2026-02-11 22:58:00,33932.0,33938.0,33906.0,33906.0,183
TX,202602,2026-02-11 22:59:00,33905.0,33926.0,33901.0,33925.0,266
TX,202602,2026-02-11 23:00:00,33923.0,33937.0,33915.0,33920.0,253
TX,202602,2026-02-11 23:01:00,33923.0,33971.0,33923.0,33962.0,210
TX,202602,2026-02-11 23:02:00,33959.0,33959.0,33898.0,33905.0,257
TX,202602,2026-02-11 23:03:00,33905.0,33925.0,33898.0,33913.0,113
TX,202602,2026-02-11 23:04:00,33905.0,33924.0,33898.0,33906.0,106
TX,202602,2026-02-11 23:05:00,33903.0,33931.0,33890.0,33924.0,219
TX,202602,2026-02-11 23:06:00,33922.0,33925.0,33899.0,33908.0,87
TX,202602,2026-02-11 23:07:00,33907.0,33908.0,33876.0,33881.0,211
TX,202602,2026-02-11 23:08:00,33886.0,33895.0,33882.0,33882.0,119
TX,202602,2026-02-11 23:09:00,33883.0,33884.0,33863.0,33863.0,205
TX,202602,2026-02-11 23:10:00,33862.0,33866.0,33833.0,33844.0,315
TX,202602,2026-02-11 23:11:00,33842.0,33843.0,33781.0,33789.0,403
TX,202602,2026-02-11 23:12:00,33786.0,33786.0,33715.0,33731.0,485
TX,202602,2026-02-11 23:13:00,33730.0,33748.0,33664.0,33687.0,490
TX,202602,2026-02-11 23:14:00,33692.0,33772.0,33673.0,33765.0,576
TX,202602,2026-02-11 23:15:00,33760.0,33784.0,33732.0,33737.0,334
TX,202602,2026-02-11 23:16:00,33740.0,33740.0,33702.0,33709.0,287
TX,202602,2026-02-11 23:17:00,33712.0,33743.0,33709.0,33722.0,233
TX,202602,2026-02-11 23:18:00,33720.0,33741.0,33684.0,33729.0,227
TX,202602,2026-02-11 23:19:00,33731.0,33733.0,33674.0,33679.0,245
TX,202602,2026-02-11 23:20:00,33681.0,33695.0,33640.0,33640.0,337
TX,202602,2026-02-11 23:21:00,33642.0,33708.0,33642.0,33696.0,360
TX,202602,2026-02-11 23:22:00,33695.0,33720.0,33689.0,33702.0,213
TX,202602,2026-02-11 23:23:00,33693.0,33719.0,33672.0,33686.0,173
TX,202602,2026-02-11 23:24:00,33685.0,33687.0,33626.0,33661.0,342
TX,202602,2026-02-11 23:25:00,33656.0,33682.0,33648.0,33655.0,221
TX,202602,2026-02-11 23:26:00,33652.0,33661.0,33621.0,33642.0,351
TX,202602,2026-02-11 23:27:00,33644.0,33665.0,33629.0,33640.0,256
TX,202602,2026-02-11 23:28:00,33642.0,33707.0,33642.0,33683.0,351
TX,202602,2026-02-11 23:29:00,33681.0,33705.0,33659.0,33660.0,206
TX,202602,2026-02-11 23:30:00,33660.0,33681.0,33654.0,33671.0,194
TX,202602,2026-02-11 23:31:00,33674.0,33713.0,33666.0,33705.0,308
TX,202602,2026-02-11 23:32:00,33701.0,33727.0,33689.0,33719.0,298
TX,202602,2026-02-11 23:33:00,33720.0,33723.0,33697.0,33714.0,138
TX,202602,2026-02-11 23:34:00,33714.0,33732.0,33712.0,33727.0,139
TX,202602,2026-02-11 23:35:00,33730.0,33752.0,33720.0,33752.0,139
TX,202602,2026-02-11 23:36:00,33752.0,33764.0,33737.0,33740.0,227
TX,202602,2026-02-11 23:37:00,33738.0,33740.0,33700.0,33725.0,215
TX,202602,2026-02-11 23:38:00,33721.0,33746.0,33719.0,33746.0,93
TX,202602,2026-02-11 23:39:00,33738.0,33754.0,33735.0,33751.0,104
TX,202602,2026-02-11 23:40:00,33752.0,33773.0,33749.0,33773.0,207
TX,202602,2026-02-11 23:41:00,33773.0,33785.0,33759.0,33772.0,147
TX,202602,2026-02-11 23:42:00,33767.0,33773.0,33745.0,33771.0,155
TX,202602,2026-02-11 23:43:00,33772.0,33778.0,33726.0,33737.0,149
TX,202602,2026-02-11 23:44:00,33733.0,33765.0,33733.0,33754.0,72
TX,202602,2026-02-11 23:45:00,33756.0,33773.0,33747.0,33747.0,118
TX,202602,2026-02-11 23:46:00,33747.0,33755.0,33744.0,33746.0,125
TX,202602,2026-02-11 23:47:00,33745.0,33753.0,33736.0,33741.0,84
TX,202602,2026-02-11 23:48:00,33744.0,33744.0,33726.0,33729.0,78
TX,202602,2026-02-11 23:49:00,33725.0,33732.0,33693.0,33705.0,148
TX,202602,2026-02-11 23:50:00,33700.0,33717.0,33684.0,33697.0,126
TX,202602,2026-02-11 23:51:00,33701.0,33743.0,33700.0,33734.0,124
TX,202602,2026-02-11 23:52:00,33731.0,33784.0,33730.0,33784.0,254
TX,202602,2026-02-11 23:53:00,33782.0,33825.0,33782.0,33807.0,369
TX,202602,2026-02-11 23:54:00,33809.0,33827.0,33803.0,33827.0,128
TX,202602,2026-02-11 23:55:00,33826.0,33835.0,33814.0,33831.0,163
TX,202602,2026-02-11 23:56:00,33825.0,33828.0,33804.0,33816.0,105
TX,202602,2026-02-11 23:57:00,33816.0,33831.0,33812.0,33814.0,96
TX,202602,2026-02-11 23:58:00,33814.0,33821.0,33800.0,33817.0,120
TX,202602,2026-02-11 23:59:00,33818.0,33820.0,33802.0,33812.0,72
TX,202602,2026-02-12 00:00:00,33814.0,33820.0,33794.0,33804.0,199
TX,202602,2026-02-12 00:01:00,33805.0,33824.0,33801.0,33824.0,101
TX,202602,2026-02-12 00:02:00,33818.0,33831.0,33805.0,33805.0,138
TX,202602,2026-02-12 00:03:00,33807.0,33807.0,33786.0,33793.0,143
TX,202602,2026-02-12 00:04:00,33800.0,33805.0,33789.0,33797.0,67
TX,202602,2026-02-12 00:05:00,33799.0,33803.0,33787.0,33789.0,60
TX,202602,2026-02-12 00:06:00,33785.0,33802.0,33776.0,33797.0,95
TX,202602,2026-02-12 00:07:00,33789.0,33796.0,33783.0,33784.0,30
TX,202602,2026-02-12 00:08:00,33785.0,33786.0,33770.0,33771.0,87
TX,202602,2026-02-12 00:09:00,33774.0,33784.0,33764.0,33764.0,74
TX,202602,2026-02-12 00:10:00,33762.0,33818.0,33752.0,33810.0,270
TX,202602,2026-02-12 00:11:00,33809.0,33833.0,33795.0,33830.0,151
TX,202602,2026-02-12 00:12:00,33834.0,33840.0,33818.0,33839.0,120
TX,202602,2026-02-12 00:13:00,33840.0,33846.0,33833.0,33846.0,134
TX,202602,2026-02-12 00:14:00,33847.0,33854.0,33839.0,33851.0,117
TX,202602,2026-02-12 00:15:00,33846.0,33852.0,33822.0,33829.0,123
TX,202602,2026-02-12 00:16:00,33832.0,33841.0,33827.0,33840.0,76
TX,202602,2026-02-12 00:17:00,33839.0,33862.0,33835.0,33847.0,143
TX,202602,2026-02-12 00:18:00,33846.0,33850.0,33837.0,33843.0,67
TX,202602,2026-02-12 00:19:00,33845.0,33873.0,33838.0,33871.0,107
TX,202602,2026-02-12 00:20:00,33871.0,33886.0,33871.0,33883.0,106
TX,202602,2026-02-12 00:21:00,33885.0,33893.0,33882.0,33883.0,152
TX,202602,2026-02-12 00:22:00,33882.0,33893.0,33872.0,33892.0,83
TX,202602,2026-02-12 00:23:00,33894.0,33902.0,33886.0,33888.0,118
TX,202602,2026-02-12 00:24:00,33890.0,33903.0,33882.0,33883.0,81
TX,202602,2026-02-12 00:25:00,33882.0,33890.0,33875.0,33875.0,114
TX,202602,2026-02-12 00:26:00,33872.0,33872.0,33844.0,33851.0,132
TX,202602,2026-02-12 00:27:00,33847.0,33848.0,33820.0,33823.0,153
TX,202602,2026-02-12 00:28:00,33825.0,33840.0,33803.0,33820.0,135
TX,202602,2026-02-12 00:29:00,33813.0,33818.0,33805.0,33807.0,72
TX,202602,2026-02-12 00:30:00,33806.0,33851.0,33795.0,33848.0,207
TX,202602,2026-02-12 00:31:00,33848.0,33855.0,33834.0,33839.0,60
TX,202602,2026-02-12 00:32:00,33838.0,33841.0,33822.0,33825.0,41
TX,202602,2026-02-12 00:33:00,33825.0,33858.0,33820.0,33854.0,61
TX,202602,2026-02-12 00:34:00,33855.0,33856.0,33828.0,33832.0,54
TX,202602,2026-02-12 00:35:00,33835.0,33841.0,33822.0,33823.0,67
TX,202602,2026-02-12 00:36:00,33823.0,33839.0,33816.0,33816.0,60
TX,202602,2026-02-12 00:37:00,33815.0,33830.0,33812.0,33819.0,40
TX,202602,2026-02-12 00:38:00,33827.0,33847.0,33824.0,33830.0,37
TX,202602,2026-02-12 00:39:00,33829.0,33854.0,33826.0,33854.0,41
TX,202602,2026-02-12 00:40:00,33854.0,33874.0,33853.0,33873.0,77
TX,202602,2026-02-12 00:41:00,33872.0,33874.0,33855.0,33855.0,48
TX,202602,2026-02-12 00:42:00,33855.0,33855.0,33844.0,33848.0,38
TX,202602,2026-02-12 00:43:00,33845.0,33845.0,33838.0,33840.0,23
TX,202602,2026-02-12 00:44:00,33835.0,33854.0,33831.0,33846.0,43
TX,202602,2026-02-12 00:45:00,33845.0,33849.0,33835.0,33841.0,36
TX,202602,2026-02-12 00:46:00,33849.0,33858.0,33844.0,33856.0,32
TX,202602,2026-02-12 00:47:00,33859.0,33859.0,33850.0,33851.0,30
TX,202602,2026-02-12 00:48:00,33846.0,33846.0,33833.0,33833.0,34
TX,202602,2026-02-12 00:49:00,33831.0,33841.0,33822.0,33828.0,43
TX,202602,2026-02-12 00:50:00,33828.0,33829.0,33824.0,33824.0,18
TX,202602,2026-02-12 00:51:00,33822.0,33843.0,33822.0,33838.0,26
TX,202602,2026-02-12 00:52:00,33835.0,33844.0,33835.0,33842.0,29
TX,202602,2026-02-12 00:53:00,33842.0,33844.0,33833.0,33833.0,30
TX,202602,2026-02-12 00:54:00,33836.0,33840.0,33835.0,33837.0,13
TX,202602,2026-02-12 00:55:00,33831.0,33835.0,33830.0,33835.0,17
TX,202602,2026-02-12 00:56:00,33835.0,33835.0,33809.0,33823.0,94
TX,202602,2026-02-12 00:57:00,33820.0,33828.0,33816.0,33819.0,32
TX,202602,2026-02-12 00:58:00,33818.0,33820.0,33805.0,33813.0,94
TX,202602,2026-02-12 00:59:00,33813.0,33813.0,33797.0,33799.0,57
TX,202602,2026-02-12 01:00:00,33800.0,33808.0,33788.0,33794.0,220
TX,202602,2026-02-12 01:01:00,33795.0,33796.0,33746.0,33755.0,172
TX,202602,2026-02-12 01:02:00,33757.0,33757.0,33727.0,33750.0,200
TX,202602,2026-02-12 01:03:00,33752.0,33769.0,33748.0,33755.0,84
TX,202602,2026-02-12 01:04:00,33763.0,33773.0,33753.0,33756.0,122
TX,202602,2026-02-12 01:05:00,33753.0,33770.0,33750.0,33759.0,66
TX,202602,2026-02-12 01:06:00,33763.0,33783.0,33759.0,33779.0,104
TX,202602,2026-02-12 01:07:00,33782.0,33796.0,33780.0,33792.0,72
TX,202602,2026-02-12 01:08:00,33793.0,33809.0,33782.0,33807.0,70
TX,202602,2026-02-12 01:09:00,33808.0,33825.0,33808.0,33822.0,73
TX,202602,2026-02-12 01:10:00,33825.0,33833.0,33814.0,33818.0,113
TX,202602,2026-02-12 01:11:00,33821.0,33834.0,33801.0,33802.0,84
TX,202602,2026-02-12 01:12:00,33802.0,33830.0,33801.0,33830.0,55
TX,202602,2026-02-12 01:13:00,33828.0,33830.0,33820.0,33820.0,33
TX,202602,2026-02-12 01:14:00,33819.0,33830.0,33815.0,33821.0,27
TX,202602,2026-02-12 01:15:00,33824.0,33825.0,33813.0,33820.0,25
TX,202602,2026-02-12 01:16:00,33814.0,33849.0,33810.0,33847.0,56
TX,202602,2026-02-12 01:17:00,33848.0,33866.0,33839.0,33839.0,73
TX,202602,2026-02-12 01:18:00,33837.0,33845.0,33821.0,33826.0,47
TX,202602,2026-02-12 01:19:00,33826.0,33835.0,33820.0,33830.0,46
TX,202602,2026-02-12 01:20:00,33831.0,33849.0,33816.0,33821.0,48
TX,202602,2026-02-12 01:21:00,33825.0,33841.0,33825.0,33841.0,17
TX,202602,2026-02-12 01:22:00,33846.0,33863.0,33846.0,33861.0,74
TX,202602,2026-02-12 01:23:00,33863.0,33874.0,33859.0,33865.0,77
TX,202602,2026-02-12 01:24:00,33868.0,33878.0,33868.0,33878.0,41
TX,202602,2026-02-12 01:25:00,33879.0,33900.0,33879.0,33897.0,121
TX,202602,2026-02-12 01:26:00,33898.0,33909.0,33897.0,33898.0,126
TX,202602,2026-02-12 01:27:00,33898.0,33905.0,33893.0,33893.0,56
TX,202602,2026-02-12 01:28:00,33895.0,33901.0,33887.0,33900.0,67
TX,202602,2026-02-12 01:29:00,33903.0,33914.0,33897.0,33906.0,70
TX,202602,2026-02-12 01:30:00,33906.0,33910.0,33895.0,33897.0,68
TX,202602,2026-02-12 01:31:00,33894.0,33900.0,33889.0,33900.0,50
TX,202602,2026-02-12 01:32:00,33898.0,33902.0,33894.0,33894.0,19
TX,202602,2026-02-12 01:33:00,33895.0,33901.0,33890.0,33901.0,24
TX,202602,2026-02-12 01:34:00,33901.0,33901.0,33885.0,33885.0,42
TX,202602,2026-02-12 01:35:00,33888.0,33890.0,33880.0,33881.0,50
TX,202602,2026-02-12 01:36:00,33883.0,33883.0,33869.0,33871.0,100
TX,202602,2026-02-12 01:37:00,33869.0,33871.0,33858.0,33869.0,74
TX,202602,2026-02-12 01:38:00,33869.0,33874.0,33857.0,33874.0,39
TX,202602,2026-02-12 01:39:00,33873.0,33882.0,33869.0,33869.0,40
TX,202602,2026-02-12 01:40:00,33870.0,33885.0,33870.0,33884.0,25
TX,202602,2026-02-12 01:41:00,33886.0,33891.0,33878.0,33885.0,104
TX,202602,2026-02-12 01:42:00,33879.0,33888.0,33877.0,33888.0,18
TX,202602,2026-02-12 01:43:00,33890.0,33906.0,33886.0,33900.0,56
TX,202602,2026-02-12 01:44:00,33897.0,33904.0,33890.0,33902.0,38
TX,202602,2026-02-12 01:45:00,33900.0,33903.0,33880.0,33881.0,38
TX,202602,2026-02-12 01:46:00,33890.0,33896.0,33887.0,33896.0,18
TX,202602,2026-02-12 01:47:00,33895.0,33895.0,33885.0,33890.0,14
TX,202602,2026-02-12 01:48:00,33889.0,33899.0,33889.0,33895.0,15
TX,202602,2026-02-12 01:49:00,33897.0,33905.0,33895.0,33900.0,28
TX,202602,2026-02-12 01:50:00,33902.0,33902.0,33890.0,33895.0,14
TX,202602,2026-02-12 01:51:00,33895.0,33918.0,33895.0,33901.0,49
TX,202602,2026-02-12 01:52:00,33899.0,33906.0,33892.0,33892.0,35
TX,202602,2026-02-12 01:53:00,33894.0,33895.0,33885.0,33888.0,24
TX,202602,2026-02-12 01:54:00,33885.0,33888.0,33885.0,33888.0,3
TX,202602,2026-02-12 01:55:00,33892.0,33895.0,33877.0,33877.0,29
TX,202602,2026-02-12 01:56:00,33880.0,33880.0,33871.0,33872.0,31
TX,202602,2026-02-12 01:57:00,33871.0,33880.0,33863.0,33867.0,32
TX,202602,2026-02-12 01:58:00,33864.0,33869.0,33853.0,33863.0,58
TX,202602,2026-02-12 01:59:00,33868.0,33870.0,33861.0,33865.0,18
TX,202602,2026-02-12 02:00:00,33867.0,33874.0,33863.0,33869.0,35
TX,202602,2026-02-12 02:01:00,33869.0,33872.0,33864.0,33865.0,23
TX,202602,2026-02-12 02:02:00,33866.0,33882.0,33847.0,33882.0,91
TX,202602,2026-02-12 02:03:00,33881.0,33903.0,33881.0,33893.0,38
TX,202602,2026-02-12 02:04:00,33891.0,33898.0,33887.0,33887.0,20
TX,202602,2026-02-12 02:05:00,33884.0,33885.0,33873.0,33874.0,34
TX,202602,2026-02-12 02:06:00,33877.0,33883.0,33870.0,33870.0,31
TX,202602,2026-02-12 02:07:00,33864.0,33873.0,33862.0,33870.0,14
TX,202602,2026-02-12 02:08:00,33871.0,33871.0,33867.0,33871.0,10
TX,202602,2026-02-12 02:09:00,33870.0,33870.0,33858.0,33858.0,18
TX,202602,2026-02-12 02:10:00,33858.0,33859.0,33832.0,33848.0,92
TX,202602,2026-02-12 02:11:00,33847.0,33860.0,33845.0,33857.0,38
TX,202602,2026-02-12 02:12:00,33855.0,33855.0,33842.0,33842.0,19
TX,202602,2026-02-12 02:13:00,33842.0,33845.0,33839.0,33845.0,23
TX,202602,2026-02-12 02:14:00,33843.0,33844.0,33839.0,33842.0,11
TX,202602,2026-02-12 02:15:00,33842.0,33850.0,33838.0,33838.0,26
TX,202602,2026-02-12 02:16:00,33847.0,33875.0,33847.0,33873.0,50
TX,202602,2026-02-12 02:17:00,33875.0,33879.0,33870.0,33879.0,33
TX,202602,2026-02-12 02:18:00,33880.0,33888.0,33877.0,33881.0,49
TX,202602,2026-02-12 02:19:00,33873.0,33873.0,33851.0,33851.0,17
TX,202602,2026-02-12 02:20:00,33856.0,33860.0,33851.0,33853.0,22
TX,202602,2026-02-12 02:21:00,33853.0,33856.0,33853.0,33855.0,7
TX,202602,2026-02-12 02:22:00,33854.0,33861.0,33852.0,33861.0,7
TX,202602,2026-02-12 02:23:00,33859.0,33862.0,33858.0,33858.0,12
TX,202602,2026-02-12 02:24:00,33863.0,33871.0,33863.0,33864.0,20
TX,202602,2026-02-12 02:25:00,33862.0,33870.0,33862.0,33864.0,8
TX,202602,2026-02-12 02:26:00,33869.0,33869.0,33860.0,33863.0,8
TX,202602,2026-02-12 02:27:00,33863.0,33878.0,33863.0,33874.0,29
TX,202602,2026-02-12 02:28:00,33880.0,33890.0,33880.0,33889.0,29
TX,202602,2026-02-12 02:29:00,33886.0,33888.0,33881.0,33888.0,52
TX,202602,2026-02-12 02:30:00,33890.0,33892.0,33878.0,33883.0,53
TX,202602,2026-02-12 02:31:00,33882.0,33884.0,33878.0,33883.0,5
TX,202602,2026-02-12 02:32:00,33876.0,33876.0,33872.0,33876.0,10
TX,202602,2026-02-12 02:33:00,33879.0,33883.0,33879.0,33881.0,7
TX,202602,2026-02-12 02:34:00,33880.0,33880.0,33870.0,33870.0,9
TX,202602,2026-02-12 02:35:00,33868.0,33882.0,33868.0,33878.0,16
TX,202602,2026-02-12 02:36:00,33873.0,33876.0,33859.0,33876.0,22
TX,202602,2026-02-12 02:37:00,33877.0,33878.0,33873.0,33874.0,10
TX,202602,2026-02-12 02:38:00,33872.0,33888.0,33870.0,33888.0,22
TX,202602,2026-02-12 02:39:00,33887.0,33894.0,33887.0,33894.0,27
TX,202602,2026-02-12 02:40:00,33892.0,33892.0,33877.0,33877.0,15
TX,202602,2026-02-12 02:41:00,33875.0,33875.0,33875.0,33875.0,1
TX,202602,2026-02-12 02:42:00,33875.0,33879.0,33875.0,33875.0,9
TX,202602,2026-02-12 02:43:00,33882.0,33883.0,33870.0,33874.0,13
TX,202602,2026-02-12 02:44:00,33872.0,33876.0,33867.0,33876.0,11
TX,202602,2026-02-12 02:45:00,33877.0,33879.0,33874.0,33879.0,6
TX,202602,2026-02-12 02:46:00,33878.0,33888.0,33876.0,33887.0,21
TX,202602,2026-02-12 02:47:00,33890.0,33890.0,33880.0,33883.0,11
TX,202602,2026-02-12 02:48:00,33885.0,33885.0,33882.0,33884.0,7
TX,202602,2026-02-12 02:49:00,33890.0,33893.0,33890.0,33893.0,11
TX,202602,2026-02-12 02:50:00,33895.0,33899.0,33865.0,33883.0,64
TX,202602,2026-02-12 02:51:00,33882.0,33884.0,33879.0,33883.0,22
TX,202602,2026-02-12 02:52:00,33879.0,33887.0,33879.0,33887.0,6
TX,202602,2026-02-12 02:53:00,33888.0,33896.0,33888.0,33896.0,11
TX,202602,2026-02-12 02:54:00,33896.0,33900.0,33884.0,33896.0,55
TX,202602,2026-02-12 02:55:00,33896.0,33902.0,33895.0,33902.0,19
TX,202602,2026-02-12 02:56:00,33902.0,33903.0,33895.0,33895.0,18
TX,202602,2026-02-12 02:57:00,33897.0,33898.0,33887.0,33887.0,13
TX,202602,2026-02-12 02:58:00,33882.0,33885.0,33876.0,33882.0,16
TX,202602,2026-02-12 02:59:00,33885.0,33885.0,33882.0,33885.0,11
TX,202602,2026-02-12 03:00:00,33883.0,33883.0,33877.0,33879.0,19
TX,202602,2026-02-12 03:01:00,33880.0,33882.0,33877.0,33878.0,9
TX,202602,2026-02-12 03:02:00,33876.0,33887.0,33875.0,33885.0,17
TX,202602,2026-02-12 03:03:00,33880.0,33880.0,33872.0,33874.0,28
TX,202602,2026-02-12 03:04:00,33874.0,33882.0,33871.0,33882.0,19
TX,202602,2026-02-12 03:05:00,33881.0,33881.0,33869.0,33869.0,16
TX,202602,2026-02-12 03:06:00,33866.0,33872.0,33866.0,33872.0,4
TX,202602,2026-02-12 03:07:00,33871.0,33871.0,33868.0,33871.0,6
TX,202602,2026-02-12 03:08:00,33876.0,33880.0,33874.0,33876.0,27
TX,202602,2026-02-12 03:09:00,33876.0,33895.0,33862.0,33885.0,147
TX,202602,2026-02-12 03:10:00,33882.0,33887.0,33881.0,33887.0,11
TX,202602,2026-02-12 03:11:00,33887.0,33889.0,33883.0,33883.0,7
TX,202602,2026-02-12 03:12:00,33889.0,33896.0,33889.0,33896.0,12
TX,202602,2026-02-12 03:13:00,33894.0,33910.0,33894.0,33910.0,99
TX,202602,2026-02-12 03:14:00,33910.0,33914.0,33906.0,33906.0,35
TX,202602,2026-02-12 03:15:00,33911.0,33915.0,33910.0,33914.0,24
TX,202602,2026-02-12 03:16:00,33914.0,33914.0,33909.0,33909.0,10
TX,202602,2026-02-12 03:17:00,33909.0,33911.0,33908.0,33911.0,16
TX,202602,2026-02-12 03:18:00,33910.0,33919.0,33910.0,33914.0,32
TX,202602,2026-02-12 03:19:00,33913.0,33917.0,33910.0,33915.0,36
TX,202602,2026-02-12 03:20:00,33916.0,33923.0,33915.0,33923.0,31
TX,202602,2026-02-12 03:21:00,33923.0,33930.0,33923.0,33927.0,38
TX,202602,2026-02-12 03:22:00,33925.0,33925.0,33920.0,33922.0,30
TX,202602,2026-02-12 03:23:00,33924.0,33933.0,33924.0,33933.0,21
TX,202602,2026-02-12 03:24:00,33933.0,33937.0,33933.0,33937.0,42
TX,202602,2026-02-12 03:25:00,33935.0,33940.0,33933.0,33940.0,25
TX,202602,2026-02-12 03:26:00,33940.0,33943.0,33935.0,33935.0,20
TX,202602,2026-02-12 03:27:00,33938.0,33938.0,33934.0,33934.0,14
TX,202602,2026-02-12 03:28:00,33935.0,33936.0,33930.0,33933.0,32
TX,202602,2026-02-12 03:29:00,33934.0,33937.0,33932.0,33935.0,9
TX,202602,2026-02-12 03:30:00,33933.0,33933.0,33919.0,33921.0,28
TX,202602,2026-02-12 03:31:00,33919.0,33930.0,33919.0,33927.0,8
TX,202602,2026-02-12 03:32:00,33924.0,33926.0,33924.0,33926.0,9
TX,202602,2026-02-12 03:33:00,33922.0,33925.0,33919.0,33921.0,26
TX,202602,2026-02-12 03:34:00,33925.0,33930.0,33925.0,33930.0,19
TX,202602,2026-02-12 03:35:00,33932.0,33934.0,33931.0,33934.0,18
TX,202602,2026-02-12 03:36:00,33935.0,33935.0,33926.0,33928.0,19
TX,202602,2026-02-12 03:37:00,33930.0,33930.0,33924.0,33928.0,27
TX,202602,2026-02-12 03:38:00,33924.0,33924.0,33924.0,33924.0,1
TX,202602,2026-02-12 03:39:00,33924.0,33926.0,33924.0,33926.0,10
TX,202602,2026-02-12 03:40:00,33924.0,33927.0,33924.0,33924.0,13
TX,202602,2026-02-12 03:41:00,33925.0,33925.0,33918.0,33921.0,47
TX,202602,2026-02-12 03:42:00,33923.0,33930.0,33921.0,33928.0,12
TX,202602,2026-02-12 03:43:00,33928.0,33932.0,33928.0,33932.0,7
TX,202602,2026-02-12 03:44:00,33930.0,33941.0,33926.0,33941.0,34
TX,202602,2026-02-12 03:45:00,33940.0,33941.0,33903.0,33904.0,74
TX,202602,2026-02-12 03:46:00,33902.0,33934.0,33891.0,33934.0,87
TX,202602,2026-02-12 03:47:00,33935.0,33942.0,33923.0,33930.0,49
TX,202602,2026-02-12 03:48:00,33930.0,33936.0,33928.0,33936.0,28
TX,202602,2026-02-12 03:49:00,33932.0,33932.0,33923.0,33928.0,10
TX,202602,2026-02-12 03:50:00,33924.0,33925.0,33918.0,33920.0,30
TX,202602,2026-02-12 03:51:00,33922.0,33922.0,33914.0,33915.0,6
TX,202602,2026-02-12 03:52:00,33924.0,33927.0,33922.0,33922.0,5
TX,202602,2026-02-12 03:53:00,33921.0,33922.0,33916.0,33916.0,18
TX,202602,2026-02-12 03:54:00,33917.0,33921.0,33915.0,33921.0,24
TX,202602,2026-02-12 03:55:00,33917.0,33917.0,33904.0,33906.0,51
TX,202602,2026-02-12 03:56:00,33907.0,33910.0,33906.0,33910.0,21
TX,202602,2026-02-12 03:57:00,33911.0,33915.0,33910.0,33915.0,12
TX,202602,2026-02-12 03:58:00,33918.0,33919.0,33900.0,33901.0,35
TX,202602,2026-02-12 03:59:00,33906.0,33908.0,33906.0,33908.0,2
TX,202602,2026-02-12 04:00:00,33903.0,33907.0,33883.0,33897.0,120
TX,202602,2026-02-12 04:01:00,33901.0,33913.0,33896.0,33906.0,46
TX,202602,2026-02-12 04:02:00,33910.0,33910.0,33903.0,33908.0,9
TX,202602,2026-02-12 04:03:00,33906.0,33909.0,33900.0,33906.0,30
TX,202602,2026-02-12 04:04:00,33906.0,33911.0,33904.0,33910.0,17
TX,202602,2026-02-12 04:05:00,33905.0,33912.0,33904.0,33911.0,22
TX,202602,2026-02-12 04:06:00,33912.0,33917.0,33903.0,33903.0,39
TX,202602,2026-02-12 04:07:00,33903.0,33903.0,33897.0,33899.0,19
TX,202602,2026-02-12 04:08:00,33900.0,33900.0,33896.0,33896.0,11
TX,202602,2026-02-12 04:09:00,33899.0,33902.0,33895.0,33902.0,5
TX,202602,2026-02-12 04:10:00,33902.0,33904.0,33898.0,33904.0,9
TX,202602,2026-02-12 04:11:00,33902.0,33904.0,33902.0,33903.0,8
TX,202602,2026-02-12 04:12:00,33905.0,33905.0,33901.0,33901.0,12
TX,202602,2026-02-12 04:13:00,33903.0,33910.0,33903.0,33910.0,12
TX,202602,2026-02-12 04:14:00,33908.0,33908.0,33902.0,33902.0,4
TX,202602,2026-02-12 04:15:00,33905.0,33910.0,33905.0,33910.0,9
TX,202602,2026-02-12 04:16:00,33909.0,33918.0,33909.0,33914.0,15
TX,202602,2026-02-12 04:17:00,33911.0,33912.0,33909.0,33912.0,11
TX,202602,2026-02-12 04:18:00,33912.0,33915.0,33905.0,33915.0,18
TX,202602,2026-02-12 04:19:00,33918.0,33921.0,33916.0,33916.0,31
TX,202602,2026-02-12 04:20:00,33916.0,33916.0,33907.0,33908.0,13
TX,202602,2026-02-12 04:21:00,33915.0,33921.0,33915.0,33920.0,14
TX,202602,2026-02-12 04:22:00,33911.0,33911.0,33908.0,33911.0,17
TX,202602,2026-02-12 04:23:00,33919.0,33922.0,33919.0,33922.0,9
TX,202602,2026-02-12 04:24:00,33923.0,33926.0,33921.0,33921.0,22
TX,202602,2026-02-12 04:25:00,33920.0,33926.0,33920.0,33924.0,21
TX,202602,2026-02-12 04:26:00,33923.0,33926.0,33921.0,33925.0,23
TX,202602,2026-02-12 04:27:00,33926.0,33930.0,33921.0,33928.0,15
TX,202602,2026-02-12 04:28:00,33924.0,33924.0,33924.0,33924.0,3
TX,202602,2026-02-12 04:29:00,33923.0,33924.0,33917.0,33917.0,34
TX,202602,2026-02-12 04:30:00,33916.0,33916.0,33908.0,33914.0,47
TX,202602,2026-02-12 04:31:00,33914.0,33915.0,33910.0,33914.0,18
TX,202602,2026-02-12 04:32:00,33917.0,33920.0,33912.0,33918.0,29
TX,202602,2026-02-12 04:33:00,33920.0,33921.0,33914.0,33918.0,22
TX,202602,2026-02-12 04:34:00,33919.0,33923.0,33918.0,33923.0,9
TX,202602,2026-02-12 04:35:00,33919.0,33919.0,33914.0,33919.0,22
TX,202602,2026-02-12 04:36:00,33923.0,33932.0,33919.0,33932.0,28
TX,202602,2026-02-12 04:37:00,33930.0,33940.0,33928.0,33936.0,75
TX,202602,2026-02-12 04:38:00,33938.0,33946.0,33938.0,33938.0,27
TX,202602,2026-02-12 04:39:00,33940.0,33948.0,33940.0,33948.0,9
TX,202602,2026-02-12 04:40:00,33948.0,33962.0,33944.0,33947.0,128
TX,202602,2026-02-12 04:41:00,33954.0,33959.0,33954.0,33955.0,16
TX,202602,2026-02-12 04:42:00,33955.0,33958.0,33950.0,33952.0,28
TX,202602,2026-02-12 04:43:00,33954.0,33962.0,33954.0,33962.0,31
TX,202602,2026-02-12 04:44:00,33961.0,33962.0,33955.0,33957.0,34
TX,202602,2026-02-12 04:45:00,33960.0,33960.0,33951.0,33951.0,24
TX,202602,2026-02-12 04:46:00,33950.0,33954.0,33945.0,33950.0,32
TX,202602,2026-02-12 04:47:00,33950.0,33955.0,33950.0,33955.0,11
TX,202602,2026-02-12 04:48:00,33954.0,33957.0,33948.0,33954.0,29
TX,202602,2026-02-12 04:49:00,33952.0,33953.0,33948.0,33949.0,17
TX,202602,2026-02-12 04:50:00,33947.0,33949.0,33937.0,33937.0,85
TX,202602,2026-02-12 04:51:00,33937.0,33942.0,33936.0,33940.0,40
TX,202602,2026-02-12 04:52:00,33940.0,33940.0,33935.0,33940.0,36
TX,202602,2026-02-12 04:53:00,33941.0,33944.0,33940.0,33942.0,17
TX,202602,2026-02-12 04:54:00,33941.0,33945.0,33941.0,33943.0,54
TX,202602,2026-02-12 04:55:00,33943.0,33948.0,33942.0,33944.0,26
TX,202602,2026-02-12 04:56:00,33947.0,33948.0,33931.0,33936.0,73
TX,202602,2026-02-12 04:57:00,33936.0,33956.0,33934.0,33956.0,43
TX,202602,2026-02-12 04:58:00,33956.0,33974.0,33956.0,33965.0,93
TX,202602,2026-02-12 04:59:00,33974.0,33980.0,33950.0,33969.0,162
TX,202602/202603,2026-02-11 15:00:00,148.0,148.0,148.0,148.0,20
TX,202602/202603,2026-02-11 15:02:00,147.0,147.0,147.0,147.0,20
TX,202602/202603,2026-02-11 15:04:00,147.0,147.0,147.0,147.0,4
TX,202602/202603,2026-02-11 15:14:00,154.0,154.0,154.0,154.0,10
TX,202602/202603,2026-02-11 15:16:00,149.0,149.0,149.0,149.0,8
TX,202602/202603,2026-02-11 16:00:00,155.0,155.0,155.0,155.0,2
TX,202602/202603,2026-02-11 16:14:00,155.0,155.0,155.0,155.0,4
TX,202602/202603,2026-02-11 16:23:00,149.0,149.0,149.0,149.0,8
TX,202602/202603,2026-02-11 17:48:00,144.0,144.0,144.0,144.0,6
TX,202602/202603,2026-02-11 17:52:00,144.0,144.0,144.0,144.0,2
TX,202602/202603,2026-02-11 19:58:00,143.0,143.0,143.0,143.0,2
TX,202602/202603,2026-02-11 20:16:00,142.0,142.0,141.0,141.0,32
TX,202602/202603,2026-02-11 20:50:00,141.0,141.0,141.0,141.0,6
TX,202602/202603,2026-02-11 21:31:00,143.0,143.0,143.0,143.0,2
TX,202602/202603,2026-02-11 21:40:00,143.0,143.0,143.0,143.0,2
TX,202602/202603,2026-02-11 22:23:00,138.0,138.0,138.0,138.0,2
TX,202602/202603,2026-02-11 22:37:00,140.0,140.0,140.0,140.0,2
TX,202602/202603,2026-02-11 23:10:00,154.0,154.0,154.0,154.0,2
TX,202602/202603,2026-02-11 23:12:00,160.0,160.0,160.0,160.0,10
TX,202602/202603,2026-02-11 23:13:00,160.0,160.0,160.0,160.0,6
TX,202602/202603,2026-02-11 23:27:00,175.0,175.0,175.0,175.0,10
TX,202602/202603,2026-02-11 23:51:00,172.0,172.0,172.0,172.0,4
TX,202602/202603,2026-02-12 00:13:00,155.0,155.0,155.0,155.0,2
TX,202602/202603,2026-02-12 00:20:00,143.0,143.0,143.0,143.0,10
TX,202602/202603,2026-02-12 00:57:00,163.0,173.0,163.0,173.0,28
TX,202602/202603,2026-02-12 01:14:00,166.0,166.0,166.0,166.0,2
TX,202602/202603,2026-02-12 01:22:00,156.0,156.0,155.0,155.0,8
TX,202602/202603,2026-02-12 01:57:00,139.0,139.0,139.0,139.0,2
TX,202602/202603,2026-02-12 04:55:00,146.0,146.0,146.0,146.0,2
TX,202602/202603,2026-02-12 04:58:00,125.0,125.0,125.0,125.0,4
TX,202602/202604,2026-02-12 04:27:00,228.0,228.0,228.0,228.0,2
TX,202603,2026-02-11 15:00:00,33763.0,33847.0,33748.0,33805.0,68
TX,202603,2026-02-11 15:01:00,33801.0,33818.0,33794.0,33818.0,9
TX,202603,2026-02-11 15:02:00,33800.0,33816.0,33798.0,33810.0,12
TX,202603,2026-02-11 15:03:00,33814.0,33816.0,33794.0,33794.0,4
TX,202603,2026-02-11 15:05:00,33808.0,33809.0,33805.0,33805.0,6
TX,202603,2026-02-11 15:06:00,33813.0,33821.0,33813.0,33819.0,12
TX,202603,2026-02-11 15:07:00,33808.0,33808.0,33794.0,33807.0,30
TX,202603,2026-02-11 15:08:00,33802.0,33802.0,33794.0,33798.0,23
TX,202603,2026-02-11 15:09:00,33798.0,33798.0,33798.0,33798.0,2
TX,202603,2026-02-11 15:10:00,33795.0,33795.0,33784.0,33794.0,28
TX,202603,2026-02-11 15:11:00,33790.0,33790.0,33790.0,33790.0,1
TX,202603,2026-02-11 15:12:00,33790.0,33790.0,33785.0,33789.0,13
TX,202603,2026-02-11 15:13:00,33787.0,33790.0,33777.0,33777.0,26
TX,202603,2026-02-11 15:14:00,33777.0,33777.0,33768.0,33773.0,18
TX,202603,2026-02-11 15:15:00,33772.0,33780.0,33772.0,33775.0,5
TX,202603,2026-02-11 15:16:00,33777.0,33780.0,33774.0,33780.0,5
TX,202603,2026-02-11 15:17:00,33786.0,33800.0,33786.0,33800.0,4
TX,202603,2026-02-11 15:18:00,33802.0,33805.0,33800.0,33805.0,4
TX,202603,2026-02-11 15:19:00,33813.0,33816.0,33812.0,33812.0,7
TX,202603,2026-02-11 15:20:00,33816.0,33816.0,33805.0,33805.0,5
TX,202603,2026-02-11 15:21:00,33816.0,33837.0,33816.0,33835.0,24
TX,202603,2026-02-11 15:22:00,33836.0,33838.0,33830.0,33830.0,8
TX,202603,2026-02-11 15:23:00,33832.0,33832.0,33830.0,33830.0,11
TX,202603,2026-02-11 15:24:00,33834.0,33838.0,33834.0,33838.0,5
TX,202603,2026-02-11 15:25:00,33839.0,33839.0,33839.0,33839.0,1
TX,202603,2026-02-11 15:26:00,33834.0,33847.0,33834.0,33847.0,8
TX,202603,2026-02-11 15:27:00,33845.0,33845.0,33843.0,33843.0,9
TX,202603,2026-02-11 15:28:00,33840.0,33840.0,33835.0,33835.0,11
TX,202603,2026-02-11 15:29:00,33830.0,33831.0,33825.0,33831.0,6
TX,202603,2026-02-11 15:30:00,33825.0,33829.0,33825.0,33826.0,14
TX,202603,2026-02-11 15:31:00,33821.0,33821.0,33821.0,33821.0,2
TX,202603,2026-02-11 15:32:00,33821.0,33821.0,33818.0,33818.0,3
TX,202603,2026-02-11 15:33:00,33816.0,33818.0,33815.0,33815.0,3
TX,202603,2026-02-11 15:34:00,33828.0,33830.0,33828.0,33830.0,12
TX,202603,2026-02-11 15:35:00,33830.0,33830.0,33830.0,33830.0,1
TX,202603,2026-02-11 15:36:00,33826.0,33826.0,33826.0,33826.0,1
TX,202603,2026-02-11 15:37:00,33818.0,33818.0,33818.0,33818.0,1
TX,202603,2026-02-11 15:39:00,33818.0,33818.0,33817.0,33817.0,4
TX,202603,2026-02-11 15:40:00,33815.0,33815.0,33810.0,33811.0,9
TX,202603,2026-02-11 15:45:00,33816.0,33823.0,33816.0,33822.0,3
TX,202603,2026-02-11 15:46:00,33827.0,33827.0,33825.0,33825.0,3
TX,202603,2026-02-11 15:47:00,33834.0,33837.0,33833.0,33835.0,4
TX,202603,2026-02-11 15:48:00,33831.0,33831.0,33827.0,33827.0,2
TX,202603,2026-02-11 15:49:00,33823.0,33823.0,33823.0,33823.0,1
TX,202603,2026-02-11 15:50:00,33815.0,33815.0,33814.0,33814.0,2
TX,202603,2026-02-11 15:51:00,33815.0,33815.0,33815.0,33815.0,1
TX,202603,2026-02-11 15:52:00,33812.0,33812.0,33811.0,33811.0,7
TX,202603,2026-02-11 15:53:00,33810.0,33813.0,33810.0,33813.0,2
TX,202603,2026-02-11 15:54:00,33818.0,33818.0,33818.0,33818.0,3
TX,202603,2026-02-11 15:55:00,33805.0,33805.0,33805.0,33805.0,1
TX,202603,2026-02-11 15:56:00,33802.0,33804.0,33801.0,33801.0,6
TX,202603,2026-02-11 15:57:00,33813.0,33813.0,33813.0,33813.0,1
TX,202603,2026-02-11 16:00:00,33815.0,33830.0,33815.0,33830.0,11
TX,202603,2026-02-11 16:01:00,33823.0,33823.0,33811.0,33811.0,3
TX,202603,2026-02-11 16:02:00,33822.0,33822.0,33822.0,33822.0,1
TX,202603,2026-02-11 16:04:00,33827.0,33843.0,33827.0,33843.0,10
TX,202603,2026-02-11 16:05:00,33835.0,33838.0,33834.0,33838.0,3
TX,202603,2026-02-11 16:06:00,33833.0,33833.0,33829.0,33831.0,5
TX,202603,2026-02-11 16:07:00,33822.0,33822.0,33822.0,33822.0,1
TX,202603,2026-02-11 16:08:00,33818.0,33819.0,33818.0,33819.0,3
TX,202603,2026-02-11 16:09:00,33820.0,33820.0,33805.0,33810.0,36
TX,202603,2026-02-11 16:10:00,33806.0,33806.0,33803.0,33805.0,6
TX,202603,2026-02-11 16:11:00,33821.0,33821.0,33821.0,33821.0,1
TX,202603,2026-02-11 16:12:00,33820.0,33820.0,33820.0,33820.0,1
TX,202603,2026-02-11 16:13:00,33811.0,33811.0,33809.0,33809.0,3
TX,202603,2026-02-11 16:14:00,33805.0,33805.0,33800.0,33800.0,9
TX,202603,2026-02-11 16:15:00,33801.0,33804.0,33801.0,33804.0,2
TX,202603,2026-02-11 16:17:00,33813.0,33813.0,33811.0,33811.0,2
TX,202603,2026-02-11 16:19:00,33804.0,33804.0,33786.0,33786.0,10
TX,202603,2026-02-11 16:21:00,33801.0,33801.0,33801.0,33801.0,1
TX,202603,2026-02-11 16:23:00,33802.0,33808.0,33800.0,33808.0,12
TX,202603,2026-02-11 16:24:00,33812.0,33817.0,33812.0,33817.0,6
TX,202603,2026-02-11 16:25:00,33816.0,33820.0,33816.0,33820.0,2
TX,202603,2026-02-11 16:26:00,33828.0,33828.0,33828.0,33828.0,3
TX,202603,2026-02-11 16:27:00,33829.0,33829.0,33829.0,33829.0,1
TX,202603,2026-02-11 16:28:00,33818.0,33818.0,33804.0,33804.0,8
TX,202603,2026-02-11 16:29:00,33805.0,33805.0,33805.0,33805.0,2
TX,202603,2026-02-11 16:30:00,33806.0,33806.0,33806.0,33806.0,2
TX,202603,2026-02-11 16:32:00,33818.0,33821.0,33818.0,33821.0,4
TX,202603,2026-02-11 16:33:00,33821.0,33821.0,33820.0,33821.0,4
TX,202603,2026-02-11 16:34:00,33822.0,33822.0,33822.0,33822.0,1
TX,202603,2026-02-11 16:35:00,33831.0,33835.0,33831.0,33835.0,4
TX,202603,2026-02-11 16:37:00,33833.0,33833.0,33833.0,33833.0,1
TX,202603,2026-02-11 16:38:00,33835.0,33835.0,33828.0,33828.0,2
TX,202603,2026-02-11 16:39:00,33832.0,33832.0,33832.0,33832.0,1
TX,202603,2026-02-11 16:41:00,33830.0,33831.0,33827.0,33831.0,8
TX,202603,2026-02-11 16:42:00,33832.0,33832.0,33830.0,33830.0,2
TX,202603,2026-02-11 16:44:00,33840.0,33842.0,33840.0,33842.0,2
TX,202603,2026-02-11 16:45:00,33842.0,33842.0,33842.0,33842.0,1
TX,202603,2026-02-11 16:46:00,33840.0,33842.0,33840.0,33842.0,2
TX,202603,2026-02-11 16:47:00,33838.0,33838.0,33835.0,33835.0,3
TX,202603,2026-02-11 16:48:00,33832.0,33832.0,33830.0,33830.0,3
TX,202603,2026-02-11 16:49:00,33827.0,33827.0,33826.0,33826.0,9
TX,202603,2026-02-11 16:50:00,33821.0,33822.0,33821.0,33822.0,4
TX,202603,2026-02-11 16:52:00,33818.0,33818.0,33818.0,33818.0,1
TX,202603,2026-02-11 16:54:00,33826.0,33830.0,33826.0,33830.0,3
TX,202603,2026-02-11 16:56:00,33832.0,33832.0,33832.0,33832.0,1
TX,202603,2026-02-11 16:57:00,33830.0,33830.0,33830.0,33830.0,1
TX,202603,2026-02-11 16:59:00,33824.0,33824.0,33824.0,33824.0,1
TX,202603,2026-02-11 17:00:00,33829.0,33832.0,33821.0,33822.0,7
TX,202603,2026-02-11 17:01:00,33818.0,33818.0,33818.0,33818.0,1
TX,202603,2026-02-11 17:02:00,33826.0,33833.0,33826.0,33833.0,3
TX,202603,2026-02-11 17:03:00,33835.0,33835.0,33835.0,33835.0,1
TX,202603,2026-02-11 17:04:00,33840.0,33840.0,33840.0,33840.0,1
TX,202603,2026-02-11 17:05:00,33836.0,33847.0,33836.0,33847.0,11
TX,202603,2026-02-11 17:06:00,33843.0,33845.0,33842.0,33845.0,10
TX,202603,2026-02-11 17:07:00,33846.0,33846.0,33836.0,33836.0,5
TX,202603,2026-02-11 17:09:00,33835.0,33835.0,33828.0,33828.0,4
TX,202603,2026-02-11 17:11:00,33829.0,33830.0,33829.0,33830.0,2
TX,202603,2026-02-11 17:12:00,33830.0,33830.0,33828.0,33828.0,3
TX,202603,2026-02-11 17:13:00,33824.0,33828.0,33824.0,33826.0,6
TX,202603,2026-02-11 17:15:00,33831.0,33831.0,33829.0,33829.0,4
TX,202603,2026-02-11 17:16:00,33825.0,33825.0,33825.0,33825.0,1
TX,202603,2026-02-11 17:17:00,33822.0,33822.0,33814.0,33817.0,6
TX,202603,2026-02-11 17:18:00,33818.0,33821.0,33813.0,33821.0,7
TX,202603,2026-02-11 17:19:00,33815.0,33815.0,33815.0,33815.0,1
TX,202603,2026-02-11 17:20:00,33819.0,33819.0,33811.0,33811.0,3
TX,202603,2026-02-11 17:21:00,33811.0,33811.0,33806.0,33811.0,8
TX,202603,2026-02-11 17:22:00,33812.0,33815.0,33812.0,33815.0,2
TX,202603,2026-02-11 17:23:00,33813.0,33813.0,33813.0,33813.0,1
TX,202603,2026-02-11 17:24:00,33811.0,33812.0,33811.0,33812.0,2
TX,202603,2026-02-11 17:25:00,33821.0,33821.0,33817.0,33817.0,2
TX,202603,2026-02-11 17:27:00,33831.0,33831.0,33831.0,33831.0,1
TX,202603,2026-02-11 17:28:00,33832.0,33832.0,33827.0,33827.0,2
TX,202603,2026-02-11 17:30:00,33825.0,33825.0,33821.0,33821.0,2
TX,202603,2026-02-11 17:32:00,33812.0,33812.0,33809.0,33811.0,4
TX,202603,2026-02-11 17:33:00,33807.0,33807.0,33800.0,33800.0,6
TX,202603,2026-02-11 17:34:00,33799.0,33799.0,33798.0,33798.0,6
TX,202603,2026-02-11 17:35:00,33801.0,33801.0,33799.0,33799.0,2
TX,202603,2026-02-11 17:36:00,33806.0,33806.0,33805.0,33805.0,3
TX,202603,2026-02-11 17:37:00,33798.0,33802.0,33797.0,33802.0,4
TX,202603,2026-02-11 17:38:00,33793.0,33793.0,33784.0,33784.0,6
TX,202603,2026-02-11 17:39:00,33784.0,33786.0,33784.0,33784.0,3
TX,202603,2026-02-11 17:40:00,33784.0,33789.0,33777.0,33782.0,20
TX,202603,2026-02-11 17:41:00,33782.0,33782.0,33781.0,33782.0,4
TX,202603,2026-02-11 17:42:00,33782.0,33787.0,33779.0,33782.0,7
TX,202603,2026-02-11 17:43:00,33782.0,33784.0,33781.0,33784.0,3
TX,202603,2026-02-11 17:44:00,33784.0,33790.0,33783.0,33790.0,6
TX,202603,2026-02-11 17:45:00,33790.0,33793.0,33790.0,33791.0,5
TX,202603,2026-02-11 17:46:00,33790.0,33800.0,33790.0,33800.0,4
TX,202603,2026-02-11 17:47:00,33793.0,33795.0,33793.0,33795.0,2
TX,202603,2026-02-11 17:48:00,33793.0,33796.0,33793.0,33796.0,2
TX,202603,2026-02-11 17:49:00,33800.0,33800.0,33788.0,33788.0,6
TX,202603,2026-02-11 17:50:00,33790.0,33790.0,33786.0,33786.0,2
TX,202603,2026-02-11 17:51:00,33785.0,33791.0,33785.0,33791.0,3
TX,202603,2026-02-11 17:52:00,33787.0,33789.0,33783.0,33785.0,11
TX,202603,2026-02-11 17:53:00,33792.0,33792.0,33792.0,33792.0,1
TX,202603,2026-02-11 17:54:00,33793.0,33797.0,33793.0,33797.0,2
TX,202603,2026-02-11 17:55:00,33795.0,33801.0,33795.0,33801.0,2
TX,202603,2026-02-11 17:56:00,33798.0,33800.0,33796.0,33796.0,5
TX,202603,2026-02-11 17:57:00,33803.0,33803.0,33795.0,33796.0,5
TX,202603,2026-02-11 17:58:00,33796.0,33796.0,33796.0,33796.0,2
TX,202603,2026-02-11 17:59:00,33799.0,33799.0,33794.0,33796.0,5
TX,202603,2026-02-11 18:00:00,33791.0,33792.0,33781.0,33784.0,13
TX,202603,2026-02-11 18:01:00,33780.0,33780.0,33765.0,33774.0,9
TX,202603,2026-02-11 18:02:00,33772.0,33774.0,33765.0,33765.0,7
TX,202603,2026-02-11 18:03:00,33768.0,33777.0,33768.0,33777.0,3
TX,202603,2026-02-11 18:04:00,33776.0,33776.0,33765.0,33768.0,6
TX,202603,2026-02-11 18:05:00,33768.0,33775.0,33766.0,33775.0,6
TX,202603,2026-02-11 18:06:00,33776.0,33777.0,33768.0,33772.0,19
TX,202603,2026-02-11 18:07:00,33773.0,33774.0,33773.0,33774.0,3
TX,202603,2026-02-11 18:08:00,33773.0,33773.0,33768.0,33768.0,3
TX,202603,2026-02-11 18:09:00,33766.0,33766.0,33761.0,33761.0,10
TX,202603,2026-02-11 18:10:00,33770.0,33786.0,33770.0,33786.0,3
TX,202603,2026-02-11 18:11:00,33790.0,33790.0,33790.0,33790.0,1
TX,202603,2026-02-11 18:12:00,33796.0,33798.0,33796.0,33798.0,9
TX,202603,2026-02-11 18:13:00,33783.0,33783.0,33777.0,33777.0,4
TX,202603,2026-02-11 18:14:00,33777.0,33782.0,33777.0,33782.0,3
TX,202603,2026-02-11 18:15:00,33778.0,33784.0,33778.0,33783.0,6
TX,202603,2026-02-11 18:17:00,33782.0,33784.0,33782.0,33784.0,2
TX,202603,2026-02-11 18:18:00,33786.0,33786.0,33786.0,33786.0,1
TX,202603,2026-02-11 18:19:00,33784.0,33784.0,33784.0,33784.0,1
TX,202603,2026-02-11 18:20:00,33787.0,33789.0,33787.0,33789.0,2
TX,202603,2026-02-11 18:21:00,33798.0,33799.0,33798.0,33799.0,2
TX,202603,2026-02-11 18:24:00,33801.0,33801.0,33799.0,33799.0,4
TX,202603,2026-02-11 18:25:00,33788.0,33792.0,33788.0,33792.0,2
TX,202603,2026-02-11 18:28:00,33810.0,33811.0,33804.0,33804.0,6
TX,202603,2026-02-11 18:29:00,33797.0,33803.0,33794.0,33803.0,6
TX,202603,2026-02-11 18:30:00,33800.0,33800.0,33800.0,33800.0,1
TX,202603,2026-02-11 18:32:00,33796.0,33796.0,33796.0,33796.0,1
TX,202603,2026-02-11 18:33:00,33804.0,33804.0,33788.0,33788.0,8
TX,202603,2026-02-11 18:38:00,33795.0,33800.0,33795.0,33800.0,2
TX,202603,2026-02-11 18:43:00,33801.0,33805.0,33801.0,33805.0,3
TX,202603,2026-02-11 18:44:00,33811.0,33811.0,33811.0,33811.0,1
TX,202603,2026-02-11 18:45:00,33799.0,33799.0,33799.0,33799.0,1
TX,202603,2026-02-11 18:47:00,33794.0,33794.0,33794.0,33794.0,1
TX,202603,2026-02-11 18:48:00,33790.0,33790.0,33790.0,33790.0,1
TX,202603,2026-02-11 18:50:00,33788.0,33788.0,33788.0,33788.0,3
TX,202603,2026-02-11 18:51:00,33796.0,33796.0,33796.0,33796.0,1
TX,202603,2026-02-11 18:52:00,33788.0,33788.0,33782.0,33782.0,4
TX,202603,2026-02-11 18:53:00,33792.0,33792.0,33792.0,33792.0,1
TX,202603,2026-02-11 18:54:00,33786.0,33786.0,33786.0,33786.0,1
TX,202603,2026-02-11 18:55:00,33798.0,33803.0,33798.0,33803.0,3
TX,202603,2026-02-11 18:59:00,33810.0,33810.0,33810.0,33810.0,9
TX,202603,2026-02-11 19:00:00,33814.0,33823.0,33814.0,33823.0,4
TX,202603,2026-02-11 19:01:00,33825.0,33825.0,33825.0,33825.0,1
TX,202603,2026-02-11 19:03:00,33817.0,33817.0,33817.0,33817.0,1
TX,202603,2026-02-11 19:07:00,33826.0,33836.0,33826.0,33836.0,8
TX,202603,2026-02-11 19:08:00,33839.0,33839.0,33834.0,33834.0,4
TX,202603,2026-02-11 19:09:00,33829.0,33829.0,33829.0,33829.0,1
TX,202603,2026-02-11 19:10:00,33828.0,33835.0,33828.0,33835.0,2
TX,202603,2026-02-11 19:12:00,33826.0,33826.0,33826.0,33826.0,1
TX,202603,2026-02-11 19:13:00,33815.0,33815.0,33815.0,33815.0,1
TX,202603,2026-02-11 19:15:00,33818.0,33821.0,33818.0,33821.0,6
TX,202603,2026-02-11 19:16:00,33821.0,33822.0,33821.0,33822.0,5
TX,202603,2026-02-11 19:19:00,33828.0,33828.0,33828.0,33828.0,1
TX,202603,2026-02-11 19:22:00,33833.0,33833.0,33833.0,33833.0,1
TX,202603,2026-02-11 19:24:00,33829.0,33829.0,33829.0,33829.0,1
TX,202603,2026-02-11 19:27:00,33821.0,33823.0,33821.0,33823.0,3
TX,202603,2026-02-11 19:28:00,33825.0,33825.0,33825.0,33825.0,1
TX,202603,2026-02-11 19:31:00,33833.0,33833.0,33833.0,33833.0,1
TX,202603,2026-02-11 19:34:00,33833.0,33833.0,33833.0,33833.0,1
TX,202603,2026-02-11 19:36:00,33829.0,33829.0,33829.0,33829.0,1
TX,202603,2026-02-11 19:37:00,33827.0,33827.0,33827.0,33827.0,1
TX,202603,2026-02-11 19:38:00,33830.0,33830.0,33830.0,33830.0,1
TX,202603,2026-02-11 19:39:00,33825.0,33825.0,33825.0,33825.0,1
TX,202603,2026-02-11 19:40:00,33821.0,33821.0,33817.0,33817.0,3
TX,202603,2026-02-11 19:41:00,33814.0,33814.0,33811.0,33811.0,3
TX,202603,2026-02-11 19:42:00,33816.0,33816.0,33816.0,33816.0,1
TX,202603,2026-02-11 19:43:00,33813.0,33813.0,33798.0,33798.0,9
TX,202603,2026-02-11 19:44:00,33805.0,33805.0,33805.0,33805.0,2
TX,202603,2026-02-11 19:45:00,33812.0,33812.0,33804.0,33804.0,2
TX,202603,2026-02-11 19:46:00,33809.0,33809.0,33809.0,33809.0,1
TX,202603,2026-02-11 19:47:00,33819.0,33825.0,33812.0,33812.0,6
TX,202603,2026-02-11 19:48:00,33817.0,33817.0,33817.0,33817.0,2
TX,202603,2026-02-11 19:49:00,33815.0,33815.0,33814.0,33814.0,3
TX,202603,2026-02-11 19:50:00,33815.0,33820.0,33814.0,33820.0,3
TX,202603,2026-02-11 19:51:00,33815.0,33818.0,33815.0,33818.0,2
TX,202603,2026-02-11 19:52:00,33817.0,33817.0,33816.0,33816.0,2
TX,202603,2026-02-11 19:53:00,33814.0,33814.0,33814.0,33814.0,1
TX,202603,2026-02-11 19:55:00,33811.0,33811.0,33811.0,33811.0,1
TX,202603,2026-02-11 19:56:00,33805.0,33805.0,33805.0,33805.0,1
TX,202603,2026-02-11 19:57:00,33801.0,33801.0,33800.0,33800.0,2
TX,202603,2026-02-11 19:58:00,33800.0,33800.0,33800.0,33800.0,1
TX,202603,2026-02-11 19:59:00,33798.0,33798.0,33798.0,33798.0,2
TX,202603,2026-02-11 20:00:00,33807.0,33807.0,33807.0,33807.0,1
TX,202603,2026-02-11 20:01:00,33802.0,33816.0,33802.0,33816.0,2
TX,202603,2026-02-11 20:03:00,33811.0,33811.0,33811.0,33811.0,1
TX,202603,2026-02-11 20:05:00,33821.0,33821.0,33821.0,33821.0,1
TX,202603,2026-02-11 20:06:00,33818.0,33818.0,33818.0,33818.0,1
TX,202603,2026-02-11 20:08:00,33830.0,33831.0,33830.0,33831.0,4
TX,202603,2026-02-11 20:11:00,33830.0,33830.0,33827.0,33827.0,4
TX,202603,2026-02-11 20:12:00,33827.0,33827.0,33827.0,33827.0,3
TX,202603,2026-02-11 20:13:00,33830.0,33835.0,33830.0,33835.0,7
TX,202603,2026-02-11 20:15:00,33830.0,33830.0,33830.0,33830.0,1
TX,202603,2026-02-11 20:16:00,33826.0,33826.0,33826.0,33826.0,1
TX,202603,2026-02-11 20:19:00,33824.0,33824.0,33824.0,33824.0,1
TX,202603,2026-02-11 20:22:00,33830.0,33830.0,33830.0,33830.0,1
TX,202603,2026-02-11 20:23:00,33832.0,33832.0,33832.0,33832.0,1
TX,202603,2026-02-11 20:24:00,33831.0,33831.0,33831.0,33831.0,1
TX,202603,2026-02-11 20:26:00,33824.0,33824.0,33824.0,33824.0,1
TX,202603,2026-02-11 20:28:00,33814.0,33814.0,33814.0,33814.0,1
TX,202603,2026-02-11 20:32:00,33816.0,33816.0,33814.0,33814.0,3
TX,202603,2026-02-11 20:35:00,33825.0,33825.0,33817.0,33817.0,2
TX,202603,2026-02-11 20:36:00,33813.0,33813.0,33813.0,33813.0,1
TX,202603,2026-02-11 20:40:00,33825.0,33825.0,33818.0,33818.0,2
TX,202603,2026-02-11 20:42:00,33814.0,33814.0,33813.0,33813.0,2
TX,202603,2026-02-11 20:45:00,33816.0,33816.0,33816.0,33816.0,1
TX,202603,2026-02-11 20:47:00,33814.0,33814.0,33814.0,33814.0,1
TX,202603,2026-02-11 20:52:00,33811.0,33811.0,33808.0,33808.0,9
TX,202603,2026-02-11 20:59:00,33817.0,33817.0,33817.0,33817.0,1
TX,202603,2026-02-11 21:02:00,33829.0,33829.0,33829.0,33829.0,1
TX,202603,2026-02-11 21:05:00,33830.0,33830.0,33830.0,33830.0,1
TX,202603,2026-02-11 21:07:00,33828.0,33828.0,33828.0,33828.0,2
TX,202603,2026-02-11 21:13:00,33827.0,33827.0,33824.0,33824.0,5
TX,202603,2026-02-11 21:14:00,33827.0,33827.0,33827.0,33827.0,28
TX,202603,2026-02-11 21:16:00,33827.0,33827.0,33824.0,33824.0,6
TX,202603,2026-02-11 21:17:00,33820.0,33820.0,33820.0,33820.0,2
TX,202603,2026-02-11 21:18:00,33815.0,33821.0,33815.0,33821.0,4
TX,202603,2026-02-11 21:19:00,33825.0,33826.0,33825.0,33826.0,3
TX,202603,2026-02-11 21:21:00,33830.0,33830.0,33828.0,33828.0,6
TX,202603,2026-02-11 21:22:00,33824.0,33824.0,33824.0,33824.0,1
TX,202603,2026-02-11 21:30:00,33832.0,33850.0,33808.0,33808.0,31
TX,202603,2026-02-11 21:31:00,33813.0,33842.0,33806.0,33842.0,11
TX,202603,2026-02-11 21:32:00,33845.0,33866.0,33845.0,33866.0,21
TX,202603,2026-02-11 21:33:00,33870.0,33900.0,33870.0,33895.0,87
TX,202603,2026-02-11 21:34:00,33900.0,33917.0,33900.0,33909.0,31
TX,202603,2026-02-11 21:35:00,33904.0,33904.0,33887.0,33891.0,22
TX,202603,2026-02-11 21:36:00,33891.0,33907.0,33891.0,33907.0,9
TX,202603,2026-02-11 21:37:00,33910.0,33923.0,33899.0,33899.0,18
TX,202603,2026-02-11 21:38:00,33900.0,33906.0,33900.0,33906.0,2
TX,202603,2026-02-11 21:39:00,33904.0,33905.0,33894.0,33905.0,8
TX,202603,2026-02-11 21:40:00,33894.0,33900.0,33893.0,33900.0,6
TX,202603,2026-02-11 21:41:00,33893.0,33897.0,33882.0,33897.0,18
TX,202603,2026-02-11 21:42:00,33900.0,33900.0,33884.0,33884.0,3
TX,202603,2026-02-11 21:43:00,33880.0,33885.0,33877.0,33885.0,17
TX,202603,2026-02-11 21:45:00,33902.0,33911.0,33902.0,33911.0,3
TX,202603,2026-02-11 21:46:00,33911.0,33947.0,33911.0,33936.0,29
TX,202603,2026-02-11 21:47:00,33940.0,33945.0,33940.0,33945.0,6
TX,202603,2026-02-11 21:48:00,33940.0,33950.0,33940.0,33950.0,17
TX,202603,2026-02-11 21:49:00,33950.0,33960.0,33950.0,33955.0,23
TX,202603,2026-02-11 21:50:00,33950.0,33956.0,33947.0,33950.0,11
TX,202603,2026-02-11 21:51:00,33940.0,33940.0,33931.0,33931.0,7
TX,202603,2026-02-11 21:52:00,33931.0,33935.0,33927.0,33933.0,8
TX,202603,2026-02-11 21:53:00,33950.0,33960.0,33950.0,33960.0,20
TX,202603,2026-02-11 21:54:00,33963.0,34000.0,33963.0,33981.0,45
TX,202603,2026-02-11 21:55:00,33980.0,33993.0,33980.0,33993.0,6
TX,202603,2026-02-11 21:56:00,34007.0,34010.0,33995.0,33999.0,29
TX,202603,2026-02-11 21:57:00,33999.0,33999.0,33985.0,33986.0,9
TX,202603,2026-02-11 21:58:00,33987.0,33990.0,33987.0,33990.0,2
TX,202603,2026-02-11 21:59:00,33990.0,33996.0,33990.0,33993.0,9
TX,202603,2026-02-11 22:00:00,33990.0,33990.0,33971.0,33975.0,29
TX,202603,2026-02-11 22:01:00,33985.0,33989.0,33981.0,33981.0,3
TX,202603,2026-02-11 22:02:00,33988.0,33988.0,33986.0,33986.0,3
TX,202603,2026-02-11 22:03:00,33986.0,33986.0,33973.0,33973.0,10
TX,202603,2026-02-11 22:04:00,33974.0,33983.0,33974.0,33983.0,2
TX,202603,2026-02-11 22:05:00,33990.0,33990.0,33975.0,33978.0,7
TX,202603,2026-02-11 22:07:00,33984.0,33984.0,33984.0,33984.0,3
TX,202603,2026-02-11 22:08:00,33981.0,33981.0,33980.0,33980.0,3
TX,202603,2026-02-11 22:09:00,33980.0,33980.0,33974.0,33974.0,4
TX,202603,2026-02-11 22:10:00,33976.0,33978.0,33965.0,33965.0,13
TX,202603,2026-02-11 22:11:00,33963.0,33965.0,33948.0,33960.0,21
TX,202603,2026-02-11 22:12:00,33960.0,33965.0,33952.0,33952.0,10
TX,202603,2026-02-11 22:13:00,33958.0,33982.0,33958.0,33982.0,4
TX,202603,2026-02-11 22:14:00,33971.0,33977.0,33971.0,33977.0,2
TX,202603,2026-02-11 22:15:00,33977.0,33979.0,33977.0,33979.0,4
TX,202603,2026-02-11 22:16:00,33976.0,33989.0,33976.0,33989.0,22
TX,202603,2026-02-11 22:17:00,33980.0,33983.0,33963.0,33963.0,11
TX,202603,2026-02-11 22:18:00,33977.0,33983.0,33977.0,33982.0,6
TX,202603,2026-02-11 22:19:00,33984.0,33984.0,33977.0,33977.0,2
TX,202603,2026-02-11 22:20:00,33976.0,33982.0,33976.0,33982.0,2
TX,202603,2026-02-11 22:21:00,33981.0,33981.0,33975.0,33975.0,4
TX,202603,2026-02-11 22:22:00,33971.0,33971.0,33971.0,33971.0,1
TX,202603,2026-02-11 22:23:00,33968.0,33968.0,33966.0,33966.0,4
TX,202603,2026-02-11 22:24:00,33976.0,33976.0,33976.0,33976.0,1
TX,202603,2026-02-11 22:25:00,33979.0,33985.0,33977.0,33985.0,10
TX,202603,2026-02-11 22:26:00,33989.0,33993.0,33982.0,33982.0,11
TX,202603,2026-02-11 22:27:00,33986.0,33987.0,33985.0,33987.0,4
TX,202603,2026-02-11 22:28:00,33987.0,33997.0,33987.0,33992.0,16
TX,202603,2026-02-11 22:29:00,33995.0,34000.0,33995.0,34000.0,7
TX,202603,2026-02-11 22:30:00,33999.0,34050.0,33999.0,34050.0,34
TX,202603,2026-02-11 22:31:00,34050.0,34056.0,34013.0,34045.0,24
TX,202603,2026-02-11 22:32:00,34043.0,34056.0,34020.0,34033.0,34
TX,202603,2026-02-11 22:33:00,34031.0,34031.0,33991.0,34011.0,40
TX,202603,2026-02-11 22:34:00,34008.0,34011.0,33969.0,33986.0,34
TX,202603,2026-02-11 22:35:00,33989.0,34037.0,33989.0,34037.0,35
TX,202603,2026-02-11 22:36:00,34040.0,34066.0,34025.0,34025.0,26
TX,202603,2026-02-11 22:37:00,34020.0,34056.0,34008.0,34050.0,18
TX,202603,2026-02-11 22:38:00,34036.0,34036.0,34012.0,34012.0,21
TX,202603,2026-02-11 22:39:00,34008.0,34022.0,34008.0,34010.0,8
TX,202603,2026-02-11 22:40:00,34032.0,34032.0,34020.0,34021.0,13
TX,202603,2026-02-11 22:41:00,34040.0,34050.0,34040.0,34047.0,7
TX,202603,2026-02-11 22:42:00,34045.0,34056.0,34044.0,34050.0,19
TX,202603,2026-02-11 22:43:00,34050.0,34070.0,34050.0,34054.0,24
TX,202603,2026-02-11 22:44:00,34064.0,34074.0,34056.0,34074.0,18
TX,202603,2026-02-11 22:45:00,34071.0,34097.0,34065.0,34097.0,44
TX,202603,2026-02-11 22:46:00,34096.0,34104.0,34078.0,34082.0,44
TX,202603,2026-02-11 22:47:00,34089.0,34092.0,34085.0,34086.0,19
TX,202603,2026-02-11 22:48:00,34091.0,34123.0,34091.0,34123.0,20
TX,202603,2026-02-11 22:49:00,34122.0,34122.0,34109.0,34114.0,15
TX,202603,2026-02-11 22:50:00,34123.0,34125.0,34098.0,34100.0,25
TX,202603,2026-02-11 22:51:00,34100.0,34128.0,34100.0,34116.0,14
TX,202603,2026-02-11 22:52:00,34115.0,34115.0,34090.0,34101.0,10
TX,202603,2026-02-11 22:53:00,34099.0,34101.0,34082.0,34101.0,9
TX,202603,2026-02-11 22:54:00,34100.0,34120.0,34100.0,34120.0,15
TX,202603,2026-02-11 22:55:00,34126.0,34132.0,34110.0,34110.0,9
TX,202603,2026-02-11 22:56:00,34112.0,34115.0,34100.0,34107.0,12
TX,202603,2026-02-11 22:57:00,34112.0,34112.0,34070.0,34085.0,25
TX,202603,2026-02-11 22:58:00,34082.0,34085.0,34060.0,34060.0,29
TX,202603,2026-02-11 22:59:00,34061.0,34077.0,34061.0,34077.0,14
TX,202603,2026-02-11 23:00:00,34078.0,34088.0,34070.0,34070.0,41
TX,202603,2026-02-11 23:01:00,34080.0,34122.0,34080.0,34122.0,20
TX,202603,2026-02-11 23:02:00,34099.0,34099.0,34053.0,34059.0,10
TX,202603,2026-02-11 23:03:00,34060.0,34075.0,34055.0,34069.0,14
TX,202603,2026-02-11 23:04:00,34060.0,34076.0,34055.0,34065.0,8
TX,202603,2026-02-11 23:05:00,34057.0,34080.0,34045.0,34080.0,22
TX,202603,2026-02-11 23:06:00,34077.0,34077.0,34054.0,34054.0,5
TX,202603,2026-02-11 23:07:00,34063.0,34063.0,34034.0,34040.0,11
TX,202603,2026-02-11 23:08:00,34035.0,34047.0,34035.0,34036.0,6
TX,202603,2026-02-11 23:09:00,34039.0,34039.0,34014.0,34022.0,21
TX,202603,2026-02-11 23:10:00,34015.0,34019.0,33992.0,33997.0,25
TX,202603,2026-02-11 23:11:00,33996.0,33996.0,33941.0,33946.0,83
TX,202603,2026-02-11 23:12:00,33944.0,33944.0,33879.0,33891.0,80
TX,202603,2026-02-11 23:13:00,33892.0,33904.0,33827.0,33842.0,45
TX,202603,2026-02-11 23:14:00,33883.0,33930.0,33869.0,33917.0,49
TX,202603,2026-02-11 23:15:00,33905.0,33937.0,33905.0,33905.0,14
TX,202603,2026-02-11 23:16:00,33892.0,33901.0,33865.0,33865.0,22
TX,202603,2026-02-11 23:17:00,33879.0,33887.0,33871.0,33880.0,14
TX,202603,2026-02-11 23:18:00,33873.0,33900.0,33850.0,33890.0,17
TX,202603,2026-02-11 23:19:00,33881.0,33882.0,33833.0,33833.0,34
TX,202603,2026-02-11 23:20:00,33836.0,33852.0,33808.0,33813.0,40
TX,202603,2026-02-11 23:21:00,33809.0,33865.0,33809.0,33865.0,14
TX,202603,2026-02-11 23:22:00,33864.0,33880.0,33857.0,33872.0,14
TX,202603,2026-02-11 23:23:00,33875.0,33875.0,33850.0,33850.0,7
TX,202603,2026-02-11 23:24:00,33852.0,33852.0,33803.0,33804.0,23
TX,202603,2026-02-11 23:25:00,33827.0,33838.0,33824.0,33834.0,13
TX,202603,2026-02-11 23:26:00,33806.0,33831.0,33800.0,33804.0,20
TX,202603,2026-02-11 23:27:00,33819.0,33831.0,33817.0,33827.0,8
TX,202603,2026-02-11 23:28:00,33833.0,33865.0,33833.0,33854.0,20
TX,202603,2026-02-11 23:29:00,33853.0,33872.0,33839.0,33839.0,15
TX,202603,2026-02-11 23:30:00,33840.0,33850.0,33832.0,33843.0,8
TX,202603,2026-02-11 23:31:00,33860.0,33884.0,33860.0,33884.0,14
TX,202603,2026-02-11 23:32:00,33874.0,33897.0,33874.0,33887.0,17
TX,202603,2026-02-11 23:33:00,33887.0,33893.0,33887.0,33888.0,4
TX,202603,2026-02-11 23:34:00,33900.0,33900.0,33884.0,33900.0,7
TX,202603,2026-02-11 23:35:00,33920.0,33920.0,33906.0,33906.0,3
TX,202603,2026-02-11 23:36:00,33930.0,33931.0,33916.0,33916.0,18
TX,202603,2026-02-11 23:37:00,33910.0,33910.0,33882.0,33891.0,34
TX,202603,2026-02-11 23:38:00,33905.0,33919.0,33902.0,33919.0,9
TX,202603,2026-02-11 23:40:00,33926.0,33944.0,33926.0,33944.0,16
TX,202603,2026-02-11 23:41:00,33944.0,33958.0,33940.0,33940.0,11
TX,202603,2026-02-11 23:42:00,33933.0,33933.0,33928.0,33928.0,9
TX,202603,2026-02-11 23:43:00,33940.0,33940.0,33896.0,33896.0,21
TX,202603,2026-02-11 23:44:00,33908.0,33908.0,33905.0,33905.0,2
TX,202603,2026-02-11 23:45:00,33932.0,33942.0,33925.0,33925.0,10
TX,202603,2026-02-11 23:46:00,33916.0,33920.0,33916.0,33920.0,4
TX,202603,2026-02-11 23:47:00,33918.0,33918.0,33910.0,33910.0,7
TX,202603,2026-02-11 23:48:00,33911.0,33911.0,33898.0,33898.0,5
TX,202603,2026-02-11 23:49:00,33886.0,33886.0,33866.0,33883.0,9
TX,202603,2026-02-11 23:50:00,33883.0,33883.0,33860.0,33873.0,6
TX,202603,2026-02-11 23:51:00,33899.0,33910.0,33898.0,33909.0,9
TX,202603,2026-02-11 23:52:00,33917.0,33945.0,33917.0,33945.0,24
TX,202603,2026-02-11 23:53:00,33950.0,33979.0,33950.0,33975.0,38
TX,202603,2026-02-11 23:54:00,33975.0,33982.0,33975.0,33982.0,4
TX,202603,2026-02-11 23:55:00,33986.0,33987.0,33973.0,33973.0,12
TX,202603,2026-02-11 23:56:00,33978.0,33978.0,33962.0,33975.0,10
TX,202603,2026-02-11 23:57:00,33984.0,33985.0,33979.0,33979.0,5
TX,202603,2026-02-11 23:58:00,33973.0,33975.0,33965.0,33968.0,17
TX,202603,2026-02-11 23:59:00,33976.0,33976.0,33974.0,33974.0,2
TX,202603,2026-02-12 00:00:00,33974.0,33974.0,33960.0,33960.0,3
TX,202603,2026-02-12 00:01:00,33961.0,33975.0,33961.0,33975.0,3
TX,202603,2026-02-12 00:02:00,33980.0,33981.0,33964.0,33964.0,7
TX,202603,2026-02-12 00:03:00,33966.0,33966.0,33950.0,33950.0,6
TX,202603,2026-02-12 00:04:00,33963.0,33963.0,33963.0,33963.0,1
TX,202603,2026-02-12 00:05:00,33950.0,33950.0,33950.0,33950.0,1
TX,202603,2026-02-12 00:06:00,33942.0,33956.0,33942.0,33956.0,8
TX,202603,2026-02-12 00:07:00,33950.0,33952.0,33950.0,33952.0,2
TX,202603,2026-02-12 00:08:00,33945.0,33945.0,33936.0,33936.0,4
TX,202603,2026-02-12 00:09:00,33935.0,33942.0,33934.0,33937.0,8
TX,202603,2026-02-12 00:10:00,33923.0,33975.0,33922.0,33975.0,14
TX,202603,2026-02-12 00:11:00,33975.0,33981.0,33970.0,33981.0,5
TX,202603,2026-02-12 00:12:00,33982.0,33982.0,33982.0,33982.0,3
TX,202603,2026-02-12 00:13:00,33996.0,34000.0,33990.0,33991.0,6
TX,202603,2026-02-12 00:14:00,34000.0,34007.0,33996.0,34002.0,22
TX,202603,2026-02-12 00:15:00,33998.0,33998.0,33998.0,33998.0,1
TX,202603,2026-02-12 00:16:00,33990.0,33990.0,33990.0,33990.0,8
TX,202603,2026-02-12 00:17:00,33996.0,34008.0,33990.0,33990.0,23
TX,202603,2026-02-12 00:18:00,33990.0,33990.0,33989.0,33989.0,3
TX,202603,2026-02-12 00:19:00,34006.0,34020.0,34006.0,34020.0,7
TX,202603,2026-02-12 00:20:00,34020.0,34025.0,34020.0,34021.0,7
TX,202603,2026-02-12 00:21:00,34035.0,34035.0,34024.0,34025.0,9
TX,202603,2026-02-12 00:22:00,34015.0,34027.0,34015.0,34027.0,18
TX,202603,2026-02-12 00:23:00,34037.0,34040.0,34037.0,34040.0,4
TX,202603,2026-02-12 00:24:00,34040.0,34041.0,34024.0,34024.0,9
TX,202603,2026-02-12 00:25:00,34022.0,34022.0,34022.0,34022.0,2
TX,202603,2026-02-12 00:26:00,34011.0,34011.0,33987.0,33987.0,15
TX,202603,2026-02-12 00:27:00,33989.0,33989.0,33967.0,33967.0,11
TX,202603,2026-02-12 00:28:00,33980.0,33980.0,33950.0,33950.0,10
TX,202603,2026-02-12 00:29:00,33963.0,33963.0,33956.0,33956.0,6
TX,202603,2026-02-12 00:30:00,33948.0,34006.0,33948.0,34006.0,17
TX,202603,2026-02-12 00:31:00,33995.0,34000.0,33995.0,34000.0,4
TX,202603,2026-02-12 00:32:00,33989.0,33989.0,33989.0,33989.0,1
TX,202603,2026-02-12 00:33:00,33993.0,34000.0,33993.0,34000.0,2
TX,202603,2026-02-12 00:34:00,33999.0,34000.0,33999.0,34000.0,5
TX,202603,2026-02-12 00:35:00,33991.0,33991.0,33980.0,33980.0,4
TX,202603,2026-02-12 00:36:00,33980.0,33984.0,33977.0,33977.0,7
TX,202603,2026-02-12 00:37:00,33978.0,33993.0,33978.0,33987.0,5
TX,202603,2026-02-12 00:39:00,34006.0,34006.0,34006.0,34006.0,1
TX,202603,2026-02-12 00:40:00,34009.0,34020.0,34009.0,34020.0,8
TX,202603,2026-02-12 00:41:00,34020.0,34020.0,34004.0,34010.0,8
TX,202603,2026-02-12 00:42:00,33999.0,33999.0,33992.0,33992.0,3
TX,202603,2026-02-12 00:43:00,33992.0,33992.0,33992.0,33992.0,1
TX,202603,2026-02-12 00:44:00,33999.0,34004.0,33999.0,34004.0,4
TX,202603,2026-02-12 00:46:00,34000.0,34000.0,34000.0,34000.0,1
TX,202603,2026-02-12 00:47:00,34003.0,34015.0,34003.0,34015.0,11
TX,202603,2026-02-12 00:48:00,34000.0,34000.0,33990.0,33990.0,3
TX,202603,2026-02-12 00:49:00,34000.0,34000.0,33996.0,33996.0,2
TX,202603,2026-02-12 00:50:00,33976.0,33976.0,33973.0,33973.0,4
TX,202603,2026-02-12 00:51:00,33993.0,33993.0,33993.0,33993.0,1
TX,202603,2026-02-12 00:52:00,33996.0,34001.0,33996.0,33998.0,4
TX,202603,2026-02-12 00:53:00,34002.0,34002.0,34000.0,34000.0,4
TX,202603,2026-02-12 00:54:00,33993.0,33993.0,33993.0,33993.0,1
TX,202603,2026-02-12 00:55:00,33994.0,33994.0,33988.0,33988.0,2
TX,202603,2026-02-12 00:56:00,33975.0,33975.0,33971.0,33971.0,10
TX,202603,2026-02-12 00:57:00,33990.0,33994.0,33984.0,33984.0,4
TX,202603,2026-02-12 00:58:00,33977.0,33977.0,33977.0,33977.0,1
TX,202603,2026-02-12 00:59:00,33982.0,33982.0,33959.0,33959.0,6
TX,202603,2026-02-12 01:00:00,33970.0,33970.0,33958.0,33963.0,6
TX,202603,2026-02-12 01:01:00,33956.0,33956.0,33922.0,33922.0,7
TX,202603,2026-02-12 01:02:00,33926.0,33926.0,33898.0,33898.0,23
TX,202603,2026-02-12 01:03:00,33932.0,33932.0,33932.0,33932.0,1
TX,202603,2026-02-12 01:04:00,33932.0,33935.0,33932.0,33932.0,3
TX,202603,2026-02-12 01:05:00,33932.0,33932.0,33932.0,33932.0,1
TX,202603,2026-02-12 01:06:00,33950.0,33950.0,33945.0,33945.0,3
TX,202603,2026-02-12 01:07:00,33965.0,33965.0,33965.0,33965.0,2
TX,202603,2026-02-12 01:08:00,33965.0,33980.0,33965.0,33980.0,10
TX,202603,2026-02-12 01:09:00,33985.0,33995.0,33985.0,33995.0,3
TX,202603,2026-02-12 01:10:00,33999.0,33999.0,33980.0,33980.0,3
TX,202603,2026-02-12 01:11:00,33996.0,33997.0,33996.0,33997.0,3
TX,202603,2026-02-12 01:12:00,33996.0,33996.0,33996.0,33996.0,1
TX,202603,2026-02-12 01:13:00,33995.0,33995.0,33988.0,33988.0,3
TX,202603,2026-02-12 01:14:00,33996.0,33996.0,33995.0,33996.0,3
TX,202603,2026-02-12 01:16:00,33995.0,34010.0,33995.0,34010.0,20
TX,202603,2026-02-12 01:17:00,34017.0,34033.0,34006.0,34006.0,19
TX,202603,2026-02-12 01:18:00,34006.0,34006.0,33990.0,33990.0,4
TX,202603,2026-02-12 01:19:00,33990.0,33990.0,33984.0,33989.0,6
TX,202603,2026-02-12 01:20:00,33989.0,33997.0,33989.0,33997.0,2
TX,202603,2026-02-12 01:21:00,33992.0,33992.0,33992.0,33992.0,1
TX,202603,2026-02-12 01:23:00,34019.0,34023.0,34006.0,34023.0,4
TX,202603,2026-02-12 01:24:00,34020.0,34029.0,34020.0,34029.0,3
TX,202603,2026-02-12 01:25:00,34034.0,34044.0,34034.0,34044.0,14
TX,202603,2026-02-12 01:26:00,34044.0,34050.0,34043.0,34043.0,10
TX,202603,2026-02-12 01:27:00,34047.0,34048.0,34043.0,34045.0,5
TX,202603,2026-02-12 01:28:00,34040.0,34040.0,34029.0,34040.0,8
TX,202603,2026-02-12 01:29:00,34043.0,34050.0,34043.0,34046.0,5
TX,202603,2026-02-12 01:30:00,34037.0,34037.0,34035.0,34035.0,2
TX,202603,2026-02-12 01:31:00,34035.0,34035.0,34035.0,34035.0,4
TX,202603,2026-02-12 01:35:00,34025.0,34029.0,34025.0,34029.0,3
TX,202603,2026-02-12 01:36:00,34022.0,34022.0,34022.0,34022.0,1
TX,202603,2026-02-12 01:37:00,34019.0,34019.0,34010.0,34010.0,3
TX,202603,2026-02-12 01:38:00,34007.0,34007.0,34007.0,34007.0,1
TX,202603,2026-02-12 01:39:00,34019.0,34020.0,34019.0,34020.0,3
TX,202603,2026-02-12 01:40:00,34017.0,34019.0,34017.0,34019.0,2
TX,202603,2026-02-12 01:41:00,34030.0,34031.0,34019.0,34019.0,3
TX,202603,2026-02-12 01:42:00,34031.0,34031.0,34031.0,34031.0,2
TX,202603,2026-02-12 01:43:00,34025.0,34045.0,34025.0,34045.0,2
TX,202603,2026-02-12 01:44:00,34040.0,34040.0,34040.0,34040.0,1
TX,202603,2026-02-12 01:45:00,34040.0,34040.0,34026.0,34026.0,11
TX,202603,2026-02-12 01:46:00,34038.0,34038.0,34038.0,34038.0,1
TX,202603,2026-02-12 01:48:00,34038.0,34038.0,34038.0,34038.0,2
TX,202603,2026-02-12 01:49:00,34040.0,34042.0,34038.0,34038.0,7
TX,202603,2026-02-12 01:51:00,34045.0,34055.0,34045.0,34055.0,10
TX,202603,2026-02-12 01:52:00,34051.0,34055.0,34041.0,34041.0,7
TX,202603,2026-02-12 01:53:00,34035.0,34035.0,34035.0,34035.0,1
TX,202603,2026-02-12 01:54:00,34035.0,34035.0,34035.0,34035.0,1
TX,202603,2026-02-12 01:55:00,34028.0,34028.0,34028.0,34028.0,1
TX,202603,2026-02-12 01:58:00,34010.0,34010.0,34006.0,34006.0,2
TX,202603,2026-02-12 02:01:00,34007.0,34007.0,34007.0,34007.0,1
TX,202603,2026-02-12 02:02:00,34007.0,34007.0,33998.0,34007.0,7
TX,202603,2026-02-12 02:03:00,34037.0,34044.0,34037.0,34044.0,3
TX,202603,2026-02-12 02:04:00,34041.0,34041.0,34041.0,34041.0,1
TX,202603,2026-02-12 02:05:00,34020.0,34020.0,34020.0,34020.0,1
TX,202603,2026-02-12 02:07:00,34019.0,34019.0,34019.0,34019.0,1
TX,202603,2026-02-12 02:09:00,34014.0,34014.0,34010.0,34010.0,4
TX,202603,2026-02-12 02:10:00,34000.0,34000.0,33998.0,33998.0,3
TX,202603,2026-02-12 02:13:00,33998.0,34009.0,33998.0,34009.0,2
TX,202603,2026-02-12 02:14:00,33991.0,33991.0,33991.0,33991.0,1
TX,202603,2026-02-12 02:15:00,34000.0,34000.0,34000.0,34000.0,1
TX,202603,2026-02-12 02:16:00,33991.0,34020.0,33988.0,34020.0,6
TX,202603,2026-02-12 02:17:00,34026.0,34029.0,34026.0,34029.0,3
TX,202603,2026-02-12 02:18:00,34030.0,34030.0,34030.0,34030.0,1
TX,202603,2026-02-12 02:19:00,34017.0,34017.0,34017.0,34017.0,1
TX,202603,2026-02-12 02:25:00,34020.0,34020.0,34020.0,34020.0,1
TX,202603,2026-02-12 02:27:00,34020.0,34020.0,34020.0,34020.0,1
TX,202603,2026-02-12 02:28:00,34030.0,34030.0,34030.0,34030.0,1
TX,202603,2026-02-12 02:30:00,34038.0,34038.0,34038.0,34038.0,2
TX,202603,2026-02-12 02:32:00,34038.0,34038.0,34035.0,34035.0,2
TX,202603,2026-02-12 02:37:00,34035.0,34037.0,34035.0,34037.0,4
TX,202603,2026-02-12 02:38:00,34031.0,34039.0,34031.0,34039.0,3
TX,202603,2026-02-12 02:40:00,34037.0,34037.0,34037.0,34037.0,1
TX,202603,2026-02-12 02:43:00,34021.0,34021.0,34021.0,34021.0,1
TX,202603,2026-02-12 02:44:00,34022.0,34022.0,34020.0,34020.0,2
TX,202603,2026-02-12 02:45:00,34032.0,34033.0,34032.0,34033.0,2
TX,202603,2026-02-12 02:46:00,34034.0,34037.0,34034.0,34037.0,9
TX,202603,2026-02-12 02:47:00,34040.0,34049.0,34040.0,34040.0,9
TX,202603,2026-02-12 02:48:00,34042.0,34042.0,34042.0,34042.0,2
TX,202603,2026-02-12 02:50:00,34046.0,34050.0,34020.0,34043.0,11
TX,202603,2026-02-12 02:51:00,34043.0,34043.0,34037.0,34037.0,2
TX,202603,2026-02-12 02:52:00,34041.0,34041.0,34041.0,34041.0,1
TX,202603,2026-02-12 02:54:00,34050.0,34052.0,34041.0,34041.0,4
TX,202603,2026-02-12 02:55:00,34042.0,34055.0,34042.0,34055.0,3
TX,202603,2026-02-12 02:56:00,34055.0,34055.0,34042.0,34042.0,8
TX,202603,2026-02-12 02:58:00,34040.0,34040.0,34040.0,34040.0,1
TX,202603,2026-02-12 02:59:00,34028.0,34028.0,34027.0,34027.0,3
TX,202603,2026-02-12 03:06:00,34023.0,34023.0,34023.0,34023.0,1
TX,202603,2026-02-12 03:07:00,34024.0,34026.0,34024.0,34026.0,2
TX,202603,2026-02-12 03:09:00,34032.0,34038.0,34018.0,34038.0,7
TX,202603,2026-02-12 03:10:00,34037.0,34037.0,34037.0,34037.0,1
TX,202603,2026-02-12 03:13:00,34053.0,34060.0,34053.0,34060.0,4
TX,202603,2026-02-12 03:14:00,34060.0,34060.0,34060.0,34060.0,1
TX,202603,2026-02-12 03:15:00,34058.0,34058.0,34058.0,34058.0,1
TX,202603,2026-02-12 03:16:00,34066.0,34066.0,34066.0,34066.0,1
TX,202603,2026-02-12 03:18:00,34066.0,34066.0,34066.0,34066.0,2
TX,202603,2026-02-12 03:19:00,34065.0,34066.0,34065.0,34066.0,3
TX,202603,2026-02-12 03:20:00,34066.0,34070.0,34066.0,34070.0,7
TX,202603,2026-02-12 03:21:00,34072.0,34077.0,34072.0,34077.0,6
TX,202603,2026-02-12 03:22:00,34077.0,34077.0,34070.0,34070.0,2
TX,202603,2026-02-12 03:23:00,34078.0,34078.0,34075.0,34075.0,3
TX,202603,2026-02-12 03:24:00,34080.0,34082.0,34080.0,34081.0,3
TX,202603,2026-02-12 03:25:00,34083.0,34083.0,34083.0,34083.0,2
TX,202603,2026-02-12 03:26:00,34085.0,34085.0,34085.0,34085.0,3
TX,202603,2026-02-12 03:28:00,34085.0,34085.0,34084.0,34084.0,5
TX,202603,2026-02-12 03:29:00,34087.0,34087.0,34087.0,34087.0,1
TX,202603,2026-02-12 03:31:00,34077.0,34079.0,34077.0,34079.0,2
TX,202603,2026-02-12 03:32:00,34080.0,34082.0,34080.0,34082.0,7
TX,202603,2026-02-12 03:34:00,34081.0,34088.0,34081.0,34088.0,5
TX,202603,2026-02-12 03:35:00,34088.0,34089.0,34088.0,34089.0,2
TX,202603,2026-02-12 03:36:00,34086.0,34086.0,34086.0,34086.0,1
TX,202603,2026-02-12 03:37:00,34086.0,34086.0,34085.0,34085.0,6
TX,202603,2026-02-12 03:38:00,34085.0,34085.0,34085.0,34085.0,1
TX,202603,2026-02-12 03:40:00,34085.0,34085.0,34085.0,34085.0,1
TX,202603,2026-02-12 03:41:00,34080.0,34080.0,34079.0,34079.0,2
TX,202603,2026-02-12 03:42:00,34082.0,34082.0,34082.0,34082.0,1
TX,202603,2026-02-12 03:43:00,34090.0,34090.0,34090.0,34090.0,1
TX,202603,2026-02-12 03:44:00,34083.0,34095.0,34083.0,34095.0,2
TX,202603,2026-02-12 03:45:00,34095.0,34095.0,34075.0,34075.0,3
TX,202603,2026-02-12 03:46:00,34057.0,34093.0,34050.0,34093.0,7
TX,202603,2026-02-12 03:48:00,34089.0,34090.0,34089.0,34090.0,3
TX,202603,2026-02-12 03:49:00,34085.0,34085.0,34074.0,34076.0,12
TX,202603,2026-02-12 03:50:00,34075.0,34075.0,34072.0,34072.0,3
TX,202603,2026-02-12 03:54:00,34071.0,34071.0,34071.0,34071.0,1
TX,202603,2026-02-12 03:55:00,34071.0,34071.0,34058.0,34058.0,5
TX,202603,2026-02-12 03:56:00,34063.0,34063.0,34056.0,34056.0,2
TX,202603,2026-02-12 03:57:00,34060.0,34064.0,34060.0,34064.0,12
TX,202603,2026-02-12 03:58:00,34064.0,34068.0,34053.0,34053.0,12
TX,202603,2026-02-12 03:59:00,34042.0,34056.0,34042.0,34056.0,3
TX,202603,2026-02-12 04:00:00,34044.0,34056.0,34042.0,34056.0,3
TX,202603,2026-02-12 04:01:00,34056.0,34056.0,34054.0,34054.0,12
TX,202603,2026-02-12 04:02:00,34054.0,34054.0,34054.0,34054.0,5
TX,202603,2026-02-12 04:03:00,34056.0,34056.0,34056.0,34056.0,1
TX,202603,2026-02-12 04:04:00,34056.0,34056.0,34056.0,34056.0,4
TX,202603,2026-02-12 04:06:00,34050.0,34050.0,34050.0,34050.0,1
TX,202603,2026-02-12 04:07:00,34050.0,34050.0,34047.0,34047.0,10
TX,202603,2026-02-12 04:08:00,34043.0,34043.0,34038.0,34038.0,5
TX,202603,2026-02-12 04:09:00,34041.0,34042.0,34041.0,34041.0,15
TX,202603,2026-02-12 04:10:00,34041.0,34041.0,34041.0,34041.0,2
TX,202603,2026-02-12 04:11:00,34056.0,34056.0,34045.0,34045.0,6
TX,202603,2026-02-12 04:12:00,34045.0,34045.0,34044.0,34044.0,3
TX,202603,2026-02-12 04:13:00,34044.0,34045.0,34044.0,34045.0,8
TX,202603,2026-02-12 04:14:00,34056.0,34056.0,34056.0,34056.0,1
TX,202603,2026-02-12 04:15:00,34056.0,34056.0,34056.0,34056.0,2
TX,202603,2026-02-12 04:16:00,34056.0,34062.0,34056.0,34062.0,2
TX,202603,2026-02-12 04:17:00,34058.0,34058.0,34053.0,34053.0,2
TX,202603,2026-02-12 04:19:00,34062.0,34063.0,34062.0,34063.0,10
TX,202603,2026-02-12 04:20:00,34055.0,34055.0,34055.0,34055.0,1
TX,202603,2026-02-12 04:21:00,34064.0,34064.0,34064.0,34064.0,1
TX,202603,2026-02-12 04:23:00,34064.0,34064.0,34064.0,34064.0,4
TX,202603,2026-02-12 04:25:00,34067.0,34067.0,34060.0,34063.0,7
TX,202603,2026-02-12 04:26:00,34068.0,34068.0,34068.0,34068.0,1
TX,202603,2026-02-12 04:28:00,34067.0,34067.0,34067.0,34067.0,1
TX,202603,2026-02-12 04:29:00,34068.0,34068.0,34067.0,34067.0,2
TX,202603,2026-02-12 04:35:00,34063.0,34063.0,34063.0,34063.0,7
TX,202603,2026-02-12 04:36:00,34068.0,34068.0,34068.0,34068.0,4
TX,202603,2026-02-12 04:37:00,34070.0,34070.0,34070.0,34070.0,4
TX,202603,2026-02-12 04:38:00,34075.0,34075.0,34075.0,34075.0,2
TX,202603,2026-02-12 04:39:00,34080.0,34080.0,34080.0,34080.0,1
TX,202603,2026-02-12 04:40:00,34081.0,34097.0,34081.0,34097.0,3
TX,202603,2026-02-12 04:41:00,34097.0,34098.0,34093.0,34093.0,5
TX,202603,2026-02-12 04:43:00,34097.0,34097.0,34097.0,34097.0,2
TX,202603,2026-02-12 04:44:00,34090.0,34093.0,34090.0,34093.0,2
TX,202603,2026-02-12 04:45:00,34090.0,34090.0,34090.0,34090.0,1
TX,202603,2026-02-12 04:48:00,34088.0,34088.0,34088.0,34088.0,2
TX,202603,2026-02-12 04:49:00,34087.0,34092.0,34087.0,34087.0,5
TX,202603,2026-02-12 04:50:00,34087.0,34088.0,34080.0,34080.0,14
TX,202603,2026-02-12 04:53:00,34086.0,34086.0,34086.0,34086.0,3
TX,202603,2026-02-12 04:54:00,34088.0,34089.0,34088.0,34089.0,3
TX,202603,2026-02-12 04:55:00,34090.0,34090.0,34086.0,34086.0,12
TX,202603,2026-02-12 04:56:00,34085.0,34090.0,34080.0,34080.0,12
TX,202603,2026-02-12 04:57:00,34090.0,34095.0,34090.0,34094.0,16
TX,202603,2026-02-12 04:58:00,34094.0,34100.0,34094.0,34100.0,29
TX,202603,2026-02-12 04:59:00,34100.0,34105.0,34093.0,34093.0,10
TX,202604,2026-02-11 15:00:00,33875.0,33875.0,33875.0,33875.0,1
TX,202604,2026-02-11 15:20:00,33891.0,33891.0,33891.0,33891.0,1
TX,202604,2026-02-11 15:21:00,33899.0,33899.0,33899.0,33899.0,1
TX,202604,2026-02-11 16:15:00,33883.0,33883.0,33883.0,33883.0,1
TX,202604,2026-02-11 17:07:00,33926.0,33926.0,33926.0,33926.0,8
TX,202604,2026-02-11 17:09:00,33923.0,33923.0,33923.0,33923.0,3
TX,202604,2026-02-11 17:11:00,33923.0,33923.0,33923.0,33923.0,2
TX,202604,2026-02-11 17:13:00,33918.0,33919.0,33918.0,33919.0,8
TX,202604,2026-02-11 17:16:00,33919.0,33919.0,33919.0,33919.0,1
TX,202604,2026-02-11 17:17:00,33919.0,33919.0,33913.0,33913.0,6
TX,202604,2026-02-11 17:20:00,33909.0,33909.0,33909.0,33909.0,1
TX,202604,2026-02-11 17:34:00,33884.0,33884.0,33884.0,33884.0,1
TX,202604,2026-02-11 17:39:00,33869.0,33869.0,33869.0,33869.0,1
TX,202604,2026-02-11 17:40:00,33869.0,33869.0,33868.0,33868.0,2
TX,202604,2026-02-11 17:53:00,33872.0,33872.0,33872.0,33872.0,1
TX,202604,2026-02-11 18:00:00,33874.0,33874.0,33868.0,33868.0,4
TX,202604,2026-02-11 18:01:00,33867.0,33867.0,33866.0,33866.0,2
TX,202604,2026-02-11 18:06:00,33866.0,33866.0,33866.0,33866.0,4
TX,202604,2026-02-11 18:07:00,33866.0,33866.0,33866.0,33866.0,7
TX,202604,2026-02-11 18:09:00,33863.0,33863.0,33863.0,33863.0,2
TX,202604,2026-02-11 19:08:00,33938.0,33938.0,33935.0,33936.0,4
TX,202604,2026-02-11 19:09:00,33932.0,33932.0,33932.0,33932.0,2
TX,202604,2026-02-11 19:15:00,33925.0,33925.0,33925.0,33925.0,1
TX,202604,2026-02-11 19:16:00,33926.0,33931.0,33926.0,33931.0,5
TX,202604,2026-02-11 19:43:00,33907.0,33907.0,33907.0,33907.0,1
TX,202604,2026-02-11 19:52:00,33914.0,33914.0,33914.0,33914.0,1
TX,202604,2026-02-11 21:13:00,33916.0,33916.0,33914.0,33914.0,3
TX,202604,2026-02-11 21:18:00,33904.0,33904.0,33903.0,33903.0,3
TX,202604,2026-02-11 21:30:00,33903.0,33903.0,33903.0,33903.0,1
TX,202604,2026-02-11 21:31:00,33913.0,33913.0,33912.0,33912.0,2
TX,202604,2026-02-11 21:33:00,33977.0,33977.0,33977.0,33977.0,2
TX,202604,2026-02-11 21:35:00,33975.0,33975.0,33970.0,33972.0,5
TX,202604,2026-02-11 21:36:00,33972.0,33972.0,33972.0,33972.0,3
TX,202604,2026-02-11 21:40:00,33972.0,33972.0,33969.0,33969.0,4
TX,202604,2026-02-11 21:41:00,33963.0,33963.0,33955.0,33961.0,6
TX,202604,2026-02-11 21:51:00,34005.0,34005.0,34004.0,34004.0,2
TX,202604,2026-02-11 21:52:00,34004.0,34004.0,33999.0,33999.0,2
TX,202604,2026-02-11 22:27:00,34073.0,34075.0,34073.0,34075.0,2
TX,202604,2026-02-11 22:32:00,34135.0,34141.0,34135.0,34141.0,2
TX,202604,2026-02-11 22:37:00,34123.0,34123.0,34123.0,34123.0,1
TX,202604,2026-02-11 22:48:00,34189.0,34189.0,34189.0,34189.0,1
TX,202604,2026-02-11 23:18:00,33941.0,33941.0,33941.0,33941.0,1
TX,202604,2026-02-11 23:20:00,33911.0,33911.0,33910.0,33910.0,2
TX,202604,2026-02-11 23:22:00,33953.0,33953.0,33953.0,33953.0,1
TX,202604,2026-02-11 23:24:00,33900.0,33900.0,33900.0,33900.0,1
TX,202604,2026-02-11 23:26:00,33901.0,33901.0,33900.0,33900.0,2
TX,202604,2026-02-11 23:32:00,33973.0,33973.0,33973.0,33973.0,2
TX,202604,2026-02-11 23:37:00,34001.0,34001.0,34001.0,34001.0,1
TX,202604,2026-02-11 23:38:00,34003.0,34003.0,34003.0,34003.0,1
TX,202604,2026-02-11 23:40:00,34013.0,34013.0,34013.0,34013.0,1
TX,202604,2026-02-11 23:43:00,34001.0,34001.0,34001.0,34001.0,1
TX,202604,2026-02-11 23:49:00,33977.0,33977.0,33977.0,33977.0,1
TX,202604,2026-02-11 23:52:00,34023.0,34023.0,34023.0,34023.0,1
TX,202604,2026-02-12 00:10:00,34021.0,34021.0,34021.0,34021.0,1
TX,202604,2026-02-12 00:17:00,34093.0,34093.0,34093.0,34093.0,1
TX,202604,2026-02-12 00:26:00,34091.0,34091.0,34091.0,34091.0,1
TX,202604,2026-02-12 00:27:00,34071.0,34071.0,34071.0,34071.0,2
TX,202604,2026-02-12 00:30:00,34083.0,34083.0,34083.0,34083.0,1
TX,202604,2026-02-12 00:40:00,34103.0,34113.0,34103.0,34113.0,2
TX,202604,2026-02-12 00:49:00,34096.0,34096.0,34096.0,34096.0,1
TX,202604,2026-02-12 01:02:00,34001.0,34001.0,34001.0,34001.0,2
TX,202604,2026-02-12 01:09:00,34080.0,34080.0,34080.0,34080.0,1
TX,202604,2026-02-12 01:39:00,34122.0,34122.0,34122.0,34122.0,1
TX,202604,2026-02-12 01:43:00,34120.0,34120.0,34120.0,34120.0,1
TX,202604,2026-02-12 01:52:00,34144.0,34144.0,34144.0,34144.0,1
TX,202604,2026-02-12 02:50:00,34127.0,34127.0,34127.0,34127.0,1
TX,202604,2026-02-12 03:26:00,34180.0,34180.0,34180.0,34180.0,1
TX,202604,2026-02-12 03:32:00,34176.0,34176.0,34176.0,34176.0,1
TX,202604,2026-02-12 03:44:00,34176.0,34176.0,34176.0,34176.0,1
TX,202604,2026-02-12 04:10:00,34133.0,34133.0,34133.0,34133.0,1
TX,202604,2026-02-12 04:40:00,34176.0,34176.0,34176.0,34176.0,1
TX,202604,2026-02-12 04:48:00,34179.0,34179.0,34179.0,34179.0,1
TX,202604,2026-02-12 04:49:00,34195.0,34195.0,34195.0,34195.0,1
TX,202604,2026-02-12 04:50:00,34180.0,34180.0,34180.0,34180.0,1
TX,202606,2026-02-11 16:28:00,33981.0,33981.0,33968.0,33968.0,8
TX,202606,2026-02-11 22:27:00,34244.0,34244.0,34244.0,34244.0,1
TX,202606,2026-02-11 22:32:00,34304.0,34320.0,34304.0,34320.0,7
TX,202606,2026-02-11 23:01:00,34320.0,34320.0,34320.0,34320.0,1
TX,202606,2026-02-11 23:33:00,34166.0,34166.0,34166.0,34166.0,1
TX,202606,2026-02-12 00:34:00,34230.0,34230.0,34230.0,34230.0,1
TX,202606,2026-02-12 00:59:00,34260.0,34260.0,34260.0,34260.0,1
TX,202606,2026-02-12 01:11:00,34276.0,34276.0,34276.0,34276.0,1
TX,202606,2026-02-12 02:01:00,34210.0,34210.0,34210.0,34210.0,1
TX,202606,2026-02-12 02:40:00,34327.0,34327.0,34327.0,34327.0,1
TX,202606,2026-02-12 02:50:00,34306.0,34306.0,34306.0,34306.0,1
TX,202609,2026-02-11 21:21:00,33933.0,33933.0,33933.0,33933.0,1
TX,202609,2026-02-11 21:25:00,33928.0,33928.0,33928.0,33928.0,1
TX,202609,2026-02-11 21:31:00,33920.0,33920.0,33920.0,33920.0,1
TX,202609,2026-02-11 21:49:00,34055.0,34055.0,34055.0,34055.0,1
TX,202609,2026-02-11 21:50:00,34060.0,34060.0,34060.0,34060.0,1
TX,202609,2026-02-11 21:52:00,34053.0,34053.0,34053.0,34053.0,1
TX,202609,2026-02-11 22:13:00,34102.0,34102.0,34102.0,34102.0,1
TX,202609,2026-02-11 22:57:00,34200.0,34200.0,34200.0,34200.0,1
TX,202609,2026-02-11 23:01:00,34205.0,34205.0,34205.0,34205.0,1
TX,202609,2026-02-12 00:00:00,34100.0,34100.0,34100.0,34100.0,1
TX,202609,2026-02-12 00:59:00,34127.0,34127.0,34127.0,34127.0,1
TX,202609,2026-02-12 01:11:00,34145.0,34145.0,34145.0,34145.0,1
TX,202609,2026-02-12 01:46:00,34090.0,34090.0,34090.0,34090.0,1
TX,202609,2026-02-12 01:49:00,34100.0,34100.0,34100.0,34100.0,1
TX,202609,2026-02-12 02:25:00,34171.0,34171.0,34171.0,34171.0,1
TX,202609,2026-02-12 02:32:00,34195.0,34195.0,34195.0,34195.0,1
TX,202609,2026-02-12 02:37:00,34200.0,34205.0,34200.0,34205.0,2
TX,202609,2026-02-12 02:38:00,34210.0,34210.0,34210.0,34210.0,1
TX,202609,2026-02-12 02:39:00,34215.0,34215.0,34215.0,34215.0,1
TX,202609,2026-02-12 02:40:00,34216.0,34216.0,34216.0,34216.0,1
TX,202609,2026-02-12 02:41:00,34220.0,34220.0,34220.0,34220.0,1
TX,202609,2026-02-12 04:21:00,34204.0,34204.0,34204.0,34204.0,1
TX,202612,2026-02-11 17:06:00,34182.0,34182.0,34182.0,34182.0,1
TX,202612,2026-02-11 17:42:00,34125.0,34125.0,34125.0,34125.0,1
TX,202612,2026-02-11 18:01:00,34100.0,34100.0,34100.0,34100.0,6
TX,202612,2026-02-11 20:40:00,34160.0,34160.0,34160.0,34160.0,1
TX,202612,2026-02-11 21:22:00,34158.0,34158.0,34158.0,34158.0,1
TX,202612,2026-02-11 21:38:00,34260.0,34260.0,34260.0,34260.0,1
TX,202612,2026-02-11 21:50:00,34329.0,34329.0,34329.0,34329.0,1
TX,202612,2026-02-11 22:13:00,34379.0,34379.0,34379.0,34379.0,1
TX,202612,2026-02-11 22:57:00,34479.0,34479.0,34479.0,34479.0,1
TX,202612,2026-02-11 23:19:00,34215.0,34215.0,34215.0,34215.0,1
TX,202612,2026-02-11 23:45:00,34215.0,34215.0,34215.0,34215.0,1
TX,202612,2026-02-12 00:34:00,34280.0,34280.0,34280.0,34280.0,1
TX,202612,2026-02-12 01:43:00,34280.0,34280.0,34280.0,34280.0,1
UDF,202603,2026-02-11 15:05:00,50393.0,50393.0,50393.0,50393.0,1
UDF,202603,2026-02-11 15:36:00,50382.0,50382.0,50382.0,50382.0,1
UDF,202603,2026-02-11 16:41:00,50388.0,50388.0,50388.0,50388.0,1
UDF,202603,2026-02-11 17:42:00,50388.0,50388.0,50388.0,50388.0,1
UDF,202603,2026-02-11 17:50:00,50381.0,50381.0,50378.0,50378.0,2
UDF,202603,2026-02-11 18:19:00,50317.0,50317.0,50317.0,50317.0,1
UDF,202603,2026-02-11 18:20:00,50328.0,50328.0,50328.0,50328.0,1
UDF,202603,2026-02-11 18:39:00,50329.0,50329.0,50329.0,50329.0,1
UDF,202603,2026-02-11 19:56:00,50345.0,50345.0,50345.0,50345.0,1
UDF,202603,2026-02-11 21:08:00,50345.0,50345.0,50345.0,50345.0,2
UDF,202603,2026-02-11 21:19:00,50371.0,50371.0,50371.0,50371.0,7
UDF,202603,2026-02-11 21:20:00,50371.0,50371.0,50371.0,50371.0,7
UDF,202603,2026-02-11 21:30:00,50400.0,50400.0,50400.0,50400.0,1
UDF,202603,2026-02-11 21:31:00,50458.0,50458.0,50458.0,50458.0,1
UDF,202603,2026-02-11 21:32:00,50450.0,50500.0,50450.0,50500.0,2
UDF,202603,2026-02-11 21:33:00,50500.0,50500.0,50500.0,50500.0,1
UDF,202603,2026-02-11 21:36:00,50493.0,50493.0,50493.0,50493.0,1
UDF,202603,2026-02-11 21:39:00,50533.0,50611.0,50533.0,50611.0,2
UDF,202603,2026-02-11 21:41:00,50515.0,50515.0,50515.0,50515.0,1
UDF,202603,2026-02-11 21:47:00,50510.0,50510.0,50510.0,50510.0,1
UDF,202603,2026-02-11 21:55:00,50530.0,50530.0,50530.0,50530.0,1
UDF,202603,2026-02-11 21:56:00,50549.0,50549.0,50549.0,50549.0,1
UDF,202603,2026-02-11 21:59:00,50552.0,50552.0,50552.0,50552.0,1
UDF,202603,2026-02-11 22:00:00,50552.0,50552.0,50552.0,50552.0,1
UDF,202603,2026-02-11 22:30:00,50533.0,50533.0,50533.0,50533.0,1
UDF,202603,2026-02-11 22:44:00,50469.0,50469.0,50469.0,50469.0,1
UDF,202603,2026-02-11 22:48:00,50469.0,50469.0,50469.0,50469.0,1
UDF,202603,2026-02-11 22:50:00,50441.0,50442.0,50425.0,50425.0,12
UDF,202603,2026-02-11 22:55:00,50422.0,50422.0,50422.0,50422.0,1
UDF,202603,2026-02-11 22:56:00,50422.0,50422.0,50422.0,50422.0,1
UDF,202603,2026-02-11 22:57:00,50400.0,50400.0,50400.0,50400.0,2
UDF,202603,2026-02-11 22:59:00,50356.0,50356.0,50356.0,50356.0,1
UDF,202603,2026-02-11 23:00:00,50416.0,50420.0,50416.0,50420.0,4
UDF,202603,2026-02-11 23:01:00,50401.0,50401.0,50401.0,50401.0,1
UDF,202603,2026-02-11 23:02:00,50400.0,50400.0,50400.0,50400.0,1
UDF,202603,2026-02-11 23:05:00,50350.0,50350.0,50350.0,50350.0,1
UDF,202603,2026-02-11 23:07:00,50325.0,50326.0,50325.0,50326.0,3
UDF,202603,2026-02-11 23:08:00,50200.0,50200.0,50200.0,50200.0,1
UDF,202603,2026-02-11 23:09:00,50300.0,50300.0,50271.0,50271.0,2
UDF,202603,2026-02-11 23:11:00,50240.0,50240.0,50240.0,50240.0,2
UDF,202603,2026-02-11 23:14:00,50220.0,50220.0,50220.0,50220.0,1
UDF,202603,2026-02-11 23:17:00,50174.0,50174.0,50174.0,50174.0,1
UDF,202603,2026-02-11 23:18:00,50150.0,50300.0,50150.0,50178.0,6
UDF,202603,2026-02-11 23:19:00,50300.0,50300.0,50300.0,50300.0,1
UDF,202603,2026-02-11 23:20:00,50121.0,50134.0,50107.0,50107.0,10
UDF,202603,2026-02-11 23:21:00,50101.0,50134.0,50101.0,50134.0,2
UDF,202603,2026-02-11 23:22:00,50141.0,50141.0,50134.0,50134.0,2
UDF,202603,2026-02-11 23:23:00,50110.0,50110.0,50110.0,50110.0,2
UDF,202603,2026-02-11 23:27:00,50100.0,50100.0,50100.0,50100.0,1
UDF,202603,2026-02-11 23:30:00,50100.0,50100.0,50100.0,50100.0,1
UDF,202603,2026-02-11 23:33:00,50101.0,50101.0,50100.0,50100.0,2
UDF,202603,2026-02-11 23:36:00,50000.0,50000.0,50000.0,50000.0,1
UDF,202603,2026-02-11 23:39:00,50091.0,50091.0,50091.0,50091.0,1
UDF,202603,2026-02-11 23:40:00,50115.0,50115.0,50115.0,50115.0,1
UDF,202603,2026-02-11 23:44:00,50060.0,50060.0,50060.0,50060.0,2
UDF,202603,2026-02-11 23:46:00,50075.0,50075.0,50050.0,50050.0,2
UDF,202603,2026-02-11 23:50:00,50002.0,50002.0,49999.0,49999.0,4
UDF,202603,2026-02-11 23:56:00,50067.0,50067.0,50067.0,50067.0,1
UDF,202603,2026-02-11 23:59:00,50076.0,50076.0,50076.0,50076.0,5
UDF,202603,2026-02-12 00:00:00,49982.0,49982.0,49982.0,49982.0,1
UDF,202603,2026-02-12 00:01:00,50091.0,50105.0,50091.0,50105.0,2
UDF,202603,2026-02-12 00:02:00,50108.0,50108.0,50108.0,50108.0,1
UDF,202603,2026-02-12 00:03:00,50095.0,50095.0,50095.0,50095.0,1
UDF,202603,2026-02-12 00:05:00,50055.0,50055.0,50055.0,50055.0,1
UDF,202603,2026-02-12 00:09:00,50050.0,50050.0,50050.0,50050.0,1
UDF,202603,2026-02-12 00:10:00,50100.0,50100.0,50100.0,50100.0,2
UDF,202603,2026-02-12 00:27:00,50200.0,50200.0,50200.0,50200.0,1
UDF,202603,2026-02-12 00:42:00,50305.0,50305.0,50305.0,50305.0,1
UDF,202603,2026-02-12 00:47:00,50336.0,50336.0,50336.0,50336.0,1
UDF,202603,2026-02-12 00:56:00,50295.0,50295.0,50295.0,50295.0,2
UDF,202603,2026-02-12 01:45:00,50300.0,50300.0,50300.0,50300.0,1
UDF,202603,2026-02-12 02:05:00,50210.0,50210.0,50210.0,50210.0,1
UDF,202603,2026-02-12 04:16:00,50262.0,50262.0,50262.0,50262.0,1
UDF,202603,2026-02-12 04:39:00,50223.0,50223.0,50223.0,50223.0,1
UDF,202603,2026-02-12 04:57:00,50250.0,50250.0,50250.0,50250.0,5
UDF,202603,2026-02-12 04:59:00,50250.0,50250.0,50250.0,50250.0,1
UDF,202606,2026-02-11 21:39:00,50871.0,50949.0,50871.0,50949.0,2
UDF,202606,2026-02-11 23:01:00,50750.0,50750.0,50750.0,50750.0,1
UDF,202606,2026-02-11 23:10:00,50598.0,50598.0,50598.0,50598.0,1
UDF,202606,2026-02-11 23:18:00,50649.0,50649.0,50649.0,50649.0,1
UDF,202606,2026-02-11 23:19:00,50649.0,50649.0,50649.0,50649.0,1
UDF,202606,2026-02-11 23:21:00,50483.0,50483.0,50483.0,50483.0,1
UDF,202606,2026-02-11 23:22:00,50484.0,50484.0,50484.0,50484.0,1
UDF,202606,2026-02-12 00:47:00,50668.0,50668.0,50668.0,50668.0,1
UDF,202609,2026-02-11 23:47:00,50799.0,50799.0,50799.0,50799.0,1
UNF,202603,2026-02-11 15:09:00,25289.0,25289.0,25288.0,25289.0,8
UNF,202603,2026-02-11 15:14:00,25276.0,25276.0,25268.0,25268.0,5
UNF,202603,2026-02-11 15:15:00,25272.0,25272.0,25268.0,25272.0,3
UNF,202603,2026-02-11 15:16:00,25276.0,25276.0,25276.0,25276.0,1
UNF,202603,2026-02-11 15:17:00,25277.0,25277.0,25277.0,25277.0,1
UNF,202603,2026-02-11 15:18:00,25274.0,25278.0,25273.0,25278.0,3
UNF,202603,2026-02-11 15:19:00,25283.0,25283.0,25283.0,25283.0,1
UNF,202603,2026-02-11 15:30:00,25295.0,25295.0,25295.0,25295.0,4
UNF,202603,2026-02-11 15:38:00,25280.0,25287.0,25280.0,25287.0,2
UNF,202603,2026-02-11 15:47:00,25298.0,25298.0,25298.0,25298.0,2
UNF,202603,2026-02-11 16:01:00,25291.0,25291.0,25291.0,25291.0,1
UNF,202603,2026-02-11 16:04:00,25282.0,25282.0,25282.0,25282.0,4
UNF,202603,2026-02-11 16:07:00,25269.0,25269.0,25269.0,25269.0,1
UNF,202603,2026-02-11 16:16:00,25240.0,25240.0,25240.0,25240.0,1
UNF,202603,2026-02-11 16:21:00,25238.0,25238.0,25238.0,25238.0,1
UNF,202603,2026-02-11 16:33:00,25264.0,25264.0,25264.0,25264.0,1
UNF,202603,2026-02-11 16:40:00,25268.0,25268.0,25268.0,25268.0,1
UNF,202603,2026-02-11 16:47:00,25277.0,25277.0,25277.0,25277.0,2
UNF,202603,2026-02-11 17:01:00,25258.0,25268.0,25258.0,25268.0,3
UNF,202603,2026-02-11 17:06:00,25288.0,25289.0,25288.0,25289.0,2
UNF,202603,2026-02-11 17:15:00,25274.0,25274.0,25274.0,25274.0,1
UNF,202603,2026-02-11 17:17:00,25270.0,25270.0,25270.0,25270.0,1
UNF,202603,2026-02-11 17:20:00,25258.0,25258.0,25258.0,25258.0,1
UNF,202603,2026-02-11 17:31:00,25260.0,25260.0,25260.0,25260.0,1
UNF,202603,2026-02-11 17:34:00,25245.0,25245.0,25245.0,25245.0,2
UNF,202603,2026-02-11 17:36:00,25243.0,25243.0,25243.0,25243.0,1
UNF,202603,2026-02-11 17:38:00,25228.0,25228.0,25228.0,25228.0,1
UNF,202603,2026-02-11 17:40:00,25229.0,25229.0,25229.0,25229.0,4
UNF,202603,2026-02-11 17:41:00,25221.0,25221.0,25221.0,25221.0,1
UNF,202603,2026-02-11 17:47:00,25236.0,25236.0,25236.0,25236.0,1
UNF,202603,2026-02-11 18:00:00,25214.0,25214.0,25205.0,25205.0,5
UNF,202603,2026-02-11 18:01:00,25200.0,25200.0,25180.0,25183.0,8
UNF,202603,2026-02-11 18:07:00,25186.0,25186.0,25186.0,25186.0,2
UNF,202603,2026-02-11 18:14:00,25175.0,25175.0,25175.0,25175.0,1
UNF,202603,2026-02-11 18:28:00,25211.0,25211.0,25211.0,25211.0,1
UNF,202603,2026-02-11 18:37:00,25201.0,25201.0,25201.0,25201.0,1
UNF,202603,2026-02-11 18:45:00,25200.0,25200.0,25200.0,25200.0,1
UNF,202603,2026-02-11 18:50:00,25190.0,25190.0,25190.0,25190.0,2
UNF,202603,2026-02-11 18:52:00,25185.0,25185.0,25185.0,25185.0,1
UNF,202603,2026-02-11 18:55:00,25200.0,25200.0,25200.0,25200.0,1
UNF,202603,2026-02-11 19:04:00,25245.0,25245.0,25245.0,25245.0,1
UNF,202603,2026-02-11 19:06:00,25247.0,25247.0,25247.0,25247.0,1
UNF,202603,2026-02-11 19:18:00,25250.0,25250.0,25250.0,25250.0,1
UNF,202603,2026-02-11 19:25:00,25260.0,25260.0,25260.0,25260.0,4
UNF,202603,2026-02-11 19:26:00,25262.0,25262.0,25262.0,25262.0,1
UNF,202603,2026-02-11 19:29:00,25267.0,25267.0,25267.0,25267.0,1
UNF,202603,2026-02-11 19:42:00,25237.0,25237.0,25237.0,25237.0,1
UNF,202603,2026-02-11 19:43:00,25236.0,25236.0,25236.0,25236.0,1
UNF,202603,2026-02-11 20:01:00,25238.0,25238.0,25238.0,25238.0,1
UNF,202603,2026-02-11 20:08:00,25268.0,25268.0,25268.0,25268.0,1
UNF,202603,2026-02-11 20:10:00,25271.0,25271.0,25271.0,25271.0,1
UNF,202603,2026-02-11 20:11:00,25276.0,25276.0,25276.0,25276.0,1
UNF,202603,2026-02-11 20:14:00,25290.0,25290.0,25290.0,25290.0,1
UNF,202603,2026-02-11 20:20:00,25275.0,25275.0,25275.0,25275.0,1
UNF,202603,2026-02-11 20:38:00,25260.0,25262.0,25260.0,25262.0,3
UNF,202603,2026-02-11 21:14:00,25260.0,25272.0,25260.0,25272.0,2
UNF,202603,2026-02-11 21:29:00,25274.0,25274.0,25255.0,25255.0,3
UNF,202603,2026-02-11 21:30:00,25278.0,25353.0,25278.0,25353.0,5
UNF,202603,2026-02-11 21:32:00,25343.0,25343.0,25343.0,25343.0,2
UNF,202603,2026-02-11 21:34:00,25375.0,25380.0,25375.0,25380.0,2
UNF,202603,2026-02-11 21:35:00,25375.0,25375.0,25375.0,25375.0,5
UNF,202603,2026-02-11 21:38:00,25354.0,25354.0,25354.0,25354.0,1
UNF,202603,2026-02-11 21:40:00,25350.0,25350.0,25350.0,25350.0,1
UNF,202603,2026-02-11 21:42:00,25350.0,25350.0,25350.0,25350.0,1
UNF,202603,2026-02-11 21:43:00,25344.0,25344.0,25344.0,25344.0,1
UNF,202603,2026-02-11 21:45:00,25375.0,25375.0,25375.0,25375.0,1
UNF,202603,2026-02-11 21:46:00,25388.0,25400.0,25388.0,25400.0,2
UNF,202603,2026-02-11 21:47:00,25405.0,25405.0,25400.0,25400.0,3
UNF,202603,2026-02-11 21:48:00,25393.0,25407.0,25393.0,25407.0,2
UNF,202603,2026-02-11 21:49:00,25407.0,25413.0,25407.0,25413.0,4
UNF,202603,2026-02-11 21:52:00,25390.0,25390.0,25390.0,25390.0,1
UNF,202603,2026-02-11 21:54:00,25420.0,25440.0,25420.0,25440.0,6
UNF,202603,2026-02-11 21:55:00,25450.0,25450.0,25450.0,25450.0,2
UNF,202603,2026-02-11 21:56:00,25459.0,25467.0,25459.0,25460.0,10
UNF,202603,2026-02-11 21:57:00,25460.0,25466.0,25460.0,25466.0,2
UNF,202603,2026-02-11 21:59:00,25464.0,25464.0,25464.0,25464.0,3
UNF,202603,2026-02-11 22:00:00,25456.0,25456.0,25454.0,25454.0,2
UNF,202603,2026-02-11 22:01:00,25445.0,25452.0,25445.0,25452.0,2
UNF,202603,2026-02-11 22:03:00,25452.0,25452.0,25452.0,25452.0,1
UNF,202603,2026-02-11 22:06:00,25450.0,25450.0,25450.0,25450.0,1
UNF,202603,2026-02-11 22:07:00,25450.0,25450.0,25450.0,25450.0,1
UNF,202603,2026-02-11 22:09:00,25437.0,25440.0,25437.0,25440.0,2
UNF,202603,2026-02-11 22:10:00,25430.0,25437.0,25430.0,25437.0,2
UNF,202603,2026-02-11 22:13:00,25433.0,25433.0,25433.0,25433.0,1
UNF,202603,2026-02-11 22:17:00,25422.0,25422.0,25422.0,25422.0,5
UNF,202603,2026-02-11 22:18:00,25422.0,25422.0,25422.0,25422.0,2
UNF,202603,2026-02-11 22:19:00,25434.0,25434.0,25434.0,25434.0,1
UNF,202603,2026-02-11 22:25:00,25434.0,25436.0,25434.0,25436.0,2
UNF,202603,2026-02-11 22:28:00,25460.0,25460.0,25460.0,25460.0,1
UNF,202603,2026-02-11 22:30:00,25459.0,25464.0,25459.0,25464.0,3
UNF,202603,2026-02-11 22:31:00,25464.0,25464.0,25464.0,25464.0,1
UNF,202603,2026-02-11 22:34:00,25400.0,25408.0,25395.0,25408.0,3
UNF,202603,2026-02-11 22:35:00,25386.0,25386.0,25384.0,25384.0,4
UNF,202603,2026-02-11 22:36:00,25428.0,25428.0,25380.0,25380.0,3
UNF,202603,2026-02-11 22:38:00,25390.0,25390.0,25375.0,25376.0,3
UNF,202603,2026-02-11 22:39:00,25370.0,25370.0,25360.0,25365.0,5
UNF,202603,2026-02-11 22:41:00,25413.0,25413.0,25413.0,25413.0,2
UNF,202603,2026-02-11 22:42:00,25398.0,25398.0,25380.0,25380.0,3
UNF,202603,2026-02-11 22:44:00,25392.0,25411.0,25392.0,25408.0,3
UNF,202603,2026-02-11 22:45:00,25411.0,25420.0,25410.0,25420.0,3
UNF,202603,2026-02-11 22:46:00,25449.0,25449.0,25449.0,25449.0,2
UNF,202603,2026-02-11 22:47:00,25400.0,25400.0,25395.0,25400.0,5
UNF,202603,2026-02-11 22:48:00,25416.0,25417.0,25416.0,25417.0,2
UNF,202603,2026-02-11 22:49:00,25402.0,25402.0,25402.0,25402.0,1
UNF,202603,2026-02-11 22:50:00,25385.0,25385.0,25385.0,25385.0,2
UNF,202603,2026-02-11 22:53:00,25381.0,25381.0,25377.0,25377.0,3
UNF,202603,2026-02-11 22:56:00,25378.0,25378.0,25356.0,25356.0,3
UNF,202603,2026-02-11 22:57:00,25348.0,25348.0,25341.0,25342.0,9
UNF,202603,2026-02-11 22:58:00,25342.0,25342.0,25320.0,25320.0,2
UNF,202603,2026-02-11 23:01:00,25350.0,25350.0,25350.0,25350.0,2
UNF,202603,2026-02-11 23:02:00,25340.0,25340.0,25300.0,25300.0,6
UNF,202603,2026-02-11 23:03:00,25300.0,25307.0,25300.0,25307.0,3
UNF,202603,2026-02-11 23:05:00,25305.0,25310.0,25305.0,25310.0,4
UNF,202603,2026-02-11 23:08:00,25281.0,25281.0,25280.0,25280.0,2
UNF,202603,2026-02-11 23:09:00,25262.0,25268.0,25251.0,25251.0,5
UNF,202603,2026-02-11 23:10:00,25250.0,25250.0,25241.0,25241.0,2
UNF,202603,2026-02-11 23:11:00,25240.0,25240.0,25206.0,25206.0,3
UNF,202603,2026-02-11 23:12:00,25205.0,25206.0,25200.0,25200.0,4
UNF,202603,2026-02-11 23:13:00,25178.0,25178.0,25162.0,25162.0,5
UNF,202603,2026-02-11 23:15:00,25195.0,25195.0,25189.0,25189.0,6
UNF,202603,2026-02-11 23:17:00,25188.0,25226.0,25188.0,25226.0,2
UNF,202603,2026-02-11 23:18:00,25160.0,25160.0,25151.0,25151.0,4
UNF,202603,2026-02-11 23:19:00,25150.0,25150.0,25150.0,25150.0,1
UNF,202603,2026-02-11 23:20:00,25150.0,25150.0,25150.0,25150.0,1
UNF,202603,2026-02-11 23:21:00,25120.0,25120.0,25120.0,25120.0,5
UNF,202603,2026-02-11 23:22:00,25133.0,25133.0,25133.0,25133.0,6
UNF,202603,2026-02-11 23:23:00,25130.0,25130.0,25130.0,25130.0,1
UNF,202603,2026-02-11 23:24:00,25100.0,25100.0,25087.0,25087.0,3
UNF,202603,2026-02-11 23:25:00,25100.0,25100.0,25100.0,25100.0,1
UNF,202603,2026-02-11 23:27:00,25081.0,25100.0,25080.0,25100.0,5
UNF,202603,2026-02-11 23:31:00,25140.0,25140.0,25140.0,25140.0,1
UNF,202603,2026-02-11 23:35:00,25175.0,25175.0,25175.0,25175.0,1
UNF,202603,2026-02-11 23:36:00,25180.0,25180.0,25180.0,25180.0,2
UNF,202603,2026-02-11 23:38:00,25160.0,25160.0,25160.0,25160.0,1
UNF,202603,2026-02-11 23:42:00,25177.0,25179.0,25177.0,25179.0,6
UNF,202603,2026-02-11 23:43:00,25203.0,25203.0,25203.0,25203.0,4
UNF,202603,2026-02-11 23:44:00,25200.0,25203.0,25200.0,25200.0,3
UNF,202603,2026-02-11 23:45:00,25207.0,25207.0,25207.0,25207.0,1
UNF,202603,2026-02-11 23:46:00,25203.0,25203.0,25198.0,25198.0,2
UNF,202603,2026-02-11 23:47:00,25181.0,25181.0,25181.0,25181.0,4
UNF,202603,2026-02-11 23:49:00,25181.0,25181.0,25121.0,25121.0,6
UNF,202603,2026-02-11 23:51:00,25197.0,25201.0,25193.0,25193.0,9
UNF,202603,2026-02-11 23:52:00,25220.0,25220.0,25220.0,25220.0,1
UNF,202603,2026-02-11 23:53:00,25259.0,25266.0,25259.0,25266.0,4
UNF,202603,2026-02-11 23:54:00,25274.0,25274.0,25274.0,25274.0,10
UNF,202603,2026-02-11 23:55:00,25275.0,25275.0,25275.0,25275.0,1
UNF,202603,2026-02-11 23:56:00,25264.0,25275.0,25264.0,25275.0,3
UNF,202603,2026-02-11 23:57:00,25274.0,25274.0,25274.0,25274.0,1
UNF,202603,2026-02-12 00:03:00,25233.0,25233.0,25233.0,25233.0,1
UNF,202603,2026-02-12 00:05:00,25218.0,25226.0,25218.0,25226.0,2
UNF,202603,2026-02-12 00:07:00,25216.0,25219.0,25216.0,25219.0,9
UNF,202603,2026-02-12 00:08:00,25205.0,25205.0,25205.0,25205.0,11
UNF,202603,2026-02-12 00:10:00,25239.0,25250.0,25239.0,25250.0,3
UNF,202603,2026-02-12 00:11:00,25252.0,25252.0,25252.0,25252.0,1
UNF,202603,2026-02-12 00:12:00,25252.0,25252.0,25252.0,25252.0,3
UNF,202603,2026-02-12 00:13:00,25260.0,25267.0,25260.0,25267.0,5
UNF,202603,2026-02-12 00:15:00,25260.0,25260.0,25260.0,25260.0,1
UNF,202603,2026-02-12 00:16:00,25266.0,25266.0,25266.0,25266.0,2
UNF,202603,2026-02-12 00:17:00,25274.0,25274.0,25270.0,25270.0,3
UNF,202603,2026-02-12 00:20:00,25270.0,25270.0,25270.0,25270.0,1
UNF,202603,2026-02-12 00:24:00,25286.0,25286.0,25285.0,25285.0,11
UNF,202603,2026-02-12 00:28:00,25218.0,25218.0,25218.0,25218.0,4
UNF,202603,2026-02-12 00:29:00,25218.0,25222.0,25218.0,25222.0,3
UNF,202603,2026-02-12 00:30:00,25206.0,25229.0,25200.0,25229.0,5
UNF,202603,2026-02-12 00:31:00,25223.0,25223.0,25223.0,25223.0,1
UNF,202603,2026-02-12 00:35:00,25219.0,25219.0,25213.0,25213.0,6
UNF,202603,2026-02-12 00:38:00,25228.0,25228.0,25228.0,25228.0,1
UNF,202603,2026-02-12 00:40:00,25260.0,25260.0,25260.0,25260.0,1
UNF,202603,2026-02-12 00:43:00,25243.0,25243.0,25243.0,25243.0,1
UNF,202603,2026-02-12 00:56:00,25214.0,25214.0,25205.0,25205.0,12
UNF,202603,2026-02-12 00:59:00,25206.0,25206.0,25200.0,25200.0,2
UNF,202603,2026-02-12 01:01:00,25175.0,25175.0,25175.0,25175.0,1
UNF,202603,2026-02-12 01:02:00,25168.0,25168.0,25168.0,25168.0,1
UNF,202603,2026-02-12 01:04:00,25182.0,25182.0,25182.0,25182.0,2
UNF,202603,2026-02-12 01:05:00,25178.0,25180.0,25178.0,25178.0,7
UNF,202603,2026-02-12 01:07:00,25202.0,25203.0,25202.0,25203.0,6
UNF,202603,2026-02-12 01:09:00,25220.0,25222.0,25217.0,25222.0,8
UNF,202603,2026-02-12 01:10:00,25229.0,25229.0,25229.0,25229.0,1
UNF,202603,2026-02-12 01:11:00,25223.0,25223.0,25223.0,25223.0,1
UNF,202603,2026-02-12 01:12:00,25237.0,25237.0,25237.0,25237.0,1
UNF,202603,2026-02-12 01:17:00,25251.0,25260.0,25251.0,25260.0,3
UNF,202603,2026-02-12 01:19:00,25232.0,25232.0,25232.0,25232.0,1
UNF,202603,2026-02-12 01:24:00,25268.0,25268.0,25268.0,25268.0,6
UNF,202603,2026-02-12 01:25:00,25288.0,25300.0,25288.0,25293.0,4
UNF,202603,2026-02-12 01:26:00,25299.0,25304.0,25299.0,25304.0,2
UNF,202603,2026-02-12 01:27:00,25307.0,25307.0,25307.0,25307.0,1
UNF,202603,2026-02-12 01:28:00,25297.0,25298.0,25297.0,25298.0,17
UNF,202603,2026-02-12 01:29:00,25303.0,25309.0,25303.0,25309.0,10
UNF,202603,2026-02-12 01:37:00,25289.0,25289.0,25289.0,25289.0,10
UNF,202603,2026-02-12 01:39:00,25288.0,25288.0,25288.0,25288.0,20
UNF,202603,2026-02-12 01:43:00,25327.0,25327.0,25327.0,25327.0,1
UNF,202603,2026-02-12 01:44:00,25325.0,25325.0,25325.0,25325.0,1
UNF,202603,2026-02-12 01:51:00,25330.0,25340.0,25330.0,25340.0,4
UNF,202603,2026-02-12 01:52:00,25330.0,25330.0,25330.0,25330.0,10
UNF,202603,2026-02-12 01:56:00,25300.0,25300.0,25300.0,25300.0,4
UNF,202603,2026-02-12 02:01:00,25274.0,25274.0,25274.0,25274.0,4
UNF,202603,2026-02-12 02:02:00,25268.0,25268.0,25268.0,25268.0,4
UNF,202603,2026-02-12 02:09:00,25248.0,25248.0,25248.0,25248.0,4
UNF,202603,2026-02-12 02:10:00,25250.0,25250.0,25240.0,25243.0,15
UNF,202603,2026-02-12 02:14:00,25233.0,25233.0,25233.0,25233.0,1
UNF,202603,2026-02-12 02:16:00,25228.0,25244.0,25228.0,25244.0,2
UNF,202603,2026-02-12 02:18:00,25270.0,25270.0,25270.0,25270.0,1
UNF,202603,2026-02-12 02:28:00,25288.0,25288.0,25288.0,25288.0,6
UNF,202603,2026-02-12 02:29:00,25295.0,25295.0,25295.0,25295.0,1
UNF,202603,2026-02-12 02:30:00,25300.0,25300.0,25300.0,25300.0,1
UNF,202603,2026-02-12 02:50:00,25315.0,25315.0,25315.0,25315.0,1
UNF,202603,2026-02-12 02:52:00,25299.0,25299.0,25299.0,25299.0,1
UNF,202603,2026-02-12 03:05:00,25301.0,25301.0,25301.0,25301.0,1
UNF,202603,2026-02-12 03:09:00,25299.0,25299.0,25299.0,25299.0,1
UNF,202603,2026-02-12 03:12:00,25310.0,25310.0,25308.0,25308.0,2
UNF,202603,2026-02-12 03:14:00,25340.0,25340.0,25340.0,25340.0,1
UNF,202603,2026-02-12 03:24:00,25357.0,25357.0,25357.0,25357.0,4
UNF,202603,2026-02-12 03:26:00,25375.0,25375.0,25375.0,25375.0,1
UNF,202603,2026-02-12 03:44:00,25356.0,25356.0,25356.0,25356.0,2
UNF,202603,2026-02-12 03:45:00,25324.0,25324.0,25315.0,25315.0,4
UNF,202603,2026-02-12 03:46:00,25305.0,25340.0,25305.0,25340.0,3
UNF,202603,2026-02-12 04:25:00,25315.0,25315.0,25315.0,25315.0,31
UNF,202603,2026-02-12 04:30:00,25300.0,25300.0,25300.0,25300.0,2
UNF,202603,2026-02-12 04:36:00,25293.0,25293.0,25293.0,25293.0,1
UNF,202603,2026-02-12 04:38:00,25306.0,25306.0,25306.0,25306.0,1
UNF,202603,2026-02-12 04:41:00,25330.0,25330.0,25330.0,25330.0,2
UNF,202603,2026-02-12 04:47:00,25325.0,25325.0,25325.0,25325.0,4
UNF,202603,2026-02-12 04:53:00,25323.0,25323.0,25323.0,25323.0,2
UNF,202603,2026-02-12 04:58:00,25310.0,25310.0,25310.0,25310.0,1
UNF,202603,2026-02-12 04:59:00,25305.0,25305.0,25305.0,25305.0,2
UNF,202606,2026-02-11 15:14:00,25493.0,25493.0,25493.0,25493.0,2
UNF,202606,2026-02-11 16:45:00,25499.0,25499.0,25499.0,25499.0,1
UNF,202606,2026-02-11 17:06:00,25520.0,25520.0,25520.0,25520.0,1
UNF,202606,2026-02-11 17:20:00,25483.0,25483.0,25483.0,25483.0,1
UNF,202606,2026-02-11 18:01:00,25406.0,25406.0,25406.0,25406.0,1
UNF,202606,2026-02-11 20:22:00,25506.0,25506.0,25506.0,25506.0,1
UNF,202606,2026-02-11 21:19:00,25505.0,25505.0,25505.0,25505.0,1
UNF,202606,2026-02-11 21:26:00,25496.0,25496.0,25496.0,25496.0,1
UNF,202606,2026-02-11 21:30:00,25499.0,25499.0,25499.0,25499.0,1
UNF,202606,2026-02-11 21:32:00,25569.0,25569.0,25569.0,25569.0,2
UNF,202606,2026-02-11 21:45:00,25601.0,25601.0,25601.0,25601.0,1
UNF,202606,2026-02-11 21:48:00,25620.0,25634.0,25620.0,25634.0,2
UNF,202606,2026-02-11 21:54:00,25662.0,25662.0,25662.0,25662.0,1
UNF,202606,2026-02-11 21:55:00,25679.0,25679.0,25679.0,25679.0,1
UNF,202606,2026-02-11 21:59:00,25691.0,25691.0,25691.0,25691.0,1
UNF,202606,2026-02-11 22:00:00,25682.0,25682.0,25682.0,25682.0,1
UNF,202606,2026-02-11 22:01:00,25673.0,25673.0,25673.0,25673.0,1
UNF,202606,2026-02-11 22:06:00,25678.0,25678.0,25678.0,25678.0,1
UNF,202606,2026-02-11 22:09:00,25666.0,25666.0,25666.0,25666.0,1
UNF,202606,2026-02-11 22:10:00,25659.0,25659.0,25659.0,25659.0,1
UNF,202606,2026-02-11 22:34:00,25618.0,25618.0,25618.0,25618.0,1
UNF,202606,2026-02-11 22:35:00,25615.0,25615.0,25615.0,25615.0,1
UNF,202606,2026-02-11 22:48:00,25651.0,25651.0,25651.0,25651.0,1
UNF,202606,2026-02-11 22:51:00,25625.0,25625.0,25625.0,25625.0,1
UNF,202606,2026-02-11 22:54:00,25629.0,25629.0,25620.0,25620.0,2
UNF,202609,2026-02-11 23:47:00,25699.0,25699.0,25699.0,25699.0,1
XAF,202603,2026-02-12 01:13:00,0.713,0.713,0.713,0.713,1
XBF,202603,2026-02-11 22:21:00,1.3654,1.3654,1.3654,1.3654,8
XEF,202603,2026-02-11 22:47:00,1.1878,1.1878,1.1878,1.1878,1
XJF,202603,2026-02-11 17:56:00,152.68,152.68,152.68,152.68,1
XJF,202603,2026-02-11 18:00:00,152.71,152.71,152.71,152.71,1
XJF,202603,2026-02-11 18:02:00,152.73,152.73,152.73,152.73,1
XJF,202603,2026-02-11 18:59:00,152.8,152.8,152.8,152.8,1
XJF,202603,2026-02-11 19:39:00,153.03,153.03,153.03,153.03,1
XJF,202603,2026-02-11 19:40:00,153.01,153.01,153.01,153.01,1
XJF,202603,2026-02-11 19:44:00,153.05,153.05,153.05,153.05,2
XJF,202603,2026-02-11 20:10:00,153.1,153.1,153.1,153.1,1
XJF,202603,2026-02-11 20:37:00,153.18,153.18,153.18,153.18,1
XJF,202603,2026-02-11 21:30:00,153.36,153.44,153.36,153.44,3
XJF,202603,2026-02-11 21:36:00,153.9,153.9,153.9,153.9,1
XJF,202603,2026-02-11 21:39:00,153.53,153.53,153.53,153.53,1
XJF,202603,2026-02-11 21:41:00,153.53,153.53,153.53,153.53,4
XJF,202603,2026-02-11 21:44:00,153.0,153.0,153.0,153.0,1
XJF,202603,2026-02-11 22:24:00,153.45,153.45,153.45,153.45,1
XJF,202603,2026-02-11 22:54:00,153.0,153.0,153.0,153.0,1
XJF,202603,2026-02-11 22:55:00,152.91,152.91,152.91,152.91,3
XJF,202603,2026-02-11 23:01:00,152.85,152.85,152.85,152.85,1
XJF,202603,2026-02-12 00:16:00,152.99,152.99,152.99,152.99,1
XJF,202603,2026-02-12 00:54:00,152.59,152.6,152.59,152.6,2
XJF,202603,2026-02-12 01:05:00,152.39,152.42,152.39,152.42,2
XJF,202603,2026-02-12 01:15:00,152.4,152.4,152.4,152.4,1
XJF,202603,2026-02-12 01:16:00,152.32,152.32,152.32,152.32,1
XJF,202603,2026-02-12 01:26:00,152.36,152.36,152.36,152.36,2
XJF,202603,2026-02-12 02:42:00,152.26,152.26,152.26,152.26,1
XJF,202603,2026-02-12 02:59:00,152.08,152.08,152.08,152.08,2
XJF,202603,2026-02-12 04:04:00,152.5,152.5,152.5,152.5,1
XJF,202603,2026-02-12 04:21:00,152.57,152.57,152.57,152.57,1
XJF,202603,2026-02-12 04:50:00,152.79,152.79,152.79,152.79,1
XJF,202606,2026-02-11 23:52:00,152.0,152.0,152.0,152.0,1
ZEF,202602,2026-02-11 15:03:00,2078.0,2078.0,2078.0,2078.0,1
ZEF,202602,2026-02-11 15:13:00,2078.1,2078.1,2078.1,2078.1,1
ZEF,202602,2026-02-11 15:18:00,2078.05,2078.1,2078.05,2078.05,4
ZEF,202602,2026-02-11 15:19:00,2078.05,2078.05,2078.05,2078.05,1
ZEF,202602,2026-02-11 15:27:00,2080.45,2080.45,2080.4,2080.4,3
ZEF,202602,2026-02-11 15:28:00,2079.2,2079.2,2079.2,2079.2,1
ZEF,202602,2026-02-11 15:30:00,2079.2,2079.2,2079.2,2079.2,1
ZEF,202602,2026-02-11 15:32:00,2078.05,2078.05,2078.05,2078.05,3
ZEF,202602,2026-02-11 16:05:00,2080.0,2080.0,2080.0,2080.0,1
ZEF,202602,2026-02-11 16:13:00,2078.0,2078.0,2078.0,2078.0,1
ZEF,202602,2026-02-11 16:24:00,2078.0,2078.0,2078.0,2078.0,1
ZEF,202602,2026-02-11 16:25:00,2079.95,2079.95,2079.95,2079.95,1
ZEF,202602,2026-02-11 16:27:00,2080.0,2080.0,2080.0,2080.0,1
ZEF,202602,2026-02-11 16:33:00,2079.45,2079.45,2079.45,2079.45,1
ZEF,202602,2026-02-11 16:34:00,2079.7,2079.8,2079.7,2079.8,2
ZEF,202602,2026-02-11 16:35:00,2080.0,2080.0,2080.0,2080.0,1
ZEF,202602,2026-02-11 16:50:00,2079.0,2079.0,2079.0,2079.0,1
ZEF,202602,2026-02-11 16:53:00,2080.0,2080.0,2080.0,2080.0,2
ZEF,202602,2026-02-11 17:43:00,2077.0,2077.0,2077.0,2077.0,1
ZEF,202602,2026-02-11 18:01:00,2078.5,2078.5,2077.0,2077.0,3
ZEF,202602,2026-02-11 18:03:00,2077.0,2077.0,2077.0,2077.0,1
ZEF,202602,2026-02-11 18:04:00,2076.2,2076.2,2076.0,2076.0,3
ZEF,202602,2026-02-11 18:07:00,2075.5,2075.5,2075.5,2075.5,1
ZEF,202602,2026-02-11 18:09:00,2075.6,2075.6,2075.6,2075.6,3
ZEF,202602,2026-02-11 18:11:00,2077.4,2077.4,2077.4,2077.4,1
ZEF,202602,2026-02-11 18:33:00,2080.05,2080.05,2080.05,2080.05,1
ZEF,202602,2026-02-11 18:38:00,2079.0,2079.0,2079.0,2079.0,1
ZEF,202602,2026-02-11 19:00:00,2080.0,2080.0,2080.0,2080.0,1
ZEF,202602,2026-02-11 19:03:00,2081.0,2081.0,2081.0,2081.0,1
ZEF,202602,2026-02-11 19:04:00,2080.65,2080.65,2080.5,2080.5,5
ZEF,202602,2026-02-11 19:18:00,2081.0,2081.0,2081.0,2081.0,1
ZEF,202602,2026-02-11 19:32:00,2080.95,2080.95,2080.95,2080.95,1
ZEF,202602,2026-02-11 19:43:00,2080.0,2080.0,2080.0,2080.0,1
ZEF,202602,2026-02-11 19:44:00,2080.0,2080.0,2080.0,2080.0,1
ZEF,202602,2026-02-11 21:25:00,2082.25,2082.45,2081.2,2081.45,5
ZEF,202602,2026-02-11 21:30:00,2083.0,2083.0,2083.0,2083.0,1
ZEF,202602,2026-02-11 21:41:00,2083.45,2083.45,2083.45,2083.45,2
ZEF,202602,2026-02-11 21:45:00,2083.35,2083.35,2083.35,2083.35,1
ZEF,202602,2026-02-11 21:46:00,2083.45,2083.45,2083.45,2083.45,2
ZEF,202602,2026-02-11 21:55:00,2085.1,2085.1,2085.1,2085.1,2
ZEF,202602,2026-02-11 22:02:00,2088.8,2088.8,2088.8,2088.8,2
ZEF,202602,2026-02-11 22:03:00,2088.8,2089.5,2088.05,2089.5,11
ZEF,202602,2026-02-11 22:04:00,2089.5,2090.75,2089.5,2090.75,2
ZEF,202602,2026-02-11 22:08:00,2088.0,2088.0,2088.0,2088.0,1
ZEF,202602,2026-02-11 22:11:00,2088.05,2088.05,2088.05,2088.05,1
ZEF,202602,2026-02-11 22:13:00,2089.35,2089.5,2089.35,2089.5,4
ZEF,202602,2026-02-11 22:21:00,2089.9,2089.9,2089.65,2089.65,2
ZEF,202602,2026-02-11 22:22:00,2089.75,2089.75,2089.5,2089.5,3
ZEF,202602,2026-02-11 22:25:00,2089.8,2090.7,2089.8,2090.7,3
ZEF,202602,2026-02-11 22:26:00,2091.25,2091.25,2091.25,2091.25,2
ZEF,202602,2026-02-11 22:28:00,2091.3,2091.3,2091.3,2091.3,4
ZEF,202602,2026-02-11 22:30:00,2091.3,2091.3,2091.3,2091.3,1
ZEF,202602,2026-02-11 22:32:00,2094.0,2094.0,2090.35,2090.35,2
ZEF,202602,2026-02-11 22:33:00,2090.65,2090.65,2090.65,2090.65,1
ZEF,202602,2026-02-11 22:34:00,2090.4,2090.4,2090.35,2090.35,2
ZEF,202602,2026-02-11 22:35:00,2093.3,2093.3,2093.3,2093.3,1
ZEF,202602,2026-02-11 22:36:00,2093.3,2093.4,2093.3,2093.4,3
ZEF,202602,2026-02-11 22:37:00,2093.4,2093.4,2093.4,2093.4,1
ZEF,202602,2026-02-11 22:38:00,2094.55,2094.55,2094.55,2094.55,2
ZEF,202602,2026-02-11 22:40:00,2094.5,2094.7,2094.5,2094.65,9
ZEF,202602,2026-02-11 22:41:00,2094.75,2095.5,2094.75,2095.5,4
ZEF,202602,2026-02-11 22:42:00,2095.9,2095.9,2095.9,2095.9,2
ZEF,202602,2026-02-11 22:44:00,2097.95,2102.15,2094.25,2102.15,5
ZEF,202602,2026-02-11 22:45:00,2100.3,2100.3,2100.3,2100.3,1
ZEF,202602,2026-02-11 22:46:00,2100.0,2100.0,2100.0,2100.0,1
ZEF,202602,2026-02-11 22:47:00,2100.0,2100.0,2100.0,2100.0,1
ZEF,202602,2026-02-11 22:48:00,2100.95,2101.0,2100.95,2101.0,2
ZEF,202602,2026-02-11 22:52:00,2098.6,2098.6,2098.6,2098.6,1
ZEF,202602,2026-02-11 22:53:00,2098.1,2098.1,2097.15,2097.15,2
ZEF,202602,2026-02-11 22:54:00,2099.95,2099.95,2099.95,2099.95,1
ZEF,202602,2026-02-11 22:55:00,2101.9,2101.9,2099.0,2099.0,3
ZEF,202602,2026-02-11 23:00:00,2097.95,2099.7,2097.95,2099.7,3
ZEF,202602,2026-02-11 23:01:00,2100.0,2100.0,2100.0,2100.0,1
ZEF,202602,2026-02-11 23:02:00,2099.7,2099.7,2099.0,2099.0,2
ZEF,202602,2026-02-11 23:05:00,2096.75,2096.75,2095.6,2095.6,2
ZEF,202602,2026-02-11 23:06:00,2095.2,2095.2,2095.2,2095.2,1
ZEF,202602,2026-02-11 23:09:00,2095.1,2095.1,2095.0,2095.0,5
ZEF,202602,2026-02-11 23:11:00,2094.35,2094.35,2091.25,2091.25,12
ZEF,202602,2026-02-11 23:12:00,2091.15,2091.15,2086.45,2086.45,2
ZEF,202602,2026-02-11 23:13:00,2086.4,2086.4,2086.1,2086.1,4
ZEF,202602,2026-02-11 23:14:00,2085.95,2090.0,2085.95,2086.15,6
ZEF,202602,2026-02-11 23:19:00,2086.7,2086.7,2085.6,2085.6,12
ZEF,202602,2026-02-11 23:20:00,2085.3,2085.3,2085.3,2085.3,1
ZEF,202602,2026-02-11 23:23:00,2086.75,2086.75,2086.75,2086.75,1
ZEF,202602,2026-02-11 23:24:00,2082.75,2083.0,2082.75,2083.0,3
ZEF,202602,2026-02-11 23:27:00,2084.0,2084.0,2083.7,2083.7,2
ZEF,202602,2026-02-11 23:39:00,2088.2,2088.2,2088.2,2088.2,1
ZEF,202602,2026-02-11 23:40:00,2093.55,2093.55,2093.55,2093.55,1
ZEF,202602,2026-02-11 23:41:00,2093.6,2093.6,2093.6,2093.6,1
ZEF,202602,2026-02-11 23:49:00,2086.0,2086.0,2086.0,2086.0,1
ZEF,202602,2026-02-11 23:54:00,2097.15,2097.15,2097.15,2097.15,1
ZEF,202602,2026-02-11 23:55:00,2098.1,2098.1,2098.1,2098.1,1
ZEF,202602,2026-02-12 00:10:00,2092.2,2092.2,2092.2,2092.2,1
ZEF,202602,2026-02-12 00:15:00,2097.95,2097.95,2097.85,2097.85,2
ZEF,202602,2026-02-12 00:21:00,2097.2,2097.2,2097.2,2097.2,2
ZEF,202602,2026-02-12 00:23:00,2098.1,2098.1,2098.1,2098.1,1
ZEF,202602,2026-02-12 00:24:00,2099.0,2099.0,2098.1,2098.1,2
ZEF,202602,2026-02-12 00:26:00,2094.2,2094.2,2094.2,2094.2,1
ZEF,202602,2026-02-12 00:42:00,2095.0,2095.0,2095.0,2095.0,1
ZEF,202602,2026-02-12 00:51:00,2098.65,2098.65,2098.65,2098.65,1
ZEF,202602,2026-02-12 00:56:00,2092.05,2092.05,2092.0,2092.0,2
ZEF,202602,2026-02-12 00:57:00,2091.1,2091.1,2091.1,2091.1,1
ZEF,202602,2026-02-12 01:00:00,2090.4,2090.4,2090.35,2090.35,4
ZEF,202602,2026-02-12 01:43:00,2096.95,2096.95,2096.95,2096.95,1
ZEF,202602,2026-02-12 01:44:00,2097.8,2097.8,2097.8,2097.8,1
ZEF,202602,2026-02-12 01:48:00,2095.2,2095.2,2095.2,2095.2,1
ZEF,202602,2026-02-12 01:51:00,2097.95,2097.95,2097.95,2097.95,1
ZEF,202602,2026-02-12 01:52:00,2098.0,2098.0,2098.0,2098.0,1
ZEF,202602,2026-02-12 01:57:00,2096.0,2096.0,2096.0,2096.0,1
ZEF,202602,2026-02-12 02:37:00,2099.85,2099.85,2099.85,2099.85,1
ZEF,202602,2026-02-12 03:36:00,2099.85,2099.85,2099.85,2099.85,1
ZEF,202602,2026-02-12 03:38:00,2100.0,2100.0,2100.0,2100.0,1
ZEF,202602,2026-02-12 03:44:00,2100.1,2100.1,2100.1,2100.1,2
ZEF,202602,2026-02-12 03:46:00,2098.0,2098.0,2098.0,2098.0,1
ZEF,202602,2026-02-12 03:59:00,2100.9,2102.0,2100.9,2102.0,4
ZEF,202602,2026-02-12 04:16:00,2098.0,2098.0,2098.0,2098.0,1
ZEF,202602,2026-02-12 04:35:00,2101.9,2101.9,2097.05,2097.05,3
ZEF,202602,2026-02-12 04:39:00,2102.7,2102.7,2102.7,2102.7,1
ZEF,202602,2026-02-12 04:41:00,2108.9,2108.9,2108.9,2108.9,2
ZEF,202602,2026-02-12 04:42:00,2108.9,2108.9,2108.85,2108.85,11
ZEF,202602,2026-02-12 04:43:00,2108.2,2108.2,2108.2,2108.2,3
ZEF,202602,2026-02-12 04:44:00,2108.1,2108.15,2108.1,2108.15,4
ZEF,202602,2026-02-12 04:51:00,2103.35,2103.35,2103.35,2103.35,1
ZEF,202602,2026-02-12 04:55:00,2104.65,2104.65,2104.65,2104.65,1
ZEF,202602/202603,2026-02-11 23:06:00,8.4,8.45,8.4,8.45,4
ZEF,202603,2026-02-11 16:02:00,2087.0,2087.0,2087.0,2087.0,1
ZEF,202603,2026-02-11 18:01:00,2087.0,2087.0,2087.0,2087.0,1
ZEF,202603,2026-02-11 18:04:00,2085.0,2085.0,2085.0,2085.0,2
ZEF,202603,2026-02-11 18:07:00,2085.0,2085.0,2085.0,2085.0,1
ZEF,202603,2026-02-11 18:33:00,2088.0,2088.0,2088.0,2088.0,1
ZEF,202603,2026-02-11 19:19:00,2088.85,2088.85,2088.85,2088.85,1
ZEF,202603,2026-02-11 21:25:00,2090.55,2090.8,2090.55,2090.8,2
ZEF,202603,2026-02-11 22:03:00,2097.65,2097.9,2097.65,2097.9,7
ZEF,202603,2026-02-11 22:08:00,2093.05,2093.05,2093.05,2093.05,1
ZEF,202603,2026-02-11 22:28:00,2098.0,2098.0,2098.0,2098.0,1
ZEF,202603,2026-02-11 22:31:00,2100.0,2100.0,2100.0,2100.0,2
ZEF,202603,2026-02-11 22:40:00,2100.0,2100.0,2100.0,2100.0,1
ZEF,202603,2026-02-11 22:41:00,2100.0,2100.0,2100.0,2100.0,3
ZEF,202603,2026-02-11 22:44:00,2106.6,2106.6,2106.6,2106.6,1
ZEF,202603,2026-02-11 23:05:00,2101.6,2101.6,2101.6,2101.6,1
ZEF,202603,2026-02-11 23:12:00,2095.0,2095.0,2095.0,2095.0,1
ZEF,202603,2026-02-11 23:14:00,2091.95,2091.95,2091.7,2091.7,2
ZEF,202603,2026-02-11 23:37:00,2089.55,2089.55,2089.55,2089.55,1
ZEF,202603,2026-02-11 23:40:00,2102.4,2102.4,2102.4,2102.4,1
ZEF,202603,2026-02-11 23:54:00,2102.4,2102.4,2102.4,2102.4,1
ZEF,202603,2026-02-12 00:15:00,2106.85,2107.35,2106.85,2107.35,2
ZEF,202603,2026-02-12 00:51:00,2108.2,2108.2,2108.2,2108.2,1
ZEF,202603,2026-02-12 00:57:00,2101.0,2101.0,2101.0,2101.0,1
ZEF,202603,2026-02-12 04:16:00,2109.0,2109.0,2109.0,2109.0,1
ZEF,202603,2026-02-12 04:27:00,2109.85,2109.85,2109.85,2109.85,1
ZEF,202603,2026-02-12 04:35:00,2102.45,2102.45,2102.45,2102.45,1
ZFF,202602,2026-02-11 15:00:00,2500.6,2500.6,2500.6,2500.6,2
ZFF,202602,2026-02-11 15:08:00,2499.4,2499.4,2499.4,2499.4,1
ZFF,202602,2026-02-11 15:32:00,2500.8,2500.8,2500.8,2500.8,2
ZFF,202602,2026-02-11 16:10:00,2500.8,2501.4,2500.6,2501.4,15
ZFF,202602,2026-02-11 16:17:00,2502.4,2502.4,2502.4,2502.4,1
ZFF,202602,2026-02-11 16:24:00,2501.4,2501.4,2501.4,2501.4,2
ZFF,202602,2026-02-11 16:28:00,2501.4,2501.4,2501.2,2501.2,2
ZFF,202602,2026-02-11 17:09:00,2501.4,2501.4,2501.4,2501.4,2
ZFF,202602,2026-02-11 19:36:00,2501.6,2501.6,2501.6,2501.6,1
ZFF,202602,2026-02-11 19:43:00,2501.4,2501.4,2501.4,2501.4,1
ZFF,202602,2026-02-11 20:18:00,2501.8,2501.8,2501.8,2501.8,1
ZFF,202602,2026-02-11 20:31:00,2502.2,2502.2,2502.2,2502.2,1
ZFF,202602,2026-02-11 20:34:00,2502.0,2502.0,2502.0,2502.0,1
ZFF,202602,2026-02-11 20:49:00,2502.0,2502.0,2502.0,2502.0,1
ZFF,202602,2026-02-11 20:54:00,2501.8,2501.8,2501.8,2501.8,1
ZFF,202602,2026-02-11 21:31:00,2502.0,2502.0,2501.8,2501.8,4
ZFF,202602,2026-02-11 21:33:00,2502.6,2504.0,2502.6,2504.0,2
ZFF,202602,2026-02-11 21:37:00,2505.0,2505.0,2505.0,2505.0,1
ZFF,202602,2026-02-11 21:54:00,2508.2,2508.2,2508.2,2508.2,2
ZFF,202602,2026-02-11 22:30:00,2508.4,2508.4,2508.4,2508.4,2
ZFF,202602,2026-02-11 22:35:00,2508.2,2508.2,2508.2,2508.2,2
ZFF,202602,2026-02-11 22:37:00,2507.6,2507.6,2507.6,2507.6,2
ZFF,202602,2026-02-11 22:38:00,2508.0,2508.0,2508.0,2508.0,2
ZFF,202602,2026-02-11 22:44:00,2507.6,2507.6,2507.6,2507.6,1
ZFF,202602,2026-02-11 22:50:00,2507.4,2507.4,2507.4,2507.4,1
ZFF,202602,2026-02-11 23:12:00,2507.2,2507.2,2507.2,2507.2,1
ZFF,202602,2026-02-11 23:14:00,2507.4,2507.4,2507.4,2507.4,6
ZFF,202602,2026-02-11 23:19:00,2507.2,2507.2,2507.2,2507.2,1
ZFF,202602,2026-02-11 23:20:00,2507.2,2507.2,2504.8,2504.8,7
ZFF,202602,2026-02-11 23:21:00,2504.8,2504.8,2504.8,2504.8,5
ZFF,202602,2026-02-11 23:23:00,2504.6,2504.6,2503.2,2503.2,13
ZFF,202602,2026-02-11 23:24:00,2503.2,2503.2,2503.0,2503.0,9
ZFF,202602,2026-02-11 23:25:00,2502.0,2502.0,2502.0,2502.0,6
ZFF,202602,2026-02-11 23:26:00,2502.0,2502.0,2502.0,2502.0,2
ZFF,202602,2026-02-11 23:47:00,2502.2,2502.2,2502.2,2502.2,1
ZFF,202602,2026-02-11 23:55:00,2502.2,2502.2,2502.2,2502.2,1
ZFF,202602,2026-02-11 23:56:00,2502.2,2502.2,2502.2,2502.2,1
ZFF,202602,2026-02-12 00:02:00,2503.0,2503.0,2503.0,2503.0,2
ZFF,202602,2026-02-12 00:28:00,2502.4,2502.4,2502.0,2502.0,2
ZFF,202602,2026-02-12 00:29:00,2501.8,2501.8,2501.8,2501.8,1
ZFF,202602,2026-02-12 04:00:00,2501.2,2501.2,2501.2,2501.2,1
ZFF,202602,2026-02-12 04:59:00,2507.4,2507.4,2507.4,2507.4,1
ZFF,202602/202603,2026-02-11 16:11:00,5.2,5.2,5.2,5.2,8
ZFF,202602/202603,2026-02-11 16:28:00,4.2,4.2,4.2,4.2,2
ZFF,202602/202603,2026-02-11 19:34:00,5.6,5.6,5.6,5.6,2
ZFF,202602/202603,2026-02-11 22:12:00,5.2,5.4,5.2,5.4,6
ZFF,202603,2026-02-11 15:47:00,2509.2,2509.2,2509.2,2509.2,1
ZFF,202603,2026-02-11 15:48:00,2509.0,2509.0,2509.0,2509.0,1
ZFF,202603,2026-02-11 16:10:00,2507.6,2507.6,2507.2,2507.2,11
ZFF,202603,2026-02-11 16:17:00,2507.4,2507.4,2507.4,2507.4,1
ZFF,202603,2026-02-11 16:22:00,2507.4,2507.6,2507.4,2507.6,8
ZFF,202603,2026-02-11 16:23:00,2507.2,2507.2,2507.2,2507.2,2
ZFF,202603,2026-02-11 16:24:00,2507.0,2507.0,2507.0,2507.0,2
ZFF,202603,2026-02-11 16:28:00,2505.6,2505.8,2505.6,2505.8,2
ZFF,202603,2026-02-11 17:01:00,2507.0,2507.0,2507.0,2507.0,2
ZFF,202603,2026-02-11 17:07:00,2507.2,2507.2,2507.2,2507.2,4
ZFF,202603,2026-02-11 17:09:00,2507.0,2507.0,2507.0,2507.0,2
ZFF,202603,2026-02-11 19:36:00,2507.0,2507.0,2507.0,2507.0,1
ZFF,202603,2026-02-11 20:21:00,2507.8,2507.8,2507.8,2507.8,2
ZFF,202603,2026-02-11 20:31:00,2510.4,2510.4,2510.4,2510.4,1
ZFF,202603,2026-02-11 21:31:00,2508.6,2508.8,2508.6,2508.8,4
ZFF,202603,2026-02-11 21:33:00,2509.0,2509.0,2509.0,2509.0,1
ZFF,202603,2026-02-11 21:37:00,2510.6,2510.6,2510.6,2510.6,1
ZFF,202603,2026-02-11 21:54:00,2513.8,2513.8,2513.8,2513.8,1
ZFF,202603,2026-02-11 22:04:00,2513.0,2513.0,2513.0,2513.0,1
ZFF,202603,2026-02-11 22:05:00,2512.6,2512.6,2512.6,2512.6,4
ZFF,202603,2026-02-11 22:06:00,2512.8,2512.8,2512.8,2512.8,4
ZFF,202603,2026-02-11 22:23:00,2513.2,2513.8,2513.2,2513.8,4
ZFF,202603,2026-02-11 22:26:00,2516.2,2516.2,2516.2,2516.2,1
ZFF,202603,2026-02-11 22:27:00,2516.2,2516.2,2516.2,2516.2,1
ZFF,202603,2026-02-11 22:32:00,2516.0,2516.0,2515.4,2515.4,4
ZFF,202603,2026-02-11 22:34:00,2514.8,2514.8,2514.8,2514.8,3
ZFF,202603,2026-02-11 22:51:00,2515.4,2515.4,2515.4,2515.4,1
ZFF,202603,2026-02-11 23:14:00,2514.8,2514.8,2514.8,2514.8,6
ZFF,202603,2026-02-11 23:22:00,2513.6,2513.6,2513.0,2513.0,4
ZFF,202603,2026-02-11 23:23:00,2512.0,2512.0,2512.0,2512.0,5
ZFF,202603,2026-02-11 23:24:00,2512.0,2512.0,2512.0,2512.0,5
ZFF,202603,2026-02-11 23:33:00,2511.8,2511.8,2511.8,2511.8,4
ZFF,202603,2026-02-11 23:36:00,2512.6,2512.6,2512.6,2512.6,1
ZFF,202603,2026-02-11 23:47:00,2512.4,2512.4,2512.4,2512.4,1
ZFF,202603,2026-02-12 00:30:00,2511.8,2511.8,2511.8,2511.8,1
ZFF,202603,2026-02-12 02:29:00,2515.0,2515.0,2515.0,2515.0,1
