symbol,exp_month,time,open,high,low,close,volume
CCF,202504,2025-04-02 17:26:00,44.65,44.65,44.65,44.65,1
CCF,202504,2025-04-02 17:32:00,44.9,44.9,44.9,44.9,1
CCF,202504,2025-04-02 17:33:00,44.9,44.9,44.9,44.9,1
CCF,202504,2025-04-02 17:48:00,45.1,45.1,45.1,45.1,1
CCF,202504,2025-04-02 18:06:00,45.3,45.3,45.3,45.3,1
CCF,202504,2025-04-02 18:11:00,45.25,45.25,45.25,45.25,1
CCF,202504,2025-04-02 18:36:00,45.2,45.2,45.2,45.2,1
CCF,202504,2025-04-02 20:01:00,45.25,45.25,45.25,45.25,1
CCF,202504,2025-04-02 20:12:00,45.2,45.2,45.2,45.2,1
CCF,202504,2025-04-02 20:24:00,45.2,45.2,45.2,45.2,1
CCF,202504,2025-04-02 20:56:00,45.25,45.25,45.25,45.25,1
CCF,202504,2025-04-02 21:09:00,45.25,45.25,45.25,45.25,1
CCF,202504,2025-04-02 21:15:00,45.2,45.2,45.2,45.2,2
CCF,202504,2025-04-02 21:22:00,45.25,45.25,45.25,45.25,1
CCF,202504,2025-04-02 21:30:00,45.2,45.2,44.8,44.8,34
CCF,202504,2025-04-02 21:31:00,44.8,45.2,44.75,45.2,3
CCF,202504,2025-04-02 21:32:00,44.8,44.8,44.75,44.75,3
CCF,202504,2025-04-02 21:35:00,44.9,44.9,44.9,44.9,1
CCF,202504,2025-04-02 21:37:00,45.0,45.0,45.0,45.0,1
CCF,202504,2025-04-02 21:39:00,45.05,45.05,45.05,45.05,2
CCF,202504,2025-04-02 21:40:00,45.0,45.0,45.0,45.0,1
CCF,202504,2025-04-02 21:46:00,44.9,44.9,44.75,44.75,8
CCF,202504,2025-04-02 21:47:00,44.7,44.7,44.7,44.7,7
CCF,202504,2025-04-02 21:48:00,44.7,44.7,44.65,44.65,10
CCF,202504,2025-04-02 21:50:00,44.7,44.7,44.65,44.65,3
CCF,202504,2025-04-02 21:53:00,44.65,44.65,44.65,44.65,2
CCF,202504,2025-04-02 21:54:00,44.6,44.6,44.55,44.55,10
CCF,202504,2025-04-02 21:57:00,44.55,44.55,44.55,44.55,3
CCF,202504,2025-04-02 21:58:00,44.5,44.5,44.45,44.5,6
CCF,202504,2025-04-02 21:59:00,44.4,44.4,44.3,44.3,6
CCF,202504,2025-04-02 22:00:00,44.3,44.3,44.3,44.3,2
CCF,202504,2025-04-02 22:04:00,44.65,44.8,44.65,44.8,16
CCF,202504,2025-04-02 22:06:00,44.75,44.75,44.75,44.75,1
CCF,202504,2025-04-02 22:07:00,44.75,44.75,44.7,44.7,4
CCF,202504,2025-04-02 22:11:00,44.5,44.5,44.5,44.5,2
CCF,202504,2025-04-02 22:12:00,44.55,44.55,44.45,44.45,3
CCF,202504,2025-04-02 22:13:00,44.5,44.5,44.45,44.45,3
CCF,202504,2025-04-02 22:14:00,44.5,44.5,44.5,44.5,1
CCF,202504,2025-04-02 22:15:00,44.5,44.5,44.5,44.5,1
CCF,202504,2025-04-02 22:17:00,44.65,44.65,44.65,44.65,2
CCF,202504,2025-04-02 22:20:00,44.6,44.6,44.6,44.6,1
CCF,202504,2025-04-02 22:27:00,44.5,44.5,44.45,44.45,6
CCF,202504,2025-04-02 22:28:00,44.4,44.45,44.4,44.45,2
CCF,202504,2025-04-02 22:30:00,44.4,44.4,44.4,44.4,6
CCF,202504,2025-04-02 22:36:00,44.35,44.35,44.3,44.3,11
CCF,202504,2025-04-02 22:37:00,44.3,44.3,44.3,44.3,5
CCF,202504,2025-04-02 22:38:00,44.3,44.3,44.3,44.3,4
CCF,202504,2025-04-02 22:39:00,44.25,44.25,44.25,44.25,8
CCF,202504,2025-04-02 22:40:00,44.25,44.25,44.25,44.25,5
CCF,202504,2025-04-02 22:46:00,44.4,44.4,44.4,44.4,1
CCF,202504,2025-04-02 22:47:00,44.4,44.4,44.4,44.4,1
CCF,202504,2025-04-02 22:48:00,44.45,44.45,44.3,44.3,37
CCF,202504,2025-04-02 22:51:00,44.3,44.3,44.3,44.3,1
CCF,202504,2025-04-02 22:54:00,44.45,44.45,44.45,44.45,1
CCF,202504,2025-04-02 22:55:00,44.5,44.55,44.5,44.55,2
CCF,202504,2025-04-02 22:56:00,44.6,44.6,44.6,44.6,1
CCF,202504,2025-04-02 23:00:00,44.5,44.5,44.4,44.4,32
CCF,202504,2025-04-02 23:01:00,44.4,44.45,44.4,44.4,12
CCF,202504,2025-04-02 23:02:00,44.4,44.4,44.4,44.4,2
CCF,202504,2025-04-02 23:04:00,44.45,44.45,44.45,44.45,5
CCF,202504,2025-04-02 23:08:00,44.45,44.45,44.45,44.45,7
CCF,202504,2025-04-02 23:24:00,44.45,44.45,44.45,44.45,1
CCF,202504,2025-04-02 23:25:00,44.45,44.45,44.45,44.45,4
CCF,202504,2025-04-02 23:27:00,44.45,44.45,44.45,44.45,6
CCF,202504,2025-04-02 23:28:00,44.45,44.45,44.45,44.45,1
CCF,202504,2025-04-02 23:29:00,44.45,44.45,44.45,44.45,2
CCF,202504,2025-04-02 23:30:00,44.45,44.45,44.45,44.45,17
CCF,202504,2025-04-02 23:31:00,44.5,44.6,44.5,44.6,4
CCF,202504,2025-04-02 23:33:00,44.6,44.6,44.6,44.6,1
CCF,202504,2025-04-02 23:39:00,44.6,44.65,44.6,44.65,3
CCF,202504,2025-04-02 23:40:00,44.65,44.65,44.65,44.65,1
CCF,202504,2025-04-02 23:57:00,44.65,44.65,44.65,44.65,1
CCF,202504,2025-04-03 00:06:00,44.7,44.75,44.7,44.75,9
CCF,202504,2025-04-03 00:12:00,44.8,44.85,44.8,44.85,4
CCF,202504,2025-04-03 00:13:00,44.85,44.85,44.85,44.85,2
CCF,202504,2025-04-03 00:23:00,44.9,44.9,44.9,44.9,9
CCF,202504,2025-04-03 00:30:00,44.95,45.0,44.95,45.0,3
CCF,202504,2025-04-03 00:32:00,45.0,45.0,45.0,45.0,4
CCF,202504,2025-04-03 00:49:00,44.95,44.95,44.95,44.95,2
CCF,202504,2025-04-03 00:56:00,45.0,45.0,45.0,45.0,7
CCF,202504,2025-04-03 01:09:00,45.05,45.05,45.05,45.05,15
CCF,202504,2025-04-03 01:10:00,45.0,45.0,45.0,45.0,1
CCF,202504,2025-04-03 01:16:00,45.15,45.15,45.15,45.15,2
CCF,202504,2025-04-03 01:17:00,45.15,45.15,45.15,45.15,1
CCF,202504,2025-04-03 01:26:00,45.1,45.1,45.1,45.1,1
CCF,202504,2025-04-03 01:33:00,45.05,45.05,45.05,45.05,1
CCF,202504,2025-04-03 01:47:00,44.95,44.95,44.95,44.95,2
CCF,202504,2025-04-03 01:51:00,44.95,44.95,44.95,44.95,1
CCF,202504,2025-04-03 01:54:00,44.9,44.9,44.9,44.9,1
CCF,202504,2025-04-03 02:05:00,44.85,44.85,44.85,44.85,2
CCF,202504,2025-04-03 02:16:00,44.8,44.8,44.8,44.8,10
CCF,202504,2025-04-03 02:18:00,44.8,44.8,44.8,44.8,3
CCF,202504,2025-04-03 02:44:00,44.75,44.75,44.7,44.7,8
CCF,202504,2025-04-03 03:12:00,44.7,44.7,44.7,44.7,2
CCF,202504,2025-04-03 03:15:00,44.65,44.65,44.65,44.65,3
CCF,202504,2025-04-03 03:36:00,44.65,44.65,44.65,44.65,1
CCF,202504,2025-04-03 03:43:00,44.8,44.8,44.8,44.8,1
CCF,202504,2025-04-03 03:44:00,44.85,45.0,44.85,45.0,2
CCF,202504,2025-04-03 03:46:00,45.0,45.0,45.0,45.0,1
CCF,202504,2025-04-03 03:52:00,45.05,45.05,45.05,45.05,1
CCF,202504,2025-04-03 03:59:00,44.85,44.85,44.85,44.85,2
CCF,202504,2025-04-03 04:07:00,45.0,45.0,45.0,45.0,1
CCF,202504,2025-04-03 04:16:00,45.05,45.05,45.05,45.05,1
CCF,202504,2025-04-03 04:17:00,45.0,45.0,45.0,45.0,13
CCF,202504,2025-04-03 04:21:00,44.95,44.95,44.95,44.95,3
CCF,202504,2025-04-03 04:28:00,44.65,44.65,44.65,44.65,2
CCF,202504,2025-04-03 04:30:00,44.65,44.65,44.6,44.6,8
CCF,202504,2025-04-03 04:38:00,44.6,44.6,44.5,44.5,28
CCF,202504,2025-04-03 04:40:00,44.5,44.5,44.5,44.5,2
CCF,202504,2025-04-03 04:41:00,44.5,44.5,44.5,44.5,1
CCF,202504,2025-04-03 04:42:00,44.5,44.5,44.5,44.5,6
CCF,202504,2025-04-03 04:44:00,44.5,44.5,44.5,44.5,1
CCF,202504,2025-04-03 04:45:00,44.5,44.5,44.4,44.4,24
CCF,202504,2025-04-03 04:46:00,44.4,44.4,44.35,44.35,4
CCF,202504,2025-04-03 04:48:00,44.35,44.35,44.35,44.35,5
CCF,202504,2025-04-03 04:53:00,44.35,44.35,44.35,44.35,19
CCF,202504,2025-04-03 04:55:00,44.5,44.5,44.5,44.5,1
CCF,202504,2025-04-03 04:57:00,44.45,44.45,44.45,44.45,1
CCF,202504,2025-04-03 04:59:00,44.45,44.45,44.35,44.35,8
CCF,202505,2025-04-02 21:35:00,44.95,44.95,44.95,44.95,2
CCF,202505,2025-04-02 21:39:00,45.05,45.05,45.05,45.05,2
CCF,202505,2025-04-02 21:54:00,44.65,44.65,44.65,44.65,2
CCF,202505,2025-04-02 22:20:00,44.65,44.65,44.65,44.65,1
CCF,202505,2025-04-02 23:00:00,44.5,44.5,44.45,44.45,11
CCF,202505,2025-04-02 23:01:00,44.45,44.45,44.45,44.45,2
CCF,202505,2025-04-02 23:04:00,44.45,44.45,44.45,44.45,5
CCF,202505,2025-04-02 23:08:00,44.45,44.45,44.45,44.45,3
CCF,202505,2025-04-03 00:06:00,44.75,44.75,44.75,44.75,1
CCF,202505,2025-04-03 01:47:00,45.0,45.0,45.0,45.0,1
CCF,202505,2025-04-03 02:44:00,44.75,44.75,44.75,44.75,2
CCF,202505,2025-04-03 03:15:00,44.7,44.7,44.7,44.7,1
CCF,202505,2025-04-03 04:28:00,44.7,44.7,44.7,44.7,1
CCF,202505,2025-04-03 04:45:00,44.45,44.45,44.45,44.45,1
CCF,202505,2025-04-03 04:46:00,44.45,44.45,44.45,44.45,1
CCF,202506,2025-04-02 21:54:00,44.7,44.7,44.7,44.7,1
CDF,202504,2025-04-02 17:27:00,943.0,943.0,943.0,943.0,2
CDF,202504,2025-04-02 17:33:00,944.0,944.0,944.0,944.0,1
CDF,202504,2025-04-02 17:37:00,944.0,944.0,944.0,944.0,4
CDF,202504,2025-04-02 17:39:00,944.0,944.0,944.0,944.0,2
CDF,202504,2025-04-02 17:42:00,943.0,943.0,943.0,943.0,1
CDF,202504,2025-04-02 17:47:00,944.0,944.0,944.0,944.0,3
CDF,202504,2025-04-02 17:49:00,944.0,944.0,944.0,944.0,1
CDF,202504,2025-04-02 17:52:00,944.0,944.0,944.0,944.0,1
CDF,202504,2025-04-02 17:53:00,944.0,944.0,944.0,944.0,1
CDF,202504,2025-04-02 17:55:00,944.0,944.0,944.0,944.0,1
CDF,202504,2025-04-02 17:56:00,944.0,944.0,944.0,944.0,1
CDF,202504,2025-04-02 18:02:00,943.0,943.0,943.0,943.0,6
CDF,202504,2025-04-02 18:08:00,943.0,943.0,943.0,943.0,2
CDF,202504,2025-04-02 18:10:00,942.0,942.0,942.0,942.0,1
CDF,202504,2025-04-02 18:12:00,942.0,942.0,942.0,942.0,1
CDF,202504,2025-04-02 18:13:00,942.0,942.0,942.0,942.0,1
CDF,202504,2025-04-02 18:17:00,943.0,943.0,943.0,943.0,1
CDF,202504,2025-04-02 18:19:00,943.0,943.0,943.0,943.0,2
CDF,202504,2025-04-02 18:28:00,942.0,942.0,942.0,942.0,7
CDF,202504,2025-04-02 18:31:00,942.0,942.0,938.0,938.0,65
CDF,202504,2025-04-02 18:32:00,939.0,939.0,939.0,939.0,2
CDF,202504,2025-04-02 18:33:00,939.0,939.0,939.0,939.0,1
CDF,202504,2025-04-02 18:35:00,939.0,939.0,939.0,939.0,2
CDF,202504,2025-04-02 18:36:00,939.0,939.0,939.0,939.0,1
CDF,202504,2025-04-02 18:37:00,939.0,939.0,939.0,939.0,1
CDF,202504,2025-04-02 18:46:00,940.0,940.0,940.0,940.0,6
CDF,202504,2025-04-02 18:47:00,941.0,942.0,941.0,942.0,7
CDF,202504,2025-04-02 18:48:00,942.0,942.0,942.0,942.0,3
CDF,202504,2025-04-02 18:50:00,942.0,942.0,942.0,942.0,2
CDF,202504,2025-04-02 18:51:00,942.0,942.0,942.0,942.0,1
CDF,202504,2025-04-02 18:53:00,942.0,942.0,942.0,942.0,1
CDF,202504,2025-04-02 18:57:00,941.0,941.0,941.0,941.0,1
CDF,202504,2025-04-02 18:58:00,941.0,941.0,941.0,941.0,3
CDF,202504,2025-04-02 19:00:00,941.0,941.0,941.0,941.0,1
CDF,202504,2025-04-02 19:02:00,940.0,940.0,940.0,940.0,1
CDF,202504,2025-04-02 19:03:00,940.0,940.0,940.0,940.0,4
CDF,202504,2025-04-02 19:04:00,940.0,940.0,940.0,940.0,1
CDF,202504,2025-04-02 19:07:00,941.0,941.0,941.0,941.0,2
CDF,202504,2025-04-02 19:10:00,941.0,941.0,941.0,941.0,1
CDF,202504,2025-04-02 19:16:00,941.0,941.0,941.0,941.0,1
CDF,202504,2025-04-02 19:29:00,942.0,942.0,941.0,941.0,2
CDF,202504,2025-04-02 19:32:00,942.0,942.0,942.0,942.0,2
CDF,202504,2025-04-02 19:33:00,942.0,942.0,942.0,942.0,1
CDF,202504,2025-04-02 20:00:00,941.0,941.0,941.0,941.0,1
CDF,202504,2025-04-02 20:02:00,941.0,941.0,941.0,941.0,2
CDF,202504,2025-04-02 20:04:00,940.0,940.0,940.0,940.0,1
CDF,202504,2025-04-02 20:06:00,940.0,940.0,940.0,940.0,1
CDF,202504,2025-04-02 20:07:00,940.0,940.0,940.0,940.0,1
CDF,202504,2025-04-02 20:09:00,939.0,939.0,939.0,939.0,1
CDF,202504,2025-04-02 20:10:00,939.0,939.0,939.0,939.0,1
CDF,202504,2025-04-02 20:14:00,940.0,940.0,940.0,940.0,1
CDF,202504,2025-04-02 20:20:00,940.0,940.0,940.0,940.0,1
CDF,202504,2025-04-02 20:21:00,940.0,940.0,940.0,940.0,3
CDF,202504,2025-04-02 20:23:00,940.0,940.0,939.0,939.0,7
CDF,202504,2025-04-02 20:27:00,940.0,940.0,940.0,940.0,4
CDF,202504,2025-04-02 20:38:00,940.0,940.0,940.0,940.0,4
CDF,202504,2025-04-02 20:40:00,940.0,940.0,940.0,940.0,1
CDF,202504,2025-04-02 20:49:00,940.0,940.0,940.0,940.0,1
CDF,202504,2025-04-02 20:53:00,940.0,940.0,940.0,940.0,3
CDF,202504,2025-04-02 21:00:00,940.0,940.0,940.0,940.0,2
CDF,202504,2025-04-02 21:05:00,940.0,940.0,940.0,940.0,2
CDF,202504,2025-04-02 21:07:00,940.0,940.0,940.0,940.0,2
CDF,202504,2025-04-02 21:14:00,939.0,939.0,939.0,939.0,13
CDF,202504,2025-04-02 21:15:00,939.0,939.0,939.0,939.0,1
CDF,202504,2025-04-02 21:22:00,939.0,939.0,939.0,939.0,2
CDF,202504,2025-04-02 21:24:00,939.0,939.0,939.0,939.0,1
CDF,202504,2025-04-02 21:27:00,939.0,939.0,939.0,939.0,1
CDF,202504,2025-04-02 21:29:00,939.0,940.0,939.0,940.0,5
CDF,202504,2025-04-02 21:30:00,940.0,940.0,939.0,939.0,4
CDF,202504,2025-04-02 21:33:00,940.0,940.0,940.0,940.0,5
CDF,202504,2025-04-02 21:35:00,941.0,942.0,941.0,942.0,16
CDF,202504,2025-04-02 21:36:00,943.0,943.0,943.0,943.0,19
CDF,202504,2025-04-02 21:37:00,944.0,945.0,944.0,945.0,17
CDF,202504,2025-04-02 21:38:00,945.0,945.0,944.0,944.0,2
CDF,202504,2025-04-02 21:39:00,945.0,945.0,945.0,945.0,1
CDF,202504,2025-04-02 21:40:00,944.0,944.0,944.0,944.0,9
CDF,202504,2025-04-02 21:42:00,944.0,944.0,944.0,944.0,4
CDF,202504,2025-04-02 21:44:00,944.0,944.0,944.0,944.0,8
CDF,202504,2025-04-02 21:45:00,945.0,945.0,945.0,945.0,6
CDF,202504,2025-04-02 21:46:00,946.0,947.0,946.0,947.0,17
CDF,202504,2025-04-02 21:47:00,947.0,947.0,946.0,946.0,9
CDF,202504,2025-04-02 21:48:00,946.0,946.0,946.0,946.0,1
CDF,202504,2025-04-02 21:49:00,946.0,946.0,946.0,946.0,3
CDF,202504,2025-04-02 21:50:00,946.0,947.0,946.0,947.0,3
CDF,202504,2025-04-02 21:51:00,947.0,947.0,947.0,947.0,1
CDF,202504,2025-04-02 21:52:00,947.0,947.0,947.0,947.0,10
CDF,202504,2025-04-02 21:53:00,947.0,948.0,947.0,948.0,4
CDF,202504,2025-04-02 21:54:00,946.0,946.0,946.0,946.0,1
CDF,202504,2025-04-02 21:55:00,946.0,946.0,946.0,946.0,8
CDF,202504,2025-04-02 21:56:00,946.0,947.0,946.0,947.0,3
CDF,202504,2025-04-02 21:57:00,947.0,947.0,947.0,947.0,1
CDF,202504,2025-04-02 21:59:00,946.0,946.0,946.0,946.0,1
CDF,202504,2025-04-02 22:00:00,946.0,946.0,946.0,946.0,5
CDF,202504,2025-04-02 22:01:00,947.0,947.0,947.0,947.0,5
CDF,202504,2025-04-02 22:02:00,948.0,948.0,948.0,948.0,2
CDF,202504,2025-04-02 22:03:00,948.0,949.0,948.0,949.0,6
CDF,202504,2025-04-02 22:04:00,949.0,950.0,949.0,949.0,11
CDF,202504,2025-04-02 22:05:00,949.0,949.0,949.0,949.0,18
CDF,202504,2025-04-02 22:06:00,949.0,949.0,949.0,949.0,1
CDF,202504,2025-04-02 22:08:00,948.0,948.0,948.0,948.0,9
CDF,202504,2025-04-02 22:09:00,947.0,947.0,947.0,947.0,7
CDF,202504,2025-04-02 22:10:00,947.0,947.0,947.0,947.0,1
CDF,202504,2025-04-02 22:11:00,946.0,946.0,946.0,946.0,5
CDF,202504,2025-04-02 22:12:00,946.0,946.0,946.0,946.0,1
CDF,202504,2025-04-02 22:13:00,947.0,947.0,947.0,947.0,3
CDF,202504,2025-04-02 22:14:00,946.0,946.0,946.0,946.0,4
CDF,202504,2025-04-02 22:15:00,946.0,946.0,946.0,946.0,5
CDF,202504,2025-04-02 22:16:00,946.0,946.0,946.0,946.0,1
CDF,202504,2025-04-02 22:19:00,947.0,947.0,947.0,947.0,1
CDF,202504,2025-04-02 22:20:00,947.0,947.0,947.0,947.0,3
CDF,202504,2025-04-02 22:21:00,947.0,947.0,947.0,947.0,4
CDF,202504,2025-04-02 22:22:00,947.0,947.0,947.0,947.0,6
CDF,202504,2025-04-02 22:23:00,947.0,947.0,947.0,947.0,5
CDF,202504,2025-04-02 22:24:00,948.0,948.0,948.0,948.0,2
CDF,202504,2025-04-02 22:25:00,947.0,947.0,947.0,947.0,4
CDF,202504,2025-04-02 22:26:00,947.0,947.0,947.0,947.0,12
CDF,202504,2025-04-02 22:27:00,947.0,947.0,947.0,947.0,1
CDF,202504,2025-04-02 22:28:00,947.0,947.0,947.0,947.0,2
CDF,202504,2025-04-02 22:30:00,948.0,948.0,948.0,948.0,1
CDF,202504,2025-04-02 22:31:00,948.0,948.0,948.0,948.0,1
CDF,202504,2025-04-02 22:32:00,948.0,948.0,948.0,948.0,10
CDF,202504,2025-04-02 22:38:00,947.0,947.0,947.0,947.0,2
CDF,202504,2025-04-02 22:39:00,947.0,947.0,947.0,947.0,1
CDF,202504,2025-04-02 22:40:00,947.0,947.0,947.0,947.0,1
CDF,202504,2025-04-02 22:41:00,948.0,948.0,948.0,948.0,1
CDF,202504,2025-04-02 22:42:00,948.0,948.0,948.0,948.0,1
CDF,202504,2025-04-02 22:44:00,947.0,947.0,947.0,947.0,8
CDF,202504,2025-04-02 22:45:00,947.0,947.0,947.0,947.0,1
CDF,202504,2025-04-02 22:47:00,947.0,947.0,947.0,947.0,3
CDF,202504,2025-04-02 22:48:00,947.0,947.0,947.0,947.0,1
CDF,202504,2025-04-02 22:49:00,947.0,947.0,947.0,947.0,2
CDF,202504,2025-04-02 22:51:00,948.0,948.0,948.0,948.0,14
CDF,202504,2025-04-02 22:52:00,949.0,949.0,949.0,949.0,20
CDF,202504,2025-04-02 22:54:00,948.0,948.0,948.0,948.0,1
CDF,202504,2025-04-02 22:57:00,949.0,949.0,949.0,949.0,2
CDF,202504,2025-04-02 22:58:00,949.0,949.0,949.0,949.0,1
CDF,202504,2025-04-02 22:59:00,950.0,950.0,950.0,950.0,22
CDF,202504,2025-04-02 23:00:00,950.0,950.0,949.0,949.0,3
CDF,202504,2025-04-02 23:01:00,949.0,949.0,949.0,949.0,1
CDF,202504,2025-04-02 23:03:00,949.0,949.0,949.0,949.0,1
CDF,202504,2025-04-02 23:05:00,949.0,949.0,949.0,949.0,5
CDF,202504,2025-04-02 23:06:00,950.0,950.0,950.0,950.0,1
CDF,202504,2025-04-02 23:07:00,950.0,950.0,950.0,950.0,7
CDF,202504,2025-04-02 23:08:00,950.0,950.0,950.0,950.0,2
CDF,202504,2025-04-02 23:11:00,949.0,949.0,949.0,949.0,7
CDF,202504,2025-04-02 23:12:00,949.0,949.0,949.0,949.0,3
CDF,202504,2025-04-02 23:15:00,948.0,948.0,948.0,948.0,5
CDF,202504,2025-04-02 23:18:00,949.0,949.0,949.0,949.0,5
CDF,202504,2025-04-02 23:20:00,950.0,950.0,950.0,950.0,8
CDF,202504,2025-04-02 23:21:00,951.0,951.0,951.0,951.0,5
CDF,202504,2025-04-02 23:22:00,951.0,951.0,951.0,951.0,2
CDF,202504,2025-04-02 23:23:00,951.0,951.0,951.0,951.0,10
CDF,202504,2025-04-02 23:24:00,951.0,952.0,951.0,952.0,28
CDF,202504,2025-04-02 23:25:00,952.0,952.0,952.0,952.0,2
CDF,202504,2025-04-02 23:26:00,952.0,953.0,952.0,953.0,5
CDF,202504,2025-04-02 23:27:00,953.0,953.0,953.0,953.0,1
CDF,202504,2025-04-02 23:28:00,952.0,953.0,952.0,953.0,2
CDF,202504,2025-04-02 23:29:00,953.0,953.0,953.0,953.0,8
CDF,202504,2025-04-02 23:32:00,953.0,953.0,953.0,953.0,1
CDF,202504,2025-04-02 23:33:00,952.0,953.0,952.0,953.0,22
CDF,202504,2025-04-02 23:34:00,953.0,954.0,953.0,954.0,6
CDF,202504,2025-04-02 23:35:00,953.0,953.0,953.0,953.0,1
CDF,202504,2025-04-02 23:36:00,953.0,953.0,953.0,953.0,8
CDF,202504,2025-04-02 23:37:00,953.0,953.0,953.0,953.0,3
CDF,202504,2025-04-02 23:40:00,952.0,952.0,952.0,952.0,1
CDF,202504,2025-04-02 23:41:00,952.0,952.0,952.0,952.0,1
CDF,202504,2025-04-02 23:44:00,952.0,952.0,951.0,951.0,13
CDF,202504,2025-04-02 23:45:00,951.0,951.0,951.0,951.0,2
CDF,202504,2025-04-02 23:46:00,951.0,951.0,951.0,951.0,1
CDF,202504,2025-04-02 23:47:00,951.0,951.0,951.0,951.0,4
CDF,202504,2025-04-02 23:48:00,951.0,951.0,951.0,951.0,2
CDF,202504,2025-04-02 23:51:00,951.0,951.0,951.0,951.0,1
CDF,202504,2025-04-02 23:52:00,951.0,951.0,951.0,951.0,3
CDF,202504,2025-04-02 23:53:00,951.0,951.0,951.0,951.0,2
CDF,202504,2025-04-02 23:55:00,952.0,952.0,952.0,952.0,3
CDF,202504,2025-04-02 23:57:00,952.0,952.0,952.0,952.0,5
CDF,202504,2025-04-02 23:58:00,952.0,952.0,952.0,952.0,1
CDF,202504,2025-04-03 00:01:00,952.0,952.0,952.0,952.0,1
CDF,202504,2025-04-03 00:03:00,952.0,952.0,952.0,952.0,1
CDF,202504,2025-04-03 00:04:00,952.0,952.0,952.0,952.0,1
CDF,202504,2025-04-03 00:06:00,952.0,952.0,952.0,952.0,2
CDF,202504,2025-04-03 00:10:00,952.0,952.0,952.0,952.0,23
CDF,202504,2025-04-03 00:12:00,953.0,954.0,953.0,954.0,11
CDF,202504,2025-04-03 00:16:00,954.0,954.0,954.0,954.0,21
CDF,202504,2025-04-03 00:17:00,954.0,954.0,954.0,954.0,1
CDF,202504,2025-04-03 00:18:00,954.0,954.0,954.0,954.0,1
CDF,202504,2025-04-03 00:19:00,954.0,954.0,954.0,954.0,2
CDF,202504,2025-04-03 00:21:00,955.0,955.0,955.0,955.0,3
CDF,202504,2025-04-03 00:23:00,955.0,955.0,955.0,955.0,15
CDF,202504,2025-04-03 00:24:00,955.0,955.0,955.0,955.0,1
CDF,202504,2025-04-03 00:26:00,956.0,956.0,956.0,956.0,1
CDF,202504,2025-04-03 00:27:00,956.0,956.0,955.0,955.0,3
CDF,202504,2025-04-03 00:28:00,956.0,956.0,956.0,956.0,14
CDF,202504,2025-04-03 00:30:00,956.0,956.0,956.0,956.0,10
CDF,202504,2025-04-03 00:31:00,956.0,957.0,956.0,957.0,6
CDF,202504,2025-04-03 00:33:00,957.0,957.0,957.0,957.0,8
CDF,202504,2025-04-03 00:34:00,957.0,957.0,957.0,957.0,8
CDF,202504,2025-04-03 00:35:00,957.0,957.0,957.0,957.0,2
CDF,202504,2025-04-03 00:36:00,956.0,956.0,956.0,956.0,5
CDF,202504,2025-04-03 00:37:00,955.0,955.0,955.0,955.0,1
CDF,202504,2025-04-03 00:38:00,955.0,955.0,955.0,955.0,1
CDF,202504,2025-04-03 00:40:00,956.0,956.0,956.0,956.0,6
CDF,202504,2025-04-03 00:43:00,956.0,956.0,956.0,956.0,6
CDF,202504,2025-04-03 00:46:00,956.0,956.0,956.0,956.0,1
CDF,202504,2025-04-03 00:47:00,956.0,956.0,956.0,956.0,2
CDF,202504,2025-04-03 00:49:00,957.0,957.0,957.0,957.0,7
CDF,202504,2025-04-03 00:51:00,957.0,958.0,957.0,958.0,2
CDF,202504,2025-04-03 00:52:00,957.0,957.0,957.0,957.0,6
CDF,202504,2025-04-03 00:54:00,957.0,957.0,957.0,957.0,8
CDF,202504,2025-04-03 00:55:00,957.0,957.0,957.0,957.0,3
CDF,202504,2025-04-03 00:56:00,957.0,957.0,957.0,957.0,13
CDF,202504,2025-04-03 00:59:00,957.0,957.0,957.0,957.0,5
CDF,202504,2025-04-03 01:01:00,957.0,957.0,957.0,957.0,1
CDF,202504,2025-04-03 01:02:00,957.0,957.0,957.0,957.0,1
CDF,202504,2025-04-03 01:03:00,957.0,957.0,957.0,957.0,3
CDF,202504,2025-04-03 01:04:00,958.0,958.0,958.0,958.0,1
CDF,202504,2025-04-03 01:05:00,958.0,958.0,957.0,957.0,6
CDF,202504,2025-04-03 01:06:00,958.0,958.0,958.0,958.0,1
CDF,202504,2025-04-03 01:07:00,957.0,957.0,957.0,957.0,1
CDF,202504,2025-04-03 01:08:00,957.0,957.0,957.0,957.0,10
CDF,202504,2025-04-03 01:09:00,958.0,958.0,958.0,958.0,16
CDF,202504,2025-04-03 01:10:00,958.0,958.0,958.0,958.0,4
CDF,202504,2025-04-03 01:11:00,958.0,958.0,958.0,958.0,1
CDF,202504,2025-04-03 01:12:00,959.0,959.0,959.0,959.0,2
CDF,202504,2025-04-03 01:13:00,959.0,959.0,959.0,959.0,16
CDF,202504,2025-04-03 01:14:00,959.0,960.0,959.0,960.0,7
CDF,202504,2025-04-03 01:15:00,959.0,959.0,959.0,959.0,8
CDF,202504,2025-04-03 01:16:00,959.0,959.0,959.0,959.0,1
CDF,202504,2025-04-03 01:17:00,959.0,959.0,959.0,959.0,3
CDF,202504,2025-04-03 01:18:00,959.0,959.0,959.0,959.0,2
CDF,202504,2025-04-03 01:22:00,958.0,958.0,958.0,958.0,1
CDF,202504,2025-04-03 01:23:00,958.0,958.0,958.0,958.0,14
CDF,202504,2025-04-03 01:24:00,958.0,958.0,958.0,958.0,1
CDF,202504,2025-04-03 01:25:00,958.0,958.0,958.0,958.0,1
CDF,202504,2025-04-03 01:26:00,958.0,958.0,957.0,957.0,4
CDF,202504,2025-04-03 01:30:00,957.0,957.0,957.0,957.0,8
CDF,202504,2025-04-03 01:31:00,956.0,956.0,956.0,956.0,2
CDF,202504,2025-04-03 01:32:00,956.0,956.0,956.0,956.0,8
CDF,202504,2025-04-03 01:34:00,956.0,956.0,955.0,955.0,86
CDF,202504,2025-04-03 01:36:00,955.0,955.0,955.0,955.0,1
CDF,202504,2025-04-03 01:37:00,955.0,955.0,955.0,955.0,31
CDF,202504,2025-04-03 01:39:00,954.0,954.0,954.0,954.0,1
CDF,202504,2025-04-03 01:40:00,954.0,954.0,954.0,954.0,1
CDF,202504,2025-04-03 01:41:00,953.0,954.0,953.0,954.0,2
CDF,202504,2025-04-03 01:43:00,954.0,954.0,954.0,954.0,3
CDF,202504,2025-04-03 01:44:00,954.0,954.0,954.0,954.0,2
CDF,202504,2025-04-03 01:45:00,954.0,954.0,954.0,954.0,1
CDF,202504,2025-04-03 01:46:00,953.0,953.0,953.0,953.0,6
CDF,202504,2025-04-03 01:48:00,952.0,952.0,952.0,952.0,1
CDF,202504,2025-04-03 01:49:00,953.0,953.0,953.0,953.0,3
CDF,202504,2025-04-03 01:50:00,953.0,953.0,953.0,953.0,2
CDF,202504,2025-04-03 01:51:00,953.0,953.0,953.0,953.0,3
CDF,202504,2025-04-03 01:53:00,953.0,953.0,953.0,953.0,1
CDF,202504,2025-04-03 01:56:00,954.0,954.0,954.0,954.0,1
CDF,202504,2025-04-03 01:58:00,953.0,953.0,953.0,953.0,2
CDF,202504,2025-04-03 02:03:00,953.0,953.0,953.0,953.0,3
CDF,202504,2025-04-03 02:04:00,952.0,952.0,952.0,952.0,1
CDF,202504,2025-04-03 02:05:00,952.0,952.0,952.0,952.0,21
CDF,202504,2025-04-03 02:06:00,951.0,951.0,950.0,950.0,27
CDF,202504,2025-04-03 02:10:00,950.0,950.0,950.0,950.0,6
CDF,202504,2025-04-03 02:11:00,950.0,950.0,950.0,950.0,1
CDF,202504,2025-04-03 02:12:00,951.0,951.0,951.0,951.0,1
CDF,202504,2025-04-03 02:16:00,951.0,951.0,951.0,951.0,1
CDF,202504,2025-04-03 02:17:00,950.0,951.0,950.0,951.0,2
CDF,202504,2025-04-03 02:23:00,951.0,951.0,951.0,951.0,8
CDF,202504,2025-04-03 02:24:00,951.0,951.0,950.0,950.0,3
CDF,202504,2025-04-03 02:25:00,950.0,950.0,950.0,950.0,1
CDF,202504,2025-04-03 02:26:00,950.0,950.0,950.0,950.0,1
CDF,202504,2025-04-03 02:27:00,950.0,950.0,950.0,950.0,8
CDF,202504,2025-04-03 02:29:00,949.0,949.0,949.0,949.0,19
CDF,202504,2025-04-03 02:30:00,949.0,949.0,949.0,949.0,11
CDF,202504,2025-04-03 02:34:00,950.0,950.0,950.0,950.0,1
CDF,202504,2025-04-03 02:35:00,949.0,950.0,949.0,950.0,4
CDF,202504,2025-04-03 02:37:00,951.0,951.0,951.0,951.0,6
CDF,202504,2025-04-03 02:40:00,952.0,952.0,952.0,952.0,12
CDF,202504,2025-04-03 02:41:00,953.0,953.0,953.0,953.0,19
CDF,202504,2025-04-03 02:42:00,953.0,953.0,953.0,953.0,6
CDF,202504,2025-04-03 02:47:00,952.0,952.0,952.0,952.0,10
CDF,202504,2025-04-03 02:56:00,951.0,951.0,951.0,951.0,2
CDF,202504,2025-04-03 02:57:00,951.0,951.0,951.0,951.0,5
CDF,202504,2025-04-03 03:00:00,951.0,951.0,951.0,951.0,2
CDF,202504,2025-04-03 03:01:00,952.0,952.0,952.0,952.0,1
CDF,202504,2025-04-03 03:03:00,951.0,951.0,951.0,951.0,1
CDF,202504,2025-04-03 03:06:00,951.0,951.0,950.0,950.0,12
CDF,202504,2025-04-03 03:17:00,951.0,951.0,951.0,951.0,1
CDF,202504,2025-04-03 03:18:00,950.0,950.0,950.0,950.0,1
CDF,202504,2025-04-03 03:28:00,952.0,952.0,952.0,952.0,5
CDF,202504,2025-04-03 03:31:00,953.0,953.0,953.0,953.0,2
CDF,202504,2025-04-03 03:33:00,954.0,954.0,954.0,954.0,2
CDF,202504,2025-04-03 03:34:00,955.0,955.0,955.0,955.0,2
CDF,202504,2025-04-03 03:35:00,955.0,955.0,955.0,955.0,1
CDF,202504,2025-04-03 03:36:00,955.0,955.0,955.0,955.0,1
CDF,202504,2025-04-03 03:37:00,955.0,955.0,955.0,955.0,1
CDF,202504,2025-04-03 03:40:00,955.0,955.0,955.0,955.0,1
CDF,202504,2025-04-03 03:42:00,955.0,955.0,955.0,955.0,13
CDF,202504,2025-04-03 03:43:00,956.0,956.0,956.0,956.0,8
CDF,202504,2025-04-03 03:47:00,956.0,956.0,956.0,956.0,1
CDF,202504,2025-04-03 03:49:00,957.0,957.0,957.0,957.0,8
CDF,202504,2025-04-03 03:50:00,956.0,956.0,956.0,956.0,2
CDF,202504,2025-04-03 03:54:00,956.0,956.0,956.0,956.0,5
CDF,202504,2025-04-03 03:57:00,956.0,956.0,956.0,956.0,5
CDF,202504,2025-04-03 03:58:00,957.0,957.0,957.0,957.0,2
CDF,202504,2025-04-03 03:59:00,956.0,956.0,956.0,956.0,1
CDF,202504,2025-04-03 04:02:00,956.0,956.0,956.0,956.0,2
CDF,202504,2025-04-03 04:05:00,956.0,956.0,956.0,956.0,2
CDF,202504,2025-04-03 04:07:00,956.0,956.0,956.0,956.0,1
CDF,202504,2025-04-03 04:10:00,956.0,956.0,956.0,956.0,2
CDF,202504,2025-04-03 04:11:00,955.0,955.0,955.0,955.0,7
CDF,202504,2025-04-03 04:13:00,957.0,958.0,957.0,958.0,31
CDF,202504,2025-04-03 04:14:00,959.0,960.0,959.0,959.0,23
CDF,202504,2025-04-03 04:15:00,959.0,959.0,959.0,959.0,1
CDF,202504,2025-04-03 04:16:00,959.0,961.0,958.0,961.0,21
CDF,202504,2025-04-03 04:17:00,961.0,962.0,961.0,961.0,14
CDF,202504,2025-04-03 04:18:00,961.0,962.0,958.0,958.0,27
CDF,202504,2025-04-03 04:19:00,958.0,960.0,958.0,960.0,9
CDF,202504,2025-04-03 04:20:00,960.0,961.0,960.0,961.0,5
CDF,202504,2025-04-03 04:21:00,961.0,961.0,960.0,960.0,5
CDF,202504,2025-04-03 04:22:00,961.0,961.0,961.0,961.0,3
CDF,202504,2025-04-03 04:23:00,960.0,961.0,960.0,961.0,2
CDF,202504,2025-04-03 04:24:00,961.0,961.0,961.0,961.0,1
CDF,202504,2025-04-03 04:25:00,961.0,961.0,959.0,960.0,15
CDF,202504,2025-04-03 04:26:00,960.0,960.0,959.0,959.0,10
CDF,202504,2025-04-03 04:27:00,958.0,958.0,950.0,951.0,36
CDF,202504,2025-04-03 04:28:00,950.0,950.0,944.0,944.0,85
CDF,202504,2025-04-03 04:29:00,943.0,943.0,938.0,938.0,76
CDF,202504,2025-04-03 04:30:00,938.0,938.0,932.0,934.0,110
CDF,202504,2025-04-03 04:31:00,934.0,940.0,931.0,940.0,28
CDF,202504,2025-04-03 04:32:00,940.0,946.0,936.0,936.0,12
CDF,202504,2025-04-03 04:33:00,936.0,937.0,936.0,937.0,18
CDF,202504,2025-04-03 04:34:00,938.0,938.0,935.0,935.0,20
CDF,202504,2025-04-03 04:35:00,935.0,937.0,935.0,935.0,15
CDF,202504,2025-04-03 04:36:00,935.0,935.0,934.0,934.0,6
CDF,202504,2025-04-03 04:37:00,934.0,934.0,932.0,932.0,9
CDF,202504,2025-04-03 04:38:00,931.0,932.0,931.0,932.0,4
CDF,202504,2025-04-03 04:39:00,932.0,932.0,932.0,932.0,3
CDF,202504,2025-04-03 04:40:00,932.0,932.0,931.0,931.0,8
CDF,202504,2025-04-03 04:41:00,930.0,930.0,930.0,930.0,7
CDF,202504,2025-04-03 04:42:00,930.0,931.0,930.0,931.0,4
CDF,202504,2025-04-03 04:43:00,930.0,930.0,928.0,928.0,8
CDF,202504,2025-04-03 04:44:00,928.0,928.0,926.0,927.0,22
CDF,202504,2025-04-03 04:45:00,926.0,926.0,922.0,923.0,25
CDF,202504,2025-04-03 04:46:00,922.0,922.0,921.0,921.0,21
CDF,202504,2025-04-03 04:47:00,921.0,921.0,920.0,921.0,5
CDF,202504,2025-04-03 04:48:00,921.0,921.0,918.0,918.0,13
CDF,202504,2025-04-03 04:49:00,919.0,919.0,918.0,918.0,9
CDF,202504,2025-04-03 04:50:00,918.0,919.0,918.0,919.0,3
CDF,202504,2025-04-03 04:51:00,918.0,918.0,918.0,918.0,1
CDF,202504,2025-04-03 04:52:00,918.0,918.0,917.0,918.0,11
CDF,202504,2025-04-03 04:53:00,918.0,918.0,918.0,918.0,3
CDF,202504,2025-04-03 04:54:00,918.0,918.0,917.0,917.0,7
CDF,202504,2025-04-03 04:55:00,917.0,917.0,917.0,917.0,1
CDF,202504,2025-04-03 04:56:00,918.0,919.0,918.0,919.0,9
CDF,202504,2025-04-03 04:57:00,919.0,920.0,919.0,920.0,6
CDF,202504,2025-04-03 04:58:00,920.0,922.0,920.0,922.0,15
CDF,202504,2025-04-03 04:59:00,922.0,922.0,920.0,920.0,11
CDF,202504/202505,2025-04-02 17:41:00,1.6,1.6,1.6,1.6,2
CDF,202504/202505,2025-04-02 17:57:00,1.6,1.6,1.6,1.6,2
CDF,202504/202505,2025-04-02 18:35:00,1.6,1.6,1.6,1.6,20
CDF,202504/202505,2025-04-02 23:13:00,1.6,1.6,1.6,1.6,40
CDF,202504/202505,2025-04-03 00:14:00,1.6,1.6,1.6,1.6,2
CDF,202504/202505,2025-04-03 00:51:00,1.6,1.6,1.6,1.6,4
CDF,202504/202505,2025-04-03 00:55:00,1.6,1.6,1.6,1.6,4
CDF,202504/202505,2025-04-03 01:16:00,1.6,1.6,1.6,1.6,2
CDF,202504/202505,2025-04-03 01:49:00,1.6,1.6,1.6,1.6,2
CDF,202504/202505,2025-04-03 01:50:00,1.6,1.6,1.6,1.6,4
CDF,202504/202505,2025-04-03 01:53:00,1.6,1.6,1.6,1.6,2
CDF,202504/202505,2025-04-03 02:17:00,1.6,1.6,1.6,1.6,4
CDF,202504/202505,2025-04-03 02:30:00,1.61,1.61,1.61,1.61,2
CDF,202504/202505,2025-04-03 02:34:00,1.6,1.6,1.6,1.6,4
CDF,202504/202505,2025-04-03 02:38:00,1.6,1.6,1.6,1.6,6
CDF,202504/202505,2025-04-03 04:54:00,1.6,1.6,1.6,1.6,2
CDF,202504/202505,2025-04-03 04:55:00,1.6,1.6,1.6,1.6,4
CDF,202504/202506,2025-04-03 00:11:00,3.3,3.3,3.3,3.3,2
CDF,202504/202506,2025-04-03 04:54:00,3.3,3.3,3.3,3.3,2
CDF,202504/202509,2025-04-03 04:59:00,8.41,8.41,8.41,8.41,2
CDF,202504/202512,2025-04-03 04:59:00,12.71,12.71,12.71,12.71,2
CDF,202505,2025-04-02 17:42:00,945.0,945.0,945.0,945.0,1
CDF,202505,2025-04-02 18:10:00,944.0,944.0,944.0,944.0,1
CDF,202505,2025-04-02 18:31:00,943.0,943.0,940.0,940.0,17
CDF,202505,2025-04-02 18:32:00,941.0,941.0,941.0,941.0,2
CDF,202505,2025-04-02 18:33:00,941.0,941.0,941.0,941.0,1
CDF,202505,2025-04-02 18:35:00,941.0,941.0,941.0,941.0,1
CDF,202505,2025-04-02 18:45:00,941.0,941.0,941.0,941.0,1
CDF,202505,2025-04-02 18:47:00,943.0,943.0,943.0,943.0,3
CDF,202505,2025-04-02 18:52:00,944.0,944.0,944.0,944.0,6
CDF,202505,2025-04-02 19:02:00,942.0,942.0,942.0,942.0,1
CDF,202505,2025-04-02 20:09:00,941.0,941.0,941.0,941.0,1
CDF,202505,2025-04-02 20:10:00,941.0,941.0,941.0,941.0,2
CDF,202505,2025-04-02 20:38:00,941.0,941.0,941.0,941.0,1
CDF,202505,2025-04-02 21:27:00,941.0,941.0,941.0,941.0,1
CDF,202505,2025-04-02 21:35:00,943.0,943.0,943.0,943.0,1
CDF,202505,2025-04-02 21:36:00,944.0,944.0,944.0,944.0,1
CDF,202505,2025-04-02 21:37:00,945.0,945.0,945.0,945.0,2
CDF,202505,2025-04-02 21:42:00,946.0,946.0,946.0,946.0,1
CDF,202505,2025-04-02 21:46:00,947.0,947.0,947.0,947.0,1
CDF,202505,2025-04-02 21:52:00,949.0,949.0,949.0,949.0,1
CDF,202505,2025-04-02 21:53:00,949.0,949.0,949.0,949.0,1
CDF,202505,2025-04-02 22:04:00,951.0,951.0,951.0,951.0,1
CDF,202505,2025-04-02 22:06:00,951.0,951.0,951.0,951.0,1
CDF,202505,2025-04-02 22:08:00,950.0,950.0,950.0,950.0,2
CDF,202505,2025-04-02 22:09:00,949.0,949.0,949.0,949.0,1
CDF,202505,2025-04-02 22:24:00,949.0,949.0,949.0,949.0,2
CDF,202505,2025-04-02 22:28:00,949.0,949.0,949.0,949.0,1
CDF,202505,2025-04-02 22:37:00,949.0,949.0,949.0,949.0,1
CDF,202505,2025-04-02 22:39:00,949.0,949.0,949.0,949.0,1
CDF,202505,2025-04-02 22:52:00,950.0,950.0,950.0,950.0,3
CDF,202505,2025-04-02 23:31:00,954.0,954.0,954.0,954.0,1
CDF,202505,2025-04-02 23:34:00,955.0,955.0,955.0,955.0,1
CDF,202505,2025-04-02 23:40:00,954.0,954.0,954.0,954.0,1
CDF,202505,2025-04-02 23:41:00,954.0,954.0,954.0,954.0,1
CDF,202505,2025-04-02 23:42:00,954.0,954.0,954.0,954.0,2
CDF,202505,2025-04-02 23:44:00,954.0,954.0,952.0,952.0,7
CDF,202505,2025-04-02 23:48:00,952.0,952.0,952.0,952.0,1
CDF,202505,2025-04-03 00:04:00,954.0,954.0,954.0,954.0,1
CDF,202505,2025-04-03 00:20:00,956.0,956.0,956.0,956.0,3
CDF,202505,2025-04-03 00:25:00,957.0,957.0,957.0,957.0,1
CDF,202505,2025-04-03 00:26:00,957.0,957.0,957.0,957.0,1
CDF,202505,2025-04-03 00:29:00,957.0,958.0,957.0,958.0,4
CDF,202505,2025-04-03 00:30:00,957.0,958.0,957.0,958.0,4
CDF,202505,2025-04-03 00:35:00,958.0,958.0,958.0,958.0,1
CDF,202505,2025-04-03 00:37:00,957.0,957.0,957.0,957.0,1
CDF,202505,2025-04-03 00:40:00,957.0,957.0,957.0,957.0,1
CDF,202505,2025-04-03 00:43:00,957.0,957.0,957.0,957.0,1
CDF,202505,2025-04-03 00:47:00,957.0,957.0,957.0,957.0,2
CDF,202505,2025-04-03 00:52:00,958.0,958.0,958.0,958.0,1
CDF,202505,2025-04-03 00:54:00,958.0,958.0,958.0,958.0,2
CDF,202505,2025-04-03 00:55:00,958.0,958.0,958.0,958.0,3
CDF,202505,2025-04-03 01:03:00,958.0,958.0,958.0,958.0,3
CDF,202505,2025-04-03 01:05:00,960.0,960.0,960.0,960.0,1
CDF,202505,2025-04-03 01:08:00,959.0,959.0,959.0,959.0,1
CDF,202505,2025-04-03 01:09:00,959.0,959.0,959.0,959.0,1
CDF,202505,2025-04-03 01:10:00,959.0,959.0,959.0,959.0,2
CDF,202505,2025-04-03 01:11:00,959.0,959.0,959.0,959.0,1
CDF,202505,2025-04-03 01:12:00,960.0,960.0,960.0,960.0,2
CDF,202505,2025-04-03 01:26:00,958.0,959.0,958.0,959.0,4
CDF,202505,2025-04-03 01:32:00,958.0,958.0,958.0,958.0,2
CDF,202505,2025-04-03 01:34:00,958.0,958.0,957.0,957.0,3
CDF,202505,2025-04-03 01:41:00,955.0,955.0,955.0,955.0,1
CDF,202505,2025-04-03 01:43:00,955.0,955.0,955.0,955.0,1
CDF,202505,2025-04-03 01:44:00,955.0,955.0,955.0,955.0,1
CDF,202505,2025-04-03 01:48:00,954.0,954.0,954.0,954.0,1
CDF,202505,2025-04-03 01:49:00,954.0,954.0,954.0,954.0,1
CDF,202505,2025-04-03 01:50:00,954.0,954.0,954.0,954.0,1
CDF,202505,2025-04-03 01:59:00,954.0,954.0,954.0,954.0,1
CDF,202505,2025-04-03 02:04:00,954.0,954.0,954.0,954.0,1
CDF,202505,2025-04-03 02:06:00,952.0,952.0,952.0,952.0,2
CDF,202505,2025-04-03 02:17:00,952.0,952.0,952.0,952.0,6
CDF,202505,2025-04-03 02:24:00,952.0,952.0,952.0,952.0,1
CDF,202505,2025-04-03 02:29:00,951.0,951.0,951.0,951.0,5
CDF,202505,2025-04-03 02:30:00,951.0,951.0,951.0,951.0,1
CDF,202505,2025-04-03 02:35:00,951.0,951.0,951.0,951.0,2
CDF,202505,2025-04-03 03:01:00,954.0,954.0,954.0,954.0,1
CDF,202505,2025-04-03 03:03:00,952.0,952.0,952.0,952.0,1
CDF,202505,2025-04-03 03:17:00,953.0,953.0,953.0,953.0,1
CDF,202505,2025-04-03 03:46:00,958.0,958.0,958.0,958.0,1
CDF,202505,2025-04-03 04:11:00,957.0,957.0,957.0,957.0,1
CDF,202505,2025-04-03 04:16:00,962.0,962.0,962.0,962.0,1
CDF,202505,2025-04-03 04:17:00,963.0,963.0,963.0,963.0,1
CDF,202505,2025-04-03 04:24:00,962.0,962.0,962.0,962.0,1
CDF,202505,2025-04-03 04:25:00,961.0,961.0,961.0,961.0,1
CDF,202505,2025-04-03 04:27:00,956.0,956.0,952.0,952.0,3
CDF,202505,2025-04-03 04:28:00,951.0,951.0,946.0,946.0,16
CDF,202505,2025-04-03 04:29:00,944.0,944.0,940.0,940.0,13
CDF,202505,2025-04-03 04:30:00,939.0,939.0,935.0,937.0,12
CDF,202505,2025-04-03 04:31:00,938.0,940.0,938.0,940.0,4
CDF,202505,2025-04-03 04:32:00,942.0,942.0,942.0,942.0,1
CDF,202505,2025-04-03 04:36:00,936.0,936.0,936.0,936.0,1
CDF,202505,2025-04-03 04:37:00,935.0,935.0,935.0,935.0,2
CDF,202505,2025-04-03 04:39:00,934.0,934.0,934.0,934.0,1
CDF,202505,2025-04-03 04:40:00,933.0,933.0,933.0,933.0,1
CDF,202505,2025-04-03 04:42:00,932.0,933.0,932.0,933.0,3
CDF,202505,2025-04-03 04:43:00,931.0,931.0,930.0,930.0,2
CDF,202505,2025-04-03 04:44:00,930.0,930.0,928.0,928.0,4
CDF,202505,2025-04-03 04:45:00,927.0,927.0,925.0,925.0,4
CDF,202505,2025-04-03 04:46:00,923.0,923.0,923.0,923.0,1
CDF,202505,2025-04-03 04:47:00,923.0,923.0,922.0,923.0,3
CDF,202505,2025-04-03 04:48:00,921.0,921.0,920.0,920.0,2
CDF,202505,2025-04-03 04:49:00,920.0,920.0,920.0,920.0,4
CDF,202505,2025-04-03 04:50:00,920.0,920.0,920.0,920.0,2
CDF,202505,2025-04-03 04:51:00,920.0,920.0,920.0,920.0,1
CDF,202505,2025-04-03 04:52:00,919.0,919.0,919.0,919.0,3
CDF,202505,2025-04-03 04:53:00,920.0,920.0,920.0,920.0,2
CDF,202505,2025-04-03 04:54:00,919.0,919.0,919.0,919.0,5
CDF,202505,2025-04-03 04:55:00,919.0,919.0,919.0,919.0,2
CDF,202505,2025-04-03 04:56:00,920.0,920.0,920.0,920.0,1
CDF,202505,2025-04-03 04:57:00,921.0,922.0,921.0,922.0,3
CDF,202505/202506,2025-04-02 23:29:00,1.7,1.7,1.7,1.7,12
CDF,202506,2025-04-02 22:03:00,952.0,952.0,952.0,952.0,1
CDF,202506,2025-04-03 00:10:00,955.0,955.0,955.0,955.0,1
CDF,202506,2025-04-03 00:21:00,958.0,958.0,958.0,958.0,3
CDF,202506,2025-04-03 00:23:00,958.0,958.0,958.0,958.0,2
CDF,202506,2025-04-03 00:29:00,960.0,960.0,960.0,960.0,1
CDF,202506,2025-04-03 00:30:00,960.0,960.0,960.0,960.0,1
CDF,202506,2025-04-03 01:44:00,956.0,956.0,956.0,956.0,1
CDF,202506,2025-04-03 01:46:00,956.0,956.0,956.0,956.0,1
CDF,202506,2025-04-03 04:16:00,964.0,964.0,964.0,964.0,4
CDF,202506,2025-04-03 04:28:00,952.0,952.0,948.0,948.0,2
CDF,202506,2025-04-03 04:30:00,941.0,941.0,941.0,941.0,1
CDF,202506,2025-04-03 04:39:00,935.0,935.0,935.0,935.0,1
CDF,202506,2025-04-03 04:43:00,933.0,933.0,933.0,933.0,1
CDF,202506,2025-04-03 04:48:00,924.0,924.0,922.0,922.0,3
CDF,202506,2025-04-03 04:49:00,922.0,922.0,922.0,922.0,1
CDF,202506,2025-04-03 04:50:00,922.0,922.0,922.0,922.0,1
CDF,202506,2025-04-03 04:52:00,921.0,921.0,921.0,921.0,1
CDF,202506,2025-04-03 04:53:00,921.0,921.0,921.0,921.0,1
CDF,202506,2025-04-03 04:54:00,921.0,921.0,921.0,921.0,2
CDF,202506,2025-04-03 04:56:00,922.0,922.0,922.0,922.0,1
CDF,202506,2025-04-03 04:58:00,923.0,923.0,923.0,923.0,1
CDF,202509,2025-04-03 00:21:00,964.0,964.0,964.0,964.0,1
CDF,202509,2025-04-03 00:27:00,964.0,964.0,964.0,964.0,1
CDF,202509,2025-04-03 01:31:00,965.0,965.0,965.0,965.0,1
CDF,202512,2025-04-02 22:40:00,960.0,960.0,960.0,960.0,1
CDF,202512,2025-04-03 01:26:00,970.0,970.0,970.0,970.0,1
CDF,202512,2025-04-03 01:34:00,968.0,968.0,968.0,968.0,1
CDF,202512,2025-04-03 04:24:00,973.0,973.0,973.0,973.0,1
CDF,202512,2025-04-03 04:40:00,944.0,944.0,944.0,944.0,1
CDF,202512,2025-04-03 04:50:00,931.0,931.0,931.0,931.0,1
F1F,202506,2025-04-02 15:23:00,8620.0,8620.0,8620.0,8620.0,1
F1F,202506,2025-04-02 16:13:00,8584.0,8584.0,8584.0,8584.0,1
F1F,202506,2025-04-02 16:27:00,8596.0,8596.0,8596.0,8596.0,1
F1F,202506,2025-04-02 16:32:00,8597.0,8597.0,8597.0,8597.0,1
F1F,202506,2025-04-02 18:02:00,8571.0,8571.0,8566.0,8567.0,34
F1F,202506,2025-04-02 18:05:00,8563.0,8563.0,8563.0,8563.0,1
F1F,202506,2025-04-02 18:28:00,8574.0,8574.0,8572.0,8572.0,19
F1F,202506,2025-04-02 18:29:00,8576.0,8576.0,8576.0,8576.0,16
F1F,202506,2025-04-02 19:44:00,8571.0,8571.0,8571.0,8571.0,1
F1F,202506,2025-04-02 21:36:00,8588.0,8588.0,8588.0,8588.0,4
F1F,202506,2025-04-02 21:52:00,8578.0,8578.0,8578.0,8578.0,16
F1F,202506,2025-04-02 22:04:00,8588.0,8588.0,8588.0,8588.0,3
F1F,202506,2025-04-02 22:11:00,8593.0,8593.0,8593.0,8593.0,3
F1F,202506,2025-04-03 02:46:00,8592.0,8592.0,8592.0,8592.0,1
F1F,202506,2025-04-03 03:10:00,8586.0,8587.0,8585.0,8585.0,12
F1F,202506,2025-04-03 03:11:00,8585.0,8585.0,8585.0,8585.0,1
F1F,202506,2025-04-03 03:30:00,8593.0,8593.0,8593.0,8593.0,1
F1F,202506,2025-04-03 04:11:00,8620.0,8620.0,8620.0,8620.0,5
F1F,202509,2025-04-02 18:02:00,8592.0,8592.0,8592.0,8592.0,17
GDF,202504,2025-04-02 17:44:00,3140.9,3140.9,3140.9,3140.9,2
GDF,202504,2025-04-02 18:44:00,3131.2,3131.4,3130.5,3131.4,9
GDF,202504,2025-04-02 23:54:00,3142.2,3142.2,3142.2,3142.2,5
GDF,202504,2025-04-03 00:07:00,3143.2,3143.2,3143.2,3143.2,5
GDF,202504,2025-04-03 01:29:00,3140.0,3140.0,3140.0,3140.0,4
GDF,202504,2025-04-03 01:38:00,3136.8,3136.8,3136.8,3136.8,5
GDF,202504,2025-04-03 04:14:00,3131.8,3131.8,3131.8,3131.8,1
GDF,202506,2025-04-02 17:44:00,3166.9,3166.9,3166.9,3166.9,2
GDF,202506,2025-04-02 18:44:00,3157.2,3158.4,3157.2,3158.4,4
GDF,202506,2025-04-02 23:54:00,3168.2,3169.0,3168.2,3169.0,5
GDF,202506,2025-04-03 01:32:00,3171.0,3171.0,3171.0,3171.0,1
GDF,202506,2025-04-03 01:38:00,3168.3,3168.3,3168.3,3168.3,5
GDF,202506,2025-04-03 04:14:00,3152.8,3152.8,3152.8,3152.8,1
M1F,202504,2025-04-02 15:10:00,18296.0,18296.0,18285.0,18285.0,24
M1F,202504,2025-04-02 16:10:00,18270.0,18270.0,18270.0,18270.0,2
M1F,202504,2025-04-02 16:13:00,18285.0,18285.0,18285.0,18285.0,8
M1F,202504,2025-04-02 16:28:00,18288.0,18288.0,18288.0,18288.0,1
M1F,202504,2025-04-02 16:50:00,18288.0,18288.0,18288.0,18288.0,1
M1F,202504,2025-04-02 17:13:00,18287.0,18287.0,18287.0,18287.0,4
M1F,202504,2025-04-02 17:23:00,18286.0,18286.0,18286.0,18286.0,11
M1F,202504,2025-04-02 17:53:00,18287.0,18287.0,18287.0,18287.0,11
M1F,202504,2025-04-02 17:58:00,18281.0,18281.0,18281.0,18281.0,2
M1F,202504,2025-04-02 18:38:00,18256.0,18256.0,18256.0,18256.0,11
M1F,202504,2025-04-02 18:41:00,18250.0,18250.0,18246.0,18246.0,13
M1F,202504,2025-04-02 18:42:00,18252.0,18252.0,18252.0,18252.0,1
M1F,202504,2025-04-02 19:27:00,18259.0,18259.0,18259.0,18259.0,1
M1F,202504,2025-04-02 19:34:00,18260.0,18260.0,18260.0,18260.0,3
M1F,202504,2025-04-02 21:12:00,18243.0,18243.0,18243.0,18243.0,1
M1F,202504,2025-04-02 21:24:00,18223.0,18223.0,18223.0,18223.0,2
M1F,202504,2025-04-02 21:26:00,18220.0,18220.0,18220.0,18220.0,1
M1F,202504,2025-04-02 21:37:00,18271.0,18271.0,18271.0,18271.0,11
M1F,202504,2025-04-02 21:38:00,18266.0,18266.0,18266.0,18266.0,11
M1F,202504,2025-04-02 21:45:00,18277.0,18283.0,18277.0,18283.0,3
M1F,202504,2025-04-02 21:46:00,18302.0,18303.0,18302.0,18303.0,4
M1F,202504,2025-04-02 22:02:00,18300.0,18300.0,18300.0,18300.0,1
M1F,202504,2025-04-02 22:03:00,18334.0,18334.0,18334.0,18334.0,1
M1F,202504,2025-04-02 22:04:00,18335.0,18354.0,18335.0,18354.0,14
M1F,202504,2025-04-02 22:09:00,18309.0,18309.0,18309.0,18309.0,11
M1F,202504,2025-04-02 22:11:00,18303.0,18303.0,18303.0,18303.0,2
M1F,202504,2025-04-02 23:22:00,18374.0,18374.0,18374.0,18374.0,1
M1F,202504,2025-04-02 23:26:00,18391.0,18391.0,18391.0,18391.0,1
M1F,202504,2025-04-03 00:27:00,18400.0,18400.0,18400.0,18400.0,1
M1F,202504,2025-04-03 01:04:00,18417.0,18417.0,18417.0,18417.0,1
M1F,202504,2025-04-03 01:06:00,18422.0,18422.0,18422.0,18422.0,1
M1F,202504,2025-04-03 01:08:00,18421.0,18421.0,18421.0,18421.0,2
M1F,202504,2025-04-03 01:33:00,18390.0,18390.0,18390.0,18390.0,1
M1F,202504,2025-04-03 02:04:00,18335.0,18335.0,18335.0,18335.0,1
M1F,202504,2025-04-03 04:13:00,18387.0,18387.0,18387.0,18387.0,1
M1F,202504,2025-04-03 04:18:00,18357.0,18357.0,18357.0,18357.0,5
M1F,202504,2025-04-03 04:29:00,18129.0,18129.0,18129.0,18129.0,1
M1F,202504,2025-04-03 04:30:00,17988.0,17988.0,17988.0,17988.0,5
M1F,202504,2025-04-03 04:35:00,17994.0,17994.0,17994.0,17994.0,1
M1F,202504,2025-04-03 04:37:00,17988.0,17988.0,17988.0,17988.0,1
M1F,202504,2025-04-03 04:38:00,17977.0,17977.0,17976.0,17976.0,2
M1F,202504,2025-04-03 04:48:00,17805.0,17805.0,17805.0,17805.0,1
M1F,202504,2025-04-03 04:52:00,17841.0,17841.0,17841.0,17841.0,1
M1F,202504,2025-04-03 04:55:00,17833.0,17833.0,17833.0,17833.0,1
M1F,202505,2025-04-02 15:01:00,18307.0,18307.0,18307.0,18307.0,1
M1F,202505,2025-04-02 15:09:00,18310.0,18310.0,18310.0,18310.0,11
M1F,202505,2025-04-02 15:10:00,18310.0,18310.0,18296.0,18296.0,24
M1F,202505,2025-04-02 16:10:00,18283.0,18283.0,18283.0,18283.0,1
M1F,202505,2025-04-02 16:28:00,18301.0,18301.0,18301.0,18301.0,1
M1F,202505,2025-04-02 17:13:00,18300.0,18300.0,18300.0,18300.0,4
M1F,202505,2025-04-02 18:41:00,18258.0,18258.0,18258.0,18258.0,2
M1F,202505,2025-04-02 19:01:00,18255.0,18255.0,18255.0,18255.0,1
M1F,202505,2025-04-02 20:07:00,18252.0,18252.0,18252.0,18252.0,1
M1F,202505,2025-04-02 21:37:00,18283.0,18283.0,18283.0,18283.0,11
M1F,202505,2025-04-02 21:45:00,18289.0,18304.0,18289.0,18304.0,3
M1F,202505,2025-04-02 21:46:00,18314.0,18314.0,18314.0,18314.0,2
M1F,202505,2025-04-02 22:04:00,18347.0,18353.0,18347.0,18353.0,13
M1F,202505,2025-04-02 22:09:00,18321.0,18321.0,18321.0,18321.0,11
M1F,202505,2025-04-02 22:11:00,18315.0,18315.0,18315.0,18315.0,2
M1F,202505,2025-04-02 23:26:00,18401.0,18401.0,18401.0,18401.0,1
M1F,202505,2025-04-03 01:04:00,18427.0,18427.0,18427.0,18427.0,1
M1F,202505,2025-04-03 02:14:00,18330.0,18330.0,18330.0,18330.0,1
M1F,202505,2025-04-03 02:28:00,18297.0,18297.0,18297.0,18297.0,1
M1F,202505,2025-04-03 04:13:00,18397.0,18397.0,18397.0,18397.0,1
M1F,202505,2025-04-03 04:29:00,18147.0,18147.0,18147.0,18147.0,1
M1F,202505,2025-04-03 04:38:00,17997.0,17997.0,17997.0,17997.0,1
M1F,202505,2025-04-03 04:48:00,17827.0,17827.0,17827.0,17827.0,1
MTX,202504,2025-04-02 15:00:00,21302.0,21324.0,21300.0,21317.0,650
MTX,202504,2025-04-02 15:01:00,21315.0,21329.0,21309.0,21328.0,362
MTX,202504,2025-04-02 15:02:00,21329.0,21341.0,21323.0,21324.0,443
MTX,202504,2025-04-02 15:03:00,21325.0,21333.0,21323.0,21327.0,180
MTX,202504,2025-04-02 15:04:00,21326.0,21329.0,21321.0,21324.0,145
MTX,202504,2025-04-02 15:05:00,21324.0,21328.0,21307.0,21313.0,263
MTX,202504,2025-04-02 15:06:00,21312.0,21317.0,21305.0,21308.0,166
MTX,202504,2025-04-02 15:07:00,21309.0,21314.0,21302.0,21304.0,197
MTX,202504,2025-04-02 15:08:00,21305.0,21308.0,21297.0,21297.0,160
MTX,202504,2025-04-02 15:09:00,21298.0,21312.0,21297.0,21305.0,213
MTX,202504,2025-04-02 15:10:00,21307.0,21309.0,21302.0,21306.0,98
MTX,202504,2025-04-02 15:11:00,21306.0,21318.0,21306.0,21310.0,142
MTX,202504,2025-04-02 15:12:00,21310.0,21311.0,21296.0,21298.0,195
MTX,202504,2025-04-02 15:13:00,21298.0,21303.0,21298.0,21303.0,101
MTX,202504,2025-04-02 15:14:00,21304.0,21313.0,21300.0,21312.0,80
MTX,202504,2025-04-02 15:15:00,21313.0,21315.0,21310.0,21311.0,94
MTX,202504,2025-04-02 15:16:00,21311.0,21311.0,21304.0,21307.0,49
MTX,202504,2025-04-02 15:17:00,21305.0,21318.0,21304.0,21318.0,110
MTX,202504,2025-04-02 15:18:00,21316.0,21319.0,21310.0,21311.0,89
MTX,202504,2025-04-02 15:19:00,21311.0,21317.0,21308.0,21317.0,76
MTX,202504,2025-04-02 15:20:00,21314.0,21320.0,21307.0,21311.0,121
MTX,202504,2025-04-02 15:21:00,21311.0,21316.0,21311.0,21316.0,61
MTX,202504,2025-04-02 15:22:00,21315.0,21315.0,21307.0,21312.0,47
MTX,202504,2025-04-02 15:23:00,21311.0,21312.0,21309.0,21312.0,39
MTX,202504,2025-04-02 15:24:00,21312.0,21312.0,21302.0,21303.0,95
MTX,202504,2025-04-02 15:25:00,21304.0,21305.0,21289.0,21290.0,331
MTX,202504,2025-04-02 15:26:00,21290.0,21298.0,21290.0,21294.0,124
MTX,202504,2025-04-02 15:27:00,21294.0,21308.0,21292.0,21302.0,114
MTX,202504,2025-04-02 15:28:00,21301.0,21305.0,21299.0,21300.0,60
MTX,202504,2025-04-02 15:29:00,21301.0,21308.0,21299.0,21304.0,78
MTX,202504,2025-04-02 15:30:00,21304.0,21312.0,21303.0,21303.0,101
MTX,202504,2025-04-02 15:31:00,21302.0,21309.0,21299.0,21306.0,79
MTX,202504,2025-04-02 15:32:00,21307.0,21310.0,21306.0,21307.0,43
MTX,202504,2025-04-02 15:33:00,21306.0,21316.0,21305.0,21316.0,141
MTX,202504,2025-04-02 15:34:00,21316.0,21322.0,21313.0,21320.0,151
MTX,202504,2025-04-02 15:35:00,21319.0,21321.0,21313.0,21315.0,75
MTX,202504,2025-04-02 15:36:00,21315.0,21319.0,21310.0,21316.0,98
MTX,202504,2025-04-02 15:37:00,21315.0,21317.0,21296.0,21296.0,156
MTX,202504,2025-04-02 15:38:00,21295.0,21304.0,21295.0,21300.0,77
MTX,202504,2025-04-02 15:39:00,21299.0,21304.0,21292.0,21300.0,150
MTX,202504,2025-04-02 15:40:00,21300.0,21306.0,21295.0,21305.0,99
MTX,202504,2025-04-02 15:41:00,21306.0,21310.0,21303.0,21307.0,97
MTX,202504,2025-04-02 15:42:00,21305.0,21305.0,21295.0,21297.0,79
MTX,202504,2025-04-02 15:43:00,21296.0,21299.0,21295.0,21295.0,56
MTX,202504,2025-04-02 15:44:00,21295.0,21299.0,21293.0,21297.0,63
MTX,202504,2025-04-02 15:45:00,21298.0,21304.0,21297.0,21302.0,53
MTX,202504,2025-04-02 15:46:00,21303.0,21310.0,21303.0,21309.0,75
MTX,202504,2025-04-02 15:47:00,21308.0,21309.0,21303.0,21305.0,45
MTX,202504,2025-04-02 15:48:00,21304.0,21304.0,21300.0,21303.0,36
MTX,202504,2025-04-02 15:49:00,21304.0,21307.0,21298.0,21301.0,60
MTX,202504,2025-04-02 15:50:00,21301.0,21301.0,21296.0,21299.0,59
MTX,202504,2025-04-02 15:51:00,21298.0,21306.0,21298.0,21306.0,40
MTX,202504,2025-04-02 15:52:00,21306.0,21306.0,21302.0,21304.0,24
MTX,202504,2025-04-02 15:53:00,21303.0,21308.0,21299.0,21305.0,55
MTX,202504,2025-04-02 15:54:00,21304.0,21306.0,21301.0,21304.0,17
MTX,202504,2025-04-02 15:55:00,21303.0,21314.0,21298.0,21312.0,129
MTX,202504,2025-04-02 15:56:00,21312.0,21320.0,21312.0,21313.0,138
MTX,202504,2025-04-02 15:57:00,21312.0,21316.0,21310.0,21313.0,63
MTX,202504,2025-04-02 15:58:00,21316.0,21325.0,21316.0,21321.0,173
MTX,202504,2025-04-02 15:59:00,21323.0,21323.0,21316.0,21318.0,67
MTX,202504,2025-04-02 16:00:00,21319.0,21319.0,21307.0,21309.0,124
MTX,202504,2025-04-02 16:01:00,21310.0,21310.0,21287.0,21289.0,353
MTX,202504,2025-04-02 16:02:00,21289.0,21300.0,21283.0,21292.0,243
MTX,202504,2025-04-02 16:03:00,21294.0,21301.0,21294.0,21298.0,105
MTX,202504,2025-04-02 16:04:00,21299.0,21299.0,21285.0,21288.0,175
MTX,202504,2025-04-02 16:05:00,21288.0,21289.0,21281.0,21287.0,162
MTX,202504,2025-04-02 16:06:00,21289.0,21293.0,21285.0,21286.0,137
MTX,202504,2025-04-02 16:07:00,21286.0,21286.0,21278.0,21285.0,212
MTX,202504,2025-04-02 16:08:00,21288.0,21294.0,21286.0,21292.0,86
MTX,202504,2025-04-02 16:09:00,21292.0,21302.0,21292.0,21301.0,129
MTX,202504,2025-04-02 16:10:00,21301.0,21311.0,21300.0,21309.0,178
MTX,202504,2025-04-02 16:11:00,21311.0,21315.0,21309.0,21315.0,122
MTX,202504,2025-04-02 16:12:00,21313.0,21318.0,21312.0,21317.0,125
MTX,202504,2025-04-02 16:13:00,21317.0,21326.0,21312.0,21313.0,314
MTX,202504,2025-04-02 16:14:00,21313.0,21318.0,21313.0,21315.0,61
MTX,202504,2025-04-02 16:15:00,21315.0,21318.0,21307.0,21315.0,144
MTX,202504,2025-04-02 16:16:00,21315.0,21318.0,21312.0,21317.0,41
MTX,202504,2025-04-02 16:17:00,21316.0,21322.0,21314.0,21318.0,94
MTX,202504,2025-04-02 16:18:00,21319.0,21322.0,21315.0,21317.0,57
MTX,202504,2025-04-02 16:19:00,21316.0,21319.0,21315.0,21319.0,28
MTX,202504,2025-04-02 16:20:00,21318.0,21319.0,21313.0,21317.0,55
MTX,202504,2025-04-02 16:21:00,21318.0,21326.0,21316.0,21326.0,147
MTX,202504,2025-04-02 16:22:00,21326.0,21335.0,21326.0,21329.0,355
MTX,202504,2025-04-02 16:23:00,21329.0,21331.0,21328.0,21328.0,77
MTX,202504,2025-04-02 16:24:00,21330.0,21330.0,21318.0,21318.0,111
MTX,202504,2025-04-02 16:25:00,21318.0,21323.0,21315.0,21323.0,92
MTX,202504,2025-04-02 16:26:00,21322.0,21328.0,21319.0,21328.0,73
MTX,202504,2025-04-02 16:27:00,21328.0,21332.0,21327.0,21332.0,99
MTX,202504,2025-04-02 16:28:00,21332.0,21333.0,21331.0,21331.0,71
MTX,202504,2025-04-02 16:29:00,21331.0,21331.0,21327.0,21327.0,54
MTX,202504,2025-04-02 16:30:00,21327.0,21327.0,21321.0,21323.0,107
MTX,202504,2025-04-02 16:31:00,21323.0,21323.0,21318.0,21322.0,81
MTX,202504,2025-04-02 16:32:00,21323.0,21330.0,21323.0,21328.0,62
MTX,202504,2025-04-02 16:33:00,21328.0,21328.0,21324.0,21326.0,44
MTX,202504,2025-04-02 16:34:00,21326.0,21329.0,21323.0,21323.0,66
MTX,202504,2025-04-02 16:35:00,21323.0,21323.0,21319.0,21320.0,41
MTX,202504,2025-04-02 16:36:00,21320.0,21321.0,21318.0,21321.0,56
MTX,202504,2025-04-02 16:37:00,21322.0,21323.0,21319.0,21321.0,48
MTX,202504,2025-04-02 16:38:00,21320.0,21320.0,21316.0,21316.0,54
MTX,202504,2025-04-02 16:39:00,21317.0,21321.0,21317.0,21320.0,56
MTX,202504,2025-04-02 16:40:00,21319.0,21323.0,21318.0,21320.0,44
MTX,202504,2025-04-02 16:41:00,21320.0,21322.0,21320.0,21321.0,24
MTX,202504,2025-04-02 16:42:00,21321.0,21333.0,21321.0,21328.0,145
MTX,202504,2025-04-02 16:43:00,21328.0,21328.0,21326.0,21327.0,25
MTX,202504,2025-04-02 16:44:00,21326.0,21327.0,21324.0,21326.0,29
MTX,202504,2025-04-02 16:45:00,21326.0,21328.0,21325.0,21326.0,36
MTX,202504,2025-04-02 16:46:00,21325.0,21327.0,21325.0,21327.0,33
MTX,202504,2025-04-02 16:47:00,21328.0,21331.0,21327.0,21327.0,35
MTX,202504,2025-04-02 16:48:00,21327.0,21331.0,21327.0,21331.0,40
MTX,202504,2025-04-02 16:49:00,21331.0,21332.0,21329.0,21330.0,39
MTX,202504,2025-04-02 16:50:00,21330.0,21336.0,21330.0,21333.0,120
MTX,202504,2025-04-02 16:51:00,21333.0,21333.0,21328.0,21328.0,39
MTX,202504,2025-04-02 16:52:00,21328.0,21328.0,21323.0,21324.0,57
MTX,202504,2025-04-02 16:53:00,21323.0,21331.0,21323.0,21328.0,63
MTX,202504,2025-04-02 16:54:00,21328.0,21329.0,21327.0,21328.0,24
MTX,202504,2025-04-02 16:55:00,21329.0,21329.0,21325.0,21325.0,23
MTX,202504,2025-04-02 16:56:00,21326.0,21328.0,21324.0,21327.0,32
MTX,202504,2025-04-02 16:57:00,21326.0,21328.0,21325.0,21328.0,22
MTX,202504,2025-04-02 16:58:00,21329.0,21330.0,21318.0,21320.0,108
MTX,202504,2025-04-02 16:59:00,21320.0,21322.0,21318.0,21320.0,47
MTX,202504,2025-04-02 17:00:00,21319.0,21321.0,21316.0,21318.0,119
MTX,202504,2025-04-02 17:01:00,21319.0,21320.0,21317.0,21320.0,46
MTX,202504,2025-04-02 17:02:00,21321.0,21324.0,21320.0,21322.0,49
MTX,202504,2025-04-02 17:03:00,21322.0,21322.0,21319.0,21321.0,28
MTX,202504,2025-04-02 17:04:00,21321.0,21325.0,21321.0,21323.0,21
MTX,202504,2025-04-02 17:05:00,21323.0,21329.0,21321.0,21329.0,47
MTX,202504,2025-04-02 17:06:00,21330.0,21333.0,21328.0,21330.0,69
MTX,202504,2025-04-02 17:07:00,21330.0,21333.0,21329.0,21333.0,35
MTX,202504,2025-04-02 17:08:00,21332.0,21335.0,21330.0,21333.0,59
MTX,202504,2025-04-02 17:09:00,21331.0,21337.0,21331.0,21337.0,79
MTX,202504,2025-04-02 17:10:00,21337.0,21339.0,21333.0,21333.0,103
MTX,202504,2025-04-02 17:11:00,21333.0,21335.0,21333.0,21334.0,34
MTX,202504,2025-04-02 17:12:00,21335.0,21337.0,21332.0,21332.0,44
MTX,202504,2025-04-02 17:13:00,21331.0,21333.0,21329.0,21331.0,46
MTX,202504,2025-04-02 17:14:00,21333.0,21333.0,21326.0,21326.0,45
MTX,202504,2025-04-02 17:15:00,21327.0,21327.0,21321.0,21323.0,85
MTX,202504,2025-04-02 17:16:00,21323.0,21324.0,21319.0,21320.0,68
MTX,202504,2025-04-02 17:17:00,21320.0,21320.0,21315.0,21320.0,154
MTX,202504,2025-04-02 17:18:00,21320.0,21327.0,21317.0,21324.0,58
MTX,202504,2025-04-02 17:19:00,21323.0,21323.0,21319.0,21323.0,29
MTX,202504,2025-04-02 17:20:00,21323.0,21325.0,21321.0,21325.0,26
MTX,202504,2025-04-02 17:21:00,21324.0,21328.0,21324.0,21327.0,24
MTX,202504,2025-04-02 17:22:00,21326.0,21331.0,21326.0,21329.0,29
MTX,202504,2025-04-02 17:23:00,21330.0,21330.0,21327.0,21328.0,17
MTX,202504,2025-04-02 17:24:00,21328.0,21329.0,21326.0,21328.0,16
MTX,202504,2025-04-02 17:25:00,21327.0,21329.0,21326.0,21327.0,30
MTX,202504,2025-04-02 17:26:00,21327.0,21327.0,21321.0,21321.0,40
MTX,202504,2025-04-02 17:27:00,21321.0,21325.0,21320.0,21321.0,35
MTX,202504,2025-04-02 17:28:00,21321.0,21323.0,21321.0,21323.0,13
MTX,202504,2025-04-02 17:29:00,21322.0,21324.0,21320.0,21320.0,35
MTX,202504,2025-04-02 17:30:00,21320.0,21321.0,21318.0,21319.0,48
MTX,202504,2025-04-02 17:31:00,21319.0,21328.0,21319.0,21324.0,86
MTX,202504,2025-04-02 17:32:00,21324.0,21329.0,21323.0,21328.0,34
MTX,202504,2025-04-02 17:33:00,21327.0,21328.0,21324.0,21327.0,24
MTX,202504,2025-04-02 17:34:00,21327.0,21328.0,21325.0,21328.0,26
MTX,202504,2025-04-02 17:35:00,21328.0,21328.0,21326.0,21326.0,11
MTX,202504,2025-04-02 17:36:00,21326.0,21328.0,21324.0,21327.0,34
MTX,202504,2025-04-02 17:37:00,21328.0,21337.0,21328.0,21337.0,141
MTX,202504,2025-04-02 17:38:00,21336.0,21337.0,21333.0,21334.0,62
MTX,202504,2025-04-02 17:39:00,21334.0,21335.0,21325.0,21328.0,43
MTX,202504,2025-04-02 17:40:00,21328.0,21330.0,21327.0,21329.0,40
MTX,202504,2025-04-02 17:41:00,21330.0,21330.0,21327.0,21328.0,44
MTX,202504,2025-04-02 17:42:00,21328.0,21335.0,21328.0,21334.0,52
MTX,202504,2025-04-02 17:43:00,21334.0,21335.0,21332.0,21333.0,18
MTX,202504,2025-04-02 17:44:00,21332.0,21335.0,21330.0,21335.0,25
MTX,202504,2025-04-02 17:45:00,21333.0,21334.0,21328.0,21329.0,30
MTX,202504,2025-04-02 17:46:00,21329.0,21329.0,21328.0,21328.0,23
MTX,202504,2025-04-02 17:47:00,21329.0,21332.0,21323.0,21323.0,43
MTX,202504,2025-04-02 17:48:00,21325.0,21325.0,21321.0,21323.0,28
MTX,202504,2025-04-02 17:49:00,21323.0,21325.0,21322.0,21325.0,21
MTX,202504,2025-04-02 17:50:00,21325.0,21326.0,21324.0,21324.0,17
MTX,202504,2025-04-02 17:51:00,21323.0,21323.0,21320.0,21322.0,48
MTX,202504,2025-04-02 17:52:00,21322.0,21322.0,21320.0,21322.0,31
MTX,202504,2025-04-02 17:53:00,21322.0,21323.0,21316.0,21318.0,160
MTX,202504,2025-04-02 17:54:00,21319.0,21323.0,21318.0,21318.0,45
MTX,202504,2025-04-02 17:55:00,21318.0,21323.0,21316.0,21316.0,46
MTX,202504,2025-04-02 17:56:00,21315.0,21315.0,21308.0,21309.0,247
MTX,202504,2025-04-02 17:57:00,21309.0,21312.0,21306.0,21308.0,103
MTX,202504,2025-04-02 17:58:00,21309.0,21312.0,21305.0,21308.0,102
MTX,202504,2025-04-02 17:59:00,21309.0,21312.0,21309.0,21311.0,43
MTX,202504,2025-04-02 18:00:00,21312.0,21316.0,21310.0,21315.0,91
MTX,202504,2025-04-02 18:01:00,21316.0,21316.0,21313.0,21316.0,47
MTX,202504,2025-04-02 18:02:00,21316.0,21316.0,21283.0,21283.0,757
MTX,202504,2025-04-02 18:03:00,21283.0,21285.0,21274.0,21283.0,499
MTX,202504,2025-04-02 18:04:00,21284.0,21293.0,21277.0,21290.0,204
MTX,202504,2025-04-02 18:05:00,21291.0,21294.0,21286.0,21291.0,180
MTX,202504,2025-04-02 18:06:00,21292.0,21292.0,21287.0,21291.0,70
MTX,202504,2025-04-02 18:07:00,21290.0,21303.0,21290.0,21301.0,173
MTX,202504,2025-04-02 18:08:00,21301.0,21305.0,21300.0,21304.0,143
MTX,202504,2025-04-02 18:09:00,21304.0,21307.0,21301.0,21302.0,81
MTX,202504,2025-04-02 18:10:00,21302.0,21304.0,21297.0,21298.0,91
MTX,202504,2025-04-02 18:11:00,21298.0,21299.0,21292.0,21293.0,79
MTX,202504,2025-04-02 18:12:00,21293.0,21300.0,21293.0,21293.0,77
MTX,202504,2025-04-02 18:13:00,21293.0,21300.0,21293.0,21298.0,67
MTX,202504,2025-04-02 18:14:00,21298.0,21301.0,21296.0,21300.0,55
MTX,202504,2025-04-02 18:15:00,21299.0,21300.0,21293.0,21300.0,73
MTX,202504,2025-04-02 18:16:00,21301.0,21305.0,21298.0,21300.0,56
MTX,202504,2025-04-02 18:17:00,21301.0,21307.0,21300.0,21307.0,74
MTX,202504,2025-04-02 18:18:00,21307.0,21310.0,21302.0,21303.0,75
MTX,202504,2025-04-02 18:19:00,21303.0,21303.0,21298.0,21302.0,32
MTX,202504,2025-04-02 18:20:00,21302.0,21308.0,21301.0,21306.0,64
MTX,202504,2025-04-02 18:21:00,21305.0,21305.0,21301.0,21302.0,23
MTX,202504,2025-04-02 18:22:00,21302.0,21304.0,21300.0,21304.0,41
MTX,202504,2025-04-02 18:23:00,21302.0,21302.0,21293.0,21293.0,57
MTX,202504,2025-04-02 18:24:00,21294.0,21298.0,21294.0,21296.0,37
MTX,202504,2025-04-02 18:25:00,21295.0,21298.0,21294.0,21296.0,50
MTX,202504,2025-04-02 18:26:00,21295.0,21295.0,21293.0,21293.0,36
MTX,202504,2025-04-02 18:27:00,21294.0,21298.0,21294.0,21297.0,35
MTX,202504,2025-04-02 18:28:00,21298.0,21298.0,21281.0,21286.0,285
MTX,202504,2025-04-02 18:29:00,21285.0,21293.0,21284.0,21292.0,75
MTX,202504,2025-04-02 18:30:00,21292.0,21296.0,21290.0,21296.0,96
MTX,202504,2025-04-02 18:31:00,21296.0,21296.0,21284.0,21284.0,149
MTX,202504,2025-04-02 18:32:00,21284.0,21284.0,21277.0,21280.0,146
MTX,202504,2025-04-02 18:33:00,21279.0,21280.0,21272.0,21278.0,176
MTX,202504,2025-04-02 18:34:00,21278.0,21279.0,21272.0,21278.0,88
MTX,202504,2025-04-02 18:35:00,21277.0,21278.0,21272.0,21274.0,133
MTX,202504,2025-04-02 18:36:00,21273.0,21276.0,21270.0,21271.0,126
MTX,202504,2025-04-02 18:37:00,21271.0,21276.0,21269.0,21273.0,139
MTX,202504,2025-04-02 18:38:00,21273.0,21279.0,21270.0,21275.0,84
MTX,202504,2025-04-02 18:39:00,21277.0,21277.0,21272.0,21277.0,74
MTX,202504,2025-04-02 18:40:00,21276.0,21277.0,21272.0,21276.0,48
MTX,202504,2025-04-02 18:41:00,21275.0,21275.0,21270.0,21271.0,81
MTX,202504,2025-04-02 18:42:00,21272.0,21276.0,21263.0,21275.0,210
MTX,202504,2025-04-02 18:43:00,21276.0,21277.0,21266.0,21268.0,90
MTX,202504,2025-04-02 18:44:00,21268.0,21275.0,21267.0,21270.0,74
MTX,202504,2025-04-02 18:45:00,21271.0,21278.0,21271.0,21276.0,96
MTX,202504,2025-04-02 18:46:00,21277.0,21282.0,21276.0,21282.0,91
MTX,202504,2025-04-02 18:47:00,21283.0,21291.0,21283.0,21289.0,183
MTX,202504,2025-04-02 18:48:00,21289.0,21294.0,21288.0,21292.0,77
MTX,202504,2025-04-02 18:49:00,21291.0,21291.0,21288.0,21288.0,50
MTX,202504,2025-04-02 18:50:00,21288.0,21292.0,21288.0,21290.0,46
MTX,202504,2025-04-02 18:51:00,21291.0,21292.0,21287.0,21287.0,35
MTX,202504,2025-04-02 18:52:00,21287.0,21290.0,21285.0,21285.0,42
MTX,202504,2025-04-02 18:53:00,21285.0,21288.0,21283.0,21288.0,35
MTX,202504,2025-04-02 18:54:00,21287.0,21288.0,21286.0,21286.0,22
MTX,202504,2025-04-02 18:55:00,21287.0,21287.0,21280.0,21282.0,74
MTX,202504,2025-04-02 18:56:00,21281.0,21284.0,21279.0,21279.0,43
MTX,202504,2025-04-02 18:57:00,21279.0,21279.0,21275.0,21278.0,63
MTX,202504,2025-04-02 18:58:00,21277.0,21277.0,21268.0,21269.0,125
MTX,202504,2025-04-02 18:59:00,21269.0,21270.0,21264.0,21265.0,108
MTX,202504,2025-04-02 19:00:00,21266.0,21277.0,21266.0,21270.0,197
MTX,202504,2025-04-02 19:01:00,21270.0,21273.0,21268.0,21271.0,112
MTX,202504,2025-04-02 19:02:00,21271.0,21271.0,21264.0,21268.0,84
MTX,202504,2025-04-02 19:03:00,21267.0,21273.0,21267.0,21270.0,47
MTX,202504,2025-04-02 19:04:00,21270.0,21270.0,21266.0,21268.0,45
MTX,202504,2025-04-02 19:05:00,21268.0,21274.0,21267.0,21274.0,43
MTX,202504,2025-04-02 19:06:00,21274.0,21282.0,21273.0,21282.0,112
MTX,202504,2025-04-02 19:07:00,21282.0,21285.0,21280.0,21284.0,54
MTX,202504,2025-04-02 19:08:00,21283.0,21286.0,21282.0,21286.0,75
MTX,202504,2025-04-02 19:09:00,21286.0,21286.0,21281.0,21283.0,48
MTX,202504,2025-04-02 19:10:00,21283.0,21289.0,21283.0,21287.0,56
MTX,202504,2025-04-02 19:11:00,21286.0,21292.0,21285.0,21291.0,119
MTX,202504,2025-04-02 19:12:00,21291.0,21291.0,21288.0,21291.0,75
MTX,202504,2025-04-02 19:13:00,21289.0,21290.0,21281.0,21281.0,80
MTX,202504,2025-04-02 19:14:00,21280.0,21283.0,21279.0,21281.0,59
MTX,202504,2025-04-02 19:15:00,21281.0,21284.0,21280.0,21280.0,26
MTX,202504,2025-04-02 19:16:00,21280.0,21280.0,21275.0,21275.0,39
MTX,202504,2025-04-02 19:17:00,21275.0,21283.0,21275.0,21283.0,26
MTX,202504,2025-04-02 19:18:00,21283.0,21287.0,21281.0,21287.0,46
MTX,202504,2025-04-02 19:19:00,21287.0,21289.0,21285.0,21285.0,37
MTX,202504,2025-04-02 19:20:00,21285.0,21287.0,21278.0,21278.0,51
MTX,202504,2025-04-02 19:21:00,21278.0,21282.0,21278.0,21280.0,30
MTX,202504,2025-04-02 19:22:00,21280.0,21285.0,21279.0,21285.0,26
MTX,202504,2025-04-02 19:23:00,21285.0,21287.0,21285.0,21285.0,24
MTX,202504,2025-04-02 19:24:00,21284.0,21287.0,21283.0,21286.0,24
MTX,202504,2025-04-02 19:25:00,21286.0,21290.0,21286.0,21290.0,35
MTX,202504,2025-04-02 19:26:00,21290.0,21290.0,21285.0,21288.0,31
MTX,202504,2025-04-02 19:27:00,21289.0,21290.0,21284.0,21284.0,31
MTX,202504,2025-04-02 19:28:00,21284.0,21286.0,21283.0,21283.0,25
MTX,202504,2025-04-02 19:29:00,21282.0,21285.0,21279.0,21281.0,47
MTX,202504,2025-04-02 19:30:00,21279.0,21284.0,21277.0,21284.0,69
MTX,202504,2025-04-02 19:31:00,21285.0,21292.0,21285.0,21288.0,70
MTX,202504,2025-04-02 19:32:00,21287.0,21290.0,21285.0,21290.0,42
MTX,202504,2025-04-02 19:33:00,21290.0,21291.0,21286.0,21286.0,42
MTX,202504,2025-04-02 19:34:00,21288.0,21291.0,21288.0,21290.0,27
MTX,202504,2025-04-02 19:35:00,21289.0,21289.0,21284.0,21285.0,29
MTX,202504,2025-04-02 19:36:00,21284.0,21284.0,21275.0,21276.0,103
MTX,202504,2025-04-02 19:37:00,21279.0,21285.0,21277.0,21284.0,39
MTX,202504,2025-04-02 19:38:00,21284.0,21284.0,21281.0,21282.0,16
MTX,202504,2025-04-02 19:39:00,21282.0,21284.0,21277.0,21279.0,36
MTX,202504,2025-04-02 19:40:00,21277.0,21285.0,21277.0,21283.0,55
MTX,202504,2025-04-02 19:41:00,21285.0,21286.0,21280.0,21280.0,21
MTX,202504,2025-04-02 19:42:00,21279.0,21279.0,21275.0,21277.0,55
MTX,202504,2025-04-02 19:43:00,21277.0,21280.0,21275.0,21280.0,25
MTX,202504,2025-04-02 19:44:00,21279.0,21279.0,21276.0,21279.0,20
MTX,202504,2025-04-02 19:45:00,21280.0,21280.0,21279.0,21279.0,16
MTX,202504,2025-04-02 19:46:00,21279.0,21284.0,21279.0,21282.0,27
MTX,202504,2025-04-02 19:47:00,21281.0,21290.0,21280.0,21289.0,49
MTX,202504,2025-04-02 19:48:00,21289.0,21293.0,21286.0,21286.0,101
MTX,202504,2025-04-02 19:49:00,21287.0,21288.0,21285.0,21285.0,11
MTX,202504,2025-04-02 19:50:00,21287.0,21288.0,21281.0,21285.0,27
MTX,202504,2025-04-02 19:51:00,21286.0,21288.0,21280.0,21280.0,39
MTX,202504,2025-04-02 19:52:00,21281.0,21282.0,21279.0,21279.0,20
MTX,202504,2025-04-02 19:53:00,21278.0,21282.0,21278.0,21281.0,14
MTX,202504,2025-04-02 19:54:00,21281.0,21283.0,21280.0,21280.0,31
MTX,202504,2025-04-02 19:55:00,21281.0,21282.0,21278.0,21278.0,37
MTX,202504,2025-04-02 19:56:00,21278.0,21280.0,21278.0,21279.0,15
MTX,202504,2025-04-02 19:57:00,21279.0,21280.0,21273.0,21277.0,95
MTX,202504,2025-04-02 19:58:00,21278.0,21278.0,21273.0,21274.0,42
MTX,202504,2025-04-02 19:59:00,21274.0,21274.0,21268.0,21268.0,208
MTX,202504,2025-04-02 20:00:00,21271.0,21275.0,21268.0,21269.0,117
MTX,202504,2025-04-02 20:01:00,21269.0,21275.0,21267.0,21267.0,135
MTX,202504,2025-04-02 20:02:00,21267.0,21268.0,21256.0,21256.0,487
MTX,202504,2025-04-02 20:03:00,21256.0,21258.0,21250.0,21255.0,308
MTX,202504,2025-04-02 20:04:00,21254.0,21255.0,21248.0,21253.0,296
MTX,202504,2025-04-02 20:05:00,21252.0,21252.0,21244.0,21246.0,251
MTX,202504,2025-04-02 20:06:00,21247.0,21250.0,21243.0,21245.0,214
MTX,202504,2025-04-02 20:07:00,21244.0,21244.0,21231.0,21236.0,460
MTX,202504,2025-04-02 20:08:00,21236.0,21236.0,21229.0,21230.0,271
MTX,202504,2025-04-02 20:09:00,21230.0,21231.0,21226.0,21227.0,251
MTX,202504,2025-04-02 20:10:00,21226.0,21237.0,21224.0,21235.0,349
MTX,202504,2025-04-02 20:11:00,21235.0,21239.0,21231.0,21238.0,165
MTX,202504,2025-04-02 20:12:00,21237.0,21245.0,21237.0,21241.0,212
MTX,202504,2025-04-02 20:13:00,21242.0,21245.0,21240.0,21244.0,92
MTX,202504,2025-04-02 20:14:00,21244.0,21246.0,21243.0,21245.0,113
MTX,202504,2025-04-02 20:15:00,21244.0,21264.0,21239.0,21244.0,499
MTX,202504,2025-04-02 20:16:00,21243.0,21248.0,21234.0,21234.0,212
MTX,202504,2025-04-02 20:17:00,21234.0,21238.0,21231.0,21234.0,186
MTX,202504,2025-04-02 20:18:00,21233.0,21240.0,21233.0,21239.0,121
MTX,202504,2025-04-02 20:19:00,21239.0,21239.0,21236.0,21239.0,52
MTX,202504,2025-04-02 20:20:00,21237.0,21243.0,21229.0,21230.0,208
MTX,202504,2025-04-02 20:21:00,21228.0,21231.0,21222.0,21228.0,280
MTX,202504,2025-04-02 20:22:00,21230.0,21235.0,21224.0,21224.0,123
MTX,202504,2025-04-02 20:23:00,21225.0,21226.0,21219.0,21219.0,236
MTX,202504,2025-04-02 20:24:00,21220.0,21223.0,21215.0,21221.0,328
MTX,202504,2025-04-02 20:25:00,21220.0,21227.0,21220.0,21227.0,132
MTX,202504,2025-04-02 20:26:00,21226.0,21226.0,21222.0,21223.0,57
MTX,202504,2025-04-02 20:27:00,21223.0,21225.0,21211.0,21211.0,271
MTX,202504,2025-04-02 20:28:00,21213.0,21218.0,21210.0,21210.0,191
MTX,202504,2025-04-02 20:29:00,21210.0,21212.0,21208.0,21208.0,156
MTX,202504,2025-04-02 20:30:00,21210.0,21222.0,21208.0,21220.0,319
MTX,202504,2025-04-02 20:31:00,21219.0,21221.0,21212.0,21216.0,241
MTX,202504,2025-04-02 20:32:00,21216.0,21220.0,21214.0,21218.0,112
MTX,202504,2025-04-02 20:33:00,21217.0,21222.0,21216.0,21221.0,124
MTX,202504,2025-04-02 20:34:00,21221.0,21226.0,21216.0,21220.0,163
MTX,202504,2025-04-02 20:35:00,21218.0,21225.0,21214.0,21222.0,125
MTX,202504,2025-04-02 20:36:00,21222.0,21228.0,21220.0,21222.0,133
MTX,202504,2025-04-02 20:37:00,21222.0,21224.0,21218.0,21224.0,92
MTX,202504,2025-04-02 20:38:00,21224.0,21234.0,21224.0,21232.0,176
MTX,202504,2025-04-02 20:39:00,21232.0,21234.0,21225.0,21228.0,115
MTX,202504,2025-04-02 20:40:00,21228.0,21231.0,21225.0,21231.0,114
MTX,202504,2025-04-02 20:41:00,21232.0,21234.0,21226.0,21226.0,105
MTX,202504,2025-04-02 20:42:00,21227.0,21229.0,21226.0,21229.0,43
MTX,202504,2025-04-02 20:43:00,21228.0,21229.0,21222.0,21225.0,94
MTX,202504,2025-04-02 20:44:00,21225.0,21232.0,21222.0,21230.0,97
MTX,202504,2025-04-02 20:45:00,21230.0,21234.0,21227.0,21231.0,134
MTX,202504,2025-04-02 20:46:00,21231.0,21235.0,21230.0,21233.0,97
MTX,202504,2025-04-02 20:47:00,21232.0,21236.0,21232.0,21235.0,84
MTX,202504,2025-04-02 20:48:00,21235.0,21247.0,21235.0,21247.0,208
MTX,202504,2025-04-02 20:49:00,21245.0,21245.0,21240.0,21240.0,134
MTX,202504,2025-04-02 20:50:00,21240.0,21242.0,21231.0,21235.0,145
MTX,202504,2025-04-02 20:51:00,21236.0,21240.0,21235.0,21237.0,71
MTX,202504,2025-04-02 20:52:00,21234.0,21240.0,21234.0,21238.0,50
MTX,202504,2025-04-02 20:53:00,21237.0,21251.0,21237.0,21243.0,257
MTX,202504,2025-04-02 20:54:00,21245.0,21249.0,21244.0,21247.0,111
MTX,202504,2025-04-02 20:55:00,21247.0,21250.0,21243.0,21250.0,100
MTX,202504,2025-04-02 20:56:00,21248.0,21250.0,21242.0,21244.0,96
MTX,202504,2025-04-02 20:57:00,21243.0,21250.0,21243.0,21250.0,100
MTX,202504,2025-04-02 20:58:00,21250.0,21253.0,21248.0,21248.0,142
MTX,202504,2025-04-02 20:59:00,21248.0,21251.0,21248.0,21249.0,39
MTX,202504,2025-04-02 21:00:00,21249.0,21250.0,21239.0,21244.0,269
MTX,202504,2025-04-02 21:01:00,21244.0,21249.0,21241.0,21243.0,100
MTX,202504,2025-04-02 21:02:00,21243.0,21248.0,21239.0,21243.0,85
MTX,202504,2025-04-02 21:03:00,21243.0,21243.0,21235.0,21237.0,109
MTX,202504,2025-04-02 21:04:00,21238.0,21240.0,21236.0,21237.0,71
MTX,202504,2025-04-02 21:05:00,21238.0,21244.0,21235.0,21242.0,125
MTX,202504,2025-04-02 21:06:00,21242.0,21242.0,21233.0,21235.0,101
MTX,202504,2025-04-02 21:07:00,21235.0,21244.0,21235.0,21243.0,85
MTX,202504,2025-04-02 21:08:00,21242.0,21245.0,21241.0,21243.0,81
MTX,202504,2025-04-02 21:09:00,21243.0,21243.0,21238.0,21240.0,39
MTX,202504,2025-04-02 21:10:00,21238.0,21239.0,21235.0,21237.0,57
MTX,202504,2025-04-02 21:11:00,21236.0,21238.0,21235.0,21235.0,34
MTX,202504,2025-04-02 21:12:00,21236.0,21237.0,21228.0,21228.0,156
MTX,202504,2025-04-02 21:13:00,21228.0,21230.0,21225.0,21228.0,168
MTX,202504,2025-04-02 21:14:00,21228.0,21231.0,21225.0,21225.0,118
MTX,202504,2025-04-02 21:15:00,21225.0,21230.0,21225.0,21227.0,97
MTX,202504,2025-04-02 21:16:00,21227.0,21229.0,21225.0,21226.0,68
MTX,202504,2025-04-02 21:17:00,21227.0,21228.0,21225.0,21227.0,25
MTX,202504,2025-04-02 21:18:00,21227.0,21234.0,21227.0,21233.0,91
MTX,202504,2025-04-02 21:19:00,21233.0,21234.0,21226.0,21230.0,54
MTX,202504,2025-04-02 21:20:00,21230.0,21235.0,21230.0,21231.0,52
MTX,202504,2025-04-02 21:21:00,21232.0,21233.0,21227.0,21229.0,42
MTX,202504,2025-04-02 21:22:00,21228.0,21230.0,21226.0,21227.0,47
MTX,202504,2025-04-02 21:23:00,21226.0,21227.0,21221.0,21223.0,122
MTX,202504,2025-04-02 21:24:00,21222.0,21223.0,21218.0,21220.0,143
MTX,202504,2025-04-02 21:25:00,21219.0,21222.0,21215.0,21220.0,167
MTX,202504,2025-04-02 21:26:00,21220.0,21224.0,21220.0,21222.0,85
MTX,202504,2025-04-02 21:27:00,21222.0,21224.0,21217.0,21217.0,74
MTX,202504,2025-04-02 21:28:00,21218.0,21222.0,21211.0,21213.0,145
MTX,202504,2025-04-02 21:29:00,21212.0,21215.0,21209.0,21213.0,200
MTX,202504,2025-04-02 21:30:00,21214.0,21234.0,21200.0,21200.0,889
MTX,202504,2025-04-02 21:31:00,21200.0,21224.0,21190.0,21219.0,1322
MTX,202504,2025-04-02 21:32:00,21219.0,21224.0,21200.0,21205.0,456
MTX,202504,2025-04-02 21:33:00,21205.0,21241.0,21201.0,21241.0,589
MTX,202504,2025-04-02 21:34:00,21241.0,21258.0,21239.0,21256.0,895
MTX,202504,2025-04-02 21:35:00,21255.0,21272.0,21250.0,21270.0,827
MTX,202504,2025-04-02 21:36:00,21269.0,21298.0,21268.0,21288.0,1248
MTX,202504,2025-04-02 21:37:00,21290.0,21309.0,21290.0,21307.0,842
MTX,202504,2025-04-02 21:38:00,21308.0,21315.0,21285.0,21285.0,795
MTX,202504,2025-04-02 21:39:00,21285.0,21301.0,21282.0,21286.0,519
MTX,202504,2025-04-02 21:40:00,21287.0,21302.0,21272.0,21296.0,876
MTX,202504,2025-04-02 21:41:00,21294.0,21303.0,21290.0,21290.0,350
MTX,202504,2025-04-02 21:42:00,21291.0,21291.0,21276.0,21277.0,444
MTX,202504,2025-04-02 21:43:00,21276.0,21288.0,21270.0,21280.0,418
MTX,202504,2025-04-02 21:44:00,21282.0,21308.0,21277.0,21307.0,542
MTX,202504,2025-04-02 21:45:00,21306.0,21355.0,21306.0,21351.0,2375
MTX,202504,2025-04-02 21:46:00,21352.0,21366.0,21345.0,21348.0,1390
MTX,202504,2025-04-02 21:47:00,21348.0,21354.0,21332.0,21334.0,673
MTX,202504,2025-04-02 21:48:00,21334.0,21343.0,21329.0,21342.0,400
MTX,202504,2025-04-02 21:49:00,21342.0,21355.0,21337.0,21352.0,434
MTX,202504,2025-04-02 21:50:00,21354.0,21360.0,21341.0,21342.0,437
MTX,202504,2025-04-02 21:51:00,21342.0,21358.0,21341.0,21349.0,383
MTX,202504,2025-04-02 21:52:00,21347.0,21368.0,21347.0,21360.0,662
MTX,202504,2025-04-02 21:53:00,21360.0,21361.0,21343.0,21346.0,444
MTX,202504,2025-04-02 21:54:00,21347.0,21352.0,21341.0,21341.0,302
MTX,202504,2025-04-02 21:55:00,21341.0,21350.0,21338.0,21341.0,445
MTX,202504,2025-04-02 21:56:00,21341.0,21342.0,21318.0,21338.0,737
MTX,202504,2025-04-02 21:57:00,21336.0,21339.0,21328.0,21337.0,299
MTX,202504,2025-04-02 21:58:00,21335.0,21337.0,21325.0,21332.0,193
MTX,202504,2025-04-02 21:59:00,21332.0,21336.0,21324.0,21324.0,228
MTX,202504,2025-04-02 22:00:00,21324.0,21347.0,21314.0,21345.0,781
MTX,202504,2025-04-02 22:01:00,21344.0,21360.0,21344.0,21348.0,673
MTX,202504,2025-04-02 22:02:00,21347.0,21379.0,21346.0,21378.0,1264
MTX,202504,2025-04-02 22:03:00,21376.0,21403.0,21376.0,21398.0,2104
MTX,202504,2025-04-02 22:04:00,21400.0,21417.0,21394.0,21405.0,1021
MTX,202504,2025-04-02 22:05:00,21407.0,21412.0,21391.0,21400.0,626
MTX,202504,2025-04-02 22:06:00,21400.0,21412.0,21393.0,21394.0,489
MTX,202504,2025-04-02 22:07:00,21393.0,21396.0,21385.0,21385.0,464
MTX,202504,2025-04-02 22:08:00,21386.0,21388.0,21367.0,21371.0,669
MTX,202504,2025-04-02 22:09:00,21369.0,21370.0,21347.0,21361.0,743
MTX,202504,2025-04-02 22:10:00,21361.0,21370.0,21344.0,21345.0,563
MTX,202504,2025-04-02 22:11:00,21344.0,21350.0,21330.0,21350.0,714
MTX,202504,2025-04-02 22:12:00,21349.0,21364.0,21341.0,21361.0,469
MTX,202504,2025-04-02 22:13:00,21361.0,21370.0,21354.0,21354.0,403
MTX,202504,2025-04-02 22:14:00,21355.0,21359.0,21340.0,21354.0,348
MTX,202504,2025-04-02 22:15:00,21353.0,21359.0,21343.0,21351.0,255
MTX,202504,2025-04-02 22:16:00,21351.0,21368.0,21347.0,21365.0,337
MTX,202504,2025-04-02 22:17:00,21366.0,21379.0,21362.0,21378.0,482
MTX,202504,2025-04-02 22:18:00,21377.0,21380.0,21370.0,21378.0,260
MTX,202504,2025-04-02 22:19:00,21376.0,21376.0,21364.0,21371.0,208
MTX,202504,2025-04-02 22:20:00,21371.0,21382.0,21369.0,21380.0,382
MTX,202504,2025-04-02 22:21:00,21380.0,21380.0,21367.0,21369.0,222
MTX,202504,2025-04-02 22:22:00,21369.0,21375.0,21361.0,21366.0,314
MTX,202504,2025-04-02 22:23:00,21368.0,21383.0,21363.0,21382.0,308
MTX,202504,2025-04-02 22:24:00,21382.0,21395.0,21382.0,21390.0,583
MTX,202504,2025-04-02 22:25:00,21387.0,21389.0,21363.0,21368.0,390
MTX,202504,2025-04-02 22:26:00,21366.0,21380.0,21356.0,21375.0,391
MTX,202504,2025-04-02 22:27:00,21372.0,21378.0,21365.0,21377.0,229
MTX,202504,2025-04-02 22:28:00,21378.0,21389.0,21375.0,21388.0,274
MTX,202504,2025-04-02 22:29:00,21388.0,21397.0,21386.0,21395.0,376
MTX,202504,2025-04-02 22:30:00,21394.0,21399.0,21388.0,21388.0,355
MTX,202504,2025-04-02 22:31:00,21388.0,21397.0,21385.0,21394.0,248
MTX,202504,2025-04-02 22:32:00,21396.0,21406.0,21393.0,21397.0,534
MTX,202504,2025-04-02 22:33:00,21397.0,21400.0,21387.0,21390.0,228
MTX,202504,2025-04-02 22:34:00,21392.0,21396.0,21388.0,21390.0,165
MTX,202504,2025-04-02 22:35:00,21389.0,21391.0,21376.0,21382.0,398
MTX,202504,2025-04-02 22:36:00,21383.0,21385.0,21374.0,21375.0,232
MTX,202504,2025-04-02 22:37:00,21375.0,21382.0,21374.0,21378.0,194
MTX,202504,2025-04-02 22:38:00,21379.0,21380.0,21367.0,21372.0,352
MTX,202504,2025-04-02 22:39:00,21373.0,21394.0,21372.0,21390.0,336
MTX,202504,2025-04-02 22:40:00,21390.0,21394.0,21376.0,21388.0,248
MTX,202504,2025-04-02 22:41:00,21389.0,21407.0,21388.0,21403.0,550
MTX,202504,2025-04-02 22:42:00,21403.0,21405.0,21388.0,21388.0,251
MTX,202504,2025-04-02 22:43:00,21390.0,21395.0,21377.0,21377.0,227
MTX,202504,2025-04-02 22:44:00,21376.0,21379.0,21368.0,21377.0,402
MTX,202504,2025-04-02 22:45:00,21376.0,21394.0,21375.0,21390.0,359
MTX,202504,2025-04-02 22:46:00,21391.0,21395.0,21385.0,21394.0,164
MTX,202504,2025-04-02 22:47:00,21394.0,21398.0,21379.0,21384.0,342
MTX,202504,2025-04-02 22:48:00,21384.0,21393.0,21378.0,21379.0,186
MTX,202504,2025-04-02 22:49:00,21380.0,21394.0,21378.0,21393.0,164
MTX,202504,2025-04-02 22:50:00,21393.0,21404.0,21392.0,21404.0,354
MTX,202504,2025-04-02 22:51:00,21404.0,21412.0,21397.0,21397.0,571
MTX,202504,2025-04-02 22:52:00,21398.0,21408.0,21397.0,21401.0,210
MTX,202504,2025-04-02 22:53:00,21402.0,21403.0,21393.0,21394.0,158
MTX,202504,2025-04-02 22:54:00,21395.0,21399.0,21393.0,21394.0,132
MTX,202504,2025-04-02 22:55:00,21396.0,21404.0,21390.0,21399.0,182
MTX,202504,2025-04-02 22:56:00,21399.0,21409.0,21393.0,21406.0,241
MTX,202504,2025-04-02 22:57:00,21406.0,21426.0,21406.0,21426.0,902
MTX,202504,2025-04-02 22:58:00,21426.0,21435.0,21425.0,21429.0,654
MTX,202504,2025-04-02 22:59:00,21428.0,21435.0,21428.0,21433.0,317
MTX,202504,2025-04-02 23:00:00,21434.0,21442.0,21407.0,21417.0,1210
MTX,202504,2025-04-02 23:01:00,21415.0,21420.0,21408.0,21410.0,335
MTX,202504,2025-04-02 23:02:00,21412.0,21420.0,21406.0,21408.0,285
MTX,202504,2025-04-02 23:03:00,21410.0,21427.0,21408.0,21423.0,236
MTX,202504,2025-04-02 23:04:00,21423.0,21433.0,21422.0,21430.0,223
MTX,202504,2025-04-02 23:05:00,21430.0,21434.0,21427.0,21434.0,199
MTX,202504,2025-04-02 23:06:00,21433.0,21436.0,21422.0,21428.0,241
MTX,202504,2025-04-02 23:07:00,21428.0,21439.0,21428.0,21437.0,223
MTX,202504,2025-04-02 23:08:00,21437.0,21441.0,21432.0,21437.0,224
MTX,202504,2025-04-02 23:09:00,21437.0,21439.0,21435.0,21435.0,126
MTX,202504,2025-04-02 23:10:00,21435.0,21436.0,21426.0,21429.0,219
MTX,202504,2025-04-02 23:11:00,21428.0,21430.0,21417.0,21420.0,265
MTX,202504,2025-04-02 23:12:00,21420.0,21424.0,21407.0,21410.0,309
MTX,202504,2025-04-02 23:13:00,21409.0,21410.0,21399.0,21400.0,463
MTX,202504,2025-04-02 23:14:00,21399.0,21404.0,21398.0,21401.0,219
MTX,202504,2025-04-02 23:15:00,21401.0,21405.0,21398.0,21404.0,249
MTX,202504,2025-04-02 23:16:00,21404.0,21409.0,21396.0,21404.0,268
MTX,202504,2025-04-02 23:17:00,21404.0,21409.0,21399.0,21407.0,225
MTX,202504,2025-04-02 23:18:00,21407.0,21422.0,21407.0,21420.0,257
MTX,202504,2025-04-02 23:19:00,21420.0,21429.0,21419.0,21429.0,191
MTX,202504,2025-04-02 23:20:00,21429.0,21448.0,21425.0,21448.0,634
MTX,202504,2025-04-02 23:21:00,21449.0,21453.0,21445.0,21446.0,584
MTX,202504,2025-04-02 23:22:00,21447.0,21450.0,21440.0,21446.0,304
MTX,202504,2025-04-02 23:23:00,21447.0,21460.0,21446.0,21458.0,576
MTX,202504,2025-04-02 23:24:00,21459.0,21463.0,21454.0,21460.0,388
MTX,202504,2025-04-02 23:25:00,21460.0,21474.0,21458.0,21472.0,687
MTX,202504,2025-04-02 23:26:00,21472.0,21480.0,21470.0,21478.0,530
MTX,202504,2025-04-02 23:27:00,21479.0,21481.0,21477.0,21481.0,327
MTX,202504,2025-04-02 23:28:00,21481.0,21484.0,21469.0,21472.0,509
MTX,202504,2025-04-02 23:29:00,21470.0,21480.0,21469.0,21476.0,237
MTX,202504,2025-04-02 23:30:00,21476.0,21479.0,21470.0,21475.0,321
MTX,202504,2025-04-02 23:31:00,21474.0,21477.0,21471.0,21472.0,128
MTX,202504,2025-04-02 23:32:00,21472.0,21481.0,21471.0,21473.0,274
MTX,202504,2025-04-02 23:33:00,21471.0,21480.0,21471.0,21478.0,131
MTX,202504,2025-04-02 23:34:00,21478.0,21481.0,21475.0,21476.0,128
MTX,202504,2025-04-02 23:35:00,21475.0,21477.0,21462.0,21464.0,341
MTX,202504,2025-04-02 23:36:00,21465.0,21481.0,21464.0,21477.0,242
MTX,202504,2025-04-02 23:37:00,21478.0,21481.0,21475.0,21475.0,144
MTX,202504,2025-04-02 23:38:00,21474.0,21480.0,21474.0,21478.0,107
MTX,202504,2025-04-02 23:39:00,21478.0,21479.0,21472.0,21476.0,101
MTX,202504,2025-04-02 23:40:00,21476.0,21480.0,21472.0,21480.0,151
MTX,202504,2025-04-02 23:41:00,21479.0,21480.0,21462.0,21464.0,204
MTX,202504,2025-04-02 23:42:00,21465.0,21479.0,21463.0,21473.0,153
MTX,202504,2025-04-02 23:43:00,21474.0,21475.0,21466.0,21470.0,101
MTX,202504,2025-04-02 23:44:00,21470.0,21470.0,21461.0,21462.0,144
MTX,202504,2025-04-02 23:45:00,21462.0,21465.0,21453.0,21458.0,394
MTX,202504,2025-04-02 23:46:00,21458.0,21458.0,21450.0,21457.0,282
MTX,202504,2025-04-02 23:47:00,21457.0,21462.0,21448.0,21450.0,300
MTX,202504,2025-04-02 23:48:00,21450.0,21454.0,21443.0,21451.0,275
MTX,202504,2025-04-02 23:49:00,21451.0,21452.0,21445.0,21447.0,171
MTX,202504,2025-04-02 23:50:00,21447.0,21450.0,21441.0,21443.0,220
MTX,202504,2025-04-02 23:51:00,21445.0,21445.0,21433.0,21436.0,314
MTX,202504,2025-04-02 23:52:00,21434.0,21454.0,21433.0,21454.0,325
MTX,202504,2025-04-02 23:53:00,21454.0,21454.0,21444.0,21450.0,173
MTX,202504,2025-04-02 23:54:00,21451.0,21455.0,21450.0,21451.0,163
MTX,202504,2025-04-02 23:55:00,21451.0,21466.0,21449.0,21464.0,261
MTX,202504,2025-04-02 23:56:00,21464.0,21466.0,21452.0,21457.0,140
MTX,202504,2025-04-02 23:57:00,21456.0,21465.0,21453.0,21464.0,132
MTX,202504,2025-04-02 23:58:00,21465.0,21471.0,21461.0,21462.0,192
MTX,202504,2025-04-02 23:59:00,21463.0,21464.0,21455.0,21459.0,115
MTX,202504,2025-04-03 00:00:00,21458.0,21465.0,21456.0,21457.0,204
MTX,202504,2025-04-03 00:01:00,21459.0,21465.0,21457.0,21463.0,116
MTX,202504,2025-04-03 00:02:00,21464.0,21467.0,21462.0,21465.0,99
MTX,202504,2025-04-03 00:03:00,21467.0,21468.0,21451.0,21455.0,173
MTX,202504,2025-04-03 00:04:00,21455.0,21464.0,21455.0,21456.0,89
MTX,202504,2025-04-03 00:05:00,21458.0,21465.0,21456.0,21465.0,92
MTX,202504,2025-04-03 00:06:00,21466.0,21467.0,21454.0,21457.0,92
MTX,202504,2025-04-03 00:07:00,21457.0,21464.0,21455.0,21457.0,53
MTX,202504,2025-04-03 00:08:00,21457.0,21465.0,21456.0,21463.0,42
MTX,202504,2025-04-03 00:09:00,21464.0,21464.0,21462.0,21464.0,57
MTX,202504,2025-04-03 00:10:00,21465.0,21480.0,21464.0,21478.0,259
MTX,202504,2025-04-03 00:11:00,21480.0,21485.0,21478.0,21482.0,382
MTX,202504,2025-04-03 00:12:00,21481.0,21504.0,21481.0,21499.0,1070
MTX,202504,2025-04-03 00:13:00,21499.0,21501.0,21492.0,21496.0,250
MTX,202504,2025-04-03 00:14:00,21496.0,21498.0,21493.0,21496.0,129
MTX,202504,2025-04-03 00:15:00,21497.0,21505.0,21496.0,21505.0,278
MTX,202504,2025-04-03 00:16:00,21504.0,21506.0,21496.0,21500.0,275
MTX,202504,2025-04-03 00:17:00,21500.0,21505.0,21499.0,21504.0,169
MTX,202504,2025-04-03 00:18:00,21504.0,21510.0,21502.0,21503.0,267
MTX,202504,2025-04-03 00:19:00,21504.0,21506.0,21499.0,21506.0,150
MTX,202504,2025-04-03 00:20:00,21506.0,21509.0,21497.0,21508.0,183
MTX,202504,2025-04-03 00:21:00,21508.0,21513.0,21507.0,21511.0,232
MTX,202504,2025-04-03 00:22:00,21511.0,21516.0,21511.0,21514.0,170
MTX,202504,2025-04-03 00:23:00,21514.0,21516.0,21512.0,21513.0,131
MTX,202504,2025-04-03 00:24:00,21513.0,21519.0,21513.0,21519.0,176
MTX,202504,2025-04-03 00:25:00,21518.0,21520.0,21510.0,21510.0,241
MTX,202504,2025-04-03 00:26:00,21511.0,21518.0,21509.0,21514.0,168
MTX,202504,2025-04-03 00:27:00,21513.0,21518.0,21512.0,21517.0,74
MTX,202504,2025-04-03 00:28:00,21516.0,21522.0,21516.0,21521.0,222
MTX,202504,2025-04-03 00:29:00,21521.0,21535.0,21519.0,21534.0,429
MTX,202504,2025-04-03 00:30:00,21534.0,21535.0,21521.0,21528.0,339
MTX,202504,2025-04-03 00:31:00,21528.0,21533.0,21526.0,21526.0,174
MTX,202504,2025-04-03 00:32:00,21529.0,21533.0,21525.0,21532.0,110
MTX,202504,2025-04-03 00:33:00,21532.0,21534.0,21523.0,21524.0,127
MTX,202504,2025-04-03 00:34:00,21524.0,21529.0,21523.0,21527.0,102
MTX,202504,2025-04-03 00:35:00,21527.0,21529.0,21520.0,21520.0,126
MTX,202504,2025-04-03 00:36:00,21520.0,21522.0,21515.0,21515.0,229
MTX,202504,2025-04-03 00:37:00,21516.0,21516.0,21505.0,21506.0,368
MTX,202504,2025-04-03 00:38:00,21506.0,21511.0,21505.0,21506.0,126
MTX,202504,2025-04-03 00:39:00,21507.0,21520.0,21507.0,21518.0,146
MTX,202504,2025-04-03 00:40:00,21520.0,21520.0,21507.0,21507.0,125
MTX,202504,2025-04-03 00:41:00,21506.0,21516.0,21503.0,21516.0,148
MTX,202504,2025-04-03 00:42:00,21516.0,21517.0,21511.0,21515.0,59
MTX,202504,2025-04-03 00:43:00,21515.0,21519.0,21513.0,21519.0,75
MTX,202504,2025-04-03 00:44:00,21520.0,21525.0,21518.0,21525.0,154
MTX,202504,2025-04-03 00:45:00,21524.0,21526.0,21522.0,21523.0,111
MTX,202504,2025-04-03 00:46:00,21524.0,21524.0,21513.0,21517.0,126
MTX,202504,2025-04-03 00:47:00,21515.0,21526.0,21514.0,21526.0,92
MTX,202504,2025-04-03 00:48:00,21525.0,21527.0,21524.0,21524.0,61
MTX,202504,2025-04-03 00:49:00,21525.0,21541.0,21525.0,21538.0,438
MTX,202504,2025-04-03 00:50:00,21539.0,21544.0,21535.0,21535.0,239
MTX,202504,2025-04-03 00:51:00,21536.0,21540.0,21529.0,21537.0,137
MTX,202504,2025-04-03 00:52:00,21535.0,21539.0,21513.0,21515.0,257
MTX,202504,2025-04-03 00:53:00,21513.0,21527.0,21513.0,21525.0,187
MTX,202504,2025-04-03 00:54:00,21525.0,21536.0,21525.0,21532.0,173
MTX,202504,2025-04-03 00:55:00,21533.0,21538.0,21527.0,21536.0,119
MTX,202504,2025-04-03 00:56:00,21538.0,21540.0,21525.0,21526.0,113
MTX,202504,2025-04-03 00:57:00,21527.0,21528.0,21524.0,21527.0,85
MTX,202504,2025-04-03 00:58:00,21527.0,21532.0,21524.0,21525.0,46
MTX,202504,2025-04-03 00:59:00,21525.0,21536.0,21524.0,21533.0,80
MTX,202504,2025-04-03 01:00:00,21532.0,21546.0,21531.0,21540.0,437
MTX,202504,2025-04-03 01:01:00,21539.0,21544.0,21535.0,21543.0,139
MTX,202504,2025-04-03 01:02:00,21543.0,21544.0,21539.0,21544.0,82
MTX,202504,2025-04-03 01:03:00,21544.0,21549.0,21542.0,21545.0,143
MTX,202504,2025-04-03 01:04:00,21546.0,21555.0,21546.0,21552.0,455
MTX,202504,2025-04-03 01:05:00,21552.0,21555.0,21548.0,21550.0,159
MTX,202504,2025-04-03 01:06:00,21550.0,21556.0,21550.0,21555.0,139
MTX,202504,2025-04-03 01:07:00,21554.0,21557.0,21552.0,21556.0,101
MTX,202504,2025-04-03 01:08:00,21557.0,21557.0,21552.0,21555.0,88
MTX,202504,2025-04-03 01:09:00,21554.0,21556.0,21551.0,21551.0,62
MTX,202504,2025-04-03 01:10:00,21551.0,21565.0,21551.0,21565.0,343
MTX,202504,2025-04-03 01:11:00,21563.0,21572.0,21561.0,21570.0,323
MTX,202504,2025-04-03 01:12:00,21571.0,21578.0,21571.0,21575.0,298
MTX,202504,2025-04-03 01:13:00,21573.0,21575.0,21561.0,21564.0,282
MTX,202504,2025-04-03 01:14:00,21565.0,21569.0,21563.0,21565.0,127
MTX,202504,2025-04-03 01:15:00,21565.0,21565.0,21557.0,21557.0,240
MTX,202504,2025-04-03 01:16:00,21558.0,21569.0,21558.0,21568.0,105
MTX,202504,2025-04-03 01:17:00,21567.0,21567.0,21560.0,21564.0,54
MTX,202504,2025-04-03 01:18:00,21564.0,21566.0,21561.0,21563.0,77
MTX,202504,2025-04-03 01:19:00,21563.0,21563.0,21559.0,21561.0,52
MTX,202504,2025-04-03 01:20:00,21562.0,21562.0,21553.0,21555.0,182
MTX,202504,2025-04-03 01:21:00,21553.0,21555.0,21547.0,21548.0,233
MTX,202504,2025-04-03 01:22:00,21548.0,21549.0,21540.0,21540.0,231
MTX,202504,2025-04-03 01:23:00,21541.0,21555.0,21540.0,21552.0,189
MTX,202504,2025-04-03 01:24:00,21553.0,21553.0,21548.0,21550.0,82
MTX,202504,2025-04-03 01:25:00,21550.0,21551.0,21540.0,21542.0,98
MTX,202504,2025-04-03 01:26:00,21541.0,21546.0,21537.0,21538.0,115
MTX,202504,2025-04-03 01:27:00,21540.0,21542.0,21534.0,21535.0,184
MTX,202504,2025-04-03 01:28:00,21536.0,21547.0,21535.0,21544.0,77
MTX,202504,2025-04-03 01:29:00,21545.0,21545.0,21533.0,21533.0,103
MTX,202504,2025-04-03 01:30:00,21533.0,21534.0,21519.0,21521.0,369
MTX,202504,2025-04-03 01:31:00,21521.0,21522.0,21512.0,21513.0,323
MTX,202504,2025-04-03 01:32:00,21514.0,21520.0,21506.0,21506.0,243
MTX,202504,2025-04-03 01:33:00,21506.0,21514.0,21499.0,21513.0,369
MTX,202504,2025-04-03 01:34:00,21512.0,21518.0,21507.0,21511.0,207
MTX,202504,2025-04-03 01:35:00,21512.0,21512.0,21501.0,21502.0,221
MTX,202504,2025-04-03 01:36:00,21502.0,21505.0,21493.0,21493.0,316
MTX,202504,2025-04-03 01:37:00,21495.0,21495.0,21472.0,21475.0,737
MTX,202504,2025-04-03 01:38:00,21475.0,21489.0,21472.0,21487.0,289
MTX,202504,2025-04-03 01:39:00,21488.0,21488.0,21468.0,21482.0,300
MTX,202504,2025-04-03 01:40:00,21481.0,21490.0,21475.0,21476.0,256
MTX,202504,2025-04-03 01:41:00,21475.0,21476.0,21468.0,21473.0,164
MTX,202504,2025-04-03 01:42:00,21473.0,21474.0,21462.0,21467.0,248
MTX,202504,2025-04-03 01:43:00,21466.0,21474.0,21462.0,21467.0,217
MTX,202504,2025-04-03 01:44:00,21466.0,21478.0,21456.0,21475.0,387
MTX,202504,2025-04-03 01:45:00,21472.0,21473.0,21447.0,21449.0,498
MTX,202504,2025-04-03 01:46:00,21446.0,21453.0,21439.0,21444.0,445
MTX,202504,2025-04-03 01:47:00,21443.0,21457.0,21441.0,21453.0,220
MTX,202504,2025-04-03 01:48:00,21452.0,21454.0,21432.0,21434.0,464
MTX,202504,2025-04-03 01:49:00,21434.0,21448.0,21430.0,21447.0,243
MTX,202504,2025-04-03 01:50:00,21446.0,21447.0,21433.0,21435.0,204
MTX,202504,2025-04-03 01:51:00,21436.0,21441.0,21434.0,21437.0,110
MTX,202504,2025-04-03 01:52:00,21436.0,21437.0,21410.0,21410.0,588
MTX,202504,2025-04-03 01:53:00,21411.0,21428.0,21410.0,21427.0,397
MTX,202504,2025-04-03 01:54:00,21426.0,21440.0,21423.0,21433.0,347
MTX,202504,2025-04-03 01:55:00,21434.0,21449.0,21434.0,21447.0,297
MTX,202504,2025-04-03 01:56:00,21447.0,21448.0,21436.0,21436.0,200
MTX,202504,2025-04-03 01:57:00,21437.0,21439.0,21432.0,21438.0,131
MTX,202504,2025-04-03 01:58:00,21439.0,21439.0,21425.0,21427.0,194
MTX,202504,2025-04-03 01:59:00,21426.0,21434.0,21424.0,21434.0,156
MTX,202504,2025-04-03 02:00:00,21433.0,21433.0,21423.0,21430.0,306
MTX,202504,2025-04-03 02:01:00,21430.0,21434.0,21418.0,21429.0,301
MTX,202504,2025-04-03 02:02:00,21429.0,21430.0,21417.0,21426.0,151
MTX,202504,2025-04-03 02:03:00,21427.0,21446.0,21422.0,21425.0,318
MTX,202504,2025-04-03 02:04:00,21427.0,21432.0,21414.0,21414.0,205
MTX,202504,2025-04-03 02:05:00,21414.0,21416.0,21372.0,21376.0,1324
MTX,202504,2025-04-03 02:06:00,21375.0,21395.0,21367.0,21392.0,533
MTX,202504,2025-04-03 02:07:00,21393.0,21393.0,21373.0,21383.0,243
MTX,202504,2025-04-03 02:08:00,21381.0,21392.0,21381.0,21385.0,202
MTX,202504,2025-04-03 02:09:00,21385.0,21387.0,21375.0,21379.0,197
MTX,202504,2025-04-03 02:10:00,21379.0,21381.0,21365.0,21372.0,296
MTX,202504,2025-04-03 02:11:00,21372.0,21382.0,21370.0,21377.0,203
MTX,202504,2025-04-03 02:12:00,21379.0,21390.0,21377.0,21389.0,164
MTX,202504,2025-04-03 02:13:00,21390.0,21405.0,21389.0,21398.0,329
MTX,202504,2025-04-03 02:14:00,21399.0,21399.0,21382.0,21384.0,169
MTX,202504,2025-04-03 02:15:00,21386.0,21395.0,21384.0,21390.0,145
MTX,202504,2025-04-03 02:16:00,21392.0,21392.0,21375.0,21375.0,165
MTX,202504,2025-04-03 02:17:00,21378.0,21392.0,21375.0,21389.0,97
MTX,202504,2025-04-03 02:18:00,21390.0,21391.0,21375.0,21380.0,98
MTX,202504,2025-04-03 02:19:00,21380.0,21382.0,21374.0,21380.0,102
MTX,202504,2025-04-03 02:20:00,21379.0,21388.0,21377.0,21388.0,107
MTX,202504,2025-04-03 02:21:00,21386.0,21386.0,21374.0,21382.0,77
MTX,202504,2025-04-03 02:22:00,21382.0,21392.0,21382.0,21385.0,119
MTX,202504,2025-04-03 02:23:00,21385.0,21385.0,21372.0,21372.0,159
MTX,202504,2025-04-03 02:24:00,21371.0,21371.0,21359.0,21368.0,472
MTX,202504,2025-04-03 02:25:00,21367.0,21371.0,21354.0,21370.0,299
MTX,202504,2025-04-03 02:26:00,21369.0,21377.0,21366.0,21375.0,132
MTX,202504,2025-04-03 02:27:00,21377.0,21379.0,21364.0,21364.0,117
MTX,202504,2025-04-03 02:28:00,21363.0,21364.0,21344.0,21345.0,459
MTX,202504,2025-04-03 02:29:00,21344.0,21346.0,21330.0,21330.0,546
MTX,202504,2025-04-03 02:30:00,21330.0,21359.0,21326.0,21359.0,522
MTX,202504,2025-04-03 02:31:00,21358.0,21358.0,21346.0,21358.0,191
MTX,202504,2025-04-03 02:32:00,21357.0,21358.0,21346.0,21351.0,114
MTX,202504,2025-04-03 02:33:00,21351.0,21362.0,21351.0,21362.0,137
MTX,202504,2025-04-03 02:34:00,21362.0,21365.0,21357.0,21364.0,111
MTX,202504,2025-04-03 02:35:00,21364.0,21383.0,21355.0,21381.0,329
MTX,202504,2025-04-03 02:36:00,21380.0,21400.0,21380.0,21398.0,495
MTX,202504,2025-04-03 02:37:00,21397.0,21400.0,21392.0,21400.0,208
MTX,202504,2025-04-03 02:38:00,21401.0,21408.0,21399.0,21407.0,227
MTX,202504,2025-04-03 02:39:00,21408.0,21410.0,21402.0,21410.0,178
MTX,202504,2025-04-03 02:40:00,21411.0,21423.0,21409.0,21420.0,390
MTX,202504,2025-04-03 02:41:00,21420.0,21434.0,21420.0,21428.0,382
MTX,202504,2025-04-03 02:42:00,21430.0,21434.0,21417.0,21422.0,281
MTX,202504,2025-04-03 02:43:00,21420.0,21421.0,21407.0,21410.0,242
MTX,202504,2025-04-03 02:44:00,21411.0,21417.0,21407.0,21413.0,187
MTX,202504,2025-04-03 02:45:00,21414.0,21419.0,21411.0,21415.0,107
MTX,202504,2025-04-03 02:46:00,21416.0,21419.0,21408.0,21412.0,76
MTX,202504,2025-04-03 02:47:00,21414.0,21414.0,21386.0,21386.0,380
MTX,202504,2025-04-03 02:48:00,21385.0,21400.0,21385.0,21393.0,180
MTX,202504,2025-04-03 02:49:00,21393.0,21401.0,21387.0,21401.0,118
MTX,202504,2025-04-03 02:50:00,21401.0,21402.0,21387.0,21387.0,84
MTX,202504,2025-04-03 02:51:00,21388.0,21393.0,21378.0,21392.0,220
MTX,202504,2025-04-03 02:52:00,21390.0,21391.0,21380.0,21386.0,93
MTX,202504,2025-04-03 02:53:00,21388.0,21393.0,21381.0,21390.0,56
MTX,202504,2025-04-03 02:54:00,21392.0,21397.0,21390.0,21390.0,67
MTX,202504,2025-04-03 02:55:00,21389.0,21389.0,21380.0,21382.0,105
MTX,202504,2025-04-03 02:56:00,21382.0,21382.0,21368.0,21370.0,164
MTX,202504,2025-04-03 02:57:00,21368.0,21369.0,21360.0,21363.0,174
MTX,202504,2025-04-03 02:58:00,21362.0,21367.0,21351.0,21355.0,199
MTX,202504,2025-04-03 02:59:00,21355.0,21357.0,21343.0,21344.0,278
MTX,202504,2025-04-03 03:00:00,21347.0,21395.0,21347.0,21382.0,581
MTX,202504,2025-04-03 03:01:00,21381.0,21400.0,21378.0,21397.0,275
MTX,202504,2025-04-03 03:02:00,21396.0,21403.0,21387.0,21401.0,148
MTX,202504,2025-04-03 03:03:00,21400.0,21403.0,21395.0,21398.0,138
MTX,202504,2025-04-03 03:04:00,21400.0,21404.0,21395.0,21397.0,103
MTX,202504,2025-04-03 03:05:00,21396.0,21402.0,21386.0,21390.0,131
MTX,202504,2025-04-03 03:06:00,21390.0,21392.0,21379.0,21391.0,157
MTX,202504,2025-04-03 03:07:00,21392.0,21400.0,21383.0,21383.0,131
MTX,202504,2025-04-03 03:08:00,21385.0,21390.0,21373.0,21390.0,165
MTX,202504,2025-04-03 03:09:00,21385.0,21387.0,21379.0,21385.0,61
MTX,202504,2025-04-03 03:10:00,21382.0,21382.0,21368.0,21371.0,155
MTX,202504,2025-04-03 03:11:00,21376.0,21376.0,21368.0,21371.0,93
MTX,202504,2025-04-03 03:12:00,21371.0,21389.0,21369.0,21388.0,112
MTX,202504,2025-04-03 03:13:00,21387.0,21390.0,21375.0,21380.0,57
MTX,202504,2025-04-03 03:14:00,21379.0,21380.0,21368.0,21370.0,66
MTX,202504,2025-04-03 03:15:00,21369.0,21371.0,21361.0,21368.0,119
MTX,202504,2025-04-03 03:16:00,21368.0,21377.0,21365.0,21375.0,85
MTX,202504,2025-04-03 03:17:00,21375.0,21379.0,21368.0,21369.0,82
MTX,202504,2025-04-03 03:18:00,21368.0,21368.0,21359.0,21362.0,121
MTX,202504,2025-04-03 03:19:00,21361.0,21367.0,21355.0,21367.0,129
MTX,202504,2025-04-03 03:20:00,21367.0,21379.0,21364.0,21377.0,117
MTX,202504,2025-04-03 03:21:00,21376.0,21376.0,21368.0,21372.0,59
MTX,202504,2025-04-03 03:22:00,21373.0,21375.0,21366.0,21373.0,51
MTX,202504,2025-04-03 03:23:00,21373.0,21390.0,21370.0,21390.0,143
MTX,202504,2025-04-03 03:24:00,21390.0,21407.0,21390.0,21399.0,230
MTX,202504,2025-04-03 03:25:00,21400.0,21400.0,21378.0,21378.0,122
MTX,202504,2025-04-03 03:26:00,21380.0,21400.0,21380.0,21400.0,78
MTX,202504,2025-04-03 03:27:00,21399.0,21413.0,21395.0,21408.0,175
MTX,202504,2025-04-03 03:28:00,21408.0,21421.0,21408.0,21421.0,212
MTX,202504,2025-04-03 03:29:00,21421.0,21421.0,21408.0,21411.0,144
MTX,202504,2025-04-03 03:30:00,21411.0,21411.0,21392.0,21404.0,209
MTX,202504,2025-04-03 03:31:00,21401.0,21421.0,21401.0,21421.0,107
MTX,202504,2025-04-03 03:32:00,21420.0,21425.0,21415.0,21420.0,130
MTX,202504,2025-04-03 03:33:00,21422.0,21443.0,21421.0,21440.0,331
MTX,202504,2025-04-03 03:34:00,21441.0,21453.0,21440.0,21447.0,248
MTX,202504,2025-04-03 03:35:00,21447.0,21453.0,21431.0,21452.0,198
MTX,202504,2025-04-03 03:36:00,21453.0,21453.0,21441.0,21444.0,77
MTX,202504,2025-04-03 03:37:00,21445.0,21448.0,21437.0,21442.0,97
MTX,202504,2025-04-03 03:38:00,21441.0,21444.0,21437.0,21437.0,60
MTX,202504,2025-04-03 03:39:00,21438.0,21442.0,21435.0,21435.0,85
MTX,202504,2025-04-03 03:40:00,21436.0,21457.0,21436.0,21453.0,241
MTX,202504,2025-04-03 03:41:00,21452.0,21458.0,21450.0,21457.0,139
MTX,202504,2025-04-03 03:42:00,21457.0,21475.0,21457.0,21464.0,279
MTX,202504,2025-04-03 03:43:00,21465.0,21477.0,21465.0,21477.0,127
MTX,202504,2025-04-03 03:44:00,21477.0,21486.0,21470.0,21480.0,247
MTX,202504,2025-04-03 03:45:00,21482.0,21491.0,21477.0,21491.0,192
MTX,202504,2025-04-03 03:46:00,21489.0,21507.0,21489.0,21500.0,304
MTX,202504,2025-04-03 03:47:00,21499.0,21501.0,21485.0,21495.0,115
MTX,202504,2025-04-03 03:48:00,21496.0,21502.0,21491.0,21492.0,114
MTX,202504,2025-04-03 03:49:00,21493.0,21501.0,21475.0,21485.0,142
MTX,202504,2025-04-03 03:50:00,21485.0,21492.0,21464.0,21480.0,376
MTX,202504,2025-04-03 03:51:00,21482.0,21492.0,21474.0,21489.0,107
MTX,202504,2025-04-03 03:52:00,21492.0,21497.0,21479.0,21488.0,98
MTX,202504,2025-04-03 03:53:00,21488.0,21495.0,21480.0,21494.0,57
MTX,202504,2025-04-03 03:54:00,21494.0,21495.0,21479.0,21485.0,96
MTX,202504,2025-04-03 03:55:00,21488.0,21492.0,21482.0,21492.0,74
MTX,202504,2025-04-03 03:56:00,21491.0,21495.0,21478.0,21479.0,89
MTX,202504,2025-04-03 03:57:00,21481.0,21488.0,21480.0,21485.0,58
MTX,202504,2025-04-03 03:58:00,21485.0,21487.0,21478.0,21478.0,94
MTX,202504,2025-04-03 03:59:00,21479.0,21483.0,21461.0,21477.0,228
MTX,202504,2025-04-03 04:00:00,21471.0,21486.0,21469.0,21479.0,162
MTX,202504,2025-04-03 04:01:00,21477.0,21478.0,21468.0,21473.0,163
MTX,202504,2025-04-03 04:02:00,21473.0,21475.0,21457.0,21461.0,270
MTX,202504,2025-04-03 04:03:00,21462.0,21467.0,21442.0,21443.0,230
MTX,202504,2025-04-03 04:04:00,21442.0,21450.0,21440.0,21443.0,124
MTX,202504,2025-04-03 04:05:00,21442.0,21454.0,21440.0,21453.0,107
MTX,202504,2025-04-03 04:06:00,21452.0,21465.0,21451.0,21464.0,168
MTX,202504,2025-04-03 04:07:00,21464.0,21465.0,21443.0,21444.0,117
MTX,202504,2025-04-03 04:08:00,21443.0,21445.0,21417.0,21438.0,557
MTX,202504,2025-04-03 04:09:00,21440.0,21447.0,21437.0,21444.0,100
MTX,202504,2025-04-03 04:10:00,21446.0,21462.0,21442.0,21456.0,151
MTX,202504,2025-04-03 04:11:00,21456.0,21457.0,21394.0,21413.0,489
MTX,202504,2025-04-03 04:12:00,21411.0,21433.0,21404.0,21427.0,186
MTX,202504,2025-04-03 04:13:00,21423.0,21560.0,21412.0,21559.0,1995
MTX,202504,2025-04-03 04:14:00,21560.0,21593.0,21544.0,21578.0,1978
MTX,202504,2025-04-03 04:15:00,21574.0,21594.0,21559.0,21578.0,1054
MTX,202504,2025-04-03 04:16:00,21579.0,21637.0,21569.0,21635.0,1371
MTX,202504,2025-04-03 04:17:00,21636.0,21668.0,21628.0,21641.0,1403
MTX,202504,2025-04-03 04:18:00,21640.0,21643.0,21426.0,21475.0,1691
MTX,202504,2025-04-03 04:19:00,21472.0,21574.0,21461.0,21573.0,1118
MTX,202504,2025-04-03 04:20:00,21574.0,21615.0,21551.0,21609.0,1053
MTX,202504,2025-04-03 04:21:00,21612.0,21625.0,21561.0,21600.0,821
MTX,202504,2025-04-03 04:22:00,21594.0,21623.0,21584.0,21591.0,370
MTX,202504,2025-04-03 04:23:00,21592.0,21605.0,21576.0,21596.0,270
MTX,202504,2025-04-03 04:24:00,21593.0,21604.0,21585.0,21600.0,207
MTX,202504,2025-04-03 04:25:00,21599.0,21609.0,21533.0,21583.0,1568
MTX,202504,2025-04-03 04:26:00,21585.0,21595.0,21512.0,21533.0,1360
MTX,202504,2025-04-03 04:27:00,21531.0,21533.0,21394.0,21397.0,2375
MTX,202504,2025-04-03 04:28:00,21398.0,21398.0,21256.0,21279.0,3477
MTX,202504,2025-04-03 04:29:00,21284.0,21325.0,21200.0,21203.0,2501
MTX,202504,2025-04-03 04:30:00,21205.0,21214.0,21010.0,21041.0,4498
MTX,202504,2025-04-03 04:31:00,21041.0,21199.0,21020.0,21179.0,1627
MTX,202504,2025-04-03 04:32:00,21180.0,21194.0,21096.0,21132.0,1883
MTX,202504,2025-04-03 04:33:00,21128.0,21199.0,21120.0,21145.0,926
MTX,202504,2025-04-03 04:34:00,21144.0,21165.0,21111.0,21119.0,648
MTX,202504,2025-04-03 04:35:00,21121.0,21124.0,21084.0,21100.0,830
MTX,202504,2025-04-03 04:36:00,21100.0,21100.0,21055.0,21055.0,726
MTX,202504,2025-04-03 04:37:00,21055.0,21097.0,21017.0,21019.0,779
MTX,202504,2025-04-03 04:38:00,21019.0,21050.0,21000.0,21042.0,915
MTX,202504,2025-04-03 04:39:00,21043.0,21080.0,21034.0,21042.0,614
MTX,202504,2025-04-03 04:40:00,21042.0,21043.0,20982.0,20999.0,1177
MTX,202504,2025-04-03 04:41:00,20997.0,21031.0,20984.0,21008.0,648
MTX,202504,2025-04-03 04:42:00,21008.0,21024.0,20988.0,20994.0,278
MTX,202504,2025-04-03 04:43:00,20995.0,20997.0,20950.0,20950.0,667
MTX,202504,2025-04-03 04:44:00,20950.0,20952.0,20900.0,20915.0,1215
MTX,202504,2025-04-03 04:45:00,20913.0,20931.0,20833.0,20897.0,2521
MTX,202504,2025-04-03 04:46:00,20899.0,20904.0,20860.0,20895.0,592
MTX,202504,2025-04-03 04:47:00,20894.0,20929.0,20886.0,20892.0,746
MTX,202504,2025-04-03 04:48:00,20892.0,20894.0,20806.0,20823.0,1132
MTX,202504,2025-04-03 04:49:00,20822.0,20883.0,20820.0,20870.0,698
MTX,202504,2025-04-03 04:50:00,20875.0,20879.0,20836.0,20843.0,524
MTX,202504,2025-04-03 04:51:00,20841.0,20869.0,20833.0,20868.0,387
MTX,202504,2025-04-03 04:52:00,20868.0,20872.0,20833.0,20840.0,449
MTX,202504,2025-04-03 04:53:00,20843.0,20875.0,20840.0,20849.0,431
MTX,202504,2025-04-03 04:54:00,20848.0,20862.0,20847.0,20857.0,170
MTX,202504,2025-04-03 04:55:00,20859.0,20871.0,20854.0,20859.0,226
MTX,202504,2025-04-03 04:56:00,20859.0,20874.0,20848.0,20860.0,302
MTX,202504,2025-04-03 04:57:00,20867.0,20888.0,20857.0,20873.0,260
MTX,202504,2025-04-03 04:58:00,20880.0,20885.0,20870.0,20872.0,154
MTX,202504,2025-04-03 04:59:00,20877.0,20879.0,20843.0,20850.0,468
MTX,202504/202505,2025-04-03 04:14:00,13.0,13.0,13.0,13.0,2
MTX,202504W2,2025-04-02 15:11:00,21314.0,21314.0,21314.0,21314.0,2
MTX,202504W2,2025-04-02 15:14:00,21307.0,21307.0,21307.0,21307.0,1
MTX,202504W2,2025-04-02 15:16:00,21307.0,21307.0,21307.0,21307.0,1
MTX,202504W2,2025-04-02 15:47:00,21305.0,21305.0,21305.0,21305.0,1
MTX,202504W2,2025-04-02 15:55:00,21309.0,21309.0,21309.0,21309.0,1
MTX,202504W2,2025-04-02 17:30:00,21318.0,21319.0,21318.0,21319.0,2
MTX,202504W2,2025-04-02 18:07:00,21285.0,21285.0,21285.0,21285.0,1
MTX,202504W2,2025-04-02 20:06:00,21242.0,21242.0,21242.0,21242.0,1
MTX,202504W2,2025-04-02 21:13:00,21228.0,21228.0,21228.0,21228.0,1
MTX,202504W2,2025-04-02 21:25:00,21218.0,21218.0,21218.0,21218.0,1
MTX,202504W2,2025-04-02 21:31:00,21200.0,21200.0,21200.0,21200.0,1
MTX,202504W2,2025-04-02 21:45:00,21334.0,21334.0,21334.0,21334.0,1
MTX,202504W2,2025-04-02 21:46:00,21350.0,21355.0,21350.0,21355.0,3
MTX,202504W2,2025-04-02 21:47:00,21348.0,21348.0,21348.0,21348.0,1
MTX,202504W2,2025-04-02 21:48:00,21334.0,21334.0,21334.0,21334.0,1
MTX,202504W2,2025-04-02 21:50:00,21354.0,21354.0,21354.0,21354.0,1
MTX,202504W2,2025-04-02 21:51:00,21345.0,21345.0,21345.0,21345.0,1
MTX,202504W2,2025-04-02 21:52:00,21348.0,21348.0,21348.0,21348.0,2
MTX,202504W2,2025-04-02 22:02:00,21365.0,21365.0,21365.0,21365.0,1
MTX,202504W2,2025-04-02 22:09:00,21350.0,21350.0,21350.0,21350.0,1
MTX,202504W2,2025-04-02 22:29:00,21385.0,21385.0,21385.0,21385.0,1
MTX,202504W2,2025-04-02 22:32:00,21399.0,21399.0,21399.0,21399.0,1
MTX,202504W2,2025-04-02 22:59:00,21428.0,21428.0,21428.0,21428.0,1
MTX,202504W2,2025-04-02 23:09:00,21431.0,21431.0,21430.0,21430.0,2
MTX,202504W2,2025-04-02 23:14:00,21398.0,21398.0,21394.0,21394.0,2
MTX,202504W2,2025-04-02 23:18:00,21417.0,21417.0,21417.0,21417.0,1
MTX,202504W2,2025-04-02 23:28:00,21479.0,21479.0,21479.0,21479.0,1
MTX,202504W2,2025-04-02 23:36:00,21467.0,21467.0,21467.0,21467.0,1
MTX,202504W2,2025-04-02 23:50:00,21441.0,21441.0,21440.0,21440.0,2
MTX,202504W2,2025-04-02 23:51:00,21439.0,21439.0,21439.0,21439.0,1
MTX,202504W2,2025-04-02 23:52:00,21443.0,21443.0,21443.0,21443.0,1
MTX,202504W2,2025-04-02 23:55:00,21444.0,21444.0,21444.0,21444.0,1
MTX,202504W2,2025-04-03 00:00:00,21449.0,21449.0,21449.0,21449.0,1
MTX,202504W2,2025-04-03 00:12:00,21480.0,21487.0,21480.0,21487.0,2
MTX,202504W2,2025-04-03 00:17:00,21500.0,21500.0,21500.0,21500.0,1
MTX,202504W2,2025-04-03 01:18:00,21561.0,21561.0,21561.0,21561.0,1
MTX,202504W2,2025-04-03 02:05:00,21392.0,21392.0,21391.0,21391.0,3
MTX,202504W2,2025-04-03 02:24:00,21360.0,21362.0,21360.0,21362.0,2
MTX,202504W2,2025-04-03 02:59:00,21352.0,21355.0,21352.0,21355.0,2
MTX,202504W2,2025-04-03 03:10:00,21370.0,21370.0,21370.0,21370.0,1
MTX,202504W2,2025-04-03 03:13:00,21381.0,21381.0,21378.0,21378.0,2
MTX,202504W2,2025-04-03 03:18:00,21363.0,21363.0,21363.0,21363.0,1
MTX,202504W2,2025-04-03 03:19:00,21356.0,21356.0,21356.0,21356.0,1
MTX,202504W2,2025-04-03 03:22:00,21369.0,21369.0,21369.0,21369.0,1
MTX,202504W2,2025-04-03 03:25:00,21381.0,21381.0,21381.0,21381.0,1
MTX,202504W2,2025-04-03 03:26:00,21392.0,21392.0,21392.0,21392.0,1
MTX,202504W2,2025-04-03 03:42:00,21458.0,21471.0,21458.0,21471.0,4
MTX,202504W2,2025-04-03 03:43:00,21472.0,21472.0,21472.0,21472.0,1
MTX,202504W2,2025-04-03 03:44:00,21476.0,21478.0,21476.0,21478.0,3
MTX,202504W2,2025-04-03 03:45:00,21478.0,21484.0,21478.0,21484.0,2
MTX,202504W2,2025-04-03 03:46:00,21486.0,21494.0,21486.0,21494.0,3
MTX,202504W2,2025-04-03 03:59:00,21467.0,21467.0,21467.0,21467.0,1
MTX,202504W2,2025-04-03 04:03:00,21446.0,21446.0,21446.0,21446.0,1
MTX,202504W2,2025-04-03 04:08:00,21418.0,21418.0,21418.0,21418.0,1
MTX,202504W2,2025-04-03 04:09:00,21437.0,21437.0,21437.0,21437.0,1
MTX,202504W2,2025-04-03 04:10:00,21443.0,21443.0,21443.0,21443.0,1
MTX,202504W2,2025-04-03 04:11:00,21415.0,21415.0,21397.0,21397.0,5
MTX,202504W2,2025-04-03 04:13:00,21454.0,21545.0,21454.0,21545.0,25
MTX,202504W2,2025-04-03 04:14:00,21557.0,21583.0,21550.0,21561.0,10
MTX,202504W2,2025-04-03 04:15:00,21568.0,21568.0,21562.0,21562.0,2
MTX,202504W2,2025-04-03 04:16:00,21584.0,21622.0,21584.0,21622.0,36
MTX,202504W2,2025-04-03 04:17:00,21621.0,21621.0,21621.0,21621.0,1
MTX,202504W2,2025-04-03 04:18:00,21559.0,21559.0,21433.0,21433.0,8
MTX,202504W2,2025-04-03 04:19:00,21542.0,21542.0,21542.0,21542.0,1
MTX,202504W2,2025-04-03 04:20:00,21592.0,21592.0,21592.0,21592.0,1
MTX,202504W2,2025-04-03 04:24:00,21587.0,21587.0,21587.0,21587.0,1
MTX,202504W2,2025-04-03 04:25:00,21557.0,21570.0,21542.0,21570.0,7
MTX,202504W2,2025-04-03 04:27:00,21409.0,21409.0,21409.0,21409.0,1
MTX,202504W2,2025-04-03 04:28:00,21379.0,21379.0,21266.0,21266.0,28
MTX,202504W2,2025-04-03 04:29:00,21266.0,21268.0,21218.0,21218.0,12
MTX,202504W2,2025-04-03 04:30:00,21190.0,21190.0,21017.0,21017.0,32
MTX,202504W2,2025-04-03 04:32:00,21170.0,21170.0,21123.0,21123.0,3
MTX,202504W2,2025-04-03 04:34:00,21141.0,21156.0,21120.0,21120.0,4
MTX,202504W2,2025-04-03 04:35:00,21099.0,21107.0,21095.0,21101.0,5
MTX,202504W2,2025-04-03 04:36:00,21088.0,21094.0,21071.0,21083.0,19
MTX,202504W2,2025-04-03 04:37:00,21064.0,21064.0,21039.0,21039.0,15
MTX,202504W2,2025-04-03 04:38:00,21032.0,21052.0,21021.0,21052.0,20
MTX,202504W2,2025-04-03 04:40:00,21047.0,21047.0,21015.0,21025.0,13
MTX,202504W2,2025-04-03 04:41:00,21030.0,21030.0,21016.0,21016.0,2
MTX,202504W2,2025-04-03 04:42:00,21045.0,21045.0,21020.0,21022.0,3
MTX,202504W2,2025-04-03 04:43:00,21022.0,21022.0,21020.0,21020.0,2
MTX,202504W2,2025-04-03 04:44:00,20968.0,20968.0,20968.0,20968.0,1
MTX,202504W2,2025-04-03 04:45:00,20924.0,20960.0,20874.0,20960.0,20
MTX,202504W2,2025-04-03 04:46:00,20919.0,20919.0,20904.0,20915.0,3
MTX,202504W2,2025-04-03 04:47:00,20940.0,20940.0,20940.0,20940.0,1
MTX,202504W2,2025-04-03 04:48:00,20906.0,20907.0,20864.0,20866.0,18
MTX,202504W2,2025-04-03 04:49:00,20907.0,20907.0,20902.0,20902.0,2
MTX,202504W2,2025-04-03 04:50:00,20893.0,20911.0,20893.0,20897.0,7
MTX,202504W2,2025-04-03 04:52:00,20924.0,20924.0,20901.0,20901.0,3
MTX,202504W2,2025-04-03 04:54:00,20891.0,20891.0,20891.0,20891.0,1
MTX,202504W2,2025-04-03 04:55:00,20904.0,20904.0,20904.0,20904.0,1
MTX,202504W2,2025-04-03 04:56:00,20890.0,20897.0,20890.0,20894.0,3
MTX,202504W2,2025-04-03 04:58:00,20915.0,20916.0,20915.0,20916.0,3
MTX,202504W2,2025-04-03 04:59:00,20900.0,20900.0,20881.0,20881.0,3
MTX,202504W2/202504,2025-04-02 16:49:00,3.0,3.0,3.0,3.0,8
MTX,202504W2/202504,2025-04-02 16:50:00,4.0,4.0,4.0,4.0,2
MTX,202504W2/202504,2025-04-02 17:19:00,4.0,4.0,4.0,4.0,10
MTX,202504W2/202504,2025-04-02 17:20:00,5.0,5.0,5.0,5.0,10
MTX,202504W2/202504,2025-04-02 17:21:00,6.0,6.0,6.0,6.0,10
MTX,202504W2/202504,2025-04-02 18:02:00,6.0,6.0,6.0,6.0,2
MTX,202504W2/202504,2025-04-02 19:39:00,6.0,6.0,6.0,6.0,2
MTX,202504W2/202504,2025-04-02 21:59:00,4.0,4.0,4.0,4.0,4
MTX,202504W2/202504,2025-04-02 22:02:00,7.0,7.0,7.0,7.0,2
MTX,202504W2/202504,2025-04-03 00:14:00,9.0,9.0,9.0,9.0,4
MTX,202504W2/202504,2025-04-03 01:02:00,8.0,8.0,8.0,8.0,2
MTX,202504W2/202504,2025-04-03 01:24:00,7.0,8.0,7.0,8.0,80
MTX,202504W2/202504,2025-04-03 01:33:00,8.0,8.0,8.0,8.0,2
MTX,202504W2/202504,2025-04-03 01:36:00,8.0,8.0,8.0,8.0,60
MTX,202504W2/202504,2025-04-03 04:16:00,10.0,10.0,10.0,10.0,4
MTX,202504W2/202504,2025-04-03 04:17:00,12.0,12.0,12.0,12.0,2
MTX,202504W2/202504,2025-04-03 04:18:00,11.0,11.0,11.0,11.0,4
MTX,202504W2/202504,2025-04-03 04:24:00,10.0,10.0,10.0,10.0,2
MTX,202504W2/202504,2025-04-03 04:27:00,6.0,6.0,6.0,6.0,2
MTX,202504W2/202504,2025-04-03 04:29:00,-1.0,-1.0,-2.0,-2.0,6
MTX,202504W2/202504,2025-04-03 04:30:00,-3.0,-3.0,-4.0,-4.0,18
MTX,202504W2/202504,2025-04-03 04:31:00,-4.0,-4.0,-5.0,-5.0,40
MTX,202504W2/202504,2025-04-03 04:32:00,-6.0,-6.0,-6.0,-6.0,32
MTX,202504W2/202504,2025-04-03 04:33:00,-6.0,-5.0,-6.0,-6.0,12
MTX,202504W2/202504,2025-04-03 04:35:00,-6.0,-6.0,-6.0,-6.0,8
MTX,202504W2/202504,2025-04-03 04:37:00,-15.0,-15.0,-17.0,-17.0,6
MTX,202504W2/202504,2025-04-03 04:38:00,-18.0,-18.0,-19.0,-19.0,58
MTX,202504W2/202504,2025-04-03 04:41:00,-24.0,-24.0,-24.0,-24.0,2
MTX,202504W2/202504,2025-04-03 04:42:00,-26.0,-26.0,-28.0,-28.0,6
MTX,202504W2/202504,2025-04-03 04:44:00,-30.0,-29.0,-30.0,-30.0,14
MTX,202504W2/202504,2025-04-03 04:45:00,-31.0,-31.0,-31.0,-31.0,2
MTX,202504W2/202504,2025-04-03 04:46:00,-39.0,-38.0,-39.0,-38.0,12
MTX,202504W2/202504,2025-04-03 04:51:00,-54.0,-54.0,-55.0,-55.0,6
MTX,202504W2/202504,2025-04-03 04:58:00,-39.0,-33.0,-39.0,-33.0,6
MTX,202505,2025-04-02 15:00:00,21330.0,21343.0,21330.0,21337.0,12
MTX,202505,2025-04-02 15:01:00,21329.0,21344.0,21329.0,21344.0,11
MTX,202505,2025-04-02 15:02:00,21349.0,21359.0,21345.0,21345.0,23
MTX,202505,2025-04-02 15:03:00,21345.0,21351.0,21343.0,21344.0,24
MTX,202505,2025-04-02 15:04:00,21342.0,21347.0,21342.0,21343.0,6
MTX,202505,2025-04-02 15:05:00,21343.0,21343.0,21337.0,21340.0,6
MTX,202505,2025-04-02 15:06:00,21333.0,21333.0,21331.0,21331.0,4
MTX,202505,2025-04-02 15:07:00,21332.0,21332.0,21322.0,21322.0,9
MTX,202505,2025-04-02 15:08:00,21325.0,21328.0,21318.0,21318.0,10
MTX,202505,2025-04-02 15:09:00,21320.0,21326.0,21320.0,21326.0,2
MTX,202505,2025-04-02 15:10:00,21326.0,21326.0,21323.0,21323.0,4
MTX,202505,2025-04-02 15:11:00,21326.0,21335.0,21326.0,21335.0,5
MTX,202505,2025-04-02 15:12:00,21324.0,21329.0,21317.0,21319.0,9
MTX,202505,2025-04-02 15:13:00,21320.0,21320.0,21320.0,21320.0,1
MTX,202505,2025-04-02 15:14:00,21320.0,21327.0,21320.0,21327.0,2
MTX,202505,2025-04-02 15:15:00,21335.0,21335.0,21330.0,21330.0,7
MTX,202505,2025-04-02 15:16:00,21331.0,21331.0,21331.0,21331.0,1
MTX,202505,2025-04-02 15:17:00,21323.0,21332.0,21323.0,21332.0,7
MTX,202505,2025-04-02 15:18:00,21336.0,21336.0,21336.0,21336.0,3
MTX,202505,2025-04-02 15:19:00,21333.0,21333.0,21332.0,21332.0,2
MTX,202505,2025-04-02 15:20:00,21336.0,21338.0,21330.0,21330.0,3
MTX,202505,2025-04-02 15:22:00,21330.0,21330.0,21330.0,21330.0,4
MTX,202505,2025-04-02 15:24:00,21329.0,21329.0,21321.0,21325.0,9
MTX,202505,2025-04-02 15:25:00,21321.0,21321.0,21311.0,21311.0,14
MTX,202505,2025-04-02 15:26:00,21317.0,21317.0,21312.0,21312.0,2
MTX,202505,2025-04-02 15:27:00,21323.0,21325.0,21323.0,21325.0,2
MTX,202505,2025-04-02 15:28:00,21325.0,21325.0,21319.0,21319.0,7
MTX,202505,2025-04-02 15:29:00,21319.0,21321.0,21319.0,21321.0,2
MTX,202505,2025-04-02 15:30:00,21326.0,21330.0,21322.0,21322.0,6
MTX,202505,2025-04-02 15:31:00,21322.0,21323.0,21320.0,21323.0,8
MTX,202505,2025-04-02 15:32:00,21329.0,21330.0,21325.0,21325.0,6
MTX,202505,2025-04-02 15:33:00,21328.0,21335.0,21328.0,21334.0,9
MTX,202505,2025-04-02 15:34:00,21334.0,21341.0,21332.0,21341.0,14
MTX,202505,2025-04-02 15:35:00,21338.0,21339.0,21338.0,21339.0,2
MTX,202505,2025-04-02 15:36:00,21337.0,21339.0,21330.0,21335.0,5
MTX,202505,2025-04-02 15:37:00,21333.0,21334.0,21317.0,21317.0,14
MTX,202505,2025-04-02 15:38:00,21319.0,21319.0,21319.0,21319.0,1
MTX,202505,2025-04-02 15:39:00,21322.0,21322.0,21314.0,21314.0,6
MTX,202505,2025-04-02 15:40:00,21317.0,21325.0,21317.0,21325.0,3
MTX,202505,2025-04-02 15:41:00,21325.0,21327.0,21325.0,21327.0,2
MTX,202505,2025-04-02 15:42:00,21323.0,21323.0,21318.0,21320.0,4
MTX,202505,2025-04-02 15:43:00,21318.0,21318.0,21318.0,21318.0,2
MTX,202505,2025-04-02 15:44:00,21316.0,21316.0,21315.0,21315.0,3
MTX,202505,2025-04-02 15:45:00,21323.0,21323.0,21323.0,21323.0,1
MTX,202505,2025-04-02 15:46:00,21323.0,21329.0,21323.0,21329.0,4
MTX,202505,2025-04-02 15:48:00,21323.0,21323.0,21323.0,21323.0,1
MTX,202505,2025-04-02 15:49:00,21327.0,21327.0,21317.0,21317.0,2
MTX,202505,2025-04-02 15:51:00,21320.0,21320.0,21320.0,21320.0,1
MTX,202505,2025-04-02 15:53:00,21320.0,21320.0,21320.0,21320.0,1
MTX,202505,2025-04-02 15:54:00,21323.0,21323.0,21323.0,21323.0,1
MTX,202505,2025-04-02 15:55:00,21328.0,21330.0,21328.0,21330.0,4
MTX,202505,2025-04-02 15:56:00,21335.0,21337.0,21335.0,21336.0,6
MTX,202505,2025-04-02 15:57:00,21333.0,21333.0,21333.0,21333.0,1
MTX,202505,2025-04-02 15:58:00,21335.0,21342.0,21335.0,21340.0,9
MTX,202505,2025-04-02 15:59:00,21340.0,21340.0,21340.0,21340.0,4
MTX,202505,2025-04-02 16:00:00,21333.0,21333.0,21330.0,21330.0,2
MTX,202505,2025-04-02 16:01:00,21325.0,21325.0,21306.0,21306.0,23
MTX,202505,2025-04-02 16:02:00,21306.0,21322.0,21302.0,21315.0,23
MTX,202505,2025-04-02 16:04:00,21315.0,21315.0,21307.0,21307.0,6
MTX,202505,2025-04-02 16:05:00,21305.0,21308.0,21301.0,21308.0,5
MTX,202505,2025-04-02 16:06:00,21310.0,21310.0,21305.0,21308.0,3
MTX,202505,2025-04-02 16:07:00,21305.0,21305.0,21300.0,21300.0,9
MTX,202505,2025-04-02 16:08:00,21308.0,21312.0,21308.0,21310.0,6
MTX,202505,2025-04-02 16:09:00,21312.0,21320.0,21312.0,21320.0,5
MTX,202505,2025-04-02 16:10:00,21320.0,21328.0,21320.0,21328.0,4
MTX,202505,2025-04-02 16:11:00,21330.0,21332.0,21329.0,21332.0,5
MTX,202505,2025-04-02 16:12:00,21332.0,21335.0,21332.0,21335.0,3
MTX,202505,2025-04-02 16:13:00,21337.0,21344.0,21334.0,21335.0,20
MTX,202505,2025-04-02 16:14:00,21335.0,21339.0,21331.0,21331.0,13
MTX,202505,2025-04-02 16:15:00,21330.0,21330.0,21330.0,21330.0,1
MTX,202505,2025-04-02 16:16:00,21336.0,21336.0,21336.0,21336.0,1
MTX,202505,2025-04-02 16:17:00,21340.0,21340.0,21338.0,21338.0,3
MTX,202505,2025-04-02 16:18:00,21340.0,21340.0,21340.0,21340.0,1
MTX,202505,2025-04-02 16:19:00,21335.0,21339.0,21335.0,21339.0,3
MTX,202505,2025-04-02 16:20:00,21335.0,21335.0,21335.0,21335.0,3
MTX,202505,2025-04-02 16:21:00,21340.0,21343.0,21340.0,21343.0,7
MTX,202505,2025-04-02 16:22:00,21345.0,21353.0,21345.0,21353.0,20
MTX,202505,2025-04-02 16:23:00,21350.0,21350.0,21349.0,21350.0,4
MTX,202505,2025-04-02 16:24:00,21346.0,21346.0,21340.0,21340.0,8
MTX,202505,2025-04-02 16:26:00,21340.0,21342.0,21340.0,21342.0,2
MTX,202505,2025-04-02 16:27:00,21346.0,21352.0,21346.0,21352.0,17
MTX,202505,2025-04-02 16:29:00,21352.0,21352.0,21348.0,21348.0,7
MTX,202505,2025-04-02 16:30:00,21345.0,21345.0,21340.0,21340.0,3
MTX,202505,2025-04-02 16:31:00,21340.0,21340.0,21340.0,21340.0,3
MTX,202505,2025-04-02 16:32:00,21342.0,21345.0,21342.0,21345.0,2
MTX,202505,2025-04-02 16:33:00,21348.0,21348.0,21345.0,21346.0,3
MTX,202505,2025-04-02 16:36:00,21339.0,21340.0,21337.0,21340.0,7
MTX,202505,2025-04-02 16:37:00,21338.0,21338.0,21338.0,21338.0,1
MTX,202505,2025-04-02 16:39:00,21340.0,21340.0,21340.0,21340.0,1
MTX,202505,2025-04-02 16:42:00,21348.0,21350.0,21348.0,21350.0,4
MTX,202505,2025-04-02 16:44:00,21347.0,21347.0,21343.0,21343.0,7
MTX,202505,2025-04-02 16:46:00,21346.0,21346.0,21346.0,21346.0,1
MTX,202505,2025-04-02 16:47:00,21347.0,21348.0,21347.0,21348.0,3
MTX,202505,2025-04-02 16:48:00,21349.0,21349.0,21349.0,21349.0,1
MTX,202505,2025-04-02 16:49:00,21349.0,21349.0,21349.0,21349.0,2
MTX,202505,2025-04-02 16:50:00,21352.0,21352.0,21352.0,21352.0,3
MTX,202505,2025-04-02 16:51:00,21350.0,21350.0,21350.0,21350.0,2
MTX,202505,2025-04-02 16:52:00,21345.0,21345.0,21344.0,21344.0,3
MTX,202505,2025-04-02 16:56:00,21346.0,21346.0,21346.0,21346.0,1
MTX,202505,2025-04-02 16:57:00,21347.0,21347.0,21347.0,21347.0,1
MTX,202505,2025-04-02 16:58:00,21347.0,21347.0,21338.0,21338.0,3
MTX,202505,2025-04-02 17:00:00,21337.0,21337.0,21337.0,21337.0,1
MTX,202505,2025-04-02 17:01:00,21336.0,21336.0,21336.0,21336.0,1
MTX,202505,2025-04-02 17:03:00,21340.0,21340.0,21340.0,21340.0,2
MTX,202505,2025-04-02 17:05:00,21345.0,21345.0,21345.0,21345.0,1
MTX,202505,2025-04-02 17:06:00,21349.0,21350.0,21349.0,21350.0,5
MTX,202505,2025-04-02 17:07:00,21349.0,21350.0,21349.0,21350.0,12
MTX,202505,2025-04-02 17:08:00,21352.0,21354.0,21352.0,21354.0,3
MTX,202505,2025-04-02 17:09:00,21355.0,21355.0,21355.0,21355.0,4
MTX,202505,2025-04-02 17:10:00,21356.0,21358.0,21356.0,21358.0,6
MTX,202505,2025-04-02 17:13:00,21350.0,21350.0,21350.0,21350.0,1
MTX,202505,2025-04-02 17:14:00,21350.0,21350.0,21346.0,21346.0,4
MTX,202505,2025-04-02 17:17:00,21339.0,21340.0,21336.0,21336.0,4
MTX,202505,2025-04-02 17:18:00,21340.0,21344.0,21340.0,21344.0,2
MTX,202505,2025-04-02 17:19:00,21341.0,21341.0,21341.0,21341.0,1
MTX,202505,2025-04-02 17:20:00,21343.0,21343.0,21343.0,21343.0,1
MTX,202505,2025-04-02 17:22:00,21347.0,21348.0,21347.0,21348.0,3
MTX,202505,2025-04-02 17:23:00,21349.0,21350.0,21349.0,21350.0,2
MTX,202505,2025-04-02 17:24:00,21346.0,21346.0,21346.0,21346.0,1
MTX,202505,2025-04-02 17:25:00,21346.0,21346.0,21346.0,21346.0,4
MTX,202505,2025-04-02 17:26:00,21345.0,21345.0,21341.0,21341.0,2
MTX,202505,2025-04-02 17:27:00,21341.0,21342.0,21341.0,21342.0,4
MTX,202505,2025-04-02 17:28:00,21340.0,21344.0,21340.0,21344.0,4
MTX,202505,2025-04-02 17:30:00,21340.0,21343.0,21338.0,21340.0,5
MTX,202505,2025-04-02 17:31:00,21342.0,21342.0,21342.0,21342.0,1
MTX,202505,2025-04-02 17:32:00,21347.0,21347.0,21347.0,21347.0,1
MTX,202505,2025-04-02 17:36:00,21347.0,21348.0,21347.0,21348.0,3
MTX,202505,2025-04-02 17:37:00,21350.0,21355.0,21350.0,21355.0,9
MTX,202505,2025-04-02 17:38:00,21355.0,21355.0,21353.0,21353.0,3
MTX,202505,2025-04-02 17:42:00,21351.0,21351.0,21351.0,21351.0,3
MTX,202505,2025-04-02 17:43:00,21354.0,21354.0,21354.0,21354.0,1
MTX,202505,2025-04-02 17:46:00,21345.0,21345.0,21345.0,21345.0,1
MTX,202505,2025-04-02 17:47:00,21346.0,21346.0,21345.0,21345.0,2
MTX,202505,2025-04-02 17:49:00,21345.0,21345.0,21345.0,21345.0,1
MTX,202505,2025-04-02 17:51:00,21340.0,21340.0,21340.0,21340.0,1
MTX,202505,2025-04-02 17:53:00,21338.0,21338.0,21336.0,21336.0,4
MTX,202505,2025-04-02 17:54:00,21337.0,21337.0,21337.0,21337.0,1
MTX,202505,2025-04-02 17:55:00,21342.0,21342.0,21335.0,21335.0,2
MTX,202505,2025-04-02 17:56:00,21332.0,21332.0,21330.0,21330.0,3
MTX,202505,2025-04-02 17:57:00,21328.0,21329.0,21327.0,21329.0,6
MTX,202505,2025-04-02 17:58:00,21330.0,21331.0,21330.0,21331.0,3
MTX,202505,2025-04-02 17:59:00,21330.0,21332.0,21330.0,21332.0,4
MTX,202505,2025-04-02 18:01:00,21333.0,21333.0,21333.0,21333.0,1
MTX,202505,2025-04-02 18:02:00,21332.0,21332.0,21305.0,21305.0,41
MTX,202505,2025-04-02 18:03:00,21303.0,21305.0,21295.0,21305.0,56
MTX,202505,2025-04-02 18:04:00,21300.0,21313.0,21298.0,21313.0,12
MTX,202505,2025-04-02 18:05:00,21312.0,21313.0,21310.0,21310.0,8
MTX,202505,2025-04-02 18:06:00,21310.0,21310.0,21309.0,21310.0,4
MTX,202505,2025-04-02 18:07:00,21310.0,21321.0,21310.0,21321.0,24
MTX,202505,2025-04-02 18:08:00,21321.0,21323.0,21321.0,21322.0,10
MTX,202505,2025-04-02 18:09:00,21322.0,21324.0,21321.0,21321.0,5
MTX,202505,2025-04-02 18:10:00,21321.0,21323.0,21321.0,21323.0,6
MTX,202505,2025-04-02 18:11:00,21316.0,21316.0,21310.0,21315.0,5
MTX,202505,2025-04-02 18:12:00,21314.0,21321.0,21314.0,21321.0,11
MTX,202505,2025-04-02 18:13:00,21317.0,21317.0,21317.0,21317.0,4
MTX,202505,2025-04-02 18:14:00,21319.0,21321.0,21319.0,21321.0,8
MTX,202505,2025-04-02 18:15:00,21316.0,21319.0,21316.0,21319.0,2
MTX,202505,2025-04-02 18:16:00,21321.0,21323.0,21321.0,21323.0,5
MTX,202505,2025-04-02 18:17:00,21322.0,21325.0,21322.0,21325.0,6
MTX,202505,2025-04-02 18:18:00,21325.0,21325.0,21325.0,21325.0,1
MTX,202505,2025-04-02 18:21:00,21321.0,21323.0,21321.0,21323.0,4
MTX,202505,2025-04-02 18:22:00,21322.0,21324.0,21322.0,21324.0,2
MTX,202505,2025-04-02 18:23:00,21320.0,21320.0,21320.0,21320.0,3
MTX,202505,2025-04-02 18:25:00,21317.0,21317.0,21317.0,21317.0,5
MTX,202505,2025-04-02 18:26:00,21318.0,21318.0,21314.0,21314.0,3
MTX,202505,2025-04-02 18:27:00,21316.0,21317.0,21316.0,21316.0,5
MTX,202505,2025-04-02 18:28:00,21310.0,21310.0,21301.0,21304.0,35
MTX,202505,2025-04-02 18:29:00,21310.0,21310.0,21310.0,21310.0,2
MTX,202505,2025-04-02 18:30:00,21312.0,21315.0,21312.0,21313.0,4
MTX,202505,2025-04-02 18:31:00,21312.0,21312.0,21305.0,21305.0,14
MTX,202505,2025-04-02 18:32:00,21305.0,21305.0,21296.0,21296.0,24
MTX,202505,2025-04-02 18:33:00,21298.0,21301.0,21292.0,21294.0,25
MTX,202505,2025-04-02 18:34:00,21295.0,21297.0,21293.0,21297.0,8
MTX,202505,2025-04-02 18:35:00,21292.0,21292.0,21292.0,21292.0,1
MTX,202505,2025-04-02 18:36:00,21294.0,21294.0,21288.0,21288.0,7
MTX,202505,2025-04-02 18:37:00,21293.0,21293.0,21289.0,21292.0,4
MTX,202505,2025-04-02 18:38:00,21293.0,21293.0,21293.0,21293.0,1
MTX,202505,2025-04-02 18:39:00,21293.0,21298.0,21293.0,21298.0,3
MTX,202505,2025-04-02 18:40:00,21293.0,21293.0,21293.0,21293.0,1
MTX,202505,2025-04-02 18:41:00,21293.0,21293.0,21293.0,21293.0,2
MTX,202505,2025-04-02 18:42:00,21292.0,21295.0,21285.0,21295.0,23
MTX,202505,2025-04-02 18:43:00,21291.0,21291.0,21288.0,21288.0,2
MTX,202505,2025-04-02 18:44:00,21288.0,21295.0,21287.0,21295.0,4
MTX,202505,2025-04-02 18:45:00,21290.0,21290.0,21290.0,21290.0,2
MTX,202505,2025-04-02 18:46:00,21298.0,21302.0,21298.0,21302.0,6
MTX,202505,2025-04-02 18:47:00,21310.0,21310.0,21307.0,21307.0,3
MTX,202505,2025-04-02 18:48:00,21308.0,21314.0,21308.0,21314.0,6
MTX,202505,2025-04-02 18:49:00,21308.0,21308.0,21308.0,21308.0,1
MTX,202505,2025-04-02 18:51:00,21313.0,21313.0,21307.0,21307.0,3
MTX,202505,2025-04-02 18:52:00,21307.0,21307.0,21304.0,21304.0,2
MTX,202505,2025-04-02 18:54:00,21306.0,21306.0,21306.0,21306.0,1
MTX,202505,2025-04-02 18:55:00,21305.0,21305.0,21305.0,21305.0,3
MTX,202505,2025-04-02 18:58:00,21288.0,21289.0,21288.0,21288.0,5
MTX,202505,2025-04-02 18:59:00,21288.0,21291.0,21285.0,21291.0,4
MTX,202505,2025-04-02 19:00:00,21292.0,21293.0,21290.0,21290.0,5
MTX,202505,2025-04-02 19:01:00,21291.0,21292.0,21290.0,21292.0,3
MTX,202505,2025-04-02 19:02:00,21290.0,21290.0,21286.0,21289.0,4
MTX,202505,2025-04-02 19:03:00,21292.0,21292.0,21292.0,21292.0,4
MTX,202505,2025-04-02 19:04:00,21286.0,21286.0,21286.0,21286.0,1
MTX,202505,2025-04-02 19:05:00,21290.0,21291.0,21290.0,21291.0,2
MTX,202505,2025-04-02 19:06:00,21295.0,21302.0,21295.0,21302.0,8
MTX,202505,2025-04-02 19:07:00,21301.0,21303.0,21301.0,21302.0,4
MTX,202505,2025-04-02 19:10:00,21306.0,21306.0,21306.0,21306.0,1
MTX,202505,2025-04-02 19:11:00,21312.0,21312.0,21311.0,21311.0,3
MTX,202505,2025-04-02 19:12:00,21310.0,21311.0,21310.0,21311.0,5
MTX,202505,2025-04-02 19:13:00,21308.0,21308.0,21304.0,21304.0,4
MTX,202505,2025-04-02 19:14:00,21300.0,21300.0,21300.0,21300.0,2
MTX,202505,2025-04-02 19:15:00,21302.0,21302.0,21301.0,21301.0,2
MTX,202505,2025-04-02 19:17:00,21301.0,21301.0,21301.0,21301.0,1
MTX,202505,2025-04-02 19:18:00,21300.0,21300.0,21300.0,21300.0,1
MTX,202505,2025-04-02 19:20:00,21300.0,21300.0,21298.0,21298.0,5
MTX,202505,2025-04-02 19:21:00,21300.0,21300.0,21300.0,21300.0,3
MTX,202505,2025-04-02 19:22:00,21303.0,21303.0,21303.0,21303.0,1
MTX,202505,2025-04-02 19:25:00,21309.0,21309.0,21309.0,21309.0,1
MTX,202505,2025-04-02 19:26:00,21309.0,21309.0,21309.0,21309.0,2
MTX,202505,2025-04-02 19:27:00,21308.0,21308.0,21308.0,21308.0,1
MTX,202505,2025-04-02 19:29:00,21300.0,21300.0,21300.0,21300.0,1
MTX,202505,2025-04-02 19:30:00,21300.0,21304.0,21300.0,21304.0,2
MTX,202505,2025-04-02 19:31:00,21305.0,21312.0,21305.0,21312.0,7
MTX,202505,2025-04-02 19:32:00,21306.0,21306.0,21306.0,21306.0,1
MTX,202505,2025-04-02 19:34:00,21310.0,21310.0,21310.0,21310.0,2
MTX,202505,2025-04-02 19:35:00,21306.0,21306.0,21306.0,21306.0,2
MTX,202505,2025-04-02 19:36:00,21300.0,21300.0,21298.0,21298.0,3
MTX,202505,2025-04-02 19:37:00,21302.0,21302.0,21302.0,21302.0,3
MTX,202505,2025-04-02 19:38:00,21301.0,21301.0,21301.0,21301.0,1
MTX,202505,2025-04-02 19:39:00,21297.0,21297.0,21297.0,21297.0,1
MTX,202505,2025-04-02 19:40:00,21302.0,21302.0,21302.0,21302.0,1
MTX,202505,2025-04-02 19:41:00,21302.0,21302.0,21299.0,21299.0,3
MTX,202505,2025-04-02 19:43:00,21297.0,21297.0,21297.0,21297.0,1
MTX,202505,2025-04-02 19:44:00,21297.0,21299.0,21297.0,21299.0,2
MTX,202505,2025-04-02 19:45:00,21300.0,21302.0,21300.0,21302.0,5
MTX,202505,2025-04-02 19:46:00,21300.0,21300.0,21300.0,21300.0,1
MTX,202505,2025-04-02 19:47:00,21306.0,21310.0,21306.0,21310.0,5
MTX,202505,2025-04-02 19:48:00,21309.0,21314.0,21309.0,21314.0,3
MTX,202505,2025-04-02 19:50:00,21306.0,21306.0,21306.0,21306.0,1
MTX,202505,2025-04-02 19:51:00,21303.0,21303.0,21300.0,21300.0,5
MTX,202505,2025-04-02 19:52:00,21301.0,21301.0,21300.0,21300.0,2
MTX,202505,2025-04-02 19:53:00,21304.0,21304.0,21304.0,21304.0,1
MTX,202505,2025-04-02 19:54:00,21301.0,21301.0,21301.0,21301.0,1
MTX,202505,2025-04-02 19:55:00,21301.0,21301.0,21299.0,21299.0,4
MTX,202505,2025-04-02 19:57:00,21299.0,21299.0,21298.0,21298.0,2
MTX,202505,2025-04-02 19:58:00,21297.0,21297.0,21295.0,21295.0,4
MTX,202505,2025-04-02 19:59:00,21294.0,21294.0,21290.0,21290.0,3
MTX,202505,2025-04-02 20:00:00,21292.0,21292.0,21290.0,21291.0,3
MTX,202505,2025-04-02 20:01:00,21295.0,21295.0,21289.0,21289.0,8
MTX,202505,2025-04-02 20:02:00,21289.0,21289.0,21279.0,21279.0,28
MTX,202505,2025-04-02 20:03:00,21277.0,21278.0,21275.0,21275.0,12
MTX,202505,2025-04-02 20:04:00,21276.0,21277.0,21270.0,21273.0,13
MTX,202505,2025-04-02 20:05:00,21271.0,21271.0,21266.0,21266.0,16
MTX,202505,2025-04-02 20:06:00,21266.0,21269.0,21265.0,21265.0,8
MTX,202505,2025-04-02 20:07:00,21262.0,21262.0,21253.0,21257.0,21
MTX,202505,2025-04-02 20:08:00,21256.0,21257.0,21251.0,21253.0,18
MTX,202505,2025-04-02 20:09:00,21250.0,21251.0,21248.0,21249.0,22
MTX,202505,2025-04-02 20:10:00,21248.0,21258.0,21248.0,21258.0,10
MTX,202505,2025-04-02 20:11:00,21256.0,21260.0,21256.0,21260.0,7
MTX,202505,2025-04-02 20:12:00,21260.0,21265.0,21260.0,21264.0,7
MTX,202505,2025-04-02 20:13:00,21262.0,21262.0,21261.0,21261.0,2
MTX,202505,2025-04-02 20:14:00,21267.0,21267.0,21266.0,21267.0,6
MTX,202505,2025-04-02 20:15:00,21264.0,21283.0,21262.0,21266.0,24
MTX,202505,2025-04-02 20:16:00,21262.0,21268.0,21256.0,21257.0,14
MTX,202505,2025-04-02 20:17:00,21257.0,21257.0,21253.0,21253.0,8
MTX,202505,2025-04-02 20:18:00,21254.0,21254.0,21252.0,21252.0,3
MTX,202505,2025-04-02 20:20:00,21264.0,21264.0,21250.0,21250.0,12
MTX,202505,2025-04-02 20:21:00,21249.0,21250.0,21242.0,21250.0,13
MTX,202505,2025-04-02 20:22:00,21254.0,21254.0,21246.0,21246.0,6
MTX,202505,2025-04-02 20:23:00,21247.0,21247.0,21241.0,21241.0,8
MTX,202505,2025-04-02 20:24:00,21241.0,21243.0,21237.0,21242.0,19
MTX,202505,2025-04-02 20:25:00,21241.0,21245.0,21241.0,21243.0,4
MTX,202505,2025-04-02 20:26:00,21246.0,21247.0,21246.0,21246.0,7
MTX,202505,2025-04-02 20:27:00,21244.0,21244.0,21232.0,21232.0,17
MTX,202505,2025-04-02 20:28:00,21233.0,21236.0,21231.0,21231.0,14
MTX,202505,2025-04-02 20:29:00,21231.0,21231.0,21230.0,21231.0,6
MTX,202505,2025-04-02 20:30:00,21230.0,21239.0,21230.0,21239.0,10
MTX,202505,2025-04-02 20:31:00,21239.0,21242.0,21236.0,21236.0,12
MTX,202505,2025-04-02 20:33:00,21239.0,21243.0,21238.0,21243.0,6
MTX,202505,2025-04-02 20:34:00,21244.0,21247.0,21239.0,21239.0,12
MTX,202505,2025-04-02 20:35:00,21239.0,21245.0,21236.0,21245.0,10
MTX,202505,2025-04-02 20:36:00,21248.0,21248.0,21246.0,21247.0,3
MTX,202505,2025-04-02 20:37:00,21244.0,21244.0,21240.0,21241.0,4
MTX,202505,2025-04-02 20:38:00,21248.0,21251.0,21248.0,21251.0,3
MTX,202505,2025-04-02 20:39:00,21251.0,21252.0,21248.0,21248.0,6
MTX,202505,2025-04-02 20:40:00,21251.0,21252.0,21251.0,21252.0,2
MTX,202505,2025-04-02 20:41:00,21252.0,21255.0,21252.0,21252.0,4
MTX,202505,2025-04-02 20:42:00,21249.0,21250.0,21248.0,21248.0,5
MTX,202505,2025-04-02 20:43:00,21249.0,21249.0,21248.0,21248.0,3
MTX,202505,2025-04-02 20:44:00,21246.0,21253.0,21245.0,21253.0,6
MTX,202505,2025-04-02 20:45:00,21253.0,21256.0,21251.0,21253.0,7
MTX,202505,2025-04-02 20:46:00,21250.0,21253.0,21250.0,21253.0,5
MTX,202505,2025-04-02 20:47:00,21256.0,21257.0,21255.0,21255.0,6
MTX,202505,2025-04-02 20:48:00,21255.0,21266.0,21255.0,21266.0,4
MTX,202505,2025-04-02 20:49:00,21264.0,21265.0,21263.0,21265.0,5
MTX,202505,2025-04-02 20:50:00,21261.0,21261.0,21255.0,21255.0,7
MTX,202505,2025-04-02 20:51:00,21258.0,21261.0,21258.0,21261.0,3
MTX,202505,2025-04-02 20:52:00,21261.0,21261.0,21261.0,21261.0,2
MTX,202505,2025-04-02 20:53:00,21263.0,21272.0,21263.0,21266.0,9
MTX,202505,2025-04-02 20:54:00,21266.0,21266.0,21266.0,21266.0,2
MTX,202505,2025-04-02 20:55:00,21270.0,21270.0,21269.0,21270.0,7
MTX,202505,2025-04-02 20:56:00,21270.0,21271.0,21264.0,21264.0,6
MTX,202505,2025-04-02 20:57:00,21267.0,21271.0,21267.0,21271.0,4
MTX,202505,2025-04-02 20:58:00,21272.0,21275.0,21270.0,21271.0,6
MTX,202505,2025-04-02 20:59:00,21271.0,21271.0,21271.0,21271.0,1
MTX,202505,2025-04-02 21:00:00,21270.0,21270.0,21264.0,21264.0,6
MTX,202505,2025-04-02 21:01:00,21265.0,21265.0,21261.0,21261.0,4
MTX,202505,2025-04-02 21:02:00,21269.0,21269.0,21266.0,21267.0,4
MTX,202505,2025-04-02 21:03:00,21260.0,21260.0,21256.0,21257.0,3
MTX,202505,2025-04-02 21:04:00,21257.0,21258.0,21257.0,21258.0,3
MTX,202505,2025-04-02 21:05:00,21258.0,21266.0,21258.0,21266.0,4
MTX,202505,2025-04-02 21:06:00,21262.0,21262.0,21255.0,21255.0,3
MTX,202505,2025-04-02 21:07:00,21257.0,21260.0,21257.0,21260.0,3
MTX,202505,2025-04-02 21:09:00,21260.0,21260.0,21260.0,21260.0,3
MTX,202505,2025-04-02 21:10:00,21260.0,21260.0,21259.0,21259.0,4
MTX,202505,2025-04-02 21:11:00,21259.0,21260.0,21259.0,21260.0,2
MTX,202505,2025-04-02 21:12:00,21257.0,21257.0,21250.0,21250.0,5
MTX,202505,2025-04-02 21:13:00,21247.0,21249.0,21247.0,21248.0,6
MTX,202505,2025-04-02 21:14:00,21252.0,21252.0,21250.0,21250.0,3
MTX,202505,2025-04-02 21:16:00,21250.0,21250.0,21247.0,21247.0,2
MTX,202505,2025-04-02 21:17:00,21248.0,21248.0,21248.0,21248.0,1
MTX,202505,2025-04-02 21:18:00,21248.0,21252.0,21248.0,21252.0,3
MTX,202505,2025-04-02 21:19:00,21250.0,21250.0,21250.0,21250.0,2
MTX,202505,2025-04-02 21:20:00,21251.0,21251.0,21251.0,21251.0,2
MTX,202505,2025-04-02 21:21:00,21250.0,21250.0,21247.0,21247.0,6
MTX,202505,2025-04-02 21:22:00,21249.0,21249.0,21249.0,21249.0,2
MTX,202505,2025-04-02 21:23:00,21245.0,21245.0,21243.0,21243.0,4
MTX,202505,2025-04-02 21:24:00,21240.0,21241.0,21240.0,21241.0,6
MTX,202505,2025-04-02 21:25:00,21239.0,21240.0,21237.0,21239.0,8
MTX,202505,2025-04-02 21:26:00,21242.0,21242.0,21242.0,21242.0,5
MTX,202505,2025-04-02 21:27:00,21240.0,21240.0,21238.0,21238.0,6
MTX,202505,2025-04-02 21:28:00,21240.0,21241.0,21235.0,21235.0,13
MTX,202505,2025-04-02 21:29:00,21235.0,21236.0,21232.0,21236.0,11
MTX,202505,2025-04-02 21:30:00,21236.0,21251.0,21222.0,21222.0,29
MTX,202505,2025-04-02 21:31:00,21224.0,21242.0,21213.0,21241.0,56
MTX,202505,2025-04-02 21:32:00,21237.0,21242.0,21230.0,21230.0,6
MTX,202505,2025-04-02 21:33:00,21222.0,21262.0,21222.0,21262.0,20
MTX,202505,2025-04-02 21:34:00,21265.0,21279.0,21265.0,21276.0,32
MTX,202505,2025-04-02 21:35:00,21277.0,21291.0,21272.0,21291.0,38
MTX,202505,2025-04-02 21:36:00,21292.0,21316.0,21292.0,21307.0,51
MTX,202505,2025-04-02 21:37:00,21310.0,21328.0,21310.0,21324.0,34
MTX,202505,2025-04-02 21:38:00,21328.0,21333.0,21309.0,21310.0,35
MTX,202505,2025-04-02 21:39:00,21306.0,21315.0,21302.0,21307.0,30
MTX,202505,2025-04-02 21:40:00,21302.0,21320.0,21292.0,21320.0,26
MTX,202505,2025-04-02 21:41:00,21319.0,21320.0,21310.0,21310.0,13
MTX,202505,2025-04-02 21:42:00,21309.0,21309.0,21297.0,21298.0,16
MTX,202505,2025-04-02 21:43:00,21295.0,21305.0,21289.0,21295.0,17
MTX,202505,2025-04-02 21:44:00,21300.0,21323.0,21300.0,21323.0,15
MTX,202505,2025-04-02 21:45:00,21327.0,21373.0,21327.0,21371.0,132
MTX,202505,2025-04-02 21:46:00,21371.0,21382.0,21367.0,21370.0,72
MTX,202505,2025-04-02 21:47:00,21364.0,21370.0,21353.0,21354.0,27
MTX,202505,2025-04-02 21:48:00,21354.0,21362.0,21348.0,21362.0,15
MTX,202505,2025-04-02 21:49:00,21362.0,21372.0,21357.0,21372.0,18
MTX,202505,2025-04-02 21:50:00,21375.0,21377.0,21363.0,21368.0,21
MTX,202505,2025-04-02 21:51:00,21361.0,21376.0,21361.0,21365.0,13
MTX,202505,2025-04-02 21:52:00,21376.0,21386.0,21376.0,21378.0,24
MTX,202505,2025-04-02 21:53:00,21379.0,21379.0,21363.0,21366.0,15
MTX,202505,2025-04-02 21:54:00,21361.0,21369.0,21358.0,21361.0,14
MTX,202505,2025-04-02 21:55:00,21362.0,21367.0,21358.0,21362.0,9
MTX,202505,2025-04-02 21:56:00,21359.0,21359.0,21336.0,21351.0,24
MTX,202505,2025-04-02 21:57:00,21351.0,21351.0,21345.0,21350.0,7
MTX,202505,2025-04-02 21:58:00,21351.0,21355.0,21350.0,21350.0,8
MTX,202505,2025-04-02 21:59:00,21348.0,21351.0,21344.0,21344.0,9
MTX,202505,2025-04-02 22:00:00,21342.0,21358.0,21332.0,21356.0,17
MTX,202505,2025-04-02 22:01:00,21368.0,21376.0,21366.0,21369.0,25
MTX,202505,2025-04-02 22:02:00,21366.0,21396.0,21366.0,21396.0,53
MTX,202505,2025-04-02 22:03:00,21394.0,21420.0,21394.0,21414.0,118
MTX,202505,2025-04-02 22:04:00,21418.0,21433.0,21414.0,21421.0,61
MTX,202505,2025-04-02 22:05:00,21426.0,21426.0,21409.0,21414.0,57
MTX,202505,2025-04-02 22:06:00,21416.0,21429.0,21413.0,21416.0,23
MTX,202505,2025-04-02 22:07:00,21411.0,21412.0,21405.0,21405.0,17
MTX,202505,2025-04-02 22:08:00,21406.0,21406.0,21387.0,21387.0,24
MTX,202505,2025-04-02 22:09:00,21386.0,21387.0,21373.0,21379.0,21
MTX,202505,2025-04-02 22:10:00,21380.0,21385.0,21367.0,21367.0,15
MTX,202505,2025-04-02 22:11:00,21363.0,21363.0,21350.0,21360.0,20
MTX,202505,2025-04-02 22:12:00,21370.0,21381.0,21360.0,21381.0,14
MTX,202505,2025-04-02 22:13:00,21388.0,21388.0,21374.0,21374.0,7
MTX,202505,2025-04-02 22:14:00,21370.0,21370.0,21360.0,21366.0,13
MTX,202505,2025-04-02 22:15:00,21367.0,21371.0,21365.0,21366.0,6
MTX,202505,2025-04-02 22:16:00,21372.0,21383.0,21372.0,21383.0,7
MTX,202505,2025-04-02 22:17:00,21387.0,21396.0,21383.0,21396.0,13
MTX,202505,2025-04-02 22:18:00,21391.0,21395.0,21391.0,21395.0,6
MTX,202505,2025-04-02 22:19:00,21383.0,21391.0,21383.0,21391.0,5
MTX,202505,2025-04-02 22:20:00,21391.0,21398.0,21387.0,21398.0,9
MTX,202505,2025-04-02 22:21:00,21395.0,21398.0,21389.0,21389.0,9
MTX,202505,2025-04-02 22:22:00,21390.0,21390.0,21381.0,21381.0,6
MTX,202505,2025-04-02 22:23:00,21387.0,21400.0,21387.0,21399.0,18
MTX,202505,2025-04-02 22:24:00,21401.0,21415.0,21401.0,21410.0,30
MTX,202505,2025-04-02 22:25:00,21402.0,21402.0,21386.0,21386.0,12
MTX,202505,2025-04-02 22:26:00,21381.0,21397.0,21377.0,21397.0,8
MTX,202505,2025-04-02 22:27:00,21389.0,21390.0,21389.0,21390.0,2
MTX,202505,2025-04-02 22:28:00,21397.0,21405.0,21395.0,21405.0,8
MTX,202505,2025-04-02 22:29:00,21410.0,21415.0,21409.0,21412.0,11
MTX,202505,2025-04-02 22:30:00,21413.0,21415.0,21405.0,21405.0,11
MTX,202505,2025-04-02 22:31:00,21404.0,21413.0,21403.0,21410.0,14
MTX,202505,2025-04-02 22:32:00,21413.0,21423.0,21413.0,21415.0,24
MTX,202505,2025-04-02 22:33:00,21411.0,21413.0,21408.0,21408.0,6
MTX,202505,2025-04-02 22:34:00,21409.0,21409.0,21409.0,21409.0,1
MTX,202505,2025-04-02 22:35:00,21405.0,21405.0,21398.0,21401.0,9
MTX,202505,2025-04-02 22:36:00,21401.0,21401.0,21391.0,21391.0,7
MTX,202505,2025-04-02 22:37:00,21396.0,21400.0,21396.0,21400.0,9
MTX,202505,2025-04-02 22:38:00,21396.0,21396.0,21385.0,21390.0,11
MTX,202505,2025-04-02 22:39:00,21396.0,21411.0,21396.0,21409.0,10
MTX,202505,2025-04-02 22:40:00,21409.0,21409.0,21409.0,21409.0,1
MTX,202505,2025-04-02 22:41:00,21408.0,21427.0,21408.0,21420.0,43
MTX,202505,2025-04-02 22:42:00,21420.0,21422.0,21406.0,21406.0,5
MTX,202505,2025-04-02 22:43:00,21408.0,21410.0,21400.0,21401.0,6
MTX,202505,2025-04-02 22:44:00,21387.0,21395.0,21385.0,21395.0,11
MTX,202505,2025-04-02 22:45:00,21404.0,21408.0,21404.0,21408.0,4
MTX,202505,2025-04-02 22:46:00,21411.0,21411.0,21410.0,21410.0,2
MTX,202505,2025-04-02 22:47:00,21416.0,21416.0,21416.0,21416.0,1
MTX,202505,2025-04-02 22:48:00,21407.0,21407.0,21396.0,21400.0,5
MTX,202505,2025-04-02 22:49:00,21402.0,21411.0,21402.0,21411.0,6
MTX,202505,2025-04-02 22:50:00,21411.0,21420.0,21411.0,21420.0,7
MTX,202505,2025-04-02 22:51:00,21422.0,21428.0,21419.0,21423.0,20
MTX,202505,2025-04-02 22:52:00,21422.0,21424.0,21420.0,21420.0,8
MTX,202505,2025-04-02 22:53:00,21420.0,21420.0,21413.0,21413.0,2
MTX,202505,2025-04-02 22:54:00,21413.0,21413.0,21413.0,21413.0,1
MTX,202505,2025-04-02 22:55:00,21415.0,21420.0,21415.0,21415.0,9
MTX,202505,2025-04-02 22:56:00,21423.0,21424.0,21423.0,21424.0,3
MTX,202505,2025-04-02 22:57:00,21424.0,21442.0,21424.0,21442.0,63
MTX,202505,2025-04-02 22:58:00,21442.0,21451.0,21442.0,21447.0,59
MTX,202505,2025-04-02 22:59:00,21448.0,21451.0,21448.0,21450.0,9
MTX,202505,2025-04-02 23:00:00,21452.0,21458.0,21426.0,21431.0,57
MTX,202505,2025-04-02 23:01:00,21430.0,21436.0,21425.0,21425.0,14
MTX,202505,2025-04-02 23:02:00,21430.0,21431.0,21426.0,21427.0,4
MTX,202505,2025-04-02 23:03:00,21437.0,21444.0,21437.0,21441.0,10
MTX,202505,2025-04-02 23:04:00,21441.0,21450.0,21441.0,21448.0,8
MTX,202505,2025-04-02 23:05:00,21444.0,21450.0,21444.0,21450.0,11
MTX,202505,2025-04-02 23:06:00,21452.0,21452.0,21439.0,21444.0,13
MTX,202505,2025-04-02 23:07:00,21450.0,21455.0,21450.0,21455.0,9
MTX,202505,2025-04-02 23:08:00,21455.0,21457.0,21450.0,21454.0,16
MTX,202505,2025-04-02 23:09:00,21454.0,21454.0,21453.0,21454.0,3
MTX,202505,2025-04-02 23:10:00,21451.0,21451.0,21444.0,21451.0,6
MTX,202505,2025-04-02 23:11:00,21440.0,21440.0,21439.0,21439.0,6
MTX,202505,2025-04-02 23:12:00,21439.0,21443.0,21425.0,21425.0,18
MTX,202505,2025-04-02 23:13:00,21424.0,21424.0,21418.0,21418.0,21
MTX,202505,2025-04-02 23:14:00,21418.0,21421.0,21418.0,21420.0,8
MTX,202505,2025-04-02 23:15:00,21421.0,21424.0,21418.0,21424.0,7
MTX,202505,2025-04-02 23:16:00,21424.0,21424.0,21415.0,21417.0,10
MTX,202505,2025-04-02 23:17:00,21422.0,21427.0,21418.0,21425.0,16
MTX,202505,2025-04-02 23:18:00,21424.0,21439.0,21424.0,21439.0,11
MTX,202505,2025-04-02 23:19:00,21439.0,21444.0,21439.0,21442.0,9
MTX,202505,2025-04-02 23:20:00,21447.0,21461.0,21447.0,21461.0,28
MTX,202505,2025-04-02 23:21:00,21465.0,21469.0,21464.0,21464.0,22
MTX,202505,2025-04-02 23:22:00,21464.0,21464.0,21458.0,21462.0,9
MTX,202505,2025-04-02 23:23:00,21465.0,21475.0,21465.0,21474.0,33
MTX,202505,2025-04-02 23:24:00,21475.0,21478.0,21472.0,21477.0,29
MTX,202505,2025-04-02 23:25:00,21478.0,21490.0,21478.0,21487.0,51
MTX,202505,2025-04-02 23:26:00,21490.0,21495.0,21487.0,21495.0,25
MTX,202505,2025-04-02 23:27:00,21495.0,21497.0,21495.0,21497.0,17
MTX,202505,2025-04-02 23:28:00,21498.0,21499.0,21486.0,21486.0,33
MTX,202505,2025-04-02 23:29:00,21490.0,21495.0,21490.0,21491.0,7
MTX,202505,2025-04-02 23:30:00,21490.0,21494.0,21489.0,21494.0,8
MTX,202505,2025-04-02 23:31:00,21491.0,21491.0,21487.0,21488.0,4
MTX,202505,2025-04-02 23:32:00,21488.0,21496.0,21488.0,21490.0,19
MTX,202505,2025-04-02 23:33:00,21492.0,21497.0,21490.0,21497.0,7
MTX,202505,2025-04-02 23:34:00,21497.0,21497.0,21494.0,21494.0,4
MTX,202505,2025-04-02 23:35:00,21491.0,21491.0,21478.0,21478.0,26
MTX,202505,2025-04-02 23:36:00,21480.0,21495.0,21480.0,21495.0,5
MTX,202505,2025-04-02 23:37:00,21495.0,21497.0,21494.0,21494.0,7
MTX,202505,2025-04-02 23:38:00,21496.0,21496.0,21496.0,21496.0,1
MTX,202505,2025-04-02 23:39:00,21493.0,21493.0,21490.0,21492.0,3
MTX,202505,2025-04-02 23:40:00,21493.0,21495.0,21490.0,21495.0,7
MTX,202505,2025-04-02 23:41:00,21491.0,21491.0,21480.0,21481.0,13
MTX,202505,2025-04-02 23:42:00,21479.0,21493.0,21479.0,21489.0,13
MTX,202505,2025-04-02 23:43:00,21489.0,21490.0,21485.0,21485.0,5
MTX,202505,2025-04-02 23:44:00,21485.0,21485.0,21477.0,21478.0,9
MTX,202505,2025-04-02 23:45:00,21477.0,21482.0,21469.0,21473.0,25
MTX,202505,2025-04-02 23:46:00,21471.0,21471.0,21467.0,21470.0,8
MTX,202505,2025-04-02 23:47:00,21473.0,21477.0,21465.0,21465.0,13
MTX,202505,2025-04-02 23:48:00,21462.0,21470.0,21460.0,21470.0,4
MTX,202505,2025-04-02 23:49:00,21465.0,21471.0,21462.0,21462.0,7
MTX,202505,2025-04-02 23:50:00,21465.0,21467.0,21460.0,21460.0,11
MTX,202505,2025-04-02 23:51:00,21463.0,21463.0,21451.0,21451.0,23
MTX,202505,2025-04-02 23:52:00,21456.0,21468.0,21456.0,21468.0,16
MTX,202505,2025-04-02 23:53:00,21470.0,21470.0,21462.0,21462.0,4
MTX,202505,2025-04-02 23:54:00,21471.0,21471.0,21470.0,21470.0,3
MTX,202505,2025-04-02 23:55:00,21470.0,21480.0,21470.0,21480.0,14
MTX,202505,2025-04-02 23:56:00,21478.0,21479.0,21467.0,21477.0,10
MTX,202505,2025-04-02 23:57:00,21470.0,21482.0,21470.0,21482.0,4
MTX,202505,2025-04-02 23:58:00,21481.0,21485.0,21478.0,21480.0,10
MTX,202505,2025-04-03 00:00:00,21476.0,21477.0,21473.0,21473.0,5
MTX,202505,2025-04-03 00:01:00,21475.0,21479.0,21475.0,21478.0,4
MTX,202505,2025-04-03 00:02:00,21480.0,21480.0,21477.0,21477.0,2
MTX,202505,2025-04-03 00:03:00,21483.0,21483.0,21472.0,21472.0,3
MTX,202505,2025-04-03 00:04:00,21477.0,21478.0,21477.0,21478.0,2
MTX,202505,2025-04-03 00:05:00,21473.0,21480.0,21473.0,21479.0,4
MTX,202505,2025-04-03 00:06:00,21472.0,21472.0,21472.0,21472.0,1
MTX,202505,2025-04-03 00:07:00,21480.0,21480.0,21480.0,21480.0,1
MTX,202505,2025-04-03 00:08:00,21478.0,21478.0,21478.0,21478.0,1
MTX,202505,2025-04-03 00:09:00,21479.0,21479.0,21479.0,21479.0,1
MTX,202505,2025-04-03 00:10:00,21482.0,21495.0,21482.0,21495.0,27
MTX,202505,2025-04-03 00:11:00,21496.0,21500.0,21496.0,21496.0,36
MTX,202505,2025-04-03 00:12:00,21500.0,21518.0,21500.0,21516.0,95
MTX,202505,2025-04-03 00:13:00,21512.0,21514.0,21512.0,21512.0,7
MTX,202505,2025-04-03 00:14:00,21511.0,21514.0,21511.0,21512.0,5
MTX,202505,2025-04-03 00:15:00,21515.0,21520.0,21515.0,21520.0,24
MTX,202505,2025-04-03 00:16:00,21521.0,21521.0,21514.0,21517.0,19
MTX,202505,2025-04-03 00:17:00,21516.0,21520.0,21516.0,21520.0,12
MTX,202505,2025-04-03 00:18:00,21521.0,21525.0,21519.0,21520.0,28
MTX,202505,2025-04-03 00:19:00,21520.0,21521.0,21520.0,21520.0,7
MTX,202505,2025-04-03 00:20:00,21521.0,21523.0,21514.0,21523.0,17
MTX,202505,2025-04-03 00:21:00,21524.0,21529.0,21524.0,21529.0,12
MTX,202505,2025-04-03 00:22:00,21529.0,21532.0,21529.0,21530.0,12
MTX,202505,2025-04-03 00:23:00,21530.0,21532.0,21530.0,21531.0,5
MTX,202505,2025-04-03 00:24:00,21534.0,21534.0,21533.0,21534.0,5
MTX,202505,2025-04-03 00:25:00,21534.0,21535.0,21525.0,21525.0,17
MTX,202505,2025-04-03 00:26:00,21524.0,21533.0,21524.0,21533.0,5
MTX,202505,2025-04-03 00:27:00,21528.0,21534.0,21528.0,21534.0,3
MTX,202505,2025-04-03 00:28:00,21533.0,21538.0,21533.0,21537.0,8
MTX,202505,2025-04-03 00:29:00,21538.0,21550.0,21536.0,21547.0,40
MTX,202505,2025-04-03 00:30:00,21549.0,21550.0,21540.0,21543.0,21
MTX,202505,2025-04-03 00:31:00,21544.0,21548.0,21544.0,21545.0,6
MTX,202505,2025-04-03 00:32:00,21545.0,21548.0,21545.0,21548.0,4
MTX,202505,2025-04-03 00:33:00,21546.0,21549.0,21540.0,21540.0,14
MTX,202505,2025-04-03 00:34:00,21545.0,21545.0,21538.0,21543.0,10
MTX,202505,2025-04-03 00:35:00,21542.0,21544.0,21535.0,21535.0,9
MTX,202505,2025-04-03 00:36:00,21535.0,21540.0,21533.0,21540.0,11
MTX,202505,2025-04-03 00:37:00,21530.0,21530.0,21522.0,21522.0,17
MTX,202505,2025-04-03 00:38:00,21523.0,21526.0,21522.0,21523.0,10
MTX,202505,2025-04-03 00:39:00,21522.0,21534.0,21522.0,21534.0,9
MTX,202505,2025-04-03 00:40:00,21534.0,21534.0,21527.0,21527.0,6
MTX,202505,2025-04-03 00:41:00,21523.0,21530.0,21523.0,21530.0,4
MTX,202505,2025-04-03 00:42:00,21531.0,21533.0,21531.0,21533.0,3
MTX,202505,2025-04-03 00:43:00,21533.0,21536.0,21531.0,21534.0,6
MTX,202505,2025-04-03 00:44:00,21537.0,21540.0,21537.0,21540.0,9
MTX,202505,2025-04-03 00:45:00,21540.0,21541.0,21539.0,21541.0,6
MTX,202505,2025-04-03 00:46:00,21535.0,21535.0,21530.0,21532.0,12
MTX,202505,2025-04-03 00:47:00,21534.0,21541.0,21533.0,21541.0,9
MTX,202505,2025-04-03 00:48:00,21542.0,21542.0,21540.0,21540.0,4
MTX,202505,2025-04-03 00:49:00,21542.0,21555.0,21542.0,21554.0,27
MTX,202505,2025-04-03 00:50:00,21555.0,21558.0,21555.0,21555.0,11
MTX,202505,2025-04-03 00:51:00,21550.0,21551.0,21547.0,21551.0,8
MTX,202505,2025-04-03 00:52:00,21555.0,21555.0,21529.0,21529.0,10
MTX,202505,2025-04-03 00:53:00,21529.0,21537.0,21529.0,21536.0,4
MTX,202505,2025-04-03 00:54:00,21546.0,21551.0,21543.0,21549.0,17
MTX,202505,2025-04-03 00:55:00,21548.0,21551.0,21546.0,21551.0,9
MTX,202505,2025-04-03 00:56:00,21554.0,21554.0,21541.0,21542.0,7
MTX,202505,2025-04-03 00:57:00,21541.0,21542.0,21540.0,21540.0,5
MTX,202505,2025-04-03 00:58:00,21542.0,21542.0,21542.0,21542.0,1
MTX,202505,2025-04-03 00:59:00,21544.0,21545.0,21544.0,21545.0,2
MTX,202505,2025-04-03 01:00:00,21553.0,21560.0,21552.0,21558.0,34
MTX,202505,2025-04-03 01:01:00,21556.0,21559.0,21553.0,21559.0,10
MTX,202505,2025-04-03 01:02:00,21559.0,21559.0,21559.0,21559.0,3
MTX,202505,2025-04-03 01:03:00,21560.0,21563.0,21560.0,21563.0,13
MTX,202505,2025-04-03 01:04:00,21563.0,21569.0,21563.0,21569.0,22
MTX,202505,2025-04-03 01:05:00,21567.0,21569.0,21564.0,21567.0,7
MTX,202505,2025-04-03 01:06:00,21567.0,21570.0,21566.0,21568.0,7
MTX,202505,2025-04-03 01:07:00,21568.0,21571.0,21568.0,21571.0,4
MTX,202505,2025-04-03 01:08:00,21570.0,21571.0,21568.0,21571.0,3
MTX,202505,2025-04-03 01:09:00,21567.0,21567.0,21566.0,21566.0,3
MTX,202505,2025-04-03 01:10:00,21568.0,21579.0,21568.0,21579.0,28
MTX,202505,2025-04-03 01:11:00,21577.0,21586.0,21577.0,21586.0,29
MTX,202505,2025-04-03 01:12:00,21587.0,21591.0,21586.0,21591.0,32
MTX,202505,2025-04-03 01:13:00,21589.0,21589.0,21577.0,21577.0,9
MTX,202505,2025-04-03 01:14:00,21583.0,21583.0,21582.0,21582.0,2
MTX,202505,2025-04-03 01:15:00,21577.0,21578.0,21574.0,21577.0,7
MTX,202505,2025-04-03 01:16:00,21579.0,21580.0,21576.0,21580.0,8
MTX,202505,2025-04-03 01:17:00,21579.0,21579.0,21579.0,21579.0,1
MTX,202505,2025-04-03 01:18:00,21580.0,21580.0,21580.0,21580.0,6
MTX,202505,2025-04-03 01:19:00,21576.0,21576.0,21576.0,21576.0,2
MTX,202505,2025-04-03 01:20:00,21575.0,21575.0,21572.0,21572.0,3
MTX,202505,2025-04-03 01:21:00,21568.0,21570.0,21567.0,21567.0,7
MTX,202505,2025-04-03 01:22:00,21560.0,21560.0,21557.0,21557.0,8
MTX,202505,2025-04-03 01:23:00,21562.0,21570.0,21562.0,21570.0,3
MTX,202505,2025-04-03 01:24:00,21567.0,21567.0,21567.0,21567.0,1
MTX,202505,2025-04-03 01:25:00,21560.0,21560.0,21559.0,21560.0,7
MTX,202505,2025-04-03 01:26:00,21562.0,21562.0,21553.0,21553.0,5
MTX,202505,2025-04-03 01:27:00,21551.0,21551.0,21550.0,21550.0,3
MTX,202505,2025-04-03 01:28:00,21555.0,21562.0,21555.0,21562.0,7
MTX,202505,2025-04-03 01:29:00,21558.0,21558.0,21548.0,21548.0,9
MTX,202505,2025-04-03 01:30:00,21546.0,21546.0,21538.0,21538.0,6
MTX,202505,2025-04-03 01:31:00,21538.0,21538.0,21530.0,21532.0,17
MTX,202505,2025-04-03 01:32:00,21532.0,21534.0,21527.0,21527.0,9
MTX,202505,2025-04-03 01:33:00,21522.0,21532.0,21517.0,21532.0,42
MTX,202505,2025-04-03 01:34:00,21530.0,21530.0,21525.0,21525.0,13
MTX,202505,2025-04-03 01:35:00,21527.0,21527.0,21526.0,21526.0,2
MTX,202505,2025-04-03 01:36:00,21519.0,21522.0,21512.0,21512.0,17
MTX,202505,2025-04-03 01:37:00,21510.0,21510.0,21491.0,21492.0,24
MTX,202505,2025-04-03 01:38:00,21492.0,21504.0,21492.0,21504.0,19
MTX,202505,2025-04-03 01:39:00,21496.0,21498.0,21486.0,21498.0,20
MTX,202505,2025-04-03 01:40:00,21504.0,21504.0,21492.0,21492.0,12
MTX,202505,2025-04-03 01:41:00,21491.0,21493.0,21490.0,21490.0,9
MTX,202505,2025-04-03 01:42:00,21490.0,21490.0,21481.0,21485.0,16
MTX,202505,2025-04-03 01:43:00,21481.0,21490.0,21480.0,21485.0,16
MTX,202505,2025-04-03 01:44:00,21486.0,21493.0,21475.0,21492.0,27
MTX,202505,2025-04-03 01:45:00,21477.0,21477.0,21466.0,21466.0,18
MTX,202505,2025-04-03 01:46:00,21465.0,21469.0,21458.0,21460.0,14
MTX,202505,2025-04-03 01:47:00,21462.0,21474.0,21462.0,21473.0,4
MTX,202505,2025-04-03 01:48:00,21470.0,21470.0,21451.0,21451.0,19
MTX,202505,2025-04-03 01:49:00,21450.0,21465.0,21449.0,21465.0,16
MTX,202505,2025-04-03 01:50:00,21454.0,21454.0,21454.0,21454.0,1
MTX,202505,2025-04-03 01:51:00,21454.0,21456.0,21454.0,21455.0,5
MTX,202505,2025-04-03 01:52:00,21450.0,21452.0,21432.0,21432.0,24
MTX,202505,2025-04-03 01:53:00,21429.0,21445.0,21429.0,21443.0,30
MTX,202505,2025-04-03 01:54:00,21452.0,21457.0,21448.0,21453.0,12
MTX,202505,2025-04-03 01:55:00,21457.0,21464.0,21456.0,21464.0,5
MTX,202505,2025-04-03 01:56:00,21461.0,21463.0,21460.0,21460.0,7
MTX,202505,2025-04-03 01:57:00,21457.0,21457.0,21450.0,21450.0,2
MTX,202505,2025-04-03 01:58:00,21457.0,21457.0,21443.0,21443.0,5
MTX,202505,2025-04-03 01:59:00,21447.0,21452.0,21447.0,21452.0,5
MTX,202505,2025-04-03 02:01:00,21452.0,21452.0,21437.0,21450.0,14
MTX,202505,2025-04-03 02:02:00,21441.0,21441.0,21435.0,21437.0,7
MTX,202505,2025-04-03 02:03:00,21450.0,21463.0,21444.0,21444.0,24
MTX,202505,2025-04-03 02:04:00,21442.0,21442.0,21431.0,21431.0,19
MTX,202505,2025-04-03 02:05:00,21433.0,21433.0,21392.0,21392.0,103
MTX,202505,2025-04-03 02:06:00,21393.0,21411.0,21388.0,21410.0,35
MTX,202505,2025-04-03 02:07:00,21410.0,21411.0,21395.0,21401.0,12
MTX,202505,2025-04-03 02:08:00,21402.0,21402.0,21402.0,21402.0,3
MTX,202505,2025-04-03 02:09:00,21398.0,21404.0,21398.0,21398.0,6
MTX,202505,2025-04-03 02:10:00,21395.0,21395.0,21385.0,21388.0,14
MTX,202505,2025-04-03 02:11:00,21394.0,21399.0,21394.0,21399.0,3
MTX,202505,2025-04-03 02:12:00,21397.0,21407.0,21397.0,21407.0,13
MTX,202505,2025-04-03 02:13:00,21409.0,21418.0,21409.0,21417.0,20
MTX,202505,2025-04-03 02:14:00,21417.0,21417.0,21405.0,21405.0,7
MTX,202505,2025-04-03 02:15:00,21405.0,21410.0,21405.0,21410.0,3
MTX,202505,2025-04-03 02:16:00,21407.0,21407.0,21394.0,21394.0,5
MTX,202505,2025-04-03 02:18:00,21407.0,21407.0,21396.0,21397.0,6
MTX,202505,2025-04-03 02:19:00,21394.0,21397.0,21394.0,21397.0,5
MTX,202505,2025-04-03 02:20:00,21401.0,21405.0,21401.0,21403.0,5
MTX,202505,2025-04-03 02:21:00,21401.0,21401.0,21400.0,21400.0,2
MTX,202505,2025-04-03 02:22:00,21402.0,21411.0,21402.0,21403.0,8
MTX,202505,2025-04-03 02:23:00,21397.0,21400.0,21390.0,21390.0,12
MTX,202505,2025-04-03 02:24:00,21385.0,21386.0,21378.0,21385.0,27
MTX,202505,2025-04-03 02:25:00,21383.0,21383.0,21374.0,21374.0,19
MTX,202505,2025-04-03 02:26:00,21387.0,21390.0,21387.0,21390.0,3
MTX,202505,2025-04-03 02:27:00,21389.0,21389.0,21389.0,21389.0,1
MTX,202505,2025-04-03 02:28:00,21380.0,21380.0,21363.0,21365.0,26
MTX,202505,2025-04-03 02:29:00,21363.0,21363.0,21351.0,21354.0,23
MTX,202505,2025-04-03 02:30:00,21350.0,21376.0,21346.0,21376.0,45
MTX,202505,2025-04-03 02:31:00,21373.0,21375.0,21367.0,21375.0,9
MTX,202505,2025-04-03 02:32:00,21368.0,21369.0,21363.0,21369.0,5
MTX,202505,2025-04-03 02:33:00,21371.0,21379.0,21371.0,21378.0,8
MTX,202505,2025-04-03 02:34:00,21380.0,21383.0,21377.0,21379.0,9
MTX,202505,2025-04-03 02:35:00,21374.0,21400.0,21374.0,21400.0,9
MTX,202505,2025-04-03 02:36:00,21402.0,21416.0,21401.0,21415.0,15
MTX,202505,2025-04-03 02:37:00,21417.0,21417.0,21415.0,21417.0,8
MTX,202505,2025-04-03 02:38:00,21419.0,21423.0,21419.0,21423.0,12
MTX,202505,2025-04-03 02:39:00,21423.0,21424.0,21423.0,21424.0,2
MTX,202505,2025-04-03 02:40:00,21430.0,21438.0,21428.0,21435.0,13
MTX,202505,2025-04-03 02:41:00,21442.0,21450.0,21439.0,21450.0,22
MTX,202505,2025-04-03 02:42:00,21450.0,21450.0,21438.0,21438.0,6
MTX,202505,2025-04-03 02:43:00,21430.0,21430.0,21428.0,21428.0,3
MTX,202505,2025-04-03 02:44:00,21430.0,21431.0,21427.0,21431.0,6
MTX,202505,2025-04-03 02:46:00,21431.0,21436.0,21430.0,21430.0,7
MTX,202505,2025-04-03 02:47:00,21421.0,21421.0,21405.0,21405.0,6
MTX,202505,2025-04-03 02:48:00,21417.0,21417.0,21414.0,21414.0,3
MTX,202505,2025-04-03 02:49:00,21408.0,21420.0,21405.0,21420.0,5
MTX,202505,2025-04-03 02:51:00,21402.0,21405.0,21398.0,21405.0,4
MTX,202505,2025-04-03 02:52:00,21410.0,21410.0,21410.0,21410.0,1
MTX,202505,2025-04-03 02:53:00,21405.0,21407.0,21405.0,21407.0,2
MTX,202505,2025-04-03 02:54:00,21412.0,21412.0,21412.0,21412.0,4
MTX,202505,2025-04-03 02:55:00,21406.0,21406.0,21404.0,21404.0,9
MTX,202505,2025-04-03 02:56:00,21395.0,21395.0,21386.0,21386.0,3
MTX,202505,2025-04-03 02:57:00,21386.0,21386.0,21383.0,21383.0,7
MTX,202505,2025-04-03 02:58:00,21378.0,21378.0,21372.0,21372.0,13
MTX,202505,2025-04-03 02:59:00,21371.0,21371.0,21368.0,21368.0,4
MTX,202505,2025-04-03 03:00:00,21374.0,21401.0,21374.0,21398.0,9
MTX,202505,2025-04-03 03:01:00,21401.0,21409.0,21399.0,21409.0,4
MTX,202505,2025-04-03 03:02:00,21409.0,21416.0,21408.0,21414.0,7
MTX,202505,2025-04-03 03:03:00,21416.0,21416.0,21414.0,21414.0,2
MTX,202505,2025-04-03 03:04:00,21418.0,21420.0,21413.0,21414.0,10
MTX,202505,2025-04-03 03:05:00,21416.0,21416.0,21408.0,21408.0,6
MTX,202505,2025-04-03 03:06:00,21398.0,21404.0,21398.0,21404.0,3
MTX,202505,2025-04-03 03:07:00,21404.0,21416.0,21404.0,21405.0,3
MTX,202505,2025-04-03 03:08:00,21400.0,21405.0,21396.0,21405.0,4
MTX,202505,2025-04-03 03:09:00,21399.0,21399.0,21399.0,21399.0,2
MTX,202505,2025-04-03 03:10:00,21389.0,21397.0,21389.0,21391.0,4
MTX,202505,2025-04-03 03:11:00,21397.0,21397.0,21388.0,21388.0,3
MTX,202505,2025-04-03 03:12:00,21403.0,21403.0,21403.0,21403.0,1
MTX,202505,2025-04-03 03:13:00,21405.0,21409.0,21394.0,21400.0,9
MTX,202505,2025-04-03 03:14:00,21394.0,21394.0,21394.0,21394.0,1
MTX,202505,2025-04-03 03:16:00,21390.0,21390.0,21390.0,21390.0,2
MTX,202505,2025-04-03 03:17:00,21400.0,21400.0,21390.0,21390.0,7
MTX,202505,2025-04-03 03:19:00,21381.0,21381.0,21379.0,21379.0,4
MTX,202505,2025-04-03 03:20:00,21399.0,21399.0,21395.0,21395.0,2
MTX,202505,2025-04-03 03:22:00,21392.0,21392.0,21386.0,21386.0,4
MTX,202505,2025-04-03 03:23:00,21392.0,21410.0,21392.0,21410.0,6
MTX,202505,2025-04-03 03:24:00,21420.0,21423.0,21420.0,21420.0,6
MTX,202505,2025-04-03 03:25:00,21404.0,21404.0,21400.0,21400.0,2
MTX,202505,2025-04-03 03:26:00,21406.0,21415.0,21406.0,21415.0,3
MTX,202505,2025-04-03 03:27:00,21414.0,21423.0,21414.0,21423.0,6
MTX,202505,2025-04-03 03:28:00,21426.0,21436.0,21426.0,21436.0,9
MTX,202505,2025-04-03 03:29:00,21433.0,21433.0,21427.0,21427.0,2
MTX,202505,2025-04-03 03:30:00,21425.0,21425.0,21425.0,21425.0,1
MTX,202505,2025-04-03 03:31:00,21418.0,21435.0,21418.0,21435.0,3
MTX,202505,2025-04-03 03:32:00,21438.0,21441.0,21438.0,21440.0,8
MTX,202505,2025-04-03 03:33:00,21440.0,21458.0,21440.0,21458.0,19
MTX,202505,2025-04-03 03:34:00,21463.0,21468.0,21463.0,21468.0,11
MTX,202505,2025-04-03 03:35:00,21461.0,21470.0,21454.0,21470.0,7
MTX,202505,2025-04-03 03:36:00,21460.0,21460.0,21460.0,21460.0,2
MTX,202505,2025-04-03 03:37:00,21462.0,21462.0,21462.0,21462.0,1
MTX,202505,2025-04-03 03:38:00,21458.0,21458.0,21453.0,21453.0,4
MTX,202505,2025-04-03 03:39:00,21453.0,21453.0,21453.0,21453.0,1
MTX,202505,2025-04-03 03:40:00,21452.0,21472.0,21452.0,21472.0,4
MTX,202505,2025-04-03 03:41:00,21475.0,21477.0,21468.0,21468.0,12
MTX,202505,2025-04-03 03:42:00,21488.0,21490.0,21488.0,21489.0,7
MTX,202505,2025-04-03 03:43:00,21484.0,21492.0,21484.0,21492.0,5
MTX,202505,2025-04-03 03:44:00,21496.0,21503.0,21489.0,21497.0,22
MTX,202505,2025-04-03 03:45:00,21500.0,21506.0,21500.0,21506.0,9
MTX,202505,2025-04-03 03:46:00,21506.0,21521.0,21506.0,21514.0,16
MTX,202505,2025-04-03 03:47:00,21514.0,21514.0,21514.0,21514.0,1
MTX,202505,2025-04-03 03:49:00,21514.0,21514.0,21497.0,21497.0,4
MTX,202505,2025-04-03 03:50:00,21499.0,21499.0,21480.0,21485.0,8
MTX,202505,2025-04-03 03:51:00,21494.0,21505.0,21490.0,21505.0,7
MTX,202505,2025-04-03 03:52:00,21505.0,21505.0,21499.0,21501.0,4
MTX,202505,2025-04-03 03:53:00,21498.0,21508.0,21498.0,21508.0,4
MTX,202505,2025-04-03 03:54:00,21510.0,21510.0,21494.0,21494.0,8
MTX,202505,2025-04-03 03:55:00,21501.0,21506.0,21501.0,21506.0,2
MTX,202505,2025-04-03 03:56:00,21510.0,21511.0,21495.0,21495.0,6
MTX,202505,2025-04-03 03:58:00,21500.0,21500.0,21500.0,21500.0,1
MTX,202505,2025-04-03 03:59:00,21493.0,21498.0,21488.0,21491.0,9
MTX,202505,2025-04-03 04:00:00,21495.0,21500.0,21488.0,21493.0,4
MTX,202505,2025-04-03 04:01:00,21488.0,21488.0,21488.0,21488.0,2
MTX,202505,2025-04-03 04:02:00,21478.0,21489.0,21478.0,21483.0,11
MTX,202505,2025-04-03 04:03:00,21475.0,21475.0,21462.0,21462.0,6
MTX,202505,2025-04-03 04:04:00,21461.0,21467.0,21460.0,21467.0,5
MTX,202505,2025-04-03 04:05:00,21458.0,21472.0,21458.0,21472.0,6
MTX,202505,2025-04-03 04:06:00,21472.0,21479.0,21472.0,21479.0,4
MTX,202505,2025-04-03 04:07:00,21476.0,21476.0,21460.0,21460.0,2
MTX,202505,2025-04-03 04:08:00,21458.0,21460.0,21438.0,21452.0,51
MTX,202505,2025-04-03 04:09:00,21457.0,21458.0,21457.0,21458.0,2
MTX,202505,2025-04-03 04:10:00,21476.0,21476.0,21468.0,21468.0,2
MTX,202505,2025-04-03 04:11:00,21456.0,21457.0,21415.0,21428.0,34
MTX,202505,2025-04-03 04:12:00,21433.0,21448.0,21433.0,21446.0,11
MTX,202505,2025-04-03 04:13:00,21445.0,21575.0,21445.0,21575.0,79
MTX,202505,2025-04-03 04:14:00,21578.0,21605.0,21563.0,21598.0,127
MTX,202505,2025-04-03 04:15:00,21599.0,21603.0,21582.0,21592.0,44
MTX,202505,2025-04-03 04:16:00,21592.0,21650.0,21589.0,21650.0,152
MTX,202505,2025-04-03 04:17:00,21650.0,21680.0,21641.0,21648.0,103
MTX,202505,2025-04-03 04:18:00,21653.0,21659.0,21462.0,21481.0,110
MTX,202505,2025-04-03 04:19:00,21482.0,21586.0,21481.0,21586.0,104
MTX,202505,2025-04-03 04:20:00,21593.0,21627.0,21568.0,21626.0,73
MTX,202505,2025-04-03 04:21:00,21629.0,21630.0,21576.0,21610.0,54
MTX,202505,2025-04-03 04:22:00,21607.0,21630.0,21607.0,21610.0,25
MTX,202505,2025-04-03 04:23:00,21597.0,21614.0,21596.0,21612.0,20
MTX,202505,2025-04-03 04:24:00,21601.0,21612.0,21598.0,21608.0,14
MTX,202505,2025-04-03 04:25:00,21620.0,21622.0,21549.0,21592.0,62
MTX,202505,2025-04-03 04:26:00,21609.0,21610.0,21527.0,21553.0,102
MTX,202505,2025-04-03 04:27:00,21539.0,21539.0,21418.0,21418.0,141
MTX,202505,2025-04-03 04:28:00,21410.0,21410.0,21278.0,21302.0,295
MTX,202505,2025-04-03 04:29:00,21303.0,21337.0,21221.0,21227.0,179
MTX,202505,2025-04-03 04:30:00,21227.0,21227.0,21031.0,21066.0,379
MTX,202505,2025-04-03 04:31:00,21043.0,21180.0,21040.0,21180.0,16
MTX,202505,2025-04-03 04:32:00,21201.0,21203.0,21126.0,21158.0,55
MTX,202505,2025-04-03 04:33:00,21151.0,21214.0,21151.0,21170.0,65
MTX,202505,2025-04-03 04:34:00,21150.0,21155.0,21129.0,21139.0,45
MTX,202505,2025-04-03 04:35:00,21129.0,21136.0,21110.0,21125.0,37
MTX,202505,2025-04-03 04:36:00,21119.0,21119.0,21078.0,21082.0,45
MTX,202505,2025-04-03 04:37:00,21077.0,21112.0,21043.0,21043.0,53
MTX,202505,2025-04-03 04:38:00,21040.0,21067.0,21020.0,21055.0,101
MTX,202505,2025-04-03 04:39:00,21064.0,21090.0,21055.0,21060.0,49
MTX,202505,2025-04-03 04:40:00,21054.0,21054.0,21005.0,21020.0,97
MTX,202505,2025-04-03 04:41:00,21012.0,21032.0,21006.0,21022.0,36
MTX,202505,2025-04-03 04:42:00,21032.0,21040.0,21010.0,21010.0,5
MTX,202505,2025-04-03 04:43:00,21012.0,21020.0,20967.0,20967.0,131
MTX,202505,2025-04-03 04:44:00,20967.0,20967.0,20921.0,20934.0,77
MTX,202505,2025-04-03 04:45:00,20918.0,20950.0,20859.0,20922.0,108
MTX,202505,2025-04-03 04:46:00,20901.0,20916.0,20890.0,20916.0,19
MTX,202505,2025-04-03 04:47:00,20916.0,20942.0,20911.0,20911.0,40
MTX,202505,2025-04-03 04:48:00,20908.0,20913.0,20825.0,20840.0,79
MTX,202505,2025-04-03 04:49:00,20862.0,20900.0,20842.0,20897.0,15
MTX,202505,2025-04-03 04:50:00,20882.0,20882.0,20868.0,20870.0,12
MTX,202505,2025-04-03 04:51:00,20866.0,20887.0,20858.0,20876.0,39
MTX,202505,2025-04-03 04:52:00,20881.0,20886.0,20858.0,20858.0,32
MTX,202505,2025-04-03 04:53:00,20858.0,20897.0,20858.0,20870.0,20
MTX,202505,2025-04-03 04:54:00,20878.0,20883.0,20871.0,20874.0,18
MTX,202505,2025-04-03 04:55:00,20875.0,20888.0,20870.0,20881.0,41
MTX,202505,2025-04-03 04:56:00,20881.0,20888.0,20872.0,20888.0,24
MTX,202505,2025-04-03 04:57:00,20891.0,20911.0,20882.0,20900.0,41
MTX,202505,2025-04-03 04:58:00,20900.0,20900.0,20888.0,20890.0,15
MTX,202505,2025-04-03 04:59:00,20901.0,20902.0,20865.0,20877.0,75
MTX,202506,2025-04-02 15:01:00,21325.0,21328.0,21325.0,21328.0,5
MTX,202506,2025-04-02 15:02:00,21333.0,21340.0,21328.0,21328.0,5
MTX,202506,2025-04-02 15:04:00,21326.0,21326.0,21320.0,21322.0,5
MTX,202506,2025-04-02 15:05:00,21312.0,21312.0,21312.0,21312.0,1
MTX,202506,2025-04-02 15:06:00,21312.0,21312.0,21312.0,21312.0,2
MTX,202506,2025-04-02 15:08:00,21309.0,21309.0,21309.0,21309.0,1
MTX,202506,2025-04-02 15:09:00,21296.0,21309.0,21296.0,21309.0,3
MTX,202506,2025-04-02 15:12:00,21300.0,21300.0,21300.0,21300.0,1
MTX,202506,2025-04-02 15:14:00,21308.0,21311.0,21308.0,21311.0,3
MTX,202506,2025-04-02 15:18:00,21314.0,21314.0,21314.0,21314.0,1
MTX,202506,2025-04-02 15:20:00,21313.0,21313.0,21313.0,21313.0,1
MTX,202506,2025-04-02 15:21:00,21312.0,21312.0,21312.0,21312.0,1
MTX,202506,2025-04-02 15:25:00,21300.0,21300.0,21300.0,21300.0,4
MTX,202506,2025-04-02 15:26:00,21296.0,21296.0,21296.0,21296.0,1
MTX,202506,2025-04-02 15:27:00,21293.0,21293.0,21293.0,21293.0,1
MTX,202506,2025-04-02 15:33:00,21314.0,21314.0,21314.0,21314.0,1
MTX,202506,2025-04-02 15:34:00,21312.0,21315.0,21312.0,21315.0,2
MTX,202506,2025-04-02 15:37:00,21300.0,21300.0,21300.0,21300.0,1
MTX,202506,2025-04-02 15:40:00,21300.0,21300.0,21300.0,21300.0,1
MTX,202506,2025-04-02 15:42:00,21300.0,21300.0,21300.0,21300.0,1
MTX,202506,2025-04-02 15:52:00,21305.0,21305.0,21305.0,21305.0,1
MTX,202506,2025-04-02 15:55:00,21309.0,21309.0,21309.0,21309.0,1
MTX,202506,2025-04-02 15:56:00,21315.0,21315.0,21315.0,21315.0,2
MTX,202506,2025-04-02 15:58:00,21320.0,21320.0,21320.0,21320.0,1
MTX,202506,2025-04-02 16:01:00,21293.0,21293.0,21291.0,21291.0,2
MTX,202506,2025-04-02 16:02:00,21292.0,21292.0,21292.0,21292.0,1
MTX,202506,2025-04-02 16:04:00,21290.0,21290.0,21290.0,21290.0,2
MTX,202506,2025-04-02 16:05:00,21282.0,21282.0,21282.0,21282.0,1
MTX,202506,2025-04-02 16:06:00,21286.0,21286.0,21286.0,21286.0,1
MTX,202506,2025-04-02 16:09:00,21297.0,21297.0,21297.0,21297.0,1
MTX,202506,2025-04-02 16:12:00,21312.0,21312.0,21312.0,21312.0,1
MTX,202506,2025-04-02 16:13:00,21318.0,21324.0,21318.0,21324.0,2
MTX,202506,2025-04-02 16:14:00,21320.0,21320.0,21320.0,21320.0,2
MTX,202506,2025-04-02 16:19:00,21315.0,21320.0,21315.0,21320.0,2
MTX,202506,2025-04-02 16:22:00,21326.0,21332.0,21326.0,21332.0,3
MTX,202506,2025-04-02 16:28:00,21332.0,21332.0,21332.0,21332.0,1
MTX,202506,2025-04-02 16:29:00,21333.0,21333.0,21333.0,21333.0,1
MTX,202506,2025-04-02 16:34:00,21330.0,21330.0,21330.0,21330.0,1
MTX,202506,2025-04-02 16:42:00,21328.0,21328.0,21328.0,21328.0,2
MTX,202506,2025-04-02 16:48:00,21330.0,21330.0,21330.0,21330.0,2
MTX,202506,2025-04-02 16:50:00,21333.0,21333.0,21333.0,21333.0,2
MTX,202506,2025-04-02 16:51:00,21333.0,21335.0,21333.0,21335.0,6
MTX,202506,2025-04-02 16:58:00,21320.0,21320.0,21320.0,21320.0,1
MTX,202506,2025-04-02 17:10:00,21339.0,21339.0,21339.0,21339.0,1
MTX,202506,2025-04-02 17:17:00,21320.0,21320.0,21320.0,21320.0,1
MTX,202506,2025-04-02 17:19:00,21324.0,21324.0,21324.0,21324.0,1
MTX,202506,2025-04-02 17:27:00,21322.0,21322.0,21322.0,21322.0,1
MTX,202506,2025-04-02 17:30:00,21322.0,21322.0,21322.0,21322.0,1
MTX,202506,2025-04-02 17:51:00,21322.0,21322.0,21322.0,21322.0,1
MTX,202506,2025-04-02 18:02:00,21311.0,21311.0,21287.0,21289.0,8
MTX,202506,2025-04-02 18:03:00,21282.0,21288.0,21282.0,21288.0,2
MTX,202506,2025-04-02 18:08:00,21305.0,21305.0,21305.0,21305.0,1
MTX,202506,2025-04-02 18:11:00,21298.0,21298.0,21298.0,21298.0,1
MTX,202506,2025-04-02 18:16:00,21305.0,21305.0,21305.0,21305.0,1
MTX,202506,2025-04-02 18:18:00,21306.0,21306.0,21306.0,21306.0,1
MTX,202506,2025-04-02 18:28:00,21287.0,21287.0,21284.0,21284.0,3
MTX,202506,2025-04-02 18:32:00,21284.0,21284.0,21282.0,21282.0,2
MTX,202506,2025-04-02 18:38:00,21275.0,21275.0,21275.0,21275.0,1
MTX,202506,2025-04-02 18:42:00,21271.0,21271.0,21271.0,21271.0,2
MTX,202506,2025-04-02 18:44:00,21272.0,21272.0,21272.0,21272.0,1
MTX,202506,2025-04-02 18:53:00,21290.0,21290.0,21290.0,21290.0,1
MTX,202506,2025-04-02 18:58:00,21272.0,21272.0,21272.0,21272.0,2
MTX,202506,2025-04-02 19:07:00,21281.0,21281.0,21281.0,21281.0,1
MTX,202506,2025-04-02 19:11:00,21290.0,21290.0,21290.0,21290.0,1
MTX,202506,2025-04-02 19:14:00,21280.0,21280.0,21280.0,21280.0,1
MTX,202506,2025-04-02 19:31:00,21287.0,21287.0,21287.0,21287.0,1
MTX,202506,2025-04-02 19:43:00,21280.0,21280.0,21280.0,21280.0,1
MTX,202506,2025-04-02 19:59:00,21276.0,21276.0,21272.0,21272.0,6
MTX,202506,2025-04-02 20:02:00,21270.0,21270.0,21265.0,21265.0,4
MTX,202506,2025-04-02 20:03:00,21259.0,21259.0,21259.0,21259.0,1
MTX,202506,2025-04-02 20:05:00,21250.0,21250.0,21250.0,21250.0,4
MTX,202506,2025-04-02 20:07:00,21245.0,21245.0,21240.0,21240.0,4
MTX,202506,2025-04-02 20:09:00,21233.0,21233.0,21233.0,21233.0,1
MTX,202506,2025-04-02 20:10:00,21230.0,21233.0,21230.0,21233.0,11
MTX,202506,2025-04-02 20:11:00,21240.0,21240.0,21240.0,21240.0,2
MTX,202506,2025-04-02 20:12:00,21245.0,21247.0,21245.0,21247.0,2
MTX,202506,2025-04-02 20:15:00,21257.0,21260.0,21257.0,21260.0,3
MTX,202506,2025-04-02 20:16:00,21245.0,21245.0,21240.0,21240.0,7
MTX,202506,2025-04-02 20:20:00,21235.0,21235.0,21234.0,21234.0,2
MTX,202506,2025-04-02 20:21:00,21232.0,21232.0,21232.0,21232.0,3
MTX,202506,2025-04-02 20:22:00,21233.0,21233.0,21233.0,21233.0,2
MTX,202506,2025-04-02 20:23:00,21225.0,21225.0,21223.0,21223.0,2
MTX,202506,2025-04-02 20:24:00,21223.0,21223.0,21220.0,21220.0,2
MTX,202506,2025-04-02 20:27:00,21226.0,21226.0,21220.0,21220.0,3
MTX,202506,2025-04-02 20:28:00,21216.0,21216.0,21216.0,21216.0,1
MTX,202506,2025-04-02 20:30:00,21218.0,21219.0,21218.0,21219.0,2
MTX,202506,2025-04-02 20:33:00,21219.0,21219.0,21219.0,21219.0,1
MTX,202506,2025-04-02 20:44:00,21233.0,21233.0,21233.0,21233.0,2
MTX,202506,2025-04-02 20:48:00,21243.0,21243.0,21243.0,21243.0,1
MTX,202506,2025-04-02 20:50:00,21239.0,21239.0,21239.0,21239.0,2
MTX,202506,2025-04-02 20:54:00,21250.0,21250.0,21250.0,21250.0,1
MTX,202506,2025-04-02 20:57:00,21250.0,21250.0,21250.0,21250.0,1
MTX,202506,2025-04-02 20:58:00,21249.0,21249.0,21249.0,21249.0,2
MTX,202506,2025-04-02 20:59:00,21249.0,21250.0,21249.0,21250.0,6
MTX,202506,2025-04-02 21:05:00,21240.0,21242.0,21240.0,21242.0,3
MTX,202506,2025-04-02 21:12:00,21233.0,21233.0,21233.0,21233.0,3
MTX,202506,2025-04-02 21:17:00,21229.0,21229.0,21229.0,21229.0,1
MTX,202506,2025-04-02 21:18:00,21233.0,21233.0,21233.0,21233.0,1
MTX,202506,2025-04-02 21:24:00,21228.0,21228.0,21228.0,21228.0,2
MTX,202506,2025-04-02 21:29:00,21216.0,21216.0,21216.0,21216.0,1
MTX,202506,2025-04-02 21:30:00,21216.0,21216.0,21216.0,21216.0,1
MTX,202506,2025-04-02 21:31:00,21201.0,21226.0,21198.0,21226.0,11
MTX,202506,2025-04-02 21:34:00,21247.0,21260.0,21247.0,21259.0,6
MTX,202506,2025-04-02 21:35:00,21263.0,21268.0,21263.0,21268.0,4
MTX,202506,2025-04-02 21:36:00,21280.0,21299.0,21280.0,21299.0,10
MTX,202506,2025-04-02 21:37:00,21298.0,21311.0,21298.0,21311.0,7
MTX,202506,2025-04-02 21:38:00,21310.0,21310.0,21310.0,21310.0,1
MTX,202506,2025-04-02 21:40:00,21280.0,21280.0,21274.0,21274.0,3
MTX,202506,2025-04-02 21:41:00,21301.0,21302.0,21301.0,21302.0,3
MTX,202506,2025-04-02 21:43:00,21274.0,21274.0,21274.0,21274.0,3
MTX,202506,2025-04-02 21:44:00,21305.0,21305.0,21305.0,21305.0,2
MTX,202506,2025-04-02 21:45:00,21308.0,21355.0,21308.0,21355.0,19
MTX,202506,2025-04-02 21:46:00,21359.0,21359.0,21351.0,21351.0,4
MTX,202506,2025-04-02 21:47:00,21346.0,21346.0,21345.0,21345.0,2
MTX,202506,2025-04-02 21:48:00,21328.0,21339.0,21328.0,21339.0,6
MTX,202506,2025-04-02 21:49:00,21340.0,21355.0,21340.0,21355.0,3
MTX,202506,2025-04-02 21:50:00,21356.0,21356.0,21353.0,21353.0,3
MTX,202506,2025-04-02 21:51:00,21351.0,21353.0,21351.0,21353.0,2
MTX,202506,2025-04-02 21:53:00,21353.0,21353.0,21353.0,21353.0,1
MTX,202506,2025-04-02 21:54:00,21345.0,21345.0,21343.0,21343.0,2
MTX,202506,2025-04-02 21:55:00,21340.0,21345.0,21340.0,21345.0,2
MTX,202506,2025-04-02 21:56:00,21337.0,21337.0,21321.0,21321.0,3
MTX,202506,2025-04-02 21:57:00,21333.0,21333.0,21333.0,21333.0,1
MTX,202506,2025-04-02 21:58:00,21333.0,21333.0,21333.0,21333.0,2
MTX,202506,2025-04-02 21:59:00,21333.0,21333.0,21330.0,21330.0,2
MTX,202506,2025-04-02 22:00:00,21318.0,21342.0,21318.0,21342.0,2
MTX,202506,2025-04-02 22:01:00,21351.0,21352.0,21351.0,21352.0,3
MTX,202506,2025-04-02 22:02:00,21365.0,21375.0,21365.0,21375.0,9
MTX,202506,2025-04-02 22:03:00,21381.0,21400.0,21381.0,21399.0,24
MTX,202506,2025-04-02 22:04:00,21401.0,21412.0,21399.0,21399.0,4
MTX,202506,2025-04-02 22:05:00,21399.0,21399.0,21391.0,21399.0,7
MTX,202506,2025-04-02 22:06:00,21399.0,21410.0,21394.0,21395.0,12
MTX,202506,2025-04-02 22:07:00,21390.0,21390.0,21383.0,21383.0,16
MTX,202506,2025-04-02 22:08:00,21382.0,21382.0,21382.0,21382.0,2
MTX,202506,2025-04-02 22:10:00,21349.0,21349.0,21349.0,21349.0,1
MTX,202506,2025-04-02 22:12:00,21360.0,21360.0,21360.0,21360.0,2
MTX,202506,2025-04-02 22:13:00,21360.0,21360.0,21359.0,21359.0,2
MTX,202506,2025-04-02 22:15:00,21350.0,21350.0,21349.0,21349.0,2
MTX,202506,2025-04-02 22:16:00,21360.0,21360.0,21360.0,21360.0,1
MTX,202506,2025-04-02 22:17:00,21374.0,21375.0,21374.0,21375.0,2
MTX,202506,2025-04-02 22:21:00,21374.0,21374.0,21374.0,21374.0,1
MTX,202506,2025-04-02 22:23:00,21380.0,21380.0,21380.0,21380.0,1
MTX,202506,2025-04-02 22:24:00,21390.0,21393.0,21390.0,21393.0,12
MTX,202506,2025-04-02 22:25:00,21388.0,21388.0,21372.0,21372.0,2
MTX,202506,2025-04-02 22:27:00,21365.0,21365.0,21365.0,21365.0,1
MTX,202506,2025-04-02 22:28:00,21385.0,21385.0,21385.0,21385.0,1
MTX,202506,2025-04-02 22:29:00,21391.0,21391.0,21391.0,21391.0,2
MTX,202506,2025-04-02 22:30:00,21391.0,21391.0,21391.0,21391.0,1
MTX,202506,2025-04-02 22:32:00,21399.0,21400.0,21399.0,21400.0,4
MTX,202506,2025-04-02 22:33:00,21400.0,21400.0,21400.0,21400.0,1
MTX,202506,2025-04-02 22:35:00,21389.0,21389.0,21389.0,21389.0,1
MTX,202506,2025-04-02 22:36:00,21378.0,21378.0,21378.0,21378.0,1
MTX,202506,2025-04-02 22:37:00,21378.0,21380.0,21378.0,21380.0,6
MTX,202506,2025-04-02 22:38:00,21370.0,21370.0,21370.0,21370.0,1
MTX,202506,2025-04-02 22:41:00,21388.0,21402.0,21388.0,21402.0,16
MTX,202506,2025-04-02 22:42:00,21396.0,21396.0,21396.0,21396.0,1
MTX,202506,2025-04-02 22:47:00,21385.0,21385.0,21385.0,21385.0,1
MTX,202506,2025-04-02 22:50:00,21400.0,21400.0,21400.0,21400.0,3
MTX,202506,2025-04-02 22:51:00,21402.0,21402.0,21400.0,21400.0,2
MTX,202506,2025-04-02 22:55:00,21400.0,21400.0,21400.0,21400.0,1
MTX,202506,2025-04-02 22:57:00,21408.0,21413.0,21408.0,21413.0,4
MTX,202506,2025-04-02 22:58:00,21423.0,21425.0,21423.0,21425.0,2
MTX,202506,2025-04-02 22:59:00,21429.0,21429.0,21429.0,21429.0,1
MTX,202506,2025-04-02 23:00:00,21433.0,21438.0,21410.0,21410.0,6
MTX,202506,2025-04-02 23:01:00,21413.0,21413.0,21413.0,21413.0,1
MTX,202506,2025-04-02 23:02:00,21409.0,21409.0,21409.0,21409.0,5
MTX,202506,2025-04-02 23:05:00,21430.0,21430.0,21430.0,21430.0,1
MTX,202506,2025-04-02 23:06:00,21430.0,21430.0,21418.0,21423.0,4
MTX,202506,2025-04-02 23:07:00,21430.0,21435.0,21430.0,21435.0,4
MTX,202506,2025-04-02 23:08:00,21435.0,21435.0,21435.0,21435.0,1
MTX,202506,2025-04-02 23:09:00,21435.0,21437.0,21435.0,21437.0,2
MTX,202506,2025-04-02 23:10:00,21426.0,21426.0,21426.0,21426.0,1
MTX,202506,2025-04-02 23:12:00,21413.0,21413.0,21413.0,21413.0,1
MTX,202506,2025-04-02 23:13:00,21400.0,21400.0,21400.0,21400.0,3
MTX,202506,2025-04-02 23:16:00,21405.0,21405.0,21400.0,21400.0,2
MTX,202506,2025-04-02 23:17:00,21400.0,21400.0,21400.0,21400.0,1
MTX,202506,2025-04-02 23:18:00,21407.0,21415.0,21407.0,21415.0,2
MTX,202506,2025-04-02 23:19:00,21425.0,21425.0,21425.0,21425.0,1
MTX,202506,2025-04-02 23:20:00,21426.0,21444.0,21426.0,21444.0,3
MTX,202506,2025-04-02 23:21:00,21444.0,21450.0,21441.0,21441.0,4
MTX,202506,2025-04-02 23:22:00,21441.0,21441.0,21441.0,21441.0,2
MTX,202506,2025-04-02 23:23:00,21449.0,21450.0,21449.0,21450.0,4
MTX,202506,2025-04-02 23:24:00,21458.0,21458.0,21454.0,21454.0,4
MTX,202506,2025-04-02 23:25:00,21460.0,21465.0,21460.0,21465.0,2
MTX,202506,2025-04-02 23:26:00,21474.0,21480.0,21474.0,21478.0,5
MTX,202506,2025-04-02 23:27:00,21473.0,21473.0,21473.0,21473.0,1
MTX,202506,2025-04-02 23:28:00,21480.0,21480.0,21470.0,21470.0,3
MTX,202506,2025-04-02 23:30:00,21470.0,21470.0,21470.0,21470.0,1
MTX,202506,2025-04-02 23:35:00,21468.0,21468.0,21460.0,21460.0,7
MTX,202506,2025-04-02 23:36:00,21470.0,21473.0,21469.0,21471.0,6
MTX,202506,2025-04-02 23:38:00,21472.0,21472.0,21472.0,21472.0,2
MTX,202506,2025-04-02 23:39:00,21473.0,21473.0,21473.0,21473.0,1
MTX,202506,2025-04-02 23:40:00,21473.0,21473.0,21473.0,21473.0,2
MTX,202506,2025-04-02 23:43:00,21471.0,21471.0,21471.0,21471.0,1
MTX,202506,2025-04-02 23:44:00,21468.0,21468.0,21468.0,21468.0,1
MTX,202506,2025-04-02 23:47:00,21458.0,21458.0,21458.0,21458.0,1
MTX,202506,2025-04-02 23:48:00,21445.0,21450.0,21445.0,21450.0,2
MTX,202506,2025-04-02 23:50:00,21440.0,21440.0,21440.0,21440.0,2
MTX,202506,2025-04-02 23:51:00,21438.0,21438.0,21438.0,21438.0,1
MTX,202506,2025-04-02 23:54:00,21450.0,21452.0,21450.0,21452.0,2
MTX,202506,2025-04-02 23:55:00,21460.0,21460.0,21460.0,21460.0,1
MTX,202506,2025-04-02 23:56:00,21450.0,21450.0,21450.0,21450.0,1
MTX,202506,2025-04-02 23:57:00,21458.0,21460.0,21458.0,21460.0,2
MTX,202506,2025-04-02 23:58:00,21464.0,21464.0,21464.0,21464.0,1
MTX,202506,2025-04-03 00:06:00,21461.0,21461.0,21461.0,21461.0,1
MTX,202506,2025-04-03 00:10:00,21468.0,21470.0,21468.0,21470.0,5
MTX,202506,2025-04-03 00:11:00,21477.0,21477.0,21477.0,21477.0,1
MTX,202506,2025-04-03 00:12:00,21483.0,21498.0,21483.0,21498.0,7
MTX,202506,2025-04-03 00:13:00,21497.0,21497.0,21497.0,21497.0,3
MTX,202506,2025-04-03 00:14:00,21491.0,21491.0,21490.0,21490.0,4
MTX,202506,2025-04-03 00:15:00,21499.0,21500.0,21499.0,21500.0,4
MTX,202506,2025-04-03 00:16:00,21500.0,21500.0,21500.0,21500.0,6
MTX,202506,2025-04-03 00:17:00,21500.0,21500.0,21500.0,21500.0,1
MTX,202506,2025-04-03 00:18:00,21500.0,21500.0,21500.0,21500.0,1
MTX,202506,2025-04-03 00:20:00,21505.0,21505.0,21505.0,21505.0,1
MTX,202506,2025-04-03 00:21:00,21505.0,21505.0,21505.0,21505.0,1
MTX,202506,2025-04-03 00:22:00,21508.0,21508.0,21508.0,21508.0,1
MTX,202506,2025-04-03 00:24:00,21511.0,21511.0,21511.0,21511.0,1
MTX,202506,2025-04-03 00:25:00,21511.0,21511.0,21511.0,21511.0,1
MTX,202506,2025-04-03 00:26:00,21507.0,21507.0,21504.0,21504.0,2
MTX,202506,2025-04-03 00:27:00,21510.0,21514.0,21510.0,21514.0,3
MTX,202506,2025-04-03 00:28:00,21515.0,21518.0,21515.0,21518.0,3
MTX,202506,2025-04-03 00:29:00,21515.0,21528.0,21515.0,21528.0,16
MTX,202506,2025-04-03 00:30:00,21528.0,21528.0,21525.0,21525.0,2
MTX,202506,2025-04-03 00:32:00,21525.0,21525.0,21525.0,21525.0,1
MTX,202506,2025-04-03 00:33:00,21525.0,21525.0,21525.0,21525.0,1
MTX,202506,2025-04-03 00:34:00,21520.0,21525.0,21520.0,21525.0,2
MTX,202506,2025-04-03 00:35:00,21520.0,21520.0,21520.0,21520.0,1
MTX,202506,2025-04-03 00:37:00,21510.0,21510.0,21510.0,21510.0,3
MTX,202506,2025-04-03 00:42:00,21509.0,21509.0,21509.0,21509.0,1
MTX,202506,2025-04-03 00:43:00,21509.0,21515.0,21509.0,21515.0,2
MTX,202506,2025-04-03 00:44:00,21520.0,21520.0,21520.0,21520.0,1
MTX,202506,2025-04-03 00:46:00,21507.0,21507.0,21507.0,21507.0,1
MTX,202506,2025-04-03 00:47:00,21520.0,21520.0,21520.0,21520.0,3
MTX,202506,2025-04-03 00:49:00,21524.0,21534.0,21524.0,21534.0,10
MTX,202506,2025-04-03 00:50:00,21535.0,21537.0,21535.0,21537.0,4
MTX,202506,2025-04-03 00:54:00,21523.0,21523.0,21523.0,21523.0,2
MTX,202506,2025-04-03 01:00:00,21536.0,21539.0,21536.0,21539.0,6
MTX,202506,2025-04-03 01:03:00,21539.0,21540.0,21539.0,21540.0,5
MTX,202506,2025-04-03 01:04:00,21542.0,21546.0,21542.0,21546.0,6
MTX,202506,2025-04-03 01:07:00,21546.0,21550.0,21546.0,21550.0,3
MTX,202506,2025-04-03 01:08:00,21550.0,21550.0,21549.0,21549.0,2
MTX,202506,2025-04-03 01:10:00,21550.0,21556.0,21550.0,21556.0,16
MTX,202506,2025-04-03 01:11:00,21558.0,21564.0,21558.0,21564.0,7
MTX,202506,2025-04-03 01:12:00,21565.0,21570.0,21565.0,21570.0,7
MTX,202506,2025-04-03 01:16:00,21555.0,21555.0,21555.0,21555.0,1
MTX,202506,2025-04-03 01:17:00,21555.0,21555.0,21555.0,21555.0,6
MTX,202506,2025-04-03 01:21:00,21545.0,21545.0,21538.0,21538.0,14
MTX,202506,2025-04-03 01:32:00,21503.0,21503.0,21500.0,21500.0,2
MTX,202506,2025-04-03 01:33:00,21500.0,21500.0,21496.0,21496.0,2
MTX,202506,2025-04-03 01:34:00,21505.0,21505.0,21505.0,21505.0,1
MTX,202506,2025-04-03 01:35:00,21500.0,21500.0,21500.0,21500.0,1
MTX,202506,2025-04-03 01:37:00,21475.0,21475.0,21475.0,21475.0,1
MTX,202506,2025-04-03 01:38:00,21478.0,21478.0,21478.0,21478.0,1
MTX,202506,2025-04-03 01:40:00,21478.0,21478.0,21478.0,21478.0,1
MTX,202506,2025-04-03 01:41:00,21465.0,21465.0,21465.0,21465.0,1
MTX,202506,2025-04-03 01:42:00,21462.0,21462.0,21458.0,21458.0,2
MTX,202506,2025-04-03 01:43:00,21462.0,21462.0,21462.0,21462.0,1
MTX,202506,2025-04-03 01:45:00,21455.0,21455.0,21446.0,21446.0,3
MTX,202506,2025-04-03 01:46:00,21438.0,21438.0,21438.0,21438.0,2
MTX,202506,2025-04-03 01:48:00,21432.0,21432.0,21430.0,21430.0,2
MTX,202506,2025-04-03 01:49:00,21432.0,21432.0,21432.0,21432.0,1
MTX,202506,2025-04-03 01:50:00,21430.0,21430.0,21430.0,21430.0,1
MTX,202506,2025-04-03 01:52:00,21421.0,21421.0,21410.0,21410.0,4
MTX,202506,2025-04-03 01:53:00,21410.0,21410.0,21410.0,21410.0,1
MTX,202506,2025-04-03 01:55:00,21438.0,21438.0,21438.0,21438.0,1
MTX,202506,2025-04-03 01:56:00,21437.0,21437.0,21437.0,21437.0,1
MTX,202506,2025-04-03 02:02:00,21413.0,21413.0,21413.0,21413.0,1
MTX,202506,2025-04-03 02:04:00,21413.0,21413.0,21413.0,21413.0,1
MTX,202506,2025-04-03 02:05:00,21408.0,21408.0,21379.0,21379.0,11
MTX,202506,2025-04-03 02:08:00,21380.0,21380.0,21380.0,21380.0,1
MTX,202506,2025-04-03 02:09:00,21373.0,21373.0,21369.0,21369.0,2
MTX,202506,2025-04-03 02:13:00,21394.0,21394.0,21394.0,21394.0,1
MTX,202506,2025-04-03 02:15:00,21389.0,21389.0,21389.0,21389.0,1
MTX,202506,2025-04-03 02:16:00,21386.0,21386.0,21386.0,21386.0,1
MTX,202506,2025-04-03 02:18:00,21380.0,21380.0,21380.0,21380.0,1
MTX,202506,2025-04-03 02:20:00,21380.0,21380.0,21380.0,21380.0,1
MTX,202506,2025-04-03 02:23:00,21370.0,21370.0,21370.0,21370.0,2
MTX,202506,2025-04-03 02:25:00,21366.0,21366.0,21366.0,21366.0,1
MTX,202506,2025-04-03 02:26:00,21366.0,21366.0,21366.0,21366.0,2
MTX,202506,2025-04-03 02:28:00,21355.0,21355.0,21355.0,21355.0,1
MTX,202506,2025-04-03 02:29:00,21332.0,21337.0,21332.0,21335.0,4
MTX,202506,2025-04-03 02:30:00,21338.0,21354.0,21338.0,21354.0,2
MTX,202506,2025-04-03 02:31:00,21350.0,21350.0,21350.0,21350.0,1
MTX,202506,2025-04-03 02:38:00,21394.0,21394.0,21394.0,21394.0,1
MTX,202506,2025-04-03 02:39:00,21402.0,21405.0,21397.0,21397.0,3
MTX,202506,2025-04-03 02:41:00,21420.0,21425.0,21420.0,21425.0,2
MTX,202506,2025-04-03 02:42:00,21419.0,21419.0,21419.0,21419.0,1
MTX,202506,2025-04-03 02:43:00,21414.0,21414.0,21414.0,21414.0,1
MTX,202506,2025-04-03 02:51:00,21382.0,21382.0,21382.0,21382.0,1
MTX,202506,2025-04-03 02:57:00,21362.0,21362.0,21355.0,21355.0,3
MTX,202506,2025-04-03 02:59:00,21349.0,21349.0,21349.0,21349.0,1
MTX,202506,2025-04-03 03:15:00,21368.0,21368.0,21368.0,21368.0,2
MTX,202506,2025-04-03 03:23:00,21380.0,21380.0,21380.0,21380.0,1
MTX,202506,2025-04-03 03:25:00,21380.0,21380.0,21380.0,21380.0,1
MTX,202506,2025-04-03 03:28:00,21413.0,21414.0,21413.0,21414.0,2
MTX,202506,2025-04-03 03:33:00,21419.0,21425.0,21419.0,21425.0,6
MTX,202506,2025-04-03 03:34:00,21439.0,21442.0,21439.0,21442.0,2
MTX,202506,2025-04-03 03:42:00,21460.0,21468.0,21460.0,21468.0,2
MTX,202506,2025-04-03 03:43:00,21466.0,21467.0,21466.0,21467.0,2
MTX,202506,2025-04-03 03:45:00,21480.0,21480.0,21480.0,21480.0,1
MTX,202506,2025-04-03 03:46:00,21495.0,21495.0,21495.0,21495.0,1
MTX,202506,2025-04-03 03:52:00,21487.0,21487.0,21487.0,21487.0,1
MTX,202506,2025-04-03 03:56:00,21485.0,21485.0,21485.0,21485.0,1
MTX,202506,2025-04-03 03:57:00,21480.0,21480.0,21480.0,21480.0,1
MTX,202506,2025-04-03 04:02:00,21460.0,21460.0,21460.0,21460.0,1
MTX,202506,2025-04-03 04:03:00,21436.0,21436.0,21436.0,21436.0,1
MTX,202506,2025-04-03 04:06:00,21443.0,21443.0,21443.0,21443.0,1
MTX,202506,2025-04-03 04:11:00,21400.0,21400.0,21400.0,21400.0,6
MTX,202506,2025-04-03 04:12:00,21426.0,21426.0,21426.0,21426.0,1
MTX,202506,2025-04-03 04:13:00,21420.0,21538.0,21420.0,21538.0,5
MTX,202506,2025-04-03 04:14:00,21550.0,21582.0,21550.0,21582.0,16
MTX,202506,2025-04-03 04:15:00,21576.0,21576.0,21576.0,21576.0,1
MTX,202506,2025-04-03 04:16:00,21585.0,21621.0,21585.0,21621.0,32
MTX,202506,2025-04-03 04:17:00,21624.0,21648.0,21624.0,21632.0,10
MTX,202506,2025-04-03 04:18:00,21624.0,21624.0,21446.0,21446.0,5
MTX,202506,2025-04-03 04:25:00,21530.0,21555.0,21530.0,21555.0,3
MTX,202506,2025-04-03 04:27:00,21480.0,21480.0,21409.0,21409.0,5
MTX,202506,2025-04-03 04:28:00,21380.0,21380.0,21269.0,21269.0,30
MTX,202506,2025-04-03 04:29:00,21250.0,21250.0,21215.0,21215.0,10
MTX,202506,2025-04-03 04:30:00,21206.0,21207.0,21016.0,21052.0,57
MTX,202506,2025-04-03 04:31:00,21123.0,21123.0,21123.0,21123.0,1
MTX,202506,2025-04-03 04:32:00,21133.0,21161.0,21100.0,21100.0,27
MTX,202506,2025-04-03 04:34:00,21150.0,21150.0,21150.0,21150.0,1
MTX,202506,2025-04-03 04:35:00,21101.0,21101.0,21100.0,21100.0,3
MTX,202506,2025-04-03 04:36:00,21061.0,21061.0,21061.0,21061.0,2
MTX,202506,2025-04-03 04:37:00,21071.0,21071.0,21037.0,21038.0,16
MTX,202506,2025-04-03 04:38:00,21011.0,21020.0,21007.0,21020.0,20
MTX,202506,2025-04-03 04:39:00,21062.0,21062.0,21050.0,21050.0,3
MTX,202506,2025-04-03 04:40:00,21026.0,21026.0,20989.0,20989.0,35
MTX,202506,2025-04-03 04:41:00,21000.0,21000.0,20995.0,20995.0,3
MTX,202506,2025-04-03 04:42:00,21012.0,21012.0,20995.0,20995.0,4
MTX,202506,2025-04-03 04:43:00,20990.0,20990.0,20985.0,20985.0,12
MTX,202506,2025-04-03 04:44:00,20958.0,20958.0,20909.0,20918.0,14
MTX,202506,2025-04-03 04:45:00,20918.0,20931.0,20857.0,20931.0,210
MTX,202506,2025-04-03 04:46:00,20924.0,20931.0,20924.0,20931.0,6
MTX,202506,2025-04-03 04:47:00,20931.0,20939.0,20931.0,20939.0,5
MTX,202506,2025-04-03 04:48:00,20894.0,20894.0,20850.0,20850.0,6
MTX,202506,2025-04-03 04:50:00,20899.0,20899.0,20899.0,20899.0,1
MTX,202506,2025-04-03 04:51:00,20899.0,20900.0,20899.0,20900.0,3
MTX,202506,2025-04-03 04:52:00,20910.0,20910.0,20895.0,20895.0,5
MTX,202506,2025-04-03 04:53:00,20878.0,20944.0,20878.0,20944.0,14
MTX,202506,2025-04-03 04:54:00,20870.0,20947.0,20870.0,20926.0,10
MTX,202506,2025-04-03 04:55:00,20929.0,20948.0,20866.0,20866.0,14
MTX,202506,2025-04-03 04:56:00,20944.0,20953.0,20944.0,20953.0,4
MTX,202506,2025-04-03 04:57:00,20950.0,20950.0,20879.0,20949.0,4
MTX,202506,2025-04-03 04:58:00,20940.0,20940.0,20940.0,20940.0,1
MTX,202506,2025-04-03 04:59:00,20871.0,20949.0,20871.0,20949.0,5
MTX,202509,2025-04-02 15:02:00,21062.0,21070.0,21062.0,21070.0,4
MTX,202509,2025-04-02 15:03:00,21061.0,21061.0,21061.0,21061.0,1
MTX,202509,2025-04-02 15:04:00,21056.0,21056.0,21056.0,21056.0,1
MTX,202509,2025-04-02 15:05:00,21055.0,21055.0,21055.0,21055.0,1
MTX,202509,2025-04-02 15:11:00,21047.0,21047.0,21047.0,21047.0,1
MTX,202509,2025-04-02 15:58:00,21055.0,21055.0,21055.0,21055.0,1
MTX,202509,2025-04-02 16:01:00,21021.0,21021.0,21021.0,21021.0,2
MTX,202509,2025-04-02 16:02:00,21018.0,21018.0,21018.0,21018.0,1
MTX,202509,2025-04-02 16:05:00,21018.0,21018.0,21018.0,21018.0,1
MTX,202509,2025-04-02 16:06:00,21021.0,21021.0,21021.0,21021.0,1
MTX,202509,2025-04-02 16:22:00,21057.0,21057.0,21057.0,21057.0,1
MTX,202509,2025-04-02 16:28:00,21066.0,21066.0,21066.0,21066.0,1
MTX,202509,2025-04-02 17:10:00,21068.0,21068.0,21068.0,21068.0,1
MTX,202509,2025-04-02 17:37:00,21060.0,21060.0,21060.0,21060.0,1
MTX,202509,2025-04-02 17:41:00,21060.0,21061.0,21060.0,21061.0,3
MTX,202509,2025-04-02 17:43:00,21065.0,21065.0,21065.0,21065.0,1
MTX,202509,2025-04-02 17:50:00,21054.0,21054.0,21054.0,21054.0,3
MTX,202509,2025-04-02 18:04:00,21012.0,21012.0,21012.0,21012.0,1
MTX,202509,2025-04-02 18:11:00,21024.0,21024.0,21024.0,21024.0,1
MTX,202509,2025-04-02 18:42:00,21000.0,21000.0,21000.0,21000.0,1
MTX,202509,2025-04-02 18:43:00,21000.0,21000.0,21000.0,21000.0,1
MTX,202509,2025-04-02 19:29:00,21013.0,21013.0,21013.0,21013.0,1
MTX,202509,2025-04-02 19:36:00,21008.0,21008.0,21008.0,21008.0,1
MTX,202509,2025-04-02 19:49:00,21015.0,21015.0,21015.0,21015.0,1
MTX,202509,2025-04-02 20:16:00,20974.0,20974.0,20974.0,20974.0,1
MTX,202509,2025-04-02 20:30:00,20946.0,20946.0,20946.0,20946.0,1
MTX,202509,2025-04-02 21:11:00,20971.0,20971.0,20971.0,20971.0,1
MTX,202509,2025-04-02 21:25:00,20950.0,20950.0,20950.0,20950.0,2
MTX,202509,2025-04-02 21:28:00,20946.0,20946.0,20946.0,20946.0,2
MTX,202509,2025-04-02 21:31:00,20925.0,20925.0,20925.0,20925.0,1
MTX,202509,2025-04-02 21:34:00,20979.0,20989.0,20979.0,20989.0,2
MTX,202509,2025-04-02 21:35:00,20993.0,20993.0,20993.0,20993.0,1
MTX,202509,2025-04-02 21:36:00,21022.0,21022.0,21022.0,21022.0,1
MTX,202509,2025-04-02 21:37:00,21031.0,21033.0,21031.0,21033.0,2
MTX,202509,2025-04-02 21:38:00,21034.0,21034.0,21026.0,21026.0,3
MTX,202509,2025-04-02 21:40:00,21018.0,21018.0,21018.0,21018.0,1
MTX,202509,2025-04-02 21:45:00,21043.0,21082.0,21043.0,21082.0,5
MTX,202509,2025-04-02 21:48:00,21062.0,21062.0,21062.0,21062.0,1
MTX,202509,2025-04-02 21:49:00,21079.0,21082.0,21079.0,21082.0,2
MTX,202509,2025-04-02 21:50:00,21085.0,21085.0,21085.0,21085.0,1
MTX,202509,2025-04-02 21:52:00,21095.0,21095.0,21095.0,21095.0,3
MTX,202509,2025-04-02 22:00:00,21054.0,21054.0,21054.0,21054.0,1
MTX,202509,2025-04-02 22:02:00,21095.0,21100.0,21095.0,21100.0,22
MTX,202509,2025-04-02 22:03:00,21113.0,21125.0,21113.0,21125.0,5
MTX,202509,2025-04-02 22:04:00,21135.0,21145.0,21135.0,21137.0,5
MTX,202509,2025-04-02 22:35:00,21119.0,21119.0,21119.0,21119.0,1
MTX,202509,2025-04-02 22:51:00,21137.0,21137.0,21137.0,21137.0,1
MTX,202509,2025-04-02 22:57:00,21143.0,21148.0,21143.0,21148.0,2
MTX,202509,2025-04-02 22:58:00,21155.0,21159.0,21155.0,21155.0,3
MTX,202509,2025-04-02 23:00:00,21165.0,21165.0,21165.0,21165.0,1
MTX,202509,2025-04-02 23:01:00,21139.0,21139.0,21139.0,21139.0,1
MTX,202509,2025-04-02 23:16:00,21132.0,21132.0,21132.0,21132.0,1
MTX,202509,2025-04-02 23:20:00,21169.0,21170.0,21169.0,21170.0,2
MTX,202509,2025-04-02 23:21:00,21175.0,21175.0,21175.0,21175.0,2
MTX,202509,2025-04-02 23:23:00,21178.0,21182.0,21178.0,21182.0,2
MTX,202509,2025-04-02 23:24:00,21185.0,21187.0,21185.0,21187.0,3
MTX,202509,2025-04-02 23:25:00,21187.0,21204.0,21187.0,21204.0,7
MTX,202509,2025-04-02 23:27:00,21204.0,21209.0,21204.0,21209.0,4
MTX,202509,2025-04-02 23:28:00,21200.0,21200.0,21200.0,21200.0,1
MTX,202509,2025-04-02 23:29:00,21194.0,21194.0,21194.0,21194.0,2
MTX,202509,2025-04-02 23:30:00,21198.0,21198.0,21198.0,21198.0,2
MTX,202509,2025-04-02 23:32:00,21199.0,21200.0,21199.0,21200.0,3
MTX,202509,2025-04-02 23:40:00,21208.0,21208.0,21208.0,21208.0,1
MTX,202509,2025-04-02 23:48:00,21175.0,21175.0,21175.0,21175.0,1
MTX,202509,2025-04-02 23:51:00,21170.0,21170.0,21170.0,21170.0,2
MTX,202509,2025-04-02 23:52:00,21172.0,21172.0,21172.0,21172.0,2
MTX,202509,2025-04-02 23:53:00,21180.0,21180.0,21180.0,21180.0,1
MTX,202509,2025-04-02 23:59:00,21195.0,21195.0,21195.0,21195.0,1
MTX,202509,2025-04-03 00:11:00,21208.0,21208.0,21208.0,21208.0,1
MTX,202509,2025-04-03 00:12:00,21212.0,21228.0,21212.0,21228.0,9
MTX,202509,2025-04-03 00:15:00,21230.0,21230.0,21230.0,21230.0,1
MTX,202509,2025-04-03 00:18:00,21234.0,21234.0,21234.0,21234.0,1
MTX,202509,2025-04-03 00:24:00,21244.0,21245.0,21244.0,21245.0,2
MTX,202509,2025-04-03 00:29:00,21251.0,21257.0,21251.0,21257.0,2
MTX,202509,2025-04-03 00:34:00,21256.0,21256.0,21256.0,21256.0,1
MTX,202509,2025-04-03 00:49:00,21260.0,21263.0,21260.0,21263.0,3
MTX,202509,2025-04-03 01:00:00,21268.0,21270.0,21268.0,21270.0,2
MTX,202509,2025-04-03 01:04:00,21273.0,21284.0,21273.0,21284.0,5
MTX,202509,2025-04-03 01:10:00,21287.0,21287.0,21287.0,21287.0,2
MTX,202509,2025-04-03 01:12:00,21299.0,21299.0,21299.0,21299.0,2
MTX,202509,2025-04-03 01:17:00,21285.0,21285.0,21285.0,21285.0,1
MTX,202509,2025-04-03 01:52:00,21151.0,21151.0,21151.0,21151.0,1
MTX,202509,2025-04-03 01:56:00,21169.0,21169.0,21169.0,21169.0,1
MTX,202509,2025-04-03 01:58:00,21164.0,21164.0,21158.0,21158.0,2
MTX,202509,2025-04-03 02:01:00,21152.0,21152.0,21151.0,21151.0,2
MTX,202509,2025-04-03 02:05:00,21122.0,21122.0,21118.0,21118.0,5
MTX,202509,2025-04-03 02:06:00,21100.0,21100.0,21100.0,21100.0,1
MTX,202509,2025-04-03 02:24:00,21090.0,21090.0,21090.0,21090.0,1
MTX,202509,2025-04-03 03:24:00,21130.0,21130.0,21130.0,21130.0,1
MTX,202509,2025-04-03 04:11:00,21130.0,21130.0,21130.0,21130.0,1
MTX,202509,2025-04-03 04:14:00,21311.0,21311.0,21302.0,21302.0,2
MTX,202509,2025-04-03 04:15:00,21302.0,21302.0,21302.0,21302.0,2
MTX,202509,2025-04-03 04:16:00,21306.0,21345.0,21306.0,21345.0,3
MTX,202509,2025-04-03 04:17:00,21368.0,21379.0,21364.0,21379.0,5
MTX,202509,2025-04-03 04:25:00,21305.0,21305.0,21305.0,21305.0,1
MTX,202509,2025-04-03 04:27:00,21130.0,21130.0,21130.0,21130.0,1
MTX,202509,2025-04-03 04:28:00,21090.0,21090.0,21010.0,21010.0,8
MTX,202509,2025-04-03 04:29:00,20987.0,21006.0,20965.0,21006.0,4
MTX,202509,2025-04-03 04:30:00,20932.0,20932.0,20750.0,20750.0,16
MTX,202509,2025-04-03 04:32:00,20873.0,20873.0,20873.0,20873.0,2
MTX,202509,2025-04-03 04:33:00,20901.0,20901.0,20873.0,20873.0,2
MTX,202509,2025-04-03 04:42:00,20738.0,20738.0,20738.0,20738.0,1
MTX,202509,2025-04-03 04:43:00,20710.0,20710.0,20700.0,20700.0,3
MTX,202509,2025-04-03 04:44:00,20658.0,20672.0,20644.0,20644.0,3
MTX,202509,2025-04-03 04:45:00,20630.0,20630.0,20589.0,20606.0,46
MTX,202509,2025-04-03 04:46:00,20633.0,20637.0,20633.0,20637.0,6
MTX,202509,2025-04-03 04:47:00,20640.0,20648.0,20625.0,20648.0,4
MTX,202509,2025-04-03 04:48:00,20603.0,20603.0,20603.0,20603.0,1
MTX,202509,2025-04-03 04:51:00,20620.0,20620.0,20580.0,20580.0,4
MTX,202509,2025-04-03 04:53:00,20587.0,20645.0,20587.0,20644.0,3
MTX,202509,2025-04-03 04:54:00,20639.0,20639.0,20629.0,20635.0,5
MTX,202509,2025-04-03 04:55:00,20638.0,20638.0,20638.0,20638.0,1
MTX,202509,2025-04-03 04:56:00,20637.0,20637.0,20637.0,20637.0,1
MTX,202512,2025-04-02 15:01:00,21047.0,21047.0,21047.0,21047.0,1
MTX,202512,2025-04-02 15:09:00,21047.0,21047.0,21047.0,21047.0,1
MTX,202512,2025-04-02 15:12:00,21040.0,21040.0,21040.0,21040.0,1
MTX,202512,2025-04-02 15:15:00,21034.0,21034.0,21034.0,21034.0,1
MTX,202512,2025-04-02 15:17:00,21031.0,21031.0,21023.0,21024.0,4
MTX,202512,2025-04-02 15:30:00,21047.0,21047.0,21047.0,21047.0,1
MTX,202512,2025-04-02 15:37:00,21047.0,21047.0,21047.0,21047.0,5
MTX,202512,2025-04-02 15:41:00,21047.0,21047.0,21047.0,21047.0,1
MTX,202512,2025-04-02 15:43:00,21032.0,21032.0,21032.0,21032.0,1
MTX,202512,2025-04-02 15:46:00,21042.0,21042.0,21042.0,21042.0,3
MTX,202512,2025-04-02 15:58:00,21060.0,21060.0,21060.0,21060.0,1
MTX,202512,2025-04-02 16:10:00,21044.0,21044.0,21044.0,21044.0,1
MTX,202512,2025-04-02 16:22:00,21068.0,21068.0,21068.0,21068.0,1
MTX,202512,2025-04-02 16:31:00,21062.0,21062.0,21062.0,21062.0,2
MTX,202512,2025-04-02 17:09:00,21072.0,21072.0,21072.0,21072.0,1
MTX,202512,2025-04-02 18:02:00,21035.0,21035.0,21035.0,21035.0,1
MTX,202512,2025-04-02 18:06:00,21026.0,21026.0,21026.0,21026.0,1
MTX,202512,2025-04-02 18:28:00,21026.0,21026.0,21026.0,21026.0,1
MTX,202512,2025-04-02 18:32:00,21020.0,21020.0,21020.0,21020.0,1
MTX,202512,2025-04-02 18:52:00,21022.0,21022.0,21022.0,21022.0,1
MTX,202512,2025-04-02 19:43:00,21014.0,21014.0,21013.0,21013.0,2
MTX,202512,2025-04-02 20:07:00,20976.0,20976.0,20976.0,20976.0,1
MTX,202512,2025-04-02 20:08:00,20973.0,20973.0,20973.0,20973.0,2
MTX,202512,2025-04-02 20:11:00,20975.0,20975.0,20975.0,20975.0,1
MTX,202512,2025-04-02 20:15:00,20995.0,20995.0,20995.0,20995.0,1
MTX,202512,2025-04-02 20:23:00,20958.0,20958.0,20958.0,20958.0,1
MTX,202512,2025-04-02 20:24:00,20957.0,20958.0,20957.0,20958.0,2
MTX,202512,2025-04-02 20:32:00,20951.0,20951.0,20951.0,20951.0,1
MTX,202512,2025-04-02 20:35:00,20951.0,20951.0,20951.0,20951.0,1
MTX,202512,2025-04-02 21:00:00,20976.0,20976.0,20976.0,20976.0,1
MTX,202512,2025-04-02 21:23:00,20965.0,20965.0,20965.0,20965.0,1
MTX,202512,2025-04-02 21:29:00,20951.0,20951.0,20951.0,20951.0,6
MTX,202512,2025-04-02 21:32:00,20958.0,20958.0,20951.0,20951.0,3
MTX,202512,2025-04-02 21:35:00,21000.0,21000.0,21000.0,21000.0,1
MTX,202512,2025-04-02 21:41:00,21036.0,21036.0,21036.0,21036.0,1
MTX,202512,2025-04-02 21:44:00,21026.0,21026.0,21026.0,21026.0,1
MTX,202512,2025-04-02 21:45:00,21042.0,21083.0,21042.0,21083.0,4
MTX,202512,2025-04-02 21:48:00,21072.0,21072.0,21072.0,21072.0,1
MTX,202512,2025-04-02 21:53:00,21094.0,21094.0,21094.0,21094.0,1
MTX,202512,2025-04-02 22:01:00,21093.0,21093.0,21093.0,21093.0,1
MTX,202512,2025-04-02 22:03:00,21130.0,21130.0,21130.0,21130.0,1
MTX,202512,2025-04-02 22:04:00,21145.0,21145.0,21138.0,21138.0,2
MTX,202512,2025-04-02 22:06:00,21132.0,21132.0,21132.0,21132.0,1
MTX,202512,2025-04-02 22:15:00,21083.0,21083.0,21083.0,21083.0,1
MTX,202512,2025-04-02 22:32:00,21138.0,21138.0,21138.0,21138.0,1
MTX,202512,2025-04-02 22:41:00,21130.0,21130.0,21130.0,21130.0,1
MTX,202512,2025-04-02 22:51:00,21145.0,21145.0,21145.0,21145.0,1
MTX,202512,2025-04-02 22:57:00,21153.0,21153.0,21153.0,21153.0,1
MTX,202512,2025-04-02 22:58:00,21160.0,21168.0,21160.0,21168.0,5
MTX,202512,2025-04-02 23:00:00,21175.0,21175.0,21175.0,21175.0,1
MTX,202512,2025-04-02 23:20:00,21167.0,21167.0,21167.0,21167.0,1
MTX,202512,2025-04-02 23:21:00,21185.0,21185.0,21185.0,21185.0,1
MTX,202512,2025-04-02 23:24:00,21195.0,21195.0,21195.0,21195.0,1
MTX,202512,2025-04-02 23:26:00,21207.0,21207.0,21207.0,21207.0,1
MTX,202512,2025-04-02 23:32:00,21207.0,21207.0,21207.0,21207.0,2
MTX,202512,2025-04-02 23:41:00,21211.0,21211.0,21211.0,21211.0,1
MTX,202512,2025-04-02 23:44:00,21200.0,21200.0,21200.0,21200.0,1
MTX,202512,2025-04-02 23:45:00,21198.0,21198.0,21196.0,21196.0,5
MTX,202512,2025-04-02 23:56:00,21196.0,21196.0,21196.0,21196.0,1
MTX,202512,2025-04-02 23:58:00,21196.0,21196.0,21196.0,21196.0,1
MTX,202512,2025-04-03 00:03:00,21196.0,21196.0,21196.0,21196.0,1
MTX,202512,2025-04-03 00:12:00,21218.0,21228.0,21218.0,21228.0,3
MTX,202512,2025-04-03 00:16:00,21238.0,21238.0,21238.0,21238.0,1
MTX,202512,2025-04-03 00:19:00,21238.0,21243.0,21238.0,21243.0,3
MTX,202512,2025-04-03 00:24:00,21250.0,21250.0,21250.0,21250.0,1
MTX,202512,2025-04-03 00:25:00,21250.0,21250.0,21250.0,21250.0,1
MTX,202512,2025-04-03 00:26:00,21244.0,21244.0,21244.0,21244.0,1
MTX,202512,2025-04-03 00:29:00,21260.0,21260.0,21260.0,21260.0,1
MTX,202512,2025-04-03 00:31:00,21267.0,21267.0,21267.0,21267.0,1
MTX,202512,2025-04-03 00:41:00,21245.0,21245.0,21245.0,21245.0,1
MTX,202512,2025-04-03 00:49:00,21260.0,21271.0,21260.0,21271.0,3
MTX,202512,2025-04-03 00:50:00,21275.0,21275.0,21275.0,21275.0,2
MTX,202512,2025-04-03 00:52:00,21262.0,21262.0,21260.0,21260.0,2
MTX,202512,2025-04-03 01:03:00,21279.0,21279.0,21279.0,21279.0,1
MTX,202512,2025-04-03 01:04:00,21285.0,21285.0,21285.0,21285.0,1
MTX,202512,2025-04-03 01:11:00,21300.0,21300.0,21300.0,21300.0,1
MTX,202512,2025-04-03 01:12:00,21306.0,21306.0,21306.0,21306.0,1
MTX,202512,2025-04-03 01:13:00,21303.0,21303.0,21303.0,21303.0,1
MTX,202512,2025-04-03 01:19:00,21299.0,21299.0,21299.0,21299.0,1
MTX,202512,2025-04-03 01:21:00,21290.0,21290.0,21290.0,21290.0,1
MTX,202512,2025-04-03 02:05:00,21145.0,21145.0,21145.0,21145.0,2
MTX,202512,2025-04-03 02:06:00,21110.0,21110.0,21110.0,21110.0,1
MTX,202512,2025-04-03 02:07:00,21111.0,21111.0,21111.0,21111.0,1
MTX,202512,2025-04-03 02:10:00,21111.0,21111.0,21111.0,21111.0,2
MTX,202512,2025-04-03 03:01:00,21120.0,21120.0,21120.0,21120.0,1
MTX,202512,2025-04-03 03:20:00,21105.0,21105.0,21105.0,21105.0,1
MTX,202512,2025-04-03 03:32:00,21148.0,21148.0,21148.0,21148.0,1
MTX,202512,2025-04-03 04:13:00,21276.0,21276.0,21276.0,21276.0,1
MTX,202512,2025-04-03 04:14:00,21298.0,21319.0,21298.0,21319.0,5
MTX,202512,2025-04-03 04:16:00,21330.0,21350.0,21330.0,21350.0,4
MTX,202512,2025-04-03 04:17:00,21378.0,21385.0,21378.0,21385.0,2
MTX,202512,2025-04-03 04:25:00,21311.0,21311.0,21311.0,21311.0,1
MTX,202512,2025-04-03 04:29:00,20981.0,20981.0,20965.0,20965.0,6
MTX,202512,2025-04-03 04:30:00,20930.0,20930.0,20800.0,20804.0,8
MTX,202512,2025-04-03 04:36:00,20802.0,20802.0,20802.0,20802.0,1
MTX,202512,2025-04-03 04:41:00,20752.0,20752.0,20752.0,20752.0,1
MTX,202512,2025-04-03 04:43:00,20717.0,20717.0,20700.0,20700.0,3
MTX,202512,2025-04-03 04:45:00,20650.0,20650.0,20650.0,20650.0,1
MTX,202512,2025-04-03 04:48:00,20612.0,20612.0,20545.0,20545.0,2
MTX,202512,2025-04-03 04:51:00,20574.0,20574.0,20574.0,20574.0,1
MTX,202512,2025-04-03 04:54:00,20575.0,20575.0,20575.0,20575.0,1
MTX,202512,2025-04-03 04:55:00,20578.0,20578.0,20578.0,20578.0,3
MTX,202512,2025-04-03 04:59:00,20578.0,20578.0,20578.0,20578.0,1
MTX,202603,2025-04-02 15:01:00,21077.0,21077.0,21077.0,21077.0,1
MTX,202603,2025-04-02 15:09:00,21067.0,21067.0,21067.0,21067.0,1
MTX,202603,2025-04-02 15:15:00,21072.0,21072.0,21072.0,21072.0,1
MTX,202603,2025-04-02 15:17:00,21071.0,21074.0,21071.0,21074.0,4
MTX,202603,2025-04-02 15:43:00,21044.0,21044.0,21044.0,21044.0,1
MTX,202603,2025-04-02 15:46:00,21054.0,21054.0,21053.0,21053.0,4
MTX,202603,2025-04-02 15:49:00,21069.0,21069.0,21069.0,21069.0,1
MTX,202603,2025-04-02 15:52:00,21068.0,21068.0,21068.0,21068.0,1
MTX,202603,2025-04-02 21:31:00,20950.0,20950.0,20950.0,20950.0,1
MTX,202603,2025-04-02 21:37:00,21050.0,21050.0,21050.0,21050.0,1
MTX,202603,2025-04-02 21:49:00,21103.0,21103.0,21103.0,21103.0,1
MTX,202603,2025-04-02 21:51:00,21102.0,21102.0,21102.0,21102.0,1
MTX,202603,2025-04-02 22:03:00,21148.0,21149.0,21148.0,21149.0,2
MTX,202603,2025-04-02 22:04:00,21150.0,21150.0,21150.0,21150.0,1
MTX,202603,2025-04-02 22:32:00,21150.0,21150.0,21150.0,21150.0,1
MTX,202603,2025-04-02 22:58:00,21178.0,21178.0,21178.0,21178.0,1
MTX,202603,2025-04-02 23:23:00,21200.0,21200.0,21200.0,21200.0,1
MTX,202603,2025-04-02 23:24:00,21208.0,21208.0,21208.0,21208.0,1
MTX,202603,2025-04-02 23:39:00,21221.0,21221.0,21221.0,21221.0,1
MTX,202603,2025-04-02 23:40:00,21220.0,21220.0,21220.0,21220.0,1
MTX,202603,2025-04-02 23:58:00,21208.0,21208.0,21207.0,21207.0,2
MTX,202603,2025-04-03 00:12:00,21238.0,21238.0,21238.0,21238.0,1
MTX,202603,2025-04-03 00:29:00,21268.0,21268.0,21268.0,21268.0,1
MTX,202603,2025-04-03 01:10:00,21300.0,21300.0,21300.0,21300.0,1
MTX,202603,2025-04-03 01:30:00,21286.0,21286.0,21286.0,21286.0,1
MTX,202603,2025-04-03 02:05:00,21161.0,21161.0,21160.0,21160.0,2
MTX,202603,2025-04-03 04:13:00,21288.0,21288.0,21288.0,21288.0,1
MTX,202603,2025-04-03 04:14:00,21310.0,21330.0,21310.0,21330.0,3
MTX,202603,2025-04-03 04:16:00,21337.0,21367.0,21337.0,21367.0,7
MTX,202603,2025-04-03 04:17:00,21390.0,21390.0,21390.0,21390.0,1
MTX,202603,2025-04-03 04:28:00,21050.0,21050.0,21050.0,21050.0,1
MTX,202603,2025-04-03 04:29:00,21000.0,21000.0,21000.0,21000.0,2
MTX,202603,2025-04-03 04:30:00,20930.0,20930.0,20930.0,20930.0,1
MTX,202603,2025-04-03 04:34:00,20888.0,20888.0,20888.0,20888.0,1
MTX,202603,2025-04-03 04:45:00,20600.0,20600.0,20600.0,20600.0,1
MTX,202603,2025-04-03 04:48:00,20600.0,20600.0,20600.0,20600.0,1
MTX,202603,2025-04-03 04:59:00,20600.0,20600.0,20600.0,20600.0,1
NYF,202504,2025-04-02 17:57:00,176.7,176.7,176.65,176.65,5
NYF,202504,2025-04-02 18:02:00,176.6,176.6,176.6,176.6,1
NYF,202504,2025-04-02 18:03:00,176.45,176.45,176.45,176.45,1
NYF,202504,2025-04-02 18:07:00,176.5,176.5,176.5,176.5,1
NYF,202504,2025-04-02 18:12:00,176.45,176.45,176.45,176.45,1
NYF,202504,2025-04-02 18:17:00,176.45,176.45,176.45,176.45,6
NYF,202504,2025-04-02 18:28:00,176.45,176.45,176.45,176.45,2
NYF,202504,2025-04-02 18:31:00,176.5,176.5,176.4,176.5,26
NYF,202504,2025-04-02 18:32:00,176.5,176.5,176.4,176.4,12
NYF,202504,2025-04-02 18:34:00,176.25,176.25,176.25,176.25,1
NYF,202504,2025-04-02 18:38:00,176.25,176.25,176.25,176.25,1
NYF,202504,2025-04-02 18:44:00,176.15,176.15,176.15,176.15,4
NYF,202504,2025-04-02 18:45:00,176.15,176.15,176.15,176.15,1
NYF,202504,2025-04-02 18:46:00,176.2,176.2,176.2,176.2,2
NYF,202504,2025-04-02 18:47:00,176.25,176.3,176.25,176.3,7
NYF,202504,2025-04-02 18:48:00,176.25,176.25,176.25,176.25,11
NYF,202504,2025-04-02 19:20:00,176.3,176.3,176.3,176.3,1
NYF,202504,2025-04-02 19:27:00,176.35,176.35,176.35,176.35,1
NYF,202504,2025-04-02 20:08:00,175.85,175.85,175.85,175.85,2
NYF,202504,2025-04-02 20:09:00,175.8,175.8,175.8,175.8,1
NYF,202504,2025-04-02 20:25:00,175.85,175.85,175.85,175.85,1
NYF,202504,2025-04-02 20:30:00,175.75,175.75,175.75,175.75,1
NYF,202504,2025-04-02 20:49:00,176.0,176.0,176.0,176.0,1
NYF,202504,2025-04-02 21:08:00,176.0,176.0,176.0,176.0,1
NYF,202504,2025-04-02 21:09:00,176.0,176.0,176.0,176.0,1
NYF,202504,2025-04-02 21:14:00,175.9,175.9,175.9,175.9,1
NYF,202504,2025-04-02 21:25:00,175.8,175.8,175.8,175.8,1
NYF,202504,2025-04-02 21:33:00,175.75,175.75,175.75,175.75,1
NYF,202504,2025-04-02 21:36:00,176.55,176.65,176.55,176.55,6
NYF,202504,2025-04-02 21:37:00,176.65,176.65,176.65,176.65,1
NYF,202504,2025-04-02 21:38:00,176.7,176.7,176.65,176.65,4
NYF,202504,2025-04-02 21:39:00,176.6,176.6,176.6,176.6,1
NYF,202504,2025-04-02 21:40:00,176.55,176.55,176.55,176.55,2
NYF,202504,2025-04-02 21:44:00,176.6,176.6,176.6,176.6,1
NYF,202504,2025-04-02 21:45:00,176.65,176.8,176.65,176.8,2
NYF,202504,2025-04-02 21:47:00,177.0,177.0,177.0,177.0,1
NYF,202504,2025-04-02 21:54:00,177.1,177.1,177.1,177.1,3
NYF,202504,2025-04-02 21:55:00,177.0,177.0,177.0,177.0,1
NYF,202504,2025-04-02 21:58:00,176.9,176.9,176.9,176.9,1
NYF,202504,2025-04-02 22:02:00,177.1,177.2,177.1,177.2,3
NYF,202504,2025-04-02 22:04:00,177.5,177.6,177.5,177.6,2
NYF,202504,2025-04-02 22:06:00,177.35,177.35,177.3,177.3,2
NYF,202504,2025-04-02 22:09:00,177.15,177.15,177.05,177.05,2
NYF,202504,2025-04-02 22:10:00,177.05,177.05,177.05,177.05,1
NYF,202504,2025-04-02 22:22:00,177.2,177.2,177.2,177.2,1
NYF,202504,2025-04-02 22:23:00,177.1,177.3,177.1,177.3,3
NYF,202504,2025-04-02 22:27:00,177.1,177.1,177.1,177.1,1
NYF,202504,2025-04-02 22:34:00,177.45,177.45,177.45,177.45,1
NYF,202504,2025-04-02 22:35:00,177.35,177.35,177.3,177.3,2
NYF,202504,2025-04-02 22:39:00,177.25,177.25,177.25,177.25,1
NYF,202504,2025-04-02 22:56:00,177.45,177.45,177.45,177.45,1
NYF,202504,2025-04-02 22:57:00,177.5,177.5,177.5,177.5,3
NYF,202504,2025-04-02 23:07:00,177.6,177.6,177.6,177.6,1
NYF,202504,2025-04-02 23:13:00,177.35,177.35,177.35,177.35,1
NYF,202504,2025-04-02 23:15:00,177.4,177.4,177.4,177.4,1
NYF,202504,2025-04-02 23:18:00,177.45,177.45,177.45,177.45,1
NYF,202504,2025-04-02 23:23:00,177.9,177.9,177.9,177.9,1
NYF,202504,2025-04-02 23:25:00,178.0,178.05,178.0,178.05,7
NYF,202504,2025-04-02 23:26:00,178.05,178.1,178.05,178.1,2
NYF,202504,2025-04-02 23:30:00,178.05,178.05,178.05,178.05,1
NYF,202504,2025-04-02 23:31:00,178.05,178.05,178.05,178.05,1
NYF,202504,2025-04-02 23:34:00,178.1,178.1,178.1,178.1,1
NYF,202504,2025-04-02 23:35:00,178.0,178.0,178.0,178.0,1
NYF,202504,2025-04-02 23:39:00,178.05,178.05,178.05,178.05,1
NYF,202504,2025-04-02 23:41:00,178.0,178.0,178.0,178.0,1
NYF,202504,2025-04-02 23:45:00,177.95,177.95,177.95,177.95,1
NYF,202504,2025-04-02 23:47:00,177.9,177.9,177.9,177.9,1
NYF,202504,2025-04-02 23:55:00,177.9,177.9,177.9,177.9,1
NYF,202504,2025-04-03 00:03:00,177.95,177.95,177.95,177.95,1
NYF,202504,2025-04-03 00:12:00,178.25,178.25,178.25,178.25,1
NYF,202504,2025-04-03 00:18:00,178.4,178.4,178.4,178.4,1
NYF,202504,2025-04-03 00:20:00,178.4,178.4,178.4,178.4,1
NYF,202504,2025-04-03 00:25:00,178.5,178.5,178.5,178.5,2
NYF,202504,2025-04-03 00:29:00,178.75,178.75,178.75,178.75,1
NYF,202504,2025-04-03 00:37:00,178.55,178.55,178.45,178.45,2
NYF,202504,2025-04-03 00:49:00,178.7,178.7,178.7,178.7,1
NYF,202504,2025-04-03 01:01:00,178.7,178.7,178.7,178.7,5
NYF,202504,2025-04-03 01:02:00,178.7,178.7,178.7,178.7,2
NYF,202504,2025-04-03 01:03:00,178.8,178.8,178.8,178.8,1
NYF,202504,2025-04-03 01:11:00,178.95,178.95,178.95,178.95,3
NYF,202504,2025-04-03 01:12:00,179.0,179.0,179.0,179.0,3
NYF,202504,2025-04-03 01:13:00,179.0,179.0,179.0,179.0,1
NYF,202504,2025-04-03 01:15:00,178.9,178.9,178.9,178.9,1
NYF,202504,2025-04-03 01:24:00,178.85,178.85,178.85,178.85,1
NYF,202504,2025-04-03 01:38:00,178.3,178.3,178.3,178.3,1
NYF,202504,2025-04-03 01:40:00,178.35,178.35,178.35,178.35,1
NYF,202504,2025-04-03 01:43:00,178.0,178.0,178.0,178.0,1
NYF,202504,2025-04-03 01:52:00,177.8,177.8,177.8,177.8,1
NYF,202504,2025-04-03 02:05:00,177.5,177.5,177.5,177.5,3
NYF,202504,2025-04-03 02:06:00,177.3,177.3,177.3,177.3,1
NYF,202504,2025-04-03 02:07:00,177.4,177.4,177.4,177.4,1
NYF,202504,2025-04-03 02:11:00,177.35,177.35,177.35,177.35,1
NYF,202504,2025-04-03 02:24:00,177.3,177.3,177.15,177.15,5
NYF,202504,2025-04-03 02:28:00,177.2,177.2,177.15,177.15,2
NYF,202504,2025-04-03 02:30:00,177.0,177.0,177.0,177.0,2
NYF,202504,2025-04-03 02:43:00,177.6,177.6,177.6,177.6,1
NYF,202504,2025-04-03 02:51:00,177.5,177.5,177.5,177.5,1
NYF,202504,2025-04-03 03:10:00,177.4,177.4,177.4,177.4,1
NYF,202504,2025-04-03 03:15:00,177.35,177.35,177.35,177.35,3
NYF,202504,2025-04-03 03:42:00,178.2,178.2,178.2,178.2,1
NYF,202504,2025-04-03 03:43:00,178.3,178.3,178.3,178.3,1
NYF,202504,2025-04-03 03:54:00,178.55,178.55,178.55,178.55,1
NYF,202504,2025-04-03 03:55:00,178.6,178.6,178.6,178.6,1
NYF,202504,2025-04-03 03:56:00,178.65,178.65,178.55,178.55,2
NYF,202504,2025-04-03 03:58:00,178.65,178.65,178.65,178.65,1
NYF,202504,2025-04-03 04:08:00,178.25,178.25,178.25,178.25,1
NYF,202504,2025-04-03 04:13:00,178.55,179.0,178.55,179.0,4
NYF,202504,2025-04-03 04:14:00,179.0,179.05,179.0,179.05,3
NYF,202504,2025-04-03 04:16:00,179.1,179.1,179.1,179.1,1
NYF,202504,2025-04-03 04:17:00,179.45,179.6,179.45,179.6,3
NYF,202504,2025-04-03 04:18:00,179.4,179.4,179.4,179.4,2
NYF,202504,2025-04-03 04:23:00,179.2,179.2,179.2,179.2,1
NYF,202504,2025-04-03 04:27:00,178.4,178.4,178.4,178.4,1
NYF,202504,2025-04-03 04:28:00,177.2,177.2,177.0,177.0,2
NYF,202504,2025-04-03 04:29:00,176.55,176.55,176.35,176.35,4
NYF,202504,2025-04-03 04:30:00,176.3,176.3,175.6,175.6,6
NYF,202504,2025-04-03 04:37:00,175.8,175.8,175.4,175.4,2
NYF,202504,2025-04-03 04:38:00,175.05,175.05,175.05,175.05,3
NYF,202504,2025-04-03 04:39:00,175.5,175.5,175.5,175.5,1
NYF,202504,2025-04-03 04:42:00,175.5,175.5,175.5,175.5,1
NYF,202504,2025-04-03 04:43:00,175.0,175.0,175.0,175.0,1
NYF,202504,2025-04-03 04:44:00,174.75,174.75,174.55,174.55,4
NYF,202504,2025-04-03 04:45:00,174.5,174.5,174.25,174.25,4
NYF,202504,2025-04-03 04:46:00,174.55,174.55,174.55,174.55,1
NYF,202504,2025-04-03 04:48:00,174.35,174.35,172.35,172.35,3
NYF,202504,2025-04-03 04:49:00,172.35,172.35,172.3,172.3,3
NYF,202504,2025-04-03 04:50:00,172.3,172.3,172.3,172.3,1
NYF,202504,2025-04-03 04:51:00,174.3,174.3,174.3,174.3,1
NYF,202504,2025-04-03 04:52:00,174.25,174.25,174.25,174.25,1
NYF,202504,2025-04-03 04:53:00,173.9,173.9,173.9,173.9,1
NYF,202504,2025-04-03 04:54:00,172.55,172.55,172.55,172.55,1
NYF,202505,2025-04-02 21:08:00,176.15,176.15,176.15,176.15,1
NYF,202505,2025-04-02 21:36:00,176.8,176.8,176.8,176.8,1
NYF,202505,2025-04-02 21:37:00,176.8,176.8,176.8,176.8,1
NYF,202505,2025-04-03 00:37:00,178.8,178.8,178.8,178.8,1
NYF,202505,2025-04-03 04:29:00,176.8,176.8,176.8,176.8,1
NYF,202505,2025-04-03 04:44:00,175.0,175.0,175.0,175.0,1
NYF,202505,2025-04-03 04:46:00,174.8,174.8,174.8,174.8,1
QFF,202504,2025-04-02 17:25:00,944.0,944.0,944.0,944.0,6
QFF,202504,2025-04-02 17:27:00,944.0,944.0,944.0,944.0,2
QFF,202504,2025-04-02 17:28:00,943.0,943.0,943.0,943.0,1
QFF,202504,2025-04-02 17:32:00,943.0,943.0,943.0,943.0,1
QFF,202504,2025-04-02 17:33:00,944.0,944.0,944.0,944.0,2
QFF,202504,2025-04-02 17:34:00,944.0,944.0,944.0,944.0,2
QFF,202504,2025-04-02 17:35:00,944.0,944.0,944.0,944.0,2
QFF,202504,2025-04-02 17:36:00,944.0,944.0,944.0,944.0,11
QFF,202504,2025-04-02 17:37:00,944.0,945.0,944.0,945.0,37
QFF,202504,2025-04-02 17:38:00,945.0,945.0,945.0,945.0,6
QFF,202504,2025-04-02 17:39:00,944.0,944.0,944.0,944.0,1
QFF,202504,2025-04-02 17:40:00,944.0,945.0,944.0,945.0,5
QFF,202504,2025-04-02 17:41:00,944.0,944.0,944.0,944.0,10
QFF,202504,2025-04-02 17:42:00,944.0,944.0,944.0,944.0,2
QFF,202504,2025-04-02 17:46:00,944.0,944.0,944.0,944.0,2
QFF,202504,2025-04-02 17:47:00,944.0,944.0,944.0,944.0,2
QFF,202504,2025-04-02 17:49:00,944.0,944.0,944.0,944.0,2
QFF,202504,2025-04-02 17:50:00,944.0,944.0,944.0,944.0,1
QFF,202504,2025-04-02 17:51:00,944.0,944.0,944.0,944.0,2
QFF,202504,2025-04-02 17:52:00,944.0,944.0,944.0,944.0,3
QFF,202504,2025-04-02 17:56:00,944.0,944.0,944.0,944.0,2
QFF,202504,2025-04-02 17:57:00,944.0,944.0,944.0,944.0,1
QFF,202504,2025-04-02 17:59:00,943.0,944.0,943.0,944.0,5
QFF,202504,2025-04-02 18:02:00,943.0,943.0,943.0,943.0,73
QFF,202504,2025-04-02 18:04:00,942.0,942.0,942.0,942.0,3
QFF,202504,2025-04-02 18:06:00,942.0,942.0,942.0,942.0,1
QFF,202504,2025-04-02 18:08:00,943.0,943.0,943.0,943.0,1
QFF,202504,2025-04-02 18:09:00,943.0,943.0,943.0,943.0,1
QFF,202504,2025-04-02 18:10:00,943.0,943.0,943.0,943.0,1
QFF,202504,2025-04-02 18:12:00,942.0,942.0,942.0,942.0,1
QFF,202504,2025-04-02 18:15:00,942.0,942.0,942.0,942.0,5
QFF,202504,2025-04-02 18:17:00,943.0,943.0,943.0,943.0,1
QFF,202504,2025-04-02 18:18:00,943.0,943.0,943.0,943.0,2
QFF,202504,2025-04-02 18:19:00,943.0,943.0,943.0,943.0,1
QFF,202504,2025-04-02 18:20:00,943.0,943.0,943.0,943.0,1
QFF,202504,2025-04-02 18:21:00,943.0,943.0,943.0,943.0,1
QFF,202504,2025-04-02 18:26:00,942.0,942.0,942.0,942.0,1
QFF,202504,2025-04-02 18:28:00,942.0,942.0,942.0,942.0,37
QFF,202504,2025-04-02 18:30:00,942.0,942.0,942.0,942.0,2
QFF,202504,2025-04-02 18:31:00,941.0,941.0,940.0,940.0,139
QFF,202504,2025-04-02 18:32:00,940.0,940.0,940.0,940.0,1
QFF,202504,2025-04-02 18:33:00,939.0,939.0,939.0,939.0,32
QFF,202504,2025-04-02 18:34:00,940.0,940.0,939.0,939.0,13
QFF,202504,2025-04-02 18:35:00,940.0,940.0,939.0,939.0,2
QFF,202504,2025-04-02 18:36:00,939.0,939.0,939.0,939.0,3
QFF,202504,2025-04-02 18:37:00,939.0,939.0,939.0,939.0,5
QFF,202504,2025-04-02 18:42:00,939.0,939.0,939.0,939.0,7
QFF,202504,2025-04-02 18:43:00,939.0,939.0,939.0,939.0,2
QFF,202504,2025-04-02 18:44:00,939.0,940.0,939.0,940.0,6
QFF,202504,2025-04-02 18:47:00,940.0,941.0,940.0,941.0,150
QFF,202504,2025-04-02 18:48:00,941.0,941.0,941.0,941.0,2
QFF,202504,2025-04-02 18:49:00,942.0,942.0,942.0,942.0,2
QFF,202504,2025-04-02 18:51:00,942.0,942.0,942.0,942.0,5
QFF,202504,2025-04-02 18:52:00,942.0,942.0,942.0,942.0,12
QFF,202504,2025-04-02 18:53:00,942.0,942.0,942.0,942.0,5
QFF,202504,2025-04-02 18:54:00,942.0,942.0,941.0,941.0,4
QFF,202504,2025-04-02 18:56:00,941.0,941.0,941.0,941.0,15
QFF,202504,2025-04-02 18:57:00,941.0,941.0,941.0,941.0,5
QFF,202504,2025-04-02 18:58:00,941.0,941.0,941.0,941.0,4
QFF,202504,2025-04-02 18:59:00,941.0,941.0,941.0,941.0,5
QFF,202504,2025-04-02 19:00:00,941.0,941.0,941.0,941.0,6
QFF,202504,2025-04-02 19:01:00,941.0,941.0,941.0,941.0,2
QFF,202504,2025-04-02 19:02:00,941.0,941.0,941.0,941.0,5
QFF,202504,2025-04-02 19:06:00,941.0,941.0,941.0,941.0,3
QFF,202504,2025-04-02 19:15:00,942.0,942.0,942.0,942.0,1
QFF,202504,2025-04-02 19:26:00,942.0,942.0,942.0,942.0,1
QFF,202504,2025-04-02 19:27:00,942.0,942.0,942.0,942.0,9
QFF,202504,2025-04-02 19:28:00,942.0,942.0,942.0,942.0,1
QFF,202504,2025-04-02 19:30:00,942.0,942.0,942.0,942.0,1
QFF,202504,2025-04-02 19:31:00,942.0,942.0,942.0,942.0,5
QFF,202504,2025-04-02 19:32:00,942.0,942.0,942.0,942.0,6
QFF,202504,2025-04-02 19:33:00,942.0,942.0,942.0,942.0,1
QFF,202504,2025-04-02 19:48:00,942.0,942.0,942.0,942.0,1
QFF,202504,2025-04-02 19:55:00,942.0,942.0,942.0,942.0,2
QFF,202504,2025-04-02 19:58:00,942.0,942.0,942.0,942.0,1
QFF,202504,2025-04-02 20:02:00,941.0,941.0,941.0,941.0,61
QFF,202504,2025-04-02 20:03:00,940.0,940.0,940.0,940.0,5
QFF,202504,2025-04-02 20:04:00,940.0,940.0,940.0,940.0,2
QFF,202504,2025-04-02 20:06:00,940.0,940.0,940.0,940.0,6
QFF,202504,2025-04-02 20:07:00,940.0,940.0,940.0,940.0,9
QFF,202504,2025-04-02 20:08:00,940.0,940.0,940.0,940.0,3
QFF,202504,2025-04-02 20:09:00,939.0,939.0,939.0,939.0,17
QFF,202504,2025-04-02 20:10:00,939.0,939.0,939.0,939.0,7
QFF,202504,2025-04-02 20:12:00,940.0,940.0,939.0,940.0,19
QFF,202504,2025-04-02 20:13:00,940.0,940.0,940.0,940.0,7
QFF,202504,2025-04-02 20:14:00,940.0,940.0,939.0,939.0,6
QFF,202504,2025-04-02 20:15:00,940.0,941.0,940.0,940.0,6
QFF,202504,2025-04-02 20:16:00,940.0,940.0,939.0,939.0,2
QFF,202504,2025-04-02 20:17:00,940.0,940.0,939.0,939.0,3
QFF,202504,2025-04-02 20:18:00,939.0,939.0,939.0,939.0,1
QFF,202504,2025-04-02 20:19:00,940.0,940.0,940.0,940.0,2
QFF,202504,2025-04-02 20:20:00,940.0,940.0,940.0,940.0,1
QFF,202504,2025-04-02 20:21:00,940.0,940.0,939.0,939.0,3
QFF,202504,2025-04-02 20:23:00,939.0,939.0,939.0,939.0,6
QFF,202504,2025-04-02 20:24:00,939.0,939.0,939.0,939.0,2
QFF,202504,2025-04-02 20:25:00,939.0,939.0,939.0,939.0,1
QFF,202504,2025-04-02 20:26:00,939.0,940.0,939.0,939.0,4
QFF,202504,2025-04-02 20:27:00,939.0,939.0,939.0,939.0,2
QFF,202504,2025-04-02 20:28:00,939.0,939.0,939.0,939.0,5
QFF,202504,2025-04-02 20:29:00,939.0,939.0,939.0,939.0,8
QFF,202504,2025-04-02 20:30:00,939.0,939.0,939.0,939.0,11
QFF,202504,2025-04-02 20:31:00,939.0,939.0,939.0,939.0,1
QFF,202504,2025-04-02 20:32:00,939.0,939.0,939.0,939.0,1
QFF,202504,2025-04-02 20:33:00,940.0,940.0,939.0,939.0,6
QFF,202504,2025-04-02 20:34:00,939.0,940.0,939.0,940.0,2
QFF,202504,2025-04-02 20:36:00,939.0,939.0,939.0,939.0,4
QFF,202504,2025-04-02 20:38:00,939.0,939.0,939.0,939.0,3
QFF,202504,2025-04-02 20:39:00,939.0,939.0,939.0,939.0,1
QFF,202504,2025-04-02 20:42:00,940.0,940.0,940.0,940.0,1
QFF,202504,2025-04-02 20:43:00,939.0,939.0,939.0,939.0,3
QFF,202504,2025-04-02 20:45:00,939.0,939.0,939.0,939.0,1
QFF,202504,2025-04-02 20:48:00,939.0,940.0,939.0,940.0,3
QFF,202504,2025-04-02 20:50:00,940.0,940.0,939.0,939.0,5
QFF,202504,2025-04-02 20:54:00,939.0,939.0,939.0,939.0,2
QFF,202504,2025-04-02 20:55:00,940.0,940.0,940.0,940.0,1
QFF,202504,2025-04-02 20:57:00,940.0,940.0,940.0,940.0,1
QFF,202504,2025-04-02 20:58:00,940.0,940.0,940.0,940.0,22
QFF,202504,2025-04-02 21:00:00,940.0,940.0,940.0,940.0,5
QFF,202504,2025-04-02 21:01:00,940.0,940.0,940.0,940.0,2
QFF,202504,2025-04-02 21:02:00,940.0,940.0,940.0,940.0,9
QFF,202504,2025-04-02 21:04:00,940.0,940.0,940.0,940.0,1
QFF,202504,2025-04-02 21:05:00,940.0,940.0,940.0,940.0,2
QFF,202504,2025-04-02 21:08:00,940.0,940.0,940.0,940.0,3
QFF,202504,2025-04-02 21:15:00,940.0,940.0,940.0,940.0,1
QFF,202504,2025-04-02 21:17:00,939.0,939.0,939.0,939.0,5
QFF,202504,2025-04-02 21:19:00,939.0,939.0,939.0,939.0,2
QFF,202504,2025-04-02 21:22:00,940.0,940.0,940.0,940.0,1
QFF,202504,2025-04-02 21:23:00,939.0,939.0,939.0,939.0,6
QFF,202504,2025-04-02 21:24:00,939.0,939.0,939.0,939.0,4
QFF,202504,2025-04-02 21:25:00,939.0,939.0,939.0,939.0,2
QFF,202504,2025-04-02 21:26:00,939.0,939.0,938.0,938.0,9
QFF,202504,2025-04-02 21:29:00,939.0,939.0,939.0,939.0,6
QFF,202504,2025-04-02 21:30:00,940.0,940.0,939.0,939.0,11
QFF,202504,2025-04-02 21:31:00,939.0,939.0,938.0,939.0,31
QFF,202504,2025-04-02 21:32:00,939.0,939.0,939.0,939.0,13
QFF,202504,2025-04-02 21:33:00,939.0,940.0,939.0,940.0,57
QFF,202504,2025-04-02 21:34:00,941.0,941.0,941.0,941.0,28
QFF,202504,2025-04-02 21:35:00,941.0,942.0,941.0,942.0,40
QFF,202504,2025-04-02 21:36:00,942.0,943.0,942.0,943.0,79
QFF,202504,2025-04-02 21:37:00,944.0,945.0,944.0,944.0,22
QFF,202504,2025-04-02 21:38:00,945.0,945.0,944.0,945.0,37
QFF,202504,2025-04-02 21:39:00,945.0,945.0,944.0,944.0,8
QFF,202504,2025-04-02 21:40:00,944.0,944.0,944.0,944.0,23
QFF,202504,2025-04-02 21:41:00,944.0,944.0,944.0,944.0,23
QFF,202504,2025-04-02 21:42:00,944.0,944.0,944.0,944.0,1
QFF,202504,2025-04-02 21:44:00,944.0,944.0,944.0,944.0,48
QFF,202504,2025-04-02 21:45:00,945.0,945.0,944.0,945.0,43
QFF,202504,2025-04-02 21:46:00,946.0,947.0,946.0,947.0,24
QFF,202504,2025-04-02 21:47:00,946.0,946.0,946.0,946.0,32
QFF,202504,2025-04-02 21:48:00,946.0,946.0,945.0,946.0,17
QFF,202504,2025-04-02 21:49:00,946.0,946.0,946.0,946.0,12
QFF,202504,2025-04-02 21:50:00,946.0,947.0,946.0,946.0,21
QFF,202504,2025-04-02 21:51:00,946.0,946.0,946.0,946.0,7
QFF,202504,2025-04-02 21:52:00,947.0,947.0,947.0,947.0,2
QFF,202504,2025-04-02 21:53:00,947.0,947.0,946.0,946.0,6
QFF,202504,2025-04-02 21:55:00,946.0,946.0,946.0,946.0,38
QFF,202504,2025-04-02 21:56:00,946.0,946.0,946.0,946.0,8
QFF,202504,2025-04-02 21:57:00,946.0,946.0,945.0,946.0,11
QFF,202504,2025-04-02 21:58:00,946.0,946.0,946.0,946.0,3
QFF,202504,2025-04-02 21:59:00,946.0,946.0,946.0,946.0,7
QFF,202504,2025-04-02 22:00:00,946.0,946.0,946.0,946.0,20
QFF,202504,2025-04-02 22:01:00,947.0,947.0,946.0,947.0,13
QFF,202504,2025-04-02 22:02:00,947.0,947.0,947.0,947.0,43
QFF,202504,2025-04-02 22:03:00,948.0,949.0,948.0,948.0,64
QFF,202504,2025-04-02 22:04:00,949.0,949.0,948.0,948.0,15
QFF,202504,2025-04-02 22:05:00,948.0,949.0,948.0,948.0,13
QFF,202504,2025-04-02 22:06:00,948.0,948.0,948.0,948.0,20
QFF,202504,2025-04-02 22:07:00,948.0,949.0,948.0,948.0,38
QFF,202504,2025-04-02 22:08:00,948.0,948.0,947.0,947.0,26
QFF,202504,2025-04-02 22:09:00,947.0,947.0,946.0,947.0,56
QFF,202504,2025-04-02 22:10:00,947.0,947.0,947.0,947.0,9
QFF,202504,2025-04-02 22:11:00,946.0,946.0,946.0,946.0,23
QFF,202504,2025-04-02 22:12:00,946.0,946.0,946.0,946.0,1
QFF,202504,2025-04-02 22:13:00,947.0,947.0,947.0,947.0,38
QFF,202504,2025-04-02 22:14:00,947.0,947.0,946.0,946.0,35
QFF,202504,2025-04-02 22:15:00,947.0,947.0,946.0,946.0,12
QFF,202504,2025-04-02 22:16:00,946.0,946.0,946.0,946.0,5
QFF,202504,2025-04-02 22:17:00,946.0,946.0,946.0,946.0,7
QFF,202504,2025-04-02 22:18:00,947.0,947.0,947.0,947.0,11
QFF,202504,2025-04-02 22:19:00,947.0,947.0,947.0,947.0,2
QFF,202504,2025-04-02 22:20:00,947.0,947.0,947.0,947.0,54
QFF,202504,2025-04-02 22:21:00,947.0,947.0,947.0,947.0,26
QFF,202504,2025-04-02 22:22:00,947.0,947.0,947.0,947.0,2
QFF,202504,2025-04-02 22:23:00,947.0,947.0,947.0,947.0,42
QFF,202504,2025-04-02 22:24:00,948.0,948.0,947.0,947.0,4
QFF,202504,2025-04-02 22:25:00,947.0,947.0,947.0,947.0,50
QFF,202504,2025-04-02 22:26:00,947.0,947.0,947.0,947.0,24
QFF,202504,2025-04-02 22:28:00,947.0,947.0,946.0,947.0,15
QFF,202504,2025-04-02 22:29:00,947.0,948.0,947.0,947.0,32
QFF,202504,2025-04-02 22:31:00,947.0,947.0,947.0,947.0,1
QFF,202504,2025-04-02 22:32:00,948.0,948.0,948.0,948.0,9
QFF,202504,2025-04-02 22:33:00,948.0,948.0,948.0,948.0,2
QFF,202504,2025-04-02 22:35:00,948.0,948.0,947.0,947.0,18
QFF,202504,2025-04-02 22:36:00,947.0,947.0,947.0,947.0,7
QFF,202504,2025-04-02 22:38:00,947.0,947.0,946.0,946.0,5
QFF,202504,2025-04-02 22:39:00,947.0,948.0,947.0,948.0,3
QFF,202504,2025-04-02 22:40:00,947.0,947.0,947.0,947.0,7
QFF,202504,2025-04-02 22:42:00,947.0,947.0,947.0,947.0,7
QFF,202504,2025-04-02 22:43:00,947.0,947.0,947.0,947.0,18
QFF,202504,2025-04-02 22:44:00,947.0,947.0,947.0,947.0,1
QFF,202504,2025-04-02 22:45:00,947.0,947.0,947.0,947.0,9
QFF,202504,2025-04-02 22:47:00,947.0,947.0,947.0,947.0,10
QFF,202504,2025-04-02 22:49:00,947.0,947.0,947.0,947.0,1
QFF,202504,2025-04-02 22:52:00,948.0,949.0,948.0,948.0,93
QFF,202504,2025-04-02 22:53:00,948.0,948.0,948.0,948.0,8
QFF,202504,2025-04-02 22:54:00,948.0,948.0,948.0,948.0,1
QFF,202504,2025-04-02 22:55:00,948.0,949.0,948.0,949.0,4
QFF,202504,2025-04-02 22:56:00,948.0,948.0,948.0,948.0,4
QFF,202504,2025-04-02 22:57:00,948.0,948.0,948.0,948.0,1
QFF,202504,2025-04-02 22:58:00,948.0,949.0,948.0,949.0,7
QFF,202504,2025-04-02 22:59:00,949.0,949.0,949.0,949.0,62
QFF,202504,2025-04-02 23:00:00,949.0,949.0,948.0,948.0,34
QFF,202504,2025-04-02 23:01:00,948.0,948.0,948.0,948.0,4
QFF,202504,2025-04-02 23:02:00,948.0,948.0,948.0,948.0,7
QFF,202504,2025-04-02 23:03:00,948.0,949.0,948.0,949.0,3
QFF,202504,2025-04-02 23:04:00,949.0,949.0,949.0,949.0,5
QFF,202504,2025-04-02 23:05:00,948.0,949.0,948.0,949.0,28
QFF,202504,2025-04-02 23:06:00,949.0,949.0,949.0,949.0,31
QFF,202504,2025-04-02 23:07:00,949.0,949.0,949.0,949.0,2
QFF,202504,2025-04-02 23:08:00,949.0,950.0,949.0,949.0,9
QFF,202504,2025-04-02 23:09:00,950.0,950.0,949.0,949.0,6
QFF,202504,2025-04-02 23:10:00,949.0,949.0,949.0,949.0,19
QFF,202504,2025-04-02 23:11:00,949.0,949.0,949.0,949.0,13
QFF,202504,2025-04-02 23:12:00,949.0,949.0,949.0,949.0,4
QFF,202504,2025-04-02 23:13:00,948.0,948.0,948.0,948.0,1
QFF,202504,2025-04-02 23:14:00,948.0,948.0,948.0,948.0,20
QFF,202504,2025-04-02 23:15:00,947.0,947.0,947.0,947.0,1
QFF,202504,2025-04-02 23:16:00,948.0,948.0,948.0,948.0,2
QFF,202504,2025-04-02 23:17:00,948.0,948.0,948.0,948.0,3
QFF,202504,2025-04-02 23:18:00,948.0,948.0,948.0,948.0,30
QFF,202504,2025-04-02 23:20:00,949.0,949.0,949.0,949.0,25
QFF,202504,2025-04-02 23:21:00,950.0,951.0,950.0,951.0,59
QFF,202504,2025-04-02 23:22:00,950.0,951.0,950.0,951.0,11
QFF,202504,2025-04-02 23:23:00,951.0,951.0,951.0,951.0,40
QFF,202504,2025-04-02 23:24:00,951.0,951.0,951.0,951.0,28
QFF,202504,2025-04-02 23:25:00,951.0,952.0,951.0,951.0,29
QFF,202504,2025-04-02 23:26:00,952.0,952.0,952.0,952.0,53
QFF,202504,2025-04-02 23:27:00,952.0,953.0,952.0,952.0,40
QFF,202504,2025-04-02 23:28:00,952.0,952.0,952.0,952.0,23
QFF,202504,2025-04-02 23:29:00,952.0,953.0,952.0,952.0,21
QFF,202504,2025-04-02 23:30:00,952.0,953.0,952.0,952.0,25
QFF,202504,2025-04-02 23:31:00,952.0,953.0,952.0,952.0,14
QFF,202504,2025-04-02 23:32:00,952.0,952.0,952.0,952.0,13
QFF,202504,2025-04-02 23:34:00,952.0,952.0,952.0,952.0,7
QFF,202504,2025-04-02 23:35:00,952.0,952.0,952.0,952.0,27
QFF,202504,2025-04-02 23:36:00,952.0,952.0,952.0,952.0,11
QFF,202504,2025-04-02 23:37:00,953.0,953.0,952.0,952.0,9
QFF,202504,2025-04-02 23:38:00,952.0,952.0,952.0,952.0,16
QFF,202504,2025-04-02 23:39:00,952.0,952.0,952.0,952.0,13
QFF,202504,2025-04-02 23:40:00,952.0,952.0,952.0,952.0,22
QFF,202504,2025-04-02 23:41:00,952.0,952.0,952.0,952.0,28
QFF,202504,2025-04-02 23:42:00,952.0,952.0,952.0,952.0,5
QFF,202504,2025-04-02 23:43:00,952.0,952.0,952.0,952.0,13
QFF,202504,2025-04-02 23:44:00,952.0,952.0,952.0,952.0,17
QFF,202504,2025-04-02 23:45:00,951.0,951.0,951.0,951.0,10
QFF,202504,2025-04-02 23:46:00,951.0,951.0,951.0,951.0,8
QFF,202504,2025-04-02 23:47:00,951.0,951.0,951.0,951.0,5
QFF,202504,2025-04-02 23:48:00,951.0,951.0,951.0,951.0,12
QFF,202504,2025-04-02 23:50:00,951.0,951.0,951.0,951.0,9
QFF,202504,2025-04-02 23:51:00,951.0,951.0,951.0,951.0,1
QFF,202504,2025-04-02 23:52:00,950.0,950.0,950.0,950.0,4
QFF,202504,2025-04-02 23:53:00,950.0,950.0,950.0,950.0,1
QFF,202504,2025-04-02 23:54:00,951.0,951.0,951.0,951.0,2
QFF,202504,2025-04-02 23:55:00,951.0,951.0,951.0,951.0,11
QFF,202504,2025-04-02 23:56:00,951.0,951.0,951.0,951.0,12
QFF,202504,2025-04-02 23:57:00,952.0,952.0,952.0,952.0,2
QFF,202504,2025-04-02 23:58:00,951.0,952.0,951.0,952.0,10
QFF,202504,2025-04-02 23:59:00,952.0,952.0,952.0,952.0,2
QFF,202504,2025-04-03 00:00:00,952.0,952.0,951.0,951.0,7
QFF,202504,2025-04-03 00:01:00,951.0,951.0,951.0,951.0,1
QFF,202504,2025-04-03 00:03:00,951.0,951.0,951.0,951.0,4
QFF,202504,2025-04-03 00:05:00,951.0,951.0,951.0,951.0,2
QFF,202504,2025-04-03 00:06:00,951.0,951.0,951.0,951.0,3
QFF,202504,2025-04-03 00:07:00,951.0,951.0,951.0,951.0,1
QFF,202504,2025-04-03 00:11:00,952.0,952.0,952.0,952.0,23
QFF,202504,2025-04-03 00:12:00,952.0,953.0,952.0,953.0,2
QFF,202504,2025-04-03 00:13:00,953.0,953.0,953.0,953.0,3
QFF,202504,2025-04-03 00:14:00,953.0,953.0,953.0,953.0,2
QFF,202504,2025-04-03 00:15:00,953.0,953.0,953.0,953.0,33
QFF,202504,2025-04-03 00:16:00,953.0,954.0,953.0,954.0,77
QFF,202504,2025-04-03 00:18:00,954.0,954.0,953.0,954.0,11
QFF,202504,2025-04-03 00:19:00,954.0,954.0,953.0,953.0,9
QFF,202504,2025-04-03 00:20:00,953.0,953.0,953.0,953.0,9
QFF,202504,2025-04-03 00:21:00,954.0,954.0,953.0,954.0,18
QFF,202504,2025-04-03 00:22:00,954.0,954.0,954.0,954.0,32
QFF,202504,2025-04-03 00:23:00,954.0,954.0,954.0,954.0,8
QFF,202504,2025-04-03 00:25:00,954.0,955.0,954.0,955.0,6
QFF,202504,2025-04-03 00:26:00,955.0,955.0,955.0,955.0,1
QFF,202504,2025-04-03 00:27:00,955.0,955.0,954.0,954.0,13
QFF,202504,2025-04-03 00:28:00,955.0,955.0,955.0,955.0,172
QFF,202504,2025-04-03 00:29:00,955.0,955.0,955.0,955.0,8
QFF,202504,2025-04-03 00:30:00,956.0,956.0,955.0,956.0,16
QFF,202504,2025-04-03 00:31:00,956.0,956.0,955.0,956.0,21
QFF,202504,2025-04-03 00:33:00,956.0,956.0,956.0,956.0,97
QFF,202504,2025-04-03 00:34:00,956.0,957.0,956.0,956.0,10
QFF,202504,2025-04-03 00:35:00,956.0,956.0,956.0,956.0,3
QFF,202504,2025-04-03 00:36:00,956.0,956.0,956.0,956.0,1
QFF,202504,2025-04-03 00:37:00,955.0,955.0,954.0,954.0,16
QFF,202504,2025-04-03 00:38:00,954.0,954.0,954.0,954.0,19
QFF,202504,2025-04-03 00:39:00,954.0,954.0,954.0,954.0,2
QFF,202504,2025-04-03 00:40:00,955.0,955.0,955.0,955.0,73
QFF,202504,2025-04-03 00:41:00,955.0,955.0,955.0,955.0,2
QFF,202504,2025-04-03 00:42:00,955.0,955.0,955.0,955.0,4
QFF,202504,2025-04-03 00:43:00,955.0,955.0,955.0,955.0,2
QFF,202504,2025-04-03 00:44:00,956.0,956.0,956.0,956.0,28
QFF,202504,2025-04-03 00:45:00,957.0,957.0,957.0,957.0,1
QFF,202504,2025-04-03 00:46:00,956.0,956.0,956.0,956.0,24
QFF,202504,2025-04-03 00:47:00,956.0,956.0,956.0,956.0,9
QFF,202504,2025-04-03 00:49:00,956.0,956.0,956.0,956.0,2
QFF,202504,2025-04-03 00:51:00,956.0,957.0,956.0,957.0,2
QFF,202504,2025-04-03 00:52:00,957.0,957.0,956.0,956.0,56
QFF,202504,2025-04-03 00:53:00,956.0,956.0,956.0,956.0,2
QFF,202504,2025-04-03 00:55:00,956.0,956.0,956.0,956.0,1
QFF,202504,2025-04-03 00:56:00,956.0,956.0,956.0,956.0,5
QFF,202504,2025-04-03 00:57:00,956.0,956.0,956.0,956.0,7
QFF,202504,2025-04-03 00:58:00,956.0,957.0,956.0,956.0,18
QFF,202504,2025-04-03 00:59:00,956.0,956.0,956.0,956.0,6
QFF,202504,2025-04-03 01:01:00,956.0,957.0,956.0,957.0,22
QFF,202504,2025-04-03 01:03:00,957.0,957.0,957.0,957.0,7
QFF,202504,2025-04-03 01:04:00,956.0,957.0,956.0,957.0,24
QFF,202504,2025-04-03 01:05:00,956.0,957.0,956.0,957.0,7
QFF,202504,2025-04-03 01:06:00,957.0,957.0,957.0,957.0,2
QFF,202504,2025-04-03 01:07:00,957.0,957.0,957.0,957.0,13
QFF,202504,2025-04-03 01:08:00,957.0,957.0,957.0,957.0,2
QFF,202504,2025-04-03 01:09:00,956.0,957.0,956.0,957.0,52
QFF,202504,2025-04-03 01:10:00,957.0,957.0,957.0,957.0,10
QFF,202504,2025-04-03 01:11:00,957.0,957.0,957.0,957.0,1
QFF,202504,2025-04-03 01:12:00,958.0,958.0,958.0,958.0,72
QFF,202504,2025-04-03 01:13:00,958.0,958.0,958.0,958.0,44
QFF,202504,2025-04-03 01:14:00,958.0,958.0,958.0,958.0,13
QFF,202504,2025-04-03 01:15:00,958.0,958.0,958.0,958.0,7
QFF,202504,2025-04-03 01:16:00,958.0,958.0,958.0,958.0,1
QFF,202504,2025-04-03 01:17:00,958.0,958.0,958.0,958.0,1
QFF,202504,2025-04-03 01:19:00,958.0,958.0,958.0,958.0,2
QFF,202504,2025-04-03 01:20:00,958.0,958.0,958.0,958.0,1
QFF,202504,2025-04-03 01:21:00,958.0,958.0,957.0,958.0,26
QFF,202504,2025-04-03 01:23:00,958.0,958.0,957.0,957.0,18
QFF,202504,2025-04-03 01:24:00,957.0,957.0,957.0,957.0,5
QFF,202504,2025-04-03 01:25:00,958.0,958.0,958.0,958.0,11
QFF,202504,2025-04-03 01:26:00,957.0,957.0,957.0,957.0,4
QFF,202504,2025-04-03 01:27:00,956.0,956.0,956.0,956.0,1
QFF,202504,2025-04-03 01:28:00,956.0,957.0,956.0,957.0,4
QFF,202504,2025-04-03 01:29:00,957.0,957.0,957.0,957.0,20
QFF,202504,2025-04-03 01:30:00,956.0,956.0,956.0,956.0,2
QFF,202504,2025-04-03 01:31:00,956.0,956.0,956.0,956.0,18
QFF,202504,2025-04-03 01:32:00,956.0,956.0,956.0,956.0,4
QFF,202504,2025-04-03 01:34:00,956.0,956.0,955.0,956.0,18
QFF,202504,2025-04-03 01:35:00,955.0,955.0,955.0,955.0,14
QFF,202504,2025-04-03 01:36:00,955.0,955.0,955.0,955.0,57
QFF,202504,2025-04-03 01:37:00,954.0,954.0,954.0,954.0,76
QFF,202504,2025-04-03 01:38:00,954.0,954.0,954.0,954.0,25
QFF,202504,2025-04-03 01:39:00,954.0,954.0,954.0,954.0,34
QFF,202504,2025-04-03 01:40:00,954.0,954.0,954.0,954.0,27
QFF,202504,2025-04-03 01:41:00,953.0,953.0,953.0,953.0,2
QFF,202504,2025-04-03 01:42:00,953.0,953.0,953.0,953.0,26
QFF,202504,2025-04-03 01:43:00,953.0,953.0,953.0,953.0,2
QFF,202504,2025-04-03 01:44:00,953.0,953.0,953.0,953.0,36
QFF,202504,2025-04-03 01:45:00,953.0,953.0,953.0,953.0,2
QFF,202504,2025-04-03 01:47:00,953.0,953.0,953.0,953.0,1
QFF,202504,2025-04-03 01:48:00,953.0,953.0,953.0,953.0,1
QFF,202504,2025-04-03 01:49:00,952.0,952.0,952.0,952.0,2
QFF,202504,2025-04-03 01:50:00,952.0,952.0,952.0,952.0,20
QFF,202504,2025-04-03 01:51:00,952.0,952.0,952.0,952.0,6
QFF,202504,2025-04-03 01:52:00,952.0,952.0,951.0,951.0,34
QFF,202504,2025-04-03 01:53:00,952.0,952.0,952.0,952.0,2
QFF,202504,2025-04-03 01:54:00,952.0,953.0,952.0,953.0,7
QFF,202504,2025-04-03 01:55:00,953.0,953.0,953.0,953.0,6
QFF,202504,2025-04-03 01:56:00,953.0,953.0,953.0,953.0,1
QFF,202504,2025-04-03 01:57:00,953.0,953.0,953.0,953.0,1
QFF,202504,2025-04-03 02:01:00,953.0,953.0,952.0,952.0,9
QFF,202504,2025-04-03 02:02:00,952.0,952.0,952.0,952.0,5
QFF,202504,2025-04-03 02:04:00,952.0,952.0,952.0,952.0,6
QFF,202504,2025-04-03 02:05:00,951.0,951.0,951.0,951.0,4
QFF,202504,2025-04-03 02:06:00,951.0,951.0,950.0,951.0,113
QFF,202504,2025-04-03 02:07:00,951.0,951.0,950.0,950.0,8
QFF,202504,2025-04-03 02:08:00,951.0,951.0,951.0,951.0,1
QFF,202504,2025-04-03 02:09:00,950.0,950.0,950.0,950.0,5
QFF,202504,2025-04-03 02:10:00,950.0,950.0,950.0,950.0,22
QFF,202504,2025-04-03 02:11:00,950.0,950.0,950.0,950.0,10
QFF,202504,2025-04-03 02:12:00,950.0,950.0,950.0,950.0,39
QFF,202504,2025-04-03 02:13:00,950.0,951.0,950.0,951.0,3
QFF,202504,2025-04-03 02:15:00,951.0,951.0,951.0,951.0,1
QFF,202504,2025-04-03 02:16:00,951.0,951.0,951.0,951.0,37
QFF,202504,2025-04-03 02:18:00,951.0,951.0,950.0,950.0,3
QFF,202504,2025-04-03 02:19:00,950.0,950.0,950.0,950.0,7
QFF,202504,2025-04-03 02:20:00,950.0,950.0,950.0,950.0,2
QFF,202504,2025-04-03 02:23:00,950.0,950.0,950.0,950.0,2
QFF,202504,2025-04-03 02:24:00,950.0,950.0,950.0,950.0,41
QFF,202504,2025-04-03 02:25:00,950.0,950.0,950.0,950.0,14
QFF,202504,2025-04-03 02:27:00,950.0,950.0,950.0,950.0,7
QFF,202504,2025-04-03 02:28:00,950.0,950.0,950.0,950.0,1
QFF,202504,2025-04-03 02:29:00,949.0,949.0,949.0,949.0,38
QFF,202504,2025-04-03 02:30:00,949.0,949.0,949.0,949.0,27
QFF,202504,2025-04-03 02:31:00,949.0,949.0,949.0,949.0,11
QFF,202504,2025-04-03 02:32:00,949.0,949.0,949.0,949.0,25
QFF,202504,2025-04-03 02:34:00,950.0,950.0,950.0,950.0,1
QFF,202504,2025-04-03 02:35:00,950.0,950.0,950.0,950.0,8
QFF,202504,2025-04-03 02:36:00,951.0,951.0,951.0,951.0,4
QFF,202504,2025-04-03 02:37:00,951.0,951.0,951.0,951.0,10
QFF,202504,2025-04-03 02:38:00,951.0,951.0,950.0,951.0,13
QFF,202504,2025-04-03 02:39:00,951.0,951.0,951.0,951.0,12
QFF,202504,2025-04-03 02:40:00,952.0,952.0,952.0,952.0,2
QFF,202504,2025-04-03 02:41:00,952.0,953.0,952.0,953.0,97
QFF,202504,2025-04-03 02:42:00,953.0,953.0,953.0,953.0,8
QFF,202504,2025-04-03 02:43:00,952.0,952.0,952.0,952.0,29
QFF,202504,2025-04-03 02:44:00,952.0,952.0,951.0,951.0,7
QFF,202504,2025-04-03 02:45:00,952.0,952.0,951.0,951.0,2
QFF,202504,2025-04-03 02:46:00,951.0,951.0,951.0,951.0,1
QFF,202504,2025-04-03 02:47:00,951.0,951.0,951.0,951.0,32
QFF,202504,2025-04-03 02:48:00,951.0,951.0,951.0,951.0,8
QFF,202504,2025-04-03 02:51:00,951.0,951.0,951.0,951.0,21
QFF,202504,2025-04-03 02:52:00,951.0,951.0,951.0,951.0,14
QFF,202504,2025-04-03 02:53:00,951.0,951.0,951.0,951.0,13
QFF,202504,2025-04-03 02:54:00,951.0,951.0,951.0,951.0,9
QFF,202504,2025-04-03 02:57:00,950.0,950.0,950.0,950.0,18
QFF,202504,2025-04-03 02:58:00,950.0,950.0,950.0,950.0,1
QFF,202504,2025-04-03 02:59:00,950.0,950.0,950.0,950.0,1
QFF,202504,2025-04-03 03:00:00,950.0,951.0,950.0,951.0,11
QFF,202504,2025-04-03 03:01:00,951.0,951.0,951.0,951.0,1
QFF,202504,2025-04-03 03:02:00,952.0,952.0,952.0,952.0,3
QFF,202504,2025-04-03 03:05:00,951.0,951.0,951.0,951.0,9
QFF,202504,2025-04-03 03:06:00,951.0,951.0,951.0,951.0,1
QFF,202504,2025-04-03 03:07:00,951.0,951.0,951.0,951.0,1
QFF,202504,2025-04-03 03:09:00,951.0,951.0,951.0,951.0,1
QFF,202504,2025-04-03 03:12:00,951.0,951.0,951.0,951.0,2
QFF,202504,2025-04-03 03:14:00,951.0,951.0,951.0,951.0,1
QFF,202504,2025-04-03 03:16:00,951.0,951.0,951.0,951.0,1
QFF,202504,2025-04-03 03:23:00,951.0,951.0,951.0,951.0,16
QFF,202504,2025-04-03 03:24:00,951.0,951.0,951.0,951.0,1
QFF,202504,2025-04-03 03:25:00,951.0,951.0,951.0,951.0,6
QFF,202504,2025-04-03 03:27:00,952.0,952.0,952.0,952.0,5
QFF,202504,2025-04-03 03:28:00,953.0,953.0,953.0,953.0,2
QFF,202504,2025-04-03 03:30:00,952.0,952.0,952.0,952.0,4
QFF,202504,2025-04-03 03:32:00,953.0,953.0,953.0,953.0,8
QFF,202504,2025-04-03 03:33:00,953.0,954.0,953.0,954.0,7
QFF,202504,2025-04-03 03:34:00,954.0,954.0,954.0,954.0,4
QFF,202504,2025-04-03 03:35:00,954.0,954.0,954.0,954.0,2
QFF,202504,2025-04-03 03:38:00,954.0,955.0,954.0,955.0,14
QFF,202504,2025-04-03 03:41:00,955.0,955.0,955.0,955.0,35
QFF,202504,2025-04-03 03:42:00,955.0,955.0,955.0,955.0,2
QFF,202504,2025-04-03 03:43:00,956.0,956.0,956.0,956.0,5
QFF,202504,2025-04-03 03:44:00,956.0,956.0,956.0,956.0,46
QFF,202504,2025-04-03 03:45:00,956.0,956.0,956.0,956.0,2
QFF,202504,2025-04-03 03:46:00,956.0,956.0,956.0,956.0,1
QFF,202504,2025-04-03 03:47:00,956.0,956.0,956.0,956.0,7
QFF,202504,2025-04-03 03:49:00,956.0,956.0,956.0,956.0,30
QFF,202504,2025-04-03 03:50:00,956.0,956.0,955.0,955.0,27
QFF,202504,2025-04-03 03:51:00,956.0,956.0,956.0,956.0,2
QFF,202504,2025-04-03 03:56:00,957.0,957.0,957.0,957.0,6
QFF,202504,2025-04-03 03:57:00,957.0,957.0,956.0,956.0,8
QFF,202504,2025-04-03 03:59:00,956.0,956.0,956.0,956.0,33
QFF,202504,2025-04-03 04:00:00,956.0,956.0,956.0,956.0,3
QFF,202504,2025-04-03 04:01:00,956.0,956.0,956.0,956.0,12
QFF,202504,2025-04-03 04:02:00,956.0,956.0,956.0,956.0,25
QFF,202504,2025-04-03 04:03:00,955.0,955.0,955.0,955.0,5
QFF,202504,2025-04-03 04:04:00,955.0,956.0,955.0,955.0,17
QFF,202504,2025-04-03 04:05:00,955.0,956.0,955.0,956.0,5
QFF,202504,2025-04-03 04:06:00,956.0,956.0,956.0,956.0,5
QFF,202504,2025-04-03 04:09:00,956.0,956.0,956.0,956.0,10
QFF,202504,2025-04-03 04:10:00,956.0,956.0,956.0,956.0,6
QFF,202504,2025-04-03 04:11:00,955.0,955.0,955.0,955.0,167
QFF,202504,2025-04-03 04:12:00,955.0,955.0,955.0,955.0,23
QFF,202504,2025-04-03 04:13:00,955.0,958.0,955.0,958.0,237
QFF,202504,2025-04-03 04:14:00,959.0,959.0,958.0,959.0,78
QFF,202504,2025-04-03 04:15:00,959.0,960.0,958.0,959.0,60
QFF,202504,2025-04-03 04:16:00,959.0,960.0,959.0,960.0,160
QFF,202504,2025-04-03 04:17:00,960.0,962.0,960.0,961.0,48
QFF,202504,2025-04-03 04:18:00,962.0,963.0,958.0,958.0,245
QFF,202504,2025-04-03 04:19:00,958.0,960.0,957.0,959.0,93
QFF,202504,2025-04-03 04:20:00,960.0,960.0,960.0,960.0,51
QFF,202504,2025-04-03 04:21:00,961.0,961.0,960.0,960.0,9
QFF,202504,2025-04-03 04:22:00,960.0,960.0,960.0,960.0,22
QFF,202504,2025-04-03 04:23:00,960.0,961.0,960.0,961.0,2
QFF,202504,2025-04-03 04:24:00,961.0,961.0,961.0,961.0,3
QFF,202504,2025-04-03 04:25:00,960.0,960.0,959.0,960.0,90
QFF,202504,2025-04-03 04:26:00,959.0,959.0,958.0,959.0,26
QFF,202504,2025-04-03 04:27:00,958.0,958.0,951.0,951.0,216
QFF,202504,2025-04-03 04:28:00,951.0,951.0,944.0,944.0,259
QFF,202504,2025-04-03 04:29:00,944.0,945.0,938.0,938.0,318
QFF,202504,2025-04-03 04:30:00,938.0,939.0,932.0,935.0,415
QFF,202504,2025-04-03 04:31:00,935.0,938.0,933.0,938.0,137
QFF,202504,2025-04-03 04:32:00,939.0,942.0,935.0,937.0,171
QFF,202504,2025-04-03 04:33:00,936.0,938.0,936.0,938.0,52
QFF,202504,2025-04-03 04:34:00,938.0,938.0,936.0,936.0,22
QFF,202504,2025-04-03 04:35:00,935.0,936.0,935.0,936.0,31
QFF,202504,2025-04-03 04:36:00,935.0,935.0,934.0,934.0,49
QFF,202504,2025-04-03 04:37:00,934.0,934.0,932.0,932.0,63
QFF,202504,2025-04-03 04:38:00,932.0,932.0,931.0,932.0,28
QFF,202504,2025-04-03 04:39:00,932.0,933.0,931.0,931.0,103
QFF,202504,2025-04-03 04:40:00,931.0,931.0,930.0,930.0,8
QFF,202504,2025-04-03 04:41:00,931.0,931.0,929.0,930.0,63
QFF,202504,2025-04-03 04:42:00,930.0,930.0,929.0,929.0,39
QFF,202504,2025-04-03 04:43:00,929.0,931.0,928.0,928.0,27
QFF,202504,2025-04-03 04:44:00,928.0,928.0,926.0,926.0,71
QFF,202504,2025-04-03 04:45:00,926.0,926.0,923.0,924.0,105
QFF,202504,2025-04-03 04:46:00,923.0,924.0,922.0,922.0,139
QFF,202504,2025-04-03 04:47:00,922.0,922.0,921.0,921.0,103
QFF,202504,2025-04-03 04:48:00,921.0,921.0,919.0,919.0,78
QFF,202504,2025-04-03 04:49:00,919.0,920.0,919.0,919.0,68
QFF,202504,2025-04-03 04:50:00,919.0,920.0,918.0,918.0,25
QFF,202504,2025-04-03 04:51:00,918.0,919.0,918.0,919.0,20
QFF,202504,2025-04-03 04:52:00,918.0,919.0,918.0,918.0,77
QFF,202504,2025-04-03 04:53:00,918.0,918.0,918.0,918.0,35
QFF,202504,2025-04-03 04:54:00,918.0,918.0,918.0,918.0,11
QFF,202504,2025-04-03 04:55:00,918.0,919.0,918.0,918.0,31
QFF,202504,2025-04-03 04:56:00,918.0,918.0,917.0,918.0,79
QFF,202504,2025-04-03 04:57:00,917.0,919.0,917.0,919.0,32
QFF,202504,2025-04-03 04:58:00,919.0,922.0,919.0,922.0,53
QFF,202504,2025-04-03 04:59:00,922.0,923.0,920.0,922.0,55
QFF,202504/202505,2025-04-02 21:50:00,1.6,1.6,1.6,1.6,34
QFF,202504/202505,2025-04-02 22:27:00,1.6,1.6,1.6,1.6,14
QFF,202504/202505,2025-04-03 02:33:00,1.6,1.6,1.6,1.6,10
QFF,202504/202505,2025-04-03 02:34:00,1.61,1.61,1.61,1.61,2
QFF,202504/202505,2025-04-03 02:48:00,1.6,1.6,1.6,1.6,22
QFF,202504/202505,2025-04-03 03:42:00,1.61,1.61,1.61,1.61,26
QFF,202504/202505,2025-04-03 04:19:00,1.61,1.61,1.61,1.61,20
QFF,202504/202505,2025-04-03 04:21:00,1.6,1.6,1.6,1.6,10
QFF,202504/202505,2025-04-03 04:28:00,1.6,1.6,1.6,1.6,120
QFF,202504/202506,2025-04-02 18:48:00,3.3,3.3,3.3,3.3,2
QFF,202504/202506,2025-04-03 00:40:00,3.31,3.31,3.31,3.31,2
QFF,202504/202506,2025-04-03 01:29:00,3.31,3.31,3.31,3.31,2
QFF,202505,2025-04-02 17:32:00,945.0,945.0,945.0,945.0,1
QFF,202505,2025-04-02 17:35:00,946.0,946.0,946.0,946.0,2
QFF,202505,2025-04-02 17:36:00,946.0,946.0,946.0,946.0,3
QFF,202505,2025-04-02 17:37:00,947.0,947.0,947.0,947.0,2
QFF,202505,2025-04-02 17:38:00,947.0,947.0,947.0,947.0,5
QFF,202505,2025-04-02 18:02:00,945.0,945.0,945.0,945.0,13
QFF,202505,2025-04-02 18:04:00,944.0,944.0,944.0,944.0,2
QFF,202505,2025-04-02 18:07:00,944.0,944.0,944.0,944.0,1
QFF,202505,2025-04-02 18:14:00,944.0,944.0,944.0,944.0,1
QFF,202505,2025-04-02 18:30:00,944.0,944.0,944.0,944.0,1
QFF,202505,2025-04-02 18:31:00,943.0,943.0,941.0,941.0,27
QFF,202505,2025-04-02 18:34:00,941.0,941.0,941.0,941.0,1
QFF,202505,2025-04-02 18:37:00,941.0,941.0,941.0,941.0,1
QFF,202505,2025-04-02 18:43:00,941.0,941.0,941.0,941.0,1
QFF,202505,2025-04-02 18:47:00,942.0,942.0,942.0,942.0,10
QFF,202505,2025-04-02 18:48:00,942.0,942.0,942.0,942.0,1
QFF,202505,2025-04-02 18:56:00,942.0,942.0,942.0,942.0,15
QFF,202505,2025-04-02 19:27:00,944.0,944.0,944.0,944.0,2
QFF,202505,2025-04-02 19:31:00,943.0,943.0,943.0,943.0,1
QFF,202505,2025-04-02 19:32:00,943.0,943.0,943.0,943.0,1
QFF,202505,2025-04-02 19:48:00,944.0,944.0,944.0,944.0,1
QFF,202505,2025-04-02 20:03:00,942.0,942.0,942.0,942.0,4
QFF,202505,2025-04-02 20:04:00,942.0,942.0,942.0,942.0,2
QFF,202505,2025-04-02 20:09:00,941.0,941.0,941.0,941.0,4
QFF,202505,2025-04-02 20:12:00,941.0,941.0,941.0,941.0,1
QFF,202505,2025-04-02 20:14:00,941.0,941.0,941.0,941.0,2
QFF,202505,2025-04-02 20:15:00,942.0,942.0,942.0,942.0,1
QFF,202505,2025-04-02 20:16:00,941.0,941.0,941.0,941.0,1
QFF,202505,2025-04-02 20:18:00,941.0,941.0,941.0,941.0,1
QFF,202505,2025-04-02 20:19:00,941.0,941.0,941.0,941.0,1
QFF,202505,2025-04-02 20:21:00,941.0,941.0,941.0,941.0,1
QFF,202505,2025-04-02 20:26:00,941.0,941.0,941.0,941.0,1
QFF,202505,2025-04-02 20:32:00,940.0,940.0,940.0,940.0,1
QFF,202505,2025-04-02 20:33:00,940.0,940.0,940.0,940.0,5
QFF,202505,2025-04-02 20:39:00,940.0,940.0,940.0,940.0,1
QFF,202505,2025-04-02 20:43:00,940.0,940.0,940.0,940.0,1
QFF,202505,2025-04-02 20:45:00,940.0,940.0,940.0,940.0,1
QFF,202505,2025-04-02 20:48:00,941.0,941.0,941.0,941.0,1
QFF,202505,2025-04-02 20:50:00,941.0,941.0,941.0,941.0,3
QFF,202505,2025-04-02 20:52:00,941.0,941.0,941.0,941.0,5
QFF,202505,2025-04-02 20:55:00,941.0,941.0,941.0,941.0,1
QFF,202505,2025-04-02 20:57:00,941.0,941.0,941.0,941.0,1
QFF,202505,2025-04-02 20:58:00,941.0,941.0,941.0,941.0,10
QFF,202505,2025-04-02 21:04:00,941.0,941.0,941.0,941.0,1
QFF,202505,2025-04-02 21:16:00,941.0,941.0,941.0,941.0,2
QFF,202505,2025-04-02 21:28:00,940.0,940.0,940.0,940.0,1
QFF,202505,2025-04-02 21:31:00,940.0,940.0,940.0,940.0,3
QFF,202505,2025-04-02 21:32:00,940.0,940.0,940.0,940.0,1
QFF,202505,2025-04-02 21:33:00,941.0,941.0,941.0,941.0,2
QFF,202505,2025-04-02 21:34:00,942.0,942.0,942.0,942.0,1
QFF,202505,2025-04-02 21:35:00,943.0,943.0,943.0,943.0,3
QFF,202505,2025-04-02 21:36:00,944.0,944.0,944.0,944.0,1
QFF,202505,2025-04-02 21:37:00,945.0,946.0,945.0,946.0,3
QFF,202505,2025-04-02 21:38:00,946.0,946.0,946.0,946.0,2
QFF,202505,2025-04-02 21:39:00,946.0,946.0,946.0,946.0,1
QFF,202505,2025-04-02 21:40:00,945.0,946.0,945.0,946.0,2
QFF,202505,2025-04-02 21:41:00,946.0,946.0,946.0,946.0,1
QFF,202505,2025-04-02 21:42:00,945.0,945.0,945.0,945.0,2
QFF,202505,2025-04-02 21:44:00,945.0,945.0,945.0,945.0,3
QFF,202505,2025-04-02 21:45:00,946.0,947.0,946.0,947.0,2
QFF,202505,2025-04-02 21:46:00,947.0,948.0,947.0,948.0,4
QFF,202505,2025-04-02 21:48:00,948.0,948.0,947.0,947.0,2
QFF,202505,2025-04-02 21:50:00,948.0,948.0,948.0,948.0,6
QFF,202505,2025-04-02 21:52:00,948.0,948.0,948.0,948.0,1
QFF,202505,2025-04-02 21:53:00,948.0,948.0,948.0,948.0,1
QFF,202505,2025-04-02 21:56:00,947.0,947.0,947.0,947.0,1
QFF,202505,2025-04-02 21:57:00,947.0,947.0,947.0,947.0,2
QFF,202505,2025-04-02 22:00:00,947.0,947.0,947.0,947.0,2
QFF,202505,2025-04-02 22:01:00,948.0,948.0,948.0,948.0,8
QFF,202505,2025-04-02 22:02:00,949.0,949.0,949.0,949.0,7
QFF,202505,2025-04-02 22:03:00,950.0,950.0,950.0,950.0,2
QFF,202505,2025-04-02 22:04:00,950.0,951.0,950.0,950.0,4
QFF,202505,2025-04-02 22:05:00,950.0,950.0,950.0,950.0,6
QFF,202505,2025-04-02 22:06:00,950.0,950.0,950.0,950.0,12
QFF,202505,2025-04-02 22:07:00,950.0,950.0,950.0,950.0,1
QFF,202505,2025-04-02 22:08:00,949.0,949.0,949.0,949.0,2
QFF,202505,2025-04-02 22:09:00,948.0,948.0,948.0,948.0,5
QFF,202505,2025-04-02 22:11:00,948.0,948.0,948.0,948.0,3
QFF,202505,2025-04-02 22:14:00,949.0,949.0,948.0,948.0,5
QFF,202505,2025-04-02 22:17:00,948.0,948.0,948.0,948.0,1
QFF,202505,2025-04-02 22:18:00,948.0,948.0,948.0,948.0,1
QFF,202505,2025-04-02 22:24:00,949.0,949.0,949.0,949.0,7
QFF,202505,2025-04-02 22:25:00,949.0,949.0,949.0,949.0,3
QFF,202505,2025-04-02 22:29:00,949.0,949.0,949.0,949.0,2
QFF,202505,2025-04-02 22:31:00,949.0,949.0,949.0,949.0,1
QFF,202505,2025-04-02 22:34:00,949.0,949.0,949.0,949.0,1
QFF,202505,2025-04-02 22:35:00,949.0,949.0,949.0,949.0,4
QFF,202505,2025-04-02 22:39:00,949.0,949.0,949.0,949.0,1
QFF,202505,2025-04-02 22:42:00,949.0,949.0,949.0,949.0,1
QFF,202505,2025-04-02 22:44:00,949.0,949.0,949.0,949.0,1
QFF,202505,2025-04-02 22:47:00,949.0,949.0,949.0,949.0,2
QFF,202505,2025-04-02 22:50:00,949.0,949.0,949.0,949.0,1
QFF,202505,2025-04-02 22:52:00,950.0,950.0,950.0,950.0,40
QFF,202505,2025-04-02 22:53:00,950.0,950.0,950.0,950.0,2
QFF,202505,2025-04-02 22:55:00,950.0,950.0,950.0,950.0,1
QFF,202505,2025-04-02 22:56:00,950.0,950.0,950.0,950.0,3
QFF,202505,2025-04-02 22:58:00,950.0,951.0,950.0,950.0,3
QFF,202505,2025-04-02 23:00:00,950.0,950.0,950.0,950.0,3
QFF,202505,2025-04-02 23:01:00,950.0,950.0,950.0,950.0,1
QFF,202505,2025-04-02 23:03:00,950.0,951.0,950.0,951.0,6
QFF,202505,2025-04-02 23:04:00,951.0,951.0,951.0,951.0,5
QFF,202505,2025-04-02 23:05:00,950.0,950.0,950.0,950.0,1
QFF,202505,2025-04-02 23:08:00,950.0,951.0,950.0,951.0,7
QFF,202505,2025-04-02 23:09:00,951.0,951.0,951.0,951.0,2
QFF,202505,2025-04-02 23:14:00,950.0,950.0,950.0,950.0,4
QFF,202505,2025-04-02 23:20:00,951.0,951.0,951.0,951.0,4
QFF,202505,2025-04-02 23:21:00,952.0,952.0,952.0,952.0,5
QFF,202505,2025-04-02 23:22:00,952.0,952.0,952.0,952.0,1
QFF,202505,2025-04-02 23:24:00,953.0,953.0,953.0,953.0,12
QFF,202505,2025-04-02 23:25:00,953.0,953.0,953.0,953.0,11
QFF,202505,2025-04-02 23:26:00,954.0,954.0,954.0,954.0,1
QFF,202505,2025-04-02 23:27:00,954.0,954.0,954.0,954.0,3
QFF,202505,2025-04-02 23:28:00,954.0,954.0,954.0,954.0,1
QFF,202505,2025-04-02 23:30:00,955.0,955.0,955.0,955.0,3
QFF,202505,2025-04-02 23:33:00,954.0,954.0,954.0,954.0,2
QFF,202505,2025-04-02 23:36:00,954.0,955.0,954.0,955.0,62
QFF,202505,2025-04-02 23:37:00,954.0,955.0,954.0,954.0,9
QFF,202505,2025-04-02 23:38:00,954.0,954.0,954.0,954.0,11
QFF,202505,2025-04-02 23:40:00,954.0,954.0,954.0,954.0,1
QFF,202505,2025-04-02 23:41:00,954.0,954.0,954.0,954.0,4
QFF,202505,2025-04-02 23:45:00,953.0,953.0,953.0,953.0,11
QFF,202505,2025-04-02 23:48:00,952.0,952.0,952.0,952.0,1
QFF,202505,2025-04-02 23:52:00,952.0,952.0,952.0,952.0,1
QFF,202505,2025-04-02 23:53:00,952.0,952.0,952.0,952.0,2
QFF,202505,2025-04-02 23:57:00,953.0,953.0,953.0,953.0,4
QFF,202505,2025-04-02 23:58:00,953.0,953.0,953.0,953.0,5
QFF,202505,2025-04-03 00:01:00,953.0,953.0,953.0,953.0,1
QFF,202505,2025-04-03 00:03:00,953.0,953.0,953.0,953.0,5
QFF,202505,2025-04-03 00:10:00,953.0,953.0,953.0,953.0,1
QFF,202505,2025-04-03 00:12:00,954.0,954.0,954.0,954.0,5
QFF,202505,2025-04-03 00:16:00,955.0,955.0,955.0,955.0,13
QFF,202505,2025-04-03 00:18:00,955.0,955.0,955.0,955.0,1
QFF,202505,2025-04-03 00:19:00,955.0,955.0,955.0,955.0,1
QFF,202505,2025-04-03 00:20:00,955.0,955.0,955.0,955.0,1
QFF,202505,2025-04-03 00:21:00,955.0,955.0,955.0,955.0,1
QFF,202505,2025-04-03 00:23:00,956.0,956.0,956.0,956.0,13
QFF,202505,2025-04-03 00:25:00,956.0,956.0,956.0,956.0,4
QFF,202505,2025-04-03 00:26:00,957.0,957.0,957.0,957.0,1
QFF,202505,2025-04-03 00:27:00,957.0,957.0,956.0,956.0,6
QFF,202505,2025-04-03 00:28:00,957.0,957.0,957.0,957.0,7
QFF,202505,2025-04-03 00:29:00,957.0,957.0,957.0,957.0,4
QFF,202505,2025-04-03 00:30:00,957.0,957.0,957.0,957.0,8
QFF,202505,2025-04-03 00:31:00,957.0,957.0,957.0,957.0,16
QFF,202505,2025-04-03 00:32:00,957.0,957.0,957.0,957.0,2
QFF,202505,2025-04-03 00:34:00,957.0,958.0,957.0,958.0,3
QFF,202505,2025-04-03 00:37:00,956.0,956.0,956.0,956.0,1
QFF,202505,2025-04-03 00:38:00,956.0,956.0,956.0,956.0,2
QFF,202505,2025-04-03 00:39:00,956.0,956.0,956.0,956.0,1
QFF,202505,2025-04-03 00:40:00,957.0,957.0,957.0,957.0,20
QFF,202505,2025-04-03 00:44:00,957.0,957.0,957.0,957.0,4
QFF,202505,2025-04-03 00:45:00,958.0,958.0,958.0,958.0,1
QFF,202505,2025-04-03 00:46:00,957.0,957.0,957.0,957.0,5
QFF,202505,2025-04-03 00:49:00,958.0,958.0,958.0,958.0,16
QFF,202505,2025-04-03 00:51:00,958.0,958.0,958.0,958.0,1
QFF,202505,2025-04-03 00:55:00,958.0,958.0,958.0,958.0,21
QFF,202505,2025-04-03 00:58:00,958.0,958.0,958.0,958.0,4
QFF,202505,2025-04-03 01:01:00,958.0,959.0,958.0,959.0,3
QFF,202505,2025-04-03 01:03:00,959.0,959.0,959.0,959.0,1
QFF,202505,2025-04-03 01:05:00,958.0,958.0,958.0,958.0,2
QFF,202505,2025-04-03 01:06:00,958.0,958.0,958.0,958.0,1
QFF,202505,2025-04-03 01:07:00,958.0,958.0,958.0,958.0,24
QFF,202505,2025-04-03 01:09:00,958.0,958.0,958.0,958.0,2
QFF,202505,2025-04-03 01:10:00,959.0,959.0,959.0,959.0,2
QFF,202505,2025-04-03 01:12:00,959.0,959.0,959.0,959.0,2
QFF,202505,2025-04-03 01:13:00,960.0,960.0,960.0,960.0,20
QFF,202505,2025-04-03 01:14:00,960.0,960.0,960.0,960.0,1
QFF,202505,2025-04-03 01:19:00,960.0,960.0,960.0,960.0,1
QFF,202505,2025-04-03 01:21:00,960.0,960.0,959.0,959.0,7
QFF,202505,2025-04-03 01:23:00,958.0,958.0,958.0,958.0,1
QFF,202505,2025-04-03 01:24:00,958.0,958.0,958.0,958.0,3
QFF,202505,2025-04-03 01:28:00,958.0,958.0,958.0,958.0,3
QFF,202505,2025-04-03 01:30:00,958.0,958.0,958.0,958.0,2
QFF,202505,2025-04-03 01:34:00,957.0,957.0,957.0,957.0,7
QFF,202505,2025-04-03 01:36:00,956.0,956.0,956.0,956.0,2
QFF,202505,2025-04-03 01:37:00,956.0,956.0,956.0,956.0,6
QFF,202505,2025-04-03 01:38:00,956.0,956.0,956.0,956.0,3
QFF,202505,2025-04-03 01:40:00,956.0,956.0,956.0,956.0,1
QFF,202505,2025-04-03 01:42:00,955.0,955.0,955.0,955.0,2
QFF,202505,2025-04-03 01:48:00,954.0,954.0,954.0,954.0,4
QFF,202505,2025-04-03 01:52:00,953.0,953.0,953.0,953.0,1
QFF,202505,2025-04-03 01:54:00,953.0,954.0,953.0,954.0,5
QFF,202505,2025-04-03 01:59:00,954.0,954.0,954.0,954.0,1
QFF,202505,2025-04-03 02:01:00,954.0,954.0,954.0,954.0,1
QFF,202505,2025-04-03 02:03:00,955.0,955.0,954.0,954.0,2
QFF,202505,2025-04-03 02:05:00,953.0,953.0,953.0,953.0,3
QFF,202505,2025-04-03 02:06:00,952.0,952.0,951.0,952.0,21
QFF,202505,2025-04-03 02:07:00,951.0,951.0,951.0,951.0,1
QFF,202505,2025-04-03 02:11:00,952.0,952.0,952.0,952.0,1
QFF,202505,2025-04-03 02:12:00,952.0,952.0,952.0,952.0,1
QFF,202505,2025-04-03 02:13:00,952.0,952.0,952.0,952.0,2
QFF,202505,2025-04-03 02:21:00,952.0,952.0,952.0,952.0,1
QFF,202505,2025-04-03 02:23:00,952.0,952.0,952.0,952.0,2
QFF,202505,2025-04-03 02:24:00,952.0,952.0,952.0,952.0,2
QFF,202505,2025-04-03 02:25:00,952.0,952.0,952.0,952.0,1
QFF,202505,2025-04-03 02:29:00,951.0,951.0,951.0,951.0,14
QFF,202505,2025-04-03 02:31:00,951.0,951.0,951.0,951.0,1
QFF,202505,2025-04-03 02:32:00,950.0,950.0,950.0,950.0,8
QFF,202505,2025-04-03 02:33:00,951.0,951.0,951.0,951.0,1
QFF,202505,2025-04-03 02:38:00,952.0,952.0,952.0,952.0,1
QFF,202505,2025-04-03 02:40:00,953.0,953.0,953.0,953.0,1
QFF,202505,2025-04-03 02:43:00,954.0,954.0,954.0,954.0,1
QFF,202505,2025-04-03 02:44:00,953.0,953.0,953.0,953.0,1
QFF,202505,2025-04-03 02:46:00,953.0,953.0,953.0,953.0,1
QFF,202505,2025-04-03 02:47:00,953.0,953.0,953.0,953.0,10
QFF,202505,2025-04-03 02:52:00,952.0,952.0,952.0,952.0,1
QFF,202505,2025-04-03 03:00:00,952.0,952.0,952.0,952.0,1
QFF,202505,2025-04-03 03:09:00,953.0,953.0,953.0,953.0,1
QFF,202505,2025-04-03 03:14:00,953.0,953.0,953.0,953.0,1
QFF,202505,2025-04-03 03:19:00,952.0,952.0,952.0,952.0,1
QFF,202505,2025-04-03 03:28:00,954.0,954.0,954.0,954.0,1
QFF,202505,2025-04-03 03:30:00,954.0,954.0,954.0,954.0,1
QFF,202505,2025-04-03 03:32:00,955.0,955.0,955.0,955.0,10
QFF,202505,2025-04-03 03:33:00,956.0,956.0,956.0,956.0,2
QFF,202505,2025-04-03 03:34:00,956.0,956.0,956.0,956.0,1
QFF,202505,2025-04-03 03:38:00,957.0,957.0,957.0,957.0,10
QFF,202505,2025-04-03 03:42:00,957.0,957.0,957.0,957.0,2
QFF,202505,2025-04-03 03:44:00,958.0,958.0,958.0,958.0,18
QFF,202505,2025-04-03 03:45:00,958.0,958.0,958.0,958.0,2
QFF,202505,2025-04-03 03:46:00,958.0,958.0,958.0,958.0,4
QFF,202505,2025-04-03 03:49:00,958.0,958.0,958.0,958.0,1
QFF,202505,2025-04-03 03:50:00,957.0,957.0,957.0,957.0,5
QFF,202505,2025-04-03 03:54:00,958.0,958.0,958.0,958.0,5
QFF,202505,2025-04-03 03:56:00,959.0,959.0,959.0,959.0,5
QFF,202505,2025-04-03 03:57:00,958.0,958.0,958.0,958.0,5
QFF,202505,2025-04-03 03:59:00,958.0,958.0,958.0,958.0,1
QFF,202505,2025-04-03 04:01:00,958.0,958.0,958.0,958.0,11
QFF,202505,2025-04-03 04:03:00,957.0,957.0,957.0,957.0,5
QFF,202505,2025-04-03 04:04:00,957.0,957.0,957.0,957.0,6
QFF,202505,2025-04-03 04:05:00,957.0,958.0,957.0,958.0,5
QFF,202505,2025-04-03 04:11:00,957.0,957.0,957.0,957.0,18
QFF,202505,2025-04-03 04:13:00,958.0,959.0,958.0,959.0,13
QFF,202505,2025-04-03 04:14:00,960.0,960.0,960.0,960.0,18
QFF,202505,2025-04-03 04:15:00,961.0,961.0,961.0,961.0,27
QFF,202505,2025-04-03 04:16:00,961.0,961.0,961.0,961.0,2
QFF,202505,2025-04-03 04:17:00,962.0,963.0,962.0,963.0,21
QFF,202505,2025-04-03 04:18:00,964.0,964.0,960.0,960.0,38
QFF,202505,2025-04-03 04:25:00,960.0,960.0,960.0,960.0,4
QFF,202505,2025-04-03 04:27:00,960.0,960.0,953.0,953.0,46
QFF,202505,2025-04-03 04:28:00,952.0,952.0,946.0,946.0,115
QFF,202505,2025-04-03 04:29:00,946.0,946.0,940.0,940.0,47
QFF,202505,2025-04-03 04:30:00,940.0,940.0,935.0,935.0,170
QFF,202505,2025-04-03 04:31:00,935.0,940.0,934.0,940.0,50
QFF,202505,2025-04-03 04:32:00,940.0,944.0,940.0,943.0,60
QFF,202505,2025-04-03 04:33:00,939.0,939.0,939.0,939.0,6
QFF,202505,2025-04-03 04:34:00,939.0,939.0,937.0,937.0,2
QFF,202505,2025-04-03 04:35:00,937.0,937.0,937.0,937.0,13
QFF,202505,2025-04-03 04:36:00,936.0,936.0,935.0,935.0,11
QFF,202505,2025-04-03 04:37:00,935.0,935.0,934.0,934.0,30
QFF,202505,2025-04-03 04:38:00,933.0,933.0,933.0,933.0,5
QFF,202505,2025-04-03 04:39:00,934.0,934.0,932.0,933.0,76
QFF,202505,2025-04-03 04:40:00,933.0,933.0,932.0,932.0,6
QFF,202505,2025-04-03 04:41:00,931.0,931.0,931.0,931.0,1
QFF,202505,2025-04-03 04:42:00,931.0,931.0,930.0,930.0,15
QFF,202505,2025-04-03 04:44:00,930.0,930.0,928.0,928.0,33
QFF,202505,2025-04-03 04:45:00,927.0,927.0,925.0,925.0,24
QFF,202505,2025-04-03 04:46:00,925.0,925.0,923.0,923.0,36
QFF,202505,2025-04-03 04:47:00,924.0,924.0,923.0,923.0,7
QFF,202505,2025-04-03 04:48:00,923.0,923.0,921.0,921.0,11
QFF,202505,2025-04-03 04:49:00,921.0,921.0,920.0,921.0,12
QFF,202505,2025-04-03 04:50:00,921.0,921.0,921.0,921.0,3
QFF,202505,2025-04-03 04:51:00,920.0,920.0,920.0,920.0,6
QFF,202505,2025-04-03 04:52:00,920.0,921.0,920.0,920.0,42
QFF,202505,2025-04-03 04:53:00,920.0,920.0,919.0,919.0,21
QFF,202505,2025-04-03 04:55:00,920.0,920.0,920.0,920.0,34
QFF,202505,2025-04-03 04:56:00,919.0,919.0,919.0,919.0,4
QFF,202505,2025-04-03 04:57:00,919.0,920.0,919.0,920.0,2
QFF,202505,2025-04-03 04:58:00,921.0,924.0,921.0,924.0,15
QFF,202505,2025-04-03 04:59:00,924.0,924.0,921.0,923.0,7
QFF,202505/202506,2025-04-02 18:36:00,1.71,1.71,1.71,1.71,2
QFF,202505/202506,2025-04-03 00:17:00,1.7,1.7,1.7,1.7,18
QFF,202505/202506,2025-04-03 00:40:00,1.7,1.7,1.7,1.7,22
QFF,202505/202506,2025-04-03 01:00:00,1.7,1.7,1.7,1.7,10
QFF,202505/202512,2025-04-03 01:30:00,11.11,11.11,11.11,11.11,2
QFF,202506,2025-04-02 17:28:00,946.0,946.0,946.0,946.0,1
QFF,202506,2025-04-02 17:33:00,948.0,948.0,948.0,948.0,2
QFF,202506,2025-04-02 17:34:00,948.0,948.0,948.0,948.0,1
QFF,202506,2025-04-02 17:35:00,947.0,947.0,947.0,947.0,1
QFF,202506,2025-04-02 17:59:00,947.0,947.0,947.0,947.0,1
QFF,202506,2025-04-02 18:04:00,946.0,946.0,946.0,946.0,1
QFF,202506,2025-04-02 18:31:00,945.0,945.0,943.0,943.0,4
QFF,202506,2025-04-02 18:34:00,942.0,942.0,942.0,942.0,1
QFF,202506,2025-04-02 18:43:00,942.0,942.0,942.0,942.0,1
QFF,202506,2025-04-02 18:48:00,945.0,945.0,945.0,945.0,1
QFF,202506,2025-04-02 19:19:00,945.0,945.0,945.0,945.0,1
QFF,202506,2025-04-02 19:31:00,945.0,945.0,945.0,945.0,1
QFF,202506,2025-04-02 20:02:00,945.0,945.0,945.0,945.0,1
QFF,202506,2025-04-02 20:03:00,944.0,944.0,944.0,944.0,1
QFF,202506,2025-04-02 20:09:00,943.0,943.0,943.0,943.0,1
QFF,202506,2025-04-02 20:14:00,942.0,942.0,942.0,942.0,3
QFF,202506,2025-04-02 20:16:00,942.0,942.0,942.0,942.0,2
QFF,202506,2025-04-02 20:38:00,942.0,942.0,942.0,942.0,3
QFF,202506,2025-04-02 20:43:00,942.0,942.0,942.0,942.0,1
QFF,202506,2025-04-02 20:48:00,942.0,942.0,942.0,942.0,1
QFF,202506,2025-04-02 20:50:00,942.0,942.0,942.0,942.0,4
QFF,202506,2025-04-02 21:14:00,943.0,943.0,943.0,943.0,1
QFF,202506,2025-04-02 21:19:00,943.0,943.0,943.0,943.0,1
QFF,202506,2025-04-02 21:26:00,942.0,942.0,942.0,942.0,2
QFF,202506,2025-04-02 21:34:00,944.0,944.0,944.0,944.0,1
QFF,202506,2025-04-02 21:36:00,946.0,946.0,946.0,946.0,1
QFF,202506,2025-04-02 21:37:00,948.0,948.0,948.0,948.0,1
QFF,202506,2025-04-02 21:40:00,947.0,948.0,947.0,948.0,2
QFF,202506,2025-04-02 21:45:00,948.0,948.0,948.0,948.0,1
QFF,202506,2025-04-02 21:46:00,949.0,950.0,949.0,950.0,2
QFF,202506,2025-04-02 21:50:00,950.0,950.0,950.0,950.0,1
QFF,202506,2025-04-02 21:51:00,950.0,950.0,950.0,950.0,1
QFF,202506,2025-04-02 22:01:00,950.0,950.0,950.0,950.0,1
QFF,202506,2025-04-02 22:03:00,951.0,951.0,951.0,951.0,1
QFF,202506,2025-04-02 22:08:00,951.0,951.0,951.0,951.0,1
QFF,202506,2025-04-02 22:15:00,951.0,951.0,950.0,950.0,3
QFF,202506,2025-04-02 22:17:00,950.0,950.0,950.0,950.0,1
QFF,202506,2025-04-02 22:18:00,950.0,950.0,950.0,950.0,1
QFF,202506,2025-04-02 22:20:00,950.0,950.0,950.0,950.0,1
QFF,202506,2025-04-02 22:28:00,950.0,950.0,950.0,950.0,1
QFF,202506,2025-04-02 22:37:00,950.0,950.0,950.0,950.0,1
QFF,202506,2025-04-02 22:38:00,950.0,950.0,950.0,950.0,3
QFF,202506,2025-04-02 22:52:00,951.0,951.0,951.0,951.0,1
QFF,202506,2025-04-02 22:58:00,952.0,952.0,952.0,952.0,6
QFF,202506,2025-04-02 23:00:00,952.0,952.0,952.0,952.0,1
QFF,202506,2025-04-02 23:03:00,952.0,952.0,952.0,952.0,3
QFF,202506,2025-04-02 23:08:00,953.0,953.0,953.0,953.0,1
QFF,202506,2025-04-02 23:09:00,953.0,953.0,953.0,953.0,1
QFF,202506,2025-04-02 23:10:00,953.0,953.0,953.0,953.0,1
QFF,202506,2025-04-02 23:13:00,952.0,952.0,952.0,952.0,1
QFF,202506,2025-04-02 23:14:00,952.0,952.0,952.0,952.0,1
QFF,202506,2025-04-02 23:15:00,951.0,951.0,951.0,951.0,1
QFF,202506,2025-04-02 23:20:00,952.0,952.0,952.0,952.0,1
QFF,202506,2025-04-02 23:21:00,953.0,954.0,953.0,954.0,2
QFF,202506,2025-04-02 23:22:00,954.0,954.0,954.0,954.0,2
QFF,202506,2025-04-02 23:24:00,954.0,954.0,954.0,954.0,1
QFF,202506,2025-04-02 23:25:00,954.0,955.0,954.0,955.0,22
QFF,202506,2025-04-02 23:26:00,955.0,955.0,955.0,955.0,1
QFF,202506,2025-04-02 23:29:00,955.0,956.0,955.0,956.0,6
QFF,202506,2025-04-02 23:30:00,956.0,956.0,956.0,956.0,2
QFF,202506,2025-04-02 23:31:00,956.0,956.0,956.0,956.0,1
QFF,202506,2025-04-02 23:32:00,955.0,955.0,955.0,955.0,1
QFF,202506,2025-04-02 23:34:00,955.0,955.0,955.0,955.0,1
QFF,202506,2025-04-02 23:36:00,956.0,956.0,956.0,956.0,1
QFF,202506,2025-04-02 23:37:00,956.0,956.0,956.0,956.0,2
QFF,202506,2025-04-02 23:40:00,956.0,956.0,956.0,956.0,1
QFF,202506,2025-04-02 23:41:00,956.0,956.0,956.0,956.0,2
QFF,202506,2025-04-02 23:58:00,955.0,955.0,955.0,955.0,1
QFF,202506,2025-04-03 00:12:00,956.0,956.0,956.0,956.0,2
QFF,202506,2025-04-03 00:14:00,957.0,957.0,957.0,957.0,2
QFF,202506,2025-04-03 00:16:00,957.0,957.0,957.0,957.0,2
QFF,202506,2025-04-03 00:17:00,957.0,957.0,957.0,957.0,2
QFF,202506,2025-04-03 00:18:00,957.0,957.0,957.0,957.0,5
QFF,202506,2025-04-03 00:20:00,957.0,957.0,957.0,957.0,1
QFF,202506,2025-04-03 00:25:00,958.0,958.0,958.0,958.0,3
QFF,202506,2025-04-03 00:28:00,958.0,958.0,958.0,958.0,1
QFF,202506,2025-04-03 00:30:00,959.0,959.0,959.0,959.0,2
QFF,202506,2025-04-03 00:32:00,959.0,959.0,959.0,959.0,1
QFF,202506,2025-04-03 00:33:00,959.0,959.0,959.0,959.0,4
QFF,202506,2025-04-03 00:44:00,959.0,959.0,959.0,959.0,1
QFF,202506,2025-04-03 00:50:00,960.0,960.0,960.0,960.0,3
QFF,202506,2025-04-03 00:51:00,960.0,960.0,960.0,960.0,1
QFF,202506,2025-04-03 00:52:00,960.0,960.0,960.0,960.0,6
QFF,202506,2025-04-03 00:55:00,960.0,960.0,960.0,960.0,1
QFF,202506,2025-04-03 00:58:00,961.0,961.0,961.0,961.0,1
QFF,202506,2025-04-03 01:04:00,960.0,960.0,960.0,960.0,2
QFF,202506,2025-04-03 01:09:00,960.0,960.0,960.0,960.0,1
QFF,202506,2025-04-03 01:12:00,961.0,961.0,961.0,961.0,2
QFF,202506,2025-04-03 01:14:00,961.0,961.0,961.0,961.0,1
QFF,202506,2025-04-03 01:25:00,961.0,961.0,961.0,961.0,1
QFF,202506,2025-04-03 01:27:00,960.0,960.0,960.0,960.0,1
QFF,202506,2025-04-03 01:38:00,958.0,958.0,958.0,958.0,1
QFF,202506,2025-04-03 01:40:00,958.0,958.0,958.0,958.0,1
QFF,202506,2025-04-03 01:41:00,957.0,957.0,957.0,957.0,1
QFF,202506,2025-04-03 01:45:00,956.0,956.0,956.0,956.0,1
QFF,202506,2025-04-03 01:52:00,955.0,955.0,955.0,955.0,1
QFF,202506,2025-04-03 01:55:00,956.0,956.0,956.0,956.0,1
QFF,202506,2025-04-03 02:03:00,956.0,956.0,956.0,956.0,1
QFF,202506,2025-04-03 02:06:00,954.0,954.0,954.0,954.0,1
QFF,202506,2025-04-03 02:21:00,953.0,953.0,953.0,953.0,1
QFF,202506,2025-04-03 02:25:00,953.0,953.0,953.0,953.0,1
QFF,202506,2025-04-03 02:33:00,953.0,953.0,953.0,953.0,1
QFF,202506,2025-04-03 03:12:00,954.0,954.0,954.0,954.0,1
QFF,202506,2025-04-03 03:19:00,954.0,954.0,954.0,954.0,1
QFF,202506,2025-04-03 04:13:00,961.0,961.0,961.0,961.0,2
QFF,202506,2025-04-03 04:14:00,962.0,962.0,962.0,962.0,3
QFF,202506,2025-04-03 04:16:00,963.0,963.0,963.0,963.0,2
QFF,202506,2025-04-03 04:17:00,964.0,965.0,964.0,965.0,5
QFF,202506,2025-04-03 04:18:00,965.0,966.0,963.0,963.0,10
QFF,202506,2025-04-03 04:19:00,961.0,961.0,961.0,961.0,1
QFF,202506,2025-04-03 04:25:00,964.0,964.0,963.0,963.0,2
QFF,202506,2025-04-03 04:26:00,962.0,962.0,962.0,962.0,1
QFF,202506,2025-04-03 04:27:00,961.0,961.0,955.0,955.0,10
QFF,202506,2025-04-03 04:28:00,954.0,954.0,948.0,948.0,13
QFF,202506,2025-04-03 04:29:00,947.0,947.0,942.0,942.0,19
QFF,202506,2025-04-03 04:30:00,942.0,942.0,936.0,938.0,16
QFF,202506,2025-04-03 04:35:00,939.0,939.0,939.0,939.0,1
QFF,202506,2025-04-03 04:36:00,938.0,938.0,936.0,936.0,13
QFF,202506,2025-04-03 04:37:00,936.0,937.0,936.0,936.0,30
QFF,202506,2025-04-03 04:38:00,935.0,935.0,935.0,935.0,9
QFF,202506,2025-04-03 04:39:00,934.0,935.0,934.0,935.0,20
QFF,202506,2025-04-03 04:40:00,934.0,934.0,934.0,934.0,3
QFF,202506,2025-04-03 04:41:00,934.0,934.0,933.0,933.0,16
QFF,202506,2025-04-03 04:42:00,933.0,933.0,932.0,933.0,13
QFF,202506,2025-04-03 04:43:00,933.0,934.0,932.0,932.0,5
QFF,202506,2025-04-03 04:44:00,932.0,932.0,930.0,930.0,7
QFF,202506,2025-04-03 04:45:00,929.0,929.0,927.0,927.0,6
QFF,202506,2025-04-03 04:46:00,926.0,926.0,925.0,926.0,6
QFF,202506,2025-04-03 04:47:00,925.0,925.0,925.0,925.0,15
QFF,202506,2025-04-03 04:48:00,924.0,924.0,924.0,924.0,3
QFF,202506,2025-04-03 04:50:00,922.0,922.0,922.0,922.0,2
QFF,202506,2025-04-03 04:52:00,922.0,922.0,922.0,922.0,1
QFF,202506,2025-04-03 04:55:00,922.0,922.0,922.0,922.0,1
QFF,202506,2025-04-03 04:56:00,921.0,921.0,920.0,920.0,17
QFF,202506,2025-04-03 04:57:00,922.0,922.0,922.0,922.0,2
QFF,202506,2025-04-03 04:58:00,924.0,925.0,924.0,924.0,5
QFF,202506,2025-04-03 04:59:00,924.0,926.0,924.0,926.0,12
QFF,202509,2025-04-02 21:28:00,946.0,946.0,946.0,946.0,1
QFF,202509,2025-04-02 21:33:00,947.0,947.0,947.0,947.0,2
QFF,202509,2025-04-02 21:46:00,955.0,955.0,955.0,955.0,1
QFF,202509,2025-04-02 21:50:00,956.0,956.0,956.0,956.0,1
QFF,202509,2025-04-02 22:03:00,956.0,956.0,956.0,956.0,1
QFF,202509,2025-04-02 22:21:00,956.0,956.0,956.0,956.0,1
QFF,202509,2025-04-02 22:36:00,955.0,955.0,955.0,955.0,1
QFF,202509,2025-04-02 23:09:00,958.0,958.0,958.0,958.0,1
QFF,202509,2025-04-02 23:21:00,958.0,958.0,958.0,958.0,1
QFF,202509,2025-04-02 23:25:00,960.0,960.0,960.0,960.0,1
QFF,202509,2025-04-02 23:29:00,961.0,961.0,961.0,961.0,1
QFF,202509,2025-04-02 23:32:00,961.0,961.0,961.0,961.0,1
QFF,202509,2025-04-02 23:37:00,962.0,962.0,962.0,962.0,1
QFF,202509,2025-04-03 00:30:00,964.0,964.0,964.0,964.0,1
QFF,202509,2025-04-03 01:41:00,962.0,962.0,962.0,962.0,1
QFF,202509,2025-04-03 03:12:00,959.0,959.0,959.0,959.0,1
QFF,202509,2025-04-03 03:45:00,965.0,965.0,965.0,965.0,1
QFF,202509,2025-04-03 04:14:00,967.0,967.0,967.0,967.0,1
QFF,202509,2025-04-03 04:16:00,968.0,968.0,968.0,968.0,2
QFF,202509,2025-04-03 04:17:00,969.0,970.0,969.0,970.0,6
QFF,202509,2025-04-03 04:18:00,970.0,970.0,970.0,970.0,1
QFF,202509,2025-04-03 04:22:00,969.0,969.0,969.0,969.0,1
QFF,202509,2025-04-03 04:28:00,956.0,956.0,956.0,956.0,1
QFF,202509,2025-04-03 04:29:00,948.0,948.0,948.0,948.0,1
QFF,202509,2025-04-03 04:30:00,947.0,947.0,944.0,944.0,4
QFF,202509,2025-04-03 04:38:00,940.0,940.0,940.0,940.0,1
QFF,202509,2025-04-03 04:40:00,939.0,939.0,939.0,939.0,1
QFF,202509,2025-04-03 04:44:00,937.0,937.0,937.0,937.0,1
QFF,202509,2025-04-03 04:45:00,933.0,933.0,933.0,933.0,1
QFF,202509,2025-04-03 04:46:00,931.0,931.0,931.0,931.0,2
QFF,202509,2025-04-03 04:53:00,926.0,926.0,926.0,926.0,1
QFF,202512,2025-04-02 21:37:00,956.0,956.0,956.0,956.0,1
QFF,202512,2025-04-02 23:25:00,965.0,965.0,965.0,965.0,1
QFF,202512,2025-04-02 23:29:00,964.0,964.0,964.0,964.0,2
QFF,202512,2025-04-03 00:16:00,966.0,966.0,966.0,966.0,1
QFF,202512,2025-04-03 00:28:00,968.0,968.0,968.0,968.0,2
QFF,202512,2025-04-03 04:28:00,960.0,960.0,958.0,958.0,6
QFF,202512,2025-04-03 04:29:00,957.0,957.0,952.0,952.0,7
QFF,202512,2025-04-03 04:30:00,950.0,950.0,946.0,946.0,3
QFF,202512,2025-04-03 04:31:00,945.0,945.0,945.0,945.0,2
QFF,202512,2025-04-03 04:37:00,945.0,945.0,945.0,945.0,1
QFF,202512,2025-04-03 04:39:00,944.0,944.0,944.0,944.0,3
QFF,202512,2025-04-03 04:42:00,942.0,942.0,942.0,942.0,1
QFF,202512,2025-04-03 04:44:00,940.0,940.0,940.0,940.0,3
QFF,202512,2025-04-03 04:45:00,938.0,938.0,938.0,938.0,1
QFF,202512,2025-04-03 04:46:00,935.0,935.0,935.0,935.0,1
QFF,202512,2025-04-03 04:55:00,932.0,932.0,932.0,932.0,1
QFF,202512,2025-04-03 04:56:00,931.0,931.0,931.0,931.0,7
QFF,202512,2025-04-03 04:57:00,930.0,931.0,930.0,931.0,2
RTF,202504,2025-04-02 18:29:00,7.2756,7.2756,7.2756,7.2756,2
RZF,202504,2025-04-02 17:40:00,29.96,29.96,29.96,29.96,1
RZF,202504,2025-04-02 17:49:00,29.96,29.96,29.96,29.96,1
RZF,202504,2025-04-02 17:55:00,29.98,29.98,29.98,29.98,1
RZF,202504,2025-04-02 18:00:00,29.97,29.97,29.97,29.97,1
RZF,202504,2025-04-02 18:01:00,29.97,29.97,29.97,29.97,1
RZF,202504,2025-04-02 18:02:00,29.98,29.99,29.98,29.99,8
RZF,202504,2025-04-02 18:04:00,29.99,29.99,29.99,29.99,1
RZF,202504,2025-04-02 18:05:00,29.99,29.99,29.99,29.99,1
RZF,202504,2025-04-02 18:06:00,29.99,29.99,29.99,29.99,5
RZF,202504,2025-04-02 18:07:00,29.99,29.99,29.99,29.99,2
RZF,202504,2025-04-02 18:16:00,29.98,29.98,29.98,29.98,1
RZF,202504,2025-04-02 18:34:00,29.99,29.99,29.99,29.99,7
RZF,202504,2025-04-02 18:36:00,30.0,30.0,30.0,30.0,1
RZF,202504,2025-04-02 18:37:00,30.0,30.0,30.0,30.0,1
RZF,202504,2025-04-02 18:40:00,29.98,29.98,29.98,29.98,1
RZF,202504,2025-04-02 18:45:00,29.98,29.98,29.98,29.98,4
RZF,202504,2025-04-02 18:48:00,29.98,29.98,29.98,29.98,3
RZF,202504,2025-04-02 18:55:00,30.0,30.0,30.0,30.0,6
RZF,202504,2025-04-02 18:58:00,30.0,30.0,30.0,30.0,1
RZF,202504,2025-04-02 19:00:00,30.0,30.0,30.0,30.0,1
RZF,202504,2025-04-02 19:15:00,30.01,30.01,30.01,30.01,7
RZF,202504,2025-04-02 19:18:00,30.0,30.0,30.0,30.0,1
RZF,202504,2025-04-02 19:20:00,30.0,30.0,30.0,30.0,1
RZF,202504,2025-04-02 19:24:00,30.02,30.02,30.02,30.02,4
RZF,202504,2025-04-02 19:26:00,30.02,30.02,30.02,30.02,1
RZF,202504,2025-04-02 19:30:00,30.03,30.03,30.03,30.03,4
RZF,202504,2025-04-02 19:36:00,30.02,30.02,30.02,30.02,1
RZF,202504,2025-04-02 19:39:00,30.01,30.01,30.01,30.01,5
RZF,202504,2025-04-02 19:40:00,30.01,30.01,30.01,30.01,4
RZF,202504,2025-04-02 19:44:00,30.01,30.01,30.01,30.01,3
RZF,202504,2025-04-02 19:48:00,30.0,30.01,30.0,30.0,7
RZF,202504,2025-04-02 19:49:00,30.0,30.0,30.0,30.0,5
RZF,202504,2025-04-02 19:50:00,30.01,30.01,30.01,30.01,4
RZF,202504,2025-04-02 19:51:00,30.01,30.01,30.01,30.01,1
RZF,202504,2025-04-02 19:52:00,30.01,30.01,30.01,30.01,5
RZF,202504,2025-04-02 19:54:00,30.02,30.02,30.02,30.02,15
RZF,202504,2025-04-02 19:57:00,30.03,30.03,30.03,30.03,13
RZF,202504,2025-04-02 20:01:00,30.04,30.04,30.04,30.04,8
RZF,202504,2025-04-02 20:02:00,30.04,30.04,30.04,30.04,10
RZF,202504,2025-04-02 20:04:00,30.04,30.04,30.04,30.04,2
RZF,202504,2025-04-02 20:05:00,30.04,30.04,30.04,30.04,2
RZF,202504,2025-04-02 20:07:00,30.05,30.06,30.05,30.06,17
RZF,202504,2025-04-02 20:08:00,30.05,30.05,30.05,30.05,3
RZF,202504,2025-04-02 20:09:00,30.05,30.05,30.05,30.05,1
RZF,202504,2025-04-02 20:17:00,30.02,30.02,30.02,30.02,4
RZF,202504,2025-04-02 20:18:00,30.01,30.01,30.01,30.01,1
RZF,202504,2025-04-02 20:20:00,30.04,30.06,30.04,30.06,27
RZF,202504,2025-04-02 20:22:00,30.06,30.07,30.06,30.07,28
RZF,202504,2025-04-02 20:23:00,30.07,30.07,30.07,30.07,35
RZF,202504,2025-04-02 20:24:00,30.07,30.07,30.07,30.07,1
RZF,202504,2025-04-02 20:25:00,30.07,30.09,30.07,30.09,51
RZF,202504,2025-04-02 20:26:00,30.09,30.1,30.09,30.09,51
RZF,202504,2025-04-02 20:27:00,30.09,30.09,30.09,30.09,3
RZF,202504,2025-04-02 20:28:00,30.1,30.1,30.1,30.1,9
RZF,202504,2025-04-02 20:29:00,30.1,30.1,30.09,30.09,18
RZF,202504,2025-04-02 20:30:00,30.1,30.1,30.1,30.1,6
RZF,202504,2025-04-02 20:31:00,30.09,30.09,30.08,30.08,6
RZF,202504,2025-04-02 20:36:00,30.08,30.08,30.08,30.08,2
RZF,202504,2025-04-02 20:37:00,30.08,30.08,30.08,30.08,1
RZF,202504,2025-04-02 20:39:00,30.08,30.08,30.08,30.08,1
RZF,202504,2025-04-02 20:40:00,30.08,30.08,30.08,30.08,2
RZF,202504,2025-04-02 20:43:00,30.09,30.11,30.09,30.11,26
RZF,202504,2025-04-02 20:45:00,30.1,30.1,30.1,30.1,7
RZF,202504,2025-04-02 20:46:00,30.1,30.11,30.1,30.11,9
RZF,202504,2025-04-02 20:47:00,30.11,30.12,30.11,30.12,30
RZF,202504,2025-04-02 20:48:00,30.1,30.11,30.1,30.11,3
RZF,202504,2025-04-02 20:49:00,30.11,30.11,30.11,30.11,7
RZF,202504,2025-04-02 20:50:00,30.11,30.12,30.11,30.12,10
RZF,202504,2025-04-02 20:52:00,30.13,30.13,30.13,30.13,8
RZF,202504,2025-04-02 20:53:00,30.13,30.13,30.13,30.13,1
RZF,202504,2025-04-02 20:54:00,30.13,30.13,30.13,30.13,2
RZF,202504,2025-04-02 20:55:00,30.13,30.13,30.13,30.13,1
RZF,202504,2025-04-02 20:56:00,30.11,30.11,30.11,30.11,2
RZF,202504,2025-04-02 20:57:00,30.12,30.12,30.12,30.12,2
RZF,202504,2025-04-02 20:58:00,30.1,30.1,30.1,30.1,2
RZF,202504,2025-04-02 20:59:00,30.09,30.09,30.09,30.09,1
RZF,202504,2025-04-02 21:01:00,30.09,30.09,30.09,30.09,1
RZF,202504,2025-04-02 21:02:00,30.09,30.09,30.09,30.09,1
RZF,202504,2025-04-02 21:04:00,30.1,30.12,30.1,30.12,9
RZF,202504,2025-04-02 21:05:00,30.12,30.13,30.12,30.13,6
RZF,202504,2025-04-02 21:06:00,30.13,30.13,30.13,30.13,4
RZF,202504,2025-04-02 21:07:00,30.12,30.12,30.12,30.12,1
RZF,202504,2025-04-02 21:09:00,30.12,30.12,30.12,30.12,2
RZF,202504,2025-04-02 21:11:00,30.13,30.13,30.13,30.13,2
RZF,202504,2025-04-02 21:17:00,30.12,30.12,30.12,30.12,3
RZF,202504,2025-04-02 21:19:00,30.12,30.12,30.12,30.12,2
RZF,202504,2025-04-02 21:20:00,30.12,30.13,30.12,30.13,16
RZF,202504,2025-04-02 21:21:00,30.14,30.14,30.13,30.13,13
RZF,202504,2025-04-02 21:22:00,30.13,30.13,30.13,30.13,6
RZF,202504,2025-04-02 21:23:00,30.13,30.13,30.13,30.13,1
RZF,202504,2025-04-02 21:24:00,30.13,30.13,30.13,30.13,6
RZF,202504,2025-04-02 21:25:00,30.14,30.15,30.14,30.15,22
RZF,202504,2025-04-02 21:26:00,30.15,30.17,30.15,30.16,32
RZF,202504,2025-04-02 21:27:00,30.16,30.17,30.16,30.17,23
RZF,202504,2025-04-02 21:28:00,30.16,30.16,30.16,30.16,2
RZF,202504,2025-04-02 21:29:00,30.16,30.17,30.16,30.17,3
RZF,202504,2025-04-02 21:30:00,30.15,30.15,30.15,30.15,2
RZF,202504,2025-04-02 21:31:00,30.15,30.15,30.13,30.13,5
RZF,202504,2025-04-02 21:32:00,30.13,30.13,30.12,30.12,9
RZF,202504,2025-04-02 21:33:00,30.12,30.12,30.12,30.12,1
RZF,202504,2025-04-02 21:34:00,30.12,30.12,30.11,30.11,16
RZF,202504,2025-04-02 21:35:00,30.1,30.1,30.09,30.1,5
RZF,202504,2025-04-02 21:37:00,30.09,30.09,30.07,30.07,9
RZF,202504,2025-04-02 21:38:00,30.07,30.07,30.06,30.06,7
RZF,202504,2025-04-02 21:39:00,30.08,30.09,30.08,30.09,5
RZF,202504,2025-04-02 21:41:00,30.09,30.09,30.09,30.09,1
RZF,202504,2025-04-02 21:42:00,30.08,30.08,30.08,30.08,1
RZF,202504,2025-04-02 21:43:00,30.09,30.09,30.09,30.09,1
RZF,202504,2025-04-02 21:44:00,30.09,30.09,30.08,30.08,3
RZF,202504,2025-04-02 21:45:00,30.08,30.08,30.08,30.08,2
RZF,202504,2025-04-02 21:46:00,30.08,30.08,30.07,30.07,3
RZF,202504,2025-04-02 21:47:00,30.06,30.06,30.04,30.04,12
RZF,202504,2025-04-02 21:49:00,30.05,30.05,30.04,30.04,5
RZF,202504,2025-04-02 21:50:00,30.04,30.04,30.04,30.04,3
RZF,202504,2025-04-02 21:51:00,30.04,30.04,30.04,30.04,1
RZF,202504,2025-04-02 21:52:00,30.04,30.05,30.04,30.04,5
RZF,202504,2025-04-02 21:53:00,30.04,30.04,30.04,30.04,5
RZF,202504,2025-04-02 21:54:00,30.04,30.05,30.04,30.05,11
RZF,202504,2025-04-02 21:55:00,30.05,30.05,30.05,30.05,2
RZF,202504,2025-04-02 21:56:00,30.07,30.07,30.07,30.07,1
RZF,202504,2025-04-02 21:59:00,30.06,30.06,30.06,30.06,1
RZF,202504,2025-04-02 22:00:00,30.04,30.04,30.03,30.03,12
RZF,202504,2025-04-02 22:01:00,30.03,30.03,30.02,30.02,17
RZF,202504,2025-04-02 22:03:00,30.01,30.01,30.01,30.01,5
RZF,202504,2025-04-02 22:04:00,30.02,30.03,30.02,30.03,7
RZF,202504,2025-04-02 22:05:00,30.02,30.02,30.01,30.02,10
RZF,202504,2025-04-02 22:06:00,30.02,30.02,30.02,30.02,3
RZF,202504,2025-04-02 22:07:00,30.03,30.03,30.01,30.01,3
RZF,202504,2025-04-02 22:08:00,30.03,30.03,30.03,30.03,1
RZF,202504,2025-04-02 22:09:00,30.04,30.04,30.04,30.04,5
RZF,202504,2025-04-02 22:10:00,30.05,30.07,30.05,30.07,10
RZF,202504,2025-04-02 22:11:00,30.08,30.09,30.08,30.09,12
RZF,202504,2025-04-02 22:12:00,30.08,30.08,30.08,30.08,1
RZF,202504,2025-04-02 22:13:00,30.07,30.07,30.07,30.07,1
RZF,202504,2025-04-02 22:14:00,30.06,30.06,30.06,30.06,5
RZF,202504,2025-04-02 22:15:00,30.04,30.04,30.04,30.04,1
RZF,202504,2025-04-02 22:16:00,30.04,30.04,30.04,30.04,1
RZF,202504,2025-04-02 22:18:00,30.04,30.04,30.04,30.04,1
RZF,202504,2025-04-02 22:20:00,30.03,30.03,30.03,30.03,5
RZF,202504,2025-04-02 22:21:00,30.03,30.03,30.03,30.03,1
RZF,202504,2025-04-02 22:22:00,30.04,30.04,30.04,30.04,4
RZF,202504,2025-04-02 22:23:00,30.04,30.04,30.04,30.04,1
RZF,202504,2025-04-02 22:24:00,30.03,30.03,30.03,30.03,2
RZF,202504,2025-04-02 22:26:00,30.03,30.03,30.03,30.03,1
RZF,202504,2025-04-02 22:31:00,30.03,30.03,30.03,30.03,1
RZF,202504,2025-04-02 22:33:00,30.03,30.03,30.02,30.02,12
RZF,202504,2025-04-02 22:35:00,30.03,30.03,30.03,30.03,1
RZF,202504,2025-04-02 22:39:00,30.03,30.03,30.01,30.01,57
RZF,202504,2025-04-02 22:40:00,30.01,30.01,30.0,30.0,33
RZF,202504,2025-04-02 22:42:00,29.99,29.99,29.99,29.99,2
RZF,202504,2025-04-02 22:43:00,30.0,30.0,30.0,30.0,10
RZF,202504,2025-04-02 22:44:00,30.01,30.01,30.01,30.01,2
RZF,202504,2025-04-02 22:47:00,30.01,30.01,30.01,30.01,1
RZF,202504,2025-04-02 22:49:00,30.0,30.0,30.0,30.0,2
RZF,202504,2025-04-02 22:50:00,30.0,30.0,30.0,30.0,1
RZF,202504,2025-04-02 22:51:00,30.0,30.0,30.0,30.0,1
RZF,202504,2025-04-02 22:54:00,30.0,30.0,30.0,30.0,2
RZF,202504,2025-04-02 22:57:00,30.0,30.0,30.0,30.0,2
RZF,202504,2025-04-02 22:58:00,29.99,29.99,29.97,29.97,13
RZF,202504,2025-04-02 23:00:00,29.98,29.98,29.98,29.98,4
RZF,202504,2025-04-02 23:02:00,29.98,29.98,29.98,29.98,3
RZF,202504,2025-04-02 23:03:00,29.98,29.98,29.97,29.98,6
RZF,202504,2025-04-02 23:06:00,29.97,29.97,29.97,29.97,2
RZF,202504,2025-04-02 23:07:00,29.97,29.97,29.97,29.97,1
RZF,202504,2025-04-02 23:08:00,29.98,29.98,29.98,29.98,2
RZF,202504,2025-04-02 23:09:00,29.98,29.98,29.96,29.96,29
RZF,202504,2025-04-02 23:14:00,29.99,29.99,29.99,29.99,1
RZF,202504,2025-04-02 23:18:00,30.0,30.0,29.99,29.99,4
RZF,202504,2025-04-02 23:21:00,29.97,29.97,29.94,29.94,15
RZF,202504,2025-04-02 23:22:00,29.93,29.93,29.89,29.89,34
RZF,202504,2025-04-02 23:23:00,29.89,29.9,29.89,29.9,4
RZF,202504,2025-04-02 23:24:00,29.9,29.9,29.88,29.88,14
RZF,202504,2025-04-02 23:25:00,29.87,29.87,29.87,29.87,2
RZF,202504,2025-04-02 23:26:00,29.87,29.87,29.87,29.87,6
RZF,202504,2025-04-02 23:27:00,29.87,29.87,29.87,29.87,1
RZF,202504,2025-04-02 23:28:00,29.87,29.87,29.86,29.86,6
RZF,202504,2025-04-02 23:30:00,29.88,29.88,29.88,29.88,2
RZF,202504,2025-04-02 23:31:00,29.89,29.89,29.89,29.89,1
RZF,202504,2025-04-02 23:32:00,29.89,29.89,29.88,29.88,13
RZF,202504,2025-04-02 23:33:00,29.89,29.89,29.89,29.89,4
RZF,202504,2025-04-02 23:35:00,29.88,29.88,29.88,29.88,9
RZF,202504,2025-04-02 23:38:00,29.88,29.88,29.88,29.88,2
RZF,202504,2025-04-02 23:39:00,29.87,29.87,29.87,29.87,1
RZF,202504,2025-04-02 23:40:00,29.87,29.87,29.86,29.86,10
RZF,202504,2025-04-02 23:41:00,29.87,29.87,29.87,29.87,20
RZF,202504,2025-04-02 23:43:00,29.87,29.87,29.87,29.87,2
RZF,202504,2025-04-02 23:44:00,29.87,29.87,29.87,29.87,2
RZF,202504,2025-04-02 23:46:00,29.87,29.87,29.87,29.87,1
RZF,202504,2025-04-02 23:51:00,29.89,29.89,29.89,29.89,1
RZF,202504,2025-04-02 23:53:00,29.87,29.87,29.86,29.86,20
RZF,202504,2025-04-02 23:54:00,29.86,29.86,29.86,29.86,1
RZF,202504,2025-04-02 23:55:00,29.86,29.86,29.86,29.86,2
RZF,202504,2025-04-02 23:56:00,29.87,29.87,29.87,29.87,1
RZF,202504,2025-04-02 23:59:00,29.87,29.87,29.87,29.87,3
RZF,202504,2025-04-03 00:05:00,29.87,29.87,29.87,29.87,1
RZF,202504,2025-04-03 00:06:00,29.86,29.86,29.86,29.86,2
RZF,202504,2025-04-03 00:11:00,29.86,29.86,29.85,29.85,20
RZF,202504,2025-04-03 00:12:00,29.84,29.84,29.82,29.82,63
RZF,202504,2025-04-03 00:13:00,29.82,29.82,29.82,29.82,1
RZF,202504,2025-04-03 00:15:00,29.82,29.82,29.82,29.82,4
RZF,202504,2025-04-03 00:18:00,29.82,29.82,29.82,29.82,4
RZF,202504,2025-04-03 00:22:00,29.82,29.82,29.82,29.82,2
RZF,202504,2025-04-03 00:23:00,29.83,29.83,29.83,29.83,2
RZF,202504,2025-04-03 00:24:00,29.82,29.82,29.8,29.8,15
RZF,202504,2025-04-03 00:25:00,29.79,29.79,29.79,29.79,2
RZF,202504,2025-04-03 00:26:00,29.8,29.8,29.8,29.8,1
RZF,202504,2025-04-03 00:27:00,29.79,29.79,29.79,29.79,5
RZF,202504,2025-04-03 00:28:00,29.79,29.79,29.78,29.78,11
RZF,202504,2025-04-03 00:29:00,29.77,29.77,29.77,29.77,2
RZF,202504,2025-04-03 00:30:00,29.77,29.77,29.77,29.77,3
RZF,202504,2025-04-03 00:31:00,29.77,29.77,29.77,29.77,3
RZF,202504,2025-04-03 00:33:00,29.76,29.76,29.76,29.76,2
RZF,202504,2025-04-03 00:34:00,29.76,29.77,29.76,29.77,11
RZF,202504,2025-04-03 00:36:00,29.8,29.8,29.8,29.8,5
RZF,202504,2025-04-03 00:38:00,29.81,29.81,29.8,29.8,6
RZF,202504,2025-04-03 00:39:00,29.8,29.8,29.79,29.8,40
RZF,202504,2025-04-03 00:40:00,29.79,29.8,29.79,29.8,2
RZF,202504,2025-04-03 00:42:00,29.79,29.79,29.79,29.79,26
RZF,202504,2025-04-03 00:44:00,29.78,29.79,29.78,29.79,6
RZF,202504,2025-04-03 00:45:00,29.78,29.78,29.78,29.78,10
RZF,202504,2025-04-03 00:48:00,29.77,29.77,29.77,29.77,9
RZF,202504,2025-04-03 00:49:00,29.77,29.77,29.73,29.73,43
RZF,202504,2025-04-03 00:50:00,29.73,29.73,29.72,29.72,6
RZF,202504,2025-04-03 00:51:00,29.72,29.72,29.72,29.72,1
RZF,202504,2025-04-03 00:53:00,29.76,29.77,29.76,29.77,12
RZF,202504,2025-04-03 00:54:00,29.75,29.76,29.74,29.76,16
RZF,202504,2025-04-03 00:55:00,29.74,29.74,29.74,29.74,1
RZF,202504,2025-04-03 00:58:00,29.76,29.76,29.76,29.76,1
RZF,202504,2025-04-03 00:59:00,29.76,29.76,29.76,29.76,1
RZF,202504,2025-04-03 01:01:00,29.77,29.77,29.77,29.77,1
RZF,202504,2025-04-03 01:03:00,29.77,29.77,29.77,29.77,1
RZF,202504,2025-04-03 01:06:00,29.76,29.76,29.76,29.76,1
RZF,202504,2025-04-03 01:08:00,29.76,29.76,29.76,29.76,2
RZF,202504,2025-04-03 01:14:00,29.75,29.75,29.75,29.75,2
RZF,202504,2025-04-03 01:22:00,29.75,29.75,29.75,29.75,3
RZF,202504,2025-04-03 01:23:00,29.77,29.77,29.77,29.77,2
RZF,202504,2025-04-03 01:24:00,29.78,29.78,29.78,29.78,2
RZF,202504,2025-04-03 01:26:00,29.77,29.77,29.77,29.77,1
RZF,202504,2025-04-03 01:27:00,29.78,29.78,29.78,29.78,4
RZF,202504,2025-04-03 01:32:00,29.79,29.79,29.79,29.79,2
RZF,202504,2025-04-03 01:34:00,29.8,29.8,29.8,29.8,3
RZF,202504,2025-04-03 01:35:00,29.81,29.81,29.81,29.81,1
RZF,202504,2025-04-03 01:36:00,29.8,29.8,29.8,29.8,2
RZF,202504,2025-04-03 01:37:00,29.81,29.81,29.81,29.81,3
RZF,202504,2025-04-03 01:38:00,29.8,29.8,29.8,29.8,2
RZF,202504,2025-04-03 01:39:00,29.81,29.81,29.81,29.81,2
RZF,202504,2025-04-03 01:41:00,29.82,29.83,29.82,29.83,4
RZF,202504,2025-04-03 01:42:00,29.82,29.82,29.82,29.82,4
RZF,202504,2025-04-03 01:43:00,29.82,29.83,29.82,29.83,3
RZF,202504,2025-04-03 01:44:00,29.83,29.83,29.81,29.81,3
RZF,202504,2025-04-03 01:46:00,29.81,29.81,29.81,29.81,1
RZF,202504,2025-04-03 01:51:00,29.83,29.83,29.83,29.83,1
RZF,202504,2025-04-03 01:52:00,29.81,29.82,29.81,29.82,9
RZF,202504,2025-04-03 01:53:00,29.81,29.81,29.81,29.81,2
RZF,202504,2025-04-03 01:54:00,29.81,29.81,29.81,29.81,1
RZF,202504,2025-04-03 01:56:00,29.8,29.8,29.8,29.8,1
RZF,202504,2025-04-03 01:58:00,29.8,29.8,29.8,29.8,1
RZF,202504,2025-04-03 01:59:00,29.8,29.8,29.8,29.8,1
RZF,202504,2025-04-03 02:01:00,29.81,29.81,29.81,29.81,2
RZF,202504,2025-04-03 02:03:00,29.81,29.81,29.81,29.81,1
RZF,202504,2025-04-03 02:04:00,29.81,29.81,29.81,29.81,1
RZF,202504,2025-04-03 02:07:00,29.82,29.83,29.82,29.83,3
RZF,202504,2025-04-03 02:09:00,29.83,29.84,29.83,29.84,6
RZF,202504,2025-04-03 02:11:00,29.83,29.83,29.82,29.82,4
RZF,202504,2025-04-03 02:12:00,29.81,29.81,29.81,29.81,1
RZF,202504,2025-04-03 02:14:00,29.82,29.82,29.82,29.82,1
RZF,202504,2025-04-03 02:28:00,29.85,29.85,29.85,29.85,2
RZF,202504,2025-04-03 02:38:00,29.82,29.82,29.82,29.82,1
RZF,202504,2025-04-03 02:44:00,29.84,29.84,29.84,29.84,1
RZF,202504,2025-04-03 02:50:00,29.84,29.84,29.84,29.84,1
RZF,202504,2025-04-03 02:57:00,29.84,29.85,29.84,29.85,3
RZF,202504,2025-04-03 03:06:00,29.86,29.86,29.86,29.86,2
RZF,202504,2025-04-03 03:08:00,29.87,29.88,29.87,29.88,4
RZF,202504,2025-04-03 03:10:00,29.88,29.88,29.88,29.88,4
RZF,202504,2025-04-03 03:12:00,29.89,29.89,29.89,29.89,1
RZF,202504,2025-04-03 03:14:00,29.89,29.89,29.89,29.89,1
RZF,202504,2025-04-03 03:24:00,29.89,29.89,29.89,29.89,1
RZF,202504,2025-04-03 03:26:00,29.9,29.9,29.9,29.9,1
RZF,202504,2025-04-03 03:34:00,29.88,29.88,29.88,29.88,1
RZF,202504,2025-04-03 03:35:00,29.9,29.9,29.9,29.9,5
RZF,202504,2025-04-03 03:38:00,29.9,29.9,29.9,29.9,1
RZF,202504,2025-04-03 03:47:00,29.86,29.86,29.86,29.86,2
RZF,202504,2025-04-03 03:52:00,29.89,29.89,29.89,29.89,1
RZF,202504,2025-04-03 03:53:00,29.9,29.91,29.9,29.91,4
RZF,202504,2025-04-03 03:55:00,29.91,29.92,29.91,29.92,10
RZF,202504,2025-04-03 04:00:00,29.93,29.93,29.93,29.93,1
RZF,202504,2025-04-03 04:02:00,29.94,29.94,29.94,29.94,1
RZF,202504,2025-04-03 04:13:00,29.87,29.88,29.81,29.81,10
RZF,202504,2025-04-03 04:14:00,29.8,29.8,29.74,29.79,35
RZF,202504,2025-04-03 04:17:00,29.79,29.79,29.77,29.77,3
RZF,202504,2025-04-03 04:18:00,29.77,29.77,29.77,29.77,2
RZF,202504,2025-04-03 04:23:00,29.78,29.78,29.77,29.77,2
RZF,202504,2025-04-03 04:24:00,29.76,29.76,29.76,29.76,1
RZF,202504,2025-04-03 04:26:00,29.79,29.79,29.79,29.79,5
RZF,202504,2025-04-03 04:27:00,29.86,29.88,29.84,29.88,4
RZF,202504,2025-04-03 04:28:00,29.9,30.0,29.9,30.0,44
RZF,202504,2025-04-03 04:29:00,29.98,29.98,29.98,29.98,1
RZF,202504,2025-04-03 04:30:00,29.99,30.05,29.99,30.05,76
RZF,202504,2025-04-03 04:32:00,30.01,30.01,30.01,30.01,6
RZF,202504,2025-04-03 04:33:00,30.0,30.0,30.0,30.0,1
RZF,202504,2025-04-03 04:34:00,30.01,30.01,30.01,30.01,2
RZF,202504,2025-04-03 04:36:00,30.04,30.07,30.04,30.07,21
RZF,202504,2025-04-03 04:37:00,30.08,30.11,30.08,30.11,40
RZF,202504,2025-04-03 04:38:00,30.11,30.12,30.11,30.12,5
RZF,202504,2025-04-03 04:39:00,30.05,30.05,30.05,30.05,20
RZF,202504,2025-04-03 04:40:00,30.08,30.1,30.08,30.1,11
RZF,202504,2025-04-03 04:41:00,30.1,30.1,30.09,30.09,3
RZF,202504,2025-04-03 04:43:00,30.11,30.11,30.11,30.11,3
RZF,202504,2025-04-03 04:44:00,30.12,30.13,30.12,30.13,6
RZF,202504,2025-04-03 04:45:00,30.07,30.07,30.07,30.07,5
RZF,202504,2025-04-03 04:46:00,30.08,30.08,30.08,30.08,10
RZF,202504,2025-04-03 04:47:00,30.07,30.07,30.07,30.07,1
RZF,202504,2025-04-03 04:48:00,30.11,30.11,30.08,30.09,17
RZF,202504,2025-04-03 04:49:00,30.08,30.08,30.08,30.08,5
RZF,202504,2025-04-03 04:51:00,30.08,30.08,30.08,30.08,1
RZF,202504,2025-04-03 04:53:00,30.08,30.08,30.08,30.08,1
RZF,202504,2025-04-03 04:55:00,30.05,30.05,29.95,30.01,31
RZF,202504,2025-04-03 04:56:00,30.02,30.03,30.02,30.03,3
RZF,202504,2025-04-03 04:57:00,30.05,30.05,30.05,30.05,2
RZF,202504,2025-04-03 04:58:00,30.05,30.05,30.04,30.04,4
RZF,202504,2025-04-03 04:59:00,30.03,30.05,30.03,30.05,3
RZF,202504/202505,2025-04-02 21:25:00,0.06,0.06,0.06,0.06,30
RZF,202504/202505,2025-04-03 01:07:00,0.06,0.06,0.06,0.06,2
RZF,202504/202505,2025-04-03 04:41:00,0.06,0.06,0.06,0.06,2
RZF,202505,2025-04-02 18:02:00,30.04,30.04,30.04,30.04,2
RZF,202505,2025-04-02 18:03:00,30.05,30.05,30.05,30.05,2
RZF,202505,2025-04-02 18:05:00,30.05,30.05,30.05,30.05,1
RZF,202505,2025-04-02 18:16:00,30.04,30.04,30.04,30.04,1
RZF,202505,2025-04-02 18:42:00,30.04,30.04,30.04,30.04,2
RZF,202505,2025-04-02 18:48:00,30.03,30.03,30.03,30.03,1
RZF,202505,2025-04-02 18:51:00,30.04,30.04,30.04,30.04,2
RZF,202505,2025-04-02 18:52:00,30.04,30.04,30.04,30.04,2
RZF,202505,2025-04-02 18:53:00,30.05,30.05,30.05,30.05,8
RZF,202505,2025-04-02 18:55:00,30.06,30.06,30.06,30.06,20
RZF,202505,2025-04-02 19:04:00,30.06,30.06,30.06,30.06,4
RZF,202505,2025-04-02 19:05:00,30.06,30.06,30.06,30.06,4
RZF,202505,2025-04-02 19:15:00,30.06,30.06,30.06,30.06,3
RZF,202505,2025-04-02 19:20:00,30.06,30.06,30.06,30.06,1
RZF,202505,2025-04-02 19:24:00,30.06,30.07,30.06,30.07,8
RZF,202505,2025-04-02 19:52:00,30.07,30.07,30.07,30.07,1
RZF,202505,2025-04-02 19:54:00,30.08,30.08,30.08,30.08,1
RZF,202505,2025-04-02 19:58:00,30.09,30.09,30.09,30.09,3
RZF,202505,2025-04-02 20:00:00,30.09,30.09,30.09,30.09,4
RZF,202505,2025-04-02 20:01:00,30.09,30.09,30.09,30.09,2
RZF,202505,2025-04-02 20:02:00,30.1,30.1,30.1,30.1,3
RZF,202505,2025-04-02 20:04:00,30.1,30.1,30.1,30.1,1
RZF,202505,2025-04-02 20:07:00,30.11,30.11,30.11,30.11,11
RZF,202505,2025-04-02 20:09:00,30.11,30.11,30.11,30.11,1
RZF,202505,2025-04-02 20:20:00,30.11,30.12,30.11,30.12,16
RZF,202505,2025-04-02 20:21:00,30.12,30.12,30.12,30.12,1
RZF,202505,2025-04-02 20:22:00,30.12,30.13,30.12,30.13,12
RZF,202505,2025-04-02 20:23:00,30.13,30.13,30.13,30.13,31
RZF,202505,2025-04-02 20:25:00,30.13,30.13,30.13,30.13,1
RZF,202505,2025-04-02 20:26:00,30.14,30.15,30.14,30.14,4
RZF,202505,2025-04-02 20:27:00,30.15,30.15,30.15,30.15,2
RZF,202505,2025-04-02 20:28:00,30.16,30.16,30.16,30.16,14
RZF,202505,2025-04-02 20:30:00,30.16,30.16,30.16,30.16,3
RZF,202505,2025-04-02 20:32:00,30.15,30.15,30.15,30.15,2
RZF,202505,2025-04-02 20:34:00,30.15,30.15,30.15,30.15,1
RZF,202505,2025-04-02 20:36:00,30.14,30.14,30.14,30.14,1
RZF,202505,2025-04-02 20:43:00,30.14,30.15,30.14,30.15,3
RZF,202505,2025-04-02 20:47:00,30.15,30.16,30.15,30.16,7
RZF,202505,2025-04-02 20:48:00,30.16,30.16,30.16,30.16,1
RZF,202505,2025-04-02 20:49:00,30.17,30.17,30.17,30.17,4
RZF,202505,2025-04-02 20:50:00,30.17,30.18,30.17,30.18,25
RZF,202505,2025-04-02 20:51:00,30.17,30.17,30.17,30.17,4
RZF,202505,2025-04-02 20:52:00,30.18,30.18,30.18,30.18,21
RZF,202505,2025-04-02 20:58:00,30.15,30.15,30.15,30.15,2
RZF,202505,2025-04-02 20:59:00,30.14,30.14,30.14,30.14,1
RZF,202505,2025-04-02 21:04:00,30.16,30.17,30.16,30.17,5
RZF,202505,2025-04-02 21:05:00,30.16,30.18,30.16,30.18,5
RZF,202505,2025-04-02 21:11:00,30.18,30.18,30.18,30.18,1
RZF,202505,2025-04-02 21:20:00,30.18,30.18,30.18,30.18,2
RZF,202505,2025-04-02 21:21:00,30.19,30.19,30.19,30.19,3
RZF,202505,2025-04-02 21:22:00,30.19,30.19,30.19,30.19,1
RZF,202505,2025-04-02 21:25:00,30.19,30.2,30.19,30.2,16
RZF,202505,2025-04-02 21:26:00,30.21,30.21,30.21,30.21,6
RZF,202505,2025-04-02 21:27:00,30.22,30.22,30.22,30.22,5
RZF,202505,2025-04-02 21:28:00,30.22,30.22,30.22,30.22,4
RZF,202505,2025-04-02 21:31:00,30.2,30.2,30.19,30.19,2
RZF,202505,2025-04-02 21:32:00,30.17,30.17,30.17,30.17,1
RZF,202505,2025-04-02 21:36:00,30.14,30.14,30.14,30.14,1
RZF,202505,2025-04-02 21:37:00,30.13,30.13,30.13,30.13,1
RZF,202505,2025-04-02 21:39:00,30.14,30.14,30.14,30.14,1
RZF,202505,2025-04-02 21:41:00,30.15,30.15,30.15,30.15,1
RZF,202505,2025-04-02 21:46:00,30.14,30.14,30.14,30.14,1
RZF,202505,2025-04-02 21:49:00,30.1,30.1,30.1,30.1,1
RZF,202505,2025-04-02 21:50:00,30.1,30.1,30.1,30.1,3
RZF,202505,2025-04-02 21:52:00,30.09,30.09,30.09,30.09,1
RZF,202505,2025-04-02 21:53:00,30.09,30.09,30.09,30.09,1
RZF,202505,2025-04-02 22:00:00,30.1,30.1,30.1,30.1,1
RZF,202505,2025-04-02 22:01:00,30.09,30.09,30.09,30.09,2
RZF,202505,2025-04-02 22:03:00,30.07,30.07,30.07,30.07,1
RZF,202505,2025-04-02 22:08:00,30.08,30.08,30.08,30.08,1
RZF,202505,2025-04-02 22:10:00,30.1,30.1,30.1,30.1,1
RZF,202505,2025-04-02 22:20:00,30.09,30.09,30.09,30.09,2
RZF,202505,2025-04-02 22:33:00,30.08,30.08,30.08,30.08,1
RZF,202505,2025-04-02 22:39:00,30.07,30.07,30.07,30.07,1
RZF,202505,2025-04-02 22:40:00,30.06,30.06,30.06,30.06,7
RZF,202505,2025-04-02 22:41:00,30.05,30.05,30.05,30.05,4
RZF,202505,2025-04-02 22:42:00,30.05,30.05,30.05,30.05,7
RZF,202505,2025-04-02 22:55:00,30.05,30.05,30.05,30.05,2
RZF,202505,2025-04-02 22:57:00,30.05,30.05,30.05,30.05,1
RZF,202505,2025-04-02 22:58:00,30.04,30.04,30.03,30.03,3
RZF,202505,2025-04-02 23:06:00,30.03,30.03,30.03,30.03,1
RZF,202505,2025-04-02 23:07:00,30.03,30.03,30.03,30.03,1
RZF,202505,2025-04-02 23:21:00,30.03,30.03,30.0,30.0,12
RZF,202505,2025-04-02 23:22:00,29.99,29.99,29.95,29.95,6
RZF,202505,2025-04-02 23:23:00,29.95,29.95,29.95,29.95,2
RZF,202505,2025-04-02 23:25:00,29.93,29.93,29.93,29.93,2
RZF,202505,2025-04-02 23:26:00,29.93,29.93,29.93,29.93,1
RZF,202505,2025-04-02 23:28:00,29.92,29.92,29.91,29.91,2
RZF,202505,2025-04-02 23:31:00,29.94,29.94,29.94,29.94,1
RZF,202505,2025-04-02 23:40:00,29.92,29.92,29.92,29.92,1
RZF,202505,2025-04-02 23:42:00,29.92,29.92,29.92,29.92,1
RZF,202505,2025-04-02 23:53:00,29.92,29.92,29.92,29.92,15
RZF,202505,2025-04-02 23:55:00,29.92,29.92,29.92,29.92,2
RZF,202505,2025-04-02 23:59:00,29.93,29.93,29.93,29.93,2
RZF,202505,2025-04-03 00:05:00,29.93,29.93,29.93,29.93,2
RZF,202505,2025-04-03 00:06:00,29.92,29.92,29.92,29.92,1
RZF,202505,2025-04-03 00:11:00,29.91,29.91,29.91,29.91,5
RZF,202505,2025-04-03 00:12:00,29.9,29.9,29.88,29.88,21
RZF,202505,2025-04-03 00:13:00,29.88,29.88,29.88,29.88,1
RZF,202505,2025-04-03 00:15:00,29.88,29.88,29.88,29.88,3
RZF,202505,2025-04-03 00:22:00,29.87,29.87,29.87,29.87,12
RZF,202505,2025-04-03 00:24:00,29.87,29.87,29.86,29.86,17
RZF,202505,2025-04-03 00:25:00,29.85,29.85,29.85,29.85,1
RZF,202505,2025-04-03 00:27:00,29.85,29.85,29.85,29.85,2
RZF,202505,2025-04-03 00:28:00,29.85,29.85,29.84,29.84,2
RZF,202505,2025-04-03 00:29:00,29.83,29.83,29.82,29.82,8
RZF,202505,2025-04-03 00:30:00,29.83,29.83,29.83,29.83,1
RZF,202505,2025-04-03 00:31:00,29.82,29.82,29.82,29.82,6
RZF,202505,2025-04-03 00:34:00,29.83,29.83,29.83,29.83,13
RZF,202505,2025-04-03 00:35:00,29.82,29.82,29.82,29.82,1
RZF,202505,2025-04-03 00:36:00,29.85,29.85,29.85,29.85,2
RZF,202505,2025-04-03 00:38:00,29.86,29.86,29.85,29.85,6
RZF,202505,2025-04-03 00:39:00,29.85,29.85,29.85,29.85,12
RZF,202505,2025-04-03 00:44:00,29.84,29.84,29.84,29.84,5
RZF,202505,2025-04-03 00:45:00,29.84,29.84,29.84,29.84,1
RZF,202505,2025-04-03 00:47:00,29.83,29.83,29.83,29.83,1
RZF,202505,2025-04-03 00:49:00,29.82,29.82,29.78,29.78,44
RZF,202505,2025-04-03 00:50:00,29.77,29.78,29.77,29.77,15
RZF,202505,2025-04-03 00:53:00,29.82,29.82,29.82,29.82,10
RZF,202505,2025-04-03 00:57:00,29.8,29.8,29.8,29.8,1
RZF,202505,2025-04-03 01:25:00,29.83,29.83,29.83,29.83,1
RZF,202505,2025-04-03 01:26:00,29.82,29.82,29.82,29.82,2
RZF,202505,2025-04-03 01:27:00,29.82,29.82,29.82,29.82,2
RZF,202505,2025-04-03 01:31:00,29.83,29.83,29.83,29.83,1
RZF,202505,2025-04-03 01:37:00,29.87,29.87,29.86,29.86,5
RZF,202505,2025-04-03 01:38:00,29.85,29.85,29.85,29.85,2
RZF,202505,2025-04-03 01:41:00,29.87,29.87,29.87,29.87,1
RZF,202505,2025-04-03 01:43:00,29.87,29.87,29.87,29.87,4
RZF,202505,2025-04-03 01:44:00,29.86,29.86,29.86,29.86,2
RZF,202505,2025-04-03 01:49:00,29.88,29.88,29.87,29.87,2
RZF,202505,2025-04-03 01:51:00,29.88,29.88,29.88,29.88,1
RZF,202505,2025-04-03 01:52:00,29.86,29.87,29.86,29.87,7
RZF,202505,2025-04-03 01:53:00,29.87,29.87,29.87,29.87,2
RZF,202505,2025-04-03 01:57:00,29.86,29.86,29.86,29.86,1
RZF,202505,2025-04-03 01:58:00,29.85,29.85,29.85,29.85,1
RZF,202505,2025-04-03 02:01:00,29.86,29.86,29.86,29.86,1
RZF,202505,2025-04-03 02:03:00,29.86,29.86,29.86,29.86,1
RZF,202505,2025-04-03 03:06:00,29.91,29.91,29.91,29.91,1
RZF,202505,2025-04-03 03:08:00,29.92,29.93,29.92,29.93,2
RZF,202505,2025-04-03 03:34:00,29.93,29.94,29.93,29.94,2
RZF,202505,2025-04-03 03:35:00,29.95,29.95,29.95,29.95,2
RZF,202505,2025-04-03 03:53:00,29.96,29.96,29.96,29.96,2
RZF,202505,2025-04-03 03:55:00,29.97,29.97,29.97,29.97,1
RZF,202505,2025-04-03 04:02:00,29.99,29.99,29.99,29.99,1
RZF,202505,2025-04-03 04:13:00,29.93,29.93,29.87,29.87,5
RZF,202505,2025-04-03 04:14:00,29.86,29.86,29.8,29.86,11
RZF,202505,2025-04-03 04:18:00,29.82,29.82,29.82,29.82,1
RZF,202505,2025-04-03 04:23:00,29.82,29.82,29.82,29.82,1
RZF,202505,2025-04-03 04:26:00,29.85,29.85,29.85,29.85,2
RZF,202505,2025-04-03 04:27:00,29.92,29.92,29.9,29.9,8
RZF,202505,2025-04-03 04:28:00,30.0,30.05,30.0,30.05,14
RZF,202505,2025-04-03 04:30:00,30.07,30.1,30.07,30.1,16
RZF,202505,2025-04-03 04:36:00,30.09,30.13,30.09,30.13,18
RZF,202505,2025-04-03 04:37:00,30.14,30.16,30.14,30.16,14
RZF,202505,2025-04-03 04:38:00,30.17,30.19,30.17,30.19,8
RZF,202505,2025-04-03 04:39:00,30.11,30.11,30.11,30.11,5
RZF,202505,2025-04-03 04:40:00,30.14,30.17,30.14,30.17,4
RZF,202505,2025-04-03 04:41:00,30.17,30.17,30.15,30.15,7
RZF,202505,2025-04-03 04:42:00,30.16,30.16,30.16,30.16,5
RZF,202505,2025-04-03 04:43:00,30.16,30.17,30.16,30.17,5
RZF,202505,2025-04-03 04:44:00,30.17,30.18,30.17,30.18,4
RZF,202505,2025-04-03 04:45:00,30.12,30.12,30.12,30.12,10
RZF,202505,2025-04-03 04:46:00,30.14,30.14,30.14,30.14,5
RZF,202505,2025-04-03 04:47:00,30.13,30.14,30.13,30.14,2
RZF,202505,2025-04-03 04:48:00,30.17,30.18,30.14,30.14,10
RZF,202505,2025-04-03 04:50:00,30.14,30.14,30.14,30.14,1
RZF,202505,2025-04-03 04:54:00,30.12,30.12,30.12,30.12,1
RZF,202505,2025-04-03 04:55:00,30.03,30.03,30.03,30.03,1
RZF,202506,2025-04-02 17:49:00,30.07,30.09,30.07,30.09,2
RZF,202506,2025-04-02 18:13:00,30.09,30.09,30.09,30.09,1
RZF,202506,2025-04-02 18:14:00,30.08,30.08,30.08,30.08,1
RZF,202506,2025-04-02 18:34:00,30.08,30.08,30.08,30.08,1
RZF,202506,2025-04-02 18:40:00,30.07,30.07,30.07,30.07,1
RZF,202506,2025-04-02 18:42:00,30.08,30.08,30.08,30.08,1
RZF,202506,2025-04-02 18:45:00,30.07,30.07,30.07,30.07,4
RZF,202506,2025-04-02 18:48:00,30.07,30.07,30.07,30.07,4
RZF,202506,2025-04-02 18:49:00,30.07,30.07,30.07,30.07,1
RZF,202506,2025-04-02 18:51:00,30.08,30.08,30.08,30.08,1
RZF,202506,2025-04-02 18:53:00,30.09,30.09,30.09,30.09,5
RZF,202506,2025-04-02 18:55:00,30.1,30.1,30.1,30.1,18
RZF,202506,2025-04-02 19:04:00,30.1,30.1,30.1,30.1,4
RZF,202506,2025-04-02 19:05:00,30.1,30.1,30.1,30.1,4
RZF,202506,2025-04-02 19:15:00,30.1,30.1,30.1,30.1,3
RZF,202506,2025-04-02 19:20:00,30.1,30.1,30.1,30.1,1
RZF,202506,2025-04-02 19:24:00,30.1,30.11,30.1,30.11,6
RZF,202506,2025-04-02 19:26:00,30.11,30.11,30.11,30.11,2
RZF,202506,2025-04-02 19:27:00,30.11,30.11,30.11,30.11,1
RZF,202506,2025-04-02 19:28:00,30.11,30.11,30.11,30.11,2
RZF,202506,2025-04-02 19:30:00,30.12,30.12,30.12,30.12,2
RZF,202506,2025-04-02 19:33:00,30.11,30.11,30.11,30.11,2
RZF,202506,2025-04-02 19:45:00,30.11,30.11,30.11,30.11,1
RZF,202506,2025-04-02 19:52:00,30.11,30.11,30.11,30.11,1
RZF,202506,2025-04-02 19:54:00,30.11,30.11,30.11,30.11,1
RZF,202506,2025-04-02 19:57:00,30.12,30.12,30.12,30.12,4
RZF,202506,2025-04-02 20:00:00,30.12,30.12,30.12,30.12,4
RZF,202506,2025-04-02 20:01:00,30.12,30.13,30.12,30.13,7
RZF,202506,2025-04-02 20:02:00,30.13,30.13,30.13,30.13,6
RZF,202506,2025-04-02 20:07:00,30.14,30.14,30.14,30.14,12
RZF,202506,2025-04-02 20:09:00,30.14,30.14,30.14,30.14,1
RZF,202506,2025-04-02 20:20:00,30.15,30.15,30.15,30.15,12
RZF,202506,2025-04-02 20:21:00,30.15,30.15,30.15,30.15,1
RZF,202506,2025-04-02 20:22:00,30.15,30.16,30.15,30.16,8
RZF,202506,2025-04-02 20:23:00,30.16,30.16,30.16,30.16,6
RZF,202506,2025-04-02 20:25:00,30.16,30.17,30.16,30.17,14
RZF,202506,2025-04-02 20:26:00,30.17,30.18,30.17,30.18,5
RZF,202506,2025-04-02 20:27:00,30.18,30.18,30.18,30.18,1
RZF,202506,2025-04-02 20:28:00,30.19,30.19,30.19,30.19,4
RZF,202506,2025-04-02 20:30:00,30.19,30.19,30.19,30.19,2
RZF,202506,2025-04-02 20:43:00,30.18,30.18,30.18,30.18,5
RZF,202506,2025-04-02 20:46:00,30.18,30.18,30.18,30.18,6
RZF,202506,2025-04-02 20:47:00,30.18,30.19,30.18,30.19,11
RZF,202506,2025-04-02 20:48:00,30.19,30.19,30.19,30.19,2
RZF,202506,2025-04-02 20:49:00,30.19,30.19,30.19,30.19,7
RZF,202506,2025-04-02 20:50:00,30.19,30.2,30.19,30.2,27
RZF,202506,2025-04-02 20:52:00,30.2,30.2,30.2,30.2,18
RZF,202506,2025-04-02 21:05:00,30.19,30.19,30.19,30.19,1
RZF,202506,2025-04-02 21:06:00,30.18,30.2,30.18,30.2,4
RZF,202506,2025-04-02 21:07:00,30.2,30.2,30.2,30.2,1
RZF,202506,2025-04-02 21:11:00,30.2,30.2,30.2,30.2,1
RZF,202506,2025-04-02 21:20:00,30.2,30.2,30.2,30.2,2
RZF,202506,2025-04-02 21:21:00,30.21,30.21,30.21,30.21,3
RZF,202506,2025-04-02 21:24:00,30.21,30.21,30.21,30.21,1
RZF,202506,2025-04-02 21:25:00,30.21,30.22,30.21,30.22,7
RZF,202506,2025-04-02 21:26:00,30.23,30.24,30.23,30.24,5
RZF,202506,2025-04-02 21:27:00,30.24,30.24,30.24,30.24,3
RZF,202506,2025-04-02 21:28:00,30.24,30.24,30.24,30.24,1
RZF,202506,2025-04-02 21:29:00,30.24,30.25,30.24,30.25,2
RZF,202506,2025-04-02 21:30:00,30.24,30.24,30.24,30.24,4
RZF,202506,2025-04-02 21:33:00,30.22,30.22,30.22,30.22,1
RZF,202506,2025-04-02 21:34:00,30.21,30.21,30.2,30.2,5
RZF,202506,2025-04-02 21:35:00,30.2,30.2,30.2,30.2,1
RZF,202506,2025-04-02 21:36:00,30.19,30.19,30.16,30.16,9
RZF,202506,2025-04-02 21:37:00,30.16,30.16,30.16,30.16,1
RZF,202506,2025-04-02 21:38:00,30.15,30.15,30.13,30.13,4
RZF,202506,2025-04-02 21:39:00,30.15,30.15,30.15,30.15,1
RZF,202506,2025-04-02 21:41:00,30.2,30.2,30.2,30.2,1
RZF,202506,2025-04-02 21:42:00,30.19,30.19,30.19,30.19,1
RZF,202506,2025-04-02 21:43:00,30.17,30.17,30.17,30.17,1
RZF,202506,2025-04-02 21:44:00,30.17,30.17,30.16,30.16,5
RZF,202506,2025-04-02 21:45:00,30.16,30.16,30.16,30.16,1
RZF,202506,2025-04-02 21:47:00,30.16,30.16,30.15,30.15,4
RZF,202506,2025-04-02 21:49:00,30.15,30.15,30.15,30.15,1
RZF,202506,2025-04-02 21:52:00,30.14,30.14,30.14,30.14,1
RZF,202506,2025-04-02 21:53:00,30.13,30.13,30.12,30.12,2
RZF,202506,2025-04-02 21:54:00,30.12,30.12,30.12,30.12,2
RZF,202506,2025-04-02 21:56:00,30.16,30.18,30.16,30.18,2
RZF,202506,2025-04-02 22:01:00,30.12,30.12,30.12,30.12,2
RZF,202506,2025-04-02 22:03:00,30.11,30.11,30.11,30.11,1
RZF,202506,2025-04-02 22:04:00,30.12,30.12,30.12,30.12,6
RZF,202506,2025-04-02 22:07:00,30.12,30.12,30.12,30.12,1
RZF,202506,2025-04-02 22:10:00,30.16,30.17,30.16,30.17,5
RZF,202506,2025-04-02 22:11:00,30.18,30.18,30.18,30.18,1
RZF,202506,2025-04-02 22:12:00,30.18,30.18,30.18,30.18,4
RZF,202506,2025-04-02 22:20:00,30.13,30.13,30.13,30.13,1
RZF,202506,2025-04-02 22:22:00,30.14,30.14,30.14,30.14,2
RZF,202506,2025-04-02 22:23:00,30.14,30.14,30.14,30.14,1
RZF,202506,2025-04-02 22:24:00,30.13,30.13,30.13,30.13,1
RZF,202506,2025-04-02 22:25:00,30.14,30.14,30.14,30.14,1
RZF,202506,2025-04-02 22:26:00,30.13,30.13,30.13,30.13,1
RZF,202506,2025-04-02 22:28:00,30.15,30.15,30.15,30.15,1
RZF,202506,2025-04-02 22:31:00,30.13,30.13,30.13,30.13,1
RZF,202506,2025-04-02 22:32:00,30.13,30.13,30.13,30.13,2
RZF,202506,2025-04-02 22:33:00,30.13,30.13,30.12,30.12,11
RZF,202506,2025-04-02 22:39:00,30.12,30.12,30.12,30.12,5
RZF,202506,2025-04-02 22:40:00,30.11,30.11,30.11,30.11,12
RZF,202506,2025-04-02 22:41:00,30.1,30.1,30.1,30.1,3
RZF,202506,2025-04-02 22:42:00,30.1,30.1,30.1,30.1,7
RZF,202506,2025-04-02 22:43:00,30.1,30.1,30.1,30.1,1
RZF,202506,2025-04-02 22:48:00,30.1,30.1,30.1,30.1,1
RZF,202506,2025-04-02 22:49:00,30.1,30.1,30.1,30.1,2
RZF,202506,2025-04-02 22:50:00,30.1,30.1,30.1,30.1,2
RZF,202506,2025-04-02 22:51:00,30.1,30.1,30.1,30.1,3
RZF,202506,2025-04-02 22:52:00,30.1,30.1,30.1,30.1,5
RZF,202506,2025-04-02 22:55:00,30.09,30.09,30.09,30.09,12
RZF,202506,2025-04-02 22:59:00,30.07,30.07,30.07,30.07,3
RZF,202506,2025-04-02 23:02:00,30.07,30.07,30.07,30.07,1
RZF,202506,2025-04-02 23:03:00,30.07,30.07,30.06,30.06,3
RZF,202506,2025-04-02 23:07:00,30.06,30.06,30.05,30.05,11
RZF,202506,2025-04-02 23:08:00,30.06,30.06,30.06,30.06,2
RZF,202506,2025-04-02 23:11:00,30.05,30.05,30.05,30.05,1
RZF,202506,2025-04-02 23:20:00,30.07,30.07,30.06,30.06,3
RZF,202506,2025-04-02 23:21:00,30.05,30.05,30.04,30.04,5
RZF,202506,2025-04-02 23:22:00,30.03,30.03,30.0,30.0,6
RZF,202506,2025-04-02 23:23:00,30.0,30.01,30.0,30.0,14
RZF,202506,2025-04-02 23:24:00,29.99,29.99,29.97,29.97,4
RZF,202506,2025-04-02 23:25:00,29.96,29.96,29.95,29.95,9
RZF,202506,2025-04-02 23:26:00,29.96,29.96,29.96,29.96,8
RZF,202506,2025-04-02 23:31:00,29.96,29.96,29.96,29.96,1
RZF,202506,2025-04-02 23:32:00,29.96,29.96,29.96,29.96,1
RZF,202506,2025-04-02 23:34:00,29.96,29.96,29.96,29.96,1
RZF,202506,2025-04-02 23:35:00,29.96,29.96,29.96,29.96,1
RZF,202506,2025-04-02 23:37:00,29.98,29.98,29.98,29.98,1
RZF,202506,2025-04-02 23:42:00,29.96,29.96,29.96,29.96,1
RZF,202506,2025-04-02 23:45:00,29.97,29.97,29.97,29.97,2
RZF,202506,2025-04-02 23:46:00,29.97,29.97,29.97,29.97,1
RZF,202506,2025-04-02 23:53:00,29.97,29.97,29.97,29.97,3
RZF,202506,2025-04-02 23:59:00,29.98,29.98,29.98,29.98,2
RZF,202506,2025-04-03 00:06:00,29.97,29.97,29.97,29.97,1
RZF,202506,2025-04-03 00:11:00,29.96,29.96,29.96,29.96,2
RZF,202506,2025-04-03 00:12:00,29.95,29.95,29.93,29.93,21
RZF,202506,2025-04-03 00:13:00,29.93,29.93,29.92,29.92,5
RZF,202506,2025-04-03 00:15:00,29.93,29.93,29.93,29.93,1
RZF,202506,2025-04-03 00:18:00,29.93,29.93,29.93,29.93,1
RZF,202506,2025-04-03 00:19:00,29.93,29.93,29.93,29.93,1
RZF,202506,2025-04-03 00:20:00,29.93,29.93,29.93,29.93,2
RZF,202506,2025-04-03 00:22:00,29.92,29.92,29.92,29.92,2
RZF,202506,2025-04-03 00:23:00,29.93,29.93,29.93,29.93,1
RZF,202506,2025-04-03 00:24:00,29.92,29.92,29.91,29.91,19
RZF,202506,2025-04-03 00:25:00,29.91,29.91,29.9,29.9,3
RZF,202506,2025-04-03 00:26:00,29.9,29.91,29.9,29.91,5
RZF,202506,2025-04-03 00:27:00,29.9,29.9,29.9,29.9,4
RZF,202506,2025-04-03 00:28:00,29.9,29.9,29.89,29.9,3
RZF,202506,2025-04-03 00:29:00,29.89,29.89,29.88,29.88,7
RZF,202506,2025-04-03 00:30:00,29.89,29.89,29.89,29.89,1
RZF,202506,2025-04-03 00:31:00,29.88,29.88,29.88,29.88,3
RZF,202506,2025-04-03 00:33:00,29.88,29.88,29.88,29.88,1
RZF,202506,2025-04-03 00:34:00,29.88,29.88,29.88,29.88,2
RZF,202506,2025-04-03 00:35:00,29.88,29.88,29.87,29.87,5
RZF,202506,2025-04-03 00:45:00,29.88,29.88,29.88,29.88,1
RZF,202506,2025-04-03 00:47:00,29.89,29.89,29.89,29.89,1
RZF,202506,2025-04-03 00:49:00,29.88,29.88,29.84,29.84,31
RZF,202506,2025-04-03 00:50:00,29.83,29.83,29.83,29.83,2
RZF,202506,2025-04-03 00:59:00,29.86,29.86,29.86,29.86,1
RZF,202506,2025-04-03 01:08:00,29.88,29.88,29.88,29.88,1
RZF,202506,2025-04-03 01:13:00,29.88,29.88,29.88,29.88,1
RZF,202506,2025-04-03 01:14:00,29.87,29.87,29.87,29.87,1
RZF,202506,2025-04-03 01:17:00,29.88,29.88,29.88,29.88,1
RZF,202506,2025-04-03 01:22:00,29.87,29.87,29.85,29.85,6
RZF,202506,2025-04-03 01:23:00,29.87,29.87,29.87,29.87,1
RZF,202506,2025-04-03 01:32:00,29.89,29.89,29.89,29.89,2
RZF,202506,2025-04-03 01:35:00,29.91,29.91,29.91,29.91,1
RZF,202506,2025-04-03 01:39:00,29.92,29.92,29.92,29.92,1
RZF,202506,2025-04-03 01:41:00,29.92,29.93,29.92,29.93,2
RZF,202506,2025-04-03 01:43:00,29.92,29.92,29.92,29.92,1
RZF,202506,2025-04-03 01:49:00,29.93,29.93,29.93,29.93,1
RZF,202506,2025-04-03 01:52:00,29.94,29.94,29.93,29.93,2
RZF,202506,2025-04-03 01:53:00,29.93,29.93,29.93,29.93,1
RZF,202506,2025-04-03 01:57:00,29.91,29.91,29.91,29.91,1
RZF,202506,2025-04-03 02:09:00,29.93,29.93,29.93,29.93,1
RZF,202506,2025-04-03 02:11:00,29.93,29.93,29.93,29.93,1
RZF,202506,2025-04-03 02:13:00,29.91,29.91,29.91,29.91,1
RZF,202506,2025-04-03 02:26:00,29.96,29.96,29.96,29.96,1
RZF,202506,2025-04-03 02:27:00,29.96,29.96,29.96,29.96,1
RZF,202506,2025-04-03 02:28:00,29.97,29.97,29.97,29.97,2
RZF,202506,2025-04-03 02:29:00,29.97,29.97,29.97,29.97,1
RZF,202506,2025-04-03 02:35:00,29.96,29.96,29.96,29.96,1
RZF,202506,2025-04-03 02:54:00,29.96,29.96,29.96,29.96,1
RZF,202506,2025-04-03 03:08:00,29.97,29.97,29.97,29.97,2
RZF,202506,2025-04-03 03:12:00,29.98,29.98,29.98,29.98,1
RZF,202506,2025-04-03 03:17:00,29.99,29.99,29.99,29.99,1
RZF,202506,2025-04-03 03:19:00,29.99,29.99,29.99,29.99,1
RZF,202506,2025-04-03 03:35:00,29.99,29.99,29.99,29.99,2
RZF,202506,2025-04-03 03:53:00,30.0,30.0,30.0,30.0,3
RZF,202506,2025-04-03 03:55:00,30.0,30.0,30.0,30.0,5
RZF,202506,2025-04-03 04:14:00,29.91,29.91,29.88,29.88,6
RZF,202506,2025-04-03 04:17:00,29.87,29.87,29.87,29.87,3
RZF,202506,2025-04-03 04:20:00,29.88,29.88,29.88,29.88,1
RZF,202506,2025-04-03 04:23:00,29.88,29.88,29.88,29.88,1
RZF,202506,2025-04-03 04:25:00,29.88,29.88,29.88,29.88,1
RZF,202506,2025-04-03 04:26:00,29.88,29.88,29.88,29.88,8
RZF,202506,2025-04-03 04:27:00,29.95,29.95,29.95,29.95,7
RZF,202506,2025-04-03 04:28:00,30.05,30.06,30.05,30.06,9
RZF,202506,2025-04-03 04:29:00,30.06,30.06,30.06,30.06,1
RZF,202506,2025-04-03 04:30:00,30.09,30.12,30.09,30.12,36
RZF,202506,2025-04-03 04:36:00,30.12,30.15,30.12,30.15,13
RZF,202506,2025-04-03 04:37:00,30.16,30.19,30.16,30.19,13
RZF,202506,2025-04-03 04:38:00,30.19,30.21,30.19,30.21,19
RZF,202506,2025-04-03 04:40:00,30.19,30.19,30.19,30.19,2
RZF,202506,2025-04-03 04:41:00,30.19,30.19,30.17,30.18,6
RZF,202506,2025-04-03 04:42:00,30.18,30.18,30.18,30.18,4
RZF,202506,2025-04-03 04:43:00,30.19,30.19,30.19,30.19,1
RZF,202506,2025-04-03 04:44:00,30.19,30.2,30.19,30.2,3
RZF,202506,2025-04-03 04:47:00,30.15,30.16,30.14,30.16,3
RZF,202506,2025-04-03 04:56:00,30.1,30.1,30.1,30.1,2
RZF,202506,2025-04-03 04:58:00,30.12,30.12,30.11,30.11,2
RZF,202509,2025-04-02 18:40:00,30.22,30.22,30.22,30.22,1
RZF,202509,2025-04-02 18:49:00,30.21,30.21,30.21,30.21,1
RZF,202509,2025-04-02 18:52:00,30.22,30.22,30.22,30.22,2
RZF,202509,2025-04-02 18:53:00,30.23,30.23,30.23,30.23,1
RZF,202509,2025-04-02 19:11:00,30.24,30.24,30.24,30.24,1
RZF,202509,2025-04-02 19:15:00,30.25,30.25,30.25,30.25,1
RZF,202509,2025-04-02 19:24:00,30.26,30.26,30.26,30.26,3
RZF,202509,2025-04-02 19:29:00,30.27,30.27,30.27,30.27,1
RZF,202509,2025-04-02 19:31:00,30.27,30.27,30.27,30.27,1
RZF,202509,2025-04-02 19:45:00,30.26,30.26,30.26,30.26,1
RZF,202509,2025-04-02 19:54:00,30.26,30.26,30.26,30.26,1
RZF,202509,2025-04-02 19:57:00,30.27,30.27,30.27,30.27,2
RZF,202509,2025-04-02 20:01:00,30.28,30.28,30.28,30.28,1
RZF,202509,2025-04-02 20:07:00,30.29,30.29,30.29,30.29,3
RZF,202509,2025-04-02 20:20:00,30.3,30.3,30.3,30.3,1
RZF,202509,2025-04-02 20:22:00,30.3,30.3,30.3,30.3,1
RZF,202509,2025-04-02 20:23:00,30.31,30.31,30.31,30.31,1
RZF,202509,2025-04-02 20:25:00,30.32,30.32,30.32,30.32,6
RZF,202509,2025-04-02 20:26:00,30.32,30.33,30.32,30.33,26
RZF,202509,2025-04-02 20:28:00,30.34,30.34,30.34,30.34,1
RZF,202509,2025-04-02 20:30:00,30.35,30.35,30.35,30.35,1
RZF,202509,2025-04-02 20:43:00,30.34,30.34,30.34,30.34,1
RZF,202509,2025-04-02 20:49:00,30.35,30.35,30.35,30.35,1
RZF,202509,2025-04-02 20:50:00,30.35,30.35,30.35,30.35,8
RZF,202509,2025-04-02 20:51:00,30.35,30.35,30.35,30.35,4
RZF,202509,2025-04-02 20:52:00,30.36,30.36,30.36,30.36,9
RZF,202509,2025-04-02 20:56:00,30.36,30.36,30.36,30.36,1
RZF,202509,2025-04-02 21:04:00,30.35,30.35,30.35,30.35,1
RZF,202509,2025-04-02 21:05:00,30.34,30.34,30.34,30.34,1
RZF,202509,2025-04-02 21:11:00,30.36,30.36,30.36,30.36,1
RZF,202509,2025-04-02 21:21:00,30.36,30.36,30.36,30.36,4
RZF,202509,2025-04-02 21:22:00,30.36,30.36,30.36,30.36,1
RZF,202509,2025-04-02 21:24:00,30.36,30.36,30.36,30.36,1
RZF,202509,2025-04-02 21:25:00,30.36,30.37,30.36,30.37,5
RZF,202509,2025-04-02 21:26:00,30.38,30.38,30.38,30.38,1
RZF,202509,2025-04-02 21:27:00,30.39,30.39,30.39,30.39,4
RZF,202509,2025-04-02 21:28:00,30.39,30.39,30.39,30.39,2
RZF,202509,2025-04-02 21:34:00,30.39,30.39,30.39,30.39,1
RZF,202509,2025-04-02 21:35:00,30.37,30.37,30.37,30.37,2
RZF,202509,2025-04-02 21:53:00,30.28,30.28,30.27,30.27,3
RZF,202509,2025-04-02 21:54:00,30.27,30.27,30.27,30.27,2
RZF,202509,2025-04-02 21:56:00,30.31,30.31,30.31,30.31,1
RZF,202509,2025-04-02 22:39:00,30.28,30.28,30.27,30.27,2
RZF,202509,2025-04-02 22:41:00,30.26,30.26,30.26,30.26,1
RZF,202509,2025-04-02 22:42:00,30.26,30.26,30.26,30.26,1
RZF,202509,2025-04-02 22:43:00,30.25,30.25,30.25,30.25,2
RZF,202509,2025-04-02 23:07:00,30.21,30.21,30.2,30.2,10
RZF,202509,2025-04-02 23:11:00,30.2,30.2,30.2,30.2,1
RZF,202509,2025-04-02 23:20:00,30.21,30.21,30.21,30.21,2
RZF,202509,2025-04-02 23:21:00,30.21,30.21,30.2,30.2,8
RZF,202509,2025-04-02 23:22:00,30.18,30.18,30.16,30.16,2
RZF,202509,2025-04-02 23:23:00,30.16,30.16,30.15,30.15,10
RZF,202509,2025-04-02 23:24:00,30.14,30.14,30.12,30.12,7
RZF,202509,2025-04-02 23:25:00,30.11,30.11,30.11,30.11,3
RZF,202509,2025-04-02 23:26:00,30.11,30.11,30.11,30.11,4
RZF,202509,2025-04-02 23:28:00,30.11,30.11,30.11,30.11,1
RZF,202509,2025-04-02 23:47:00,30.15,30.15,30.15,30.15,1
RZF,202509,2025-04-03 00:12:00,30.12,30.12,30.1,30.1,7
RZF,202509,2025-04-03 00:13:00,30.1,30.1,30.09,30.09,5
RZF,202509,2025-04-03 00:14:00,30.09,30.09,30.09,30.09,1
RZF,202509,2025-04-03 00:20:00,30.09,30.09,30.09,30.09,1
RZF,202509,2025-04-03 00:24:00,30.08,30.08,30.07,30.07,3
RZF,202509,2025-04-03 00:25:00,30.07,30.07,30.06,30.06,4
RZF,202509,2025-04-03 00:28:00,30.06,30.06,30.06,30.06,2
RZF,202509,2025-04-03 00:29:00,30.06,30.06,30.05,30.05,6
RZF,202509,2025-04-03 00:30:00,30.05,30.05,30.05,30.05,2
RZF,202509,2025-04-03 00:33:00,30.05,30.05,30.05,30.05,2
RZF,202509,2025-04-03 00:35:00,30.05,30.05,30.04,30.04,2
RZF,202509,2025-04-03 00:43:00,30.06,30.06,30.06,30.06,1
RZF,202509,2025-04-03 00:45:00,30.05,30.05,30.05,30.05,1
RZF,202509,2025-04-03 00:47:00,30.06,30.06,30.06,30.06,1
RZF,202509,2025-04-03 00:48:00,30.05,30.05,30.05,30.05,1
RZF,202509,2025-04-03 00:49:00,30.04,30.04,30.01,30.01,10
RZF,202509,2025-04-03 00:50:00,30.0,30.0,30.0,30.0,2
RZF,202509,2025-04-03 00:52:00,30.0,30.0,30.0,30.0,1
RZF,202509,2025-04-03 01:39:00,30.08,30.08,30.08,30.08,2
RZF,202509,2025-04-03 01:41:00,30.08,30.08,30.08,30.08,1
RZF,202509,2025-04-03 01:43:00,30.08,30.08,30.08,30.08,1
RZF,202509,2025-04-03 01:52:00,30.1,30.1,30.1,30.1,1
RZF,202509,2025-04-03 03:10:00,30.15,30.15,30.15,30.15,1
RZF,202509,2025-04-03 03:19:00,30.15,30.15,30.15,30.15,1
RZF,202509,2025-04-03 03:55:00,30.15,30.15,30.15,30.15,2
RZF,202509,2025-04-03 04:26:00,30.05,30.05,30.05,30.05,1
RZF,202509,2025-04-03 04:36:00,30.28,30.3,30.28,30.3,2
RZF,202509,2025-04-03 04:38:00,30.35,30.35,30.35,30.35,1
RZF,202509,2025-04-03 04:48:00,30.35,30.35,30.35,30.35,1
RZF,202509,2025-04-03 04:58:00,30.28,30.28,30.28,30.28,2
RZF,202512,2025-04-02 18:52:00,30.41,30.41,30.41,30.41,1
RZF,202512,2025-04-02 20:03:00,30.44,30.44,30.44,30.44,1
RZF,202512,2025-04-02 20:20:00,30.45,30.45,30.45,30.45,1
RZF,202512,2025-04-02 20:22:00,30.46,30.46,30.46,30.46,1
RZF,202512,2025-04-02 20:26:00,30.48,30.48,30.48,30.48,7
RZF,202512,2025-04-02 20:28:00,30.49,30.49,30.49,30.49,1
RZF,202512,2025-04-02 20:29:00,30.5,30.5,30.5,30.5,1
RZF,202512,2025-04-02 20:30:00,30.5,30.5,30.5,30.5,1
RZF,202512,2025-04-02 20:34:00,30.5,30.5,30.5,30.5,1
RZF,202512,2025-04-02 20:45:00,30.5,30.5,30.5,30.5,2
RZF,202512,2025-04-02 20:49:00,30.5,30.5,30.5,30.5,1
RZF,202512,2025-04-02 20:50:00,30.5,30.5,30.5,30.5,2
RZF,202512,2025-04-02 20:55:00,30.52,30.52,30.52,30.52,4
RZF,202512,2025-04-02 21:06:00,30.52,30.52,30.52,30.52,2
RZF,202512,2025-04-02 21:25:00,30.52,30.53,30.52,30.53,7
RZF,202512,2025-04-02 21:26:00,30.55,30.55,30.55,30.55,2
RZF,202512,2025-04-02 21:35:00,30.5,30.5,30.5,30.5,1
RZF,202512,2025-04-02 21:37:00,30.48,30.48,30.48,30.48,1
RZF,202512,2025-04-02 21:56:00,30.47,30.47,30.47,30.47,1
RZF,202512,2025-04-02 22:43:00,30.41,30.41,30.41,30.41,1
RZF,202512,2025-04-02 22:54:00,30.42,30.42,30.42,30.42,1
RZF,202512,2025-04-02 22:55:00,30.41,30.41,30.41,30.41,2
RZF,202512,2025-04-02 22:58:00,30.4,30.4,30.4,30.4,3
RZF,202512,2025-04-02 23:20:00,30.37,30.37,30.37,30.37,2
RZF,202512,2025-04-02 23:21:00,30.36,30.36,30.36,30.36,3
RZF,202512,2025-04-02 23:22:00,30.35,30.35,30.34,30.34,11
RZF,202512,2025-04-02 23:23:00,30.34,30.34,30.33,30.33,2
RZF,202512,2025-04-02 23:24:00,30.31,30.31,30.3,30.3,2
RZF,202512,2025-04-02 23:25:00,30.29,30.29,30.29,30.29,1
RZF,202512,2025-04-02 23:26:00,30.29,30.29,30.29,30.29,2
RZF,202512,2025-04-02 23:28:00,30.29,30.29,30.29,30.29,1
RZF,202512,2025-04-02 23:38:00,30.29,30.29,30.29,30.29,2
RZF,202512,2025-04-02 23:47:00,30.31,30.31,30.31,30.31,1
RZF,202512,2025-04-02 23:55:00,30.3,30.3,30.3,30.3,3
RZF,202512,2025-04-03 00:01:00,30.29,30.29,30.29,30.29,1
RZF,202512,2025-04-03 00:13:00,30.29,30.29,30.28,30.28,5
RZF,202512,2025-04-03 00:14:00,30.27,30.27,30.27,30.27,1
RZF,202512,2025-04-03 00:20:00,30.26,30.26,30.26,30.26,2
RZF,202512,2025-04-03 00:21:00,30.25,30.25,30.25,30.25,1
RZF,202512,2025-04-03 00:24:00,30.25,30.25,30.25,30.25,12
RZF,202512,2025-04-03 00:25:00,30.24,30.24,30.24,30.24,1
RZF,202512,2025-04-03 00:45:00,30.23,30.23,30.23,30.23,1
RZF,202512,2025-04-03 00:49:00,30.22,30.22,30.19,30.19,7
RZF,202512,2025-04-03 00:50:00,30.18,30.18,30.18,30.18,4
RZF,202512,2025-04-03 01:39:00,30.24,30.24,30.24,30.24,2
RZF,202512,2025-04-03 01:41:00,30.24,30.24,30.24,30.24,1
RZF,202512,2025-04-03 01:43:00,30.24,30.24,30.24,30.24,1
RZF,202512,2025-04-03 04:14:00,30.25,30.25,30.25,30.25,1
RZF,202512,2025-04-03 04:18:00,30.2,30.2,30.2,30.2,1
RZF,202512,2025-04-03 04:26:00,30.23,30.23,30.23,30.23,1
RZF,202512,2025-04-03 04:30:00,30.42,30.42,30.42,30.42,1
RZF,202512,2025-04-03 04:31:00,30.42,30.46,30.42,30.46,3
RZF,202512,2025-04-03 04:36:00,30.46,30.47,30.46,30.47,3
RZF,202512,2025-04-03 04:38:00,30.53,30.53,30.53,30.53,3
RZF,202512,2025-04-03 04:43:00,30.5,30.5,30.5,30.5,1
RZF,202512,2025-04-03 04:44:00,30.51,30.51,30.51,30.51,2
SOF,202504,2025-04-02 15:02:00,5763.0,5763.0,5763.0,5763.0,1
SOF,202504,2025-04-02 15:21:00,5751.0,5751.0,5751.0,5751.0,1
SOF,202504,2025-04-02 15:22:00,5750.0,5750.0,5750.0,5750.0,4
SOF,202504,2025-04-02 18:02:00,5747.0,5747.0,5747.0,5747.0,1
SOF,202504,2025-04-02 18:21:00,5744.0,5744.0,5744.0,5744.0,1
SOF,202504,2025-04-02 20:14:00,5727.0,5732.0,5727.0,5732.0,19
SOF,202504,2025-04-02 20:15:00,5731.0,5731.0,5725.0,5725.0,24
SOF,202504,2025-04-02 20:49:00,5726.0,5726.0,5726.0,5726.0,1
SOF,202504,2025-04-02 21:35:00,5731.0,5733.0,5729.0,5733.0,36
SOF,202504,2025-04-02 21:37:00,5754.0,5754.0,5754.0,5754.0,11
SOF,202504,2025-04-02 21:40:00,5738.0,5738.0,5738.0,5738.0,1
SOF,202504,2025-04-02 23:12:00,5775.0,5775.0,5775.0,5775.0,1
SOF,202504,2025-04-02 23:16:00,5773.0,5773.0,5773.0,5773.0,1
SOF,202504,2025-04-03 00:12:00,5805.0,5805.0,5805.0,5805.0,1
SOF,202504,2025-04-03 00:59:00,5820.0,5820.0,5820.0,5820.0,1
SOF,202504,2025-04-03 01:01:00,5821.0,5821.0,5821.0,5821.0,1
SOF,202504,2025-04-03 01:06:00,5828.0,5828.0,5828.0,5828.0,1
SOF,202504,2025-04-03 01:08:00,5832.0,5832.0,5832.0,5832.0,1
SOF,202504,2025-04-03 01:09:00,5830.0,5830.0,5830.0,5830.0,1
SOF,202504,2025-04-03 02:29:00,5760.0,5760.0,5760.0,5760.0,1
SOF,202504,2025-04-03 04:16:00,5805.0,5805.0,5805.0,5805.0,8
SOF,202504,2025-04-03 04:28:00,5802.0,5802.0,5802.0,5802.0,4
SOF,202504,2025-04-03 04:35:00,5738.0,5738.0,5738.0,5738.0,1
SOF,202504,2025-04-03 04:41:00,5728.0,5728.0,5725.0,5725.0,2
SOF,202505,2025-04-02 20:14:00,5744.0,5744.0,5744.0,5744.0,15
SOF,202505,2025-04-02 20:15:00,5747.0,5747.0,5742.0,5742.0,9
SOF,202505,2025-04-02 21:35:00,5748.0,5748.0,5748.0,5748.0,15
SOF,202505,2025-04-02 21:56:00,5770.0,5770.0,5770.0,5770.0,1
SOF,202505,2025-04-02 23:47:00,5813.0,5813.0,5813.0,5813.0,1
SOF,202505,2025-04-03 02:28:00,5780.0,5780.0,5780.0,5780.0,1
SOF,202505,2025-04-03 04:30:00,5770.0,5770.0,5764.0,5764.0,2
SOF,202505,2025-04-03 04:35:00,5760.0,5760.0,5760.0,5760.0,1
SOF,202505,2025-04-03 04:41:00,5750.0,5750.0,5750.0,5750.0,1
SOF,202505,2025-04-03 04:46:00,5740.0,5740.0,5740.0,5740.0,1
SOF,202505,2025-04-03 04:48:00,5720.0,5720.0,5720.0,5720.0,1
SPF,202506,2025-04-02 16:01:00,5659.0,5659.0,5659.0,5659.0,1
SPF,202506,2025-04-02 19:02:00,5642.0,5642.0,5642.0,5642.0,2
SPF,202506,2025-04-02 19:13:00,5646.0,5646.0,5646.0,5646.0,2
SPF,202506,2025-04-02 19:51:00,5641.75,5641.75,5641.25,5641.25,2
SPF,202506,2025-04-02 19:57:00,5640.0,5640.0,5640.0,5640.0,1
SPF,202506,2025-04-02 20:02:00,5635.0,5635.0,5635.0,5635.0,1
SPF,202506,2025-04-02 20:05:00,5630.0,5630.0,5630.0,5630.0,1
SPF,202506,2025-04-02 20:15:00,5630.75,5630.75,5630.75,5630.75,2
SPF,202506,2025-04-02 20:27:00,5622.0,5622.0,5621.0,5621.0,2
SPF,202506,2025-04-02 20:30:00,5618.75,5618.75,5618.75,5618.75,2
SPF,202506,2025-04-02 20:37:00,5621.5,5621.5,5620.75,5620.75,6
SPF,202506,2025-04-02 20:39:00,5623.75,5623.75,5623.75,5623.75,3
SPF,202506,2025-04-02 20:41:00,5625.0,5625.0,5625.0,5625.0,2
SPF,202506,2025-04-02 20:49:00,5628.0,5628.0,5628.0,5628.0,1
SPF,202506,2025-04-02 20:50:00,5627.0,5627.0,5627.0,5627.0,1
SPF,202506,2025-04-02 22:07:00,5668.0,5668.0,5668.0,5668.0,1
SPF,202506,2025-04-02 23:22:00,5694.0,5694.0,5694.0,5694.0,1
SPF,202506,2025-04-03 00:25:00,5704.0,5704.0,5704.0,5704.0,1
SPF,202506,2025-04-03 00:50:00,5723.75,5723.75,5723.75,5723.75,2
SPF,202506,2025-04-03 01:06:00,5730.0,5730.0,5730.0,5730.0,11
SPF,202506,2025-04-03 01:07:00,5730.0,5730.0,5730.0,5730.0,3
SPF,202506,2025-04-03 01:12:00,5739.75,5739.75,5739.75,5739.75,1
SPF,202506,2025-04-03 01:24:00,5734.5,5734.5,5734.5,5734.5,1
SPF,202506,2025-04-03 01:45:00,5710.0,5710.0,5710.0,5710.0,1
SPF,202506,2025-04-03 02:11:00,5694.0,5694.0,5694.0,5694.0,1
SPF,202506,2025-04-03 04:59:00,5580.25,5580.25,5580.25,5580.25,1
SPF,202509,2025-04-02 20:02:00,5684.75,5684.75,5684.75,5684.75,1
SPF,202509,2025-04-02 20:05:00,5679.75,5679.75,5679.75,5679.75,1
SPF,202509,2025-04-02 20:15:00,5680.25,5680.25,5680.25,5680.25,2
SRF,202504,2025-04-02 17:30:00,176.7,176.7,176.7,176.7,1
SRF,202504,2025-04-02 17:39:00,176.9,176.9,176.8,176.8,4
SRF,202504,2025-04-02 17:45:00,176.95,176.95,176.9,176.9,3
SRF,202504,2025-04-02 17:47:00,176.9,176.9,176.9,176.9,1
SRF,202504,2025-04-02 18:02:00,176.7,176.7,176.55,176.55,5
SRF,202504,2025-04-02 18:31:00,176.4,176.4,176.4,176.4,1
SRF,202504,2025-04-02 18:33:00,176.35,176.35,176.35,176.35,1
SRF,202504,2025-04-02 18:38:00,176.35,176.35,176.35,176.35,1
SRF,202504,2025-04-02 18:40:00,176.25,176.25,176.25,176.25,1
SRF,202504,2025-04-02 18:48:00,176.25,176.25,176.25,176.25,2
SRF,202504,2025-04-02 18:59:00,176.25,176.25,176.25,176.25,1
SRF,202504,2025-04-02 19:02:00,176.2,176.2,176.2,176.2,1
SRF,202504,2025-04-02 19:06:00,176.2,176.2,176.2,176.2,1
SRF,202504,2025-04-02 19:59:00,176.3,176.3,176.3,176.3,1
SRF,202504,2025-04-02 20:02:00,176.25,176.25,176.25,176.25,1
SRF,202504,2025-04-02 20:03:00,176.15,176.15,176.15,176.15,1
SRF,202504,2025-04-02 20:05:00,176.1,176.1,176.1,176.1,1
SRF,202504,2025-04-02 20:06:00,176.1,176.1,176.05,176.05,4
SRF,202504,2025-04-02 20:12:00,176.05,176.05,176.05,176.05,1
SRF,202504,2025-04-02 20:15:00,176.05,176.05,176.05,176.05,1
SRF,202504,2025-04-02 20:24:00,175.85,175.85,175.85,175.85,1
SRF,202504,2025-04-02 20:27:00,175.8,175.8,175.8,175.8,1
SRF,202504,2025-04-02 20:31:00,175.8,175.8,175.8,175.8,2
SRF,202504,2025-04-02 20:32:00,175.75,175.75,175.75,175.75,1
SRF,202504,2025-04-02 20:33:00,175.8,175.8,175.8,175.8,1
SRF,202504,2025-04-02 20:39:00,175.7,175.7,175.7,175.7,2
SRF,202504,2025-04-02 20:48:00,175.85,175.85,175.85,175.85,6
SRF,202504,2025-04-02 20:49:00,175.85,175.85,175.85,175.85,3
SRF,202504,2025-04-02 20:53:00,175.95,175.95,175.95,175.95,1
SRF,202504,2025-04-02 20:54:00,176.0,176.0,176.0,176.0,5
SRF,202504,2025-04-02 21:14:00,175.9,175.9,175.9,175.9,6
SRF,202504,2025-04-02 21:15:00,175.9,175.9,175.9,175.9,1
SRF,202504,2025-04-02 21:29:00,175.75,175.75,175.75,175.75,1
SRF,202504,2025-04-02 21:30:00,175.9,175.9,175.75,175.75,3
SRF,202504,2025-04-02 21:31:00,175.6,175.6,175.6,175.6,1
SRF,202504,2025-04-02 21:34:00,176.0,176.0,176.0,176.0,1
SRF,202504,2025-04-02 21:36:00,176.35,176.6,176.35,176.6,2
SRF,202504,2025-04-02 21:37:00,176.75,176.75,176.75,176.75,6
SRF,202504,2025-04-02 21:38:00,176.6,176.6,176.6,176.6,1
SRF,202504,2025-04-02 21:39:00,176.45,176.45,176.45,176.45,2
SRF,202504,2025-04-02 21:41:00,176.65,176.65,176.65,176.65,1
SRF,202504,2025-04-02 21:42:00,176.5,176.5,176.5,176.5,2
SRF,202504,2025-04-02 21:44:00,176.5,176.5,176.5,176.5,1
SRF,202504,2025-04-02 21:45:00,176.7,176.9,176.7,176.9,5
SRF,202504,2025-04-02 21:46:00,177.0,177.1,177.0,177.1,6
SRF,202504,2025-04-02 21:47:00,177.0,177.0,177.0,177.0,1
SRF,202504,2025-04-02 21:50:00,177.1,177.1,177.1,177.1,1
SRF,202504,2025-04-02 21:54:00,177.05,177.05,177.05,177.05,1
SRF,202504,2025-04-02 21:56:00,177.0,177.0,176.8,176.8,2
SRF,202504,2025-04-02 21:57:00,176.85,176.85,176.85,176.85,1
SRF,202504,2025-04-02 22:00:00,176.8,176.8,176.8,176.8,1
SRF,202504,2025-04-02 22:01:00,177.0,177.0,177.0,177.0,1
SRF,202504,2025-04-02 22:04:00,177.5,177.55,177.5,177.55,4
SRF,202504,2025-04-02 22:05:00,177.5,177.55,177.5,177.55,3
SRF,202504,2025-04-02 22:06:00,177.45,177.45,177.4,177.4,2
SRF,202504,2025-04-02 22:08:00,177.25,177.25,177.25,177.25,1
SRF,202504,2025-04-02 22:09:00,177.15,177.15,177.15,177.15,1
SRF,202504,2025-04-02 22:10:00,177.1,177.1,177.1,177.1,1
SRF,202504,2025-04-02 22:11:00,176.9,176.9,176.9,176.9,1
SRF,202504,2025-04-02 22:17:00,177.2,177.2,177.2,177.2,1
SRF,202504,2025-04-02 22:21:00,177.35,177.35,177.3,177.3,2
SRF,202504,2025-04-02 22:23:00,177.4,177.4,177.4,177.4,6
SRF,202504,2025-04-02 22:25:00,177.4,177.4,177.3,177.3,5
SRF,202504,2025-04-02 22:26:00,177.2,177.2,177.2,177.2,1
SRF,202504,2025-04-02 22:32:00,177.5,177.5,177.5,177.5,2
SRF,202504,2025-04-02 22:33:00,177.5,177.5,177.5,177.5,1
SRF,202504,2025-04-02 22:34:00,177.45,177.45,177.45,177.45,1
SRF,202504,2025-04-02 22:35:00,177.4,177.4,177.4,177.4,1
SRF,202504,2025-04-02 22:36:00,177.35,177.35,177.35,177.35,1
SRF,202504,2025-04-02 22:41:00,177.45,177.45,177.45,177.45,1
SRF,202504,2025-04-02 22:44:00,177.3,177.3,177.3,177.3,1
SRF,202504,2025-04-02 22:51:00,177.45,177.5,177.45,177.5,2
SRF,202504,2025-04-02 22:53:00,177.4,177.4,177.4,177.4,1
SRF,202504,2025-04-02 22:57:00,177.45,177.45,177.45,177.45,1
SRF,202504,2025-04-02 23:00:00,177.6,177.6,177.6,177.6,1
SRF,202504,2025-04-02 23:03:00,177.55,177.55,177.55,177.55,1
SRF,202504,2025-04-02 23:04:00,177.6,177.6,177.6,177.6,2
SRF,202504,2025-04-02 23:09:00,177.7,177.7,177.7,177.7,1
SRF,202504,2025-04-02 23:10:00,177.8,177.8,177.8,177.8,3
SRF,202504,2025-04-02 23:12:00,177.7,177.7,177.65,177.65,2
SRF,202504,2025-04-02 23:14:00,177.45,177.45,177.45,177.45,1
SRF,202504,2025-04-02 23:16:00,177.45,177.45,177.45,177.45,1
SRF,202504,2025-04-02 23:24:00,177.85,177.9,177.85,177.9,2
SRF,202504,2025-04-02 23:25:00,178.0,178.1,178.0,178.1,17
SRF,202504,2025-04-02 23:26:00,178.1,178.1,178.05,178.05,5
SRF,202504,2025-04-02 23:27:00,178.1,178.1,178.1,178.1,1
SRF,202504,2025-04-02 23:30:00,178.15,178.15,178.15,178.15,2
SRF,202504,2025-04-02 23:32:00,178.1,178.1,178.1,178.1,1
SRF,202504,2025-04-02 23:34:00,178.15,178.15,178.15,178.15,1
SRF,202504,2025-04-02 23:35:00,178.15,178.15,178.15,178.15,1
SRF,202504,2025-04-02 23:36:00,178.1,178.15,178.1,178.15,6
SRF,202504,2025-04-02 23:41:00,178.2,178.2,178.2,178.2,2
SRF,202504,2025-04-02 23:42:00,178.2,178.2,178.2,178.2,1
SRF,202504,2025-04-02 23:44:00,178.1,178.1,178.1,178.1,1
SRF,202504,2025-04-02 23:45:00,178.05,178.05,177.95,177.95,10
SRF,202504,2025-04-02 23:47:00,178.0,178.0,178.0,178.0,1
SRF,202504,2025-04-02 23:50:00,177.8,177.8,177.8,177.8,3
SRF,202504,2025-04-02 23:52:00,177.85,177.85,177.8,177.8,3
SRF,202504,2025-04-02 23:54:00,177.8,177.8,177.8,177.8,1
SRF,202504,2025-04-02 23:55:00,177.9,177.95,177.9,177.95,5
SRF,202504,2025-04-03 00:04:00,178.0,178.0,178.0,178.0,1
SRF,202504,2025-04-03 00:06:00,178.0,178.05,178.0,178.05,3
SRF,202504,2025-04-03 00:11:00,178.1,178.1,178.1,178.1,1
SRF,202504,2025-04-03 00:12:00,178.1,178.3,178.1,178.3,6
SRF,202504,2025-04-03 00:15:00,178.35,178.35,178.35,178.35,8
SRF,202504,2025-04-03 00:22:00,178.4,178.5,178.4,178.5,4
SRF,202504,2025-04-03 00:28:00,178.5,178.5,178.5,178.5,3
SRF,202504,2025-04-03 00:29:00,178.55,178.65,178.55,178.65,2
SRF,202504,2025-04-03 00:30:00,178.65,178.65,178.65,178.65,1
SRF,202504,2025-04-03 00:34:00,178.7,178.7,178.7,178.7,1
SRF,202504,2025-04-03 00:36:00,178.6,178.6,178.6,178.6,1
SRF,202504,2025-04-03 00:39:00,178.45,178.45,178.45,178.45,1
SRF,202504,2025-04-03 00:49:00,178.7,178.7,178.7,178.7,1
SRF,202504,2025-04-03 00:51:00,178.8,178.8,178.8,178.8,1
SRF,202504,2025-04-03 00:52:00,178.75,178.75,178.75,178.75,2
SRF,202504,2025-04-03 00:56:00,178.8,178.8,178.8,178.8,2
SRF,202504,2025-04-03 01:01:00,178.8,178.8,178.8,178.8,6
SRF,202504,2025-04-03 01:02:00,178.8,178.8,178.8,178.8,4
SRF,202504,2025-04-03 01:03:00,178.85,178.85,178.85,178.85,5
SRF,202504,2025-04-03 01:04:00,178.9,178.9,178.9,178.9,1
SRF,202504,2025-04-03 01:06:00,178.9,178.9,178.9,178.9,5
SRF,202504,2025-04-03 01:10:00,178.85,178.85,178.85,178.85,1
SRF,202504,2025-04-03 01:11:00,178.95,179.0,178.95,179.0,5
SRF,202504,2025-04-03 01:12:00,179.05,179.2,179.05,179.2,9
SRF,202504,2025-04-03 01:13:00,179.1,179.1,178.95,178.95,7
SRF,202504,2025-04-03 01:15:00,178.95,178.95,178.95,178.95,1
SRF,202504,2025-04-03 01:20:00,178.85,178.85,178.85,178.85,1
SRF,202504,2025-04-03 01:21:00,178.85,178.85,178.85,178.85,1
SRF,202504,2025-04-03 01:24:00,178.85,178.85,178.85,178.85,1
SRF,202504,2025-04-03 01:30:00,178.75,178.75,178.75,178.75,1
SRF,202504,2025-04-03 01:33:00,178.55,178.55,178.3,178.3,6
SRF,202504,2025-04-03 01:34:00,178.35,178.35,178.35,178.35,5
SRF,202504,2025-04-03 01:41:00,178.25,178.25,178.2,178.2,3
SRF,202504,2025-04-03 01:43:00,178.2,178.2,178.2,178.2,1
SRF,202504,2025-04-03 01:46:00,178.0,178.0,178.0,178.0,4
SRF,202504,2025-04-03 01:47:00,177.9,177.9,177.9,177.9,1
SRF,202504,2025-04-03 02:05:00,177.7,177.7,177.4,177.4,9
SRF,202504,2025-04-03 02:06:00,177.25,177.25,177.25,177.25,2
SRF,202504,2025-04-03 02:07:00,177.3,177.3,177.3,177.3,1
SRF,202504,2025-04-03 02:10:00,177.3,177.3,177.3,177.3,1
SRF,202504,2025-04-03 02:11:00,177.2,177.4,177.2,177.4,5
SRF,202504,2025-04-03 02:13:00,177.4,177.4,177.4,177.4,1
SRF,202504,2025-04-03 02:24:00,177.25,177.25,177.25,177.25,1
SRF,202504,2025-04-03 02:29:00,177.05,177.05,177.05,177.05,2
SRF,202504,2025-04-03 02:30:00,177.0,177.0,176.9,176.9,9
SRF,202504,2025-04-03 02:35:00,177.2,177.2,177.2,177.2,2
SRF,202504,2025-04-03 02:56:00,177.35,177.35,177.35,177.35,1
SRF,202504,2025-04-03 02:57:00,177.25,177.25,177.25,177.25,2
SRF,202504,2025-04-03 03:00:00,177.35,177.35,177.35,177.35,1
SRF,202504,2025-04-03 03:18:00,177.3,177.3,177.3,177.3,1
SRF,202504,2025-04-03 03:19:00,177.25,177.35,177.25,177.35,3
SRF,202504,2025-04-03 03:33:00,177.85,177.85,177.85,177.85,2
SRF,202504,2025-04-03 03:35:00,178.0,178.0,178.0,178.0,1
SRF,202504,2025-04-03 03:42:00,178.1,178.1,178.1,178.1,1
SRF,202504,2025-04-03 03:43:00,178.2,178.2,178.2,178.2,1
SRF,202504,2025-04-03 03:46:00,178.4,178.4,178.4,178.4,1
SRF,202504,2025-04-03 03:47:00,178.6,178.6,178.6,178.6,1
SRF,202504,2025-04-03 03:55:00,178.5,178.55,178.5,178.55,10
SRF,202504,2025-04-03 03:58:00,178.55,178.6,178.55,178.6,10
SRF,202504,2025-04-03 04:03:00,178.35,178.35,178.35,178.35,3
SRF,202504,2025-04-03 04:08:00,178.4,178.4,178.35,178.35,12
SRF,202504,2025-04-03 04:11:00,178.35,178.35,178.35,178.35,2
SRF,202504,2025-04-03 04:13:00,178.6,179.0,178.6,179.0,15
SRF,202504,2025-04-03 04:14:00,179.05,179.1,179.05,179.1,2
SRF,202504,2025-04-03 04:16:00,179.1,179.2,179.1,179.2,3
SRF,202504,2025-04-03 04:17:00,179.35,179.55,179.35,179.55,3
SRF,202504,2025-04-03 04:18:00,179.15,179.15,179.1,179.1,3
SRF,202504,2025-04-03 04:27:00,178.0,178.0,178.0,178.0,2
SRF,202504,2025-04-03 04:28:00,177.75,177.75,177.25,177.25,4
SRF,202504,2025-04-03 04:29:00,176.9,176.9,176.4,176.4,21
SRF,202504,2025-04-03 04:30:00,176.25,176.25,175.95,175.95,13
SRF,202504,2025-04-03 04:31:00,175.95,175.95,175.9,175.9,2
SRF,202504,2025-04-03 04:35:00,175.9,175.9,175.9,175.9,2
SRF,202504,2025-04-03 04:38:00,175.85,175.85,175.0,175.0,29
SRF,202504,2025-04-03 04:40:00,175.05,175.05,175.05,175.05,1
SRF,202504,2025-04-03 04:42:00,175.3,175.45,175.3,175.45,10
SRF,202504,2025-04-03 04:43:00,175.0,175.0,175.0,175.0,1
SRF,202504,2025-04-03 04:44:00,175.0,175.0,174.9,174.9,2
SRF,202504,2025-04-03 04:45:00,174.8,174.8,174.2,174.35,18
SRF,202504,2025-04-03 04:46:00,174.35,174.35,174.15,174.15,4
SRF,202504,2025-04-03 04:47:00,174.15,174.15,174.15,174.15,4
SRF,202504,2025-04-03 04:48:00,174.2,174.2,173.9,173.9,20
SRF,202504,2025-04-03 04:49:00,173.75,173.75,172.5,172.8,11
SRF,202504,2025-04-03 04:51:00,173.0,173.0,173.0,173.0,1
SRF,202504,2025-04-03 04:52:00,173.0,174.0,173.0,174.0,7
SRF,202504,2025-04-03 04:54:00,173.0,173.0,172.5,172.5,7
SRF,202504,2025-04-03 04:56:00,172.5,172.5,172.5,172.5,1
SRF,202504,2025-04-03 04:57:00,172.5,172.5,172.5,172.5,1
SRF,202504,2025-04-03 04:58:00,172.55,172.55,172.45,172.45,3
SRF,202504,2025-04-03 04:59:00,172.4,172.5,172.4,172.5,9
SRF,202505,2025-04-02 18:40:00,176.5,176.5,176.5,176.5,1
SRF,202505,2025-04-02 19:18:00,176.5,176.5,176.5,176.5,1
SRF,202505,2025-04-02 20:11:00,176.2,176.2,176.2,176.2,1
SRF,202505,2025-04-02 20:23:00,176.1,176.1,176.1,176.1,1
SRF,202505,2025-04-02 20:32:00,176.0,176.0,176.0,176.0,1
SRF,202505,2025-04-02 20:35:00,176.0,176.0,176.0,176.0,1
SRF,202505,2025-04-02 20:53:00,176.1,176.1,176.1,176.1,1
SRF,202505,2025-04-02 21:15:00,176.15,176.15,176.15,176.15,1
SRF,202505,2025-04-02 21:23:00,176.1,176.1,176.1,176.1,3
SRF,202505,2025-04-02 21:30:00,176.15,176.15,176.0,176.0,2
SRF,202505,2025-04-02 21:31:00,175.85,175.85,175.85,175.85,1
SRF,202505,2025-04-02 21:36:00,176.5,176.85,176.5,176.85,2
SRF,202505,2025-04-02 21:38:00,176.75,176.95,176.75,176.85,3
SRF,202505,2025-04-02 21:42:00,176.75,176.75,176.75,176.75,1
SRF,202505,2025-04-02 21:45:00,176.85,177.0,176.85,177.0,2
SRF,202505,2025-04-02 21:53:00,177.3,177.3,177.3,177.3,1
SRF,202505,2025-04-02 21:56:00,177.25,177.25,177.05,177.05,2
SRF,202505,2025-04-02 22:02:00,177.3,177.3,177.3,177.3,1
SRF,202505,2025-04-02 22:03:00,177.5,177.5,177.5,177.5,1
SRF,202505,2025-04-02 22:09:00,177.4,177.4,177.4,177.4,1
SRF,202505,2025-04-02 22:21:00,177.5,177.5,177.5,177.5,1
SRF,202505,2025-04-02 22:53:00,177.55,177.55,177.55,177.55,1
SRF,202505,2025-04-02 22:57:00,177.6,177.6,177.6,177.6,1
SRF,202505,2025-04-02 23:10:00,177.95,177.95,177.95,177.95,1
SRF,202505,2025-04-02 23:12:00,177.9,177.9,177.9,177.9,1
SRF,202505,2025-04-02 23:13:00,177.85,177.85,177.85,177.85,1
SRF,202505,2025-04-02 23:20:00,177.8,177.8,177.8,177.8,1
SRF,202505,2025-04-02 23:21:00,178.0,178.0,178.0,178.0,3
SRF,202505,2025-04-02 23:45:00,178.2,178.2,178.2,178.2,1
SRF,202505,2025-04-03 00:12:00,178.35,178.5,178.35,178.5,3
SRF,202505,2025-04-03 00:30:00,178.9,178.9,178.9,178.9,1
SRF,202505,2025-04-03 01:03:00,179.0,179.0,179.0,179.0,1
SRF,202505,2025-04-03 01:20:00,179.1,179.1,179.1,179.1,1
SRF,202505,2025-04-03 01:43:00,178.45,178.45,178.45,178.45,1
SRF,202505,2025-04-03 02:06:00,177.5,177.5,177.5,177.5,2
SRF,202505,2025-04-03 02:57:00,177.5,177.5,177.5,177.5,2
SRF,202505,2025-04-03 03:33:00,178.0,178.0,178.0,178.0,1
SRF,202505,2025-04-03 04:17:00,179.5,179.5,179.5,179.5,1
SRF,202505,2025-04-03 04:28:00,178.0,178.0,178.0,178.0,1
SRF,202505,2025-04-03 04:29:00,177.1,177.1,176.75,176.75,7
SRF,202505,2025-04-03 04:30:00,176.5,176.5,176.2,176.2,4
SRF,202505,2025-04-03 04:31:00,176.2,176.2,176.15,176.15,2
SRF,202505,2025-04-03 04:38:00,176.1,176.1,175.35,175.35,11
SRF,202505,2025-04-03 04:43:00,175.15,175.15,175.15,175.15,1
SRF,202505,2025-04-03 04:45:00,175.0,175.0,174.5,174.5,4
SRF,202505,2025-04-03 04:46:00,174.4,174.4,174.4,174.4,1
SRF,202505,2025-04-03 04:47:00,174.4,174.4,174.4,174.4,4
SRF,202505,2025-04-03 04:48:00,174.4,174.4,174.35,174.35,3
SRF,202505,2025-04-03 04:49:00,174.0,174.0,173.0,173.0,6
SRF,202505,2025-04-03 04:58:00,172.8,172.8,172.7,172.7,3
SRF,202505,2025-04-03 04:59:00,172.65,172.65,172.65,172.65,1
SXF,202506,2025-04-02 16:07:00,4297.0,4297.0,4297.0,4297.0,1
SXF,202506,2025-04-02 16:27:00,4301.0,4301.0,4301.0,4301.0,1
SXF,202506,2025-04-02 17:23:00,4303.0,4303.0,4303.0,4303.0,1
SXF,202506,2025-04-02 18:02:00,4296.0,4296.0,4296.0,4296.0,2
SXF,202506,2025-04-02 18:14:00,4299.0,4299.0,4299.0,4299.0,2
SXF,202506,2025-04-02 18:28:00,4296.0,4296.0,4296.0,4296.0,1
SXF,202506,2025-04-02 18:34:00,4288.0,4288.0,4288.0,4288.0,1
SXF,202506,2025-04-02 19:58:00,4286.0,4286.0,4286.0,4286.0,2
SXF,202506,2025-04-02 20:02:00,4284.5,4284.5,4280.0,4280.0,10
SXF,202506,2025-04-02 20:04:00,4277.5,4277.5,4277.5,4277.5,3
SXF,202506,2025-04-02 20:08:00,4269.5,4269.5,4267.0,4267.0,12
SXF,202506,2025-04-02 20:09:00,4263.0,4267.5,4263.0,4267.5,10
SXF,202506,2025-04-02 21:03:00,4262.5,4262.5,4260.0,4260.0,12
SXF,202506,2025-04-02 21:05:00,4261.5,4261.5,4261.5,4261.5,4
SXF,202506,2025-04-02 21:13:00,4259.0,4259.0,4257.5,4257.5,12
SXF,202506,2025-04-02 21:14:00,4255.5,4255.5,4255.0,4255.0,6
SXF,202506,2025-04-02 21:16:00,4256.0,4256.0,4250.5,4250.5,19
SXF,202506,2025-04-02 21:24:00,4256.0,4256.0,4256.0,4256.0,3
SXF,202506,2025-04-02 21:33:00,4255.5,4255.5,4255.5,4255.5,2
SXF,202506,2025-04-02 21:36:00,4282.5,4289.0,4282.5,4289.0,2
SXF,202506,2025-04-02 21:37:00,4295.0,4300.0,4295.0,4300.0,2
SXF,202506,2025-04-02 21:40:00,4290.5,4290.5,4290.5,4290.5,1
SXF,202506,2025-04-02 22:03:00,4313.5,4315.5,4311.5,4311.5,20
SXF,202506,2025-04-02 22:04:00,4315.0,4315.0,4315.0,4315.0,1
SXF,202506,2025-04-02 22:33:00,4313.0,4313.0,4313.0,4313.0,1
SXF,202506,2025-04-02 22:35:00,4306.0,4306.0,4306.0,4306.0,1
SXF,202506,2025-04-02 22:38:00,4303.0,4303.0,4303.0,4303.0,1
SXF,202506,2025-04-02 23:01:00,4308.0,4308.0,4308.0,4308.0,5
SXF,202506,2025-04-02 23:02:00,4304.5,4304.5,4304.5,4304.5,5
SXF,202506,2025-04-02 23:05:00,4312.5,4312.5,4312.5,4312.5,1
SXF,202506,2025-04-02 23:11:00,4311.0,4311.0,4311.0,4311.0,1
SXF,202506,2025-04-02 23:12:00,4308.0,4308.0,4308.0,4308.0,1
SXF,202506,2025-04-02 23:26:00,4337.0,4337.0,4337.0,4337.0,1
SXF,202506,2025-04-02 23:36:00,4339.0,4339.0,4339.0,4339.0,1
SXF,202506,2025-04-02 23:47:00,4335.0,4335.0,4335.0,4335.0,1
SXF,202506,2025-04-02 23:51:00,4330.5,4330.5,4330.5,4330.5,1
SXF,202506,2025-04-02 23:59:00,4334.5,4334.5,4334.5,4334.5,1
SXF,202506,2025-04-03 00:12:00,4349.5,4349.5,4349.5,4349.5,1
SXF,202506,2025-04-03 00:19:00,4357.0,4357.0,4357.0,4357.0,1
SXF,202506,2025-04-03 00:28:00,4365.0,4365.0,4365.0,4365.0,1
SXF,202506,2025-04-03 01:17:00,4401.5,4401.5,4401.5,4401.5,1
SXF,202506,2025-04-03 01:48:00,4360.0,4360.0,4353.0,4353.0,2
SXF,202506,2025-04-03 02:05:00,4345.0,4345.0,4345.0,4345.0,1
SXF,202506,2025-04-03 02:30:00,4323.0,4323.0,4323.0,4323.0,1
SXF,202506,2025-04-03 02:36:00,4346.0,4346.0,4346.0,4346.0,4
SXF,202506,2025-04-03 02:58:00,4329.0,4329.0,4329.0,4329.0,1
SXF,202506,2025-04-03 03:01:00,4327.5,4327.5,4327.5,4327.5,1
SXF,202506,2025-04-03 03:46:00,4381.5,4381.5,4381.5,4381.5,1
SXF,202506,2025-04-03 04:27:00,4376.0,4376.0,4376.0,4376.0,1
SXF,202506,2025-04-03 04:30:00,4350.0,4350.0,4350.0,4350.0,1
SXF,202506,2025-04-03 04:37:00,4311.0,4311.0,4311.0,4311.0,1
SXF,202506,2025-04-03 04:42:00,4300.0,4300.0,4300.0,4300.0,1
SXF,202506,2025-04-03 04:45:00,4261.0,4261.0,4261.0,4261.0,1
SXF,202506,2025-04-03 04:56:00,4280.5,4280.5,4280.5,4280.5,1
SXF,202509,2025-04-02 16:27:00,4349.0,4349.0,4349.0,4349.0,1
SXF,202509,2025-04-02 20:02:00,4329.0,4329.0,4329.0,4329.0,8
SXF,202509,2025-04-02 21:36:00,4330.0,4330.0,4330.0,4330.0,1
SXF,202509,2025-04-02 22:03:00,4361.5,4361.5,4357.5,4359.5,69
SXF,202509,2025-04-02 23:47:00,4389.5,4389.5,4389.5,4389.5,1
TE,202504,2025-04-02 15:16:00,1148.6,1148.6,1148.6,1148.6,1
TE,202504,2025-04-02 15:25:00,1145.75,1145.75,1145.75,1145.75,1
TE,202504,2025-04-02 18:02:00,1144.5,1144.5,1144.5,1144.5,1
TE,202504,2025-04-02 18:48:00,1144.45,1144.45,1144.45,1144.45,1
TE,202504,2025-04-02 20:05:00,1142.0,1142.0,1142.0,1142.0,1
TE,202504,2025-04-02 20:10:00,1141.35,1141.35,1141.35,1141.35,1
TE,202504,2025-04-02 20:14:00,1142.1,1142.25,1142.1,1142.25,3
TE,202504,2025-04-02 21:37:00,1146.0,1146.0,1146.0,1146.0,2
TE,202504,2025-04-02 21:46:00,1150.0,1150.0,1149.3,1149.3,2
TE,202504,2025-04-02 21:47:00,1148.9,1148.9,1148.9,1148.9,1
TE,202504,2025-04-02 21:50:00,1149.7,1149.7,1149.7,1149.7,1
TE,202504,2025-04-02 21:56:00,1148.55,1148.55,1148.55,1148.55,1
TE,202504,2025-04-02 21:59:00,1148.55,1148.55,1148.55,1148.55,1
TE,202504,2025-04-02 22:00:00,1147.25,1147.25,1147.25,1147.25,1
TE,202504,2025-04-02 22:03:00,1151.2,1152.0,1151.2,1152.0,5
TE,202504,2025-04-02 22:04:00,1153.0,1153.0,1153.0,1153.0,1
TE,202504,2025-04-02 22:25:00,1150.95,1150.95,1150.95,1150.95,1
TE,202504,2025-04-02 22:44:00,1149.6,1149.6,1149.6,1149.6,3
TE,202504,2025-04-02 22:48:00,1150.35,1150.35,1150.35,1150.35,1
TE,202504,2025-04-02 22:51:00,1152.15,1152.15,1152.15,1152.15,1
TE,202504,2025-04-02 22:54:00,1151.65,1151.75,1151.65,1151.75,3
TE,202504,2025-04-02 22:58:00,1153.7,1153.7,1153.7,1153.7,1
TE,202504,2025-04-02 23:07:00,1154.0,1154.0,1154.0,1154.0,1
TE,202504,2025-04-02 23:18:00,1152.65,1152.65,1152.65,1152.65,1
TE,202504,2025-04-02 23:23:00,1155.5,1155.5,1155.5,1155.5,1
TE,202504,2025-04-02 23:25:00,1156.5,1156.5,1156.5,1156.5,1
TE,202504,2025-04-02 23:28:00,1157.45,1157.45,1157.45,1157.45,1
TE,202504,2025-04-02 23:30:00,1157.4,1157.4,1157.4,1157.4,3
TE,202504,2025-04-02 23:35:00,1156.65,1156.65,1156.65,1156.65,1
TE,202504,2025-04-03 00:12:00,1158.2,1158.8,1158.2,1158.75,5
TE,202504,2025-04-03 00:14:00,1158.75,1158.75,1158.75,1158.75,1
TE,202504,2025-04-03 00:15:00,1159.0,1159.05,1159.0,1159.05,2
TE,202504,2025-04-03 00:16:00,1159.05,1159.05,1159.05,1159.05,1
TE,202504,2025-04-03 00:21:00,1159.5,1159.5,1159.5,1159.5,1
TE,202504,2025-04-03 00:25:00,1159.95,1160.0,1159.95,1160.0,2
TE,202504,2025-04-03 00:30:00,1161.0,1161.0,1161.0,1161.0,2
TE,202504,2025-04-03 00:46:00,1161.0,1161.0,1161.0,1161.0,1
TE,202504,2025-04-03 00:52:00,1161.45,1161.45,1160.25,1160.25,2
TE,202504,2025-04-03 00:53:00,1160.95,1160.95,1160.95,1160.95,1
TE,202504,2025-04-03 01:02:00,1161.9,1161.9,1161.9,1161.9,1
TE,202504,2025-04-03 01:04:00,1162.35,1162.5,1162.35,1162.5,3
TE,202504,2025-04-03 01:07:00,1162.95,1163.0,1162.95,1163.0,13
TE,202504,2025-04-03 01:10:00,1163.5,1163.5,1163.5,1163.5,1
TE,202504,2025-04-03 01:29:00,1161.8,1161.8,1161.8,1161.8,1
TE,202504,2025-04-03 01:30:00,1161.3,1161.3,1161.3,1161.3,1
TE,202504,2025-04-03 01:43:00,1157.5,1157.5,1157.5,1157.5,1
TE,202504,2025-04-03 01:46:00,1156.55,1156.55,1156.55,1156.55,1
TE,202504,2025-04-03 01:48:00,1156.15,1156.15,1156.15,1156.15,1
TE,202504,2025-04-03 01:50:00,1156.15,1156.15,1156.15,1156.15,1
TE,202504,2025-04-03 01:52:00,1155.1,1155.2,1155.1,1155.2,3
TE,202504,2025-04-03 02:05:00,1152.95,1152.95,1152.7,1152.7,3
TE,202504,2025-04-03 02:12:00,1152.7,1152.7,1152.7,1152.7,1
TE,202504,2025-04-03 02:28:00,1151.0,1151.0,1151.0,1151.0,1
TE,202504,2025-04-03 02:30:00,1151.0,1151.0,1151.0,1151.0,1
TE,202504,2025-04-03 03:44:00,1158.8,1158.8,1158.8,1158.8,1
TE,202504,2025-04-03 03:51:00,1158.5,1158.5,1158.5,1158.5,1
TE,202504,2025-04-03 03:59:00,1159.0,1160.25,1159.0,1160.25,5
TE,202504,2025-04-03 04:13:00,1161.3,1161.3,1161.3,1161.3,1
TE,202504,2025-04-03 04:17:00,1163.0,1163.5,1163.0,1163.5,3
TE,202504,2025-04-03 04:18:00,1164.3,1164.3,1164.3,1164.3,1
TE,202504,2025-04-03 04:29:00,1150.05,1150.05,1147.0,1147.0,2
TE,202504,2025-04-03 04:30:00,1146.6,1146.6,1145.0,1145.0,3
TE,202504,2025-04-03 04:31:00,1142.0,1142.0,1142.0,1142.0,1
TE,202504,2025-04-03 04:37:00,1139.0,1139.0,1139.0,1139.0,1
TE,202504,2025-04-03 04:45:00,1129.7,1129.7,1129.7,1129.7,1
TE,202504,2025-04-03 04:58:00,1129.0,1129.0,1125.0,1125.0,3
TGF,202504,2025-04-02 18:12:00,12584.5,12584.5,12584.5,12584.5,5
TGF,202504,2025-04-02 21:33:00,12558.0,12558.0,12558.0,12558.0,1
TGF,202504,2025-04-02 21:39:00,12580.0,12580.0,12580.0,12580.0,1
TGF,202504,2025-04-02 22:10:00,12561.5,12561.5,12561.5,12561.5,1
TGF,202504,2025-04-02 23:47:00,12568.0,12568.0,12568.0,12568.0,1
TGF,202504,2025-04-02 23:54:00,12561.5,12561.5,12561.5,12561.5,1
TGF,202504,2025-04-03 00:13:00,12584.5,12584.5,12584.5,12584.5,1
TGF,202504,2025-04-03 00:14:00,12585.0,12585.0,12585.0,12585.0,1
TGF,202504,2025-04-03 00:27:00,12597.0,12600.0,12597.0,12600.0,2
TGF,202504,2025-04-03 00:38:00,12608.5,12615.5,12608.5,12615.5,6
TGF,202504,2025-04-03 00:44:00,12607.5,12607.5,12607.5,12607.5,5
TGF,202504,2025-04-03 00:52:00,12601.5,12601.5,12601.5,12601.5,6
TGF,202504,2025-04-03 00:53:00,12604.0,12604.0,12604.0,12604.0,5
TGF,202504,2025-04-03 01:10:00,12608.0,12608.0,12608.0,12608.0,1
TGF,202504,2025-04-03 02:29:00,12570.0,12570.0,12570.0,12570.0,1
TGF,202504,2025-04-03 04:13:00,12550.0,12550.0,12535.0,12535.0,2
TGF,202504,2025-04-03 04:14:00,12520.0,12520.0,12520.0,12520.0,1
TGF,202504,2025-04-03 04:17:00,12515.0,12515.0,12510.0,12510.0,3
TGF,202504,2025-04-03 04:33:00,12645.0,12650.0,12645.0,12650.0,3
TGF,202506,2025-04-02 17:59:00,12639.0,12639.0,12639.0,12639.0,5
TGF,202506,2025-04-02 18:12:00,12626.5,12626.5,12626.5,12626.5,5
TGF,202506,2025-04-02 21:33:00,12601.5,12601.5,12601.5,12601.5,1
TGF,202506,2025-04-02 21:39:00,12623.5,12623.5,12623.5,12623.5,1
TGF,202506,2025-04-02 22:10:00,12606.5,12606.5,12606.5,12606.5,1
TGF,202506,2025-04-03 00:13:00,12629.5,12629.5,12629.5,12629.5,1
TGF,202506,2025-04-03 00:14:00,12630.0,12636.0,12630.0,12636.0,2
TGF,202506,2025-04-03 00:27:00,12645.0,12650.0,12645.0,12650.0,4
TGF,202506,2025-04-03 00:29:00,12650.0,12650.0,12650.0,12650.0,1
TGF,202506,2025-04-03 00:38:00,12652.0,12652.0,12652.0,12652.0,1
TGF,202506,2025-04-03 00:43:00,12666.0,12666.0,12666.0,12666.0,1
TGF,202506,2025-04-03 00:52:00,12656.5,12662.0,12654.0,12654.0,15
TGF,202506,2025-04-03 00:56:00,12654.0,12654.0,12654.0,12654.0,5
TGF,202506,2025-04-03 04:17:00,12558.0,12558.0,12552.5,12552.5,3
TGF,202506,2025-04-03 04:33:00,12687.0,12687.0,12687.0,12687.0,1
TJF,202504,2025-04-02 18:43:00,2630.0,2630.0,2630.0,2630.0,1
TJF,202504,2025-04-02 20:53:00,2623.5,2623.5,2623.5,2623.5,11
TJF,202504,2025-04-02 21:24:00,2623.5,2623.5,2623.5,2623.5,1
TJF,202504,2025-04-02 22:51:00,2648.25,2648.25,2648.25,2648.25,1
TJF,202504,2025-04-02 23:04:00,2649.0,2649.0,2649.0,2649.0,2
TJF,202504,2025-04-03 01:32:00,2665.0,2665.0,2665.0,2665.0,1
TJF,202505,2025-04-02 21:41:00,2637.0,2637.0,2637.0,2637.0,1
TJF,202505,2025-04-02 22:56:00,2648.75,2648.75,2648.75,2648.75,1
TJF,202505,2025-04-02 23:06:00,2651.0,2651.0,2651.0,2651.0,1
TJF,202505,2025-04-02 23:11:00,2651.0,2651.0,2651.0,2651.0,1
TMF,202504,2025-04-02 15:00:00,21306.0,21325.0,21302.0,21318.0,408
TMF,202504,2025-04-02 15:01:00,21316.0,21329.0,21310.0,21327.0,230
TMF,202504,2025-04-02 15:02:00,21328.0,21340.0,21323.0,21323.0,296
TMF,202504,2025-04-02 15:03:00,21323.0,21332.0,21323.0,21326.0,123
TMF,202504,2025-04-02 15:04:00,21327.0,21327.0,21322.0,21322.0,114
TMF,202504,2025-04-02 15:05:00,21323.0,21325.0,21306.0,21312.0,204
TMF,202504,2025-04-02 15:06:00,21313.0,21318.0,21306.0,21308.0,131
TMF,202504,2025-04-02 15:07:00,21307.0,21314.0,21301.0,21305.0,150
TMF,202504,2025-04-02 15:08:00,21304.0,21309.0,21298.0,21299.0,188
TMF,202504,2025-04-02 15:09:00,21299.0,21311.0,21297.0,21307.0,169
TMF,202504,2025-04-02 15:10:00,21307.0,21307.0,21302.0,21305.0,44
TMF,202504,2025-04-02 15:11:00,21307.0,21318.0,21307.0,21312.0,95
TMF,202504,2025-04-02 15:12:00,21310.0,21310.0,21297.0,21298.0,117
TMF,202504,2025-04-02 15:13:00,21297.0,21303.0,21297.0,21303.0,82
TMF,202504,2025-04-02 15:14:00,21301.0,21313.0,21300.0,21312.0,62
TMF,202504,2025-04-02 15:15:00,21313.0,21314.0,21310.0,21311.0,62
TMF,202504,2025-04-02 15:16:00,21311.0,21311.0,21304.0,21306.0,52
TMF,202504,2025-04-02 15:17:00,21305.0,21316.0,21304.0,21316.0,89
TMF,202504,2025-04-02 15:18:00,21317.0,21318.0,21311.0,21311.0,58
TMF,202504,2025-04-02 15:19:00,21312.0,21317.0,21308.0,21316.0,112
TMF,202504,2025-04-02 15:20:00,21316.0,21320.0,21309.0,21312.0,100
TMF,202504,2025-04-02 15:21:00,21311.0,21317.0,21310.0,21317.0,62
TMF,202504,2025-04-02 15:22:00,21316.0,21316.0,21308.0,21312.0,48
TMF,202504,2025-04-02 15:23:00,21311.0,21314.0,21310.0,21311.0,24
TMF,202504,2025-04-02 15:24:00,21313.0,21313.0,21302.0,21303.0,63
TMF,202504,2025-04-02 15:25:00,21303.0,21304.0,21288.0,21290.0,193
TMF,202504,2025-04-02 15:26:00,21291.0,21297.0,21290.0,21294.0,114
TMF,202504,2025-04-02 15:27:00,21294.0,21309.0,21292.0,21301.0,94
TMF,202504,2025-04-02 15:28:00,21300.0,21305.0,21300.0,21300.0,38
TMF,202504,2025-04-02 15:29:00,21300.0,21307.0,21299.0,21303.0,52
TMF,202504,2025-04-02 15:30:00,21305.0,21311.0,21302.0,21302.0,76
TMF,202504,2025-04-02 15:31:00,21305.0,21309.0,21298.0,21308.0,60
TMF,202504,2025-04-02 15:32:00,21306.0,21310.0,21305.0,21306.0,36
TMF,202504,2025-04-02 15:33:00,21304.0,21318.0,21304.0,21317.0,124
TMF,202504,2025-04-02 15:34:00,21316.0,21320.0,21315.0,21320.0,136
TMF,202504,2025-04-02 15:35:00,21321.0,21321.0,21311.0,21315.0,85
TMF,202504,2025-04-02 15:36:00,21315.0,21319.0,21309.0,21316.0,38
TMF,202504,2025-04-02 15:37:00,21315.0,21315.0,21297.0,21297.0,88
TMF,202504,2025-04-02 15:38:00,21297.0,21303.0,21296.0,21300.0,74
TMF,202504,2025-04-02 15:39:00,21300.0,21305.0,21293.0,21297.0,69
TMF,202504,2025-04-02 15:40:00,21298.0,21307.0,21296.0,21307.0,47
TMF,202504,2025-04-02 15:41:00,21306.0,21307.0,21302.0,21307.0,62
TMF,202504,2025-04-02 15:42:00,21302.0,21302.0,21294.0,21295.0,59
TMF,202504,2025-04-02 15:43:00,21295.0,21299.0,21294.0,21297.0,50
TMF,202504,2025-04-02 15:44:00,21295.0,21298.0,21293.0,21296.0,32
TMF,202504,2025-04-02 15:45:00,21296.0,21304.0,21295.0,21302.0,37
TMF,202504,2025-04-02 15:46:00,21304.0,21309.0,21304.0,21309.0,53
TMF,202504,2025-04-02 15:47:00,21309.0,21309.0,21302.0,21302.0,36
TMF,202504,2025-04-02 15:48:00,21304.0,21304.0,21300.0,21304.0,15
TMF,202504,2025-04-02 15:49:00,21304.0,21307.0,21298.0,21300.0,43
TMF,202504,2025-04-02 15:50:00,21300.0,21300.0,21296.0,21298.0,43
TMF,202504,2025-04-02 15:51:00,21298.0,21307.0,21298.0,21307.0,29
TMF,202504,2025-04-02 15:52:00,21305.0,21305.0,21303.0,21304.0,10
TMF,202504,2025-04-02 15:53:00,21304.0,21307.0,21299.0,21305.0,45
TMF,202504,2025-04-02 15:54:00,21303.0,21305.0,21301.0,21302.0,12
TMF,202504,2025-04-02 15:55:00,21304.0,21315.0,21300.0,21312.0,75
TMF,202504,2025-04-02 15:56:00,21312.0,21319.0,21312.0,21314.0,110
TMF,202504,2025-04-02 15:57:00,21314.0,21317.0,21311.0,21312.0,32
TMF,202504,2025-04-02 15:58:00,21313.0,21325.0,21313.0,21323.0,132
TMF,202504,2025-04-02 15:59:00,21323.0,21323.0,21316.0,21319.0,66
TMF,202504,2025-04-02 16:00:00,21319.0,21320.0,21308.0,21308.0,112
TMF,202504,2025-04-02 16:01:00,21310.0,21310.0,21287.0,21290.0,217
TMF,202504,2025-04-02 16:02:00,21290.0,21300.0,21282.0,21295.0,191
TMF,202504,2025-04-02 16:03:00,21295.0,21301.0,21295.0,21299.0,61
TMF,202504,2025-04-02 16:04:00,21300.0,21300.0,21285.0,21290.0,84
TMF,202504,2025-04-02 16:05:00,21290.0,21290.0,21281.0,21288.0,116
TMF,202504,2025-04-02 16:06:00,21288.0,21293.0,21285.0,21287.0,92
TMF,202504,2025-04-02 16:07:00,21287.0,21287.0,21280.0,21286.0,113
TMF,202504,2025-04-02 16:08:00,21288.0,21293.0,21287.0,21293.0,38
TMF,202504,2025-04-02 16:09:00,21293.0,21303.0,21292.0,21300.0,68
TMF,202504,2025-04-02 16:10:00,21300.0,21310.0,21300.0,21309.0,85
TMF,202504,2025-04-02 16:11:00,21309.0,21315.0,21309.0,21314.0,102
TMF,202504,2025-04-02 16:12:00,21312.0,21317.0,21310.0,21316.0,70
TMF,202504,2025-04-02 16:13:00,21317.0,21325.0,21312.0,21312.0,240
TMF,202504,2025-04-02 16:14:00,21312.0,21316.0,21312.0,21314.0,36
TMF,202504,2025-04-02 16:15:00,21315.0,21318.0,21306.0,21315.0,84
TMF,202504,2025-04-02 16:16:00,21315.0,21318.0,21314.0,21316.0,44
TMF,202504,2025-04-02 16:17:00,21316.0,21320.0,21312.0,21318.0,68
TMF,202504,2025-04-02 16:18:00,21318.0,21320.0,21316.0,21317.0,31
TMF,202504,2025-04-02 16:19:00,21314.0,21317.0,21314.0,21316.0,24
TMF,202504,2025-04-02 16:20:00,21317.0,21318.0,21314.0,21318.0,33
TMF,202504,2025-04-02 16:21:00,21317.0,21325.0,21315.0,21325.0,71
TMF,202504,2025-04-02 16:22:00,21325.0,21334.0,21325.0,21328.0,245
TMF,202504,2025-04-02 16:23:00,21329.0,21330.0,21327.0,21328.0,61
TMF,202504,2025-04-02 16:24:00,21329.0,21329.0,21317.0,21317.0,79
TMF,202504,2025-04-02 16:25:00,21317.0,21323.0,21316.0,21323.0,67
TMF,202504,2025-04-02 16:26:00,21321.0,21326.0,21319.0,21325.0,51
TMF,202504,2025-04-02 16:27:00,21326.0,21330.0,21326.0,21330.0,68
TMF,202504,2025-04-02 16:28:00,21331.0,21333.0,21331.0,21331.0,82
TMF,202504,2025-04-02 16:29:00,21330.0,21331.0,21328.0,21328.0,70
TMF,202504,2025-04-02 16:30:00,21327.0,21327.0,21320.0,21323.0,52
TMF,202504,2025-04-02 16:31:00,21323.0,21323.0,21319.0,21321.0,32
TMF,202504,2025-04-02 16:32:00,21322.0,21330.0,21321.0,21330.0,42
TMF,202504,2025-04-02 16:33:00,21329.0,21330.0,21325.0,21327.0,33
TMF,202504,2025-04-02 16:34:00,21327.0,21329.0,21324.0,21325.0,39
TMF,202504,2025-04-02 16:35:00,21325.0,21325.0,21320.0,21320.0,31
TMF,202504,2025-04-02 16:36:00,21320.0,21321.0,21318.0,21320.0,37
TMF,202504,2025-04-02 16:37:00,21320.0,21324.0,21320.0,21321.0,15
TMF,202504,2025-04-02 16:38:00,21320.0,21321.0,21317.0,21317.0,24
TMF,202504,2025-04-02 16:39:00,21317.0,21320.0,21317.0,21318.0,27
TMF,202504,2025-04-02 16:40:00,21321.0,21323.0,21319.0,21320.0,23
TMF,202504,2025-04-02 16:41:00,21319.0,21323.0,21319.0,21322.0,10
TMF,202504,2025-04-02 16:42:00,21323.0,21333.0,21323.0,21327.0,69
TMF,202504,2025-04-02 16:43:00,21327.0,21330.0,21327.0,21327.0,50
TMF,202504,2025-04-02 16:44:00,21327.0,21327.0,21325.0,21327.0,12
TMF,202504,2025-04-02 16:45:00,21327.0,21328.0,21325.0,21327.0,18
TMF,202504,2025-04-02 16:46:00,21327.0,21328.0,21327.0,21328.0,16
TMF,202504,2025-04-02 16:47:00,21328.0,21330.0,21328.0,21329.0,36
TMF,202504,2025-04-02 16:48:00,21329.0,21331.0,21328.0,21330.0,28
TMF,202504,2025-04-02 16:49:00,21331.0,21333.0,21330.0,21331.0,31
TMF,202504,2025-04-02 16:50:00,21331.0,21335.0,21331.0,21334.0,71
TMF,202504,2025-04-02 16:51:00,21333.0,21335.0,21330.0,21330.0,52
TMF,202504,2025-04-02 16:52:00,21329.0,21329.0,21325.0,21325.0,49
TMF,202504,2025-04-02 16:53:00,21324.0,21330.0,21323.0,21329.0,50
TMF,202504,2025-04-02 16:54:00,21327.0,21329.0,21327.0,21329.0,30
TMF,202504,2025-04-02 16:55:00,21329.0,21331.0,21327.0,21327.0,32
TMF,202504,2025-04-02 16:56:00,21327.0,21329.0,21325.0,21328.0,15
TMF,202504,2025-04-02 16:57:00,21326.0,21328.0,21326.0,21328.0,19
TMF,202504,2025-04-02 16:58:00,21329.0,21329.0,21318.0,21319.0,36
TMF,202504,2025-04-02 16:59:00,21318.0,21322.0,21318.0,21319.0,41
TMF,202504,2025-04-02 17:00:00,21318.0,21321.0,21316.0,21317.0,68
TMF,202504,2025-04-02 17:01:00,21317.0,21320.0,21317.0,21320.0,29
TMF,202504,2025-04-02 17:02:00,21321.0,21322.0,21321.0,21321.0,20
TMF,202504,2025-04-02 17:03:00,21321.0,21321.0,21319.0,21320.0,21
TMF,202504,2025-04-02 17:04:00,21321.0,21323.0,21321.0,21322.0,7
TMF,202504,2025-04-02 17:05:00,21322.0,21329.0,21322.0,21329.0,39
TMF,202504,2025-04-02 17:06:00,21330.0,21333.0,21329.0,21330.0,78
TMF,202504,2025-04-02 17:07:00,21331.0,21332.0,21330.0,21331.0,13
TMF,202504,2025-04-02 17:08:00,21332.0,21335.0,21332.0,21332.0,43
TMF,202504,2025-04-02 17:09:00,21333.0,21338.0,21332.0,21338.0,108
TMF,202504,2025-04-02 17:10:00,21338.0,21340.0,21333.0,21334.0,105
TMF,202504,2025-04-02 17:11:00,21333.0,21334.0,21333.0,21333.0,26
TMF,202504,2025-04-02 17:12:00,21333.0,21336.0,21330.0,21330.0,58
TMF,202504,2025-04-02 17:13:00,21330.0,21331.0,21328.0,21331.0,58
TMF,202504,2025-04-02 17:14:00,21331.0,21332.0,21326.0,21326.0,46
TMF,202504,2025-04-02 17:15:00,21325.0,21327.0,21321.0,21323.0,65
TMF,202504,2025-04-02 17:16:00,21323.0,21325.0,21321.0,21323.0,33
TMF,202504,2025-04-02 17:17:00,21321.0,21321.0,21316.0,21319.0,96
TMF,202504,2025-04-02 17:18:00,21319.0,21325.0,21318.0,21324.0,35
TMF,202504,2025-04-02 17:19:00,21324.0,21324.0,21320.0,21322.0,28
TMF,202504,2025-04-02 17:20:00,21322.0,21325.0,21322.0,21322.0,24
TMF,202504,2025-04-02 17:21:00,21323.0,21328.0,21323.0,21326.0,16
TMF,202504,2025-04-02 17:22:00,21326.0,21330.0,21326.0,21330.0,27
TMF,202504,2025-04-02 17:23:00,21330.0,21330.0,21325.0,21326.0,18
TMF,202504,2025-04-02 17:24:00,21327.0,21328.0,21327.0,21328.0,3
TMF,202504,2025-04-02 17:25:00,21328.0,21330.0,21326.0,21326.0,24
TMF,202504,2025-04-02 17:26:00,21326.0,21326.0,21320.0,21322.0,33
TMF,202504,2025-04-02 17:27:00,21321.0,21323.0,21319.0,21321.0,42
TMF,202504,2025-04-02 17:28:00,21320.0,21322.0,21320.0,21322.0,14
TMF,202504,2025-04-02 17:29:00,21322.0,21324.0,21320.0,21320.0,23
TMF,202504,2025-04-02 17:30:00,21320.0,21321.0,21318.0,21319.0,36
TMF,202504,2025-04-02 17:31:00,21319.0,21327.0,21319.0,21326.0,33
TMF,202504,2025-04-02 17:32:00,21324.0,21327.0,21324.0,21326.0,25
TMF,202504,2025-04-02 17:33:00,21325.0,21327.0,21324.0,21326.0,21
TMF,202504,2025-04-02 17:34:00,21327.0,21328.0,21325.0,21328.0,28
TMF,202504,2025-04-02 17:35:00,21325.0,21328.0,21325.0,21327.0,10
TMF,202504,2025-04-02 17:36:00,21326.0,21327.0,21324.0,21327.0,20
TMF,202504,2025-04-02 17:37:00,21328.0,21337.0,21328.0,21337.0,138
TMF,202504,2025-04-02 17:38:00,21337.0,21337.0,21333.0,21334.0,56
TMF,202504,2025-04-02 17:39:00,21332.0,21332.0,21325.0,21326.0,46
TMF,202504,2025-04-02 17:40:00,21325.0,21329.0,21325.0,21328.0,14
TMF,202504,2025-04-02 17:41:00,21329.0,21330.0,21326.0,21326.0,22
TMF,202504,2025-04-02 17:42:00,21328.0,21333.0,21328.0,21333.0,47
TMF,202504,2025-04-02 17:43:00,21332.0,21334.0,21332.0,21333.0,12
TMF,202504,2025-04-02 17:44:00,21333.0,21334.0,21332.0,21334.0,17
TMF,202504,2025-04-02 17:45:00,21333.0,21333.0,21328.0,21328.0,29
TMF,202504,2025-04-02 17:46:00,21328.0,21328.0,21327.0,21327.0,7
TMF,202504,2025-04-02 17:47:00,21328.0,21331.0,21325.0,21325.0,18
TMF,202504,2025-04-02 17:48:00,21323.0,21324.0,21321.0,21322.0,41
TMF,202504,2025-04-02 17:49:00,21322.0,21324.0,21321.0,21324.0,14
TMF,202504,2025-04-02 17:50:00,21325.0,21327.0,21325.0,21325.0,18
TMF,202504,2025-04-02 17:51:00,21325.0,21325.0,21320.0,21324.0,53
TMF,202504,2025-04-02 17:52:00,21322.0,21322.0,21320.0,21321.0,13
TMF,202504,2025-04-02 17:53:00,21321.0,21322.0,21316.0,21318.0,74
TMF,202504,2025-04-02 17:54:00,21319.0,21320.0,21318.0,21319.0,22
TMF,202504,2025-04-02 17:55:00,21318.0,21322.0,21316.0,21316.0,34
TMF,202504,2025-04-02 17:56:00,21315.0,21316.0,21306.0,21308.0,138
TMF,202504,2025-04-02 17:57:00,21308.0,21311.0,21307.0,21309.0,50
TMF,202504,2025-04-02 17:58:00,21309.0,21313.0,21306.0,21307.0,60
TMF,202504,2025-04-02 17:59:00,21308.0,21313.0,21308.0,21313.0,17
TMF,202504,2025-04-02 18:00:00,21312.0,21316.0,21310.0,21315.0,31
TMF,202504,2025-04-02 18:01:00,21315.0,21316.0,21313.0,21315.0,16
TMF,202504,2025-04-02 18:02:00,21315.0,21315.0,21285.0,21286.0,497
TMF,202504,2025-04-02 18:03:00,21285.0,21287.0,21276.0,21284.0,391
TMF,202504,2025-04-02 18:04:00,21285.0,21295.0,21278.0,21289.0,139
TMF,202504,2025-04-02 18:05:00,21291.0,21295.0,21289.0,21293.0,103
TMF,202504,2025-04-02 18:06:00,21292.0,21294.0,21288.0,21290.0,58
TMF,202504,2025-04-02 18:07:00,21291.0,21303.0,21291.0,21301.0,128
TMF,202504,2025-04-02 18:08:00,21302.0,21306.0,21301.0,21306.0,87
TMF,202504,2025-04-02 18:09:00,21306.0,21307.0,21301.0,21301.0,75
TMF,202504,2025-04-02 18:10:00,21303.0,21304.0,21297.0,21299.0,71
TMF,202504,2025-04-02 18:11:00,21299.0,21300.0,21292.0,21294.0,47
TMF,202504,2025-04-02 18:12:00,21295.0,21299.0,21294.0,21294.0,50
TMF,202504,2025-04-02 18:13:00,21293.0,21300.0,21293.0,21298.0,60
TMF,202504,2025-04-02 18:14:00,21296.0,21300.0,21296.0,21299.0,21
TMF,202504,2025-04-02 18:15:00,21299.0,21300.0,21294.0,21300.0,63
TMF,202504,2025-04-02 18:16:00,21300.0,21305.0,21299.0,21301.0,40
TMF,202504,2025-04-02 18:17:00,21301.0,21307.0,21301.0,21305.0,38
TMF,202504,2025-04-02 18:18:00,21307.0,21309.0,21302.0,21305.0,61
TMF,202504,2025-04-02 18:19:00,21302.0,21303.0,21300.0,21303.0,20
TMF,202504,2025-04-02 18:20:00,21304.0,21308.0,21302.0,21306.0,17
TMF,202504,2025-04-02 18:21:00,21305.0,21305.0,21301.0,21303.0,14
TMF,202504,2025-04-02 18:22:00,21303.0,21306.0,21301.0,21303.0,21
TMF,202504,2025-04-02 18:23:00,21302.0,21302.0,21296.0,21296.0,47
TMF,202504,2025-04-02 18:24:00,21295.0,21297.0,21293.0,21295.0,40
TMF,202504,2025-04-02 18:25:00,21295.0,21298.0,21293.0,21297.0,33
TMF,202504,2025-04-02 18:26:00,21296.0,21296.0,21294.0,21295.0,19
TMF,202504,2025-04-02 18:27:00,21294.0,21298.0,21294.0,21296.0,21
TMF,202504,2025-04-02 18:28:00,21299.0,21299.0,21282.0,21287.0,184
TMF,202504,2025-04-02 18:29:00,21287.0,21293.0,21285.0,21293.0,62
TMF,202504,2025-04-02 18:30:00,21294.0,21295.0,21291.0,21294.0,58
TMF,202504,2025-04-02 18:31:00,21294.0,21296.0,21284.0,21284.0,58
TMF,202504,2025-04-02 18:32:00,21284.0,21284.0,21278.0,21280.0,135
TMF,202504,2025-04-02 18:33:00,21280.0,21281.0,21274.0,21279.0,175
TMF,202504,2025-04-02 18:34:00,21278.0,21278.0,21275.0,21278.0,78
TMF,202504,2025-04-02 18:35:00,21277.0,21278.0,21272.0,21276.0,87
TMF,202504,2025-04-02 18:36:00,21276.0,21279.0,21270.0,21273.0,116
TMF,202504,2025-04-02 18:37:00,21272.0,21275.0,21270.0,21273.0,71
TMF,202504,2025-04-02 18:38:00,21272.0,21279.0,21272.0,21275.0,64
TMF,202504,2025-04-02 18:39:00,21278.0,21278.0,21272.0,21278.0,31
TMF,202504,2025-04-02 18:40:00,21277.0,21278.0,21274.0,21277.0,33
TMF,202504,2025-04-02 18:41:00,21275.0,21276.0,21271.0,21271.0,55
TMF,202504,2025-04-02 18:42:00,21272.0,21278.0,21265.0,21276.0,179
TMF,202504,2025-04-02 18:43:00,21278.0,21278.0,21267.0,21269.0,48
TMF,202504,2025-04-02 18:44:00,21269.0,21276.0,21267.0,21271.0,52
TMF,202504,2025-04-02 18:45:00,21271.0,21279.0,21271.0,21278.0,55
TMF,202504,2025-04-02 18:46:00,21278.0,21284.0,21277.0,21282.0,75
TMF,202504,2025-04-02 18:47:00,21285.0,21291.0,21285.0,21289.0,83
TMF,202504,2025-04-02 18:48:00,21289.0,21296.0,21287.0,21293.0,86
TMF,202504,2025-04-02 18:49:00,21292.0,21292.0,21290.0,21290.0,58
TMF,202504,2025-04-02 18:50:00,21290.0,21292.0,21288.0,21291.0,55
TMF,202504,2025-04-02 18:51:00,21292.0,21292.0,21288.0,21289.0,19
TMF,202504,2025-04-02 18:52:00,21288.0,21290.0,21285.0,21286.0,52
TMF,202504,2025-04-02 18:53:00,21285.0,21286.0,21282.0,21286.0,40
TMF,202504,2025-04-02 18:54:00,21287.0,21288.0,21285.0,21286.0,20
TMF,202504,2025-04-02 18:55:00,21286.0,21286.0,21280.0,21281.0,33
TMF,202504,2025-04-02 18:56:00,21281.0,21283.0,21278.0,21278.0,37
TMF,202504,2025-04-02 18:57:00,21277.0,21277.0,21275.0,21275.0,33
TMF,202504,2025-04-02 18:58:00,21275.0,21275.0,21268.0,21270.0,101
TMF,202504,2025-04-02 18:59:00,21269.0,21271.0,21265.0,21266.0,62
TMF,202504,2025-04-02 19:00:00,21267.0,21275.0,21267.0,21271.0,89
TMF,202504,2025-04-02 19:01:00,21271.0,21273.0,21269.0,21273.0,51
TMF,202504,2025-04-02 19:02:00,21271.0,21271.0,21266.0,21269.0,73
TMF,202504,2025-04-02 19:03:00,21270.0,21275.0,21270.0,21271.0,59
TMF,202504,2025-04-02 19:04:00,21272.0,21272.0,21268.0,21270.0,59
TMF,202504,2025-04-02 19:05:00,21270.0,21276.0,21267.0,21274.0,29
TMF,202504,2025-04-02 19:06:00,21275.0,21283.0,21275.0,21283.0,75
TMF,202504,2025-04-02 19:07:00,21284.0,21285.0,21280.0,21284.0,33
TMF,202504,2025-04-02 19:08:00,21284.0,21287.0,21282.0,21286.0,41
TMF,202504,2025-04-02 19:09:00,21285.0,21286.0,21283.0,21284.0,32
TMF,202504,2025-04-02 19:10:00,21284.0,21290.0,21284.0,21287.0,63
TMF,202504,2025-04-02 19:11:00,21288.0,21293.0,21287.0,21291.0,77
TMF,202504,2025-04-02 19:12:00,21291.0,21292.0,21288.0,21289.0,46
TMF,202504,2025-04-02 19:13:00,21290.0,21290.0,21282.0,21282.0,41
TMF,202504,2025-04-02 19:14:00,21283.0,21283.0,21280.0,21281.0,30
TMF,202504,2025-04-02 19:15:00,21281.0,21285.0,21281.0,21283.0,21
TMF,202504,2025-04-02 19:16:00,21282.0,21282.0,21276.0,21277.0,53
TMF,202504,2025-04-02 19:17:00,21277.0,21282.0,21277.0,21282.0,31
TMF,202504,2025-04-02 19:18:00,21283.0,21287.0,21281.0,21287.0,33
TMF,202504,2025-04-02 19:19:00,21288.0,21288.0,21286.0,21286.0,22
TMF,202504,2025-04-02 19:20:00,21286.0,21287.0,21279.0,21279.0,58
TMF,202504,2025-04-02 19:21:00,21280.0,21285.0,21280.0,21280.0,19
TMF,202504,2025-04-02 19:22:00,21282.0,21289.0,21281.0,21289.0,17
TMF,202504,2025-04-02 19:23:00,21288.0,21288.0,21286.0,21287.0,32
TMF,202504,2025-04-02 19:24:00,21286.0,21288.0,21286.0,21288.0,18
TMF,202504,2025-04-02 19:25:00,21288.0,21292.0,21287.0,21292.0,54
TMF,202504,2025-04-02 19:26:00,21292.0,21292.0,21285.0,21290.0,40
TMF,202504,2025-04-02 19:27:00,21290.0,21291.0,21285.0,21285.0,23
TMF,202504,2025-04-02 19:28:00,21285.0,21286.0,21285.0,21285.0,17
TMF,202504,2025-04-02 19:29:00,21285.0,21285.0,21280.0,21281.0,25
TMF,202504,2025-04-02 19:30:00,21282.0,21285.0,21279.0,21285.0,37
TMF,202504,2025-04-02 19:31:00,21285.0,21294.0,21285.0,21291.0,45
TMF,202504,2025-04-02 19:32:00,21289.0,21292.0,21286.0,21292.0,22
TMF,202504,2025-04-02 19:33:00,21293.0,21293.0,21289.0,21289.0,20
TMF,202504,2025-04-02 19:34:00,21291.0,21293.0,21291.0,21291.0,20
TMF,202504,2025-04-02 19:35:00,21291.0,21291.0,21287.0,21287.0,23
TMF,202504,2025-04-02 19:36:00,21287.0,21287.0,21275.0,21280.0,84
TMF,202504,2025-04-02 19:37:00,21279.0,21284.0,21279.0,21283.0,28
TMF,202504,2025-04-02 19:38:00,21283.0,21285.0,21283.0,21283.0,11
TMF,202504,2025-04-02 19:39:00,21284.0,21284.0,21277.0,21277.0,22
TMF,202504,2025-04-02 19:40:00,21277.0,21286.0,21277.0,21286.0,31
TMF,202504,2025-04-02 19:41:00,21285.0,21285.0,21282.0,21282.0,17
TMF,202504,2025-04-02 19:42:00,21280.0,21281.0,21275.0,21278.0,21
TMF,202504,2025-04-02 19:43:00,21278.0,21280.0,21276.0,21278.0,33
TMF,202504,2025-04-02 19:44:00,21280.0,21281.0,21277.0,21278.0,28
TMF,202504,2025-04-02 19:45:00,21279.0,21281.0,21278.0,21281.0,8
TMF,202504,2025-04-02 19:46:00,21281.0,21284.0,21280.0,21284.0,15
TMF,202504,2025-04-02 19:47:00,21283.0,21291.0,21281.0,21291.0,39
TMF,202504,2025-04-02 19:48:00,21291.0,21294.0,21287.0,21288.0,74
TMF,202504,2025-04-02 19:49:00,21287.0,21289.0,21285.0,21289.0,19
TMF,202504,2025-04-02 19:50:00,21287.0,21287.0,21281.0,21284.0,18
TMF,202504,2025-04-02 19:51:00,21285.0,21288.0,21281.0,21281.0,19
TMF,202504,2025-04-02 19:52:00,21281.0,21283.0,21280.0,21280.0,19
TMF,202504,2025-04-02 19:53:00,21280.0,21283.0,21280.0,21280.0,19
TMF,202504,2025-04-02 19:54:00,21280.0,21283.0,21280.0,21282.0,16
TMF,202504,2025-04-02 19:55:00,21280.0,21282.0,21279.0,21279.0,23
TMF,202504,2025-04-02 19:56:00,21278.0,21281.0,21278.0,21279.0,10
TMF,202504,2025-04-02 19:57:00,21280.0,21280.0,21273.0,21277.0,55
TMF,202504,2025-04-02 19:58:00,21278.0,21278.0,21273.0,21273.0,16
TMF,202504,2025-04-02 19:59:00,21274.0,21274.0,21269.0,21270.0,77
TMF,202504,2025-04-02 20:00:00,21270.0,21275.0,21268.0,21271.0,59
TMF,202504,2025-04-02 20:01:00,21271.0,21275.0,21268.0,21269.0,55
TMF,202504,2025-04-02 20:02:00,21268.0,21268.0,21257.0,21259.0,315
TMF,202504,2025-04-02 20:03:00,21258.0,21258.0,21251.0,21255.0,197
TMF,202504,2025-04-02 20:04:00,21254.0,21257.0,21251.0,21253.0,154
TMF,202504,2025-04-02 20:05:00,21254.0,21255.0,21244.0,21246.0,278
TMF,202504,2025-04-02 20:06:00,21245.0,21250.0,21243.0,21245.0,118
TMF,202504,2025-04-02 20:07:00,21246.0,21246.0,21232.0,21238.0,374
TMF,202504,2025-04-02 20:08:00,21236.0,21237.0,21230.0,21232.0,173
TMF,202504,2025-04-02 20:09:00,21232.0,21232.0,21226.0,21228.0,210
TMF,202504,2025-04-02 20:10:00,21227.0,21238.0,21225.0,21234.0,201
TMF,202504,2025-04-02 20:11:00,21234.0,21240.0,21233.0,21240.0,103
TMF,202504,2025-04-02 20:12:00,21239.0,21246.0,21238.0,21243.0,167
TMF,202504,2025-04-02 20:13:00,21241.0,21245.0,21240.0,21245.0,73
TMF,202504,2025-04-02 20:14:00,21245.0,21246.0,21243.0,21244.0,50
TMF,202504,2025-04-02 20:15:00,21243.0,21263.0,21240.0,21244.0,332
TMF,202504,2025-04-02 20:16:00,21245.0,21249.0,21235.0,21235.0,134
TMF,202504,2025-04-02 20:17:00,21235.0,21239.0,21232.0,21233.0,122
TMF,202504,2025-04-02 20:18:00,21233.0,21240.0,21233.0,21239.0,61
TMF,202504,2025-04-02 20:19:00,21239.0,21242.0,21237.0,21240.0,48
TMF,202504,2025-04-02 20:20:00,21240.0,21243.0,21230.0,21230.0,125
TMF,202504,2025-04-02 20:21:00,21230.0,21231.0,21222.0,21231.0,240
TMF,202504,2025-04-02 20:22:00,21230.0,21237.0,21225.0,21227.0,81
TMF,202504,2025-04-02 20:23:00,21226.0,21227.0,21220.0,21221.0,156
TMF,202504,2025-04-02 20:24:00,21220.0,21224.0,21217.0,21223.0,203
TMF,202504,2025-04-02 20:25:00,21223.0,21228.0,21221.0,21228.0,73
TMF,202504,2025-04-02 20:26:00,21227.0,21228.0,21223.0,21224.0,59
TMF,202504,2025-04-02 20:27:00,21226.0,21226.0,21212.0,21212.0,140
TMF,202504,2025-04-02 20:28:00,21213.0,21217.0,21210.0,21211.0,140
TMF,202504,2025-04-02 20:29:00,21211.0,21213.0,21209.0,21211.0,124
TMF,202504,2025-04-02 20:30:00,21210.0,21222.0,21209.0,21220.0,141
TMF,202504,2025-04-02 20:31:00,21220.0,21221.0,21212.0,21213.0,122
TMF,202504,2025-04-02 20:32:00,21217.0,21221.0,21215.0,21220.0,62
TMF,202504,2025-04-02 20:33:00,21220.0,21222.0,21219.0,21222.0,105
TMF,202504,2025-04-02 20:34:00,21223.0,21227.0,21218.0,21220.0,151
TMF,202504,2025-04-02 20:35:00,21220.0,21225.0,21214.0,21223.0,105
TMF,202504,2025-04-02 20:36:00,21224.0,21230.0,21221.0,21224.0,139
TMF,202504,2025-04-02 20:37:00,21223.0,21224.0,21220.0,21224.0,63
TMF,202504,2025-04-02 20:38:00,21225.0,21235.0,21224.0,21234.0,109
TMF,202504,2025-04-02 20:39:00,21233.0,21235.0,21228.0,21229.0,109
TMF,202504,2025-04-02 20:40:00,21230.0,21232.0,21228.0,21232.0,56
TMF,202504,2025-04-02 20:41:00,21233.0,21235.0,21229.0,21230.0,123
TMF,202504,2025-04-02 20:42:00,21230.0,21230.0,21228.0,21228.0,34
TMF,202504,2025-04-02 20:43:00,21228.0,21231.0,21225.0,21226.0,65
TMF,202504,2025-04-02 20:44:00,21226.0,21234.0,21225.0,21232.0,51
TMF,202504,2025-04-02 20:45:00,21231.0,21235.0,21230.0,21233.0,51
TMF,202504,2025-04-02 20:46:00,21233.0,21236.0,21231.0,21235.0,67
TMF,202504,2025-04-02 20:47:00,21234.0,21238.0,21234.0,21237.0,62
TMF,202504,2025-04-02 20:48:00,21237.0,21247.0,21237.0,21246.0,185
TMF,202504,2025-04-02 20:49:00,21248.0,21248.0,21242.0,21243.0,120
TMF,202504,2025-04-02 20:50:00,21242.0,21243.0,21231.0,21235.0,108
TMF,202504,2025-04-02 20:51:00,21236.0,21242.0,21236.0,21238.0,51
TMF,202504,2025-04-02 20:52:00,21237.0,21240.0,21234.0,21239.0,55
TMF,202504,2025-04-02 20:53:00,21239.0,21250.0,21239.0,21244.0,167
TMF,202504,2025-04-02 20:54:00,21246.0,21250.0,21245.0,21248.0,86
TMF,202504,2025-04-02 20:55:00,21248.0,21250.0,21243.0,21248.0,53
TMF,202504,2025-04-02 20:56:00,21249.0,21249.0,21243.0,21243.0,40
TMF,202504,2025-04-02 20:57:00,21244.0,21250.0,21242.0,21249.0,75
TMF,202504,2025-04-02 20:58:00,21250.0,21253.0,21248.0,21248.0,114
TMF,202504,2025-04-02 20:59:00,21248.0,21250.0,21247.0,21249.0,38
TMF,202504,2025-04-02 21:00:00,21249.0,21250.0,21238.0,21242.0,127
TMF,202504,2025-04-02 21:01:00,21242.0,21246.0,21240.0,21241.0,33
TMF,202504,2025-04-02 21:02:00,21242.0,21247.0,21240.0,21244.0,70
TMF,202504,2025-04-02 21:03:00,21241.0,21241.0,21234.0,21235.0,73
TMF,202504,2025-04-02 21:04:00,21236.0,21238.0,21235.0,21236.0,58
TMF,202504,2025-04-02 21:05:00,21237.0,21243.0,21234.0,21242.0,69
TMF,202504,2025-04-02 21:06:00,21242.0,21242.0,21233.0,21233.0,40
TMF,202504,2025-04-02 21:07:00,21233.0,21243.0,21233.0,21242.0,29
TMF,202504,2025-04-02 21:08:00,21242.0,21244.0,21240.0,21243.0,49
TMF,202504,2025-04-02 21:09:00,21242.0,21243.0,21238.0,21239.0,42
TMF,202504,2025-04-02 21:10:00,21238.0,21239.0,21235.0,21235.0,29
TMF,202504,2025-04-02 21:11:00,21235.0,21238.0,21233.0,21235.0,51
TMF,202504,2025-04-02 21:12:00,21235.0,21235.0,21226.0,21226.0,66
TMF,202504,2025-04-02 21:13:00,21228.0,21228.0,21224.0,21227.0,104
TMF,202504,2025-04-02 21:14:00,21228.0,21230.0,21225.0,21228.0,49
TMF,202504,2025-04-02 21:15:00,21226.0,21228.0,21224.0,21227.0,51
TMF,202504,2025-04-02 21:16:00,21226.0,21228.0,21225.0,21226.0,19
TMF,202504,2025-04-02 21:17:00,21226.0,21229.0,21226.0,21228.0,32
TMF,202504,2025-04-02 21:18:00,21226.0,21234.0,21226.0,21233.0,38
TMF,202504,2025-04-02 21:19:00,21234.0,21234.0,21226.0,21232.0,60
TMF,202504,2025-04-02 21:20:00,21231.0,21236.0,21229.0,21232.0,60
TMF,202504,2025-04-02 21:21:00,21232.0,21233.0,21228.0,21229.0,20
TMF,202504,2025-04-02 21:22:00,21228.0,21230.0,21227.0,21227.0,36
TMF,202504,2025-04-02 21:23:00,21228.0,21228.0,21220.0,21222.0,115
TMF,202504,2025-04-02 21:24:00,21221.0,21221.0,21217.0,21218.0,103
TMF,202504,2025-04-02 21:25:00,21217.0,21220.0,21215.0,21220.0,81
TMF,202504,2025-04-02 21:26:00,21221.0,21223.0,21220.0,21222.0,36
TMF,202504,2025-04-02 21:27:00,21222.0,21223.0,21218.0,21218.0,68
TMF,202504,2025-04-02 21:28:00,21219.0,21224.0,21212.0,21213.0,73
TMF,202504,2025-04-02 21:29:00,21213.0,21216.0,21210.0,21214.0,140
TMF,202504,2025-04-02 21:30:00,21214.0,21236.0,21202.0,21202.0,456
TMF,202504,2025-04-02 21:31:00,21202.0,21224.0,21191.0,21220.0,818
TMF,202504,2025-04-02 21:32:00,21219.0,21224.0,21201.0,21206.0,297
TMF,202504,2025-04-02 21:33:00,21207.0,21242.0,21203.0,21242.0,446
TMF,202504,2025-04-02 21:34:00,21242.0,21258.0,21241.0,21255.0,624
TMF,202504,2025-04-02 21:35:00,21255.0,21271.0,21250.0,21271.0,606
TMF,202504,2025-04-02 21:36:00,21270.0,21298.0,21269.0,21290.0,905
TMF,202504,2025-04-02 21:37:00,21290.0,21308.0,21290.0,21306.0,686
TMF,202504,2025-04-02 21:38:00,21306.0,21314.0,21285.0,21286.0,595
TMF,202504,2025-04-02 21:39:00,21286.0,21300.0,21280.0,21286.0,343
TMF,202504,2025-04-02 21:40:00,21284.0,21301.0,21272.0,21291.0,466
TMF,202504,2025-04-02 21:41:00,21293.0,21302.0,21289.0,21290.0,246
TMF,202504,2025-04-02 21:42:00,21290.0,21291.0,21276.0,21279.0,278
TMF,202504,2025-04-02 21:43:00,21277.0,21289.0,21270.0,21279.0,247
TMF,202504,2025-04-02 21:44:00,21281.0,21308.0,21277.0,21307.0,339
TMF,202504,2025-04-02 21:45:00,21307.0,21352.0,21306.0,21348.0,1352
TMF,202504,2025-04-02 21:46:00,21350.0,21365.0,21345.0,21347.0,1146
TMF,202504,2025-04-02 21:47:00,21348.0,21353.0,21333.0,21333.0,458
TMF,202504,2025-04-02 21:48:00,21332.0,21343.0,21330.0,21342.0,347
TMF,202504,2025-04-02 21:49:00,21341.0,21354.0,21337.0,21353.0,339
TMF,202504,2025-04-02 21:50:00,21353.0,21359.0,21342.0,21344.0,388
TMF,202504,2025-04-02 21:51:00,21342.0,21358.0,21342.0,21346.0,270
TMF,202504,2025-04-02 21:52:00,21347.0,21366.0,21347.0,21360.0,539
TMF,202504,2025-04-02 21:53:00,21359.0,21361.0,21342.0,21345.0,309
TMF,202504,2025-04-02 21:54:00,21345.0,21350.0,21340.0,21340.0,226
TMF,202504,2025-04-02 21:55:00,21341.0,21348.0,21338.0,21340.0,281
TMF,202504,2025-04-02 21:56:00,21340.0,21341.0,21320.0,21338.0,450
TMF,202504,2025-04-02 21:57:00,21336.0,21340.0,21327.0,21335.0,226
TMF,202504,2025-04-02 21:58:00,21337.0,21337.0,21326.0,21331.0,163
TMF,202504,2025-04-02 21:59:00,21332.0,21336.0,21325.0,21325.0,187
TMF,202504,2025-04-02 22:00:00,21324.0,21345.0,21314.0,21344.0,502
TMF,202504,2025-04-02 22:01:00,21345.0,21359.0,21344.0,21350.0,525
TMF,202504,2025-04-02 22:02:00,21349.0,21377.0,21349.0,21377.0,1011
TMF,202504,2025-04-02 22:03:00,21376.0,21402.0,21375.0,21398.0,1512
TMF,202504,2025-04-02 22:04:00,21398.0,21415.0,21396.0,21405.0,885
TMF,202504,2025-04-02 22:05:00,21406.0,21411.0,21390.0,21400.0,488
TMF,202504,2025-04-02 22:06:00,21398.0,21412.0,21393.0,21393.0,383
TMF,202504,2025-04-02 22:07:00,21395.0,21395.0,21384.0,21386.0,335
TMF,202504,2025-04-02 22:08:00,21387.0,21388.0,21367.0,21372.0,506
TMF,202504,2025-04-02 22:09:00,21371.0,21371.0,21350.0,21362.0,515
TMF,202504,2025-04-02 22:10:00,21361.0,21372.0,21345.0,21345.0,450
TMF,202504,2025-04-02 22:11:00,21345.0,21350.0,21330.0,21350.0,535
TMF,202504,2025-04-02 22:12:00,21349.0,21364.0,21342.0,21362.0,316
TMF,202504,2025-04-02 22:13:00,21362.0,21370.0,21355.0,21356.0,308
TMF,202504,2025-04-02 22:14:00,21356.0,21359.0,21341.0,21354.0,236
TMF,202504,2025-04-02 22:15:00,21353.0,21358.0,21342.0,21351.0,148
TMF,202504,2025-04-02 22:16:00,21350.0,21369.0,21348.0,21369.0,237
TMF,202504,2025-04-02 22:17:00,21369.0,21380.0,21362.0,21380.0,320
TMF,202504,2025-04-02 22:18:00,21379.0,21380.0,21369.0,21377.0,185
TMF,202504,2025-04-02 22:19:00,21376.0,21376.0,21364.0,21372.0,205
TMF,202504,2025-04-02 22:20:00,21373.0,21382.0,21370.0,21379.0,309
TMF,202504,2025-04-02 22:21:00,21379.0,21380.0,21368.0,21369.0,136
TMF,202504,2025-04-02 22:22:00,21370.0,21374.0,21361.0,21368.0,166
TMF,202504,2025-04-02 22:23:00,21368.0,21384.0,21366.0,21384.0,192
TMF,202504,2025-04-02 22:24:00,21384.0,21396.0,21382.0,21390.0,437
TMF,202504,2025-04-02 22:25:00,21390.0,21390.0,21365.0,21365.0,232
TMF,202504,2025-04-02 22:26:00,21365.0,21379.0,21357.0,21375.0,262
TMF,202504,2025-04-02 22:27:00,21374.0,21379.0,21366.0,21377.0,140
TMF,202504,2025-04-02 22:28:00,21379.0,21388.0,21374.0,21388.0,168
TMF,202504,2025-04-02 22:29:00,21387.0,21397.0,21386.0,21394.0,258
TMF,202504,2025-04-02 22:30:00,21394.0,21398.0,21386.0,21386.0,217
TMF,202504,2025-04-02 22:31:00,21387.0,21396.0,21386.0,21395.0,148
TMF,202504,2025-04-02 22:32:00,21395.0,21405.0,21392.0,21397.0,401
TMF,202504,2025-04-02 22:33:00,21396.0,21400.0,21386.0,21390.0,180
TMF,202504,2025-04-02 22:34:00,21389.0,21395.0,21388.0,21388.0,119
TMF,202504,2025-04-02 22:35:00,21388.0,21391.0,21375.0,21384.0,261
TMF,202504,2025-04-02 22:36:00,21382.0,21382.0,21373.0,21373.0,155
TMF,202504,2025-04-02 22:37:00,21375.0,21380.0,21373.0,21374.0,239
TMF,202504,2025-04-02 22:38:00,21375.0,21378.0,21366.0,21372.0,198
TMF,202504,2025-04-02 22:39:00,21371.0,21392.0,21371.0,21389.0,242
TMF,202504,2025-04-02 22:40:00,21389.0,21392.0,21376.0,21385.0,145
TMF,202504,2025-04-02 22:41:00,21386.0,21405.0,21386.0,21400.0,309
TMF,202504,2025-04-02 22:42:00,21401.0,21403.0,21388.0,21389.0,126
TMF,202504,2025-04-02 22:43:00,21390.0,21395.0,21376.0,21376.0,144
TMF,202504,2025-04-02 22:44:00,21377.0,21379.0,21368.0,21374.0,229
TMF,202504,2025-04-02 22:45:00,21375.0,21391.0,21375.0,21389.0,182
TMF,202504,2025-04-02 22:46:00,21390.0,21393.0,21386.0,21392.0,59
TMF,202504,2025-04-02 22:47:00,21393.0,21398.0,21379.0,21383.0,157
TMF,202504,2025-04-02 22:48:00,21383.0,21391.0,21377.0,21380.0,99
TMF,202504,2025-04-02 22:49:00,21380.0,21393.0,21378.0,21391.0,88
TMF,202504,2025-04-02 22:50:00,21392.0,21402.0,21392.0,21402.0,234
TMF,202504,2025-04-02 22:51:00,21401.0,21409.0,21397.0,21397.0,394
TMF,202504,2025-04-02 22:52:00,21396.0,21407.0,21396.0,21401.0,127
TMF,202504,2025-04-02 22:53:00,21402.0,21402.0,21392.0,21393.0,102
TMF,202504,2025-04-02 22:54:00,21392.0,21397.0,21391.0,21395.0,90
TMF,202504,2025-04-02 22:55:00,21393.0,21402.0,21391.0,21398.0,147
TMF,202504,2025-04-02 22:56:00,21397.0,21407.0,21395.0,21405.0,130
TMF,202504,2025-04-02 22:57:00,21405.0,21426.0,21405.0,21426.0,684
TMF,202504,2025-04-02 22:58:00,21425.0,21437.0,21424.0,21428.0,678
TMF,202504,2025-04-02 22:59:00,21429.0,21435.0,21427.0,21432.0,242
TMF,202504,2025-04-02 23:00:00,21430.0,21440.0,21407.0,21414.0,694
TMF,202504,2025-04-02 23:01:00,21414.0,21420.0,21408.0,21409.0,207
TMF,202504,2025-04-02 23:02:00,21410.0,21419.0,21407.0,21407.0,167
TMF,202504,2025-04-02 23:03:00,21410.0,21426.0,21407.0,21424.0,164
TMF,202504,2025-04-02 23:04:00,21424.0,21433.0,21424.0,21430.0,146
TMF,202504,2025-04-02 23:05:00,21429.0,21433.0,21427.0,21432.0,138
TMF,202504,2025-04-02 23:06:00,21432.0,21436.0,21420.0,21427.0,179
TMF,202504,2025-04-02 23:07:00,21428.0,21438.0,21427.0,21435.0,131
TMF,202504,2025-04-02 23:08:00,21437.0,21440.0,21432.0,21437.0,159
TMF,202504,2025-04-02 23:09:00,21437.0,21439.0,21436.0,21436.0,89
TMF,202504,2025-04-02 23:10:00,21435.0,21437.0,21427.0,21427.0,160
TMF,202504,2025-04-02 23:11:00,21428.0,21429.0,21417.0,21420.0,192
TMF,202504,2025-04-02 23:12:00,21419.0,21423.0,21406.0,21409.0,217
TMF,202504,2025-04-02 23:13:00,21409.0,21409.0,21398.0,21398.0,347
TMF,202504,2025-04-02 23:14:00,21398.0,21403.0,21397.0,21401.0,166
TMF,202504,2025-04-02 23:15:00,21401.0,21403.0,21397.0,21403.0,186
TMF,202504,2025-04-02 23:16:00,21404.0,21409.0,21396.0,21404.0,180
TMF,202504,2025-04-02 23:17:00,21403.0,21408.0,21399.0,21406.0,103
TMF,202504,2025-04-02 23:18:00,21407.0,21423.0,21406.0,21419.0,178
TMF,202504,2025-04-02 23:19:00,21420.0,21428.0,21419.0,21428.0,191
TMF,202504,2025-04-02 23:20:00,21427.0,21448.0,21425.0,21446.0,385
TMF,202504,2025-04-02 23:21:00,21448.0,21450.0,21444.0,21445.0,432
TMF,202504,2025-04-02 23:22:00,21445.0,21449.0,21440.0,21447.0,157
TMF,202504,2025-04-02 23:23:00,21447.0,21459.0,21445.0,21458.0,413
TMF,202504,2025-04-02 23:24:00,21456.0,21462.0,21455.0,21460.0,243
TMF,202504,2025-04-02 23:25:00,21459.0,21473.0,21459.0,21469.0,679
TMF,202504,2025-04-02 23:26:00,21469.0,21479.0,21469.0,21475.0,394
TMF,202504,2025-04-02 23:27:00,21476.0,21479.0,21475.0,21479.0,186
TMF,202504,2025-04-02 23:28:00,21479.0,21482.0,21467.0,21470.0,528
TMF,202504,2025-04-02 23:29:00,21468.0,21477.0,21467.0,21473.0,172
TMF,202504,2025-04-02 23:30:00,21473.0,21477.0,21469.0,21473.0,161
TMF,202504,2025-04-02 23:31:00,21473.0,21475.0,21469.0,21471.0,151
TMF,202504,2025-04-02 23:32:00,21471.0,21480.0,21470.0,21470.0,225
TMF,202504,2025-04-02 23:33:00,21472.0,21479.0,21472.0,21479.0,77
TMF,202504,2025-04-02 23:34:00,21479.0,21480.0,21474.0,21476.0,128
TMF,202504,2025-04-02 23:35:00,21476.0,21476.0,21461.0,21463.0,213
TMF,202504,2025-04-02 23:36:00,21465.0,21480.0,21463.0,21476.0,154
TMF,202504,2025-04-02 23:37:00,21474.0,21480.0,21472.0,21472.0,106
TMF,202504,2025-04-02 23:38:00,21473.0,21478.0,21473.0,21476.0,81
TMF,202504,2025-04-02 23:39:00,21476.0,21476.0,21471.0,21472.0,70
TMF,202504,2025-04-02 23:40:00,21474.0,21479.0,21470.0,21478.0,134
TMF,202504,2025-04-02 23:41:00,21479.0,21479.0,21461.0,21463.0,124
TMF,202504,2025-04-02 23:42:00,21464.0,21477.0,21461.0,21472.0,151
TMF,202504,2025-04-02 23:43:00,21473.0,21474.0,21467.0,21468.0,56
TMF,202504,2025-04-02 23:44:00,21469.0,21470.0,21459.0,21460.0,161
TMF,202504,2025-04-02 23:45:00,21460.0,21463.0,21451.0,21456.0,243
TMF,202504,2025-04-02 23:46:00,21458.0,21458.0,21449.0,21455.0,219
TMF,202504,2025-04-02 23:47:00,21455.0,21462.0,21447.0,21449.0,137
TMF,202504,2025-04-02 23:48:00,21449.0,21452.0,21443.0,21450.0,168
TMF,202504,2025-04-02 23:49:00,21450.0,21450.0,21443.0,21448.0,123
TMF,202504,2025-04-02 23:50:00,21448.0,21449.0,21440.0,21442.0,176
TMF,202504,2025-04-02 23:51:00,21444.0,21444.0,21431.0,21431.0,272
TMF,202504,2025-04-02 23:52:00,21433.0,21453.0,21433.0,21452.0,272
TMF,202504,2025-04-02 23:53:00,21453.0,21454.0,21445.0,21450.0,98
TMF,202504,2025-04-02 23:54:00,21450.0,21456.0,21450.0,21451.0,132
TMF,202504,2025-04-02 23:55:00,21452.0,21468.0,21448.0,21465.0,203
TMF,202504,2025-04-02 23:56:00,21465.0,21466.0,21450.0,21457.0,108
TMF,202504,2025-04-02 23:57:00,21455.0,21465.0,21453.0,21463.0,68
TMF,202504,2025-04-02 23:58:00,21464.0,21470.0,21461.0,21461.0,145
TMF,202504,2025-04-02 23:59:00,21462.0,21464.0,21454.0,21457.0,69
TMF,202504,2025-04-03 00:00:00,21457.0,21464.0,21455.0,21459.0,107
TMF,202504,2025-04-03 00:01:00,21458.0,21464.0,21456.0,21462.0,65
TMF,202504,2025-04-03 00:02:00,21463.0,21467.0,21461.0,21466.0,61
TMF,202504,2025-04-03 00:03:00,21466.0,21467.0,21451.0,21455.0,97
TMF,202504,2025-04-03 00:04:00,21455.0,21465.0,21453.0,21456.0,69
TMF,202504,2025-04-03 00:05:00,21456.0,21464.0,21455.0,21464.0,56
TMF,202504,2025-04-03 00:06:00,21465.0,21466.0,21454.0,21455.0,52
TMF,202504,2025-04-03 00:07:00,21456.0,21463.0,21455.0,21457.0,47
TMF,202504,2025-04-03 00:08:00,21455.0,21463.0,21455.0,21463.0,52
TMF,202504,2025-04-03 00:09:00,21463.0,21464.0,21461.0,21464.0,23
TMF,202504,2025-04-03 00:10:00,21464.0,21477.0,21462.0,21477.0,189
TMF,202504,2025-04-03 00:11:00,21477.0,21483.0,21477.0,21480.0,301
TMF,202504,2025-04-03 00:12:00,21481.0,21500.0,21481.0,21497.0,879
TMF,202504,2025-04-03 00:13:00,21497.0,21499.0,21492.0,21495.0,198
TMF,202504,2025-04-03 00:14:00,21494.0,21495.0,21491.0,21494.0,129
TMF,202504,2025-04-03 00:15:00,21494.0,21503.0,21494.0,21503.0,324
TMF,202504,2025-04-03 00:16:00,21503.0,21504.0,21493.0,21499.0,220
TMF,202504,2025-04-03 00:17:00,21498.0,21503.0,21498.0,21502.0,140
TMF,202504,2025-04-03 00:18:00,21502.0,21508.0,21502.0,21503.0,247
TMF,202504,2025-04-03 00:19:00,21503.0,21506.0,21499.0,21505.0,140
TMF,202504,2025-04-03 00:20:00,21506.0,21508.0,21496.0,21508.0,156
TMF,202504,2025-04-03 00:21:00,21508.0,21511.0,21506.0,21509.0,154
TMF,202504,2025-04-03 00:22:00,21510.0,21514.0,21509.0,21513.0,148
TMF,202504,2025-04-03 00:23:00,21513.0,21513.0,21510.0,21512.0,93
TMF,202504,2025-04-03 00:24:00,21512.0,21518.0,21512.0,21517.0,221
TMF,202504,2025-04-03 00:25:00,21517.0,21518.0,21510.0,21510.0,147
TMF,202504,2025-04-03 00:26:00,21511.0,21516.0,21508.0,21513.0,150
TMF,202504,2025-04-03 00:27:00,21511.0,21515.0,21511.0,21514.0,39
TMF,202504,2025-04-03 00:28:00,21515.0,21519.0,21514.0,21518.0,100
TMF,202504,2025-04-03 00:29:00,21518.0,21534.0,21517.0,21532.0,447
TMF,202504,2025-04-03 00:30:00,21532.0,21534.0,21520.0,21525.0,272
TMF,202504,2025-04-03 00:31:00,21527.0,21532.0,21525.0,21528.0,116
TMF,202504,2025-04-03 00:32:00,21528.0,21532.0,21525.0,21531.0,126
TMF,202504,2025-04-03 00:33:00,21530.0,21533.0,21522.0,21522.0,140
TMF,202504,2025-04-03 00:34:00,21522.0,21528.0,21522.0,21524.0,101
TMF,202504,2025-04-03 00:35:00,21524.0,21526.0,21520.0,21521.0,67
TMF,202504,2025-04-03 00:36:00,21520.0,21521.0,21515.0,21517.0,116
TMF,202504,2025-04-03 00:37:00,21516.0,21516.0,21503.0,21504.0,219
TMF,202504,2025-04-03 00:38:00,21504.0,21510.0,21502.0,21506.0,115
TMF,202504,2025-04-03 00:39:00,21505.0,21519.0,21505.0,21518.0,97
TMF,202504,2025-04-03 00:40:00,21519.0,21520.0,21505.0,21506.0,123
TMF,202504,2025-04-03 00:41:00,21506.0,21515.0,21502.0,21513.0,70
TMF,202504,2025-04-03 00:42:00,21513.0,21515.0,21511.0,21514.0,34
TMF,202504,2025-04-03 00:43:00,21514.0,21518.0,21512.0,21517.0,46
TMF,202504,2025-04-03 00:44:00,21519.0,21524.0,21519.0,21523.0,104
TMF,202504,2025-04-03 00:45:00,21523.0,21525.0,21521.0,21524.0,51
TMF,202504,2025-04-03 00:46:00,21522.0,21523.0,21511.0,21515.0,113
TMF,202504,2025-04-03 00:47:00,21512.0,21525.0,21512.0,21525.0,47
TMF,202504,2025-04-03 00:48:00,21525.0,21526.0,21523.0,21523.0,50
TMF,202504,2025-04-03 00:49:00,21525.0,21539.0,21525.0,21537.0,284
TMF,202504,2025-04-03 00:50:00,21535.0,21542.0,21535.0,21536.0,213
TMF,202504,2025-04-03 00:51:00,21537.0,21539.0,21528.0,21534.0,139
TMF,202504,2025-04-03 00:52:00,21536.0,21538.0,21513.0,21513.0,165
TMF,202504,2025-04-03 00:53:00,21513.0,21527.0,21512.0,21527.0,104
TMF,202504,2025-04-03 00:54:00,21527.0,21535.0,21525.0,21530.0,113
TMF,202504,2025-04-03 00:55:00,21532.0,21537.0,21526.0,21535.0,94
TMF,202504,2025-04-03 00:56:00,21536.0,21538.0,21523.0,21525.0,76
TMF,202504,2025-04-03 00:57:00,21525.0,21528.0,21523.0,21525.0,57
TMF,202504,2025-04-03 00:58:00,21526.0,21532.0,21521.0,21524.0,100
TMF,202504,2025-04-03 00:59:00,21523.0,21531.0,21523.0,21530.0,58
TMF,202504,2025-04-03 01:00:00,21530.0,21543.0,21530.0,21537.0,262
TMF,202504,2025-04-03 01:01:00,21539.0,21541.0,21531.0,21538.0,71
TMF,202504,2025-04-03 01:02:00,21539.0,21540.0,21536.0,21540.0,37
TMF,202504,2025-04-03 01:03:00,21540.0,21543.0,21539.0,21541.0,78
TMF,202504,2025-04-03 01:04:00,21542.0,21549.0,21541.0,21547.0,218
TMF,202504,2025-04-03 01:05:00,21545.0,21548.0,21542.0,21543.0,68
TMF,202504,2025-04-03 01:06:00,21543.0,21550.0,21543.0,21548.0,263
TMF,202504,2025-04-03 01:07:00,21549.0,21550.0,21546.0,21550.0,78
TMF,202504,2025-04-03 01:08:00,21549.0,21550.0,21547.0,21550.0,54
TMF,202504,2025-04-03 01:09:00,21549.0,21550.0,21542.0,21546.0,72
TMF,202504,2025-04-03 01:10:00,21546.0,21560.0,21546.0,21559.0,344
TMF,202504,2025-04-03 01:11:00,21559.0,21568.0,21557.0,21567.0,381
TMF,202504,2025-04-03 01:12:00,21568.0,21578.0,21567.0,21572.0,332
TMF,202504,2025-04-03 01:13:00,21573.0,21575.0,21557.0,21561.0,254
TMF,202504,2025-04-03 01:14:00,21562.0,21568.0,21560.0,21564.0,162
TMF,202504,2025-04-03 01:15:00,21563.0,21564.0,21557.0,21559.0,153
TMF,202504,2025-04-03 01:16:00,21560.0,21568.0,21560.0,21566.0,97
TMF,202504,2025-04-03 01:17:00,21566.0,21567.0,21560.0,21562.0,65
TMF,202504,2025-04-03 01:18:00,21562.0,21565.0,21562.0,21563.0,34
TMF,202504,2025-04-03 01:19:00,21562.0,21562.0,21559.0,21559.0,48
TMF,202504,2025-04-03 01:20:00,21560.0,21561.0,21552.0,21555.0,94
TMF,202504,2025-04-03 01:21:00,21554.0,21554.0,21547.0,21548.0,151
TMF,202504,2025-04-03 01:22:00,21548.0,21548.0,21540.0,21540.0,151
TMF,202504,2025-04-03 01:23:00,21540.0,21555.0,21540.0,21552.0,129
TMF,202504,2025-04-03 01:24:00,21552.0,21552.0,21547.0,21550.0,50
TMF,202504,2025-04-03 01:25:00,21549.0,21550.0,21540.0,21541.0,57
TMF,202504,2025-04-03 01:26:00,21541.0,21544.0,21536.0,21537.0,93
TMF,202504,2025-04-03 01:27:00,21537.0,21540.0,21533.0,21534.0,116
TMF,202504,2025-04-03 01:28:00,21534.0,21546.0,21534.0,21545.0,72
TMF,202504,2025-04-03 01:29:00,21545.0,21545.0,21532.0,21532.0,50
TMF,202504,2025-04-03 01:30:00,21532.0,21535.0,21518.0,21519.0,237
TMF,202504,2025-04-03 01:31:00,21520.0,21521.0,21511.0,21514.0,202
TMF,202504,2025-04-03 01:32:00,21513.0,21519.0,21507.0,21507.0,177
TMF,202504,2025-04-03 01:33:00,21507.0,21515.0,21499.0,21512.0,271
TMF,202504,2025-04-03 01:34:00,21512.0,21520.0,21508.0,21511.0,161
TMF,202504,2025-04-03 01:35:00,21510.0,21510.0,21501.0,21502.0,82
TMF,202504,2025-04-03 01:36:00,21502.0,21505.0,21492.0,21493.0,235
TMF,202504,2025-04-03 01:37:00,21492.0,21497.0,21473.0,21475.0,487
TMF,202504,2025-04-03 01:38:00,21477.0,21490.0,21474.0,21488.0,187
TMF,202504,2025-04-03 01:39:00,21487.0,21489.0,21471.0,21482.0,190
TMF,202504,2025-04-03 01:40:00,21483.0,21490.0,21475.0,21478.0,135
TMF,202504,2025-04-03 01:41:00,21476.0,21477.0,21470.0,21475.0,107
TMF,202504,2025-04-03 01:42:00,21474.0,21475.0,21463.0,21470.0,175
TMF,202504,2025-04-03 01:43:00,21469.0,21476.0,21464.0,21468.0,169
TMF,202504,2025-04-03 01:44:00,21468.0,21479.0,21460.0,21478.0,254
TMF,202504,2025-04-03 01:45:00,21477.0,21477.0,21452.0,21454.0,309
TMF,202504,2025-04-03 01:46:00,21453.0,21459.0,21445.0,21449.0,314
TMF,202504,2025-04-03 01:47:00,21448.0,21464.0,21447.0,21459.0,151
TMF,202504,2025-04-03 01:48:00,21460.0,21460.0,21436.0,21440.0,288
TMF,202504,2025-04-03 01:49:00,21440.0,21452.0,21436.0,21450.0,196
TMF,202504,2025-04-03 01:50:00,21451.0,21452.0,21437.0,21442.0,165
TMF,202504,2025-04-03 01:51:00,21442.0,21447.0,21440.0,21446.0,64
TMF,202504,2025-04-03 01:52:00,21443.0,21444.0,21415.0,21417.0,609
TMF,202504,2025-04-03 01:53:00,21416.0,21433.0,21412.0,21428.0,321
TMF,202504,2025-04-03 01:54:00,21427.0,21445.0,21427.0,21441.0,305
TMF,202504,2025-04-03 01:55:00,21439.0,21453.0,21439.0,21450.0,243
TMF,202504,2025-04-03 01:56:00,21452.0,21452.0,21439.0,21439.0,130
TMF,202504,2025-04-03 01:57:00,21439.0,21444.0,21435.0,21443.0,77
TMF,202504,2025-04-03 01:58:00,21442.0,21449.0,21430.0,21434.0,130
TMF,202504,2025-04-03 01:59:00,21431.0,21442.0,21430.0,21442.0,71
TMF,202504,2025-04-03 02:00:00,21438.0,21440.0,21431.0,21435.0,189
TMF,202504,2025-04-03 02:01:00,21436.0,21437.0,21421.0,21435.0,234
TMF,202504,2025-04-03 02:02:00,21434.0,21436.0,21423.0,21432.0,85
TMF,202504,2025-04-03 02:03:00,21431.0,21450.0,21429.0,21432.0,139
TMF,202504,2025-04-03 02:04:00,21432.0,21437.0,21420.0,21420.0,136
TMF,202504,2025-04-03 02:05:00,21420.0,21421.0,21380.0,21381.0,897
TMF,202504,2025-04-03 02:06:00,21380.0,21401.0,21374.0,21400.0,457
TMF,202504,2025-04-03 02:07:00,21396.0,21401.0,21381.0,21391.0,151
TMF,202504,2025-04-03 02:08:00,21389.0,21397.0,21387.0,21390.0,143
TMF,202504,2025-04-03 02:09:00,21390.0,21392.0,21382.0,21385.0,109
TMF,202504,2025-04-03 02:10:00,21385.0,21388.0,21371.0,21380.0,220
TMF,202504,2025-04-03 02:11:00,21379.0,21388.0,21378.0,21385.0,139
TMF,202504,2025-04-03 02:12:00,21383.0,21395.0,21379.0,21393.0,143
TMF,202504,2025-04-03 02:13:00,21393.0,21409.0,21393.0,21400.0,240
TMF,202504,2025-04-03 02:14:00,21400.0,21400.0,21385.0,21385.0,117
TMF,202504,2025-04-03 02:15:00,21386.0,21395.0,21386.0,21391.0,88
TMF,202504,2025-04-03 02:16:00,21391.0,21394.0,21380.0,21380.0,112
TMF,202504,2025-04-03 02:17:00,21381.0,21397.0,21379.0,21396.0,53
TMF,202504,2025-04-03 02:18:00,21396.0,21396.0,21381.0,21385.0,66
TMF,202504,2025-04-03 02:19:00,21385.0,21387.0,21378.0,21385.0,81
TMF,202504,2025-04-03 02:20:00,21382.0,21393.0,21380.0,21390.0,62
TMF,202504,2025-04-03 02:21:00,21388.0,21392.0,21380.0,21386.0,40
TMF,202504,2025-04-03 02:22:00,21388.0,21398.0,21388.0,21390.0,78
TMF,202504,2025-04-03 02:23:00,21389.0,21389.0,21379.0,21379.0,101
TMF,202504,2025-04-03 02:24:00,21380.0,21380.0,21366.0,21371.0,359
TMF,202504,2025-04-03 02:25:00,21371.0,21378.0,21361.0,21374.0,181
TMF,202504,2025-04-03 02:26:00,21375.0,21382.0,21370.0,21380.0,87
TMF,202504,2025-04-03 02:27:00,21382.0,21387.0,21370.0,21372.0,78
TMF,202504,2025-04-03 02:28:00,21370.0,21370.0,21354.0,21355.0,248
TMF,202504,2025-04-03 02:29:00,21355.0,21356.0,21345.0,21345.0,281
TMF,202504,2025-04-03 02:30:00,21345.0,21368.0,21342.0,21368.0,232
TMF,202504,2025-04-03 02:31:00,21367.0,21368.0,21355.0,21365.0,107
TMF,202504,2025-04-03 02:32:00,21366.0,21366.0,21349.0,21357.0,222
TMF,202504,2025-04-03 02:33:00,21357.0,21366.0,21357.0,21366.0,73
TMF,202504,2025-04-03 02:34:00,21365.0,21371.0,21362.0,21369.0,65
TMF,202504,2025-04-03 02:35:00,21370.0,21390.0,21363.0,21388.0,255
TMF,202504,2025-04-03 02:36:00,21388.0,21406.0,21385.0,21404.0,317
TMF,202504,2025-04-03 02:37:00,21405.0,21407.0,21400.0,21406.0,134
TMF,202504,2025-04-03 02:38:00,21406.0,21415.0,21404.0,21415.0,144
TMF,202504,2025-04-03 02:39:00,21414.0,21415.0,21407.0,21413.0,175
TMF,202504,2025-04-03 02:40:00,21415.0,21428.0,21412.0,21426.0,213
TMF,202504,2025-04-03 02:41:00,21425.0,21438.0,21425.0,21431.0,326
TMF,202504,2025-04-03 02:42:00,21434.0,21438.0,21420.0,21422.0,126
TMF,202504,2025-04-03 02:43:00,21420.0,21422.0,21408.0,21411.0,124
TMF,202504,2025-04-03 02:44:00,21412.0,21416.0,21409.0,21415.0,84
TMF,202504,2025-04-03 02:45:00,21413.0,21417.0,21412.0,21415.0,23
TMF,202504,2025-04-03 02:46:00,21415.0,21420.0,21411.0,21414.0,61
TMF,202504,2025-04-03 02:47:00,21412.0,21413.0,21388.0,21388.0,197
TMF,202504,2025-04-03 02:48:00,21388.0,21401.0,21387.0,21394.0,87
TMF,202504,2025-04-03 02:49:00,21395.0,21402.0,21388.0,21402.0,73
TMF,202504,2025-04-03 02:50:00,21403.0,21403.0,21390.0,21390.0,68
TMF,202504,2025-04-03 02:51:00,21388.0,21394.0,21380.0,21391.0,123
TMF,202504,2025-04-03 02:52:00,21393.0,21393.0,21382.0,21386.0,41
TMF,202504,2025-04-03 02:53:00,21388.0,21394.0,21384.0,21393.0,49
TMF,202504,2025-04-03 02:54:00,21392.0,21399.0,21390.0,21393.0,52
TMF,202504,2025-04-03 02:55:00,21391.0,21391.0,21381.0,21385.0,63
TMF,202504,2025-04-03 02:56:00,21385.0,21385.0,21368.0,21368.0,136
TMF,202504,2025-04-03 02:57:00,21368.0,21368.0,21360.0,21362.0,141
TMF,202504,2025-04-03 02:58:00,21362.0,21368.0,21351.0,21357.0,147
TMF,202504,2025-04-03 02:59:00,21355.0,21359.0,21346.0,21346.0,178
TMF,202504,2025-04-03 03:00:00,21349.0,21395.0,21349.0,21383.0,258
TMF,202504,2025-04-03 03:01:00,21384.0,21402.0,21378.0,21399.0,155
TMF,202504,2025-04-03 03:02:00,21398.0,21403.0,21390.0,21401.0,103
TMF,202504,2025-04-03 03:03:00,21399.0,21404.0,21399.0,21399.0,68
TMF,202504,2025-04-03 03:04:00,21401.0,21405.0,21396.0,21398.0,54
TMF,202504,2025-04-03 03:05:00,21399.0,21401.0,21385.0,21390.0,121
TMF,202504,2025-04-03 03:06:00,21387.0,21393.0,21380.0,21392.0,78
TMF,202504,2025-04-03 03:07:00,21394.0,21400.0,21385.0,21385.0,78
TMF,202504,2025-04-03 03:08:00,21384.0,21389.0,21375.0,21389.0,67
TMF,202504,2025-04-03 03:09:00,21388.0,21389.0,21382.0,21386.0,27
TMF,202504,2025-04-03 03:10:00,21379.0,21381.0,21369.0,21374.0,84
TMF,202504,2025-04-03 03:11:00,21374.0,21380.0,21370.0,21372.0,74
TMF,202504,2025-04-03 03:12:00,21372.0,21390.0,21371.0,21385.0,37
TMF,202504,2025-04-03 03:13:00,21389.0,21390.0,21376.0,21380.0,37
TMF,202504,2025-04-03 03:14:00,21382.0,21383.0,21371.0,21371.0,40
TMF,202504,2025-04-03 03:15:00,21371.0,21371.0,21362.0,21370.0,113
TMF,202504,2025-04-03 03:16:00,21369.0,21379.0,21368.0,21376.0,51
TMF,202504,2025-04-03 03:17:00,21379.0,21380.0,21368.0,21370.0,38
TMF,202504,2025-04-03 03:18:00,21370.0,21370.0,21362.0,21365.0,59
TMF,202504,2025-04-03 03:19:00,21363.0,21368.0,21359.0,21368.0,64
TMF,202504,2025-04-03 03:20:00,21369.0,21382.0,21367.0,21377.0,75
TMF,202504,2025-04-03 03:21:00,21378.0,21378.0,21370.0,21374.0,19
TMF,202504,2025-04-03 03:22:00,21375.0,21377.0,21367.0,21376.0,40
TMF,202504,2025-04-03 03:23:00,21377.0,21391.0,21375.0,21390.0,54
TMF,202504,2025-04-03 03:24:00,21391.0,21407.0,21391.0,21401.0,137
TMF,202504,2025-04-03 03:25:00,21401.0,21402.0,21379.0,21380.0,64
TMF,202504,2025-04-03 03:26:00,21380.0,21395.0,21379.0,21395.0,32
TMF,202504,2025-04-03 03:27:00,21399.0,21412.0,21396.0,21410.0,108
TMF,202504,2025-04-03 03:28:00,21408.0,21420.0,21408.0,21418.0,123
TMF,202504,2025-04-03 03:29:00,21419.0,21420.0,21408.0,21409.0,77
TMF,202504,2025-04-03 03:30:00,21411.0,21411.0,21394.0,21405.0,83
TMF,202504,2025-04-03 03:31:00,21408.0,21422.0,21408.0,21420.0,58
TMF,202504,2025-04-03 03:32:00,21420.0,21425.0,21414.0,21420.0,112
TMF,202504,2025-04-03 03:33:00,21422.0,21441.0,21420.0,21441.0,206
TMF,202504,2025-04-03 03:34:00,21440.0,21452.0,21440.0,21448.0,232
TMF,202504,2025-04-03 03:35:00,21447.0,21452.0,21432.0,21450.0,135
TMF,202504,2025-04-03 03:36:00,21450.0,21452.0,21442.0,21446.0,79
TMF,202504,2025-04-03 03:37:00,21444.0,21448.0,21438.0,21442.0,67
TMF,202504,2025-04-03 03:38:00,21442.0,21446.0,21436.0,21436.0,39
TMF,202504,2025-04-03 03:39:00,21437.0,21440.0,21434.0,21436.0,38
TMF,202504,2025-04-03 03:40:00,21436.0,21457.0,21435.0,21454.0,198
TMF,202504,2025-04-03 03:41:00,21454.0,21457.0,21450.0,21456.0,77
TMF,202504,2025-04-03 03:42:00,21456.0,21474.0,21456.0,21464.0,264
TMF,202504,2025-04-03 03:43:00,21465.0,21475.0,21465.0,21475.0,89
TMF,202504,2025-04-03 03:44:00,21475.0,21483.0,21469.0,21480.0,182
TMF,202504,2025-04-03 03:45:00,21482.0,21489.0,21478.0,21488.0,111
TMF,202504,2025-04-03 03:46:00,21488.0,21503.0,21488.0,21497.0,259
TMF,202504,2025-04-03 03:47:00,21497.0,21499.0,21483.0,21495.0,113
TMF,202504,2025-04-03 03:48:00,21497.0,21501.0,21489.0,21492.0,86
TMF,202504,2025-04-03 03:49:00,21492.0,21500.0,21474.0,21482.0,121
TMF,202504,2025-04-03 03:50:00,21485.0,21489.0,21465.0,21479.0,155
TMF,202504,2025-04-03 03:51:00,21480.0,21489.0,21473.0,21489.0,56
TMF,202504,2025-04-03 03:52:00,21490.0,21496.0,21479.0,21489.0,63
TMF,202504,2025-04-03 03:53:00,21486.0,21493.0,21480.0,21491.0,53
TMF,202504,2025-04-03 03:54:00,21494.0,21495.0,21475.0,21482.0,64
TMF,202504,2025-04-03 03:55:00,21487.0,21490.0,21481.0,21489.0,56
TMF,202504,2025-04-03 03:56:00,21489.0,21492.0,21478.0,21479.0,53
TMF,202504,2025-04-03 03:57:00,21481.0,21487.0,21480.0,21485.0,31
TMF,202504,2025-04-03 03:58:00,21484.0,21485.0,21476.0,21478.0,67
TMF,202504,2025-04-03 03:59:00,21478.0,21480.0,21461.0,21472.0,164
TMF,202504,2025-04-03 04:00:00,21471.0,21485.0,21470.0,21478.0,94
TMF,202504,2025-04-03 04:01:00,21476.0,21477.0,21465.0,21469.0,72
TMF,202504,2025-04-03 04:02:00,21470.0,21472.0,21455.0,21460.0,126
TMF,202504,2025-04-03 04:03:00,21461.0,21464.0,21442.0,21445.0,198
TMF,202504,2025-04-03 04:04:00,21445.0,21450.0,21441.0,21443.0,63
TMF,202504,2025-04-03 04:05:00,21443.0,21452.0,21440.0,21450.0,66
TMF,202504,2025-04-03 04:06:00,21452.0,21465.0,21451.0,21463.0,71
TMF,202504,2025-04-03 04:07:00,21463.0,21463.0,21443.0,21446.0,75
TMF,202504,2025-04-03 04:08:00,21446.0,21447.0,21420.0,21436.0,357
TMF,202504,2025-04-03 04:09:00,21440.0,21448.0,21435.0,21443.0,52
TMF,202504,2025-04-03 04:10:00,21444.0,21462.0,21441.0,21454.0,71
TMF,202504,2025-04-03 04:11:00,21454.0,21456.0,21400.0,21418.0,257
TMF,202504,2025-04-03 04:12:00,21418.0,21438.0,21415.0,21430.0,67
TMF,202504,2025-04-03 04:13:00,21425.0,21555.0,21418.0,21555.0,1314
TMF,202504,2025-04-03 04:14:00,21556.0,21588.0,21541.0,21576.0,1360
TMF,202504,2025-04-03 04:15:00,21577.0,21591.0,21559.0,21577.0,633
TMF,202504,2025-04-03 04:16:00,21579.0,21615.0,21568.0,21615.0,910
TMF,202504,2025-04-03 04:17:00,21615.0,21653.0,21610.0,21637.0,1202
TMF,202504,2025-04-03 04:18:00,21636.0,21640.0,21447.0,21476.0,988
TMF,202504,2025-04-03 04:19:00,21475.0,21573.0,21465.0,21573.0,566
TMF,202504,2025-04-03 04:20:00,21573.0,21613.0,21552.0,21612.0,587
TMF,202504,2025-04-03 04:21:00,21612.0,21623.0,21561.0,21594.0,429
TMF,202504,2025-04-03 04:22:00,21595.0,21621.0,21579.0,21587.0,250
TMF,202504,2025-04-03 04:23:00,21588.0,21604.0,21573.0,21593.0,174
TMF,202504,2025-04-03 04:24:00,21594.0,21599.0,21581.0,21599.0,118
TMF,202504,2025-04-03 04:25:00,21595.0,21606.0,21533.0,21586.0,972
TMF,202504,2025-04-03 04:26:00,21581.0,21594.0,21521.0,21535.0,918
TMF,202504,2025-04-03 04:27:00,21533.0,21533.0,21401.0,21401.0,1914
TMF,202504,2025-04-03 04:28:00,21401.0,21404.0,21295.0,21307.0,2565
TMF,202504,2025-04-03 04:29:00,21307.0,21321.0,21204.0,21209.0,1897
TMF,202504,2025-04-03 04:30:00,21210.0,21220.0,21011.0,21047.0,2901
TMF,202504,2025-04-03 04:31:00,21049.0,21200.0,21022.0,21191.0,815
TMF,202504,2025-04-03 04:32:00,21191.0,21191.0,21100.0,21133.0,767
TMF,202504,2025-04-03 04:33:00,21122.0,21194.0,21122.0,21157.0,403
TMF,202504,2025-04-03 04:34:00,21149.0,21158.0,21111.0,21120.0,397
TMF,202504,2025-04-03 04:35:00,21129.0,21129.0,21086.0,21102.0,431
TMF,202504,2025-04-03 04:36:00,21100.0,21103.0,21061.0,21065.0,412
TMF,202504,2025-04-03 04:37:00,21060.0,21088.0,21020.0,21020.0,458
TMF,202504,2025-04-03 04:38:00,21020.0,21046.0,21001.0,21043.0,435
TMF,202504,2025-04-03 04:39:00,21040.0,21081.0,21034.0,21043.0,381
TMF,202504,2025-04-03 04:40:00,21042.0,21043.0,20989.0,20998.0,897
TMF,202504,2025-04-03 04:41:00,20997.0,21026.0,20985.0,20995.0,434
TMF,202504,2025-04-03 04:42:00,21014.0,21020.0,20987.0,20995.0,227
TMF,202504,2025-04-03 04:43:00,20991.0,20994.0,20951.0,20951.0,374
TMF,202504,2025-04-03 04:44:00,20957.0,20959.0,20900.0,20922.0,604
TMF,202504,2025-04-03 04:45:00,20922.0,20928.0,20835.0,20914.0,863
TMF,202504,2025-04-03 04:46:00,20914.0,20914.0,20867.0,20895.0,417
TMF,202504,2025-04-03 04:47:00,20895.0,20924.0,20890.0,20900.0,353
TMF,202504,2025-04-03 04:48:00,20892.0,20897.0,20813.0,20821.0,625
TMF,202504,2025-04-03 04:49:00,20830.0,20879.0,20820.0,20874.0,304
TMF,202504,2025-04-03 04:50:00,20878.0,20880.0,20842.0,20842.0,296
TMF,202504,2025-04-03 04:51:00,20846.0,20870.0,20836.0,20869.0,187
TMF,202504,2025-04-03 04:52:00,20869.0,20875.0,20838.0,20841.0,320
TMF,202504,2025-04-03 04:53:00,20850.0,20871.0,20844.0,20858.0,177
TMF,202504,2025-04-03 04:54:00,20850.0,20863.0,20850.0,20862.0,271
TMF,202504,2025-04-03 04:55:00,20859.0,20868.0,20851.0,20858.0,148
TMF,202504,2025-04-03 04:56:00,20857.0,20864.0,20852.0,20864.0,181
TMF,202504,2025-04-03 04:57:00,20865.0,20876.0,20857.0,20865.0,219
TMF,202504,2025-04-03 04:58:00,20874.0,20877.0,20866.0,20871.0,154
TMF,202504,2025-04-03 04:59:00,20871.0,20875.0,20870.0,20873.0,282
TMF,202504,2025-04-03 05:00:00,20870.0,20870.0,20870.0,20870.0,3
TMF,202504/202505,2025-04-02 22:59:00,13.0,13.0,13.0,13.0,2
TMF,202504/202505,2025-04-03 02:56:00,22.0,22.0,22.0,22.0,2
TMF,202505,2025-04-02 15:00:00,21320.0,21340.0,21320.0,21334.0,23
TMF,202505,2025-04-02 15:01:00,21330.0,21346.0,21330.0,21346.0,21
TMF,202505,2025-04-02 15:02:00,21348.0,21356.0,21348.0,21350.0,24
TMF,202505,2025-04-02 15:03:00,21340.0,21350.0,21340.0,21349.0,11
TMF,202505,2025-04-02 15:04:00,21341.0,21348.0,21341.0,21341.0,11
TMF,202505,2025-04-02 15:05:00,21344.0,21347.0,21323.0,21325.0,23
TMF,202505,2025-04-02 15:06:00,21338.0,21338.0,21325.0,21325.0,3
TMF,202505,2025-04-02 15:07:00,21323.0,21330.0,21320.0,21324.0,19
TMF,202505,2025-04-02 15:08:00,21328.0,21328.0,21320.0,21320.0,9
TMF,202505,2025-04-02 15:09:00,21319.0,21330.0,21314.0,21328.0,13
TMF,202505,2025-04-02 15:10:00,21330.0,21330.0,21329.0,21329.0,5
TMF,202505,2025-04-02 15:11:00,21329.0,21333.0,21326.0,21326.0,8
TMF,202505,2025-04-02 15:12:00,21329.0,21329.0,21313.0,21313.0,12
TMF,202505,2025-04-02 15:13:00,21314.0,21314.0,21314.0,21314.0,2
TMF,202505,2025-04-02 15:14:00,21322.0,21330.0,21322.0,21330.0,12
TMF,202505,2025-04-02 15:15:00,21331.0,21331.0,21331.0,21331.0,3
TMF,202505,2025-04-02 15:16:00,21328.0,21328.0,21323.0,21323.0,3
TMF,202505,2025-04-02 15:17:00,21330.0,21330.0,21330.0,21330.0,3
TMF,202505,2025-04-02 15:18:00,21331.0,21338.0,21331.0,21338.0,3
TMF,202505,2025-04-02 15:20:00,21329.0,21329.0,21325.0,21325.0,2
TMF,202505,2025-04-02 15:21:00,21327.0,21327.0,21327.0,21327.0,1
TMF,202505,2025-04-02 15:22:00,21339.0,21339.0,21330.0,21330.0,7
TMF,202505,2025-04-02 15:23:00,21330.0,21330.0,21330.0,21330.0,2
TMF,202505,2025-04-02 15:24:00,21330.0,21330.0,21327.0,21327.0,6
TMF,202505,2025-04-02 15:25:00,21324.0,21324.0,21313.0,21313.0,12
TMF,202505,2025-04-02 15:26:00,21313.0,21313.0,21310.0,21310.0,5
TMF,202505,2025-04-02 15:27:00,21317.0,21317.0,21317.0,21317.0,1
TMF,202505,2025-04-02 15:28:00,21320.0,21320.0,21320.0,21320.0,1
TMF,202505,2025-04-02 15:29:00,21320.0,21325.0,21320.0,21325.0,5
TMF,202505,2025-04-02 15:30:00,21320.0,21325.0,21320.0,21325.0,3
TMF,202505,2025-04-02 15:31:00,21325.0,21325.0,21320.0,21325.0,3
TMF,202505,2025-04-02 15:32:00,21325.0,21325.0,21325.0,21325.0,1
TMF,202505,2025-04-02 15:33:00,21329.0,21330.0,21329.0,21330.0,6
TMF,202505,2025-04-02 15:34:00,21334.0,21334.0,21334.0,21334.0,1
TMF,202505,2025-04-02 15:35:00,21334.0,21334.0,21334.0,21334.0,1
TMF,202505,2025-04-02 15:36:00,21334.0,21339.0,21334.0,21338.0,5
TMF,202505,2025-04-02 15:37:00,21338.0,21338.0,21320.0,21320.0,5
TMF,202505,2025-04-02 15:38:00,21320.0,21320.0,21320.0,21320.0,1
TMF,202505,2025-04-02 15:39:00,21315.0,21315.0,21311.0,21311.0,7
TMF,202505,2025-04-02 15:40:00,21313.0,21313.0,21313.0,21313.0,1
TMF,202505,2025-04-02 15:42:00,21318.0,21318.0,21318.0,21318.0,2
TMF,202505,2025-04-02 15:44:00,21315.0,21315.0,21315.0,21315.0,3
TMF,202505,2025-04-02 15:45:00,21318.0,21318.0,21315.0,21315.0,2
TMF,202505,2025-04-02 15:47:00,21318.0,21318.0,21317.0,21317.0,3
TMF,202505,2025-04-02 15:50:00,21319.0,21319.0,21319.0,21319.0,1
TMF,202505,2025-04-02 15:51:00,21317.0,21325.0,21317.0,21325.0,5
TMF,202505,2025-04-02 15:53:00,21325.0,21325.0,21325.0,21325.0,3
TMF,202505,2025-04-02 15:54:00,21326.0,21326.0,21326.0,21326.0,1
TMF,202505,2025-04-02 15:55:00,21328.0,21331.0,21328.0,21331.0,2
TMF,202505,2025-04-02 15:56:00,21338.0,21339.0,21331.0,21339.0,6
TMF,202505,2025-04-02 15:57:00,21337.0,21339.0,21330.0,21330.0,8
TMF,202505,2025-04-02 15:58:00,21339.0,21341.0,21339.0,21341.0,13
TMF,202505,2025-04-02 15:59:00,21340.0,21340.0,21332.0,21332.0,3
TMF,202505,2025-04-02 16:00:00,21332.0,21332.0,21323.0,21323.0,6
TMF,202505,2025-04-02 16:01:00,21327.0,21327.0,21305.0,21305.0,23
TMF,202505,2025-04-02 16:02:00,21310.0,21319.0,21310.0,21319.0,6
TMF,202505,2025-04-02 16:03:00,21319.0,21319.0,21319.0,21319.0,4
TMF,202505,2025-04-02 16:04:00,21315.0,21315.0,21310.0,21310.0,2
TMF,202505,2025-04-02 16:05:00,21305.0,21305.0,21302.0,21303.0,5
TMF,202505,2025-04-02 16:06:00,21303.0,21308.0,21303.0,21307.0,9
TMF,202505,2025-04-02 16:07:00,21305.0,21305.0,21301.0,21301.0,2
TMF,202505,2025-04-02 16:08:00,21309.0,21311.0,21309.0,21311.0,3
TMF,202505,2025-04-02 16:09:00,21318.0,21318.0,21318.0,21318.0,1
TMF,202505,2025-04-02 16:10:00,21322.0,21322.0,21322.0,21322.0,1
TMF,202505,2025-04-02 16:11:00,21330.0,21333.0,21326.0,21333.0,5
TMF,202505,2025-04-02 16:12:00,21333.0,21337.0,21331.0,21337.0,7
TMF,202505,2025-04-02 16:13:00,21338.0,21340.0,21335.0,21335.0,9
TMF,202505,2025-04-02 16:15:00,21334.0,21335.0,21334.0,21335.0,5
TMF,202505,2025-04-02 16:16:00,21335.0,21335.0,21333.0,21333.0,10
TMF,202505,2025-04-02 16:17:00,21338.0,21338.0,21338.0,21338.0,2
TMF,202505,2025-04-02 16:18:00,21338.0,21338.0,21338.0,21338.0,1
TMF,202505,2025-04-02 16:20:00,21338.0,21338.0,21338.0,21338.0,3
TMF,202505,2025-04-02 16:21:00,21338.0,21340.0,21338.0,21340.0,5
TMF,202505,2025-04-02 16:22:00,21344.0,21351.0,21344.0,21350.0,35
TMF,202505,2025-04-02 16:24:00,21348.0,21350.0,21341.0,21341.0,5
TMF,202505,2025-04-02 16:25:00,21339.0,21347.0,21339.0,21347.0,8
TMF,202505,2025-04-02 16:28:00,21348.0,21350.0,21348.0,21350.0,7
TMF,202505,2025-04-02 16:30:00,21345.0,21349.0,21341.0,21349.0,8
TMF,202505,2025-04-02 16:31:00,21346.0,21346.0,21336.0,21336.0,2
TMF,202505,2025-04-02 16:32:00,21338.0,21338.0,21338.0,21338.0,1
TMF,202505,2025-04-02 16:33:00,21343.0,21343.0,21343.0,21343.0,1
TMF,202505,2025-04-02 16:34:00,21343.0,21343.0,21343.0,21343.0,2
TMF,202505,2025-04-02 16:35:00,21343.0,21344.0,21343.0,21344.0,7
TMF,202505,2025-04-02 16:36:00,21342.0,21342.0,21340.0,21342.0,5
TMF,202505,2025-04-02 16:38:00,21340.0,21340.0,21340.0,21340.0,2
TMF,202505,2025-04-02 16:39:00,21340.0,21340.0,21340.0,21340.0,1
TMF,202505,2025-04-02 16:40:00,21342.0,21342.0,21342.0,21342.0,2
TMF,202505,2025-04-02 16:42:00,21345.0,21350.0,21345.0,21350.0,17
TMF,202505,2025-04-02 16:45:00,21345.0,21345.0,21345.0,21345.0,1
TMF,202505,2025-04-02 16:46:00,21343.0,21343.0,21343.0,21343.0,1
TMF,202505,2025-04-02 16:47:00,21350.0,21350.0,21350.0,21350.0,3
TMF,202505,2025-04-02 16:48:00,21350.0,21350.0,21350.0,21350.0,1
TMF,202505,2025-04-02 16:49:00,21350.0,21350.0,21350.0,21350.0,1
TMF,202505,2025-04-02 16:50:00,21350.0,21352.0,21350.0,21352.0,6
TMF,202505,2025-04-02 16:51:00,21352.0,21352.0,21350.0,21350.0,4
TMF,202505,2025-04-02 16:52:00,21350.0,21350.0,21350.0,21350.0,2
TMF,202505,2025-04-02 16:53:00,21341.0,21345.0,21341.0,21345.0,3
TMF,202505,2025-04-02 16:54:00,21350.0,21350.0,21343.0,21343.0,2
TMF,202505,2025-04-02 16:55:00,21345.0,21350.0,21345.0,21350.0,2
TMF,202505,2025-04-02 16:58:00,21350.0,21350.0,21340.0,21340.0,6
TMF,202505,2025-04-02 16:59:00,21340.0,21340.0,21340.0,21340.0,1
TMF,202505,2025-04-02 17:00:00,21340.0,21340.0,21338.0,21340.0,6
TMF,202505,2025-04-02 17:01:00,21340.0,21340.0,21340.0,21340.0,1
TMF,202505,2025-04-02 17:02:00,21338.0,21338.0,21338.0,21338.0,1
TMF,202505,2025-04-02 17:03:00,21340.0,21343.0,21340.0,21343.0,3
TMF,202505,2025-04-02 17:04:00,21346.0,21346.0,21340.0,21341.0,4
TMF,202505,2025-04-02 17:05:00,21341.0,21346.0,21341.0,21346.0,2
TMF,202505,2025-04-02 17:06:00,21346.0,21350.0,21346.0,21350.0,4
TMF,202505,2025-04-02 17:07:00,21350.0,21350.0,21350.0,21350.0,3
TMF,202505,2025-04-02 17:08:00,21350.0,21350.0,21350.0,21350.0,4
TMF,202505,2025-04-02 17:09:00,21352.0,21355.0,21352.0,21355.0,5
TMF,202505,2025-04-02 17:10:00,21355.0,21356.0,21355.0,21356.0,7
TMF,202505,2025-04-02 17:12:00,21355.0,21355.0,21355.0,21355.0,1
TMF,202505,2025-04-02 17:13:00,21350.0,21350.0,21350.0,21350.0,1
TMF,202505,2025-04-02 17:15:00,21346.0,21346.0,21345.0,21345.0,2
TMF,202505,2025-04-02 17:16:00,21343.0,21343.0,21343.0,21343.0,1
TMF,202505,2025-04-02 17:17:00,21340.0,21340.0,21336.0,21336.0,3
TMF,202505,2025-04-02 17:18:00,21335.0,21335.0,21335.0,21335.0,1
TMF,202505,2025-04-02 17:19:00,21343.0,21343.0,21343.0,21343.0,1
TMF,202505,2025-04-02 17:20:00,21342.0,21342.0,21342.0,21342.0,3
TMF,202505,2025-04-02 17:21:00,21344.0,21344.0,21344.0,21344.0,2
TMF,202505,2025-04-02 17:23:00,21350.0,21350.0,21350.0,21350.0,1
TMF,202505,2025-04-02 17:24:00,21349.0,21349.0,21349.0,21349.0,1
TMF,202505,2025-04-02 17:25:00,21350.0,21350.0,21350.0,21350.0,1
TMF,202505,2025-04-02 17:26:00,21343.0,21343.0,21343.0,21343.0,1
TMF,202505,2025-04-02 17:29:00,21340.0,21340.0,21340.0,21340.0,1
TMF,202505,2025-04-02 17:30:00,21340.0,21340.0,21340.0,21340.0,1
TMF,202505,2025-04-02 17:31:00,21340.0,21340.0,21340.0,21340.0,1
TMF,202505,2025-04-02 17:32:00,21340.0,21340.0,21340.0,21340.0,1
TMF,202505,2025-04-02 17:33:00,21342.0,21342.0,21342.0,21342.0,1
TMF,202505,2025-04-02 17:34:00,21342.0,21342.0,21342.0,21342.0,1
TMF,202505,2025-04-02 17:37:00,21348.0,21353.0,21348.0,21353.0,9
TMF,202505,2025-04-02 17:39:00,21350.0,21350.0,21350.0,21350.0,1
TMF,202505,2025-04-02 17:40:00,21346.0,21348.0,21346.0,21348.0,2
TMF,202505,2025-04-02 17:42:00,21347.0,21351.0,21347.0,21351.0,2
TMF,202505,2025-04-02 17:43:00,21350.0,21350.0,21350.0,21350.0,1
TMF,202505,2025-04-02 17:44:00,21349.0,21350.0,21349.0,21350.0,2
TMF,202505,2025-04-02 17:45:00,21351.0,21355.0,21351.0,21355.0,6
TMF,202505,2025-04-02 17:46:00,21349.0,21349.0,21349.0,21349.0,4
TMF,202505,2025-04-02 17:47:00,21349.0,21349.0,21345.0,21345.0,7
TMF,202505,2025-04-02 17:50:00,21344.0,21348.0,21344.0,21348.0,3
TMF,202505,2025-04-02 17:51:00,21345.0,21346.0,21345.0,21346.0,2
TMF,202505,2025-04-02 17:53:00,21340.0,21340.0,21340.0,21340.0,6
TMF,202505,2025-04-02 17:55:00,21336.0,21344.0,21336.0,21340.0,6
TMF,202505,2025-04-02 17:56:00,21335.0,21335.0,21330.0,21330.0,8
TMF,202505,2025-04-02 17:57:00,21330.0,21330.0,21330.0,21330.0,11
TMF,202505,2025-04-02 17:58:00,21330.0,21330.0,21329.0,21329.0,3
TMF,202505,2025-04-02 17:59:00,21329.0,21329.0,21329.0,21329.0,1
TMF,202505,2025-04-02 18:00:00,21332.0,21332.0,21332.0,21332.0,2
TMF,202505,2025-04-02 18:01:00,21338.0,21338.0,21338.0,21338.0,1
TMF,202505,2025-04-02 18:02:00,21331.0,21331.0,21305.0,21305.0,40
TMF,202505,2025-04-02 18:03:00,21304.0,21307.0,21298.0,21307.0,48
TMF,202505,2025-04-02 18:04:00,21304.0,21304.0,21302.0,21302.0,2
TMF,202505,2025-04-02 18:05:00,21314.0,21314.0,21314.0,21314.0,1
TMF,202505,2025-04-02 18:06:00,21311.0,21311.0,21305.0,21305.0,3
TMF,202505,2025-04-02 18:07:00,21307.0,21315.0,21307.0,21315.0,3
TMF,202505,2025-04-02 18:09:00,21321.0,21322.0,21321.0,21322.0,3
TMF,202505,2025-04-02 18:10:00,21325.0,21325.0,21320.0,21320.0,7
TMF,202505,2025-04-02 18:11:00,21316.0,21316.0,21316.0,21316.0,10
TMF,202505,2025-04-02 18:13:00,21321.0,21321.0,21321.0,21321.0,1
TMF,202505,2025-04-02 18:14:00,21321.0,21321.0,21321.0,21321.0,1
TMF,202505,2025-04-02 18:15:00,21316.0,21316.0,21316.0,21316.0,1
TMF,202505,2025-04-02 18:16:00,21317.0,21317.0,21317.0,21317.0,7
TMF,202505,2025-04-02 18:19:00,21319.0,21319.0,21319.0,21319.0,1
TMF,202505,2025-04-02 18:21:00,21320.0,21320.0,21320.0,21320.0,1
TMF,202505,2025-04-02 18:23:00,21318.0,21320.0,21318.0,21320.0,2
TMF,202505,2025-04-02 18:24:00,21317.0,21317.0,21317.0,21317.0,1
TMF,202505,2025-04-02 18:27:00,21317.0,21317.0,21317.0,21317.0,2
TMF,202505,2025-04-02 18:28:00,21319.0,21319.0,21305.0,21305.0,16
TMF,202505,2025-04-02 18:29:00,21305.0,21305.0,21305.0,21305.0,4
TMF,202505,2025-04-02 18:31:00,21305.0,21305.0,21304.0,21304.0,2
TMF,202505,2025-04-02 18:32:00,21303.0,21303.0,21298.0,21300.0,8
TMF,202505,2025-04-02 18:33:00,21300.0,21300.0,21295.0,21297.0,7
TMF,202505,2025-04-02 18:34:00,21297.0,21297.0,21296.0,21296.0,4
TMF,202505,2025-04-02 18:35:00,21296.0,21296.0,21295.0,21295.0,7
TMF,202505,2025-04-02 18:36:00,21293.0,21293.0,21293.0,21293.0,3
TMF,202505,2025-04-02 18:37:00,21293.0,21293.0,21293.0,21293.0,1
TMF,202505,2025-04-02 18:38:00,21293.0,21295.0,21293.0,21295.0,2
TMF,202505,2025-04-02 18:40:00,21298.0,21298.0,21298.0,21298.0,1
TMF,202505,2025-04-02 18:41:00,21295.0,21295.0,21295.0,21295.0,2
TMF,202505,2025-04-02 18:42:00,21292.0,21292.0,21289.0,21292.0,23
TMF,202505,2025-04-02 18:43:00,21293.0,21293.0,21293.0,21293.0,1
TMF,202505,2025-04-02 18:44:00,21292.0,21292.0,21292.0,21292.0,2
TMF,202505,2025-04-02 18:45:00,21296.0,21296.0,21296.0,21296.0,1
TMF,202505,2025-04-02 18:46:00,21297.0,21305.0,21296.0,21305.0,13
TMF,202505,2025-04-02 18:47:00,21305.0,21305.0,21305.0,21305.0,2
TMF,202505,2025-04-02 18:48:00,21305.0,21310.0,21305.0,21310.0,7
TMF,202505,2025-04-02 18:49:00,21315.0,21315.0,21315.0,21315.0,1
TMF,202505,2025-04-02 18:51:00,21313.0,21313.0,21310.0,21310.0,2
TMF,202505,2025-04-02 18:52:00,21308.0,21308.0,21308.0,21308.0,1
TMF,202505,2025-04-02 18:54:00,21308.0,21308.0,21308.0,21308.0,1
TMF,202505,2025-04-02 18:55:00,21308.0,21308.0,21304.0,21304.0,3
TMF,202505,2025-04-02 18:57:00,21300.0,21300.0,21300.0,21300.0,2
TMF,202505,2025-04-02 18:58:00,21296.0,21296.0,21292.0,21292.0,4
TMF,202505,2025-04-02 18:59:00,21290.0,21291.0,21288.0,21288.0,6
TMF,202505,2025-04-02 19:00:00,21290.0,21292.0,21290.0,21292.0,4
TMF,202505,2025-04-02 19:01:00,21292.0,21292.0,21292.0,21292.0,4
TMF,202505,2025-04-02 19:02:00,21288.0,21288.0,21287.0,21288.0,9
TMF,202505,2025-04-02 19:03:00,21288.0,21288.0,21288.0,21288.0,1
TMF,202505,2025-04-02 19:04:00,21288.0,21288.0,21288.0,21288.0,2
TMF,202505,2025-04-02 19:06:00,21295.0,21300.0,21295.0,21300.0,9
TMF,202505,2025-04-02 19:08:00,21306.0,21309.0,21306.0,21309.0,11
TMF,202505,2025-04-02 19:10:00,21308.0,21312.0,21308.0,21310.0,6
TMF,202505,2025-04-02 19:12:00,21303.0,21303.0,21303.0,21303.0,1
TMF,202505,2025-04-02 19:14:00,21300.0,21300.0,21300.0,21300.0,1
TMF,202505,2025-04-02 19:15:00,21302.0,21303.0,21302.0,21303.0,4
TMF,202505,2025-04-02 19:17:00,21300.0,21300.0,21300.0,21300.0,1
TMF,202505,2025-04-02 19:18:00,21300.0,21303.0,21300.0,21303.0,15
TMF,202505,2025-04-02 19:20:00,21305.0,21305.0,21303.0,21303.0,12
TMF,202505,2025-04-02 19:21:00,21298.0,21298.0,21295.0,21295.0,3
TMF,202505,2025-04-02 19:23:00,21303.0,21305.0,21303.0,21305.0,2
TMF,202505,2025-04-02 19:25:00,21305.0,21308.0,21305.0,21308.0,6
TMF,202505,2025-04-02 19:27:00,21308.0,21311.0,21308.0,21311.0,5
TMF,202505,2025-04-02 19:28:00,21307.0,21307.0,21307.0,21307.0,2
TMF,202505,2025-04-02 19:29:00,21304.0,21304.0,21304.0,21304.0,1
TMF,202505,2025-04-02 19:30:00,21304.0,21304.0,21300.0,21300.0,2
TMF,202505,2025-04-02 19:31:00,21307.0,21311.0,21307.0,21311.0,3
TMF,202505,2025-04-02 19:34:00,21309.0,21309.0,21309.0,21309.0,2
TMF,202505,2025-04-02 19:36:00,21300.0,21300.0,21299.0,21299.0,2
TMF,202505,2025-04-02 19:37:00,21295.0,21303.0,21295.0,21303.0,6
TMF,202505,2025-04-02 19:40:00,21303.0,21304.0,21303.0,21304.0,2
TMF,202505,2025-04-02 19:41:00,21303.0,21303.0,21300.0,21300.0,2
TMF,202505,2025-04-02 19:42:00,21301.0,21304.0,21301.0,21304.0,3
TMF,202505,2025-04-02 19:43:00,21297.0,21297.0,21297.0,21297.0,1
TMF,202505,2025-04-02 19:46:00,21297.0,21297.0,21297.0,21297.0,1
TMF,202505,2025-04-02 19:47:00,21303.0,21305.0,21303.0,21305.0,5
TMF,202505,2025-04-02 19:48:00,21309.0,21311.0,21309.0,21311.0,9
TMF,202505,2025-04-02 19:49:00,21305.0,21305.0,21302.0,21302.0,3
TMF,202505,2025-04-02 19:50:00,21302.0,21302.0,21302.0,21302.0,2
TMF,202505,2025-04-02 19:51:00,21303.0,21303.0,21302.0,21302.0,3
TMF,202505,2025-04-02 19:52:00,21300.0,21300.0,21300.0,21300.0,2
TMF,202505,2025-04-02 19:53:00,21300.0,21300.0,21296.0,21296.0,4
TMF,202505,2025-04-02 19:54:00,21300.0,21300.0,21300.0,21300.0,1
TMF,202505,2025-04-02 19:57:00,21299.0,21299.0,21299.0,21299.0,1
TMF,202505,2025-04-02 19:59:00,21296.0,21296.0,21293.0,21293.0,7
TMF,202505,2025-04-02 20:00:00,21293.0,21295.0,21292.0,21295.0,5
TMF,202505,2025-04-02 20:01:00,21292.0,21294.0,21290.0,21290.0,8
TMF,202505,2025-04-02 20:02:00,21288.0,21288.0,21280.0,21280.0,35
TMF,202505,2025-04-02 20:03:00,21279.0,21280.0,21274.0,21274.0,20
TMF,202505,2025-04-02 20:04:00,21274.0,21274.0,21272.0,21274.0,11
TMF,202505,2025-04-02 20:05:00,21275.0,21275.0,21268.0,21269.0,21
TMF,202505,2025-04-02 20:06:00,21269.0,21270.0,21267.0,21267.0,16
TMF,202505,2025-04-02 20:07:00,21267.0,21267.0,21255.0,21258.0,28
TMF,202505,2025-04-02 20:08:00,21255.0,21258.0,21253.0,21256.0,16
TMF,202505,2025-04-02 20:09:00,21253.0,21254.0,21250.0,21250.0,34
TMF,202505,2025-04-02 20:10:00,21250.0,21255.0,21248.0,21255.0,30
TMF,202505,2025-04-02 20:11:00,21255.0,21260.0,21248.0,21255.0,9
TMF,202505,2025-04-02 20:12:00,21264.0,21269.0,21264.0,21264.0,10
TMF,202505,2025-04-02 20:13:00,21264.0,21264.0,21264.0,21264.0,1
TMF,202505,2025-04-02 20:14:00,21260.0,21267.0,21260.0,21267.0,3
TMF,202505,2025-04-02 20:15:00,21269.0,21280.0,21269.0,21273.0,8
TMF,202505,2025-04-02 20:16:00,21262.0,21262.0,21255.0,21255.0,11
TMF,202505,2025-04-02 20:17:00,21255.0,21258.0,21250.0,21250.0,12
TMF,202505,2025-04-02 20:18:00,21251.0,21255.0,21250.0,21255.0,4
TMF,202505,2025-04-02 20:19:00,21255.0,21260.0,21254.0,21260.0,9
TMF,202505,2025-04-02 20:20:00,21256.0,21265.0,21255.0,21255.0,34
TMF,202505,2025-04-02 20:21:00,21252.0,21252.0,21246.0,21246.0,32
TMF,202505,2025-04-02 20:22:00,21250.0,21254.0,21249.0,21249.0,6
TMF,202505,2025-04-02 20:23:00,21249.0,21249.0,21244.0,21245.0,24
TMF,202505,2025-04-02 20:24:00,21243.0,21248.0,21240.0,21248.0,20
TMF,202505,2025-04-02 20:25:00,21247.0,21248.0,21240.0,21244.0,8
TMF,202505,2025-04-02 20:26:00,21247.0,21250.0,21245.0,21245.0,6
TMF,202505,2025-04-02 20:27:00,21245.0,21245.0,21233.0,21233.0,29
TMF,202505,2025-04-02 20:28:00,21236.0,21239.0,21235.0,21235.0,10
TMF,202505,2025-04-02 20:29:00,21234.0,21235.0,21232.0,21232.0,21
TMF,202505,2025-04-02 20:30:00,21231.0,21238.0,21231.0,21238.0,6
TMF,202505,2025-04-02 20:31:00,21238.0,21244.0,21236.0,21236.0,37
TMF,202505,2025-04-02 20:32:00,21235.0,21239.0,21235.0,21239.0,2
TMF,202505,2025-04-02 20:33:00,21242.0,21244.0,21242.0,21244.0,2
TMF,202505,2025-04-02 20:34:00,21245.0,21247.0,21242.0,21242.0,14
TMF,202505,2025-04-02 20:35:00,21243.0,21244.0,21238.0,21244.0,9
TMF,202505,2025-04-02 20:36:00,21248.0,21250.0,21245.0,21245.0,14
TMF,202505,2025-04-02 20:37:00,21238.0,21247.0,21238.0,21247.0,2
TMF,202505,2025-04-02 20:38:00,21250.0,21256.0,21248.0,21250.0,10
TMF,202505,2025-04-02 20:39:00,21256.0,21256.0,21251.0,21254.0,8
TMF,202505,2025-04-02 20:40:00,21252.0,21252.0,21250.0,21250.0,5
TMF,202505,2025-04-02 20:41:00,21254.0,21254.0,21250.0,21250.0,3
TMF,202505,2025-04-02 20:42:00,21250.0,21250.0,21250.0,21250.0,1
TMF,202505,2025-04-02 20:43:00,21250.0,21250.0,21250.0,21250.0,1
TMF,202505,2025-04-02 20:44:00,21248.0,21254.0,21247.0,21254.0,7
TMF,202505,2025-04-02 20:45:00,21252.0,21252.0,21252.0,21252.0,2
TMF,202505,2025-04-02 20:46:00,21256.0,21256.0,21256.0,21256.0,1
TMF,202505,2025-04-02 20:47:00,21256.0,21257.0,21256.0,21257.0,4
TMF,202505,2025-04-02 20:48:00,21258.0,21269.0,21258.0,21269.0,9
TMF,202505,2025-04-02 20:49:00,21266.0,21266.0,21259.0,21259.0,10
TMF,202505,2025-04-02 20:50:00,21259.0,21259.0,21256.0,21258.0,6
TMF,202505,2025-04-02 20:51:00,21259.0,21263.0,21259.0,21263.0,2
TMF,202505,2025-04-02 20:53:00,21262.0,21274.0,21262.0,21269.0,15
TMF,202505,2025-04-02 20:54:00,21272.0,21273.0,21270.0,21270.0,3
TMF,202505,2025-04-02 20:55:00,21270.0,21270.0,21270.0,21270.0,2
TMF,202505,2025-04-02 20:56:00,21270.0,21270.0,21265.0,21265.0,2
TMF,202505,2025-04-02 20:58:00,21269.0,21269.0,21269.0,21269.0,2
TMF,202505,2025-04-02 20:59:00,21269.0,21269.0,21269.0,21269.0,2
TMF,202505,2025-04-02 21:00:00,21269.0,21269.0,21263.0,21263.0,2
TMF,202505,2025-04-02 21:01:00,21260.0,21260.0,21260.0,21260.0,1
TMF,202505,2025-04-02 21:02:00,21265.0,21265.0,21265.0,21265.0,2
TMF,202505,2025-04-02 21:03:00,21265.0,21265.0,21259.0,21259.0,5
TMF,202505,2025-04-02 21:04:00,21256.0,21256.0,21255.0,21255.0,4
TMF,202505,2025-04-02 21:05:00,21255.0,21264.0,21255.0,21264.0,5
TMF,202505,2025-04-02 21:06:00,21264.0,21264.0,21254.0,21254.0,9
TMF,202505,2025-04-02 21:07:00,21262.0,21262.0,21262.0,21262.0,1
TMF,202505,2025-04-02 21:08:00,21262.0,21262.0,21262.0,21262.0,1
TMF,202505,2025-04-02 21:09:00,21260.0,21260.0,21260.0,21260.0,4
TMF,202505,2025-04-02 21:10:00,21254.0,21254.0,21254.0,21254.0,1
TMF,202505,2025-04-02 21:11:00,21255.0,21261.0,21255.0,21261.0,5
TMF,202505,2025-04-02 21:12:00,21253.0,21253.0,21251.0,21251.0,6
TMF,202505,2025-04-02 21:13:00,21250.0,21250.0,21245.0,21245.0,12
TMF,202505,2025-04-02 21:14:00,21247.0,21247.0,21247.0,21247.0,1
TMF,202505,2025-04-02 21:15:00,21247.0,21247.0,21247.0,21247.0,2
TMF,202505,2025-04-02 21:17:00,21246.0,21246.0,21246.0,21246.0,3
TMF,202505,2025-04-02 21:18:00,21244.0,21250.0,21244.0,21250.0,12
TMF,202505,2025-04-02 21:19:00,21252.0,21252.0,21251.0,21251.0,3
TMF,202505,2025-04-02 21:20:00,21255.0,21255.0,21255.0,21255.0,2
TMF,202505,2025-04-02 21:21:00,21247.0,21247.0,21247.0,21247.0,1
TMF,202505,2025-04-02 21:23:00,21243.0,21243.0,21240.0,21240.0,6
TMF,202505,2025-04-02 21:24:00,21240.0,21240.0,21240.0,21240.0,3
TMF,202505,2025-04-02 21:25:00,21243.0,21243.0,21241.0,21241.0,2
TMF,202505,2025-04-02 21:26:00,21241.0,21243.0,21240.0,21240.0,5
TMF,202505,2025-04-02 21:27:00,21242.0,21245.0,21239.0,21239.0,9
TMF,202505,2025-04-02 21:28:00,21240.0,21240.0,21235.0,21235.0,10
TMF,202505,2025-04-02 21:29:00,21237.0,21239.0,21233.0,21239.0,8
TMF,202505,2025-04-02 21:30:00,21240.0,21252.0,21224.0,21224.0,45
TMF,202505,2025-04-02 21:31:00,21223.0,21230.0,21213.0,21225.0,60
TMF,202505,2025-04-02 21:32:00,21232.0,21246.0,21224.0,21230.0,14
TMF,202505,2025-04-02 21:33:00,21220.0,21261.0,21220.0,21261.0,17
TMF,202505,2025-04-02 21:34:00,21262.0,21279.0,21262.0,21279.0,45
TMF,202505,2025-04-02 21:35:00,21280.0,21288.0,21279.0,21288.0,28
TMF,202505,2025-04-02 21:36:00,21288.0,21314.0,21288.0,21314.0,88
TMF,202505,2025-04-02 21:37:00,21314.0,21328.0,21314.0,21328.0,53
TMF,202505,2025-04-02 21:38:00,21327.0,21330.0,21306.0,21306.0,31
TMF,202505,2025-04-02 21:39:00,21310.0,21315.0,21300.0,21301.0,18
TMF,202505,2025-04-02 21:40:00,21300.0,21318.0,21295.0,21313.0,45
TMF,202505,2025-04-02 21:41:00,21315.0,21319.0,21311.0,21311.0,23
TMF,202505,2025-04-02 21:42:00,21305.0,21305.0,21294.0,21298.0,10
TMF,202505,2025-04-02 21:43:00,21298.0,21305.0,21290.0,21295.0,18
TMF,202505,2025-04-02 21:44:00,21296.0,21322.0,21295.0,21322.0,20
TMF,202505,2025-04-02 21:45:00,21325.0,21367.0,21325.0,21367.0,136
TMF,202505,2025-04-02 21:46:00,21368.0,21380.0,21367.0,21371.0,175
TMF,202505,2025-04-02 21:47:00,21362.0,21371.0,21350.0,21352.0,20
TMF,202505,2025-04-02 21:48:00,21350.0,21355.0,21350.0,21355.0,16
TMF,202505,2025-04-02 21:49:00,21360.0,21370.0,21356.0,21369.0,35
TMF,202505,2025-04-02 21:50:00,21371.0,21371.0,21360.0,21360.0,10
TMF,202505,2025-04-02 21:51:00,21363.0,21372.0,21363.0,21368.0,18
TMF,202505,2025-04-02 21:52:00,21370.0,21380.0,21370.0,21380.0,70
TMF,202505,2025-04-02 21:53:00,21372.0,21372.0,21363.0,21364.0,22
TMF,202505,2025-04-02 21:54:00,21364.0,21370.0,21363.0,21370.0,6
TMF,202505,2025-04-02 21:55:00,21360.0,21366.0,21356.0,21360.0,16
TMF,202505,2025-04-02 21:56:00,21355.0,21355.0,21338.0,21349.0,25
TMF,202505,2025-04-02 21:57:00,21351.0,21351.0,21350.0,21350.0,4
TMF,202505,2025-04-02 21:58:00,21351.0,21356.0,21343.0,21356.0,17
TMF,202505,2025-04-02 21:59:00,21349.0,21353.0,21349.0,21353.0,2
TMF,202505,2025-04-02 22:00:00,21344.0,21365.0,21334.0,21360.0,44
TMF,202505,2025-04-02 22:01:00,21366.0,21376.0,21366.0,21369.0,16
TMF,202505,2025-04-02 22:02:00,21368.0,21393.0,21368.0,21389.0,108
TMF,202505,2025-04-02 22:03:00,21394.0,21416.0,21394.0,21415.0,240
TMF,202505,2025-04-02 22:04:00,21417.0,21430.0,21413.0,21419.0,68
TMF,202505,2025-04-02 22:05:00,21422.0,21426.0,21410.0,21416.0,39
TMF,202505,2025-04-02 22:06:00,21411.0,21428.0,21410.0,21410.0,41
TMF,202505,2025-04-02 22:07:00,21409.0,21417.0,21401.0,21401.0,19
TMF,202505,2025-04-02 22:08:00,21400.0,21400.0,21382.0,21387.0,25
TMF,202505,2025-04-02 22:09:00,21386.0,21390.0,21370.0,21382.0,50
TMF,202505,2025-04-02 22:10:00,21384.0,21384.0,21364.0,21369.0,27
TMF,202505,2025-04-02 22:11:00,21363.0,21365.0,21351.0,21365.0,33
TMF,202505,2025-04-02 22:12:00,21367.0,21384.0,21360.0,21384.0,14
TMF,202505,2025-04-02 22:13:00,21384.0,21384.0,21379.0,21381.0,17
TMF,202505,2025-04-02 22:14:00,21374.0,21374.0,21359.0,21370.0,7
TMF,202505,2025-04-02 22:15:00,21376.0,21376.0,21360.0,21360.0,4
TMF,202505,2025-04-02 22:16:00,21371.0,21385.0,21371.0,21385.0,7
TMF,202505,2025-04-02 22:17:00,21385.0,21396.0,21380.0,21396.0,9
TMF,202505,2025-04-02 22:18:00,21392.0,21397.0,21390.0,21391.0,9
TMF,202505,2025-04-02 22:19:00,21391.0,21396.0,21381.0,21396.0,10
TMF,202505,2025-04-02 22:20:00,21396.0,21396.0,21394.0,21396.0,4
TMF,202505,2025-04-02 22:21:00,21397.0,21397.0,21390.0,21394.0,9
TMF,202505,2025-04-02 22:22:00,21384.0,21390.0,21383.0,21383.0,4
TMF,202505,2025-04-02 22:23:00,21382.0,21399.0,21382.0,21398.0,12
TMF,202505,2025-04-02 22:24:00,21400.0,21412.0,21400.0,21410.0,26
TMF,202505,2025-04-02 22:25:00,21405.0,21405.0,21383.0,21383.0,13
TMF,202505,2025-04-02 22:26:00,21377.0,21393.0,21377.0,21392.0,7
TMF,202505,2025-04-02 22:27:00,21390.0,21390.0,21388.0,21390.0,5
TMF,202505,2025-04-02 22:28:00,21399.0,21404.0,21399.0,21404.0,14
TMF,202505,2025-04-02 22:29:00,21404.0,21412.0,21404.0,21412.0,22
TMF,202505,2025-04-02 22:30:00,21414.0,21414.0,21407.0,21407.0,5
TMF,202505,2025-04-02 22:31:00,21406.0,21414.0,21406.0,21410.0,27
TMF,202505,2025-04-02 22:32:00,21415.0,21420.0,21415.0,21420.0,15
TMF,202505,2025-04-02 22:33:00,21411.0,21411.0,21401.0,21402.0,7
TMF,202505,2025-04-02 22:34:00,21405.0,21410.0,21402.0,21402.0,8
TMF,202505,2025-04-02 22:35:00,21400.0,21406.0,21391.0,21399.0,25
TMF,202505,2025-04-02 22:36:00,21392.0,21393.0,21391.0,21393.0,5
TMF,202505,2025-04-02 22:37:00,21393.0,21398.0,21392.0,21392.0,7
TMF,202505,2025-04-02 22:38:00,21396.0,21396.0,21388.0,21388.0,6
TMF,202505,2025-04-02 22:39:00,21392.0,21410.0,21392.0,21410.0,13
TMF,202505,2025-04-02 22:40:00,21400.0,21400.0,21400.0,21400.0,3
TMF,202505,2025-04-02 22:41:00,21405.0,21420.0,21405.0,21420.0,24
TMF,202505,2025-04-02 22:42:00,21421.0,21421.0,21415.0,21415.0,7
TMF,202505,2025-04-02 22:43:00,21403.0,21411.0,21396.0,21396.0,9
TMF,202505,2025-04-02 22:44:00,21393.0,21393.0,21388.0,21388.0,13
TMF,202505,2025-04-02 22:45:00,21398.0,21405.0,21398.0,21405.0,5
TMF,202505,2025-04-02 22:46:00,21407.0,21407.0,21407.0,21407.0,1
TMF,202505,2025-04-02 22:47:00,21407.0,21407.0,21400.0,21400.0,3
TMF,202505,2025-04-02 22:48:00,21403.0,21404.0,21399.0,21399.0,4
TMF,202505,2025-04-02 22:49:00,21399.0,21404.0,21398.0,21404.0,15
TMF,202505,2025-04-02 22:50:00,21410.0,21418.0,21410.0,21418.0,9
TMF,202505,2025-04-02 22:51:00,21420.0,21425.0,21415.0,21415.0,24
TMF,202505,2025-04-02 22:52:00,21420.0,21423.0,21420.0,21423.0,3
TMF,202505,2025-04-02 22:53:00,21420.0,21420.0,21416.0,21416.0,2
TMF,202505,2025-04-02 22:54:00,21418.0,21418.0,21418.0,21418.0,1
TMF,202505,2025-04-02 22:55:00,21415.0,21420.0,21415.0,21420.0,5
TMF,202505,2025-04-02 22:56:00,21420.0,21424.0,21420.0,21424.0,10
TMF,202505,2025-04-02 22:57:00,21422.0,21440.0,21422.0,21440.0,154
TMF,202505,2025-04-02 22:58:00,21440.0,21450.0,21440.0,21445.0,104
TMF,202505,2025-04-02 22:59:00,21443.0,21450.0,21443.0,21450.0,18
TMF,202505,2025-04-02 23:00:00,21450.0,21455.0,21425.0,21432.0,86
TMF,202505,2025-04-02 23:01:00,21433.0,21435.0,21427.0,21428.0,7
TMF,202505,2025-04-02 23:02:00,21428.0,21428.0,21425.0,21425.0,8
TMF,202505,2025-04-02 23:03:00,21430.0,21442.0,21430.0,21436.0,7
TMF,202505,2025-04-02 23:04:00,21440.0,21445.0,21440.0,21445.0,11
TMF,202505,2025-04-02 23:05:00,21445.0,21450.0,21445.0,21450.0,6
TMF,202505,2025-04-02 23:06:00,21450.0,21450.0,21435.0,21440.0,21
TMF,202505,2025-04-02 23:07:00,21445.0,21452.0,21445.0,21452.0,13
TMF,202505,2025-04-02 23:08:00,21452.0,21455.0,21452.0,21454.0,14
TMF,202505,2025-04-02 23:09:00,21455.0,21455.0,21450.0,21450.0,2
TMF,202505,2025-04-02 23:10:00,21451.0,21451.0,21446.0,21446.0,8
TMF,202505,2025-04-02 23:11:00,21440.0,21440.0,21436.0,21436.0,7
TMF,202505,2025-04-02 23:12:00,21436.0,21438.0,21428.0,21428.0,24
TMF,202505,2025-04-02 23:13:00,21425.0,21425.0,21420.0,21420.0,21
TMF,202505,2025-04-02 23:14:00,21418.0,21418.0,21418.0,21418.0,7
TMF,202505,2025-04-02 23:15:00,21420.0,21420.0,21418.0,21420.0,9
TMF,202505,2025-04-02 23:16:00,21423.0,21425.0,21417.0,21417.0,13
TMF,202505,2025-04-02 23:17:00,21420.0,21425.0,21420.0,21425.0,9
TMF,202505,2025-04-02 23:18:00,21425.0,21435.0,21425.0,21432.0,5
TMF,202505,2025-04-02 23:19:00,21438.0,21440.0,21438.0,21440.0,9
TMF,202505,2025-04-02 23:20:00,21445.0,21462.0,21445.0,21462.0,55
TMF,202505,2025-04-02 23:21:00,21464.0,21466.0,21460.0,21466.0,23
TMF,202505,2025-04-02 23:22:00,21465.0,21465.0,21460.0,21465.0,13
TMF,202505,2025-04-02 23:23:00,21461.0,21475.0,21461.0,21473.0,40
TMF,202505,2025-04-02 23:24:00,21475.0,21477.0,21469.0,21475.0,21
TMF,202505,2025-04-02 23:25:00,21475.0,21488.0,21475.0,21487.0,64
TMF,202505,2025-04-02 23:26:00,21488.0,21494.0,21488.0,21494.0,30
TMF,202505,2025-04-02 23:27:00,21494.0,21495.0,21492.0,21495.0,12
TMF,202505,2025-04-02 23:28:00,21496.0,21497.0,21487.0,21487.0,12
TMF,202505,2025-04-02 23:29:00,21482.0,21492.0,21482.0,21491.0,15
TMF,202505,2025-04-02 23:30:00,21491.0,21493.0,21485.0,21485.0,11
TMF,202505,2025-04-02 23:31:00,21485.0,21492.0,21485.0,21492.0,3
TMF,202505,2025-04-02 23:32:00,21492.0,21494.0,21490.0,21490.0,16
TMF,202505,2025-04-02 23:33:00,21490.0,21495.0,21490.0,21495.0,5
TMF,202505,2025-04-02 23:34:00,21495.0,21495.0,21494.0,21494.0,2
TMF,202505,2025-04-02 23:35:00,21494.0,21494.0,21475.0,21476.0,21
TMF,202505,2025-04-02 23:36:00,21476.0,21495.0,21476.0,21495.0,9
TMF,202505,2025-04-02 23:37:00,21495.0,21495.0,21490.0,21491.0,6
TMF,202505,2025-04-02 23:38:00,21491.0,21491.0,21491.0,21491.0,5
TMF,202505,2025-04-02 23:39:00,21491.0,21494.0,21491.0,21492.0,10
TMF,202505,2025-04-02 23:40:00,21490.0,21495.0,21489.0,21495.0,15
TMF,202505,2025-04-02 23:41:00,21487.0,21487.0,21480.0,21480.0,11
TMF,202505,2025-04-02 23:42:00,21478.0,21488.0,21478.0,21488.0,10
TMF,202505,2025-04-02 23:43:00,21488.0,21491.0,21486.0,21491.0,3
TMF,202505,2025-04-02 23:44:00,21485.0,21487.0,21478.0,21478.0,12
TMF,202505,2025-04-02 23:45:00,21478.0,21478.0,21466.0,21472.0,19
TMF,202505,2025-04-02 23:46:00,21470.0,21474.0,21465.0,21467.0,13
TMF,202505,2025-04-02 23:47:00,21471.0,21472.0,21470.0,21470.0,7
TMF,202505,2025-04-02 23:48:00,21467.0,21468.0,21460.0,21464.0,16
TMF,202505,2025-04-02 23:49:00,21461.0,21464.0,21461.0,21464.0,3
TMF,202505,2025-04-02 23:50:00,21461.0,21466.0,21459.0,21459.0,34
TMF,202505,2025-04-02 23:51:00,21458.0,21458.0,21445.0,21445.0,15
TMF,202505,2025-04-02 23:52:00,21450.0,21466.0,21450.0,21466.0,16
TMF,202505,2025-04-02 23:53:00,21466.0,21466.0,21465.0,21465.0,5
TMF,202505,2025-04-02 23:54:00,21465.0,21470.0,21463.0,21469.0,10
TMF,202505,2025-04-02 23:55:00,21467.0,21480.0,21467.0,21480.0,12
TMF,202505,2025-04-02 23:56:00,21480.0,21480.0,21469.0,21469.0,3
TMF,202505,2025-04-02 23:57:00,21473.0,21476.0,21473.0,21476.0,4
TMF,202505,2025-04-02 23:58:00,21476.0,21484.0,21476.0,21480.0,9
TMF,202505,2025-04-02 23:59:00,21474.0,21474.0,21474.0,21474.0,1
TMF,202505,2025-04-03 00:00:00,21474.0,21479.0,21474.0,21479.0,3
TMF,202505,2025-04-03 00:01:00,21477.0,21477.0,21472.0,21475.0,3
TMF,202505,2025-04-03 00:02:00,21475.0,21480.0,21475.0,21480.0,6
TMF,202505,2025-04-03 00:03:00,21480.0,21480.0,21469.0,21469.0,12
TMF,202505,2025-04-03 00:04:00,21478.0,21478.0,21478.0,21478.0,2
TMF,202505,2025-04-03 00:05:00,21478.0,21478.0,21478.0,21478.0,1
TMF,202505,2025-04-03 00:06:00,21478.0,21478.0,21478.0,21478.0,1
TMF,202505,2025-04-03 00:07:00,21476.0,21476.0,21476.0,21476.0,1
TMF,202505,2025-04-03 00:08:00,21475.0,21476.0,21475.0,21476.0,4
TMF,202505,2025-04-03 00:09:00,21484.0,21484.0,21484.0,21484.0,1
TMF,202505,2025-04-03 00:10:00,21484.0,21491.0,21484.0,21491.0,16
TMF,202505,2025-04-03 00:11:00,21490.0,21497.0,21490.0,21496.0,12
TMF,202505,2025-04-03 00:12:00,21496.0,21518.0,21496.0,21518.0,157
TMF,202505,2025-04-03 00:13:00,21514.0,21514.0,21506.0,21506.0,15
TMF,202505,2025-04-03 00:14:00,21505.0,21505.0,21505.0,21505.0,5
TMF,202505,2025-04-03 00:15:00,21510.0,21512.0,21510.0,21512.0,13
TMF,202505,2025-04-03 00:16:00,21516.0,21517.0,21512.0,21512.0,10
TMF,202505,2025-04-03 00:17:00,21516.0,21516.0,21514.0,21514.0,13
TMF,202505,2025-04-03 00:18:00,21514.0,21519.0,21514.0,21518.0,16
TMF,202505,2025-04-03 00:19:00,21516.0,21517.0,21514.0,21516.0,7
TMF,202505,2025-04-03 00:20:00,21518.0,21519.0,21512.0,21519.0,8
TMF,202505,2025-04-03 00:21:00,21520.0,21520.0,21519.0,21519.0,28
TMF,202505,2025-04-03 00:22:00,21520.0,21524.0,21520.0,21524.0,12
TMF,202505,2025-04-03 00:23:00,21524.0,21526.0,21520.0,21526.0,21
TMF,202505,2025-04-03 00:24:00,21526.0,21528.0,21525.0,21527.0,28
TMF,202505,2025-04-03 00:25:00,21527.0,21527.0,21526.0,21526.0,5
TMF,202505,2025-04-03 00:26:00,21524.0,21526.0,21522.0,21526.0,7
TMF,202505,2025-04-03 00:27:00,21525.0,21525.0,21525.0,21525.0,4
TMF,202505,2025-04-03 00:28:00,21526.0,21529.0,21526.0,21529.0,13
TMF,202505,2025-04-03 00:29:00,21529.0,21544.0,21529.0,21544.0,58
TMF,202505,2025-04-03 00:30:00,21545.0,21546.0,21533.0,21534.0,7
TMF,202505,2025-04-03 00:31:00,21536.0,21544.0,21536.0,21544.0,8
TMF,202505,2025-04-03 00:32:00,21539.0,21546.0,21538.0,21545.0,15
TMF,202505,2025-04-03 00:33:00,21546.0,21546.0,21539.0,21539.0,6
TMF,202505,2025-04-03 00:34:00,21540.0,21540.0,21534.0,21534.0,4
TMF,202505,2025-04-03 00:36:00,21534.0,21534.0,21525.0,21534.0,19
TMF,202505,2025-04-03 00:37:00,21523.0,21523.0,21519.0,21519.0,9
TMF,202505,2025-04-03 00:38:00,21517.0,21517.0,21513.0,21514.0,7
TMF,202505,2025-04-03 00:39:00,21517.0,21536.0,21517.0,21536.0,10
TMF,202505,2025-04-03 00:40:00,21536.0,21536.0,21523.0,21523.0,5
TMF,202505,2025-04-03 00:41:00,21520.0,21522.0,21519.0,21522.0,6
TMF,202505,2025-04-03 00:43:00,21525.0,21525.0,21525.0,21525.0,3
TMF,202505,2025-04-03 00:44:00,21530.0,21533.0,21530.0,21533.0,4
TMF,202505,2025-04-03 00:45:00,21533.0,21538.0,21533.0,21538.0,6
TMF,202505,2025-04-03 00:46:00,21535.0,21535.0,21528.0,21528.0,5
TMF,202505,2025-04-03 00:47:00,21533.0,21535.0,21533.0,21535.0,5
TMF,202505,2025-04-03 00:48:00,21535.0,21535.0,21535.0,21535.0,1
TMF,202505,2025-04-03 00:49:00,21536.0,21548.0,21536.0,21548.0,16
TMF,202505,2025-04-03 00:50:00,21545.0,21556.0,21545.0,21556.0,81
TMF,202505,2025-04-03 00:51:00,21553.0,21555.0,21553.0,21555.0,2
TMF,202505,2025-04-03 00:52:00,21548.0,21553.0,21530.0,21531.0,13
TMF,202505,2025-04-03 00:53:00,21525.0,21537.0,21525.0,21537.0,2
TMF,202505,2025-04-03 00:54:00,21536.0,21544.0,21536.0,21544.0,12
TMF,202505,2025-04-03 00:55:00,21543.0,21545.0,21543.0,21545.0,6
TMF,202505,2025-04-03 00:56:00,21537.0,21540.0,21537.0,21540.0,2
TMF,202505,2025-04-03 00:57:00,21538.0,21538.0,21538.0,21538.0,3
TMF,202505,2025-04-03 00:58:00,21540.0,21540.0,21539.0,21539.0,5
TMF,202505,2025-04-03 00:59:00,21539.0,21545.0,21536.0,21545.0,31
TMF,202505,2025-04-03 01:00:00,21545.0,21554.0,21542.0,21554.0,70
TMF,202505,2025-04-03 01:01:00,21550.0,21551.0,21550.0,21551.0,4
TMF,202505,2025-04-03 01:02:00,21551.0,21551.0,21551.0,21551.0,1
TMF,202505,2025-04-03 01:03:00,21551.0,21552.0,21550.0,21550.0,3
TMF,202505,2025-04-03 01:04:00,21552.0,21564.0,21551.0,21560.0,37
TMF,202505,2025-04-03 01:05:00,21564.0,21564.0,21560.0,21560.0,6
TMF,202505,2025-04-03 01:06:00,21558.0,21563.0,21558.0,21563.0,2
TMF,202505,2025-04-03 01:07:00,21562.0,21563.0,21560.0,21563.0,5
TMF,202505,2025-04-03 01:08:00,21563.0,21563.0,21563.0,21563.0,1
TMF,202505,2025-04-03 01:09:00,21563.0,21563.0,21558.0,21558.0,2
TMF,202505,2025-04-03 01:10:00,21560.0,21572.0,21560.0,21572.0,48
TMF,202505,2025-04-03 01:11:00,21573.0,21580.0,21573.0,21576.0,26
TMF,202505,2025-04-03 01:12:00,21579.0,21587.0,21576.0,21587.0,47
TMF,202505,2025-04-03 01:13:00,21588.0,21588.0,21570.0,21570.0,13
TMF,202505,2025-04-03 01:14:00,21572.0,21576.0,21572.0,21576.0,14
TMF,202505,2025-04-03 01:15:00,21576.0,21576.0,21572.0,21572.0,4
TMF,202505,2025-04-03 01:16:00,21572.0,21575.0,21572.0,21575.0,6
TMF,202505,2025-04-03 01:17:00,21572.0,21572.0,21570.0,21570.0,6
TMF,202505,2025-04-03 01:18:00,21571.0,21575.0,21570.0,21575.0,8
TMF,202505,2025-04-03 01:19:00,21578.0,21578.0,21576.0,21576.0,2
TMF,202505,2025-04-03 01:20:00,21570.0,21570.0,21570.0,21570.0,1
TMF,202505,2025-04-03 01:21:00,21561.0,21561.0,21558.0,21558.0,5
TMF,202505,2025-04-03 01:22:00,21558.0,21562.0,21557.0,21557.0,6
TMF,202505,2025-04-03 01:23:00,21555.0,21565.0,21552.0,21565.0,16
TMF,202505,2025-04-03 01:24:00,21561.0,21561.0,21561.0,21561.0,2
TMF,202505,2025-04-03 01:25:00,21557.0,21557.0,21552.0,21552.0,3
TMF,202505,2025-04-03 01:26:00,21550.0,21550.0,21550.0,21550.0,2
TMF,202505,2025-04-03 01:27:00,21550.0,21550.0,21541.0,21541.0,2
TMF,202505,2025-04-03 01:28:00,21543.0,21550.0,21543.0,21550.0,8
TMF,202505,2025-04-03 01:29:00,21555.0,21555.0,21550.0,21550.0,2
TMF,202505,2025-04-03 01:30:00,21542.0,21542.0,21529.0,21529.0,12
TMF,202505,2025-04-03 01:31:00,21529.0,21529.0,21525.0,21525.0,6
TMF,202505,2025-04-03 01:32:00,21525.0,21525.0,21523.0,21523.0,12
TMF,202505,2025-04-03 01:33:00,21522.0,21522.0,21513.0,21520.0,23
TMF,202505,2025-04-03 01:34:00,21520.0,21525.0,21520.0,21523.0,6
TMF,202505,2025-04-03 01:35:00,21520.0,21520.0,21511.0,21511.0,16
TMF,202505,2025-04-03 01:36:00,21510.0,21515.0,21508.0,21510.0,15
TMF,202505,2025-04-03 01:37:00,21507.0,21507.0,21485.0,21488.0,45
TMF,202505,2025-04-03 01:38:00,21488.0,21495.0,21488.0,21495.0,20
TMF,202505,2025-04-03 01:39:00,21495.0,21499.0,21483.0,21488.0,21
TMF,202505,2025-04-03 01:40:00,21493.0,21493.0,21493.0,21493.0,5
TMF,202505,2025-04-03 01:41:00,21493.0,21493.0,21488.0,21488.0,2
TMF,202505,2025-04-03 01:42:00,21490.0,21490.0,21481.0,21481.0,7
TMF,202505,2025-04-03 01:43:00,21481.0,21481.0,21481.0,21481.0,2
TMF,202505,2025-04-03 01:44:00,21481.0,21486.0,21478.0,21486.0,11
TMF,202505,2025-04-03 01:45:00,21490.0,21490.0,21470.0,21470.0,19
TMF,202505,2025-04-03 01:46:00,21470.0,21470.0,21460.0,21461.0,21
TMF,202505,2025-04-03 01:47:00,21470.0,21473.0,21470.0,21473.0,2
TMF,202505,2025-04-03 01:48:00,21471.0,21471.0,21453.0,21453.0,25
TMF,202505,2025-04-03 01:49:00,21462.0,21462.0,21462.0,21462.0,1
TMF,202505,2025-04-03 01:51:00,21456.0,21463.0,21455.0,21463.0,7
TMF,202505,2025-04-03 01:52:00,21461.0,21461.0,21436.0,21436.0,58
TMF,202505,2025-04-03 01:53:00,21437.0,21452.0,21433.0,21452.0,17
TMF,202505,2025-04-03 01:54:00,21451.0,21460.0,21440.0,21460.0,11
TMF,202505,2025-04-03 01:55:00,21464.0,21466.0,21460.0,21460.0,5
TMF,202505,2025-04-03 01:56:00,21462.0,21462.0,21460.0,21460.0,18
TMF,202505,2025-04-03 01:57:00,21450.0,21460.0,21450.0,21460.0,3
TMF,202505,2025-04-03 01:58:00,21449.0,21449.0,21449.0,21449.0,5
TMF,202505,2025-04-03 01:59:00,21450.0,21450.0,21449.0,21450.0,14
TMF,202505,2025-04-03 02:00:00,21449.0,21449.0,21449.0,21449.0,1
TMF,202505,2025-04-03 02:01:00,21449.0,21450.0,21442.0,21445.0,7
TMF,202505,2025-04-03 02:02:00,21445.0,21448.0,21445.0,21448.0,8
TMF,202505,2025-04-03 02:03:00,21452.0,21452.0,21452.0,21452.0,7
TMF,202505,2025-04-03 02:04:00,21453.0,21453.0,21440.0,21440.0,7
TMF,202505,2025-04-03 02:05:00,21438.0,21438.0,21393.0,21393.0,138
TMF,202505,2025-04-03 02:06:00,21393.0,21422.0,21392.0,21422.0,23
TMF,202505,2025-04-03 02:07:00,21411.0,21411.0,21393.0,21397.0,5
TMF,202505,2025-04-03 02:08:00,21405.0,21405.0,21405.0,21405.0,1
TMF,202505,2025-04-03 02:09:00,21398.0,21406.0,21397.0,21406.0,7
TMF,202505,2025-04-03 02:10:00,21407.0,21407.0,21392.0,21392.0,16
TMF,202505,2025-04-03 02:11:00,21395.0,21395.0,21395.0,21395.0,5
TMF,202505,2025-04-03 02:12:00,21400.0,21410.0,21400.0,21410.0,4
TMF,202505,2025-04-03 02:13:00,21412.0,21430.0,21412.0,21425.0,17
TMF,202505,2025-04-03 02:14:00,21420.0,21421.0,21408.0,21408.0,9
TMF,202505,2025-04-03 02:15:00,21405.0,21405.0,21405.0,21405.0,7
TMF,202505,2025-04-03 02:16:00,21405.0,21407.0,21401.0,21401.0,7
TMF,202505,2025-04-03 02:17:00,21410.0,21410.0,21409.0,21409.0,2
TMF,202505,2025-04-03 02:18:00,21409.0,21409.0,21409.0,21409.0,1
TMF,202505,2025-04-03 02:19:00,21406.0,21408.0,21405.0,21405.0,6
TMF,202505,2025-04-03 02:20:00,21405.0,21414.0,21402.0,21413.0,4
TMF,202505,2025-04-03 02:21:00,21410.0,21410.0,21410.0,21410.0,1
TMF,202505,2025-04-03 02:22:00,21410.0,21410.0,21410.0,21410.0,2
TMF,202505,2025-04-03 02:23:00,21407.0,21407.0,21402.0,21402.0,11
TMF,202505,2025-04-03 02:24:00,21400.0,21400.0,21385.0,21389.0,27
TMF,202505,2025-04-03 02:25:00,21388.0,21390.0,21385.0,21390.0,18
TMF,202505,2025-04-03 02:26:00,21403.0,21403.0,21400.0,21400.0,4
TMF,202505,2025-04-03 02:27:00,21407.0,21407.0,21391.0,21391.0,5
TMF,202505,2025-04-03 02:28:00,21387.0,21387.0,21370.0,21370.0,50
TMF,202505,2025-04-03 02:29:00,21369.0,21369.0,21359.0,21359.0,62
TMF,202505,2025-04-03 02:30:00,21358.0,21376.0,21352.0,21376.0,68
TMF,202505,2025-04-03 02:31:00,21380.0,21380.0,21374.0,21380.0,9
TMF,202505,2025-04-03 02:32:00,21380.0,21380.0,21363.0,21363.0,19
TMF,202505,2025-04-03 02:33:00,21374.0,21380.0,21374.0,21380.0,3
TMF,202505,2025-04-03 02:34:00,21380.0,21380.0,21380.0,21380.0,1
TMF,202505,2025-04-03 02:35:00,21384.0,21405.0,21384.0,21405.0,6
TMF,202505,2025-04-03 02:36:00,21406.0,21416.0,21406.0,21416.0,11
TMF,202505,2025-04-03 02:37:00,21417.0,21420.0,21417.0,21420.0,8
TMF,202505,2025-04-03 02:38:00,21422.0,21430.0,21420.0,21430.0,12
TMF,202505,2025-04-03 02:39:00,21428.0,21432.0,21428.0,21432.0,5
TMF,202505,2025-04-03 02:40:00,21434.0,21441.0,21434.0,21441.0,7
TMF,202505,2025-04-03 02:41:00,21436.0,21450.0,21436.0,21450.0,16
TMF,202505,2025-04-03 02:42:00,21445.0,21445.0,21434.0,21434.0,15
TMF,202505,2025-04-03 02:43:00,21425.0,21425.0,21420.0,21420.0,6
TMF,202505,2025-04-03 02:47:00,21421.0,21421.0,21411.0,21411.0,12
TMF,202505,2025-04-03 02:48:00,21412.0,21413.0,21412.0,21412.0,6
TMF,202505,2025-04-03 02:49:00,21412.0,21412.0,21401.0,21412.0,4
TMF,202505,2025-04-03 02:51:00,21402.0,21402.0,21393.0,21400.0,18
TMF,202505,2025-04-03 02:52:00,21400.0,21408.0,21400.0,21408.0,3
TMF,202505,2025-04-03 02:53:00,21411.0,21413.0,21411.0,21413.0,2
TMF,202505,2025-04-03 02:54:00,21413.0,21413.0,21413.0,21413.0,1
TMF,202505,2025-04-03 02:55:00,21406.0,21406.0,21406.0,21406.0,1
TMF,202505,2025-04-03 02:56:00,21395.0,21395.0,21390.0,21390.0,8
TMF,202505,2025-04-03 02:57:00,21390.0,21390.0,21377.0,21377.0,24
TMF,202505,2025-04-03 02:58:00,21377.0,21377.0,21371.0,21371.0,7
TMF,202505,2025-04-03 02:59:00,21370.0,21370.0,21370.0,21370.0,5
TMF,202505,2025-04-03 03:00:00,21399.0,21416.0,21399.0,21409.0,11
TMF,202505,2025-04-03 03:01:00,21405.0,21415.0,21405.0,21415.0,16
TMF,202505,2025-04-03 03:02:00,21415.0,21415.0,21415.0,21415.0,1
TMF,202505,2025-04-03 03:03:00,21412.0,21420.0,21412.0,21420.0,3
TMF,202505,2025-04-03 03:04:00,21420.0,21420.0,21420.0,21420.0,2
TMF,202505,2025-04-03 03:05:00,21414.0,21414.0,21414.0,21414.0,2
TMF,202505,2025-04-03 03:06:00,21400.0,21400.0,21400.0,21400.0,2
TMF,202505,2025-04-03 03:08:00,21402.0,21403.0,21400.0,21400.0,3
TMF,202505,2025-04-03 03:09:00,21400.0,21400.0,21400.0,21400.0,1
TMF,202505,2025-04-03 03:10:00,21396.0,21396.0,21396.0,21396.0,1
TMF,202505,2025-04-03 03:14:00,21395.0,21395.0,21395.0,21395.0,1
TMF,202505,2025-04-03 03:17:00,21395.0,21395.0,21395.0,21395.0,2
TMF,202505,2025-04-03 03:18:00,21390.0,21390.0,21390.0,21390.0,1
TMF,202505,2025-04-03 03:19:00,21388.0,21388.0,21388.0,21388.0,1
TMF,202505,2025-04-03 03:20:00,21388.0,21388.0,21388.0,21388.0,3
TMF,202505,2025-04-03 03:23:00,21400.0,21400.0,21400.0,21400.0,3
TMF,202505,2025-04-03 03:24:00,21415.0,21418.0,21415.0,21418.0,3
TMF,202505,2025-04-03 03:25:00,21416.0,21416.0,21416.0,21416.0,2
TMF,202505,2025-04-03 03:27:00,21415.0,21425.0,21415.0,21425.0,10
TMF,202505,2025-04-03 03:28:00,21425.0,21430.0,21424.0,21430.0,9
TMF,202505,2025-04-03 03:29:00,21432.0,21434.0,21431.0,21434.0,5
TMF,202505,2025-04-03 03:30:00,21414.0,21414.0,21414.0,21414.0,1
TMF,202505,2025-04-03 03:31:00,21431.0,21433.0,21431.0,21433.0,4
TMF,202505,2025-04-03 03:32:00,21431.0,21431.0,21430.0,21430.0,5
TMF,202505,2025-04-03 03:33:00,21436.0,21450.0,21436.0,21450.0,20
TMF,202505,2025-04-03 03:34:00,21451.0,21460.0,21451.0,21460.0,15
TMF,202505,2025-04-03 03:35:00,21455.0,21462.0,21454.0,21462.0,5
TMF,202505,2025-04-03 03:36:00,21464.0,21465.0,21451.0,21457.0,6
TMF,202505,2025-04-03 03:37:00,21455.0,21455.0,21455.0,21455.0,5
TMF,202505,2025-04-03 03:38:00,21457.0,21457.0,21450.0,21450.0,4
TMF,202505,2025-04-03 03:39:00,21450.0,21450.0,21450.0,21450.0,2
TMF,202505,2025-04-03 03:40:00,21455.0,21466.0,21450.0,21464.0,14
TMF,202505,2025-04-03 03:41:00,21465.0,21467.0,21465.0,21467.0,2
TMF,202505,2025-04-03 03:42:00,21468.0,21482.0,21468.0,21481.0,22
TMF,202505,2025-04-03 03:43:00,21480.0,21484.0,21480.0,21484.0,3
TMF,202505,2025-04-03 03:44:00,21485.0,21493.0,21485.0,21490.0,24
TMF,202505,2025-04-03 03:45:00,21492.0,21498.0,21492.0,21498.0,14
TMF,202505,2025-04-03 03:46:00,21498.0,21512.0,21498.0,21512.0,28
TMF,202505,2025-04-03 03:47:00,21512.0,21512.0,21493.0,21505.0,18
TMF,202505,2025-04-03 03:48:00,21505.0,21506.0,21505.0,21506.0,4
TMF,202505,2025-04-03 03:49:00,21509.0,21509.0,21492.0,21495.0,11
TMF,202505,2025-04-03 03:50:00,21495.0,21495.0,21491.0,21491.0,3
TMF,202505,2025-04-03 03:52:00,21502.0,21502.0,21498.0,21498.0,3
TMF,202505,2025-04-03 03:53:00,21497.0,21497.0,21497.0,21497.0,1
TMF,202505,2025-04-03 03:54:00,21499.0,21499.0,21499.0,21499.0,1
TMF,202505,2025-04-03 03:55:00,21497.0,21498.0,21493.0,21496.0,7
TMF,202505,2025-04-03 03:56:00,21500.0,21504.0,21493.0,21493.0,4
TMF,202505,2025-04-03 03:57:00,21500.0,21500.0,21500.0,21500.0,1
TMF,202505,2025-04-03 03:59:00,21489.0,21489.0,21478.0,21478.0,11
TMF,202505,2025-04-03 04:00:00,21490.0,21490.0,21488.0,21488.0,3
TMF,202505,2025-04-03 04:02:00,21478.0,21478.0,21470.0,21470.0,8
TMF,202505,2025-04-03 04:03:00,21465.0,21465.0,21459.0,21459.0,6
TMF,202505,2025-04-03 04:04:00,21457.0,21457.0,21455.0,21457.0,6
TMF,202505,2025-04-03 04:05:00,21457.0,21460.0,21453.0,21460.0,6
TMF,202505,2025-04-03 04:06:00,21464.0,21464.0,21464.0,21464.0,1
TMF,202505,2025-04-03 04:07:00,21460.0,21460.0,21460.0,21460.0,1
TMF,202505,2025-04-03 04:08:00,21456.0,21456.0,21445.0,21452.0,43
TMF,202505,2025-04-03 04:09:00,21448.0,21460.0,21448.0,21460.0,5
TMF,202505,2025-04-03 04:11:00,21460.0,21460.0,21422.0,21425.0,24
TMF,202505,2025-04-03 04:12:00,21445.0,21445.0,21445.0,21445.0,1
TMF,202505,2025-04-03 04:13:00,21446.0,21562.0,21446.0,21562.0,170
TMF,202505,2025-04-03 04:14:00,21562.0,21600.0,21562.0,21573.0,167
TMF,202505,2025-04-03 04:15:00,21591.0,21604.0,21588.0,21599.0,52
TMF,202505,2025-04-03 04:16:00,21581.0,21630.0,21581.0,21630.0,154
TMF,202505,2025-04-03 04:17:00,21630.0,21666.0,21630.0,21651.0,189
TMF,202505,2025-04-03 04:18:00,21636.0,21636.0,21473.0,21486.0,104
TMF,202505,2025-04-03 04:19:00,21520.0,21576.0,21506.0,21575.0,42
TMF,202505,2025-04-03 04:20:00,21578.0,21616.0,21570.0,21616.0,34
TMF,202505,2025-04-03 04:21:00,21616.0,21626.0,21573.0,21603.0,12
TMF,202505,2025-04-03 04:22:00,21616.0,21620.0,21598.0,21599.0,13
TMF,202505,2025-04-03 04:23:00,21585.0,21602.0,21585.0,21602.0,3
TMF,202505,2025-04-03 04:24:00,21598.0,21598.0,21585.0,21585.0,5
TMF,202505,2025-04-03 04:25:00,21594.0,21608.0,21555.0,21608.0,18
TMF,202505,2025-04-03 04:26:00,21558.0,21558.0,21547.0,21547.0,13
TMF,202505,2025-04-03 04:27:00,21546.0,21546.0,21429.0,21429.0,128
TMF,202505,2025-04-03 04:28:00,21427.0,21427.0,21327.0,21338.0,234
TMF,202505,2025-04-03 04:29:00,21342.0,21342.0,21239.0,21245.0,254
TMF,202505,2025-04-03 04:30:00,21238.0,21260.0,21215.0,21220.0,116
TMF,202505,2025-04-03 04:31:00,21218.0,21272.0,21218.0,21221.0,23
TMF,202505,2025-04-03 04:32:00,21272.0,21290.0,21220.0,21290.0,30
TMF,202505,2025-04-03 04:33:00,21290.0,21308.0,21290.0,21300.0,26
TMF,202505,2025-04-03 04:34:00,21308.0,21310.0,21290.0,21300.0,9
TMF,202505,2025-04-03 04:35:00,21270.0,21270.0,21255.0,21255.0,18
TMF,202505,2025-04-03 04:36:00,21253.0,21255.0,21222.0,21222.0,30
TMF,202505,2025-04-03 04:37:00,21221.0,21238.0,21215.0,21216.0,24
TMF,202505,2025-04-03 04:38:00,21220.0,21220.0,21200.0,21200.0,85
TMF,202505,2025-04-03 04:39:00,21210.0,21219.0,21200.0,21200.0,34
TMF,202505,2025-04-03 04:40:00,21200.0,21201.0,21189.0,21189.0,38
TMF,202505,2025-04-03 04:41:00,21190.0,21190.0,21180.0,21180.0,49
TMF,202505,2025-04-03 04:42:00,21180.0,21180.0,21170.0,21170.0,29
TMF,202505,2025-04-03 04:43:00,21171.0,21171.0,21160.0,21160.0,30
TMF,202505,2025-04-03 04:44:00,21160.0,21160.0,21140.0,21140.0,72
TMF,202505,2025-04-03 04:45:00,21138.0,21138.0,21111.0,21111.0,48
TMF,202505,2025-04-03 04:46:00,21111.0,21111.0,21100.0,21109.0,49
TMF,202505,2025-04-03 04:47:00,21103.0,21199.0,21103.0,21110.0,22
TMF,202505,2025-04-03 04:48:00,21112.0,21179.0,21100.0,21100.0,45
TMF,202505,2025-04-03 04:49:00,21100.0,21114.0,21100.0,21100.0,35
TMF,202505,2025-04-03 04:50:00,21110.0,21111.0,21100.0,21100.0,27
TMF,202505,2025-04-03 04:51:00,21100.0,21100.0,21088.0,21090.0,44
TMF,202505,2025-04-03 04:52:00,21099.0,21099.0,21086.0,21086.0,26
TMF,202505,2025-04-03 04:53:00,21087.0,21090.0,21072.0,21072.0,47
TMF,202505,2025-04-03 04:54:00,21080.0,21080.0,21057.0,21064.0,29
TMF,202505,2025-04-03 04:55:00,21064.0,21072.0,21064.0,21064.0,28
TMF,202505,2025-04-03 04:56:00,21078.0,21080.0,21053.0,21055.0,58
TMF,202505,2025-04-03 04:57:00,21071.0,21077.0,21051.0,21053.0,27
TMF,202505,2025-04-03 04:58:00,21068.0,21068.0,21050.0,21059.0,38
TMF,202505,2025-04-03 04:59:00,21063.0,21169.0,21059.0,21150.0,47
TMF,202506,2025-04-02 15:00:00,21310.0,21320.0,21310.0,21320.0,5
TMF,202506,2025-04-02 15:01:00,21315.0,21320.0,21315.0,21320.0,4
TMF,202506,2025-04-02 15:02:00,21330.0,21330.0,21330.0,21330.0,3
TMF,202506,2025-04-02 15:03:00,21334.0,21334.0,21332.0,21332.0,6
TMF,202506,2025-04-02 15:04:00,21334.0,21334.0,21330.0,21333.0,7
TMF,202506,2025-04-02 15:05:00,21321.0,21321.0,21317.0,21317.0,5
TMF,202506,2025-04-02 15:06:00,21315.0,21315.0,21315.0,21315.0,2
TMF,202506,2025-04-02 15:07:00,21316.0,21316.0,21312.0,21312.0,2
TMF,202506,2025-04-02 15:08:00,21314.0,21314.0,21314.0,21314.0,2
TMF,202506,2025-04-02 15:09:00,21308.0,21308.0,21308.0,21308.0,1
TMF,202506,2025-04-02 15:11:00,21314.0,21315.0,21314.0,21315.0,3
TMF,202506,2025-04-02 15:14:00,21310.0,21310.0,21310.0,21310.0,1
TMF,202506,2025-04-02 15:16:00,21318.0,21318.0,21313.0,21313.0,2
TMF,202506,2025-04-02 15:17:00,21307.0,21320.0,21307.0,21320.0,6
TMF,202506,2025-04-02 15:18:00,21323.0,21323.0,21321.0,21321.0,2
TMF,202506,2025-04-02 15:19:00,21320.0,21320.0,21320.0,21320.0,5
TMF,202506,2025-04-02 15:20:00,21319.0,21319.0,21319.0,21319.0,2
TMF,202506,2025-04-02 15:25:00,21300.0,21300.0,21290.0,21290.0,3
TMF,202506,2025-04-02 15:27:00,21303.0,21303.0,21303.0,21303.0,1
TMF,202506,2025-04-02 15:34:00,21319.0,21319.0,21319.0,21319.0,1
TMF,202506,2025-04-02 15:35:00,21322.0,21329.0,21322.0,21326.0,4
TMF,202506,2025-04-02 15:37:00,21311.0,21311.0,21303.0,21303.0,4
TMF,202506,2025-04-02 15:39:00,21303.0,21303.0,21301.0,21301.0,2
TMF,202506,2025-04-02 15:45:00,21300.0,21301.0,21300.0,21301.0,2
TMF,202506,2025-04-02 15:46:00,21305.0,21307.0,21305.0,21307.0,2
TMF,202506,2025-04-02 15:55:00,21311.0,21311.0,21311.0,21311.0,1
TMF,202506,2025-04-02 15:56:00,21322.0,21323.0,21322.0,21323.0,3
TMF,202506,2025-04-02 15:57:00,21322.0,21322.0,21321.0,21321.0,2
TMF,202506,2025-04-02 16:01:00,21303.0,21303.0,21300.0,21300.0,3
TMF,202506,2025-04-02 16:02:00,21290.0,21290.0,21289.0,21289.0,2
TMF,202506,2025-04-02 16:03:00,21294.0,21294.0,21294.0,21294.0,1
TMF,202506,2025-04-02 16:05:00,21288.0,21288.0,21286.0,21286.0,3
TMF,202506,2025-04-02 16:07:00,21284.0,21284.0,21284.0,21284.0,1
TMF,202506,2025-04-02 16:08:00,21287.0,21288.0,21287.0,21288.0,3
TMF,202506,2025-04-02 16:09:00,21293.0,21296.0,21293.0,21296.0,3
TMF,202506,2025-04-02 16:10:00,21307.0,21307.0,21307.0,21307.0,1
TMF,202506,2025-04-02 16:14:00,21314.0,21314.0,21314.0,21314.0,1
TMF,202506,2025-04-02 16:15:00,21314.0,21314.0,21314.0,21314.0,1
TMF,202506,2025-04-02 16:17:00,21320.0,21320.0,21320.0,21320.0,1
TMF,202506,2025-04-02 16:22:00,21325.0,21330.0,21325.0,21330.0,5
TMF,202506,2025-04-02 16:28:00,21330.0,21333.0,21330.0,21333.0,6
TMF,202506,2025-04-02 16:30:00,21327.0,21327.0,21327.0,21327.0,1
TMF,202506,2025-04-02 16:31:00,21327.0,21327.0,21327.0,21327.0,1
TMF,202506,2025-04-02 16:32:00,21327.0,21327.0,21327.0,21327.0,1
TMF,202506,2025-04-02 16:36:00,21324.0,21324.0,21324.0,21324.0,2
TMF,202506,2025-04-02 16:38:00,21325.0,21325.0,21325.0,21325.0,1
TMF,202506,2025-04-02 16:42:00,21325.0,21325.0,21325.0,21325.0,1
TMF,202506,2025-04-02 16:50:00,21331.0,21331.0,21331.0,21331.0,1
TMF,202506,2025-04-02 16:52:00,21331.0,21331.0,21325.0,21325.0,2
TMF,202506,2025-04-02 16:54:00,21337.0,21337.0,21337.0,21337.0,1
TMF,202506,2025-04-02 17:05:00,21318.0,21318.0,21318.0,21318.0,1
TMF,202506,2025-04-02 17:10:00,21335.0,21335.0,21335.0,21335.0,3
TMF,202506,2025-04-02 17:11:00,21330.0,21341.0,21330.0,21341.0,2
TMF,202506,2025-04-02 17:14:00,21331.0,21331.0,21331.0,21331.0,1
TMF,202506,2025-04-02 17:16:00,21330.0,21330.0,21330.0,21330.0,3
TMF,202506,2025-04-02 17:26:00,21325.0,21325.0,21325.0,21325.0,3
TMF,202506,2025-04-02 17:31:00,21320.0,21324.0,21320.0,21324.0,4
TMF,202506,2025-04-02 17:36:00,21329.0,21329.0,21329.0,21329.0,1
TMF,202506,2025-04-02 17:37:00,21330.0,21330.0,21330.0,21330.0,1
TMF,202506,2025-04-02 17:47:00,21330.0,21330.0,21327.0,21327.0,7
TMF,202506,2025-04-02 17:50:00,21327.0,21327.0,21327.0,21327.0,1
TMF,202506,2025-04-02 17:51:00,21322.0,21322.0,21322.0,21322.0,1
TMF,202506,2025-04-02 17:52:00,21321.0,21322.0,21321.0,21322.0,3
TMF,202506,2025-04-02 17:53:00,21320.0,21320.0,21320.0,21320.0,1
TMF,202506,2025-04-02 17:56:00,21318.0,21318.0,21318.0,21318.0,1
TMF,202506,2025-04-02 17:57:00,21309.0,21309.0,21308.0,21308.0,2
TMF,202506,2025-04-02 17:58:00,21318.0,21318.0,21318.0,21318.0,1
TMF,202506,2025-04-02 18:02:00,21296.0,21296.0,21290.0,21290.0,4
TMF,202506,2025-04-02 18:03:00,21286.0,21286.0,21280.0,21282.0,11
TMF,202506,2025-04-02 18:05:00,21300.0,21300.0,21300.0,21300.0,2
TMF,202506,2025-04-02 18:06:00,21299.0,21299.0,21292.0,21292.0,2
TMF,202506,2025-04-02 18:07:00,21295.0,21295.0,21295.0,21295.0,1
TMF,202506,2025-04-02 18:08:00,21309.0,21309.0,21309.0,21309.0,1
TMF,202506,2025-04-02 18:09:00,21313.0,21313.0,21313.0,21313.0,1
TMF,202506,2025-04-02 18:11:00,21300.0,21300.0,21300.0,21300.0,1
TMF,202506,2025-04-02 18:12:00,21300.0,21300.0,21300.0,21300.0,1
TMF,202506,2025-04-02 18:15:00,21300.0,21300.0,21300.0,21300.0,1
TMF,202506,2025-04-02 18:18:00,21311.0,21311.0,21311.0,21311.0,1
TMF,202506,2025-04-02 18:25:00,21296.0,21296.0,21296.0,21296.0,1
TMF,202506,2025-04-02 18:28:00,21286.0,21286.0,21286.0,21286.0,1
TMF,202506,2025-04-02 18:32:00,21285.0,21285.0,21283.0,21283.0,2
TMF,202506,2025-04-02 18:33:00,21282.0,21282.0,21280.0,21280.0,4
TMF,202506,2025-04-02 18:34:00,21278.0,21278.0,21278.0,21278.0,1
TMF,202506,2025-04-02 18:36:00,21278.0,21278.0,21275.0,21275.0,7
TMF,202506,2025-04-02 18:37:00,21274.0,21274.0,21274.0,21274.0,1
TMF,202506,2025-04-02 18:38:00,21274.0,21274.0,21274.0,21274.0,1
TMF,202506,2025-04-02 18:41:00,21275.0,21275.0,21275.0,21275.0,1
TMF,202506,2025-04-02 18:42:00,21274.0,21274.0,21274.0,21274.0,100
TMF,202506,2025-04-02 18:45:00,21272.0,21272.0,21272.0,21272.0,1
TMF,202506,2025-04-02 18:46:00,21282.0,21282.0,21282.0,21282.0,2
TMF,202506,2025-04-02 18:47:00,21293.0,21293.0,21293.0,21293.0,1
TMF,202506,2025-04-02 18:55:00,21286.0,21286.0,21280.0,21280.0,3
TMF,202506,2025-04-02 18:56:00,21281.0,21281.0,21281.0,21281.0,1
TMF,202506,2025-04-02 18:57:00,21278.0,21278.0,21278.0,21278.0,1
TMF,202506,2025-04-02 18:58:00,21277.0,21277.0,21271.0,21271.0,2
TMF,202506,2025-04-02 18:59:00,21271.0,21271.0,21266.0,21266.0,7
TMF,202506,2025-04-02 19:04:00,21267.0,21267.0,21267.0,21267.0,2
TMF,202506,2025-04-02 19:05:00,21275.0,21275.0,21275.0,21275.0,1
TMF,202506,2025-04-02 19:13:00,21293.0,21293.0,21293.0,21293.0,1
TMF,202506,2025-04-02 19:22:00,21291.0,21295.0,21291.0,21295.0,3
TMF,202506,2025-04-02 19:26:00,21295.0,21295.0,21295.0,21295.0,1
TMF,202506,2025-04-02 19:30:00,21290.0,21290.0,21285.0,21285.0,2
TMF,202506,2025-04-02 19:34:00,21288.0,21288.0,21288.0,21288.0,1
TMF,202506,2025-04-02 19:36:00,21283.0,21283.0,21283.0,21283.0,1
TMF,202506,2025-04-02 19:47:00,21282.0,21282.0,21282.0,21282.0,1
TMF,202506,2025-04-02 19:57:00,21280.0,21280.0,21280.0,21280.0,1
TMF,202506,2025-04-02 19:58:00,21280.0,21280.0,21280.0,21280.0,1
TMF,202506,2025-04-02 19:59:00,21279.0,21279.0,21279.0,21279.0,2
TMF,202506,2025-04-02 20:02:00,21269.0,21269.0,21265.0,21265.0,5
TMF,202506,2025-04-02 20:03:00,21260.0,21264.0,21256.0,21256.0,4
TMF,202506,2025-04-02 20:04:00,21255.0,21255.0,21255.0,21255.0,2
TMF,202506,2025-04-02 20:05:00,21255.0,21255.0,21251.0,21251.0,3
TMF,202506,2025-04-02 20:06:00,21250.0,21250.0,21250.0,21250.0,7
TMF,202506,2025-04-02 20:07:00,21246.0,21246.0,21237.0,21243.0,4
TMF,202506,2025-04-02 20:08:00,21243.0,21243.0,21235.0,21239.0,3
TMF,202506,2025-04-02 20:09:00,21235.0,21235.0,21235.0,21235.0,1
TMF,202506,2025-04-02 20:10:00,21232.0,21232.0,21232.0,21232.0,1
TMF,202506,2025-04-02 20:14:00,21251.0,21252.0,21251.0,21252.0,5
TMF,202506,2025-04-02 20:15:00,21252.0,21262.0,21252.0,21262.0,3
TMF,202506,2025-04-02 20:16:00,21245.0,21245.0,21241.0,21241.0,3
TMF,202506,2025-04-02 20:17:00,21238.0,21238.0,21238.0,21238.0,1
TMF,202506,2025-04-02 20:19:00,21240.0,21240.0,21240.0,21240.0,2
TMF,202506,2025-04-02 20:20:00,21240.0,21240.0,21237.0,21237.0,2
TMF,202506,2025-04-02 20:21:00,21232.0,21236.0,21229.0,21236.0,10
TMF,202506,2025-04-02 20:22:00,21231.0,21231.0,21231.0,21231.0,1
TMF,202506,2025-04-02 20:23:00,21228.0,21228.0,21227.0,21227.0,8
TMF,202506,2025-04-02 20:24:00,21225.0,21231.0,21222.0,21231.0,12
TMF,202506,2025-04-02 20:26:00,21223.0,21223.0,21223.0,21223.0,1
TMF,202506,2025-04-02 20:27:00,21228.0,21228.0,21222.0,21222.0,2
TMF,202506,2025-04-02 20:29:00,21218.0,21218.0,21218.0,21218.0,1
TMF,202506,2025-04-02 20:30:00,21222.0,21222.0,21215.0,21215.0,3
TMF,202506,2025-04-02 20:31:00,21222.0,21222.0,21222.0,21222.0,2
TMF,202506,2025-04-02 20:33:00,21227.0,21227.0,21223.0,21223.0,2
TMF,202506,2025-04-02 20:35:00,21220.0,21226.0,21220.0,21226.0,4
TMF,202506,2025-04-02 20:36:00,21228.0,21228.0,21228.0,21228.0,1
TMF,202506,2025-04-02 20:37:00,21228.0,21228.0,21224.0,21224.0,3
TMF,202506,2025-04-02 20:38:00,21231.0,21231.0,21231.0,21231.0,1
TMF,202506,2025-04-02 20:44:00,21230.0,21230.0,21230.0,21230.0,1
TMF,202506,2025-04-02 20:48:00,21238.0,21238.0,21238.0,21238.0,2
TMF,202506,2025-04-02 20:49:00,21251.0,21251.0,21250.0,21250.0,7
TMF,202506,2025-04-02 20:51:00,21240.0,21240.0,21240.0,21240.0,1
TMF,202506,2025-04-02 20:52:00,21241.0,21241.0,21241.0,21241.0,2
TMF,202506,2025-04-02 20:58:00,21260.0,21260.0,21259.0,21259.0,6
TMF,202506,2025-04-02 21:00:00,21246.0,21246.0,21246.0,21246.0,1
TMF,202506,2025-04-02 21:01:00,21246.0,21246.0,21246.0,21246.0,1
TMF,202506,2025-04-02 21:02:00,21247.0,21247.0,21247.0,21247.0,1
TMF,202506,2025-04-02 21:06:00,21241.0,21241.0,21236.0,21236.0,8
TMF,202506,2025-04-02 21:12:00,21243.0,21243.0,21236.0,21236.0,5
TMF,202506,2025-04-02 21:13:00,21233.0,21233.0,21230.0,21230.0,2
TMF,202506,2025-04-02 21:14:00,21230.0,21230.0,21230.0,21230.0,1
TMF,202506,2025-04-02 21:17:00,21233.0,21233.0,21233.0,21233.0,1
TMF,202506,2025-04-02 21:22:00,21233.0,21233.0,21230.0,21230.0,2
TMF,202506,2025-04-02 21:24:00,21226.0,21226.0,21226.0,21226.0,1
TMF,202506,2025-04-02 21:25:00,21220.0,21220.0,21220.0,21220.0,1
TMF,202506,2025-04-02 21:28:00,21220.0,21220.0,21218.0,21218.0,3
TMF,202506,2025-04-02 21:30:00,21220.0,21230.0,21212.0,21212.0,7
TMF,202506,2025-04-02 21:31:00,21201.0,21201.0,21198.0,21198.0,5
TMF,202506,2025-04-02 21:32:00,21223.0,21223.0,21223.0,21223.0,1
TMF,202506,2025-04-02 21:33:00,21235.0,21235.0,21235.0,21235.0,1
TMF,202506,2025-04-02 21:34:00,21245.0,21264.0,21240.0,21262.0,19
TMF,202506,2025-04-02 21:35:00,21260.0,21270.0,21260.0,21270.0,2
TMF,202506,2025-04-02 21:36:00,21272.0,21299.0,21272.0,21296.0,18
TMF,202506,2025-04-02 21:37:00,21296.0,21309.0,21296.0,21300.0,15
TMF,202506,2025-04-02 21:38:00,21311.0,21311.0,21294.0,21294.0,5
TMF,202506,2025-04-02 21:39:00,21295.0,21295.0,21280.0,21280.0,2
TMF,202506,2025-04-02 21:40:00,21280.0,21298.0,21280.0,21298.0,7
TMF,202506,2025-04-02 21:41:00,21300.0,21300.0,21300.0,21300.0,1
TMF,202506,2025-04-02 21:42:00,21285.0,21285.0,21285.0,21285.0,1
TMF,202506,2025-04-02 21:43:00,21285.0,21285.0,21285.0,21285.0,1
TMF,202506,2025-04-02 21:44:00,21293.0,21293.0,21293.0,21293.0,1
TMF,202506,2025-04-02 21:45:00,21306.0,21344.0,21306.0,21344.0,22
TMF,202506,2025-04-02 21:46:00,21350.0,21361.0,21343.0,21343.0,20
TMF,202506,2025-04-02 21:47:00,21347.0,21347.0,21333.0,21335.0,5
TMF,202506,2025-04-02 21:48:00,21331.0,21340.0,21330.0,21337.0,7
TMF,202506,2025-04-02 21:49:00,21350.0,21350.0,21345.0,21345.0,3
TMF,202506,2025-04-02 21:50:00,21355.0,21355.0,21345.0,21345.0,11
TMF,202506,2025-04-02 21:51:00,21350.0,21354.0,21350.0,21350.0,4
TMF,202506,2025-04-02 21:52:00,21355.0,21368.0,21355.0,21359.0,13
TMF,202506,2025-04-02 21:54:00,21349.0,21350.0,21349.0,21350.0,2
TMF,202506,2025-04-02 21:56:00,21336.0,21336.0,21331.0,21331.0,2
TMF,202506,2025-04-02 21:59:00,21328.0,21328.0,21328.0,21328.0,1
TMF,202506,2025-04-02 22:00:00,21326.0,21338.0,21326.0,21338.0,5
TMF,202506,2025-04-02 22:01:00,21345.0,21350.0,21341.0,21350.0,8
TMF,202506,2025-04-02 22:02:00,21357.0,21379.0,21357.0,21375.0,14
TMF,202506,2025-04-02 22:03:00,21378.0,21398.0,21378.0,21398.0,32
TMF,202506,2025-04-02 22:04:00,21393.0,21410.0,21393.0,21409.0,36
TMF,202506,2025-04-02 22:05:00,21400.0,21400.0,21400.0,21400.0,3
TMF,202506,2025-04-02 22:06:00,21400.0,21409.0,21396.0,21396.0,23
TMF,202506,2025-04-02 22:07:00,21395.0,21395.0,21383.0,21385.0,7
TMF,202506,2025-04-02 22:08:00,21380.0,21380.0,21366.0,21366.0,3
TMF,202506,2025-04-02 22:09:00,21366.0,21366.0,21352.0,21360.0,5
TMF,202506,2025-04-02 22:10:00,21360.0,21360.0,21350.0,21350.0,4
TMF,202506,2025-04-02 22:11:00,21335.0,21335.0,21333.0,21333.0,3
TMF,202506,2025-04-02 22:12:00,21344.0,21355.0,21344.0,21355.0,6
TMF,202506,2025-04-02 22:13:00,21368.0,21368.0,21358.0,21358.0,3
TMF,202506,2025-04-02 22:14:00,21355.0,21355.0,21350.0,21350.0,3
TMF,202506,2025-04-02 22:15:00,21346.0,21347.0,21346.0,21347.0,3
TMF,202506,2025-04-02 22:19:00,21368.0,21368.0,21368.0,21368.0,1
TMF,202506,2025-04-02 22:20:00,21378.0,21378.0,21378.0,21378.0,1
TMF,202506,2025-04-02 22:21:00,21379.0,21379.0,21379.0,21379.0,1
TMF,202506,2025-04-02 22:22:00,21370.0,21370.0,21370.0,21370.0,2
TMF,202506,2025-04-02 22:23:00,21370.0,21381.0,21370.0,21381.0,4
TMF,202506,2025-04-02 22:24:00,21384.0,21384.0,21384.0,21384.0,1
TMF,202506,2025-04-02 22:25:00,21385.0,21385.0,21385.0,21385.0,5
TMF,202506,2025-04-02 22:27:00,21375.0,21375.0,21375.0,21375.0,1
TMF,202506,2025-04-02 22:28:00,21378.0,21378.0,21378.0,21378.0,1
TMF,202506,2025-04-02 22:29:00,21387.0,21398.0,21387.0,21397.0,6
TMF,202506,2025-04-02 22:30:00,21393.0,21393.0,21387.0,21387.0,3
TMF,202506,2025-04-02 22:31:00,21390.0,21390.0,21388.0,21388.0,3
TMF,202506,2025-04-02 22:32:00,21395.0,21400.0,21395.0,21400.0,19
TMF,202506,2025-04-02 22:33:00,21400.0,21400.0,21398.0,21398.0,5
TMF,202506,2025-04-02 22:34:00,21395.0,21397.0,21395.0,21397.0,2
TMF,202506,2025-04-02 22:36:00,21380.0,21380.0,21380.0,21380.0,1
TMF,202506,2025-04-02 22:37:00,21378.0,21378.0,21377.0,21377.0,2
TMF,202506,2025-04-02 22:38:00,21377.0,21377.0,21377.0,21377.0,1
TMF,202506,2025-04-02 22:39:00,21380.0,21385.0,21380.0,21385.0,3
TMF,202506,2025-04-02 22:41:00,21385.0,21399.0,21385.0,21399.0,3
TMF,202506,2025-04-02 22:42:00,21391.0,21391.0,21391.0,21391.0,1
TMF,202506,2025-04-02 22:43:00,21380.0,21380.0,21378.0,21378.0,2
TMF,202506,2025-04-02 22:44:00,21377.0,21377.0,21375.0,21375.0,2
TMF,202506,2025-04-02 22:47:00,21400.0,21400.0,21400.0,21400.0,2
TMF,202506,2025-04-02 22:48:00,21383.0,21383.0,21383.0,21383.0,1
TMF,202506,2025-04-02 22:50:00,21391.0,21391.0,21391.0,21391.0,1
TMF,202506,2025-04-02 22:51:00,21400.0,21406.0,21400.0,21406.0,17
TMF,202506,2025-04-02 22:55:00,21395.0,21395.0,21395.0,21395.0,1
TMF,202506,2025-04-02 22:56:00,21395.0,21403.0,21395.0,21403.0,4
TMF,202506,2025-04-02 22:57:00,21407.0,21420.0,21407.0,21420.0,19
TMF,202506,2025-04-02 22:58:00,21423.0,21430.0,21423.0,21430.0,12
TMF,202506,2025-04-02 22:59:00,21425.0,21425.0,21425.0,21425.0,1
TMF,202506,2025-04-02 23:00:00,21432.0,21434.0,21405.0,21405.0,4
TMF,202506,2025-04-02 23:01:00,21415.0,21415.0,21415.0,21415.0,1
TMF,202506,2025-04-02 23:03:00,21405.0,21416.0,21405.0,21416.0,8
TMF,202506,2025-04-02 23:06:00,21430.0,21432.0,21418.0,21418.0,8
TMF,202506,2025-04-02 23:07:00,21428.0,21432.0,21427.0,21432.0,3
TMF,202506,2025-04-02 23:08:00,21433.0,21433.0,21433.0,21433.0,1
TMF,202506,2025-04-02 23:09:00,21432.0,21432.0,21432.0,21432.0,1
TMF,202506,2025-04-02 23:11:00,21432.0,21432.0,21413.0,21413.0,6
TMF,202506,2025-04-02 23:12:00,21413.0,21413.0,21410.0,21410.0,4
TMF,202506,2025-04-02 23:15:00,21404.0,21404.0,21404.0,21404.0,1
TMF,202506,2025-04-02 23:16:00,21395.0,21395.0,21395.0,21395.0,1
TMF,202506,2025-04-02 23:17:00,21404.0,21404.0,21404.0,21404.0,5
TMF,202506,2025-04-02 23:18:00,21404.0,21410.0,21404.0,21410.0,4
TMF,202506,2025-04-02 23:19:00,21424.0,21425.0,21424.0,21425.0,2
TMF,202506,2025-04-02 23:20:00,21430.0,21440.0,21430.0,21440.0,7
TMF,202506,2025-04-02 23:21:00,21444.0,21447.0,21444.0,21447.0,6
TMF,202506,2025-04-02 23:22:00,21444.0,21444.0,21444.0,21444.0,2
TMF,202506,2025-04-02 23:23:00,21450.0,21450.0,21450.0,21450.0,5
TMF,202506,2025-04-02 23:24:00,21455.0,21460.0,21455.0,21460.0,4
TMF,202506,2025-04-02 23:25:00,21460.0,21468.0,21460.0,21465.0,11
TMF,202506,2025-04-02 23:26:00,21465.0,21479.0,21465.0,21479.0,5
TMF,202506,2025-04-02 23:27:00,21474.0,21474.0,21474.0,21474.0,1
TMF,202506,2025-04-02 23:28:00,21474.0,21478.0,21464.0,21464.0,13
TMF,202506,2025-04-02 23:29:00,21464.0,21471.0,21464.0,21471.0,11
TMF,202506,2025-04-02 23:30:00,21473.0,21473.0,21473.0,21473.0,1
TMF,202506,2025-04-02 23:31:00,21470.0,21470.0,21470.0,21470.0,1
TMF,202506,2025-04-02 23:32:00,21470.0,21473.0,21470.0,21473.0,10
TMF,202506,2025-04-02 23:33:00,21473.0,21473.0,21473.0,21473.0,10
TMF,202506,2025-04-02 23:34:00,21473.0,21475.0,21473.0,21475.0,3
TMF,202506,2025-04-02 23:35:00,21470.0,21470.0,21463.0,21463.0,2
TMF,202506,2025-04-02 23:36:00,21462.0,21475.0,21462.0,21475.0,3
TMF,202506,2025-04-02 23:37:00,21473.0,21473.0,21473.0,21473.0,1
TMF,202506,2025-04-02 23:38:00,21473.0,21473.0,21473.0,21473.0,1
TMF,202506,2025-04-02 23:40:00,21475.0,21475.0,21475.0,21475.0,3
TMF,202506,2025-04-02 23:41:00,21468.0,21468.0,21467.0,21467.0,6
TMF,202506,2025-04-02 23:44:00,21467.0,21467.0,21460.0,21460.0,4
TMF,202506,2025-04-02 23:45:00,21460.0,21460.0,21455.0,21460.0,3
TMF,202506,2025-04-02 23:47:00,21450.0,21450.0,21450.0,21450.0,4
TMF,202506,2025-04-02 23:48:00,21449.0,21451.0,21449.0,21451.0,3
TMF,202506,2025-04-02 23:49:00,21451.0,21451.0,21442.0,21442.0,3
TMF,202506,2025-04-02 23:50:00,21442.0,21442.0,21439.0,21439.0,6
TMF,202506,2025-04-02 23:51:00,21438.0,21438.0,21426.0,21430.0,3
TMF,202506,2025-04-02 23:52:00,21430.0,21443.0,21430.0,21443.0,2
TMF,202506,2025-04-02 23:53:00,21448.0,21448.0,21448.0,21448.0,1
TMF,202506,2025-04-02 23:54:00,21447.0,21450.0,21447.0,21450.0,2
TMF,202506,2025-04-02 23:55:00,21455.0,21460.0,21455.0,21460.0,2
TMF,202506,2025-04-02 23:58:00,21460.0,21464.0,21460.0,21464.0,5
TMF,202506,2025-04-02 23:59:00,21464.0,21464.0,21462.0,21462.0,3
TMF,202506,2025-04-03 00:01:00,21458.0,21458.0,21458.0,21458.0,1
TMF,202506,2025-04-03 00:04:00,21450.0,21450.0,21450.0,21450.0,1
TMF,202506,2025-04-03 00:05:00,21456.0,21456.0,21456.0,21456.0,1
TMF,202506,2025-04-03 00:06:00,21456.0,21456.0,21456.0,21456.0,1
TMF,202506,2025-04-03 00:08:00,21456.0,21456.0,21456.0,21456.0,2
TMF,202506,2025-04-03 00:10:00,21463.0,21470.0,21463.0,21470.0,5
TMF,202506,2025-04-03 00:11:00,21475.0,21477.0,21475.0,21477.0,4
TMF,202506,2025-04-03 00:12:00,21479.0,21495.0,21479.0,21495.0,24
TMF,202506,2025-04-03 00:13:00,21489.0,21489.0,21489.0,21489.0,3
TMF,202506,2025-04-03 00:14:00,21490.0,21490.0,21490.0,21490.0,3
TMF,202506,2025-04-03 00:15:00,21493.0,21494.0,21491.0,21494.0,6
TMF,202506,2025-04-03 00:16:00,21499.0,21499.0,21498.0,21498.0,2
TMF,202506,2025-04-03 00:17:00,21492.0,21494.0,21492.0,21494.0,6
TMF,202506,2025-04-03 00:18:00,21500.0,21500.0,21499.0,21499.0,28
TMF,202506,2025-04-03 00:20:00,21499.0,21500.0,21499.0,21500.0,3
TMF,202506,2025-04-03 00:21:00,21500.0,21500.0,21500.0,21500.0,9
TMF,202506,2025-04-03 00:22:00,21503.0,21505.0,21503.0,21505.0,4
TMF,202506,2025-04-03 00:24:00,21505.0,21505.0,21505.0,21505.0,2
TMF,202506,2025-04-03 00:25:00,21510.0,21510.0,21510.0,21510.0,1
TMF,202506,2025-04-03 00:27:00,21505.0,21509.0,21505.0,21509.0,2
TMF,202506,2025-04-03 00:28:00,21510.0,21510.0,21508.0,21508.0,4
TMF,202506,2025-04-03 00:29:00,21508.0,21520.0,21508.0,21520.0,27
TMF,202506,2025-04-03 00:30:00,21520.0,21520.0,21514.0,21514.0,3
TMF,202506,2025-04-03 00:31:00,21522.0,21522.0,21522.0,21522.0,1
TMF,202506,2025-04-03 00:32:00,21522.0,21522.0,21522.0,21522.0,2
TMF,202506,2025-04-03 00:33:00,21522.0,21524.0,21522.0,21524.0,3
TMF,202506,2025-04-03 00:34:00,21525.0,21525.0,21525.0,21525.0,1
TMF,202506,2025-04-03 00:35:00,21524.0,21524.0,21524.0,21524.0,1
TMF,202506,2025-04-03 00:36:00,21515.0,21515.0,21514.0,21514.0,3
TMF,202506,2025-04-03 00:37:00,21500.0,21500.0,21500.0,21500.0,1
TMF,202506,2025-04-03 00:38:00,21500.0,21505.0,21500.0,21505.0,4
TMF,202506,2025-04-03 00:39:00,21505.0,21505.0,21505.0,21505.0,2
TMF,202506,2025-04-03 00:40:00,21507.0,21510.0,21506.0,21510.0,11
TMF,202506,2025-04-03 00:44:00,21510.0,21514.0,21510.0,21514.0,3
TMF,202506,2025-04-03 00:45:00,21515.0,21522.0,21515.0,21522.0,2
TMF,202506,2025-04-03 00:49:00,21518.0,21530.0,21518.0,21530.0,7
TMF,202506,2025-04-03 00:50:00,21526.0,21530.0,21526.0,21530.0,3
TMF,202506,2025-04-03 00:51:00,21525.0,21530.0,21525.0,21530.0,2
TMF,202506,2025-04-03 00:52:00,21534.0,21534.0,21534.0,21534.0,1
TMF,202506,2025-04-03 00:53:00,21517.0,21517.0,21517.0,21517.0,1
TMF,202506,2025-04-03 00:54:00,21517.0,21517.0,21517.0,21517.0,1
TMF,202506,2025-04-03 00:56:00,21518.0,21518.0,21518.0,21518.0,2
TMF,202506,2025-04-03 01:00:00,21522.0,21523.0,21522.0,21523.0,2
TMF,202506,2025-04-03 01:01:00,21530.0,21534.0,21524.0,21524.0,5
TMF,202506,2025-04-03 01:03:00,21534.0,21534.0,21534.0,21534.0,2
TMF,202506,2025-04-03 01:04:00,21537.0,21538.0,21537.0,21538.0,5
TMF,202506,2025-04-03 01:05:00,21535.0,21535.0,21535.0,21535.0,1
TMF,202506,2025-04-03 01:07:00,21537.0,21538.0,21536.0,21537.0,4
TMF,202506,2025-04-03 01:09:00,21542.0,21542.0,21542.0,21542.0,1
TMF,202506,2025-04-03 01:10:00,21539.0,21549.0,21539.0,21549.0,3
TMF,202506,2025-04-03 01:11:00,21549.0,21550.0,21549.0,21550.0,17
TMF,202506,2025-04-03 01:12:00,21555.0,21560.0,21555.0,21559.0,14
TMF,202506,2025-04-03 01:13:00,21560.0,21561.0,21560.0,21561.0,2
TMF,202506,2025-04-03 01:14:00,21553.0,21553.0,21552.0,21552.0,3
TMF,202506,2025-04-03 01:15:00,21561.0,21561.0,21554.0,21554.0,3
TMF,202506,2025-04-03 01:17:00,21558.0,21558.0,21558.0,21558.0,1
TMF,202506,2025-04-03 01:18:00,21550.0,21550.0,21550.0,21550.0,1
TMF,202506,2025-04-03 01:21:00,21546.0,21546.0,21545.0,21545.0,3
TMF,202506,2025-04-03 01:22:00,21528.0,21528.0,21528.0,21528.0,1
TMF,202506,2025-04-03 01:23:00,21532.0,21532.0,21532.0,21532.0,2
TMF,202506,2025-04-03 01:27:00,21532.0,21532.0,21524.0,21524.0,3
TMF,202506,2025-04-03 01:28:00,21527.0,21531.0,21527.0,21531.0,3
TMF,202506,2025-04-03 01:31:00,21506.0,21508.0,21506.0,21508.0,3
TMF,202506,2025-04-03 01:32:00,21505.0,21506.0,21503.0,21503.0,3
TMF,202506,2025-04-03 01:33:00,21503.0,21503.0,21498.0,21500.0,10
TMF,202506,2025-04-03 01:35:00,21500.0,21500.0,21500.0,21500.0,3
TMF,202506,2025-04-03 01:36:00,21492.0,21494.0,21491.0,21491.0,3
TMF,202506,2025-04-03 01:37:00,21490.0,21491.0,21470.0,21470.0,10
TMF,202506,2025-04-03 01:39:00,21470.0,21470.0,21458.0,21458.0,4
TMF,202506,2025-04-03 01:40:00,21463.0,21463.0,21463.0,21463.0,1
TMF,202506,2025-04-03 01:41:00,21470.0,21470.0,21470.0,21470.0,1
TMF,202506,2025-04-03 01:42:00,21455.0,21460.0,21455.0,21460.0,2
TMF,202506,2025-04-03 01:44:00,21460.0,21460.0,21460.0,21460.0,1
TMF,202506,2025-04-03 01:45:00,21450.0,21450.0,21450.0,21450.0,2
TMF,202506,2025-04-03 01:46:00,21450.0,21450.0,21444.0,21444.0,3
TMF,202506,2025-04-03 01:47:00,21443.0,21450.0,21442.0,21450.0,5
TMF,202506,2025-04-03 01:48:00,21455.0,21455.0,21430.0,21430.0,26
TMF,202506,2025-04-03 01:49:00,21430.0,21430.0,21429.0,21429.0,2
TMF,202506,2025-04-03 01:50:00,21430.0,21432.0,21430.0,21432.0,7
TMF,202506,2025-04-03 01:52:00,21443.0,21443.0,21420.0,21420.0,21
TMF,202506,2025-04-03 01:54:00,21444.0,21447.0,21444.0,21447.0,2
TMF,202506,2025-04-03 01:55:00,21453.0,21453.0,21453.0,21453.0,3
TMF,202506,2025-04-03 01:56:00,21449.0,21449.0,21445.0,21445.0,2
TMF,202506,2025-04-03 01:57:00,21444.0,21444.0,21432.0,21432.0,2
TMF,202506,2025-04-03 01:59:00,21436.0,21436.0,21436.0,21436.0,1
TMF,202506,2025-04-03 02:01:00,21424.0,21424.0,21422.0,21422.0,4
TMF,202506,2025-04-03 02:02:00,21425.0,21425.0,21425.0,21425.0,1
TMF,202506,2025-04-03 02:04:00,21430.0,21430.0,21430.0,21430.0,1
TMF,202506,2025-04-03 02:05:00,21420.0,21420.0,21382.0,21382.0,34
TMF,202506,2025-04-03 02:06:00,21382.0,21390.0,21378.0,21390.0,11
TMF,202506,2025-04-03 02:07:00,21385.0,21390.0,21383.0,21390.0,4
TMF,202506,2025-04-03 02:08:00,21401.0,21401.0,21396.0,21396.0,5
TMF,202506,2025-04-03 02:09:00,21394.0,21394.0,21390.0,21390.0,2
TMF,202506,2025-04-03 02:10:00,21382.0,21382.0,21382.0,21382.0,1
TMF,202506,2025-04-03 02:13:00,21385.0,21407.0,21385.0,21407.0,3
TMF,202506,2025-04-03 02:14:00,21387.0,21387.0,21387.0,21387.0,3
TMF,202506,2025-04-03 02:15:00,21393.0,21393.0,21393.0,21393.0,1
TMF,202506,2025-04-03 02:16:00,21395.0,21395.0,21385.0,21385.0,4
TMF,202506,2025-04-03 02:17:00,21387.0,21387.0,21387.0,21387.0,1
TMF,202506,2025-04-03 02:19:00,21385.0,21385.0,21385.0,21385.0,1
TMF,202506,2025-04-03 02:23:00,21385.0,21390.0,21385.0,21385.0,6
TMF,202506,2025-04-03 02:24:00,21381.0,21381.0,21373.0,21373.0,4
TMF,202506,2025-04-03 02:25:00,21370.0,21370.0,21360.0,21361.0,5
TMF,202506,2025-04-03 02:26:00,21382.0,21387.0,21382.0,21387.0,4
TMF,202506,2025-04-03 02:28:00,21360.0,21360.0,21360.0,21360.0,1
TMF,202506,2025-04-03 02:29:00,21360.0,21360.0,21354.0,21354.0,4
TMF,202506,2025-04-03 02:30:00,21350.0,21353.0,21350.0,21353.0,7
TMF,202506,2025-04-03 02:32:00,21355.0,21355.0,21355.0,21355.0,1
TMF,202506,2025-04-03 02:33:00,21355.0,21355.0,21355.0,21355.0,1
TMF,202506,2025-04-03 02:38:00,21399.0,21400.0,21399.0,21400.0,2
TMF,202506,2025-04-03 02:39:00,21404.0,21415.0,21404.0,21415.0,2
TMF,202506,2025-04-03 02:47:00,21396.0,21396.0,21396.0,21396.0,6
TMF,202506,2025-04-03 02:49:00,21382.0,21382.0,21382.0,21382.0,1
TMF,202506,2025-04-03 02:55:00,21380.0,21380.0,21380.0,21380.0,1
TMF,202506,2025-04-03 02:59:00,21360.0,21360.0,21353.0,21353.0,5
TMF,202506,2025-04-03 03:02:00,21382.0,21383.0,21382.0,21383.0,2
TMF,202506,2025-04-03 03:07:00,21383.0,21383.0,21383.0,21383.0,1
TMF,202506,2025-04-03 03:15:00,21372.0,21372.0,21372.0,21372.0,1
TMF,202506,2025-04-03 03:29:00,21410.0,21410.0,21410.0,21410.0,1
TMF,202506,2025-04-03 03:30:00,21410.0,21410.0,21410.0,21410.0,2
TMF,202506,2025-04-03 03:31:00,21405.0,21405.0,21405.0,21405.0,1
TMF,202506,2025-04-03 03:33:00,21412.0,21420.0,21412.0,21420.0,3
TMF,202506,2025-04-03 03:34:00,21435.0,21435.0,21435.0,21435.0,1
TMF,202506,2025-04-03 03:35:00,21435.0,21435.0,21435.0,21435.0,4
TMF,202506,2025-04-03 03:38:00,21435.0,21435.0,21435.0,21435.0,1
TMF,202506,2025-04-03 03:40:00,21443.0,21444.0,21443.0,21444.0,2
TMF,202506,2025-04-03 03:42:00,21450.0,21450.0,21450.0,21450.0,1
TMF,202506,2025-04-03 03:44:00,21469.0,21475.0,21469.0,21475.0,3
TMF,202506,2025-04-03 03:46:00,21480.0,21500.0,21480.0,21500.0,6
TMF,202506,2025-04-03 03:47:00,21496.0,21496.0,21488.0,21488.0,3
TMF,202506,2025-04-03 03:48:00,21500.0,21500.0,21500.0,21500.0,1
TMF,202506,2025-04-03 03:50:00,21474.0,21474.0,21474.0,21474.0,1
TMF,202506,2025-04-03 03:51:00,21475.0,21475.0,21475.0,21475.0,1
TMF,202506,2025-04-03 03:53:00,21479.0,21479.0,21479.0,21479.0,1
TMF,202506,2025-04-03 04:01:00,21474.0,21474.0,21456.0,21456.0,2
TMF,202506,2025-04-03 04:07:00,21448.0,21448.0,21448.0,21448.0,1
TMF,202506,2025-04-03 04:08:00,21446.0,21446.0,21426.0,21426.0,23
TMF,202506,2025-04-03 04:11:00,21426.0,21426.0,21420.0,21420.0,11
TMF,202506,2025-04-03 04:12:00,21420.0,21420.0,21420.0,21420.0,1
TMF,202506,2025-04-03 04:13:00,21500.0,21530.0,21500.0,21530.0,8
TMF,202506,2025-04-03 04:14:00,21549.0,21573.0,21548.0,21573.0,27
TMF,202506,2025-04-03 04:15:00,21573.0,21578.0,21572.0,21578.0,6
TMF,202506,2025-04-03 04:16:00,21575.0,21599.0,21574.0,21599.0,24
TMF,202506,2025-04-03 04:17:00,21600.0,21610.0,21574.0,21610.0,55
TMF,202506,2025-04-03 04:18:00,21613.0,21614.0,21500.0,21500.0,6
TMF,202506,2025-04-03 04:24:00,21540.0,21540.0,21540.0,21540.0,1
TMF,202506,2025-04-03 04:25:00,21533.0,21533.0,21533.0,21533.0,1
TMF,202506,2025-04-03 04:27:00,21502.0,21502.0,21420.0,21420.0,84
TMF,202506,2025-04-03 04:28:00,21410.0,21410.0,21330.0,21333.0,76
TMF,202506,2025-04-03 04:29:00,21331.0,21540.0,21330.0,21338.0,6
TMF,202506,2025-04-03 04:30:00,21333.0,21335.0,21332.0,21332.0,5
TMF,202506,2025-04-03 04:31:00,21330.0,21330.0,21327.0,21329.0,12
TMF,202506,2025-04-03 04:32:00,21329.0,21329.0,21322.0,21322.0,13
TMF,202506,2025-04-03 04:33:00,21317.0,21500.0,21306.0,21500.0,6
TMF,202506,2025-04-03 04:34:00,21308.0,21309.0,21308.0,21309.0,2
TMF,202506,2025-04-03 04:35:00,21308.0,21308.0,21304.0,21304.0,3
TMF,202506,2025-04-03 04:36:00,21304.0,21304.0,21304.0,21304.0,13
TMF,202506,2025-04-03 04:37:00,21304.0,21304.0,21304.0,21304.0,12
TMF,202506,2025-04-03 04:38:00,21304.0,21304.0,21304.0,21304.0,12
TMF,202506,2025-04-03 04:39:00,21304.0,21314.0,21304.0,21314.0,9
TMF,202506,2025-04-03 04:40:00,21304.0,21310.0,21303.0,21303.0,6
TMF,202506,2025-04-03 04:41:00,21303.0,21303.0,21299.0,21299.0,15
TMF,202506,2025-04-03 04:42:00,21290.0,21290.0,21283.0,21283.0,2
TMF,202506,2025-04-03 04:43:00,21280.0,21300.0,21250.0,21250.0,7
TMF,202506,2025-04-03 04:44:00,21250.0,21250.0,21220.0,21220.0,6
TMF,202506,2025-04-03 04:45:00,21211.0,21211.0,21200.0,21200.0,9
TMF,202506,2025-04-03 04:46:00,21208.0,21208.0,21188.0,21188.0,7
TMF,202506,2025-04-03 04:47:00,21185.0,21190.0,21180.0,21180.0,8
TMF,202506,2025-04-03 04:48:00,21180.0,21180.0,21149.0,21149.0,6
TMF,202506,2025-04-03 04:49:00,21150.0,21150.0,21120.0,21120.0,9
TMF,202506,2025-04-03 04:50:00,21115.0,21115.0,21111.0,21111.0,5
TMF,202506,2025-04-03 04:51:00,21110.0,21110.0,21100.0,21100.0,11
TMF,202506,2025-04-03 04:52:00,21091.0,21091.0,21090.0,21090.0,4
TMF,202506,2025-04-03 04:54:00,21090.0,21091.0,21082.0,21082.0,7
TMF,202506,2025-04-03 04:55:00,21081.0,21082.0,21080.0,21080.0,11
TMF,202506,2025-04-03 04:56:00,21080.0,21082.0,21080.0,21080.0,15
TMF,202506,2025-04-03 04:57:00,21080.0,21082.0,21080.0,21080.0,13
TMF,202506,2025-04-03 04:58:00,21082.0,21082.0,21080.0,21080.0,6
TMF,202506,2025-04-03 04:59:00,21080.0,21080.0,21075.0,21080.0,11
TMF,202509,2025-04-02 15:03:00,21058.0,21058.0,21058.0,21058.0,1
TMF,202509,2025-04-02 15:11:00,21037.0,21037.0,21037.0,21037.0,1
TMF,202509,2025-04-02 15:13:00,21038.0,21038.0,21038.0,21038.0,1
TMF,202509,2025-04-02 15:14:00,21028.0,21028.0,21028.0,21028.0,1
TMF,202509,2025-04-02 15:18:00,21045.0,21045.0,21045.0,21045.0,1
TMF,202509,2025-04-02 15:20:00,21048.0,21049.0,21048.0,21049.0,2
TMF,202509,2025-04-02 15:24:00,21040.0,21040.0,21040.0,21040.0,1
TMF,202509,2025-04-02 15:25:00,21032.0,21032.0,21032.0,21032.0,1
TMF,202509,2025-04-02 15:33:00,21041.0,21041.0,21041.0,21041.0,1
TMF,202509,2025-04-02 15:45:00,21038.0,21038.0,21038.0,21038.0,1
TMF,202509,2025-04-02 16:01:00,21038.0,21038.0,21038.0,21038.0,1
TMF,202509,2025-04-02 16:13:00,21050.0,21050.0,21050.0,21050.0,1
TMF,202509,2025-04-02 16:22:00,21053.0,21060.0,21053.0,21059.0,3
TMF,202509,2025-04-02 16:28:00,21064.0,21064.0,21064.0,21064.0,1
TMF,202509,2025-04-02 16:49:00,21062.0,21062.0,21062.0,21062.0,1
TMF,202509,2025-04-02 16:52:00,21062.0,21062.0,21062.0,21062.0,2
TMF,202509,2025-04-02 16:55:00,21055.0,21055.0,21055.0,21055.0,1
TMF,202509,2025-04-02 16:59:00,21055.0,21055.0,21055.0,21055.0,1
TMF,202509,2025-04-02 17:09:00,21065.0,21065.0,21065.0,21065.0,1
TMF,202509,2025-04-02 17:10:00,21065.0,21065.0,21060.0,21060.0,2
TMF,202509,2025-04-02 17:26:00,21055.0,21055.0,21055.0,21055.0,1
TMF,202509,2025-04-02 17:47:00,21056.0,21056.0,21056.0,21056.0,1
TMF,202509,2025-04-02 17:48:00,21055.0,21055.0,21055.0,21055.0,1
TMF,202509,2025-04-02 17:53:00,21048.0,21048.0,21048.0,21048.0,1
TMF,202509,2025-04-02 17:56:00,21047.0,21047.0,21047.0,21047.0,1
TMF,202509,2025-04-02 18:38:00,21011.0,21014.0,21011.0,21014.0,2
TMF,202509,2025-04-02 18:39:00,21011.0,21011.0,21011.0,21011.0,2
TMF,202509,2025-04-02 18:41:00,21006.0,21006.0,21006.0,21006.0,1
TMF,202509,2025-04-02 18:48:00,21026.0,21026.0,21026.0,21026.0,1
TMF,202509,2025-04-02 19:00:00,21008.0,21008.0,21008.0,21008.0,1
TMF,202509,2025-04-02 19:02:00,21001.0,21001.0,21001.0,21001.0,2
TMF,202509,2025-04-02 19:03:00,21000.0,21000.0,21000.0,21000.0,1
TMF,202509,2025-04-02 19:25:00,21013.0,21013.0,21013.0,21013.0,3
TMF,202509,2025-04-02 19:59:00,21006.0,21006.0,21006.0,21006.0,1
TMF,202509,2025-04-02 20:01:00,21002.0,21002.0,21002.0,21002.0,1
TMF,202509,2025-04-02 20:02:00,21000.0,21000.0,21000.0,21000.0,4
TMF,202509,2025-04-02 20:03:00,20987.0,20987.0,20987.0,20987.0,2
TMF,202509,2025-04-02 20:07:00,20978.0,20978.0,20970.0,20970.0,2
TMF,202509,2025-04-02 20:15:00,20986.0,20986.0,20986.0,20986.0,1
TMF,202509,2025-04-02 20:16:00,20980.0,20980.0,20970.0,20970.0,4
TMF,202509,2025-04-02 20:21:00,20960.0,20960.0,20959.0,20959.0,3
TMF,202509,2025-04-02 20:24:00,20961.0,20961.0,20961.0,20961.0,1
TMF,202509,2025-04-02 20:26:00,20960.0,20960.0,20960.0,20960.0,1
TMF,202509,2025-04-02 20:27:00,20955.0,20955.0,20952.0,20952.0,2
TMF,202509,2025-04-02 20:28:00,20951.0,20951.0,20951.0,20951.0,1
TMF,202509,2025-04-02 20:34:00,20955.0,20955.0,20955.0,20955.0,1
TMF,202509,2025-04-02 20:35:00,20950.0,20950.0,20950.0,20950.0,1
TMF,202509,2025-04-02 20:36:00,20951.0,20951.0,20951.0,20951.0,1
TMF,202509,2025-04-02 20:48:00,20969.0,20969.0,20969.0,20969.0,1
TMF,202509,2025-04-02 20:53:00,20978.0,20980.0,20978.0,20980.0,2
TMF,202509,2025-04-02 21:02:00,20971.0,20971.0,20971.0,20971.0,1
TMF,202509,2025-04-02 21:06:00,20963.0,20963.0,20963.0,20963.0,2
TMF,202509,2025-04-02 21:20:00,20963.0,20963.0,20963.0,20963.0,1
TMF,202509,2025-04-02 21:27:00,20951.0,20951.0,20946.0,20946.0,2
TMF,202509,2025-04-02 21:28:00,20941.0,20941.0,20941.0,20941.0,1
TMF,202509,2025-04-02 21:29:00,20951.0,20951.0,20951.0,20951.0,1
TMF,202509,2025-04-02 21:30:00,20957.0,20957.0,20957.0,20957.0,1
TMF,202509,2025-04-02 21:31:00,20930.0,20930.0,20930.0,20930.0,1
TMF,202509,2025-04-02 21:32:00,20932.0,20932.0,20932.0,20932.0,1
TMF,202509,2025-04-02 21:33:00,20949.0,20958.0,20949.0,20958.0,3
TMF,202509,2025-04-02 21:34:00,20973.0,20995.0,20973.0,20993.0,5
TMF,202509,2025-04-02 21:35:00,20993.0,20993.0,20993.0,20993.0,2
TMF,202509,2025-04-02 21:38:00,21011.0,21011.0,21011.0,21011.0,1
TMF,202509,2025-04-02 21:40:00,21005.0,21026.0,21005.0,21026.0,2
TMF,202509,2025-04-02 21:41:00,21026.0,21026.0,21026.0,21026.0,1
TMF,202509,2025-04-02 21:42:00,21026.0,21026.0,21026.0,21026.0,2
TMF,202509,2025-04-02 21:43:00,21007.0,21007.0,21007.0,21007.0,1
TMF,202509,2025-04-02 21:45:00,21042.0,21065.0,21042.0,21065.0,8
TMF,202509,2025-04-02 21:46:00,21080.0,21090.0,21080.0,21090.0,4
TMF,202509,2025-04-02 21:47:00,21077.0,21077.0,21077.0,21077.0,1
TMF,202509,2025-04-02 21:48:00,21070.0,21070.0,21070.0,21070.0,2
TMF,202509,2025-04-02 21:49:00,21074.0,21088.0,21074.0,21088.0,6
TMF,202509,2025-04-02 21:50:00,21084.0,21084.0,21084.0,21084.0,1
TMF,202509,2025-04-02 21:52:00,21085.0,21090.0,21085.0,21090.0,2
TMF,202509,2025-04-02 21:56:00,21072.0,21072.0,21060.0,21060.0,3
TMF,202509,2025-04-02 22:00:00,21069.0,21069.0,21069.0,21069.0,1
TMF,202509,2025-04-02 22:01:00,21086.0,21086.0,21086.0,21086.0,1
TMF,202509,2025-04-02 22:02:00,21088.0,21100.0,21088.0,21100.0,13
TMF,202509,2025-04-02 22:03:00,21105.0,21120.0,21105.0,21120.0,5
TMF,202509,2025-04-02 22:04:00,21128.0,21135.0,21128.0,21135.0,4
TMF,202509,2025-04-02 22:05:00,21135.0,21135.0,21135.0,21135.0,1
TMF,202509,2025-04-02 22:06:00,21134.0,21135.0,21134.0,21135.0,3
TMF,202509,2025-04-02 22:08:00,21112.0,21112.0,21112.0,21112.0,1
TMF,202509,2025-04-02 22:09:00,21100.0,21100.0,21085.0,21085.0,4
TMF,202509,2025-04-02 22:10:00,21091.0,21093.0,21091.0,21093.0,6
TMF,202509,2025-04-02 22:11:00,21073.0,21073.0,21068.0,21068.0,4
TMF,202509,2025-04-02 22:14:00,21084.0,21084.0,21079.0,21079.0,2
TMF,202509,2025-04-02 22:17:00,21095.0,21095.0,21095.0,21095.0,1
TMF,202509,2025-04-02 22:18:00,21100.0,21100.0,21100.0,21100.0,1
TMF,202509,2025-04-02 22:19:00,21100.0,21100.0,21098.0,21098.0,2
TMF,202509,2025-04-02 22:20:00,21094.0,21094.0,21094.0,21094.0,1
TMF,202509,2025-04-02 22:24:00,21110.0,21110.0,21110.0,21110.0,1
TMF,202509,2025-04-02 22:25:00,21110.0,21110.0,21110.0,21110.0,1
TMF,202509,2025-04-02 22:28:00,21114.0,21114.0,21114.0,21114.0,1
TMF,202509,2025-04-02 22:29:00,21116.0,21116.0,21116.0,21116.0,1
TMF,202509,2025-04-02 22:30:00,21120.0,21120.0,21120.0,21120.0,2
TMF,202509,2025-04-02 22:33:00,21124.0,21124.0,21124.0,21124.0,1
TMF,202509,2025-04-02 22:34:00,21115.0,21115.0,21115.0,21115.0,1
TMF,202509,2025-04-02 22:39:00,21110.0,21110.0,21110.0,21110.0,1
TMF,202509,2025-04-02 22:40:00,21110.0,21110.0,21110.0,21110.0,2
TMF,202509,2025-04-02 22:43:00,21110.0,21110.0,21110.0,21110.0,1
TMF,202509,2025-04-02 22:45:00,21110.0,21110.0,21110.0,21110.0,1
TMF,202509,2025-04-02 22:46:00,21115.0,21115.0,21115.0,21115.0,1
TMF,202509,2025-04-02 22:49:00,21117.0,21117.0,21117.0,21117.0,1
TMF,202509,2025-04-02 22:55:00,21123.0,21123.0,21123.0,21123.0,1
TMF,202509,2025-04-02 22:57:00,21147.0,21147.0,21147.0,21147.0,1
TMF,202509,2025-04-02 22:58:00,21150.0,21155.0,21150.0,21155.0,4
TMF,202509,2025-04-02 22:59:00,21155.0,21155.0,21155.0,21155.0,1
TMF,202509,2025-04-02 23:00:00,21160.0,21160.0,21137.0,21137.0,7
TMF,202509,2025-04-02 23:08:00,21164.0,21164.0,21164.0,21164.0,1
TMF,202509,2025-04-02 23:10:00,21160.0,21160.0,21160.0,21160.0,1
TMF,202509,2025-04-02 23:12:00,21140.0,21140.0,21140.0,21140.0,1
TMF,202509,2025-04-02 23:13:00,21123.0,21123.0,21123.0,21123.0,1
TMF,202509,2025-04-02 23:20:00,21160.0,21168.0,21160.0,21168.0,5
TMF,202509,2025-04-02 23:21:00,21180.0,21180.0,21180.0,21180.0,1
TMF,202509,2025-04-02 23:23:00,21180.0,21180.0,21180.0,21180.0,3
TMF,202509,2025-04-02 23:24:00,21184.0,21185.0,21184.0,21185.0,2
TMF,202509,2025-04-02 23:25:00,21193.0,21195.0,21193.0,21195.0,3
TMF,202509,2025-04-02 23:26:00,21200.0,21200.0,21200.0,21200.0,1
TMF,202509,2025-04-02 23:27:00,21205.0,21205.0,21204.0,21204.0,2
TMF,202509,2025-04-02 23:29:00,21208.0,21208.0,21208.0,21208.0,1
TMF,202509,2025-04-02 23:30:00,21200.0,21200.0,21200.0,21200.0,1
TMF,202509,2025-04-02 23:32:00,21207.0,21207.0,21207.0,21207.0,1
TMF,202509,2025-04-02 23:34:00,21206.0,21206.0,21206.0,21206.0,1
TMF,202509,2025-04-02 23:35:00,21195.0,21203.0,21195.0,21203.0,3
TMF,202509,2025-04-02 23:36:00,21206.0,21206.0,21206.0,21206.0,1
TMF,202509,2025-04-02 23:40:00,21195.0,21195.0,21195.0,21195.0,1
TMF,202509,2025-04-02 23:41:00,21194.0,21194.0,21194.0,21194.0,1
TMF,202509,2025-04-02 23:42:00,21195.0,21200.0,21195.0,21200.0,8
TMF,202509,2025-04-02 23:45:00,21185.0,21185.0,21180.0,21180.0,3
TMF,202509,2025-04-02 23:50:00,21173.0,21173.0,21173.0,21173.0,1
TMF,202509,2025-04-02 23:58:00,21191.0,21191.0,21191.0,21191.0,1
TMF,202509,2025-04-03 00:03:00,21189.0,21189.0,21183.0,21183.0,2
TMF,202509,2025-04-03 00:10:00,21195.0,21195.0,21195.0,21195.0,1
TMF,202509,2025-04-03 00:11:00,21200.0,21208.0,21200.0,21208.0,5
TMF,202509,2025-04-03 00:12:00,21210.0,21223.0,21210.0,21223.0,3
TMF,202509,2025-04-03 00:13:00,21228.0,21228.0,21228.0,21228.0,1
TMF,202509,2025-04-03 00:18:00,21240.0,21240.0,21240.0,21240.0,1
TMF,202509,2025-04-03 00:24:00,21245.0,21245.0,21245.0,21245.0,1
TMF,202509,2025-04-03 00:26:00,21247.0,21247.0,21247.0,21247.0,1
TMF,202509,2025-04-03 00:27:00,21250.0,21250.0,21250.0,21250.0,1
TMF,202509,2025-04-03 00:28:00,21256.0,21256.0,21256.0,21256.0,1
TMF,202509,2025-04-03 00:29:00,21256.0,21256.0,21256.0,21256.0,1
TMF,202509,2025-04-03 00:30:00,21247.0,21247.0,21247.0,21247.0,1
TMF,202509,2025-04-03 00:34:00,21248.0,21248.0,21245.0,21245.0,6
TMF,202509,2025-04-03 00:36:00,21240.0,21240.0,21240.0,21240.0,1
TMF,202509,2025-04-03 00:39:00,21235.0,21235.0,21235.0,21235.0,2
TMF,202509,2025-04-03 00:42:00,21235.0,21235.0,21235.0,21235.0,2
TMF,202509,2025-04-03 00:45:00,21259.0,21259.0,21259.0,21259.0,1
TMF,202509,2025-04-03 00:47:00,21253.0,21253.0,21253.0,21253.0,1
TMF,202509,2025-04-03 00:55:00,21263.0,21263.0,21263.0,21263.0,1
TMF,202509,2025-04-03 00:59:00,21263.0,21263.0,21263.0,21263.0,1
TMF,202509,2025-04-03 01:00:00,21263.0,21263.0,21263.0,21263.0,3
TMF,202509,2025-04-03 01:01:00,21263.0,21263.0,21263.0,21263.0,2
TMF,202509,2025-04-03 01:04:00,21263.0,21263.0,21263.0,21263.0,14
TMF,202509,2025-04-03 01:05:00,21267.0,21271.0,21267.0,21271.0,4
TMF,202509,2025-04-03 01:06:00,21279.0,21279.0,21279.0,21279.0,1
TMF,202509,2025-04-03 01:07:00,21283.0,21283.0,21283.0,21283.0,2
TMF,202509,2025-04-03 01:11:00,21284.0,21284.0,21284.0,21284.0,2
TMF,202509,2025-04-03 01:12:00,21287.0,21287.0,21287.0,21287.0,1
TMF,202509,2025-04-03 01:36:00,21230.0,21230.0,21230.0,21230.0,2
TMF,202509,2025-04-03 01:37:00,21228.0,21228.0,21208.0,21208.0,2
TMF,202509,2025-04-03 01:41:00,21200.0,21200.0,21200.0,21200.0,1
TMF,202509,2025-04-03 01:48:00,21171.0,21171.0,21171.0,21171.0,3
TMF,202509,2025-04-03 01:52:00,21150.0,21150.0,21150.0,21150.0,1
TMF,202509,2025-04-03 01:57:00,21171.0,21171.0,21171.0,21171.0,1
TMF,202509,2025-04-03 01:58:00,21165.0,21165.0,21165.0,21165.0,1
TMF,202509,2025-04-03 02:03:00,21165.0,21165.0,21165.0,21165.0,1
TMF,202509,2025-04-03 02:05:00,21150.0,21150.0,21120.0,21120.0,7
TMF,202509,2025-04-03 02:11:00,21101.0,21101.0,21101.0,21101.0,1
TMF,202509,2025-04-03 02:21:00,21123.0,21123.0,21123.0,21123.0,1
TMF,202509,2025-04-03 02:25:00,21100.0,21100.0,21100.0,21100.0,4
TMF,202509,2025-04-03 02:28:00,21090.0,21090.0,21090.0,21090.0,3
TMF,202509,2025-04-03 02:30:00,21080.0,21080.0,21080.0,21080.0,2
TMF,202509,2025-04-03 02:35:00,21100.0,21100.0,21100.0,21100.0,2
TMF,202509,2025-04-03 02:36:00,21111.0,21111.0,21111.0,21111.0,1
TMF,202509,2025-04-03 03:11:00,21111.0,21111.0,21111.0,21111.0,1
TMF,202509,2025-04-03 03:34:00,21160.0,21160.0,21160.0,21160.0,1
TMF,202509,2025-04-03 03:42:00,21188.0,21188.0,21188.0,21188.0,1
TMF,202509,2025-04-03 03:43:00,21185.0,21185.0,21185.0,21185.0,1
TMF,202509,2025-04-03 03:45:00,21200.0,21200.0,21200.0,21200.0,1
TMF,202509,2025-04-03 03:46:00,21217.0,21217.0,21217.0,21217.0,1
TMF,202509,2025-04-03 03:51:00,21200.0,21200.0,21200.0,21200.0,1
TMF,202509,2025-04-03 04:11:00,21150.0,21150.0,21150.0,21150.0,1
TMF,202509,2025-04-03 04:13:00,21160.0,21250.0,21160.0,21250.0,10
TMF,202509,2025-04-03 04:14:00,21271.0,21287.0,21271.0,21287.0,15
TMF,202509,2025-04-03 04:15:00,21300.0,21300.0,21300.0,21300.0,5
TMF,202509,2025-04-03 04:16:00,21305.0,21315.0,21305.0,21315.0,4
TMF,202509,2025-04-03 04:17:00,21349.0,21360.0,21349.0,21360.0,5
TMF,202509,2025-04-03 04:18:00,21360.0,21360.0,21303.0,21303.0,9
TMF,202509,2025-04-03 04:19:00,21210.0,21210.0,21210.0,21210.0,1
TMF,202509,2025-04-03 04:26:00,21287.0,21287.0,21287.0,21287.0,1
TMF,202509,2025-04-03 04:27:00,21210.0,21210.0,21165.0,21165.0,4
TMF,202509,2025-04-03 04:28:00,21129.0,21129.0,21033.0,21033.0,10
TMF,202509,2025-04-03 04:29:00,21021.0,21021.0,20950.0,20950.0,14
TMF,202509,2025-04-03 04:30:00,20916.0,20916.0,20760.0,20760.0,10
TMF,202509,2025-04-03 04:34:00,20889.0,20889.0,20879.0,20880.0,3
TMF,202509,2025-04-03 04:36:00,20828.0,20828.0,20805.0,20805.0,6
TMF,202509,2025-04-03 04:37:00,20800.0,20800.0,20770.0,20770.0,5
TMF,202509,2025-04-03 04:38:00,20760.0,20760.0,20746.0,20746.0,9
TMF,202509,2025-04-03 04:40:00,20751.0,20751.0,20745.0,20745.0,18
TMF,202509,2025-04-03 04:41:00,20711.0,20711.0,20696.0,20696.0,4
TMF,202509,2025-04-03 04:44:00,20697.0,20697.0,20680.0,20680.0,8
TMF,202509,2025-04-03 04:45:00,20650.0,20650.0,20588.0,20588.0,5
TMF,202509,2025-04-03 04:48:00,20621.0,20621.0,20571.0,20571.0,11
TMF,202509,2025-04-03 04:50:00,20609.0,20609.0,20609.0,20609.0,1
TMF,202509,2025-04-03 04:53:00,20585.0,20585.0,20585.0,20585.0,1
TMF,202509,2025-04-03 04:54:00,20600.0,20600.0,20600.0,20600.0,3
TMF,202509,2025-04-03 04:55:00,20600.0,20600.0,20600.0,20600.0,1
TMF,202509,2025-04-03 04:56:00,20600.0,20600.0,20600.0,20600.0,2
TMF,202509,2025-04-03 04:57:00,20600.0,20600.0,20600.0,20600.0,1
TMF,202509,2025-04-03 04:58:00,20600.0,20600.0,20600.0,20600.0,3
TMF,202509,2025-04-03 04:59:00,20600.0,20600.0,20600.0,20600.0,1
TMF,202512,2025-04-02 15:02:00,21070.0,21070.0,21070.0,21070.0,1
TMF,202512,2025-04-02 15:45:00,21037.0,21037.0,21037.0,21037.0,1
TMF,202512,2025-04-02 16:50:00,21069.0,21069.0,21069.0,21069.0,1
TMF,202512,2025-04-02 17:18:00,21064.0,21064.0,21064.0,21064.0,1
TMF,202512,2025-04-02 17:49:00,21056.0,21056.0,21056.0,21056.0,1
TMF,202512,2025-04-02 17:52:00,21056.0,21056.0,21056.0,21056.0,1
TMF,202512,2025-04-02 17:56:00,21054.0,21054.0,21050.0,21050.0,2
TMF,202512,2025-04-02 18:05:00,21033.0,21033.0,21033.0,21033.0,1
TMF,202512,2025-04-02 18:10:00,21044.0,21044.0,21044.0,21044.0,1
TMF,202512,2025-04-02 18:18:00,21043.0,21043.0,21043.0,21043.0,1
TMF,202512,2025-04-02 19:10:00,21023.0,21023.0,21023.0,21023.0,1
TMF,202512,2025-04-02 19:25:00,21023.0,21023.0,21023.0,21023.0,2
TMF,202512,2025-04-02 19:29:00,21025.0,21025.0,21025.0,21025.0,1
TMF,202512,2025-04-02 19:33:00,21025.0,21025.0,21025.0,21025.0,1
TMF,202512,2025-04-02 19:50:00,21027.0,21027.0,21027.0,21027.0,1
TMF,202512,2025-04-02 20:02:00,21000.0,21000.0,21000.0,21000.0,1
TMF,202512,2025-04-02 20:08:00,20978.0,20978.0,20976.0,20976.0,2
TMF,202512,2025-04-02 20:12:00,20976.0,20976.0,20976.0,20976.0,1
TMF,202512,2025-04-02 20:20:00,20976.0,20976.0,20976.0,20976.0,1
TMF,202512,2025-04-02 20:36:00,20963.0,20963.0,20963.0,20963.0,1
TMF,202512,2025-04-02 20:39:00,20973.0,20973.0,20973.0,20973.0,1
TMF,202512,2025-04-02 21:07:00,20970.0,20970.0,20970.0,20970.0,1
TMF,202512,2025-04-02 21:12:00,20971.0,20971.0,20971.0,20971.0,1
TMF,202512,2025-04-02 21:25:00,20960.0,20960.0,20960.0,20960.0,1
TMF,202512,2025-04-02 21:30:00,20954.0,20954.0,20948.0,20948.0,5
TMF,202512,2025-04-02 21:42:00,21030.0,21030.0,21019.0,21019.0,2
TMF,202512,2025-04-02 21:44:00,21019.0,21035.0,21019.0,21035.0,2
TMF,202512,2025-04-02 21:49:00,21084.0,21084.0,21084.0,21084.0,1
TMF,202512,2025-04-02 21:56:00,21068.0,21068.0,21068.0,21068.0,1
TMF,202512,2025-04-02 22:02:00,21100.0,21100.0,21100.0,21100.0,2
TMF,202512,2025-04-02 22:03:00,21130.0,21130.0,21130.0,21130.0,1
TMF,202512,2025-04-02 22:08:00,21119.0,21119.0,21119.0,21119.0,1
TMF,202512,2025-04-02 22:11:00,21077.0,21077.0,21077.0,21077.0,1
TMF,202512,2025-04-02 22:40:00,21115.0,21115.0,21115.0,21115.0,1
TMF,202512,2025-04-02 22:42:00,21120.0,21120.0,21120.0,21120.0,1
TMF,202512,2025-04-02 22:45:00,21113.0,21115.0,21113.0,21115.0,2
TMF,202512,2025-04-02 22:57:00,21150.0,21150.0,21150.0,21150.0,1
TMF,202512,2025-04-02 22:58:00,21160.0,21161.0,21160.0,21160.0,9
TMF,202512,2025-04-02 22:59:00,21160.0,21160.0,21160.0,21160.0,4
TMF,202512,2025-04-02 23:10:00,21170.0,21170.0,21170.0,21170.0,2
TMF,202512,2025-04-02 23:20:00,21170.0,21170.0,21170.0,21170.0,1
TMF,202512,2025-04-02 23:23:00,21188.0,21188.0,21188.0,21188.0,1
TMF,202512,2025-04-02 23:25:00,21200.0,21200.0,21200.0,21200.0,3
TMF,202512,2025-04-02 23:28:00,21200.0,21200.0,21200.0,21200.0,1
TMF,202512,2025-04-02 23:41:00,21200.0,21200.0,21200.0,21200.0,1
TMF,202512,2025-04-02 23:46:00,21185.0,21185.0,21185.0,21185.0,3
TMF,202512,2025-04-02 23:48:00,21185.0,21185.0,21185.0,21185.0,1
TMF,202512,2025-04-02 23:52:00,21170.0,21170.0,21170.0,21170.0,1
TMF,202512,2025-04-02 23:58:00,21200.0,21200.0,21200.0,21200.0,3
TMF,202512,2025-04-03 00:09:00,21200.0,21200.0,21200.0,21200.0,1
TMF,202512,2025-04-03 00:12:00,21217.0,21217.0,21217.0,21217.0,1
TMF,202512,2025-04-03 00:18:00,21235.0,21235.0,21235.0,21235.0,1
TMF,202512,2025-04-03 00:20:00,21235.0,21235.0,21235.0,21235.0,1
TMF,202512,2025-04-03 00:23:00,21250.0,21250.0,21238.0,21238.0,2
TMF,202512,2025-04-03 00:29:00,21250.0,21250.0,21250.0,21250.0,6
TMF,202512,2025-04-03 00:30:00,21268.0,21269.0,21268.0,21269.0,2
TMF,202512,2025-04-03 00:32:00,21252.0,21252.0,21251.0,21251.0,6
TMF,202512,2025-04-03 01:10:00,21280.0,21280.0,21280.0,21280.0,1
TMF,202512,2025-04-03 01:11:00,21285.0,21288.0,21285.0,21288.0,2
TMF,202512,2025-04-03 01:12:00,21300.0,21300.0,21300.0,21300.0,3
TMF,202512,2025-04-03 01:32:00,21250.0,21250.0,21250.0,21250.0,1
TMF,202512,2025-04-03 01:36:00,21240.0,21240.0,21240.0,21240.0,1
TMF,202512,2025-04-03 01:48:00,21195.0,21195.0,21177.0,21177.0,2
TMF,202512,2025-04-03 01:52:00,21170.0,21170.0,21170.0,21170.0,2
TMF,202512,2025-04-03 02:03:00,21170.0,21170.0,21170.0,21170.0,1
TMF,202512,2025-04-03 02:05:00,21155.0,21155.0,21150.0,21150.0,3
TMF,202512,2025-04-03 02:08:00,21135.0,21135.0,21135.0,21135.0,2
TMF,202512,2025-04-03 02:38:00,21135.0,21135.0,21135.0,21135.0,1
TMF,202512,2025-04-03 03:05:00,21135.0,21135.0,21135.0,21135.0,1
TMF,202512,2025-04-03 03:53:00,21234.0,21234.0,21234.0,21234.0,1
TMF,202512,2025-04-03 04:03:00,21192.0,21192.0,21192.0,21192.0,1
TMF,202512,2025-04-03 04:04:00,21173.0,21173.0,21173.0,21173.0,1
TMF,202512,2025-04-03 04:13:00,21245.0,21278.0,21245.0,21278.0,3
TMF,202512,2025-04-03 04:14:00,21290.0,21300.0,21290.0,21296.0,8
TMF,202512,2025-04-03 04:17:00,21350.0,21350.0,21350.0,21350.0,2
TMF,202512,2025-04-03 04:21:00,21320.0,21320.0,21320.0,21320.0,1
TMF,202512,2025-04-03 04:28:00,21058.0,21058.0,21058.0,21058.0,1
TMF,202512,2025-04-03 04:29:00,21000.0,21000.0,20948.0,20948.0,13
TMF,202512,2025-04-03 04:30:00,20900.0,20900.0,20790.0,20790.0,8
TMF,202512,2025-04-03 04:36:00,20788.0,20788.0,20788.0,20788.0,1
TMF,202512,2025-04-03 04:38:00,20750.0,20750.0,20750.0,20750.0,2
TMF,202512,2025-04-03 04:40:00,20742.0,20742.0,20742.0,20742.0,19
TMF,202512,2025-04-03 04:43:00,20700.0,20700.0,20700.0,20700.0,2
TMF,202512,2025-04-03 04:44:00,20650.0,20650.0,20650.0,20650.0,1
TMF,202512,2025-04-03 04:45:00,20600.0,20630.0,20580.0,20630.0,11
TMF,202512,2025-04-03 04:46:00,20625.0,20625.0,20625.0,20625.0,1
TMF,202512,2025-04-03 04:48:00,20600.0,20600.0,20600.0,20600.0,1
TMF,202512,2025-04-03 04:49:00,20583.0,20583.0,20583.0,20583.0,1
TMF,202512,2025-04-03 04:50:00,20612.0,20612.0,20612.0,20612.0,1
TMF,202512,2025-04-03 04:51:00,20595.0,20595.0,20595.0,20595.0,1
TMF,202512,2025-04-03 04:52:00,20595.0,20595.0,20595.0,20595.0,1
TMF,202512,2025-04-03 04:55:00,20592.0,20592.0,20592.0,20592.0,1
TMF,202512,2025-04-03 04:58:00,20619.0,20619.0,20619.0,20619.0,1
TMF,202512,2025-04-03 04:59:00,20620.0,20620.0,20620.0,20620.0,1
TMF,202603,2025-04-02 15:02:00,21082.0,21082.0,21082.0,21082.0,1
TMF,202603,2025-04-02 15:49:00,21046.0,21046.0,21043.0,21043.0,5
TMF,202603,2025-04-02 15:53:00,21048.0,21048.0,21045.0,21045.0,5
TMF,202603,2025-04-02 15:55:00,21046.0,21046.0,21046.0,21046.0,1
TMF,202603,2025-04-02 15:56:00,21056.0,21056.0,21056.0,21056.0,4
TMF,202603,2025-04-02 15:59:00,21078.0,21079.0,21078.0,21079.0,5
TMF,202603,2025-04-02 16:21:00,21075.0,21075.0,21075.0,21075.0,1
TMF,202603,2025-04-02 16:32:00,21075.0,21075.0,21075.0,21075.0,1
TMF,202603,2025-04-02 16:35:00,21062.0,21062.0,21062.0,21062.0,1
TMF,202603,2025-04-02 17:37:00,21077.0,21077.0,21077.0,21077.0,1
TMF,202603,2025-04-02 18:13:00,21053.0,21053.0,21053.0,21053.0,1
TMF,202603,2025-04-02 18:38:00,21030.0,21030.0,21030.0,21030.0,1
TMF,202603,2025-04-02 18:46:00,21032.0,21032.0,21032.0,21032.0,1
TMF,202603,2025-04-02 20:07:00,21002.0,21002.0,20997.0,20997.0,2
TMF,202603,2025-04-02 20:23:00,20978.0,20978.0,20978.0,20978.0,1
TMF,202603,2025-04-02 20:30:00,20970.0,20970.0,20970.0,20970.0,1
TMF,202603,2025-04-02 21:00:00,21000.0,21000.0,21000.0,21000.0,1
TMF,202603,2025-04-02 21:30:00,20970.0,20970.0,20970.0,20970.0,1
TMF,202603,2025-04-02 21:37:00,21055.0,21055.0,21055.0,21055.0,1
TMF,202603,2025-04-02 21:38:00,21071.0,21071.0,21071.0,21071.0,2
TMF,202603,2025-04-02 21:45:00,21098.0,21098.0,21098.0,21098.0,1
TMF,202603,2025-04-02 21:47:00,21098.0,21098.0,21098.0,21098.0,1
TMF,202603,2025-04-02 21:50:00,21100.0,21100.0,21100.0,21100.0,1
TMF,202603,2025-04-02 21:53:00,21100.0,21100.0,21100.0,21100.0,1
TMF,202603,2025-04-02 21:59:00,21083.0,21083.0,21083.0,21083.0,1
TMF,202603,2025-04-02 22:00:00,21090.0,21090.0,21090.0,21090.0,1
TMF,202603,2025-04-02 22:02:00,21123.0,21123.0,21123.0,21123.0,2
TMF,202603,2025-04-02 22:03:00,21133.0,21151.0,21133.0,21133.0,5
TMF,202603,2025-04-02 22:04:00,21159.0,21159.0,21159.0,21159.0,1
TMF,202603,2025-04-02 22:06:00,21159.0,21159.0,21159.0,21159.0,1
TMF,202603,2025-04-02 22:19:00,21120.0,21120.0,21120.0,21120.0,1
TMF,202603,2025-04-02 22:22:00,21120.0,21120.0,21120.0,21120.0,1
TMF,202603,2025-04-02 22:27:00,21120.0,21120.0,21120.0,21120.0,1
TMF,202603,2025-04-02 22:39:00,21136.0,21136.0,21136.0,21136.0,1
TMF,202603,2025-04-02 22:45:00,21136.0,21136.0,21136.0,21136.0,1
TMF,202603,2025-04-02 22:50:00,21147.0,21147.0,21147.0,21147.0,1
TMF,202603,2025-04-02 22:57:00,21159.0,21159.0,21159.0,21159.0,1
TMF,202603,2025-04-02 22:58:00,21170.0,21188.0,21170.0,21188.0,4
TMF,202603,2025-04-02 23:23:00,21200.0,21200.0,21200.0,21200.0,5
TMF,202603,2025-04-02 23:32:00,21222.0,21222.0,21222.0,21222.0,1
TMF,202603,2025-04-02 23:36:00,21210.0,21210.0,21210.0,21210.0,1
TMF,202603,2025-04-02 23:48:00,21190.0,21195.0,21190.0,21195.0,2
TMF,202603,2025-04-02 23:59:00,21221.0,21225.0,21221.0,21225.0,10
TMF,202603,2025-04-03 00:12:00,21230.0,21250.0,21230.0,21250.0,2
TMF,202603,2025-04-03 00:21:00,21250.0,21250.0,21250.0,21250.0,1
TMF,202603,2025-04-03 00:24:00,21259.0,21259.0,21259.0,21259.0,1
TMF,202603,2025-04-03 00:32:00,21280.0,21289.0,21280.0,21289.0,5
TMF,202603,2025-04-03 00:33:00,21291.0,21291.0,21289.0,21290.0,5
TMF,202603,2025-04-03 00:34:00,21282.0,21282.0,21282.0,21282.0,1
TMF,202603,2025-04-03 00:56:00,21289.0,21290.0,21289.0,21290.0,3
TMF,202603,2025-04-03 01:04:00,21290.0,21290.0,21290.0,21290.0,1
TMF,202603,2025-04-03 01:10:00,21300.0,21300.0,21300.0,21300.0,2
TMF,202603,2025-04-03 01:11:00,21300.0,21303.0,21300.0,21303.0,2
TMF,202603,2025-04-03 01:30:00,21278.0,21278.0,21278.0,21278.0,1
TMF,202603,2025-04-03 02:25:00,21118.0,21118.0,21118.0,21118.0,1
TMF,202603,2025-04-03 02:28:00,21111.0,21111.0,21111.0,21111.0,1
TMF,202603,2025-04-03 02:29:00,21108.0,21108.0,21108.0,21108.0,1
TMF,202603,2025-04-03 02:30:00,21103.0,21103.0,21103.0,21103.0,1
TMF,202603,2025-04-03 02:34:00,21102.0,21102.0,21102.0,21102.0,1
TMF,202603,2025-04-03 03:07:00,21125.0,21125.0,21125.0,21125.0,1
TMF,202603,2025-04-03 03:11:00,21113.0,21113.0,21113.0,21113.0,1
TMF,202603,2025-04-03 03:41:00,21194.0,21194.0,21194.0,21194.0,1
TMF,202603,2025-04-03 03:46:00,21234.0,21234.0,21234.0,21234.0,1
TMF,202603,2025-04-03 04:09:00,21200.0,21200.0,21200.0,21200.0,1
TMF,202603,2025-04-03 04:11:00,21166.0,21166.0,21166.0,21166.0,1
TMF,202603,2025-04-03 04:13:00,21290.0,21290.0,21290.0,21290.0,1
TMF,202603,2025-04-03 04:14:00,21318.0,21323.0,21318.0,21323.0,3
TMF,202603,2025-04-03 04:16:00,21329.0,21345.0,21329.0,21345.0,3
TMF,202603,2025-04-03 04:17:00,21360.0,21360.0,21344.0,21344.0,2
TMF,202603,2025-04-03 04:27:00,21180.0,21180.0,21180.0,21180.0,1
TMF,202603,2025-04-03 04:28:00,21123.0,21123.0,21100.0,21100.0,4
TMF,202603,2025-04-03 04:29:00,21035.0,21035.0,20970.0,20970.0,6
TMF,202603,2025-04-03 04:30:00,20969.0,20969.0,20850.0,20850.0,28
TMF,202603,2025-04-03 04:31:00,20936.0,20936.0,20936.0,20936.0,1
TMF,202603,2025-04-03 04:32:00,20938.0,20986.0,20938.0,20986.0,2
TMF,202603,2025-04-03 04:34:00,21005.0,21005.0,21005.0,21005.0,1
TMF,202603,2025-04-03 04:37:00,20960.0,20960.0,20960.0,20960.0,2
TMF,202603,2025-04-03 04:38:00,20960.0,20960.0,20955.0,20955.0,4
TMF,202603,2025-04-03 04:46:00,20850.0,20850.0,20850.0,20850.0,2
TMF,202603,2025-04-03 04:48:00,20850.0,20850.0,20850.0,20850.0,1
TMF,202603,2025-04-03 04:51:00,20846.0,20850.0,20846.0,20850.0,12
TMF,202603,2025-04-03 04:53:00,20803.0,20803.0,20803.0,20803.0,10
TMF,202603,2025-04-03 04:56:00,20800.0,20800.0,20800.0,20800.0,1
TMF,202603,2025-04-03 04:57:00,20800.0,20800.0,20800.0,20800.0,1
TMF,202603,2025-04-03 04:58:00,20810.0,20810.0,20810.0,20810.0,1
TX,202504,2025-04-02 15:00:00,21300.0,21325.0,21298.0,21314.0,337
TX,202504,2025-04-02 15:01:00,21314.0,21329.0,21310.0,21329.0,257
TX,202504,2025-04-02 15:02:00,21330.0,21342.0,21323.0,21325.0,215
TX,202504,2025-04-02 15:03:00,21325.0,21334.0,21323.0,21323.0,111
TX,202504,2025-04-02 15:04:00,21324.0,21329.0,21323.0,21325.0,64
TX,202504,2025-04-02 15:05:00,21325.0,21328.0,21307.0,21311.0,110
TX,202504,2025-04-02 15:06:00,21315.0,21316.0,21305.0,21309.0,101
TX,202504,2025-04-02 15:07:00,21309.0,21313.0,21301.0,21304.0,91
TX,202504,2025-04-02 15:08:00,21305.0,21310.0,21297.0,21300.0,68
TX,202504,2025-04-02 15:09:00,21298.0,21310.0,21297.0,21308.0,94
TX,202504,2025-04-02 15:10:00,21304.0,21308.0,21303.0,21306.0,29
TX,202504,2025-04-02 15:11:00,21307.0,21318.0,21307.0,21310.0,55
TX,202504,2025-04-02 15:12:00,21306.0,21307.0,21296.0,21297.0,66
TX,202504,2025-04-02 15:13:00,21300.0,21303.0,21298.0,21303.0,41
TX,202504,2025-04-02 15:14:00,21304.0,21313.0,21300.0,21312.0,56
TX,202504,2025-04-02 15:15:00,21312.0,21315.0,21310.0,21311.0,37
TX,202504,2025-04-02 15:16:00,21310.0,21311.0,21304.0,21305.0,32
TX,202504,2025-04-02 15:17:00,21304.0,21318.0,21304.0,21318.0,45
TX,202504,2025-04-02 15:18:00,21318.0,21318.0,21310.0,21313.0,31
TX,202504,2025-04-02 15:19:00,21310.0,21316.0,21307.0,21316.0,40
TX,202504,2025-04-02 15:20:00,21315.0,21320.0,21307.0,21310.0,36
TX,202504,2025-04-02 15:21:00,21310.0,21315.0,21310.0,21314.0,16
TX,202504,2025-04-02 15:22:00,21317.0,21317.0,21306.0,21310.0,65
TX,202504,2025-04-02 15:23:00,21310.0,21313.0,21309.0,21311.0,32
TX,202504,2025-04-02 15:24:00,21310.0,21310.0,21302.0,21304.0,45
TX,202504,2025-04-02 15:25:00,21304.0,21305.0,21290.0,21291.0,154
TX,202504,2025-04-02 15:26:00,21293.0,21299.0,21291.0,21295.0,56
TX,202504,2025-04-02 15:27:00,21294.0,21307.0,21293.0,21302.0,103
TX,202504,2025-04-02 15:28:00,21304.0,21306.0,21298.0,21298.0,23
TX,202504,2025-04-02 15:29:00,21299.0,21307.0,21299.0,21302.0,38
TX,202504,2025-04-02 15:30:00,21305.0,21310.0,21303.0,21303.0,22
TX,202504,2025-04-02 15:31:00,21304.0,21308.0,21298.0,21305.0,32
TX,202504,2025-04-02 15:32:00,21307.0,21310.0,21304.0,21305.0,38
TX,202504,2025-04-02 15:33:00,21306.0,21316.0,21306.0,21315.0,51
TX,202504,2025-04-02 15:34:00,21315.0,21322.0,21314.0,21321.0,68
TX,202504,2025-04-02 15:35:00,21320.0,21321.0,21312.0,21316.0,40
TX,202504,2025-04-02 15:36:00,21316.0,21317.0,21309.0,21314.0,40
TX,202504,2025-04-02 15:37:00,21316.0,21316.0,21296.0,21297.0,40
TX,202504,2025-04-02 15:38:00,21296.0,21303.0,21296.0,21299.0,30
TX,202504,2025-04-02 15:39:00,21299.0,21304.0,21293.0,21296.0,41
TX,202504,2025-04-02 15:40:00,21298.0,21306.0,21296.0,21306.0,30
TX,202504,2025-04-02 15:41:00,21305.0,21308.0,21301.0,21305.0,32
TX,202504,2025-04-02 15:42:00,21304.0,21304.0,21296.0,21296.0,20
TX,202504,2025-04-02 15:43:00,21296.0,21297.0,21295.0,21295.0,22
TX,202504,2025-04-02 15:44:00,21295.0,21298.0,21293.0,21297.0,31
TX,202504,2025-04-02 15:45:00,21298.0,21303.0,21297.0,21303.0,23
TX,202504,2025-04-02 15:46:00,21302.0,21309.0,21302.0,21309.0,28
TX,202504,2025-04-02 15:47:00,21308.0,21308.0,21303.0,21304.0,11
TX,202504,2025-04-02 15:48:00,21302.0,21303.0,21301.0,21302.0,10
TX,202504,2025-04-02 15:49:00,21305.0,21306.0,21300.0,21301.0,20
TX,202504,2025-04-02 15:50:00,21300.0,21301.0,21296.0,21297.0,32
TX,202504,2025-04-02 15:51:00,21299.0,21305.0,21299.0,21305.0,5
TX,202504,2025-04-02 15:52:00,21305.0,21305.0,21301.0,21304.0,19
TX,202504,2025-04-02 15:53:00,21301.0,21308.0,21298.0,21305.0,23
TX,202504,2025-04-02 15:54:00,21303.0,21305.0,21303.0,21305.0,2
TX,202504,2025-04-02 15:55:00,21303.0,21314.0,21300.0,21312.0,49
TX,202504,2025-04-02 15:56:00,21312.0,21319.0,21312.0,21313.0,49
TX,202504,2025-04-02 15:57:00,21312.0,21315.0,21311.0,21314.0,15
TX,202504,2025-04-02 15:58:00,21314.0,21325.0,21314.0,21322.0,87
TX,202504,2025-04-02 15:59:00,21320.0,21322.0,21316.0,21318.0,34
TX,202504,2025-04-02 16:00:00,21319.0,21319.0,21307.0,21308.0,81
TX,202504,2025-04-02 16:01:00,21308.0,21309.0,21287.0,21288.0,211
TX,202504,2025-04-02 16:02:00,21289.0,21299.0,21283.0,21294.0,105
TX,202504,2025-04-02 16:03:00,21292.0,21301.0,21292.0,21299.0,39
TX,202504,2025-04-02 16:04:00,21299.0,21299.0,21284.0,21287.0,77
TX,202504,2025-04-02 16:05:00,21288.0,21288.0,21280.0,21288.0,73
TX,202504,2025-04-02 16:06:00,21289.0,21293.0,21285.0,21288.0,123
TX,202504,2025-04-02 16:07:00,21287.0,21288.0,21279.0,21288.0,68
TX,202504,2025-04-02 16:08:00,21288.0,21294.0,21286.0,21292.0,31
TX,202504,2025-04-02 16:09:00,21292.0,21301.0,21292.0,21300.0,54
TX,202504,2025-04-02 16:10:00,21301.0,21310.0,21300.0,21310.0,71
TX,202504,2025-04-02 16:11:00,21310.0,21316.0,21310.0,21313.0,58
TX,202504,2025-04-02 16:12:00,21314.0,21318.0,21312.0,21316.0,54
TX,202504,2025-04-02 16:13:00,21318.0,21327.0,21311.0,21311.0,161
TX,202504,2025-04-02 16:14:00,21313.0,21319.0,21312.0,21315.0,31
TX,202504,2025-04-02 16:15:00,21315.0,21317.0,21308.0,21313.0,128
TX,202504,2025-04-02 16:16:00,21314.0,21318.0,21313.0,21318.0,22
TX,202504,2025-04-02 16:17:00,21316.0,21322.0,21314.0,21319.0,31
TX,202504,2025-04-02 16:18:00,21318.0,21321.0,21315.0,21315.0,26
TX,202504,2025-04-02 16:19:00,21316.0,21319.0,21316.0,21317.0,28
TX,202504,2025-04-02 16:20:00,21317.0,21318.0,21314.0,21318.0,28
TX,202504,2025-04-02 16:21:00,21316.0,21325.0,21316.0,21325.0,78
TX,202504,2025-04-02 16:22:00,21326.0,21334.0,21326.0,21327.0,124
TX,202504,2025-04-02 16:23:00,21327.0,21330.0,21327.0,21328.0,14
TX,202504,2025-04-02 16:24:00,21328.0,21328.0,21318.0,21318.0,65
TX,202504,2025-04-02 16:25:00,21317.0,21322.0,21316.0,21322.0,36
TX,202504,2025-04-02 16:26:00,21322.0,21327.0,21318.0,21326.0,58
TX,202504,2025-04-02 16:27:00,21327.0,21330.0,21327.0,21330.0,31
TX,202504,2025-04-02 16:28:00,21331.0,21333.0,21330.0,21330.0,45
TX,202504,2025-04-02 16:29:00,21330.0,21330.0,21329.0,21329.0,9
TX,202504,2025-04-02 16:30:00,21326.0,21326.0,21321.0,21322.0,27
TX,202504,2025-04-02 16:31:00,21322.0,21322.0,21319.0,21321.0,35
TX,202504,2025-04-02 16:32:00,21322.0,21329.0,21321.0,21328.0,44
TX,202504,2025-04-02 16:33:00,21328.0,21328.0,21323.0,21326.0,14
TX,202504,2025-04-02 16:34:00,21327.0,21328.0,21323.0,21323.0,18
TX,202504,2025-04-02 16:35:00,21322.0,21322.0,21319.0,21320.0,25
TX,202504,2025-04-02 16:36:00,21319.0,21320.0,21317.0,21320.0,19
TX,202504,2025-04-02 16:37:00,21320.0,21322.0,21319.0,21319.0,12
TX,202504,2025-04-02 16:38:00,21320.0,21321.0,21317.0,21317.0,7
TX,202504,2025-04-02 16:39:00,21317.0,21321.0,21317.0,21320.0,14
TX,202504,2025-04-02 16:40:00,21319.0,21324.0,21318.0,21320.0,31
TX,202504,2025-04-02 16:41:00,21320.0,21322.0,21320.0,21321.0,8
TX,202504,2025-04-02 16:42:00,21321.0,21332.0,21321.0,21327.0,51
TX,202504,2025-04-02 16:43:00,21327.0,21328.0,21326.0,21326.0,9
TX,202504,2025-04-02 16:44:00,21326.0,21327.0,21325.0,21325.0,15
TX,202504,2025-04-02 16:45:00,21325.0,21327.0,21325.0,21327.0,13
TX,202504,2025-04-02 16:46:00,21327.0,21328.0,21324.0,21328.0,15
TX,202504,2025-04-02 16:47:00,21328.0,21330.0,21327.0,21327.0,10
TX,202504,2025-04-02 16:48:00,21328.0,21331.0,21328.0,21330.0,29
TX,202504,2025-04-02 16:49:00,21331.0,21331.0,21328.0,21330.0,10
TX,202504,2025-04-02 16:50:00,21331.0,21335.0,21331.0,21334.0,59
TX,202504,2025-04-02 16:51:00,21333.0,21333.0,21330.0,21330.0,32
TX,202504,2025-04-02 16:52:00,21328.0,21328.0,21323.0,21324.0,34
TX,202504,2025-04-02 16:53:00,21324.0,21331.0,21324.0,21328.0,58
TX,202504,2025-04-02 16:54:00,21329.0,21330.0,21329.0,21329.0,8
TX,202504,2025-04-02 16:55:00,21330.0,21330.0,21326.0,21327.0,17
TX,202504,2025-04-02 16:56:00,21325.0,21328.0,21324.0,21328.0,18
TX,202504,2025-04-02 16:57:00,21328.0,21328.0,21328.0,21328.0,3
TX,202504,2025-04-02 16:58:00,21328.0,21331.0,21319.0,21322.0,57
TX,202504,2025-04-02 16:59:00,21319.0,21322.0,21319.0,21319.0,25
TX,202504,2025-04-02 17:00:00,21321.0,21321.0,21316.0,21319.0,51
TX,202504,2025-04-02 17:01:00,21318.0,21321.0,21318.0,21321.0,7
TX,202504,2025-04-02 17:02:00,21322.0,21323.0,21321.0,21321.0,26
TX,202504,2025-04-02 17:03:00,21321.0,21321.0,21320.0,21321.0,8
TX,202504,2025-04-02 17:04:00,21323.0,21324.0,21323.0,21324.0,7
TX,202504,2025-04-02 17:05:00,21324.0,21329.0,21322.0,21329.0,41
TX,202504,2025-04-02 17:06:00,21330.0,21333.0,21329.0,21329.0,30
TX,202504,2025-04-02 17:07:00,21330.0,21333.0,21330.0,21332.0,17
TX,202504,2025-04-02 17:08:00,21332.0,21335.0,21332.0,21334.0,26
TX,202504,2025-04-02 17:09:00,21332.0,21337.0,21332.0,21337.0,49
TX,202504,2025-04-02 17:10:00,21337.0,21340.0,21334.0,21334.0,46
TX,202504,2025-04-02 17:11:00,21334.0,21334.0,21333.0,21333.0,6
TX,202504,2025-04-02 17:12:00,21335.0,21336.0,21332.0,21332.0,14
TX,202504,2025-04-02 17:13:00,21331.0,21332.0,21330.0,21332.0,24
TX,202504,2025-04-02 17:14:00,21331.0,21331.0,21326.0,21326.0,10
TX,202504,2025-04-02 17:15:00,21325.0,21325.0,21321.0,21323.0,19
TX,202504,2025-04-02 17:16:00,21324.0,21324.0,21320.0,21320.0,27
TX,202504,2025-04-02 17:17:00,21321.0,21321.0,21316.0,21320.0,46
TX,202504,2025-04-02 17:18:00,21320.0,21327.0,21317.0,21323.0,30
TX,202504,2025-04-02 17:19:00,21322.0,21324.0,21320.0,21324.0,6
TX,202504,2025-04-02 17:20:00,21322.0,21324.0,21321.0,21324.0,7
TX,202504,2025-04-02 17:21:00,21324.0,21328.0,21324.0,21327.0,7
TX,202504,2025-04-02 17:22:00,21326.0,21330.0,21325.0,21330.0,16
TX,202504,2025-04-02 17:23:00,21328.0,21330.0,21327.0,21327.0,6
TX,202504,2025-04-02 17:24:00,21328.0,21328.0,21326.0,21326.0,6
TX,202504,2025-04-02 17:25:00,21327.0,21327.0,21324.0,21327.0,8
TX,202504,2025-04-02 17:26:00,21326.0,21326.0,21320.0,21322.0,15
TX,202504,2025-04-02 17:27:00,21321.0,21324.0,21320.0,21321.0,28
TX,202504,2025-04-02 17:28:00,21323.0,21323.0,21321.0,21322.0,28
TX,202504,2025-04-02 17:29:00,21324.0,21324.0,21321.0,21321.0,13
TX,202504,2025-04-02 17:30:00,21320.0,21322.0,21318.0,21318.0,20
TX,202504,2025-04-02 17:31:00,21320.0,21327.0,21320.0,21326.0,27
TX,202504,2025-04-02 17:32:00,21325.0,21329.0,21325.0,21329.0,11
TX,202504,2025-04-02 17:33:00,21327.0,21328.0,21325.0,21327.0,15
TX,202504,2025-04-02 17:34:00,21325.0,21328.0,21325.0,21328.0,7
TX,202504,2025-04-02 17:35:00,21327.0,21328.0,21326.0,21326.0,12
TX,202504,2025-04-02 17:36:00,21327.0,21328.0,21325.0,21328.0,16
TX,202504,2025-04-02 17:37:00,21329.0,21337.0,21329.0,21336.0,69
TX,202504,2025-04-02 17:38:00,21336.0,21336.0,21333.0,21335.0,11
TX,202504,2025-04-02 17:39:00,21335.0,21335.0,21327.0,21327.0,16
TX,202504,2025-04-02 17:40:00,21329.0,21331.0,21329.0,21331.0,6
TX,202504,2025-04-02 17:41:00,21330.0,21330.0,21327.0,21330.0,12
TX,202504,2025-04-02 17:42:00,21330.0,21335.0,21328.0,21335.0,13
TX,202504,2025-04-02 17:43:00,21335.0,21335.0,21332.0,21332.0,13
TX,202504,2025-04-02 17:44:00,21332.0,21334.0,21332.0,21334.0,3
TX,202504,2025-04-02 17:45:00,21332.0,21332.0,21329.0,21329.0,13
TX,202504,2025-04-02 17:46:00,21328.0,21328.0,21328.0,21328.0,4
TX,202504,2025-04-02 17:47:00,21329.0,21330.0,21323.0,21323.0,28
TX,202504,2025-04-02 17:48:00,21323.0,21323.0,21323.0,21323.0,7
TX,202504,2025-04-02 17:49:00,21322.0,21325.0,21322.0,21325.0,12
TX,202504,2025-04-02 17:50:00,21325.0,21325.0,21324.0,21324.0,13
TX,202504,2025-04-02 17:51:00,21323.0,21323.0,21320.0,21322.0,24
TX,202504,2025-04-02 17:52:00,21323.0,21323.0,21321.0,21322.0,5
TX,202504,2025-04-02 17:53:00,21323.0,21323.0,21317.0,21320.0,40
TX,202504,2025-04-02 17:54:00,21320.0,21321.0,21319.0,21321.0,16
TX,202504,2025-04-02 17:55:00,21321.0,21321.0,21317.0,21317.0,42
TX,202504,2025-04-02 17:56:00,21316.0,21316.0,21308.0,21310.0,64
TX,202504,2025-04-02 17:57:00,21310.0,21313.0,21307.0,21309.0,29
TX,202504,2025-04-02 17:58:00,21311.0,21312.0,21307.0,21309.0,53
TX,202504,2025-04-02 17:59:00,21310.0,21313.0,21308.0,21312.0,42
TX,202504,2025-04-02 18:00:00,21312.0,21317.0,21312.0,21315.0,20
TX,202504,2025-04-02 18:01:00,21315.0,21317.0,21314.0,21317.0,5
TX,202504,2025-04-02 18:02:00,21317.0,21317.0,21283.0,21283.0,425
TX,202504,2025-04-02 18:03:00,21283.0,21285.0,21274.0,21283.0,237
TX,202504,2025-04-02 18:04:00,21284.0,21293.0,21278.0,21290.0,194
TX,202504,2025-04-02 18:05:00,21292.0,21294.0,21287.0,21292.0,108
TX,202504,2025-04-02 18:06:00,21292.0,21292.0,21288.0,21291.0,45
TX,202504,2025-04-02 18:07:00,21292.0,21305.0,21291.0,21301.0,164
TX,202504,2025-04-02 18:08:00,21302.0,21307.0,21300.0,21303.0,67
TX,202504,2025-04-02 18:09:00,21305.0,21310.0,21300.0,21303.0,58
TX,202504,2025-04-02 18:10:00,21304.0,21305.0,21297.0,21297.0,41
TX,202504,2025-04-02 18:11:00,21298.0,21298.0,21292.0,21293.0,41
TX,202504,2025-04-02 18:12:00,21294.0,21299.0,21293.0,21293.0,30
TX,202504,2025-04-02 18:13:00,21295.0,21301.0,21292.0,21296.0,42
TX,202504,2025-04-02 18:14:00,21296.0,21301.0,21296.0,21298.0,33
TX,202504,2025-04-02 18:15:00,21299.0,21301.0,21292.0,21301.0,37
TX,202504,2025-04-02 18:16:00,21301.0,21304.0,21299.0,21302.0,27
TX,202504,2025-04-02 18:17:00,21301.0,21308.0,21301.0,21308.0,36
TX,202504,2025-04-02 18:18:00,21308.0,21309.0,21303.0,21303.0,37
TX,202504,2025-04-02 18:19:00,21302.0,21303.0,21298.0,21302.0,27
TX,202504,2025-04-02 18:20:00,21301.0,21307.0,21301.0,21305.0,28
TX,202504,2025-04-02 18:21:00,21306.0,21306.0,21302.0,21303.0,21
TX,202504,2025-04-02 18:22:00,21302.0,21305.0,21301.0,21303.0,19
TX,202504,2025-04-02 18:23:00,21301.0,21301.0,21296.0,21296.0,19
TX,202504,2025-04-02 18:24:00,21294.0,21298.0,21294.0,21296.0,14
TX,202504,2025-04-02 18:25:00,21295.0,21299.0,21295.0,21296.0,20
TX,202504,2025-04-02 18:26:00,21295.0,21295.0,21293.0,21294.0,8
TX,202504,2025-04-02 18:27:00,21293.0,21297.0,21293.0,21296.0,17
TX,202504,2025-04-02 18:28:00,21297.0,21297.0,21280.0,21286.0,136
TX,202504,2025-04-02 18:29:00,21285.0,21293.0,21284.0,21291.0,36
TX,202504,2025-04-02 18:30:00,21294.0,21297.0,21290.0,21296.0,47
TX,202504,2025-04-02 18:31:00,21295.0,21296.0,21282.0,21282.0,29
TX,202504,2025-04-02 18:32:00,21283.0,21284.0,21277.0,21279.0,33
TX,202504,2025-04-02 18:33:00,21280.0,21280.0,21272.0,21279.0,77
TX,202504,2025-04-02 18:34:00,21276.0,21277.0,21271.0,21276.0,40
TX,202504,2025-04-02 18:35:00,21277.0,21277.0,21272.0,21274.0,35
TX,202504,2025-04-02 18:36:00,21273.0,21277.0,21269.0,21271.0,50
TX,202504,2025-04-02 18:37:00,21271.0,21274.0,21268.0,21271.0,48
TX,202504,2025-04-02 18:38:00,21270.0,21277.0,21270.0,21276.0,23
TX,202504,2025-04-02 18:39:00,21277.0,21277.0,21272.0,21277.0,22
TX,202504,2025-04-02 18:40:00,21276.0,21276.0,21271.0,21274.0,26
TX,202504,2025-04-02 18:41:00,21273.0,21274.0,21269.0,21271.0,44
TX,202504,2025-04-02 18:42:00,21272.0,21278.0,21265.0,21277.0,88
TX,202504,2025-04-02 18:43:00,21276.0,21276.0,21266.0,21266.0,31
TX,202504,2025-04-02 18:44:00,21267.0,21276.0,21266.0,21270.0,42
TX,202504,2025-04-02 18:45:00,21273.0,21277.0,21272.0,21276.0,38
TX,202504,2025-04-02 18:46:00,21277.0,21281.0,21276.0,21281.0,40
TX,202504,2025-04-02 18:47:00,21281.0,21290.0,21281.0,21288.0,68
TX,202504,2025-04-02 18:48:00,21288.0,21293.0,21288.0,21293.0,34
TX,202504,2025-04-02 18:49:00,21290.0,21291.0,21289.0,21289.0,13
TX,202504,2025-04-02 18:50:00,21290.0,21292.0,21289.0,21291.0,10
TX,202504,2025-04-02 18:51:00,21291.0,21291.0,21287.0,21287.0,19
TX,202504,2025-04-02 18:52:00,21287.0,21290.0,21284.0,21284.0,22
TX,202504,2025-04-02 18:53:00,21284.0,21288.0,21283.0,21288.0,22
TX,202504,2025-04-02 18:54:00,21287.0,21287.0,21287.0,21287.0,3
TX,202504,2025-04-02 18:55:00,21286.0,21286.0,21280.0,21280.0,25
TX,202504,2025-04-02 18:56:00,21282.0,21283.0,21278.0,21278.0,20
TX,202504,2025-04-02 18:57:00,21279.0,21279.0,21275.0,21275.0,29
TX,202504,2025-04-02 18:58:00,21275.0,21275.0,21269.0,21269.0,53
TX,202504,2025-04-02 18:59:00,21269.0,21270.0,21263.0,21266.0,77
TX,202504,2025-04-02 19:00:00,21266.0,21276.0,21265.0,21269.0,82
TX,202504,2025-04-02 19:01:00,21270.0,21272.0,21268.0,21271.0,17
TX,202504,2025-04-02 19:02:00,21270.0,21270.0,21264.0,21268.0,59
TX,202504,2025-04-02 19:03:00,21270.0,21273.0,21269.0,21270.0,23
TX,202504,2025-04-02 19:04:00,21268.0,21268.0,21266.0,21267.0,13
TX,202504,2025-04-02 19:05:00,21267.0,21273.0,21267.0,21273.0,17
TX,202504,2025-04-02 19:06:00,21274.0,21282.0,21274.0,21282.0,59
TX,202504,2025-04-02 19:07:00,21282.0,21284.0,21281.0,21284.0,17
TX,202504,2025-04-02 19:08:00,21283.0,21285.0,21282.0,21285.0,34
TX,202504,2025-04-02 19:09:00,21285.0,21285.0,21283.0,21284.0,12
TX,202504,2025-04-02 19:10:00,21283.0,21289.0,21281.0,21288.0,40
TX,202504,2025-04-02 19:11:00,21287.0,21292.0,21287.0,21291.0,51
TX,202504,2025-04-02 19:12:00,21290.0,21292.0,21288.0,21289.0,13
TX,202504,2025-04-02 19:13:00,21290.0,21290.0,21280.0,21280.0,23
TX,202504,2025-04-02 19:14:00,21281.0,21282.0,21279.0,21280.0,18
TX,202504,2025-04-02 19:15:00,21280.0,21284.0,21280.0,21281.0,27
TX,202504,2025-04-02 19:16:00,21280.0,21280.0,21275.0,21275.0,15
TX,202504,2025-04-02 19:17:00,21277.0,21283.0,21277.0,21282.0,24
TX,202504,2025-04-02 19:18:00,21283.0,21287.0,21280.0,21287.0,22
TX,202504,2025-04-02 19:19:00,21287.0,21287.0,21285.0,21285.0,8
TX,202504,2025-04-02 19:20:00,21285.0,21287.0,21278.0,21278.0,20
TX,202504,2025-04-02 19:21:00,21277.0,21281.0,21277.0,21278.0,46
TX,202504,2025-04-02 19:22:00,21280.0,21286.0,21280.0,21286.0,15
TX,202504,2025-04-02 19:23:00,21285.0,21287.0,21284.0,21285.0,20
TX,202504,2025-04-02 19:24:00,21284.0,21285.0,21284.0,21285.0,9
TX,202504,2025-04-02 19:25:00,21287.0,21290.0,21287.0,21290.0,18
TX,202504,2025-04-02 19:26:00,21286.0,21290.0,21285.0,21290.0,13
TX,202504,2025-04-02 19:27:00,21289.0,21289.0,21284.0,21284.0,10
TX,202504,2025-04-02 19:28:00,21285.0,21285.0,21281.0,21281.0,7
TX,202504,2025-04-02 19:29:00,21284.0,21284.0,21280.0,21283.0,15
TX,202504,2025-04-02 19:30:00,21280.0,21284.0,21277.0,21284.0,30
TX,202504,2025-04-02 19:31:00,21285.0,21293.0,21283.0,21289.0,48
TX,202504,2025-04-02 19:32:00,21287.0,21290.0,21283.0,21290.0,35
TX,202504,2025-04-02 19:33:00,21288.0,21291.0,21288.0,21288.0,15
TX,202504,2025-04-02 19:34:00,21286.0,21290.0,21286.0,21289.0,11
TX,202504,2025-04-02 19:35:00,21287.0,21289.0,21285.0,21285.0,24
TX,202504,2025-04-02 19:36:00,21285.0,21285.0,21276.0,21278.0,42
TX,202504,2025-04-02 19:37:00,21280.0,21284.0,21280.0,21284.0,16
TX,202504,2025-04-02 19:38:00,21282.0,21284.0,21281.0,21281.0,6
TX,202504,2025-04-02 19:39:00,21284.0,21284.0,21277.0,21277.0,23
TX,202504,2025-04-02 19:40:00,21279.0,21285.0,21278.0,21285.0,22
TX,202504,2025-04-02 19:41:00,21284.0,21285.0,21278.0,21278.0,21
TX,202504,2025-04-02 19:42:00,21278.0,21280.0,21275.0,21277.0,14
TX,202504,2025-04-02 19:43:00,21277.0,21281.0,21275.0,21281.0,18
TX,202504,2025-04-02 19:44:00,21279.0,21279.0,21276.0,21278.0,9
TX,202504,2025-04-02 19:45:00,21279.0,21280.0,21279.0,21280.0,10
TX,202504,2025-04-02 19:46:00,21279.0,21284.0,21279.0,21283.0,22
TX,202504,2025-04-02 19:47:00,21281.0,21289.0,21281.0,21289.0,21
TX,202504,2025-04-02 19:48:00,21289.0,21293.0,21287.0,21287.0,63
TX,202504,2025-04-02 19:49:00,21287.0,21288.0,21286.0,21287.0,18
TX,202504,2025-04-02 19:50:00,21285.0,21285.0,21282.0,21283.0,6
TX,202504,2025-04-02 19:51:00,21284.0,21289.0,21280.0,21280.0,28
TX,202504,2025-04-02 19:52:00,21281.0,21281.0,21279.0,21280.0,11
TX,202504,2025-04-02 19:53:00,21281.0,21281.0,21278.0,21278.0,15
TX,202504,2025-04-02 19:54:00,21280.0,21283.0,21280.0,21280.0,18
TX,202504,2025-04-02 19:55:00,21281.0,21281.0,21278.0,21278.0,18
TX,202504,2025-04-02 19:56:00,21279.0,21280.0,21278.0,21280.0,11
TX,202504,2025-04-02 19:57:00,21279.0,21279.0,21274.0,21277.0,44
TX,202504,2025-04-02 19:58:00,21278.0,21278.0,21275.0,21275.0,6
TX,202504,2025-04-02 19:59:00,21274.0,21275.0,21268.0,21270.0,39
TX,202504,2025-04-02 20:00:00,21272.0,21275.0,21268.0,21269.0,31
TX,202504,2025-04-02 20:01:00,21269.0,21272.0,21267.0,21267.0,29
TX,202504,2025-04-02 20:02:00,21266.0,21266.0,21255.0,21256.0,154
TX,202504,2025-04-02 20:03:00,21257.0,21258.0,21250.0,21253.0,157
TX,202504,2025-04-02 20:04:00,21254.0,21255.0,21249.0,21251.0,110
TX,202504,2025-04-02 20:05:00,21251.0,21252.0,21243.0,21246.0,145
TX,202504,2025-04-02 20:06:00,21245.0,21250.0,21242.0,21244.0,75
TX,202504,2025-04-02 20:07:00,21242.0,21242.0,21231.0,21235.0,191
TX,202504,2025-04-02 20:08:00,21234.0,21236.0,21228.0,21230.0,104
TX,202504,2025-04-02 20:09:00,21229.0,21230.0,21225.0,21228.0,154
TX,202504,2025-04-02 20:10:00,21225.0,21237.0,21223.0,21233.0,105
TX,202504,2025-04-02 20:11:00,21233.0,21238.0,21231.0,21238.0,74
TX,202504,2025-04-02 20:12:00,21237.0,21246.0,21237.0,21241.0,74
TX,202504,2025-04-02 20:13:00,21241.0,21244.0,21239.0,21244.0,25
TX,202504,2025-04-02 20:14:00,21244.0,21245.0,21241.0,21245.0,37
TX,202504,2025-04-02 20:15:00,21245.0,21263.0,21239.0,21243.0,170
TX,202504,2025-04-02 20:16:00,21241.0,21245.0,21233.0,21233.0,65
TX,202504,2025-04-02 20:17:00,21232.0,21240.0,21231.0,21234.0,80
TX,202504,2025-04-02 20:18:00,21232.0,21238.0,21232.0,21238.0,51
TX,202504,2025-04-02 20:19:00,21239.0,21240.0,21237.0,21238.0,37
TX,202504,2025-04-02 20:20:00,21238.0,21243.0,21229.0,21230.0,56
TX,202504,2025-04-02 20:21:00,21228.0,21230.0,21222.0,21230.0,87
TX,202504,2025-04-02 20:22:00,21230.0,21234.0,21224.0,21225.0,70
TX,202504,2025-04-02 20:23:00,21225.0,21227.0,21220.0,21222.0,64
TX,202504,2025-04-02 20:24:00,21219.0,21224.0,21215.0,21220.0,69
TX,202504,2025-04-02 20:25:00,21222.0,21227.0,21220.0,21227.0,34
TX,202504,2025-04-02 20:26:00,21226.0,21226.0,21222.0,21223.0,32
TX,202504,2025-04-02 20:27:00,21224.0,21226.0,21210.0,21210.0,133
TX,202504,2025-04-02 20:28:00,21212.0,21215.0,21209.0,21210.0,38
TX,202504,2025-04-02 20:29:00,21210.0,21212.0,21208.0,21211.0,71
TX,202504,2025-04-02 20:30:00,21209.0,21221.0,21208.0,21220.0,92
TX,202504,2025-04-02 20:31:00,21217.0,21221.0,21213.0,21215.0,72
TX,202504,2025-04-02 20:32:00,21217.0,21220.0,21214.0,21220.0,44
TX,202504,2025-04-02 20:33:00,21218.0,21221.0,21216.0,21220.0,20
TX,202504,2025-04-02 20:34:00,21220.0,21226.0,21216.0,21218.0,70
TX,202504,2025-04-02 20:35:00,21218.0,21225.0,21213.0,21223.0,41
TX,202504,2025-04-02 20:36:00,21223.0,21228.0,21220.0,21220.0,49
TX,202504,2025-04-02 20:37:00,21221.0,21223.0,21219.0,21223.0,65
TX,202504,2025-04-02 20:38:00,21225.0,21233.0,21222.0,21232.0,66
TX,202504,2025-04-02 20:39:00,21232.0,21234.0,21225.0,21229.0,44
TX,202504,2025-04-02 20:40:00,21228.0,21231.0,21226.0,21231.0,50
TX,202504,2025-04-02 20:41:00,21234.0,21234.0,21228.0,21228.0,16
TX,202504,2025-04-02 20:42:00,21227.0,21228.0,21226.0,21228.0,14
TX,202504,2025-04-02 20:43:00,21229.0,21229.0,21223.0,21225.0,28
TX,202504,2025-04-02 20:44:00,21225.0,21232.0,21221.0,21231.0,44
TX,202504,2025-04-02 20:45:00,21230.0,21234.0,21227.0,21232.0,50
TX,202504,2025-04-02 20:46:00,21232.0,21235.0,21230.0,21233.0,39
TX,202504,2025-04-02 20:47:00,21233.0,21236.0,21233.0,21236.0,24
TX,202504,2025-04-02 20:48:00,21235.0,21247.0,21235.0,21247.0,72
TX,202504,2025-04-02 20:49:00,21245.0,21245.0,21240.0,21240.0,77
TX,202504,2025-04-02 20:50:00,21240.0,21242.0,21231.0,21237.0,41
TX,202504,2025-04-02 20:51:00,21239.0,21241.0,21236.0,21236.0,11
TX,202504,2025-04-02 20:52:00,21235.0,21240.0,21235.0,21238.0,21
TX,202504,2025-04-02 20:53:00,21239.0,21250.0,21238.0,21242.0,90
TX,202504,2025-04-02 20:54:00,21245.0,21249.0,21242.0,21247.0,36
TX,202504,2025-04-02 20:55:00,21247.0,21250.0,21243.0,21250.0,22
TX,202504,2025-04-02 20:56:00,21248.0,21250.0,21242.0,21242.0,28
TX,202504,2025-04-02 20:57:00,21242.0,21251.0,21242.0,21250.0,40
TX,202504,2025-04-02 20:58:00,21251.0,21253.0,21249.0,21249.0,26
TX,202504,2025-04-02 20:59:00,21250.0,21250.0,21248.0,21249.0,13
TX,202504,2025-04-02 21:00:00,21250.0,21250.0,21240.0,21242.0,166
TX,202504,2025-04-02 21:01:00,21242.0,21249.0,21242.0,21243.0,27
TX,202504,2025-04-02 21:02:00,21241.0,21248.0,21240.0,21246.0,119
TX,202504,2025-04-02 21:03:00,21239.0,21241.0,21235.0,21237.0,34
TX,202504,2025-04-02 21:04:00,21238.0,21240.0,21236.0,21236.0,34
TX,202504,2025-04-02 21:05:00,21236.0,21242.0,21236.0,21242.0,46
TX,202504,2025-04-02 21:06:00,21241.0,21241.0,21233.0,21237.0,20
TX,202504,2025-04-02 21:07:00,21235.0,21244.0,21235.0,21244.0,45
TX,202504,2025-04-02 21:08:00,21242.0,21245.0,21241.0,21243.0,29
TX,202504,2025-04-02 21:09:00,21240.0,21241.0,21237.0,21237.0,48
TX,202504,2025-04-02 21:10:00,21237.0,21238.0,21236.0,21236.0,11
TX,202504,2025-04-02 21:11:00,21236.0,21239.0,21236.0,21238.0,18
TX,202504,2025-04-02 21:12:00,21238.0,21238.0,21227.0,21227.0,47
TX,202504,2025-04-02 21:13:00,21227.0,21229.0,21225.0,21227.0,37
TX,202504,2025-04-02 21:14:00,21230.0,21231.0,21225.0,21225.0,82
TX,202504,2025-04-02 21:15:00,21226.0,21230.0,21224.0,21227.0,28
TX,202504,2025-04-02 21:16:00,21226.0,21229.0,21225.0,21227.0,24
TX,202504,2025-04-02 21:17:00,21229.0,21229.0,21226.0,21228.0,19
TX,202504,2025-04-02 21:18:00,21228.0,21233.0,21225.0,21233.0,22
TX,202504,2025-04-02 21:19:00,21234.0,21234.0,21227.0,21231.0,29
TX,202504,2025-04-02 21:20:00,21231.0,21234.0,21230.0,21231.0,10
TX,202504,2025-04-02 21:21:00,21231.0,21233.0,21228.0,21228.0,24
TX,202504,2025-04-02 21:22:00,21228.0,21229.0,21226.0,21228.0,18
TX,202504,2025-04-02 21:23:00,21227.0,21227.0,21221.0,21223.0,49
TX,202504,2025-04-02 21:24:00,21222.0,21222.0,21218.0,21219.0,39
TX,202504,2025-04-02 21:25:00,21219.0,21220.0,21215.0,21220.0,56
TX,202504,2025-04-02 21:26:00,21221.0,21223.0,21220.0,21222.0,35
TX,202504,2025-04-02 21:27:00,21222.0,21224.0,21216.0,21216.0,63
TX,202504,2025-04-02 21:28:00,21218.0,21222.0,21211.0,21213.0,74
TX,202504,2025-04-02 21:29:00,21212.0,21215.0,21210.0,21214.0,54
TX,202504,2025-04-02 21:30:00,21215.0,21235.0,21200.0,21201.0,374
TX,202504,2025-04-02 21:31:00,21202.0,21222.0,21189.0,21221.0,472
TX,202504,2025-04-02 21:32:00,21217.0,21223.0,21202.0,21203.0,131
TX,202504,2025-04-02 21:33:00,21205.0,21242.0,21202.0,21242.0,219
TX,202504,2025-04-02 21:34:00,21243.0,21258.0,21240.0,21254.0,312
TX,202504,2025-04-02 21:35:00,21256.0,21272.0,21250.0,21270.0,333
TX,202504,2025-04-02 21:36:00,21271.0,21299.0,21268.0,21289.0,498
TX,202504,2025-04-02 21:37:00,21289.0,21309.0,21289.0,21308.0,292
TX,202504,2025-04-02 21:38:00,21307.0,21314.0,21286.0,21287.0,349
TX,202504,2025-04-02 21:39:00,21286.0,21301.0,21282.0,21286.0,163
TX,202504,2025-04-02 21:40:00,21284.0,21302.0,21273.0,21292.0,223
TX,202504,2025-04-02 21:41:00,21294.0,21302.0,21289.0,21290.0,100
TX,202504,2025-04-02 21:42:00,21289.0,21290.0,21275.0,21276.0,212
TX,202504,2025-04-02 21:43:00,21276.0,21289.0,21270.0,21282.0,136
TX,202504,2025-04-02 21:44:00,21282.0,21308.0,21275.0,21307.0,246
TX,202504,2025-04-02 21:45:00,21306.0,21353.0,21306.0,21351.0,1582
TX,202504,2025-04-02 21:46:00,21350.0,21366.0,21345.0,21350.0,624
TX,202504,2025-04-02 21:47:00,21348.0,21354.0,21332.0,21332.0,320
TX,202504,2025-04-02 21:48:00,21335.0,21343.0,21329.0,21341.0,137
TX,202504,2025-04-02 21:49:00,21344.0,21355.0,21338.0,21355.0,181
TX,202504,2025-04-02 21:50:00,21355.0,21360.0,21342.0,21342.0,173
TX,202504,2025-04-02 21:51:00,21342.0,21357.0,21342.0,21348.0,179
TX,202504,2025-04-02 21:52:00,21350.0,21368.0,21350.0,21360.0,270
TX,202504,2025-04-02 21:53:00,21361.0,21361.0,21344.0,21346.0,242
TX,202504,2025-04-02 21:54:00,21346.0,21353.0,21342.0,21342.0,253
TX,202504,2025-04-02 21:55:00,21342.0,21351.0,21338.0,21341.0,234
TX,202504,2025-04-02 21:56:00,21340.0,21343.0,21318.0,21336.0,685
TX,202504,2025-04-02 21:57:00,21337.0,21339.0,21327.0,21336.0,87
TX,202504,2025-04-02 21:58:00,21336.0,21338.0,21325.0,21332.0,78
TX,202504,2025-04-02 21:59:00,21331.0,21337.0,21325.0,21325.0,116
TX,202504,2025-04-02 22:00:00,21323.0,21346.0,21314.0,21346.0,298
TX,202504,2025-04-02 22:01:00,21346.0,21358.0,21344.0,21347.0,215
TX,202504,2025-04-02 22:02:00,21350.0,21378.0,21350.0,21378.0,658
TX,202504,2025-04-02 22:03:00,21377.0,21402.0,21377.0,21398.0,1314
TX,202504,2025-04-02 22:04:00,21399.0,21416.0,21395.0,21408.0,476
TX,202504,2025-04-02 22:05:00,21404.0,21411.0,21390.0,21401.0,284
TX,202504,2025-04-02 22:06:00,21400.0,21413.0,21395.0,21395.0,178
TX,202504,2025-04-02 22:07:00,21394.0,21395.0,21386.0,21387.0,143
TX,202504,2025-04-02 22:08:00,21387.0,21388.0,21367.0,21369.0,289
TX,202504,2025-04-02 22:09:00,21370.0,21370.0,21347.0,21360.0,335
TX,202504,2025-04-02 22:10:00,21360.0,21370.0,21344.0,21345.0,226
TX,202504,2025-04-02 22:11:00,21345.0,21350.0,21331.0,21349.0,248
TX,202504,2025-04-02 22:12:00,21350.0,21362.0,21340.0,21360.0,238
TX,202504,2025-04-02 22:13:00,21360.0,21368.0,21353.0,21357.0,256
TX,202504,2025-04-02 22:14:00,21354.0,21359.0,21341.0,21353.0,161
TX,202504,2025-04-02 22:15:00,21351.0,21357.0,21343.0,21352.0,104
TX,202504,2025-04-02 22:16:00,21351.0,21369.0,21351.0,21366.0,189
TX,202504,2025-04-02 22:17:00,21366.0,21379.0,21362.0,21378.0,215
TX,202504,2025-04-02 22:18:00,21377.0,21380.0,21369.0,21375.0,164
TX,202504,2025-04-02 22:19:00,21374.0,21375.0,21362.0,21372.0,92
TX,202504,2025-04-02 22:20:00,21371.0,21382.0,21369.0,21379.0,151
TX,202504,2025-04-02 22:21:00,21377.0,21380.0,21367.0,21367.0,104
TX,202504,2025-04-02 22:22:00,21370.0,21375.0,21362.0,21367.0,70
TX,202504,2025-04-02 22:23:00,21366.0,21382.0,21364.0,21382.0,134
TX,202504,2025-04-02 22:24:00,21382.0,21396.0,21382.0,21389.0,202
TX,202504,2025-04-02 22:25:00,21389.0,21390.0,21363.0,21366.0,272
TX,202504,2025-04-02 22:26:00,21366.0,21380.0,21357.0,21374.0,162
TX,202504,2025-04-02 22:27:00,21373.0,21378.0,21366.0,21378.0,180
TX,202504,2025-04-02 22:28:00,21379.0,21388.0,21375.0,21387.0,200
TX,202504,2025-04-02 22:29:00,21387.0,21396.0,21385.0,21395.0,135
TX,202504,2025-04-02 22:30:00,21394.0,21399.0,21390.0,21390.0,153
TX,202504,2025-04-02 22:31:00,21387.0,21396.0,21385.0,21394.0,103
TX,202504,2025-04-02 22:32:00,21396.0,21405.0,21393.0,21400.0,220
TX,202504,2025-04-02 22:33:00,21398.0,21402.0,21388.0,21390.0,146
TX,202504,2025-04-02 22:34:00,21391.0,21396.0,21388.0,21389.0,168
TX,202504,2025-04-02 22:35:00,21390.0,21392.0,21377.0,21384.0,250
TX,202504,2025-04-02 22:36:00,21384.0,21385.0,21375.0,21375.0,109
TX,202504,2025-04-02 22:37:00,21378.0,21382.0,21374.0,21377.0,76
TX,202504,2025-04-02 22:38:00,21377.0,21380.0,21367.0,21372.0,207
TX,202504,2025-04-02 22:39:00,21374.0,21393.0,21374.0,21392.0,148
TX,202504,2025-04-02 22:40:00,21390.0,21394.0,21376.0,21386.0,109
TX,202504,2025-04-02 22:41:00,21386.0,21407.0,21386.0,21402.0,239
TX,202504,2025-04-02 22:42:00,21403.0,21405.0,21387.0,21389.0,115
TX,202504,2025-04-02 22:43:00,21390.0,21394.0,21377.0,21377.0,92
TX,202504,2025-04-02 22:44:00,21376.0,21379.0,21368.0,21375.0,166
TX,202504,2025-04-02 22:45:00,21374.0,21393.0,21374.0,21390.0,74
TX,202504,2025-04-02 22:46:00,21391.0,21393.0,21386.0,21393.0,69
TX,202504,2025-04-02 22:47:00,21394.0,21398.0,21379.0,21382.0,142
TX,202504,2025-04-02 22:48:00,21385.0,21392.0,21376.0,21382.0,107
TX,202504,2025-04-02 22:49:00,21381.0,21393.0,21380.0,21392.0,67
TX,202504,2025-04-02 22:50:00,21393.0,21403.0,21393.0,21403.0,150
TX,202504,2025-04-02 22:51:00,21403.0,21410.0,21398.0,21398.0,228
TX,202504,2025-04-02 22:52:00,21397.0,21409.0,21397.0,21402.0,64
TX,202504,2025-04-02 22:53:00,21404.0,21404.0,21394.0,21394.0,78
TX,202504,2025-04-02 22:54:00,21395.0,21400.0,21392.0,21397.0,50
TX,202504,2025-04-02 22:55:00,21395.0,21405.0,21392.0,21400.0,106
TX,202504,2025-04-02 22:56:00,21399.0,21409.0,21395.0,21407.0,83
TX,202504,2025-04-02 22:57:00,21405.0,21425.0,21405.0,21425.0,340
TX,202504,2025-04-02 22:58:00,21425.0,21436.0,21424.0,21429.0,316
TX,202504,2025-04-02 22:59:00,21428.0,21435.0,21428.0,21434.0,162
TX,202504,2025-04-02 23:00:00,21434.0,21442.0,21408.0,21414.0,515
TX,202504,2025-04-02 23:01:00,21414.0,21420.0,21409.0,21410.0,150
TX,202504,2025-04-02 23:02:00,21409.0,21419.0,21407.0,21408.0,171
TX,202504,2025-04-02 23:03:00,21410.0,21427.0,21408.0,21424.0,144
TX,202504,2025-04-02 23:04:00,21424.0,21432.0,21423.0,21429.0,126
TX,202504,2025-04-02 23:05:00,21428.0,21435.0,21427.0,21434.0,82
TX,202504,2025-04-02 23:06:00,21435.0,21436.0,21422.0,21429.0,66
TX,202504,2025-04-02 23:07:00,21430.0,21439.0,21430.0,21437.0,88
TX,202504,2025-04-02 23:08:00,21438.0,21441.0,21431.0,21438.0,208
TX,202504,2025-04-02 23:09:00,21438.0,21440.0,21434.0,21434.0,50
TX,202504,2025-04-02 23:10:00,21434.0,21437.0,21427.0,21429.0,139
TX,202504,2025-04-02 23:11:00,21430.0,21430.0,21417.0,21420.0,113
TX,202504,2025-04-02 23:12:00,21419.0,21423.0,21407.0,21412.0,124
TX,202504,2025-04-02 23:13:00,21407.0,21409.0,21399.0,21401.0,198
TX,202504,2025-04-02 23:14:00,21399.0,21404.0,21397.0,21402.0,97
TX,202504,2025-04-02 23:15:00,21401.0,21405.0,21398.0,21405.0,111
TX,202504,2025-04-02 23:16:00,21404.0,21407.0,21397.0,21404.0,108
TX,202504,2025-04-02 23:17:00,21405.0,21409.0,21400.0,21406.0,87
TX,202504,2025-04-02 23:18:00,21408.0,21422.0,21408.0,21419.0,109
TX,202504,2025-04-02 23:19:00,21420.0,21430.0,21419.0,21430.0,82
TX,202504,2025-04-02 23:20:00,21426.0,21448.0,21426.0,21448.0,321
TX,202504,2025-04-02 23:21:00,21449.0,21453.0,21445.0,21448.0,284
TX,202504,2025-04-02 23:22:00,21447.0,21450.0,21441.0,21446.0,88
TX,202504,2025-04-02 23:23:00,21448.0,21460.0,21446.0,21457.0,271
TX,202504,2025-04-02 23:24:00,21459.0,21463.0,21454.0,21460.0,138
TX,202504,2025-04-02 23:25:00,21461.0,21475.0,21458.0,21472.0,319
TX,202504,2025-04-02 23:26:00,21472.0,21480.0,21470.0,21475.0,192
TX,202504,2025-04-02 23:27:00,21478.0,21482.0,21476.0,21480.0,133
TX,202504,2025-04-02 23:28:00,21482.0,21485.0,21470.0,21472.0,251
TX,202504,2025-04-02 23:29:00,21471.0,21479.0,21470.0,21477.0,135
TX,202504,2025-04-02 23:30:00,21475.0,21479.0,21471.0,21475.0,164
TX,202504,2025-04-02 23:31:00,21475.0,21477.0,21471.0,21474.0,57
TX,202504,2025-04-02 23:32:00,21475.0,21482.0,21471.0,21472.0,126
TX,202504,2025-04-02 23:33:00,21473.0,21480.0,21472.0,21480.0,47
TX,202504,2025-04-02 23:34:00,21479.0,21482.0,21475.0,21476.0,66
TX,202504,2025-04-02 23:35:00,21476.0,21476.0,21462.0,21466.0,151
TX,202504,2025-04-02 23:36:00,21466.0,21481.0,21466.0,21478.0,138
TX,202504,2025-04-02 23:37:00,21477.0,21482.0,21475.0,21475.0,120
TX,202504,2025-04-02 23:38:00,21475.0,21480.0,21475.0,21479.0,68
TX,202504,2025-04-02 23:39:00,21476.0,21478.0,21472.0,21475.0,63
TX,202504,2025-04-02 23:40:00,21475.0,21481.0,21472.0,21480.0,78
TX,202504,2025-04-02 23:41:00,21479.0,21479.0,21462.0,21467.0,123
TX,202504,2025-04-02 23:42:00,21466.0,21479.0,21465.0,21474.0,52
TX,202504,2025-04-02 23:43:00,21475.0,21475.0,21468.0,21470.0,21
TX,202504,2025-04-02 23:44:00,21471.0,21471.0,21460.0,21462.0,74
TX,202504,2025-04-02 23:45:00,21461.0,21466.0,21453.0,21458.0,185
TX,202504,2025-04-02 23:46:00,21457.0,21457.0,21450.0,21457.0,106
TX,202504,2025-04-02 23:47:00,21457.0,21462.0,21448.0,21451.0,90
TX,202504,2025-04-02 23:48:00,21452.0,21454.0,21445.0,21450.0,128
TX,202504,2025-04-02 23:49:00,21449.0,21452.0,21445.0,21447.0,80
TX,202504,2025-04-02 23:50:00,21450.0,21450.0,21441.0,21444.0,144
TX,202504,2025-04-02 23:51:00,21443.0,21445.0,21433.0,21433.0,151
TX,202504,2025-04-02 23:52:00,21434.0,21454.0,21434.0,21454.0,110
TX,202504,2025-04-02 23:53:00,21454.0,21454.0,21445.0,21447.0,47
TX,202504,2025-04-02 23:54:00,21451.0,21455.0,21448.0,21453.0,76
TX,202504,2025-04-02 23:55:00,21451.0,21466.0,21448.0,21463.0,104
TX,202504,2025-04-02 23:56:00,21463.0,21465.0,21451.0,21456.0,54
TX,202504,2025-04-02 23:57:00,21455.0,21465.0,21453.0,21464.0,63
TX,202504,2025-04-02 23:58:00,21465.0,21470.0,21460.0,21460.0,99
TX,202504,2025-04-02 23:59:00,21463.0,21464.0,21456.0,21457.0,29
TX,202504,2025-04-03 00:00:00,21458.0,21464.0,21456.0,21457.0,98
TX,202504,2025-04-03 00:01:00,21459.0,21464.0,21456.0,21463.0,36
TX,202504,2025-04-03 00:02:00,21464.0,21467.0,21463.0,21466.0,38
TX,202504,2025-04-03 00:03:00,21467.0,21467.0,21452.0,21455.0,63
TX,202504,2025-04-03 00:04:00,21456.0,21462.0,21455.0,21456.0,56
TX,202504,2025-04-03 00:05:00,21458.0,21465.0,21456.0,21465.0,61
TX,202504,2025-04-03 00:06:00,21464.0,21467.0,21456.0,21456.0,53
TX,202504,2025-04-03 00:07:00,21456.0,21463.0,21455.0,21458.0,56
TX,202504,2025-04-03 00:08:00,21456.0,21464.0,21456.0,21464.0,33
TX,202504,2025-04-03 00:09:00,21463.0,21464.0,21461.0,21461.0,9
TX,202504,2025-04-03 00:10:00,21465.0,21480.0,21464.0,21480.0,156
TX,202504,2025-04-03 00:11:00,21480.0,21484.0,21478.0,21481.0,130
TX,202504,2025-04-03 00:12:00,21483.0,21506.0,21482.0,21500.0,478
TX,202504,2025-04-03 00:13:00,21498.0,21501.0,21494.0,21495.0,93
TX,202504,2025-04-03 00:14:00,21497.0,21498.0,21493.0,21498.0,50
TX,202504,2025-04-03 00:15:00,21497.0,21505.0,21496.0,21505.0,107
TX,202504,2025-04-03 00:16:00,21505.0,21507.0,21497.0,21500.0,146
TX,202504,2025-04-03 00:17:00,21500.0,21505.0,21499.0,21504.0,67
TX,202504,2025-04-03 00:18:00,21505.0,21511.0,21504.0,21505.0,136
TX,202504,2025-04-03 00:19:00,21504.0,21507.0,21500.0,21507.0,76
TX,202504,2025-04-03 00:20:00,21506.0,21509.0,21497.0,21508.0,95
TX,202504,2025-04-03 00:21:00,21507.0,21512.0,21506.0,21510.0,92
TX,202504,2025-04-03 00:22:00,21512.0,21515.0,21511.0,21514.0,70
TX,202504,2025-04-03 00:23:00,21514.0,21516.0,21512.0,21516.0,50
TX,202504,2025-04-03 00:24:00,21515.0,21519.0,21514.0,21519.0,117
TX,202504,2025-04-03 00:25:00,21519.0,21520.0,21511.0,21512.0,98
TX,202504,2025-04-03 00:26:00,21510.0,21519.0,21509.0,21513.0,131
TX,202504,2025-04-03 00:27:00,21513.0,21517.0,21513.0,21515.0,45
TX,202504,2025-04-03 00:28:00,21518.0,21521.0,21517.0,21520.0,72
TX,202504,2025-04-03 00:29:00,21521.0,21535.0,21520.0,21535.0,245
TX,202504,2025-04-03 00:30:00,21533.0,21536.0,21522.0,21527.0,134
TX,202504,2025-04-03 00:31:00,21527.0,21532.0,21526.0,21526.0,91
TX,202504,2025-04-03 00:32:00,21527.0,21533.0,21526.0,21533.0,43
TX,202504,2025-04-03 00:33:00,21532.0,21534.0,21524.0,21524.0,98
TX,202504,2025-04-03 00:34:00,21524.0,21529.0,21523.0,21527.0,61
TX,202504,2025-04-03 00:35:00,21526.0,21529.0,21520.0,21520.0,49
TX,202504,2025-04-03 00:36:00,21520.0,21523.0,21516.0,21516.0,116
TX,202504,2025-04-03 00:37:00,21516.0,21516.0,21504.0,21507.0,151
TX,202504,2025-04-03 00:38:00,21507.0,21511.0,21505.0,21506.0,74
TX,202504,2025-04-03 00:39:00,21507.0,21520.0,21506.0,21519.0,81
TX,202504,2025-04-03 00:40:00,21519.0,21521.0,21507.0,21507.0,49
TX,202504,2025-04-03 00:41:00,21506.0,21517.0,21502.0,21517.0,70
TX,202504,2025-04-03 00:42:00,21515.0,21516.0,21512.0,21516.0,37
TX,202504,2025-04-03 00:43:00,21516.0,21519.0,21511.0,21519.0,21
TX,202504,2025-04-03 00:44:00,21520.0,21525.0,21519.0,21523.0,71
TX,202504,2025-04-03 00:45:00,21522.0,21524.0,21522.0,21522.0,8
TX,202504,2025-04-03 00:46:00,21521.0,21521.0,21512.0,21516.0,56
TX,202504,2025-04-03 00:47:00,21516.0,21525.0,21516.0,21524.0,48
TX,202504,2025-04-03 00:48:00,21525.0,21526.0,21524.0,21526.0,35
TX,202504,2025-04-03 00:49:00,21525.0,21541.0,21525.0,21538.0,152
TX,202504,2025-04-03 00:50:00,21538.0,21543.0,21536.0,21536.0,130
TX,202504,2025-04-03 00:51:00,21536.0,21541.0,21530.0,21537.0,123
TX,202504,2025-04-03 00:52:00,21537.0,21539.0,21513.0,21516.0,111
TX,202504,2025-04-03 00:53:00,21514.0,21527.0,21514.0,21526.0,59
TX,202504,2025-04-03 00:54:00,21527.0,21537.0,21527.0,21532.0,101
TX,202504,2025-04-03 00:55:00,21531.0,21538.0,21527.0,21538.0,41
TX,202504,2025-04-03 00:56:00,21539.0,21540.0,21526.0,21528.0,56
TX,202504,2025-04-03 00:57:00,21526.0,21528.0,21524.0,21528.0,49
TX,202504,2025-04-03 00:58:00,21527.0,21533.0,21525.0,21525.0,31
TX,202504,2025-04-03 00:59:00,21525.0,21536.0,21524.0,21534.0,47
TX,202504,2025-04-03 01:00:00,21531.0,21547.0,21531.0,21541.0,241
TX,202504,2025-04-03 01:01:00,21540.0,21545.0,21536.0,21543.0,45
TX,202504,2025-04-03 01:02:00,21541.0,21544.0,21538.0,21544.0,39
TX,202504,2025-04-03 01:03:00,21545.0,21549.0,21544.0,21547.0,77
TX,202504,2025-04-03 01:04:00,21546.0,21555.0,21546.0,21552.0,239
TX,202504,2025-04-03 01:05:00,21552.0,21555.0,21549.0,21551.0,98
TX,202504,2025-04-03 01:06:00,21553.0,21556.0,21550.0,21556.0,52
TX,202504,2025-04-03 01:07:00,21555.0,21557.0,21552.0,21555.0,55
TX,202504,2025-04-03 01:08:00,21555.0,21557.0,21552.0,21554.0,35
TX,202504,2025-04-03 01:09:00,21556.0,21556.0,21551.0,21552.0,44
TX,202504,2025-04-03 01:10:00,21551.0,21566.0,21551.0,21564.0,212
TX,202504,2025-04-03 01:11:00,21562.0,21572.0,21561.0,21571.0,142
TX,202504,2025-04-03 01:12:00,21571.0,21578.0,21571.0,21574.0,127
TX,202504,2025-04-03 01:13:00,21574.0,21575.0,21561.0,21565.0,159
TX,202504,2025-04-03 01:14:00,21566.0,21569.0,21564.0,21565.0,55
TX,202504,2025-04-03 01:15:00,21564.0,21565.0,21557.0,21558.0,62
TX,202504,2025-04-03 01:16:00,21560.0,21570.0,21560.0,21567.0,53
TX,202504,2025-04-03 01:17:00,21566.0,21566.0,21561.0,21563.0,28
TX,202504,2025-04-03 01:18:00,21564.0,21565.0,21561.0,21562.0,36
TX,202504,2025-04-03 01:19:00,21564.0,21564.0,21559.0,21561.0,26
TX,202504,2025-04-03 01:20:00,21560.0,21562.0,21553.0,21554.0,70
TX,202504,2025-04-03 01:21:00,21554.0,21554.0,21547.0,21548.0,87
TX,202504,2025-04-03 01:22:00,21547.0,21547.0,21540.0,21540.0,111
TX,202504,2025-04-03 01:23:00,21540.0,21556.0,21540.0,21552.0,139
TX,202504,2025-04-03 01:24:00,21552.0,21553.0,21548.0,21551.0,60
TX,202504,2025-04-03 01:25:00,21550.0,21552.0,21541.0,21542.0,93
TX,202504,2025-04-03 01:26:00,21545.0,21545.0,21537.0,21537.0,78
TX,202504,2025-04-03 01:27:00,21538.0,21541.0,21535.0,21535.0,77
TX,202504,2025-04-03 01:28:00,21538.0,21548.0,21536.0,21546.0,79
TX,202504,2025-04-03 01:29:00,21544.0,21544.0,21533.0,21533.0,63
TX,202504,2025-04-03 01:30:00,21533.0,21535.0,21520.0,21522.0,151
TX,202504,2025-04-03 01:31:00,21520.0,21523.0,21511.0,21514.0,168
TX,202504,2025-04-03 01:32:00,21514.0,21520.0,21505.0,21505.0,99
TX,202504,2025-04-03 01:33:00,21505.0,21513.0,21500.0,21511.0,160
TX,202504,2025-04-03 01:34:00,21511.0,21519.0,21507.0,21511.0,158
TX,202504,2025-04-03 01:35:00,21511.0,21512.0,21501.0,21504.0,113
TX,202504,2025-04-03 01:36:00,21502.0,21505.0,21493.0,21495.0,174
TX,202504,2025-04-03 01:37:00,21494.0,21494.0,21471.0,21472.0,391
TX,202504,2025-04-03 01:38:00,21476.0,21489.0,21472.0,21486.0,186
TX,202504,2025-04-03 01:39:00,21485.0,21486.0,21469.0,21483.0,218
TX,202504,2025-04-03 01:40:00,21483.0,21490.0,21475.0,21475.0,83
TX,202504,2025-04-03 01:41:00,21474.0,21476.0,21468.0,21472.0,51
TX,202504,2025-04-03 01:42:00,21470.0,21472.0,21462.0,21467.0,128
TX,202504,2025-04-03 01:43:00,21466.0,21475.0,21462.0,21465.0,163
TX,202504,2025-04-03 01:44:00,21464.0,21477.0,21457.0,21473.0,250
TX,202504,2025-04-03 01:45:00,21473.0,21473.0,21447.0,21447.0,259
TX,202504,2025-04-03 01:46:00,21448.0,21453.0,21439.0,21443.0,269
TX,202504,2025-04-03 01:47:00,21443.0,21457.0,21443.0,21453.0,123
TX,202504,2025-04-03 01:48:00,21452.0,21452.0,21432.0,21436.0,106
TX,202504,2025-04-03 01:49:00,21434.0,21448.0,21430.0,21446.0,116
TX,202504,2025-04-03 01:50:00,21447.0,21447.0,21434.0,21435.0,75
TX,202504,2025-04-03 01:51:00,21436.0,21442.0,21435.0,21436.0,87
TX,202504,2025-04-03 01:52:00,21436.0,21436.0,21410.0,21411.0,418
TX,202504,2025-04-03 01:53:00,21412.0,21429.0,21411.0,21427.0,313
TX,202504,2025-04-03 01:54:00,21426.0,21439.0,21423.0,21432.0,160
TX,202504,2025-04-03 01:55:00,21436.0,21448.0,21436.0,21447.0,108
TX,202504,2025-04-03 01:56:00,21446.0,21447.0,21435.0,21437.0,140
TX,202504,2025-04-03 01:57:00,21438.0,21438.0,21432.0,21438.0,102
TX,202504,2025-04-03 01:58:00,21437.0,21438.0,21423.0,21427.0,111
TX,202504,2025-04-03 01:59:00,21425.0,21434.0,21422.0,21434.0,107
TX,202504,2025-04-03 02:00:00,21433.0,21434.0,21423.0,21425.0,170
TX,202504,2025-04-03 02:01:00,21431.0,21434.0,21417.0,21427.0,140
TX,202504,2025-04-03 02:02:00,21427.0,21430.0,21418.0,21425.0,120
TX,202504,2025-04-03 02:03:00,21427.0,21445.0,21422.0,21425.0,163
TX,202504,2025-04-03 02:04:00,21428.0,21428.0,21414.0,21414.0,111
TX,202504,2025-04-03 02:05:00,21414.0,21415.0,21373.0,21375.0,775
TX,202504,2025-04-03 02:06:00,21375.0,21395.0,21368.0,21391.0,336
TX,202504,2025-04-03 02:07:00,21393.0,21393.0,21374.0,21383.0,235
TX,202504,2025-04-03 02:08:00,21383.0,21390.0,21383.0,21384.0,72
TX,202504,2025-04-03 02:09:00,21386.0,21386.0,21373.0,21378.0,145
TX,202504,2025-04-03 02:10:00,21380.0,21380.0,21364.0,21373.0,192
TX,202504,2025-04-03 02:11:00,21375.0,21382.0,21370.0,21377.0,105
TX,202504,2025-04-03 02:12:00,21379.0,21389.0,21375.0,21389.0,99
TX,202504,2025-04-03 02:13:00,21390.0,21404.0,21388.0,21399.0,116
TX,202504,2025-04-03 02:14:00,21395.0,21398.0,21383.0,21387.0,123
TX,202504,2025-04-03 02:15:00,21385.0,21394.0,21384.0,21391.0,112
TX,202504,2025-04-03 02:16:00,21389.0,21389.0,21377.0,21377.0,107
TX,202504,2025-04-03 02:17:00,21377.0,21391.0,21376.0,21391.0,83
TX,202504,2025-04-03 02:18:00,21389.0,21390.0,21376.0,21381.0,62
TX,202504,2025-04-03 02:19:00,21380.0,21381.0,21375.0,21380.0,57
TX,202504,2025-04-03 02:20:00,21380.0,21387.0,21376.0,21387.0,86
TX,202504,2025-04-03 02:21:00,21384.0,21384.0,21375.0,21380.0,24
TX,202504,2025-04-03 02:22:00,21383.0,21391.0,21383.0,21384.0,119
TX,202504,2025-04-03 02:23:00,21385.0,21386.0,21372.0,21372.0,69
TX,202504,2025-04-03 02:24:00,21371.0,21371.0,21359.0,21368.0,145
TX,202504,2025-04-03 02:25:00,21366.0,21374.0,21355.0,21371.0,130
TX,202504,2025-04-03 02:26:00,21370.0,21377.0,21367.0,21377.0,47
TX,202504,2025-04-03 02:27:00,21375.0,21379.0,21364.0,21365.0,41
TX,202504,2025-04-03 02:28:00,21364.0,21364.0,21343.0,21343.0,396
TX,202504,2025-04-03 02:29:00,21343.0,21346.0,21331.0,21332.0,184
TX,202504,2025-04-03 02:30:00,21331.0,21359.0,21325.0,21358.0,206
TX,202504,2025-04-03 02:31:00,21356.0,21357.0,21343.0,21356.0,150
TX,202504,2025-04-03 02:32:00,21356.0,21356.0,21345.0,21352.0,71
TX,202504,2025-04-03 02:33:00,21352.0,21361.0,21351.0,21361.0,63
TX,202504,2025-04-03 02:34:00,21362.0,21365.0,21357.0,21362.0,70
TX,202504,2025-04-03 02:35:00,21360.0,21383.0,21355.0,21380.0,173
TX,202504,2025-04-03 02:36:00,21382.0,21400.0,21379.0,21400.0,233
TX,202504,2025-04-03 02:37:00,21400.0,21401.0,21393.0,21400.0,51
TX,202504,2025-04-03 02:38:00,21402.0,21408.0,21398.0,21407.0,77
TX,202504,2025-04-03 02:39:00,21407.0,21412.0,21403.0,21410.0,125
TX,202504,2025-04-03 02:40:00,21412.0,21421.0,21409.0,21420.0,193
TX,202504,2025-04-03 02:41:00,21421.0,21433.0,21421.0,21429.0,295
TX,202504,2025-04-03 02:42:00,21431.0,21434.0,21415.0,21420.0,133
TX,202504,2025-04-03 02:43:00,21419.0,21421.0,21408.0,21411.0,126
TX,202504,2025-04-03 02:44:00,21412.0,21416.0,21406.0,21415.0,121
TX,202504,2025-04-03 02:45:00,21414.0,21418.0,21411.0,21413.0,29
TX,202504,2025-04-03 02:46:00,21416.0,21419.0,21409.0,21413.0,39
TX,202504,2025-04-03 02:47:00,21413.0,21413.0,21385.0,21387.0,227
TX,202504,2025-04-03 02:48:00,21387.0,21400.0,21387.0,21394.0,76
TX,202504,2025-04-03 02:49:00,21394.0,21402.0,21388.0,21402.0,43
TX,202504,2025-04-03 02:50:00,21398.0,21398.0,21388.0,21388.0,34
TX,202504,2025-04-03 02:51:00,21390.0,21393.0,21378.0,21393.0,79
TX,202504,2025-04-03 02:52:00,21390.0,21390.0,21381.0,21387.0,41
TX,202504,2025-04-03 02:53:00,21387.0,21392.0,21383.0,21392.0,33
TX,202504,2025-04-03 02:54:00,21391.0,21396.0,21391.0,21393.0,45
TX,202504,2025-04-03 02:55:00,21388.0,21388.0,21380.0,21382.0,41
TX,202504,2025-04-03 02:56:00,21382.0,21382.0,21368.0,21368.0,92
TX,202504,2025-04-03 02:57:00,21368.0,21369.0,21360.0,21362.0,117
TX,202504,2025-04-03 02:58:00,21362.0,21367.0,21352.0,21355.0,102
TX,202504,2025-04-03 02:59:00,21354.0,21357.0,21344.0,21344.0,110
TX,202504,2025-04-03 03:00:00,21349.0,21394.0,21347.0,21380.0,223
TX,202504,2025-04-03 03:01:00,21381.0,21400.0,21379.0,21398.0,86
TX,202504,2025-04-03 03:02:00,21397.0,21402.0,21387.0,21399.0,65
TX,202504,2025-04-03 03:03:00,21399.0,21404.0,21396.0,21397.0,51
TX,202504,2025-04-03 03:04:00,21400.0,21402.0,21394.0,21398.0,29
TX,202504,2025-04-03 03:05:00,21397.0,21400.0,21386.0,21390.0,55
TX,202504,2025-04-03 03:06:00,21388.0,21391.0,21378.0,21389.0,79
TX,202504,2025-04-03 03:07:00,21392.0,21399.0,21383.0,21384.0,76
TX,202504,2025-04-03 03:08:00,21382.0,21388.0,21373.0,21385.0,69
TX,202504,2025-04-03 03:09:00,21385.0,21388.0,21379.0,21379.0,31
TX,202504,2025-04-03 03:10:00,21381.0,21381.0,21369.0,21370.0,46
TX,202504,2025-04-03 03:11:00,21378.0,21378.0,21368.0,21372.0,43
TX,202504,2025-04-03 03:12:00,21371.0,21389.0,21369.0,21385.0,50
TX,202504,2025-04-03 03:13:00,21388.0,21390.0,21376.0,21381.0,36
TX,202504,2025-04-03 03:14:00,21378.0,21378.0,21368.0,21368.0,46
TX,202504,2025-04-03 03:15:00,21368.0,21369.0,21360.0,21366.0,79
TX,202504,2025-04-03 03:16:00,21367.0,21377.0,21366.0,21376.0,41
TX,202504,2025-04-03 03:17:00,21375.0,21379.0,21368.0,21368.0,34
TX,202504,2025-04-03 03:18:00,21369.0,21369.0,21360.0,21362.0,57
TX,202504,2025-04-03 03:19:00,21361.0,21363.0,21355.0,21363.0,34
TX,202504,2025-04-03 03:20:00,21367.0,21379.0,21363.0,21373.0,73
TX,202504,2025-04-03 03:21:00,21371.0,21372.0,21369.0,21369.0,16
TX,202504,2025-04-03 03:22:00,21374.0,21374.0,21365.0,21372.0,25
TX,202504,2025-04-03 03:23:00,21375.0,21391.0,21374.0,21389.0,45
TX,202504,2025-04-03 03:24:00,21391.0,21405.0,21391.0,21400.0,131
TX,202504,2025-04-03 03:25:00,21400.0,21400.0,21378.0,21378.0,79
TX,202504,2025-04-03 03:26:00,21380.0,21398.0,21380.0,21398.0,45
TX,202504,2025-04-03 03:27:00,21398.0,21412.0,21398.0,21410.0,75
TX,202504,2025-04-03 03:28:00,21410.0,21420.0,21410.0,21419.0,86
TX,202504,2025-04-03 03:29:00,21420.0,21420.0,21409.0,21412.0,70
TX,202504,2025-04-03 03:30:00,21408.0,21408.0,21392.0,21403.0,109
TX,202504,2025-04-03 03:31:00,21401.0,21421.0,21401.0,21420.0,62
TX,202504,2025-04-03 03:32:00,21419.0,21424.0,21414.0,21420.0,110
TX,202504,2025-04-03 03:33:00,21421.0,21445.0,21419.0,21441.0,209
TX,202504,2025-04-03 03:34:00,21440.0,21452.0,21438.0,21449.0,184
TX,202504,2025-04-03 03:35:00,21446.0,21453.0,21433.0,21452.0,86
TX,202504,2025-04-03 03:36:00,21450.0,21451.0,21441.0,21445.0,48
TX,202504,2025-04-03 03:37:00,21443.0,21447.0,21438.0,21439.0,34
TX,202504,2025-04-03 03:38:00,21441.0,21445.0,21436.0,21436.0,35
TX,202504,2025-04-03 03:39:00,21440.0,21441.0,21435.0,21436.0,56
TX,202504,2025-04-03 03:40:00,21435.0,21458.0,21435.0,21455.0,120
TX,202504,2025-04-03 03:41:00,21456.0,21458.0,21452.0,21455.0,42
TX,202504,2025-04-03 03:42:00,21457.0,21476.0,21457.0,21466.0,168
TX,202504,2025-04-03 03:43:00,21467.0,21478.0,21467.0,21477.0,60
TX,202504,2025-04-03 03:44:00,21474.0,21487.0,21472.0,21481.0,140
TX,202504,2025-04-03 03:45:00,21481.0,21491.0,21479.0,21490.0,85
TX,202504,2025-04-03 03:46:00,21491.0,21508.0,21491.0,21500.0,209
TX,202504,2025-04-03 03:47:00,21500.0,21501.0,21484.0,21495.0,98
TX,202504,2025-04-03 03:48:00,21497.0,21502.0,21492.0,21495.0,55
TX,202504,2025-04-03 03:49:00,21495.0,21501.0,21475.0,21484.0,108
TX,202504,2025-04-03 03:50:00,21485.0,21491.0,21465.0,21482.0,198
TX,202504,2025-04-03 03:51:00,21482.0,21493.0,21473.0,21490.0,69
TX,202504,2025-04-03 03:52:00,21490.0,21499.0,21479.0,21483.0,87
TX,202504,2025-04-03 03:53:00,21485.0,21496.0,21480.0,21495.0,36
TX,202504,2025-04-03 03:54:00,21494.0,21495.0,21478.0,21481.0,111
TX,202504,2025-04-03 03:55:00,21485.0,21493.0,21482.0,21490.0,42
TX,202504,2025-04-03 03:56:00,21489.0,21495.0,21478.0,21481.0,52
TX,202504,2025-04-03 03:57:00,21487.0,21489.0,21484.0,21486.0,27
TX,202504,2025-04-03 03:58:00,21486.0,21489.0,21478.0,21479.0,40
TX,202504,2025-04-03 03:59:00,21477.0,21483.0,21463.0,21477.0,153
TX,202504,2025-04-03 04:00:00,21476.0,21487.0,21471.0,21478.0,148
TX,202504,2025-04-03 04:01:00,21478.0,21479.0,21469.0,21473.0,66
TX,202504,2025-04-03 04:02:00,21474.0,21475.0,21459.0,21462.0,179
TX,202504,2025-04-03 04:03:00,21463.0,21466.0,21443.0,21445.0,157
TX,202504,2025-04-03 04:04:00,21445.0,21450.0,21440.0,21442.0,76
TX,202504,2025-04-03 04:05:00,21444.0,21453.0,21441.0,21451.0,67
TX,202504,2025-04-03 04:06:00,21452.0,21465.0,21451.0,21465.0,38
TX,202504,2025-04-03 04:07:00,21461.0,21462.0,21442.0,21445.0,105
TX,202504,2025-04-03 04:08:00,21444.0,21446.0,21420.0,21440.0,311
TX,202504,2025-04-03 04:09:00,21443.0,21447.0,21438.0,21446.0,41
TX,202504,2025-04-03 04:10:00,21444.0,21462.0,21443.0,21455.0,79
TX,202504,2025-04-03 04:11:00,21452.0,21453.0,21396.0,21406.0,208
TX,202504,2025-04-03 04:12:00,21410.0,21431.0,21401.0,21424.0,89
TX,202504,2025-04-03 04:13:00,21423.0,21560.0,21411.0,21550.0,449
TX,202504,2025-04-03 04:14:00,21559.0,21593.0,21546.0,21576.0,441
TX,202504,2025-04-03 04:15:00,21575.0,21594.0,21561.0,21576.0,299
TX,202504,2025-04-03 04:16:00,21578.0,21637.0,21567.0,21637.0,709
TX,202504,2025-04-03 04:17:00,21635.0,21668.0,21629.0,21647.0,698
TX,202504,2025-04-03 04:18:00,21640.0,21643.0,21422.0,21474.0,615
TX,202504,2025-04-03 04:19:00,21473.0,21574.0,21462.0,21574.0,429
TX,202504,2025-04-03 04:20:00,21580.0,21611.0,21552.0,21610.0,506
TX,202504,2025-04-03 04:21:00,21612.0,21624.0,21558.0,21598.0,265
TX,202504,2025-04-03 04:22:00,21596.0,21623.0,21587.0,21595.0,169
TX,202504,2025-04-03 04:23:00,21592.0,21605.0,21577.0,21598.0,75
TX,202504,2025-04-03 04:24:00,21598.0,21602.0,21587.0,21600.0,49
TX,202504,2025-04-03 04:25:00,21600.0,21606.0,21533.0,21578.0,613
TX,202504,2025-04-03 04:26:00,21587.0,21595.0,21515.0,21535.0,239
TX,202504,2025-04-03 04:27:00,21536.0,21536.0,21391.0,21397.0,972
TX,202504,2025-04-03 04:28:00,21392.0,21392.0,21256.0,21281.0,1158
TX,202504,2025-04-03 04:29:00,21281.0,21320.0,21200.0,21202.0,855
TX,202504,2025-04-03 04:30:00,21204.0,21209.0,21006.0,21053.0,1523
TX,202504,2025-04-03 04:31:00,21048.0,21193.0,21020.0,21179.0,541
TX,202504,2025-04-03 04:32:00,21179.0,21195.0,21096.0,21128.0,554
TX,202504,2025-04-03 04:33:00,21127.0,21195.0,21119.0,21160.0,305
TX,202504,2025-04-03 04:34:00,21146.0,21158.0,21109.0,21115.0,213
TX,202504,2025-04-03 04:35:00,21113.0,21123.0,21079.0,21102.0,273
TX,202504,2025-04-03 04:36:00,21099.0,21099.0,21056.0,21056.0,258
TX,202504,2025-04-03 04:37:00,21055.0,21092.0,21015.0,21015.0,321
TX,202504,2025-04-03 04:38:00,21015.0,21046.0,20997.0,21032.0,338
TX,202504,2025-04-03 04:39:00,21035.0,21074.0,21028.0,21040.0,265
TX,202504,2025-04-03 04:40:00,21037.0,21041.0,20981.0,20998.0,488
TX,202504,2025-04-03 04:41:00,20995.0,21028.0,20984.0,21009.0,302
TX,202504,2025-04-03 04:42:00,21004.0,21017.0,20983.0,20993.0,166
TX,202504,2025-04-03 04:43:00,20990.0,20993.0,20940.0,20943.0,383
TX,202504,2025-04-03 04:44:00,20943.0,20952.0,20900.0,20909.0,595
TX,202504,2025-04-03 04:45:00,20910.0,20923.0,20838.0,20904.0,712
TX,202504,2025-04-03 04:46:00,20903.0,20904.0,20860.0,20893.0,222
TX,202504,2025-04-03 04:47:00,20891.0,20922.0,20887.0,20890.0,279
TX,202504,2025-04-03 04:48:00,20888.0,20888.0,20808.0,20824.0,544
TX,202504,2025-04-03 04:49:00,20824.0,20880.0,20814.0,20875.0,379
TX,202504,2025-04-03 04:50:00,20869.0,20877.0,20834.0,20838.0,189
TX,202504,2025-04-03 04:51:00,20838.0,20866.0,20833.0,20866.0,103
TX,202504,2025-04-03 04:52:00,20865.0,20875.0,20835.0,20841.0,231
TX,202504,2025-04-03 04:53:00,20839.0,20873.0,20837.0,20845.0,195
TX,202504,2025-04-03 04:54:00,20845.0,20859.0,20845.0,20859.0,56
TX,202504,2025-04-03 04:55:00,20856.0,20868.0,20850.0,20855.0,79
TX,202504,2025-04-03 04:56:00,20854.0,20863.0,20845.0,20855.0,222
TX,202504,2025-04-03 04:57:00,20860.0,20877.0,20855.0,20866.0,109
TX,202504,2025-04-03 04:58:00,20865.0,20878.0,20860.0,20869.0,126
TX,202504,2025-04-03 04:59:00,20870.0,20878.0,20843.0,20859.0,200
TX,202504/202505,2025-04-03 02:07:00,16.0,16.0,16.0,16.0,8
TX,202505,2025-04-02 15:01:00,21338.0,21340.0,21338.0,21340.0,3
TX,202505,2025-04-02 15:02:00,21356.0,21356.0,21356.0,21356.0,1
TX,202505,2025-04-02 15:03:00,21350.0,21350.0,21350.0,21350.0,2
TX,202505,2025-04-02 15:05:00,21341.0,21341.0,21341.0,21341.0,1
TX,202505,2025-04-02 15:08:00,21322.0,21322.0,21322.0,21322.0,1
TX,202505,2025-04-02 15:09:00,21318.0,21328.0,21318.0,21328.0,3
TX,202505,2025-04-02 15:14:00,21325.0,21325.0,21325.0,21325.0,1
TX,202505,2025-04-02 15:16:00,21325.0,21325.0,21325.0,21325.0,1
TX,202505,2025-04-02 15:20:00,21332.0,21332.0,21332.0,21332.0,1
TX,202505,2025-04-02 15:25:00,21320.0,21320.0,21318.0,21318.0,4
TX,202505,2025-04-02 15:27:00,21313.0,21325.0,21313.0,21325.0,2
TX,202505,2025-04-02 15:28:00,21320.0,21320.0,21320.0,21320.0,1
TX,202505,2025-04-02 15:29:00,21327.0,21327.0,21327.0,21327.0,1
TX,202505,2025-04-02 15:30:00,21328.0,21328.0,21328.0,21328.0,1
TX,202505,2025-04-02 15:31:00,21323.0,21323.0,21323.0,21323.0,1
TX,202505,2025-04-02 15:33:00,21332.0,21332.0,21332.0,21332.0,1
TX,202505,2025-04-02 15:34:00,21334.0,21334.0,21334.0,21334.0,2
TX,202505,2025-04-02 15:39:00,21315.0,21316.0,21315.0,21316.0,6
TX,202505,2025-04-02 15:40:00,21320.0,21320.0,21320.0,21320.0,1
TX,202505,2025-04-02 15:52:00,21324.0,21324.0,21324.0,21324.0,3
TX,202505,2025-04-02 15:53:00,21324.0,21324.0,21324.0,21324.0,1
TX,202505,2025-04-02 15:55:00,21324.0,21324.0,21324.0,21324.0,1
TX,202505,2025-04-02 16:01:00,21315.0,21315.0,21315.0,21315.0,1
TX,202505,2025-04-02 16:04:00,21308.0,21308.0,21308.0,21308.0,3
TX,202505,2025-04-02 16:05:00,21304.0,21304.0,21304.0,21304.0,1
TX,202505,2025-04-02 16:06:00,21304.0,21304.0,21304.0,21304.0,1
TX,202505,2025-04-02 16:07:00,21301.0,21301.0,21301.0,21301.0,1
TX,202505,2025-04-02 16:08:00,21309.0,21309.0,21309.0,21309.0,1
TX,202505,2025-04-02 16:10:00,21325.0,21326.0,21325.0,21326.0,2
TX,202505,2025-04-02 16:11:00,21330.0,21330.0,21330.0,21330.0,1
TX,202505,2025-04-02 16:15:00,21330.0,21330.0,21330.0,21330.0,1
TX,202505,2025-04-02 16:20:00,21335.0,21335.0,21334.0,21335.0,7
TX,202505,2025-04-02 16:22:00,21349.0,21352.0,21349.0,21350.0,6
TX,202505,2025-04-02 16:24:00,21346.0,21346.0,21346.0,21346.0,3
TX,202505,2025-04-02 16:27:00,21348.0,21351.0,21348.0,21351.0,4
TX,202505,2025-04-02 16:35:00,21340.0,21340.0,21340.0,21340.0,1
TX,202505,2025-04-02 16:45:00,21345.0,21345.0,21345.0,21345.0,1
TX,202505,2025-04-02 16:46:00,21346.0,21346.0,21346.0,21346.0,1
TX,202505,2025-04-02 16:49:00,21350.0,21350.0,21350.0,21350.0,1
TX,202505,2025-04-02 16:50:00,21352.0,21353.0,21352.0,21353.0,4
TX,202505,2025-04-02 16:58:00,21341.0,21341.0,21341.0,21341.0,4
TX,202505,2025-04-02 17:09:00,21355.0,21355.0,21355.0,21355.0,2
TX,202505,2025-04-02 17:10:00,21357.0,21357.0,21357.0,21357.0,2
TX,202505,2025-04-02 17:22:00,21348.0,21348.0,21348.0,21348.0,2
TX,202505,2025-04-02 17:26:00,21345.0,21345.0,21345.0,21345.0,1
TX,202505,2025-04-02 17:31:00,21345.0,21345.0,21345.0,21345.0,1
TX,202505,2025-04-02 17:38:00,21356.0,21356.0,21356.0,21356.0,1
TX,202505,2025-04-02 17:56:00,21335.0,21335.0,21330.0,21330.0,4
TX,202505,2025-04-02 17:58:00,21327.0,21327.0,21326.0,21326.0,2
TX,202505,2025-04-02 17:59:00,21331.0,21331.0,21331.0,21331.0,1
TX,202505,2025-04-02 18:00:00,21335.0,21335.0,21335.0,21335.0,2
TX,202505,2025-04-02 18:02:00,21325.0,21325.0,21303.0,21303.0,7
TX,202505,2025-04-02 18:03:00,21301.0,21301.0,21300.0,21300.0,4
TX,202505,2025-04-02 18:04:00,21301.0,21301.0,21301.0,21301.0,3
TX,202505,2025-04-02 18:07:00,21312.0,21321.0,21312.0,21321.0,3
TX,202505,2025-04-02 18:08:00,21323.0,21324.0,21323.0,21324.0,2
TX,202505,2025-04-02 18:09:00,21326.0,21327.0,21326.0,21327.0,2
TX,202505,2025-04-02 18:11:00,21315.0,21315.0,21315.0,21315.0,1
TX,202505,2025-04-02 18:15:00,21314.0,21319.0,21314.0,21319.0,2
TX,202505,2025-04-02 18:17:00,21326.0,21326.0,21326.0,21326.0,1
TX,202505,2025-04-02 18:21:00,21326.0,21326.0,21326.0,21326.0,1
TX,202505,2025-04-02 18:28:00,21312.0,21312.0,21310.0,21310.0,2
TX,202505,2025-04-02 18:29:00,21305.0,21305.0,21305.0,21305.0,1
TX,202505,2025-04-02 18:31:00,21310.0,21310.0,21310.0,21310.0,1
TX,202505,2025-04-02 18:32:00,21301.0,21301.0,21300.0,21300.0,4
TX,202505,2025-04-02 18:33:00,21296.0,21296.0,21296.0,21296.0,1
TX,202505,2025-04-02 18:36:00,21291.0,21291.0,21291.0,21291.0,1
TX,202505,2025-04-02 18:37:00,21290.0,21290.0,21290.0,21290.0,1
TX,202505,2025-04-02 18:38:00,21296.0,21296.0,21296.0,21296.0,1
TX,202505,2025-04-02 18:39:00,21296.0,21296.0,21296.0,21296.0,2
TX,202505,2025-04-02 18:42:00,21288.0,21288.0,21286.0,21286.0,2
TX,202505,2025-04-02 18:46:00,21302.0,21302.0,21302.0,21302.0,1
TX,202505,2025-04-02 18:47:00,21308.0,21308.0,21308.0,21308.0,2
TX,202505,2025-04-02 18:48:00,21307.0,21307.0,21307.0,21307.0,1
TX,202505,2025-04-02 18:52:00,21306.0,21306.0,21306.0,21306.0,1
TX,202505,2025-04-02 18:55:00,21305.0,21305.0,21305.0,21305.0,2
TX,202505,2025-04-02 18:56:00,21300.0,21300.0,21300.0,21300.0,1
TX,202505,2025-04-02 18:59:00,21286.0,21287.0,21286.0,21287.0,2
TX,202505,2025-04-02 19:00:00,21290.0,21290.0,21290.0,21290.0,1
TX,202505,2025-04-02 19:07:00,21304.0,21304.0,21304.0,21304.0,3
TX,202505,2025-04-02 19:18:00,21305.0,21305.0,21305.0,21305.0,1
TX,202505,2025-04-02 19:29:00,21306.0,21306.0,21306.0,21306.0,1
TX,202505,2025-04-02 19:31:00,21308.0,21310.0,21308.0,21310.0,2
TX,202505,2025-04-02 19:34:00,21308.0,21308.0,21308.0,21308.0,1
TX,202505,2025-04-02 19:42:00,21296.0,21300.0,21296.0,21300.0,2
TX,202505,2025-04-02 19:46:00,21302.0,21302.0,21302.0,21302.0,1
TX,202505,2025-04-02 19:49:00,21306.0,21306.0,21306.0,21306.0,1
TX,202505,2025-04-02 19:51:00,21303.0,21303.0,21303.0,21303.0,1
TX,202505,2025-04-02 19:52:00,21300.0,21300.0,21300.0,21300.0,1
TX,202505,2025-04-02 19:59:00,21294.0,21294.0,21290.0,21290.0,4
TX,202505,2025-04-02 20:02:00,21283.0,21283.0,21277.0,21277.0,3
TX,202505,2025-04-02 20:05:00,21270.0,21270.0,21266.0,21266.0,5
TX,202505,2025-04-02 20:07:00,21262.0,21262.0,21256.0,21256.0,2
TX,202505,2025-04-02 20:08:00,21252.0,21252.0,21250.0,21250.0,4
TX,202505,2025-04-02 20:09:00,21250.0,21251.0,21250.0,21251.0,2
TX,202505,2025-04-02 20:10:00,21253.0,21253.0,21253.0,21253.0,1
TX,202505,2025-04-02 20:11:00,21253.0,21256.0,21253.0,21256.0,14
TX,202505,2025-04-02 20:14:00,21265.0,21266.0,21265.0,21266.0,2
TX,202505,2025-04-02 20:15:00,21273.0,21277.0,21273.0,21277.0,4
TX,202505,2025-04-02 20:16:00,21267.0,21267.0,21258.0,21258.0,2
TX,202505,2025-04-02 20:20:00,21260.0,21260.0,21252.0,21252.0,2
TX,202505,2025-04-02 20:23:00,21243.0,21243.0,21242.0,21242.0,2
TX,202505,2025-04-02 20:24:00,21245.0,21245.0,21245.0,21245.0,1
TX,202505,2025-04-02 20:25:00,21244.0,21245.0,21244.0,21245.0,2
TX,202505,2025-04-02 20:26:00,21242.0,21243.0,21242.0,21243.0,3
TX,202505,2025-04-02 20:27:00,21240.0,21240.0,21232.0,21232.0,4
TX,202505,2025-04-02 20:28:00,21233.0,21233.0,21233.0,21233.0,2
TX,202505,2025-04-02 20:29:00,21231.0,21233.0,21231.0,21233.0,3
TX,202505,2025-04-02 20:31:00,21242.0,21242.0,21242.0,21242.0,2
TX,202505,2025-04-02 20:34:00,21242.0,21242.0,21242.0,21242.0,1
TX,202505,2025-04-02 20:38:00,21244.0,21251.0,21244.0,21251.0,6
TX,202505,2025-04-02 20:43:00,21251.0,21251.0,21251.0,21251.0,1
TX,202505,2025-04-02 20:44:00,21248.0,21251.0,21248.0,21251.0,2
TX,202505,2025-04-02 20:50:00,21261.0,21261.0,21260.0,21260.0,3
TX,202505,2025-04-02 20:53:00,21266.0,21266.0,21266.0,21266.0,3
TX,202505,2025-04-02 20:56:00,21271.0,21271.0,21271.0,21271.0,1
TX,202505,2025-04-02 20:58:00,21271.0,21271.0,21271.0,21271.0,1
TX,202505,2025-04-02 21:02:00,21263.0,21263.0,21263.0,21263.0,2
TX,202505,2025-04-02 21:03:00,21260.0,21260.0,21260.0,21260.0,1
TX,202505,2025-04-02 21:06:00,21255.0,21255.0,21255.0,21255.0,1
TX,202505,2025-04-02 21:07:00,21261.0,21267.0,21261.0,21267.0,2
TX,202505,2025-04-02 21:12:00,21254.0,21254.0,21250.0,21250.0,3
TX,202505,2025-04-02 21:14:00,21252.0,21252.0,21252.0,21252.0,2
TX,202505,2025-04-02 21:15:00,21248.0,21248.0,21246.0,21246.0,3
TX,202505,2025-04-02 21:18:00,21252.0,21252.0,21252.0,21252.0,2
TX,202505,2025-04-02 21:20:00,21254.0,21254.0,21254.0,21254.0,2
TX,202505,2025-04-02 21:22:00,21247.0,21247.0,21247.0,21247.0,1
TX,202505,2025-04-02 21:23:00,21250.0,21250.0,21250.0,21250.0,2
TX,202505,2025-04-02 21:24:00,21240.0,21240.0,21240.0,21240.0,3
TX,202505,2025-04-02 21:25:00,21240.0,21240.0,21240.0,21240.0,2
TX,202505,2025-04-02 21:26:00,21246.0,21246.0,21246.0,21246.0,1
TX,202505,2025-04-02 21:27:00,21240.0,21240.0,21240.0,21240.0,5
TX,202505,2025-04-02 21:28:00,21239.0,21239.0,21238.0,21238.0,3
TX,202505,2025-04-02 21:29:00,21234.0,21235.0,21234.0,21235.0,2
TX,202505,2025-04-02 21:30:00,21252.0,21252.0,21230.0,21230.0,5
TX,202505,2025-04-02 21:31:00,21222.0,21232.0,21216.0,21232.0,20
TX,202505,2025-04-02 21:32:00,21233.0,21233.0,21230.0,21230.0,6
TX,202505,2025-04-02 21:33:00,21244.0,21244.0,21244.0,21244.0,1
TX,202505,2025-04-02 21:34:00,21273.0,21273.0,21273.0,21273.0,2
TX,202505,2025-04-02 21:35:00,21273.0,21288.0,21273.0,21288.0,5
TX,202505,2025-04-02 21:36:00,21296.0,21315.0,21296.0,21312.0,28
TX,202505,2025-04-02 21:37:00,21318.0,21322.0,21318.0,21322.0,4
TX,202505,2025-04-02 21:38:00,21318.0,21318.0,21315.0,21315.0,4
TX,202505,2025-04-02 21:40:00,21300.0,21316.0,21300.0,21316.0,3
TX,202505,2025-04-02 21:41:00,21315.0,21315.0,21315.0,21315.0,1
TX,202505,2025-04-02 21:42:00,21300.0,21300.0,21296.0,21296.0,3
TX,202505,2025-04-02 21:43:00,21288.0,21288.0,21287.0,21287.0,2
TX,202505,2025-04-02 21:44:00,21300.0,21321.0,21300.0,21321.0,4
TX,202505,2025-04-02 21:45:00,21330.0,21368.0,21330.0,21368.0,25
TX,202505,2025-04-02 21:46:00,21372.0,21382.0,21367.0,21367.0,5
TX,202505,2025-04-02 21:47:00,21360.0,21368.0,21358.0,21358.0,4
TX,202505,2025-04-02 21:48:00,21350.0,21355.0,21350.0,21355.0,4
TX,202505,2025-04-02 21:49:00,21363.0,21363.0,21363.0,21363.0,1
TX,202505,2025-04-02 21:50:00,21374.0,21374.0,21364.0,21364.0,5
TX,202505,2025-04-02 21:51:00,21367.0,21367.0,21365.0,21366.0,5
TX,202505,2025-04-02 21:52:00,21372.0,21385.0,21372.0,21380.0,8
TX,202505,2025-04-02 21:53:00,21367.0,21367.0,21367.0,21367.0,1
TX,202505,2025-04-02 21:54:00,21366.0,21366.0,21363.0,21363.0,2
TX,202505,2025-04-02 21:55:00,21357.0,21365.0,21357.0,21361.0,6
TX,202505,2025-04-02 21:56:00,21354.0,21354.0,21344.0,21344.0,3
TX,202505,2025-04-02 21:57:00,21357.0,21357.0,21357.0,21357.0,2
TX,202505,2025-04-02 21:58:00,21345.0,21350.0,21345.0,21350.0,2
TX,202505,2025-04-02 21:59:00,21353.0,21353.0,21353.0,21353.0,2
TX,202505,2025-04-02 22:00:00,21336.0,21360.0,21336.0,21360.0,4
TX,202505,2025-04-02 22:01:00,21370.0,21370.0,21370.0,21370.0,2
TX,202505,2025-04-02 22:02:00,21385.0,21390.0,21385.0,21390.0,6
TX,202505,2025-04-02 22:03:00,21398.0,21408.0,21398.0,21408.0,10
TX,202505,2025-04-02 22:04:00,21428.0,21428.0,21420.0,21420.0,10
TX,202505,2025-04-02 22:05:00,21420.0,21420.0,21417.0,21417.0,7
TX,202505,2025-04-02 22:06:00,21417.0,21424.0,21417.0,21418.0,3
TX,202505,2025-04-02 22:07:00,21410.0,21410.0,21404.0,21404.0,3
TX,202505,2025-04-02 22:08:00,21391.0,21391.0,21391.0,21391.0,1
TX,202505,2025-04-02 22:09:00,21379.0,21379.0,21370.0,21370.0,3
TX,202505,2025-04-02 22:10:00,21385.0,21385.0,21370.0,21370.0,6
TX,202505,2025-04-02 22:11:00,21355.0,21355.0,21355.0,21355.0,1
TX,202505,2025-04-02 22:13:00,21386.0,21386.0,21386.0,21386.0,4
TX,202505,2025-04-02 22:15:00,21368.0,21368.0,21368.0,21368.0,2
TX,202505,2025-04-02 22:16:00,21386.0,21386.0,21386.0,21386.0,3
TX,202505,2025-04-02 22:17:00,21394.0,21394.0,21394.0,21394.0,1
TX,202505,2025-04-02 22:18:00,21399.0,21399.0,21399.0,21399.0,1
TX,202505,2025-04-02 22:20:00,21388.0,21388.0,21388.0,21388.0,1
TX,202505,2025-04-02 22:21:00,21394.0,21395.0,21394.0,21395.0,2
TX,202505,2025-04-02 22:23:00,21400.0,21400.0,21400.0,21400.0,2
TX,202505,2025-04-02 22:24:00,21403.0,21410.0,21403.0,21407.0,5
TX,202505,2025-04-02 22:25:00,21400.0,21400.0,21386.0,21386.0,2
TX,202505,2025-04-02 22:27:00,21386.0,21386.0,21386.0,21386.0,1
TX,202505,2025-04-02 22:29:00,21410.0,21410.0,21410.0,21410.0,4
TX,202505,2025-04-02 22:30:00,21409.0,21411.0,21409.0,21411.0,2
TX,202505,2025-04-02 22:32:00,21416.0,21420.0,21416.0,21420.0,2
TX,202505,2025-04-02 22:33:00,21414.0,21414.0,21410.0,21410.0,4
TX,202505,2025-04-02 22:34:00,21410.0,21412.0,21410.0,21412.0,3
TX,202505,2025-04-02 22:35:00,21399.0,21403.0,21399.0,21399.0,7
TX,202505,2025-04-02 22:37:00,21394.0,21394.0,21394.0,21394.0,1
TX,202505,2025-04-02 22:38:00,21398.0,21398.0,21387.0,21387.0,2
TX,202505,2025-04-02 22:39:00,21395.0,21398.0,21395.0,21398.0,4
TX,202505,2025-04-02 22:40:00,21410.0,21410.0,21410.0,21410.0,1
TX,202505,2025-04-02 22:41:00,21415.0,21422.0,21415.0,21422.0,6
TX,202505,2025-04-02 22:43:00,21400.0,21400.0,21400.0,21400.0,2
TX,202505,2025-04-02 22:44:00,21394.0,21394.0,21394.0,21394.0,3
TX,202505,2025-04-02 22:46:00,21409.0,21409.0,21409.0,21409.0,2
TX,202505,2025-04-02 22:48:00,21407.0,21407.0,21407.0,21407.0,1
TX,202505,2025-04-02 22:49:00,21405.0,21405.0,21405.0,21405.0,1
TX,202505,2025-04-02 22:50:00,21415.0,21415.0,21415.0,21415.0,1
TX,202505,2025-04-02 22:51:00,21420.0,21428.0,21420.0,21428.0,7
TX,202505,2025-04-02 22:52:00,21415.0,21415.0,21415.0,21415.0,1
TX,202505,2025-04-02 22:53:00,21415.0,21415.0,21414.0,21414.0,5
TX,202505,2025-04-02 22:55:00,21416.0,21418.0,21416.0,21417.0,4
TX,202505,2025-04-02 22:56:00,21425.0,21425.0,21425.0,21425.0,1
TX,202505,2025-04-02 22:57:00,21428.0,21441.0,21428.0,21441.0,12
TX,202505,2025-04-02 22:58:00,21443.0,21450.0,21443.0,21450.0,12
TX,202505,2025-04-02 22:59:00,21450.0,21453.0,21450.0,21453.0,4
TX,202505,2025-04-02 23:00:00,21435.0,21435.0,21433.0,21434.0,6
TX,202505,2025-04-02 23:02:00,21427.0,21435.0,21426.0,21426.0,3
TX,202505,2025-04-02 23:05:00,21450.0,21450.0,21447.0,21450.0,4
TX,202505,2025-04-02 23:06:00,21447.0,21447.0,21443.0,21443.0,4
TX,202505,2025-04-02 23:07:00,21449.0,21453.0,21449.0,21453.0,3
TX,202505,2025-04-02 23:08:00,21453.0,21453.0,21453.0,21453.0,1
TX,202505,2025-04-02 23:11:00,21442.0,21445.0,21439.0,21441.0,11
TX,202505,2025-04-02 23:12:00,21430.0,21430.0,21426.0,21426.0,3
TX,202505,2025-04-02 23:13:00,21420.0,21420.0,21420.0,21420.0,1
TX,202505,2025-04-02 23:14:00,21420.0,21420.0,21420.0,21420.0,2
TX,202505,2025-04-02 23:17:00,21422.0,21425.0,21420.0,21420.0,5
TX,202505,2025-04-02 23:18:00,21440.0,21440.0,21440.0,21440.0,1
TX,202505,2025-04-02 23:19:00,21446.0,21446.0,21446.0,21446.0,5
TX,202505,2025-04-02 23:20:00,21456.0,21456.0,21456.0,21456.0,5
TX,202505,2025-04-02 23:21:00,21466.0,21466.0,21465.0,21465.0,7
TX,202505,2025-04-02 23:22:00,21466.0,21466.0,21466.0,21466.0,5
TX,202505,2025-04-02 23:23:00,21475.0,21475.0,21475.0,21475.0,2
TX,202505,2025-04-02 23:25:00,21480.0,21485.0,21478.0,21483.0,7
TX,202505,2025-04-02 23:26:00,21494.0,21494.0,21494.0,21494.0,2
TX,202505,2025-04-02 23:27:00,21497.0,21499.0,21497.0,21499.0,10
TX,202505,2025-04-02 23:28:00,21500.0,21500.0,21500.0,21500.0,3
TX,202505,2025-04-02 23:29:00,21492.0,21492.0,21492.0,21492.0,1
TX,202505,2025-04-02 23:33:00,21495.0,21495.0,21495.0,21495.0,1
TX,202505,2025-04-02 23:34:00,21495.0,21495.0,21491.0,21491.0,6
TX,202505,2025-04-02 23:35:00,21484.0,21484.0,21484.0,21484.0,1
TX,202505,2025-04-02 23:36:00,21490.0,21495.0,21490.0,21495.0,4
TX,202505,2025-04-02 23:38:00,21494.0,21494.0,21494.0,21494.0,1
TX,202505,2025-04-02 23:40:00,21490.0,21490.0,21490.0,21490.0,1
TX,202505,2025-04-02 23:41:00,21485.0,21485.0,21485.0,21485.0,5
TX,202505,2025-04-02 23:42:00,21480.0,21480.0,21480.0,21480.0,1
TX,202505,2025-04-02 23:46:00,21470.0,21470.0,21470.0,21470.0,3
TX,202505,2025-04-02 23:50:00,21465.0,21465.0,21465.0,21465.0,1
TX,202505,2025-04-02 23:51:00,21457.0,21457.0,21457.0,21457.0,3
TX,202505,2025-04-02 23:52:00,21457.0,21457.0,21457.0,21457.0,1
TX,202505,2025-04-02 23:54:00,21472.0,21472.0,21472.0,21472.0,1
TX,202505,2025-04-02 23:55:00,21469.0,21469.0,21469.0,21469.0,1
TX,202505,2025-04-02 23:56:00,21472.0,21472.0,21472.0,21472.0,1
TX,202505,2025-04-02 23:58:00,21483.0,21483.0,21483.0,21483.0,2
TX,202505,2025-04-02 23:59:00,21480.0,21480.0,21480.0,21480.0,1
TX,202505,2025-04-03 00:00:00,21477.0,21478.0,21477.0,21478.0,3
TX,202505,2025-04-03 00:01:00,21478.0,21478.0,21478.0,21478.0,1
TX,202505,2025-04-03 00:02:00,21482.0,21482.0,21482.0,21482.0,1
TX,202505,2025-04-03 00:03:00,21476.0,21476.0,21476.0,21476.0,1
TX,202505,2025-04-03 00:05:00,21478.0,21478.0,21477.0,21477.0,5
TX,202505,2025-04-03 00:06:00,21479.0,21479.0,21478.0,21478.0,2
TX,202505,2025-04-03 00:07:00,21478.0,21481.0,21478.0,21481.0,2
TX,202505,2025-04-03 00:10:00,21480.0,21495.0,21480.0,21495.0,3
TX,202505,2025-04-03 00:11:00,21499.0,21499.0,21499.0,21499.0,1
TX,202505,2025-04-03 00:12:00,21500.0,21520.0,21500.0,21518.0,7
TX,202505,2025-04-03 00:13:00,21516.0,21516.0,21516.0,21516.0,2
TX,202505,2025-04-03 00:15:00,21520.0,21520.0,21520.0,21520.0,1
TX,202505,2025-04-03 00:16:00,21520.0,21520.0,21516.0,21516.0,6
TX,202505,2025-04-03 00:17:00,21520.0,21520.0,21520.0,21520.0,3
TX,202505,2025-04-03 00:18:00,21521.0,21521.0,21521.0,21521.0,1
TX,202505,2025-04-03 00:21:00,21525.0,21526.0,21525.0,21526.0,2
TX,202505,2025-04-03 00:22:00,21528.0,21528.0,21527.0,21527.0,5
TX,202505,2025-04-03 00:25:00,21527.0,21527.0,21527.0,21527.0,1
TX,202505,2025-04-03 00:29:00,21537.0,21552.0,21537.0,21552.0,14
TX,202505,2025-04-03 00:31:00,21547.0,21547.0,21547.0,21547.0,1
TX,202505,2025-04-03 00:32:00,21550.0,21550.0,21550.0,21550.0,1
TX,202505,2025-04-03 00:33:00,21550.0,21550.0,21550.0,21550.0,1
TX,202505,2025-04-03 00:34:00,21544.0,21544.0,21544.0,21544.0,1
TX,202505,2025-04-03 00:35:00,21541.0,21541.0,21536.0,21536.0,3
TX,202505,2025-04-03 00:36:00,21539.0,21540.0,21534.0,21534.0,4
TX,202505,2025-04-03 00:37:00,21527.0,21527.0,21527.0,21527.0,1
TX,202505,2025-04-03 00:41:00,21534.0,21534.0,21534.0,21534.0,2
TX,202505,2025-04-03 00:43:00,21534.0,21534.0,21534.0,21534.0,1
TX,202505,2025-04-03 00:44:00,21540.0,21540.0,21540.0,21540.0,1
TX,202505,2025-04-03 00:48:00,21542.0,21542.0,21542.0,21542.0,1
TX,202505,2025-04-03 00:49:00,21545.0,21545.0,21545.0,21545.0,1
TX,202505,2025-04-03 00:50:00,21556.0,21558.0,21556.0,21558.0,3
TX,202505,2025-04-03 00:52:00,21551.0,21551.0,21551.0,21551.0,1
TX,202505,2025-04-03 00:54:00,21550.0,21550.0,21550.0,21550.0,1
TX,202505,2025-04-03 00:59:00,21551.0,21551.0,21551.0,21551.0,1
TX,202505,2025-04-03 01:00:00,21551.0,21555.0,21551.0,21555.0,5
TX,202505,2025-04-03 01:01:00,21555.0,21555.0,21555.0,21555.0,2
TX,202505,2025-04-03 01:02:00,21556.0,21556.0,21556.0,21556.0,1
TX,202505,2025-04-03 01:04:00,21561.0,21569.0,21561.0,21569.0,6
TX,202505,2025-04-03 01:05:00,21564.0,21569.0,21564.0,21569.0,3
TX,202505,2025-04-03 01:06:00,21569.0,21573.0,21569.0,21569.0,4
TX,202505,2025-04-03 01:10:00,21569.0,21580.0,21569.0,21580.0,7
TX,202505,2025-04-03 01:11:00,21584.0,21585.0,21584.0,21585.0,3
TX,202505,2025-04-03 01:12:00,21588.0,21594.0,21588.0,21594.0,4
TX,202505,2025-04-03 01:13:00,21593.0,21593.0,21581.0,21581.0,4
TX,202505,2025-04-03 01:14:00,21586.0,21586.0,21583.0,21583.0,12
TX,202505,2025-04-03 01:15:00,21582.0,21582.0,21578.0,21578.0,2
TX,202505,2025-04-03 01:18:00,21577.0,21577.0,21577.0,21577.0,1
TX,202505,2025-04-03 01:21:00,21568.0,21568.0,21568.0,21568.0,1
TX,202505,2025-04-03 01:22:00,21563.0,21563.0,21560.0,21560.0,4
TX,202505,2025-04-03 01:24:00,21566.0,21566.0,21566.0,21566.0,1
TX,202505,2025-04-03 01:29:00,21550.0,21551.0,21550.0,21551.0,2
TX,202505,2025-04-03 01:30:00,21540.0,21540.0,21540.0,21540.0,1
TX,202505,2025-04-03 01:32:00,21535.0,21535.0,21535.0,21535.0,1
TX,202505,2025-04-03 01:33:00,21518.0,21518.0,21518.0,21518.0,2
TX,202505,2025-04-03 01:34:00,21523.0,21529.0,21523.0,21529.0,15
TX,202505,2025-04-03 01:36:00,21516.0,21516.0,21516.0,21516.0,1
TX,202505,2025-04-03 01:37:00,21506.0,21506.0,21488.0,21488.0,6
TX,202505,2025-04-03 01:38:00,21495.0,21495.0,21493.0,21493.0,10
TX,202505,2025-04-03 01:42:00,21491.0,21491.0,21491.0,21491.0,1
TX,202505,2025-04-03 01:43:00,21480.0,21480.0,21477.0,21477.0,4
TX,202505,2025-04-03 01:44:00,21478.0,21484.0,21478.0,21484.0,2
TX,202505,2025-04-03 01:45:00,21474.0,21474.0,21474.0,21474.0,1
TX,202505,2025-04-03 01:48:00,21460.0,21460.0,21451.0,21451.0,2
TX,202505,2025-04-03 01:52:00,21450.0,21450.0,21431.0,21431.0,5
TX,202505,2025-04-03 01:53:00,21429.0,21435.0,21429.0,21435.0,3
TX,202505,2025-04-03 01:56:00,21451.0,21451.0,21450.0,21450.0,3
TX,202505,2025-04-03 01:57:00,21456.0,21456.0,21456.0,21456.0,1
TX,202505,2025-04-03 01:58:00,21457.0,21457.0,21457.0,21457.0,1
TX,202505,2025-04-03 02:01:00,21440.0,21449.0,21440.0,21449.0,2
TX,202505,2025-04-03 02:05:00,21421.0,21421.0,21394.0,21395.0,6
TX,202505,2025-04-03 02:06:00,21394.0,21398.0,21394.0,21398.0,3
TX,202505,2025-04-03 02:10:00,21384.0,21384.0,21384.0,21384.0,1
TX,202505,2025-04-03 02:22:00,21407.0,21407.0,21405.0,21405.0,3
TX,202505,2025-04-03 02:25:00,21380.0,21380.0,21380.0,21380.0,1
TX,202505,2025-04-03 02:27:00,21393.0,21393.0,21393.0,21393.0,1
TX,202505,2025-04-03 02:28:00,21375.0,21375.0,21365.0,21365.0,9
TX,202505,2025-04-03 02:29:00,21360.0,21360.0,21350.0,21354.0,10
TX,202505,2025-04-03 02:30:00,21349.0,21367.0,21344.0,21365.0,20
TX,202505,2025-04-03 02:34:00,21377.0,21379.0,21377.0,21379.0,11
TX,202505,2025-04-03 02:35:00,21376.0,21376.0,21376.0,21376.0,1
TX,202505,2025-04-03 02:36:00,21411.0,21411.0,21411.0,21411.0,4
TX,202505,2025-04-03 02:37:00,21421.0,21421.0,21421.0,21421.0,1
TX,202505,2025-04-03 02:38:00,21422.0,21422.0,21422.0,21422.0,2
TX,202505,2025-04-03 02:39:00,21423.0,21428.0,21423.0,21428.0,3
TX,202505,2025-04-03 02:43:00,21439.0,21439.0,21439.0,21439.0,1
TX,202505,2025-04-03 02:49:00,21413.0,21413.0,21413.0,21413.0,1
TX,202505,2025-04-03 02:51:00,21403.0,21403.0,21403.0,21403.0,1
TX,202505,2025-04-03 02:58:00,21376.0,21376.0,21376.0,21376.0,1
TX,202505,2025-04-03 02:59:00,21367.0,21367.0,21367.0,21367.0,1
TX,202505,2025-04-03 03:01:00,21414.0,21414.0,21412.0,21412.0,2
TX,202505,2025-04-03 03:06:00,21404.0,21404.0,21404.0,21404.0,1
TX,202505,2025-04-03 03:08:00,21403.0,21403.0,21403.0,21403.0,1
TX,202505,2025-04-03 03:09:00,21401.0,21401.0,21401.0,21401.0,1
TX,202505,2025-04-03 03:11:00,21392.0,21392.0,21392.0,21392.0,1
TX,202505,2025-04-03 03:16:00,21386.0,21386.0,21386.0,21386.0,1
TX,202505,2025-04-03 03:17:00,21395.0,21396.0,21395.0,21396.0,4
TX,202505,2025-04-03 03:20:00,21390.0,21390.0,21389.0,21390.0,7
TX,202505,2025-04-03 03:24:00,21415.0,21415.0,21415.0,21415.0,1
TX,202505,2025-04-03 03:25:00,21401.0,21402.0,21401.0,21402.0,10
TX,202505,2025-04-03 03:26:00,21407.0,21407.0,21407.0,21407.0,1
TX,202505,2025-04-03 03:28:00,21431.0,21433.0,21425.0,21425.0,9
TX,202505,2025-04-03 03:30:00,21416.0,21416.0,21416.0,21416.0,5
TX,202505,2025-04-03 03:31:00,21423.0,21423.0,21423.0,21423.0,1
TX,202505,2025-04-03 03:33:00,21439.0,21439.0,21439.0,21439.0,2
TX,202505,2025-04-03 03:35:00,21460.0,21465.0,21460.0,21465.0,4
TX,202505,2025-04-03 03:37:00,21465.0,21465.0,21465.0,21465.0,1
TX,202505,2025-04-03 03:40:00,21472.0,21472.0,21472.0,21472.0,1
TX,202505,2025-04-03 03:43:00,21492.0,21492.0,21492.0,21492.0,4
TX,202505,2025-04-03 03:44:00,21490.0,21490.0,21490.0,21490.0,1
TX,202505,2025-04-03 03:45:00,21499.0,21499.0,21499.0,21499.0,5
TX,202505,2025-04-03 03:46:00,21519.0,21522.0,21519.0,21522.0,4
TX,202505,2025-04-03 03:49:00,21496.0,21496.0,21496.0,21496.0,1
TX,202505,2025-04-03 03:50:00,21496.0,21496.0,21496.0,21496.0,2
TX,202505,2025-04-03 03:54:00,21513.0,21513.0,21513.0,21513.0,10
TX,202505,2025-04-03 03:56:00,21510.0,21510.0,21510.0,21510.0,3
TX,202505,2025-04-03 04:02:00,21485.0,21485.0,21484.0,21484.0,3
TX,202505,2025-04-03 04:06:00,21468.0,21468.0,21468.0,21468.0,1
TX,202505,2025-04-03 04:08:00,21440.0,21444.0,21440.0,21444.0,3
TX,202505,2025-04-03 04:11:00,21444.0,21444.0,21423.0,21423.0,2
TX,202505,2025-04-03 04:13:00,21439.0,21568.0,21439.0,21568.0,18
TX,202505,2025-04-03 04:14:00,21588.0,21606.0,21568.0,21582.0,19
TX,202505,2025-04-03 04:15:00,21598.0,21603.0,21585.0,21585.0,7
TX,202505,2025-04-03 04:16:00,21595.0,21650.0,21595.0,21650.0,21
TX,202505,2025-04-03 04:17:00,21650.0,21680.0,21642.0,21650.0,22
TX,202505,2025-04-03 04:18:00,21640.0,21640.0,21465.0,21486.0,9
TX,202505,2025-04-03 04:19:00,21486.0,21572.0,21486.0,21572.0,5
TX,202505,2025-04-03 04:20:00,21596.0,21601.0,21596.0,21601.0,3
TX,202505,2025-04-03 04:21:00,21615.0,21615.0,21614.0,21614.0,2
TX,202505,2025-04-03 04:25:00,21609.0,21624.0,21558.0,21624.0,6
TX,202505,2025-04-03 04:26:00,21592.0,21592.0,21547.0,21547.0,7
TX,202505,2025-04-03 04:27:00,21497.0,21497.0,21412.0,21428.0,18
TX,202505,2025-04-03 04:28:00,21381.0,21382.0,21277.0,21277.0,36
TX,202505,2025-04-03 04:29:00,21293.0,21293.0,21232.0,21232.0,10
TX,202505,2025-04-03 04:30:00,21220.0,21220.0,21033.0,21050.0,63
TX,202505,2025-04-03 04:31:00,21050.0,21050.0,21050.0,21050.0,1
TX,202505,2025-04-03 04:32:00,21173.0,21194.0,21154.0,21157.0,19
TX,202505,2025-04-03 04:33:00,21159.0,21206.0,21150.0,21170.0,23
TX,202505,2025-04-03 04:34:00,21167.0,21167.0,21152.0,21152.0,6
TX,202505,2025-04-03 04:35:00,21119.0,21123.0,21101.0,21113.0,8
TX,202505,2025-04-03 04:36:00,21100.0,21100.0,21098.0,21098.0,5
TX,202505,2025-04-03 04:37:00,21088.0,21088.0,21050.0,21050.0,17
TX,202505,2025-04-03 04:38:00,21034.0,21051.0,21020.0,21051.0,23
TX,202505,2025-04-03 04:39:00,21051.0,21086.0,21047.0,21053.0,9
TX,202505,2025-04-03 04:40:00,21048.0,21048.0,21008.0,21008.0,4
TX,202505,2025-04-03 04:41:00,21008.0,21036.0,21008.0,21036.0,9
TX,202505,2025-04-03 04:42:00,21031.0,21032.0,21031.0,21032.0,2
TX,202505,2025-04-03 04:43:00,21015.0,21015.0,20963.0,20963.0,25
TX,202505,2025-04-03 04:44:00,20963.0,20963.0,20920.0,20920.0,10
TX,202505,2025-04-03 04:45:00,20927.0,20937.0,20866.0,20918.0,37
TX,202505,2025-04-03 04:46:00,20905.0,20907.0,20884.0,20894.0,11
TX,202505,2025-04-03 04:47:00,20920.0,20935.0,20920.0,20935.0,20
TX,202505,2025-04-03 04:48:00,20900.0,20906.0,20832.0,20832.0,11
TX,202505,2025-04-03 04:49:00,20877.0,20900.0,20877.0,20888.0,5
TX,202505,2025-04-03 04:50:00,20879.0,20879.0,20879.0,20879.0,1
TX,202505,2025-04-03 04:51:00,20884.0,20884.0,20884.0,20884.0,10
TX,202505,2025-04-03 04:52:00,20884.0,20884.0,20869.0,20869.0,20
TX,202505,2025-04-03 04:53:00,20885.0,20885.0,20876.0,20876.0,3
TX,202505,2025-04-03 04:54:00,20873.0,20880.0,20870.0,20870.0,6
TX,202505,2025-04-03 04:55:00,20879.0,20879.0,20879.0,20879.0,1
TX,202505,2025-04-03 04:56:00,20879.0,20880.0,20879.0,20880.0,11
TX,202505,2025-04-03 04:57:00,20880.0,20899.0,20880.0,20899.0,17
TX,202505,2025-04-03 04:58:00,20886.0,20901.0,20883.0,20892.0,4
TX,202505,2025-04-03 04:59:00,20886.0,20886.0,20870.0,20870.0,18
TX,202506,2025-04-02 18:04:00,21285.0,21285.0,21285.0,21285.0,1
TX,202506,2025-04-02 19:04:00,21268.0,21268.0,21268.0,21268.0,1
TX,202506,2025-04-02 20:07:00,21241.0,21241.0,21241.0,21241.0,1
TX,202506,2025-04-02 20:11:00,21235.0,21235.0,21235.0,21235.0,1
TX,202506,2025-04-02 20:23:00,21226.0,21226.0,21226.0,21226.0,1
TX,202506,2025-04-02 20:57:00,21250.0,21250.0,21250.0,21250.0,1
TX,202506,2025-04-02 21:33:00,21220.0,21230.0,21220.0,21230.0,2
TX,202506,2025-04-02 21:37:00,21300.0,21300.0,21300.0,21300.0,1
TX,202506,2025-04-02 21:46:00,21354.0,21360.0,21354.0,21360.0,3
TX,202506,2025-04-02 21:47:00,21350.0,21350.0,21350.0,21350.0,2
TX,202506,2025-04-02 21:50:00,21350.0,21350.0,21350.0,21350.0,1
TX,202506,2025-04-02 22:02:00,21370.0,21370.0,21370.0,21370.0,1
TX,202506,2025-04-02 22:03:00,21391.0,21400.0,21391.0,21400.0,3
TX,202506,2025-04-02 22:04:00,21404.0,21406.0,21403.0,21406.0,5
TX,202506,2025-04-02 22:05:00,21400.0,21400.0,21399.0,21399.0,4
TX,202506,2025-04-02 22:07:00,21395.0,21398.0,21395.0,21398.0,5
TX,202506,2025-04-02 22:32:00,21398.0,21398.0,21398.0,21398.0,4
TX,202506,2025-04-02 22:33:00,21393.0,21393.0,21393.0,21393.0,3
TX,202506,2025-04-02 22:35:00,21388.0,21388.0,21388.0,21388.0,1
TX,202506,2025-04-02 22:50:00,21400.0,21400.0,21400.0,21400.0,1
TX,202506,2025-04-02 22:51:00,21405.0,21405.0,21405.0,21405.0,1
TX,202506,2025-04-02 22:53:00,21396.0,21396.0,21396.0,21396.0,1
TX,202506,2025-04-02 22:58:00,21428.0,21428.0,21428.0,21428.0,1
TX,202506,2025-04-02 23:23:00,21457.0,21459.0,21457.0,21459.0,4
TX,202506,2025-04-02 23:24:00,21457.0,21457.0,21456.0,21456.0,3
TX,202506,2025-04-02 23:25:00,21463.0,21463.0,21463.0,21463.0,1
TX,202506,2025-04-02 23:35:00,21474.0,21474.0,21474.0,21474.0,1
TX,202506,2025-04-02 23:40:00,21477.0,21477.0,21477.0,21477.0,1
TX,202506,2025-04-03 00:12:00,21498.0,21498.0,21498.0,21498.0,1
TX,202506,2025-04-03 00:13:00,21497.0,21498.0,21490.0,21490.0,6
TX,202506,2025-04-03 00:18:00,21504.0,21504.0,21504.0,21504.0,1
TX,202506,2025-04-03 00:29:00,21524.0,21524.0,21524.0,21524.0,1
TX,202506,2025-04-03 00:31:00,21525.0,21525.0,21525.0,21525.0,1
TX,202506,2025-04-03 00:47:00,21515.0,21517.0,21515.0,21517.0,3
TX,202506,2025-04-03 00:52:00,21531.0,21531.0,21531.0,21531.0,1
TX,202506,2025-04-03 00:54:00,21528.0,21528.0,21527.0,21527.0,3
TX,202506,2025-04-03 01:04:00,21544.0,21548.0,21544.0,21548.0,4
TX,202506,2025-04-03 01:09:00,21550.0,21550.0,21550.0,21550.0,1
TX,202506,2025-04-03 01:10:00,21555.0,21555.0,21555.0,21555.0,3
TX,202506,2025-04-03 01:48:00,21431.0,21431.0,21431.0,21431.0,1
TX,202506,2025-04-03 02:05:00,21389.0,21389.0,21389.0,21389.0,1
TX,202506,2025-04-03 02:06:00,21370.0,21370.0,21370.0,21370.0,1
TX,202506,2025-04-03 02:39:00,21400.0,21400.0,21400.0,21400.0,1
TX,202506,2025-04-03 02:51:00,21375.0,21375.0,21375.0,21375.0,1
TX,202506,2025-04-03 04:14:00,21555.0,21561.0,21555.0,21561.0,4
TX,202506,2025-04-03 04:16:00,21588.0,21603.0,21588.0,21603.0,3
TX,202506,2025-04-03 04:27:00,21420.0,21420.0,21420.0,21420.0,1
TX,202506,2025-04-03 04:28:00,21330.0,21330.0,21330.0,21330.0,1
TX,202506,2025-04-03 04:29:00,21214.0,21214.0,21214.0,21214.0,1
TX,202506,2025-04-03 04:30:00,21122.0,21122.0,21031.0,21031.0,6
TX,202506,2025-04-03 04:38:00,21035.0,21035.0,21035.0,21035.0,1
TX,202506,2025-04-03 04:40:00,20981.0,20981.0,20981.0,20981.0,2
TX,202506,2025-04-03 04:43:00,20982.0,20982.0,20980.0,20981.0,6
TX,202506,2025-04-03 04:46:00,20873.0,20874.0,20873.0,20874.0,2
TX,202506,2025-04-03 04:48:00,20883.0,20883.0,20816.0,20816.0,16
TX,202506,2025-04-03 04:49:00,20821.0,20870.0,20821.0,20870.0,2
TX,202506,2025-04-03 04:50:00,20866.0,20866.0,20840.0,20846.0,3
TX,202506,2025-04-03 04:51:00,20840.0,20868.0,20840.0,20868.0,4
TX,202506,2025-04-03 04:54:00,20860.0,20860.0,20860.0,20860.0,1
TX,202506,2025-04-03 04:57:00,20875.0,20875.0,20875.0,20875.0,1
TX,202506,2025-04-03 04:58:00,20875.0,20875.0,20875.0,20875.0,2
TX,202509,2025-04-02 15:00:00,21052.0,21052.0,21052.0,21052.0,1
TX,202509,2025-04-02 16:21:00,21052.0,21052.0,21052.0,21052.0,1
TX,202509,2025-04-02 17:25:00,21055.0,21055.0,21055.0,21055.0,1
TX,202509,2025-04-02 20:06:00,20975.0,20975.0,20975.0,20975.0,2
TX,202509,2025-04-02 20:07:00,20975.0,20975.0,20975.0,20975.0,2
TX,202509,2025-04-02 20:12:00,20975.0,20975.0,20975.0,20975.0,2
TX,202509,2025-04-02 21:31:00,20932.0,20932.0,20925.0,20925.0,2
TX,202509,2025-04-02 21:45:00,21074.0,21074.0,21074.0,21074.0,1
TX,202509,2025-04-02 21:46:00,21089.0,21093.0,21089.0,21093.0,2
TX,202509,2025-04-02 21:53:00,21084.0,21084.0,21084.0,21084.0,1
TX,202509,2025-04-02 22:02:00,21097.0,21100.0,21097.0,21100.0,2
TX,202509,2025-04-02 22:57:00,21140.0,21140.0,21140.0,21140.0,1
TX,202509,2025-04-02 23:27:00,21208.0,21208.0,21208.0,21208.0,1
TX,202509,2025-04-02 23:44:00,21194.0,21194.0,21194.0,21194.0,1
TX,202509,2025-04-02 23:48:00,21178.0,21178.0,21178.0,21178.0,1
TX,202509,2025-04-03 00:26:00,21244.0,21244.0,21244.0,21244.0,1
TX,202509,2025-04-03 01:10:00,21284.0,21284.0,21284.0,21284.0,1
TX,202509,2025-04-03 04:05:00,21175.0,21175.0,21175.0,21175.0,1
TX,202509,2025-04-03 04:16:00,21350.0,21350.0,21350.0,21350.0,1
TX,202509,2025-04-03 04:29:00,20965.0,20965.0,20965.0,20965.0,6
TX,202512,2025-04-02 15:46:00,21040.0,21040.0,21040.0,21040.0,1
TX,202512,2025-04-02 15:58:00,21060.0,21060.0,21060.0,21060.0,1
TX,202512,2025-04-02 16:50:00,21070.0,21070.0,21070.0,21070.0,1
TX,202512,2025-04-02 18:28:00,21022.0,21022.0,21022.0,21022.0,1
TX,202512,2025-04-02 20:08:00,20970.0,20970.0,20970.0,20970.0,1
TX,202512,2025-04-02 20:41:00,20970.0,20970.0,20970.0,20970.0,2
TX,202512,2025-04-02 20:42:00,20970.0,20970.0,20970.0,20970.0,2
TX,202512,2025-04-02 20:43:00,20970.0,20970.0,20970.0,20970.0,1
TX,202512,2025-04-02 21:05:00,20980.0,20980.0,20980.0,20980.0,1
TX,202512,2025-04-02 21:30:00,20948.0,20948.0,20948.0,20948.0,1
TX,202512,2025-04-02 21:37:00,21049.0,21049.0,21049.0,21049.0,1
TX,202512,2025-04-02 21:45:00,21065.0,21070.0,21065.0,21070.0,2
TX,202512,2025-04-02 22:01:00,21082.0,21082.0,21082.0,21082.0,1
TX,202512,2025-04-02 22:02:00,21102.0,21102.0,21102.0,21102.0,1
TX,202512,2025-04-02 22:03:00,21120.0,21120.0,21120.0,21120.0,1
TX,202512,2025-04-02 22:24:00,21125.0,21125.0,21125.0,21125.0,1
TX,202512,2025-04-02 22:50:00,21135.0,21135.0,21135.0,21135.0,1
TX,202512,2025-04-02 22:57:00,21153.0,21153.0,21153.0,21153.0,1
TX,202512,2025-04-02 23:25:00,21200.0,21200.0,21200.0,21200.0,1
TX,202512,2025-04-02 23:44:00,21200.0,21200.0,21200.0,21200.0,1
TX,202512,2025-04-03 01:11:00,21300.0,21300.0,21300.0,21300.0,1
TX,202512,2025-04-03 01:25:00,21280.0,21280.0,21280.0,21280.0,1
TX,202512,2025-04-03 02:38:00,21131.0,21131.0,21131.0,21131.0,1
TX,202512,2025-04-03 03:12:00,21110.0,21110.0,21110.0,21110.0,1
TX,202512,2025-04-03 03:15:00,21105.0,21105.0,21100.0,21100.0,2
TX,202512,2025-04-03 04:14:00,21300.0,21300.0,21300.0,21300.0,1
TX,202512,2025-04-03 04:28:00,21050.0,21050.0,21025.0,21025.0,2
TX,202512,2025-04-03 04:29:00,21000.0,21000.0,21000.0,21000.0,1
TX,202512,2025-04-03 04:30:00,20900.0,20900.0,20850.0,20850.0,2
TX,202512,2025-04-03 04:35:00,20850.0,20850.0,20841.0,20841.0,2
TX,202512,2025-04-03 04:36:00,20820.0,20820.0,20820.0,20820.0,2
TX,202512,2025-04-03 04:37:00,20794.0,20794.0,20794.0,20794.0,1
TX,202512,2025-04-03 04:43:00,20700.0,20700.0,20700.0,20700.0,1
TX,202603,2025-04-02 20:49:00,21005.0,21005.0,21005.0,21005.0,1
TX,202603,2025-04-02 20:50:00,21003.0,21003.0,21003.0,21003.0,1
TX,202603,2025-04-02 21:44:00,21050.0,21050.0,21050.0,21050.0,1
TX,202603,2025-04-02 22:03:00,21140.0,21140.0,21140.0,21140.0,1
TX,202603,2025-04-02 22:04:00,21157.0,21157.0,21157.0,21157.0,1
TX,202603,2025-04-02 22:57:00,21165.0,21165.0,21165.0,21165.0,1
TX,202603,2025-04-02 23:48:00,21200.0,21200.0,21200.0,21200.0,1
TX,202603,2025-04-03 02:29:00,21100.0,21100.0,21100.0,21100.0,1
TX,202603,2025-04-03 02:38:00,21143.0,21143.0,21143.0,21143.0,1
TX,202603,2025-04-03 02:47:00,21150.0,21150.0,21150.0,21150.0,1
TX,202603,2025-04-03 02:58:00,21115.0,21117.0,21115.0,21117.0,4
TX,202603,2025-04-03 03:40:00,21188.0,21188.0,21188.0,21188.0,1
TX,202603,2025-04-03 04:16:00,21357.0,21357.0,21357.0,21357.0,1
TX,202603,2025-04-03 04:29:00,21000.0,21000.0,21000.0,21000.0,1
TX,202603,2025-04-03 04:37:00,20800.0,20800.0,20790.0,20790.0,3
TX,202603,2025-04-03 04:40:00,20750.0,20750.0,20750.0,20750.0,1
TX,202603,2025-04-03 04:43:00,20740.0,20740.0,20740.0,20740.0,1
TX,202603,2025-04-03 04:44:00,20700.0,20700.0,20700.0,20700.0,1
TX,202603,2025-04-03 04:48:00,20600.0,20600.0,20600.0,20600.0,1
TX,202603,2025-04-03 04:51:00,20600.0,20600.0,20600.0,20600.0,1
TX,202603,2025-04-03 04:59:00,20620.0,20620.0,20620.0,20620.0,1
UDF,202506,2025-04-02 15:22:00,42191.0,42191.0,42191.0,42191.0,1
UDF,202506,2025-04-02 15:31:00,42188.0,42188.0,42188.0,42188.0,1
UDF,202506,2025-04-02 15:33:00,42200.0,42200.0,42200.0,42200.0,1
UDF,202506,2025-04-02 15:46:00,42192.0,42192.0,42192.0,42192.0,1
UDF,202506,2025-04-02 15:48:00,42176.0,42176.0,42176.0,42176.0,1
UDF,202506,2025-04-02 15:58:00,42169.0,42169.0,42169.0,42169.0,1
UDF,202506,2025-04-02 16:00:00,42172.0,42176.0,42172.0,42176.0,6
UDF,202506,2025-04-02 16:05:00,42153.0,42153.0,42153.0,42153.0,1
UDF,202506,2025-04-02 16:08:00,42163.0,42163.0,42163.0,42163.0,1
UDF,202506,2025-04-02 16:09:00,42156.0,42156.0,42156.0,42156.0,1
UDF,202506,2025-04-02 16:13:00,42153.0,42153.0,42153.0,42153.0,1
UDF,202506,2025-04-02 16:21:00,42152.0,42152.0,42152.0,42152.0,1
UDF,202506,2025-04-02 16:25:00,42152.0,42152.0,42152.0,42152.0,1
UDF,202506,2025-04-02 16:33:00,42206.0,42206.0,42206.0,42206.0,1
UDF,202506,2025-04-02 16:42:00,42206.0,42206.0,42206.0,42206.0,3
UDF,202506,2025-04-02 16:45:00,42183.0,42183.0,42183.0,42183.0,1
UDF,202506,2025-04-02 17:06:00,42176.0,42176.0,42176.0,42176.0,1
UDF,202506,2025-04-02 17:24:00,42154.0,42154.0,42154.0,42154.0,1
UDF,202506,2025-04-02 17:27:00,42146.0,42146.0,42146.0,42146.0,1
UDF,202506,2025-04-02 17:47:00,42158.0,42158.0,42158.0,42158.0,1
UDF,202506,2025-04-02 18:02:00,42110.0,42110.0,42091.0,42091.0,6
UDF,202506,2025-04-02 18:05:00,42087.0,42087.0,42087.0,42087.0,1
UDF,202506,2025-04-02 18:06:00,42087.0,42087.0,42087.0,42087.0,1
UDF,202506,2025-04-02 18:17:00,42120.0,42120.0,42120.0,42120.0,3
UDF,202506,2025-04-02 18:24:00,42087.0,42087.0,42087.0,42087.0,1
UDF,202506,2025-04-02 18:28:00,42091.0,42091.0,42091.0,42091.0,2
UDF,202506,2025-04-02 18:31:00,42093.0,42093.0,42093.0,42093.0,2
UDF,202506,2025-04-02 18:41:00,42045.0,42045.0,42045.0,42045.0,1
UDF,202506,2025-04-02 18:42:00,42041.0,42041.0,42041.0,42041.0,1
UDF,202506,2025-04-02 18:53:00,42075.0,42077.0,42075.0,42077.0,5
UDF,202506,2025-04-02 18:55:00,42077.0,42077.0,42077.0,42077.0,1
UDF,202506,2025-04-02 19:36:00,42057.0,42057.0,42057.0,42057.0,1
UDF,202506,2025-04-02 19:43:00,42033.0,42034.0,42032.0,42032.0,5
UDF,202506,2025-04-02 19:57:00,42050.0,42050.0,42050.0,42050.0,1
UDF,202506,2025-04-02 19:59:00,42045.0,42045.0,42045.0,42045.0,1
UDF,202506,2025-04-02 20:03:00,42028.0,42028.0,42021.0,42021.0,3
UDF,202506,2025-04-02 20:06:00,42001.0,42001.0,41986.0,41986.0,5
UDF,202506,2025-04-02 20:07:00,41990.0,41990.0,41990.0,41990.0,1
UDF,202506,2025-04-02 20:08:00,41983.0,41986.0,41983.0,41986.0,6
UDF,202506,2025-04-02 20:09:00,41985.0,41985.0,41985.0,41985.0,1
UDF,202506,2025-04-02 20:11:00,41985.0,41985.0,41985.0,41985.0,4
UDF,202506,2025-04-02 20:12:00,42005.0,42005.0,42005.0,42005.0,1
UDF,202506,2025-04-02 20:14:00,42010.0,42042.0,42010.0,42042.0,5
UDF,202506,2025-04-02 20:16:00,41993.0,41993.0,41993.0,41993.0,2
UDF,202506,2025-04-02 20:18:00,41986.0,41986.0,41986.0,41986.0,1
UDF,202506,2025-04-02 20:20:00,41980.0,41980.0,41961.0,41961.0,2
UDF,202506,2025-04-02 20:21:00,41958.0,41958.0,41958.0,41958.0,3
UDF,202506,2025-04-02 20:25:00,41950.0,41950.0,41950.0,41950.0,1
UDF,202506,2025-04-02 20:27:00,41937.0,41937.0,41931.0,41931.0,9
UDF,202506,2025-04-02 20:28:00,41922.0,41922.0,41903.0,41903.0,4
UDF,202506,2025-04-02 20:29:00,41905.0,41906.0,41900.0,41902.0,6
UDF,202506,2025-04-02 20:30:00,41915.0,41915.0,41915.0,41915.0,1
UDF,202506,2025-04-02 20:31:00,41907.0,41907.0,41907.0,41907.0,3
UDF,202506,2025-04-02 20:33:00,41927.0,41927.0,41927.0,41927.0,4
UDF,202506,2025-04-02 20:34:00,41920.0,41920.0,41920.0,41920.0,1
UDF,202506,2025-04-02 20:35:00,41912.0,41912.0,41912.0,41912.0,1
UDF,202506,2025-04-02 20:36:00,41923.0,41923.0,41923.0,41923.0,1
UDF,202506,2025-04-02 20:37:00,41913.0,41913.0,41913.0,41913.0,1
UDF,202506,2025-04-02 20:43:00,41933.0,41933.0,41933.0,41933.0,1
UDF,202506,2025-04-02 20:47:00,41944.0,41944.0,41944.0,41944.0,1
UDF,202506,2025-04-02 20:49:00,41966.0,41966.0,41966.0,41966.0,1
UDF,202506,2025-04-02 20:51:00,41939.0,41939.0,41939.0,41939.0,1
UDF,202506,2025-04-02 20:53:00,41950.0,41950.0,41950.0,41950.0,1
UDF,202506,2025-04-02 21:00:00,41948.0,41948.0,41948.0,41948.0,1
UDF,202506,2025-04-02 21:01:00,41957.0,41957.0,41957.0,41957.0,1
UDF,202506,2025-04-02 21:08:00,41987.0,41987.0,41987.0,41987.0,1
UDF,202506,2025-04-02 21:19:00,41955.0,41955.0,41955.0,41955.0,1
UDF,202506,2025-04-02 21:23:00,41940.0,41940.0,41940.0,41940.0,2
UDF,202506,2025-04-02 21:24:00,41946.0,41946.0,41946.0,41946.0,1
UDF,202506,2025-04-02 21:25:00,41933.0,41933.0,41933.0,41933.0,1
UDF,202506,2025-04-02 21:26:00,41933.0,41933.0,41933.0,41933.0,1
UDF,202506,2025-04-02 21:29:00,41930.0,41930.0,41930.0,41930.0,1
UDF,202506,2025-04-02 21:32:00,41963.0,42001.0,41963.0,42001.0,8
UDF,202506,2025-04-02 21:33:00,42027.0,42046.0,42025.0,42046.0,8
UDF,202506,2025-04-02 21:34:00,42068.0,42068.0,42050.0,42050.0,5
UDF,202506,2025-04-02 21:37:00,42049.0,42088.0,42049.0,42086.0,10
UDF,202506,2025-04-02 21:38:00,42100.0,42130.0,42079.0,42079.0,5
UDF,202506,2025-04-02 21:39:00,42101.0,42101.0,42101.0,42101.0,1
UDF,202506,2025-04-02 21:40:00,42119.0,42133.0,42119.0,42133.0,6
UDF,202506,2025-04-02 21:41:00,42138.0,42138.0,42130.0,42130.0,6
UDF,202506,2025-04-02 21:42:00,42111.0,42124.0,42111.0,42124.0,5
UDF,202506,2025-04-02 21:45:00,42140.0,42140.0,42140.0,42140.0,1
UDF,202506,2025-04-02 21:46:00,42149.0,42149.0,42130.0,42130.0,9
UDF,202506,2025-04-02 21:47:00,42124.0,42126.0,42124.0,42126.0,2
UDF,202506,2025-04-02 21:50:00,42135.0,42135.0,42118.0,42118.0,3
UDF,202506,2025-04-02 21:52:00,42139.0,42141.0,42139.0,42141.0,4
UDF,202506,2025-04-02 21:54:00,42066.0,42066.0,42066.0,42066.0,1
UDF,202506,2025-04-02 21:55:00,42061.0,42061.0,42061.0,42061.0,1
UDF,202506,2025-04-02 21:56:00,42060.0,42060.0,42060.0,42060.0,4
UDF,202506,2025-04-02 21:59:00,42079.0,42079.0,42079.0,42079.0,1
UDF,202506,2025-04-02 22:00:00,42121.0,42148.0,42121.0,42148.0,6
UDF,202506,2025-04-02 22:01:00,42150.0,42159.0,42150.0,42159.0,8
UDF,202506,2025-04-02 22:03:00,42193.0,42193.0,42143.0,42143.0,2
UDF,202506,2025-04-02 22:05:00,42188.0,42188.0,42188.0,42188.0,3
UDF,202506,2025-04-02 22:06:00,42188.0,42188.0,42170.0,42170.0,21
UDF,202506,2025-04-02 22:07:00,42170.0,42170.0,42170.0,42170.0,14
UDF,202506,2025-04-02 22:09:00,42150.0,42150.0,42137.0,42140.0,10
UDF,202506,2025-04-02 22:14:00,42150.0,42157.0,42150.0,42157.0,2
UDF,202506,2025-04-02 22:15:00,42155.0,42163.0,42155.0,42163.0,2
UDF,202506,2025-04-02 22:16:00,42190.0,42190.0,42190.0,42190.0,1
UDF,202506,2025-04-02 22:17:00,42198.0,42199.0,42198.0,42199.0,2
UDF,202506,2025-04-02 22:18:00,42213.0,42213.0,42213.0,42213.0,1
UDF,202506,2025-04-02 22:19:00,42220.0,42229.0,42220.0,42229.0,6
UDF,202506,2025-04-02 22:22:00,42200.0,42200.0,42200.0,42200.0,1
UDF,202506,2025-04-02 22:23:00,42189.0,42189.0,42189.0,42189.0,1
UDF,202506,2025-04-02 22:25:00,42239.0,42239.0,42239.0,42239.0,1
UDF,202506,2025-04-02 22:26:00,42222.0,42239.0,42222.0,42239.0,5
UDF,202506,2025-04-02 22:27:00,42255.0,42255.0,42255.0,42255.0,1
UDF,202506,2025-04-02 22:28:00,42258.0,42258.0,42258.0,42258.0,3
UDF,202506,2025-04-02 22:29:00,42265.0,42270.0,42265.0,42270.0,2
UDF,202506,2025-04-02 22:31:00,42287.0,42300.0,42287.0,42300.0,6
UDF,202506,2025-04-02 22:32:00,42300.0,42303.0,42300.0,42303.0,3
UDF,202506,2025-04-02 22:33:00,42300.0,42300.0,42290.0,42290.0,2
UDF,202506,2025-04-02 22:35:00,42271.0,42271.0,42271.0,42271.0,1
UDF,202506,2025-04-02 22:36:00,42270.0,42270.0,42270.0,42270.0,2
UDF,202506,2025-04-02 22:39:00,42290.0,42290.0,42290.0,42290.0,1
UDF,202506,2025-04-02 22:41:00,42290.0,42300.0,42290.0,42300.0,3
UDF,202506,2025-04-02 22:42:00,42300.0,42300.0,42300.0,42300.0,1
UDF,202506,2025-04-02 22:46:00,42280.0,42280.0,42280.0,42280.0,1
UDF,202506,2025-04-02 22:48:00,42277.0,42277.0,42277.0,42277.0,1
UDF,202506,2025-04-02 22:51:00,42300.0,42300.0,42300.0,42300.0,1
UDF,202506,2025-04-02 22:53:00,42321.0,42321.0,42312.0,42312.0,2
UDF,202506,2025-04-02 22:55:00,42306.0,42308.0,42306.0,42308.0,5
UDF,202506,2025-04-02 22:56:00,42312.0,42336.0,42312.0,42336.0,4
UDF,202506,2025-04-02 22:57:00,42339.0,42359.0,42339.0,42359.0,4
UDF,202506,2025-04-02 22:58:00,42349.0,42349.0,42349.0,42349.0,3
UDF,202506,2025-04-02 23:00:00,42353.0,42353.0,42350.0,42350.0,2
UDF,202506,2025-04-02 23:04:00,42347.0,42350.0,42347.0,42350.0,2
UDF,202506,2025-04-02 23:09:00,42346.0,42346.0,42346.0,42346.0,1
UDF,202506,2025-04-02 23:16:00,42300.0,42300.0,42300.0,42300.0,1
UDF,202506,2025-04-02 23:18:00,42310.0,42310.0,42310.0,42310.0,1
UDF,202506,2025-04-02 23:20:00,42348.0,42369.0,42348.0,42369.0,6
UDF,202506,2025-04-02 23:21:00,42371.0,42400.0,42371.0,42384.0,4
UDF,202506,2025-04-02 23:23:00,42384.0,42384.0,42384.0,42384.0,2
UDF,202506,2025-04-02 23:25:00,42400.0,42407.0,42400.0,42407.0,7
UDF,202506,2025-04-02 23:26:00,42418.0,42442.0,42418.0,42442.0,11
UDF,202506,2025-04-02 23:27:00,42434.0,42434.0,42434.0,42434.0,5
UDF,202506,2025-04-02 23:28:00,42438.0,42438.0,42436.0,42436.0,3
UDF,202506,2025-04-02 23:29:00,42437.0,42437.0,42437.0,42437.0,1
UDF,202506,2025-04-02 23:31:00,42422.0,42422.0,42422.0,42422.0,1
UDF,202506,2025-04-02 23:32:00,42437.0,42437.0,42437.0,42437.0,1
UDF,202506,2025-04-02 23:35:00,42435.0,42435.0,42435.0,42435.0,1
UDF,202506,2025-04-02 23:36:00,42434.0,42434.0,42434.0,42434.0,3
UDF,202506,2025-04-02 23:41:00,42400.0,42400.0,42377.0,42377.0,5
UDF,202506,2025-04-02 23:42:00,42400.0,42400.0,42400.0,42400.0,1
UDF,202506,2025-04-02 23:44:00,42350.0,42350.0,42350.0,42350.0,2
UDF,202506,2025-04-02 23:45:00,42350.0,42350.0,42350.0,42350.0,2
UDF,202506,2025-04-02 23:47:00,42313.0,42313.0,42305.0,42305.0,6
UDF,202506,2025-04-02 23:48:00,42305.0,42305.0,42305.0,42305.0,1
UDF,202506,2025-04-02 23:49:00,42300.0,42300.0,42300.0,42300.0,1
UDF,202506,2025-04-02 23:50:00,42294.0,42298.0,42294.0,42298.0,2
UDF,202506,2025-04-02 23:51:00,42286.0,42286.0,42272.0,42272.0,4
UDF,202506,2025-04-02 23:55:00,42320.0,42320.0,42320.0,42320.0,1
UDF,202506,2025-04-02 23:56:00,42334.0,42334.0,42292.0,42292.0,8
UDF,202506,2025-04-03 00:05:00,42330.0,42336.0,42330.0,42336.0,2
UDF,202506,2025-04-03 00:08:00,42338.0,42338.0,42338.0,42338.0,2
UDF,202506,2025-04-03 00:09:00,42341.0,42341.0,42341.0,42341.0,1
UDF,202506,2025-04-03 00:12:00,42400.0,42405.0,42400.0,42405.0,2
UDF,202506,2025-04-03 00:15:00,42425.0,42425.0,42425.0,42425.0,1
UDF,202506,2025-04-03 00:16:00,42425.0,42425.0,42425.0,42425.0,1
UDF,202506,2025-04-03 00:17:00,42397.0,42397.0,42390.0,42390.0,3
UDF,202506,2025-04-03 00:18:00,42398.0,42398.0,42398.0,42398.0,1
UDF,202506,2025-04-03 00:22:00,42405.0,42405.0,42405.0,42405.0,1
UDF,202506,2025-04-03 00:23:00,42409.0,42409.0,42409.0,42409.0,1
UDF,202506,2025-04-03 00:29:00,42401.0,42419.0,42401.0,42416.0,3
UDF,202506,2025-04-03 00:31:00,42430.0,42430.0,42430.0,42430.0,3
UDF,202506,2025-04-03 00:32:00,42430.0,42430.0,42430.0,42430.0,1
UDF,202506,2025-04-03 00:33:00,42430.0,42430.0,42430.0,42430.0,1
UDF,202506,2025-04-03 00:38:00,42382.0,42382.0,42382.0,42382.0,3
UDF,202506,2025-04-03 00:39:00,42397.0,42397.0,42397.0,42397.0,1
UDF,202506,2025-04-03 00:41:00,42406.0,42406.0,42406.0,42406.0,1
UDF,202506,2025-04-03 00:44:00,42440.0,42440.0,42440.0,42440.0,1
UDF,202506,2025-04-03 00:45:00,42452.0,42463.0,42452.0,42463.0,2
UDF,202506,2025-04-03 00:48:00,42488.0,42488.0,42488.0,42488.0,1
UDF,202506,2025-04-03 00:49:00,42477.0,42521.0,42477.0,42521.0,9
UDF,202506,2025-04-03 00:50:00,42530.0,42536.0,42530.0,42536.0,2
UDF,202506,2025-04-03 00:52:00,42555.0,42558.0,42555.0,42558.0,4
UDF,202506,2025-04-03 00:53:00,42558.0,42558.0,42558.0,42558.0,1
UDF,202506,2025-04-03 00:54:00,42559.0,42559.0,42559.0,42559.0,1
UDF,202506,2025-04-03 00:57:00,42527.0,42527.0,42527.0,42527.0,1
UDF,202506,2025-04-03 00:58:00,42521.0,42521.0,42521.0,42521.0,1
UDF,202506,2025-04-03 01:00:00,42550.0,42560.0,42550.0,42560.0,2
UDF,202506,2025-04-03 01:01:00,42560.0,42560.0,42560.0,42560.0,1
UDF,202506,2025-04-03 01:05:00,42568.0,42568.0,42568.0,42568.0,1
UDF,202506,2025-04-03 01:07:00,42580.0,42588.0,42580.0,42588.0,4
UDF,202506,2025-04-03 01:10:00,42595.0,42600.0,42595.0,42600.0,3
UDF,202506,2025-04-03 01:11:00,42628.0,42628.0,42628.0,42628.0,2
UDF,202506,2025-04-03 01:12:00,42655.0,42655.0,42655.0,42655.0,1
UDF,202506,2025-04-03 01:15:00,42620.0,42620.0,42602.0,42602.0,4
UDF,202506,2025-04-03 01:16:00,42620.0,42620.0,42614.0,42614.0,2
UDF,202506,2025-04-03 01:21:00,42610.0,42610.0,42610.0,42610.0,1
UDF,202506,2025-04-03 01:24:00,42607.0,42607.0,42607.0,42607.0,1
UDF,202506,2025-04-03 01:25:00,42600.0,42600.0,42590.0,42590.0,2
UDF,202506,2025-04-03 01:28:00,42594.0,42594.0,42594.0,42594.0,1
UDF,202506,2025-04-03 01:29:00,42586.0,42586.0,42586.0,42586.0,1
UDF,202506,2025-04-03 01:31:00,42562.0,42562.0,42562.0,42562.0,1
UDF,202506,2025-04-03 01:33:00,42528.0,42528.0,42528.0,42528.0,4
UDF,202506,2025-04-03 01:37:00,42510.0,42510.0,42510.0,42510.0,1
UDF,202506,2025-04-03 01:44:00,42455.0,42455.0,42455.0,42455.0,1
UDF,202506,2025-04-03 01:46:00,42445.0,42445.0,42445.0,42445.0,1
UDF,202506,2025-04-03 01:47:00,42438.0,42438.0,42434.0,42434.0,4
UDF,202506,2025-04-03 01:48:00,42437.0,42437.0,42412.0,42412.0,5
UDF,202506,2025-04-03 01:50:00,42408.0,42408.0,42382.0,42382.0,4
UDF,202506,2025-04-03 01:52:00,42382.0,42382.0,42382.0,42382.0,1
UDF,202506,2025-04-03 01:58:00,42406.0,42406.0,42406.0,42406.0,3
UDF,202506,2025-04-03 02:02:00,42412.0,42417.0,42412.0,42417.0,4
UDF,202506,2025-04-03 02:05:00,42390.0,42390.0,42372.0,42372.0,4
UDF,202506,2025-04-03 02:08:00,42371.0,42371.0,42369.0,42369.0,5
UDF,202506,2025-04-03 02:16:00,42373.0,42373.0,42373.0,42373.0,1
UDF,202506,2025-04-03 02:19:00,42335.0,42340.0,42335.0,42340.0,2
UDF,202506,2025-04-03 02:21:00,42334.0,42334.0,42321.0,42321.0,3
UDF,202506,2025-04-03 02:23:00,42314.0,42314.0,42314.0,42314.0,1
UDF,202506,2025-04-03 02:28:00,42290.0,42290.0,42285.0,42285.0,2
UDF,202506,2025-04-03 02:29:00,42272.0,42272.0,42249.0,42249.0,7
UDF,202506,2025-04-03 02:30:00,42249.0,42260.0,42249.0,42260.0,2
UDF,202506,2025-04-03 02:31:00,42294.0,42294.0,42294.0,42294.0,2
UDF,202506,2025-04-03 02:32:00,42293.0,42293.0,42287.0,42287.0,6
UDF,202506,2025-04-03 02:35:00,42320.0,42320.0,42320.0,42320.0,4
UDF,202506,2025-04-03 02:36:00,42345.0,42345.0,42345.0,42345.0,1
UDF,202506,2025-04-03 02:37:00,42355.0,42355.0,42355.0,42355.0,1
UDF,202506,2025-04-03 02:38:00,42360.0,42370.0,42360.0,42370.0,2
UDF,202506,2025-04-03 02:40:00,42398.0,42398.0,42398.0,42398.0,1
UDF,202506,2025-04-03 02:47:00,42389.0,42389.0,42389.0,42389.0,1
UDF,202506,2025-04-03 02:51:00,42389.0,42389.0,42364.0,42364.0,5
UDF,202506,2025-04-03 02:57:00,42331.0,42331.0,42331.0,42331.0,1
UDF,202506,2025-04-03 03:02:00,42331.0,42331.0,42331.0,42331.0,7
UDF,202506,2025-04-03 03:05:00,42376.0,42376.0,42376.0,42376.0,4
UDF,202506,2025-04-03 03:16:00,42335.0,42335.0,42335.0,42335.0,4
UDF,202506,2025-04-03 03:23:00,42349.0,42349.0,42349.0,42349.0,4
UDF,202506,2025-04-03 03:24:00,42393.0,42393.0,42393.0,42393.0,3
UDF,202506,2025-04-03 03:25:00,42366.0,42366.0,42366.0,42366.0,3
UDF,202506,2025-04-03 03:28:00,42404.0,42410.0,42404.0,42410.0,40
UDF,202506,2025-04-03 03:30:00,42416.0,42416.0,42416.0,42416.0,4
UDF,202506,2025-04-03 03:34:00,42458.0,42468.0,42458.0,42468.0,5
UDF,202506,2025-04-03 03:41:00,42492.0,42500.0,42492.0,42500.0,3
UDF,202506,2025-04-03 03:42:00,42488.0,42488.0,42488.0,42488.0,2
UDF,202506,2025-04-03 03:45:00,42519.0,42532.0,42519.0,42532.0,2
UDF,202506,2025-04-03 03:46:00,42540.0,42542.0,42540.0,42542.0,2
UDF,202506,2025-04-03 03:48:00,42543.0,42543.0,42543.0,42543.0,1
UDF,202506,2025-04-03 03:50:00,42522.0,42522.0,42522.0,42522.0,1
UDF,202506,2025-04-03 03:54:00,42555.0,42555.0,42555.0,42555.0,1
UDF,202506,2025-04-03 03:56:00,42575.0,42575.0,42555.0,42555.0,17
UDF,202506,2025-04-03 03:58:00,42558.0,42558.0,42555.0,42555.0,6
UDF,202506,2025-04-03 03:59:00,42520.0,42520.0,42520.0,42520.0,5
UDF,202506,2025-04-03 04:13:00,42578.0,42579.0,42578.0,42579.0,2
UDF,202506,2025-04-03 04:16:00,42588.0,42588.0,42588.0,42588.0,1
UDF,202506,2025-04-03 04:18:00,42592.0,42688.0,42592.0,42688.0,8
UDF,202506,2025-04-03 04:21:00,42522.0,42522.0,42500.0,42500.0,5
UDF,202506,2025-04-03 04:23:00,42534.0,42534.0,42500.0,42500.0,5
UDF,202506,2025-04-03 04:24:00,42500.0,42687.0,42500.0,42687.0,2
UDF,202506,2025-04-03 04:26:00,42511.0,42511.0,42505.0,42505.0,3
UDF,202506,2025-04-03 04:27:00,42400.0,42400.0,42400.0,42400.0,2
UDF,202506,2025-04-03 04:28:00,42332.0,42332.0,42270.0,42270.0,2
UDF,202506,2025-04-03 04:29:00,42264.0,42264.0,42153.0,42153.0,9
UDF,202506,2025-04-03 04:30:00,42150.0,42680.0,42000.0,42680.0,15
UDF,202506,2025-04-03 04:31:00,42200.0,42200.0,42200.0,42200.0,1
UDF,202506,2025-04-03 04:37:00,42101.0,42101.0,42101.0,42101.0,1
UDF,202506,2025-04-03 04:38:00,42101.0,42101.0,42101.0,42101.0,1
UDF,202506,2025-04-03 04:39:00,42098.0,42098.0,42098.0,42098.0,1
UDF,202506,2025-04-03 04:41:00,42058.0,42058.0,41958.0,41958.0,9
UDF,202506,2025-04-03 04:42:00,42198.0,42198.0,42198.0,42198.0,1
UDF,202506,2025-04-03 04:45:00,42000.0,42000.0,42000.0,42000.0,1
UDF,202506,2025-04-03 04:52:00,42137.0,42137.0,42137.0,42137.0,1
UDF,202506,2025-04-03 04:53:00,42000.0,42000.0,42000.0,42000.0,1
UDF,202506,2025-04-03 04:54:00,42000.0,42000.0,42000.0,42000.0,1
UDF,202506,2025-04-03 04:55:00,42000.0,42000.0,42000.0,42000.0,1
UDF,202506,2025-04-03 04:58:00,41997.0,41997.0,41997.0,41997.0,2
UDF,202509,2025-04-02 18:28:00,42390.0,42390.0,42390.0,42390.0,2
UDF,202509,2025-04-02 18:31:00,42392.0,42392.0,42392.0,42392.0,2
UDF,202509,2025-04-02 20:14:00,42310.0,42310.0,42309.0,42309.0,3
UDF,202509,2025-04-02 21:02:00,42259.0,42259.0,42259.0,42259.0,1
UDF,202509,2025-04-02 21:23:00,42245.0,42245.0,42245.0,42245.0,1
UDF,202509,2025-04-02 21:37:00,42348.0,42377.0,42348.0,42377.0,5
UDF,202509,2025-04-02 21:39:00,42401.0,42401.0,42401.0,42401.0,2
UDF,202509,2025-04-02 21:47:00,42425.0,42425.0,42425.0,42425.0,1
UDF,202509,2025-04-02 21:54:00,42366.0,42366.0,42366.0,42366.0,1
UDF,202509,2025-04-02 22:03:00,42481.0,42481.0,42443.0,42443.0,2
UDF,202509,2025-04-02 22:16:00,42482.0,42482.0,42482.0,42482.0,1
UDF,202509,2025-04-02 22:29:00,42570.0,42570.0,42570.0,42570.0,1
UDF,202509,2025-04-02 22:57:00,42650.0,42650.0,42650.0,42650.0,1
UDF,202509,2025-04-02 23:29:00,42725.0,42725.0,42725.0,42725.0,1
UDF,202509,2025-04-03 01:28:00,42887.0,42887.0,42887.0,42887.0,2
UDF,202509,2025-04-03 04:55:00,42315.0,42315.0,42315.0,42315.0,1
UNF,202506,2025-04-02 15:02:00,19588.0,19588.0,19588.0,19588.0,1
UNF,202506,2025-04-02 15:04:00,19578.0,19578.0,19577.0,19577.0,2
UNF,202506,2025-04-02 15:06:00,19561.0,19561.0,19561.0,19561.0,2
UNF,202506,2025-04-02 15:07:00,19570.0,19572.0,19570.0,19572.0,2
UNF,202506,2025-04-02 15:08:00,19569.0,19569.0,19569.0,19569.0,1
UNF,202506,2025-04-02 15:10:00,19565.0,19565.0,19565.0,19565.0,1
UNF,202506,2025-04-02 15:11:00,19569.0,19569.0,19569.0,19569.0,1
UNF,202506,2025-04-02 15:12:00,19565.0,19565.0,19560.0,19560.0,4
UNF,202506,2025-04-02 15:14:00,19560.0,19560.0,19560.0,19560.0,2
UNF,202506,2025-04-02 15:17:00,19570.0,19570.0,19570.0,19570.0,1
UNF,202506,2025-04-02 15:18:00,19570.0,19570.0,19570.0,19570.0,1
UNF,202506,2025-04-02 15:28:00,19562.0,19562.0,19562.0,19562.0,1
UNF,202506,2025-04-02 15:29:00,19565.0,19565.0,19565.0,19565.0,1
UNF,202506,2025-04-02 15:33:00,19556.0,19556.0,19556.0,19556.0,1
UNF,202506,2025-04-02 15:36:00,19556.0,19556.0,19556.0,19556.0,1
UNF,202506,2025-04-02 15:37:00,19555.0,19555.0,19550.0,19550.0,4
UNF,202506,2025-04-02 15:39:00,19536.0,19536.0,19536.0,19536.0,1
UNF,202506,2025-04-02 15:44:00,19536.0,19536.0,19536.0,19536.0,2
UNF,202506,2025-04-02 15:47:00,19545.0,19545.0,19545.0,19545.0,1
UNF,202506,2025-04-02 15:48:00,19543.0,19544.0,19543.0,19544.0,2
UNF,202506,2025-04-02 15:49:00,19542.0,19542.0,19542.0,19542.0,1
UNF,202506,2025-04-02 15:52:00,19545.0,19545.0,19545.0,19545.0,1
UNF,202506,2025-04-02 15:54:00,19540.0,19540.0,19540.0,19540.0,1
UNF,202506,2025-04-02 15:55:00,19539.0,19539.0,19536.0,19536.0,2
UNF,202506,2025-04-02 15:57:00,19547.0,19547.0,19547.0,19547.0,1
UNF,202506,2025-04-02 15:59:00,19558.0,19558.0,19558.0,19558.0,1
UNF,202506,2025-04-02 16:00:00,19544.0,19544.0,19544.0,19544.0,1
UNF,202506,2025-04-02 16:01:00,19537.0,19537.0,19537.0,19537.0,1
UNF,202506,2025-04-02 16:04:00,19537.0,19537.0,19537.0,19537.0,1
UNF,202506,2025-04-02 16:05:00,19532.0,19532.0,19532.0,19532.0,1
UNF,202506,2025-04-02 16:07:00,19524.0,19524.0,19520.0,19522.0,6
UNF,202506,2025-04-02 16:08:00,19528.0,19528.0,19528.0,19528.0,1
UNF,202506,2025-04-02 16:10:00,19535.0,19535.0,19535.0,19535.0,1
UNF,202506,2025-04-02 16:12:00,19536.0,19536.0,19536.0,19536.0,1
UNF,202506,2025-04-02 16:13:00,19540.0,19540.0,19540.0,19540.0,2
UNF,202506,2025-04-02 16:14:00,19540.0,19542.0,19540.0,19542.0,2
UNF,202506,2025-04-02 16:18:00,19542.0,19542.0,19542.0,19542.0,1
UNF,202506,2025-04-02 16:19:00,19543.0,19543.0,19543.0,19543.0,1
UNF,202506,2025-04-02 16:20:00,19543.0,19543.0,19543.0,19543.0,34
UNF,202506,2025-04-02 16:21:00,19549.0,19549.0,19549.0,19549.0,1
UNF,202506,2025-04-02 16:22:00,19555.0,19555.0,19555.0,19555.0,1
UNF,202506,2025-04-02 16:24:00,19551.0,19551.0,19542.0,19542.0,5
UNF,202506,2025-04-02 16:26:00,19548.0,19548.0,19548.0,19548.0,2
UNF,202506,2025-04-02 16:27:00,19564.0,19564.0,19564.0,19564.0,2
UNF,202506,2025-04-02 16:28:00,19563.0,19563.0,19563.0,19563.0,1
UNF,202506,2025-04-02 16:29:00,19565.0,19565.0,19565.0,19565.0,1
UNF,202506,2025-04-02 16:30:00,19563.0,19563.0,19563.0,19563.0,1
UNF,202506,2025-04-02 16:32:00,19562.0,19562.0,19562.0,19562.0,1
UNF,202506,2025-04-02 16:33:00,19580.0,19580.0,19578.0,19578.0,2
UNF,202506,2025-04-02 16:34:00,19580.0,19580.0,19580.0,19580.0,1
UNF,202506,2025-04-02 16:40:00,19570.0,19570.0,19570.0,19570.0,1
UNF,202506,2025-04-02 16:41:00,19570.0,19570.0,19570.0,19570.0,1
UNF,202506,2025-04-02 16:42:00,19570.0,19581.0,19570.0,19581.0,5
UNF,202506,2025-04-02 16:55:00,19557.0,19557.0,19557.0,19557.0,1
UNF,202506,2025-04-02 16:57:00,19550.0,19550.0,19550.0,19550.0,1
UNF,202506,2025-04-02 16:59:00,19545.0,19545.0,19545.0,19545.0,1
UNF,202506,2025-04-02 17:16:00,19555.0,19555.0,19555.0,19555.0,1
UNF,202506,2025-04-02 17:17:00,19555.0,19555.0,19554.0,19554.0,2
UNF,202506,2025-04-02 17:19:00,19550.0,19550.0,19550.0,19550.0,1
UNF,202506,2025-04-02 17:23:00,19550.0,19550.0,19550.0,19550.0,1
UNF,202506,2025-04-02 17:26:00,19547.0,19547.0,19547.0,19547.0,1
UNF,202506,2025-04-02 17:27:00,19540.0,19540.0,19537.0,19537.0,4
UNF,202506,2025-04-02 17:30:00,19539.0,19539.0,19539.0,19539.0,1
UNF,202506,2025-04-02 17:32:00,19547.0,19547.0,19547.0,19547.0,1
UNF,202506,2025-04-02 17:35:00,19547.0,19547.0,19547.0,19547.0,4
UNF,202506,2025-04-02 17:37:00,19560.0,19560.0,19560.0,19560.0,1
UNF,202506,2025-04-02 17:39:00,19558.0,19558.0,19558.0,19558.0,1
UNF,202506,2025-04-02 17:53:00,19543.0,19543.0,19543.0,19543.0,1
UNF,202506,2025-04-02 17:56:00,19536.0,19536.0,19536.0,19536.0,1
UNF,202506,2025-04-02 17:58:00,19537.0,19537.0,19537.0,19537.0,1
UNF,202506,2025-04-02 18:00:00,19534.0,19534.0,19534.0,19534.0,3
UNF,202506,2025-04-02 18:02:00,19534.0,19534.0,19490.0,19490.0,22
UNF,202506,2025-04-02 18:03:00,19480.0,19500.0,19480.0,19497.0,13
UNF,202506,2025-04-02 18:04:00,19504.0,19508.0,19504.0,19508.0,2
UNF,202506,2025-04-02 18:06:00,19502.0,19504.0,19502.0,19504.0,2
UNF,202506,2025-04-02 18:07:00,19520.0,19520.0,19520.0,19520.0,1
UNF,202506,2025-04-02 18:08:00,19520.0,19524.0,19520.0,19524.0,4
UNF,202506,2025-04-02 18:11:00,19508.0,19508.0,19505.0,19505.0,2
UNF,202506,2025-04-02 18:12:00,19504.0,19504.0,19504.0,19504.0,1
UNF,202506,2025-04-02 18:15:00,19522.0,19522.0,19522.0,19522.0,1
UNF,202506,2025-04-02 18:16:00,19523.0,19526.0,19523.0,19526.0,4
UNF,202506,2025-04-02 18:18:00,19529.0,19530.0,19529.0,19530.0,2
UNF,202506,2025-04-02 18:22:00,19517.0,19517.0,19517.0,19517.0,1
UNF,202506,2025-04-02 18:23:00,19508.0,19508.0,19508.0,19508.0,1
UNF,202506,2025-04-02 18:24:00,19510.0,19510.0,19510.0,19510.0,1
UNF,202506,2025-04-02 18:25:00,19508.0,19508.0,19508.0,19508.0,1
UNF,202506,2025-04-02 18:27:00,19507.0,19507.0,19507.0,19507.0,1
UNF,202506,2025-04-02 18:28:00,19505.0,19505.0,19494.0,19497.0,12
UNF,202506,2025-04-02 18:29:00,19507.0,19510.0,19507.0,19510.0,5
UNF,202506,2025-04-02 18:30:00,19504.0,19504.0,19504.0,19504.0,2
UNF,202506,2025-04-02 18:31:00,19504.0,19504.0,19504.0,19504.0,1
UNF,202506,2025-04-02 18:32:00,19500.0,19500.0,19500.0,19500.0,3
UNF,202506,2025-04-02 18:34:00,19500.0,19500.0,19500.0,19500.0,1
UNF,202506,2025-04-02 18:35:00,19498.0,19498.0,19497.0,19497.0,2
UNF,202506,2025-04-02 18:37:00,19482.0,19482.0,19480.0,19480.0,5
UNF,202506,2025-04-02 18:39:00,19486.0,19490.0,19486.0,19490.0,2
UNF,202506,2025-04-02 18:42:00,19479.0,19479.0,19479.0,19479.0,1
UNF,202506,2025-04-02 18:43:00,19484.0,19485.0,19484.0,19485.0,6
UNF,202506,2025-04-02 18:58:00,19486.0,19486.0,19486.0,19486.0,1
UNF,202506,2025-04-02 19:01:00,19483.0,19483.0,19483.0,19483.0,1
UNF,202506,2025-04-02 19:02:00,19481.0,19481.0,19469.0,19469.0,11
UNF,202506,2025-04-02 19:10:00,19493.0,19493.0,19493.0,19493.0,1
UNF,202506,2025-04-02 19:19:00,19496.0,19499.0,19496.0,19499.0,2
UNF,202506,2025-04-02 19:20:00,19496.0,19496.0,19496.0,19496.0,1
UNF,202506,2025-04-02 19:26:00,19492.0,19492.0,19492.0,19492.0,2
UNF,202506,2025-04-02 19:32:00,19484.0,19484.0,19484.0,19484.0,2
UNF,202506,2025-04-02 19:35:00,19482.0,19482.0,19482.0,19482.0,1
UNF,202506,2025-04-02 19:36:00,19473.0,19473.0,19470.0,19470.0,2
UNF,202506,2025-04-02 19:39:00,19473.0,19473.0,19473.0,19473.0,1
UNF,202506,2025-04-02 19:43:00,19462.0,19465.0,19462.0,19465.0,5
UNF,202506,2025-04-02 19:49:00,19475.0,19475.0,19475.0,19475.0,1
UNF,202506,2025-04-02 19:57:00,19460.0,19460.0,19460.0,19460.0,1
UNF,202506,2025-04-02 19:58:00,19455.0,19455.0,19455.0,19455.0,1
UNF,202506,2025-04-02 19:59:00,19452.0,19452.0,19446.0,19450.0,17
UNF,202506,2025-04-02 20:00:00,19445.0,19445.0,19443.0,19443.0,3
UNF,202506,2025-04-02 20:01:00,19449.0,19449.0,19449.0,19449.0,1
UNF,202506,2025-04-02 20:02:00,19442.0,19442.0,19432.0,19432.0,10
UNF,202506,2025-04-02 20:03:00,19430.0,19430.0,19426.0,19426.0,4
UNF,202506,2025-04-02 20:04:00,19430.0,19430.0,19430.0,19430.0,1
UNF,202506,2025-04-02 20:05:00,19419.0,19419.0,19416.0,19416.0,5
UNF,202506,2025-04-02 20:06:00,19412.0,19412.0,19411.0,19411.0,5
UNF,202506,2025-04-02 20:07:00,19410.0,19410.0,19402.0,19402.0,5
UNF,202506,2025-04-02 20:08:00,19407.0,19407.0,19398.0,19400.0,10
UNF,202506,2025-04-02 20:09:00,19400.0,19400.0,19400.0,19400.0,1
UNF,202506,2025-04-02 20:10:00,19396.0,19396.0,19396.0,19396.0,1
UNF,202506,2025-04-02 20:11:00,19398.0,19411.0,19398.0,19411.0,2
UNF,202506,2025-04-02 20:12:00,19425.0,19425.0,19413.0,19413.0,2
UNF,202506,2025-04-02 20:14:00,19420.0,19435.0,19420.0,19435.0,5
UNF,202506,2025-04-02 20:15:00,19419.0,19419.0,19419.0,19419.0,2
UNF,202506,2025-04-02 20:16:00,19416.0,19416.0,19416.0,19416.0,2
UNF,202506,2025-04-02 20:17:00,19406.0,19406.0,19406.0,19406.0,1
UNF,202506,2025-04-02 20:18:00,19410.0,19410.0,19410.0,19410.0,1
UNF,202506,2025-04-02 20:19:00,19420.0,19422.0,19418.0,19418.0,5
UNF,202506,2025-04-02 20:20:00,19421.0,19421.0,19418.0,19418.0,3
UNF,202506,2025-04-02 20:21:00,19404.0,19404.0,19400.0,19400.0,9
UNF,202506,2025-04-02 20:23:00,19410.0,19410.0,19402.0,19402.0,19
UNF,202506,2025-04-02 20:24:00,19400.0,19400.0,19393.0,19393.0,8
UNF,202506,2025-04-02 20:25:00,19400.0,19400.0,19400.0,19400.0,1
UNF,202506,2025-04-02 20:26:00,19399.0,19399.0,19398.0,19398.0,2
UNF,202506,2025-04-02 20:27:00,19386.0,19386.0,19385.0,19385.0,2
UNF,202506,2025-04-02 20:28:00,19389.0,19389.0,19380.0,19380.0,2
UNF,202506,2025-04-02 20:29:00,19378.0,19378.0,19367.0,19367.0,6
UNF,202506,2025-04-02 20:30:00,19374.0,19374.0,19374.0,19374.0,1
UNF,202506,2025-04-02 20:32:00,19381.0,19381.0,19380.0,19380.0,2
UNF,202506,2025-04-02 20:34:00,19385.0,19385.0,19385.0,19385.0,1
UNF,202506,2025-04-02 20:37:00,19386.0,19386.0,19385.0,19385.0,3
UNF,202506,2025-04-02 20:38:00,19383.0,19383.0,19383.0,19383.0,1
UNF,202506,2025-04-02 20:39:00,19391.0,19391.0,19391.0,19391.0,1
UNF,202506,2025-04-02 20:41:00,19400.0,19400.0,19400.0,19400.0,2
UNF,202506,2025-04-02 20:45:00,19398.0,19400.0,19398.0,19400.0,3
UNF,202506,2025-04-02 20:46:00,19400.0,19400.0,19400.0,19400.0,1
UNF,202506,2025-04-02 20:48:00,19407.0,19408.0,19407.0,19408.0,3
UNF,202506,2025-04-02 20:49:00,19410.0,19410.0,19410.0,19410.0,2
UNF,202506,2025-04-02 20:52:00,19404.0,19404.0,19404.0,19404.0,1
UNF,202506,2025-04-02 20:53:00,19405.0,19406.0,19400.0,19400.0,3
UNF,202506,2025-04-02 21:00:00,19408.0,19408.0,19389.0,19389.0,10
UNF,202506,2025-04-02 21:03:00,19384.0,19384.0,19380.0,19380.0,9
UNF,202506,2025-04-02 21:04:00,19380.0,19380.0,19377.0,19377.0,4
UNF,202506,2025-04-02 21:05:00,19396.0,19396.0,19396.0,19396.0,1
UNF,202506,2025-04-02 21:08:00,19400.0,19400.0,19400.0,19400.0,1
UNF,202506,2025-04-02 21:10:00,19390.0,19390.0,19390.0,19390.0,1
UNF,202506,2025-04-02 21:11:00,19393.0,19393.0,19393.0,19393.0,1
UNF,202506,2025-04-02 21:12:00,19383.0,19383.0,19382.0,19382.0,2
UNF,202506,2025-04-02 21:14:00,19382.0,19382.0,19382.0,19382.0,1
UNF,202506,2025-04-02 21:15:00,19377.0,19377.0,19377.0,19377.0,4
UNF,202506,2025-04-02 21:16:00,19377.0,19377.0,19377.0,19377.0,1
UNF,202506,2025-04-02 21:18:00,19373.0,19380.0,19373.0,19380.0,4
UNF,202506,2025-04-02 21:19:00,19382.0,19382.0,19377.0,19377.0,3
UNF,202506,2025-04-02 21:20:00,19385.0,19388.0,19383.0,19383.0,4
UNF,202506,2025-04-02 21:21:00,19378.0,19378.0,19378.0,19378.0,1
UNF,202506,2025-04-02 21:22:00,19377.0,19377.0,19377.0,19377.0,2
UNF,202506,2025-04-02 21:23:00,19377.0,19377.0,19373.0,19373.0,9
UNF,202506,2025-04-02 21:25:00,19360.0,19361.0,19357.0,19361.0,11
UNF,202506,2025-04-02 21:26:00,19357.0,19357.0,19357.0,19357.0,2
UNF,202506,2025-04-02 21:27:00,19355.0,19359.0,19354.0,19359.0,6
UNF,202506,2025-04-02 21:28:00,19366.0,19366.0,19366.0,19366.0,2
UNF,202506,2025-04-02 21:29:00,19354.0,19354.0,19349.0,19349.0,8
UNF,202506,2025-04-02 21:30:00,19361.0,19361.0,19361.0,19361.0,1
UNF,202506,2025-04-02 21:31:00,19348.0,19380.0,19343.0,19380.0,9
UNF,202506,2025-04-02 21:32:00,19385.0,19385.0,19370.0,19370.0,2
UNF,202506,2025-04-02 21:33:00,19402.0,19413.0,19402.0,19413.0,6
UNF,202506,2025-04-02 21:34:00,19414.0,19439.0,19414.0,19439.0,27
UNF,202506,2025-04-02 21:35:00,19443.0,19460.0,19438.0,19460.0,11
UNF,202506,2025-04-02 21:36:00,19464.0,19490.0,19464.0,19490.0,14
UNF,202506,2025-04-02 21:37:00,19493.0,19523.0,19493.0,19523.0,26
UNF,202506,2025-04-02 21:38:00,19526.0,19533.0,19508.0,19508.0,17
UNF,202506,2025-04-02 21:39:00,19515.0,19529.0,19514.0,19518.0,26
UNF,202506,2025-04-02 21:40:00,19508.0,19528.0,19508.0,19528.0,9
UNF,202506,2025-04-02 21:41:00,19532.0,19537.0,19525.0,19525.0,10
UNF,202506,2025-04-02 21:42:00,19499.0,19510.0,19499.0,19506.0,5
UNF,202506,2025-04-02 21:43:00,19500.0,19505.0,19491.0,19505.0,13
UNF,202506,2025-04-02 21:44:00,19514.0,19547.0,19514.0,19547.0,7
UNF,202506,2025-04-02 21:45:00,19554.0,19568.0,19552.0,19568.0,15
UNF,202506,2025-04-02 21:46:00,19570.0,19580.0,19565.0,19565.0,13
UNF,202506,2025-04-02 21:47:00,19564.0,19570.0,19554.0,19554.0,6
UNF,202506,2025-04-02 21:48:00,19564.0,19564.0,19559.0,19559.0,2
UNF,202506,2025-04-02 21:49:00,19578.0,19585.0,19578.0,19582.0,6
UNF,202506,2025-04-02 21:50:00,19587.0,19587.0,19571.0,19575.0,6
UNF,202506,2025-04-02 21:51:00,19580.0,19590.0,19580.0,19580.0,10
UNF,202506,2025-04-02 21:52:00,19581.0,19596.0,19581.0,19594.0,3
UNF,202506,2025-04-02 21:53:00,19580.0,19580.0,19566.0,19569.0,11
UNF,202506,2025-04-02 21:54:00,19559.0,19559.0,19559.0,19559.0,1
UNF,202506,2025-04-02 21:55:00,19565.0,19565.0,19565.0,19565.0,1
UNF,202506,2025-04-02 21:56:00,19550.0,19575.0,19550.0,19575.0,7
UNF,202506,2025-04-02 21:57:00,19571.0,19571.0,19568.0,19568.0,4
UNF,202506,2025-04-02 21:58:00,19562.0,19565.0,19562.0,19565.0,3
UNF,202506,2025-04-02 21:59:00,19565.0,19565.0,19559.0,19559.0,3
UNF,202506,2025-04-02 22:00:00,19541.0,19593.0,19540.0,19593.0,13
UNF,202506,2025-04-02 22:01:00,19599.0,19615.0,19598.0,19613.0,15
UNF,202506,2025-04-02 22:02:00,19612.0,19628.0,19612.0,19618.0,16
UNF,202506,2025-04-02 22:03:00,19627.0,19633.0,19627.0,19629.0,9
UNF,202506,2025-04-02 22:04:00,19630.0,19631.0,19628.0,19628.0,7
UNF,202506,2025-04-02 22:05:00,19630.0,19634.0,19611.0,19611.0,10
UNF,202506,2025-04-02 22:06:00,19612.0,19619.0,19612.0,19619.0,3
UNF,202506,2025-04-02 22:07:00,19600.0,19608.0,19589.0,19589.0,5
UNF,202506,2025-04-02 22:08:00,19589.0,19589.0,19573.0,19573.0,5
UNF,202506,2025-04-02 22:09:00,19565.0,19565.0,19540.0,19547.0,17
UNF,202506,2025-04-02 22:10:00,19545.0,19548.0,19530.0,19530.0,5
UNF,202506,2025-04-02 22:11:00,19525.0,19525.0,19512.0,19525.0,28
UNF,202506,2025-04-02 22:12:00,19537.0,19555.0,19537.0,19554.0,7
UNF,202506,2025-04-02 22:13:00,19556.0,19556.0,19555.0,19555.0,21
UNF,202506,2025-04-02 22:14:00,19546.0,19546.0,19537.0,19542.0,6
UNF,202506,2025-04-02 22:15:00,19543.0,19546.0,19540.0,19546.0,9
UNF,202506,2025-04-02 22:16:00,19550.0,19566.0,19550.0,19566.0,15
UNF,202506,2025-04-02 22:17:00,19581.0,19582.0,19581.0,19582.0,3
UNF,202506,2025-04-02 22:18:00,19580.0,19580.0,19580.0,19580.0,2
UNF,202506,2025-04-02 22:19:00,19580.0,19583.0,19577.0,19583.0,5
UNF,202506,2025-04-02 22:20:00,19590.0,19595.0,19590.0,19595.0,2
UNF,202506,2025-04-02 22:21:00,19593.0,19593.0,19588.0,19588.0,12
UNF,202506,2025-04-02 22:23:00,19591.0,19605.0,19591.0,19605.0,7
UNF,202506,2025-04-02 22:24:00,19614.0,19620.0,19614.0,19620.0,6
UNF,202506,2025-04-02 22:25:00,19595.0,19595.0,19595.0,19595.0,8
UNF,202506,2025-04-02 22:26:00,19586.0,19587.0,19585.0,19587.0,4
UNF,202506,2025-04-02 22:27:00,19587.0,19587.0,19583.0,19583.0,2
UNF,202506,2025-04-02 22:29:00,19609.0,19615.0,19609.0,19615.0,5
UNF,202506,2025-04-02 22:30:00,19617.0,19618.0,19617.0,19618.0,3
UNF,202506,2025-04-02 22:31:00,19617.0,19625.0,19617.0,19625.0,35
UNF,202506,2025-04-02 22:32:00,19628.0,19647.0,19628.0,19638.0,15
UNF,202506,2025-04-02 22:33:00,19626.0,19627.0,19620.0,19620.0,7
UNF,202506,2025-04-02 22:34:00,19614.0,19615.0,19610.0,19610.0,7
UNF,202506,2025-04-02 22:35:00,19606.0,19606.0,19590.0,19590.0,7
UNF,202506,2025-04-02 22:36:00,19589.0,19589.0,19589.0,19589.0,1
UNF,202506,2025-04-02 22:38:00,19601.0,19601.0,19584.0,19587.0,10
UNF,202506,2025-04-02 22:39:00,19608.0,19615.0,19608.0,19615.0,3
UNF,202506,2025-04-02 22:40:00,19605.0,19605.0,19592.0,19592.0,2
UNF,202506,2025-04-02 22:41:00,19615.0,19621.0,19615.0,19621.0,2
UNF,202506,2025-04-02 22:42:00,19615.0,19615.0,19615.0,19615.0,1
UNF,202506,2025-04-02 22:43:00,19615.0,19615.0,19601.0,19601.0,4
UNF,202506,2025-04-02 22:44:00,19606.0,19606.0,19606.0,19606.0,2
UNF,202506,2025-04-02 22:45:00,19605.0,19615.0,19605.0,19614.0,4
UNF,202506,2025-04-02 22:46:00,19610.0,19627.0,19610.0,19627.0,7
UNF,202506,2025-04-02 22:47:00,19627.0,19630.0,19627.0,19630.0,5
UNF,202506,2025-04-02 22:48:00,19607.0,19607.0,19606.0,19606.0,2
UNF,202506,2025-04-02 22:51:00,19635.0,19635.0,19633.0,19635.0,3
UNF,202506,2025-04-02 22:53:00,19618.0,19618.0,19618.0,19618.0,3
UNF,202506,2025-04-02 22:54:00,19620.0,19620.0,19620.0,19620.0,1
UNF,202506,2025-04-02 22:55:00,19614.0,19614.0,19614.0,19614.0,1
UNF,202506,2025-04-02 22:57:00,19630.0,19641.0,19630.0,19641.0,11
UNF,202506,2025-04-02 22:58:00,19646.0,19655.0,19646.0,19650.0,17
UNF,202506,2025-04-02 22:59:00,19653.0,19655.0,19652.0,19655.0,4
UNF,202506,2025-04-02 23:00:00,19634.0,19634.0,19620.0,19626.0,12
UNF,202506,2025-04-02 23:01:00,19631.0,19635.0,19616.0,19616.0,3
UNF,202506,2025-04-02 23:02:00,19622.0,19630.0,19622.0,19630.0,3
UNF,202506,2025-04-02 23:04:00,19634.0,19634.0,19634.0,19634.0,1
UNF,202506,2025-04-02 23:07:00,19643.0,19643.0,19643.0,19643.0,2
UNF,202506,2025-04-02 23:09:00,19650.0,19650.0,19650.0,19650.0,11
UNF,202506,2025-04-02 23:11:00,19643.0,19643.0,19639.0,19639.0,2
UNF,202506,2025-04-02 23:13:00,19620.0,19620.0,19620.0,19620.0,1
UNF,202506,2025-04-02 23:14:00,19610.0,19610.0,19604.0,19604.0,3
UNF,202506,2025-04-02 23:15:00,19602.0,19606.0,19602.0,19606.0,2
UNF,202506,2025-04-02 23:16:00,19607.0,19607.0,19600.0,19605.0,3
UNF,202506,2025-04-02 23:17:00,19608.0,19608.0,19605.0,19605.0,2
UNF,202506,2025-04-02 23:18:00,19620.0,19620.0,19620.0,19620.0,1
UNF,202506,2025-04-02 23:19:00,19630.0,19635.0,19630.0,19635.0,6
UNF,202506,2025-04-02 23:20:00,19645.0,19665.0,19645.0,19665.0,17
UNF,202506,2025-04-02 23:21:00,19666.0,19680.0,19666.0,19677.0,11
UNF,202506,2025-04-02 23:22:00,19680.0,19680.0,19680.0,19680.0,1
UNF,202506,2025-04-02 23:23:00,19680.0,19688.0,19680.0,19688.0,7
UNF,202506,2025-04-02 23:24:00,19690.0,19692.0,19690.0,19691.0,6
UNF,202506,2025-04-02 23:25:00,19693.0,19710.0,19693.0,19710.0,14
UNF,202506,2025-04-02 23:26:00,19710.0,19720.0,19706.0,19720.0,9
UNF,202506,2025-04-02 23:28:00,19729.0,19732.0,19711.0,19711.0,17
UNF,202506,2025-04-02 23:29:00,19708.0,19713.0,19706.0,19713.0,8
UNF,202506,2025-04-02 23:30:00,19709.0,19713.0,19708.0,19709.0,7
UNF,202506,2025-04-02 23:31:00,19713.0,19713.0,19702.0,19702.0,4
UNF,202506,2025-04-02 23:32:00,19709.0,19716.0,19709.0,19711.0,17
UNF,202506,2025-04-02 23:33:00,19714.0,19714.0,19714.0,19714.0,2
UNF,202506,2025-04-02 23:34:00,19715.0,19715.0,19715.0,19715.0,3
UNF,202506,2025-04-02 23:35:00,19710.0,19710.0,19710.0,19710.0,1
UNF,202506,2025-04-02 23:36:00,19700.0,19700.0,19700.0,19700.0,1
UNF,202506,2025-04-02 23:37:00,19723.0,19724.0,19723.0,19724.0,4
UNF,202506,2025-04-02 23:38:00,19720.0,19720.0,19720.0,19720.0,1
UNF,202506,2025-04-02 23:39:00,19721.0,19722.0,19721.0,19722.0,6
UNF,202506,2025-04-02 23:40:00,19718.0,19724.0,19718.0,19724.0,5
UNF,202506,2025-04-02 23:41:00,19700.0,19700.0,19700.0,19700.0,1
UNF,202506,2025-04-02 23:42:00,19713.0,19717.0,19713.0,19717.0,2
UNF,202506,2025-04-02 23:43:00,19710.0,19711.0,19710.0,19711.0,2
UNF,202506,2025-04-02 23:44:00,19703.0,19703.0,19693.0,19693.0,3
UNF,202506,2025-04-02 23:45:00,19693.0,19693.0,19680.0,19680.0,17
UNF,202506,2025-04-02 23:46:00,19675.0,19675.0,19675.0,19675.0,1
UNF,202506,2025-04-02 23:47:00,19670.0,19670.0,19661.0,19665.0,6
UNF,202506,2025-04-02 23:48:00,19659.0,19659.0,19645.0,19655.0,14
UNF,202506,2025-04-02 23:49:00,19655.0,19657.0,19655.0,19655.0,22
UNF,202506,2025-04-02 23:50:00,19663.0,19663.0,19655.0,19655.0,7
UNF,202506,2025-04-02 23:51:00,19650.0,19650.0,19635.0,19635.0,14
UNF,202506,2025-04-02 23:53:00,19652.0,19662.0,19652.0,19662.0,3
UNF,202506,2025-04-02 23:55:00,19665.0,19665.0,19665.0,19665.0,1
UNF,202506,2025-04-02 23:56:00,19687.0,19687.0,19672.0,19672.0,12
UNF,202506,2025-04-02 23:57:00,19693.0,19693.0,19693.0,19693.0,1
UNF,202506,2025-04-02 23:58:00,19696.0,19698.0,19696.0,19698.0,9
UNF,202506,2025-04-02 23:59:00,19689.0,19689.0,19686.0,19686.0,3
UNF,202506,2025-04-03 00:00:00,19687.0,19687.0,19687.0,19687.0,1
UNF,202506,2025-04-03 00:01:00,19688.0,19691.0,19688.0,19691.0,4
UNF,202506,2025-04-03 00:02:00,19698.0,19704.0,19698.0,19704.0,3
UNF,202506,2025-04-03 00:03:00,19686.0,19686.0,19686.0,19686.0,2
UNF,202506,2025-04-03 00:05:00,19700.0,19700.0,19700.0,19700.0,1
UNF,202506,2025-04-03 00:08:00,19700.0,19700.0,19700.0,19700.0,2
UNF,202506,2025-04-03 00:10:00,19710.0,19710.0,19710.0,19710.0,2
UNF,202506,2025-04-03 00:11:00,19721.0,19725.0,19721.0,19725.0,13
UNF,202506,2025-04-03 00:12:00,19726.0,19743.0,19726.0,19743.0,13
UNF,202506,2025-04-03 00:13:00,19741.0,19745.0,19741.0,19743.0,4
UNF,202506,2025-04-03 00:14:00,19734.0,19734.0,19734.0,19734.0,2
UNF,202506,2025-04-03 00:15:00,19755.0,19755.0,19755.0,19755.0,1
UNF,202506,2025-04-03 00:16:00,19759.0,19759.0,19759.0,19759.0,2
UNF,202506,2025-04-03 00:17:00,19744.0,19744.0,19739.0,19739.0,3
UNF,202506,2025-04-03 00:18:00,19750.0,19750.0,19750.0,19750.0,20
UNF,202506,2025-04-03 00:20:00,19756.0,19760.0,19756.0,19760.0,15
UNF,202506,2025-04-03 00:21:00,19760.0,19765.0,19760.0,19765.0,19
UNF,202506,2025-04-03 00:22:00,19765.0,19766.0,19765.0,19766.0,3
UNF,202506,2025-04-03 00:23:00,19766.0,19770.0,19766.0,19770.0,4
UNF,202506,2025-04-03 00:24:00,19766.0,19769.0,19766.0,19769.0,2
UNF,202506,2025-04-03 00:26:00,19754.0,19767.0,19753.0,19767.0,4
UNF,202506,2025-04-03 00:27:00,19769.0,19770.0,19769.0,19770.0,3
UNF,202506,2025-04-03 00:28:00,19770.0,19771.0,19770.0,19771.0,3
UNF,202506,2025-04-03 00:29:00,19772.0,19779.0,19772.0,19779.0,5
UNF,202506,2025-04-03 00:30:00,19783.0,19787.0,19783.0,19787.0,8
UNF,202506,2025-04-03 00:31:00,19785.0,19790.0,19785.0,19790.0,3
UNF,202506,2025-04-03 00:32:00,19795.0,19796.0,19792.0,19792.0,8
UNF,202506,2025-04-03 00:33:00,19793.0,19793.0,19788.0,19788.0,8
UNF,202506,2025-04-03 00:34:00,19786.0,19788.0,19786.0,19788.0,2
UNF,202506,2025-04-03 00:35:00,19784.0,19784.0,19777.0,19777.0,8
UNF,202506,2025-04-03 00:36:00,19777.0,19777.0,19774.0,19774.0,4
UNF,202506,2025-04-03 00:37:00,19772.0,19772.0,19762.0,19762.0,9
UNF,202506,2025-04-03 00:38:00,19762.0,19762.0,19758.0,19758.0,3
UNF,202506,2025-04-03 00:39:00,19758.0,19770.0,19758.0,19770.0,2
UNF,202506,2025-04-03 00:40:00,19762.0,19762.0,19762.0,19762.0,1
UNF,202506,2025-04-03 00:43:00,19771.0,19771.0,19770.0,19770.0,6
UNF,202506,2025-04-03 00:44:00,19779.0,19779.0,19779.0,19779.0,1
UNF,202506,2025-04-03 00:46:00,19779.0,19779.0,19779.0,19779.0,1
UNF,202506,2025-04-03 00:48:00,19800.0,19800.0,19796.0,19797.0,14
UNF,202506,2025-04-03 00:49:00,19804.0,19829.0,19804.0,19829.0,13
UNF,202506,2025-04-03 00:50:00,19829.0,19840.0,19829.0,19836.0,9
UNF,202506,2025-04-03 00:51:00,19836.0,19845.0,19836.0,19837.0,11
UNF,202506,2025-04-03 00:52:00,19840.0,19840.0,19809.0,19809.0,8
UNF,202506,2025-04-03 00:53:00,19810.0,19845.0,19810.0,19841.0,5
UNF,202506,2025-04-03 00:55:00,19815.0,19830.0,19815.0,19830.0,3
UNF,202506,2025-04-03 00:56:00,19810.0,19810.0,19810.0,19810.0,1
UNF,202506,2025-04-03 00:57:00,19808.0,19815.0,19808.0,19815.0,3
UNF,202506,2025-04-03 01:00:00,19835.0,19840.0,19835.0,19840.0,5
UNF,202506,2025-04-03 01:01:00,19836.0,19839.0,19833.0,19839.0,10
UNF,202506,2025-04-03 01:02:00,19839.0,19840.0,19835.0,19840.0,6
UNF,202506,2025-04-03 01:03:00,19842.0,19846.0,19840.0,19846.0,5
UNF,202506,2025-04-03 01:04:00,19845.0,19855.0,19845.0,19855.0,12
UNF,202506,2025-04-03 01:05:00,19850.0,19856.0,19850.0,19852.0,9
UNF,202506,2025-04-03 01:07:00,19866.0,19866.0,19866.0,19866.0,1
UNF,202506,2025-04-03 01:08:00,19868.0,19868.0,19868.0,19868.0,2
UNF,202506,2025-04-03 01:09:00,19868.0,19868.0,19863.0,19866.0,3
UNF,202506,2025-04-03 01:10:00,19869.0,19877.0,19869.0,19877.0,10
UNF,202506,2025-04-03 01:11:00,19883.0,19886.0,19883.0,19886.0,4
UNF,202506,2025-04-03 01:12:00,19886.0,19905.0,19886.0,19902.0,16
UNF,202506,2025-04-03 01:13:00,19896.0,19896.0,19884.0,19884.0,5
UNF,202506,2025-04-03 01:14:00,19877.0,19885.0,19877.0,19884.0,3
UNF,202506,2025-04-03 01:15:00,19884.0,19884.0,19876.0,19877.0,6
UNF,202506,2025-04-03 01:16:00,19874.0,19880.0,19874.0,19880.0,2
UNF,202506,2025-04-03 01:17:00,19875.0,19875.0,19874.0,19874.0,5
UNF,202506,2025-04-03 01:18:00,19879.0,19879.0,19879.0,19879.0,1
UNF,202506,2025-04-03 01:19:00,19880.0,19880.0,19880.0,19880.0,1
UNF,202506,2025-04-03 01:20:00,19879.0,19879.0,19879.0,19879.0,1
UNF,202506,2025-04-03 01:21:00,19874.0,19874.0,19873.0,19873.0,2
UNF,202506,2025-04-03 01:22:00,19855.0,19855.0,19855.0,19855.0,1
UNF,202506,2025-04-03 01:23:00,19860.0,19860.0,19860.0,19860.0,1
UNF,202506,2025-04-03 01:24:00,19871.0,19871.0,19871.0,19871.0,1
UNF,202506,2025-04-03 01:27:00,19860.0,19860.0,19854.0,19855.0,4
UNF,202506,2025-04-03 01:28:00,19862.0,19862.0,19862.0,19862.0,1
UNF,202506,2025-04-03 01:29:00,19860.0,19860.0,19854.0,19854.0,2
UNF,202506,2025-04-03 01:30:00,19847.0,19847.0,19843.0,19843.0,7
UNF,202506,2025-04-03 01:31:00,19841.0,19841.0,19832.0,19832.0,6
UNF,202506,2025-04-03 01:32:00,19829.0,19829.0,19829.0,19829.0,1
UNF,202506,2025-04-03 01:33:00,19820.0,19829.0,19820.0,19828.0,5
UNF,202506,2025-04-03 01:34:00,19831.0,19831.0,19829.0,19829.0,7
UNF,202506,2025-04-03 01:35:00,19823.0,19823.0,19818.0,19818.0,7
UNF,202506,2025-04-03 01:36:00,19818.0,19822.0,19816.0,19822.0,6
UNF,202506,2025-04-03 01:37:00,19812.0,19812.0,19801.0,19801.0,5
UNF,202506,2025-04-03 01:38:00,19807.0,19818.0,19807.0,19818.0,3
UNF,202506,2025-04-03 01:39:00,19817.0,19819.0,19817.0,19819.0,2
UNF,202506,2025-04-03 01:40:00,19823.0,19823.0,19823.0,19823.0,1
UNF,202506,2025-04-03 01:42:00,19800.0,19800.0,19798.0,19798.0,2
UNF,202506,2025-04-03 01:43:00,19794.0,19794.0,19790.0,19790.0,8
UNF,202506,2025-04-03 01:44:00,19780.0,19784.0,19780.0,19784.0,8
UNF,202506,2025-04-03 01:45:00,19787.0,19787.0,19787.0,19787.0,1
UNF,202506,2025-04-03 01:46:00,19768.0,19774.0,19768.0,19768.0,3
UNF,202506,2025-04-03 01:48:00,19768.0,19768.0,19768.0,19768.0,2
UNF,202506,2025-04-03 01:49:00,19759.0,19764.0,19751.0,19764.0,10
UNF,202506,2025-04-03 01:50:00,19756.0,19758.0,19747.0,19747.0,7
UNF,202506,2025-04-03 01:51:00,19755.0,19755.0,19747.0,19751.0,6
UNF,202506,2025-04-03 01:52:00,19753.0,19753.0,19738.0,19743.0,8
UNF,202506,2025-04-03 01:54:00,19757.0,19757.0,19757.0,19757.0,1
UNF,202506,2025-04-03 01:55:00,19766.0,19773.0,19766.0,19771.0,4
UNF,202506,2025-04-03 01:56:00,19767.0,19767.0,19767.0,19767.0,1
UNF,202506,2025-04-03 01:57:00,19766.0,19766.0,19764.0,19764.0,2
UNF,202506,2025-04-03 02:00:00,19752.0,19752.0,19752.0,19752.0,1
UNF,202506,2025-04-03 02:01:00,19748.0,19760.0,19748.0,19760.0,2
UNF,202506,2025-04-03 02:02:00,19760.0,19760.0,19749.0,19749.0,2
UNF,202506,2025-04-03 02:03:00,19769.0,19769.0,19769.0,19769.0,1
UNF,202506,2025-04-03 02:04:00,19744.0,19744.0,19737.0,19737.0,5
UNF,202506,2025-04-03 02:05:00,19724.0,19724.0,19700.0,19700.0,15
UNF,202506,2025-04-03 02:06:00,19697.0,19700.0,19691.0,19691.0,9
UNF,202506,2025-04-03 02:07:00,19707.0,19707.0,19707.0,19707.0,2
UNF,202506,2025-04-03 02:08:00,19710.0,19710.0,19707.0,19707.0,4
UNF,202506,2025-04-03 02:10:00,19691.0,19696.0,19690.0,19696.0,4
UNF,202506,2025-04-03 02:11:00,19694.0,19697.0,19694.0,19696.0,6
UNF,202506,2025-04-03 02:14:00,19707.0,19707.0,19707.0,19707.0,2
UNF,202506,2025-04-03 02:15:00,19710.0,19710.0,19710.0,19710.0,2
UNF,202506,2025-04-03 02:17:00,19690.0,19690.0,19690.0,19690.0,1
UNF,202506,2025-04-03 02:18:00,19691.0,19691.0,19685.0,19687.0,22
UNF,202506,2025-04-03 02:19:00,19684.0,19684.0,19684.0,19684.0,2
UNF,202506,2025-04-03 02:21:00,19680.0,19686.0,19680.0,19686.0,3
UNF,202506,2025-04-03 02:22:00,19704.0,19704.0,19704.0,19704.0,1
UNF,202506,2025-04-03 02:23:00,19684.0,19684.0,19672.0,19672.0,10
UNF,202506,2025-04-03 02:24:00,19673.0,19673.0,19663.0,19665.0,14
UNF,202506,2025-04-03 02:25:00,19660.0,19660.0,19660.0,19660.0,1
UNF,202506,2025-04-03 02:26:00,19673.0,19680.0,19673.0,19680.0,12
UNF,202506,2025-04-03 02:27:00,19679.0,19680.0,19671.0,19671.0,6
UNF,202506,2025-04-03 02:28:00,19652.0,19652.0,19651.0,19651.0,2
UNF,202506,2025-04-03 02:29:00,19643.0,19644.0,19633.0,19633.0,9
UNF,202506,2025-04-03 02:30:00,19630.0,19650.0,19630.0,19650.0,3
UNF,202506,2025-04-03 02:31:00,19660.0,19660.0,19660.0,19660.0,1
UNF,202506,2025-04-03 02:32:00,19655.0,19655.0,19655.0,19655.0,2
UNF,202506,2025-04-03 02:34:00,19670.0,19670.0,19670.0,19670.0,1
UNF,202506,2025-04-03 02:35:00,19669.0,19669.0,19669.0,19669.0,3
UNF,202506,2025-04-03 02:36:00,19682.0,19688.0,19682.0,19688.0,3
UNF,202506,2025-04-03 02:37:00,19703.0,19703.0,19703.0,19703.0,1
UNF,202506,2025-04-03 02:39:00,19717.0,19717.0,19717.0,19717.0,2
UNF,202506,2025-04-03 02:40:00,19720.0,19721.0,19718.0,19721.0,6
UNF,202506,2025-04-03 02:41:00,19730.0,19730.0,19726.0,19726.0,3
UNF,202506,2025-04-03 02:42:00,19728.0,19728.0,19725.0,19725.0,3
UNF,202506,2025-04-03 02:44:00,19703.0,19705.0,19703.0,19705.0,3
UNF,202506,2025-04-03 02:45:00,19712.0,19720.0,19712.0,19715.0,3
UNF,202506,2025-04-03 02:47:00,19696.0,19697.0,19696.0,19697.0,3
UNF,202506,2025-04-03 02:50:00,19700.0,19700.0,19700.0,19700.0,5
UNF,202506,2025-04-03 02:51:00,19689.0,19689.0,19684.0,19684.0,2
UNF,202506,2025-04-03 02:52:00,19689.0,19689.0,19689.0,19689.0,1
UNF,202506,2025-04-03 02:53:00,19698.0,19701.0,19698.0,19701.0,2
UNF,202506,2025-04-03 02:54:00,19704.0,19704.0,19700.0,19700.0,7
UNF,202506,2025-04-03 02:55:00,19687.0,19690.0,19687.0,19690.0,4
UNF,202506,2025-04-03 02:56:00,19678.0,19678.0,19678.0,19678.0,1
UNF,202506,2025-04-03 02:57:00,19670.0,19672.0,19666.0,19666.0,7
UNF,202506,2025-04-03 02:58:00,19652.0,19652.0,19652.0,19652.0,1
UNF,202506,2025-04-03 02:59:00,19638.0,19638.0,19635.0,19635.0,2
UNF,202506,2025-04-03 03:00:00,19639.0,19655.0,19639.0,19655.0,4
UNF,202506,2025-04-03 03:01:00,19660.0,19665.0,19660.0,19661.0,8
UNF,202506,2025-04-03 03:02:00,19665.0,19684.0,19665.0,19684.0,16
UNF,202506,2025-04-03 03:03:00,19681.0,19685.0,19681.0,19685.0,10
UNF,202506,2025-04-03 03:04:00,19695.0,19695.0,19695.0,19695.0,3
UNF,202506,2025-04-03 03:05:00,19690.0,19690.0,19690.0,19690.0,1
UNF,202506,2025-04-03 03:07:00,19700.0,19700.0,19700.0,19700.0,1
UNF,202506,2025-04-03 03:09:00,19679.0,19679.0,19679.0,19679.0,2
UNF,202506,2025-04-03 03:12:00,19682.0,19682.0,19682.0,19682.0,4
UNF,202506,2025-04-03 03:14:00,19662.0,19662.0,19662.0,19662.0,1
UNF,202506,2025-04-03 03:15:00,19661.0,19661.0,19661.0,19661.0,1
UNF,202506,2025-04-03 03:16:00,19676.0,19676.0,19676.0,19676.0,1
UNF,202506,2025-04-03 03:18:00,19653.0,19653.0,19653.0,19653.0,1
UNF,202506,2025-04-03 03:19:00,19650.0,19655.0,19650.0,19655.0,2
UNF,202506,2025-04-03 03:21:00,19662.0,19662.0,19662.0,19662.0,1
UNF,202506,2025-04-03 03:23:00,19663.0,19663.0,19663.0,19663.0,3
UNF,202506,2025-04-03 03:24:00,19682.0,19686.0,19682.0,19686.0,7
UNF,202506,2025-04-03 03:25:00,19672.0,19672.0,19672.0,19672.0,2
UNF,202506,2025-04-03 03:27:00,19703.0,19703.0,19703.0,19703.0,1
UNF,202506,2025-04-03 03:29:00,19715.0,19715.0,19711.0,19711.0,3
UNF,202506,2025-04-03 03:30:00,19709.0,19712.0,19700.0,19712.0,6
UNF,202506,2025-04-03 03:31:00,19729.0,19730.0,19729.0,19730.0,3
UNF,202506,2025-04-03 03:33:00,19745.0,19745.0,19745.0,19745.0,1
UNF,202506,2025-04-03 03:34:00,19746.0,19762.0,19746.0,19761.0,9
UNF,202506,2025-04-03 03:35:00,19760.0,19760.0,19760.0,19760.0,1
UNF,202506,2025-04-03 03:36:00,19760.0,19760.0,19760.0,19760.0,1
UNF,202506,2025-04-03 03:37:00,19758.0,19768.0,19758.0,19768.0,4
UNF,202506,2025-04-03 03:38:00,19759.0,19763.0,19759.0,19763.0,4
UNF,202506,2025-04-03 03:40:00,19752.0,19762.0,19749.0,19762.0,8
UNF,202506,2025-04-03 03:41:00,19767.0,19767.0,19765.0,19765.0,2
UNF,202506,2025-04-03 03:42:00,19768.0,19779.0,19768.0,19779.0,11
UNF,202506,2025-04-03 03:43:00,19774.0,19774.0,19774.0,19774.0,2
UNF,202506,2025-04-03 03:44:00,19764.0,19764.0,19764.0,19764.0,1
UNF,202506,2025-04-03 03:45:00,19780.0,19780.0,19780.0,19780.0,1
UNF,202506,2025-04-03 03:46:00,19788.0,19790.0,19788.0,19790.0,2
UNF,202506,2025-04-03 03:47:00,19786.0,19786.0,19786.0,19786.0,1
UNF,202506,2025-04-03 03:48:00,19795.0,19800.0,19794.0,19800.0,4
UNF,202506,2025-04-03 03:49:00,19801.0,19801.0,19797.0,19797.0,3
UNF,202506,2025-04-03 03:50:00,19794.0,19799.0,19778.0,19787.0,11
UNF,202506,2025-04-03 03:51:00,19791.0,19791.0,19791.0,19791.0,1
UNF,202506,2025-04-03 03:52:00,19790.0,19790.0,19790.0,19790.0,1
UNF,202506,2025-04-03 03:54:00,19795.0,19795.0,19795.0,19795.0,1
UNF,202506,2025-04-03 03:55:00,19797.0,19797.0,19797.0,19797.0,1
UNF,202506,2025-04-03 03:57:00,19797.0,19797.0,19797.0,19797.0,7
UNF,202506,2025-04-03 03:58:00,19797.0,19797.0,19795.0,19795.0,10
UNF,202506,2025-04-03 03:59:00,19786.0,19786.0,19783.0,19783.0,2
UNF,202506,2025-04-03 04:00:00,19766.0,19766.0,19764.0,19764.0,3
UNF,202506,2025-04-03 04:02:00,19761.0,19761.0,19761.0,19761.0,2
UNF,202506,2025-04-03 04:06:00,19769.0,19769.0,19769.0,19769.0,1
UNF,202506,2025-04-03 04:07:00,19761.0,19761.0,19761.0,19761.0,1
UNF,202506,2025-04-03 04:08:00,19760.0,19760.0,19760.0,19760.0,1
UNF,202506,2025-04-03 04:11:00,19769.0,19769.0,19769.0,19769.0,2
UNF,202506,2025-04-03 04:13:00,19779.0,19842.0,19779.0,19842.0,13
UNF,202506,2025-04-03 04:14:00,19850.0,19911.0,19850.0,19903.0,33
UNF,202506,2025-04-03 04:15:00,19900.0,19920.0,19900.0,19920.0,3
UNF,202506,2025-04-03 04:16:00,19920.0,20002.0,19920.0,20002.0,23
UNF,202506,2025-04-03 04:17:00,20004.0,20004.0,20003.0,20003.0,2
UNF,202506,2025-04-03 04:20:00,19952.0,19952.0,19930.0,19930.0,5
UNF,202506,2025-04-03 04:23:00,19871.0,19871.0,19870.0,19870.0,2
UNF,202506,2025-04-03 04:25:00,19948.0,19948.0,19948.0,19948.0,1
UNF,202506,2025-04-03 04:27:00,19778.0,19778.0,19722.0,19722.0,10
UNF,202506,2025-04-03 04:28:00,19721.0,19721.0,19520.0,19520.0,72
UNF,202506,2025-04-03 04:29:00,19588.0,19588.0,19480.0,19480.0,18
UNF,202506,2025-04-03 04:30:00,19470.0,19470.0,19420.0,19430.0,10
UNF,202506,2025-04-03 04:31:00,19460.0,19460.0,19388.0,19388.0,8
UNF,202506,2025-04-03 04:33:00,19446.0,19446.0,19400.0,19400.0,4
UNF,202506,2025-04-03 04:34:00,19393.0,19393.0,19377.0,19378.0,12
UNF,202506,2025-04-03 04:36:00,19375.0,19375.0,19353.0,19353.0,10
UNF,202506,2025-04-03 04:37:00,19350.0,19350.0,19190.0,19190.0,25
UNF,202506,2025-04-03 04:38:00,19150.0,19150.0,19060.0,19060.0,8
UNF,202506,2025-04-03 04:40:00,19233.0,19233.0,19233.0,19233.0,3
UNF,202506,2025-04-03 04:41:00,19233.0,19233.0,19203.0,19203.0,4
UNF,202506,2025-04-03 04:43:00,19153.0,19158.0,19120.0,19120.0,5
UNF,202506,2025-04-03 04:44:00,19108.0,19200.0,19078.0,19200.0,16
UNF,202506,2025-04-03 04:45:00,19113.0,19191.0,19107.0,19191.0,11
UNF,202506,2025-04-03 04:46:00,19078.0,19078.0,19078.0,19078.0,1
UNF,202506,2025-04-03 04:49:00,19176.0,19177.0,19176.0,19177.0,3
UNF,202506,2025-04-03 04:50:00,19199.0,19199.0,19199.0,19199.0,1
UNF,202506,2025-04-03 04:51:00,19197.0,19199.0,19191.0,19199.0,5
UNF,202506,2025-04-03 04:52:00,19220.0,19220.0,19220.0,19220.0,1
UNF,202506,2025-04-03 04:53:00,19223.0,19223.0,19223.0,19223.0,1
UNF,202506,2025-04-03 04:55:00,19210.0,19223.0,19172.0,19206.0,6
UNF,202506,2025-04-03 04:57:00,19220.0,19220.0,19220.0,19220.0,3
UNF,202506,2025-04-03 04:58:00,19220.0,19225.0,19171.0,19171.0,4
UNF,202506,2025-04-03 04:59:00,19169.0,19169.0,19143.0,19143.0,6
UNF,202509,2025-04-02 16:27:00,19757.0,19757.0,19757.0,19757.0,2
UNF,202509,2025-04-02 18:02:00,19723.0,19723.0,19680.0,19680.0,2
UNF,202509,2025-04-02 18:35:00,19686.0,19686.0,19686.0,19686.0,1
UNF,202509,2025-04-02 20:05:00,19612.0,19612.0,19612.0,19612.0,1
UNF,202509,2025-04-02 20:08:00,19592.0,19592.0,19592.0,19592.0,1
UNF,202509,2025-04-02 20:12:00,19605.0,19605.0,19605.0,19605.0,1
UNF,202509,2025-04-02 20:16:00,19607.0,19607.0,19607.0,19607.0,1
UNF,202509,2025-04-02 20:18:00,19600.0,19600.0,19600.0,19600.0,1
UNF,202509,2025-04-02 21:00:00,19588.0,19588.0,19588.0,19588.0,2
UNF,202509,2025-04-02 21:34:00,19627.0,19627.0,19627.0,19627.0,2
UNF,202509,2025-04-02 21:35:00,19634.0,19634.0,19634.0,19634.0,1
UNF,202509,2025-04-02 21:37:00,19705.0,19719.0,19705.0,19719.0,3
UNF,202509,2025-04-02 21:57:00,19763.0,19763.0,19763.0,19763.0,1
UNF,202509,2025-04-02 22:05:00,19812.0,19812.0,19812.0,19812.0,2
UNF,202509,2025-04-02 22:14:00,19744.0,19744.0,19744.0,19744.0,1
UNF,202509,2025-04-02 22:32:00,19840.0,19840.0,19840.0,19840.0,1
UNF,202509,2025-04-03 01:23:00,20058.0,20058.0,20058.0,20058.0,1
UNF,202509,2025-04-03 02:01:00,19952.0,19952.0,19952.0,19952.0,1
UNF,202509,2025-04-03 02:05:00,19920.0,19920.0,19920.0,19920.0,1
UNF,202509,2025-04-03 02:24:00,19872.0,19872.0,19872.0,19872.0,1
UNF,202509,2025-04-03 04:14:00,20068.0,20100.0,20068.0,20100.0,2
UNF,202509,2025-04-03 04:16:00,20191.0,20191.0,20191.0,20191.0,1
UNF,202509,2025-04-03 04:28:00,19766.0,19766.0,19766.0,19766.0,1
UNF,202509,2025-04-03 04:33:00,19651.0,19651.0,19651.0,19651.0,1
UNF,202509,2025-04-03 04:37:00,19539.0,19539.0,19494.0,19494.0,2
UNF,202509,2025-04-03 04:38:00,19300.0,19300.0,19300.0,19300.0,2
XAF,202506,2025-04-02 19:53:00,0.631,0.631,0.631,0.631,1
XAF,202506,2025-04-02 22:51:00,0.631,0.631,0.631,0.631,1
XAF,202506,2025-04-03 04:14:00,0.633,0.633,0.633,0.633,2
XEF,202506,2025-04-02 22:47:00,1.0888,1.0888,1.0888,1.0888,1
XEF,202506,2025-04-02 22:59:00,1.0904,1.0904,1.0904,1.0904,1
XEF,202506,2025-04-02 23:48:00,1.0911,1.0911,1.0911,1.0911,1
XJF,202506,2025-04-02 18:02:00,148.04,148.04,148.04,148.04,1
XJF,202506,2025-04-02 18:36:00,148.11,148.11,148.11,148.11,1
XJF,202506,2025-04-02 18:47:00,148.13,148.13,148.13,148.13,1
XJF,202506,2025-04-02 19:21:00,147.97,147.97,147.97,147.97,1
XJF,202506,2025-04-02 19:49:00,147.9,147.9,147.9,147.9,1
XJF,202506,2025-04-02 20:04:00,147.9,147.9,147.9,147.9,1
XJF,202506,2025-04-02 20:12:00,148.01,148.01,148.01,148.01,1
XJF,202506,2025-04-02 20:15:00,148.0,148.0,148.0,148.0,2
XJF,202506,2025-04-02 20:17:00,148.07,148.07,148.07,148.07,6
XJF,202506,2025-04-02 20:29:00,147.83,147.83,147.83,147.83,1
XJF,202506,2025-04-02 20:55:00,147.9,147.9,147.9,147.9,1
XJF,202506,2025-04-02 21:44:00,148.14,148.14,148.14,148.14,1
XJF,202506,2025-04-02 21:46:00,148.2,148.2,148.2,148.2,2
XJF,202506,2025-04-02 21:49:00,148.25,148.26,148.23,148.23,5
XJF,202506,2025-04-02 21:50:00,148.23,148.23,148.23,148.23,2
XJF,202506,2025-04-02 23:03:00,148.5,148.5,148.5,148.5,1
XJF,202506,2025-04-02 23:06:00,148.53,148.53,148.53,148.53,1
XJF,202506,2025-04-02 23:13:00,148.5,148.5,148.5,148.5,1
XJF,202506,2025-04-02 23:17:00,148.5,148.5,148.5,148.5,1
XJF,202506,2025-04-02 23:20:00,148.58,148.58,148.58,148.58,1
XJF,202506,2025-04-02 23:23:00,148.67,148.68,148.67,148.68,2
XJF,202506,2025-04-02 23:25:00,148.75,148.75,148.75,148.75,1
XJF,202506,2025-04-02 23:27:00,148.77,148.77,148.77,148.77,1
XJF,202506,2025-04-02 23:32:00,148.7,148.7,148.7,148.7,1
XJF,202506,2025-04-02 23:36:00,148.68,148.68,148.68,148.68,1
XJF,202506,2025-04-02 23:45:00,148.65,148.65,148.65,148.65,1
XJF,202506,2025-04-02 23:55:00,148.6,148.6,148.6,148.6,1
XJF,202506,2025-04-03 00:05:00,148.65,148.65,148.65,148.65,1
XJF,202506,2025-04-03 00:15:00,148.74,148.77,148.74,148.77,2
XJF,202506,2025-04-03 00:18:00,148.77,148.77,148.77,148.77,1
XJF,202506,2025-04-03 00:34:00,148.83,148.85,148.83,148.85,2
XJF,202506,2025-04-03 00:42:00,148.89,148.9,148.89,148.9,2
XJF,202506,2025-04-03 01:20:00,148.82,148.82,148.82,148.82,1
XJF,202506,2025-04-03 01:23:00,148.81,148.81,148.81,148.81,1
XJF,202506,2025-04-03 01:47:00,148.75,148.75,148.75,148.75,3
XJF,202506,2025-04-03 02:58:00,148.65,148.65,148.65,148.65,1
XJF,202506,2025-04-03 02:59:00,148.6,148.6,148.6,148.6,1
XJF,202506,2025-04-03 03:33:00,148.75,148.75,148.75,148.75,1
XJF,202506,2025-04-03 04:27:00,148.67,148.67,148.67,148.67,1
XJF,202506,2025-04-03 04:28:00,148.38,148.38,148.38,148.38,1
XJF,202506,2025-04-03 04:29:00,148.33,148.33,148.33,148.33,1
XJF,202506,2025-04-03 04:33:00,148.59,148.59,148.59,148.59,1
XJF,202509,2025-04-02 21:01:00,146.52,146.52,146.52,146.52,1
ZEF,202504,2025-04-02 15:00:00,1147.0,1147.0,1147.0,1147.0,3
ZEF,202504,2025-04-02 15:04:00,1148.05,1148.05,1147.7,1147.7,7
ZEF,202504,2025-04-02 15:12:00,1146.0,1146.0,1145.4,1145.4,2
ZEF,202504,2025-04-02 15:16:00,1146.0,1146.0,1145.85,1145.85,4
ZEF,202504,2025-04-02 15:22:00,1146.35,1146.35,1146.35,1146.35,2
ZEF,202504,2025-04-02 15:25:00,1146.15,1146.15,1145.4,1145.4,8
ZEF,202504,2025-04-02 15:27:00,1146.0,1146.0,1146.0,1146.0,2
ZEF,202504,2025-04-02 15:33:00,1146.7,1147.05,1146.7,1147.05,3
ZEF,202504,2025-04-02 15:37:00,1145.7,1145.7,1145.7,1145.7,1
ZEF,202504,2025-04-02 15:38:00,1145.75,1145.75,1145.75,1145.75,1
ZEF,202504,2025-04-02 15:43:00,1145.65,1145.65,1145.65,1145.65,1
ZEF,202504,2025-04-02 15:44:00,1145.55,1145.55,1145.55,1145.55,1
ZEF,202504,2025-04-02 15:52:00,1146.6,1146.6,1146.6,1146.6,1
ZEF,202504,2025-04-02 15:55:00,1145.85,1145.85,1145.7,1145.7,3
ZEF,202504,2025-04-02 15:57:00,1146.2,1146.2,1146.2,1146.2,1
ZEF,202504,2025-04-02 15:58:00,1146.4,1147.2,1146.4,1147.2,3
ZEF,202504,2025-04-02 15:59:00,1147.2,1147.2,1147.2,1147.2,1
ZEF,202504,2025-04-02 16:01:00,1145.7,1145.7,1145.65,1145.65,7
ZEF,202504,2025-04-02 16:07:00,1145.65,1145.65,1145.65,1145.65,1
ZEF,202504,2025-04-02 16:11:00,1146.8,1146.85,1146.8,1146.85,2
ZEF,202504,2025-04-02 16:12:00,1147.0,1147.0,1147.0,1147.0,2
ZEF,202504,2025-04-02 16:13:00,1147.0,1147.0,1147.0,1147.0,1
ZEF,202504,2025-04-02 16:20:00,1147.1,1147.1,1147.1,1147.1,1
ZEF,202504,2025-04-02 16:22:00,1147.6,1147.95,1147.6,1147.95,4
ZEF,202504,2025-04-02 16:25:00,1147.1,1147.1,1147.1,1147.1,1
ZEF,202504,2025-04-02 16:33:00,1147.65,1147.65,1147.65,1147.65,2
ZEF,202504,2025-04-02 16:34:00,1147.7,1147.7,1147.7,1147.7,2
ZEF,202504,2025-04-02 16:38:00,1147.3,1147.3,1147.3,1147.3,1
ZEF,202504,2025-04-02 16:40:00,1147.3,1147.3,1147.3,1147.3,1
ZEF,202504,2025-04-02 16:49:00,1148.0,1148.05,1148.0,1148.05,2
ZEF,202504,2025-04-02 16:52:00,1147.75,1147.75,1147.4,1147.4,4
ZEF,202504,2025-04-02 16:53:00,1147.4,1147.4,1147.4,1147.4,2
ZEF,202504,2025-04-02 16:59:00,1147.3,1147.3,1147.1,1147.1,3
ZEF,202504,2025-04-02 17:03:00,1147.0,1147.0,1147.0,1147.0,8
ZEF,202504,2025-04-02 17:10:00,1148.0,1148.0,1148.0,1148.0,5
ZEF,202504,2025-04-02 17:12:00,1148.5,1148.5,1148.5,1148.5,2
ZEF,202504,2025-04-02 17:18:00,1147.15,1147.15,1147.1,1147.1,2
ZEF,202504,2025-04-02 17:22:00,1147.2,1147.2,1147.2,1147.2,1
ZEF,202504,2025-04-02 17:23:00,1147.2,1147.2,1147.2,1147.2,1
ZEF,202504,2025-04-02 17:25:00,1147.3,1147.3,1147.3,1147.3,2
ZEF,202504,2025-04-02 17:29:00,1147.0,1147.0,1147.0,1147.0,3
ZEF,202504,2025-04-02 17:30:00,1147.0,1147.0,1147.0,1147.0,2
ZEF,202504,2025-04-02 17:31:00,1147.0,1147.0,1147.0,1147.0,7
ZEF,202504,2025-04-02 17:32:00,1147.05,1147.05,1147.05,1147.05,1
ZEF,202504,2025-04-02 17:34:00,1147.5,1147.5,1147.5,1147.5,1
ZEF,202504,2025-04-02 17:38:00,1148.25,1148.55,1148.25,1148.55,3
ZEF,202504,2025-04-02 17:39:00,1148.5,1148.5,1148.5,1148.5,2
ZEF,202504,2025-04-02 17:43:00,1148.15,1148.15,1148.15,1148.15,3
ZEF,202504,2025-04-02 17:47:00,1147.45,1147.45,1147.45,1147.45,1
ZEF,202504,2025-04-02 17:49:00,1147.0,1147.0,1147.0,1147.0,2
ZEF,202504,2025-04-02 17:50:00,1147.0,1147.0,1147.0,1147.0,1
ZEF,202504,2025-04-02 17:51:00,1146.65,1146.65,1146.25,1146.25,2
ZEF,202504,2025-04-02 17:56:00,1146.4,1146.4,1146.15,1146.15,3
ZEF,202504,2025-04-02 18:00:00,1146.0,1146.0,1146.0,1146.0,3
ZEF,202504,2025-04-02 18:02:00,1145.3,1145.3,1145.0,1145.0,4
ZEF,202504,2025-04-02 18:03:00,1143.7,1143.7,1143.7,1143.7,1
ZEF,202504,2025-04-02 18:11:00,1145.0,1145.0,1145.0,1145.0,1
ZEF,202504,2025-04-02 18:18:00,1145.75,1145.95,1145.75,1145.95,2
ZEF,202504,2025-04-02 18:32:00,1143.75,1143.75,1143.75,1143.75,1
ZEF,202504,2025-04-02 18:35:00,1143.55,1143.55,1143.55,1143.55,1
ZEF,202504,2025-04-02 18:36:00,1143.45,1143.45,1143.45,1143.45,2
ZEF,202504,2025-04-02 18:40:00,1143.4,1143.4,1143.4,1143.4,1
ZEF,202504,2025-04-02 18:42:00,1143.4,1143.4,1143.4,1143.4,1
ZEF,202504,2025-04-02 18:46:00,1143.4,1143.45,1143.4,1143.45,3
ZEF,202504,2025-04-02 18:47:00,1144.0,1144.0,1144.0,1144.0,1
ZEF,202504,2025-04-02 18:48:00,1145.1,1145.1,1145.1,1145.1,1
ZEF,202504,2025-04-02 18:51:00,1144.8,1144.8,1144.8,1144.8,1
ZEF,202504,2025-04-02 19:00:00,1143.2,1143.2,1143.2,1143.2,1
ZEF,202504,2025-04-02 19:05:00,1143.0,1143.0,1143.0,1143.0,1
ZEF,202504,2025-04-02 19:06:00,1143.0,1143.0,1143.0,1143.0,1
ZEF,202504,2025-04-02 19:13:00,1144.1,1144.75,1144.1,1144.75,2
ZEF,202504,2025-04-02 19:26:00,1144.45,1144.45,1144.45,1144.45,1
ZEF,202504,2025-04-02 19:36:00,1143.6,1143.6,1143.6,1143.6,1
ZEF,202504,2025-04-02 19:47:00,1144.25,1144.25,1144.25,1144.25,1
ZEF,202504,2025-04-02 20:05:00,1142.0,1142.0,1142.0,1142.0,1
ZEF,202504,2025-04-02 20:06:00,1141.5,1141.5,1141.5,1141.5,4
ZEF,202504,2025-04-02 20:07:00,1141.2,1141.2,1140.8,1140.8,3
ZEF,202504,2025-04-02 20:08:00,1140.8,1140.8,1140.5,1140.5,3
ZEF,202504,2025-04-02 20:09:00,1140.35,1140.85,1140.35,1140.85,2
ZEF,202504,2025-04-02 20:10:00,1140.9,1141.2,1140.9,1141.2,2
ZEF,202504,2025-04-02 20:11:00,1141.4,1141.4,1141.4,1141.4,1
ZEF,202504,2025-04-02 20:12:00,1142.05,1142.05,1142.05,1142.05,1
ZEF,202504,2025-04-02 20:13:00,1141.4,1141.4,1141.4,1141.4,1
ZEF,202504,2025-04-02 20:15:00,1142.35,1142.35,1142.0,1142.0,3
ZEF,202504,2025-04-02 20:16:00,1142.25,1142.25,1141.8,1141.8,3
ZEF,202504,2025-04-02 20:20:00,1141.8,1141.8,1141.8,1141.8,1
ZEF,202504,2025-04-02 20:22:00,1140.85,1140.85,1140.8,1140.8,3
ZEF,202504,2025-04-02 20:24:00,1140.75,1140.75,1140.3,1140.3,3
ZEF,202504,2025-04-02 20:25:00,1140.9,1140.9,1140.9,1140.9,1
ZEF,202504,2025-04-02 20:27:00,1140.25,1140.25,1140.2,1140.2,3
ZEF,202504,2025-04-02 20:32:00,1140.15,1140.15,1140.1,1140.1,3
ZEF,202504,2025-04-02 20:34:00,1140.85,1140.9,1140.85,1140.9,3
ZEF,202504,2025-04-02 20:37:00,1140.95,1140.95,1140.8,1140.9,3
ZEF,202504,2025-04-02 20:39:00,1141.5,1141.5,1141.5,1141.5,1
ZEF,202504,2025-04-02 20:45:00,1141.5,1141.55,1141.5,1141.55,3
ZEF,202504,2025-04-02 20:48:00,1141.8,1141.85,1141.8,1141.85,2
ZEF,202504,2025-04-02 20:53:00,1142.0,1142.2,1142.0,1142.2,4
ZEF,202504,2025-04-02 20:56:00,1142.2,1142.2,1142.2,1142.2,1
ZEF,202504,2025-04-02 20:57:00,1142.2,1142.25,1142.2,1142.25,2
ZEF,202504,2025-04-02 21:00:00,1141.7,1141.7,1141.7,1141.7,1
ZEF,202504,2025-04-02 21:05:00,1141.9,1141.9,1141.9,1141.9,2
ZEF,202504,2025-04-02 21:06:00,1142.15,1142.25,1142.15,1142.25,3
ZEF,202504,2025-04-02 21:07:00,1141.7,1141.7,1141.7,1141.7,2
ZEF,202504,2025-04-02 21:08:00,1141.0,1141.0,1141.0,1141.0,2
ZEF,202504,2025-04-02 21:12:00,1141.0,1141.0,1141.0,1141.0,1
ZEF,202504,2025-04-02 21:13:00,1140.85,1140.85,1140.85,1140.85,1
ZEF,202504,2025-04-02 21:14:00,1140.8,1140.8,1140.8,1140.8,1
ZEF,202504,2025-04-02 21:17:00,1140.8,1140.8,1140.8,1140.8,1
ZEF,202504,2025-04-02 21:18:00,1140.8,1140.8,1140.8,1140.8,1
ZEF,202504,2025-04-02 21:19:00,1141.0,1141.0,1140.9,1140.9,2
ZEF,202504,2025-04-02 21:23:00,1140.7,1140.7,1140.7,1140.7,1
ZEF,202504,2025-04-02 21:24:00,1140.65,1140.65,1140.65,1140.65,1
ZEF,202504,2025-04-02 21:25:00,1140.2,1140.2,1140.2,1140.2,1
ZEF,202504,2025-04-02 21:29:00,1140.0,1140.0,1140.0,1140.0,1
ZEF,202504,2025-04-02 21:30:00,1140.65,1140.75,1139.9,1139.9,5
ZEF,202504,2025-04-02 21:31:00,1139.25,1139.95,1138.0,1139.95,8
ZEF,202504,2025-04-02 21:33:00,1140.0,1141.7,1140.0,1141.7,4
ZEF,202504,2025-04-02 21:34:00,1142.2,1142.3,1142.2,1142.3,3
ZEF,202504,2025-04-02 21:35:00,1143.4,1143.4,1142.65,1142.65,3
ZEF,202504,2025-04-02 21:36:00,1144.2,1145.8,1144.2,1145.35,8
ZEF,202504,2025-04-02 21:37:00,1146.0,1147.4,1146.0,1147.35,7
ZEF,202504,2025-04-02 21:38:00,1147.4,1147.5,1146.0,1146.0,6
ZEF,202504,2025-04-02 21:39:00,1146.0,1146.0,1146.0,1146.0,1
ZEF,202504,2025-04-02 21:40:00,1145.4,1145.4,1145.0,1145.0,2
ZEF,202504,2025-04-02 21:41:00,1146.65,1146.7,1146.65,1146.7,2
ZEF,202504,2025-04-02 21:42:00,1145.0,1145.0,1145.0,1145.0,3
ZEF,202504,2025-04-02 21:44:00,1145.1,1145.1,1145.1,1145.1,1
ZEF,202504,2025-04-02 21:45:00,1147.25,1148.3,1147.25,1148.3,2
ZEF,202504,2025-04-02 21:46:00,1150.0,1150.85,1150.0,1150.55,9
ZEF,202504,2025-04-02 21:47:00,1150.6,1150.6,1150.6,1150.6,2
ZEF,202504,2025-04-02 21:48:00,1149.65,1149.65,1147.85,1147.85,2
ZEF,202504,2025-04-02 21:49:00,1148.3,1149.6,1148.3,1149.6,4
ZEF,202504,2025-04-02 21:51:00,1149.0,1149.0,1149.0,1149.0,1
ZEF,202504,2025-04-02 21:52:00,1149.7,1149.7,1149.7,1149.7,1
ZEF,202504,2025-04-02 21:54:00,1149.0,1149.0,1149.0,1149.0,2
ZEF,202504,2025-04-02 21:56:00,1147.85,1147.85,1147.85,1147.85,1
ZEF,202504,2025-04-02 21:59:00,1147.6,1147.6,1147.5,1147.5,3
ZEF,202504,2025-04-02 22:00:00,1148.0,1148.3,1148.0,1148.3,2
ZEF,202504,2025-04-02 22:02:00,1150.0,1151.2,1150.0,1151.2,3
ZEF,202504,2025-04-02 22:03:00,1151.4,1152.15,1151.25,1152.0,8
ZEF,202504,2025-04-02 22:04:00,1152.5,1153.75,1152.5,1153.0,10
ZEF,202504,2025-04-02 22:06:00,1152.9,1153.0,1152.15,1152.15,7
ZEF,202504,2025-04-02 22:07:00,1151.05,1151.05,1151.0,1151.0,2
ZEF,202504,2025-04-02 22:08:00,1150.65,1150.65,1150.65,1150.65,1
ZEF,202504,2025-04-02 22:09:00,1150.2,1150.2,1150.0,1150.0,2
ZEF,202504,2025-04-02 22:11:00,1148.85,1148.9,1148.85,1148.9,2
ZEF,202504,2025-04-02 22:13:00,1149.7,1149.7,1149.7,1149.7,1
ZEF,202504,2025-04-02 22:14:00,1148.6,1148.6,1148.6,1148.6,1
ZEF,202504,2025-04-02 22:16:00,1149.65,1149.65,1149.65,1149.65,1
ZEF,202504,2025-04-02 22:17:00,1150.05,1150.05,1150.05,1150.05,1
ZEF,202504,2025-04-02 22:18:00,1150.3,1150.3,1150.3,1150.3,1
ZEF,202504,2025-04-02 22:19:00,1150.0,1150.0,1150.0,1150.0,2
ZEF,202504,2025-04-02 22:21:00,1150.2,1150.2,1150.2,1150.2,1
ZEF,202504,2025-04-02 22:23:00,1151.0,1151.0,1151.0,1151.0,1
ZEF,202504,2025-04-02 22:25:00,1151.25,1151.25,1149.7,1149.7,3
ZEF,202504,2025-04-02 22:26:00,1149.65,1150.0,1149.65,1150.0,2
ZEF,202504,2025-04-02 22:31:00,1151.0,1151.0,1151.0,1151.0,1
ZEF,202504,2025-04-02 22:32:00,1151.75,1151.75,1151.75,1151.75,2
ZEF,202504,2025-04-02 22:35:00,1150.15,1150.15,1150.15,1150.15,1
ZEF,202504,2025-04-02 22:38:00,1149.75,1149.75,1149.75,1149.75,2
ZEF,202504,2025-04-02 22:40:00,1149.8,1149.8,1149.8,1149.8,1
ZEF,202504,2025-04-02 22:43:00,1150.0,1150.0,1150.0,1150.0,1
ZEF,202504,2025-04-02 22:52:00,1151.5,1151.5,1151.5,1151.5,1
ZEF,202504,2025-04-02 22:55:00,1151.05,1151.05,1151.05,1151.05,2
ZEF,202504,2025-04-02 22:58:00,1153.7,1153.75,1153.0,1153.0,3
ZEF,202504,2025-04-02 23:00:00,1153.8,1153.8,1153.1,1153.1,10
ZEF,202504,2025-04-02 23:01:00,1152.5,1152.5,1152.4,1152.4,3
ZEF,202504,2025-04-02 23:03:00,1152.45,1153.0,1152.45,1153.0,2
ZEF,202504,2025-04-02 23:04:00,1153.4,1153.4,1153.4,1153.4,1
ZEF,202504,2025-04-02 23:06:00,1153.4,1153.4,1153.4,1153.4,1
ZEF,202504,2025-04-02 23:07:00,1153.95,1154.0,1153.95,1154.0,2
ZEF,202504,2025-04-02 23:08:00,1154.2,1154.7,1154.2,1154.7,6
ZEF,202504,2025-04-02 23:09:00,1154.2,1154.2,1154.2,1154.2,1
ZEF,202504,2025-04-02 23:11:00,1153.55,1153.55,1153.1,1153.1,7
ZEF,202504,2025-04-02 23:12:00,1152.6,1152.6,1152.5,1152.5,2
ZEF,202504,2025-04-02 23:18:00,1152.3,1152.4,1152.3,1152.4,3
ZEF,202504,2025-04-02 23:19:00,1153.2,1153.2,1153.2,1153.2,2
ZEF,202504,2025-04-02 23:20:00,1154.5,1155.0,1154.5,1155.0,2
ZEF,202504,2025-04-02 23:21:00,1155.15,1155.2,1155.15,1155.2,6
ZEF,202504,2025-04-02 23:22:00,1155.2,1155.2,1154.65,1154.65,2
ZEF,202504,2025-04-02 23:23:00,1155.45,1156.2,1155.45,1156.15,5
ZEF,202504,2025-04-02 23:24:00,1156.0,1156.0,1156.0,1156.0,1
ZEF,202504,2025-04-02 23:25:00,1156.3,1157.65,1156.3,1156.65,10
ZEF,202504,2025-04-02 23:26:00,1157.25,1157.25,1157.1,1157.1,2
ZEF,202504,2025-04-02 23:27:00,1157.1,1157.55,1157.1,1157.5,5
ZEF,202504,2025-04-02 23:28:00,1157.5,1157.6,1156.55,1156.55,11
ZEF,202504,2025-04-02 23:29:00,1156.9,1157.0,1156.9,1157.0,2
ZEF,202504,2025-04-02 23:32:00,1157.6,1157.6,1157.6,1157.6,1
ZEF,202504,2025-04-02 23:33:00,1157.4,1157.4,1157.4,1157.4,1
ZEF,202504,2025-04-02 23:34:00,1157.2,1157.2,1157.2,1157.2,4
ZEF,202504,2025-04-02 23:35:00,1157.0,1157.0,1157.0,1157.0,1
ZEF,202504,2025-04-02 23:36:00,1157.3,1157.7,1157.3,1157.7,3
ZEF,202504,2025-04-02 23:37:00,1157.7,1157.7,1157.4,1157.4,4
ZEF,202504,2025-04-02 23:38:00,1157.5,1157.95,1157.5,1157.95,3
ZEF,202504,2025-04-02 23:41:00,1157.05,1157.05,1156.5,1156.5,2
ZEF,202504,2025-04-02 23:43:00,1157.25,1157.25,1156.8,1156.8,6
ZEF,202504,2025-04-02 23:44:00,1156.5,1156.5,1156.5,1156.5,1
ZEF,202504,2025-04-02 23:46:00,1155.9,1155.9,1155.8,1155.8,2
ZEF,202504,2025-04-02 23:47:00,1155.5,1155.5,1155.5,1155.5,1
ZEF,202504,2025-04-02 23:48:00,1155.45,1155.45,1155.45,1155.45,1
ZEF,202504,2025-04-02 23:49:00,1155.5,1155.5,1155.4,1155.4,3
ZEF,202504,2025-04-02 23:50:00,1155.0,1155.0,1155.0,1155.0,1
ZEF,202504,2025-04-02 23:52:00,1155.0,1155.2,1155.0,1155.15,4
ZEF,202504,2025-04-02 23:55:00,1156.0,1156.3,1156.0,1156.3,3
ZEF,202504,2025-04-02 23:58:00,1156.6,1156.6,1156.6,1156.6,2
ZEF,202504,2025-04-02 23:59:00,1156.3,1156.3,1156.1,1156.1,2
ZEF,202504,2025-04-03 00:04:00,1156.1,1156.1,1156.1,1156.1,1
ZEF,202504,2025-04-03 00:05:00,1156.8,1156.8,1156.8,1156.8,1
ZEF,202504,2025-04-03 00:10:00,1156.8,1157.0,1156.8,1157.0,2
ZEF,202504,2025-04-03 00:11:00,1157.5,1157.5,1157.5,1157.5,3
ZEF,202504,2025-04-03 00:12:00,1157.9,1159.3,1157.9,1159.3,8
ZEF,202504,2025-04-03 00:13:00,1157.95,1157.95,1157.95,1157.95,1
ZEF,202504,2025-04-03 00:14:00,1159.05,1159.05,1159.05,1159.05,1
ZEF,202504,2025-04-03 00:15:00,1159.05,1159.05,1159.05,1159.05,1
ZEF,202504,2025-04-03 00:16:00,1159.45,1159.45,1159.45,1159.45,1
ZEF,202504,2025-04-03 00:19:00,1159.0,1159.0,1159.0,1159.0,2
ZEF,202504,2025-04-03 00:20:00,1158.9,1158.9,1158.9,1158.9,1
ZEF,202504,2025-04-03 00:22:00,1159.25,1159.25,1159.25,1159.25,1
ZEF,202504,2025-04-03 00:23:00,1159.8,1159.8,1159.8,1159.8,2
ZEF,202504,2025-04-03 00:24:00,1159.85,1160.0,1159.85,1160.0,5
ZEF,202504,2025-04-03 00:28:00,1160.0,1160.0,1160.0,1160.0,2
ZEF,202504,2025-04-03 00:29:00,1160.8,1161.0,1160.8,1161.0,4
ZEF,202504,2025-04-03 00:30:00,1161.0,1161.0,1160.65,1160.8,3
ZEF,202504,2025-04-03 00:31:00,1161.0,1161.0,1161.0,1161.0,2
ZEF,202504,2025-04-03 00:33:00,1160.85,1160.85,1160.85,1160.85,1
ZEF,202504,2025-04-03 00:35:00,1160.6,1160.6,1160.6,1160.6,1
ZEF,202504,2025-04-03 00:37:00,1160.2,1160.2,1159.6,1159.6,4
ZEF,202504,2025-04-03 00:43:00,1160.1,1160.1,1160.1,1160.1,2
ZEF,202504,2025-04-03 00:44:00,1160.35,1160.35,1160.35,1160.35,1
ZEF,202504,2025-04-03 00:46:00,1160.15,1160.15,1160.15,1160.15,4
ZEF,202504,2025-04-03 00:47:00,1160.35,1160.35,1160.35,1160.35,4
ZEF,202504,2025-04-03 00:49:00,1161.0,1161.0,1161.0,1161.0,1
ZEF,202504,2025-04-03 00:54:00,1161.0,1161.0,1160.9,1160.9,5
ZEF,202504,2025-04-03 00:58:00,1160.9,1160.9,1160.9,1160.9,2
ZEF,202504,2025-04-03 01:00:00,1161.75,1161.75,1161.75,1161.75,4
ZEF,202504,2025-04-03 01:01:00,1161.9,1161.9,1161.9,1161.9,1
ZEF,202504,2025-04-03 01:02:00,1161.5,1162.3,1161.5,1162.3,5
ZEF,202504,2025-04-03 01:04:00,1162.25,1162.35,1162.15,1162.15,6
ZEF,202504,2025-04-03 01:06:00,1162.5,1162.6,1162.5,1162.6,2
ZEF,202504,2025-04-03 01:07:00,1162.95,1163.0,1162.95,1163.0,3
ZEF,202504,2025-04-03 01:09:00,1162.8,1162.8,1162.8,1162.8,2
ZEF,202504,2025-04-03 01:10:00,1163.0,1163.0,1163.0,1163.0,2
ZEF,202504,2025-04-03 01:11:00,1163.8,1163.8,1163.8,1163.8,1
ZEF,202504,2025-04-03 01:12:00,1164.05,1164.05,1164.05,1164.05,2
ZEF,202504,2025-04-03 01:13:00,1163.55,1163.55,1163.55,1163.55,2
ZEF,202504,2025-04-03 01:14:00,1163.55,1163.55,1163.55,1163.55,8
ZEF,202504,2025-04-03 01:20:00,1163.1,1164.25,1163.1,1164.25,2
ZEF,202504,2025-04-03 01:23:00,1162.15,1162.15,1162.15,1162.15,1
ZEF,202504,2025-04-03 01:24:00,1162.25,1162.25,1162.25,1162.25,1
ZEF,202504,2025-04-03 01:25:00,1162.2,1162.2,1162.2,1162.2,1
ZEF,202504,2025-04-03 01:28:00,1161.7,1162.0,1161.7,1162.0,2
ZEF,202504,2025-04-03 01:29:00,1161.05,1161.05,1161.0,1161.0,2
ZEF,202504,2025-04-03 01:30:00,1161.0,1161.0,1160.0,1160.0,5
ZEF,202504,2025-04-03 01:33:00,1159.15,1159.15,1159.15,1159.15,3
ZEF,202504,2025-04-03 01:36:00,1159.1,1159.65,1159.0,1159.0,5
ZEF,202504,2025-04-03 01:37:00,1156.75,1156.75,1156.75,1156.75,1
ZEF,202504,2025-04-03 01:38:00,1158.25,1158.25,1158.25,1158.25,1
ZEF,202504,2025-04-03 01:40:00,1157.75,1157.8,1157.75,1157.8,3
ZEF,202504,2025-04-03 01:44:00,1156.35,1156.35,1155.85,1155.85,2
ZEF,202504,2025-04-03 01:45:00,1155.75,1156.15,1155.75,1156.15,2
ZEF,202504,2025-04-03 01:46:00,1155.7,1155.7,1155.7,1155.7,1
ZEF,202504,2025-04-03 01:47:00,1155.85,1156.4,1155.85,1156.4,2
ZEF,202504,2025-04-03 01:48:00,1155.55,1155.55,1155.05,1155.05,3
ZEF,202504,2025-04-03 01:52:00,1155.0,1155.0,1153.85,1154.95,16
ZEF,202504,2025-04-03 02:05:00,1153.45,1153.45,1151.85,1151.85,8
ZEF,202504,2025-04-03 02:06:00,1151.5,1151.85,1151.5,1151.85,2
ZEF,202504,2025-04-03 02:08:00,1152.7,1152.7,1152.6,1152.6,4
ZEF,202504,2025-04-03 02:09:00,1152.95,1153.0,1152.95,1153.0,2
ZEF,202504,2025-04-03 02:11:00,1151.4,1151.4,1151.4,1151.4,1
ZEF,202504,2025-04-03 02:12:00,1153.2,1153.35,1153.2,1153.35,2
ZEF,202504,2025-04-03 02:13:00,1153.3,1153.3,1153.3,1153.3,1
ZEF,202504,2025-04-03 02:14:00,1153.3,1153.3,1153.3,1153.3,2
ZEF,202504,2025-04-03 02:16:00,1152.55,1152.55,1152.55,1152.55,2
ZEF,202504,2025-04-03 02:19:00,1152.65,1152.65,1152.65,1152.65,1
ZEF,202504,2025-04-03 02:21:00,1152.65,1152.65,1152.65,1152.65,1
ZEF,202504,2025-04-03 02:23:00,1152.0,1152.0,1152.0,1152.0,1
ZEF,202504,2025-04-03 02:24:00,1151.5,1151.5,1151.5,1151.5,4
ZEF,202504,2025-04-03 02:25:00,1151.5,1151.5,1151.0,1151.0,2
ZEF,202504,2025-04-03 02:28:00,1150.7,1150.7,1150.05,1150.05,4
ZEF,202504,2025-04-03 02:29:00,1150.0,1150.0,1150.0,1150.0,2
ZEF,202504,2025-04-03 02:38:00,1154.1,1154.15,1154.1,1154.15,2
ZEF,202504,2025-04-03 02:39:00,1154.5,1154.5,1154.5,1154.5,1
ZEF,202504,2025-04-03 02:40:00,1154.7,1155.0,1154.7,1155.0,4
ZEF,202504,2025-04-03 02:41:00,1156.1,1156.1,1156.0,1156.0,3
ZEF,202504,2025-04-03 02:42:00,1156.0,1156.0,1156.0,1156.0,1
ZEF,202504,2025-04-03 02:49:00,1152.9,1152.9,1152.9,1152.9,1
ZEF,202504,2025-04-03 02:51:00,1153.0,1153.1,1153.0,1153.1,2
ZEF,202504,2025-04-03 02:58:00,1151.05,1151.05,1151.0,1151.0,2
ZEF,202504,2025-04-03 03:03:00,1154.2,1154.2,1154.2,1154.2,1
ZEF,202504,2025-04-03 03:07:00,1152.9,1152.9,1152.9,1152.9,1
ZEF,202504,2025-04-03 03:12:00,1152.5,1152.5,1152.5,1152.5,1
ZEF,202504,2025-04-03 03:19:00,1150.7,1150.7,1150.7,1150.7,2
ZEF,202504,2025-04-03 03:31:00,1155.0,1155.0,1155.0,1155.0,1
ZEF,202504,2025-04-03 03:33:00,1156.1,1156.1,1156.1,1156.1,1
ZEF,202504,2025-04-03 03:35:00,1155.4,1155.4,1155.4,1155.4,1
ZEF,202504,2025-04-03 03:41:00,1157.95,1157.95,1157.6,1157.6,2
ZEF,202504,2025-04-03 03:42:00,1158.5,1158.5,1158.5,1158.5,1
ZEF,202504,2025-04-03 03:44:00,1159.0,1159.0,1158.4,1158.4,4
ZEF,202504,2025-04-03 03:46:00,1159.45,1160.75,1159.45,1160.75,3
ZEF,202504,2025-04-03 03:49:00,1160.0,1160.0,1160.0,1160.0,2
ZEF,202504,2025-04-03 03:50:00,1158.65,1159.05,1158.65,1159.05,2
ZEF,202504,2025-04-03 03:52:00,1159.45,1159.45,1159.1,1159.1,3
ZEF,202504,2025-04-03 03:53:00,1159.55,1159.55,1159.55,1159.55,1
ZEF,202504,2025-04-03 03:55:00,1159.7,1160.0,1159.7,1160.0,2
ZEF,202504,2025-04-03 03:56:00,1160.0,1160.0,1159.25,1159.25,2
ZEF,202504,2025-04-03 03:58:00,1159.2,1159.2,1159.1,1159.1,3
ZEF,202504,2025-04-03 03:59:00,1158.25,1159.1,1158.25,1159.1,2
ZEF,202504,2025-04-03 04:04:00,1158.0,1158.0,1158.0,1158.0,1
ZEF,202504,2025-04-03 04:13:00,1158.0,1158.3,1158.0,1158.3,2
ZEF,202504,2025-04-03 04:15:00,1162.0,1162.0,1162.0,1162.0,3
ZEF,202504,2025-04-03 04:16:00,1163.0,1163.5,1163.0,1163.5,3
ZEF,202504,2025-04-03 04:17:00,1163.85,1165.0,1163.85,1165.0,20
ZEF,202504,2025-04-03 04:18:00,1165.0,1165.0,1163.45,1163.45,10
ZEF,202504,2025-04-03 04:19:00,1159.9,1159.9,1159.9,1159.9,1
ZEF,202504,2025-04-03 04:23:00,1164.35,1164.35,1164.35,1164.35,1
ZEF,202504,2025-04-03 04:25:00,1165.0,1165.0,1165.0,1165.0,1
ZEF,202504,2025-04-03 04:26:00,1161.0,1161.0,1161.0,1161.0,1
ZEF,202504,2025-04-03 04:28:00,1156.5,1156.5,1149.85,1149.85,8
ZEF,202504,2025-04-03 04:29:00,1149.2,1154.0,1146.15,1146.15,26
ZEF,202504,2025-04-03 04:30:00,1145.85,1145.85,1142.0,1142.0,18
ZEF,202504,2025-04-03 04:31:00,1141.8,1141.8,1140.0,1140.0,12
ZEF,202504,2025-04-03 04:32:00,1140.05,1140.05,1140.05,1140.05,1
ZEF,202504,2025-04-03 04:34:00,1140.55,1140.55,1140.55,1140.55,1
ZEF,202504,2025-04-03 04:35:00,1140.55,1143.0,1140.55,1143.0,3
ZEF,202504,2025-04-03 04:37:00,1140.0,1140.0,1135.8,1135.8,11
ZEF,202504,2025-04-03 04:38:00,1140.0,1140.0,1140.0,1140.0,1
ZEF,202504,2025-04-03 04:41:00,1134.1,1134.1,1132.0,1132.0,2
ZEF,202504,2025-04-03 04:42:00,1132.9,1132.9,1131.5,1131.5,2
ZEF,202504,2025-04-03 04:43:00,1131.5,1131.5,1130.0,1130.05,12
ZEF,202504,2025-04-03 04:44:00,1130.05,1130.05,1129.45,1129.6,14
ZEF,202504,2025-04-03 04:46:00,1129.6,1129.6,1129.6,1129.6,2
ZEF,202504,2025-04-03 04:48:00,1129.0,1129.0,1128.4,1128.4,4
ZEF,202504,2025-04-03 04:49:00,1128.4,1128.4,1126.0,1126.0,5
ZEF,202504,2025-04-03 04:51:00,1125.0,1125.0,1125.0,1125.0,1
ZEF,202504,2025-04-03 04:52:00,1125.0,1125.0,1125.0,1125.0,1
ZEF,202504,2025-04-03 04:53:00,1125.0,1125.0,1124.0,1124.0,4
ZEF,202504,2025-04-03 04:57:00,1124.0,1124.0,1124.0,1124.0,2
ZEF,202504,2025-04-03 04:58:00,1124.0,1124.0,1122.5,1122.5,2
ZEF,202504,2025-04-03 04:59:00,1122.0,1122.0,1121.0,1121.8,5
ZEF,202505,2025-04-02 17:39:00,1149.4,1149.4,1149.4,1149.4,2
ZEF,202505,2025-04-02 18:35:00,1144.5,1144.5,1144.5,1144.5,1
ZEF,202505,2025-04-02 22:03:00,1152.0,1152.0,1152.0,1152.0,1
ZEF,202505,2025-04-02 22:14:00,1149.2,1149.2,1149.2,1149.2,1
ZEF,202505,2025-04-02 22:18:00,1150.9,1150.9,1150.9,1150.9,1
ZEF,202505,2025-04-02 22:55:00,1151.65,1151.65,1151.65,1151.65,2
ZEF,202505,2025-04-02 23:03:00,1153.0,1153.0,1153.0,1153.0,1
ZEF,202505,2025-04-02 23:07:00,1154.5,1154.5,1154.5,1154.5,1
ZEF,202505,2025-04-02 23:23:00,1156.0,1156.0,1156.0,1156.0,1
ZEF,202505,2025-04-02 23:38:00,1158.8,1158.8,1158.8,1158.8,1
ZEF,202505,2025-04-03 00:13:00,1158.5,1158.5,1158.5,1158.5,1
ZEF,202505,2025-04-03 00:16:00,1160.0,1160.0,1160.0,1160.0,1
ZEF,202505,2025-04-03 01:38:00,1159.1,1159.1,1159.1,1159.1,1
ZEF,202505,2025-04-03 02:11:00,1151.95,1151.95,1151.95,1151.95,1
ZEF,202505,2025-04-03 02:58:00,1151.95,1151.95,1151.95,1151.95,1
ZEF,202505,2025-04-03 03:41:00,1158.85,1158.85,1158.85,1158.85,1
ZEF,202505,2025-04-03 04:13:00,1158.85,1158.85,1158.85,1158.85,1
ZEF,202505,2025-04-03 04:17:00,1165.0,1165.0,1165.0,1165.0,1
ZEF,202505,2025-04-03 04:30:00,1146.0,1146.0,1146.0,1146.0,1
ZEF,202505,2025-04-03 04:37:00,1140.0,1140.0,1140.0,1140.0,1
ZEF,202505,2025-04-03 04:41:00,1135.0,1135.0,1135.0,1135.0,1
ZEF,202505,2025-04-03 04:44:00,1130.4,1130.4,1130.4,1130.4,1
ZEF,202505,2025-04-03 04:49:00,1129.35,1129.35,1129.35,1129.35,1
