symbol,exp_month,time,open,high,low,close,volume
BRF,202507,2025-04-30 15:40:00,1980.0,1980.0,1980.0,1980.0,1
BRF,202507,2025-04-30 16:26:00,1976.0,1976.0,1976.0,1976.0,1
BRF,202507,2025-05-01 00:35:00,1963.0,1963.0,1963.0,1963.0,1
CCF,202505,2025-04-30 17:49:00,45.1,45.1,45.0,45.0,3
CCF,202505,2025-04-30 18:35:00,45.0,45.0,45.0,45.0,1
CCF,202505,2025-04-30 19:37:00,44.95,44.95,44.95,44.95,1
CCF,202505,2025-04-30 19:43:00,45.0,45.0,45.0,45.0,1
CCF,202505,2025-04-30 20:22:00,44.95,44.95,44.95,44.95,1
CCF,202505,2025-04-30 20:25:00,44.9,44.9,44.9,44.9,1
CCF,202505,2025-04-30 20:37:00,44.85,44.85,44.85,44.85,1
CCF,202505,2025-04-30 20:39:00,44.8,44.8,44.7,44.7,10
CCF,202505,2025-04-30 20:40:00,44.7,44.7,44.7,44.7,1
CCF,202505,2025-04-30 20:41:00,44.7,44.7,44.7,44.7,1
CCF,202505,2025-04-30 20:43:00,44.7,44.7,44.7,44.7,1
CCF,202505,2025-04-30 20:45:00,44.65,44.65,44.65,44.65,1
CCF,202505,2025-04-30 20:47:00,44.65,44.65,44.65,44.65,1
CCF,202505,2025-04-30 21:00:00,44.7,44.7,44.7,44.7,1
CCF,202505,2025-04-30 21:02:00,44.7,44.7,44.7,44.7,4
CCF,202505,2025-04-30 21:08:00,44.65,44.65,44.65,44.65,8
CCF,202505,2025-04-30 21:17:00,44.7,44.7,44.7,44.7,1
CCF,202505,2025-04-30 21:30:00,44.7,44.7,44.65,44.65,10
CCF,202505,2025-04-30 21:34:00,44.75,44.75,44.75,44.75,1
CCF,202505,2025-04-30 21:40:00,44.65,44.65,44.65,44.65,8
CCF,202505,2025-04-30 21:43:00,44.6,44.6,44.6,44.6,1
CCF,202505,2025-04-30 21:44:00,44.6,44.6,44.6,44.6,3
CCF,202505,2025-04-30 21:46:00,44.65,44.65,44.65,44.65,1
CCF,202505,2025-04-30 21:49:00,44.65,44.65,44.65,44.65,1
CCF,202505,2025-04-30 21:51:00,44.65,44.65,44.65,44.65,1
CCF,202505,2025-04-30 21:52:00,44.65,44.65,44.65,44.65,6
CCF,202505,2025-04-30 21:56:00,44.65,44.65,44.65,44.65,5
CCF,202505,2025-04-30 22:03:00,44.7,44.7,44.7,44.7,1
CCF,202505,2025-04-30 22:10:00,44.75,44.85,44.75,44.85,2
CCF,202505,2025-04-30 22:39:00,44.9,44.9,44.85,44.85,2
CCF,202505,2025-04-30 23:04:00,44.85,44.85,44.85,44.85,1
CCF,202505,2025-04-30 23:53:00,44.8,44.8,44.8,44.8,1
CCF,202505,2025-05-01 00:01:00,44.8,44.8,44.8,44.8,1
CCF,202505,2025-05-01 00:06:00,44.8,44.8,44.8,44.8,1
CCF,202505,2025-05-01 00:07:00,44.85,44.85,44.85,44.85,2
CCF,202505,2025-05-01 00:08:00,44.9,44.9,44.9,44.9,1
CCF,202505,2025-05-01 00:09:00,44.85,44.85,44.85,44.85,1
CCF,202505,2025-05-01 00:10:00,44.85,44.85,44.85,44.85,1
CCF,202505,2025-05-01 00:16:00,44.85,44.85,44.85,44.85,1
CCF,202505,2025-05-01 00:23:00,44.8,44.8,44.8,44.8,1
CCF,202505,2025-05-01 00:36:00,44.7,44.7,44.7,44.7,1
CCF,202505,2025-05-01 00:53:00,44.85,44.85,44.85,44.85,1
CCF,202505,2025-05-01 01:08:00,44.7,44.7,44.7,44.7,1
CCF,202505,2025-05-01 01:10:00,44.65,44.65,44.65,44.65,4
CCF,202505,2025-05-01 01:13:00,44.6,44.6,44.6,44.6,5
CCF,202505,2025-05-01 01:36:00,44.75,44.75,44.75,44.75,1
CCF,202505,2025-05-01 01:58:00,44.85,44.85,44.85,44.85,2
CCF,202505,2025-05-01 02:18:00,44.9,44.9,44.9,44.9,7
CCF,202505,2025-05-01 03:47:00,44.75,44.75,44.75,44.75,1
CCF,202505,2025-05-01 03:51:00,44.95,44.95,44.95,44.95,12
CCF,202505,2025-05-01 03:55:00,45.0,45.0,45.0,45.0,6
CCF,202505,2025-05-01 03:56:00,45.0,45.05,45.0,45.05,12
CCF,202505,2025-05-01 03:59:00,45.1,45.1,45.1,45.1,14
CCF,202505,2025-05-01 04:00:00,45.1,45.1,45.1,45.1,1
CCF,202505,2025-05-01 04:01:00,45.1,45.1,45.1,45.1,2
CCF,202505,2025-05-01 04:03:00,45.1,45.1,45.1,45.1,3
CCF,202505,2025-05-01 04:08:00,45.1,45.1,45.1,45.1,2
CCF,202505,2025-05-01 04:13:00,45.1,45.1,45.1,45.1,1
CCF,202505,2025-05-01 04:19:00,45.1,45.1,45.1,45.1,1
CCF,202505,2025-05-01 04:20:00,45.15,45.15,45.15,45.15,2
CCF,202505,2025-05-01 04:23:00,45.2,45.2,45.2,45.2,3
CCF,202505,2025-05-01 04:29:00,45.2,45.25,45.2,45.25,4
CCF,202505,2025-05-01 04:30:00,45.3,45.3,45.3,45.3,6
CCF,202505,2025-05-01 04:32:00,45.35,45.35,45.35,45.35,2
CCF,202505,2025-05-01 04:42:00,45.45,45.45,45.45,45.45,6
CCF,202505,2025-05-01 04:45:00,45.45,45.45,45.45,45.45,3
CCF,202505,2025-05-01 04:47:00,45.5,45.5,45.5,45.5,2
CCF,202505,2025-05-01 04:52:00,45.45,45.45,45.45,45.45,2
CCF,202505,2025-05-01 04:54:00,45.45,45.45,45.45,45.45,2
CCF,202505,2025-05-01 04:58:00,45.35,45.35,45.35,45.35,1
CCF,202505/202506,2025-04-30 17:25:00,-0.04,-0.04,-0.04,-0.04,70
CCF,202505/202506,2025-04-30 17:26:00,-0.03,-0.03,-0.03,-0.03,30
CCF,202505/202506,2025-04-30 17:32:00,-0.03,-0.03,-0.03,-0.03,100
CCF,202506,2025-04-30 20:22:00,44.9,44.9,44.9,44.9,1
CCF,202506,2025-04-30 20:39:00,44.7,44.7,44.7,44.7,2
CCF,202506,2025-04-30 21:40:00,44.65,44.65,44.65,44.65,3
CCF,202506,2025-04-30 21:42:00,44.6,44.6,44.6,44.6,1
CCF,202506,2025-04-30 21:51:00,44.65,44.65,44.65,44.65,1
CCF,202506,2025-04-30 21:52:00,44.65,44.65,44.65,44.65,5
CCF,202506,2025-04-30 22:10:00,44.7,44.7,44.7,44.7,1
CCF,202506,2025-04-30 22:32:00,44.85,44.85,44.85,44.85,1
CCF,202506,2025-05-01 00:08:00,44.85,44.85,44.85,44.85,1
CCF,202506,2025-05-01 01:10:00,44.65,44.65,44.65,44.65,1
CCF,202506,2025-05-01 01:13:00,44.6,44.6,44.6,44.6,1
CCF,202506,2025-05-01 03:51:00,44.9,44.9,44.9,44.9,7
CCF,202506,2025-05-01 03:55:00,44.95,44.95,44.95,44.95,4
CCF,202506,2025-05-01 03:56:00,45.0,45.0,45.0,45.0,4
CCF,202506,2025-05-01 03:59:00,45.05,45.05,45.05,45.05,1
CDF,202505,2025-04-30 17:25:00,907.0,908.0,907.0,908.0,21
CDF,202505,2025-04-30 17:26:00,909.0,909.0,909.0,909.0,7
CDF,202505,2025-04-30 17:27:00,909.0,909.0,909.0,909.0,1
CDF,202505,2025-04-30 17:28:00,910.0,910.0,910.0,910.0,10
CDF,202505,2025-04-30 17:29:00,910.0,910.0,910.0,910.0,2
CDF,202505,2025-04-30 17:30:00,910.0,910.0,910.0,910.0,11
CDF,202505,2025-04-30 17:31:00,910.0,910.0,910.0,910.0,7
CDF,202505,2025-04-30 17:32:00,909.0,909.0,909.0,909.0,15
CDF,202505,2025-04-30 17:33:00,909.0,909.0,909.0,909.0,7
CDF,202505,2025-04-30 17:35:00,909.0,909.0,909.0,909.0,1
CDF,202505,2025-04-30 17:36:00,910.0,910.0,910.0,910.0,17
CDF,202505,2025-04-30 17:37:00,910.0,910.0,910.0,910.0,1
CDF,202505,2025-04-30 17:38:00,911.0,911.0,911.0,911.0,4
CDF,202505,2025-04-30 17:40:00,911.0,911.0,911.0,911.0,1
CDF,202505,2025-04-30 17:41:00,911.0,911.0,911.0,911.0,2
CDF,202505,2025-04-30 17:43:00,910.0,910.0,910.0,910.0,1
CDF,202505,2025-04-30 17:44:00,910.0,910.0,910.0,910.0,1
CDF,202505,2025-04-30 17:47:00,910.0,910.0,910.0,910.0,1
CDF,202505,2025-04-30 17:48:00,910.0,910.0,910.0,910.0,13
CDF,202505,2025-04-30 17:52:00,910.0,911.0,910.0,911.0,2
CDF,202505,2025-04-30 17:55:00,910.0,910.0,910.0,910.0,2
CDF,202505,2025-04-30 18:01:00,910.0,910.0,910.0,910.0,1
CDF,202505,2025-04-30 18:03:00,910.0,910.0,910.0,910.0,1
CDF,202505,2025-04-30 18:04:00,910.0,910.0,910.0,910.0,2
CDF,202505,2025-04-30 18:05:00,910.0,910.0,910.0,910.0,2
CDF,202505,2025-04-30 18:06:00,910.0,910.0,910.0,910.0,2
CDF,202505,2025-04-30 18:08:00,910.0,910.0,910.0,910.0,14
CDF,202505,2025-04-30 18:10:00,909.0,909.0,909.0,909.0,15
CDF,202505,2025-04-30 18:12:00,909.0,909.0,909.0,909.0,1
CDF,202505,2025-04-30 18:13:00,909.0,909.0,909.0,909.0,3
CDF,202505,2025-04-30 18:14:00,910.0,910.0,910.0,910.0,1
CDF,202505,2025-04-30 18:16:00,910.0,910.0,910.0,910.0,2
CDF,202505,2025-04-30 18:20:00,910.0,910.0,910.0,910.0,1
CDF,202505,2025-04-30 18:28:00,909.0,909.0,909.0,909.0,1
CDF,202505,2025-04-30 18:30:00,909.0,909.0,909.0,909.0,14
CDF,202505,2025-04-30 18:31:00,908.0,908.0,908.0,908.0,11
CDF,202505,2025-04-30 18:32:00,908.0,908.0,908.0,908.0,14
CDF,202505,2025-04-30 18:33:00,908.0,908.0,908.0,908.0,5
CDF,202505,2025-04-30 18:34:00,908.0,908.0,908.0,908.0,1
CDF,202505,2025-04-30 18:35:00,908.0,908.0,908.0,908.0,1
CDF,202505,2025-04-30 18:36:00,908.0,908.0,908.0,908.0,1
CDF,202505,2025-04-30 18:37:00,908.0,908.0,908.0,908.0,2
CDF,202505,2025-04-30 18:40:00,908.0,908.0,908.0,908.0,2
CDF,202505,2025-04-30 18:41:00,908.0,908.0,908.0,908.0,2
CDF,202505,2025-04-30 18:42:00,908.0,908.0,908.0,908.0,1
CDF,202505,2025-04-30 18:43:00,908.0,908.0,908.0,908.0,2
CDF,202505,2025-04-30 18:50:00,908.0,908.0,908.0,908.0,3
CDF,202505,2025-04-30 18:52:00,908.0,908.0,908.0,908.0,1
CDF,202505,2025-04-30 18:56:00,909.0,909.0,909.0,909.0,1
CDF,202505,2025-04-30 19:03:00,909.0,909.0,909.0,909.0,1
CDF,202505,2025-04-30 19:20:00,908.0,908.0,908.0,908.0,10
CDF,202505,2025-04-30 19:21:00,908.0,908.0,908.0,908.0,3
CDF,202505,2025-04-30 19:28:00,908.0,908.0,908.0,908.0,1
CDF,202505,2025-04-30 19:33:00,907.0,907.0,907.0,907.0,1
CDF,202505,2025-04-30 19:35:00,907.0,907.0,907.0,907.0,2
CDF,202505,2025-04-30 19:44:00,907.0,908.0,907.0,908.0,2
CDF,202505,2025-04-30 19:49:00,907.0,907.0,907.0,907.0,2
CDF,202505,2025-04-30 19:51:00,907.0,907.0,907.0,907.0,1
CDF,202505,2025-04-30 19:52:00,907.0,907.0,907.0,907.0,1
CDF,202505,2025-04-30 20:02:00,907.0,907.0,907.0,907.0,1
CDF,202505,2025-04-30 20:04:00,907.0,907.0,907.0,907.0,18
CDF,202505,2025-04-30 20:06:00,907.0,907.0,907.0,907.0,1
CDF,202505,2025-04-30 20:08:00,907.0,907.0,907.0,907.0,5
CDF,202505,2025-04-30 20:14:00,907.0,908.0,907.0,908.0,11
CDF,202505,2025-04-30 20:15:00,907.0,907.0,907.0,907.0,2
CDF,202505,2025-04-30 20:17:00,906.0,906.0,906.0,906.0,31
CDF,202505,2025-04-30 20:19:00,905.0,905.0,905.0,905.0,2
CDF,202505,2025-04-30 20:21:00,905.0,905.0,905.0,905.0,12
CDF,202505,2025-04-30 20:22:00,905.0,905.0,905.0,905.0,4
CDF,202505,2025-04-30 20:23:00,905.0,905.0,905.0,905.0,1
CDF,202505,2025-04-30 20:24:00,905.0,905.0,905.0,905.0,6
CDF,202505,2025-04-30 20:26:00,905.0,905.0,905.0,905.0,1
CDF,202505,2025-04-30 20:28:00,905.0,905.0,905.0,905.0,1
CDF,202505,2025-04-30 20:29:00,906.0,906.0,906.0,906.0,6
CDF,202505,2025-04-30 20:30:00,906.0,906.0,906.0,906.0,2
CDF,202505,2025-04-30 20:31:00,905.0,905.0,905.0,905.0,2
CDF,202505,2025-04-30 20:32:00,905.0,905.0,904.0,904.0,3
CDF,202505,2025-04-30 20:33:00,904.0,905.0,904.0,905.0,4
CDF,202505,2025-04-30 20:34:00,905.0,905.0,905.0,905.0,2
CDF,202505,2025-04-30 20:36:00,904.0,904.0,904.0,904.0,26
CDF,202505,2025-04-30 20:37:00,903.0,903.0,903.0,903.0,3
CDF,202505,2025-04-30 20:39:00,903.0,903.0,903.0,903.0,5
CDF,202505,2025-04-30 20:40:00,903.0,903.0,903.0,903.0,14
CDF,202505,2025-04-30 20:41:00,902.0,902.0,902.0,902.0,20
CDF,202505,2025-04-30 20:42:00,901.0,901.0,901.0,901.0,1
CDF,202505,2025-04-30 20:43:00,901.0,902.0,901.0,902.0,21
CDF,202505,2025-04-30 20:45:00,901.0,901.0,901.0,901.0,16
CDF,202505,2025-04-30 20:46:00,902.0,902.0,901.0,901.0,2
CDF,202505,2025-04-30 20:47:00,901.0,901.0,901.0,901.0,18
CDF,202505,2025-04-30 20:48:00,900.0,901.0,900.0,901.0,13
CDF,202505,2025-04-30 20:49:00,901.0,901.0,901.0,901.0,3
CDF,202505,2025-04-30 20:50:00,901.0,901.0,901.0,901.0,2
CDF,202505,2025-04-30 20:51:00,901.0,901.0,901.0,901.0,4
CDF,202505,2025-04-30 20:52:00,902.0,902.0,901.0,901.0,6
CDF,202505,2025-04-30 20:53:00,901.0,901.0,901.0,901.0,6
CDF,202505,2025-04-30 20:54:00,901.0,901.0,901.0,901.0,4
CDF,202505,2025-04-30 20:56:00,901.0,901.0,901.0,901.0,1
CDF,202505,2025-04-30 20:57:00,901.0,901.0,901.0,901.0,2
CDF,202505,2025-04-30 20:59:00,901.0,901.0,901.0,901.0,11
CDF,202505,2025-04-30 21:00:00,901.0,901.0,900.0,900.0,2
CDF,202505,2025-04-30 21:01:00,900.0,901.0,900.0,901.0,7
CDF,202505,2025-04-30 21:02:00,900.0,900.0,900.0,900.0,2
CDF,202505,2025-04-30 21:03:00,901.0,901.0,901.0,901.0,26
CDF,202505,2025-04-30 21:04:00,901.0,901.0,901.0,901.0,8
CDF,202505,2025-04-30 21:05:00,901.0,901.0,901.0,901.0,3
CDF,202505,2025-04-30 21:06:00,901.0,901.0,900.0,900.0,14
CDF,202505,2025-04-30 21:07:00,900.0,900.0,899.0,900.0,35
CDF,202505,2025-04-30 21:08:00,900.0,900.0,900.0,900.0,3
CDF,202505,2025-04-30 21:09:00,900.0,900.0,899.0,899.0,2
CDF,202505,2025-04-30 21:10:00,899.0,899.0,899.0,899.0,2
CDF,202505,2025-04-30 21:11:00,900.0,900.0,900.0,900.0,16
CDF,202505,2025-04-30 21:12:00,899.0,899.0,899.0,899.0,14
CDF,202505,2025-04-30 21:13:00,900.0,900.0,900.0,900.0,4
CDF,202505,2025-04-30 21:14:00,899.0,899.0,898.0,899.0,42
CDF,202505,2025-04-30 21:15:00,898.0,899.0,898.0,899.0,2
CDF,202505,2025-04-30 21:16:00,899.0,899.0,899.0,899.0,19
CDF,202505,2025-04-30 21:17:00,899.0,899.0,899.0,899.0,3
CDF,202505,2025-04-30 21:18:00,899.0,899.0,899.0,899.0,27
CDF,202505,2025-04-30 21:19:00,899.0,899.0,899.0,899.0,3
CDF,202505,2025-04-30 21:20:00,899.0,900.0,899.0,900.0,25
CDF,202505,2025-04-30 21:21:00,900.0,901.0,900.0,901.0,67
CDF,202505,2025-04-30 21:23:00,901.0,901.0,901.0,901.0,5
CDF,202505,2025-04-30 21:24:00,901.0,901.0,901.0,901.0,1
CDF,202505,2025-04-30 21:25:00,900.0,900.0,900.0,900.0,1
CDF,202505,2025-04-30 21:27:00,900.0,900.0,900.0,900.0,1
CDF,202505,2025-04-30 21:28:00,900.0,900.0,900.0,900.0,3
CDF,202505,2025-04-30 21:29:00,900.0,900.0,900.0,900.0,1
CDF,202505,2025-04-30 21:30:00,900.0,900.0,899.0,899.0,51
CDF,202505,2025-04-30 21:31:00,898.0,898.0,897.0,897.0,21
CDF,202505,2025-04-30 21:32:00,897.0,899.0,897.0,898.0,98
CDF,202505,2025-04-30 21:33:00,898.0,899.0,898.0,899.0,24
CDF,202505,2025-04-30 21:34:00,899.0,901.0,899.0,900.0,37
CDF,202505,2025-04-30 21:35:00,900.0,900.0,899.0,899.0,71
CDF,202505,2025-04-30 21:36:00,898.0,898.0,897.0,898.0,32
CDF,202505,2025-04-30 21:37:00,897.0,897.0,896.0,896.0,40
CDF,202505,2025-04-30 21:38:00,896.0,896.0,896.0,896.0,19
CDF,202505,2025-04-30 21:39:00,896.0,896.0,894.0,895.0,55
CDF,202505,2025-04-30 21:40:00,895.0,895.0,894.0,895.0,17
CDF,202505,2025-04-30 21:41:00,895.0,895.0,895.0,895.0,6
CDF,202505,2025-04-30 21:42:00,895.0,895.0,895.0,895.0,10
CDF,202505,2025-04-30 21:43:00,894.0,895.0,894.0,894.0,16
CDF,202505,2025-04-30 21:44:00,894.0,897.0,894.0,897.0,54
CDF,202505,2025-04-30 21:45:00,897.0,897.0,896.0,896.0,40
CDF,202505,2025-04-30 21:46:00,897.0,897.0,896.0,897.0,15
CDF,202505,2025-04-30 21:47:00,897.0,898.0,897.0,898.0,16
CDF,202505,2025-04-30 21:48:00,898.0,900.0,898.0,899.0,60
CDF,202505,2025-04-30 21:49:00,899.0,900.0,899.0,900.0,11
CDF,202505,2025-04-30 21:50:00,899.0,899.0,899.0,899.0,42
CDF,202505,2025-04-30 21:51:00,899.0,899.0,898.0,898.0,4
CDF,202505,2025-04-30 21:52:00,897.0,897.0,897.0,897.0,18
CDF,202505,2025-04-30 21:53:00,897.0,897.0,897.0,897.0,4
CDF,202505,2025-04-30 21:54:00,896.0,896.0,896.0,896.0,1
CDF,202505,2025-04-30 21:55:00,897.0,897.0,897.0,897.0,7
CDF,202505,2025-04-30 21:56:00,897.0,897.0,896.0,896.0,9
CDF,202505,2025-04-30 21:57:00,896.0,896.0,896.0,896.0,1
CDF,202505,2025-04-30 21:58:00,895.0,895.0,895.0,895.0,14
CDF,202505,2025-04-30 21:59:00,895.0,895.0,895.0,895.0,3
CDF,202505,2025-04-30 22:00:00,896.0,897.0,896.0,897.0,11
CDF,202505,2025-04-30 22:01:00,898.0,898.0,898.0,898.0,7
CDF,202505,2025-04-30 22:02:00,899.0,899.0,899.0,899.0,3
CDF,202505,2025-04-30 22:03:00,898.0,898.0,898.0,898.0,5
CDF,202505,2025-04-30 22:05:00,899.0,899.0,898.0,898.0,3
CDF,202505,2025-04-30 22:06:00,898.0,898.0,898.0,898.0,2
CDF,202505,2025-04-30 22:07:00,898.0,898.0,897.0,897.0,29
CDF,202505,2025-04-30 22:08:00,896.0,897.0,896.0,897.0,18
CDF,202505,2025-04-30 22:09:00,898.0,899.0,898.0,899.0,34
CDF,202505,2025-04-30 22:10:00,898.0,898.0,898.0,898.0,20
CDF,202505,2025-04-30 22:12:00,897.0,898.0,897.0,898.0,56
CDF,202505,2025-04-30 22:13:00,899.0,899.0,899.0,899.0,7
CDF,202505,2025-04-30 22:14:00,899.0,900.0,899.0,900.0,10
CDF,202505,2025-04-30 22:15:00,900.0,900.0,899.0,900.0,3
CDF,202505,2025-04-30 22:16:00,899.0,900.0,899.0,899.0,8
CDF,202505,2025-04-30 22:17:00,899.0,899.0,899.0,899.0,8
CDF,202505,2025-04-30 22:18:00,899.0,899.0,898.0,898.0,7
CDF,202505,2025-04-30 22:19:00,899.0,900.0,899.0,900.0,3
CDF,202505,2025-04-30 22:20:00,900.0,900.0,900.0,900.0,5
CDF,202505,2025-04-30 22:21:00,900.0,900.0,899.0,899.0,31
CDF,202505,2025-04-30 22:23:00,900.0,900.0,900.0,900.0,1
CDF,202505,2025-04-30 22:24:00,900.0,901.0,900.0,901.0,25
CDF,202505,2025-04-30 22:25:00,901.0,901.0,901.0,901.0,33
CDF,202505,2025-04-30 22:26:00,901.0,902.0,901.0,902.0,46
CDF,202505,2025-04-30 22:27:00,902.0,902.0,901.0,901.0,6
CDF,202505,2025-04-30 22:28:00,902.0,902.0,902.0,902.0,2
CDF,202505,2025-04-30 22:29:00,902.0,903.0,902.0,903.0,50
CDF,202505,2025-04-30 22:30:00,902.0,902.0,902.0,902.0,14
CDF,202505,2025-04-30 22:31:00,903.0,903.0,903.0,903.0,31
CDF,202505,2025-04-30 22:32:00,903.0,903.0,903.0,903.0,19
CDF,202505,2025-04-30 22:33:00,902.0,903.0,902.0,903.0,31
CDF,202505,2025-04-30 22:34:00,903.0,903.0,901.0,901.0,36
CDF,202505,2025-04-30 22:35:00,901.0,901.0,901.0,901.0,39
CDF,202505,2025-04-30 22:36:00,901.0,901.0,901.0,901.0,11
CDF,202505,2025-04-30 22:37:00,900.0,900.0,900.0,900.0,1
CDF,202505,2025-04-30 22:38:00,901.0,901.0,900.0,900.0,22
CDF,202505,2025-04-30 22:39:00,900.0,900.0,900.0,900.0,1
CDF,202505,2025-04-30 22:40:00,900.0,900.0,900.0,900.0,1
CDF,202505,2025-04-30 22:41:00,900.0,900.0,900.0,900.0,17
CDF,202505,2025-04-30 22:42:00,900.0,900.0,900.0,900.0,1
CDF,202505,2025-04-30 22:43:00,902.0,902.0,902.0,902.0,2
CDF,202505,2025-04-30 22:44:00,902.0,902.0,902.0,902.0,18
CDF,202505,2025-04-30 22:45:00,902.0,902.0,902.0,902.0,8
CDF,202505,2025-04-30 22:46:00,902.0,902.0,902.0,902.0,7
CDF,202505,2025-04-30 22:48:00,902.0,902.0,902.0,902.0,2
CDF,202505,2025-04-30 22:49:00,902.0,902.0,902.0,902.0,1
CDF,202505,2025-04-30 22:50:00,901.0,901.0,901.0,901.0,4
CDF,202505,2025-04-30 22:52:00,901.0,901.0,901.0,901.0,10
CDF,202505,2025-04-30 22:53:00,902.0,902.0,902.0,902.0,16
CDF,202505,2025-04-30 22:54:00,902.0,902.0,902.0,902.0,1
CDF,202505,2025-04-30 22:57:00,902.0,902.0,902.0,902.0,15
CDF,202505,2025-04-30 22:58:00,903.0,903.0,903.0,903.0,1
CDF,202505,2025-04-30 22:59:00,902.0,902.0,902.0,902.0,13
CDF,202505,2025-04-30 23:00:00,902.0,902.0,902.0,902.0,1
CDF,202505,2025-04-30 23:01:00,902.0,902.0,902.0,902.0,1
CDF,202505,2025-04-30 23:02:00,903.0,903.0,903.0,903.0,1
CDF,202505,2025-04-30 23:03:00,903.0,903.0,902.0,902.0,5
CDF,202505,2025-04-30 23:05:00,902.0,902.0,902.0,902.0,2
CDF,202505,2025-04-30 23:07:00,903.0,903.0,903.0,903.0,26
CDF,202505,2025-04-30 23:08:00,903.0,903.0,903.0,903.0,1
CDF,202505,2025-04-30 23:10:00,903.0,903.0,903.0,903.0,11
CDF,202505,2025-04-30 23:12:00,903.0,903.0,903.0,903.0,24
CDF,202505,2025-04-30 23:13:00,903.0,903.0,903.0,903.0,1
CDF,202505,2025-04-30 23:14:00,903.0,903.0,903.0,903.0,3
CDF,202505,2025-04-30 23:15:00,903.0,903.0,903.0,903.0,1
CDF,202505,2025-04-30 23:16:00,903.0,903.0,903.0,903.0,1
CDF,202505,2025-04-30 23:17:00,903.0,903.0,903.0,903.0,8
CDF,202505,2025-04-30 23:18:00,903.0,903.0,903.0,903.0,4
CDF,202505,2025-04-30 23:19:00,903.0,903.0,903.0,903.0,1
CDF,202505,2025-04-30 23:20:00,903.0,903.0,903.0,903.0,1
CDF,202505,2025-04-30 23:21:00,903.0,903.0,903.0,903.0,2
CDF,202505,2025-04-30 23:24:00,904.0,904.0,904.0,904.0,30
CDF,202505,2025-04-30 23:25:00,903.0,903.0,903.0,903.0,19
CDF,202505,2025-04-30 23:26:00,903.0,903.0,903.0,903.0,1
CDF,202505,2025-04-30 23:28:00,903.0,903.0,903.0,903.0,2
CDF,202505,2025-04-30 23:31:00,903.0,903.0,903.0,903.0,3
CDF,202505,2025-04-30 23:33:00,903.0,903.0,903.0,903.0,2
CDF,202505,2025-04-30 23:35:00,903.0,903.0,903.0,903.0,12
CDF,202505,2025-04-30 23:36:00,903.0,903.0,903.0,903.0,1
CDF,202505,2025-04-30 23:37:00,903.0,903.0,903.0,903.0,4
CDF,202505,2025-04-30 23:39:00,903.0,903.0,903.0,903.0,1
CDF,202505,2025-04-30 23:40:00,903.0,903.0,903.0,903.0,1
CDF,202505,2025-04-30 23:44:00,903.0,903.0,903.0,903.0,7
CDF,202505,2025-04-30 23:45:00,904.0,904.0,904.0,904.0,19
CDF,202505,2025-04-30 23:48:00,904.0,904.0,903.0,903.0,4
CDF,202505,2025-04-30 23:51:00,903.0,903.0,903.0,903.0,19
CDF,202505,2025-04-30 23:52:00,903.0,903.0,903.0,903.0,6
CDF,202505,2025-04-30 23:53:00,902.0,902.0,902.0,902.0,34
CDF,202505,2025-04-30 23:54:00,902.0,902.0,902.0,902.0,25
CDF,202505,2025-04-30 23:55:00,902.0,902.0,902.0,902.0,10
CDF,202505,2025-04-30 23:56:00,903.0,903.0,903.0,903.0,11
CDF,202505,2025-04-30 23:57:00,902.0,902.0,902.0,902.0,5
CDF,202505,2025-04-30 23:58:00,901.0,902.0,901.0,902.0,26
CDF,202505,2025-04-30 23:59:00,902.0,902.0,902.0,902.0,3
CDF,202505,2025-05-01 00:01:00,902.0,902.0,902.0,902.0,8
CDF,202505,2025-05-01 00:02:00,902.0,902.0,902.0,902.0,5
CDF,202505,2025-05-01 00:03:00,902.0,902.0,902.0,902.0,3
CDF,202505,2025-05-01 00:05:00,903.0,903.0,903.0,903.0,23
CDF,202505,2025-05-01 00:06:00,904.0,904.0,904.0,904.0,4
CDF,202505,2025-05-01 00:07:00,904.0,904.0,904.0,904.0,5
CDF,202505,2025-05-01 00:09:00,904.0,904.0,904.0,904.0,2
CDF,202505,2025-05-01 00:10:00,903.0,903.0,903.0,903.0,3
CDF,202505,2025-05-01 00:11:00,903.0,903.0,903.0,903.0,7
CDF,202505,2025-05-01 00:12:00,903.0,903.0,903.0,903.0,10
CDF,202505,2025-05-01 00:14:00,903.0,903.0,903.0,903.0,6
CDF,202505,2025-05-01 00:20:00,902.0,902.0,902.0,902.0,1
CDF,202505,2025-05-01 00:22:00,902.0,902.0,901.0,901.0,25
CDF,202505,2025-05-01 00:23:00,901.0,901.0,901.0,901.0,16
CDF,202505,2025-05-01 00:24:00,901.0,901.0,900.0,900.0,7
CDF,202505,2025-05-01 00:25:00,901.0,901.0,901.0,901.0,3
CDF,202505,2025-05-01 00:26:00,901.0,901.0,900.0,901.0,10
CDF,202505,2025-05-01 00:27:00,901.0,901.0,901.0,901.0,5
CDF,202505,2025-05-01 00:28:00,901.0,901.0,901.0,901.0,8
CDF,202505,2025-05-01 00:34:00,901.0,901.0,901.0,901.0,22
CDF,202505,2025-05-01 00:36:00,901.0,901.0,901.0,901.0,2
CDF,202505,2025-05-01 00:38:00,902.0,902.0,902.0,902.0,8
CDF,202505,2025-05-01 00:39:00,903.0,903.0,903.0,903.0,1
CDF,202505,2025-05-01 00:43:00,902.0,902.0,902.0,902.0,11
CDF,202505,2025-05-01 00:45:00,902.0,902.0,901.0,901.0,8
CDF,202505,2025-05-01 00:51:00,902.0,902.0,902.0,902.0,3
CDF,202505,2025-05-01 00:56:00,902.0,902.0,902.0,902.0,1
CDF,202505,2025-05-01 00:57:00,902.0,902.0,902.0,902.0,7
CDF,202505,2025-05-01 01:00:00,902.0,902.0,902.0,902.0,4
CDF,202505,2025-05-01 01:01:00,902.0,902.0,902.0,902.0,1
CDF,202505,2025-05-01 01:03:00,902.0,902.0,902.0,902.0,2
CDF,202505,2025-05-01 01:08:00,901.0,901.0,901.0,901.0,16
CDF,202505,2025-05-01 01:09:00,901.0,901.0,901.0,901.0,11
CDF,202505,2025-05-01 01:10:00,900.0,900.0,900.0,900.0,25
CDF,202505,2025-05-01 01:11:00,900.0,900.0,900.0,900.0,1
CDF,202505,2025-05-01 01:12:00,900.0,900.0,900.0,900.0,2
CDF,202505,2025-05-01 01:13:00,899.0,899.0,899.0,899.0,4
CDF,202505,2025-05-01 01:14:00,900.0,900.0,900.0,900.0,3
CDF,202505,2025-05-01 01:19:00,901.0,901.0,901.0,901.0,9
CDF,202505,2025-05-01 01:26:00,902.0,902.0,902.0,902.0,10
CDF,202505,2025-05-01 01:34:00,903.0,903.0,903.0,903.0,30
CDF,202505,2025-05-01 01:36:00,904.0,904.0,904.0,904.0,7
CDF,202505,2025-05-01 01:37:00,905.0,905.0,904.0,904.0,38
CDF,202505,2025-05-01 01:39:00,905.0,905.0,905.0,905.0,1
CDF,202505,2025-05-01 01:40:00,904.0,904.0,904.0,904.0,1
CDF,202505,2025-05-01 01:41:00,905.0,905.0,905.0,905.0,3
CDF,202505,2025-05-01 01:42:00,905.0,905.0,905.0,905.0,10
CDF,202505,2025-05-01 01:43:00,905.0,905.0,905.0,905.0,1
CDF,202505,2025-05-01 01:44:00,906.0,906.0,906.0,906.0,1
CDF,202505,2025-05-01 01:45:00,905.0,905.0,905.0,905.0,2
CDF,202505,2025-05-01 01:48:00,905.0,905.0,905.0,905.0,1
CDF,202505,2025-05-01 01:51:00,906.0,906.0,906.0,906.0,1
CDF,202505,2025-05-01 01:55:00,906.0,906.0,906.0,906.0,29
CDF,202505,2025-05-01 01:56:00,905.0,905.0,905.0,905.0,1
CDF,202505,2025-05-01 02:01:00,905.0,905.0,904.0,904.0,16
CDF,202505,2025-05-01 02:02:00,905.0,905.0,905.0,905.0,6
CDF,202505,2025-05-01 02:03:00,905.0,905.0,904.0,904.0,4
CDF,202505,2025-05-01 02:05:00,905.0,905.0,905.0,905.0,4
CDF,202505,2025-05-01 02:07:00,906.0,908.0,906.0,907.0,50
CDF,202505,2025-05-01 02:09:00,906.0,906.0,906.0,906.0,1
CDF,202505,2025-05-01 02:11:00,907.0,907.0,907.0,907.0,15
CDF,202505,2025-05-01 02:12:00,908.0,909.0,908.0,909.0,47
CDF,202505,2025-05-01 02:13:00,907.0,908.0,907.0,908.0,2
CDF,202505,2025-05-01 02:14:00,908.0,908.0,908.0,908.0,9
CDF,202505,2025-05-01 02:15:00,908.0,908.0,908.0,908.0,3
CDF,202505,2025-05-01 02:19:00,908.0,908.0,908.0,908.0,1
CDF,202505,2025-05-01 02:20:00,909.0,909.0,909.0,909.0,26
CDF,202505,2025-05-01 02:21:00,909.0,909.0,908.0,908.0,15
CDF,202505,2025-05-01 02:22:00,908.0,908.0,908.0,908.0,9
CDF,202505,2025-05-01 02:25:00,908.0,908.0,908.0,908.0,8
CDF,202505,2025-05-01 02:26:00,908.0,908.0,908.0,908.0,5
CDF,202505,2025-05-01 02:28:00,908.0,908.0,908.0,908.0,12
CDF,202505,2025-05-01 02:29:00,907.0,907.0,906.0,906.0,7
CDF,202505,2025-05-01 02:31:00,906.0,906.0,906.0,906.0,4
CDF,202505,2025-05-01 02:32:00,907.0,907.0,907.0,907.0,4
CDF,202505,2025-05-01 02:35:00,907.0,907.0,907.0,907.0,2
CDF,202505,2025-05-01 02:36:00,906.0,907.0,906.0,907.0,5
CDF,202505,2025-05-01 02:38:00,906.0,906.0,906.0,906.0,3
CDF,202505,2025-05-01 02:40:00,906.0,906.0,906.0,906.0,11
CDF,202505,2025-05-01 02:46:00,907.0,907.0,907.0,907.0,2
CDF,202505,2025-05-01 02:49:00,908.0,908.0,908.0,908.0,15
CDF,202505,2025-05-01 02:51:00,909.0,909.0,909.0,909.0,2
CDF,202505,2025-05-01 02:53:00,908.0,908.0,908.0,908.0,1
CDF,202505,2025-05-01 02:55:00,908.0,908.0,908.0,908.0,3
CDF,202505,2025-05-01 03:00:00,908.0,908.0,908.0,908.0,1
CDF,202505,2025-05-01 03:04:00,908.0,908.0,908.0,908.0,1
CDF,202505,2025-05-01 03:05:00,908.0,908.0,908.0,908.0,1
CDF,202505,2025-05-01 03:07:00,908.0,908.0,908.0,908.0,5
CDF,202505,2025-05-01 03:11:00,908.0,908.0,908.0,908.0,1
CDF,202505,2025-05-01 03:15:00,908.0,908.0,908.0,908.0,1
CDF,202505,2025-05-01 03:20:00,907.0,907.0,907.0,907.0,5
CDF,202505,2025-05-01 03:21:00,908.0,908.0,908.0,908.0,1
CDF,202505,2025-05-01 03:23:00,907.0,907.0,907.0,907.0,5
CDF,202505,2025-05-01 03:25:00,907.0,907.0,906.0,906.0,3
CDF,202505,2025-05-01 03:26:00,906.0,906.0,906.0,906.0,1
CDF,202505,2025-05-01 03:27:00,906.0,906.0,906.0,906.0,2
CDF,202505,2025-05-01 03:28:00,906.0,906.0,906.0,906.0,1
CDF,202505,2025-05-01 03:29:00,906.0,906.0,906.0,906.0,4
CDF,202505,2025-05-01 03:34:00,906.0,906.0,906.0,906.0,3
CDF,202505,2025-05-01 03:35:00,906.0,906.0,906.0,906.0,1
CDF,202505,2025-05-01 03:36:00,906.0,906.0,906.0,906.0,1
CDF,202505,2025-05-01 03:37:00,907.0,907.0,907.0,907.0,1
CDF,202505,2025-05-01 03:38:00,907.0,907.0,907.0,907.0,1
CDF,202505,2025-05-01 03:39:00,907.0,907.0,907.0,907.0,1
CDF,202505,2025-05-01 03:41:00,907.0,907.0,907.0,907.0,1
CDF,202505,2025-05-01 03:44:00,907.0,907.0,907.0,907.0,2
CDF,202505,2025-05-01 03:45:00,908.0,908.0,908.0,908.0,6
CDF,202505,2025-05-01 03:50:00,909.0,910.0,909.0,910.0,53
CDF,202505,2025-05-01 03:51:00,911.0,911.0,911.0,911.0,6
CDF,202505,2025-05-01 03:52:00,911.0,911.0,911.0,911.0,26
CDF,202505,2025-05-01 03:53:00,911.0,911.0,911.0,911.0,9
CDF,202505,2025-05-01 03:54:00,910.0,910.0,910.0,910.0,1
CDF,202505,2025-05-01 03:55:00,911.0,911.0,911.0,911.0,8
CDF,202505,2025-05-01 03:56:00,912.0,912.0,911.0,911.0,5
CDF,202505,2025-05-01 03:57:00,911.0,911.0,911.0,911.0,3
CDF,202505,2025-05-01 03:59:00,911.0,911.0,910.0,910.0,22
CDF,202505,2025-05-01 04:00:00,909.0,909.0,909.0,909.0,15
CDF,202505,2025-05-01 04:01:00,910.0,910.0,910.0,910.0,3
CDF,202505,2025-05-01 04:03:00,910.0,910.0,910.0,910.0,1
CDF,202505,2025-05-01 04:05:00,911.0,911.0,911.0,911.0,5
CDF,202505,2025-05-01 04:06:00,912.0,913.0,912.0,913.0,52
CDF,202505,2025-05-01 04:08:00,913.0,913.0,913.0,913.0,5
CDF,202505,2025-05-01 04:09:00,913.0,913.0,913.0,913.0,6
CDF,202505,2025-05-01 04:10:00,913.0,915.0,913.0,915.0,25
CDF,202505,2025-05-01 04:11:00,915.0,915.0,915.0,915.0,3
CDF,202505,2025-05-01 04:12:00,915.0,916.0,915.0,916.0,8
CDF,202505,2025-05-01 04:13:00,916.0,917.0,916.0,917.0,4
CDF,202505,2025-05-01 04:14:00,918.0,918.0,917.0,917.0,4
CDF,202505,2025-05-01 04:15:00,917.0,917.0,917.0,917.0,1
CDF,202505,2025-05-01 04:16:00,917.0,917.0,917.0,917.0,1
CDF,202505,2025-05-01 04:17:00,917.0,917.0,917.0,917.0,2
CDF,202505,2025-05-01 04:19:00,917.0,917.0,917.0,917.0,3
CDF,202505,2025-05-01 04:20:00,917.0,917.0,917.0,917.0,7
CDF,202505,2025-05-01 04:21:00,917.0,917.0,917.0,917.0,1
CDF,202505,2025-05-01 04:22:00,918.0,918.0,918.0,918.0,4
CDF,202505,2025-05-01 04:24:00,918.0,918.0,918.0,918.0,3
CDF,202505,2025-05-01 04:25:00,918.0,918.0,918.0,918.0,4
CDF,202505,2025-05-01 04:26:00,918.0,918.0,918.0,918.0,8
CDF,202505,2025-05-01 04:27:00,918.0,918.0,918.0,918.0,1
CDF,202505,2025-05-01 04:30:00,918.0,919.0,918.0,919.0,8
CDF,202505,2025-05-01 04:33:00,919.0,919.0,919.0,919.0,7
CDF,202505,2025-05-01 04:35:00,919.0,919.0,919.0,919.0,1
CDF,202505,2025-05-01 04:36:00,919.0,920.0,919.0,920.0,3
CDF,202505,2025-05-01 04:37:00,919.0,919.0,919.0,919.0,2
CDF,202505,2025-05-01 04:38:00,919.0,919.0,919.0,919.0,2
CDF,202505,2025-05-01 04:41:00,920.0,920.0,920.0,920.0,1
CDF,202505,2025-05-01 04:43:00,920.0,920.0,920.0,920.0,1
CDF,202505,2025-05-01 04:44:00,920.0,920.0,920.0,920.0,3
CDF,202505,2025-05-01 04:47:00,920.0,920.0,920.0,920.0,1
CDF,202505,2025-05-01 04:48:00,920.0,920.0,919.0,919.0,4
CDF,202505,2025-05-01 04:49:00,920.0,920.0,920.0,920.0,8
CDF,202505,2025-05-01 04:50:00,921.0,924.0,921.0,921.0,67
CDF,202505,2025-05-01 04:51:00,922.0,922.0,922.0,922.0,1
CDF,202505,2025-05-01 04:52:00,924.0,926.0,924.0,926.0,24
CDF,202505,2025-05-01 04:53:00,926.0,928.0,926.0,928.0,3
CDF,202505,2025-05-01 04:54:00,928.0,930.0,928.0,930.0,37
CDF,202505,2025-05-01 04:55:00,930.0,932.0,930.0,930.0,10
CDF,202505,2025-05-01 04:56:00,931.0,931.0,930.0,931.0,15
CDF,202505,2025-05-01 04:57:00,931.0,931.0,931.0,931.0,2
CDF,202505,2025-05-01 04:58:00,930.0,931.0,930.0,930.0,7
CDF,202505,2025-05-01 04:59:00,930.0,931.0,930.0,931.0,11
CDF,202505/202506,2025-04-30 17:25:00,0.4,0.4,0.4,0.4,120
CDF,202505/202506,2025-04-30 17:28:00,0.3,0.3,0.2,0.2,120
CDF,202505/202506,2025-04-30 17:29:00,0.2,0.2,0.2,0.2,40
CDF,202505/202506,2025-04-30 17:35:00,0.14,0.14,0.14,0.14,2
CDF,202505/202506,2025-04-30 19:33:00,0.15,0.15,0.15,0.15,2
CDF,202505/202506,2025-04-30 20:16:00,0.15,0.15,0.15,0.15,2
CDF,202505/202506,2025-04-30 20:43:00,0.14,0.14,0.14,0.14,30
CDF,202505/202506,2025-04-30 20:47:00,0.12,0.12,0.12,0.12,20
CDF,202505/202506,2025-04-30 20:48:00,0.12,0.12,0.12,0.12,4
CDF,202505/202506,2025-04-30 21:06:00,0.08,0.08,0.06,0.06,8
CDF,202505/202506,2025-04-30 21:33:00,0.06,0.06,0.06,0.06,2
CDF,202505/202506,2025-04-30 21:42:00,0.06,0.06,0.06,0.06,4
CDF,202505/202506,2025-04-30 21:43:00,0.06,0.06,0.06,0.06,4
CDF,202505/202506,2025-04-30 21:45:00,0.06,0.06,0.06,0.06,4
CDF,202505/202506,2025-04-30 22:15:00,0.06,0.06,0.06,0.06,2
CDF,202505/202506,2025-04-30 22:21:00,0.06,0.06,0.06,0.06,2
CDF,202505/202506,2025-04-30 22:24:00,0.06,0.06,0.06,0.06,4
CDF,202505/202506,2025-04-30 22:25:00,0.06,0.06,0.06,0.06,2
CDF,202505/202506,2025-04-30 22:26:00,0.06,0.06,0.06,0.06,2
CDF,202505/202506,2025-04-30 22:32:00,0.06,0.06,0.06,0.06,4
CDF,202505/202506,2025-04-30 22:34:00,0.06,0.06,0.06,0.06,8
CDF,202505/202506,2025-04-30 22:47:00,0.06,0.06,0.06,0.06,2
CDF,202505/202506,2025-04-30 23:06:00,0.06,0.06,0.06,0.06,2
CDF,202505/202506,2025-04-30 23:08:00,0.06,0.06,0.06,0.06,2
CDF,202505/202506,2025-04-30 23:10:00,0.06,0.06,0.06,0.06,2
CDF,202505/202506,2025-04-30 23:19:00,0.06,0.06,0.06,0.06,2
CDF,202505/202506,2025-04-30 23:22:00,0.06,0.06,0.06,0.06,2
CDF,202505/202506,2025-04-30 23:25:00,0.06,0.06,0.06,0.06,2
CDF,202505/202506,2025-04-30 23:27:00,0.06,0.06,0.06,0.06,2
CDF,202505/202506,2025-04-30 23:49:00,0.06,0.06,0.06,0.06,2
CDF,202505/202506,2025-05-01 00:16:00,0.06,0.06,0.06,0.06,4
CDF,202505/202506,2025-05-01 02:19:00,0.06,0.06,0.06,0.06,2
CDF,202505/202506,2025-05-01 02:47:00,0.06,0.06,0.06,0.06,2
CDF,202505/202506,2025-05-01 03:57:00,0.06,0.06,0.06,0.06,4
CDF,202505/202506,2025-05-01 04:27:00,0.06,0.06,0.06,0.06,4
CDF,202505/202506,2025-05-01 04:40:00,0.06,0.06,0.06,0.06,12
CDF,202505/202506,2025-05-01 04:53:00,0.06,0.06,0.06,0.06,2
CDF,202506,2025-04-30 19:20:00,909.0,909.0,909.0,909.0,1
CDF,202506,2025-04-30 19:32:00,908.0,908.0,908.0,908.0,1
CDF,202506,2025-04-30 19:51:00,907.0,907.0,907.0,907.0,1
CDF,202506,2025-04-30 19:52:00,907.0,907.0,907.0,907.0,1
CDF,202506,2025-04-30 20:15:00,907.0,907.0,907.0,907.0,1
CDF,202506,2025-04-30 20:19:00,906.0,906.0,906.0,906.0,1
CDF,202506,2025-04-30 20:22:00,905.0,905.0,905.0,905.0,1
CDF,202506,2025-04-30 20:28:00,905.0,905.0,905.0,905.0,1
CDF,202506,2025-04-30 20:31:00,906.0,906.0,906.0,906.0,1
CDF,202506,2025-04-30 20:32:00,905.0,905.0,905.0,905.0,2
CDF,202506,2025-04-30 20:37:00,904.0,904.0,904.0,904.0,3
CDF,202506,2025-04-30 20:39:00,904.0,904.0,904.0,904.0,4
CDF,202506,2025-04-30 20:42:00,902.0,902.0,902.0,902.0,2
CDF,202506,2025-04-30 20:45:00,902.0,902.0,902.0,902.0,1
CDF,202506,2025-04-30 20:46:00,902.0,902.0,902.0,902.0,1
CDF,202506,2025-04-30 20:48:00,901.0,901.0,901.0,901.0,5
CDF,202506,2025-04-30 20:50:00,901.0,901.0,901.0,901.0,1
CDF,202506,2025-04-30 20:55:00,902.0,902.0,902.0,902.0,1
CDF,202506,2025-04-30 20:56:00,902.0,902.0,902.0,902.0,1
CDF,202506,2025-04-30 21:00:00,901.0,901.0,901.0,901.0,1
CDF,202506,2025-04-30 21:03:00,901.0,901.0,901.0,901.0,1
CDF,202506,2025-04-30 21:05:00,901.0,901.0,901.0,901.0,1
CDF,202506,2025-04-30 21:07:00,900.0,900.0,900.0,900.0,3
CDF,202506,2025-04-30 21:09:00,900.0,900.0,900.0,900.0,1
CDF,202506,2025-04-30 21:10:00,900.0,900.0,900.0,900.0,2
CDF,202506,2025-04-30 21:12:00,900.0,900.0,900.0,900.0,3
CDF,202506,2025-04-30 21:14:00,899.0,899.0,899.0,899.0,2
CDF,202506,2025-04-30 21:15:00,899.0,899.0,899.0,899.0,1
CDF,202506,2025-04-30 21:16:00,900.0,900.0,900.0,900.0,1
CDF,202506,2025-04-30 21:20:00,900.0,900.0,900.0,900.0,1
CDF,202506,2025-04-30 21:21:00,901.0,901.0,901.0,901.0,1
CDF,202506,2025-04-30 21:23:00,901.0,901.0,901.0,901.0,1
CDF,202506,2025-04-30 21:30:00,900.0,900.0,900.0,900.0,1
CDF,202506,2025-04-30 21:31:00,899.0,899.0,898.0,898.0,4
CDF,202506,2025-04-30 21:32:00,899.0,899.0,899.0,899.0,1
CDF,202506,2025-04-30 21:34:00,901.0,901.0,901.0,901.0,1
CDF,202506,2025-04-30 21:36:00,898.0,898.0,898.0,898.0,1
CDF,202506,2025-04-30 21:37:00,897.0,897.0,897.0,897.0,3
CDF,202506,2025-04-30 21:39:00,896.0,896.0,895.0,895.0,9
CDF,202506,2025-04-30 21:40:00,895.0,895.0,895.0,895.0,2
CDF,202506,2025-04-30 21:41:00,895.0,895.0,895.0,895.0,1
CDF,202506,2025-04-30 21:42:00,895.0,895.0,895.0,895.0,1
CDF,202506,2025-04-30 21:43:00,895.0,895.0,895.0,895.0,4
CDF,202506,2025-04-30 21:44:00,897.0,897.0,897.0,897.0,1
CDF,202506,2025-04-30 21:48:00,899.0,900.0,899.0,900.0,2
CDF,202506,2025-04-30 21:49:00,900.0,900.0,900.0,900.0,1
CDF,202506,2025-04-30 22:07:00,898.0,898.0,898.0,898.0,1
CDF,202506,2025-04-30 22:12:00,898.0,898.0,898.0,898.0,1
CDF,202506,2025-04-30 22:13:00,899.0,899.0,899.0,899.0,1
CDF,202506,2025-04-30 22:14:00,900.0,900.0,900.0,900.0,1
CDF,202506,2025-04-30 22:15:00,900.0,900.0,900.0,900.0,2
CDF,202506,2025-04-30 22:16:00,900.0,900.0,900.0,900.0,3
CDF,202506,2025-04-30 22:18:00,899.0,899.0,899.0,899.0,1
CDF,202506,2025-04-30 22:19:00,900.0,900.0,900.0,900.0,1
CDF,202506,2025-04-30 22:20:00,900.0,900.0,900.0,900.0,1
CDF,202506,2025-04-30 22:23:00,900.0,900.0,900.0,900.0,1
CDF,202506,2025-04-30 22:24:00,901.0,901.0,901.0,901.0,3
CDF,202506,2025-04-30 22:25:00,901.0,901.0,901.0,901.0,1
CDF,202506,2025-04-30 22:26:00,902.0,902.0,902.0,902.0,2
CDF,202506,2025-04-30 22:28:00,902.0,902.0,902.0,902.0,1
CDF,202506,2025-04-30 22:29:00,903.0,903.0,903.0,903.0,9
CDF,202506,2025-04-30 22:31:00,903.0,904.0,903.0,904.0,7
CDF,202506,2025-04-30 22:32:00,904.0,904.0,904.0,904.0,6
CDF,202506,2025-04-30 22:33:00,903.0,903.0,903.0,903.0,1
CDF,202506,2025-04-30 22:34:00,903.0,903.0,902.0,902.0,3
CDF,202506,2025-04-30 22:37:00,901.0,901.0,901.0,901.0,1
CDF,202506,2025-04-30 22:38:00,901.0,901.0,901.0,901.0,1
CDF,202506,2025-04-30 22:40:00,900.0,900.0,900.0,900.0,1
CDF,202506,2025-04-30 22:41:00,900.0,900.0,900.0,900.0,4
CDF,202506,2025-04-30 22:42:00,900.0,900.0,900.0,900.0,1
CDF,202506,2025-04-30 22:43:00,902.0,902.0,902.0,902.0,2
CDF,202506,2025-04-30 22:52:00,901.0,901.0,901.0,901.0,1
CDF,202506,2025-04-30 22:58:00,903.0,903.0,903.0,903.0,1
CDF,202506,2025-04-30 23:02:00,903.0,903.0,903.0,903.0,1
CDF,202506,2025-04-30 23:03:00,903.0,903.0,903.0,903.0,1
CDF,202506,2025-04-30 23:04:00,903.0,903.0,903.0,903.0,1
CDF,202506,2025-04-30 23:09:00,904.0,904.0,904.0,904.0,4
CDF,202506,2025-04-30 23:10:00,904.0,904.0,904.0,904.0,1
CDF,202506,2025-04-30 23:20:00,903.0,903.0,903.0,903.0,1
CDF,202506,2025-04-30 23:22:00,904.0,904.0,904.0,904.0,1
CDF,202506,2025-04-30 23:25:00,904.0,904.0,904.0,904.0,1
CDF,202506,2025-04-30 23:44:00,904.0,904.0,904.0,904.0,3
CDF,202506,2025-04-30 23:48:00,904.0,904.0,904.0,904.0,2
CDF,202506,2025-04-30 23:51:00,904.0,904.0,904.0,904.0,1
CDF,202506,2025-04-30 23:58:00,902.0,902.0,902.0,902.0,1
CDF,202506,2025-05-01 00:05:00,903.0,903.0,903.0,903.0,1
CDF,202506,2025-05-01 00:06:00,904.0,904.0,904.0,904.0,2
CDF,202506,2025-05-01 00:11:00,904.0,904.0,904.0,904.0,1
CDF,202506,2025-05-01 00:24:00,901.0,901.0,901.0,901.0,2
CDF,202506,2025-05-01 00:26:00,901.0,901.0,901.0,901.0,1
CDF,202506,2025-05-01 01:10:00,901.0,901.0,901.0,901.0,2
CDF,202506,2025-05-01 01:13:00,900.0,900.0,900.0,900.0,4
CDF,202506,2025-05-01 01:36:00,904.0,904.0,904.0,904.0,1
CDF,202506,2025-05-01 01:37:00,905.0,905.0,905.0,905.0,3
CDF,202506,2025-05-01 01:44:00,906.0,906.0,906.0,906.0,1
CDF,202506,2025-05-01 01:51:00,906.0,906.0,906.0,906.0,1
CDF,202506,2025-05-01 01:55:00,906.0,906.0,906.0,906.0,2
CDF,202506,2025-05-01 02:07:00,907.0,908.0,907.0,908.0,7
CDF,202506,2025-05-01 02:12:00,909.0,909.0,909.0,909.0,2
CDF,202506,2025-05-01 02:18:00,909.0,909.0,909.0,909.0,1
CDF,202506,2025-05-01 02:19:00,909.0,909.0,909.0,909.0,4
CDF,202506,2025-05-01 02:49:00,908.0,908.0,908.0,908.0,1
CDF,202506,2025-05-01 03:21:00,908.0,908.0,908.0,908.0,1
CDF,202506,2025-05-01 03:49:00,909.0,909.0,909.0,909.0,3
CDF,202506,2025-05-01 03:50:00,910.0,910.0,910.0,910.0,6
CDF,202506,2025-05-01 03:51:00,911.0,911.0,911.0,911.0,1
CDF,202506,2025-05-01 03:55:00,911.0,912.0,911.0,912.0,5
CDF,202506,2025-05-01 03:56:00,912.0,912.0,912.0,912.0,1
CDF,202506,2025-05-01 03:59:00,911.0,911.0,911.0,911.0,1
CDF,202506,2025-05-01 04:04:00,911.0,911.0,911.0,911.0,3
CDF,202506,2025-05-01 04:05:00,912.0,912.0,912.0,912.0,2
CDF,202506,2025-05-01 04:06:00,912.0,913.0,912.0,913.0,2
CDF,202506,2025-05-01 04:07:00,913.0,913.0,913.0,913.0,1
CDF,202506,2025-05-01 04:10:00,914.0,915.0,914.0,915.0,6
CDF,202506,2025-05-01 04:12:00,916.0,916.0,916.0,916.0,1
CDF,202506,2025-05-01 04:13:00,917.0,917.0,917.0,917.0,1
CDF,202506,2025-05-01 04:15:00,917.0,917.0,917.0,917.0,1
CDF,202506,2025-05-01 04:23:00,918.0,918.0,918.0,918.0,1
CDF,202506,2025-05-01 04:24:00,918.0,918.0,918.0,918.0,1
CDF,202506,2025-05-01 04:28:00,919.0,919.0,919.0,919.0,1
CDF,202506,2025-05-01 04:30:00,919.0,919.0,919.0,919.0,1
CDF,202506,2025-05-01 04:33:00,919.0,919.0,919.0,919.0,1
CDF,202506,2025-05-01 04:36:00,920.0,920.0,920.0,920.0,1
CDF,202506,2025-05-01 04:40:00,920.0,920.0,920.0,920.0,2
CDF,202506,2025-05-01 04:45:00,920.0,920.0,920.0,920.0,1
CDF,202506,2025-05-01 04:48:00,920.0,920.0,920.0,920.0,2
CDF,202506,2025-05-01 04:50:00,921.0,923.0,921.0,923.0,5
CDF,202506,2025-05-01 04:51:00,922.0,922.0,922.0,922.0,1
CDF,202506,2025-05-01 04:52:00,923.0,927.0,923.0,925.0,7
CDF,202506,2025-05-01 04:54:00,930.0,930.0,930.0,930.0,3
CDF,202506,2025-05-01 04:55:00,932.0,932.0,932.0,932.0,2
CDF,202506,2025-05-01 04:59:00,931.0,931.0,931.0,931.0,1
CDF,202509,2025-04-30 21:59:00,897.0,897.0,897.0,897.0,2
CDF,202509,2025-04-30 22:48:00,903.0,903.0,903.0,903.0,1
CDF,202509,2025-05-01 04:13:00,916.0,916.0,916.0,916.0,1
CDF,202509,2025-05-01 04:50:00,922.0,922.0,922.0,922.0,1
F1F,202506,2025-04-30 15:00:00,8486.0,8486.0,8486.0,8486.0,8
F1F,202506,2025-04-30 15:35:00,8465.0,8465.0,8465.0,8465.0,1
F1F,202506,2025-04-30 15:50:00,8470.0,8470.0,8470.0,8470.0,2
F1F,202506,2025-04-30 20:41:00,8450.0,8450.0,8450.0,8450.0,2
F1F,202506,2025-04-30 21:13:00,8456.0,8456.0,8455.0,8455.0,16
F1F,202506,2025-04-30 21:17:00,8455.0,8455.0,8455.0,8455.0,8
F1F,202506,2025-04-30 21:30:00,8467.0,8467.0,8467.0,8467.0,16
F1F,202506,2025-04-30 21:37:00,8455.0,8455.0,8455.0,8455.0,1
F1F,202506,2025-04-30 21:57:00,8431.0,8431.0,8431.0,8431.0,1
F1F,202506,2025-04-30 22:25:00,8451.0,8451.0,8451.0,8451.0,3
F1F,202506,2025-04-30 23:34:00,8475.0,8475.0,8475.0,8475.0,16
F1F,202506,2025-04-30 23:44:00,8479.0,8479.0,8479.0,8479.0,16
F1F,202506,2025-04-30 23:45:00,8479.0,8479.0,8479.0,8479.0,16
F1F,202506,2025-05-01 00:19:00,8459.0,8459.0,8459.0,8459.0,2
F1F,202506,2025-05-01 02:07:00,8480.0,8480.0,8480.0,8480.0,2
F1F,202506,2025-05-01 02:08:00,8486.0,8486.0,8486.0,8486.0,1
F1F,202506,2025-05-01 02:10:00,8492.0,8492.0,8492.0,8492.0,1
F1F,202506,2025-05-01 02:11:00,8497.0,8497.0,8497.0,8497.0,1
F1F,202506,2025-05-01 03:46:00,8477.0,8477.0,8477.0,8477.0,1
F1F,202506,2025-05-01 04:02:00,8482.0,8482.0,8482.0,8482.0,1
F1F,202506,2025-05-01 04:03:00,8482.0,8482.0,8482.0,8482.0,2
F1F,202506,2025-05-01 04:13:00,8489.0,8489.0,8489.0,8489.0,1
F1F,202506,2025-05-01 04:14:00,8489.0,8489.0,8489.0,8489.0,4
F1F,202509,2025-04-30 16:06:00,8478.0,8478.0,8477.0,8477.0,32
F1F,202509,2025-04-30 23:44:00,8497.0,8497.0,8497.0,8497.0,16
F1F,202509,2025-04-30 23:45:00,8497.0,8497.0,8497.0,8497.0,16
GDF,202506,2025-04-30 19:46:00,3315.0,3315.0,3310.0,3310.0,2
GDF,202506,2025-04-30 19:53:00,3300.0,3300.0,3300.0,3300.0,1
GDF,202506,2025-04-30 19:57:00,3296.2,3296.2,3296.2,3296.2,1
GDF,202506,2025-04-30 20:06:00,3295.8,3295.8,3295.8,3295.8,5
GDF,202506,2025-04-30 20:47:00,3330.0,3330.0,3330.0,3330.0,2
GDF,202506,2025-04-30 20:55:00,3323.0,3323.0,3322.3,3322.3,6
GDF,202506,2025-04-30 21:50:00,3339.0,3339.0,3339.0,3339.0,1
GDF,202506,2025-04-30 22:28:00,3334.1,3334.1,3334.1,3334.1,2
GDF,202506,2025-04-30 22:46:00,3318.1,3318.1,3318.1,3318.1,1
GDF,202506,2025-04-30 23:04:00,3335.0,3335.0,3335.0,3335.0,1
GDF,202506,2025-04-30 23:17:00,3334.0,3334.0,3334.0,3334.0,1
GDF,202506,2025-04-30 23:30:00,3331.3,3331.3,3331.3,3331.3,1
GDF,202506,2025-05-01 01:12:00,3333.0,3333.0,3333.0,3333.0,1
GDF,202506,2025-05-01 02:07:00,3328.6,3328.6,3328.6,3328.6,5
GDF,202506,2025-05-01 02:12:00,3330.7,3330.7,3330.7,3330.7,5
GDF,202508,2025-04-30 20:47:00,3353.3,3353.3,3353.3,3353.3,2
M1F,202505,2025-04-30 15:03:00,17118.0,17118.0,17118.0,17118.0,1
M1F,202505,2025-04-30 15:35:00,17122.0,17122.0,17122.0,17122.0,2
M1F,202505,2025-04-30 15:42:00,17110.0,17110.0,17110.0,17110.0,1
M1F,202505,2025-04-30 20:40:00,17074.0,17074.0,17074.0,17074.0,1
M1F,202505,2025-04-30 20:43:00,17053.0,17053.0,17053.0,17053.0,1
M1F,202505,2025-04-30 20:48:00,17018.0,17018.0,17018.0,17018.0,1
M1F,202505,2025-04-30 20:49:00,17035.0,17035.0,17035.0,17035.0,2
M1F,202505,2025-04-30 21:02:00,17007.0,17007.0,17007.0,17007.0,1
M1F,202505,2025-04-30 21:08:00,17007.0,17007.0,17007.0,17007.0,1
M1F,202505,2025-04-30 21:09:00,17006.0,17006.0,17006.0,17006.0,2
M1F,202505,2025-04-30 21:14:00,17007.0,17007.0,17007.0,17007.0,1
M1F,202505,2025-04-30 21:16:00,17016.0,17016.0,17016.0,17016.0,1
M1F,202505,2025-04-30 21:20:00,17023.0,17023.0,17023.0,17023.0,1
M1F,202505,2025-04-30 21:32:00,17014.0,17014.0,17014.0,17014.0,1
M1F,202505,2025-04-30 21:40:00,16998.0,16998.0,16998.0,16998.0,1
M1F,202505,2025-04-30 21:42:00,16987.0,16987.0,16987.0,16987.0,1
M1F,202505,2025-04-30 21:51:00,16999.0,16999.0,16999.0,16999.0,1
M1F,202505,2025-04-30 22:04:00,17004.0,17015.0,17004.0,17015.0,2
M1F,202505,2025-04-30 22:06:00,17017.0,17017.0,17017.0,17017.0,1
M1F,202505,2025-04-30 22:35:00,17013.0,17013.0,17013.0,17013.0,1
M1F,202505,2025-04-30 22:57:00,17031.0,17031.0,17031.0,17031.0,1
M1F,202505,2025-05-01 01:43:00,17088.0,17088.0,17088.0,17088.0,1
M1F,202505,2025-05-01 02:07:00,17126.0,17126.0,17126.0,17126.0,1
M1F,202505,2025-05-01 02:34:00,17122.0,17122.0,17122.0,17122.0,1
M1F,202505,2025-05-01 02:49:00,17116.0,17116.0,17116.0,17116.0,1
M1F,202505,2025-05-01 04:53:00,17319.0,17319.0,17319.0,17319.0,1
M1F,202505,2025-05-01 04:58:00,17299.0,17299.0,17299.0,17299.0,1
M1F,202505/202506,2025-04-30 15:39:00,-62.0,-62.0,-62.0,-62.0,8
M1F,202505/202506,2025-04-30 15:44:00,-62.0,-62.0,-62.0,-62.0,8
M1F,202505/202506,2025-04-30 15:58:00,-62.0,-62.0,-62.0,-62.0,8
M1F,202505/202506,2025-04-30 16:06:00,-62.0,-62.0,-62.0,-62.0,8
M1F,202505/202506,2025-04-30 16:24:00,-62.0,-62.0,-62.0,-62.0,8
M1F,202506,2025-04-30 16:15:00,17098.0,17098.0,17098.0,17098.0,1
M1F,202506,2025-04-30 23:02:00,16989.0,16989.0,16989.0,16989.0,1
MTX,202505,2025-04-30 15:00:00,20180.0,20191.0,20175.0,20181.0,616
MTX,202505,2025-04-30 15:01:00,20181.0,20194.0,20180.0,20192.0,356
MTX,202505,2025-04-30 15:02:00,20192.0,20192.0,20185.0,20185.0,183
MTX,202505,2025-04-30 15:03:00,20185.0,20188.0,20182.0,20182.0,157
MTX,202505,2025-04-30 15:04:00,20182.0,20185.0,20181.0,20183.0,86
MTX,202505,2025-04-30 15:05:00,20183.0,20185.0,20175.0,20177.0,223
MTX,202505,2025-04-30 15:06:00,20176.0,20186.0,20176.0,20186.0,168
MTX,202505,2025-04-30 15:07:00,20187.0,20192.0,20185.0,20191.0,196
MTX,202505,2025-04-30 15:08:00,20192.0,20192.0,20189.0,20190.0,121
MTX,202505,2025-04-30 15:09:00,20190.0,20194.0,20186.0,20189.0,182
MTX,202505,2025-04-30 15:10:00,20188.0,20191.0,20186.0,20190.0,112
MTX,202505,2025-04-30 15:11:00,20190.0,20192.0,20182.0,20184.0,100
MTX,202505,2025-04-30 15:12:00,20185.0,20186.0,20178.0,20186.0,193
MTX,202505,2025-04-30 15:13:00,20185.0,20190.0,20181.0,20190.0,74
MTX,202505,2025-04-30 15:14:00,20189.0,20193.0,20188.0,20192.0,133
MTX,202505,2025-04-30 15:15:00,20192.0,20194.0,20183.0,20184.0,151
MTX,202505,2025-04-30 15:16:00,20184.0,20187.0,20183.0,20187.0,80
MTX,202505,2025-04-30 15:17:00,20188.0,20193.0,20186.0,20186.0,76
MTX,202505,2025-04-30 15:18:00,20186.0,20198.0,20185.0,20198.0,186
MTX,202505,2025-04-30 15:19:00,20197.0,20204.0,20195.0,20201.0,259
MTX,202505,2025-04-30 15:20:00,20203.0,20209.0,20197.0,20200.0,371
MTX,202505,2025-04-30 15:21:00,20200.0,20203.0,20192.0,20196.0,213
MTX,202505,2025-04-30 15:22:00,20195.0,20198.0,20190.0,20196.0,150
MTX,202505,2025-04-30 15:23:00,20196.0,20202.0,20196.0,20202.0,109
MTX,202505,2025-04-30 15:24:00,20202.0,20212.0,20202.0,20206.0,284
MTX,202505,2025-04-30 15:25:00,20205.0,20210.0,20200.0,20204.0,159
MTX,202505,2025-04-30 15:26:00,20205.0,20210.0,20204.0,20209.0,58
MTX,202505,2025-04-30 15:27:00,20209.0,20210.0,20205.0,20206.0,82
MTX,202505,2025-04-30 15:28:00,20207.0,20207.0,20200.0,20200.0,140
MTX,202505,2025-04-30 15:29:00,20199.0,20201.0,20198.0,20200.0,73
MTX,202505,2025-04-30 15:30:00,20199.0,20201.0,20191.0,20192.0,170
MTX,202505,2025-04-30 15:31:00,20192.0,20192.0,20186.0,20191.0,197
MTX,202505,2025-04-30 15:32:00,20190.0,20195.0,20190.0,20193.0,71
MTX,202505,2025-04-30 15:33:00,20194.0,20195.0,20186.0,20188.0,111
MTX,202505,2025-04-30 15:34:00,20189.0,20193.0,20187.0,20193.0,64
MTX,202505,2025-04-30 15:35:00,20191.0,20192.0,20184.0,20184.0,123
MTX,202505,2025-04-30 15:36:00,20184.0,20193.0,20184.0,20192.0,142
MTX,202505,2025-04-30 15:37:00,20192.0,20193.0,20189.0,20193.0,68
MTX,202505,2025-04-30 15:38:00,20193.0,20196.0,20193.0,20195.0,48
MTX,202505,2025-04-30 15:39:00,20196.0,20196.0,20186.0,20190.0,99
MTX,202505,2025-04-30 15:40:00,20189.0,20190.0,20186.0,20190.0,53
MTX,202505,2025-04-30 15:41:00,20188.0,20192.0,20188.0,20192.0,49
MTX,202505,2025-04-30 15:42:00,20190.0,20191.0,20187.0,20188.0,39
MTX,202505,2025-04-30 15:43:00,20188.0,20188.0,20186.0,20187.0,29
MTX,202505,2025-04-30 15:44:00,20187.0,20189.0,20185.0,20189.0,45
MTX,202505,2025-04-30 15:45:00,20187.0,20190.0,20187.0,20189.0,42
MTX,202505,2025-04-30 15:46:00,20189.0,20193.0,20182.0,20193.0,143
MTX,202505,2025-04-30 15:47:00,20194.0,20194.0,20190.0,20192.0,47
MTX,202505,2025-04-30 15:48:00,20192.0,20196.0,20191.0,20195.0,56
MTX,202505,2025-04-30 15:49:00,20195.0,20200.0,20195.0,20199.0,89
MTX,202505,2025-04-30 15:50:00,20198.0,20199.0,20189.0,20189.0,103
MTX,202505,2025-04-30 15:51:00,20189.0,20190.0,20186.0,20188.0,82
MTX,202505,2025-04-30 15:52:00,20188.0,20191.0,20188.0,20190.0,36
MTX,202505,2025-04-30 15:53:00,20190.0,20194.0,20190.0,20193.0,48
MTX,202505,2025-04-30 15:54:00,20193.0,20196.0,20193.0,20195.0,47
MTX,202505,2025-04-30 15:55:00,20196.0,20205.0,20196.0,20203.0,188
MTX,202505,2025-04-30 15:56:00,20203.0,20206.0,20201.0,20205.0,85
MTX,202505,2025-04-30 15:57:00,20206.0,20214.0,20204.0,20213.0,245
MTX,202505,2025-04-30 15:58:00,20212.0,20213.0,20209.0,20210.0,169
MTX,202505,2025-04-30 15:59:00,20209.0,20213.0,20208.0,20208.0,104
MTX,202505,2025-04-30 16:00:00,20207.0,20208.0,20194.0,20196.0,307
MTX,202505,2025-04-30 16:01:00,20198.0,20204.0,20197.0,20199.0,92
MTX,202505,2025-04-30 16:02:00,20199.0,20199.0,20187.0,20188.0,178
MTX,202505,2025-04-30 16:03:00,20189.0,20192.0,20186.0,20187.0,128
MTX,202505,2025-04-30 16:04:00,20188.0,20193.0,20185.0,20191.0,113
MTX,202505,2025-04-30 16:05:00,20193.0,20199.0,20190.0,20199.0,104
MTX,202505,2025-04-30 16:06:00,20199.0,20206.0,20199.0,20204.0,117
MTX,202505,2025-04-30 16:07:00,20205.0,20208.0,20202.0,20205.0,138
MTX,202505,2025-04-30 16:08:00,20206.0,20215.0,20203.0,20215.0,182
MTX,202505,2025-04-30 16:09:00,20215.0,20220.0,20213.0,20217.0,259
MTX,202505,2025-04-30 16:10:00,20218.0,20219.0,20213.0,20213.0,110
MTX,202505,2025-04-30 16:11:00,20213.0,20216.0,20212.0,20215.0,61
MTX,202505,2025-04-30 16:12:00,20214.0,20215.0,20207.0,20212.0,98
MTX,202505,2025-04-30 16:13:00,20212.0,20218.0,20211.0,20216.0,78
MTX,202505,2025-04-30 16:14:00,20217.0,20217.0,20215.0,20215.0,38
MTX,202505,2025-04-30 16:15:00,20216.0,20235.0,20213.0,20233.0,610
MTX,202505,2025-04-30 16:16:00,20233.0,20240.0,20230.0,20231.0,350
MTX,202505,2025-04-30 16:17:00,20229.0,20233.0,20227.0,20231.0,136
MTX,202505,2025-04-30 16:18:00,20230.0,20239.0,20230.0,20238.0,168
MTX,202505,2025-04-30 16:19:00,20238.0,20246.0,20238.0,20242.0,271
MTX,202505,2025-04-30 16:20:00,20241.0,20244.0,20238.0,20241.0,174
MTX,202505,2025-04-30 16:21:00,20242.0,20242.0,20231.0,20233.0,154
MTX,202505,2025-04-30 16:22:00,20233.0,20235.0,20233.0,20235.0,71
MTX,202505,2025-04-30 16:23:00,20234.0,20234.0,20229.0,20230.0,108
MTX,202505,2025-04-30 16:24:00,20230.0,20232.0,20224.0,20228.0,149
MTX,202505,2025-04-30 16:25:00,20227.0,20229.0,20221.0,20223.0,122
MTX,202505,2025-04-30 16:26:00,20223.0,20224.0,20218.0,20219.0,177
MTX,202505,2025-04-30 16:27:00,20218.0,20220.0,20212.0,20214.0,132
MTX,202505,2025-04-30 16:28:00,20214.0,20219.0,20212.0,20219.0,101
MTX,202505,2025-04-30 16:29:00,20219.0,20219.0,20215.0,20218.0,91
MTX,202505,2025-04-30 16:30:00,20218.0,20219.0,20208.0,20210.0,178
MTX,202505,2025-04-30 16:31:00,20212.0,20213.0,20206.0,20208.0,137
MTX,202505,2025-04-30 16:32:00,20208.0,20211.0,20206.0,20206.0,91
MTX,202505,2025-04-30 16:33:00,20206.0,20210.0,20206.0,20208.0,78
MTX,202505,2025-04-30 16:34:00,20207.0,20208.0,20206.0,20208.0,43
MTX,202505,2025-04-30 16:35:00,20209.0,20212.0,20204.0,20207.0,172
MTX,202505,2025-04-30 16:36:00,20207.0,20209.0,20206.0,20207.0,64
MTX,202505,2025-04-30 16:37:00,20208.0,20211.0,20208.0,20210.0,64
MTX,202505,2025-04-30 16:38:00,20210.0,20214.0,20210.0,20214.0,57
MTX,202505,2025-04-30 16:39:00,20214.0,20214.0,20211.0,20212.0,49
MTX,202505,2025-04-30 16:40:00,20213.0,20217.0,20213.0,20215.0,62
MTX,202505,2025-04-30 16:41:00,20215.0,20218.0,20215.0,20217.0,69
MTX,202505,2025-04-30 16:42:00,20216.0,20225.0,20216.0,20223.0,155
MTX,202505,2025-04-30 16:43:00,20223.0,20224.0,20220.0,20223.0,84
MTX,202505,2025-04-30 16:44:00,20223.0,20230.0,20221.0,20229.0,134
MTX,202505,2025-04-30 16:45:00,20228.0,20229.0,20223.0,20224.0,69
MTX,202505,2025-04-30 16:46:00,20225.0,20226.0,20219.0,20221.0,87
MTX,202505,2025-04-30 16:47:00,20219.0,20226.0,20219.0,20225.0,59
MTX,202505,2025-04-30 16:48:00,20224.0,20227.0,20224.0,20225.0,49
MTX,202505,2025-04-30 16:49:00,20225.0,20225.0,20219.0,20224.0,34
MTX,202505,2025-04-30 16:50:00,20223.0,20227.0,20222.0,20225.0,39
MTX,202505,2025-04-30 16:51:00,20226.0,20232.0,20226.0,20230.0,97
MTX,202505,2025-04-30 16:52:00,20230.0,20232.0,20230.0,20231.0,46
MTX,202505,2025-04-30 16:53:00,20232.0,20232.0,20230.0,20231.0,52
MTX,202505,2025-04-30 16:54:00,20229.0,20234.0,20229.0,20234.0,72
MTX,202505,2025-04-30 16:55:00,20234.0,20235.0,20226.0,20228.0,96
MTX,202505,2025-04-30 16:56:00,20228.0,20229.0,20225.0,20229.0,70
MTX,202505,2025-04-30 16:57:00,20230.0,20230.0,20225.0,20225.0,34
MTX,202505,2025-04-30 16:58:00,20224.0,20225.0,20220.0,20220.0,83
MTX,202505,2025-04-30 16:59:00,20220.0,20221.0,20218.0,20220.0,62
MTX,202505,2025-04-30 17:00:00,20218.0,20225.0,20218.0,20222.0,97
MTX,202505,2025-04-30 17:01:00,20223.0,20225.0,20221.0,20225.0,44
MTX,202505,2025-04-30 17:02:00,20226.0,20228.0,20225.0,20227.0,39
MTX,202505,2025-04-30 17:03:00,20226.0,20227.0,20224.0,20226.0,15
MTX,202505,2025-04-30 17:04:00,20225.0,20230.0,20224.0,20228.0,66
MTX,202505,2025-04-30 17:05:00,20229.0,20231.0,20227.0,20229.0,42
MTX,202505,2025-04-30 17:06:00,20229.0,20232.0,20229.0,20232.0,32
MTX,202505,2025-04-30 17:07:00,20231.0,20234.0,20228.0,20230.0,82
MTX,202505,2025-04-30 17:08:00,20230.0,20230.0,20228.0,20230.0,37
MTX,202505,2025-04-30 17:09:00,20230.0,20233.0,20230.0,20230.0,28
MTX,202505,2025-04-30 17:10:00,20230.0,20232.0,20227.0,20227.0,42
MTX,202505,2025-04-30 17:11:00,20226.0,20228.0,20224.0,20228.0,43
MTX,202505,2025-04-30 17:12:00,20228.0,20228.0,20225.0,20228.0,40
MTX,202505,2025-04-30 17:13:00,20229.0,20230.0,20225.0,20226.0,27
MTX,202505,2025-04-30 17:14:00,20227.0,20228.0,20224.0,20226.0,30
MTX,202505,2025-04-30 17:15:00,20226.0,20226.0,20220.0,20220.0,46
MTX,202505,2025-04-30 17:16:00,20220.0,20223.0,20219.0,20220.0,44
MTX,202505,2025-04-30 17:17:00,20221.0,20224.0,20221.0,20223.0,46
MTX,202505,2025-04-30 17:18:00,20224.0,20232.0,20224.0,20229.0,81
MTX,202505,2025-04-30 17:19:00,20229.0,20233.0,20227.0,20231.0,54
MTX,202505,2025-04-30 17:20:00,20231.0,20233.0,20231.0,20231.0,53
MTX,202505,2025-04-30 17:21:00,20231.0,20232.0,20230.0,20231.0,32
MTX,202505,2025-04-30 17:22:00,20231.0,20235.0,20230.0,20234.0,75
MTX,202505,2025-04-30 17:23:00,20233.0,20234.0,20227.0,20227.0,42
MTX,202505,2025-04-30 17:24:00,20227.0,20232.0,20227.0,20232.0,50
MTX,202505,2025-04-30 17:25:00,20231.0,20232.0,20228.0,20231.0,45
MTX,202505,2025-04-30 17:26:00,20232.0,20238.0,20232.0,20235.0,136
MTX,202505,2025-04-30 17:27:00,20237.0,20244.0,20235.0,20242.0,183
MTX,202505,2025-04-30 17:28:00,20242.0,20244.0,20239.0,20243.0,114
MTX,202505,2025-04-30 17:29:00,20242.0,20243.0,20240.0,20243.0,59
MTX,202505,2025-04-30 17:30:00,20243.0,20251.0,20243.0,20247.0,490
MTX,202505,2025-04-30 17:31:00,20247.0,20249.0,20239.0,20241.0,140
MTX,202505,2025-04-30 17:32:00,20242.0,20245.0,20241.0,20243.0,74
MTX,202505,2025-04-30 17:33:00,20242.0,20243.0,20237.0,20239.0,77
MTX,202505,2025-04-30 17:34:00,20238.0,20240.0,20237.0,20237.0,38
MTX,202505,2025-04-30 17:35:00,20237.0,20239.0,20236.0,20237.0,51
MTX,202505,2025-04-30 17:36:00,20237.0,20242.0,20237.0,20242.0,73
MTX,202505,2025-04-30 17:37:00,20243.0,20245.0,20243.0,20245.0,48
MTX,202505,2025-04-30 17:38:00,20243.0,20245.0,20241.0,20243.0,57
MTX,202505,2025-04-30 17:39:00,20242.0,20243.0,20239.0,20240.0,39
MTX,202505,2025-04-30 17:40:00,20242.0,20245.0,20239.0,20239.0,91
MTX,202505,2025-04-30 17:41:00,20239.0,20246.0,20239.0,20245.0,59
MTX,202505,2025-04-30 17:42:00,20245.0,20248.0,20244.0,20246.0,93
MTX,202505,2025-04-30 17:43:00,20246.0,20247.0,20240.0,20240.0,54
MTX,202505,2025-04-30 17:44:00,20241.0,20241.0,20239.0,20240.0,47
MTX,202505,2025-04-30 17:45:00,20239.0,20243.0,20238.0,20238.0,51
MTX,202505,2025-04-30 17:46:00,20238.0,20238.0,20236.0,20236.0,62
MTX,202505,2025-04-30 17:47:00,20236.0,20238.0,20233.0,20237.0,83
MTX,202505,2025-04-30 17:48:00,20236.0,20239.0,20234.0,20234.0,63
MTX,202505,2025-04-30 17:49:00,20235.0,20236.0,20234.0,20235.0,21
MTX,202505,2025-04-30 17:50:00,20235.0,20237.0,20235.0,20235.0,33
MTX,202505,2025-04-30 17:51:00,20236.0,20240.0,20235.0,20240.0,28
MTX,202505,2025-04-30 17:52:00,20239.0,20243.0,20239.0,20242.0,51
MTX,202505,2025-04-30 17:53:00,20241.0,20244.0,20240.0,20244.0,39
MTX,202505,2025-04-30 17:54:00,20245.0,20246.0,20243.0,20244.0,74
MTX,202505,2025-04-30 17:55:00,20242.0,20242.0,20241.0,20241.0,14
MTX,202505,2025-04-30 17:56:00,20240.0,20242.0,20240.0,20241.0,28
MTX,202505,2025-04-30 17:57:00,20241.0,20242.0,20240.0,20240.0,13
MTX,202505,2025-04-30 17:58:00,20240.0,20242.0,20238.0,20239.0,38
MTX,202505,2025-04-30 17:59:00,20240.0,20241.0,20240.0,20240.0,21
MTX,202505,2025-04-30 18:00:00,20241.0,20244.0,20236.0,20239.0,80
MTX,202505,2025-04-30 18:01:00,20240.0,20241.0,20238.0,20240.0,38
MTX,202505,2025-04-30 18:02:00,20240.0,20240.0,20237.0,20238.0,27
MTX,202505,2025-04-30 18:03:00,20238.0,20241.0,20236.0,20236.0,34
MTX,202505,2025-04-30 18:04:00,20236.0,20237.0,20236.0,20237.0,25
MTX,202505,2025-04-30 18:05:00,20237.0,20238.0,20234.0,20236.0,54
MTX,202505,2025-04-30 18:06:00,20236.0,20237.0,20235.0,20236.0,22
MTX,202505,2025-04-30 18:07:00,20236.0,20238.0,20235.0,20238.0,46
MTX,202505,2025-04-30 18:08:00,20239.0,20241.0,20237.0,20238.0,32
MTX,202505,2025-04-30 18:09:00,20237.0,20239.0,20237.0,20239.0,23
MTX,202505,2025-04-30 18:10:00,20240.0,20241.0,20239.0,20239.0,20
MTX,202505,2025-04-30 18:11:00,20239.0,20245.0,20239.0,20245.0,61
MTX,202505,2025-04-30 18:12:00,20244.0,20248.0,20244.0,20247.0,74
MTX,202505,2025-04-30 18:13:00,20247.0,20247.0,20244.0,20244.0,34
MTX,202505,2025-04-30 18:14:00,20244.0,20246.0,20243.0,20244.0,33
MTX,202505,2025-04-30 18:15:00,20244.0,20249.0,20244.0,20249.0,90
MTX,202505,2025-04-30 18:16:00,20249.0,20255.0,20247.0,20249.0,235
MTX,202505,2025-04-30 18:17:00,20250.0,20251.0,20249.0,20250.0,59
MTX,202505,2025-04-30 18:18:00,20250.0,20250.0,20239.0,20241.0,101
MTX,202505,2025-04-30 18:19:00,20242.0,20244.0,20240.0,20242.0,68
MTX,202505,2025-04-30 18:20:00,20242.0,20243.0,20240.0,20242.0,46
MTX,202505,2025-04-30 18:21:00,20241.0,20250.0,20241.0,20248.0,73
MTX,202505,2025-04-30 18:22:00,20248.0,20250.0,20241.0,20241.0,56
MTX,202505,2025-04-30 18:23:00,20242.0,20243.0,20239.0,20241.0,68
MTX,202505,2025-04-30 18:24:00,20242.0,20244.0,20241.0,20244.0,37
MTX,202505,2025-04-30 18:25:00,20245.0,20246.0,20244.0,20244.0,24
MTX,202505,2025-04-30 18:26:00,20244.0,20248.0,20242.0,20247.0,45
MTX,202505,2025-04-30 18:27:00,20247.0,20249.0,20246.0,20247.0,34
MTX,202505,2025-04-30 18:28:00,20246.0,20247.0,20244.0,20244.0,24
MTX,202505,2025-04-30 18:29:00,20245.0,20249.0,20245.0,20249.0,56
MTX,202505,2025-04-30 18:30:00,20249.0,20250.0,20224.0,20224.0,398
MTX,202505,2025-04-30 18:31:00,20226.0,20226.0,20210.0,20214.0,428
MTX,202505,2025-04-30 18:32:00,20213.0,20219.0,20213.0,20214.0,190
MTX,202505,2025-04-30 18:33:00,20214.0,20222.0,20213.0,20222.0,190
MTX,202505,2025-04-30 18:34:00,20223.0,20225.0,20215.0,20217.0,154
MTX,202505,2025-04-30 18:35:00,20218.0,20220.0,20217.0,20219.0,71
MTX,202505,2025-04-30 18:36:00,20219.0,20220.0,20217.0,20220.0,82
MTX,202505,2025-04-30 18:37:00,20220.0,20226.0,20220.0,20225.0,58
MTX,202505,2025-04-30 18:38:00,20225.0,20226.0,20222.0,20222.0,61
MTX,202505,2025-04-30 18:39:00,20223.0,20224.0,20215.0,20216.0,130
MTX,202505,2025-04-30 18:40:00,20216.0,20220.0,20212.0,20218.0,158
MTX,202505,2025-04-30 18:41:00,20219.0,20220.0,20212.0,20212.0,78
MTX,202505,2025-04-30 18:42:00,20212.0,20220.0,20212.0,20220.0,51
MTX,202505,2025-04-30 18:43:00,20220.0,20221.0,20208.0,20209.0,197
MTX,202505,2025-04-30 18:44:00,20210.0,20212.0,20206.0,20207.0,144
MTX,202505,2025-04-30 18:45:00,20207.0,20210.0,20207.0,20208.0,94
MTX,202505,2025-04-30 18:46:00,20208.0,20210.0,20204.0,20205.0,153
MTX,202505,2025-04-30 18:47:00,20205.0,20209.0,20204.0,20206.0,74
MTX,202505,2025-04-30 18:48:00,20208.0,20212.0,20203.0,20211.0,135
MTX,202505,2025-04-30 18:49:00,20211.0,20212.0,20207.0,20209.0,83
MTX,202505,2025-04-30 18:50:00,20209.0,20215.0,20209.0,20215.0,67
MTX,202505,2025-04-30 18:51:00,20216.0,20217.0,20213.0,20216.0,70
MTX,202505,2025-04-30 18:52:00,20215.0,20219.0,20214.0,20219.0,75
MTX,202505,2025-04-30 18:53:00,20219.0,20220.0,20215.0,20216.0,72
MTX,202505,2025-04-30 18:54:00,20215.0,20217.0,20214.0,20217.0,38
MTX,202505,2025-04-30 18:55:00,20217.0,20220.0,20216.0,20218.0,71
MTX,202505,2025-04-30 18:56:00,20218.0,20218.0,20216.0,20216.0,33
MTX,202505,2025-04-30 18:57:00,20216.0,20220.0,20214.0,20219.0,58
MTX,202505,2025-04-30 18:58:00,20219.0,20222.0,20216.0,20222.0,103
MTX,202505,2025-04-30 18:59:00,20222.0,20225.0,20221.0,20224.0,100
MTX,202505,2025-04-30 19:00:00,20224.0,20226.0,20221.0,20221.0,100
MTX,202505,2025-04-30 19:01:00,20220.0,20220.0,20215.0,20220.0,80
MTX,202505,2025-04-30 19:02:00,20220.0,20220.0,20217.0,20220.0,24
MTX,202505,2025-04-30 19:03:00,20219.0,20224.0,20216.0,20224.0,82
MTX,202505,2025-04-30 19:04:00,20223.0,20225.0,20222.0,20223.0,65
MTX,202505,2025-04-30 19:05:00,20223.0,20225.0,20219.0,20224.0,68
MTX,202505,2025-04-30 19:06:00,20222.0,20223.0,20220.0,20223.0,21
MTX,202505,2025-04-30 19:07:00,20223.0,20223.0,20221.0,20221.0,22
MTX,202505,2025-04-30 19:08:00,20221.0,20222.0,20218.0,20218.0,19
MTX,202505,2025-04-30 19:09:00,20219.0,20220.0,20218.0,20220.0,23
MTX,202505,2025-04-30 19:10:00,20220.0,20221.0,20218.0,20218.0,37
MTX,202505,2025-04-30 19:11:00,20219.0,20223.0,20219.0,20220.0,41
MTX,202505,2025-04-30 19:12:00,20220.0,20220.0,20214.0,20215.0,44
MTX,202505,2025-04-30 19:13:00,20215.0,20215.0,20211.0,20213.0,78
MTX,202505,2025-04-30 19:14:00,20214.0,20215.0,20212.0,20212.0,32
MTX,202505,2025-04-30 19:15:00,20212.0,20216.0,20212.0,20215.0,46
MTX,202505,2025-04-30 19:16:00,20213.0,20216.0,20213.0,20214.0,16
MTX,202505,2025-04-30 19:17:00,20214.0,20224.0,20214.0,20223.0,99
MTX,202505,2025-04-30 19:18:00,20223.0,20224.0,20220.0,20221.0,65
MTX,202505,2025-04-30 19:19:00,20219.0,20220.0,20213.0,20214.0,51
MTX,202505,2025-04-30 19:20:00,20214.0,20215.0,20210.0,20214.0,91
MTX,202505,2025-04-30 19:21:00,20211.0,20215.0,20211.0,20212.0,22
MTX,202505,2025-04-30 19:22:00,20212.0,20213.0,20210.0,20211.0,47
MTX,202505,2025-04-30 19:23:00,20211.0,20214.0,20208.0,20208.0,60
MTX,202505,2025-04-30 19:24:00,20208.0,20209.0,20208.0,20208.0,48
MTX,202505,2025-04-30 19:25:00,20207.0,20211.0,20204.0,20204.0,125
MTX,202505,2025-04-30 19:26:00,20204.0,20207.0,20204.0,20206.0,116
MTX,202505,2025-04-30 19:27:00,20207.0,20209.0,20205.0,20207.0,39
MTX,202505,2025-04-30 19:28:00,20205.0,20206.0,20201.0,20201.0,145
MTX,202505,2025-04-30 19:29:00,20201.0,20203.0,20200.0,20201.0,164
MTX,202505,2025-04-30 19:30:00,20201.0,20205.0,20198.0,20198.0,139
MTX,202505,2025-04-30 19:31:00,20199.0,20200.0,20195.0,20195.0,137
MTX,202505,2025-04-30 19:32:00,20197.0,20200.0,20189.0,20191.0,296
MTX,202505,2025-04-30 19:33:00,20191.0,20193.0,20189.0,20192.0,127
MTX,202505,2025-04-30 19:34:00,20192.0,20195.0,20192.0,20194.0,80
MTX,202505,2025-04-30 19:35:00,20193.0,20194.0,20187.0,20192.0,234
MTX,202505,2025-04-30 19:36:00,20192.0,20193.0,20187.0,20191.0,117
MTX,202505,2025-04-30 19:37:00,20191.0,20195.0,20190.0,20194.0,69
MTX,202505,2025-04-30 19:38:00,20194.0,20197.0,20193.0,20195.0,133
MTX,202505,2025-04-30 19:39:00,20196.0,20197.0,20195.0,20197.0,65
MTX,202505,2025-04-30 19:40:00,20198.0,20198.0,20194.0,20198.0,71
MTX,202505,2025-04-30 19:41:00,20199.0,20199.0,20196.0,20197.0,59
MTX,202505,2025-04-30 19:42:00,20196.0,20197.0,20196.0,20196.0,35
MTX,202505,2025-04-30 19:43:00,20195.0,20200.0,20194.0,20200.0,66
MTX,202505,2025-04-30 19:44:00,20200.0,20204.0,20199.0,20201.0,90
MTX,202505,2025-04-30 19:45:00,20200.0,20202.0,20195.0,20202.0,81
MTX,202505,2025-04-30 19:46:00,20200.0,20201.0,20195.0,20195.0,52
MTX,202505,2025-04-30 19:47:00,20195.0,20199.0,20193.0,20199.0,76
MTX,202505,2025-04-30 19:48:00,20199.0,20201.0,20194.0,20194.0,38
MTX,202505,2025-04-30 19:49:00,20195.0,20198.0,20193.0,20196.0,42
MTX,202505,2025-04-30 19:50:00,20195.0,20197.0,20195.0,20195.0,30
MTX,202505,2025-04-30 19:51:00,20196.0,20196.0,20192.0,20192.0,59
MTX,202505,2025-04-30 19:52:00,20192.0,20194.0,20191.0,20194.0,42
MTX,202505,2025-04-30 19:53:00,20195.0,20197.0,20191.0,20197.0,56
MTX,202505,2025-04-30 19:54:00,20197.0,20202.0,20197.0,20199.0,78
MTX,202505,2025-04-30 19:55:00,20199.0,20200.0,20198.0,20199.0,30
MTX,202505,2025-04-30 19:56:00,20199.0,20203.0,20199.0,20202.0,66
MTX,202505,2025-04-30 19:57:00,20202.0,20202.0,20199.0,20201.0,54
MTX,202505,2025-04-30 19:58:00,20200.0,20207.0,20199.0,20207.0,96
MTX,202505,2025-04-30 19:59:00,20207.0,20208.0,20204.0,20205.0,78
MTX,202505,2025-04-30 20:00:00,20204.0,20205.0,20198.0,20200.0,114
MTX,202505,2025-04-30 20:01:00,20200.0,20202.0,20199.0,20200.0,45
MTX,202505,2025-04-30 20:02:00,20202.0,20207.0,20200.0,20202.0,56
MTX,202505,2025-04-30 20:03:00,20202.0,20204.0,20198.0,20200.0,52
MTX,202505,2025-04-30 20:04:00,20199.0,20200.0,20195.0,20200.0,88
MTX,202505,2025-04-30 20:05:00,20201.0,20205.0,20195.0,20204.0,102
MTX,202505,2025-04-30 20:06:00,20202.0,20204.0,20201.0,20202.0,29
MTX,202505,2025-04-30 20:07:00,20202.0,20202.0,20198.0,20198.0,45
MTX,202505,2025-04-30 20:08:00,20198.0,20198.0,20195.0,20196.0,57
MTX,202505,2025-04-30 20:09:00,20196.0,20197.0,20192.0,20194.0,65
MTX,202505,2025-04-30 20:10:00,20193.0,20197.0,20192.0,20194.0,69
MTX,202505,2025-04-30 20:11:00,20192.0,20194.0,20190.0,20193.0,100
MTX,202505,2025-04-30 20:12:00,20193.0,20193.0,20190.0,20191.0,44
MTX,202505,2025-04-30 20:13:00,20191.0,20193.0,20190.0,20191.0,27
MTX,202505,2025-04-30 20:14:00,20192.0,20198.0,20192.0,20197.0,41
MTX,202505,2025-04-30 20:15:00,20195.0,20195.0,20168.0,20180.0,827
MTX,202505,2025-04-30 20:16:00,20181.0,20182.0,20172.0,20173.0,198
MTX,202505,2025-04-30 20:17:00,20171.0,20177.0,20166.0,20166.0,276
MTX,202505,2025-04-30 20:18:00,20166.0,20173.0,20166.0,20171.0,204
MTX,202505,2025-04-30 20:19:00,20171.0,20171.0,20166.0,20170.0,147
MTX,202505,2025-04-30 20:20:00,20170.0,20171.0,20164.0,20167.0,187
MTX,202505,2025-04-30 20:21:00,20167.0,20168.0,20156.0,20157.0,338
MTX,202505,2025-04-30 20:22:00,20158.0,20164.0,20156.0,20160.0,202
MTX,202505,2025-04-30 20:23:00,20160.0,20160.0,20154.0,20157.0,244
MTX,202505,2025-04-30 20:24:00,20155.0,20159.0,20151.0,20158.0,342
MTX,202505,2025-04-30 20:25:00,20160.0,20160.0,20155.0,20157.0,152
MTX,202505,2025-04-30 20:26:00,20157.0,20160.0,20151.0,20151.0,148
MTX,202505,2025-04-30 20:27:00,20151.0,20162.0,20150.0,20162.0,162
MTX,202505,2025-04-30 20:28:00,20160.0,20161.0,20158.0,20160.0,91
MTX,202505,2025-04-30 20:29:00,20160.0,20164.0,20158.0,20162.0,161
MTX,202505,2025-04-30 20:30:00,20163.0,20179.0,20156.0,20171.0,976
MTX,202505,2025-04-30 20:31:00,20171.0,20174.0,20147.0,20147.0,612
MTX,202505,2025-04-30 20:32:00,20149.0,20149.0,20130.0,20142.0,839
MTX,202505,2025-04-30 20:33:00,20141.0,20147.0,20134.0,20144.0,319
MTX,202505,2025-04-30 20:34:00,20144.0,20152.0,20138.0,20151.0,333
MTX,202505,2025-04-30 20:35:00,20151.0,20157.0,20146.0,20147.0,288
MTX,202505,2025-04-30 20:36:00,20147.0,20148.0,20119.0,20119.0,585
MTX,202505,2025-04-30 20:37:00,20120.0,20125.0,20115.0,20122.0,526
MTX,202505,2025-04-30 20:38:00,20122.0,20127.0,20119.0,20120.0,193
MTX,202505,2025-04-30 20:39:00,20119.0,20121.0,20112.0,20118.0,314
MTX,202505,2025-04-30 20:40:00,20116.0,20118.0,20105.0,20108.0,527
MTX,202505,2025-04-30 20:41:00,20107.0,20108.0,20072.0,20072.0,1489
MTX,202505,2025-04-30 20:42:00,20073.0,20087.0,20070.0,20082.0,790
MTX,202505,2025-04-30 20:43:00,20081.0,20091.0,20074.0,20088.0,443
MTX,202505,2025-04-30 20:44:00,20089.0,20090.0,20074.0,20076.0,355
MTX,202505,2025-04-30 20:45:00,20076.0,20076.0,20045.0,20054.0,1818
MTX,202505,2025-04-30 20:46:00,20056.0,20061.0,20036.0,20038.0,758
MTX,202505,2025-04-30 20:47:00,20039.0,20048.0,20021.0,20021.0,839
MTX,202505,2025-04-30 20:48:00,20021.0,20032.0,20006.0,20030.0,1087
MTX,202505,2025-04-30 20:49:00,20032.0,20048.0,20029.0,20041.0,734
MTX,202505,2025-04-30 20:50:00,20043.0,20053.0,20037.0,20043.0,734
MTX,202505,2025-04-30 20:51:00,20043.0,20045.0,20022.0,20024.0,506
MTX,202505,2025-04-30 20:52:00,20024.0,20035.0,20020.0,20032.0,451
MTX,202505,2025-04-30 20:53:00,20033.0,20041.0,20029.0,20038.0,273
MTX,202505,2025-04-30 20:54:00,20038.0,20042.0,20033.0,20033.0,244
MTX,202505,2025-04-30 20:55:00,20034.0,20038.0,20031.0,20035.0,193
MTX,202505,2025-04-30 20:56:00,20036.0,20045.0,20034.0,20043.0,324
MTX,202505,2025-04-30 20:57:00,20042.0,20048.0,20037.0,20041.0,306
MTX,202505,2025-04-30 20:58:00,20041.0,20044.0,20033.0,20035.0,167
MTX,202505,2025-04-30 20:59:00,20034.0,20035.0,20021.0,20023.0,393
MTX,202505,2025-04-30 21:00:00,20024.0,20025.0,20002.0,20010.0,1242
MTX,202505,2025-04-30 21:01:00,20010.0,20016.0,20007.0,20016.0,335
MTX,202505,2025-04-30 21:02:00,20017.0,20025.0,20011.0,20019.0,365
MTX,202505,2025-04-30 21:03:00,20018.0,20039.0,20018.0,20036.0,373
MTX,202505,2025-04-30 21:04:00,20036.0,20036.0,20023.0,20026.0,220
MTX,202505,2025-04-30 21:05:00,20026.0,20038.0,20026.0,20033.0,249
MTX,202505,2025-04-30 21:06:00,20034.0,20034.0,20001.0,20001.0,585
MTX,202505,2025-04-30 21:07:00,20002.0,20013.0,19994.0,20011.0,806
MTX,202505,2025-04-30 21:08:00,20010.0,20011.0,20000.0,20002.0,287
MTX,202505,2025-04-30 21:09:00,20004.0,20006.0,19997.0,20000.0,242
MTX,202505,2025-04-30 21:10:00,20000.0,20011.0,19998.0,20010.0,266
MTX,202505,2025-04-30 21:11:00,20010.0,20018.0,20005.0,20005.0,310
MTX,202505,2025-04-30 21:12:00,20006.0,20017.0,19999.0,20015.0,245
MTX,202505,2025-04-30 21:13:00,20014.0,20024.0,19998.0,20000.0,492
MTX,202505,2025-04-30 21:14:00,19998.0,20007.0,19988.0,19998.0,738
MTX,202505,2025-04-30 21:15:00,19998.0,20011.0,19992.0,20002.0,316
MTX,202505,2025-04-30 21:16:00,20000.0,20010.0,19995.0,19998.0,263
MTX,202505,2025-04-30 21:17:00,19999.0,20008.0,19997.0,20007.0,127
MTX,202505,2025-04-30 21:18:00,20008.0,20013.0,19999.0,20001.0,274
MTX,202505,2025-04-30 21:19:00,20003.0,20014.0,20003.0,20011.0,171
MTX,202505,2025-04-30 21:20:00,20012.0,20027.0,20010.0,20026.0,445
MTX,202505,2025-04-30 21:21:00,20027.0,20035.0,20023.0,20025.0,500
MTX,202505,2025-04-30 21:22:00,20024.0,20028.0,20021.0,20027.0,167
MTX,202505,2025-04-30 21:23:00,20027.0,20031.0,20023.0,20026.0,176
MTX,202505,2025-04-30 21:24:00,20025.0,20027.0,20019.0,20023.0,211
MTX,202505,2025-04-30 21:25:00,20023.0,20033.0,20023.0,20028.0,227
MTX,202505,2025-04-30 21:26:00,20027.0,20032.0,20026.0,20027.0,99
MTX,202505,2025-04-30 21:27:00,20027.0,20027.0,20016.0,20020.0,232
MTX,202505,2025-04-30 21:28:00,20022.0,20024.0,20019.0,20020.0,121
MTX,202505,2025-04-30 21:29:00,20020.0,20024.0,20017.0,20018.0,146
MTX,202505,2025-04-30 21:30:00,20016.0,20016.0,19990.0,19993.0,1162
MTX,202505,2025-04-30 21:31:00,19994.0,20003.0,19971.0,19979.0,1506
MTX,202505,2025-04-30 21:32:00,19979.0,19999.0,19975.0,19998.0,653
MTX,202505,2025-04-30 21:33:00,19998.0,20011.0,19985.0,20009.0,547
MTX,202505,2025-04-30 21:34:00,20008.0,20028.0,20006.0,20021.0,702
MTX,202505,2025-04-30 21:35:00,20020.0,20027.0,20004.0,20004.0,640
MTX,202505,2025-04-30 21:36:00,20006.0,20014.0,19992.0,19999.0,521
MTX,202505,2025-04-30 21:37:00,19997.0,20000.0,19966.0,19982.0,967
MTX,202505,2025-04-30 21:38:00,19979.0,19990.0,19972.0,19977.0,490
MTX,202505,2025-04-30 21:39:00,19977.0,19978.0,19960.0,19960.0,713
MTX,202505,2025-04-30 21:40:00,19962.0,19974.0,19951.0,19960.0,1080
MTX,202505,2025-04-30 21:41:00,19962.0,19962.0,19942.0,19954.0,923
MTX,202505,2025-04-30 21:42:00,19954.0,19955.0,19943.0,19944.0,437
MTX,202505,2025-04-30 21:43:00,19946.0,19954.0,19935.0,19951.0,895
MTX,202505,2025-04-30 21:44:00,19950.0,19975.0,19950.0,19970.0,967
MTX,202505,2025-04-30 21:45:00,19970.0,19971.0,19956.0,19971.0,535
MTX,202505,2025-04-30 21:46:00,19970.0,19974.0,19958.0,19960.0,463
MTX,202505,2025-04-30 21:47:00,19959.0,19979.0,19959.0,19974.0,410
MTX,202505,2025-04-30 21:48:00,19974.0,19996.0,19973.0,19988.0,953
MTX,202505,2025-04-30 21:49:00,19988.0,19995.0,19984.0,19992.0,353
MTX,202505,2025-04-30 21:50:00,19992.0,19994.0,19978.0,19989.0,407
MTX,202505,2025-04-30 21:51:00,19988.0,19988.0,19970.0,19973.0,375
MTX,202505,2025-04-30 21:52:00,19972.0,19981.0,19956.0,19965.0,570
MTX,202505,2025-04-30 21:53:00,19963.0,19970.0,19946.0,19951.0,604
MTX,202505,2025-04-30 21:54:00,19949.0,19963.0,19948.0,19959.0,285
MTX,202505,2025-04-30 21:55:00,19961.0,19975.0,19959.0,19967.0,347
MTX,202505,2025-04-30 21:56:00,19968.0,19968.0,19941.0,19945.0,618
MTX,202505,2025-04-30 21:57:00,19943.0,19943.0,19928.0,19940.0,718
MTX,202505,2025-04-30 21:58:00,19940.0,19941.0,19926.0,19928.0,394
MTX,202505,2025-04-30 21:59:00,19928.0,19949.0,19923.0,19944.0,579
MTX,202505,2025-04-30 22:00:00,19944.0,19977.0,19923.0,19975.0,1047
MTX,202505,2025-04-30 22:01:00,19975.0,19995.0,19973.0,19992.0,973
MTX,202505,2025-04-30 22:02:00,19993.0,19999.0,19980.0,19991.0,538
MTX,202505,2025-04-30 22:03:00,19990.0,19991.0,19973.0,19981.0,446
MTX,202505,2025-04-30 22:04:00,19980.0,19999.0,19980.0,19992.0,533
MTX,202505,2025-04-30 22:05:00,19992.0,20006.0,19986.0,20003.0,901
MTX,202505,2025-04-30 22:06:00,20002.0,20006.0,19988.0,19998.0,413
MTX,202505,2025-04-30 22:07:00,19997.0,19998.0,19972.0,19978.0,543
MTX,202505,2025-04-30 22:08:00,19977.0,20002.0,19970.0,20000.0,436
MTX,202505,2025-04-30 22:09:00,20000.0,20021.0,19999.0,20014.0,1035
MTX,202505,2025-04-30 22:10:00,20013.0,20016.0,19996.0,20005.0,535
MTX,202505,2025-04-30 22:11:00,20007.0,20009.0,19993.0,19993.0,377
MTX,202505,2025-04-30 22:12:00,19995.0,20002.0,19992.0,19994.0,250
MTX,202505,2025-04-30 22:13:00,19995.0,20006.0,19994.0,20004.0,266
MTX,202505,2025-04-30 22:14:00,20003.0,20016.0,20002.0,20013.0,449
MTX,202505,2025-04-30 22:15:00,20011.0,20016.0,20003.0,20015.0,414
MTX,202505,2025-04-30 22:16:00,20014.0,20015.0,20005.0,20012.0,313
MTX,202505,2025-04-30 22:17:00,20011.0,20011.0,20002.0,20003.0,216
MTX,202505,2025-04-30 22:18:00,20002.0,20011.0,20002.0,20006.0,258
MTX,202505,2025-04-30 22:19:00,20005.0,20018.0,20004.0,20016.0,324
MTX,202505,2025-04-30 22:20:00,20015.0,20020.0,20008.0,20015.0,404
MTX,202505,2025-04-30 22:21:00,20014.0,20019.0,20007.0,20013.0,221
MTX,202505,2025-04-30 22:22:00,20011.0,20015.0,20006.0,20007.0,181
MTX,202505,2025-04-30 22:23:00,20008.0,20021.0,20006.0,20019.0,288
MTX,202505,2025-04-30 22:24:00,20020.0,20034.0,20017.0,20032.0,618
MTX,202505,2025-04-30 22:25:00,20031.0,20034.0,20025.0,20032.0,414
MTX,202505,2025-04-30 22:26:00,20031.0,20042.0,20030.0,20041.0,532
MTX,202505,2025-04-30 22:27:00,20040.0,20042.0,20031.0,20036.0,333
MTX,202505,2025-04-30 22:28:00,20035.0,20041.0,20032.0,20039.0,285
MTX,202505,2025-04-30 22:29:00,20040.0,20054.0,20037.0,20045.0,857
MTX,202505,2025-04-30 22:30:00,20045.0,20051.0,20036.0,20048.0,563
MTX,202505,2025-04-30 22:31:00,20049.0,20059.0,20048.0,20053.0,649
MTX,202505,2025-04-30 22:32:00,20053.0,20057.0,20042.0,20043.0,445
MTX,202505,2025-04-30 22:33:00,20044.0,20052.0,20043.0,20045.0,237
MTX,202505,2025-04-30 22:34:00,20046.0,20046.0,20032.0,20033.0,436
MTX,202505,2025-04-30 22:35:00,20035.0,20035.0,20024.0,20028.0,549
MTX,202505,2025-04-30 22:36:00,20028.0,20030.0,20018.0,20020.0,480
MTX,202505,2025-04-30 22:37:00,20019.0,20027.0,20019.0,20021.0,235
MTX,202505,2025-04-30 22:38:00,20021.0,20022.0,20008.0,20021.0,454
MTX,202505,2025-04-30 22:39:00,20019.0,20030.0,20017.0,20023.0,313
MTX,202505,2025-04-30 22:40:00,20025.0,20025.0,20018.0,20021.0,212
MTX,202505,2025-04-30 22:41:00,20020.0,20021.0,20008.0,20008.0,300
MTX,202505,2025-04-30 22:42:00,20008.0,20022.0,20006.0,20021.0,249
MTX,202505,2025-04-30 22:43:00,20021.0,20042.0,20017.0,20041.0,380
MTX,202505,2025-04-30 22:44:00,20042.0,20051.0,20041.0,20044.0,589
MTX,202505,2025-04-30 22:45:00,20042.0,20045.0,20033.0,20045.0,270
MTX,202505,2025-04-30 22:46:00,20044.0,20045.0,20036.0,20036.0,202
MTX,202505,2025-04-30 22:47:00,20037.0,20037.0,20026.0,20032.0,255
MTX,202505,2025-04-30 22:48:00,20031.0,20046.0,20028.0,20036.0,219
MTX,202505,2025-04-30 22:49:00,20032.0,20037.0,20028.0,20034.0,157
MTX,202505,2025-04-30 22:50:00,20033.0,20035.0,20017.0,20018.0,288
MTX,202505,2025-04-30 22:51:00,20018.0,20024.0,20013.0,20018.0,266
MTX,202505,2025-04-30 22:52:00,20018.0,20041.0,20018.0,20041.0,235
MTX,202505,2025-04-30 22:53:00,20040.0,20047.0,20037.0,20042.0,340
MTX,202505,2025-04-30 22:54:00,20044.0,20051.0,20038.0,20038.0,321
MTX,202505,2025-04-30 22:55:00,20038.0,20043.0,20034.0,20040.0,188
MTX,202505,2025-04-30 22:56:00,20039.0,20042.0,20031.0,20040.0,141
MTX,202505,2025-04-30 22:57:00,20041.0,20060.0,20040.0,20057.0,522
MTX,202505,2025-04-30 22:58:00,20056.0,20068.0,20054.0,20058.0,526
MTX,202505,2025-04-30 22:59:00,20057.0,20060.0,20043.0,20046.0,286
MTX,202505,2025-04-30 23:00:00,20047.0,20073.0,20046.0,20071.0,543
MTX,202505,2025-04-30 23:01:00,20072.0,20073.0,20064.0,20069.0,373
MTX,202505,2025-04-30 23:02:00,20069.0,20075.0,20065.0,20073.0,379
MTX,202505,2025-04-30 23:03:00,20072.0,20074.0,20064.0,20064.0,272
MTX,202505,2025-04-30 23:04:00,20063.0,20071.0,20062.0,20070.0,164
MTX,202505,2025-04-30 23:05:00,20070.0,20073.0,20062.0,20066.0,223
MTX,202505,2025-04-30 23:06:00,20066.0,20068.0,20061.0,20068.0,157
MTX,202505,2025-04-30 23:07:00,20067.0,20082.0,20067.0,20071.0,566
MTX,202505,2025-04-30 23:08:00,20071.0,20074.0,20068.0,20071.0,150
MTX,202505,2025-04-30 23:09:00,20072.0,20080.0,20072.0,20077.0,238
MTX,202505,2025-04-30 23:10:00,20076.0,20081.0,20071.0,20074.0,277
MTX,202505,2025-04-30 23:11:00,20074.0,20079.0,20071.0,20077.0,219
MTX,202505,2025-04-30 23:12:00,20076.0,20087.0,20075.0,20082.0,364
MTX,202505,2025-04-30 23:13:00,20084.0,20090.0,20080.0,20088.0,381
MTX,202505,2025-04-30 23:14:00,20089.0,20090.0,20078.0,20080.0,308
MTX,202505,2025-04-30 23:15:00,20079.0,20082.0,20073.0,20077.0,251
MTX,202505,2025-04-30 23:16:00,20079.0,20083.0,20077.0,20080.0,139
MTX,202505,2025-04-30 23:17:00,20082.0,20086.0,20080.0,20083.0,91
MTX,202505,2025-04-30 23:18:00,20083.0,20087.0,20082.0,20084.0,122
MTX,202505,2025-04-30 23:19:00,20086.0,20086.0,20078.0,20078.0,90
MTX,202505,2025-04-30 23:20:00,20077.0,20084.0,20075.0,20080.0,214
MTX,202505,2025-04-30 23:21:00,20080.0,20098.0,20080.0,20097.0,595
MTX,202505,2025-04-30 23:22:00,20096.0,20105.0,20096.0,20102.0,723
MTX,202505,2025-04-30 23:23:00,20104.0,20110.0,20097.0,20098.0,562
MTX,202505,2025-04-30 23:24:00,20098.0,20101.0,20085.0,20086.0,379
MTX,202505,2025-04-30 23:25:00,20086.0,20087.0,20072.0,20075.0,571
MTX,202505,2025-04-30 23:26:00,20076.0,20078.0,20070.0,20072.0,332
MTX,202505,2025-04-30 23:27:00,20072.0,20078.0,20070.0,20078.0,241
MTX,202505,2025-04-30 23:28:00,20078.0,20096.0,20077.0,20094.0,343
MTX,202505,2025-04-30 23:29:00,20094.0,20094.0,20082.0,20085.0,182
MTX,202505,2025-04-30 23:30:00,20086.0,20090.0,20078.0,20082.0,214
MTX,202505,2025-04-30 23:31:00,20083.0,20083.0,20072.0,20081.0,168
MTX,202505,2025-04-30 23:32:00,20080.0,20084.0,20078.0,20079.0,86
MTX,202505,2025-04-30 23:33:00,20080.0,20084.0,20077.0,20083.0,85
MTX,202505,2025-04-30 23:34:00,20082.0,20094.0,20078.0,20088.0,188
MTX,202505,2025-04-30 23:35:00,20088.0,20094.0,20076.0,20084.0,133
MTX,202505,2025-04-30 23:36:00,20083.0,20094.0,20081.0,20086.0,138
MTX,202505,2025-04-30 23:37:00,20090.0,20092.0,20080.0,20081.0,109
MTX,202505,2025-04-30 23:38:00,20080.0,20082.0,20072.0,20081.0,207
MTX,202505,2025-04-30 23:39:00,20079.0,20082.0,20078.0,20080.0,61
MTX,202505,2025-04-30 23:40:00,20080.0,20086.0,20077.0,20077.0,127
MTX,202505,2025-04-30 23:41:00,20076.0,20086.0,20073.0,20074.0,114
MTX,202505,2025-04-30 23:42:00,20072.0,20081.0,20070.0,20072.0,221
MTX,202505,2025-04-30 23:43:00,20070.0,20084.0,20066.0,20082.0,297
MTX,202505,2025-04-30 23:44:00,20082.0,20102.0,20078.0,20102.0,782
MTX,202505,2025-04-30 23:45:00,20101.0,20102.0,20090.0,20100.0,345
MTX,202505,2025-04-30 23:46:00,20100.0,20101.0,20088.0,20096.0,214
MTX,202505,2025-04-30 23:47:00,20097.0,20097.0,20087.0,20095.0,161
MTX,202505,2025-04-30 23:48:00,20095.0,20096.0,20086.0,20090.0,110
MTX,202505,2025-04-30 23:49:00,20091.0,20095.0,20090.0,20092.0,54
MTX,202505,2025-04-30 23:50:00,20091.0,20098.0,20091.0,20095.0,130
MTX,202505,2025-04-30 23:51:00,20094.0,20097.0,20083.0,20084.0,229
MTX,202505,2025-04-30 23:52:00,20085.0,20091.0,20082.0,20082.0,111
MTX,202505,2025-04-30 23:53:00,20082.0,20082.0,20068.0,20073.0,328
MTX,202505,2025-04-30 23:54:00,20072.0,20082.0,20069.0,20080.0,187
MTX,202505,2025-04-30 23:55:00,20080.0,20088.0,20074.0,20087.0,158
MTX,202505,2025-04-30 23:56:00,20088.0,20095.0,20087.0,20087.0,194
MTX,202505,2025-04-30 23:57:00,20090.0,20092.0,20073.0,20073.0,134
MTX,202505,2025-04-30 23:58:00,20074.0,20090.0,20070.0,20088.0,245
MTX,202505,2025-04-30 23:59:00,20089.0,20091.0,20081.0,20088.0,108
MTX,202505,2025-05-01 00:00:00,20086.0,20097.0,20086.0,20089.0,223
MTX,202505,2025-05-01 00:01:00,20088.0,20093.0,20082.0,20083.0,108
MTX,202505,2025-05-01 00:02:00,20081.0,20084.0,20076.0,20083.0,149
MTX,202505,2025-05-01 00:03:00,20083.0,20085.0,20080.0,20083.0,72
MTX,202505,2025-05-01 00:04:00,20084.0,20090.0,20083.0,20090.0,57
MTX,202505,2025-05-01 00:05:00,20090.0,20106.0,20089.0,20105.0,467
MTX,202505,2025-05-01 00:06:00,20105.0,20122.0,20103.0,20120.0,660
MTX,202505,2025-05-01 00:07:00,20121.0,20122.0,20108.0,20116.0,327
MTX,202505,2025-05-01 00:08:00,20115.0,20117.0,20108.0,20113.0,172
MTX,202505,2025-05-01 00:09:00,20113.0,20114.0,20107.0,20109.0,179
MTX,202505,2025-05-01 00:10:00,20108.0,20108.0,20089.0,20091.0,375
MTX,202505,2025-05-01 00:11:00,20092.0,20099.0,20089.0,20096.0,146
MTX,202505,2025-05-01 00:12:00,20097.0,20109.0,20092.0,20104.0,205
MTX,202505,2025-05-01 00:13:00,20105.0,20106.0,20092.0,20093.0,128
MTX,202505,2025-05-01 00:14:00,20093.0,20100.0,20092.0,20094.0,101
MTX,202505,2025-05-01 00:15:00,20094.0,20099.0,20086.0,20087.0,227
MTX,202505,2025-05-01 00:16:00,20088.0,20088.0,20076.0,20076.0,250
MTX,202505,2025-05-01 00:17:00,20076.0,20089.0,20076.0,20080.0,196
MTX,202505,2025-05-01 00:18:00,20081.0,20090.0,20080.0,20083.0,111
MTX,202505,2025-05-01 00:19:00,20082.0,20085.0,20076.0,20078.0,132
MTX,202505,2025-05-01 00:20:00,20079.0,20083.0,20077.0,20080.0,116
MTX,202505,2025-05-01 00:21:00,20079.0,20084.0,20075.0,20075.0,154
MTX,202505,2025-05-01 00:22:00,20075.0,20076.0,20061.0,20063.0,506
MTX,202505,2025-05-01 00:23:00,20064.0,20065.0,20058.0,20058.0,278
MTX,202505,2025-05-01 00:24:00,20059.0,20063.0,20056.0,20057.0,231
MTX,202505,2025-05-01 00:25:00,20058.0,20062.0,20052.0,20055.0,312
MTX,202505,2025-05-01 00:26:00,20055.0,20061.0,20046.0,20060.0,443
MTX,202505,2025-05-01 00:27:00,20061.0,20061.0,20051.0,20057.0,182
MTX,202505,2025-05-01 00:28:00,20056.0,20056.0,20048.0,20051.0,167
MTX,202505,2025-05-01 00:29:00,20051.0,20055.0,20049.0,20049.0,133
MTX,202505,2025-05-01 00:30:00,20049.0,20054.0,20045.0,20046.0,245
MTX,202505,2025-05-01 00:31:00,20047.0,20054.0,20043.0,20048.0,231
MTX,202505,2025-05-01 00:32:00,20049.0,20053.0,20044.0,20047.0,167
MTX,202505,2025-05-01 00:33:00,20048.0,20055.0,20045.0,20055.0,112
MTX,202505,2025-05-01 00:34:00,20055.0,20055.0,20047.0,20048.0,150
MTX,202505,2025-05-01 00:35:00,20048.0,20053.0,20047.0,20052.0,86
MTX,202505,2025-05-01 00:36:00,20052.0,20062.0,20044.0,20062.0,198
MTX,202505,2025-05-01 00:37:00,20061.0,20074.0,20060.0,20074.0,359
MTX,202505,2025-05-01 00:38:00,20073.0,20078.0,20068.0,20072.0,251
MTX,202505,2025-05-01 00:39:00,20074.0,20078.0,20070.0,20078.0,91
MTX,202505,2025-05-01 00:40:00,20077.0,20083.0,20075.0,20075.0,231
MTX,202505,2025-05-01 00:41:00,20076.0,20083.0,20076.0,20080.0,119
MTX,202505,2025-05-01 00:42:00,20080.0,20084.0,20079.0,20080.0,108
MTX,202505,2025-05-01 00:43:00,20082.0,20082.0,20072.0,20076.0,117
MTX,202505,2025-05-01 00:44:00,20077.0,20078.0,20072.0,20072.0,59
MTX,202505,2025-05-01 00:45:00,20073.0,20076.0,20067.0,20076.0,154
MTX,202505,2025-05-01 00:46:00,20074.0,20078.0,20071.0,20075.0,62
MTX,202505,2025-05-01 00:47:00,20075.0,20077.0,20067.0,20071.0,62
MTX,202505,2025-05-01 00:48:00,20070.0,20072.0,20063.0,20069.0,111
MTX,202505,2025-05-01 00:49:00,20068.0,20074.0,20067.0,20072.0,63
MTX,202505,2025-05-01 00:50:00,20072.0,20078.0,20069.0,20078.0,100
MTX,202505,2025-05-01 00:51:00,20077.0,20080.0,20070.0,20080.0,70
MTX,202505,2025-05-01 00:52:00,20080.0,20082.0,20075.0,20075.0,90
MTX,202505,2025-05-01 00:53:00,20075.0,20084.0,20075.0,20082.0,110
MTX,202505,2025-05-01 00:54:00,20081.0,20083.0,20079.0,20082.0,54
MTX,202505,2025-05-01 00:55:00,20082.0,20084.0,20081.0,20081.0,88
MTX,202505,2025-05-01 00:56:00,20083.0,20084.0,20081.0,20083.0,71
MTX,202505,2025-05-01 00:57:00,20082.0,20082.0,20068.0,20072.0,124
MTX,202505,2025-05-01 00:58:00,20073.0,20078.0,20070.0,20073.0,57
MTX,202505,2025-05-01 00:59:00,20072.0,20080.0,20068.0,20080.0,72
MTX,202505,2025-05-01 01:00:00,20080.0,20087.0,20077.0,20084.0,184
MTX,202505,2025-05-01 01:01:00,20085.0,20086.0,20082.0,20085.0,100
MTX,202505,2025-05-01 01:02:00,20085.0,20087.0,20082.0,20082.0,40
MTX,202505,2025-05-01 01:03:00,20084.0,20084.0,20076.0,20076.0,66
MTX,202505,2025-05-01 01:04:00,20077.0,20078.0,20072.0,20075.0,90
MTX,202505,2025-05-01 01:05:00,20075.0,20075.0,20062.0,20062.0,174
MTX,202505,2025-05-01 01:06:00,20063.0,20068.0,20057.0,20058.0,208
MTX,202505,2025-05-01 01:07:00,20057.0,20065.0,20056.0,20065.0,110
MTX,202505,2025-05-01 01:08:00,20064.0,20064.0,20050.0,20053.0,201
MTX,202505,2025-05-01 01:09:00,20053.0,20054.0,20051.0,20054.0,45
MTX,202505,2025-05-01 01:10:00,20053.0,20053.0,20031.0,20034.0,470
MTX,202505,2025-05-01 01:11:00,20032.0,20041.0,20030.0,20041.0,219
MTX,202505,2025-05-01 01:12:00,20040.0,20040.0,20025.0,20028.0,300
MTX,202505,2025-05-01 01:13:00,20026.0,20027.0,20020.0,20025.0,246
MTX,202505,2025-05-01 01:14:00,20025.0,20037.0,20022.0,20035.0,194
MTX,202505,2025-05-01 01:15:00,20035.0,20045.0,20034.0,20044.0,225
MTX,202505,2025-05-01 01:16:00,20044.0,20046.0,20033.0,20035.0,168
MTX,202505,2025-05-01 01:17:00,20035.0,20045.0,20034.0,20045.0,78
MTX,202505,2025-05-01 01:18:00,20043.0,20050.0,20043.0,20050.0,128
MTX,202505,2025-05-01 01:19:00,20049.0,20057.0,20048.0,20050.0,183
MTX,202505,2025-05-01 01:20:00,20051.0,20056.0,20049.0,20054.0,98
MTX,202505,2025-05-01 01:21:00,20053.0,20058.0,20053.0,20058.0,57
MTX,202505,2025-05-01 01:22:00,20057.0,20059.0,20054.0,20056.0,72
MTX,202505,2025-05-01 01:23:00,20058.0,20063.0,20057.0,20062.0,88
MTX,202505,2025-05-01 01:24:00,20061.0,20065.0,20060.0,20062.0,77
MTX,202505,2025-05-01 01:25:00,20063.0,20068.0,20062.0,20068.0,72
MTX,202505,2025-05-01 01:26:00,20069.0,20083.0,20069.0,20082.0,295
MTX,202505,2025-05-01 01:27:00,20083.0,20084.0,20077.0,20083.0,187
MTX,202505,2025-05-01 01:28:00,20084.0,20091.0,20080.0,20091.0,227
MTX,202505,2025-05-01 01:29:00,20090.0,20093.0,20089.0,20092.0,149
MTX,202505,2025-05-01 01:30:00,20090.0,20093.0,20085.0,20085.0,178
MTX,202505,2025-05-01 01:31:00,20086.0,20092.0,20085.0,20091.0,89
MTX,202505,2025-05-01 01:32:00,20091.0,20096.0,20089.0,20094.0,124
MTX,202505,2025-05-01 01:33:00,20093.0,20094.0,20087.0,20088.0,88
MTX,202505,2025-05-01 01:34:00,20089.0,20104.0,20088.0,20103.0,199
MTX,202505,2025-05-01 01:35:00,20102.0,20111.0,20101.0,20111.0,334
MTX,202505,2025-05-01 01:36:00,20110.0,20115.0,20109.0,20113.0,167
MTX,202505,2025-05-01 01:37:00,20113.0,20118.0,20113.0,20114.0,192
MTX,202505,2025-05-01 01:38:00,20114.0,20126.0,20114.0,20126.0,344
MTX,202505,2025-05-01 01:39:00,20123.0,20125.0,20109.0,20109.0,215
MTX,202505,2025-05-01 01:40:00,20109.0,20111.0,20105.0,20108.0,164
MTX,202505,2025-05-01 01:41:00,20110.0,20120.0,20110.0,20115.0,109
MTX,202505,2025-05-01 01:42:00,20115.0,20122.0,20113.0,20121.0,89
MTX,202505,2025-05-01 01:43:00,20121.0,20134.0,20118.0,20131.0,339
MTX,202505,2025-05-01 01:44:00,20131.0,20144.0,20128.0,20142.0,407
MTX,202505,2025-05-01 01:45:00,20142.0,20145.0,20130.0,20138.0,325
MTX,202505,2025-05-01 01:46:00,20138.0,20141.0,20133.0,20133.0,124
MTX,202505,2025-05-01 01:47:00,20133.0,20141.0,20133.0,20138.0,114
MTX,202505,2025-05-01 01:48:00,20138.0,20138.0,20132.0,20135.0,85
MTX,202505,2025-05-01 01:49:00,20135.0,20140.0,20134.0,20138.0,78
MTX,202505,2025-05-01 01:50:00,20138.0,20145.0,20137.0,20144.0,142
MTX,202505,2025-05-01 01:51:00,20142.0,20144.0,20141.0,20144.0,92
MTX,202505,2025-05-01 01:52:00,20142.0,20143.0,20140.0,20143.0,49
MTX,202505,2025-05-01 01:53:00,20142.0,20143.0,20137.0,20140.0,89
MTX,202505,2025-05-01 01:54:00,20140.0,20146.0,20138.0,20145.0,118
MTX,202505,2025-05-01 01:55:00,20145.0,20163.0,20145.0,20155.0,671
MTX,202505,2025-05-01 01:56:00,20155.0,20158.0,20144.0,20145.0,225
MTX,202505,2025-05-01 01:57:00,20144.0,20156.0,20143.0,20155.0,192
MTX,202505,2025-05-01 01:58:00,20156.0,20158.0,20153.0,20154.0,80
MTX,202505,2025-05-01 01:59:00,20155.0,20155.0,20146.0,20147.0,104
MTX,202505,2025-05-01 02:00:00,20146.0,20153.0,20136.0,20140.0,380
MTX,202505,2025-05-01 02:01:00,20140.0,20140.0,20130.0,20131.0,151
MTX,202505,2025-05-01 02:02:00,20130.0,20139.0,20129.0,20139.0,144
MTX,202505,2025-05-01 02:03:00,20139.0,20146.0,20136.0,20140.0,117
MTX,202505,2025-05-01 02:04:00,20140.0,20144.0,20134.0,20142.0,66
MTX,202505,2025-05-01 02:05:00,20143.0,20145.0,20138.0,20139.0,38
MTX,202505,2025-05-01 02:06:00,20140.0,20141.0,20132.0,20136.0,81
MTX,202505,2025-05-01 02:07:00,20137.0,20218.0,20137.0,20177.0,2386
MTX,202505,2025-05-01 02:08:00,20175.0,20181.0,20164.0,20175.0,369
MTX,202505,2025-05-01 02:09:00,20174.0,20188.0,20161.0,20170.0,302
MTX,202505,2025-05-01 02:10:00,20170.0,20188.0,20166.0,20187.0,269
MTX,202505,2025-05-01 02:11:00,20189.0,20206.0,20187.0,20204.0,376
MTX,202505,2025-05-01 02:12:00,20202.0,20214.0,20197.0,20202.0,381
MTX,202505,2025-05-01 02:13:00,20202.0,20206.0,20188.0,20190.0,187
MTX,202505,2025-05-01 02:14:00,20189.0,20199.0,20183.0,20196.0,170
MTX,202505,2025-05-01 02:15:00,20195.0,20210.0,20189.0,20208.0,223
MTX,202505,2025-05-01 02:16:00,20208.0,20213.0,20203.0,20205.0,222
MTX,202505,2025-05-01 02:17:00,20203.0,20215.0,20202.0,20206.0,190
MTX,202505,2025-05-01 02:18:00,20206.0,20212.0,20206.0,20207.0,88
MTX,202505,2025-05-01 02:19:00,20205.0,20208.0,20197.0,20207.0,149
MTX,202505,2025-05-01 02:20:00,20206.0,20218.0,20205.0,20208.0,185
MTX,202505,2025-05-01 02:21:00,20208.0,20210.0,20193.0,20201.0,174
MTX,202505,2025-05-01 02:22:00,20198.0,20207.0,20192.0,20201.0,111
MTX,202505,2025-05-01 02:23:00,20199.0,20201.0,20197.0,20201.0,58
MTX,202505,2025-05-01 02:24:00,20201.0,20203.0,20199.0,20202.0,46
MTX,202505,2025-05-01 02:25:00,20201.0,20201.0,20189.0,20194.0,139
MTX,202505,2025-05-01 02:26:00,20195.0,20203.0,20192.0,20203.0,78
MTX,202505,2025-05-01 02:27:00,20202.0,20205.0,20193.0,20196.0,93
MTX,202505,2025-05-01 02:28:00,20196.0,20196.0,20182.0,20184.0,179
MTX,202505,2025-05-01 02:29:00,20183.0,20188.0,20154.0,20171.0,701
MTX,202505,2025-05-01 02:30:00,20170.0,20172.0,20158.0,20163.0,201
MTX,202505,2025-05-01 02:31:00,20165.0,20173.0,20156.0,20172.0,148
MTX,202505,2025-05-01 02:32:00,20172.0,20181.0,20171.0,20179.0,145
MTX,202505,2025-05-01 02:33:00,20178.0,20181.0,20171.0,20175.0,77
MTX,202505,2025-05-01 02:34:00,20176.0,20178.0,20171.0,20172.0,85
MTX,202505,2025-05-01 02:35:00,20171.0,20171.0,20154.0,20158.0,183
MTX,202505,2025-05-01 02:36:00,20157.0,20159.0,20146.0,20151.0,176
MTX,202505,2025-05-01 02:37:00,20150.0,20154.0,20143.0,20154.0,140
MTX,202505,2025-05-01 02:38:00,20155.0,20157.0,20138.0,20142.0,195
MTX,202505,2025-05-01 02:39:00,20141.0,20147.0,20141.0,20142.0,86
MTX,202505,2025-05-01 02:40:00,20141.0,20151.0,20139.0,20148.0,153
MTX,202505,2025-05-01 02:41:00,20148.0,20148.0,20139.0,20144.0,98
MTX,202505,2025-05-01 02:42:00,20142.0,20155.0,20140.0,20155.0,107
MTX,202505,2025-05-01 02:43:00,20154.0,20159.0,20149.0,20153.0,89
MTX,202505,2025-05-01 02:44:00,20154.0,20158.0,20148.0,20149.0,86
MTX,202505,2025-05-01 02:45:00,20150.0,20166.0,20147.0,20164.0,121
MTX,202505,2025-05-01 02:46:00,20163.0,20169.0,20157.0,20166.0,132
MTX,202505,2025-05-01 02:47:00,20168.0,20175.0,20166.0,20171.0,141
MTX,202505,2025-05-01 02:48:00,20170.0,20175.0,20168.0,20172.0,73
MTX,202505,2025-05-01 02:49:00,20173.0,20185.0,20171.0,20180.0,139
MTX,202505,2025-05-01 02:50:00,20181.0,20189.0,20180.0,20187.0,207
MTX,202505,2025-05-01 02:51:00,20187.0,20189.0,20177.0,20181.0,109
MTX,202505,2025-05-01 02:52:00,20180.0,20182.0,20175.0,20181.0,98
MTX,202505,2025-05-01 02:53:00,20177.0,20180.0,20172.0,20177.0,69
MTX,202505,2025-05-01 02:54:00,20178.0,20178.0,20174.0,20174.0,32
MTX,202505,2025-05-01 02:55:00,20174.0,20186.0,20174.0,20184.0,77
MTX,202505,2025-05-01 02:56:00,20182.0,20182.0,20171.0,20174.0,76
MTX,202505,2025-05-01 02:57:00,20172.0,20173.0,20167.0,20169.0,103
MTX,202505,2025-05-01 02:58:00,20170.0,20170.0,20164.0,20164.0,57
MTX,202505,2025-05-01 02:59:00,20164.0,20168.0,20164.0,20165.0,47
MTX,202505,2025-05-01 03:00:00,20167.0,20178.0,20167.0,20176.0,103
MTX,202505,2025-05-01 03:01:00,20178.0,20182.0,20176.0,20176.0,64
MTX,202505,2025-05-01 03:02:00,20176.0,20177.0,20170.0,20177.0,54
MTX,202505,2025-05-01 03:03:00,20179.0,20183.0,20172.0,20179.0,66
MTX,202505,2025-05-01 03:04:00,20179.0,20181.0,20177.0,20179.0,39
MTX,202505,2025-05-01 03:05:00,20179.0,20183.0,20177.0,20180.0,48
MTX,202505,2025-05-01 03:06:00,20179.0,20180.0,20175.0,20180.0,35
MTX,202505,2025-05-01 03:07:00,20179.0,20181.0,20172.0,20173.0,27
MTX,202505,2025-05-01 03:08:00,20173.0,20178.0,20171.0,20177.0,37
MTX,202505,2025-05-01 03:09:00,20178.0,20178.0,20173.0,20175.0,21
MTX,202505,2025-05-01 03:10:00,20172.0,20175.0,20170.0,20172.0,58
MTX,202505,2025-05-01 03:11:00,20173.0,20182.0,20173.0,20182.0,66
MTX,202505,2025-05-01 03:12:00,20182.0,20187.0,20182.0,20183.0,106
MTX,202505,2025-05-01 03:13:00,20183.0,20186.0,20182.0,20184.0,34
MTX,202505,2025-05-01 03:14:00,20184.0,20187.0,20182.0,20185.0,31
MTX,202505,2025-05-01 03:15:00,20184.0,20187.0,20177.0,20177.0,43
MTX,202505,2025-05-01 03:16:00,20180.0,20183.0,20178.0,20178.0,30
MTX,202505,2025-05-01 03:17:00,20178.0,20178.0,20173.0,20173.0,54
MTX,202505,2025-05-01 03:18:00,20172.0,20179.0,20172.0,20179.0,43
MTX,202505,2025-05-01 03:19:00,20179.0,20179.0,20168.0,20170.0,57
MTX,202505,2025-05-01 03:20:00,20170.0,20174.0,20165.0,20174.0,69
MTX,202505,2025-05-01 03:21:00,20174.0,20177.0,20172.0,20176.0,31
MTX,202505,2025-05-01 03:22:00,20177.0,20181.0,20168.0,20168.0,50
MTX,202505,2025-05-01 03:23:00,20170.0,20170.0,20163.0,20167.0,59
MTX,202505,2025-05-01 03:24:00,20166.0,20167.0,20163.0,20165.0,27
MTX,202505,2025-05-01 03:25:00,20165.0,20165.0,20150.0,20150.0,114
MTX,202505,2025-05-01 03:26:00,20150.0,20152.0,20145.0,20145.0,74
MTX,202505,2025-05-01 03:27:00,20146.0,20154.0,20143.0,20153.0,68
MTX,202505,2025-05-01 03:28:00,20153.0,20161.0,20150.0,20160.0,70
MTX,202505,2025-05-01 03:29:00,20160.0,20164.0,20151.0,20151.0,69
MTX,202505,2025-05-01 03:30:00,20151.0,20153.0,20146.0,20152.0,73
MTX,202505,2025-05-01 03:31:00,20151.0,20153.0,20147.0,20150.0,38
MTX,202505,2025-05-01 03:32:00,20149.0,20155.0,20149.0,20153.0,44
MTX,202505,2025-05-01 03:33:00,20153.0,20156.0,20148.0,20151.0,27
MTX,202505,2025-05-01 03:34:00,20151.0,20152.0,20144.0,20151.0,94
MTX,202505,2025-05-01 03:35:00,20151.0,20154.0,20148.0,20150.0,17
MTX,202505,2025-05-01 03:36:00,20150.0,20153.0,20146.0,20153.0,21
MTX,202505,2025-05-01 03:37:00,20152.0,20167.0,20152.0,20167.0,70
MTX,202505,2025-05-01 03:38:00,20167.0,20172.0,20166.0,20169.0,66
MTX,202505,2025-05-01 03:39:00,20169.0,20170.0,20155.0,20158.0,57
MTX,202505,2025-05-01 03:40:00,20156.0,20165.0,20156.0,20162.0,25
MTX,202505,2025-05-01 03:41:00,20162.0,20169.0,20157.0,20169.0,62
MTX,202505,2025-05-01 03:42:00,20170.0,20175.0,20169.0,20175.0,70
MTX,202505,2025-05-01 03:43:00,20175.0,20177.0,20173.0,20177.0,48
MTX,202505,2025-05-01 03:44:00,20178.0,20181.0,20176.0,20178.0,65
MTX,202505,2025-05-01 03:45:00,20180.0,20188.0,20179.0,20182.0,119
MTX,202505,2025-05-01 03:46:00,20186.0,20192.0,20185.0,20190.0,95
MTX,202505,2025-05-01 03:47:00,20189.0,20197.0,20189.0,20195.0,105
MTX,202505,2025-05-01 03:48:00,20195.0,20202.0,20195.0,20202.0,127
MTX,202505,2025-05-01 03:49:00,20202.0,20203.0,20199.0,20199.0,96
MTX,202505,2025-05-01 03:50:00,20199.0,20238.0,20198.0,20238.0,937
MTX,202505,2025-05-01 03:51:00,20236.0,20243.0,20229.0,20241.0,296
MTX,202505,2025-05-01 03:52:00,20242.0,20247.0,20239.0,20244.0,227
MTX,202505,2025-05-01 03:53:00,20246.0,20252.0,20234.0,20234.0,358
MTX,202505,2025-05-01 03:54:00,20235.0,20242.0,20228.0,20241.0,165
MTX,202505,2025-05-01 03:55:00,20240.0,20253.0,20233.0,20251.0,246
MTX,202505,2025-05-01 03:56:00,20252.0,20281.0,20252.0,20257.0,1070
MTX,202505,2025-05-01 03:57:00,20258.0,20265.0,20254.0,20255.0,171
MTX,202505,2025-05-01 03:58:00,20258.0,20262.0,20252.0,20256.0,100
MTX,202505,2025-05-01 03:59:00,20260.0,20262.0,20227.0,20233.0,220
MTX,202505,2025-05-01 04:00:00,20233.0,20241.0,20200.0,20223.0,1033
MTX,202505,2025-05-01 04:01:00,20223.0,20270.0,20219.0,20258.0,619
MTX,202505,2025-05-01 04:02:00,20254.0,20262.0,20245.0,20247.0,124
MTX,202505,2025-05-01 04:03:00,20247.0,20250.0,20233.0,20244.0,174
MTX,202505,2025-05-01 04:04:00,20246.0,20252.0,20243.0,20245.0,89
MTX,202505,2025-05-01 04:05:00,20246.0,20275.0,20246.0,20274.0,344
MTX,202505,2025-05-01 04:06:00,20274.0,20294.0,20272.0,20281.0,491
MTX,202505,2025-05-01 04:07:00,20284.0,20287.0,20271.0,20279.0,161
MTX,202505,2025-05-01 04:08:00,20280.0,20293.0,20279.0,20290.0,120
MTX,202505,2025-05-01 04:09:00,20289.0,20298.0,20277.0,20278.0,253
MTX,202505,2025-05-01 04:10:00,20278.0,20294.0,20276.0,20287.0,118
MTX,202505,2025-05-01 04:11:00,20288.0,20291.0,20286.0,20291.0,69
MTX,202505,2025-05-01 04:12:00,20292.0,20308.0,20291.0,20301.0,402
MTX,202505,2025-05-01 04:13:00,20302.0,20310.0,20299.0,20310.0,148
MTX,202505,2025-05-01 04:14:00,20309.0,20313.0,20292.0,20297.0,172
MTX,202505,2025-05-01 04:15:00,20298.0,20305.0,20297.0,20303.0,115
MTX,202505,2025-05-01 04:16:00,20303.0,20303.0,20294.0,20294.0,64
MTX,202505,2025-05-01 04:17:00,20296.0,20299.0,20290.0,20291.0,91
MTX,202505,2025-05-01 04:18:00,20291.0,20296.0,20290.0,20296.0,56
MTX,202505,2025-05-01 04:19:00,20296.0,20315.0,20296.0,20314.0,140
MTX,202505,2025-05-01 04:20:00,20313.0,20316.0,20302.0,20316.0,142
MTX,202505,2025-05-01 04:21:00,20315.0,20326.0,20314.0,20321.0,221
MTX,202505,2025-05-01 04:22:00,20323.0,20334.0,20315.0,20334.0,184
MTX,202505,2025-05-01 04:23:00,20335.0,20336.0,20325.0,20330.0,112
MTX,202505,2025-05-01 04:24:00,20329.0,20342.0,20325.0,20340.0,259
MTX,202505,2025-05-01 04:25:00,20341.0,20344.0,20330.0,20335.0,277
MTX,202505,2025-05-01 04:26:00,20335.0,20339.0,20329.0,20329.0,142
MTX,202505,2025-05-01 04:27:00,20329.0,20335.0,20328.0,20330.0,69
MTX,202505,2025-05-01 04:28:00,20330.0,20340.0,20330.0,20340.0,55
MTX,202505,2025-05-01 04:29:00,20340.0,20343.0,20338.0,20338.0,62
MTX,202505,2025-05-01 04:30:00,20339.0,20344.0,20332.0,20334.0,209
MTX,202505,2025-05-01 04:31:00,20334.0,20342.0,20332.0,20340.0,64
MTX,202505,2025-05-01 04:32:00,20340.0,20349.0,20336.0,20347.0,103
MTX,202505,2025-05-01 04:33:00,20346.0,20353.0,20345.0,20347.0,244
MTX,202505,2025-05-01 04:34:00,20347.0,20351.0,20346.0,20347.0,64
MTX,202505,2025-05-01 04:35:00,20347.0,20349.0,20340.0,20349.0,113
MTX,202505,2025-05-01 04:36:00,20348.0,20356.0,20348.0,20350.0,152
MTX,202505,2025-05-01 04:37:00,20351.0,20351.0,20344.0,20348.0,78
MTX,202505,2025-05-01 04:38:00,20350.0,20354.0,20347.0,20354.0,50
MTX,202505,2025-05-01 04:39:00,20351.0,20362.0,20351.0,20360.0,144
MTX,202505,2025-05-01 04:40:00,20361.0,20364.0,20355.0,20359.0,187
MTX,202505,2025-05-01 04:41:00,20359.0,20359.0,20353.0,20355.0,59
MTX,202505,2025-05-01 04:42:00,20354.0,20360.0,20353.0,20359.0,46
MTX,202505,2025-05-01 04:43:00,20358.0,20360.0,20352.0,20356.0,65
MTX,202505,2025-05-01 04:44:00,20357.0,20358.0,20354.0,20356.0,54
MTX,202505,2025-05-01 04:45:00,20356.0,20356.0,20344.0,20346.0,205
MTX,202505,2025-05-01 04:46:00,20344.0,20356.0,20344.0,20350.0,110
MTX,202505,2025-05-01 04:47:00,20353.0,20354.0,20348.0,20353.0,57
MTX,202505,2025-05-01 04:48:00,20353.0,20355.0,20348.0,20350.0,87
MTX,202505,2025-05-01 04:49:00,20349.0,20360.0,20347.0,20359.0,103
MTX,202505,2025-05-01 04:50:00,20356.0,20362.0,20354.0,20360.0,133
MTX,202505,2025-05-01 04:51:00,20360.0,20379.0,20359.0,20377.0,263
MTX,202505,2025-05-01 04:52:00,20379.0,20395.0,20377.0,20395.0,297
MTX,202505,2025-05-01 04:53:00,20394.0,20400.0,20391.0,20398.0,179
MTX,202505,2025-05-01 04:54:00,20398.0,20410.0,20394.0,20410.0,197
MTX,202505,2025-05-01 04:55:00,20406.0,20406.0,20356.0,20395.0,461
MTX,202505,2025-05-01 04:56:00,20394.0,20410.0,20391.0,20405.0,142
MTX,202505,2025-05-01 04:57:00,20408.0,20415.0,20400.0,20405.0,107
MTX,202505,2025-05-01 04:58:00,20405.0,20413.0,20402.0,20410.0,140
MTX,202505,2025-05-01 04:59:00,20410.0,20433.0,20403.0,20415.0,275
MTX,202505/202506,2025-04-30 18:41:00,-82.0,-82.0,-82.0,-82.0,2
MTX,202505/202507,2025-04-30 15:57:00,-318.0,-318.0,-318.0,-318.0,2
MTX,202505/202507,2025-04-30 18:39:00,-322.0,-322.0,-322.0,-322.0,2
MTX,202505W1,2025-04-30 15:02:00,20219.0,20219.0,20219.0,20219.0,1
MTX,202505W1,2025-04-30 15:21:00,20232.0,20232.0,20232.0,20232.0,1
MTX,202505W1,2025-04-30 16:06:00,20237.0,20237.0,20237.0,20237.0,1
MTX,202505W1,2025-04-30 18:39:00,20244.0,20244.0,20244.0,20244.0,1
MTX,202505W1,2025-04-30 18:41:00,20248.0,20248.0,20248.0,20248.0,2
MTX,202505W1,2025-04-30 18:45:00,20237.0,20237.0,20236.0,20236.0,2
MTX,202505W1,2025-04-30 18:48:00,20241.0,20241.0,20241.0,20241.0,1
MTX,202505W1,2025-04-30 18:50:00,20238.0,20239.0,20238.0,20239.0,2
MTX,202505W1,2025-04-30 19:01:00,20245.0,20245.0,20245.0,20245.0,1
MTX,202505W1,2025-04-30 19:50:00,20225.0,20225.0,20222.0,20222.0,4
MTX,202505W1,2025-04-30 20:16:00,20207.0,20207.0,20207.0,20207.0,1
MTX,202505W1,2025-04-30 20:21:00,20190.0,20190.0,20190.0,20190.0,1
MTX,202505W1,2025-04-30 20:26:00,20188.0,20188.0,20188.0,20188.0,1
MTX,202505W1,2025-04-30 20:27:00,20186.0,20186.0,20186.0,20186.0,2
MTX,202505W1,2025-04-30 20:39:00,20141.0,20141.0,20141.0,20141.0,2
MTX,202505W1,2025-04-30 20:41:00,20122.0,20122.0,20122.0,20122.0,2
MTX,202505W1,2025-04-30 21:08:00,20033.0,20033.0,20033.0,20033.0,1
MTX,202505W1,2025-04-30 21:34:00,20055.0,20055.0,20055.0,20055.0,1
MTX,202505W1,2025-04-30 21:39:00,20000.0,20000.0,20000.0,20000.0,1
MTX,202505W1,2025-04-30 21:56:00,19970.0,19970.0,19970.0,19970.0,1
MTX,202505W1,2025-04-30 22:00:00,20000.0,20000.0,20000.0,20000.0,1
MTX,202505W1,2025-04-30 22:09:00,20040.0,20045.0,20040.0,20045.0,5
MTX,202505W1,2025-04-30 22:17:00,20035.0,20035.0,20035.0,20035.0,1
MTX,202505W1,2025-04-30 22:24:00,20050.0,20050.0,20050.0,20050.0,4
MTX,202505W1,2025-04-30 22:58:00,20088.0,20088.0,20088.0,20088.0,1
MTX,202505W1,2025-04-30 23:00:00,20100.0,20100.0,20100.0,20100.0,1
MTX,202505W1,2025-04-30 23:35:00,20108.0,20108.0,20108.0,20108.0,1
MTX,202505W1,2025-04-30 23:43:00,20107.0,20107.0,20107.0,20107.0,1
MTX,202505W1,2025-04-30 23:53:00,20105.0,20105.0,20105.0,20105.0,1
MTX,202505W1,2025-04-30 23:57:00,20100.0,20100.0,20100.0,20100.0,1
MTX,202505W1,2025-05-01 00:00:00,20122.0,20122.0,20122.0,20122.0,1
MTX,202505W1,2025-05-01 00:06:00,20137.0,20137.0,20137.0,20137.0,1
MTX,202505W1,2025-05-01 00:10:00,20121.0,20121.0,20120.0,20120.0,7
MTX,202505W1,2025-05-01 01:15:00,20066.0,20066.0,20066.0,20066.0,1
MTX,202505W1,2025-05-01 01:35:00,20129.0,20133.0,20129.0,20133.0,3
MTX,202505W1,2025-05-01 01:37:00,20142.0,20142.0,20142.0,20142.0,1
MTX,202505W1,2025-05-01 01:44:00,20161.0,20163.0,20161.0,20163.0,2
MTX,202505W1,2025-05-01 01:45:00,20166.0,20166.0,20164.0,20164.0,2
MTX,202505W1,2025-05-01 01:55:00,20175.0,20183.0,20175.0,20183.0,3
MTX,202505W1,2025-05-01 02:07:00,20187.0,20208.0,20187.0,20208.0,6
MTX,202505W1,2025-05-01 02:28:00,20211.0,20211.0,20210.0,20210.0,2
MTX,202505W1,2025-05-01 02:29:00,20208.0,20208.0,20184.0,20187.0,4
MTX,202505W1,2025-05-01 02:35:00,20187.0,20187.0,20185.0,20185.0,2
MTX,202505W1,2025-05-01 02:37:00,20172.0,20172.0,20172.0,20172.0,2
MTX,202505W1,2025-05-01 02:43:00,20178.0,20178.0,20178.0,20178.0,1
MTX,202505W1,2025-05-01 02:50:00,20209.0,20209.0,20209.0,20209.0,1
MTX,202505W1,2025-05-01 03:25:00,20179.0,20179.0,20179.0,20179.0,1
MTX,202505W1,2025-05-01 03:26:00,20176.0,20176.0,20176.0,20176.0,1
MTX,202505W1,2025-05-01 03:50:00,20231.0,20258.0,20231.0,20258.0,11
MTX,202505W1,2025-05-01 03:52:00,20265.0,20265.0,20265.0,20265.0,1
MTX,202505W1,2025-05-01 03:56:00,20294.0,20294.0,20294.0,20294.0,2
MTX,202505W1,2025-05-01 04:00:00,20228.0,20231.0,20228.0,20231.0,2
MTX,202505W1,2025-05-01 04:01:00,20268.0,20280.0,20268.0,20280.0,2
MTX,202505W1,2025-05-01 04:05:00,20283.0,20287.0,20283.0,20287.0,2
MTX,202505W1,2025-05-01 04:48:00,20371.0,20371.0,20371.0,20371.0,1
MTX,202505W1,2025-05-01 04:52:00,20398.0,20400.0,20398.0,20400.0,2
MTX,202505W1,2025-05-01 04:55:00,20400.0,20400.0,20384.0,20384.0,4
MTX,202505W1,2025-05-01 04:56:00,20418.0,20419.0,20418.0,20419.0,2
MTX,202505W1,2025-05-01 04:57:00,20417.0,20417.0,20417.0,20417.0,1
MTX,202505W1/202505,2025-04-30 15:56:00,-30.0,-30.0,-30.0,-30.0,2
MTX,202505W1/202505,2025-04-30 16:19:00,-30.0,-30.0,-30.0,-30.0,4
MTX,202505W1/202505,2025-04-30 17:01:00,-31.0,-31.0,-31.0,-31.0,2
MTX,202505W1/202505,2025-04-30 19:01:00,-29.0,-28.0,-29.0,-28.0,28
MTX,202505W1/202505,2025-04-30 21:38:00,-26.0,-26.0,-26.0,-26.0,4
MTX,202505W1/202505,2025-04-30 21:41:00,-29.0,-29.0,-29.0,-29.0,4
MTX,202505W1/202505,2025-04-30 22:31:00,-27.0,-27.0,-27.0,-27.0,2
MTX,202505W1/202505,2025-04-30 23:01:00,-27.0,-27.0,-27.0,-27.0,10
MTX,202505W1/202505,2025-05-01 00:04:00,-26.0,-26.0,-26.0,-26.0,4
MTX,202505W1/202505,2025-05-01 01:37:00,-25.0,-25.0,-25.0,-25.0,2
MTX,202505W1/202505,2025-05-01 01:39:00,-25.0,-25.0,-25.0,-25.0,14
MTX,202505W1/202505,2025-05-01 01:57:00,-24.0,-24.0,-24.0,-24.0,4
MTX,202505W1/202505,2025-05-01 02:00:00,-27.0,-27.0,-27.0,-27.0,2
MTX,202505W1/202505,2025-05-01 02:07:00,-23.0,-23.0,-23.0,-23.0,8
MTX,202505W1/202505,2025-05-01 02:08:00,-23.0,-23.0,-23.0,-23.0,4
MTX,202505W1/202505,2025-05-01 02:09:00,-23.0,-23.0,-23.0,-23.0,2
MTX,202505W1/202505,2025-05-01 02:10:00,-23.0,-23.0,-23.0,-23.0,2
MTX,202505W1/202505,2025-05-01 02:20:00,-23.0,-23.0,-23.0,-23.0,26
MTX,202505W1/202505,2025-05-01 04:06:00,-22.0,-22.0,-22.0,-22.0,18
MTX,202505W1/202505,2025-05-01 04:07:00,-21.0,-21.0,-21.0,-21.0,24
MTX,202505W1/202505,2025-05-01 04:11:00,-20.0,-20.0,-20.0,-20.0,26
MTX,202505W1/202505,2025-05-01 04:13:00,-19.0,-17.0,-19.0,-17.0,78
MTX,202505W1/202505,2025-05-01 04:14:00,-16.0,-15.0,-16.0,-15.0,52
MTX,202505W1/202505,2025-05-01 04:26:00,-17.0,-17.0,-17.0,-17.0,4
MTX,202505W1/202505,2025-05-01 04:40:00,-17.0,-15.0,-17.0,-15.0,102
MTX,202505W1/202505,2025-05-01 04:58:00,-17.0,-17.0,-17.0,-17.0,2
MTX,202505W2,2025-04-30 21:07:00,20025.0,20025.0,20025.0,20025.0,1
MTX,202505W2,2025-05-01 03:51:00,20261.0,20261.0,20261.0,20261.0,1
MTX,202505W2,2025-05-01 03:56:00,20297.0,20297.0,20297.0,20297.0,1
MTX,202505W2/202505,2025-05-01 04:41:00,-20.0,-19.0,-20.0,-19.0,12
MTX,202506,2025-04-30 15:00:00,20094.0,20108.0,20094.0,20096.0,21
MTX,202506,2025-04-30 15:01:00,20097.0,20109.0,20097.0,20109.0,15
MTX,202506,2025-04-30 15:02:00,20106.0,20107.0,20103.0,20105.0,16
MTX,202506,2025-04-30 15:03:00,20102.0,20102.0,20100.0,20100.0,8
MTX,202506,2025-04-30 15:04:00,20100.0,20102.0,20100.0,20102.0,3
MTX,202506,2025-04-30 15:05:00,20099.0,20099.0,20092.0,20095.0,3
MTX,202506,2025-04-30 15:06:00,20093.0,20102.0,20093.0,20102.0,9
MTX,202506,2025-04-30 15:07:00,20101.0,20101.0,20101.0,20101.0,1
MTX,202506,2025-04-30 15:08:00,20108.0,20108.0,20107.0,20107.0,3
MTX,202506,2025-04-30 15:09:00,20109.0,20110.0,20105.0,20105.0,17
MTX,202506,2025-04-30 15:10:00,20106.0,20107.0,20106.0,20107.0,4
MTX,202506,2025-04-30 15:11:00,20108.0,20108.0,20101.0,20102.0,6
MTX,202506,2025-04-30 15:12:00,20100.0,20100.0,20099.0,20099.0,4
MTX,202506,2025-04-30 15:13:00,20100.0,20104.0,20100.0,20104.0,13
MTX,202506,2025-04-30 15:14:00,20107.0,20110.0,20107.0,20110.0,7
MTX,202506,2025-04-30 15:15:00,20107.0,20107.0,20103.0,20103.0,3
MTX,202506,2025-04-30 15:16:00,20104.0,20104.0,20104.0,20104.0,1
MTX,202506,2025-04-30 15:17:00,20109.0,20110.0,20109.0,20110.0,3
MTX,202506,2025-04-30 15:18:00,20110.0,20115.0,20110.0,20115.0,8
MTX,202506,2025-04-30 15:19:00,20112.0,20120.0,20112.0,20120.0,12
MTX,202506,2025-04-30 15:20:00,20120.0,20126.0,20115.0,20116.0,12
MTX,202506,2025-04-30 15:21:00,20119.0,20120.0,20110.0,20110.0,13
MTX,202506,2025-04-30 15:22:00,20113.0,20116.0,20113.0,20116.0,7
MTX,202506,2025-04-30 15:23:00,20116.0,20119.0,20116.0,20119.0,3
MTX,202506,2025-04-30 15:24:00,20120.0,20128.0,20118.0,20125.0,13
MTX,202506,2025-04-30 15:25:00,20124.0,20124.0,20124.0,20124.0,2
MTX,202506,2025-04-30 15:26:00,20124.0,20125.0,20121.0,20125.0,4
MTX,202506,2025-04-30 15:27:00,20128.0,20128.0,20122.0,20122.0,2
MTX,202506,2025-04-30 15:28:00,20123.0,20123.0,20120.0,20120.0,11
MTX,202506,2025-04-30 15:29:00,20118.0,20118.0,20114.0,20116.0,6
MTX,202506,2025-04-30 15:30:00,20116.0,20117.0,20111.0,20111.0,7
MTX,202506,2025-04-30 15:31:00,20107.0,20107.0,20105.0,20105.0,6
MTX,202506,2025-04-30 15:32:00,20110.0,20110.0,20110.0,20110.0,2
MTX,202506,2025-04-30 15:33:00,20109.0,20109.0,20105.0,20106.0,7
MTX,202506,2025-04-30 15:34:00,20105.0,20105.0,20105.0,20105.0,1
MTX,202506,2025-04-30 15:35:00,20109.0,20109.0,20103.0,20105.0,6
MTX,202506,2025-04-30 15:36:00,20108.0,20108.0,20108.0,20108.0,1
MTX,202506,2025-04-30 15:37:00,20109.0,20110.0,20109.0,20110.0,3
MTX,202506,2025-04-30 15:38:00,20112.0,20112.0,20112.0,20112.0,1
MTX,202506,2025-04-30 15:39:00,20112.0,20112.0,20105.0,20105.0,7
MTX,202506,2025-04-30 15:40:00,20106.0,20106.0,20105.0,20105.0,4
MTX,202506,2025-04-30 15:41:00,20105.0,20107.0,20105.0,20107.0,2
MTX,202506,2025-04-30 15:45:00,20106.0,20106.0,20106.0,20106.0,1
MTX,202506,2025-04-30 15:46:00,20106.0,20108.0,20102.0,20108.0,7
MTX,202506,2025-04-30 15:47:00,20109.0,20109.0,20109.0,20109.0,1
MTX,202506,2025-04-30 15:49:00,20111.0,20115.0,20111.0,20115.0,5
MTX,202506,2025-04-30 15:50:00,20109.0,20109.0,20109.0,20109.0,1
MTX,202506,2025-04-30 15:55:00,20114.0,20121.0,20114.0,20121.0,7
MTX,202506,2025-04-30 15:56:00,20118.0,20121.0,20118.0,20121.0,4
MTX,202506,2025-04-30 15:57:00,20122.0,20131.0,20122.0,20130.0,21
MTX,202506,2025-04-30 15:58:00,20129.0,20129.0,20129.0,20129.0,1
MTX,202506,2025-04-30 15:59:00,20127.0,20127.0,20127.0,20127.0,1
MTX,202506,2025-04-30 16:00:00,20120.0,20120.0,20112.0,20113.0,10
MTX,202506,2025-04-30 16:01:00,20115.0,20115.0,20115.0,20115.0,1
MTX,202506,2025-04-30 16:02:00,20113.0,20113.0,20109.0,20109.0,4
MTX,202506,2025-04-30 16:03:00,20104.0,20104.0,20104.0,20104.0,1
MTX,202506,2025-04-30 16:04:00,20107.0,20107.0,20107.0,20107.0,4
MTX,202506,2025-04-30 16:05:00,20111.0,20114.0,20111.0,20114.0,5
MTX,202506,2025-04-30 16:06:00,20120.0,20122.0,20120.0,20122.0,3
MTX,202506,2025-04-30 16:07:00,20124.0,20124.0,20124.0,20124.0,1
MTX,202506,2025-04-30 16:08:00,20124.0,20131.0,20124.0,20131.0,17
MTX,202506,2025-04-30 16:09:00,20133.0,20136.0,20131.0,20136.0,9
MTX,202506,2025-04-30 16:10:00,20135.0,20135.0,20135.0,20135.0,1
MTX,202506,2025-04-30 16:11:00,20130.0,20130.0,20130.0,20130.0,4
MTX,202506,2025-04-30 16:12:00,20131.0,20131.0,20129.0,20129.0,2
MTX,202506,2025-04-30 16:13:00,20130.0,20132.0,20130.0,20132.0,3
MTX,202506,2025-04-30 16:15:00,20134.0,20150.0,20134.0,20150.0,44
MTX,202506,2025-04-30 16:16:00,20150.0,20155.0,20147.0,20147.0,10
MTX,202506,2025-04-30 16:17:00,20147.0,20147.0,20145.0,20147.0,19
MTX,202506,2025-04-30 16:18:00,20147.0,20150.0,20147.0,20150.0,9
MTX,202506,2025-04-30 16:19:00,20155.0,20160.0,20155.0,20160.0,16
MTX,202506,2025-04-30 16:20:00,20157.0,20159.0,20156.0,20156.0,6
MTX,202506,2025-04-30 16:21:00,20156.0,20156.0,20148.0,20148.0,9
MTX,202506,2025-04-30 16:22:00,20150.0,20151.0,20150.0,20151.0,3
MTX,202506,2025-04-30 16:23:00,20152.0,20152.0,20146.0,20146.0,5
MTX,202506,2025-04-30 16:25:00,20142.0,20142.0,20140.0,20142.0,3
MTX,202506,2025-04-30 16:26:00,20140.0,20140.0,20134.0,20134.0,5
MTX,202506,2025-04-30 16:27:00,20130.0,20130.0,20128.0,20128.0,4
MTX,202506,2025-04-30 16:28:00,20130.0,20133.0,20130.0,20133.0,5
MTX,202506,2025-04-30 16:29:00,20134.0,20135.0,20134.0,20135.0,4
MTX,202506,2025-04-30 16:30:00,20132.0,20132.0,20128.0,20128.0,4
MTX,202506,2025-04-30 16:31:00,20130.0,20130.0,20130.0,20130.0,4
MTX,202506,2025-04-30 16:32:00,20122.0,20122.0,20122.0,20122.0,1
MTX,202506,2025-04-30 16:33:00,20126.0,20126.0,20125.0,20125.0,2
MTX,202506,2025-04-30 16:35:00,20127.0,20127.0,20122.0,20122.0,4
MTX,202506,2025-04-30 16:37:00,20128.0,20128.0,20128.0,20128.0,1
MTX,202506,2025-04-30 16:38:00,20129.0,20130.0,20129.0,20130.0,3
MTX,202506,2025-04-30 16:41:00,20134.0,20135.0,20134.0,20134.0,3
MTX,202506,2025-04-30 16:42:00,20140.0,20141.0,20140.0,20141.0,4
MTX,202506,2025-04-30 16:43:00,20141.0,20141.0,20139.0,20139.0,2
MTX,202506,2025-04-30 16:44:00,20140.0,20140.0,20140.0,20140.0,3
MTX,202506,2025-04-30 16:48:00,20143.0,20143.0,20143.0,20143.0,1
MTX,202506,2025-04-30 16:51:00,20144.0,20145.0,20144.0,20145.0,3
MTX,202506,2025-04-30 16:52:00,20147.0,20147.0,20147.0,20147.0,2
MTX,202506,2025-04-30 16:53:00,20148.0,20148.0,20148.0,20148.0,1
MTX,202506,2025-04-30 16:54:00,20149.0,20150.0,20149.0,20150.0,6
MTX,202506,2025-04-30 16:55:00,20145.0,20145.0,20145.0,20145.0,1
MTX,202506,2025-04-30 16:56:00,20143.0,20143.0,20143.0,20143.0,1
MTX,202506,2025-04-30 16:58:00,20139.0,20139.0,20139.0,20139.0,1
MTX,202506,2025-04-30 16:59:00,20137.0,20137.0,20135.0,20135.0,3
MTX,202506,2025-04-30 17:00:00,20138.0,20138.0,20138.0,20138.0,2
MTX,202506,2025-04-30 17:02:00,20143.0,20143.0,20143.0,20143.0,1
MTX,202506,2025-04-30 17:04:00,20145.0,20145.0,20145.0,20145.0,1
MTX,202506,2025-04-30 17:06:00,20146.0,20146.0,20145.0,20145.0,2
MTX,202506,2025-04-30 17:07:00,20149.0,20149.0,20149.0,20149.0,2
MTX,202506,2025-04-30 17:15:00,20141.0,20141.0,20138.0,20138.0,5
MTX,202506,2025-04-30 17:17:00,20138.0,20138.0,20138.0,20138.0,2
MTX,202506,2025-04-30 17:18:00,20140.0,20140.0,20140.0,20140.0,3
MTX,202506,2025-04-30 17:19:00,20144.0,20147.0,20144.0,20147.0,2
MTX,202506,2025-04-30 17:20:00,20147.0,20147.0,20147.0,20147.0,1
MTX,202506,2025-04-30 17:21:00,20148.0,20148.0,20147.0,20147.0,2
MTX,202506,2025-04-30 17:22:00,20149.0,20150.0,20149.0,20150.0,7
MTX,202506,2025-04-30 17:23:00,20145.0,20145.0,20145.0,20145.0,2
MTX,202506,2025-04-30 17:24:00,20144.0,20145.0,20144.0,20145.0,5
MTX,202506,2025-04-30 17:26:00,20148.0,20154.0,20148.0,20154.0,12
MTX,202506,2025-04-30 17:27:00,20154.0,20160.0,20154.0,20160.0,10
MTX,202506,2025-04-30 17:28:00,20160.0,20160.0,20160.0,20160.0,1
MTX,202506,2025-04-30 17:29:00,20158.0,20160.0,20157.0,20160.0,5
MTX,202506,2025-04-30 17:30:00,20160.0,20166.0,20160.0,20165.0,18
MTX,202506,2025-04-30 17:32:00,20159.0,20159.0,20158.0,20158.0,11
MTX,202506,2025-04-30 17:33:00,20159.0,20159.0,20153.0,20153.0,3
MTX,202506,2025-04-30 17:34:00,20155.0,20155.0,20155.0,20155.0,1
MTX,202506,2025-04-30 17:35:00,20153.0,20153.0,20153.0,20153.0,1
MTX,202506,2025-04-30 17:36:00,20153.0,20158.0,20153.0,20158.0,3
MTX,202506,2025-04-30 17:37:00,20159.0,20160.0,20159.0,20160.0,2
MTX,202506,2025-04-30 17:38:00,20158.0,20158.0,20158.0,20158.0,4
MTX,202506,2025-04-30 17:39:00,20157.0,20157.0,20157.0,20157.0,6
MTX,202506,2025-04-30 17:40:00,20158.0,20158.0,20158.0,20158.0,1
MTX,202506,2025-04-30 17:41:00,20155.0,20162.0,20155.0,20162.0,14
MTX,202506,2025-04-30 17:43:00,20162.0,20162.0,20158.0,20158.0,4
MTX,202506,2025-04-30 17:44:00,20158.0,20158.0,20158.0,20158.0,1
MTX,202506,2025-04-30 17:48:00,20152.0,20155.0,20152.0,20152.0,3
MTX,202506,2025-04-30 17:49:00,20152.0,20152.0,20151.0,20151.0,2
MTX,202506,2025-04-30 17:50:00,20151.0,20151.0,20151.0,20151.0,1
MTX,202506,2025-04-30 17:52:00,20155.0,20155.0,20155.0,20155.0,1
MTX,202506,2025-04-30 17:53:00,20160.0,20160.0,20160.0,20160.0,2
MTX,202506,2025-04-30 17:54:00,20161.0,20161.0,20161.0,20161.0,4
MTX,202506,2025-04-30 17:55:00,20161.0,20161.0,20161.0,20161.0,1
MTX,202506,2025-04-30 17:56:00,20158.0,20158.0,20158.0,20158.0,1
MTX,202506,2025-04-30 17:57:00,20158.0,20158.0,20158.0,20158.0,1
MTX,202506,2025-04-30 17:58:00,20154.0,20158.0,20154.0,20158.0,5
MTX,202506,2025-04-30 17:59:00,20157.0,20157.0,20157.0,20157.0,7
MTX,202506,2025-04-30 18:00:00,20158.0,20158.0,20157.0,20157.0,4
MTX,202506,2025-04-30 18:01:00,20155.0,20155.0,20155.0,20155.0,1
MTX,202506,2025-04-30 18:02:00,20156.0,20156.0,20155.0,20155.0,3
MTX,202506,2025-04-30 18:03:00,20155.0,20156.0,20151.0,20151.0,8
MTX,202506,2025-04-30 18:04:00,20151.0,20154.0,20151.0,20154.0,3
MTX,202506,2025-04-30 18:05:00,20151.0,20151.0,20151.0,20151.0,1
MTX,202506,2025-04-30 18:07:00,20152.0,20154.0,20152.0,20154.0,4
MTX,202506,2025-04-30 18:08:00,20155.0,20156.0,20155.0,20156.0,3
MTX,202506,2025-04-30 18:09:00,20154.0,20154.0,20154.0,20154.0,3
MTX,202506,2025-04-30 18:10:00,20154.0,20154.0,20154.0,20154.0,1
MTX,202506,2025-04-30 18:11:00,20158.0,20161.0,20158.0,20161.0,13
MTX,202506,2025-04-30 18:12:00,20162.0,20164.0,20162.0,20164.0,11
MTX,202506,2025-04-30 18:13:00,20160.0,20160.0,20160.0,20160.0,2
MTX,202506,2025-04-30 18:14:00,20163.0,20163.0,20163.0,20163.0,1
MTX,202506,2025-04-30 18:15:00,20160.0,20164.0,20160.0,20164.0,3
MTX,202506,2025-04-30 18:16:00,20165.0,20169.0,20165.0,20168.0,22
MTX,202506,2025-04-30 18:17:00,20167.0,20167.0,20166.0,20167.0,6
MTX,202506,2025-04-30 18:18:00,20165.0,20165.0,20158.0,20158.0,6
MTX,202506,2025-04-30 18:20:00,20158.0,20158.0,20156.0,20157.0,7
MTX,202506,2025-04-30 18:22:00,20164.0,20164.0,20161.0,20161.0,2
MTX,202506,2025-04-30 18:23:00,20157.0,20157.0,20157.0,20157.0,1
MTX,202506,2025-04-30 18:24:00,20158.0,20158.0,20158.0,20158.0,1
MTX,202506,2025-04-30 18:25:00,20160.0,20162.0,20160.0,20162.0,5
MTX,202506,2025-04-30 18:26:00,20160.0,20160.0,20160.0,20160.0,2
MTX,202506,2025-04-30 18:27:00,20166.0,20166.0,20166.0,20166.0,1
MTX,202506,2025-04-30 18:29:00,20162.0,20163.0,20162.0,20163.0,2
MTX,202506,2025-04-30 18:30:00,20159.0,20159.0,20142.0,20142.0,26
MTX,202506,2025-04-30 18:31:00,20140.0,20140.0,20129.0,20131.0,12
MTX,202506,2025-04-30 18:32:00,20132.0,20134.0,20131.0,20131.0,10
MTX,202506,2025-04-30 18:33:00,20131.0,20133.0,20131.0,20133.0,2
MTX,202506,2025-04-30 18:34:00,20138.0,20138.0,20136.0,20136.0,2
MTX,202506,2025-04-30 18:35:00,20133.0,20136.0,20133.0,20136.0,2
MTX,202506,2025-04-30 18:36:00,20135.0,20137.0,20134.0,20134.0,6
MTX,202506,2025-04-30 18:37:00,20139.0,20140.0,20139.0,20140.0,3
MTX,202506,2025-04-30 18:38:00,20140.0,20140.0,20140.0,20140.0,3
MTX,202506,2025-04-30 18:40:00,20132.0,20135.0,20130.0,20133.0,10
MTX,202506,2025-04-30 18:41:00,20130.0,20130.0,20130.0,20130.0,1
MTX,202506,2025-04-30 18:42:00,20130.0,20134.0,20130.0,20132.0,6
MTX,202506,2025-04-30 18:43:00,20136.0,20136.0,20131.0,20131.0,5
MTX,202506,2025-04-30 18:44:00,20128.0,20128.0,20122.0,20122.0,5
MTX,202506,2025-04-30 18:45:00,20124.0,20124.0,20124.0,20124.0,1
MTX,202506,2025-04-30 18:46:00,20123.0,20123.0,20122.0,20122.0,2
MTX,202506,2025-04-30 18:47:00,20123.0,20124.0,20123.0,20124.0,2
MTX,202506,2025-04-30 18:48:00,20121.0,20125.0,20121.0,20125.0,2
MTX,202506,2025-04-30 18:49:00,20127.0,20128.0,20125.0,20125.0,4
MTX,202506,2025-04-30 18:50:00,20129.0,20129.0,20129.0,20129.0,2
MTX,202506,2025-04-30 18:51:00,20131.0,20131.0,20131.0,20131.0,5
MTX,202506,2025-04-30 18:52:00,20133.0,20135.0,20131.0,20135.0,5
MTX,202506,2025-04-30 18:53:00,20135.0,20137.0,20135.0,20135.0,4
MTX,202506,2025-04-30 18:54:00,20131.0,20131.0,20130.0,20130.0,2
MTX,202506,2025-04-30 18:57:00,20132.0,20132.0,20131.0,20132.0,3
MTX,202506,2025-04-30 18:58:00,20135.0,20135.0,20134.0,20134.0,2
MTX,202506,2025-04-30 18:59:00,20140.0,20140.0,20140.0,20140.0,2
MTX,202506,2025-04-30 19:00:00,20140.0,20140.0,20137.0,20137.0,10
MTX,202506,2025-04-30 19:01:00,20132.0,20132.0,20132.0,20132.0,1
MTX,202506,2025-04-30 19:02:00,20137.0,20138.0,20137.0,20138.0,3
MTX,202506,2025-04-30 19:04:00,20143.0,20143.0,20143.0,20143.0,2
MTX,202506,2025-04-30 19:05:00,20138.0,20140.0,20138.0,20140.0,2
MTX,202506,2025-04-30 19:08:00,20136.0,20136.0,20136.0,20136.0,1
MTX,202506,2025-04-30 19:09:00,20135.0,20135.0,20135.0,20135.0,2
MTX,202506,2025-04-30 19:10:00,20137.0,20137.0,20136.0,20136.0,2
MTX,202506,2025-04-30 19:12:00,20135.0,20135.0,20135.0,20135.0,1
MTX,202506,2025-04-30 19:13:00,20132.0,20132.0,20126.0,20130.0,5
MTX,202506,2025-04-30 19:19:00,20130.0,20130.0,20129.0,20130.0,4
MTX,202506,2025-04-30 19:22:00,20128.0,20128.0,20128.0,20128.0,1
MTX,202506,2025-04-30 19:23:00,20128.0,20128.0,20125.0,20125.0,7
MTX,202506,2025-04-30 19:25:00,20126.0,20126.0,20120.0,20120.0,7
MTX,202506,2025-04-30 19:26:00,20124.0,20124.0,20124.0,20124.0,1
MTX,202506,2025-04-30 19:28:00,20120.0,20120.0,20119.0,20119.0,7
MTX,202506,2025-04-30 19:29:00,20118.0,20118.0,20118.0,20118.0,4
MTX,202506,2025-04-30 19:30:00,20120.0,20121.0,20116.0,20116.0,11
MTX,202506,2025-04-30 19:31:00,20114.0,20116.0,20114.0,20115.0,3
MTX,202506,2025-04-30 19:32:00,20115.0,20116.0,20107.0,20107.0,12
MTX,202506,2025-04-30 19:33:00,20106.0,20106.0,20106.0,20106.0,1
MTX,202506,2025-04-30 19:34:00,20108.0,20108.0,20108.0,20108.0,1
MTX,202506,2025-04-30 19:35:00,20107.0,20107.0,20104.0,20104.0,6
MTX,202506,2025-04-30 19:36:00,20105.0,20105.0,20104.0,20104.0,2
MTX,202506,2025-04-30 19:37:00,20110.0,20111.0,20110.0,20111.0,2
MTX,202506,2025-04-30 19:38:00,20111.0,20111.0,20111.0,20111.0,1
MTX,202506,2025-04-30 19:40:00,20114.0,20114.0,20114.0,20114.0,1
MTX,202506,2025-04-30 19:41:00,20114.0,20114.0,20114.0,20114.0,1
MTX,202506,2025-04-30 19:43:00,20112.0,20112.0,20112.0,20112.0,1
MTX,202506,2025-04-30 19:44:00,20118.0,20118.0,20118.0,20118.0,1
MTX,202506,2025-04-30 19:45:00,20118.0,20118.0,20118.0,20118.0,2
MTX,202506,2025-04-30 19:46:00,20117.0,20117.0,20113.0,20113.0,2
MTX,202506,2025-04-30 19:47:00,20112.0,20114.0,20112.0,20114.0,7
MTX,202506,2025-04-30 19:48:00,20115.0,20115.0,20113.0,20113.0,2
MTX,202506,2025-04-30 19:49:00,20111.0,20112.0,20111.0,20112.0,2
MTX,202506,2025-04-30 19:50:00,20113.0,20115.0,20113.0,20115.0,2
MTX,202506,2025-04-30 19:51:00,20110.0,20110.0,20110.0,20110.0,5
MTX,202506,2025-04-30 19:52:00,20112.0,20112.0,20112.0,20112.0,2
MTX,202506,2025-04-30 19:53:00,20112.0,20113.0,20112.0,20113.0,4
MTX,202506,2025-04-30 19:57:00,20117.0,20117.0,20117.0,20117.0,2
MTX,202506,2025-04-30 19:58:00,20120.0,20122.0,20120.0,20122.0,2
MTX,202506,2025-04-30 19:59:00,20122.0,20123.0,20122.0,20123.0,2
MTX,202506,2025-04-30 20:00:00,20122.0,20122.0,20118.0,20118.0,8
MTX,202506,2025-04-30 20:02:00,20123.0,20123.0,20120.0,20120.0,3
MTX,202506,2025-04-30 20:03:00,20117.0,20120.0,20117.0,20120.0,2
MTX,202506,2025-04-30 20:04:00,20115.0,20115.0,20115.0,20115.0,3
MTX,202506,2025-04-30 20:05:00,20115.0,20115.0,20114.0,20114.0,3
MTX,202506,2025-04-30 20:06:00,20120.0,20120.0,20120.0,20120.0,1
MTX,202506,2025-04-30 20:07:00,20114.0,20114.0,20114.0,20114.0,1
MTX,202506,2025-04-30 20:08:00,20114.0,20114.0,20113.0,20113.0,2
MTX,202506,2025-04-30 20:09:00,20113.0,20113.0,20110.0,20110.0,4
MTX,202506,2025-04-30 20:10:00,20110.0,20111.0,20110.0,20111.0,2
MTX,202506,2025-04-30 20:14:00,20112.0,20114.0,20110.0,20110.0,4
MTX,202506,2025-04-30 20:15:00,20109.0,20109.0,20087.0,20096.0,44
MTX,202506,2025-04-30 20:16:00,20098.0,20098.0,20090.0,20090.0,4
MTX,202506,2025-04-30 20:17:00,20092.0,20092.0,20086.0,20086.0,7
MTX,202506,2025-04-30 20:18:00,20086.0,20087.0,20086.0,20086.0,6
MTX,202506,2025-04-30 20:19:00,20086.0,20089.0,20086.0,20088.0,5
MTX,202506,2025-04-30 20:20:00,20086.0,20086.0,20083.0,20083.0,9
MTX,202506,2025-04-30 20:21:00,20083.0,20083.0,20073.0,20074.0,25
MTX,202506,2025-04-30 20:22:00,20074.0,20076.0,20074.0,20076.0,3
MTX,202506,2025-04-30 20:23:00,20075.0,20075.0,20073.0,20073.0,9
MTX,202506,2025-04-30 20:24:00,20072.0,20074.0,20069.0,20073.0,11
MTX,202506,2025-04-30 20:25:00,20074.0,20076.0,20074.0,20075.0,4
MTX,202506,2025-04-30 20:26:00,20075.0,20075.0,20069.0,20069.0,5
MTX,202506,2025-04-30 20:27:00,20071.0,20071.0,20071.0,20071.0,1
MTX,202506,2025-04-30 20:28:00,20075.0,20075.0,20075.0,20075.0,1
MTX,202506,2025-04-30 20:29:00,20075.0,20081.0,20075.0,20081.0,9
MTX,202506,2025-04-30 20:30:00,20081.0,20092.0,20074.0,20082.0,28
MTX,202506,2025-04-30 20:31:00,20088.0,20090.0,20065.0,20065.0,22
MTX,202506,2025-04-30 20:32:00,20064.0,20064.0,20048.0,20056.0,34
MTX,202506,2025-04-30 20:33:00,20052.0,20062.0,20052.0,20062.0,4
MTX,202506,2025-04-30 20:34:00,20058.0,20060.0,20058.0,20060.0,4
MTX,202506,2025-04-30 20:35:00,20068.0,20074.0,20065.0,20065.0,11
MTX,202506,2025-04-30 20:36:00,20065.0,20065.0,20038.0,20038.0,22
MTX,202506,2025-04-30 20:37:00,20034.0,20040.0,20032.0,20038.0,20
MTX,202506,2025-04-30 20:38:00,20038.0,20042.0,20037.0,20037.0,10
MTX,202506,2025-04-30 20:39:00,20036.0,20036.0,20035.0,20036.0,4
MTX,202506,2025-04-30 20:40:00,20033.0,20033.0,20024.0,20024.0,18
MTX,202506,2025-04-30 20:41:00,20021.0,20021.0,19991.0,19992.0,107
MTX,202506,2025-04-30 20:42:00,19990.0,20002.0,19988.0,20002.0,23
MTX,202506,2025-04-30 20:43:00,19997.0,20003.0,19993.0,20002.0,13
MTX,202506,2025-04-30 20:44:00,20004.0,20004.0,19992.0,19992.0,16
MTX,202506,2025-04-30 20:45:00,19991.0,19991.0,19965.0,19972.0,101
MTX,202506,2025-04-30 20:46:00,19970.0,19979.0,19955.0,19956.0,39
MTX,202506,2025-04-30 20:47:00,19956.0,19963.0,19940.0,19941.0,43
MTX,202506,2025-04-30 20:48:00,19938.0,19948.0,19925.0,19948.0,39
MTX,202506,2025-04-30 20:49:00,19947.0,19965.0,19947.0,19958.0,28
MTX,202506,2025-04-30 20:50:00,19961.0,19971.0,19961.0,19963.0,12
MTX,202506,2025-04-30 20:51:00,19961.0,19961.0,19944.0,19944.0,23
MTX,202506,2025-04-30 20:52:00,19940.0,19951.0,19938.0,19946.0,23
MTX,202506,2025-04-30 20:53:00,19951.0,19957.0,19950.0,19956.0,22
MTX,202506,2025-04-30 20:54:00,19956.0,19957.0,19951.0,19951.0,10
MTX,202506,2025-04-30 20:55:00,19951.0,19951.0,19949.0,19949.0,10
MTX,202506,2025-04-30 20:56:00,19949.0,19959.0,19949.0,19957.0,10
MTX,202506,2025-04-30 20:57:00,19959.0,19964.0,19955.0,19958.0,13
MTX,202506,2025-04-30 20:58:00,19955.0,19955.0,19950.0,19950.0,8
MTX,202506,2025-04-30 20:59:00,19948.0,19949.0,19939.0,19940.0,11
MTX,202506,2025-04-30 21:00:00,19935.0,19935.0,19921.0,19930.0,50
MTX,202506,2025-04-30 21:01:00,19926.0,19930.0,19925.0,19925.0,14
MTX,202506,2025-04-30 21:02:00,19933.0,19936.0,19928.0,19934.0,10
MTX,202506,2025-04-30 21:03:00,19938.0,19950.0,19938.0,19950.0,13
MTX,202506,2025-04-30 21:04:00,19950.0,19950.0,19941.0,19941.0,13
MTX,202506,2025-04-30 21:05:00,19948.0,19951.0,19948.0,19950.0,10
MTX,202506,2025-04-30 21:06:00,19950.0,19950.0,19920.0,19920.0,35
MTX,202506,2025-04-30 21:07:00,19919.0,19931.0,19912.0,19928.0,29
MTX,202506,2025-04-30 21:08:00,19928.0,19928.0,19921.0,19921.0,11
MTX,202506,2025-04-30 21:09:00,19919.0,19922.0,19914.0,19916.0,12
MTX,202506,2025-04-30 21:10:00,19918.0,19928.0,19918.0,19928.0,18
MTX,202506,2025-04-30 21:11:00,19933.0,19936.0,19926.0,19926.0,7
MTX,202506,2025-04-30 21:12:00,19922.0,19930.0,19919.0,19930.0,6
MTX,202506,2025-04-30 21:13:00,19931.0,19940.0,19917.0,19917.0,18
MTX,202506,2025-04-30 21:14:00,19915.0,19920.0,19908.0,19919.0,13
MTX,202506,2025-04-30 21:15:00,19915.0,19925.0,19911.0,19917.0,13
MTX,202506,2025-04-30 21:16:00,19922.0,19922.0,19913.0,19913.0,4
MTX,202506,2025-04-30 21:17:00,19921.0,19921.0,19921.0,19921.0,2
MTX,202506,2025-04-30 21:18:00,19930.0,19930.0,19917.0,19921.0,9
MTX,202506,2025-04-30 21:19:00,19921.0,19932.0,19921.0,19930.0,11
MTX,202506,2025-04-30 21:20:00,19932.0,19943.0,19932.0,19943.0,16
MTX,202506,2025-04-30 21:21:00,19944.0,19951.0,19940.0,19941.0,13
MTX,202506,2025-04-30 21:22:00,19942.0,19942.0,19940.0,19940.0,6
MTX,202506,2025-04-30 21:23:00,19944.0,19947.0,19944.0,19945.0,5
MTX,202506,2025-04-30 21:24:00,19939.0,19940.0,19939.0,19940.0,4
MTX,202506,2025-04-30 21:25:00,19947.0,19951.0,19945.0,19946.0,39
MTX,202506,2025-04-30 21:26:00,19946.0,19946.0,19942.0,19944.0,3
MTX,202506,2025-04-30 21:27:00,19938.0,19938.0,19933.0,19938.0,5
MTX,202506,2025-04-30 21:28:00,19938.0,19938.0,19938.0,19938.0,1
MTX,202506,2025-04-30 21:29:00,19938.0,19938.0,19933.0,19933.0,5
MTX,202506,2025-04-30 21:30:00,19925.0,19927.0,19908.0,19911.0,43
MTX,202506,2025-04-30 21:31:00,19910.0,19918.0,19888.0,19894.0,64
MTX,202506,2025-04-30 21:32:00,19893.0,19914.0,19893.0,19914.0,16
MTX,202506,2025-04-30 21:33:00,19915.0,19923.0,19909.0,19923.0,15
MTX,202506,2025-04-30 21:34:00,19927.0,19946.0,19927.0,19936.0,28
MTX,202506,2025-04-30 21:35:00,19940.0,19943.0,19923.0,19925.0,15
MTX,202506,2025-04-30 21:36:00,19921.0,19927.0,19907.0,19916.0,17
MTX,202506,2025-04-30 21:37:00,19911.0,19911.0,19886.0,19897.0,47
MTX,202506,2025-04-30 21:38:00,19898.0,19906.0,19890.0,19894.0,26
MTX,202506,2025-04-30 21:39:00,19891.0,19891.0,19878.0,19882.0,19
MTX,202506,2025-04-30 21:40:00,19881.0,19892.0,19869.0,19876.0,52
MTX,202506,2025-04-30 21:41:00,19876.0,19876.0,19860.0,19871.0,30
MTX,202506,2025-04-30 21:42:00,19870.0,19872.0,19861.0,19861.0,16
MTX,202506,2025-04-30 21:43:00,19861.0,19872.0,19854.0,19868.0,29
MTX,202506,2025-04-30 21:44:00,19872.0,19890.0,19872.0,19884.0,27
MTX,202506,2025-04-30 21:45:00,19875.0,19883.0,19872.0,19879.0,7
MTX,202506,2025-04-30 21:46:00,19888.0,19890.0,19875.0,19876.0,13
MTX,202506,2025-04-30 21:47:00,19883.0,19897.0,19879.0,19890.0,27
MTX,202506,2025-04-30 21:48:00,19893.0,19910.0,19893.0,19907.0,20
MTX,202506,2025-04-30 21:49:00,19904.0,19910.0,19904.0,19908.0,14
MTX,202506,2025-04-30 21:50:00,19900.0,19904.0,19899.0,19903.0,9
MTX,202506,2025-04-30 21:51:00,19895.0,19895.0,19888.0,19888.0,5
MTX,202506,2025-04-30 21:52:00,19888.0,19892.0,19875.0,19878.0,17
MTX,202506,2025-04-30 21:53:00,19880.0,19883.0,19863.0,19863.0,26
MTX,202506,2025-04-30 21:54:00,19868.0,19879.0,19867.0,19879.0,9
MTX,202506,2025-04-30 21:55:00,19880.0,19890.0,19880.0,19881.0,7
MTX,202506,2025-04-30 21:56:00,19876.0,19878.0,19857.0,19858.0,24
MTX,202506,2025-04-30 21:57:00,19858.0,19858.0,19845.0,19857.0,72
MTX,202506,2025-04-30 21:58:00,19855.0,19855.0,19843.0,19843.0,14
MTX,202506,2025-04-30 21:59:00,19843.0,19864.0,19840.0,19860.0,42
MTX,202506,2025-04-30 22:00:00,19853.0,19890.0,19841.0,19890.0,36
MTX,202506,2025-04-30 22:01:00,19893.0,19909.0,19892.0,19909.0,32
MTX,202506,2025-04-30 22:02:00,19906.0,19914.0,19899.0,19904.0,15
MTX,202506,2025-04-30 22:03:00,19899.0,19899.0,19895.0,19897.0,7
MTX,202506,2025-04-30 22:04:00,19897.0,19913.0,19897.0,19903.0,20
MTX,202506,2025-04-30 22:05:00,19913.0,19922.0,19903.0,19922.0,23
MTX,202506,2025-04-30 22:06:00,19917.0,19919.0,19910.0,19912.0,9
MTX,202506,2025-04-30 22:07:00,19912.0,19912.0,19888.0,19891.0,11
MTX,202506,2025-04-30 22:08:00,19892.0,19910.0,19888.0,19910.0,7
MTX,202506,2025-04-30 22:09:00,19919.0,19934.0,19919.0,19929.0,30
MTX,202506,2025-04-30 22:10:00,19930.0,19932.0,19918.0,19922.0,8
MTX,202506,2025-04-30 22:11:00,19922.0,19922.0,19910.0,19910.0,9
MTX,202506,2025-04-30 22:12:00,19912.0,19912.0,19908.0,19909.0,3
MTX,202506,2025-04-30 22:13:00,19910.0,19920.0,19910.0,19920.0,7
MTX,202506,2025-04-30 22:14:00,19918.0,19928.0,19918.0,19928.0,7
MTX,202506,2025-04-30 22:15:00,19925.0,19931.0,19919.0,19931.0,9
MTX,202506,2025-04-30 22:16:00,19925.0,19931.0,19923.0,19923.0,14
MTX,202506,2025-04-30 22:17:00,19920.0,19921.0,19917.0,19917.0,7
MTX,202506,2025-04-30 22:18:00,19920.0,19925.0,19918.0,19918.0,7
MTX,202506,2025-04-30 22:19:00,19924.0,19930.0,19924.0,19930.0,10
MTX,202506,2025-04-30 22:20:00,19930.0,19935.0,19925.0,19929.0,16
MTX,202506,2025-04-30 22:21:00,19932.0,19932.0,19925.0,19925.0,8
MTX,202506,2025-04-30 22:22:00,19927.0,19927.0,19922.0,19922.0,3
MTX,202506,2025-04-30 22:23:00,19921.0,19935.0,19921.0,19935.0,6
MTX,202506,2025-04-30 22:24:00,19934.0,19948.0,19934.0,19947.0,21
MTX,202506,2025-04-30 22:25:00,19947.0,19947.0,19941.0,19944.0,15
MTX,202506,2025-04-30 22:26:00,19946.0,19957.0,19944.0,19953.0,19
MTX,202506,2025-04-30 22:27:00,19956.0,19956.0,19946.0,19947.0,15
MTX,202506,2025-04-30 22:28:00,19951.0,19954.0,19950.0,19953.0,10
MTX,202506,2025-04-30 22:29:00,19955.0,19967.0,19955.0,19962.0,34
MTX,202506,2025-04-30 22:30:00,19958.0,19964.0,19952.0,19962.0,17
MTX,202506,2025-04-30 22:31:00,19965.0,19974.0,19965.0,19966.0,52
MTX,202506,2025-04-30 22:32:00,19968.0,19970.0,19959.0,19960.0,21
MTX,202506,2025-04-30 22:33:00,19963.0,19967.0,19959.0,19959.0,11
MTX,202506,2025-04-30 22:34:00,19958.0,19959.0,19948.0,19948.0,18
MTX,202506,2025-04-30 22:35:00,19945.0,19945.0,19940.0,19943.0,10
MTX,202506,2025-04-30 22:36:00,19943.0,19943.0,19935.0,19935.0,7
MTX,202506,2025-04-30 22:37:00,19935.0,19943.0,19935.0,19940.0,10
MTX,202506,2025-04-30 22:38:00,19935.0,19935.0,19928.0,19933.0,13
MTX,202506,2025-04-30 22:39:00,19932.0,19943.0,19932.0,19940.0,10
MTX,202506,2025-04-30 22:40:00,19940.0,19940.0,19936.0,19936.0,7
MTX,202506,2025-04-30 22:41:00,19932.0,19932.0,19924.0,19924.0,8
MTX,202506,2025-04-30 22:42:00,19922.0,19930.0,19922.0,19930.0,3
MTX,202506,2025-04-30 22:43:00,19938.0,19956.0,19936.0,19956.0,22
MTX,202506,2025-04-30 22:44:00,19958.0,19963.0,19958.0,19958.0,16
MTX,202506,2025-04-30 22:45:00,19951.0,19957.0,19950.0,19955.0,5
MTX,202506,2025-04-30 22:46:00,19955.0,19955.0,19955.0,19955.0,2
MTX,202506,2025-04-30 22:47:00,19946.0,19946.0,19944.0,19944.0,2
MTX,202506,2025-04-30 22:48:00,19951.0,19959.0,19951.0,19951.0,5
MTX,202506,2025-04-30 22:49:00,19950.0,19951.0,19944.0,19951.0,4
MTX,202506,2025-04-30 22:50:00,19950.0,19950.0,19936.0,19936.0,6
MTX,202506,2025-04-30 22:51:00,19936.0,19937.0,19932.0,19932.0,4
MTX,202506,2025-04-30 22:52:00,19937.0,19953.0,19937.0,19953.0,7
MTX,202506,2025-04-30 22:53:00,19953.0,19960.0,19953.0,19960.0,7
MTX,202506,2025-04-30 22:54:00,19963.0,19965.0,19955.0,19955.0,5
MTX,202506,2025-04-30 22:55:00,19955.0,19955.0,19954.0,19954.0,4
MTX,202506,2025-04-30 22:57:00,19961.0,19975.0,19961.0,19975.0,25
MTX,202506,2025-04-30 22:58:00,19974.0,19981.0,19970.0,19971.0,23
MTX,202506,2025-04-30 22:59:00,19970.0,19970.0,19961.0,19961.0,2
MTX,202506,2025-04-30 23:00:00,19964.0,19987.0,19964.0,19987.0,7
MTX,202506,2025-04-30 23:01:00,19980.0,19984.0,19980.0,19980.0,11
MTX,202506,2025-04-30 23:02:00,19985.0,19988.0,19981.0,19986.0,19
MTX,202506,2025-04-30 23:03:00,19986.0,19986.0,19980.0,19980.0,15
MTX,202506,2025-04-30 23:04:00,19977.0,19986.0,19977.0,19986.0,11
MTX,202506,2025-04-30 23:06:00,19980.0,19980.0,19977.0,19980.0,8
MTX,202506,2025-04-30 23:07:00,19986.0,19995.0,19986.0,19990.0,23
MTX,202506,2025-04-30 23:08:00,19988.0,19988.0,19986.0,19986.0,2
MTX,202506,2025-04-30 23:09:00,19990.0,19993.0,19988.0,19990.0,8
MTX,202506,2025-04-30 23:10:00,19992.0,19993.0,19988.0,19993.0,12
MTX,202506,2025-04-30 23:11:00,19989.0,19993.0,19988.0,19989.0,8
MTX,202506,2025-04-30 23:12:00,19990.0,20000.0,19990.0,20000.0,33
MTX,202506,2025-04-30 23:13:00,19998.0,20002.0,19994.0,20002.0,25
MTX,202506,2025-04-30 23:14:00,20003.0,20003.0,19995.0,19995.0,6
MTX,202506,2025-04-30 23:15:00,19993.0,19995.0,19989.0,19991.0,12
MTX,202506,2025-04-30 23:16:00,19992.0,19997.0,19992.0,19997.0,5
MTX,202506,2025-04-30 23:17:00,19997.0,19997.0,19996.0,19996.0,4
MTX,202506,2025-04-30 23:18:00,20000.0,20000.0,19995.0,19999.0,7
MTX,202506,2025-04-30 23:19:00,19999.0,19999.0,19994.0,19994.0,9
MTX,202506,2025-04-30 23:20:00,19992.0,19997.0,19989.0,19997.0,7
MTX,202506,2025-04-30 23:21:00,19994.0,20010.0,19994.0,20009.0,40
MTX,202506,2025-04-30 23:22:00,20010.0,20017.0,20010.0,20016.0,37
MTX,202506,2025-04-30 23:23:00,20016.0,20024.0,20011.0,20011.0,24
MTX,202506,2025-04-30 23:24:00,20010.0,20012.0,20000.0,20000.0,14
MTX,202506,2025-04-30 23:25:00,20002.0,20002.0,19987.0,19987.0,28
MTX,202506,2025-04-30 23:26:00,19992.0,19992.0,19985.0,19986.0,12
MTX,202506,2025-04-30 23:27:00,19986.0,19990.0,19986.0,19990.0,3
MTX,202506,2025-04-30 23:28:00,20000.0,20008.0,20000.0,20005.0,7
MTX,202506,2025-04-30 23:29:00,20006.0,20006.0,20000.0,20000.0,10
MTX,202506,2025-04-30 23:30:00,20000.0,20000.0,19995.0,19995.0,2
MTX,202506,2025-04-30 23:31:00,19990.0,19992.0,19988.0,19990.0,9
MTX,202506,2025-04-30 23:32:00,19991.0,19997.0,19991.0,19997.0,4
MTX,202506,2025-04-30 23:33:00,19996.0,19996.0,19996.0,19996.0,1
MTX,202506,2025-04-30 23:34:00,19994.0,20007.0,19991.0,20003.0,7
MTX,202506,2025-04-30 23:35:00,20003.0,20003.0,19997.0,19997.0,3
MTX,202506,2025-04-30 23:36:00,20004.0,20008.0,19994.0,19994.0,6
MTX,202506,2025-04-30 23:37:00,20003.0,20003.0,19992.0,19992.0,6
MTX,202506,2025-04-30 23:38:00,19993.0,19993.0,19986.0,19986.0,11
MTX,202506,2025-04-30 23:39:00,19993.0,19993.0,19993.0,19993.0,2
MTX,202506,2025-04-30 23:40:00,19998.0,19998.0,19995.0,19995.0,7
MTX,202506,2025-04-30 23:42:00,19985.0,19993.0,19985.0,19985.0,7
MTX,202506,2025-04-30 23:43:00,19981.0,19996.0,19980.0,19996.0,6
MTX,202506,2025-04-30 23:44:00,19995.0,20011.0,19995.0,20010.0,22
MTX,202506,2025-04-30 23:45:00,20010.0,20012.0,20003.0,20011.0,19
MTX,202506,2025-04-30 23:46:00,20012.0,20012.0,20003.0,20003.0,6
MTX,202506,2025-04-30 23:47:00,20010.0,20010.0,20003.0,20009.0,14
MTX,202506,2025-04-30 23:48:00,20007.0,20007.0,20002.0,20002.0,6
MTX,202506,2025-04-30 23:49:00,20003.0,20003.0,20003.0,20003.0,1
MTX,202506,2025-04-30 23:50:00,20009.0,20010.0,20007.0,20010.0,8
MTX,202506,2025-04-30 23:51:00,20009.0,20009.0,20002.0,20002.0,3
MTX,202506,2025-04-30 23:52:00,20002.0,20003.0,19996.0,19996.0,4
MTX,202506,2025-04-30 23:53:00,19986.0,19988.0,19984.0,19986.0,10
MTX,202506,2025-04-30 23:54:00,19984.0,19994.0,19984.0,19994.0,5
MTX,202506,2025-04-30 23:55:00,19992.0,19998.0,19992.0,19995.0,3
MTX,202506,2025-04-30 23:56:00,20005.0,20005.0,20003.0,20003.0,3
MTX,202506,2025-04-30 23:57:00,19995.0,19995.0,19995.0,19995.0,1
MTX,202506,2025-04-30 23:58:00,19986.0,20003.0,19983.0,20003.0,7
MTX,202506,2025-04-30 23:59:00,20003.0,20003.0,20003.0,20003.0,2
MTX,202506,2025-05-01 00:00:00,20004.0,20010.0,20004.0,20006.0,5
MTX,202506,2025-05-01 00:01:00,20006.0,20006.0,19994.0,19994.0,3
MTX,202506,2025-05-01 00:02:00,19992.0,19995.0,19992.0,19995.0,2
MTX,202506,2025-05-01 00:03:00,19996.0,19996.0,19996.0,19996.0,2
MTX,202506,2025-05-01 00:04:00,20000.0,20000.0,20000.0,20000.0,2
MTX,202506,2025-05-01 00:05:00,20010.0,20018.0,20010.0,20018.0,17
MTX,202506,2025-05-01 00:06:00,20019.0,20035.0,20019.0,20035.0,60
MTX,202506,2025-05-01 00:07:00,20033.0,20033.0,20022.0,20032.0,5
MTX,202506,2025-05-01 00:08:00,20026.0,20026.0,20026.0,20026.0,1
MTX,202506,2025-05-01 00:09:00,20027.0,20027.0,20022.0,20022.0,6
MTX,202506,2025-05-01 00:10:00,20018.0,20018.0,20005.0,20005.0,5
MTX,202506,2025-05-01 00:11:00,20003.0,20008.0,20003.0,20007.0,3
MTX,202506,2025-05-01 00:12:00,20007.0,20020.0,20007.0,20020.0,3
MTX,202506,2025-05-01 00:13:00,20010.0,20010.0,20007.0,20007.0,3
MTX,202506,2025-05-01 00:14:00,20007.0,20008.0,20007.0,20008.0,2
MTX,202506,2025-05-01 00:15:00,20011.0,20011.0,20005.0,20005.0,4
MTX,202506,2025-05-01 00:16:00,20000.0,20000.0,19990.0,19990.0,6
MTX,202506,2025-05-01 00:17:00,19992.0,20003.0,19992.0,19998.0,4
MTX,202506,2025-05-01 00:18:00,19998.0,19998.0,19998.0,19998.0,1
MTX,202506,2025-05-01 00:19:00,19992.0,19992.0,19990.0,19990.0,4
MTX,202506,2025-05-01 00:20:00,19992.0,19992.0,19992.0,19992.0,1
MTX,202506,2025-05-01 00:21:00,19992.0,19993.0,19988.0,19990.0,14
MTX,202506,2025-05-01 00:22:00,19988.0,19988.0,19976.0,19980.0,24
MTX,202506,2025-05-01 00:23:00,19977.0,19977.0,19974.0,19976.0,12
MTX,202506,2025-05-01 00:24:00,19975.0,19975.0,19970.0,19970.0,5
MTX,202506,2025-05-01 00:25:00,19970.0,19973.0,19966.0,19966.0,14
MTX,202506,2025-05-01 00:26:00,19967.0,19972.0,19960.0,19972.0,17
MTX,202506,2025-05-01 00:27:00,19973.0,19973.0,19966.0,19969.0,5
MTX,202506,2025-05-01 00:28:00,19965.0,19965.0,19965.0,19965.0,3
MTX,202506,2025-05-01 00:29:00,19967.0,19968.0,19967.0,19968.0,2
MTX,202506,2025-05-01 00:30:00,19963.0,19965.0,19960.0,19960.0,9
MTX,202506,2025-05-01 00:31:00,19958.0,19969.0,19958.0,19969.0,7
MTX,202506,2025-05-01 00:32:00,19962.0,19962.0,19962.0,19962.0,1
MTX,202506,2025-05-01 00:33:00,19962.0,19962.0,19962.0,19962.0,1
MTX,202506,2025-05-01 00:34:00,19964.0,19964.0,19962.0,19962.0,2
MTX,202506,2025-05-01 00:35:00,19960.0,19966.0,19960.0,19966.0,3
MTX,202506,2025-05-01 00:36:00,19960.0,19964.0,19960.0,19964.0,3
MTX,202506,2025-05-01 00:37:00,19976.0,19986.0,19976.0,19986.0,9
MTX,202506,2025-05-01 00:38:00,19988.0,19990.0,19983.0,19990.0,7
MTX,202506,2025-05-01 00:39:00,19987.0,19992.0,19987.0,19992.0,4
MTX,202506,2025-05-01 00:40:00,19991.0,19994.0,19990.0,19990.0,6
MTX,202506,2025-05-01 00:41:00,19995.0,19995.0,19991.0,19991.0,3
MTX,202506,2025-05-01 00:42:00,19995.0,19997.0,19995.0,19995.0,5
MTX,202506,2025-05-01 00:43:00,19996.0,19996.0,19985.0,19985.0,3
MTX,202506,2025-05-01 00:44:00,19990.0,19990.0,19988.0,19988.0,4
MTX,202506,2025-05-01 00:45:00,19985.0,19986.0,19982.0,19985.0,5
MTX,202506,2025-05-01 00:46:00,19990.0,19990.0,19988.0,19988.0,2
MTX,202506,2025-05-01 00:47:00,19985.0,19985.0,19985.0,19985.0,2
MTX,202506,2025-05-01 00:48:00,19980.0,19980.0,19980.0,19980.0,1
MTX,202506,2025-05-01 00:49:00,19983.0,19986.0,19983.0,19986.0,2
MTX,202506,2025-05-01 00:50:00,19984.0,19990.0,19984.0,19988.0,4
MTX,202506,2025-05-01 00:51:00,19991.0,19992.0,19991.0,19992.0,3
MTX,202506,2025-05-01 00:52:00,19991.0,19991.0,19991.0,19991.0,1
MTX,202506,2025-05-01 00:53:00,19991.0,19993.0,19991.0,19993.0,2
MTX,202506,2025-05-01 00:54:00,19993.0,19998.0,19993.0,19998.0,16
MTX,202506,2025-05-01 00:55:00,19995.0,19995.0,19995.0,19995.0,1
MTX,202506,2025-05-01 00:56:00,19999.0,19999.0,19995.0,19995.0,3
MTX,202506,2025-05-01 00:57:00,19993.0,19993.0,19993.0,19993.0,1
MTX,202506,2025-05-01 00:59:00,19989.0,19994.0,19989.0,19994.0,2
MTX,202506,2025-05-01 01:00:00,19995.0,19999.0,19995.0,19999.0,7
MTX,202506,2025-05-01 01:01:00,19999.0,19999.0,19999.0,19999.0,1
MTX,202506,2025-05-01 01:02:00,19999.0,19999.0,19999.0,19999.0,1
MTX,202506,2025-05-01 01:03:00,19998.0,19999.0,19995.0,19996.0,5
MTX,202506,2025-05-01 01:04:00,19990.0,19990.0,19990.0,19990.0,1
MTX,202506,2025-05-01 01:05:00,19985.0,19985.0,19978.0,19978.0,6
MTX,202506,2025-05-01 01:06:00,19978.0,19980.0,19973.0,19973.0,6
MTX,202506,2025-05-01 01:07:00,19973.0,19973.0,19973.0,19973.0,2
MTX,202506,2025-05-01 01:08:00,19973.0,19973.0,19962.0,19966.0,11
MTX,202506,2025-05-01 01:09:00,19966.0,19966.0,19966.0,19966.0,1
MTX,202506,2025-05-01 01:10:00,19965.0,19965.0,19946.0,19948.0,23
MTX,202506,2025-05-01 01:11:00,19946.0,19951.0,19945.0,19951.0,9
MTX,202506,2025-05-01 01:12:00,19951.0,19951.0,19940.0,19942.0,11
MTX,202506,2025-05-01 01:13:00,19940.0,19940.0,19937.0,19937.0,5
MTX,202506,2025-05-01 01:14:00,19939.0,19951.0,19939.0,19951.0,4
MTX,202506,2025-05-01 01:15:00,19952.0,19955.0,19952.0,19955.0,7
MTX,202506,2025-05-01 01:16:00,19960.0,19960.0,19949.0,19950.0,7
MTX,202506,2025-05-01 01:17:00,19957.0,19957.0,19957.0,19957.0,1
MTX,202506,2025-05-01 01:18:00,19962.0,19962.0,19962.0,19962.0,1
MTX,202506,2025-05-01 01:19:00,19966.0,19966.0,19966.0,19966.0,1
MTX,202506,2025-05-01 01:20:00,19969.0,19969.0,19969.0,19969.0,1
MTX,202506,2025-05-01 01:21:00,19969.0,19972.0,19969.0,19972.0,6
MTX,202506,2025-05-01 01:22:00,19972.0,19972.0,19972.0,19972.0,1
MTX,202506,2025-05-01 01:23:00,19973.0,19977.0,19973.0,19977.0,3
MTX,202506,2025-05-01 01:25:00,19977.0,19979.0,19977.0,19979.0,2
MTX,202506,2025-05-01 01:26:00,19984.0,19990.0,19984.0,19990.0,6
MTX,202506,2025-05-01 01:28:00,19999.0,20002.0,19999.0,20002.0,16
MTX,202506,2025-05-01 01:29:00,20004.0,20005.0,20002.0,20005.0,5
MTX,202506,2025-05-01 01:30:00,20000.0,20004.0,20000.0,20004.0,3
MTX,202506,2025-05-01 01:31:00,20004.0,20004.0,20004.0,20004.0,4
MTX,202506,2025-05-01 01:32:00,20004.0,20007.0,20004.0,20007.0,10
MTX,202506,2025-05-01 01:34:00,20007.0,20015.0,20007.0,20015.0,12
MTX,202506,2025-05-01 01:35:00,20015.0,20021.0,20015.0,20021.0,16
MTX,202506,2025-05-01 01:36:00,20025.0,20026.0,20025.0,20026.0,7
MTX,202506,2025-05-01 01:37:00,20028.0,20030.0,20025.0,20025.0,8
MTX,202506,2025-05-01 01:38:00,20030.0,20037.0,20030.0,20036.0,19
MTX,202506,2025-05-01 01:39:00,20036.0,20036.0,20023.0,20023.0,3
MTX,202506,2025-05-01 01:40:00,20023.0,20025.0,20020.0,20020.0,5
MTX,202506,2025-05-01 01:41:00,20022.0,20026.0,20022.0,20026.0,4
MTX,202506,2025-05-01 01:42:00,20027.0,20030.0,20026.0,20030.0,4
MTX,202506,2025-05-01 01:43:00,20035.0,20044.0,20035.0,20044.0,10
MTX,202506,2025-05-01 01:44:00,20040.0,20055.0,20040.0,20055.0,43
MTX,202506,2025-05-01 01:45:00,20055.0,20056.0,20046.0,20050.0,20
MTX,202506,2025-05-01 01:46:00,20053.0,20054.0,20053.0,20054.0,2
MTX,202506,2025-05-01 01:47:00,20052.0,20052.0,20052.0,20052.0,11
MTX,202506,2025-05-01 01:48:00,20050.0,20050.0,20050.0,20050.0,3
MTX,202506,2025-05-01 01:49:00,20050.0,20052.0,20050.0,20052.0,3
MTX,202506,2025-05-01 01:50:00,20053.0,20057.0,20053.0,20055.0,8
MTX,202506,2025-05-01 01:51:00,20054.0,20054.0,20053.0,20053.0,2
MTX,202506,2025-05-01 01:52:00,20054.0,20054.0,20054.0,20054.0,3
MTX,202506,2025-05-01 01:53:00,20054.0,20054.0,20050.0,20054.0,12
MTX,202506,2025-05-01 01:54:00,20058.0,20058.0,20058.0,20058.0,1
MTX,202506,2025-05-01 01:55:00,20060.0,20072.0,20060.0,20072.0,30
MTX,202506,2025-05-01 01:56:00,20058.0,20058.0,20058.0,20058.0,1
MTX,202506,2025-05-01 01:57:00,20055.0,20066.0,20054.0,20066.0,5
MTX,202506,2025-05-01 01:58:00,20069.0,20069.0,20065.0,20067.0,5
MTX,202506,2025-05-01 02:00:00,20050.0,20054.0,20050.0,20053.0,5
MTX,202506,2025-05-01 02:01:00,20047.0,20047.0,20044.0,20044.0,4
MTX,202506,2025-05-01 02:02:00,20043.0,20046.0,20043.0,20046.0,2
MTX,202506,2025-05-01 02:03:00,20050.0,20059.0,20050.0,20059.0,5
MTX,202506,2025-05-01 02:05:00,20055.0,20055.0,20055.0,20055.0,2
MTX,202506,2025-05-01 02:07:00,20052.0,20128.0,20052.0,20088.0,163
MTX,202506,2025-05-01 02:08:00,20086.0,20089.0,20084.0,20086.0,8
MTX,202506,2025-05-01 02:09:00,20088.0,20092.0,20071.0,20071.0,12
MTX,202506,2025-05-01 02:10:00,20078.0,20096.0,20078.0,20094.0,10
MTX,202506,2025-05-01 02:11:00,20100.0,20114.0,20100.0,20113.0,10
MTX,202506,2025-05-01 02:12:00,20120.0,20125.0,20112.0,20112.0,12
MTX,202506,2025-05-01 02:13:00,20107.0,20107.0,20101.0,20102.0,8
MTX,202506,2025-05-01 02:14:00,20101.0,20108.0,20101.0,20108.0,3
MTX,202506,2025-05-01 02:15:00,20110.0,20110.0,20110.0,20110.0,1
MTX,202506,2025-05-01 02:16:00,20117.0,20120.0,20117.0,20120.0,2
MTX,202506,2025-05-01 02:17:00,20120.0,20126.0,20120.0,20126.0,5
MTX,202506,2025-05-01 02:18:00,20120.0,20120.0,20120.0,20120.0,1
MTX,202506,2025-05-01 02:19:00,20115.0,20119.0,20115.0,20119.0,3
MTX,202506,2025-05-01 02:20:00,20121.0,20127.0,20121.0,20127.0,4
MTX,202506,2025-05-01 02:22:00,20108.0,20117.0,20108.0,20116.0,4
MTX,202506,2025-05-01 02:23:00,20111.0,20111.0,20111.0,20111.0,4
MTX,202506,2025-05-01 02:25:00,20108.0,20108.0,20108.0,20108.0,1
MTX,202506,2025-05-01 02:26:00,20114.0,20114.0,20114.0,20114.0,1
MTX,202506,2025-05-01 02:27:00,20118.0,20118.0,20118.0,20118.0,1
MTX,202506,2025-05-01 02:28:00,20100.0,20100.0,20093.0,20093.0,4
MTX,202506,2025-05-01 02:29:00,20085.0,20085.0,20066.0,20083.0,13
MTX,202506,2025-05-01 02:30:00,20077.0,20077.0,20072.0,20077.0,7
MTX,202506,2025-05-01 02:31:00,20077.0,20080.0,20072.0,20080.0,6
MTX,202506,2025-05-01 02:32:00,20090.0,20090.0,20090.0,20090.0,1
MTX,202506,2025-05-01 02:33:00,20090.0,20090.0,20088.0,20088.0,2
MTX,202506,2025-05-01 02:34:00,20088.0,20088.0,20082.0,20082.0,2
MTX,202506,2025-05-01 02:35:00,20077.0,20077.0,20068.0,20071.0,7
MTX,202506,2025-05-01 02:36:00,20069.0,20069.0,20060.0,20063.0,6
MTX,202506,2025-05-01 02:37:00,20061.0,20066.0,20058.0,20066.0,6
MTX,202506,2025-05-01 02:38:00,20063.0,20063.0,20051.0,20051.0,3
MTX,202506,2025-05-01 02:39:00,20056.0,20056.0,20056.0,20056.0,1
MTX,202506,2025-05-01 02:40:00,20051.0,20051.0,20050.0,20050.0,2
MTX,202506,2025-05-01 02:41:00,20052.0,20057.0,20049.0,20057.0,3
MTX,202506,2025-05-01 02:42:00,20067.0,20067.0,20067.0,20067.0,1
MTX,202506,2025-05-01 02:43:00,20068.0,20068.0,20061.0,20061.0,4
MTX,202506,2025-05-01 02:44:00,20067.0,20067.0,20065.0,20065.0,2
MTX,202506,2025-05-01 02:45:00,20064.0,20064.0,20064.0,20064.0,1
MTX,202506,2025-05-01 02:46:00,20074.0,20078.0,20070.0,20078.0,18
MTX,202506,2025-05-01 02:47:00,20079.0,20079.0,20079.0,20079.0,1
MTX,202506,2025-05-01 02:49:00,20086.0,20091.0,20086.0,20090.0,4
MTX,202506,2025-05-01 02:50:00,20098.0,20098.0,20098.0,20098.0,1
MTX,202506,2025-05-01 02:51:00,20100.0,20100.0,20092.0,20092.0,4
MTX,202506,2025-05-01 02:53:00,20088.0,20088.0,20088.0,20088.0,1
MTX,202506,2025-05-01 02:54:00,20085.0,20085.0,20085.0,20085.0,1
MTX,202506,2025-05-01 02:55:00,20087.0,20087.0,20087.0,20087.0,3
MTX,202506,2025-05-01 02:56:00,20083.0,20086.0,20083.0,20086.0,2
MTX,202506,2025-05-01 02:57:00,20081.0,20081.0,20078.0,20078.0,2
MTX,202506,2025-05-01 02:58:00,20079.0,20079.0,20079.0,20079.0,2
MTX,202506,2025-05-01 02:59:00,20081.0,20081.0,20081.0,20081.0,1
MTX,202506,2025-05-01 03:01:00,20090.0,20090.0,20090.0,20090.0,1
MTX,202506,2025-05-01 03:02:00,20083.0,20090.0,20083.0,20090.0,2
MTX,202506,2025-05-01 03:03:00,20092.0,20095.0,20092.0,20095.0,2
MTX,202506,2025-05-01 03:04:00,20092.0,20092.0,20092.0,20092.0,1
MTX,202506,2025-05-01 03:06:00,20091.0,20091.0,20091.0,20091.0,1
MTX,202506,2025-05-01 03:07:00,20085.0,20085.0,20085.0,20085.0,1
MTX,202506,2025-05-01 03:08:00,20087.0,20087.0,20082.0,20086.0,3
MTX,202506,2025-05-01 03:09:00,20087.0,20087.0,20087.0,20087.0,1
MTX,202506,2025-05-01 03:12:00,20095.0,20098.0,20095.0,20098.0,2
MTX,202506,2025-05-01 03:13:00,20095.0,20095.0,20095.0,20095.0,3
MTX,202506,2025-05-01 03:14:00,20093.0,20093.0,20093.0,20093.0,1
MTX,202506,2025-05-01 03:15:00,20091.0,20091.0,20090.0,20090.0,4
MTX,202506,2025-05-01 03:17:00,20091.0,20091.0,20085.0,20085.0,3
MTX,202506,2025-05-01 03:21:00,20083.0,20083.0,20083.0,20083.0,1
MTX,202506,2025-05-01 03:23:00,20079.0,20079.0,20079.0,20079.0,3
MTX,202506,2025-05-01 03:24:00,20073.0,20073.0,20073.0,20073.0,1
MTX,202506,2025-05-01 03:25:00,20069.0,20069.0,20065.0,20065.0,2
MTX,202506,2025-05-01 03:26:00,20061.0,20061.0,20061.0,20061.0,1
MTX,202506,2025-05-01 03:27:00,20056.0,20060.0,20056.0,20060.0,2
MTX,202506,2025-05-01 03:28:00,20060.0,20060.0,20060.0,20060.0,1
MTX,202506,2025-05-01 03:31:00,20062.0,20062.0,20062.0,20062.0,2
MTX,202506,2025-05-01 03:32:00,20059.0,20062.0,20059.0,20062.0,2
MTX,202506,2025-05-01 03:33:00,20065.0,20065.0,20065.0,20065.0,1
MTX,202506,2025-05-01 03:35:00,20064.0,20064.0,20064.0,20064.0,1
MTX,202506,2025-05-01 03:37:00,20067.0,20067.0,20067.0,20067.0,1
MTX,202506,2025-05-01 03:39:00,20078.0,20078.0,20069.0,20069.0,2
MTX,202506,2025-05-01 03:40:00,20071.0,20071.0,20071.0,20071.0,1
MTX,202506,2025-05-01 03:43:00,20083.0,20088.0,20083.0,20088.0,2
MTX,202506,2025-05-01 03:45:00,20094.0,20099.0,20094.0,20099.0,7
MTX,202506,2025-05-01 03:46:00,20100.0,20101.0,20099.0,20099.0,3
MTX,202506,2025-05-01 03:47:00,20106.0,20106.0,20106.0,20106.0,1
MTX,202506,2025-05-01 03:48:00,20108.0,20110.0,20108.0,20110.0,3
MTX,202506,2025-05-01 03:50:00,20110.0,20146.0,20110.0,20146.0,36
MTX,202506,2025-05-01 03:51:00,20150.0,20153.0,20143.0,20152.0,12
MTX,202506,2025-05-01 03:52:00,20156.0,20158.0,20152.0,20158.0,17
MTX,202506,2025-05-01 03:53:00,20158.0,20162.0,20144.0,20144.0,19
MTX,202506,2025-05-01 03:54:00,20145.0,20145.0,20145.0,20145.0,2
MTX,202506,2025-05-01 03:55:00,20154.0,20160.0,20154.0,20159.0,3
MTX,202506,2025-05-01 03:56:00,20165.0,20190.0,20165.0,20175.0,67
MTX,202506,2025-05-01 03:57:00,20167.0,20175.0,20166.0,20166.0,8
MTX,202506,2025-05-01 03:58:00,20168.0,20170.0,20168.0,20170.0,4
MTX,202506,2025-05-01 03:59:00,20161.0,20161.0,20139.0,20145.0,10
MTX,202506,2025-05-01 04:00:00,20144.0,20149.0,20116.0,20131.0,60
MTX,202506,2025-05-01 04:01:00,20133.0,20178.0,20133.0,20165.0,16
MTX,202506,2025-05-01 04:02:00,20170.0,20173.0,20160.0,20163.0,5
MTX,202506,2025-05-01 04:03:00,20155.0,20159.0,20146.0,20153.0,13
MTX,202506,2025-05-01 04:04:00,20159.0,20159.0,20159.0,20159.0,1
MTX,202506,2025-05-01 04:05:00,20163.0,20182.0,20162.0,20182.0,23
MTX,202506,2025-05-01 04:06:00,20182.0,20202.0,20182.0,20200.0,59
MTX,202506,2025-05-01 04:07:00,20187.0,20187.0,20178.0,20183.0,5
MTX,202506,2025-05-01 04:08:00,20191.0,20193.0,20191.0,20193.0,3
MTX,202506,2025-05-01 04:09:00,20200.0,20205.0,20190.0,20190.0,7
MTX,202506,2025-05-01 04:10:00,20190.0,20201.0,20186.0,20201.0,13
MTX,202506,2025-05-01 04:11:00,20196.0,20198.0,20196.0,20198.0,6
MTX,202506,2025-05-01 04:12:00,20200.0,20214.0,20200.0,20214.0,14
MTX,202506,2025-05-01 04:13:00,20208.0,20216.0,20207.0,20211.0,13
MTX,202506,2025-05-01 04:14:00,20220.0,20220.0,20204.0,20204.0,11
MTX,202506,2025-05-01 04:15:00,20210.0,20210.0,20210.0,20210.0,1
MTX,202506,2025-05-01 04:16:00,20210.0,20210.0,20210.0,20210.0,2
MTX,202506,2025-05-01 04:17:00,20204.0,20208.0,20204.0,20208.0,5
MTX,202506,2025-05-01 04:18:00,20200.0,20201.0,20200.0,20200.0,3
MTX,202506,2025-05-01 04:19:00,20210.0,20222.0,20210.0,20222.0,9
MTX,202506,2025-05-01 04:20:00,20216.0,20216.0,20215.0,20215.0,3
MTX,202506,2025-05-01 04:21:00,20224.0,20232.0,20224.0,20229.0,8
MTX,202506,2025-05-01 04:22:00,20229.0,20240.0,20225.0,20240.0,17
MTX,202506,2025-05-01 04:23:00,20243.0,20243.0,20234.0,20234.0,8
MTX,202506,2025-05-01 04:24:00,20236.0,20250.0,20234.0,20245.0,17
MTX,202506,2025-05-01 04:25:00,20250.0,20250.0,20238.0,20238.0,5
MTX,202506,2025-05-01 04:26:00,20242.0,20242.0,20235.0,20235.0,9
MTX,202506,2025-05-01 04:27:00,20240.0,20240.0,20240.0,20240.0,2
MTX,202506,2025-05-01 04:28:00,20240.0,20247.0,20240.0,20247.0,4
MTX,202506,2025-05-01 04:29:00,20247.0,20250.0,20244.0,20244.0,7
MTX,202506,2025-05-01 04:30:00,20248.0,20250.0,20246.0,20246.0,4
MTX,202506,2025-05-01 04:31:00,20250.0,20250.0,20250.0,20250.0,10
MTX,202506,2025-05-01 04:32:00,20251.0,20252.0,20251.0,20252.0,3
MTX,202506,2025-05-01 04:33:00,20254.0,20258.0,20254.0,20256.0,4
MTX,202506,2025-05-01 04:34:00,20256.0,20256.0,20255.0,20255.0,4
MTX,202506,2025-05-01 04:35:00,20256.0,20256.0,20250.0,20253.0,5
MTX,202506,2025-05-01 04:36:00,20256.0,20264.0,20256.0,20263.0,8
MTX,202506,2025-05-01 04:37:00,20259.0,20259.0,20255.0,20255.0,3
MTX,202506,2025-05-01 04:38:00,20255.0,20260.0,20252.0,20259.0,5
MTX,202506,2025-05-01 04:39:00,20259.0,20269.0,20259.0,20269.0,8
MTX,202506,2025-05-01 04:40:00,20270.0,20271.0,20270.0,20271.0,3
MTX,202506,2025-05-01 04:41:00,20263.0,20266.0,20263.0,20263.0,5
MTX,202506,2025-05-01 04:42:00,20265.0,20265.0,20264.0,20264.0,6
MTX,202506,2025-05-01 04:43:00,20265.0,20267.0,20265.0,20265.0,3
MTX,202506,2025-05-01 04:44:00,20263.0,20263.0,20263.0,20263.0,1
MTX,202506,2025-05-01 04:45:00,20255.0,20255.0,20251.0,20254.0,8
MTX,202506,2025-05-01 04:46:00,20255.0,20263.0,20255.0,20263.0,6
MTX,202506,2025-05-01 04:47:00,20257.0,20258.0,20257.0,20258.0,2
MTX,202506,2025-05-01 04:48:00,20258.0,20258.0,20258.0,20258.0,2
MTX,202506,2025-05-01 04:49:00,20256.0,20265.0,20255.0,20265.0,10
MTX,202506,2025-05-01 04:50:00,20265.0,20265.0,20264.0,20264.0,2
MTX,202506,2025-05-01 04:51:00,20266.0,20285.0,20266.0,20285.0,21
MTX,202506,2025-05-01 04:52:00,20288.0,20300.0,20288.0,20300.0,27
MTX,202506,2025-05-01 04:53:00,20300.0,20309.0,20298.0,20309.0,35
MTX,202506,2025-05-01 04:54:00,20305.0,20315.0,20302.0,20315.0,8
MTX,202506,2025-05-01 04:55:00,20302.0,20302.0,20266.0,20299.0,17
MTX,202506,2025-05-01 04:56:00,20298.0,20310.0,20298.0,20310.0,8
MTX,202506,2025-05-01 04:57:00,20320.0,20320.0,20309.0,20310.0,11
MTX,202506,2025-05-01 04:58:00,20310.0,20319.0,20310.0,20315.0,22
MTX,202506,2025-05-01 04:59:00,20311.0,20338.0,20308.0,20325.0,48
MTX,202506/202512,2025-04-30 16:23:00,-395.0,-395.0,-395.0,-395.0,2
MTX,202506/202512,2025-04-30 16:53:00,-397.0,-397.0,-397.0,-397.0,2
MTX,202507,2025-04-30 15:02:00,19872.0,19872.0,19872.0,19872.0,1
MTX,202507,2025-04-30 15:05:00,19860.0,19860.0,19860.0,19860.0,1
MTX,202507,2025-04-30 15:07:00,19866.0,19866.0,19865.0,19865.0,4
MTX,202507,2025-04-30 15:12:00,19860.0,19860.0,19860.0,19860.0,1
MTX,202507,2025-04-30 15:14:00,19872.0,19872.0,19872.0,19872.0,2
MTX,202507,2025-04-30 15:20:00,19884.0,19884.0,19884.0,19884.0,1
MTX,202507,2025-04-30 15:21:00,19885.0,19886.0,19885.0,19886.0,2
MTX,202507,2025-04-30 15:24:00,19887.0,19887.0,19887.0,19887.0,1
MTX,202507,2025-04-30 15:25:00,19885.0,19885.0,19885.0,19885.0,1
MTX,202507,2025-04-30 15:26:00,19892.0,19892.0,19892.0,19892.0,1
MTX,202507,2025-04-30 15:27:00,19893.0,19893.0,19891.0,19891.0,2
MTX,202507,2025-04-30 15:50:00,19876.0,19876.0,19876.0,19876.0,1
MTX,202507,2025-04-30 15:54:00,19874.0,19874.0,19873.0,19873.0,4
MTX,202507,2025-04-30 15:57:00,19891.0,19891.0,19891.0,19891.0,1
MTX,202507,2025-04-30 16:02:00,19877.0,19877.0,19877.0,19877.0,1
MTX,202507,2025-04-30 16:06:00,19888.0,19888.0,19888.0,19888.0,1
MTX,202507,2025-04-30 16:07:00,19883.0,19883.0,19883.0,19883.0,1
MTX,202507,2025-04-30 16:10:00,19895.0,19895.0,19895.0,19895.0,1
MTX,202507,2025-04-30 16:15:00,19910.0,19910.0,19910.0,19910.0,6
MTX,202507,2025-04-30 16:17:00,19905.0,19905.0,19905.0,19905.0,1
MTX,202507,2025-04-30 16:18:00,19910.0,19910.0,19910.0,19910.0,1
MTX,202507,2025-04-30 16:25:00,19909.0,19909.0,19909.0,19909.0,1
MTX,202507,2025-04-30 16:39:00,19894.0,19894.0,19894.0,19894.0,1
MTX,202507,2025-04-30 16:44:00,19905.0,19905.0,19905.0,19905.0,1
MTX,202507,2025-04-30 16:54:00,19908.0,19908.0,19908.0,19908.0,1
MTX,202507,2025-04-30 16:59:00,19894.0,19894.0,19894.0,19894.0,1
MTX,202507,2025-04-30 17:16:00,19899.0,19899.0,19899.0,19899.0,1
MTX,202507,2025-04-30 17:24:00,19903.0,19903.0,19903.0,19903.0,2
MTX,202507,2025-04-30 17:30:00,19925.0,19925.0,19925.0,19925.0,1
MTX,202507,2025-04-30 17:42:00,19920.0,19920.0,19920.0,19920.0,1
MTX,202507,2025-04-30 17:53:00,19915.0,19919.0,19915.0,19919.0,2
MTX,202507,2025-04-30 18:08:00,19919.0,19919.0,19919.0,19919.0,2
MTX,202507,2025-04-30 18:09:00,19918.0,19918.0,19918.0,19918.0,1
MTX,202507,2025-04-30 18:15:00,19921.0,19921.0,19921.0,19921.0,1
MTX,202507,2025-04-30 18:16:00,19927.0,19927.0,19927.0,19927.0,1
MTX,202507,2025-04-30 18:28:00,19920.0,19920.0,19920.0,19920.0,1
MTX,202507,2025-04-30 18:31:00,19894.0,19894.0,19894.0,19894.0,1
MTX,202507,2025-04-30 18:32:00,19893.0,19893.0,19893.0,19893.0,1
MTX,202507,2025-04-30 18:33:00,19900.0,19900.0,19900.0,19900.0,1
MTX,202507,2025-04-30 18:34:00,19900.0,19900.0,19900.0,19900.0,1
MTX,202507,2025-04-30 18:43:00,19895.0,19895.0,19888.0,19888.0,2
MTX,202507,2025-04-30 19:00:00,19900.0,19900.0,19900.0,19900.0,1
MTX,202507,2025-04-30 19:08:00,19900.0,19900.0,19900.0,19900.0,1
MTX,202507,2025-04-30 19:28:00,19880.0,19880.0,19880.0,19880.0,1
MTX,202507,2025-04-30 19:33:00,19865.0,19866.0,19865.0,19866.0,2
MTX,202507,2025-04-30 19:39:00,19872.0,19872.0,19872.0,19872.0,1
MTX,202507,2025-04-30 19:43:00,19872.0,19872.0,19872.0,19872.0,2
MTX,202507,2025-04-30 19:46:00,19873.0,19873.0,19873.0,19873.0,1
MTX,202507,2025-04-30 19:47:00,19872.0,19872.0,19872.0,19872.0,1
MTX,202507,2025-04-30 19:54:00,19875.0,19875.0,19875.0,19875.0,1
MTX,202507,2025-04-30 20:04:00,19874.0,19874.0,19874.0,19874.0,2
MTX,202507,2025-04-30 20:15:00,19858.0,19858.0,19849.0,19849.0,4
MTX,202507,2025-04-30 20:17:00,19850.0,19850.0,19850.0,19850.0,1
MTX,202507,2025-04-30 20:20:00,19849.0,19849.0,19849.0,19849.0,1
MTX,202507,2025-04-30 20:25:00,19832.0,19832.0,19832.0,19832.0,1
MTX,202507,2025-04-30 20:26:00,19830.0,19830.0,19830.0,19830.0,1
MTX,202507,2025-04-30 20:31:00,19830.0,19830.0,19830.0,19830.0,1
MTX,202507,2025-04-30 20:32:00,19820.0,19820.0,19811.0,19811.0,4
MTX,202507,2025-04-30 20:33:00,19818.0,19818.0,19818.0,19818.0,1
MTX,202507,2025-04-30 20:36:00,19818.0,19818.0,19800.0,19800.0,4
MTX,202507,2025-04-30 20:40:00,19786.0,19790.0,19786.0,19790.0,2
MTX,202507,2025-04-30 20:41:00,19780.0,19780.0,19756.0,19756.0,3
MTX,202507,2025-04-30 20:42:00,19750.0,19750.0,19750.0,19750.0,1
MTX,202507,2025-04-30 20:43:00,19768.0,19768.0,19768.0,19768.0,1
MTX,202507,2025-04-30 20:45:00,19752.0,19752.0,19738.0,19738.0,6
MTX,202507,2025-04-30 20:47:00,19711.0,19711.0,19703.0,19703.0,10
MTX,202507,2025-04-30 20:48:00,19695.0,19695.0,19688.0,19688.0,3
MTX,202507,2025-04-30 20:57:00,19718.0,19726.0,19717.0,19721.0,7
MTX,202507,2025-04-30 20:59:00,19702.0,19702.0,19702.0,19702.0,2
MTX,202507,2025-04-30 21:00:00,19690.0,19690.0,19688.0,19688.0,6
MTX,202507,2025-04-30 21:06:00,19705.0,19705.0,19689.0,19689.0,2
MTX,202507,2025-04-30 21:10:00,19675.0,19675.0,19675.0,19675.0,1
MTX,202507,2025-04-30 21:11:00,19685.0,19685.0,19685.0,19685.0,3
MTX,202507,2025-04-30 21:12:00,19685.0,19685.0,19685.0,19685.0,1
MTX,202507,2025-04-30 21:14:00,19675.0,19675.0,19674.0,19674.0,5
MTX,202507,2025-04-30 21:18:00,19684.0,19684.0,19684.0,19684.0,1
MTX,202507,2025-04-30 21:30:00,19680.0,19683.0,19674.0,19683.0,5
MTX,202507,2025-04-30 21:31:00,19668.0,19668.0,19664.0,19664.0,5
MTX,202507,2025-04-30 21:33:00,19675.0,19682.0,19675.0,19682.0,5
MTX,202507,2025-04-30 21:36:00,19683.0,19683.0,19683.0,19683.0,1
MTX,202507,2025-04-30 21:37:00,19659.0,19659.0,19652.0,19654.0,3
MTX,202507,2025-04-30 21:39:00,19645.0,19645.0,19645.0,19645.0,3
MTX,202507,2025-04-30 21:40:00,19650.0,19650.0,19636.0,19636.0,4
MTX,202507,2025-04-30 21:41:00,19630.0,19630.0,19627.0,19627.0,4
MTX,202507,2025-04-30 21:42:00,19630.0,19630.0,19630.0,19630.0,1
MTX,202507,2025-04-30 21:43:00,19620.0,19620.0,19620.0,19620.0,1
MTX,202507,2025-04-30 21:45:00,19638.0,19638.0,19638.0,19638.0,1
MTX,202507,2025-04-30 21:46:00,19640.0,19640.0,19640.0,19640.0,1
MTX,202507,2025-04-30 21:47:00,19655.0,19655.0,19655.0,19655.0,2
MTX,202507,2025-04-30 21:48:00,19654.0,19666.0,19654.0,19666.0,4
MTX,202507,2025-04-30 21:52:00,19640.0,19640.0,19640.0,19640.0,3
MTX,202507,2025-04-30 21:54:00,19630.0,19630.0,19630.0,19630.0,1
MTX,202507,2025-04-30 21:56:00,19621.0,19621.0,19621.0,19621.0,1
MTX,202507,2025-04-30 21:58:00,19607.0,19607.0,19607.0,19607.0,3
MTX,202507,2025-04-30 21:59:00,19605.0,19605.0,19605.0,19605.0,1
MTX,202507,2025-04-30 22:01:00,19660.0,19663.0,19656.0,19656.0,3
MTX,202507,2025-04-30 22:03:00,19660.0,19660.0,19660.0,19660.0,1
MTX,202507,2025-04-30 22:04:00,19660.0,19660.0,19660.0,19660.0,1
MTX,202507,2025-04-30 22:06:00,19672.0,19672.0,19672.0,19672.0,1
MTX,202507,2025-04-30 22:07:00,19658.0,19658.0,19658.0,19658.0,1
MTX,202507,2025-04-30 22:08:00,19672.0,19672.0,19672.0,19672.0,1
MTX,202507,2025-04-30 22:10:00,19689.0,19689.0,19689.0,19689.0,5
MTX,202507,2025-04-30 22:15:00,19687.0,19687.0,19687.0,19687.0,2
MTX,202507,2025-04-30 22:19:00,19690.0,19692.0,19690.0,19692.0,2
MTX,202507,2025-04-30 22:21:00,19697.0,19697.0,19697.0,19697.0,1
MTX,202507,2025-04-30 22:23:00,19697.0,19697.0,19697.0,19697.0,1
MTX,202507,2025-04-30 22:24:00,19705.0,19705.0,19705.0,19705.0,1
MTX,202507,2025-04-30 22:27:00,19719.0,19719.0,19719.0,19719.0,1
MTX,202507,2025-04-30 22:29:00,19728.0,19728.0,19728.0,19728.0,1
MTX,202507,2025-04-30 22:31:00,19730.0,19730.0,19730.0,19730.0,1
MTX,202507,2025-04-30 22:35:00,19699.0,19699.0,19699.0,19699.0,1
MTX,202507,2025-04-30 22:38:00,19690.0,19690.0,19690.0,19690.0,1
MTX,202507,2025-04-30 22:39:00,19699.0,19699.0,19699.0,19699.0,1
MTX,202507,2025-04-30 22:43:00,19703.0,19703.0,19703.0,19703.0,1
MTX,202507,2025-04-30 22:51:00,19690.0,19690.0,19690.0,19690.0,1
MTX,202507,2025-04-30 22:55:00,19714.0,19714.0,19714.0,19714.0,1
MTX,202507,2025-04-30 22:57:00,19730.0,19730.0,19730.0,19730.0,2
MTX,202507,2025-04-30 22:59:00,19732.0,19732.0,19732.0,19732.0,4
MTX,202507,2025-04-30 23:00:00,19744.0,19745.0,19744.0,19745.0,2
MTX,202507,2025-04-30 23:01:00,19746.0,19746.0,19746.0,19746.0,1
MTX,202507,2025-04-30 23:03:00,19740.0,19740.0,19740.0,19740.0,1
MTX,202507,2025-04-30 23:07:00,19746.0,19750.0,19746.0,19750.0,4
MTX,202507,2025-04-30 23:08:00,19748.0,19748.0,19748.0,19748.0,1
MTX,202507,2025-04-30 23:10:00,19748.0,19748.0,19748.0,19748.0,1
MTX,202507,2025-04-30 23:12:00,19760.0,19760.0,19760.0,19760.0,1
MTX,202507,2025-04-30 23:21:00,19756.0,19770.0,19756.0,19767.0,6
MTX,202507,2025-04-30 23:24:00,19770.0,19770.0,19770.0,19770.0,1
MTX,202507,2025-04-30 23:28:00,19770.0,19770.0,19770.0,19770.0,1
MTX,202507,2025-04-30 23:31:00,19758.0,19758.0,19758.0,19758.0,1
MTX,202507,2025-04-30 23:43:00,19758.0,19758.0,19758.0,19758.0,1
MTX,202507,2025-04-30 23:44:00,19765.0,19765.0,19765.0,19765.0,1
MTX,202507,2025-04-30 23:55:00,19754.0,19754.0,19754.0,19754.0,1
MTX,202507,2025-05-01 00:05:00,19768.0,19768.0,19768.0,19768.0,1
MTX,202507,2025-05-01 00:08:00,19780.0,19780.0,19780.0,19780.0,1
MTX,202507,2025-05-01 00:09:00,19784.0,19784.0,19784.0,19784.0,1
MTX,202507,2025-05-01 00:10:00,19770.0,19770.0,19770.0,19770.0,1
MTX,202507,2025-05-01 00:25:00,19732.0,19732.0,19732.0,19732.0,1
MTX,202507,2025-05-01 00:42:00,19752.0,19752.0,19752.0,19752.0,1
MTX,202507,2025-05-01 00:57:00,19754.0,19754.0,19754.0,19754.0,1
MTX,202507,2025-05-01 01:13:00,19700.0,19700.0,19700.0,19700.0,1
MTX,202507,2025-05-01 01:14:00,19701.0,19701.0,19701.0,19701.0,1
MTX,202507,2025-05-01 01:25:00,19735.0,19735.0,19735.0,19735.0,1
MTX,202507,2025-05-01 01:36:00,19783.0,19784.0,19783.0,19784.0,2
MTX,202507,2025-05-01 01:43:00,19799.0,19800.0,19799.0,19800.0,2
MTX,202507,2025-05-01 01:47:00,19810.0,19811.0,19810.0,19811.0,3
MTX,202507,2025-05-01 01:55:00,19831.0,19831.0,19831.0,19831.0,1
MTX,202507,2025-05-01 02:01:00,19810.0,19810.0,19810.0,19810.0,1
MTX,202507,2025-05-01 02:07:00,19880.0,19880.0,19880.0,19880.0,1
MTX,202507,2025-05-01 02:10:00,19846.0,19846.0,19846.0,19846.0,1
MTX,202507,2025-05-01 02:29:00,19850.0,19850.0,19850.0,19850.0,1
MTX,202507,2025-05-01 02:32:00,19850.0,19850.0,19850.0,19850.0,1
MTX,202507,2025-05-01 02:49:00,19850.0,19850.0,19850.0,19850.0,1
MTX,202507,2025-05-01 02:56:00,19842.0,19842.0,19842.0,19842.0,1
MTX,202507,2025-05-01 03:25:00,19830.0,19830.0,19830.0,19830.0,1
MTX,202507,2025-05-01 03:50:00,19888.0,19894.0,19888.0,19894.0,6
MTX,202507,2025-05-01 03:51:00,19900.0,19900.0,19900.0,19900.0,2
MTX,202507,2025-05-01 03:56:00,19917.0,19930.0,19917.0,19930.0,9
MTX,202507,2025-05-01 04:06:00,19930.0,19952.0,19930.0,19952.0,5
MTX,202507,2025-05-01 04:13:00,19962.0,19962.0,19962.0,19962.0,1
MTX,202507,2025-05-01 04:20:00,19968.0,19968.0,19968.0,19968.0,1
MTX,202507,2025-05-01 04:21:00,19970.0,19970.0,19970.0,19970.0,1
MTX,202507,2025-05-01 04:24:00,19987.0,19987.0,19987.0,19987.0,1
MTX,202507,2025-05-01 04:33:00,20000.0,20000.0,20000.0,20000.0,1
MTX,202507,2025-05-01 04:35:00,20000.0,20000.0,20000.0,20000.0,2
MTX,202507,2025-05-01 04:36:00,20000.0,20000.0,20000.0,20000.0,2
MTX,202507,2025-05-01 04:49:00,20000.0,20000.0,20000.0,20000.0,1
MTX,202507,2025-05-01 04:50:00,20000.0,20000.0,20000.0,20000.0,1
MTX,202507,2025-05-01 04:52:00,20032.0,20032.0,20032.0,20032.0,1
MTX,202507,2025-05-01 04:59:00,20061.0,20061.0,20061.0,20061.0,1
MTX,202509,2025-04-30 15:01:00,19750.0,19750.0,19750.0,19750.0,1
MTX,202509,2025-04-30 15:18:00,19750.0,19750.0,19750.0,19750.0,3
MTX,202509,2025-04-30 15:19:00,19755.0,19755.0,19755.0,19755.0,1
MTX,202509,2025-04-30 15:24:00,19755.0,19755.0,19755.0,19755.0,1
MTX,202509,2025-04-30 15:54:00,19749.0,19749.0,19749.0,19749.0,1
MTX,202509,2025-04-30 16:09:00,19765.0,19765.0,19765.0,19765.0,1
MTX,202509,2025-04-30 16:15:00,19772.0,19772.0,19772.0,19772.0,1
MTX,202509,2025-04-30 16:16:00,19788.0,19788.0,19788.0,19788.0,1
MTX,202509,2025-04-30 17:27:00,19786.0,19788.0,19786.0,19788.0,7
MTX,202509,2025-04-30 17:30:00,19790.0,19790.0,19790.0,19790.0,1
MTX,202509,2025-04-30 17:57:00,19790.0,19790.0,19790.0,19790.0,1
MTX,202509,2025-04-30 18:21:00,19791.0,19791.0,19791.0,19791.0,2
MTX,202509,2025-04-30 18:31:00,19770.0,19770.0,19770.0,19770.0,1
MTX,202509,2025-04-30 19:44:00,19745.0,19745.0,19745.0,19745.0,1
MTX,202509,2025-04-30 19:49:00,19744.0,19744.0,19744.0,19744.0,1
MTX,202509,2025-04-30 20:04:00,19744.0,19744.0,19744.0,19744.0,1
MTX,202509,2025-04-30 20:16:00,19723.0,19723.0,19723.0,19723.0,1
MTX,202509,2025-04-30 20:17:00,19722.0,19722.0,19722.0,19722.0,1
MTX,202509,2025-04-30 20:32:00,19680.0,19680.0,19680.0,19680.0,1
MTX,202509,2025-04-30 20:36:00,19670.0,19670.0,19670.0,19670.0,1
MTX,202509,2025-04-30 20:40:00,19660.0,19660.0,19660.0,19660.0,1
MTX,202509,2025-04-30 20:41:00,19650.0,19650.0,19630.0,19630.0,5
MTX,202509,2025-04-30 20:42:00,19630.0,19630.0,19630.0,19630.0,1
MTX,202509,2025-04-30 20:45:00,19600.0,19600.0,19597.0,19597.0,4
MTX,202509,2025-04-30 20:47:00,19590.0,19590.0,19590.0,19590.0,2
MTX,202509,2025-04-30 20:51:00,19590.0,19590.0,19579.0,19579.0,2
MTX,202509,2025-04-30 20:59:00,19580.0,19580.0,19579.0,19579.0,4
MTX,202509,2025-04-30 21:03:00,19575.0,19580.0,19575.0,19580.0,2
MTX,202509,2025-04-30 21:08:00,19560.0,19561.0,19560.0,19561.0,2
MTX,202509,2025-04-30 21:09:00,19554.0,19554.0,19552.0,19552.0,2
MTX,202509,2025-04-30 21:13:00,19555.0,19555.0,19555.0,19555.0,1
MTX,202509,2025-04-30 21:14:00,19550.0,19550.0,19550.0,19550.0,1
MTX,202509,2025-04-30 21:16:00,19552.0,19552.0,19552.0,19552.0,1
MTX,202509,2025-04-30 21:20:00,19575.0,19575.0,19575.0,19575.0,1
MTX,202509,2025-04-30 21:21:00,19585.0,19585.0,19585.0,19585.0,1
MTX,202509,2025-04-30 21:25:00,19587.0,19587.0,19587.0,19587.0,1
MTX,202509,2025-04-30 21:26:00,19583.0,19583.0,19583.0,19583.0,1
MTX,202509,2025-04-30 21:28:00,19575.0,19575.0,19575.0,19575.0,1
MTX,202509,2025-04-30 21:29:00,19575.0,19575.0,19575.0,19575.0,2
MTX,202509,2025-04-30 21:31:00,19540.0,19540.0,19540.0,19540.0,1
MTX,202509,2025-04-30 21:32:00,19540.0,19542.0,19540.0,19542.0,2
MTX,202509,2025-04-30 21:35:00,19579.0,19579.0,19579.0,19579.0,1
MTX,202509,2025-04-30 21:39:00,19520.0,19520.0,19520.0,19520.0,1
MTX,202509,2025-04-30 21:41:00,19502.0,19502.0,19500.0,19500.0,5
MTX,202509,2025-04-30 21:42:00,19500.0,19500.0,19500.0,19500.0,1
MTX,202509,2025-04-30 21:43:00,19495.0,19495.0,19495.0,19495.0,1
MTX,202509,2025-04-30 21:44:00,19517.0,19517.0,19517.0,19517.0,1
MTX,202509,2025-04-30 21:46:00,19517.0,19517.0,19517.0,19517.0,1
MTX,202509,2025-04-30 21:48:00,19538.0,19538.0,19538.0,19538.0,1
MTX,202509,2025-04-30 21:57:00,19488.0,19488.0,19485.0,19485.0,2
MTX,202509,2025-04-30 22:01:00,19538.0,19545.0,19538.0,19542.0,5
MTX,202509,2025-04-30 22:02:00,19542.0,19542.0,19542.0,19542.0,1
MTX,202509,2025-04-30 22:04:00,19540.0,19548.0,19540.0,19548.0,4
MTX,202509,2025-04-30 22:05:00,19548.0,19548.0,19548.0,19548.0,1
MTX,202509,2025-04-30 22:07:00,19540.0,19540.0,19540.0,19540.0,1
MTX,202509,2025-04-30 22:08:00,19540.0,19552.0,19540.0,19552.0,2
MTX,202509,2025-04-30 22:09:00,19560.0,19568.0,19560.0,19568.0,3
MTX,202509,2025-04-30 22:10:00,19560.0,19560.0,19560.0,19560.0,4
MTX,202509,2025-04-30 22:14:00,19566.0,19566.0,19566.0,19566.0,1
MTX,202509,2025-04-30 22:25:00,19580.0,19580.0,19580.0,19580.0,1
MTX,202509,2025-04-30 22:26:00,19595.0,19595.0,19595.0,19595.0,1
MTX,202509,2025-04-30 22:27:00,19586.0,19586.0,19585.0,19585.0,2
MTX,202509,2025-04-30 22:38:00,19566.0,19566.0,19566.0,19566.0,1
MTX,202509,2025-04-30 22:41:00,19569.0,19569.0,19569.0,19569.0,1
MTX,202509,2025-04-30 22:43:00,19575.0,19575.0,19575.0,19575.0,1
MTX,202509,2025-04-30 22:44:00,19596.0,19596.0,19596.0,19596.0,1
MTX,202509,2025-04-30 22:48:00,19577.0,19577.0,19577.0,19577.0,1
MTX,202509,2025-04-30 22:50:00,19577.0,19577.0,19577.0,19577.0,1
MTX,202509,2025-04-30 22:53:00,19592.0,19592.0,19592.0,19592.0,1
MTX,202509,2025-04-30 22:54:00,19596.0,19596.0,19596.0,19596.0,1
MTX,202509,2025-04-30 22:57:00,19609.0,19609.0,19609.0,19609.0,1
MTX,202509,2025-04-30 22:58:00,19604.0,19604.0,19604.0,19604.0,1
MTX,202509,2025-04-30 23:02:00,19620.0,19620.0,19620.0,19620.0,1
MTX,202509,2025-04-30 23:03:00,19619.0,19619.0,19619.0,19619.0,1
MTX,202509,2025-04-30 23:07:00,19620.0,19620.0,19620.0,19620.0,1
MTX,202509,2025-04-30 23:12:00,19621.0,19628.0,19621.0,19628.0,2
MTX,202509,2025-04-30 23:19:00,19630.0,19630.0,19630.0,19630.0,1
MTX,202509,2025-04-30 23:21:00,19635.0,19635.0,19635.0,19635.0,1
MTX,202509,2025-04-30 23:23:00,19649.0,19649.0,19649.0,19649.0,1
MTX,202509,2025-04-30 23:48:00,19635.0,19635.0,19635.0,19635.0,1
MTX,202509,2025-04-30 23:49:00,19635.0,19636.0,19635.0,19636.0,3
MTX,202509,2025-05-01 00:05:00,19636.0,19636.0,19636.0,19636.0,1
MTX,202509,2025-05-01 00:06:00,19665.0,19665.0,19665.0,19665.0,1
MTX,202509,2025-05-01 00:24:00,19605.0,19605.0,19605.0,19605.0,1
MTX,202509,2025-05-01 00:38:00,19615.0,19615.0,19615.0,19615.0,1
MTX,202509,2025-05-01 00:45:00,19615.0,19615.0,19615.0,19615.0,1
MTX,202509,2025-05-01 00:48:00,19614.0,19614.0,19614.0,19614.0,1
MTX,202509,2025-05-01 01:10:00,19583.0,19583.0,19583.0,19583.0,1
MTX,202509,2025-05-01 01:12:00,19580.0,19580.0,19580.0,19580.0,1
MTX,202509,2025-05-01 01:15:00,19585.0,19585.0,19585.0,19585.0,1
MTX,202509,2025-05-01 01:29:00,19636.0,19636.0,19636.0,19636.0,1
MTX,202509,2025-05-01 01:35:00,19652.0,19652.0,19652.0,19652.0,3
MTX,202509,2025-05-01 01:36:00,19660.0,19660.0,19660.0,19660.0,1
MTX,202509,2025-05-01 01:43:00,19670.0,19670.0,19670.0,19670.0,2
MTX,202509,2025-05-01 01:44:00,19680.0,19685.0,19680.0,19685.0,2
MTX,202509,2025-05-01 01:50:00,19685.0,19685.0,19685.0,19685.0,1
MTX,202509,2025-05-01 01:55:00,19700.0,19700.0,19700.0,19700.0,1
MTX,202509,2025-05-01 02:07:00,19720.0,19720.0,19720.0,19720.0,1
MTX,202509,2025-05-01 02:14:00,19738.0,19738.0,19738.0,19738.0,1
MTX,202509,2025-05-01 02:21:00,19738.0,19738.0,19738.0,19738.0,1
MTX,202509,2025-05-01 02:29:00,19710.0,19710.0,19710.0,19710.0,1
MTX,202509,2025-05-01 02:30:00,19710.0,19710.0,19710.0,19710.0,1
MTX,202509,2025-05-01 02:49:00,19717.0,19719.0,19717.0,19719.0,3
MTX,202509,2025-05-01 02:53:00,19716.0,19716.0,19716.0,19716.0,1
MTX,202509,2025-05-01 03:50:00,19750.0,19757.0,19750.0,19757.0,2
MTX,202509,2025-05-01 03:51:00,19779.0,19779.0,19779.0,19779.0,1
MTX,202509,2025-05-01 03:52:00,19783.0,19783.0,19783.0,19783.0,1
MTX,202509,2025-05-01 03:53:00,19788.0,19788.0,19788.0,19788.0,1
MTX,202509,2025-05-01 03:56:00,19790.0,19790.0,19790.0,19790.0,2
MTX,202509,2025-05-01 03:59:00,19791.0,19791.0,19791.0,19791.0,1
MTX,202509,2025-05-01 04:06:00,19817.0,19817.0,19817.0,19817.0,1
MTX,202509,2025-05-01 04:11:00,19820.0,19820.0,19820.0,19820.0,1
MTX,202509,2025-05-01 04:13:00,19834.0,19839.0,19834.0,19839.0,2
MTX,202509,2025-05-01 04:14:00,19850.0,19858.0,19850.0,19858.0,2
MTX,202509,2025-05-01 04:19:00,19842.0,19842.0,19842.0,19842.0,1
MTX,202509,2025-05-01 04:24:00,19869.0,19869.0,19869.0,19869.0,3
MTX,202509,2025-05-01 04:36:00,19888.0,19888.0,19888.0,19888.0,1
MTX,202509,2025-05-01 04:37:00,19879.0,19879.0,19879.0,19879.0,1
MTX,202509,2025-05-01 04:38:00,19876.0,19876.0,19876.0,19876.0,1
MTX,202509,2025-05-01 04:47:00,19881.0,19881.0,19881.0,19881.0,2
MTX,202509,2025-05-01 04:49:00,19881.0,19888.0,19881.0,19888.0,3
MTX,202509,2025-05-01 04:51:00,19890.0,19900.0,19890.0,19900.0,6
MTX,202509,2025-05-01 04:53:00,19922.0,19922.0,19922.0,19922.0,1
MTX,202509,2025-05-01 04:54:00,19932.0,19932.0,19932.0,19932.0,1
MTX,202509,2025-05-01 04:55:00,19920.0,19920.0,19913.0,19913.0,2
MTX,202509,2025-05-01 04:57:00,19933.0,19933.0,19933.0,19933.0,2
MTX,202509,2025-05-01 04:59:00,19944.0,19950.0,19944.0,19948.0,3
MTX,202512,2025-04-30 15:14:00,19718.0,19720.0,19718.0,19720.0,2
MTX,202512,2025-04-30 15:15:00,19727.0,19727.0,19727.0,19727.0,1
MTX,202512,2025-04-30 15:19:00,19730.0,19730.0,19730.0,19730.0,1
MTX,202512,2025-04-30 15:20:00,19735.0,19735.0,19735.0,19735.0,1
MTX,202512,2025-04-30 15:35:00,19721.0,19722.0,19721.0,19722.0,2
MTX,202512,2025-04-30 15:48:00,19722.0,19722.0,19722.0,19722.0,1
MTX,202512,2025-04-30 16:09:00,19738.0,19738.0,19738.0,19738.0,1
MTX,202512,2025-04-30 16:11:00,19746.0,19746.0,19746.0,19746.0,1
MTX,202512,2025-04-30 16:15:00,19755.0,19762.0,19755.0,19762.0,3
MTX,202512,2025-04-30 16:23:00,19757.0,19757.0,19755.0,19755.0,2
MTX,202512,2025-04-30 16:24:00,19755.0,19755.0,19755.0,19755.0,1
MTX,202512,2025-04-30 18:18:00,19768.0,19768.0,19768.0,19768.0,1
MTX,202512,2025-04-30 19:55:00,19713.0,19713.0,19713.0,19713.0,2
MTX,202512,2025-04-30 20:15:00,19700.0,19700.0,19695.0,19695.0,2
MTX,202512,2025-04-30 20:17:00,19692.0,19692.0,19692.0,19692.0,1
MTX,202512,2025-04-30 20:23:00,19682.0,19682.0,19682.0,19682.0,1
MTX,202512,2025-04-30 20:24:00,19673.0,19673.0,19673.0,19673.0,1
MTX,202512,2025-04-30 20:26:00,19675.0,19675.0,19675.0,19675.0,1
MTX,202512,2025-04-30 20:36:00,19650.0,19650.0,19650.0,19650.0,1
MTX,202512,2025-04-30 20:39:00,19640.0,19640.0,19638.0,19638.0,3
MTX,202512,2025-04-30 20:41:00,19628.0,19628.0,19620.0,19620.0,2
MTX,202512,2025-04-30 20:47:00,19550.0,19550.0,19550.0,19550.0,1
MTX,202512,2025-04-30 21:01:00,19530.0,19530.0,19530.0,19530.0,2
MTX,202512,2025-04-30 21:07:00,19525.0,19525.0,19525.0,19525.0,2
MTX,202512,2025-04-30 21:10:00,19523.0,19523.0,19523.0,19523.0,1
MTX,202512,2025-04-30 21:13:00,19551.0,19551.0,19551.0,19551.0,1
MTX,202512,2025-04-30 21:21:00,19556.0,19556.0,19556.0,19556.0,1
MTX,202512,2025-04-30 21:27:00,19542.0,19542.0,19542.0,19542.0,1
MTX,202512,2025-04-30 21:31:00,19500.0,19500.0,19500.0,19500.0,1
MTX,202512,2025-04-30 21:37:00,19501.0,19501.0,19500.0,19500.0,2
MTX,202512,2025-04-30 21:38:00,19509.0,19509.0,19509.0,19509.0,1
MTX,202512,2025-04-30 21:49:00,19518.0,19518.0,19518.0,19518.0,1
MTX,202512,2025-04-30 22:01:00,19508.0,19508.0,19508.0,19508.0,1
MTX,202512,2025-04-30 22:14:00,19532.0,19532.0,19532.0,19532.0,1
MTX,202512,2025-04-30 22:19:00,19532.0,19532.0,19532.0,19532.0,1
MTX,202512,2025-04-30 22:26:00,19560.0,19560.0,19560.0,19560.0,1
MTX,202512,2025-04-30 22:42:00,19530.0,19530.0,19530.0,19530.0,1
MTX,202512,2025-04-30 22:44:00,19560.0,19560.0,19560.0,19560.0,1
MTX,202512,2025-04-30 22:46:00,19560.0,19560.0,19560.0,19560.0,2
MTX,202512,2025-04-30 23:12:00,19600.0,19600.0,19600.0,19600.0,1
MTX,202512,2025-04-30 23:25:00,19600.0,19600.0,19600.0,19600.0,1
MTX,202512,2025-05-01 02:07:00,19680.0,19700.0,19680.0,19700.0,4
MTX,202512,2025-05-01 03:46:00,19700.0,19700.0,19700.0,19700.0,1
MTX,202512,2025-05-01 03:50:00,19744.0,19744.0,19744.0,19744.0,1
MTX,202512,2025-05-01 03:56:00,19765.0,19772.0,19765.0,19772.0,2
MTX,202512,2025-05-01 04:12:00,19799.0,19800.0,19796.0,19796.0,4
MTX,202512,2025-05-01 04:13:00,19800.0,19800.0,19800.0,19800.0,1
MTX,202512,2025-05-01 04:21:00,19808.0,19808.0,19808.0,19808.0,1
MTX,202512,2025-05-01 04:22:00,19815.0,19815.0,19815.0,19815.0,1
MTX,202512,2025-05-01 04:44:00,19839.0,19839.0,19839.0,19839.0,1
MTX,202512,2025-05-01 04:51:00,19850.0,19850.0,19850.0,19850.0,2
MTX,202512,2025-05-01 04:57:00,19890.0,19890.0,19890.0,19890.0,1
MTX,202603,2025-04-30 15:20:00,19730.0,19730.0,19730.0,19730.0,1
MTX,202603,2025-04-30 16:15:00,19750.0,19762.0,19750.0,19762.0,4
MTX,202603,2025-04-30 16:21:00,19749.0,19749.0,19749.0,19749.0,1
MTX,202603,2025-04-30 16:51:00,19749.0,19749.0,19749.0,19749.0,1
MTX,202603,2025-04-30 16:52:00,19745.0,19745.0,19745.0,19745.0,1
MTX,202603,2025-04-30 17:22:00,19750.0,19750.0,19750.0,19750.0,1
MTX,202603,2025-04-30 18:03:00,19745.0,19745.0,19745.0,19745.0,1
MTX,202603,2025-04-30 20:13:00,19711.0,19711.0,19711.0,19711.0,1
MTX,202603,2025-04-30 20:15:00,19690.0,19690.0,19690.0,19690.0,1
MTX,202603,2025-04-30 20:36:00,19650.0,19650.0,19650.0,19650.0,1
MTX,202603,2025-04-30 20:41:00,19616.0,19616.0,19616.0,19616.0,1
MTX,202603,2025-04-30 20:44:00,19589.0,19589.0,19589.0,19589.0,1
MTX,202603,2025-04-30 20:45:00,19570.0,19570.0,19570.0,19570.0,4
MTX,202603,2025-04-30 20:50:00,19570.0,19570.0,19570.0,19570.0,1
MTX,202603,2025-04-30 21:03:00,19550.0,19550.0,19550.0,19550.0,1
MTX,202603,2025-04-30 21:13:00,19549.0,19549.0,19549.0,19549.0,1
MTX,202603,2025-04-30 21:42:00,19478.0,19478.0,19478.0,19478.0,1
MTX,202603,2025-04-30 21:43:00,19468.0,19468.0,19468.0,19468.0,1
MTX,202603,2025-04-30 22:27:00,19558.0,19558.0,19558.0,19558.0,1
MTX,202603,2025-04-30 22:28:00,19552.0,19552.0,19552.0,19552.0,1
MTX,202603,2025-04-30 22:29:00,19569.0,19570.0,19569.0,19570.0,4
MTX,202603,2025-04-30 23:03:00,19573.0,19573.0,19573.0,19573.0,1
MTX,202603,2025-04-30 23:39:00,19593.0,19593.0,19593.0,19593.0,1
MTX,202603,2025-04-30 23:51:00,19590.0,19590.0,19590.0,19590.0,1
MTX,202603,2025-05-01 01:38:00,19630.0,19630.0,19630.0,19630.0,1
MTX,202603,2025-05-01 03:52:00,19750.0,19750.0,19750.0,19750.0,1
MTX,202603,2025-05-01 03:53:00,19750.0,19750.0,19750.0,19750.0,1
MTX,202603,2025-05-01 03:56:00,19758.0,19765.0,19758.0,19765.0,2
MTX,202603,2025-05-01 04:12:00,19789.0,19789.0,19789.0,19789.0,1
MTX,202603,2025-05-01 04:13:00,19798.0,19800.0,19798.0,19800.0,4
MTX,202603,2025-05-01 04:21:00,19811.0,19811.0,19811.0,19811.0,1
MTX,202603,2025-05-01 04:24:00,19818.0,19818.0,19818.0,19818.0,2
MTX,202603,2025-05-01 04:43:00,19830.0,19830.0,19830.0,19830.0,1
MTX,202603,2025-05-01 04:52:00,19850.0,19850.0,19850.0,19850.0,1
NYF,202505,2025-04-30 17:27:00,169.1,169.1,169.1,169.1,1
NYF,202505,2025-04-30 17:29:00,169.25,169.25,169.25,169.25,1
NYF,202505,2025-04-30 17:30:00,169.25,169.25,169.25,169.25,1
NYF,202505,2025-04-30 17:31:00,169.25,169.25,169.25,169.25,2
NYF,202505,2025-04-30 17:48:00,169.1,169.1,169.1,169.1,1
NYF,202505,2025-04-30 17:52:00,169.15,169.15,169.15,169.15,1
NYF,202505,2025-04-30 18:20:00,169.1,169.1,169.1,169.1,1
NYF,202505,2025-04-30 18:30:00,169.15,169.15,169.1,169.1,2
NYF,202505,2025-04-30 18:32:00,168.8,168.8,168.8,168.8,1
NYF,202505,2025-04-30 18:43:00,168.85,168.85,168.85,168.85,1
NYF,202505,2025-04-30 19:16:00,168.95,168.95,168.95,168.95,2
NYF,202505,2025-04-30 19:31:00,168.8,168.8,168.8,168.8,1
NYF,202505,2025-04-30 19:53:00,168.75,168.75,168.75,168.75,2
NYF,202505,2025-04-30 20:04:00,168.75,168.75,168.75,168.75,1
NYF,202505,2025-04-30 20:09:00,168.65,168.65,168.65,168.65,2
NYF,202505,2025-04-30 20:14:00,168.65,168.7,168.65,168.7,6
NYF,202505,2025-04-30 20:15:00,168.55,168.55,168.5,168.5,2
NYF,202505,2025-04-30 20:16:00,168.45,168.45,168.45,168.45,2
NYF,202505,2025-04-30 20:17:00,168.45,168.45,168.45,168.45,1
NYF,202505,2025-04-30 20:21:00,168.4,168.4,168.4,168.4,1
NYF,202505,2025-04-30 20:29:00,168.3,168.35,168.3,168.35,3
NYF,202505,2025-04-30 20:30:00,168.45,168.45,168.3,168.35,6
NYF,202505,2025-04-30 20:31:00,168.4,168.4,168.35,168.35,2
NYF,202505,2025-04-30 20:32:00,168.05,168.15,168.05,168.05,5
NYF,202505,2025-04-30 20:34:00,168.2,168.2,168.2,168.2,3
NYF,202505,2025-04-30 20:36:00,168.05,168.05,168.0,168.0,3
NYF,202505,2025-04-30 20:42:00,167.55,167.55,167.55,167.55,3
NYF,202505,2025-04-30 20:44:00,167.6,167.6,167.6,167.6,1
NYF,202505,2025-04-30 20:45:00,167.5,167.5,167.4,167.4,2
NYF,202505,2025-04-30 20:46:00,167.4,167.4,167.4,167.4,1
NYF,202505,2025-04-30 20:47:00,167.3,167.3,167.2,167.2,2
NYF,202505,2025-04-30 20:48:00,167.1,167.1,167.05,167.05,2
NYF,202505,2025-04-30 20:50:00,167.35,167.35,167.35,167.35,4
NYF,202505,2025-04-30 20:51:00,167.3,167.3,167.3,167.3,2
NYF,202505,2025-04-30 20:52:00,167.2,167.3,167.2,167.3,3
NYF,202505,2025-04-30 20:59:00,167.3,167.3,167.3,167.3,2
NYF,202505,2025-04-30 21:00:00,167.1,167.15,167.1,167.15,3
NYF,202505,2025-04-30 21:01:00,167.15,167.15,167.15,167.15,1
NYF,202505,2025-04-30 21:02:00,167.25,167.25,167.25,167.25,2
NYF,202505,2025-04-30 21:06:00,167.35,167.35,167.25,167.25,2
NYF,202505,2025-04-30 21:07:00,167.05,167.15,167.05,167.15,2
NYF,202505,2025-04-30 21:08:00,167.05,167.05,167.05,167.05,1
NYF,202505,2025-04-30 21:10:00,167.05,167.05,167.05,167.05,1
NYF,202505,2025-04-30 21:12:00,167.05,167.05,167.05,167.05,1
NYF,202505,2025-04-30 21:13:00,167.15,167.15,167.0,167.0,2
NYF,202505,2025-04-30 21:14:00,166.95,166.95,166.9,166.9,3
NYF,202505,2025-04-30 21:15:00,167.05,167.05,167.05,167.05,1
NYF,202505,2025-04-30 21:18:00,167.0,167.0,167.0,167.0,1
NYF,202505,2025-04-30 21:19:00,167.1,167.1,167.1,167.1,1
NYF,202505,2025-04-30 21:20:00,167.1,167.1,167.1,167.1,1
NYF,202505,2025-04-30 21:21:00,167.2,167.2,167.2,167.2,3
NYF,202505,2025-04-30 21:30:00,167.0,167.1,167.0,167.1,2
NYF,202505,2025-04-30 21:31:00,166.8,166.85,166.8,166.85,2
NYF,202505,2025-04-30 21:32:00,166.85,166.85,166.85,166.85,1
NYF,202505,2025-04-30 21:33:00,166.9,166.9,166.9,166.9,1
NYF,202505,2025-04-30 21:36:00,166.95,166.95,166.95,166.95,2
NYF,202505,2025-04-30 21:37:00,166.85,166.85,166.7,166.75,3
NYF,202505,2025-04-30 21:38:00,166.75,166.75,166.75,166.75,1
NYF,202505,2025-04-30 21:39:00,166.75,166.75,166.6,166.6,2
NYF,202505,2025-04-30 21:41:00,166.5,166.5,166.5,166.5,1
NYF,202505,2025-04-30 21:42:00,166.5,166.5,166.5,166.5,2
NYF,202505,2025-04-30 21:44:00,166.6,166.75,166.6,166.75,2
NYF,202505,2025-04-30 21:45:00,166.7,166.7,166.6,166.6,3
NYF,202505,2025-04-30 21:47:00,166.6,166.6,166.6,166.6,1
NYF,202505,2025-04-30 21:51:00,166.8,166.8,166.8,166.8,2
NYF,202505,2025-04-30 21:52:00,166.75,166.8,166.75,166.8,3
NYF,202505,2025-04-30 21:57:00,166.5,166.5,166.5,166.5,1
NYF,202505,2025-04-30 21:58:00,166.45,166.45,166.45,166.45,1
NYF,202505,2025-04-30 22:00:00,166.5,166.55,166.5,166.55,2
NYF,202505,2025-04-30 22:06:00,166.9,166.9,166.9,166.9,1
NYF,202505,2025-04-30 22:07:00,167.0,167.0,167.0,167.0,1
NYF,202505,2025-04-30 22:08:00,166.85,166.85,166.85,166.85,1
NYF,202505,2025-04-30 22:09:00,167.1,167.1,167.1,167.1,1
NYF,202505,2025-04-30 22:10:00,167.2,167.2,167.0,167.0,2
NYF,202505,2025-04-30 22:12:00,166.95,166.95,166.95,166.95,1
NYF,202505,2025-04-30 22:13:00,167.0,167.1,167.0,167.1,3
NYF,202505,2025-04-30 22:23:00,167.1,167.1,167.1,167.1,1
NYF,202505,2025-04-30 22:26:00,167.3,167.3,167.3,167.3,2
NYF,202505,2025-04-30 22:29:00,167.5,167.6,167.5,167.5,3
NYF,202505,2025-04-30 22:35:00,167.35,167.35,167.35,167.35,1
NYF,202505,2025-04-30 22:41:00,167.2,167.2,167.2,167.2,1
NYF,202505,2025-04-30 22:42:00,167.1,167.1,167.1,167.1,1
NYF,202505,2025-04-30 22:46:00,167.55,167.55,167.55,167.55,1
NYF,202505,2025-04-30 22:50:00,167.2,167.2,167.2,167.2,1
NYF,202505,2025-04-30 22:58:00,167.6,167.6,167.6,167.6,1
NYF,202505,2025-04-30 22:59:00,167.5,167.5,167.5,167.5,1
NYF,202505,2025-04-30 23:00:00,167.65,167.65,167.65,167.65,1
NYF,202505,2025-04-30 23:02:00,167.65,167.75,167.65,167.75,2
NYF,202505,2025-04-30 23:07:00,167.75,167.75,167.75,167.75,1
NYF,202505,2025-04-30 23:23:00,168.0,168.0,168.0,168.0,1
NYF,202505,2025-04-30 23:25:00,167.7,167.75,167.7,167.75,3
NYF,202505,2025-04-30 23:44:00,167.9,167.9,167.9,167.9,1
NYF,202505,2025-04-30 23:45:00,168.0,168.05,168.0,168.05,4
NYF,202505,2025-04-30 23:57:00,167.95,167.95,167.7,167.7,2
NYF,202505,2025-05-01 00:10:00,168.0,168.0,167.95,167.95,2
NYF,202505,2025-05-01 00:25:00,167.65,167.65,167.65,167.65,1
NYF,202505,2025-05-01 00:26:00,167.6,167.6,167.6,167.6,2
NYF,202505,2025-05-01 00:30:00,167.5,167.5,167.5,167.5,1
NYF,202505,2025-05-01 00:36:00,167.55,167.55,167.55,167.55,1
NYF,202505,2025-05-01 00:37:00,167.65,167.65,167.65,167.65,1
NYF,202505,2025-05-01 00:38:00,167.75,167.75,167.75,167.75,1
NYF,202505,2025-05-01 00:45:00,167.65,167.65,167.65,167.65,1
NYF,202505,2025-05-01 01:08:00,167.5,167.5,167.5,167.5,1
NYF,202505,2025-05-01 01:26:00,167.75,167.75,167.75,167.75,1
NYF,202505,2025-05-01 01:28:00,167.8,167.8,167.8,167.8,2
NYF,202505,2025-05-01 02:07:00,168.4,168.65,168.4,168.6,7
NYF,202505,2025-05-01 02:09:00,168.4,168.4,168.4,168.4,1
NYF,202505,2025-05-01 02:29:00,168.5,168.5,168.5,168.5,1
NYF,202505,2025-05-01 02:35:00,168.5,168.5,168.5,168.5,1
NYF,202505,2025-05-01 02:36:00,168.4,168.4,168.35,168.35,2
NYF,202505,2025-05-01 02:37:00,168.3,168.3,168.3,168.3,1
NYF,202505,2025-05-01 02:40:00,168.2,168.2,168.2,168.2,1
NYF,202505,2025-05-01 02:51:00,168.55,168.55,168.55,168.55,1
NYF,202505,2025-05-01 02:52:00,168.55,168.55,168.55,168.55,1
NYF,202505,2025-05-01 02:54:00,168.55,168.55,168.55,168.55,1
NYF,202505,2025-05-01 02:56:00,168.55,168.55,168.55,168.55,1
NYF,202505,2025-05-01 03:03:00,168.55,168.55,168.55,168.55,1
NYF,202505,2025-05-01 03:06:00,168.55,168.55,168.55,168.55,1
NYF,202505,2025-05-01 03:11:00,168.5,168.55,168.5,168.55,2
NYF,202505,2025-05-01 03:50:00,169.0,169.0,169.0,169.0,1
NYF,202505,2025-05-01 03:56:00,169.2,169.3,169.2,169.3,3
NYF,202505,2025-05-01 03:59:00,168.95,168.95,168.95,168.95,3
NYF,202505,2025-05-01 04:01:00,168.9,168.9,168.9,168.9,1
NYF,202505,2025-05-01 04:05:00,169.05,169.05,169.05,169.05,1
NYF,202505,2025-05-01 04:06:00,169.25,169.25,169.25,169.25,2
NYF,202505,2025-05-01 04:12:00,169.4,169.4,169.4,169.4,1
NYF,202505,2025-05-01 04:19:00,169.55,169.55,169.55,169.55,1
NYF,202505,2025-05-01 04:21:00,169.6,169.6,169.6,169.6,1
NYF,202505,2025-05-01 04:27:00,169.95,169.95,169.95,169.95,1
NYF,202505,2025-05-01 04:51:00,170.0,170.0,170.0,170.0,3
NYF,202505,2025-05-01 04:55:00,170.2,170.2,170.15,170.15,2
NYF,202505/202506,2025-05-01 03:16:00,-0.1,-0.1,-0.1,-0.1,4
NYF,202506,2025-04-30 18:19:00,169.1,169.1,169.1,169.1,1
NYF,202506,2025-04-30 20:30:00,168.3,168.3,168.3,168.3,2
NYF,202506,2025-04-30 21:14:00,166.8,166.8,166.8,166.8,1
NYF,202506,2025-04-30 21:30:00,167.0,167.0,167.0,167.0,1
NYF,202506,2025-04-30 21:36:00,166.85,166.85,166.85,166.85,2
NYF,202506,2025-04-30 21:37:00,166.75,166.75,166.65,166.65,2
NYF,202506,2025-04-30 21:38:00,166.65,166.65,166.65,166.65,1
NYF,202506,2025-04-30 21:39:00,166.65,166.65,166.65,166.65,1
NYF,202506,2025-05-01 01:44:00,168.0,168.0,168.0,168.0,1
NYF,202506,2025-05-01 02:07:00,168.35,168.35,168.35,168.35,1
NYF,202506,2025-05-01 03:56:00,169.1,169.2,169.1,169.2,2
QFF,202505,2025-04-30 17:25:00,908.0,909.0,908.0,908.0,46
QFF,202505,2025-04-30 17:26:00,909.0,909.0,909.0,909.0,18
QFF,202505,2025-04-30 17:27:00,910.0,910.0,909.0,910.0,13
QFF,202505,2025-04-30 17:28:00,910.0,910.0,910.0,910.0,5
QFF,202505,2025-04-30 17:29:00,910.0,910.0,910.0,910.0,28
QFF,202505,2025-04-30 17:30:00,910.0,910.0,910.0,910.0,55
QFF,202505,2025-04-30 17:31:00,910.0,910.0,909.0,909.0,18
QFF,202505,2025-04-30 17:32:00,910.0,910.0,909.0,909.0,6
QFF,202505,2025-04-30 17:33:00,909.0,909.0,909.0,909.0,14
QFF,202505,2025-04-30 17:34:00,909.0,909.0,909.0,909.0,5
QFF,202505,2025-04-30 17:35:00,909.0,909.0,909.0,909.0,11
QFF,202505,2025-04-30 17:36:00,910.0,910.0,909.0,909.0,7
QFF,202505,2025-04-30 17:37:00,910.0,910.0,910.0,910.0,13
QFF,202505,2025-04-30 17:38:00,910.0,910.0,910.0,910.0,22
QFF,202505,2025-04-30 17:39:00,910.0,910.0,910.0,910.0,2
QFF,202505,2025-04-30 17:41:00,910.0,910.0,910.0,910.0,3
QFF,202505,2025-04-30 17:42:00,910.0,910.0,910.0,910.0,35
QFF,202505,2025-04-30 17:43:00,910.0,911.0,910.0,911.0,13
QFF,202505,2025-04-30 17:44:00,911.0,911.0,911.0,911.0,5
QFF,202505,2025-04-30 17:45:00,911.0,911.0,911.0,911.0,33
QFF,202505,2025-04-30 17:46:00,911.0,911.0,910.0,910.0,8
QFF,202505,2025-04-30 17:47:00,910.0,910.0,910.0,910.0,7
QFF,202505,2025-04-30 17:48:00,910.0,910.0,910.0,910.0,41
QFF,202505,2025-04-30 17:50:00,910.0,910.0,909.0,909.0,5
QFF,202505,2025-04-30 17:51:00,909.0,910.0,909.0,910.0,2
QFF,202505,2025-04-30 17:52:00,910.0,910.0,910.0,910.0,17
QFF,202505,2025-04-30 17:53:00,910.0,910.0,910.0,910.0,7
QFF,202505,2025-04-30 17:54:00,910.0,911.0,910.0,910.0,4
QFF,202505,2025-04-30 17:55:00,910.0,910.0,910.0,910.0,1
QFF,202505,2025-04-30 17:57:00,911.0,911.0,911.0,911.0,2
QFF,202505,2025-04-30 17:58:00,910.0,910.0,910.0,910.0,3
QFF,202505,2025-04-30 17:59:00,910.0,911.0,910.0,911.0,2
QFF,202505,2025-04-30 18:00:00,910.0,911.0,910.0,911.0,3
QFF,202505,2025-04-30 18:02:00,910.0,910.0,910.0,910.0,1
QFF,202505,2025-04-30 18:03:00,910.0,910.0,910.0,910.0,1
QFF,202505,2025-04-30 18:04:00,910.0,910.0,910.0,910.0,35
QFF,202505,2025-04-30 18:05:00,910.0,910.0,910.0,910.0,4
QFF,202505,2025-04-30 18:06:00,910.0,910.0,910.0,910.0,2
QFF,202505,2025-04-30 18:07:00,910.0,910.0,910.0,910.0,9
QFF,202505,2025-04-30 18:08:00,910.0,910.0,910.0,910.0,11
QFF,202505,2025-04-30 18:09:00,910.0,910.0,910.0,910.0,1
QFF,202505,2025-04-30 18:10:00,910.0,910.0,910.0,910.0,3
QFF,202505,2025-04-30 18:11:00,910.0,910.0,910.0,910.0,1
QFF,202505,2025-04-30 18:13:00,910.0,910.0,910.0,910.0,1
QFF,202505,2025-04-30 18:14:00,910.0,910.0,910.0,910.0,1
QFF,202505,2025-04-30 18:16:00,910.0,910.0,910.0,910.0,45
QFF,202505,2025-04-30 18:17:00,910.0,910.0,910.0,910.0,1
QFF,202505,2025-04-30 18:18:00,910.0,910.0,909.0,910.0,14
QFF,202505,2025-04-30 18:19:00,910.0,910.0,910.0,910.0,6
QFF,202505,2025-04-30 18:23:00,910.0,910.0,910.0,910.0,1
QFF,202505,2025-04-30 18:24:00,910.0,910.0,910.0,910.0,1
QFF,202505,2025-04-30 18:26:00,909.0,909.0,909.0,909.0,1
QFF,202505,2025-04-30 18:27:00,910.0,910.0,910.0,910.0,1
QFF,202505,2025-04-30 18:30:00,909.0,909.0,909.0,909.0,43
QFF,202505,2025-04-30 18:31:00,909.0,909.0,908.0,908.0,48
QFF,202505,2025-04-30 18:32:00,908.0,908.0,908.0,908.0,25
QFF,202505,2025-04-30 18:33:00,908.0,908.0,908.0,908.0,6
QFF,202505,2025-04-30 18:34:00,908.0,908.0,908.0,908.0,2
QFF,202505,2025-04-30 18:35:00,908.0,908.0,908.0,908.0,21
QFF,202505,2025-04-30 18:36:00,909.0,909.0,909.0,909.0,24
QFF,202505,2025-04-30 18:39:00,909.0,909.0,908.0,908.0,2
QFF,202505,2025-04-30 18:40:00,908.0,908.0,908.0,908.0,27
QFF,202505,2025-04-30 18:41:00,908.0,908.0,908.0,908.0,15
QFF,202505,2025-04-30 18:42:00,908.0,908.0,908.0,908.0,10
QFF,202505,2025-04-30 18:43:00,908.0,908.0,908.0,908.0,9
QFF,202505,2025-04-30 18:44:00,908.0,908.0,908.0,908.0,3
QFF,202505,2025-04-30 18:45:00,907.0,907.0,907.0,907.0,1
QFF,202505,2025-04-30 18:46:00,908.0,908.0,908.0,908.0,1
QFF,202505,2025-04-30 18:48:00,907.0,908.0,907.0,907.0,4
QFF,202505,2025-04-30 18:50:00,908.0,908.0,908.0,908.0,31
QFF,202505,2025-04-30 18:51:00,908.0,908.0,908.0,908.0,4
QFF,202505,2025-04-30 18:52:00,908.0,908.0,908.0,908.0,6
QFF,202505,2025-04-30 18:53:00,908.0,908.0,908.0,908.0,1
QFF,202505,2025-04-30 18:55:00,909.0,909.0,909.0,909.0,1
QFF,202505,2025-04-30 18:58:00,909.0,909.0,909.0,909.0,1
QFF,202505,2025-04-30 18:59:00,909.0,909.0,909.0,909.0,2
QFF,202505,2025-04-30 19:01:00,908.0,908.0,908.0,908.0,1
QFF,202505,2025-04-30 19:02:00,908.0,908.0,908.0,908.0,1
QFF,202505,2025-04-30 19:04:00,908.0,908.0,908.0,908.0,1
QFF,202505,2025-04-30 19:09:00,909.0,909.0,909.0,909.0,1
QFF,202505,2025-04-30 19:10:00,908.0,908.0,908.0,908.0,1
QFF,202505,2025-04-30 19:11:00,908.0,908.0,908.0,908.0,11
QFF,202505,2025-04-30 19:14:00,908.0,908.0,908.0,908.0,5
QFF,202505,2025-04-30 19:15:00,908.0,908.0,908.0,908.0,8
QFF,202505,2025-04-30 19:19:00,908.0,908.0,908.0,908.0,7
QFF,202505,2025-04-30 19:20:00,908.0,908.0,908.0,908.0,26
QFF,202505,2025-04-30 19:23:00,908.0,908.0,908.0,908.0,2
QFF,202505,2025-04-30 19:24:00,907.0,907.0,907.0,907.0,3
QFF,202505,2025-04-30 19:25:00,907.0,907.0,907.0,907.0,14
QFF,202505,2025-04-30 19:26:00,907.0,907.0,907.0,907.0,68
QFF,202505,2025-04-30 19:27:00,907.0,907.0,907.0,907.0,7
QFF,202505,2025-04-30 19:28:00,907.0,907.0,907.0,907.0,6
QFF,202505,2025-04-30 19:31:00,907.0,907.0,907.0,907.0,31
QFF,202505,2025-04-30 19:32:00,907.0,907.0,907.0,907.0,20
QFF,202505,2025-04-30 19:33:00,906.0,906.0,906.0,906.0,5
QFF,202505,2025-04-30 19:36:00,906.0,906.0,906.0,906.0,2
QFF,202505,2025-04-30 19:37:00,906.0,906.0,906.0,906.0,5
QFF,202505,2025-04-30 19:39:00,907.0,907.0,907.0,907.0,1
QFF,202505,2025-04-30 19:40:00,907.0,907.0,907.0,907.0,30
QFF,202505,2025-04-30 19:41:00,907.0,907.0,907.0,907.0,1
QFF,202505,2025-04-30 19:42:00,907.0,907.0,907.0,907.0,2
QFF,202505,2025-04-30 19:44:00,907.0,907.0,907.0,907.0,1
QFF,202505,2025-04-30 19:45:00,907.0,907.0,907.0,907.0,1
QFF,202505,2025-04-30 19:46:00,907.0,907.0,907.0,907.0,1
QFF,202505,2025-04-30 19:47:00,907.0,907.0,907.0,907.0,2
QFF,202505,2025-04-30 19:49:00,907.0,907.0,907.0,907.0,1
QFF,202505,2025-04-30 19:51:00,907.0,907.0,907.0,907.0,5
QFF,202505,2025-04-30 19:52:00,907.0,907.0,907.0,907.0,1
QFF,202505,2025-04-30 19:53:00,907.0,907.0,907.0,907.0,18
QFF,202505,2025-04-30 19:55:00,907.0,907.0,907.0,907.0,6
QFF,202505,2025-04-30 19:58:00,907.0,907.0,907.0,907.0,1
QFF,202505,2025-04-30 20:00:00,907.0,907.0,907.0,907.0,3
QFF,202505,2025-04-30 20:01:00,907.0,908.0,907.0,908.0,6
QFF,202505,2025-04-30 20:03:00,908.0,908.0,908.0,908.0,10
QFF,202505,2025-04-30 20:04:00,907.0,907.0,906.0,907.0,28
QFF,202505,2025-04-30 20:05:00,907.0,907.0,907.0,907.0,8
QFF,202505,2025-04-30 20:07:00,907.0,907.0,907.0,907.0,5
QFF,202505,2025-04-30 20:08:00,907.0,907.0,907.0,907.0,1
QFF,202505,2025-04-30 20:09:00,907.0,907.0,907.0,907.0,1
QFF,202505,2025-04-30 20:10:00,906.0,906.0,906.0,906.0,1
QFF,202505,2025-04-30 20:14:00,906.0,907.0,906.0,906.0,8
QFF,202505,2025-04-30 20:15:00,906.0,906.0,906.0,906.0,35
QFF,202505,2025-04-30 20:16:00,906.0,906.0,906.0,906.0,26
QFF,202505,2025-04-30 20:17:00,906.0,906.0,906.0,906.0,14
QFF,202505,2025-04-30 20:18:00,906.0,906.0,906.0,906.0,3
QFF,202505,2025-04-30 20:19:00,906.0,906.0,905.0,906.0,3
QFF,202505,2025-04-30 20:20:00,905.0,905.0,905.0,905.0,5
QFF,202505,2025-04-30 20:21:00,905.0,905.0,905.0,905.0,32
QFF,202505,2025-04-30 20:22:00,905.0,905.0,905.0,905.0,9
QFF,202505,2025-04-30 20:23:00,905.0,905.0,905.0,905.0,5
QFF,202505,2025-04-30 20:24:00,905.0,905.0,905.0,905.0,17
QFF,202505,2025-04-30 20:25:00,905.0,905.0,905.0,905.0,2
QFF,202505,2025-04-30 20:26:00,905.0,905.0,904.0,905.0,17
QFF,202505,2025-04-30 20:27:00,905.0,905.0,905.0,905.0,7
QFF,202505,2025-04-30 20:28:00,905.0,905.0,905.0,905.0,6
QFF,202505,2025-04-30 20:29:00,905.0,905.0,905.0,905.0,13
QFF,202505,2025-04-30 20:30:00,906.0,906.0,905.0,906.0,61
QFF,202505,2025-04-30 20:31:00,905.0,905.0,905.0,905.0,21
QFF,202505,2025-04-30 20:32:00,905.0,905.0,904.0,904.0,23
QFF,202505,2025-04-30 20:33:00,904.0,904.0,904.0,904.0,27
QFF,202505,2025-04-30 20:34:00,904.0,905.0,904.0,905.0,3
QFF,202505,2025-04-30 20:35:00,904.0,905.0,904.0,905.0,29
QFF,202505,2025-04-30 20:36:00,905.0,905.0,904.0,904.0,28
QFF,202505,2025-04-30 20:37:00,904.0,904.0,904.0,904.0,6
QFF,202505,2025-04-30 20:38:00,904.0,904.0,903.0,904.0,9
QFF,202505,2025-04-30 20:39:00,903.0,903.0,903.0,903.0,12
QFF,202505,2025-04-30 20:40:00,903.0,903.0,903.0,903.0,61
QFF,202505,2025-04-30 20:41:00,903.0,903.0,902.0,902.0,62
QFF,202505,2025-04-30 20:42:00,901.0,902.0,901.0,901.0,53
QFF,202505,2025-04-30 20:43:00,901.0,902.0,901.0,902.0,23
QFF,202505,2025-04-30 20:44:00,902.0,902.0,902.0,902.0,5
QFF,202505,2025-04-30 20:45:00,902.0,902.0,901.0,901.0,116
QFF,202505,2025-04-30 20:46:00,901.0,901.0,901.0,901.0,36
QFF,202505,2025-04-30 20:47:00,901.0,901.0,900.0,900.0,83
QFF,202505,2025-04-30 20:48:00,900.0,900.0,899.0,900.0,99
QFF,202505,2025-04-30 20:49:00,901.0,901.0,900.0,901.0,22
QFF,202505,2025-04-30 20:50:00,901.0,902.0,901.0,902.0,43
QFF,202505,2025-04-30 20:51:00,901.0,901.0,900.0,900.0,38
QFF,202505,2025-04-30 20:52:00,900.0,900.0,900.0,900.0,4
QFF,202505,2025-04-30 20:53:00,901.0,901.0,901.0,901.0,32
QFF,202505,2025-04-30 20:54:00,901.0,901.0,901.0,901.0,9
QFF,202505,2025-04-30 20:55:00,901.0,901.0,901.0,901.0,9
QFF,202505,2025-04-30 20:56:00,900.0,901.0,900.0,901.0,10
QFF,202505,2025-04-30 20:57:00,901.0,902.0,901.0,902.0,15
QFF,202505,2025-04-30 20:58:00,901.0,901.0,901.0,901.0,17
QFF,202505,2025-04-30 20:59:00,900.0,900.0,900.0,900.0,4
QFF,202505,2025-04-30 21:00:00,900.0,900.0,900.0,900.0,40
QFF,202505,2025-04-30 21:01:00,900.0,900.0,900.0,900.0,9
QFF,202505,2025-04-30 21:02:00,900.0,901.0,900.0,900.0,4
QFF,202505,2025-04-30 21:03:00,900.0,901.0,900.0,901.0,44
QFF,202505,2025-04-30 21:04:00,901.0,901.0,900.0,901.0,18
QFF,202505,2025-04-30 21:05:00,901.0,901.0,901.0,901.0,17
QFF,202505,2025-04-30 21:07:00,900.0,900.0,900.0,900.0,52
QFF,202505,2025-04-30 21:08:00,900.0,900.0,900.0,900.0,10
QFF,202505,2025-04-30 21:09:00,899.0,900.0,899.0,899.0,4
QFF,202505,2025-04-30 21:10:00,899.0,900.0,899.0,900.0,11
QFF,202505,2025-04-30 21:11:00,900.0,900.0,900.0,900.0,9
QFF,202505,2025-04-30 21:12:00,899.0,899.0,899.0,899.0,7
QFF,202505,2025-04-30 21:13:00,899.0,900.0,899.0,900.0,4
QFF,202505,2025-04-30 21:14:00,899.0,899.0,898.0,898.0,68
QFF,202505,2025-04-30 21:15:00,898.0,898.0,898.0,898.0,5
QFF,202505,2025-04-30 21:16:00,899.0,899.0,898.0,899.0,6
QFF,202505,2025-04-30 21:17:00,898.0,899.0,898.0,898.0,8
QFF,202505,2025-04-30 21:18:00,899.0,899.0,899.0,899.0,62
QFF,202505,2025-04-30 21:19:00,899.0,899.0,898.0,899.0,29
QFF,202505,2025-04-30 21:20:00,899.0,899.0,899.0,899.0,17
QFF,202505,2025-04-30 21:21:00,900.0,901.0,900.0,901.0,41
QFF,202505,2025-04-30 21:22:00,901.0,901.0,901.0,901.0,4
QFF,202505,2025-04-30 21:24:00,901.0,901.0,900.0,900.0,7
QFF,202505,2025-04-30 21:25:00,900.0,901.0,900.0,901.0,36
QFF,202505,2025-04-30 21:26:00,901.0,901.0,900.0,900.0,2
QFF,202505,2025-04-30 21:27:00,900.0,900.0,900.0,900.0,21
QFF,202505,2025-04-30 21:28:00,899.0,899.0,899.0,899.0,5
QFF,202505,2025-04-30 21:29:00,899.0,899.0,899.0,899.0,1
QFF,202505,2025-04-30 21:30:00,899.0,899.0,899.0,899.0,102
QFF,202505,2025-04-30 21:31:00,899.0,899.0,897.0,898.0,117
QFF,202505,2025-04-30 21:32:00,897.0,899.0,897.0,898.0,55
QFF,202505,2025-04-30 21:33:00,898.0,899.0,898.0,899.0,77
QFF,202505,2025-04-30 21:34:00,899.0,900.0,899.0,900.0,40
QFF,202505,2025-04-30 21:35:00,900.0,900.0,899.0,899.0,82
QFF,202505,2025-04-30 21:36:00,899.0,899.0,897.0,898.0,123
QFF,202505,2025-04-30 21:37:00,897.0,897.0,896.0,896.0,95
QFF,202505,2025-04-30 21:38:00,896.0,896.0,895.0,896.0,85
QFF,202505,2025-04-30 21:39:00,896.0,896.0,894.0,894.0,104
QFF,202505,2025-04-30 21:40:00,895.0,895.0,895.0,895.0,24
QFF,202505,2025-04-30 21:41:00,895.0,895.0,894.0,895.0,38
QFF,202505,2025-04-30 21:42:00,895.0,896.0,894.0,895.0,42
QFF,202505,2025-04-30 21:43:00,894.0,895.0,894.0,895.0,31
QFF,202505,2025-04-30 21:44:00,895.0,897.0,895.0,897.0,45
QFF,202505,2025-04-30 21:45:00,897.0,897.0,896.0,897.0,41
QFF,202505,2025-04-30 21:46:00,897.0,897.0,896.0,896.0,57
QFF,202505,2025-04-30 21:47:00,896.0,897.0,896.0,897.0,38
QFF,202505,2025-04-30 21:48:00,898.0,900.0,898.0,900.0,73
QFF,202505,2025-04-30 21:49:00,899.0,900.0,899.0,900.0,11
QFF,202505,2025-04-30 21:50:00,899.0,900.0,899.0,899.0,67
QFF,202505,2025-04-30 21:51:00,898.0,898.0,898.0,898.0,17
QFF,202505,2025-04-30 21:52:00,897.0,897.0,896.0,896.0,25
QFF,202505,2025-04-30 21:53:00,896.0,896.0,895.0,895.0,38
QFF,202505,2025-04-30 21:54:00,896.0,896.0,896.0,896.0,25
QFF,202505,2025-04-30 21:55:00,896.0,897.0,896.0,896.0,23
QFF,202505,2025-04-30 21:56:00,896.0,896.0,896.0,896.0,6
QFF,202505,2025-04-30 21:57:00,895.0,895.0,894.0,895.0,80
QFF,202505,2025-04-30 21:58:00,895.0,895.0,895.0,895.0,9
QFF,202505,2025-04-30 21:59:00,895.0,895.0,894.0,895.0,33
QFF,202505,2025-04-30 22:00:00,895.0,897.0,895.0,897.0,38
QFF,202505,2025-04-30 22:01:00,898.0,899.0,898.0,898.0,47
QFF,202505,2025-04-30 22:02:00,898.0,898.0,898.0,898.0,42
QFF,202505,2025-04-30 22:03:00,898.0,898.0,898.0,898.0,14
QFF,202505,2025-04-30 22:04:00,898.0,898.0,898.0,898.0,11
QFF,202505,2025-04-30 22:05:00,898.0,899.0,898.0,898.0,3
QFF,202505,2025-04-30 22:06:00,899.0,899.0,898.0,899.0,19
QFF,202505,2025-04-30 22:07:00,898.0,898.0,897.0,897.0,60
QFF,202505,2025-04-30 22:08:00,896.0,898.0,896.0,897.0,43
QFF,202505,2025-04-30 22:09:00,898.0,899.0,898.0,899.0,36
QFF,202505,2025-04-30 22:10:00,899.0,899.0,898.0,898.0,51
QFF,202505,2025-04-30 22:11:00,898.0,898.0,898.0,898.0,8
QFF,202505,2025-04-30 22:12:00,898.0,898.0,898.0,898.0,34
QFF,202505,2025-04-30 22:13:00,898.0,898.0,898.0,898.0,2
QFF,202505,2025-04-30 22:14:00,899.0,899.0,899.0,899.0,38
QFF,202505,2025-04-30 22:15:00,899.0,899.0,899.0,899.0,37
QFF,202505,2025-04-30 22:16:00,900.0,900.0,899.0,899.0,24
QFF,202505,2025-04-30 22:17:00,900.0,900.0,899.0,899.0,23
QFF,202505,2025-04-30 22:18:00,899.0,899.0,898.0,899.0,28
QFF,202505,2025-04-30 22:19:00,899.0,899.0,899.0,899.0,16
QFF,202505,2025-04-30 22:20:00,899.0,900.0,899.0,900.0,12
QFF,202505,2025-04-30 22:21:00,900.0,900.0,899.0,899.0,82
QFF,202505,2025-04-30 22:22:00,899.0,899.0,899.0,899.0,9
QFF,202505,2025-04-30 22:23:00,900.0,900.0,900.0,900.0,2
QFF,202505,2025-04-30 22:24:00,900.0,901.0,900.0,901.0,10
QFF,202505,2025-04-30 22:25:00,901.0,901.0,900.0,901.0,20
QFF,202505,2025-04-30 22:26:00,901.0,902.0,901.0,902.0,36
QFF,202505,2025-04-30 22:27:00,902.0,902.0,901.0,901.0,4
QFF,202505,2025-04-30 22:28:00,901.0,901.0,901.0,901.0,29
QFF,202505,2025-04-30 22:29:00,901.0,903.0,901.0,902.0,96
QFF,202505,2025-04-30 22:30:00,902.0,903.0,902.0,903.0,67
QFF,202505,2025-04-30 22:31:00,903.0,904.0,903.0,903.0,85
QFF,202505,2025-04-30 22:32:00,903.0,903.0,902.0,902.0,32
QFF,202505,2025-04-30 22:33:00,903.0,903.0,903.0,903.0,22
QFF,202505,2025-04-30 22:34:00,902.0,902.0,901.0,901.0,26
QFF,202505,2025-04-30 22:35:00,901.0,901.0,901.0,901.0,31
QFF,202505,2025-04-30 22:36:00,901.0,901.0,901.0,901.0,20
QFF,202505,2025-04-30 22:37:00,901.0,901.0,900.0,900.0,2
QFF,202505,2025-04-30 22:38:00,900.0,900.0,900.0,900.0,49
QFF,202505,2025-04-30 22:39:00,900.0,900.0,900.0,900.0,3
QFF,202505,2025-04-30 22:40:00,901.0,901.0,901.0,901.0,6
QFF,202505,2025-04-30 22:41:00,900.0,900.0,899.0,900.0,16
QFF,202505,2025-04-30 22:42:00,900.0,900.0,899.0,900.0,16
QFF,202505,2025-04-30 22:43:00,900.0,902.0,900.0,902.0,29
QFF,202505,2025-04-30 22:44:00,902.0,903.0,902.0,902.0,50
QFF,202505,2025-04-30 22:45:00,902.0,902.0,901.0,901.0,23
QFF,202505,2025-04-30 22:46:00,902.0,902.0,901.0,901.0,7
QFF,202505,2025-04-30 22:47:00,901.0,901.0,901.0,901.0,4
QFF,202505,2025-04-30 22:48:00,902.0,902.0,902.0,902.0,10
QFF,202505,2025-04-30 22:49:00,902.0,902.0,901.0,901.0,3
QFF,202505,2025-04-30 22:50:00,901.0,901.0,901.0,901.0,12
QFF,202505,2025-04-30 22:51:00,901.0,901.0,900.0,900.0,3
QFF,202505,2025-04-30 22:52:00,900.0,902.0,900.0,902.0,18
QFF,202505,2025-04-30 22:53:00,902.0,902.0,902.0,902.0,25
QFF,202505,2025-04-30 22:54:00,902.0,903.0,902.0,902.0,15
QFF,202505,2025-04-30 22:55:00,901.0,901.0,901.0,901.0,2
QFF,202505,2025-04-30 22:56:00,901.0,901.0,901.0,901.0,14
QFF,202505,2025-04-30 22:57:00,901.0,902.0,901.0,902.0,20
QFF,202505,2025-04-30 22:58:00,902.0,903.0,902.0,903.0,11
QFF,202505,2025-04-30 22:59:00,902.0,902.0,902.0,902.0,6
QFF,202505,2025-04-30 23:00:00,902.0,902.0,902.0,902.0,1
QFF,202505,2025-04-30 23:01:00,903.0,903.0,902.0,903.0,13
QFF,202505,2025-04-30 23:02:00,903.0,903.0,903.0,903.0,4
QFF,202505,2025-04-30 23:03:00,903.0,903.0,903.0,903.0,5
QFF,202505,2025-04-30 23:04:00,903.0,903.0,902.0,902.0,2
QFF,202505,2025-04-30 23:05:00,902.0,902.0,902.0,902.0,1
QFF,202505,2025-04-30 23:07:00,903.0,903.0,903.0,903.0,76
QFF,202505,2025-04-30 23:08:00,903.0,903.0,903.0,903.0,7
QFF,202505,2025-04-30 23:09:00,903.0,903.0,903.0,903.0,12
QFF,202505,2025-04-30 23:10:00,903.0,903.0,903.0,903.0,7
QFF,202505,2025-04-30 23:11:00,903.0,903.0,903.0,903.0,5
QFF,202505,2025-04-30 23:12:00,903.0,903.0,903.0,903.0,16
QFF,202505,2025-04-30 23:13:00,903.0,903.0,903.0,903.0,6
QFF,202505,2025-04-30 23:14:00,903.0,903.0,903.0,903.0,10
QFF,202505,2025-04-30 23:15:00,903.0,903.0,903.0,903.0,1
QFF,202505,2025-04-30 23:16:00,903.0,903.0,903.0,903.0,12
QFF,202505,2025-04-30 23:17:00,903.0,903.0,903.0,903.0,15
QFF,202505,2025-04-30 23:18:00,904.0,904.0,904.0,904.0,5
QFF,202505,2025-04-30 23:19:00,903.0,903.0,903.0,903.0,17
QFF,202505,2025-04-30 23:20:00,903.0,903.0,903.0,903.0,16
QFF,202505,2025-04-30 23:21:00,903.0,903.0,903.0,903.0,2
QFF,202505,2025-04-30 23:22:00,903.0,903.0,903.0,903.0,1
QFF,202505,2025-04-30 23:23:00,904.0,904.0,904.0,904.0,21
QFF,202505,2025-04-30 23:24:00,904.0,904.0,904.0,904.0,79
QFF,202505,2025-04-30 23:25:00,904.0,904.0,903.0,903.0,34
QFF,202505,2025-04-30 23:26:00,903.0,903.0,903.0,903.0,20
QFF,202505,2025-04-30 23:27:00,902.0,903.0,902.0,903.0,13
QFF,202505,2025-04-30 23:28:00,903.0,903.0,903.0,903.0,3
QFF,202505,2025-04-30 23:29:00,903.0,903.0,903.0,903.0,1
QFF,202505,2025-04-30 23:30:00,903.0,903.0,903.0,903.0,4
QFF,202505,2025-04-30 23:31:00,903.0,903.0,903.0,903.0,12
QFF,202505,2025-04-30 23:32:00,903.0,903.0,903.0,903.0,1
QFF,202505,2025-04-30 23:33:00,903.0,903.0,903.0,903.0,1
QFF,202505,2025-04-30 23:34:00,904.0,904.0,904.0,904.0,37
QFF,202505,2025-04-30 23:35:00,904.0,904.0,903.0,903.0,19
QFF,202505,2025-04-30 23:37:00,904.0,904.0,903.0,903.0,13
QFF,202505,2025-04-30 23:38:00,903.0,903.0,903.0,903.0,1
QFF,202505,2025-04-30 23:39:00,903.0,903.0,903.0,903.0,9
QFF,202505,2025-04-30 23:40:00,903.0,903.0,902.0,903.0,7
QFF,202505,2025-04-30 23:41:00,903.0,903.0,903.0,903.0,3
QFF,202505,2025-04-30 23:42:00,903.0,903.0,903.0,903.0,1
QFF,202505,2025-04-30 23:43:00,903.0,903.0,903.0,903.0,1
QFF,202505,2025-04-30 23:44:00,903.0,903.0,903.0,903.0,1
QFF,202505,2025-04-30 23:45:00,904.0,904.0,904.0,904.0,19
QFF,202505,2025-04-30 23:46:00,904.0,904.0,904.0,904.0,13
QFF,202505,2025-04-30 23:47:00,904.0,904.0,904.0,904.0,1
QFF,202505,2025-04-30 23:51:00,903.0,903.0,903.0,903.0,42
QFF,202505,2025-04-30 23:52:00,903.0,903.0,903.0,903.0,7
QFF,202505,2025-04-30 23:53:00,902.0,902.0,902.0,902.0,11
QFF,202505,2025-04-30 23:54:00,902.0,902.0,902.0,902.0,20
QFF,202505,2025-04-30 23:55:00,902.0,902.0,902.0,902.0,6
QFF,202505,2025-04-30 23:56:00,903.0,903.0,903.0,903.0,6
QFF,202505,2025-04-30 23:57:00,903.0,903.0,902.0,902.0,8
QFF,202505,2025-04-30 23:58:00,902.0,902.0,902.0,902.0,9
QFF,202505,2025-04-30 23:59:00,902.0,902.0,902.0,902.0,25
QFF,202505,2025-05-01 00:00:00,902.0,902.0,902.0,902.0,2
QFF,202505,2025-05-01 00:01:00,902.0,902.0,902.0,902.0,8
QFF,202505,2025-05-01 00:02:00,902.0,902.0,901.0,901.0,5
QFF,202505,2025-05-01 00:03:00,902.0,902.0,902.0,902.0,3
QFF,202505,2025-05-01 00:04:00,902.0,902.0,902.0,902.0,14
QFF,202505,2025-05-01 00:05:00,903.0,903.0,903.0,903.0,28
QFF,202505,2025-05-01 00:06:00,904.0,904.0,904.0,904.0,6
QFF,202505,2025-05-01 00:07:00,904.0,904.0,904.0,904.0,1
QFF,202505,2025-05-01 00:08:00,904.0,904.0,904.0,904.0,3
QFF,202505,2025-05-01 00:10:00,903.0,903.0,903.0,903.0,5
QFF,202505,2025-05-01 00:12:00,903.0,903.0,903.0,903.0,11
QFF,202505,2025-05-01 00:13:00,903.0,903.0,903.0,903.0,2
QFF,202505,2025-05-01 00:16:00,902.0,902.0,902.0,902.0,1
QFF,202505,2025-05-01 00:17:00,902.0,902.0,902.0,902.0,1
QFF,202505,2025-05-01 00:20:00,902.0,902.0,902.0,902.0,5
QFF,202505,2025-05-01 00:21:00,902.0,902.0,902.0,902.0,5
QFF,202505,2025-05-01 00:22:00,902.0,902.0,901.0,901.0,13
QFF,202505,2025-05-01 00:23:00,901.0,902.0,901.0,902.0,39
QFF,202505,2025-05-01 00:24:00,901.0,901.0,901.0,901.0,11
QFF,202505,2025-05-01 00:25:00,901.0,901.0,900.0,901.0,20
QFF,202505,2025-05-01 00:26:00,901.0,901.0,901.0,901.0,2
QFF,202505,2025-05-01 00:27:00,901.0,901.0,901.0,901.0,7
QFF,202505,2025-05-01 00:28:00,901.0,901.0,900.0,901.0,7
QFF,202505,2025-05-01 00:29:00,901.0,901.0,901.0,901.0,1
QFF,202505,2025-05-01 00:30:00,900.0,900.0,900.0,900.0,2
QFF,202505,2025-05-01 00:33:00,900.0,901.0,900.0,900.0,7
QFF,202505,2025-05-01 00:34:00,901.0,901.0,901.0,901.0,2
QFF,202505,2025-05-01 00:35:00,901.0,901.0,901.0,901.0,2
QFF,202505,2025-05-01 00:36:00,901.0,901.0,901.0,901.0,5
QFF,202505,2025-05-01 00:37:00,902.0,902.0,902.0,902.0,4
QFF,202505,2025-05-01 00:38:00,902.0,903.0,902.0,902.0,19
QFF,202505,2025-05-01 00:40:00,903.0,903.0,903.0,903.0,2
QFF,202505,2025-05-01 00:41:00,902.0,902.0,902.0,902.0,1
QFF,202505,2025-05-01 00:43:00,902.0,902.0,902.0,902.0,10
QFF,202505,2025-05-01 00:44:00,902.0,902.0,902.0,902.0,1
QFF,202505,2025-05-01 00:45:00,902.0,902.0,902.0,902.0,5
QFF,202505,2025-05-01 00:46:00,902.0,902.0,902.0,902.0,1
QFF,202505,2025-05-01 00:50:00,902.0,902.0,902.0,902.0,3
QFF,202505,2025-05-01 00:52:00,902.0,902.0,902.0,902.0,4
QFF,202505,2025-05-01 00:53:00,902.0,902.0,902.0,902.0,1
QFF,202505,2025-05-01 00:54:00,903.0,903.0,903.0,903.0,2
QFF,202505,2025-05-01 00:56:00,903.0,903.0,903.0,903.0,2
QFF,202505,2025-05-01 00:57:00,903.0,903.0,902.0,902.0,15
QFF,202505,2025-05-01 01:00:00,902.0,902.0,902.0,902.0,14
QFF,202505,2025-05-01 01:03:00,902.0,902.0,902.0,902.0,18
QFF,202505,2025-05-01 01:04:00,902.0,902.0,901.0,901.0,3
QFF,202505,2025-05-01 01:05:00,901.0,901.0,901.0,901.0,2
QFF,202505,2025-05-01 01:07:00,901.0,901.0,901.0,901.0,11
QFF,202505,2025-05-01 01:08:00,901.0,901.0,901.0,901.0,11
QFF,202505,2025-05-01 01:09:00,901.0,901.0,901.0,901.0,20
QFF,202505,2025-05-01 01:10:00,901.0,901.0,900.0,900.0,71
QFF,202505,2025-05-01 01:11:00,900.0,900.0,900.0,900.0,37
QFF,202505,2025-05-01 01:12:00,900.0,900.0,900.0,900.0,10
QFF,202505,2025-05-01 01:13:00,900.0,900.0,899.0,899.0,2
QFF,202505,2025-05-01 01:14:00,900.0,901.0,900.0,901.0,4
QFF,202505,2025-05-01 01:15:00,901.0,901.0,901.0,901.0,1
QFF,202505,2025-05-01 01:16:00,900.0,900.0,900.0,900.0,2
QFF,202505,2025-05-01 01:17:00,900.0,900.0,900.0,900.0,1
QFF,202505,2025-05-01 01:18:00,900.0,900.0,900.0,900.0,1
QFF,202505,2025-05-01 01:19:00,901.0,901.0,901.0,901.0,2
QFF,202505,2025-05-01 01:24:00,901.0,902.0,901.0,902.0,9
QFF,202505,2025-05-01 01:25:00,901.0,901.0,901.0,901.0,1
QFF,202505,2025-05-01 01:26:00,902.0,903.0,902.0,903.0,7
QFF,202505,2025-05-01 01:28:00,903.0,903.0,903.0,903.0,3
QFF,202505,2025-05-01 01:29:00,903.0,903.0,903.0,903.0,2
QFF,202505,2025-05-01 01:30:00,903.0,903.0,903.0,903.0,3
QFF,202505,2025-05-01 01:31:00,903.0,903.0,903.0,903.0,9
QFF,202505,2025-05-01 01:32:00,902.0,902.0,902.0,902.0,1
QFF,202505,2025-05-01 01:33:00,902.0,902.0,902.0,902.0,1
QFF,202505,2025-05-01 01:34:00,903.0,903.0,903.0,903.0,11
QFF,202505,2025-05-01 01:35:00,903.0,903.0,903.0,903.0,1
QFF,202505,2025-05-01 01:36:00,904.0,904.0,904.0,904.0,47
QFF,202505,2025-05-01 01:37:00,904.0,904.0,904.0,904.0,2
QFF,202505,2025-05-01 01:38:00,905.0,905.0,905.0,905.0,1
QFF,202505,2025-05-01 01:39:00,905.0,905.0,904.0,904.0,8
QFF,202505,2025-05-01 01:40:00,904.0,904.0,904.0,904.0,19
QFF,202505,2025-05-01 01:42:00,904.0,904.0,904.0,904.0,1
QFF,202505,2025-05-01 01:43:00,905.0,905.0,904.0,904.0,10
QFF,202505,2025-05-01 01:44:00,905.0,905.0,905.0,905.0,56
QFF,202505,2025-05-01 01:45:00,905.0,905.0,905.0,905.0,5
QFF,202505,2025-05-01 01:46:00,905.0,905.0,905.0,905.0,3
QFF,202505,2025-05-01 01:47:00,905.0,905.0,904.0,904.0,14
QFF,202505,2025-05-01 01:49:00,904.0,904.0,904.0,904.0,1
QFF,202505,2025-05-01 01:50:00,905.0,905.0,904.0,904.0,2
QFF,202505,2025-05-01 01:52:00,905.0,905.0,904.0,904.0,2
QFF,202505,2025-05-01 01:55:00,905.0,906.0,905.0,905.0,146
QFF,202505,2025-05-01 01:56:00,905.0,905.0,905.0,905.0,26
QFF,202505,2025-05-01 01:57:00,905.0,905.0,905.0,905.0,7
QFF,202505,2025-05-01 01:58:00,905.0,905.0,905.0,905.0,5
QFF,202505,2025-05-01 01:59:00,905.0,905.0,905.0,905.0,4
QFF,202505,2025-05-01 02:00:00,905.0,905.0,904.0,904.0,4
QFF,202505,2025-05-01 02:01:00,904.0,904.0,904.0,904.0,20
QFF,202505,2025-05-01 02:02:00,904.0,904.0,904.0,904.0,4
QFF,202505,2025-05-01 02:06:00,904.0,904.0,904.0,904.0,10
QFF,202505,2025-05-01 02:07:00,905.0,907.0,905.0,906.0,172
QFF,202505,2025-05-01 02:08:00,906.0,907.0,906.0,906.0,45
QFF,202505,2025-05-01 02:09:00,906.0,906.0,906.0,906.0,39
QFF,202505,2025-05-01 02:11:00,907.0,908.0,907.0,907.0,30
QFF,202505,2025-05-01 02:12:00,908.0,908.0,908.0,908.0,70
QFF,202505,2025-05-01 02:13:00,908.0,908.0,908.0,908.0,6
QFF,202505,2025-05-01 02:14:00,907.0,907.0,907.0,907.0,35
QFF,202505,2025-05-01 02:15:00,908.0,908.0,908.0,908.0,20
QFF,202505,2025-05-01 02:16:00,908.0,908.0,908.0,908.0,13
QFF,202505,2025-05-01 02:17:00,908.0,908.0,908.0,908.0,6
QFF,202505,2025-05-01 02:18:00,909.0,909.0,909.0,909.0,2
QFF,202505,2025-05-01 02:19:00,908.0,908.0,908.0,908.0,65
QFF,202505,2025-05-01 02:20:00,909.0,909.0,909.0,909.0,8
QFF,202505,2025-05-01 02:21:00,909.0,909.0,908.0,908.0,11
QFF,202505,2025-05-01 02:22:00,908.0,908.0,908.0,908.0,14
QFF,202505,2025-05-01 02:24:00,908.0,908.0,908.0,908.0,4
QFF,202505,2025-05-01 02:25:00,908.0,908.0,908.0,908.0,19
QFF,202505,2025-05-01 02:26:00,908.0,908.0,908.0,908.0,12
QFF,202505,2025-05-01 02:27:00,908.0,908.0,908.0,908.0,3
QFF,202505,2025-05-01 02:29:00,908.0,908.0,907.0,907.0,63
QFF,202505,2025-05-01 02:30:00,907.0,907.0,907.0,907.0,12
QFF,202505,2025-05-01 02:31:00,907.0,907.0,907.0,907.0,23
QFF,202505,2025-05-01 02:32:00,907.0,908.0,907.0,908.0,31
QFF,202505,2025-05-01 02:35:00,907.0,907.0,906.0,906.0,26
QFF,202505,2025-05-01 02:36:00,906.0,906.0,906.0,906.0,1
QFF,202505,2025-05-01 02:38:00,907.0,907.0,906.0,906.0,25
QFF,202505,2025-05-01 02:39:00,906.0,906.0,906.0,906.0,2
QFF,202505,2025-05-01 02:40:00,906.0,906.0,906.0,906.0,22
QFF,202505,2025-05-01 02:41:00,906.0,906.0,906.0,906.0,5
QFF,202505,2025-05-01 02:43:00,907.0,907.0,907.0,907.0,2
QFF,202505,2025-05-01 02:46:00,907.0,907.0,906.0,906.0,8
QFF,202505,2025-05-01 02:47:00,907.0,907.0,907.0,907.0,28
QFF,202505,2025-05-01 02:49:00,908.0,908.0,908.0,908.0,45
QFF,202505,2025-05-01 02:50:00,908.0,908.0,908.0,908.0,6
QFF,202505,2025-05-01 02:51:00,908.0,908.0,908.0,908.0,9
QFF,202505,2025-05-01 02:52:00,908.0,908.0,908.0,908.0,2
QFF,202505,2025-05-01 02:57:00,907.0,907.0,907.0,907.0,1
QFF,202505,2025-05-01 03:03:00,908.0,908.0,908.0,908.0,1
QFF,202505,2025-05-01 03:05:00,908.0,908.0,908.0,908.0,8
QFF,202505,2025-05-01 03:06:00,908.0,908.0,908.0,908.0,2
QFF,202505,2025-05-01 03:09:00,908.0,908.0,907.0,907.0,10
QFF,202505,2025-05-01 03:10:00,907.0,907.0,907.0,907.0,1
QFF,202505,2025-05-01 03:11:00,907.0,907.0,907.0,907.0,2
QFF,202505,2025-05-01 03:12:00,908.0,908.0,908.0,908.0,2
QFF,202505,2025-05-01 03:13:00,908.0,908.0,907.0,908.0,8
QFF,202505,2025-05-01 03:14:00,908.0,908.0,908.0,908.0,3
QFF,202505,2025-05-01 03:18:00,908.0,908.0,908.0,908.0,1
QFF,202505,2025-05-01 03:19:00,907.0,907.0,907.0,907.0,4
QFF,202505,2025-05-01 03:20:00,907.0,907.0,907.0,907.0,30
QFF,202505,2025-05-01 03:22:00,907.0,907.0,907.0,907.0,8
QFF,202505,2025-05-01 03:23:00,907.0,907.0,907.0,907.0,2
QFF,202505,2025-05-01 03:25:00,906.0,906.0,906.0,906.0,55
QFF,202505,2025-05-01 03:27:00,905.0,905.0,905.0,905.0,77
QFF,202505,2025-05-01 03:30:00,905.0,905.0,905.0,905.0,1
QFF,202505,2025-05-01 03:31:00,906.0,906.0,906.0,906.0,1
QFF,202505,2025-05-01 03:33:00,906.0,906.0,906.0,906.0,1
QFF,202505,2025-05-01 03:35:00,906.0,906.0,906.0,906.0,1
QFF,202505,2025-05-01 03:37:00,906.0,906.0,906.0,906.0,9
QFF,202505,2025-05-01 03:39:00,906.0,906.0,906.0,906.0,3
QFF,202505,2025-05-01 03:40:00,906.0,906.0,906.0,906.0,2
QFF,202505,2025-05-01 03:41:00,906.0,906.0,906.0,906.0,1
QFF,202505,2025-05-01 03:44:00,907.0,907.0,907.0,907.0,6
QFF,202505,2025-05-01 03:45:00,907.0,907.0,907.0,907.0,14
QFF,202505,2025-05-01 03:49:00,907.0,908.0,907.0,908.0,49
QFF,202505,2025-05-01 03:50:00,909.0,910.0,909.0,910.0,174
QFF,202505,2025-05-01 03:51:00,910.0,910.0,909.0,909.0,42
QFF,202505,2025-05-01 03:52:00,910.0,911.0,910.0,910.0,178
QFF,202505,2025-05-01 03:53:00,910.0,911.0,910.0,910.0,31
QFF,202505,2025-05-01 03:54:00,910.0,910.0,910.0,910.0,3
QFF,202505,2025-05-01 03:55:00,910.0,910.0,910.0,910.0,20
QFF,202505,2025-05-01 03:56:00,911.0,911.0,911.0,911.0,97
QFF,202505,2025-05-01 03:57:00,911.0,911.0,911.0,911.0,8
QFF,202505,2025-05-01 03:58:00,910.0,910.0,910.0,910.0,1
QFF,202505,2025-05-01 03:59:00,910.0,911.0,910.0,910.0,51
QFF,202505,2025-05-01 04:00:00,909.0,910.0,909.0,909.0,167
QFF,202505,2025-05-01 04:01:00,909.0,910.0,909.0,910.0,76
QFF,202505,2025-05-01 04:02:00,911.0,911.0,910.0,910.0,4
QFF,202505,2025-05-01 04:03:00,909.0,910.0,909.0,910.0,4
QFF,202505,2025-05-01 04:04:00,910.0,910.0,910.0,910.0,25
QFF,202505,2025-05-01 04:05:00,910.0,911.0,910.0,911.0,25
QFF,202505,2025-05-01 04:06:00,911.0,913.0,911.0,912.0,159
QFF,202505,2025-05-01 04:07:00,912.0,912.0,912.0,912.0,35
QFF,202505,2025-05-01 04:09:00,913.0,913.0,913.0,913.0,8
QFF,202505,2025-05-01 04:10:00,913.0,914.0,913.0,914.0,60
QFF,202505,2025-05-01 04:11:00,914.0,915.0,914.0,915.0,5
QFF,202505,2025-05-01 04:12:00,914.0,915.0,914.0,915.0,52
QFF,202505,2025-05-01 04:13:00,915.0,916.0,915.0,916.0,21
QFF,202505,2025-05-01 04:14:00,916.0,916.0,916.0,916.0,15
QFF,202505,2025-05-01 04:15:00,916.0,916.0,916.0,916.0,16
QFF,202505,2025-05-01 04:16:00,917.0,917.0,917.0,917.0,30
QFF,202505,2025-05-01 04:18:00,917.0,917.0,917.0,917.0,6
QFF,202505,2025-05-01 04:19:00,916.0,917.0,916.0,917.0,8
QFF,202505,2025-05-01 04:20:00,917.0,917.0,916.0,917.0,24
QFF,202505,2025-05-01 04:21:00,917.0,918.0,917.0,918.0,3
QFF,202505,2025-05-01 04:22:00,918.0,918.0,918.0,918.0,3
QFF,202505,2025-05-01 04:23:00,918.0,918.0,917.0,918.0,10
QFF,202505,2025-05-01 04:24:00,918.0,918.0,917.0,917.0,4
QFF,202505,2025-05-01 04:25:00,918.0,918.0,918.0,918.0,2
QFF,202505,2025-05-01 04:26:00,918.0,918.0,918.0,918.0,3
QFF,202505,2025-05-01 04:27:00,918.0,918.0,918.0,918.0,3
QFF,202505,2025-05-01 04:28:00,918.0,918.0,918.0,918.0,1
QFF,202505,2025-05-01 04:29:00,918.0,919.0,918.0,919.0,16
QFF,202505,2025-05-01 04:30:00,918.0,918.0,918.0,918.0,8
QFF,202505,2025-05-01 04:31:00,918.0,918.0,918.0,918.0,3
QFF,202505,2025-05-01 04:32:00,918.0,918.0,918.0,918.0,2
QFF,202505,2025-05-01 04:34:00,919.0,919.0,919.0,919.0,12
QFF,202505,2025-05-01 04:35:00,919.0,919.0,919.0,919.0,3
QFF,202505,2025-05-01 04:36:00,919.0,919.0,918.0,918.0,2
QFF,202505,2025-05-01 04:37:00,919.0,919.0,918.0,918.0,8
QFF,202505,2025-05-01 04:38:00,918.0,918.0,918.0,918.0,5
QFF,202505,2025-05-01 04:39:00,919.0,919.0,919.0,919.0,17
QFF,202505,2025-05-01 04:40:00,919.0,920.0,919.0,920.0,10
QFF,202505,2025-05-01 04:43:00,920.0,920.0,920.0,920.0,8
QFF,202505,2025-05-01 04:44:00,920.0,920.0,919.0,920.0,4
QFF,202505,2025-05-01 04:45:00,920.0,920.0,919.0,919.0,23
QFF,202505,2025-05-01 04:46:00,919.0,919.0,919.0,919.0,1
QFF,202505,2025-05-01 04:47:00,919.0,920.0,919.0,919.0,9
QFF,202505,2025-05-01 04:48:00,919.0,920.0,919.0,920.0,11
QFF,202505,2025-05-01 04:49:00,919.0,919.0,919.0,919.0,10
QFF,202505,2025-05-01 04:50:00,920.0,923.0,920.0,921.0,257
QFF,202505,2025-05-01 04:51:00,922.0,922.0,922.0,922.0,14
QFF,202505,2025-05-01 04:52:00,923.0,925.0,923.0,925.0,56
QFF,202505,2025-05-01 04:53:00,925.0,926.0,925.0,926.0,16
QFF,202505,2025-05-01 04:54:00,926.0,931.0,926.0,931.0,135
QFF,202505,2025-05-01 04:55:00,930.0,930.0,929.0,929.0,89
QFF,202505,2025-05-01 04:56:00,930.0,931.0,930.0,931.0,33
QFF,202505,2025-05-01 04:57:00,931.0,931.0,930.0,930.0,5
QFF,202505,2025-05-01 04:58:00,930.0,930.0,930.0,930.0,27
QFF,202505,2025-05-01 04:59:00,930.0,930.0,929.0,930.0,56
QFF,202505/202506,2025-04-30 17:39:00,0.18,0.18,0.18,0.18,4
QFF,202505/202506,2025-04-30 20:00:00,0.18,0.18,0.18,0.18,2
QFF,202505/202506,2025-04-30 20:57:00,0.18,0.18,0.18,0.18,2
QFF,202505/202506,2025-04-30 20:58:00,0.18,0.18,0.18,0.18,2
QFF,202505/202506,2025-05-01 00:10:00,0.11,0.11,0.11,0.11,2
QFF,202505/202506,2025-05-01 00:45:00,0.11,0.11,0.11,0.11,4
QFF,202505/202506,2025-05-01 04:10:00,0.1,0.1,0.1,0.1,32
QFF,202506,2025-04-30 17:25:00,909.0,909.0,909.0,909.0,2
QFF,202506,2025-04-30 17:26:00,909.0,909.0,909.0,909.0,5
QFF,202506,2025-04-30 17:27:00,910.0,910.0,909.0,910.0,3
QFF,202506,2025-04-30 17:28:00,910.0,910.0,910.0,910.0,7
QFF,202506,2025-04-30 17:29:00,910.0,910.0,910.0,910.0,15
QFF,202506,2025-04-30 17:30:00,910.0,911.0,910.0,911.0,4
QFF,202506,2025-04-30 17:31:00,910.0,910.0,909.0,909.0,4
QFF,202506,2025-04-30 17:32:00,909.0,909.0,909.0,909.0,2
QFF,202506,2025-04-30 17:33:00,909.0,909.0,909.0,909.0,1
QFF,202506,2025-04-30 17:36:00,910.0,910.0,909.0,910.0,4
QFF,202506,2025-04-30 17:37:00,910.0,911.0,910.0,910.0,3
QFF,202506,2025-04-30 17:38:00,910.0,910.0,910.0,910.0,1
QFF,202506,2025-04-30 17:39:00,910.0,911.0,910.0,911.0,3
QFF,202506,2025-04-30 17:41:00,911.0,911.0,911.0,911.0,2
QFF,202506,2025-04-30 17:42:00,911.0,911.0,911.0,911.0,2
QFF,202506,2025-04-30 17:43:00,911.0,911.0,911.0,911.0,6
QFF,202506,2025-04-30 17:44:00,911.0,911.0,911.0,911.0,2
QFF,202506,2025-04-30 17:46:00,911.0,911.0,911.0,911.0,1
QFF,202506,2025-04-30 17:47:00,911.0,911.0,911.0,911.0,1
QFF,202506,2025-04-30 17:48:00,911.0,911.0,911.0,911.0,1
QFF,202506,2025-04-30 17:50:00,910.0,910.0,910.0,910.0,4
QFF,202506,2025-04-30 17:51:00,910.0,910.0,910.0,910.0,1
QFF,202506,2025-04-30 17:52:00,910.0,910.0,910.0,910.0,1
QFF,202506,2025-04-30 17:53:00,910.0,910.0,910.0,910.0,5
QFF,202506,2025-04-30 17:54:00,911.0,911.0,911.0,911.0,2
QFF,202506,2025-04-30 17:57:00,911.0,911.0,911.0,911.0,3
QFF,202506,2025-04-30 17:58:00,911.0,911.0,910.0,910.0,2
QFF,202506,2025-04-30 17:59:00,911.0,911.0,911.0,911.0,1
QFF,202506,2025-04-30 18:00:00,911.0,911.0,911.0,911.0,1
QFF,202506,2025-04-30 18:04:00,911.0,911.0,911.0,911.0,1
QFF,202506,2025-04-30 18:05:00,911.0,911.0,911.0,911.0,1
QFF,202506,2025-04-30 18:08:00,910.0,910.0,910.0,910.0,1
QFF,202506,2025-04-30 18:17:00,910.0,910.0,910.0,910.0,2
QFF,202506,2025-04-30 18:18:00,910.0,910.0,910.0,910.0,9
QFF,202506,2025-04-30 18:19:00,910.0,910.0,910.0,910.0,1
QFF,202506,2025-04-30 18:20:00,910.0,910.0,910.0,910.0,5
QFF,202506,2025-04-30 18:26:00,910.0,910.0,910.0,910.0,1
QFF,202506,2025-04-30 18:27:00,910.0,910.0,910.0,910.0,2
QFF,202506,2025-04-30 18:30:00,910.0,910.0,910.0,910.0,1
QFF,202506,2025-04-30 18:31:00,910.0,910.0,909.0,909.0,4
QFF,202506,2025-04-30 18:36:00,909.0,909.0,909.0,909.0,5
QFF,202506,2025-04-30 18:45:00,908.0,908.0,908.0,908.0,1
QFF,202506,2025-04-30 18:48:00,908.0,908.0,908.0,908.0,3
QFF,202506,2025-04-30 18:52:00,909.0,909.0,909.0,909.0,2
QFF,202506,2025-04-30 19:01:00,909.0,909.0,909.0,909.0,2
QFF,202506,2025-04-30 19:02:00,909.0,909.0,909.0,909.0,1
QFF,202506,2025-04-30 19:04:00,909.0,909.0,909.0,909.0,1
QFF,202506,2025-04-30 19:05:00,909.0,909.0,909.0,909.0,1
QFF,202506,2025-04-30 19:10:00,909.0,909.0,909.0,909.0,1
QFF,202506,2025-04-30 19:11:00,909.0,909.0,909.0,909.0,10
QFF,202506,2025-04-30 19:12:00,909.0,909.0,909.0,909.0,1
QFF,202506,2025-04-30 19:14:00,909.0,909.0,909.0,909.0,1
QFF,202506,2025-04-30 19:23:00,909.0,909.0,909.0,909.0,1
QFF,202506,2025-04-30 19:24:00,908.0,908.0,908.0,908.0,3
QFF,202506,2025-04-30 19:25:00,908.0,908.0,908.0,908.0,7
QFF,202506,2025-04-30 19:33:00,907.0,907.0,907.0,907.0,4
QFF,202506,2025-04-30 19:36:00,907.0,907.0,907.0,907.0,1
QFF,202506,2025-04-30 19:40:00,908.0,908.0,907.0,907.0,2
QFF,202506,2025-04-30 19:42:00,907.0,907.0,907.0,907.0,1
QFF,202506,2025-04-30 19:44:00,907.0,907.0,907.0,907.0,1
QFF,202506,2025-04-30 20:01:00,908.0,908.0,908.0,908.0,1
QFF,202506,2025-04-30 20:03:00,908.0,908.0,908.0,908.0,2
QFF,202506,2025-04-30 20:04:00,908.0,908.0,907.0,907.0,3
QFF,202506,2025-04-30 20:08:00,908.0,908.0,908.0,908.0,1
QFF,202506,2025-04-30 20:10:00,907.0,907.0,907.0,907.0,1
QFF,202506,2025-04-30 20:13:00,907.0,907.0,907.0,907.0,1
QFF,202506,2025-04-30 20:14:00,907.0,907.0,907.0,907.0,7
QFF,202506,2025-04-30 20:15:00,907.0,907.0,907.0,907.0,2
QFF,202506,2025-04-30 20:17:00,906.0,906.0,906.0,906.0,1
QFF,202506,2025-04-30 20:18:00,906.0,906.0,906.0,906.0,9
QFF,202506,2025-04-30 20:19:00,906.0,906.0,906.0,906.0,1
QFF,202506,2025-04-30 20:26:00,905.0,905.0,905.0,905.0,4
QFF,202506,2025-04-30 20:27:00,905.0,905.0,905.0,905.0,5
QFF,202506,2025-04-30 20:30:00,906.0,907.0,906.0,907.0,9
QFF,202506,2025-04-30 20:31:00,906.0,906.0,906.0,906.0,1
QFF,202506,2025-04-30 20:32:00,905.0,905.0,905.0,905.0,9
QFF,202506,2025-04-30 20:34:00,905.0,905.0,905.0,905.0,4
QFF,202506,2025-04-30 20:35:00,905.0,905.0,905.0,905.0,2
QFF,202506,2025-04-30 20:36:00,905.0,905.0,905.0,905.0,1
QFF,202506,2025-04-30 20:38:00,904.0,904.0,904.0,904.0,3
QFF,202506,2025-04-30 20:41:00,903.0,903.0,903.0,903.0,7
QFF,202506,2025-04-30 20:42:00,902.0,902.0,902.0,902.0,20
QFF,202506,2025-04-30 20:43:00,902.0,902.0,902.0,902.0,6
QFF,202506,2025-04-30 20:44:00,903.0,903.0,903.0,903.0,1
QFF,202506,2025-04-30 20:45:00,902.0,902.0,902.0,902.0,4
QFF,202506,2025-04-30 20:47:00,901.0,902.0,901.0,901.0,20
QFF,202506,2025-04-30 20:48:00,900.0,900.0,900.0,900.0,23
QFF,202506,2025-04-30 20:49:00,902.0,902.0,901.0,901.0,5
QFF,202506,2025-04-30 20:50:00,901.0,902.0,901.0,902.0,3
QFF,202506,2025-04-30 20:51:00,902.0,902.0,901.0,901.0,4
QFF,202506,2025-04-30 20:52:00,901.0,901.0,901.0,901.0,5
QFF,202506,2025-04-30 20:54:00,902.0,902.0,902.0,902.0,1
QFF,202506,2025-04-30 20:55:00,902.0,902.0,901.0,901.0,3
QFF,202506,2025-04-30 20:56:00,901.0,901.0,901.0,901.0,2
QFF,202506,2025-04-30 20:57:00,902.0,902.0,902.0,902.0,2
QFF,202506,2025-04-30 20:58:00,901.0,901.0,901.0,901.0,2
QFF,202506,2025-04-30 20:59:00,901.0,901.0,901.0,901.0,6
QFF,202506,2025-04-30 21:00:00,901.0,901.0,901.0,901.0,44
QFF,202506,2025-04-30 21:01:00,901.0,901.0,901.0,901.0,3
QFF,202506,2025-04-30 21:04:00,901.0,901.0,901.0,901.0,2
QFF,202506,2025-04-30 21:05:00,901.0,901.0,901.0,901.0,2
QFF,202506,2025-04-30 21:07:00,900.0,901.0,900.0,901.0,2
QFF,202506,2025-04-30 21:08:00,900.0,900.0,900.0,900.0,7
QFF,202506,2025-04-30 21:09:00,900.0,900.0,900.0,900.0,2
QFF,202506,2025-04-30 21:10:00,901.0,901.0,901.0,901.0,2
QFF,202506,2025-04-30 21:13:00,900.0,901.0,900.0,901.0,2
QFF,202506,2025-04-30 21:14:00,899.0,899.0,899.0,899.0,22
QFF,202506,2025-04-30 21:15:00,899.0,899.0,899.0,899.0,5
QFF,202506,2025-04-30 21:16:00,899.0,900.0,899.0,900.0,3
QFF,202506,2025-04-30 21:17:00,899.0,899.0,899.0,899.0,6
QFF,202506,2025-04-30 21:18:00,900.0,900.0,900.0,900.0,2
QFF,202506,2025-04-30 21:19:00,899.0,900.0,899.0,900.0,19
QFF,202506,2025-04-30 21:20:00,900.0,900.0,900.0,900.0,5
QFF,202506,2025-04-30 21:21:00,901.0,901.0,901.0,901.0,8
QFF,202506,2025-04-30 21:22:00,901.0,901.0,901.0,901.0,1
QFF,202506,2025-04-30 21:24:00,901.0,901.0,901.0,901.0,2
QFF,202506,2025-04-30 21:25:00,901.0,901.0,901.0,901.0,5
QFF,202506,2025-04-30 21:26:00,901.0,901.0,901.0,901.0,1
QFF,202506,2025-04-30 21:28:00,900.0,900.0,900.0,900.0,1
QFF,202506,2025-04-30 21:30:00,899.0,899.0,899.0,899.0,12
QFF,202506,2025-04-30 21:31:00,900.0,900.0,898.0,899.0,33
QFF,202506,2025-04-30 21:32:00,898.0,899.0,898.0,899.0,23
QFF,202506,2025-04-30 21:33:00,899.0,899.0,899.0,899.0,2
QFF,202506,2025-04-30 21:34:00,900.0,900.0,900.0,900.0,11
QFF,202506,2025-04-30 21:35:00,900.0,900.0,900.0,900.0,7
QFF,202506,2025-04-30 21:36:00,899.0,899.0,897.0,897.0,30
QFF,202506,2025-04-30 21:37:00,897.0,897.0,896.0,896.0,23
QFF,202506,2025-04-30 21:38:00,896.0,896.0,896.0,896.0,2
QFF,202506,2025-04-30 21:39:00,896.0,896.0,895.0,895.0,35
QFF,202506,2025-04-30 21:40:00,896.0,896.0,895.0,895.0,3
QFF,202506,2025-04-30 21:41:00,895.0,896.0,895.0,896.0,14
QFF,202506,2025-04-30 21:42:00,896.0,896.0,895.0,895.0,11
QFF,202506,2025-04-30 21:43:00,895.0,895.0,895.0,895.0,8
QFF,202506,2025-04-30 21:44:00,896.0,897.0,896.0,897.0,4
QFF,202506,2025-04-30 21:45:00,897.0,897.0,897.0,897.0,3
QFF,202506,2025-04-30 21:46:00,897.0,897.0,897.0,897.0,3
QFF,202506,2025-04-30 21:47:00,897.0,897.0,897.0,897.0,1
QFF,202506,2025-04-30 21:48:00,898.0,900.0,898.0,900.0,9
QFF,202506,2025-04-30 21:49:00,900.0,900.0,899.0,899.0,6
QFF,202506,2025-04-30 21:50:00,899.0,900.0,899.0,899.0,16
QFF,202506,2025-04-30 21:51:00,898.0,898.0,898.0,898.0,1
QFF,202506,2025-04-30 21:52:00,898.0,898.0,896.0,896.0,6
QFF,202506,2025-04-30 21:53:00,896.0,896.0,896.0,896.0,3
QFF,202506,2025-04-30 21:54:00,896.0,896.0,896.0,896.0,1
QFF,202506,2025-04-30 21:55:00,897.0,897.0,896.0,896.0,7
QFF,202506,2025-04-30 21:57:00,896.0,896.0,895.0,895.0,15
QFF,202506,2025-04-30 21:58:00,896.0,896.0,896.0,896.0,2
QFF,202506,2025-04-30 21:59:00,895.0,895.0,895.0,895.0,11
QFF,202506,2025-04-30 22:00:00,895.0,897.0,895.0,897.0,2
QFF,202506,2025-04-30 22:01:00,898.0,899.0,898.0,899.0,6
QFF,202506,2025-04-30 22:03:00,898.0,898.0,898.0,898.0,2
QFF,202506,2025-04-30 22:05:00,899.0,899.0,899.0,899.0,1
QFF,202506,2025-04-30 22:06:00,899.0,899.0,899.0,899.0,7
QFF,202506,2025-04-30 22:07:00,898.0,898.0,897.0,897.0,24
QFF,202506,2025-04-30 22:08:00,897.0,898.0,897.0,897.0,9
QFF,202506,2025-04-30 22:09:00,899.0,899.0,899.0,899.0,2
QFF,202506,2025-04-30 22:10:00,899.0,899.0,899.0,899.0,3
QFF,202506,2025-04-30 22:11:00,899.0,899.0,898.0,898.0,2
QFF,202506,2025-04-30 22:12:00,898.0,898.0,898.0,898.0,17
QFF,202506,2025-04-30 22:14:00,899.0,899.0,899.0,899.0,1
QFF,202506,2025-04-30 22:16:00,900.0,900.0,900.0,900.0,16
QFF,202506,2025-04-30 22:17:00,900.0,901.0,900.0,901.0,2
QFF,202506,2025-04-30 22:18:00,899.0,899.0,899.0,899.0,1
QFF,202506,2025-04-30 22:19:00,900.0,900.0,900.0,900.0,1
QFF,202506,2025-04-30 22:20:00,900.0,900.0,900.0,900.0,1
QFF,202506,2025-04-30 22:21:00,900.0,900.0,900.0,900.0,1
QFF,202506,2025-04-30 22:22:00,900.0,900.0,900.0,900.0,2
QFF,202506,2025-04-30 22:23:00,900.0,900.0,900.0,900.0,1
QFF,202506,2025-04-30 22:24:00,900.0,901.0,900.0,901.0,4
QFF,202506,2025-04-30 22:25:00,901.0,901.0,901.0,901.0,6
QFF,202506,2025-04-30 22:26:00,902.0,902.0,902.0,902.0,4
QFF,202506,2025-04-30 22:27:00,902.0,902.0,902.0,902.0,2
QFF,202506,2025-04-30 22:29:00,902.0,903.0,902.0,903.0,38
QFF,202506,2025-04-30 22:30:00,903.0,903.0,902.0,903.0,3
QFF,202506,2025-04-30 22:31:00,903.0,904.0,903.0,904.0,4
QFF,202506,2025-04-30 22:32:00,904.0,904.0,903.0,903.0,3
QFF,202506,2025-04-30 22:33:00,903.0,903.0,903.0,903.0,1
QFF,202506,2025-04-30 22:34:00,903.0,903.0,902.0,902.0,9
QFF,202506,2025-04-30 22:35:00,902.0,902.0,902.0,902.0,2
QFF,202506,2025-04-30 22:36:00,901.0,902.0,901.0,902.0,3
QFF,202506,2025-04-30 22:37:00,902.0,902.0,901.0,901.0,2
QFF,202506,2025-04-30 22:38:00,901.0,901.0,901.0,901.0,8
QFF,202506,2025-04-30 22:41:00,900.0,900.0,900.0,900.0,4
QFF,202506,2025-04-30 22:42:00,900.0,900.0,900.0,900.0,4
QFF,202506,2025-04-30 22:43:00,901.0,902.0,901.0,902.0,3
QFF,202506,2025-04-30 22:44:00,902.0,903.0,902.0,903.0,7
QFF,202506,2025-04-30 22:46:00,902.0,902.0,902.0,902.0,5
QFF,202506,2025-04-30 22:50:00,902.0,902.0,902.0,902.0,2
QFF,202506,2025-04-30 22:51:00,901.0,901.0,901.0,901.0,5
QFF,202506,2025-04-30 22:54:00,903.0,903.0,903.0,903.0,1
QFF,202506,2025-04-30 22:55:00,902.0,902.0,902.0,902.0,3
QFF,202506,2025-04-30 22:57:00,902.0,903.0,902.0,903.0,7
QFF,202506,2025-04-30 22:58:00,903.0,903.0,903.0,903.0,1
QFF,202506,2025-04-30 23:01:00,903.0,904.0,902.0,902.0,3
QFF,202506,2025-04-30 23:03:00,903.0,903.0,903.0,903.0,1
QFF,202506,2025-04-30 23:13:00,904.0,904.0,904.0,904.0,2
QFF,202506,2025-04-30 23:14:00,904.0,904.0,904.0,904.0,1
QFF,202506,2025-04-30 23:18:00,904.0,904.0,904.0,904.0,5
QFF,202506,2025-04-30 23:22:00,904.0,904.0,904.0,904.0,2
QFF,202506,2025-04-30 23:23:00,904.0,904.0,904.0,904.0,8
QFF,202506,2025-04-30 23:25:00,904.0,904.0,904.0,904.0,3
QFF,202506,2025-04-30 23:26:00,903.0,903.0,903.0,903.0,6
QFF,202506,2025-04-30 23:28:00,903.0,903.0,903.0,903.0,3
QFF,202506,2025-04-30 23:30:00,904.0,904.0,904.0,904.0,1
QFF,202506,2025-04-30 23:32:00,904.0,904.0,904.0,904.0,1
QFF,202506,2025-04-30 23:34:00,904.0,904.0,904.0,904.0,2
QFF,202506,2025-04-30 23:40:00,903.0,903.0,903.0,903.0,1
QFF,202506,2025-04-30 23:50:00,904.0,904.0,904.0,904.0,1
QFF,202506,2025-04-30 23:51:00,904.0,904.0,904.0,904.0,3
QFF,202506,2025-04-30 23:58:00,902.0,902.0,902.0,902.0,10
QFF,202506,2025-04-30 23:59:00,902.0,902.0,902.0,902.0,1
QFF,202506,2025-05-01 00:00:00,902.0,902.0,902.0,902.0,1
QFF,202506,2025-05-01 00:02:00,902.0,902.0,902.0,902.0,3
QFF,202506,2025-05-01 00:06:00,904.0,904.0,904.0,904.0,2
QFF,202506,2025-05-01 00:16:00,903.0,903.0,903.0,903.0,1
QFF,202506,2025-05-01 00:17:00,903.0,903.0,903.0,903.0,1
QFF,202506,2025-05-01 00:22:00,902.0,902.0,902.0,902.0,2
QFF,202506,2025-05-01 00:25:00,901.0,901.0,901.0,901.0,1
QFF,202506,2025-05-01 00:28:00,901.0,901.0,901.0,901.0,2
QFF,202506,2025-05-01 00:30:00,901.0,901.0,901.0,901.0,2
QFF,202506,2025-05-01 00:33:00,901.0,902.0,901.0,901.0,5
QFF,202506,2025-05-01 01:04:00,901.0,901.0,901.0,901.0,1
QFF,202506,2025-05-01 01:10:00,901.0,901.0,900.0,900.0,26
QFF,202506,2025-05-01 01:13:00,900.0,900.0,900.0,900.0,1
QFF,202506,2025-05-01 01:14:00,901.0,901.0,901.0,901.0,2
QFF,202506,2025-05-01 01:26:00,902.0,902.0,902.0,902.0,6
QFF,202506,2025-05-01 01:36:00,904.0,904.0,904.0,904.0,8
QFF,202506,2025-05-01 01:38:00,905.0,905.0,905.0,905.0,1
QFF,202506,2025-05-01 01:39:00,905.0,905.0,905.0,905.0,3
QFF,202506,2025-05-01 01:43:00,905.0,905.0,905.0,905.0,9
QFF,202506,2025-05-01 01:44:00,905.0,905.0,905.0,905.0,68
QFF,202506,2025-05-01 01:45:00,905.0,905.0,905.0,905.0,11
QFF,202506,2025-05-01 01:46:00,905.0,905.0,905.0,905.0,3
QFF,202506,2025-05-01 01:47:00,905.0,905.0,905.0,905.0,14
QFF,202506,2025-05-01 01:50:00,905.0,905.0,905.0,905.0,1
QFF,202506,2025-05-01 01:52:00,905.0,905.0,905.0,905.0,6
QFF,202506,2025-05-01 01:53:00,905.0,905.0,905.0,905.0,5
QFF,202506,2025-05-01 01:55:00,905.0,906.0,905.0,906.0,62
QFF,202506,2025-05-01 01:59:00,906.0,906.0,906.0,906.0,1
QFF,202506,2025-05-01 02:00:00,905.0,905.0,905.0,905.0,4
QFF,202506,2025-05-01 02:01:00,905.0,905.0,905.0,905.0,18
QFF,202506,2025-05-01 02:07:00,905.0,907.0,905.0,907.0,52
QFF,202506,2025-05-01 02:10:00,907.0,907.0,907.0,907.0,1
QFF,202506,2025-05-01 02:11:00,908.0,908.0,908.0,908.0,2
QFF,202506,2025-05-01 02:12:00,908.0,908.0,908.0,908.0,32
QFF,202506,2025-05-01 02:13:00,909.0,909.0,909.0,909.0,2
QFF,202506,2025-05-01 02:18:00,909.0,909.0,909.0,909.0,2
QFF,202506,2025-05-01 02:20:00,909.0,909.0,909.0,909.0,8
QFF,202506,2025-05-01 02:21:00,909.0,909.0,909.0,909.0,1
QFF,202506,2025-05-01 02:25:00,908.0,908.0,908.0,908.0,2
QFF,202506,2025-05-01 02:27:00,908.0,908.0,908.0,908.0,1
QFF,202506,2025-05-01 02:29:00,908.0,908.0,908.0,908.0,2
QFF,202506,2025-05-01 02:32:00,908.0,908.0,908.0,908.0,3
QFF,202506,2025-05-01 02:35:00,906.0,906.0,906.0,906.0,5
QFF,202506,2025-05-01 02:38:00,907.0,907.0,907.0,907.0,1
QFF,202506,2025-05-01 02:43:00,907.0,907.0,907.0,907.0,2
QFF,202506,2025-05-01 02:46:00,907.0,907.0,907.0,907.0,4
QFF,202506,2025-05-01 02:49:00,908.0,908.0,908.0,908.0,5
QFF,202506,2025-05-01 02:51:00,908.0,908.0,908.0,908.0,4
QFF,202506,2025-05-01 02:52:00,908.0,908.0,908.0,908.0,1
QFF,202506,2025-05-01 03:03:00,908.0,908.0,908.0,908.0,1
QFF,202506,2025-05-01 03:05:00,908.0,908.0,908.0,908.0,8
QFF,202506,2025-05-01 03:06:00,908.0,908.0,908.0,908.0,2
QFF,202506,2025-05-01 03:09:00,908.0,908.0,908.0,908.0,5
QFF,202506,2025-05-01 03:12:00,908.0,908.0,908.0,908.0,3
QFF,202506,2025-05-01 03:13:00,908.0,908.0,907.0,908.0,8
QFF,202506,2025-05-01 03:14:00,908.0,908.0,908.0,908.0,3
QFF,202506,2025-05-01 03:18:00,908.0,908.0,908.0,908.0,1
QFF,202506,2025-05-01 03:20:00,907.0,907.0,907.0,907.0,8
QFF,202506,2025-05-01 03:21:00,907.0,907.0,907.0,907.0,20
QFF,202506,2025-05-01 03:22:00,907.0,908.0,907.0,908.0,7
QFF,202506,2025-05-01 03:23:00,907.0,907.0,907.0,907.0,2
QFF,202506,2025-05-01 03:25:00,906.0,906.0,906.0,906.0,2
QFF,202506,2025-05-01 03:27:00,905.0,905.0,905.0,905.0,91
QFF,202506,2025-05-01 03:42:00,907.0,907.0,907.0,907.0,1
QFF,202506,2025-05-01 03:44:00,907.0,907.0,907.0,907.0,6
QFF,202506,2025-05-01 03:49:00,908.0,908.0,908.0,908.0,9
QFF,202506,2025-05-01 03:50:00,909.0,910.0,909.0,910.0,59
QFF,202506,2025-05-01 03:51:00,910.0,910.0,910.0,910.0,24
QFF,202506,2025-05-01 03:52:00,911.0,911.0,911.0,911.0,37
QFF,202506,2025-05-01 03:53:00,911.0,911.0,911.0,911.0,1
QFF,202506,2025-05-01 03:55:00,910.0,910.0,910.0,910.0,5
QFF,202506,2025-05-01 03:56:00,911.0,911.0,911.0,911.0,2
QFF,202506,2025-05-01 03:57:00,911.0,911.0,911.0,911.0,5
QFF,202506,2025-05-01 04:00:00,910.0,910.0,910.0,910.0,14
QFF,202506,2025-05-01 04:02:00,911.0,911.0,911.0,911.0,1
QFF,202506,2025-05-01 04:05:00,911.0,911.0,911.0,911.0,1
QFF,202506,2025-05-01 04:06:00,912.0,913.0,912.0,913.0,45
QFF,202506,2025-05-01 04:08:00,913.0,913.0,913.0,913.0,1
QFF,202506,2025-05-01 04:09:00,913.0,913.0,913.0,913.0,7
QFF,202506,2025-05-01 04:10:00,914.0,914.0,914.0,914.0,2
QFF,202506,2025-05-01 04:12:00,914.0,915.0,914.0,915.0,22
QFF,202506,2025-05-01 04:13:00,915.0,916.0,915.0,916.0,5
QFF,202506,2025-05-01 04:15:00,916.0,916.0,916.0,916.0,1
QFF,202506,2025-05-01 04:16:00,917.0,917.0,917.0,917.0,2
QFF,202506,2025-05-01 04:19:00,916.0,916.0,916.0,916.0,1
QFF,202506,2025-05-01 04:20:00,917.0,917.0,917.0,917.0,1
QFF,202506,2025-05-01 04:21:00,917.0,917.0,917.0,917.0,1
QFF,202506,2025-05-01 04:22:00,918.0,918.0,918.0,918.0,8
QFF,202506,2025-05-01 04:23:00,917.0,917.0,917.0,917.0,1
QFF,202506,2025-05-01 04:25:00,918.0,918.0,918.0,918.0,1
QFF,202506,2025-05-01 04:27:00,918.0,918.0,918.0,918.0,1
QFF,202506,2025-05-01 04:29:00,918.0,918.0,918.0,918.0,7
QFF,202506,2025-05-01 04:30:00,918.0,918.0,918.0,918.0,7
QFF,202506,2025-05-01 04:31:00,918.0,918.0,918.0,918.0,5
QFF,202506,2025-05-01 04:32:00,918.0,918.0,918.0,918.0,3
QFF,202506,2025-05-01 04:34:00,918.0,918.0,918.0,918.0,1
QFF,202506,2025-05-01 04:36:00,919.0,919.0,919.0,919.0,5
QFF,202506,2025-05-01 04:37:00,919.0,919.0,919.0,919.0,1
QFF,202506,2025-05-01 04:40:00,919.0,919.0,919.0,919.0,17
QFF,202506,2025-05-01 04:41:00,920.0,920.0,920.0,920.0,5
QFF,202506,2025-05-01 04:45:00,920.0,920.0,920.0,920.0,1
QFF,202506,2025-05-01 04:46:00,920.0,920.0,920.0,920.0,3
QFF,202506,2025-05-01 04:47:00,920.0,920.0,920.0,920.0,5
QFF,202506,2025-05-01 04:48:00,920.0,920.0,920.0,920.0,6
QFF,202506,2025-05-01 04:49:00,920.0,920.0,920.0,920.0,3
QFF,202506,2025-05-01 04:50:00,920.0,923.0,920.0,923.0,104
QFF,202506,2025-05-01 04:51:00,922.0,922.0,922.0,922.0,2
QFF,202506,2025-05-01 04:52:00,923.0,925.0,923.0,924.0,47
QFF,202506,2025-05-01 04:53:00,925.0,926.0,925.0,926.0,4
QFF,202506,2025-05-01 04:54:00,927.0,930.0,927.0,930.0,59
QFF,202506,2025-05-01 04:55:00,930.0,930.0,929.0,930.0,7
QFF,202506,2025-05-01 04:56:00,931.0,931.0,930.0,930.0,3
QFF,202506,2025-05-01 04:58:00,930.0,931.0,930.0,930.0,7
QFF,202506,2025-05-01 04:59:00,930.0,930.0,930.0,930.0,7
QFF,202506/202509,2025-04-30 21:32:00,2.98,2.98,2.98,2.98,4
QFF,202509,2025-04-30 17:29:00,912.0,912.0,912.0,912.0,1
QFF,202509,2025-04-30 17:35:00,911.0,911.0,911.0,911.0,1
QFF,202509,2025-04-30 17:57:00,910.0,910.0,910.0,910.0,1
QFF,202509,2025-04-30 18:40:00,910.0,910.0,910.0,910.0,1
QFF,202509,2025-04-30 18:57:00,909.0,909.0,909.0,909.0,1
QFF,202509,2025-04-30 19:28:00,909.0,909.0,909.0,909.0,1
QFF,202509,2025-04-30 20:19:00,908.0,908.0,908.0,908.0,1
QFF,202509,2025-04-30 20:32:00,905.0,905.0,905.0,905.0,6
QFF,202509,2025-04-30 20:35:00,905.0,905.0,905.0,905.0,1
QFF,202509,2025-04-30 21:17:00,901.0,901.0,901.0,901.0,1
QFF,202509,2025-04-30 21:24:00,903.0,903.0,903.0,903.0,1
QFF,202509,2025-04-30 21:25:00,904.0,904.0,904.0,904.0,1
QFF,202509,2025-04-30 21:36:00,900.0,900.0,900.0,900.0,1
QFF,202509,2025-04-30 21:37:00,899.0,899.0,899.0,899.0,1
QFF,202509,2025-04-30 21:39:00,898.0,898.0,898.0,898.0,1
QFF,202509,2025-04-30 21:43:00,896.0,896.0,894.0,894.0,2
QFF,202509,2025-04-30 21:44:00,896.0,896.0,896.0,896.0,1
QFF,202509,2025-04-30 21:49:00,898.0,898.0,898.0,898.0,3
QFF,202509,2025-04-30 22:14:00,900.0,900.0,900.0,900.0,2
QFF,202509,2025-04-30 22:24:00,901.0,901.0,901.0,901.0,1
QFF,202509,2025-04-30 22:26:00,902.0,902.0,902.0,902.0,3
QFF,202509,2025-04-30 22:27:00,903.0,903.0,903.0,903.0,2
QFF,202509,2025-04-30 22:29:00,903.0,903.0,903.0,903.0,1
QFF,202509,2025-04-30 22:31:00,904.0,904.0,904.0,904.0,2
QFF,202509,2025-04-30 22:41:00,902.0,902.0,902.0,902.0,1
QFF,202509,2025-04-30 22:45:00,903.0,903.0,903.0,903.0,1
QFF,202509,2025-05-01 00:26:00,903.0,903.0,903.0,903.0,1
QFF,202509,2025-05-01 02:07:00,906.0,906.0,906.0,906.0,3
QFF,202509,2025-05-01 02:18:00,908.0,908.0,908.0,908.0,1
QFF,202509,2025-05-01 03:50:00,909.0,909.0,909.0,909.0,5
QFF,202509,2025-05-01 03:51:00,909.0,909.0,909.0,909.0,1
QFF,202509,2025-05-01 03:52:00,910.0,910.0,910.0,910.0,5
QFF,202509,2025-05-01 03:55:00,910.0,910.0,910.0,910.0,3
QFF,202509,2025-05-01 04:06:00,911.0,911.0,911.0,911.0,2
QFF,202509,2025-05-01 04:09:00,912.0,912.0,912.0,912.0,1
QFF,202509,2025-05-01 04:12:00,914.0,915.0,914.0,915.0,4
QFF,202509,2025-05-01 04:23:00,916.0,916.0,916.0,916.0,1
QFF,202509,2025-05-01 04:53:00,924.0,925.0,924.0,925.0,2
QFF,202509,2025-05-01 04:54:00,927.0,929.0,927.0,929.0,3
QFF,202512,2025-04-30 17:33:00,910.0,910.0,910.0,910.0,2
QFF,202512,2025-04-30 17:34:00,910.0,910.0,910.0,910.0,1
QFF,202512,2025-04-30 17:51:00,911.0,911.0,911.0,911.0,1
QFF,202512,2025-04-30 19:20:00,912.0,912.0,912.0,912.0,2
QFF,202512,2025-04-30 19:28:00,911.0,911.0,911.0,911.0,1
QFF,202512,2025-04-30 20:04:00,911.0,911.0,911.0,911.0,1
QFF,202512,2025-04-30 20:17:00,910.0,910.0,910.0,910.0,10
QFF,202512,2025-04-30 20:18:00,910.0,910.0,910.0,910.0,2
QFF,202512,2025-04-30 20:21:00,909.0,909.0,909.0,909.0,3
QFF,202512,2025-04-30 20:32:00,909.0,909.0,908.0,908.0,7
QFF,202512,2025-04-30 20:35:00,908.0,908.0,908.0,908.0,1
QFF,202512,2025-04-30 20:41:00,907.0,907.0,907.0,907.0,1
QFF,202512,2025-04-30 20:42:00,906.0,906.0,906.0,906.0,1
QFF,202512,2025-04-30 20:43:00,906.0,906.0,906.0,906.0,1
QFF,202512,2025-04-30 20:46:00,905.0,905.0,905.0,905.0,2
QFF,202512,2025-04-30 21:38:00,900.0,900.0,900.0,900.0,6
QFF,202512,2025-04-30 21:43:00,893.0,893.0,893.0,893.0,1
QFF,202512,2025-04-30 21:53:00,895.0,895.0,895.0,895.0,1
QFF,202512,2025-04-30 21:55:00,895.0,895.0,895.0,895.0,1
QFF,202512,2025-04-30 21:58:00,897.0,897.0,897.0,897.0,1
QFF,202512,2025-04-30 22:51:00,905.0,905.0,905.0,905.0,1
QFF,202512,2025-05-01 00:26:00,906.0,906.0,906.0,906.0,1
QFF,202512,2025-05-01 01:10:00,906.0,906.0,906.0,906.0,1
QFF,202512,2025-05-01 04:11:00,914.0,914.0,914.0,914.0,1
QFF,202512,2025-05-01 04:19:00,914.0,914.0,914.0,914.0,1
QFF,202512,2025-05-01 04:20:00,915.0,915.0,915.0,915.0,1
QFF,202512,2025-05-01 04:25:00,918.0,918.0,918.0,918.0,1
QFF,202512,2025-05-01 04:41:00,920.0,920.0,920.0,920.0,1
QFF,202512,2025-05-01 04:53:00,923.0,924.0,923.0,924.0,2
QFF,202512,2025-05-01 04:54:00,925.0,928.0,925.0,928.0,3
QFF,202603,2025-04-30 20:37:00,911.0,911.0,911.0,911.0,5
QFF,202603,2025-04-30 20:46:00,908.0,908.0,908.0,908.0,1
QFF,202603,2025-05-01 03:50:00,911.0,911.0,911.0,911.0,1
RZF,202505,2025-04-30 17:25:00,28.55,28.56,28.55,28.56,4
RZF,202505,2025-04-30 17:29:00,28.57,28.57,28.57,28.57,1
RZF,202505,2025-04-30 17:34:00,28.57,28.57,28.57,28.57,1
RZF,202505,2025-04-30 17:35:00,28.58,28.58,28.58,28.58,1
RZF,202505,2025-04-30 17:38:00,28.56,28.56,28.56,28.56,1
RZF,202505,2025-04-30 17:39:00,28.56,28.56,28.56,28.56,1
RZF,202505,2025-04-30 17:42:00,28.58,28.58,28.58,28.58,1
RZF,202505,2025-04-30 17:45:00,28.59,28.59,28.59,28.59,2
RZF,202505,2025-04-30 17:47:00,28.59,28.59,28.59,28.59,1
RZF,202505,2025-04-30 17:48:00,28.59,28.59,28.59,28.59,1
RZF,202505,2025-04-30 17:49:00,28.6,28.6,28.59,28.59,2
RZF,202505,2025-04-30 17:51:00,28.59,28.59,28.59,28.59,1
RZF,202505,2025-04-30 17:52:00,28.57,28.57,28.57,28.57,1
RZF,202505,2025-04-30 18:01:00,28.56,28.56,28.56,28.56,2
RZF,202505,2025-04-30 18:02:00,28.55,28.55,28.55,28.55,1
RZF,202505,2025-04-30 18:08:00,28.56,28.56,28.56,28.56,2
RZF,202505,2025-04-30 18:11:00,28.57,28.57,28.57,28.57,4
RZF,202505,2025-04-30 18:17:00,28.58,28.58,28.58,28.58,2
RZF,202505,2025-04-30 18:20:00,28.56,28.56,28.56,28.56,1
RZF,202505,2025-04-30 18:22:00,28.55,28.55,28.55,28.55,2
RZF,202505,2025-04-30 18:26:00,28.54,28.54,28.54,28.54,1
RZF,202505,2025-04-30 18:27:00,28.55,28.55,28.55,28.55,4
RZF,202505,2025-04-30 18:28:00,28.55,28.55,28.55,28.55,3
RZF,202505,2025-04-30 18:30:00,28.55,28.55,28.55,28.55,3
RZF,202505,2025-04-30 18:36:00,28.56,28.56,28.56,28.56,1
RZF,202505,2025-04-30 18:47:00,28.55,28.55,28.55,28.55,1
RZF,202505,2025-04-30 19:00:00,28.56,28.56,28.56,28.56,1
RZF,202505,2025-04-30 19:02:00,28.57,28.57,28.57,28.57,2
RZF,202505,2025-04-30 19:04:00,28.58,28.58,28.58,28.58,9
RZF,202505,2025-04-30 19:05:00,28.59,28.59,28.59,28.59,4
RZF,202505,2025-04-30 19:08:00,28.6,28.6,28.6,28.6,5
RZF,202505,2025-04-30 19:09:00,28.58,28.58,28.58,28.58,3
RZF,202505,2025-04-30 19:10:00,28.59,28.6,28.59,28.6,32
RZF,202505,2025-04-30 19:11:00,28.61,28.61,28.61,28.61,3
RZF,202505,2025-04-30 19:12:00,28.6,28.63,28.6,28.63,13
RZF,202505,2025-04-30 19:16:00,28.62,28.63,28.62,28.63,6
RZF,202505,2025-04-30 19:18:00,28.61,28.61,28.61,28.61,1
RZF,202505,2025-04-30 19:22:00,28.62,28.62,28.62,28.62,1
RZF,202505,2025-04-30 19:23:00,28.61,28.61,28.61,28.61,10
RZF,202505,2025-04-30 19:24:00,28.61,28.61,28.61,28.61,47
RZF,202505,2025-04-30 19:27:00,28.61,28.61,28.61,28.61,23
RZF,202505,2025-04-30 19:28:00,28.61,28.61,28.61,28.61,15
RZF,202505,2025-04-30 19:41:00,28.59,28.59,28.59,28.59,2
RZF,202505,2025-04-30 19:50:00,28.58,28.58,28.58,28.58,1
RZF,202505,2025-04-30 19:52:00,28.58,28.58,28.58,28.58,1
RZF,202505,2025-04-30 19:56:00,28.6,28.6,28.6,28.6,1
RZF,202505,2025-04-30 20:00:00,28.6,28.6,28.6,28.6,40
RZF,202505,2025-04-30 20:01:00,28.6,28.6,28.6,28.6,10
RZF,202505,2025-04-30 20:02:00,28.6,28.6,28.6,28.6,5
RZF,202505,2025-04-30 20:06:00,28.6,28.6,28.6,28.6,10
RZF,202505,2025-04-30 20:10:00,28.61,28.61,28.61,28.61,1
RZF,202505,2025-04-30 20:14:00,28.61,28.61,28.61,28.61,1
RZF,202505,2025-04-30 20:15:00,28.62,28.63,28.62,28.63,6
RZF,202505,2025-04-30 20:16:00,28.64,28.64,28.64,28.64,11
RZF,202505,2025-04-30 20:17:00,28.65,28.65,28.65,28.65,9
RZF,202505,2025-04-30 20:18:00,28.65,28.65,28.64,28.64,3
RZF,202505,2025-04-30 20:19:00,28.65,28.65,28.65,28.65,1
RZF,202505,2025-04-30 20:20:00,28.66,28.66,28.66,28.66,6
RZF,202505,2025-04-30 20:23:00,28.64,28.64,28.64,28.64,1
RZF,202505,2025-04-30 20:25:00,28.63,28.63,28.63,28.63,1
RZF,202505,2025-04-30 20:26:00,28.64,28.64,28.63,28.63,2
RZF,202505,2025-04-30 20:27:00,28.63,28.63,28.62,28.62,4
RZF,202505,2025-04-30 20:28:00,28.61,28.61,28.61,28.61,2
RZF,202505,2025-04-30 20:29:00,28.6,28.61,28.6,28.61,4
RZF,202505,2025-04-30 20:30:00,28.63,28.63,28.58,28.58,19
RZF,202505,2025-04-30 20:31:00,28.57,28.57,28.51,28.51,24
RZF,202505,2025-04-30 20:32:00,28.5,28.5,28.48,28.48,12
RZF,202505,2025-04-30 20:33:00,28.48,28.48,28.47,28.47,6
RZF,202505,2025-04-30 20:34:00,28.49,28.49,28.49,28.49,2
RZF,202505,2025-04-30 20:35:00,28.5,28.5,28.46,28.46,24
RZF,202505,2025-04-30 20:36:00,28.47,28.47,28.37,28.37,62
RZF,202505,2025-04-30 20:37:00,28.36,28.37,28.33,28.34,18
RZF,202505,2025-04-30 20:38:00,28.33,28.37,28.33,28.37,8
RZF,202505,2025-04-30 20:39:00,28.37,28.38,28.35,28.36,11
RZF,202505,2025-04-30 20:40:00,28.34,28.34,28.28,28.28,24
RZF,202505,2025-04-30 20:41:00,28.29,28.29,28.19,28.22,40
RZF,202505,2025-04-30 20:42:00,28.22,28.23,28.2,28.2,36
RZF,202505,2025-04-30 20:43:00,28.2,28.2,28.2,28.2,5
RZF,202505,2025-04-30 20:44:00,28.21,28.24,28.21,28.24,4
RZF,202505,2025-04-30 20:45:00,28.24,28.27,28.24,28.27,18
RZF,202505,2025-04-30 20:46:00,28.28,28.29,28.27,28.28,17
RZF,202505,2025-04-30 20:47:00,28.29,28.33,28.29,28.32,29
RZF,202505,2025-04-30 20:48:00,28.31,28.34,28.31,28.33,27
RZF,202505,2025-04-30 20:49:00,28.35,28.37,28.35,28.37,23
RZF,202505,2025-04-30 20:50:00,28.36,28.38,28.36,28.37,4
RZF,202505,2025-04-30 20:51:00,28.36,28.4,28.36,28.4,16
RZF,202505,2025-04-30 20:52:00,28.4,28.4,28.38,28.38,14
RZF,202505,2025-04-30 20:53:00,28.37,28.38,28.37,28.37,7
RZF,202505,2025-04-30 20:54:00,28.37,28.37,28.35,28.35,5
RZF,202505,2025-04-30 20:55:00,28.34,28.36,28.34,28.36,5
RZF,202505,2025-04-30 20:56:00,28.35,28.41,28.35,28.41,16
RZF,202505,2025-04-30 20:57:00,28.39,28.39,28.37,28.39,5
RZF,202505,2025-04-30 20:59:00,28.4,28.4,28.4,28.4,2
RZF,202505,2025-04-30 21:00:00,28.4,28.4,28.39,28.39,8
RZF,202505,2025-04-30 21:01:00,28.39,28.39,28.39,28.39,1
RZF,202505,2025-04-30 21:02:00,28.38,28.4,28.38,28.4,5
RZF,202505,2025-04-30 21:03:00,28.4,28.4,28.4,28.4,4
RZF,202505,2025-04-30 21:04:00,28.4,28.4,28.4,28.4,1
RZF,202505,2025-04-30 21:05:00,28.4,28.41,28.4,28.4,4
RZF,202505,2025-04-30 21:06:00,28.41,28.42,28.41,28.42,11
RZF,202505,2025-04-30 21:07:00,28.42,28.43,28.41,28.42,11
RZF,202505,2025-04-30 21:08:00,28.41,28.43,28.41,28.43,4
RZF,202505,2025-04-30 21:09:00,28.44,28.44,28.43,28.43,2
RZF,202505,2025-04-30 21:10:00,28.42,28.45,28.42,28.45,13
RZF,202505,2025-04-30 21:11:00,28.45,28.45,28.44,28.45,3
RZF,202505,2025-04-30 21:12:00,28.42,28.43,28.42,28.43,6
RZF,202505,2025-04-30 21:13:00,28.43,28.44,28.43,28.44,2
RZF,202505,2025-04-30 21:14:00,28.43,28.44,28.43,28.44,7
RZF,202505,2025-04-30 21:15:00,28.44,28.44,28.43,28.43,4
RZF,202505,2025-04-30 21:16:00,28.43,28.43,28.43,28.43,2
RZF,202505,2025-04-30 21:17:00,28.44,28.44,28.44,28.44,1
RZF,202505,2025-04-30 21:18:00,28.45,28.45,28.45,28.45,1
RZF,202505,2025-04-30 21:19:00,28.45,28.45,28.45,28.45,3
RZF,202505,2025-04-30 21:20:00,28.44,28.44,28.44,28.44,1
RZF,202505,2025-04-30 21:22:00,28.45,28.45,28.45,28.45,10
RZF,202505,2025-04-30 21:25:00,28.44,28.44,28.44,28.44,2
RZF,202505,2025-04-30 21:27:00,28.45,28.45,28.45,28.45,2
RZF,202505,2025-04-30 21:28:00,28.45,28.45,28.45,28.45,1
RZF,202505,2025-04-30 21:30:00,28.45,28.45,28.44,28.44,4
RZF,202505,2025-04-30 21:31:00,28.45,28.45,28.45,28.45,4
RZF,202505,2025-04-30 21:32:00,28.46,28.46,28.45,28.46,11
RZF,202505,2025-04-30 21:33:00,28.45,28.45,28.45,28.45,1
RZF,202505,2025-04-30 21:34:00,28.45,28.45,28.45,28.45,1
RZF,202505,2025-04-30 21:35:00,28.45,28.47,28.45,28.47,11
RZF,202505,2025-04-30 21:36:00,28.47,28.48,28.47,28.48,11
RZF,202505,2025-04-30 21:37:00,28.48,28.48,28.48,28.48,3
RZF,202505,2025-04-30 21:38:00,28.48,28.48,28.48,28.48,8
RZF,202505,2025-04-30 21:39:00,28.48,28.48,28.48,28.48,1
RZF,202505,2025-04-30 21:40:00,28.48,28.48,28.48,28.48,1
RZF,202505,2025-04-30 21:41:00,28.49,28.51,28.49,28.51,26
RZF,202505,2025-04-30 21:42:00,28.51,28.51,28.51,28.51,1
RZF,202505,2025-04-30 21:43:00,28.49,28.49,28.49,28.49,1
RZF,202505,2025-04-30 21:44:00,28.48,28.48,28.48,28.48,1
RZF,202505,2025-04-30 21:45:00,28.5,28.5,28.48,28.48,4
RZF,202505,2025-04-30 21:50:00,28.48,28.48,28.48,28.48,1
RZF,202505,2025-04-30 21:52:00,28.47,28.47,28.46,28.46,4
RZF,202505,2025-04-30 21:53:00,28.45,28.45,28.45,28.45,8
RZF,202505,2025-04-30 21:55:00,28.46,28.46,28.46,28.46,1
RZF,202505,2025-04-30 21:57:00,28.47,28.47,28.47,28.47,1
RZF,202505,2025-04-30 21:59:00,28.48,28.49,28.48,28.49,2
RZF,202505,2025-04-30 22:00:00,28.45,28.45,28.44,28.44,3
RZF,202505,2025-04-30 22:01:00,28.43,28.43,28.42,28.42,2
RZF,202505,2025-04-30 22:02:00,28.42,28.42,28.42,28.42,2
RZF,202505,2025-04-30 22:03:00,28.47,28.47,28.47,28.47,2
RZF,202505,2025-04-30 22:04:00,28.42,28.42,28.42,28.42,1
RZF,202505,2025-04-30 22:06:00,28.41,28.41,28.41,28.41,10
RZF,202505,2025-04-30 22:07:00,28.4,28.4,28.4,28.4,8
RZF,202505,2025-04-30 22:08:00,28.4,28.4,28.4,28.4,1
RZF,202505,2025-04-30 22:09:00,28.39,28.39,28.36,28.36,7
RZF,202505,2025-04-30 22:10:00,28.36,28.36,28.33,28.33,14
RZF,202505,2025-04-30 22:11:00,28.35,28.35,28.35,28.35,1
RZF,202505,2025-04-30 22:12:00,28.36,28.36,28.36,28.36,1
RZF,202505,2025-04-30 22:13:00,28.37,28.39,28.37,28.39,6
RZF,202505,2025-04-30 22:14:00,28.39,28.39,28.39,28.39,2
RZF,202505,2025-04-30 22:15:00,28.39,28.39,28.39,28.39,1
RZF,202505,2025-04-30 22:17:00,28.4,28.43,28.4,28.43,7
RZF,202505,2025-04-30 22:18:00,28.41,28.41,28.41,28.41,1
RZF,202505,2025-04-30 22:19:00,28.4,28.4,28.4,28.4,2
RZF,202505,2025-04-30 22:21:00,28.4,28.4,28.4,28.4,6
RZF,202505,2025-04-30 22:22:00,28.38,28.38,28.36,28.36,3
RZF,202505,2025-04-30 22:23:00,28.35,28.35,28.32,28.32,31
RZF,202505,2025-04-30 22:24:00,28.37,28.37,28.37,28.37,1
RZF,202505,2025-04-30 22:26:00,28.33,28.33,28.33,28.33,1
RZF,202505,2025-04-30 22:27:00,28.34,28.34,28.34,28.34,2
RZF,202505,2025-04-30 22:28:00,28.34,28.34,28.34,28.34,1
RZF,202505,2025-04-30 22:29:00,28.34,28.34,28.34,28.34,1
RZF,202505,2025-04-30 22:30:00,28.34,28.34,28.34,28.34,2
RZF,202505,2025-04-30 22:32:00,28.34,28.34,28.34,28.34,1
RZF,202505,2025-04-30 22:33:00,28.35,28.35,28.35,28.35,3
RZF,202505,2025-04-30 22:34:00,28.36,28.41,28.36,28.41,20
RZF,202505,2025-04-30 22:36:00,28.4,28.4,28.4,28.4,3
RZF,202505,2025-04-30 22:38:00,28.4,28.4,28.4,28.4,3
RZF,202505,2025-04-30 22:39:00,28.38,28.38,28.38,28.38,1
RZF,202505,2025-04-30 22:40:00,28.39,28.39,28.39,28.39,1
RZF,202505,2025-04-30 22:50:00,28.42,28.42,28.42,28.42,1
RZF,202505,2025-04-30 22:52:00,28.43,28.43,28.43,28.43,1
RZF,202505,2025-04-30 22:53:00,28.44,28.44,28.44,28.44,2
RZF,202505,2025-04-30 22:55:00,28.44,28.44,28.44,28.44,2
RZF,202505,2025-04-30 22:57:00,28.44,28.44,28.44,28.44,1
RZF,202505,2025-04-30 22:58:00,28.44,28.44,28.44,28.44,1
RZF,202505,2025-04-30 23:01:00,28.42,28.42,28.42,28.42,1
RZF,202505,2025-04-30 23:03:00,28.42,28.45,28.42,28.45,15
RZF,202505,2025-04-30 23:04:00,28.45,28.45,28.45,28.45,1
RZF,202505,2025-04-30 23:05:00,28.44,28.44,28.44,28.44,2
RZF,202505,2025-04-30 23:06:00,28.43,28.43,28.4,28.4,9
RZF,202505,2025-04-30 23:07:00,28.4,28.4,28.4,28.4,1
RZF,202505,2025-04-30 23:13:00,28.42,28.43,28.42,28.43,2
RZF,202505,2025-04-30 23:14:00,28.44,28.44,28.44,28.44,2
RZF,202505,2025-04-30 23:15:00,28.46,28.46,28.46,28.46,4
RZF,202505,2025-04-30 23:19:00,28.45,28.45,28.45,28.45,1
RZF,202505,2025-04-30 23:25:00,28.45,28.46,28.45,28.46,11
RZF,202505,2025-04-30 23:26:00,28.46,28.46,28.46,28.46,1
RZF,202505,2025-04-30 23:27:00,28.45,28.45,28.43,28.43,2
RZF,202505,2025-04-30 23:31:00,28.44,28.44,28.43,28.43,3
RZF,202505,2025-04-30 23:33:00,28.41,28.41,28.41,28.41,1
RZF,202505,2025-04-30 23:36:00,28.4,28.4,28.4,28.4,5
RZF,202505,2025-04-30 23:41:00,28.4,28.4,28.4,28.4,1
RZF,202505,2025-04-30 23:42:00,28.4,28.4,28.38,28.38,9
RZF,202505,2025-04-30 23:54:00,28.42,28.42,28.42,28.42,1
RZF,202505,2025-05-01 00:11:00,28.41,28.41,28.4,28.4,12
RZF,202505,2025-05-01 00:17:00,28.39,28.39,28.39,28.39,1
RZF,202505,2025-05-01 00:18:00,28.39,28.39,28.39,28.39,1
RZF,202505,2025-05-01 00:22:00,28.39,28.39,28.39,28.39,1
RZF,202505,2025-05-01 00:23:00,28.38,28.38,28.38,28.38,2
RZF,202505,2025-05-01 00:24:00,28.38,28.38,28.38,28.38,1
RZF,202505,2025-05-01 00:29:00,28.38,28.38,28.38,28.38,2
RZF,202505,2025-05-01 00:48:00,28.41,28.41,28.41,28.41,2
RZF,202505,2025-05-01 00:51:00,28.41,28.41,28.41,28.41,1
RZF,202505,2025-05-01 00:55:00,28.41,28.41,28.41,28.41,1
RZF,202505,2025-05-01 01:09:00,28.4,28.4,28.4,28.4,1
RZF,202505,2025-05-01 01:28:00,28.41,28.41,28.41,28.41,1
RZF,202505,2025-05-01 01:29:00,28.43,28.43,28.43,28.43,2
RZF,202505,2025-05-01 02:03:00,28.43,28.43,28.43,28.43,1
RZF,202505,2025-05-01 02:08:00,28.4,28.4,28.4,28.4,1
RZF,202505,2025-05-01 02:09:00,28.39,28.39,28.39,28.39,3
RZF,202505,2025-05-01 02:16:00,28.38,28.38,28.38,28.38,3
RZF,202505,2025-05-01 02:18:00,28.38,28.38,28.37,28.37,10
RZF,202505,2025-05-01 02:21:00,28.36,28.36,28.36,28.36,3
RZF,202505,2025-05-01 02:22:00,28.35,28.35,28.35,28.35,4
RZF,202505,2025-05-01 03:02:00,28.37,28.37,28.37,28.37,1
RZF,202505,2025-05-01 03:30:00,28.42,28.42,28.42,28.42,1
RZF,202505,2025-05-01 03:46:00,28.42,28.42,28.42,28.42,3
RZF,202505,2025-05-01 03:49:00,28.43,28.43,28.43,28.43,1
RZF,202505,2025-05-01 03:50:00,28.44,28.44,28.44,28.44,3
RZF,202505,2025-05-01 03:51:00,28.45,28.45,28.45,28.45,7
RZF,202505,2025-05-01 03:53:00,28.46,28.47,28.46,28.47,6
RZF,202505,2025-05-01 03:59:00,28.42,28.42,28.32,28.32,34
RZF,202505,2025-05-01 04:00:00,28.36,28.36,28.36,28.36,7
RZF,202505,2025-05-01 04:01:00,28.31,28.31,28.3,28.3,20
RZF,202505,2025-05-01 04:04:00,28.39,28.39,28.39,28.39,1
RZF,202505,2025-05-01 04:06:00,28.38,28.38,28.38,28.38,1
RZF,202505,2025-05-01 04:09:00,28.42,28.42,28.42,28.42,1
RZF,202505,2025-05-01 04:33:00,28.35,28.35,28.35,28.35,1
RZF,202505,2025-05-01 04:46:00,28.34,28.34,28.34,28.34,1
RZF,202505,2025-05-01 04:47:00,28.34,28.34,28.34,28.34,2
RZF,202506,2025-04-30 17:28:00,28.6,28.6,28.6,28.6,7
RZF,202506,2025-04-30 17:34:00,28.61,28.61,28.61,28.61,8
RZF,202506,2025-04-30 17:36:00,28.61,28.61,28.61,28.61,1
RZF,202506,2025-04-30 17:37:00,28.6,28.6,28.6,28.6,1
RZF,202506,2025-04-30 17:38:00,28.59,28.59,28.59,28.59,1
RZF,202506,2025-04-30 17:39:00,28.59,28.59,28.59,28.59,1
RZF,202506,2025-04-30 17:45:00,28.62,28.62,28.62,28.62,1
RZF,202506,2025-04-30 17:49:00,28.62,28.62,28.62,28.62,1
RZF,202506,2025-04-30 17:51:00,28.62,28.62,28.62,28.62,1
RZF,202506,2025-04-30 17:52:00,28.6,28.6,28.6,28.6,2
RZF,202506,2025-04-30 18:01:00,28.59,28.59,28.59,28.59,2
RZF,202506,2025-04-30 18:08:00,28.59,28.59,28.59,28.59,2
RZF,202506,2025-04-30 18:11:00,28.6,28.6,28.6,28.6,4
RZF,202506,2025-04-30 18:20:00,28.59,28.59,28.59,28.59,2
RZF,202506,2025-04-30 18:22:00,28.58,28.58,28.58,28.58,2
RZF,202506,2025-04-30 18:47:00,28.58,28.58,28.58,28.58,1
RZF,202506,2025-04-30 19:10:00,28.63,28.63,28.63,28.63,1
RZF,202506,2025-04-30 19:13:00,28.63,28.63,28.63,28.63,1
RZF,202506,2025-04-30 19:16:00,28.66,28.66,28.66,28.66,2
RZF,202506,2025-04-30 19:18:00,28.64,28.64,28.64,28.64,1
RZF,202506,2025-04-30 19:45:00,28.62,28.62,28.62,28.62,1
RZF,202506,2025-04-30 19:50:00,28.61,28.61,28.61,28.61,1
RZF,202506,2025-04-30 20:08:00,28.65,28.65,28.65,28.65,2
RZF,202506,2025-04-30 20:10:00,28.66,28.66,28.66,28.66,1
RZF,202506,2025-04-30 20:15:00,28.66,28.66,28.66,28.66,1
RZF,202506,2025-04-30 20:16:00,28.69,28.69,28.69,28.69,2
RZF,202506,2025-04-30 20:18:00,28.67,28.67,28.67,28.67,1
RZF,202506,2025-04-30 20:20:00,28.68,28.68,28.68,28.68,1
RZF,202506,2025-04-30 20:26:00,28.66,28.66,28.66,28.66,1
RZF,202506,2025-04-30 20:27:00,28.66,28.66,28.65,28.65,3
RZF,202506,2025-04-30 20:29:00,28.63,28.63,28.63,28.63,3
RZF,202506,2025-04-30 20:30:00,28.61,28.62,28.6,28.6,4
RZF,202506,2025-04-30 20:31:00,28.59,28.59,28.54,28.54,24
RZF,202506,2025-04-30 20:32:00,28.52,28.52,28.51,28.51,11
RZF,202506,2025-04-30 20:33:00,28.52,28.52,28.52,28.52,1
RZF,202506,2025-04-30 20:34:00,28.52,28.52,28.51,28.51,7
RZF,202506,2025-04-30 20:35:00,28.51,28.51,28.5,28.5,10
RZF,202506,2025-04-30 20:36:00,28.49,28.49,28.41,28.41,35
RZF,202506,2025-04-30 20:37:00,28.4,28.4,28.36,28.36,6
RZF,202506,2025-04-30 20:39:00,28.39,28.39,28.37,28.37,5
RZF,202506,2025-04-30 20:40:00,28.36,28.36,28.32,28.32,15
RZF,202506,2025-04-30 20:41:00,28.3,28.3,28.24,28.24,43
RZF,202506,2025-04-30 20:42:00,28.24,28.24,28.22,28.23,6
RZF,202506,2025-04-30 20:43:00,28.22,28.22,28.22,28.22,2
RZF,202506,2025-04-30 20:44:00,28.25,28.25,28.22,28.22,3
RZF,202506,2025-04-30 20:45:00,28.25,28.29,28.25,28.29,2
RZF,202506,2025-04-30 20:46:00,28.29,28.32,28.29,28.31,3
RZF,202506,2025-04-30 20:47:00,28.33,28.34,28.33,28.34,3
RZF,202506,2025-04-30 20:48:00,28.35,28.35,28.35,28.35,1
RZF,202506,2025-04-30 20:50:00,28.4,28.4,28.39,28.4,5
RZF,202506,2025-04-30 20:51:00,28.4,28.41,28.4,28.41,12
RZF,202506,2025-04-30 20:52:00,28.43,28.43,28.4,28.4,3
RZF,202506,2025-04-30 20:53:00,28.4,28.4,28.4,28.4,1
RZF,202506,2025-04-30 20:55:00,28.39,28.39,28.39,28.39,1
RZF,202506,2025-04-30 20:57:00,28.46,28.46,28.46,28.46,1
RZF,202506,2025-04-30 21:02:00,28.41,28.45,28.41,28.45,3
RZF,202506,2025-04-30 21:06:00,28.46,28.46,28.46,28.46,2
RZF,202506,2025-04-30 21:09:00,28.46,28.46,28.46,28.46,2
RZF,202506,2025-04-30 21:11:00,28.46,28.46,28.46,28.46,1
RZF,202506,2025-04-30 21:18:00,28.48,28.48,28.48,28.48,1
RZF,202506,2025-04-30 21:25:00,28.49,28.49,28.49,28.49,1
RZF,202506,2025-04-30 21:26:00,28.49,28.49,28.49,28.49,1
RZF,202506,2025-04-30 21:30:00,28.49,28.49,28.49,28.49,1
RZF,202506,2025-04-30 21:31:00,28.48,28.5,28.48,28.5,2
RZF,202506,2025-04-30 21:32:00,28.5,28.5,28.5,28.5,1
RZF,202506,2025-04-30 21:35:00,28.49,28.49,28.49,28.49,1
RZF,202506,2025-04-30 21:37:00,28.51,28.51,28.51,28.51,2
RZF,202506,2025-04-30 21:43:00,28.54,28.54,28.54,28.54,1
RZF,202506,2025-04-30 21:47:00,28.51,28.51,28.51,28.51,1
RZF,202506,2025-04-30 21:51:00,28.5,28.5,28.5,28.5,1
RZF,202506,2025-04-30 21:52:00,28.49,28.49,28.49,28.49,1
RZF,202506,2025-04-30 22:00:00,28.48,28.48,28.48,28.48,1
RZF,202506,2025-04-30 22:01:00,28.47,28.47,28.47,28.47,1
RZF,202506,2025-04-30 22:03:00,28.44,28.44,28.44,28.44,1
RZF,202506,2025-04-30 22:08:00,28.44,28.44,28.44,28.44,1
RZF,202506,2025-04-30 22:09:00,28.44,28.44,28.42,28.42,7
RZF,202506,2025-04-30 22:10:00,28.4,28.4,28.4,28.4,2
RZF,202506,2025-04-30 22:15:00,28.41,28.41,28.41,28.41,1
RZF,202506,2025-04-30 22:16:00,28.42,28.42,28.42,28.42,1
RZF,202506,2025-04-30 22:17:00,28.45,28.45,28.45,28.45,5
RZF,202506,2025-04-30 22:23:00,28.4,28.4,28.39,28.39,3
RZF,202506,2025-04-30 22:24:00,28.42,28.42,28.42,28.42,1
RZF,202506,2025-04-30 22:34:00,28.41,28.41,28.41,28.41,1
RZF,202506,2025-04-30 22:48:00,28.43,28.43,28.43,28.43,1
RZF,202506,2025-04-30 22:50:00,28.45,28.45,28.45,28.45,17
RZF,202506,2025-04-30 23:00:00,28.46,28.46,28.46,28.46,1
RZF,202506,2025-04-30 23:06:00,28.46,28.46,28.45,28.45,2
RZF,202506,2025-04-30 23:07:00,28.45,28.45,28.45,28.45,2
RZF,202506,2025-04-30 23:33:00,28.46,28.46,28.46,28.46,1
RZF,202506,2025-04-30 23:42:00,28.43,28.43,28.43,28.43,1
RZF,202506,2025-05-01 00:12:00,28.42,28.42,28.42,28.42,2
RZF,202506,2025-05-01 00:25:00,28.41,28.41,28.41,28.41,1
RZF,202506,2025-05-01 00:48:00,28.46,28.46,28.46,28.46,1
RZF,202506,2025-05-01 01:03:00,28.44,28.44,28.44,28.44,1
RZF,202506,2025-05-01 02:09:00,28.44,28.44,28.44,28.44,2
RZF,202506,2025-05-01 02:13:00,28.43,28.43,28.43,28.43,5
RZF,202506,2025-05-01 02:14:00,28.43,28.43,28.43,28.43,1
RZF,202506,2025-05-01 02:15:00,28.42,28.42,28.42,28.42,2
RZF,202506,2025-05-01 02:16:00,28.41,28.41,28.41,28.41,2
RZF,202506,2025-05-01 02:18:00,28.4,28.4,28.4,28.4,5
RZF,202506,2025-05-01 02:22:00,28.38,28.38,28.37,28.37,3
RZF,202506,2025-05-01 02:49:00,28.37,28.37,28.37,28.37,1
RZF,202506,2025-05-01 02:53:00,28.37,28.37,28.37,28.37,1
RZF,202506,2025-05-01 03:11:00,28.4,28.4,28.4,28.4,1
RZF,202506,2025-05-01 03:41:00,28.44,28.44,28.44,28.44,1
RZF,202506,2025-05-01 03:49:00,28.46,28.46,28.46,28.46,1
RZF,202506,2025-05-01 03:50:00,28.47,28.47,28.47,28.47,1
RZF,202506,2025-05-01 03:51:00,28.48,28.48,28.48,28.48,1
RZF,202506,2025-05-01 03:54:00,28.5,28.5,28.5,28.5,1
RZF,202506,2025-05-01 03:56:00,28.49,28.49,28.49,28.49,1
RZF,202506,2025-05-01 03:59:00,28.43,28.43,28.34,28.34,29
RZF,202506,2025-05-01 04:01:00,28.33,28.33,28.33,28.33,4
RZF,202506,2025-05-01 04:02:00,28.39,28.39,28.39,28.39,1
RZF,202506,2025-05-01 04:23:00,28.38,28.38,28.38,28.38,1
RZF,202509,2025-04-30 19:10:00,28.71,28.71,28.71,28.71,1
RZF,202509,2025-04-30 19:22:00,28.68,28.68,28.68,28.68,5
RZF,202509,2025-04-30 20:08:00,28.73,28.73,28.73,28.73,2
RZF,202509,2025-04-30 20:15:00,28.74,28.75,28.74,28.75,6
RZF,202509,2025-04-30 20:16:00,28.77,28.77,28.77,28.77,2
RZF,202509,2025-04-30 20:20:00,28.76,28.76,28.76,28.76,1
RZF,202509,2025-04-30 20:32:00,28.59,28.59,28.59,28.59,1
RZF,202509,2025-04-30 20:36:00,28.57,28.57,28.5,28.5,5
RZF,202509,2025-04-30 20:37:00,28.45,28.45,28.45,28.45,1
RZF,202509,2025-04-30 20:40:00,28.43,28.43,28.42,28.42,2
RZF,202509,2025-04-30 20:41:00,28.35,28.35,28.32,28.32,4
RZF,202509,2025-04-30 20:50:00,28.49,28.49,28.49,28.49,3
RZF,202509,2025-04-30 20:51:00,28.49,28.49,28.49,28.49,11
RZF,202509,2025-04-30 20:54:00,28.44,28.44,28.44,28.44,1
RZF,202509,2025-04-30 20:57:00,28.5,28.5,28.5,28.5,1
RZF,202509,2025-04-30 21:14:00,28.55,28.55,28.55,28.55,1
RZF,202509,2025-04-30 21:35:00,28.58,28.58,28.58,28.58,1
RZF,202509,2025-04-30 21:37:00,28.59,28.6,28.59,28.6,2
RZF,202509,2025-04-30 21:43:00,28.63,28.63,28.63,28.63,1
RZF,202509,2025-04-30 21:47:00,28.6,28.6,28.6,28.6,1
RZF,202509,2025-04-30 22:09:00,28.5,28.5,28.5,28.5,1
RZF,202509,2025-04-30 22:16:00,28.49,28.5,28.49,28.5,3
RZF,202509,2025-04-30 22:23:00,28.47,28.47,28.47,28.47,1
RZF,202509,2025-04-30 22:28:00,28.47,28.47,28.47,28.47,1
RZF,202509,2025-04-30 22:32:00,28.44,28.44,28.44,28.44,2
RZF,202509,2025-04-30 22:50:00,28.53,28.54,28.53,28.54,2
RZF,202509,2025-04-30 22:57:00,28.56,28.56,28.56,28.56,1
RZF,202509,2025-04-30 23:06:00,28.54,28.54,28.53,28.53,2
RZF,202509,2025-04-30 23:36:00,28.53,28.53,28.53,28.53,1
RZF,202509,2025-05-01 00:48:00,28.54,28.55,28.54,28.55,2
RZF,202509,2025-05-01 02:16:00,28.5,28.5,28.5,28.5,1
RZF,202509,2025-05-01 03:53:00,28.58,28.58,28.58,28.58,1
RZF,202509,2025-05-01 03:54:00,28.59,28.59,28.59,28.59,1
RZF,202509,2025-05-01 03:59:00,28.45,28.45,28.45,28.45,1
RZF,202509,2025-05-01 04:01:00,28.42,28.42,28.42,28.42,1
RZF,202512,2025-04-30 20:31:00,28.71,28.71,28.71,28.71,1
RZF,202512,2025-04-30 20:32:00,28.68,28.68,28.68,28.68,1
RZF,202512,2025-04-30 20:35:00,28.61,28.61,28.61,28.61,1
RZF,202512,2025-04-30 20:36:00,28.6,28.6,28.58,28.58,5
RZF,202512,2025-04-30 20:40:00,28.5,28.5,28.5,28.5,7
RZF,202512,2025-04-30 20:41:00,28.46,28.46,28.43,28.43,4
RZF,202512,2025-04-30 20:46:00,28.41,28.41,28.41,28.41,1
RZF,202512,2025-04-30 22:09:00,28.59,28.59,28.59,28.59,1
RZF,202512,2025-04-30 22:29:00,28.52,28.52,28.52,28.52,1
RZF,202512,2025-05-01 03:59:00,28.55,28.55,28.52,28.52,9
RZF,202603,2025-04-30 20:31:00,28.82,28.84,28.81,28.81,3
RZF,202603,2025-04-30 20:40:00,28.6,28.6,28.58,28.58,3
RZF,202603,2025-04-30 20:52:00,28.68,28.68,28.68,28.68,3
RZF,202603,2025-04-30 21:02:00,28.68,28.68,28.68,28.68,1
RZF,202603,2025-04-30 21:03:00,28.68,28.68,28.68,28.68,2
RZF,202603,2025-04-30 22:20:00,28.63,28.63,28.63,28.63,1
RZF,202603,2025-05-01 04:01:00,28.58,28.58,28.58,28.58,1
SOF,202505,2025-04-30 15:07:00,5398.0,5398.0,5398.0,5398.0,1
SOF,202505,2025-04-30 18:48:00,5405.0,5405.0,5405.0,5405.0,2
SOF,202505,2025-04-30 19:16:00,5403.0,5403.0,5403.0,5403.0,2
SOF,202505,2025-04-30 19:25:00,5401.0,5401.0,5401.0,5401.0,2
SOF,202505,2025-04-30 20:47:00,5348.0,5348.0,5348.0,5348.0,1
SOF,202505,2025-04-30 21:02:00,5342.0,5342.0,5342.0,5342.0,1
SOF,202505,2025-04-30 21:14:00,5332.0,5332.0,5332.0,5332.0,1
SOF,202505,2025-04-30 21:18:00,5332.0,5332.0,5331.0,5331.0,2
SOF,202505,2025-04-30 21:45:00,5328.0,5328.0,5328.0,5328.0,1
SOF,202505,2025-04-30 22:09:00,5348.0,5348.0,5348.0,5348.0,1
SOF,202505,2025-04-30 22:24:00,5351.0,5353.0,5351.0,5353.0,2
SOF,202505,2025-05-01 00:37:00,5361.0,5361.0,5361.0,5361.0,1
SOF,202505,2025-05-01 01:12:00,5350.0,5350.0,5350.0,5350.0,1
SOF,202505,2025-05-01 01:44:00,5384.0,5384.0,5384.0,5384.0,1
SOF,202505,2025-05-01 02:07:00,5395.0,5397.0,5393.0,5393.0,31
SOF,202505,2025-05-01 02:29:00,5402.0,5402.0,5401.0,5401.0,21
SOF,202505,2025-05-01 02:33:00,5407.0,5407.0,5407.0,5407.0,45
SOF,202505,2025-05-01 02:55:00,5411.0,5411.0,5411.0,5411.0,1
SOF,202505,2025-05-01 02:57:00,5404.0,5404.0,5404.0,5404.0,1
SOF,202505,2025-05-01 03:55:00,5420.0,5420.0,5420.0,5420.0,6
SOF,202505,2025-05-01 04:53:00,5444.0,5444.0,5444.0,5444.0,1
SOF,202505/202506,2025-04-30 15:36:00,-9.0,-9.0,-9.0,-9.0,4
SOF,202505/202506,2025-04-30 15:37:00,-9.0,-9.0,-9.0,-9.0,4
SOF,202506,2025-04-30 20:48:00,5324.0,5324.0,5324.0,5324.0,2
SPF,202506,2025-04-30 15:51:00,5577.0,5577.0,5577.0,5577.0,1
SPF,202506,2025-04-30 20:15:00,5560.25,5560.25,5559.25,5559.25,13
SPF,202506,2025-04-30 20:21:00,5552.0,5552.0,5552.0,5552.0,2
SPF,202506,2025-04-30 20:23:00,5548.0,5548.0,5548.0,5548.0,2
SPF,202506,2025-04-30 21:30:00,5509.5,5509.5,5509.5,5509.5,5
SPF,202506,2025-04-30 21:56:00,5470.5,5470.5,5466.0,5466.0,13
SPF,202506,2025-04-30 21:57:00,5466.0,5466.0,5466.0,5466.0,2
SPF,202506,2025-04-30 22:00:00,5468.0,5468.0,5468.0,5468.0,3
SPF,202506,2025-04-30 22:03:00,5475.0,5475.0,5475.0,5475.0,1
SPF,202506,2025-04-30 23:00:00,5522.5,5522.5,5522.5,5522.5,1
SPF,202506,2025-04-30 23:44:00,5539.0,5539.0,5539.0,5539.0,1
SPF,202506,2025-05-01 01:34:00,5548.0,5548.0,5548.0,5548.0,1
SPF,202509,2025-04-30 15:11:00,5626.5,5626.5,5626.5,5626.5,11
SPF,202509,2025-04-30 20:15:00,5610.25,5610.25,5610.25,5610.25,2
SPF,202509,2025-04-30 20:31:00,5591.5,5591.5,5591.5,5591.5,1
SPF,202509,2025-04-30 21:56:00,5515.25,5515.25,5515.25,5515.25,2
SPF,202509,2025-04-30 23:44:00,5587.5,5587.5,5587.5,5587.5,11
SPF,202509,2025-05-01 02:07:00,5623.5,5623.5,5623.5,5623.5,1
SPF,202509,2025-05-01 03:53:00,5649.75,5650.0,5649.75,5650.0,2
SRF,202505,2025-04-30 17:26:00,169.0,169.0,168.9,168.9,3
SRF,202505,2025-04-30 17:28:00,169.0,169.0,168.95,169.0,8
SRF,202505,2025-04-30 17:29:00,169.0,169.0,169.0,169.0,1
SRF,202505,2025-04-30 17:30:00,169.2,169.25,169.2,169.25,6
SRF,202505,2025-04-30 17:32:00,169.2,169.25,169.15,169.15,7
SRF,202505,2025-04-30 17:33:00,169.1,169.1,169.1,169.1,4
SRF,202505,2025-04-30 17:34:00,169.2,169.2,169.2,169.2,1
SRF,202505,2025-04-30 17:35:00,169.2,169.2,169.2,169.2,1
SRF,202505,2025-04-30 17:42:00,169.15,169.3,169.15,169.3,15
SRF,202505,2025-04-30 17:43:00,169.15,169.15,169.1,169.1,2
SRF,202505,2025-04-30 17:44:00,169.05,169.05,169.05,169.05,1
SRF,202505,2025-04-30 17:46:00,169.05,169.05,169.05,169.05,1
SRF,202505,2025-04-30 17:47:00,169.05,169.05,169.05,169.05,1
SRF,202505,2025-04-30 17:51:00,169.05,169.05,169.05,169.05,1
SRF,202505,2025-04-30 17:53:00,169.1,169.1,169.1,169.1,1
SRF,202505,2025-04-30 18:00:00,169.1,169.1,169.05,169.05,3
SRF,202505,2025-04-30 18:04:00,169.05,169.05,169.05,169.05,1
SRF,202505,2025-04-30 18:05:00,169.0,169.0,169.0,169.0,1
SRF,202505,2025-04-30 18:07:00,169.15,169.15,169.15,169.15,1
SRF,202505,2025-04-30 18:09:00,169.15,169.15,169.15,169.15,3
SRF,202505,2025-04-30 18:10:00,169.15,169.15,169.15,169.15,1
SRF,202505,2025-04-30 18:19:00,169.15,169.15,169.15,169.15,2
SRF,202505,2025-04-30 18:30:00,169.1,169.1,169.1,169.1,5
SRF,202505,2025-04-30 18:31:00,169.0,169.0,169.0,169.0,1
SRF,202505,2025-04-30 18:36:00,168.85,168.85,168.85,168.85,1
SRF,202505,2025-04-30 18:50:00,168.8,168.8,168.8,168.8,1
SRF,202505,2025-04-30 19:01:00,168.85,168.85,168.85,168.85,1
SRF,202505,2025-04-30 19:05:00,168.9,168.9,168.9,168.9,1
SRF,202505,2025-04-30 19:08:00,168.9,168.9,168.9,168.9,1
SRF,202505,2025-04-30 19:09:00,168.9,168.9,168.9,168.9,1
SRF,202505,2025-04-30 19:10:00,168.9,168.9,168.9,168.9,1
SRF,202505,2025-04-30 19:11:00,168.9,168.9,168.9,168.9,1
SRF,202505,2025-04-30 19:16:00,168.95,168.95,168.95,168.95,1
SRF,202505,2025-04-30 19:17:00,169.0,169.0,169.0,169.0,2
SRF,202505,2025-04-30 19:19:00,169.0,169.0,169.0,169.0,2
SRF,202505,2025-04-30 19:20:00,168.9,168.9,168.9,168.9,1
SRF,202505,2025-04-30 19:22:00,168.85,168.85,168.85,168.85,1
SRF,202505,2025-04-30 19:24:00,168.75,168.75,168.7,168.7,2
SRF,202505,2025-04-30 19:30:00,168.7,168.7,168.7,168.7,6
SRF,202505,2025-04-30 19:40:00,168.7,168.7,168.7,168.7,1
SRF,202505,2025-04-30 19:42:00,168.65,168.65,168.65,168.65,1
SRF,202505,2025-04-30 20:03:00,168.7,168.7,168.7,168.7,1
SRF,202505,2025-04-30 20:09:00,168.6,168.6,168.6,168.6,1
SRF,202505,2025-04-30 20:12:00,168.55,168.55,168.55,168.55,2
SRF,202505,2025-04-30 20:15:00,168.5,168.5,168.5,168.5,1
SRF,202505,2025-04-30 20:21:00,168.5,168.5,168.35,168.35,10
SRF,202505,2025-04-30 20:31:00,168.35,168.35,168.35,168.35,1
SRF,202505,2025-04-30 20:32:00,168.1,168.1,168.05,168.05,6
SRF,202505,2025-04-30 20:35:00,168.15,168.15,168.15,168.15,1
SRF,202505,2025-04-30 20:36:00,168.05,168.05,168.0,168.0,6
SRF,202505,2025-04-30 20:37:00,168.0,168.0,168.0,168.0,1
SRF,202505,2025-04-30 20:38:00,167.9,167.9,167.9,167.9,2
SRF,202505,2025-04-30 20:41:00,167.8,167.8,167.7,167.7,5
SRF,202505,2025-04-30 20:43:00,167.6,167.6,167.6,167.6,1
SRF,202505,2025-04-30 20:45:00,167.55,167.55,167.3,167.3,8
SRF,202505,2025-04-30 20:46:00,167.35,167.35,167.35,167.35,1
SRF,202505,2025-04-30 20:47:00,167.3,167.3,167.25,167.25,4
SRF,202505,2025-04-30 20:48:00,167.15,167.15,167.05,167.05,3
SRF,202505,2025-04-30 20:49:00,167.25,167.25,167.25,167.25,2
SRF,202505,2025-04-30 20:50:00,167.4,167.4,167.4,167.4,1
SRF,202505,2025-04-30 20:51:00,167.45,167.45,167.3,167.3,5
SRF,202505,2025-04-30 20:53:00,167.35,167.35,167.3,167.35,3
SRF,202505,2025-04-30 20:54:00,167.45,167.45,167.4,167.4,3
SRF,202505,2025-04-30 20:55:00,167.4,167.4,167.4,167.4,1
SRF,202505,2025-04-30 20:57:00,167.4,167.4,167.4,167.4,1
SRF,202505,2025-04-30 20:59:00,167.3,167.3,167.3,167.3,3
SRF,202505,2025-04-30 21:00:00,167.2,167.2,167.15,167.15,3
SRF,202505,2025-04-30 21:01:00,167.2,167.2,167.2,167.2,2
SRF,202505,2025-04-30 21:02:00,167.2,167.25,167.2,167.25,2
SRF,202505,2025-04-30 21:03:00,167.3,167.3,167.3,167.3,1
SRF,202505,2025-04-30 21:06:00,167.3,167.3,167.15,167.15,6
SRF,202505,2025-04-30 21:07:00,167.1,167.1,167.1,167.1,4
SRF,202505,2025-04-30 21:08:00,167.1,167.1,167.1,167.1,1
SRF,202505,2025-04-30 21:09:00,167.1,167.1,167.05,167.05,2
SRF,202505,2025-04-30 21:11:00,167.15,167.15,167.15,167.15,1
SRF,202505,2025-04-30 21:12:00,167.1,167.1,167.1,167.1,8
SRF,202505,2025-04-30 21:13:00,167.1,167.1,167.05,167.05,11
SRF,202505,2025-04-30 21:14:00,167.05,167.05,166.95,166.95,10
SRF,202505,2025-04-30 21:15:00,167.0,167.0,167.0,167.0,1
SRF,202505,2025-04-30 21:17:00,167.05,167.05,167.05,167.05,1
SRF,202505,2025-04-30 21:21:00,167.2,167.2,167.2,167.2,1
SRF,202505,2025-04-30 21:23:00,167.2,167.2,167.2,167.2,1
SRF,202505,2025-04-30 21:28:00,167.3,167.3,167.3,167.3,1
SRF,202505,2025-04-30 21:30:00,167.1,167.1,167.0,167.0,5
SRF,202505,2025-04-30 21:31:00,166.95,166.95,166.85,166.9,5
SRF,202505,2025-04-30 21:32:00,166.8,166.8,166.8,166.8,6
SRF,202505,2025-04-30 21:34:00,166.85,167.2,166.85,167.2,3
SRF,202505,2025-04-30 21:35:00,167.2,167.2,167.2,167.2,1
SRF,202505,2025-04-30 21:37:00,166.8,166.8,166.75,166.75,4
SRF,202505,2025-04-30 21:39:00,166.65,166.65,166.65,166.65,1
SRF,202505,2025-04-30 21:40:00,166.65,166.65,166.6,166.6,8
SRF,202505,2025-04-30 21:41:00,166.6,166.6,166.5,166.5,4
SRF,202505,2025-04-30 21:42:00,166.5,166.5,166.5,166.5,12
SRF,202505,2025-04-30 21:43:00,166.5,166.5,166.45,166.45,3
SRF,202505,2025-04-30 21:44:00,166.55,166.6,166.55,166.6,7
SRF,202505,2025-04-30 21:45:00,166.6,166.6,166.6,166.6,6
SRF,202505,2025-04-30 21:46:00,166.6,166.6,166.6,166.6,1
SRF,202505,2025-04-30 21:47:00,166.65,166.7,166.65,166.7,5
SRF,202505,2025-04-30 21:48:00,166.7,166.75,166.7,166.75,2
SRF,202505,2025-04-30 21:49:00,166.75,166.8,166.75,166.8,4
SRF,202505,2025-04-30 21:53:00,166.6,166.6,166.55,166.55,4
SRF,202505,2025-04-30 21:54:00,166.5,166.5,166.45,166.5,5
SRF,202505,2025-04-30 21:55:00,166.55,166.55,166.55,166.55,1
SRF,202505,2025-04-30 21:57:00,166.4,166.4,166.35,166.35,3
SRF,202505,2025-04-30 21:58:00,166.35,166.35,166.35,166.35,1
SRF,202505,2025-04-30 21:59:00,166.35,166.35,166.35,166.35,2
SRF,202505,2025-04-30 22:00:00,166.4,166.4,166.4,166.4,1
SRF,202505,2025-04-30 22:01:00,166.8,166.85,166.8,166.85,2
SRF,202505,2025-04-30 22:02:00,166.8,166.8,166.8,166.8,1
SRF,202505,2025-04-30 22:03:00,166.8,166.8,166.8,166.8,1
SRF,202505,2025-04-30 22:05:00,166.8,166.8,166.8,166.8,1
SRF,202505,2025-04-30 22:07:00,166.8,166.8,166.8,166.8,1
SRF,202505,2025-04-30 22:08:00,166.75,166.85,166.7,166.85,3
SRF,202505,2025-04-30 22:09:00,166.9,166.95,166.9,166.95,2
SRF,202505,2025-04-30 22:11:00,167.0,167.0,167.0,167.0,1
SRF,202505,2025-04-30 22:18:00,167.0,167.0,167.0,167.0,2
SRF,202505,2025-04-30 22:21:00,167.2,167.2,167.2,167.2,1
SRF,202505,2025-04-30 22:22:00,167.2,167.3,167.2,167.3,5
SRF,202505,2025-04-30 22:26:00,167.3,167.4,167.3,167.4,3
SRF,202505,2025-04-30 22:28:00,167.45,167.45,167.45,167.45,1
SRF,202505,2025-04-30 22:31:00,167.5,167.5,167.5,167.5,2
SRF,202505,2025-04-30 22:32:00,167.5,167.5,167.5,167.5,1
SRF,202505,2025-04-30 22:34:00,167.5,167.5,167.5,167.5,1
SRF,202505,2025-04-30 22:36:00,167.3,167.3,167.3,167.3,2
SRF,202505,2025-04-30 22:37:00,167.3,167.3,167.3,167.3,1
SRF,202505,2025-04-30 22:41:00,167.2,167.2,167.2,167.2,1
SRF,202505,2025-04-30 22:43:00,167.2,167.2,167.2,167.2,1
SRF,202505,2025-04-30 22:44:00,167.4,167.4,167.4,167.4,1
SRF,202505,2025-04-30 22:51:00,167.3,167.3,167.3,167.3,1
SRF,202505,2025-04-30 22:58:00,167.55,167.55,167.45,167.45,14
SRF,202505,2025-04-30 23:00:00,167.6,167.6,167.6,167.6,10
SRF,202505,2025-04-30 23:01:00,167.6,167.6,167.6,167.6,1
SRF,202505,2025-04-30 23:02:00,167.6,167.7,167.6,167.7,11
SRF,202505,2025-04-30 23:03:00,167.7,167.7,167.7,167.7,1
SRF,202505,2025-04-30 23:04:00,167.7,167.7,167.7,167.7,1
SRF,202505,2025-04-30 23:05:00,167.7,167.7,167.65,167.65,2
SRF,202505,2025-04-30 23:06:00,167.65,167.65,167.65,167.65,1
SRF,202505,2025-04-30 23:07:00,167.7,167.7,167.7,167.7,1
SRF,202505,2025-04-30 23:11:00,167.85,167.85,167.8,167.8,2
SRF,202505,2025-04-30 23:13:00,167.85,167.85,167.85,167.85,1
SRF,202505,2025-04-30 23:14:00,167.85,167.85,167.8,167.8,2
SRF,202505,2025-04-30 23:15:00,167.75,167.75,167.75,167.75,1
SRF,202505,2025-04-30 23:16:00,167.75,167.75,167.75,167.75,1
SRF,202505,2025-04-30 23:20:00,167.7,167.7,167.7,167.7,1
SRF,202505,2025-04-30 23:21:00,167.85,167.85,167.85,167.85,1
SRF,202505,2025-04-30 23:22:00,167.9,167.9,167.9,167.9,1
SRF,202505,2025-04-30 23:23:00,167.9,167.9,167.9,167.9,1
SRF,202505,2025-04-30 23:24:00,167.9,167.9,167.9,167.9,1
SRF,202505,2025-04-30 23:25:00,167.8,167.8,167.7,167.7,6
SRF,202505,2025-04-30 23:27:00,167.65,167.65,167.65,167.65,1
SRF,202505,2025-04-30 23:36:00,167.8,167.8,167.8,167.8,1
SRF,202505,2025-04-30 23:39:00,167.8,167.8,167.8,167.8,4
SRF,202505,2025-04-30 23:44:00,167.75,167.8,167.75,167.8,7
SRF,202505,2025-04-30 23:45:00,167.85,167.95,167.85,167.95,10
SRF,202505,2025-04-30 23:46:00,167.95,167.95,167.95,167.95,1
SRF,202505,2025-04-30 23:53:00,167.8,167.8,167.75,167.75,3
SRF,202505,2025-04-30 23:57:00,167.8,167.8,167.8,167.8,1
SRF,202505,2025-04-30 23:58:00,167.7,167.7,167.7,167.7,1
SRF,202505,2025-05-01 00:01:00,167.7,167.7,167.7,167.7,1
SRF,202505,2025-05-01 00:06:00,168.0,168.0,168.0,168.0,5
SRF,202505,2025-05-01 00:07:00,168.1,168.15,168.1,168.15,3
SRF,202505,2025-05-01 00:09:00,168.0,168.0,167.9,167.9,3
SRF,202505,2025-05-01 00:19:00,167.8,167.8,167.8,167.8,1
SRF,202505,2025-05-01 00:25:00,167.6,167.6,167.6,167.6,1
SRF,202505,2025-05-01 00:26:00,167.6,167.6,167.4,167.5,9
SRF,202505,2025-05-01 00:27:00,167.65,167.65,167.65,167.65,1
SRF,202505,2025-05-01 00:37:00,167.55,167.65,167.55,167.65,9
SRF,202505,2025-05-01 00:40:00,167.85,167.85,167.85,167.85,1
SRF,202505,2025-05-01 01:10:00,167.45,167.45,167.3,167.3,3
SRF,202505,2025-05-01 01:12:00,167.4,167.4,167.4,167.4,1
SRF,202505,2025-05-01 01:13:00,167.2,167.2,167.2,167.2,1
SRF,202505,2025-05-01 01:15:00,167.3,167.3,167.3,167.3,1
SRF,202505,2025-05-01 01:28:00,167.7,167.7,167.7,167.7,4
SRF,202505,2025-05-01 01:38:00,168.0,168.0,168.0,168.0,1
SRF,202505,2025-05-01 01:42:00,168.1,168.1,168.1,168.1,1
SRF,202505,2025-05-01 01:44:00,168.15,168.15,168.15,168.15,1
SRF,202505,2025-05-01 01:45:00,168.2,168.2,168.2,168.2,1
SRF,202505,2025-05-01 01:55:00,168.2,168.2,168.2,168.2,1
SRF,202505,2025-05-01 01:57:00,168.2,168.2,168.2,168.2,1
SRF,202505,2025-05-01 02:07:00,168.35,168.75,168.25,168.75,32
SRF,202505,2025-05-01 02:11:00,168.85,168.9,168.85,168.9,6
SRF,202505,2025-05-01 02:12:00,168.95,168.95,168.95,168.95,1
SRF,202505,2025-05-01 02:16:00,168.95,168.95,168.95,168.95,1
SRF,202505,2025-05-01 02:25:00,168.65,168.65,168.6,168.6,2
SRF,202505,2025-05-01 02:29:00,168.4,168.4,168.4,168.4,6
SRF,202505,2025-05-01 02:30:00,168.45,168.45,168.45,168.45,3
SRF,202505,2025-05-01 02:31:00,168.45,168.45,168.4,168.4,10
SRF,202505,2025-05-01 02:48:00,168.5,168.5,168.5,168.5,1
SRF,202505,2025-05-01 02:50:00,168.8,168.8,168.8,168.8,2
SRF,202505,2025-05-01 02:52:00,168.7,168.7,168.6,168.6,2
SRF,202505,2025-05-01 03:11:00,168.55,168.55,168.55,168.55,1
SRF,202505,2025-05-01 03:12:00,168.7,168.8,168.7,168.8,2
SRF,202505,2025-05-01 03:14:00,168.8,168.8,168.8,168.8,2
SRF,202505,2025-05-01 03:17:00,168.65,168.65,168.65,168.65,1
SRF,202505,2025-05-01 03:25:00,168.35,168.35,168.3,168.3,4
SRF,202505,2025-05-01 03:26:00,168.3,168.3,168.15,168.15,6
SRF,202505,2025-05-01 03:38:00,168.4,168.4,168.4,168.4,2
SRF,202505,2025-05-01 03:42:00,168.5,168.5,168.5,168.5,1
SRF,202505,2025-05-01 03:50:00,168.9,169.0,168.9,169.0,3
SRF,202505,2025-05-01 03:52:00,169.1,169.2,169.1,169.2,5
SRF,202505,2025-05-01 03:53:00,169.15,169.2,169.15,169.2,3
SRF,202505,2025-05-01 03:56:00,169.25,169.35,169.25,169.35,5
SRF,202505,2025-05-01 03:57:00,169.2,169.2,169.2,169.2,2
SRF,202505,2025-05-01 03:59:00,169.15,169.15,168.95,168.95,2
SRF,202505,2025-05-01 04:05:00,168.95,169.0,168.95,169.0,11
SRF,202505,2025-05-01 04:06:00,169.1,169.1,169.1,169.1,1
SRF,202505,2025-05-01 04:13:00,169.3,169.35,169.3,169.35,5
SRF,202505,2025-05-01 04:19:00,169.35,169.55,169.35,169.55,14
SRF,202505,2025-05-01 04:21:00,169.6,169.6,169.6,169.6,1
SRF,202505,2025-05-01 04:23:00,169.6,169.65,169.6,169.65,5
SRF,202505,2025-05-01 04:27:00,169.75,169.85,169.75,169.85,10
SRF,202505,2025-05-01 04:28:00,169.85,169.85,169.85,169.85,4
SRF,202505,2025-05-01 04:36:00,169.7,169.7,169.65,169.65,5
SRF,202505,2025-05-01 04:48:00,170.0,170.0,170.0,170.0,4
SRF,202505,2025-05-01 04:49:00,170.0,170.0,170.0,170.0,2
SRF,202505,2025-05-01 04:51:00,170.0,170.1,170.0,170.1,5
SRF,202505,2025-05-01 04:52:00,170.1,170.15,170.1,170.15,7
SRF,202505,2025-05-01 04:54:00,170.3,170.35,170.3,170.35,2
SRF,202505,2025-05-01 04:55:00,170.35,170.35,170.35,170.35,1
SRF,202505,2025-05-01 04:57:00,170.25,170.25,170.2,170.2,2
SRF,202505,2025-05-01 04:59:00,170.4,170.5,170.3,170.45,4
SRF,202505/202506,2025-05-01 03:17:00,-0.1,-0.1,-0.1,-0.1,12
SRF,202506,2025-04-30 17:28:00,168.85,168.85,168.85,168.85,1
SRF,202506,2025-04-30 17:30:00,169.1,169.1,169.1,169.1,1
SRF,202506,2025-04-30 17:32:00,169.1,169.1,169.1,169.1,4
SRF,202506,2025-04-30 17:42:00,169.1,169.1,169.1,169.1,2
SRF,202506,2025-04-30 17:48:00,168.9,168.9,168.9,168.9,1
SRF,202506,2025-04-30 17:54:00,169.0,169.0,169.0,169.0,1
SRF,202506,2025-04-30 18:07:00,169.0,169.0,169.0,169.0,1
SRF,202506,2025-04-30 18:09:00,169.0,169.0,169.0,169.0,3
SRF,202506,2025-04-30 18:10:00,169.0,169.0,169.0,169.0,1
SRF,202506,2025-04-30 18:19:00,169.0,169.05,169.0,169.05,9
SRF,202506,2025-04-30 19:24:00,168.65,168.65,168.65,168.65,1
SRF,202506,2025-04-30 19:40:00,168.6,168.6,168.6,168.6,1
SRF,202506,2025-04-30 20:21:00,168.35,168.35,168.35,168.35,2
SRF,202506,2025-04-30 20:32:00,168.0,168.0,168.0,168.0,2
SRF,202506,2025-04-30 20:35:00,168.0,168.0,168.0,168.0,1
SRF,202506,2025-04-30 20:41:00,167.65,167.65,167.6,167.6,3
SRF,202506,2025-04-30 20:44:00,167.5,167.5,167.5,167.5,1
SRF,202506,2025-04-30 20:45:00,167.2,167.2,167.2,167.2,1
SRF,202506,2025-04-30 20:47:00,167.2,167.2,167.1,167.1,2
SRF,202506,2025-04-30 20:48:00,167.0,167.0,167.0,167.0,1
SRF,202506,2025-04-30 20:50:00,167.3,167.3,167.3,167.3,1
SRF,202506,2025-04-30 20:57:00,167.3,167.3,167.3,167.3,1
SRF,202506,2025-04-30 21:07:00,167.0,167.0,167.0,167.0,1
SRF,202506,2025-04-30 21:21:00,167.05,167.05,167.05,167.05,1
SRF,202506,2025-04-30 21:23:00,167.05,167.05,167.05,167.05,1
SRF,202506,2025-04-30 21:30:00,166.9,166.9,166.9,166.9,1
SRF,202506,2025-04-30 21:31:00,166.8,166.8,166.8,166.8,1
SRF,202506,2025-04-30 21:37:00,166.65,166.65,166.65,166.65,1
SRF,202506,2025-04-30 21:40:00,166.55,166.55,166.5,166.5,4
SRF,202506,2025-04-30 21:43:00,166.35,166.35,166.35,166.35,1
SRF,202506,2025-04-30 21:55:00,166.35,166.35,166.35,166.35,1
SRF,202506,2025-04-30 21:57:00,166.3,166.3,166.25,166.25,2
SRF,202506,2025-04-30 22:36:00,167.2,167.2,167.2,167.2,1
SRF,202506,2025-04-30 22:37:00,167.2,167.2,167.2,167.2,1
SRF,202506,2025-04-30 22:51:00,167.2,167.2,167.2,167.2,1
SRF,202506,2025-04-30 22:58:00,167.3,167.3,167.3,167.3,1
SRF,202506,2025-04-30 23:05:00,167.5,167.5,167.5,167.5,1
SRF,202506,2025-04-30 23:15:00,167.6,167.6,167.6,167.6,1
SRF,202506,2025-04-30 23:21:00,167.75,167.75,167.75,167.75,1
SRF,202506,2025-05-01 02:07:00,168.5,168.5,168.5,168.5,2
SRF,202506,2025-05-01 03:52:00,169.0,169.0,169.0,169.0,1
SRF,202506,2025-05-01 04:23:00,169.5,169.5,169.5,169.5,2
SRF,202506,2025-05-01 04:27:00,169.65,169.65,169.65,169.65,1
SRF,202506,2025-05-01 04:51:00,169.9,169.95,169.9,169.95,2
SRF,202506,2025-05-01 04:52:00,170.0,170.0,170.0,170.0,6
SRF,202506,2025-05-01 04:59:00,170.15,170.15,170.15,170.15,1
SXF,202506,2025-04-30 15:08:00,4204.0,4204.0,4204.0,4204.0,3
SXF,202506,2025-04-30 15:22:00,4207.5,4207.5,4205.0,4205.0,16
SXF,202506,2025-04-30 15:48:00,4201.5,4201.5,4201.5,4201.5,3
SXF,202506,2025-04-30 16:02:00,4202.5,4202.5,4199.0,4199.0,2
SXF,202506,2025-04-30 16:03:00,4197.5,4197.5,4197.5,4197.5,5
SXF,202506,2025-04-30 16:17:00,4214.0,4215.5,4214.0,4215.5,39
SXF,202506,2025-04-30 16:21:00,4211.5,4211.5,4211.5,4211.5,4
SXF,202506,2025-04-30 16:22:00,4218.0,4218.5,4218.0,4218.5,2
SXF,202506,2025-04-30 16:44:00,4215.0,4215.5,4215.0,4215.5,7
SXF,202506,2025-04-30 16:53:00,4218.0,4220.5,4218.0,4220.5,16
SXF,202506,2025-04-30 16:58:00,4216.0,4216.0,4216.0,4216.0,1
SXF,202506,2025-04-30 16:59:00,4210.0,4210.0,4210.0,4210.0,28
SXF,202506,2025-04-30 17:14:00,4214.0,4214.0,4214.0,4214.0,1
SXF,202506,2025-04-30 17:31:00,4220.0,4220.0,4220.0,4220.0,1
SXF,202506,2025-04-30 17:56:00,4216.5,4216.5,4216.5,4216.5,1
SXF,202506,2025-04-30 17:58:00,4216.5,4216.5,4216.5,4216.5,3
SXF,202506,2025-04-30 18:01:00,4219.0,4219.0,4219.0,4219.0,2
SXF,202506,2025-04-30 18:26:00,4209.5,4209.5,4209.5,4209.5,1
SXF,202506,2025-04-30 18:39:00,4202.0,4202.0,4202.0,4202.0,1
SXF,202506,2025-04-30 18:48:00,4201.5,4201.5,4201.5,4201.5,5
SXF,202506,2025-04-30 19:52:00,4202.0,4202.0,4202.0,4202.0,1
SXF,202506,2025-04-30 19:53:00,4200.5,4200.5,4200.0,4200.0,2
SXF,202506,2025-04-30 20:28:00,4173.0,4173.0,4173.0,4173.0,1
SXF,202506,2025-04-30 20:30:00,4178.0,4178.0,4178.0,4178.0,1
SXF,202506,2025-04-30 20:37:00,4158.5,4158.5,4158.5,4158.5,1
SXF,202506,2025-04-30 20:40:00,4155.0,4155.0,4155.0,4155.0,1
SXF,202506,2025-04-30 20:41:00,4150.0,4150.0,4150.0,4150.0,2
SXF,202506,2025-04-30 20:47:00,4135.5,4135.5,4135.5,4135.5,1
SXF,202506,2025-04-30 20:48:00,4135.0,4135.0,4135.0,4135.0,11
SXF,202506,2025-04-30 20:50:00,4136.0,4136.0,4135.0,4135.0,6
SXF,202506,2025-04-30 20:51:00,4132.0,4132.0,4132.0,4132.0,8
SXF,202506,2025-04-30 20:55:00,4128.0,4128.0,4128.0,4128.0,5
SXF,202506,2025-04-30 20:56:00,4129.0,4129.0,4129.0,4129.0,5
SXF,202506,2025-04-30 21:06:00,4122.5,4122.5,4122.5,4122.5,1
SXF,202506,2025-04-30 21:24:00,4120.0,4120.0,4120.0,4120.0,1
SXF,202506,2025-04-30 21:25:00,4120.0,4120.0,4120.0,4120.0,1
SXF,202506,2025-04-30 21:34:00,4132.0,4132.0,4125.0,4125.0,12
SXF,202506,2025-04-30 21:39:00,4110.5,4110.5,4110.5,4110.5,1
SXF,202506,2025-04-30 21:40:00,4110.5,4110.5,4109.5,4109.5,2
SXF,202506,2025-04-30 21:42:00,4090.0,4090.0,4090.0,4090.0,10
SXF,202506,2025-04-30 21:46:00,4095.0,4095.0,4095.0,4095.0,10
SXF,202506,2025-04-30 21:52:00,4110.0,4110.0,4109.0,4109.0,7
SXF,202506,2025-04-30 21:53:00,4105.5,4105.5,4098.5,4098.5,4
SXF,202506,2025-04-30 21:54:00,4105.0,4105.0,4105.0,4105.0,10
SXF,202506,2025-04-30 21:57:00,4093.5,4093.5,4093.5,4093.5,5
SXF,202506,2025-04-30 21:58:00,4096.0,4096.0,4096.0,4096.0,1
SXF,202506,2025-04-30 21:59:00,4088.5,4088.5,4088.5,4088.5,1
SXF,202506,2025-04-30 22:04:00,4110.0,4110.0,4110.0,4110.0,10
SXF,202506,2025-04-30 22:30:00,4159.0,4159.0,4159.0,4159.0,1
SXF,202506,2025-04-30 22:37:00,4150.0,4150.0,4150.0,4150.0,1
SXF,202506,2025-04-30 22:46:00,4157.0,4157.0,4157.0,4157.0,1
SXF,202506,2025-04-30 22:50:00,4150.5,4150.5,4150.5,4150.5,1
SXF,202506,2025-04-30 22:58:00,4155.5,4155.5,4155.5,4155.5,1
SXF,202506,2025-05-01 03:44:00,4194.5,4194.5,4194.5,4194.5,1
SXF,202506,2025-05-01 03:50:00,4217.0,4217.0,4217.0,4217.0,1
SXF,202506,2025-05-01 04:23:00,4260.0,4260.0,4260.0,4260.0,1
SXF,202506,2025-05-01 04:27:00,4260.0,4260.0,4260.0,4260.0,1
SXF,202506/202509,2025-04-30 15:34:00,41.0,41.0,41.0,41.0,4
SXF,202506/202509,2025-04-30 15:45:00,41.0,41.0,41.0,41.0,4
SXF,202506/202509,2025-04-30 16:00:00,40.5,40.5,40.5,40.5,4
SXF,202506/202509,2025-04-30 16:07:00,40.5,40.5,40.5,40.5,4
SXF,202506/202509,2025-04-30 16:25:00,40.5,40.5,40.5,40.5,4
SXF,202506/202509,2025-04-30 19:55:00,40.5,40.5,40.5,40.5,2
SXF,202506/202509,2025-04-30 20:09:00,40.5,40.5,40.5,40.5,2
SXF,202509,2025-04-30 15:08:00,4244.0,4244.0,4244.0,4244.0,1
SXF,202509,2025-04-30 15:48:00,4242.0,4242.0,4241.0,4241.0,6
SXF,202509,2025-04-30 16:02:00,4240.0,4240.0,4240.0,4240.0,1
SXF,202509,2025-04-30 16:17:00,4253.5,4253.5,4253.5,4253.5,11
SXF,202509,2025-04-30 16:21:00,4253.0,4253.0,4253.0,4253.0,4
SXF,202509,2025-04-30 16:22:00,4257.5,4257.5,4257.5,4257.5,1
SXF,202509,2025-04-30 16:44:00,4255.5,4255.5,4255.5,4255.5,1
SXF,202509,2025-04-30 17:56:00,4256.0,4256.0,4256.0,4256.0,1
SXF,202509,2025-04-30 17:58:00,4256.0,4256.0,4256.0,4256.0,1
SXF,202509,2025-04-30 18:01:00,4258.0,4258.0,4258.0,4258.0,2
SXF,202509,2025-04-30 19:52:00,4241.0,4241.0,4241.0,4241.0,1
SXF,202509,2025-04-30 20:50:00,4176.5,4176.5,4176.5,4176.5,6
SXF,202509,2025-04-30 20:51:00,4173.5,4173.5,4173.5,4173.5,2
SXF,202509,2025-04-30 21:12:00,4155.0,4155.0,4155.0,4155.0,1
SXF,202509,2025-04-30 21:41:00,4137.5,4137.5,4137.5,4137.5,1
SXF,202509,2025-04-30 21:47:00,4145.0,4145.0,4145.0,4145.0,1
SXF,202509,2025-04-30 21:58:00,4137.0,4137.0,4137.0,4137.0,1
SXF,202509,2025-04-30 21:59:00,4130.0,4130.0,4130.0,4130.0,1
SXF,202509,2025-04-30 22:30:00,4199.0,4199.0,4199.0,4199.0,1
SXF,202509,2025-04-30 22:58:00,4196.5,4196.5,4196.5,4196.5,1
SXF,202509,2025-04-30 23:53:00,4210.0,4210.0,4210.0,4210.0,1
TE,202505,2025-04-30 15:23:00,1091.55,1091.55,1091.5,1091.5,2
TE,202505,2025-04-30 15:27:00,1092.2,1092.2,1092.2,1092.2,1
TE,202505,2025-04-30 15:32:00,1092.2,1092.2,1092.2,1092.2,1
TE,202505,2025-04-30 15:55:00,1091.55,1091.55,1091.55,1091.55,1
TE,202505,2025-04-30 16:02:00,1091.15,1091.15,1091.15,1091.15,1
TE,202505,2025-04-30 16:05:00,1091.4,1091.4,1091.4,1091.4,1
TE,202505,2025-04-30 16:09:00,1092.5,1092.5,1092.5,1092.5,2
TE,202505,2025-04-30 16:12:00,1092.55,1092.55,1092.55,1092.55,2
TE,202505,2025-04-30 16:13:00,1092.4,1092.4,1092.4,1092.4,2
TE,202505,2025-04-30 16:16:00,1094.0,1094.0,1094.0,1094.0,1
TE,202505,2025-04-30 16:26:00,1093.0,1093.0,1093.0,1093.0,1
TE,202505,2025-04-30 16:48:00,1093.45,1093.45,1093.45,1093.45,2
TE,202505,2025-04-30 16:49:00,1093.15,1093.15,1093.15,1093.15,1
TE,202505,2025-04-30 16:52:00,1094.0,1094.0,1094.0,1094.0,2
TE,202505,2025-04-30 17:16:00,1094.0,1094.0,1094.0,1094.0,1
TE,202505,2025-04-30 17:31:00,1095.35,1095.35,1095.35,1095.35,1
TE,202505,2025-04-30 17:43:00,1095.05,1095.05,1095.0,1095.0,4
TE,202505,2025-04-30 17:45:00,1095.0,1095.0,1095.0,1095.0,1
TE,202505,2025-04-30 18:03:00,1095.0,1095.0,1095.0,1095.0,1
TE,202505,2025-04-30 18:16:00,1095.4,1095.45,1095.4,1095.45,2
TE,202505,2025-04-30 18:18:00,1095.55,1095.55,1095.55,1095.55,1
TE,202505,2025-04-30 18:30:00,1094.45,1094.45,1094.45,1094.45,1
TE,202505,2025-04-30 18:33:00,1093.5,1093.5,1093.5,1093.5,1
TE,202505,2025-04-30 18:38:00,1093.0,1093.0,1093.0,1093.0,1
TE,202505,2025-04-30 19:13:00,1092.85,1092.85,1092.8,1092.8,2
TE,202505,2025-04-30 19:14:00,1092.7,1092.7,1092.7,1092.7,1
TE,202505,2025-04-30 19:38:00,1091.7,1091.7,1091.7,1091.7,2
TE,202505,2025-04-30 20:04:00,1091.5,1091.5,1091.5,1091.5,1
TE,202505,2025-04-30 20:07:00,1091.5,1091.5,1091.5,1091.5,1
TE,202505,2025-04-30 20:10:00,1091.55,1091.55,1091.55,1091.55,1
TE,202505,2025-04-30 20:14:00,1090.95,1090.95,1090.9,1090.9,3
TE,202505,2025-04-30 20:21:00,1088.6,1088.6,1088.6,1088.6,1
TE,202505,2025-04-30 20:32:00,1087.25,1087.25,1087.25,1087.25,1
TE,202505,2025-04-30 20:37:00,1086.3,1086.3,1086.3,1086.3,1
TE,202505,2025-04-30 20:38:00,1086.5,1086.5,1086.5,1086.5,2
TE,202505,2025-04-30 20:41:00,1085.6,1085.6,1083.5,1083.5,5
TE,202505,2025-04-30 20:42:00,1083.65,1084.05,1083.6,1083.65,7
TE,202505,2025-04-30 20:43:00,1083.6,1083.6,1083.35,1083.35,2
TE,202505,2025-04-30 20:45:00,1082.0,1082.0,1082.0,1082.0,1
TE,202505,2025-04-30 20:47:00,1081.0,1081.0,1081.0,1081.0,1
TE,202505,2025-04-30 20:48:00,1079.8,1079.8,1079.8,1079.8,1
TE,202505,2025-04-30 20:51:00,1081.45,1081.45,1081.45,1081.45,1
TE,202505,2025-04-30 21:05:00,1081.45,1081.45,1081.45,1081.45,1
TE,202505,2025-04-30 21:06:00,1080.6,1081.0,1080.6,1081.0,2
TE,202505,2025-04-30 21:11:00,1078.8,1079.6,1078.4,1078.4,8
TE,202505,2025-04-30 21:12:00,1079.0,1079.0,1079.0,1079.0,1
TE,202505,2025-04-30 21:13:00,1078.0,1078.0,1078.0,1078.0,1
TE,202505,2025-04-30 21:14:00,1078.1,1078.3,1077.25,1077.25,5
TE,202505,2025-04-30 21:16:00,1078.3,1078.3,1078.3,1078.3,1
TE,202505,2025-04-30 21:30:00,1078.6,1078.6,1077.45,1078.45,6
TE,202505,2025-04-30 21:33:00,1078.2,1078.2,1078.2,1078.2,2
TE,202505,2025-04-30 21:38:00,1075.9,1076.8,1075.75,1076.8,3
TE,202505,2025-04-30 21:39:00,1076.35,1076.35,1076.35,1076.35,1
TE,202505,2025-04-30 21:40:00,1075.8,1075.8,1074.95,1074.95,7
TE,202505,2025-04-30 21:41:00,1075.0,1075.0,1075.0,1075.0,1
TE,202505,2025-04-30 21:43:00,1074.8,1074.8,1074.8,1074.8,1
TE,202505,2025-04-30 21:44:00,1075.85,1075.85,1075.75,1075.75,2
TE,202505,2025-04-30 21:46:00,1076.3,1076.3,1076.3,1076.3,1
TE,202505,2025-04-30 21:48:00,1076.45,1077.45,1076.45,1077.45,2
TE,202505,2025-04-30 21:50:00,1077.0,1077.0,1077.0,1077.0,1
TE,202505,2025-04-30 21:52:00,1076.5,1076.5,1076.5,1076.5,2
TE,202505,2025-04-30 21:53:00,1075.0,1075.0,1075.0,1075.0,1
TE,202505,2025-04-30 21:59:00,1073.55,1073.55,1073.55,1073.55,2
TE,202505,2025-04-30 22:00:00,1076.4,1076.4,1073.0,1076.25,8
TE,202505,2025-04-30 22:01:00,1076.35,1076.35,1076.35,1076.35,2
TE,202505,2025-04-30 22:05:00,1077.5,1077.9,1077.5,1077.9,3
TE,202505,2025-04-30 22:06:00,1077.5,1077.5,1077.5,1077.5,1
TE,202505,2025-04-30 22:15:00,1078.5,1078.5,1078.5,1078.5,1
TE,202505,2025-04-30 22:21:00,1078.55,1078.55,1078.55,1078.55,1
TE,202505,2025-04-30 22:22:00,1078.5,1078.5,1078.4,1078.4,2
TE,202505,2025-04-30 22:29:00,1081.6,1081.6,1081.6,1081.6,1
TE,202505,2025-04-30 22:38:00,1079.2,1079.2,1079.2,1079.2,1
TE,202505,2025-04-30 22:41:00,1078.9,1078.9,1078.75,1078.75,5
TE,202505,2025-04-30 22:52:00,1080.0,1080.0,1080.0,1080.0,1
TE,202505,2025-04-30 22:53:00,1079.15,1079.15,1079.15,1079.15,1
TE,202505,2025-04-30 23:10:00,1082.5,1082.5,1082.5,1082.5,1
TE,202505,2025-04-30 23:31:00,1082.65,1083.95,1082.65,1083.95,6
TE,202505,2025-04-30 23:42:00,1082.65,1082.65,1082.65,1082.65,2
TE,202505,2025-04-30 23:43:00,1082.6,1082.6,1082.6,1082.6,1
TE,202505,2025-05-01 00:02:00,1082.5,1082.5,1082.5,1082.5,1
TE,202505,2025-05-01 00:30:00,1079.9,1079.9,1079.9,1079.9,1
TE,202505,2025-05-01 00:36:00,1081.55,1081.55,1081.55,1081.55,1
TE,202505,2025-05-01 00:37:00,1081.7,1081.8,1081.7,1081.8,2
TE,202505,2025-05-01 01:00:00,1082.8,1082.8,1082.8,1082.8,1
TE,202505,2025-05-01 01:26:00,1081.7,1081.7,1081.7,1081.7,1
TE,202505,2025-05-01 02:07:00,1088.3,1089.25,1088.3,1088.65,10
TE,202505,2025-05-01 02:16:00,1090.5,1092.25,1090.5,1090.7,9
TE,202505,2025-05-01 02:17:00,1090.65,1090.65,1090.65,1090.65,2
TE,202505,2025-05-01 02:19:00,1090.7,1090.7,1090.7,1090.7,1
TE,202505,2025-05-01 02:21:00,1090.65,1090.65,1090.65,1090.65,6
TE,202505,2025-05-01 03:51:00,1092.9,1093.65,1092.9,1093.65,3
TE,202505,2025-05-01 03:52:00,1094.35,1094.35,1094.35,1094.35,1
TE,202505,2025-05-01 03:53:00,1093.65,1093.65,1093.65,1093.65,2
TE,202505,2025-05-01 03:54:00,1093.65,1093.85,1093.65,1093.65,6
TE,202505,2025-05-01 03:56:00,1095.65,1096.0,1095.65,1096.0,4
TE,202505,2025-05-01 03:59:00,1093.65,1093.65,1093.25,1093.25,2
TE,202505,2025-05-01 04:06:00,1096.0,1096.6,1096.0,1096.6,2
TE,202505,2025-05-01 04:09:00,1097.0,1097.0,1097.0,1097.0,1
TE,202505,2025-05-01 04:49:00,1101.35,1108.9,1101.35,1103.1,7
TE,202505,2025-05-01 04:57:00,1105.0,1105.0,1105.0,1105.0,1
TE,202506,2025-04-30 18:38:00,1088.65,1088.65,1088.65,1088.65,1
TGF,202506,2025-04-30 17:26:00,12708.0,12708.0,12708.0,12708.0,1
TGF,202506,2025-04-30 17:33:00,12700.0,12700.0,12700.0,12700.0,1
TGF,202506,2025-04-30 17:34:00,12700.0,12700.0,12700.0,12700.0,2
TGF,202506,2025-04-30 17:49:00,12688.0,12688.0,12688.0,12688.0,1
TGF,202506,2025-04-30 17:53:00,12685.0,12685.0,12652.0,12652.0,2
TGF,202506,2025-04-30 17:54:00,12650.0,12650.0,12602.0,12602.0,2
TGF,202506,2025-04-30 17:55:00,12600.0,12600.0,12596.5,12596.5,2
TGF,202506,2025-04-30 17:56:00,12596.5,12596.5,12596.5,12596.5,1
TGF,202506,2025-04-30 17:57:00,12597.5,12597.5,12597.5,12597.5,1
TGF,202506,2025-04-30 17:58:00,12593.0,12593.0,12593.0,12593.0,1
TGF,202506,2025-04-30 17:59:00,12595.5,12595.5,12595.5,12595.5,1
TGF,202506,2025-04-30 18:00:00,12630.0,12640.0,12630.0,12640.0,3
TGF,202506,2025-04-30 18:34:00,12640.0,12640.0,12640.0,12640.0,1
TGF,202506,2025-04-30 18:37:00,12620.0,12620.0,12593.5,12593.5,4
TGF,202506,2025-04-30 18:38:00,12620.0,12620.0,12620.0,12620.0,2
TGF,202506,2025-04-30 18:41:00,12653.0,12660.0,12653.0,12660.0,6
TGF,202506,2025-04-30 18:42:00,12660.5,12660.5,12660.5,12660.5,1
TGF,202506,2025-04-30 18:44:00,12660.0,12660.0,12660.0,12660.0,10
TGF,202506,2025-04-30 18:49:00,12650.0,12655.0,12650.0,12655.0,6
TGF,202506,2025-04-30 18:57:00,12650.0,12650.0,12650.0,12650.0,5
TGF,202506,2025-04-30 19:30:00,12673.0,12673.0,12673.0,12673.0,1
TGF,202506,2025-04-30 19:42:00,12683.0,12683.0,12683.0,12683.0,1
TGF,202506,2025-04-30 19:51:00,12683.0,12683.0,12683.0,12683.0,1
TGF,202506,2025-04-30 20:01:00,12655.0,12655.0,12655.0,12655.0,1
TGF,202506,2025-04-30 20:11:00,12655.0,12655.0,12655.0,12655.0,1
TGF,202506,2025-04-30 20:13:00,12640.0,12640.0,12640.0,12640.0,1
TGF,202506,2025-04-30 20:19:00,12670.0,12670.0,12670.0,12670.0,1
TGF,202506,2025-04-30 20:23:00,12670.0,12670.0,12670.0,12670.0,1
TGF,202506,2025-04-30 20:32:00,12700.0,12700.0,12700.0,12700.0,1
TGF,202506,2025-04-30 20:45:00,12778.0,12778.0,12778.0,12778.0,3
TGF,202506,2025-04-30 20:46:00,12778.0,12778.0,12778.0,12778.0,2
TGF,202506,2025-04-30 20:47:00,12778.0,12778.0,12650.5,12650.5,4
TGF,202506,2025-04-30 20:50:00,12746.0,12778.0,12746.0,12778.0,3
TGF,202506,2025-04-30 20:54:00,12750.0,12750.0,12750.0,12750.0,1
TGF,202506,2025-04-30 20:55:00,12750.0,12750.0,12750.0,12750.0,1
TGF,202506,2025-04-30 20:57:00,12750.0,12750.0,12750.0,12750.0,2
TGF,202506,2025-04-30 21:11:00,12768.0,12768.0,12768.0,12768.0,1
TGF,202506,2025-04-30 21:12:00,12775.0,12775.0,12775.0,12775.0,1
TGF,202506,2025-04-30 21:14:00,12775.0,12778.5,12775.0,12778.5,3
TGF,202506,2025-04-30 21:15:00,12779.0,12797.0,12779.0,12797.0,2
TGF,202506,2025-04-30 21:18:00,12788.0,12788.0,12788.0,12788.0,2
TGF,202506,2025-04-30 21:32:00,12796.0,12796.0,12796.0,12796.0,1
TGF,202506,2025-04-30 21:33:00,12788.0,12788.0,12788.0,12788.0,1
TGF,202506,2025-04-30 21:35:00,12792.5,12792.5,12792.5,12792.5,1
TGF,202506,2025-04-30 21:36:00,12793.0,12800.0,12793.0,12800.0,3
TGF,202506,2025-04-30 21:42:00,12800.0,12800.0,12800.0,12800.0,1
TGF,202506,2025-04-30 21:44:00,12846.0,12849.0,12846.0,12849.0,2
TGF,202506,2025-04-30 21:45:00,12855.0,12855.0,12855.0,12855.0,1
TGF,202506,2025-04-30 21:52:00,12835.0,12835.0,12835.0,12835.0,1
TGF,202506,2025-04-30 21:55:00,12820.0,12820.0,12820.0,12820.0,1
TGF,202506,2025-04-30 21:56:00,12813.0,12813.0,12813.0,12813.0,1
TGF,202506,2025-04-30 22:02:00,12831.0,12831.0,12831.0,12831.0,1
TGF,202506,2025-04-30 22:08:00,12830.0,12830.0,12830.0,12830.0,1
TGF,202506,2025-04-30 22:21:00,12830.5,12830.5,12830.5,12830.5,1
TGF,202506,2025-04-30 22:57:00,12824.5,12824.5,12824.5,12824.5,1
TGF,202506,2025-04-30 22:58:00,12750.5,12750.5,12710.0,12710.0,3
TGF,202506,2025-04-30 23:12:00,12750.0,12750.0,12713.0,12713.0,3
TGF,202506,2025-04-30 23:27:00,12785.5,12785.5,12785.5,12785.5,1
TGF,202506,2025-04-30 23:28:00,12786.0,12800.0,12786.0,12800.0,2
TGF,202506,2025-05-01 00:06:00,12799.5,12799.5,12799.5,12799.5,1
TGF,202506,2025-05-01 01:12:00,12800.0,12800.0,12800.0,12800.0,2
TGF,202506,2025-05-01 03:30:00,12720.0,12720.0,12719.0,12719.0,2
TGF,202506,2025-05-01 03:32:00,12718.5,12718.5,12718.5,12718.5,1
TGF,202508,2025-04-30 19:30:00,12683.0,12683.0,12683.0,12683.0,1
TGF,202508,2025-04-30 22:02:00,12841.0,12841.0,12841.0,12841.0,1
TGF,202508,2025-04-30 22:21:00,12821.0,12821.0,12821.0,12821.0,1
TGF,202508,2025-04-30 22:57:00,12832.0,12832.0,12832.0,12832.0,1
TGF,202508,2025-04-30 23:12:00,12757.5,12757.5,12757.5,12757.5,1
TJF,202505,2025-04-30 20:15:00,2657.25,2657.25,2657.25,2657.25,1
TJF,202505,2025-04-30 20:42:00,2641.5,2641.5,2641.5,2641.5,1
TJF,202505,2025-04-30 20:43:00,2641.0,2641.0,2640.75,2640.75,2
TJF,202505,2025-04-30 21:42:00,2632.5,2632.5,2632.5,2632.5,1
TJF,202505,2025-04-30 21:43:00,2632.5,2632.5,2632.5,2632.5,4
TJF,202505,2025-05-01 03:53:00,2662.75,2662.75,2662.75,2662.75,1
TJF,202505,2025-05-01 03:56:00,2664.25,2664.25,2664.25,2664.25,1
TJF,202505,2025-05-01 04:05:00,2671.5,2671.5,2671.5,2671.5,10
TJF,202505,2025-05-01 04:16:00,2671.5,2671.5,2671.5,2671.5,10
TJF,202506,2025-04-30 20:41:00,2648.0,2648.0,2646.0,2646.0,2
TJF,202506,2025-04-30 20:42:00,2643.0,2643.0,2642.5,2643.0,5
TJF,202506,2025-04-30 20:52:00,2640.25,2640.25,2640.25,2640.25,1
TJF,202506,2025-04-30 21:04:00,2643.25,2643.25,2643.25,2643.25,1
TJF,202506,2025-04-30 21:13:00,2640.25,2640.25,2640.25,2640.25,10
TJF,202506,2025-04-30 21:42:00,2635.0,2635.0,2635.0,2635.0,1
TMF,202505,2025-04-30 15:00:00,20180.0,20190.0,20175.0,20180.0,535
TMF,202505,2025-04-30 15:01:00,20180.0,20194.0,20180.0,20191.0,307
TMF,202505,2025-04-30 15:02:00,20191.0,20192.0,20184.0,20184.0,164
TMF,202505,2025-04-30 15:03:00,20186.0,20187.0,20181.0,20182.0,147
TMF,202505,2025-04-30 15:04:00,20181.0,20185.0,20179.0,20180.0,133
TMF,202505,2025-04-30 15:05:00,20180.0,20184.0,20173.0,20174.0,132
TMF,202505,2025-04-30 15:06:00,20176.0,20185.0,20175.0,20185.0,96
TMF,202505,2025-04-30 15:07:00,20185.0,20188.0,20183.0,20188.0,159
TMF,202505,2025-04-30 15:08:00,20189.0,20191.0,20187.0,20189.0,136
TMF,202505,2025-04-30 15:09:00,20189.0,20192.0,20185.0,20187.0,73
TMF,202505,2025-04-30 15:10:00,20187.0,20188.0,20183.0,20186.0,54
TMF,202505,2025-04-30 15:11:00,20187.0,20190.0,20182.0,20182.0,87
TMF,202505,2025-04-30 15:12:00,20181.0,20185.0,20177.0,20185.0,88
TMF,202505,2025-04-30 15:13:00,20184.0,20190.0,20181.0,20189.0,72
TMF,202505,2025-04-30 15:14:00,20190.0,20192.0,20189.0,20192.0,115
TMF,202505,2025-04-30 15:15:00,20192.0,20193.0,20184.0,20184.0,92
TMF,202505,2025-04-30 15:16:00,20183.0,20186.0,20183.0,20185.0,50
TMF,202505,2025-04-30 15:17:00,20186.0,20192.0,20185.0,20186.0,69
TMF,202505,2025-04-30 15:18:00,20186.0,20198.0,20183.0,20197.0,166
TMF,202505,2025-04-30 15:19:00,20197.0,20202.0,20195.0,20202.0,254
TMF,202505,2025-04-30 15:20:00,20202.0,20207.0,20197.0,20198.0,207
TMF,202505,2025-04-30 15:21:00,20199.0,20202.0,20191.0,20194.0,113
TMF,202505,2025-04-30 15:22:00,20192.0,20196.0,20191.0,20194.0,84
TMF,202505,2025-04-30 15:23:00,20195.0,20203.0,20195.0,20202.0,99
TMF,202505,2025-04-30 15:24:00,20201.0,20210.0,20201.0,20206.0,176
TMF,202505,2025-04-30 15:25:00,20205.0,20209.0,20201.0,20203.0,109
TMF,202505,2025-04-30 15:26:00,20203.0,20207.0,20202.0,20206.0,101
TMF,202505,2025-04-30 15:27:00,20207.0,20208.0,20204.0,20208.0,88
TMF,202505,2025-04-30 15:28:00,20207.0,20207.0,20198.0,20198.0,98
TMF,202505,2025-04-30 15:29:00,20199.0,20199.0,20196.0,20198.0,47
TMF,202505,2025-04-30 15:30:00,20198.0,20200.0,20191.0,20191.0,126
TMF,202505,2025-04-30 15:31:00,20193.0,20193.0,20186.0,20189.0,115
TMF,202505,2025-04-30 15:32:00,20189.0,20196.0,20189.0,20193.0,90
TMF,202505,2025-04-30 15:33:00,20192.0,20193.0,20187.0,20188.0,72
TMF,202505,2025-04-30 15:34:00,20189.0,20192.0,20187.0,20190.0,43
TMF,202505,2025-04-30 15:35:00,20190.0,20191.0,20183.0,20183.0,79
TMF,202505,2025-04-30 15:36:00,20184.0,20192.0,20183.0,20192.0,87
TMF,202505,2025-04-30 15:37:00,20190.0,20192.0,20187.0,20192.0,59
TMF,202505,2025-04-30 15:38:00,20191.0,20196.0,20191.0,20195.0,82
TMF,202505,2025-04-30 15:39:00,20195.0,20196.0,20186.0,20188.0,60
TMF,202505,2025-04-30 15:40:00,20189.0,20190.0,20186.0,20188.0,29
TMF,202505,2025-04-30 15:41:00,20188.0,20191.0,20188.0,20190.0,43
TMF,202505,2025-04-30 15:42:00,20190.0,20190.0,20187.0,20188.0,30
TMF,202505,2025-04-30 15:43:00,20188.0,20188.0,20187.0,20187.0,16
TMF,202505,2025-04-30 15:44:00,20187.0,20189.0,20186.0,20189.0,34
TMF,202505,2025-04-30 15:45:00,20189.0,20189.0,20187.0,20189.0,12
TMF,202505,2025-04-30 15:46:00,20189.0,20194.0,20184.0,20192.0,79
TMF,202505,2025-04-30 15:47:00,20194.0,20194.0,20191.0,20192.0,27
TMF,202505,2025-04-30 15:48:00,20192.0,20195.0,20192.0,20195.0,41
TMF,202505,2025-04-30 15:49:00,20195.0,20199.0,20195.0,20199.0,36
TMF,202505,2025-04-30 15:50:00,20198.0,20198.0,20191.0,20191.0,61
TMF,202505,2025-04-30 15:51:00,20191.0,20192.0,20186.0,20187.0,42
TMF,202505,2025-04-30 15:52:00,20187.0,20191.0,20187.0,20189.0,40
TMF,202505,2025-04-30 15:53:00,20190.0,20195.0,20189.0,20191.0,26
TMF,202505,2025-04-30 15:54:00,20192.0,20195.0,20191.0,20194.0,29
TMF,202505,2025-04-30 15:55:00,20194.0,20205.0,20194.0,20203.0,138
TMF,202505,2025-04-30 15:56:00,20203.0,20203.0,20200.0,20203.0,50
TMF,202505,2025-04-30 15:57:00,20204.0,20214.0,20203.0,20210.0,234
TMF,202505,2025-04-30 15:58:00,20212.0,20213.0,20207.0,20209.0,108
TMF,202505,2025-04-30 15:59:00,20209.0,20212.0,20206.0,20206.0,78
TMF,202505,2025-04-30 16:00:00,20206.0,20207.0,20195.0,20196.0,122
TMF,202505,2025-04-30 16:01:00,20196.0,20204.0,20196.0,20200.0,41
TMF,202505,2025-04-30 16:02:00,20199.0,20199.0,20187.0,20187.0,138
TMF,202505,2025-04-30 16:03:00,20188.0,20190.0,20186.0,20187.0,84
TMF,202505,2025-04-30 16:04:00,20186.0,20194.0,20185.0,20190.0,100
TMF,202505,2025-04-30 16:05:00,20190.0,20198.0,20190.0,20198.0,73
TMF,202505,2025-04-30 16:06:00,20197.0,20206.0,20197.0,20203.0,81
TMF,202505,2025-04-30 16:07:00,20204.0,20206.0,20202.0,20204.0,58
TMF,202505,2025-04-30 16:08:00,20205.0,20213.0,20202.0,20212.0,113
TMF,202505,2025-04-30 16:09:00,20213.0,20218.0,20211.0,20217.0,160
TMF,202505,2025-04-30 16:10:00,20216.0,20218.0,20212.0,20212.0,135
TMF,202505,2025-04-30 16:11:00,20213.0,20215.0,20210.0,20213.0,99
TMF,202505,2025-04-30 16:12:00,20212.0,20214.0,20206.0,20209.0,91
TMF,202505,2025-04-30 16:13:00,20210.0,20218.0,20210.0,20215.0,83
TMF,202505,2025-04-30 16:14:00,20215.0,20216.0,20213.0,20214.0,57
TMF,202505,2025-04-30 16:15:00,20214.0,20235.0,20213.0,20232.0,559
TMF,202505,2025-04-30 16:16:00,20233.0,20238.0,20230.0,20231.0,213
TMF,202505,2025-04-30 16:17:00,20231.0,20232.0,20227.0,20229.0,134
TMF,202505,2025-04-30 16:18:00,20230.0,20237.0,20230.0,20237.0,161
TMF,202505,2025-04-30 16:19:00,20237.0,20245.0,20237.0,20242.0,345
TMF,202505,2025-04-30 16:20:00,20241.0,20243.0,20238.0,20241.0,137
TMF,202505,2025-04-30 16:21:00,20240.0,20240.0,20231.0,20233.0,132
TMF,202505,2025-04-30 16:22:00,20235.0,20236.0,20233.0,20235.0,79
TMF,202505,2025-04-30 16:23:00,20234.0,20234.0,20228.0,20229.0,127
TMF,202505,2025-04-30 16:24:00,20229.0,20231.0,20222.0,20227.0,103
TMF,202505,2025-04-30 16:25:00,20227.0,20227.0,20222.0,20224.0,80
TMF,202505,2025-04-30 16:26:00,20223.0,20224.0,20218.0,20219.0,93
TMF,202505,2025-04-30 16:27:00,20219.0,20219.0,20213.0,20215.0,126
TMF,202505,2025-04-30 16:28:00,20214.0,20219.0,20214.0,20219.0,48
TMF,202505,2025-04-30 16:29:00,20219.0,20220.0,20216.0,20216.0,81
TMF,202505,2025-04-30 16:30:00,20219.0,20219.0,20208.0,20210.0,181
TMF,202505,2025-04-30 16:31:00,20210.0,20212.0,20207.0,20207.0,79
TMF,202505,2025-04-30 16:32:00,20207.0,20212.0,20207.0,20207.0,63
TMF,202505,2025-04-30 16:33:00,20207.0,20210.0,20205.0,20206.0,117
TMF,202505,2025-04-30 16:34:00,20208.0,20208.0,20206.0,20208.0,37
TMF,202505,2025-04-30 16:35:00,20210.0,20211.0,20206.0,20208.0,53
TMF,202505,2025-04-30 16:36:00,20207.0,20209.0,20207.0,20208.0,33
TMF,202505,2025-04-30 16:37:00,20209.0,20211.0,20209.0,20210.0,48
TMF,202505,2025-04-30 16:38:00,20210.0,20214.0,20210.0,20213.0,48
TMF,202505,2025-04-30 16:39:00,20213.0,20215.0,20212.0,20215.0,44
TMF,202505,2025-04-30 16:40:00,20214.0,20217.0,20213.0,20216.0,57
TMF,202505,2025-04-30 16:41:00,20216.0,20218.0,20215.0,20217.0,39
TMF,202505,2025-04-30 16:42:00,20216.0,20223.0,20216.0,20223.0,74
TMF,202505,2025-04-30 16:43:00,20223.0,20224.0,20220.0,20222.0,50
TMF,202505,2025-04-30 16:44:00,20222.0,20229.0,20221.0,20228.0,84
TMF,202505,2025-04-30 16:45:00,20228.0,20228.0,20222.0,20222.0,69
TMF,202505,2025-04-30 16:46:00,20223.0,20225.0,20220.0,20220.0,56
TMF,202505,2025-04-30 16:47:00,20220.0,20225.0,20219.0,20224.0,80
TMF,202505,2025-04-30 16:48:00,20224.0,20225.0,20223.0,20224.0,22
TMF,202505,2025-04-30 16:49:00,20224.0,20224.0,20218.0,20223.0,47
TMF,202505,2025-04-30 16:50:00,20222.0,20226.0,20222.0,20226.0,42
TMF,202505,2025-04-30 16:51:00,20226.0,20231.0,20225.0,20230.0,111
TMF,202505,2025-04-30 16:52:00,20231.0,20231.0,20229.0,20230.0,50
TMF,202505,2025-04-30 16:53:00,20231.0,20231.0,20229.0,20231.0,46
TMF,202505,2025-04-30 16:54:00,20230.0,20233.0,20229.0,20233.0,65
TMF,202505,2025-04-30 16:55:00,20232.0,20234.0,20225.0,20227.0,88
TMF,202505,2025-04-30 16:56:00,20227.0,20228.0,20225.0,20228.0,40
TMF,202505,2025-04-30 16:57:00,20229.0,20229.0,20224.0,20225.0,25
TMF,202505,2025-04-30 16:58:00,20225.0,20225.0,20220.0,20223.0,62
TMF,202505,2025-04-30 16:59:00,20220.0,20222.0,20217.0,20218.0,61
TMF,202505,2025-04-30 17:00:00,20219.0,20224.0,20219.0,20221.0,50
TMF,202505,2025-04-30 17:01:00,20222.0,20225.0,20220.0,20225.0,44
TMF,202505,2025-04-30 17:02:00,20226.0,20228.0,20225.0,20225.0,26
TMF,202505,2025-04-30 17:03:00,20225.0,20227.0,20224.0,20224.0,19
TMF,202505,2025-04-30 17:04:00,20224.0,20230.0,20223.0,20229.0,42
TMF,202505,2025-04-30 17:05:00,20229.0,20231.0,20228.0,20230.0,55
TMF,202505,2025-04-30 17:06:00,20230.0,20231.0,20228.0,20230.0,48
TMF,202505,2025-04-30 17:07:00,20231.0,20233.0,20226.0,20229.0,42
TMF,202505,2025-04-30 17:08:00,20229.0,20230.0,20228.0,20230.0,12
TMF,202505,2025-04-30 17:09:00,20230.0,20232.0,20229.0,20231.0,31
TMF,202505,2025-04-30 17:10:00,20230.0,20231.0,20227.0,20227.0,28
TMF,202505,2025-04-30 17:11:00,20226.0,20227.0,20224.0,20227.0,38
TMF,202505,2025-04-30 17:12:00,20226.0,20227.0,20226.0,20227.0,17
TMF,202505,2025-04-30 17:13:00,20227.0,20227.0,20224.0,20225.0,15
TMF,202505,2025-04-30 17:14:00,20225.0,20226.0,20225.0,20226.0,9
TMF,202505,2025-04-30 17:15:00,20225.0,20225.0,20220.0,20222.0,32
TMF,202505,2025-04-30 17:16:00,20221.0,20222.0,20220.0,20220.0,21
TMF,202505,2025-04-30 17:17:00,20221.0,20222.0,20220.0,20222.0,29
TMF,202505,2025-04-30 17:18:00,20222.0,20230.0,20222.0,20229.0,48
TMF,202505,2025-04-30 17:19:00,20230.0,20231.0,20227.0,20230.0,48
TMF,202505,2025-04-30 17:20:00,20230.0,20232.0,20229.0,20229.0,29
TMF,202505,2025-04-30 17:21:00,20230.0,20231.0,20229.0,20229.0,24
TMF,202505,2025-04-30 17:22:00,20229.0,20234.0,20228.0,20234.0,57
TMF,202505,2025-04-30 17:23:00,20233.0,20233.0,20226.0,20228.0,25
TMF,202505,2025-04-30 17:24:00,20227.0,20228.0,20225.0,20228.0,26
TMF,202505,2025-04-30 17:25:00,20229.0,20231.0,20228.0,20230.0,26
TMF,202505,2025-04-30 17:26:00,20230.0,20237.0,20230.0,20235.0,117
TMF,202505,2025-04-30 17:27:00,20236.0,20244.0,20236.0,20243.0,177
TMF,202505,2025-04-30 17:28:00,20243.0,20243.0,20237.0,20242.0,82
TMF,202505,2025-04-30 17:29:00,20241.0,20242.0,20240.0,20241.0,31
TMF,202505,2025-04-30 17:30:00,20242.0,20250.0,20242.0,20246.0,299
TMF,202505,2025-04-30 17:31:00,20245.0,20248.0,20239.0,20240.0,97
TMF,202505,2025-04-30 17:32:00,20241.0,20243.0,20241.0,20241.0,54
TMF,202505,2025-04-30 17:33:00,20241.0,20242.0,20236.0,20236.0,84
TMF,202505,2025-04-30 17:34:00,20237.0,20238.0,20235.0,20235.0,33
TMF,202505,2025-04-30 17:35:00,20237.0,20238.0,20235.0,20236.0,29
TMF,202505,2025-04-30 17:36:00,20236.0,20242.0,20235.0,20242.0,51
TMF,202505,2025-04-30 17:37:00,20242.0,20244.0,20240.0,20241.0,43
TMF,202505,2025-04-30 17:38:00,20242.0,20244.0,20241.0,20242.0,41
TMF,202505,2025-04-30 17:39:00,20242.0,20242.0,20238.0,20240.0,26
TMF,202505,2025-04-30 17:40:00,20240.0,20244.0,20240.0,20240.0,59
TMF,202505,2025-04-30 17:41:00,20240.0,20245.0,20240.0,20243.0,51
TMF,202505,2025-04-30 17:42:00,20244.0,20246.0,20243.0,20244.0,72
TMF,202505,2025-04-30 17:43:00,20245.0,20245.0,20240.0,20240.0,31
TMF,202505,2025-04-30 17:44:00,20240.0,20241.0,20238.0,20240.0,39
TMF,202505,2025-04-30 17:45:00,20240.0,20242.0,20240.0,20240.0,46
TMF,202505,2025-04-30 17:46:00,20238.0,20238.0,20235.0,20235.0,30
TMF,202505,2025-04-30 17:47:00,20235.0,20236.0,20234.0,20235.0,40
TMF,202505,2025-04-30 17:48:00,20235.0,20237.0,20234.0,20235.0,36
TMF,202505,2025-04-30 17:49:00,20234.0,20235.0,20234.0,20234.0,13
TMF,202505,2025-04-30 17:50:00,20234.0,20236.0,20234.0,20235.0,22
TMF,202505,2025-04-30 17:51:00,20235.0,20239.0,20235.0,20239.0,34
TMF,202505,2025-04-30 17:52:00,20239.0,20242.0,20239.0,20242.0,25
TMF,202505,2025-04-30 17:53:00,20241.0,20243.0,20240.0,20243.0,50
TMF,202505,2025-04-30 17:54:00,20244.0,20245.0,20240.0,20240.0,46
TMF,202505,2025-04-30 17:55:00,20242.0,20242.0,20239.0,20239.0,27
TMF,202505,2025-04-30 17:56:00,20239.0,20241.0,20239.0,20239.0,19
TMF,202505,2025-04-30 17:57:00,20239.0,20241.0,20238.0,20239.0,25
TMF,202505,2025-04-30 17:58:00,20239.0,20239.0,20237.0,20238.0,37
TMF,202505,2025-04-30 17:59:00,20239.0,20240.0,20238.0,20239.0,38
TMF,202505,2025-04-30 18:00:00,20240.0,20243.0,20236.0,20237.0,58
TMF,202505,2025-04-30 18:01:00,20238.0,20240.0,20237.0,20240.0,23
TMF,202505,2025-04-30 18:02:00,20239.0,20240.0,20236.0,20237.0,24
TMF,202505,2025-04-30 18:03:00,20237.0,20240.0,20236.0,20236.0,34
TMF,202505,2025-04-30 18:04:00,20235.0,20236.0,20233.0,20235.0,50
TMF,202505,2025-04-30 18:05:00,20235.0,20237.0,20234.0,20234.0,32
TMF,202505,2025-04-30 18:06:00,20234.0,20236.0,20234.0,20235.0,19
TMF,202505,2025-04-30 18:07:00,20235.0,20237.0,20234.0,20237.0,41
TMF,202505,2025-04-30 18:08:00,20238.0,20239.0,20237.0,20237.0,20
TMF,202505,2025-04-30 18:09:00,20236.0,20238.0,20234.0,20238.0,30
TMF,202505,2025-04-30 18:10:00,20239.0,20240.0,20238.0,20238.0,23
TMF,202505,2025-04-30 18:11:00,20240.0,20244.0,20238.0,20244.0,63
TMF,202505,2025-04-30 18:12:00,20243.0,20246.0,20243.0,20245.0,74
TMF,202505,2025-04-30 18:13:00,20244.0,20245.0,20243.0,20245.0,26
TMF,202505,2025-04-30 18:14:00,20244.0,20245.0,20242.0,20243.0,22
TMF,202505,2025-04-30 18:15:00,20243.0,20248.0,20242.0,20247.0,71
TMF,202505,2025-04-30 18:16:00,20248.0,20254.0,20246.0,20250.0,334
TMF,202505,2025-04-30 18:17:00,20251.0,20251.0,20248.0,20249.0,65
TMF,202505,2025-04-30 18:18:00,20248.0,20249.0,20237.0,20239.0,86
TMF,202505,2025-04-30 18:19:00,20240.0,20243.0,20238.0,20241.0,69
TMF,202505,2025-04-30 18:20:00,20239.0,20242.0,20238.0,20242.0,28
TMF,202505,2025-04-30 18:21:00,20241.0,20247.0,20241.0,20246.0,45
TMF,202505,2025-04-30 18:22:00,20247.0,20247.0,20239.0,20239.0,29
TMF,202505,2025-04-30 18:23:00,20240.0,20241.0,20238.0,20239.0,48
TMF,202505,2025-04-30 18:24:00,20240.0,20244.0,20240.0,20243.0,26
TMF,202505,2025-04-30 18:25:00,20243.0,20245.0,20243.0,20245.0,14
TMF,202505,2025-04-30 18:26:00,20243.0,20247.0,20242.0,20247.0,39
TMF,202505,2025-04-30 18:27:00,20245.0,20248.0,20244.0,20245.0,24
TMF,202505,2025-04-30 18:28:00,20245.0,20245.0,20244.0,20244.0,27
TMF,202505,2025-04-30 18:29:00,20243.0,20247.0,20243.0,20247.0,87
TMF,202505,2025-04-30 18:30:00,20247.0,20247.0,20223.0,20224.0,245
TMF,202505,2025-04-30 18:31:00,20223.0,20223.0,20211.0,20214.0,337
TMF,202505,2025-04-30 18:32:00,20214.0,20218.0,20212.0,20215.0,119
TMF,202505,2025-04-30 18:33:00,20215.0,20223.0,20214.0,20221.0,99
TMF,202505,2025-04-30 18:34:00,20222.0,20224.0,20216.0,20219.0,139
TMF,202505,2025-04-30 18:35:00,20219.0,20220.0,20217.0,20219.0,56
TMF,202505,2025-04-30 18:36:00,20219.0,20220.0,20218.0,20219.0,40
TMF,202505,2025-04-30 18:37:00,20220.0,20225.0,20220.0,20225.0,50
TMF,202505,2025-04-30 18:38:00,20225.0,20227.0,20223.0,20223.0,79
TMF,202505,2025-04-30 18:39:00,20223.0,20224.0,20216.0,20216.0,73
TMF,202505,2025-04-30 18:40:00,20217.0,20220.0,20212.0,20219.0,103
TMF,202505,2025-04-30 18:41:00,20219.0,20220.0,20213.0,20213.0,62
TMF,202505,2025-04-30 18:42:00,20214.0,20219.0,20212.0,20219.0,58
TMF,202505,2025-04-30 18:43:00,20219.0,20220.0,20208.0,20211.0,156
TMF,202505,2025-04-30 18:44:00,20209.0,20212.0,20207.0,20207.0,99
TMF,202505,2025-04-30 18:45:00,20208.0,20209.0,20206.0,20207.0,94
TMF,202505,2025-04-30 18:46:00,20207.0,20210.0,20205.0,20205.0,83
TMF,202505,2025-04-30 18:47:00,20206.0,20208.0,20205.0,20208.0,54
TMF,202505,2025-04-30 18:48:00,20208.0,20212.0,20205.0,20212.0,82
TMF,202505,2025-04-30 18:49:00,20212.0,20212.0,20208.0,20211.0,58
TMF,202505,2025-04-30 18:50:00,20209.0,20217.0,20209.0,20215.0,76
TMF,202505,2025-04-30 18:51:00,20215.0,20218.0,20214.0,20216.0,46
TMF,202505,2025-04-30 18:52:00,20217.0,20220.0,20215.0,20220.0,44
TMF,202505,2025-04-30 18:53:00,20220.0,20221.0,20216.0,20217.0,70
TMF,202505,2025-04-30 18:54:00,20216.0,20217.0,20214.0,20216.0,36
TMF,202505,2025-04-30 18:55:00,20217.0,20221.0,20217.0,20220.0,29
TMF,202505,2025-04-30 18:56:00,20219.0,20219.0,20216.0,20218.0,32
TMF,202505,2025-04-30 18:57:00,20216.0,20218.0,20215.0,20218.0,26
TMF,202505,2025-04-30 18:58:00,20219.0,20222.0,20218.0,20222.0,42
TMF,202505,2025-04-30 18:59:00,20221.0,20226.0,20220.0,20223.0,82
TMF,202505,2025-04-30 19:00:00,20225.0,20226.0,20222.0,20222.0,59
TMF,202505,2025-04-30 19:01:00,20221.0,20222.0,20216.0,20221.0,55
TMF,202505,2025-04-30 19:02:00,20220.0,20223.0,20218.0,20219.0,20
TMF,202505,2025-04-30 19:03:00,20218.0,20223.0,20216.0,20223.0,60
TMF,202505,2025-04-30 19:04:00,20223.0,20225.0,20221.0,20225.0,53
TMF,202505,2025-04-30 19:05:00,20225.0,20225.0,20220.0,20223.0,37
TMF,202505,2025-04-30 19:06:00,20223.0,20223.0,20220.0,20222.0,15
TMF,202505,2025-04-30 19:07:00,20222.0,20222.0,20220.0,20222.0,15
TMF,202505,2025-04-30 19:08:00,20222.0,20222.0,20220.0,20220.0,26
TMF,202505,2025-04-30 19:09:00,20220.0,20220.0,20218.0,20219.0,15
TMF,202505,2025-04-30 19:10:00,20219.0,20221.0,20219.0,20220.0,14
TMF,202505,2025-04-30 19:11:00,20220.0,20224.0,20220.0,20220.0,32
TMF,202505,2025-04-30 19:12:00,20220.0,20220.0,20216.0,20216.0,54
TMF,202505,2025-04-30 19:13:00,20216.0,20216.0,20210.0,20212.0,70
TMF,202505,2025-04-30 19:14:00,20213.0,20214.0,20211.0,20211.0,38
TMF,202505,2025-04-30 19:15:00,20211.0,20216.0,20211.0,20215.0,32
TMF,202505,2025-04-30 19:16:00,20214.0,20215.0,20213.0,20214.0,21
TMF,202505,2025-04-30 19:17:00,20214.0,20225.0,20214.0,20223.0,59
TMF,202505,2025-04-30 19:18:00,20222.0,20225.0,20221.0,20221.0,28
TMF,202505,2025-04-30 19:19:00,20220.0,20220.0,20213.0,20214.0,27
TMF,202505,2025-04-30 19:20:00,20213.0,20214.0,20211.0,20214.0,26
TMF,202505,2025-04-30 19:21:00,20214.0,20215.0,20213.0,20213.0,22
TMF,202505,2025-04-30 19:22:00,20213.0,20213.0,20210.0,20210.0,37
TMF,202505,2025-04-30 19:23:00,20210.0,20213.0,20208.0,20209.0,81
TMF,202505,2025-04-30 19:24:00,20209.0,20210.0,20208.0,20209.0,45
TMF,202505,2025-04-30 19:25:00,20209.0,20210.0,20203.0,20203.0,141
TMF,202505,2025-04-30 19:26:00,20203.0,20205.0,20202.0,20205.0,86
TMF,202505,2025-04-30 19:27:00,20205.0,20208.0,20205.0,20205.0,41
TMF,202505,2025-04-30 19:28:00,20205.0,20211.0,20202.0,20202.0,145
TMF,202505,2025-04-30 19:29:00,20202.0,20204.0,20201.0,20201.0,84
TMF,202505,2025-04-30 19:30:00,20201.0,20204.0,20198.0,20200.0,166
TMF,202505,2025-04-30 19:31:00,20200.0,20200.0,20196.0,20197.0,82
TMF,202505,2025-04-30 19:32:00,20197.0,20199.0,20190.0,20190.0,219
TMF,202505,2025-04-30 19:33:00,20191.0,20192.0,20188.0,20191.0,99
TMF,202505,2025-04-30 19:34:00,20192.0,20195.0,20191.0,20193.0,63
TMF,202505,2025-04-30 19:35:00,20194.0,20195.0,20188.0,20193.0,132
TMF,202505,2025-04-30 19:36:00,20192.0,20193.0,20188.0,20192.0,89
TMF,202505,2025-04-30 19:37:00,20191.0,20196.0,20191.0,20195.0,63
TMF,202505,2025-04-30 19:38:00,20195.0,20199.0,20195.0,20197.0,76
TMF,202505,2025-04-30 19:39:00,20197.0,20200.0,20196.0,20200.0,72
TMF,202505,2025-04-30 19:40:00,20200.0,20200.0,20195.0,20200.0,59
TMF,202505,2025-04-30 19:41:00,20200.0,20200.0,20197.0,20198.0,41
TMF,202505,2025-04-30 19:42:00,20197.0,20199.0,20197.0,20198.0,46
TMF,202505,2025-04-30 19:43:00,20197.0,20201.0,20196.0,20201.0,65
TMF,202505,2025-04-30 19:44:00,20201.0,20205.0,20200.0,20203.0,84
TMF,202505,2025-04-30 19:45:00,20202.0,20203.0,20196.0,20203.0,53
TMF,202505,2025-04-30 19:46:00,20201.0,20203.0,20195.0,20196.0,38
TMF,202505,2025-04-30 19:47:00,20195.0,20199.0,20193.0,20198.0,75
TMF,202505,2025-04-30 19:48:00,20198.0,20201.0,20193.0,20196.0,46
TMF,202505,2025-04-30 19:49:00,20195.0,20197.0,20194.0,20195.0,39
TMF,202505,2025-04-30 19:50:00,20197.0,20198.0,20195.0,20197.0,19
TMF,202505,2025-04-30 19:51:00,20196.0,20196.0,20192.0,20193.0,38
TMF,202505,2025-04-30 19:52:00,20193.0,20197.0,20192.0,20197.0,39
TMF,202505,2025-04-30 19:53:00,20196.0,20198.0,20192.0,20198.0,78
TMF,202505,2025-04-30 19:54:00,20198.0,20202.0,20198.0,20201.0,49
TMF,202505,2025-04-30 19:55:00,20200.0,20201.0,20199.0,20199.0,23
TMF,202505,2025-04-30 19:56:00,20199.0,20205.0,20199.0,20203.0,50
TMF,202505,2025-04-30 19:57:00,20202.0,20204.0,20200.0,20200.0,33
TMF,202505,2025-04-30 19:58:00,20202.0,20208.0,20202.0,20207.0,49
TMF,202505,2025-04-30 19:59:00,20208.0,20208.0,20206.0,20206.0,53
TMF,202505,2025-04-30 20:00:00,20206.0,20206.0,20198.0,20199.0,78
TMF,202505,2025-04-30 20:01:00,20199.0,20202.0,20199.0,20201.0,25
TMF,202505,2025-04-30 20:02:00,20201.0,20209.0,20201.0,20201.0,67
TMF,202505,2025-04-30 20:03:00,20204.0,20205.0,20201.0,20202.0,71
TMF,202505,2025-04-30 20:04:00,20201.0,20202.0,20197.0,20202.0,69
TMF,202505,2025-04-30 20:05:00,20202.0,20206.0,20196.0,20205.0,58
TMF,202505,2025-04-30 20:06:00,20205.0,20205.0,20202.0,20203.0,26
TMF,202505,2025-04-30 20:07:00,20203.0,20203.0,20198.0,20200.0,40
TMF,202505,2025-04-30 20:08:00,20200.0,20200.0,20196.0,20197.0,27
TMF,202505,2025-04-30 20:09:00,20196.0,20196.0,20191.0,20193.0,60
TMF,202505,2025-04-30 20:10:00,20193.0,20196.0,20192.0,20194.0,52
TMF,202505,2025-04-30 20:11:00,20193.0,20193.0,20190.0,20192.0,72
TMF,202505,2025-04-30 20:12:00,20192.0,20193.0,20190.0,20193.0,36
TMF,202505,2025-04-30 20:13:00,20191.0,20192.0,20191.0,20191.0,22
TMF,202505,2025-04-30 20:14:00,20192.0,20197.0,20190.0,20196.0,53
TMF,202505,2025-04-30 20:15:00,20196.0,20196.0,20169.0,20181.0,673
TMF,202505,2025-04-30 20:16:00,20182.0,20182.0,20172.0,20173.0,174
TMF,202505,2025-04-30 20:17:00,20172.0,20179.0,20168.0,20168.0,171
TMF,202505,2025-04-30 20:18:00,20167.0,20174.0,20167.0,20172.0,162
TMF,202505,2025-04-30 20:19:00,20172.0,20174.0,20168.0,20173.0,134
TMF,202505,2025-04-30 20:20:00,20171.0,20173.0,20165.0,20170.0,184
TMF,202505,2025-04-30 20:21:00,20168.0,20169.0,20155.0,20156.0,378
TMF,202505,2025-04-30 20:22:00,20157.0,20165.0,20156.0,20161.0,154
TMF,202505,2025-04-30 20:23:00,20161.0,20161.0,20155.0,20156.0,157
TMF,202505,2025-04-30 20:24:00,20156.0,20158.0,20151.0,20158.0,228
TMF,202505,2025-04-30 20:25:00,20158.0,20162.0,20157.0,20162.0,152
TMF,202505,2025-04-30 20:26:00,20160.0,20162.0,20153.0,20153.0,151
TMF,202505,2025-04-30 20:27:00,20153.0,20164.0,20152.0,20164.0,100
TMF,202505,2025-04-30 20:28:00,20162.0,20163.0,20159.0,20161.0,63
TMF,202505,2025-04-30 20:29:00,20160.0,20165.0,20159.0,20164.0,114
TMF,202505,2025-04-30 20:30:00,20164.0,20179.0,20158.0,20172.0,493
TMF,202505,2025-04-30 20:31:00,20173.0,20175.0,20149.0,20149.0,433
TMF,202505,2025-04-30 20:32:00,20149.0,20150.0,20131.0,20142.0,647
TMF,202505,2025-04-30 20:33:00,20140.0,20148.0,20136.0,20146.0,187
TMF,202505,2025-04-30 20:34:00,20147.0,20153.0,20140.0,20152.0,219
TMF,202505,2025-04-30 20:35:00,20151.0,20157.0,20147.0,20148.0,223
TMF,202505,2025-04-30 20:36:00,20150.0,20151.0,20120.0,20120.0,457
TMF,202505,2025-04-30 20:37:00,20120.0,20127.0,20117.0,20123.0,388
TMF,202505,2025-04-30 20:38:00,20123.0,20128.0,20120.0,20122.0,190
TMF,202505,2025-04-30 20:39:00,20120.0,20122.0,20113.0,20117.0,297
TMF,202505,2025-04-30 20:40:00,20116.0,20119.0,20106.0,20107.0,387
TMF,202505,2025-04-30 20:41:00,20107.0,20109.0,20073.0,20073.0,1450
TMF,202505,2025-04-30 20:42:00,20073.0,20088.0,20070.0,20083.0,645
TMF,202505,2025-04-30 20:43:00,20082.0,20090.0,20076.0,20087.0,401
TMF,202505,2025-04-30 20:44:00,20089.0,20089.0,20075.0,20075.0,373
TMF,202505,2025-04-30 20:45:00,20076.0,20076.0,20046.0,20055.0,1451
TMF,202505,2025-04-30 20:46:00,20055.0,20062.0,20037.0,20040.0,717
TMF,202505,2025-04-30 20:47:00,20040.0,20048.0,20024.0,20025.0,856
TMF,202505,2025-04-30 20:48:00,20024.0,20031.0,20007.0,20031.0,841
TMF,202505,2025-04-30 20:49:00,20031.0,20049.0,20027.0,20043.0,626
TMF,202505,2025-04-30 20:50:00,20044.0,20055.0,20038.0,20047.0,547
TMF,202505,2025-04-30 20:51:00,20046.0,20047.0,20024.0,20024.0,404
TMF,202505,2025-04-30 20:52:00,20025.0,20035.0,20021.0,20035.0,381
TMF,202505,2025-04-30 20:53:00,20033.0,20041.0,20028.0,20037.0,487
TMF,202505,2025-04-30 20:54:00,20038.0,20043.0,20035.0,20035.0,267
TMF,202505,2025-04-30 20:55:00,20034.0,20038.0,20030.0,20034.0,252
TMF,202505,2025-04-30 20:56:00,20035.0,20047.0,20033.0,20046.0,381
TMF,202505,2025-04-30 20:57:00,20043.0,20049.0,20038.0,20042.0,264
TMF,202505,2025-04-30 20:58:00,20044.0,20045.0,20032.0,20034.0,191
TMF,202505,2025-04-30 20:59:00,20034.0,20035.0,20022.0,20024.0,290
TMF,202505,2025-04-30 21:00:00,20024.0,20024.0,20003.0,20012.0,879
TMF,202505,2025-04-30 21:01:00,20010.0,20016.0,20008.0,20016.0,289
TMF,202505,2025-04-30 21:02:00,20016.0,20025.0,20012.0,20020.0,312
TMF,202505,2025-04-30 21:03:00,20020.0,20039.0,20020.0,20037.0,328
TMF,202505,2025-04-30 21:04:00,20037.0,20037.0,20023.0,20025.0,182
TMF,202505,2025-04-30 21:05:00,20026.0,20039.0,20024.0,20035.0,254
TMF,202505,2025-04-30 21:06:00,20033.0,20033.0,20001.0,20003.0,497
TMF,202505,2025-04-30 21:07:00,20002.0,20013.0,19995.0,20011.0,853
TMF,202505,2025-04-30 21:08:00,20012.0,20012.0,20000.0,20004.0,284
TMF,202505,2025-04-30 21:09:00,20002.0,20006.0,19998.0,19999.0,266
TMF,202505,2025-04-30 21:10:00,20001.0,20011.0,19999.0,20011.0,196
TMF,202505,2025-04-30 21:11:00,20011.0,20019.0,20006.0,20006.0,282
TMF,202505,2025-04-30 21:12:00,20007.0,20018.0,20000.0,20017.0,164
TMF,202505,2025-04-30 21:13:00,20016.0,20026.0,20000.0,20001.0,342
TMF,202505,2025-04-30 21:14:00,20001.0,20009.0,19990.0,19998.0,654
TMF,202505,2025-04-30 21:15:00,19998.0,20011.0,19994.0,20001.0,236
TMF,202505,2025-04-30 21:16:00,20000.0,20009.0,19997.0,19998.0,211
TMF,202505,2025-04-30 21:17:00,19999.0,20009.0,19999.0,20008.0,97
TMF,202505,2025-04-30 21:18:00,20008.0,20014.0,20000.0,20002.0,221
TMF,202505,2025-04-30 21:19:00,20002.0,20014.0,20002.0,20012.0,123
TMF,202505,2025-04-30 21:20:00,20011.0,20028.0,20010.0,20027.0,351
TMF,202505,2025-04-30 21:21:00,20029.0,20036.0,20024.0,20026.0,338
TMF,202505,2025-04-30 21:22:00,20026.0,20029.0,20022.0,20028.0,169
TMF,202505,2025-04-30 21:23:00,20027.0,20032.0,20025.0,20026.0,148
TMF,202505,2025-04-30 21:24:00,20026.0,20027.0,20018.0,20025.0,208
TMF,202505,2025-04-30 21:25:00,20025.0,20032.0,20025.0,20028.0,166
TMF,202505,2025-04-30 21:26:00,20028.0,20033.0,20027.0,20030.0,407
TMF,202505,2025-04-30 21:27:00,20030.0,20030.0,20018.0,20023.0,257
TMF,202505,2025-04-30 21:28:00,20022.0,20027.0,20020.0,20024.0,84
TMF,202505,2025-04-30 21:29:00,20024.0,20025.0,20017.0,20019.0,143
TMF,202505,2025-04-30 21:30:00,20017.0,20017.0,19991.0,19996.0,857
TMF,202505,2025-04-30 21:31:00,19995.0,20003.0,19971.0,19979.0,1243
TMF,202505,2025-04-30 21:32:00,19979.0,20000.0,19976.0,19999.0,470
TMF,202505,2025-04-30 21:33:00,19998.0,20010.0,19987.0,20008.0,484
TMF,202505,2025-04-30 21:34:00,20009.0,20029.0,20006.0,20022.0,498
TMF,202505,2025-04-30 21:35:00,20020.0,20026.0,20005.0,20007.0,433
TMF,202505,2025-04-30 21:36:00,20006.0,20014.0,19991.0,19998.0,430
TMF,202505,2025-04-30 21:37:00,19999.0,19999.0,19966.0,19981.0,859
TMF,202505,2025-04-30 21:38:00,19980.0,19991.0,19973.0,19977.0,509
TMF,202505,2025-04-30 21:39:00,19979.0,19979.0,19960.0,19961.0,597
TMF,202505,2025-04-30 21:40:00,19961.0,19974.0,19952.0,19959.0,821
TMF,202505,2025-04-30 21:41:00,19958.0,19960.0,19942.0,19952.0,852
TMF,202505,2025-04-30 21:42:00,19951.0,19955.0,19943.0,19945.0,323
TMF,202505,2025-04-30 21:43:00,19944.0,19955.0,19936.0,19951.0,648
TMF,202505,2025-04-30 21:44:00,19950.0,19976.0,19949.0,19969.0,592
TMF,202505,2025-04-30 21:45:00,19969.0,19972.0,19956.0,19971.0,365
TMF,202505,2025-04-30 21:46:00,19971.0,19974.0,19958.0,19961.0,350
TMF,202505,2025-04-30 21:47:00,19960.0,19978.0,19960.0,19975.0,287
TMF,202505,2025-04-30 21:48:00,19974.0,19995.0,19973.0,19988.0,694
TMF,202505,2025-04-30 21:49:00,19988.0,19994.0,19985.0,19992.0,336
TMF,202505,2025-04-30 21:50:00,19990.0,19993.0,19980.0,19988.0,270
TMF,202505,2025-04-30 21:51:00,19987.0,19987.0,19970.0,19973.0,357
TMF,202505,2025-04-30 21:52:00,19971.0,19980.0,19958.0,19964.0,398
TMF,202505,2025-04-30 21:53:00,19964.0,19970.0,19947.0,19951.0,496
TMF,202505,2025-04-30 21:54:00,19949.0,19963.0,19949.0,19961.0,253
TMF,202505,2025-04-30 21:55:00,19960.0,19975.0,19960.0,19968.0,276
TMF,202505,2025-04-30 21:56:00,19968.0,19968.0,19942.0,19943.0,461
TMF,202505,2025-04-30 21:57:00,19943.0,19945.0,19930.0,19940.0,609
TMF,202505,2025-04-30 21:58:00,19940.0,19942.0,19927.0,19929.0,439
TMF,202505,2025-04-30 21:59:00,19929.0,19949.0,19925.0,19946.0,440
TMF,202505,2025-04-30 22:00:00,19943.0,19977.0,19929.0,19975.0,695
TMF,202505,2025-04-30 22:01:00,19976.0,19994.0,19972.0,19991.0,848
TMF,202505,2025-04-30 22:02:00,19992.0,19998.0,19980.0,19988.0,468
TMF,202505,2025-04-30 22:03:00,19989.0,19989.0,19973.0,19980.0,301
TMF,202505,2025-04-30 22:04:00,19980.0,19997.0,19980.0,19995.0,418
TMF,202505,2025-04-30 22:05:00,19992.0,20006.0,19986.0,20002.0,723
TMF,202505,2025-04-30 22:06:00,20004.0,20005.0,19988.0,19997.0,428
TMF,202505,2025-04-30 22:07:00,19999.0,20000.0,19972.0,19979.0,365
TMF,202505,2025-04-30 22:08:00,19978.0,20001.0,19970.0,19999.0,349
TMF,202505,2025-04-30 22:09:00,20000.0,20020.0,19999.0,20013.0,605
TMF,202505,2025-04-30 22:10:00,20013.0,20015.0,19995.0,20006.0,317
TMF,202505,2025-04-30 22:11:00,20005.0,20007.0,19990.0,19995.0,261
TMF,202505,2025-04-30 22:12:00,19994.0,20000.0,19991.0,19994.0,297
TMF,202505,2025-04-30 22:13:00,19996.0,20006.0,19992.0,20004.0,185
TMF,202505,2025-04-30 22:14:00,20003.0,20015.0,20002.0,20012.0,282
TMF,202505,2025-04-30 22:15:00,20012.0,20015.0,20002.0,20013.0,272
TMF,202505,2025-04-30 22:16:00,20014.0,20014.0,20006.0,20010.0,293
TMF,202505,2025-04-30 22:17:00,20010.0,20012.0,20001.0,20002.0,159
TMF,202505,2025-04-30 22:18:00,20002.0,20011.0,20001.0,20007.0,134
TMF,202505,2025-04-30 22:19:00,20006.0,20018.0,20005.0,20018.0,239
TMF,202505,2025-04-30 22:20:00,20016.0,20020.0,20008.0,20014.0,292
TMF,202505,2025-04-30 22:21:00,20016.0,20020.0,20010.0,20013.0,207
TMF,202505,2025-04-30 22:22:00,20013.0,20014.0,20007.0,20007.0,151
TMF,202505,2025-04-30 22:23:00,20006.0,20021.0,20006.0,20020.0,233
TMF,202505,2025-04-30 22:24:00,20019.0,20035.0,20017.0,20033.0,537
TMF,202505,2025-04-30 22:25:00,20032.0,20034.0,20026.0,20034.0,349
TMF,202505,2025-04-30 22:26:00,20032.0,20043.0,20031.0,20041.0,509
TMF,202505,2025-04-30 22:27:00,20042.0,20042.0,20032.0,20038.0,251
TMF,202505,2025-04-30 22:28:00,20039.0,20042.0,20034.0,20040.0,190
TMF,202505,2025-04-30 22:29:00,20040.0,20054.0,20039.0,20045.0,710
TMF,202505,2025-04-30 22:30:00,20044.0,20050.0,20037.0,20050.0,349
TMF,202505,2025-04-30 22:31:00,20048.0,20059.0,20048.0,20053.0,562
TMF,202505,2025-04-30 22:32:00,20054.0,20056.0,20042.0,20044.0,302
TMF,202505,2025-04-30 22:33:00,20044.0,20051.0,20043.0,20044.0,286
TMF,202505,2025-04-30 22:34:00,20045.0,20045.0,20032.0,20032.0,329
TMF,202505,2025-04-30 22:35:00,20032.0,20033.0,20022.0,20025.0,387
TMF,202505,2025-04-30 22:36:00,20027.0,20029.0,20017.0,20018.0,322
TMF,202505,2025-04-30 22:37:00,20019.0,20025.0,20017.0,20020.0,198
TMF,202505,2025-04-30 22:38:00,20020.0,20021.0,20006.0,20020.0,381
TMF,202505,2025-04-30 22:39:00,20020.0,20029.0,20016.0,20023.0,185
TMF,202505,2025-04-30 22:40:00,20022.0,20024.0,20018.0,20020.0,126
TMF,202505,2025-04-30 22:41:00,20019.0,20019.0,20006.0,20010.0,258
TMF,202505,2025-04-30 22:42:00,20009.0,20021.0,20006.0,20021.0,169
TMF,202505,2025-04-30 22:43:00,20020.0,20042.0,20018.0,20042.0,306
TMF,202505,2025-04-30 22:44:00,20042.0,20050.0,20040.0,20044.0,370
TMF,202505,2025-04-30 22:45:00,20043.0,20046.0,20033.0,20046.0,230
TMF,202505,2025-04-30 22:46:00,20045.0,20045.0,20036.0,20037.0,121
TMF,202505,2025-04-30 22:47:00,20036.0,20039.0,20027.0,20032.0,179
TMF,202505,2025-04-30 22:48:00,20031.0,20045.0,20029.0,20033.0,113
TMF,202505,2025-04-30 22:49:00,20035.0,20036.0,20028.0,20034.0,95
TMF,202505,2025-04-30 22:50:00,20031.0,20035.0,20020.0,20020.0,195
TMF,202505,2025-04-30 22:51:00,20020.0,20025.0,20014.0,20017.0,165
TMF,202505,2025-04-30 22:52:00,20018.0,20040.0,20018.0,20040.0,148
TMF,202505,2025-04-30 22:53:00,20040.0,20046.0,20037.0,20042.0,220
TMF,202505,2025-04-30 22:54:00,20044.0,20050.0,20037.0,20037.0,177
TMF,202505,2025-04-30 22:55:00,20038.0,20043.0,20034.0,20038.0,123
TMF,202505,2025-04-30 22:56:00,20037.0,20041.0,20031.0,20041.0,92
TMF,202505,2025-04-30 22:57:00,20040.0,20059.0,20039.0,20056.0,399
TMF,202505,2025-04-30 22:58:00,20055.0,20067.0,20052.0,20059.0,614
TMF,202505,2025-04-30 22:59:00,20056.0,20059.0,20042.0,20046.0,228
TMF,202505,2025-04-30 23:00:00,20045.0,20071.0,20045.0,20068.0,393
TMF,202505,2025-04-30 23:01:00,20070.0,20071.0,20063.0,20068.0,296
TMF,202505,2025-04-30 23:02:00,20067.0,20074.0,20067.0,20072.0,286
TMF,202505,2025-04-30 23:03:00,20072.0,20074.0,20065.0,20065.0,200
TMF,202505,2025-04-30 23:04:00,20064.0,20072.0,20063.0,20072.0,177
TMF,202505,2025-04-30 23:05:00,20070.0,20072.0,20062.0,20067.0,153
TMF,202505,2025-04-30 23:06:00,20066.0,20067.0,20061.0,20066.0,123
TMF,202505,2025-04-30 23:07:00,20067.0,20080.0,20066.0,20070.0,394
TMF,202505,2025-04-30 23:08:00,20070.0,20073.0,20068.0,20072.0,102
TMF,202505,2025-04-30 23:09:00,20072.0,20080.0,20072.0,20076.0,166
TMF,202505,2025-04-30 23:10:00,20076.0,20079.0,20072.0,20074.0,155
TMF,202505,2025-04-30 23:11:00,20074.0,20079.0,20071.0,20074.0,174
TMF,202505,2025-04-30 23:12:00,20074.0,20087.0,20073.0,20082.0,304
TMF,202505,2025-04-30 23:13:00,20084.0,20089.0,20080.0,20089.0,302
TMF,202505,2025-04-30 23:14:00,20089.0,20091.0,20078.0,20079.0,300
TMF,202505,2025-04-30 23:15:00,20079.0,20081.0,20074.0,20077.0,157
TMF,202505,2025-04-30 23:16:00,20078.0,20081.0,20075.0,20080.0,87
TMF,202505,2025-04-30 23:17:00,20081.0,20085.0,20080.0,20081.0,152
TMF,202505,2025-04-30 23:18:00,20082.0,20087.0,20082.0,20084.0,127
TMF,202505,2025-04-30 23:19:00,20084.0,20084.0,20078.0,20078.0,117
TMF,202505,2025-04-30 23:20:00,20078.0,20082.0,20073.0,20079.0,206
TMF,202505,2025-04-30 23:21:00,20080.0,20096.0,20077.0,20095.0,392
TMF,202505,2025-04-30 23:22:00,20095.0,20104.0,20094.0,20104.0,692
TMF,202505,2025-04-30 23:23:00,20105.0,20110.0,20096.0,20096.0,528
TMF,202505,2025-04-30 23:24:00,20096.0,20100.0,20084.0,20085.0,356
TMF,202505,2025-04-30 23:25:00,20086.0,20087.0,20072.0,20076.0,328
TMF,202505,2025-04-30 23:26:00,20076.0,20077.0,20070.0,20072.0,248
TMF,202505,2025-04-30 23:27:00,20073.0,20077.0,20070.0,20076.0,190
TMF,202505,2025-04-30 23:28:00,20077.0,20095.0,20077.0,20093.0,222
TMF,202505,2025-04-30 23:29:00,20094.0,20094.0,20082.0,20086.0,136
TMF,202505,2025-04-30 23:30:00,20086.0,20090.0,20078.0,20085.0,138
TMF,202505,2025-04-30 23:31:00,20083.0,20084.0,20072.0,20080.0,163
TMF,202505,2025-04-30 23:32:00,20080.0,20084.0,20078.0,20080.0,95
TMF,202505,2025-04-30 23:33:00,20080.0,20083.0,20075.0,20082.0,89
TMF,202505,2025-04-30 23:34:00,20082.0,20092.0,20078.0,20086.0,108
TMF,202505,2025-04-30 23:35:00,20087.0,20092.0,20075.0,20081.0,97
TMF,202505,2025-04-30 23:36:00,20081.0,20093.0,20080.0,20085.0,108
TMF,202505,2025-04-30 23:37:00,20089.0,20089.0,20080.0,20080.0,72
TMF,202505,2025-04-30 23:38:00,20080.0,20080.0,20072.0,20079.0,129
TMF,202505,2025-04-30 23:39:00,20080.0,20082.0,20077.0,20080.0,67
TMF,202505,2025-04-30 23:40:00,20079.0,20085.0,20077.0,20077.0,104
TMF,202505,2025-04-30 23:41:00,20076.0,20084.0,20071.0,20071.0,140
TMF,202505,2025-04-30 23:42:00,20073.0,20080.0,20069.0,20070.0,179
TMF,202505,2025-04-30 23:43:00,20070.0,20080.0,20064.0,20080.0,222
TMF,202505,2025-04-30 23:44:00,20081.0,20100.0,20076.0,20100.0,444
TMF,202505,2025-04-30 23:45:00,20099.0,20101.0,20089.0,20098.0,282
TMF,202505,2025-04-30 23:46:00,20097.0,20100.0,20086.0,20095.0,131
TMF,202505,2025-04-30 23:47:00,20096.0,20096.0,20086.0,20094.0,90
TMF,202505,2025-04-30 23:48:00,20093.0,20094.0,20087.0,20090.0,69
TMF,202505,2025-04-30 23:49:00,20091.0,20093.0,20091.0,20092.0,32
TMF,202505,2025-04-30 23:50:00,20092.0,20098.0,20090.0,20094.0,106
TMF,202505,2025-04-30 23:51:00,20097.0,20097.0,20082.0,20083.0,141
TMF,202505,2025-04-30 23:52:00,20086.0,20092.0,20082.0,20082.0,65
TMF,202505,2025-04-30 23:53:00,20081.0,20081.0,20069.0,20073.0,204
TMF,202505,2025-04-30 23:54:00,20074.0,20082.0,20070.0,20079.0,98
TMF,202505,2025-04-30 23:55:00,20080.0,20087.0,20075.0,20087.0,103
TMF,202505,2025-04-30 23:56:00,20087.0,20095.0,20086.0,20087.0,181
TMF,202505,2025-04-30 23:57:00,20089.0,20092.0,20073.0,20073.0,141
TMF,202505,2025-04-30 23:58:00,20073.0,20090.0,20069.0,20090.0,177
TMF,202505,2025-04-30 23:59:00,20090.0,20090.0,20081.0,20087.0,52
TMF,202505,2025-05-01 00:00:00,20088.0,20097.0,20085.0,20088.0,158
TMF,202505,2025-05-01 00:01:00,20087.0,20091.0,20082.0,20082.0,128
TMF,202505,2025-05-01 00:02:00,20081.0,20086.0,20077.0,20082.0,101
TMF,202505,2025-05-01 00:03:00,20082.0,20086.0,20081.0,20083.0,48
TMF,202505,2025-05-01 00:04:00,20084.0,20088.0,20082.0,20088.0,56
TMF,202505,2025-05-01 00:05:00,20090.0,20105.0,20089.0,20105.0,401
TMF,202505,2025-05-01 00:06:00,20104.0,20123.0,20103.0,20122.0,565
TMF,202505,2025-05-01 00:07:00,20123.0,20123.0,20110.0,20115.0,284
TMF,202505,2025-05-01 00:08:00,20116.0,20118.0,20107.0,20112.0,165
TMF,202505,2025-05-01 00:09:00,20113.0,20114.0,20107.0,20109.0,94
TMF,202505,2025-05-01 00:10:00,20108.0,20108.0,20088.0,20090.0,315
TMF,202505,2025-05-01 00:11:00,20090.0,20098.0,20088.0,20098.0,99
TMF,202505,2025-05-01 00:12:00,20097.0,20108.0,20092.0,20105.0,129
TMF,202505,2025-05-01 00:13:00,20103.0,20105.0,20092.0,20092.0,65
TMF,202505,2025-05-01 00:14:00,20092.0,20096.0,20092.0,20095.0,63
TMF,202505,2025-05-01 00:15:00,20094.0,20097.0,20086.0,20087.0,98
TMF,202505,2025-05-01 00:16:00,20086.0,20086.0,20075.0,20076.0,205
TMF,202505,2025-05-01 00:17:00,20076.0,20089.0,20076.0,20082.0,144
TMF,202505,2025-05-01 00:18:00,20081.0,20088.0,20079.0,20082.0,85
TMF,202505,2025-05-01 00:19:00,20082.0,20084.0,20076.0,20077.0,134
TMF,202505,2025-05-01 00:20:00,20078.0,20082.0,20078.0,20080.0,64
TMF,202505,2025-05-01 00:21:00,20080.0,20085.0,20075.0,20076.0,102
TMF,202505,2025-05-01 00:22:00,20075.0,20076.0,20060.0,20064.0,457
TMF,202505,2025-05-01 00:23:00,20063.0,20065.0,20056.0,20056.0,223
TMF,202505,2025-05-01 00:24:00,20058.0,20062.0,20054.0,20055.0,229
TMF,202505,2025-05-01 00:25:00,20054.0,20060.0,20050.0,20054.0,311
TMF,202505,2025-05-01 00:26:00,20054.0,20061.0,20045.0,20061.0,341
TMF,202505,2025-05-01 00:27:00,20061.0,20062.0,20052.0,20056.0,121
TMF,202505,2025-05-01 00:28:00,20056.0,20056.0,20048.0,20051.0,139
TMF,202505,2025-05-01 00:29:00,20050.0,20054.0,20049.0,20050.0,83
TMF,202505,2025-05-01 00:30:00,20050.0,20054.0,20045.0,20046.0,110
TMF,202505,2025-05-01 00:31:00,20045.0,20054.0,20043.0,20049.0,169
TMF,202505,2025-05-01 00:32:00,20050.0,20053.0,20045.0,20049.0,106
TMF,202505,2025-05-01 00:33:00,20049.0,20054.0,20046.0,20054.0,98
TMF,202505,2025-05-01 00:34:00,20054.0,20055.0,20048.0,20048.0,123
TMF,202505,2025-05-01 00:35:00,20048.0,20053.0,20047.0,20053.0,66
TMF,202505,2025-05-01 00:36:00,20053.0,20062.0,20045.0,20062.0,124
TMF,202505,2025-05-01 00:37:00,20060.0,20074.0,20059.0,20073.0,273
TMF,202505,2025-05-01 00:38:00,20074.0,20078.0,20068.0,20075.0,165
TMF,202505,2025-05-01 00:39:00,20072.0,20080.0,20070.0,20080.0,125
TMF,202505,2025-05-01 00:40:00,20078.0,20083.0,20076.0,20076.0,133
TMF,202505,2025-05-01 00:41:00,20079.0,20083.0,20077.0,20082.0,64
TMF,202505,2025-05-01 00:42:00,20080.0,20084.0,20080.0,20080.0,70
TMF,202505,2025-05-01 00:43:00,20082.0,20083.0,20072.0,20075.0,74
TMF,202505,2025-05-01 00:44:00,20075.0,20078.0,20073.0,20073.0,26
TMF,202505,2025-05-01 00:45:00,20074.0,20076.0,20068.0,20075.0,106
TMF,202505,2025-05-01 00:46:00,20076.0,20076.0,20072.0,20073.0,31
TMF,202505,2025-05-01 00:47:00,20074.0,20075.0,20068.0,20073.0,44
TMF,202505,2025-05-01 00:48:00,20072.0,20072.0,20066.0,20069.0,66
TMF,202505,2025-05-01 00:49:00,20069.0,20075.0,20069.0,20072.0,53
TMF,202505,2025-05-01 00:50:00,20071.0,20078.0,20071.0,20078.0,62
TMF,202505,2025-05-01 00:51:00,20079.0,20081.0,20070.0,20081.0,66
TMF,202505,2025-05-01 00:52:00,20081.0,20084.0,20077.0,20077.0,62
TMF,202505,2025-05-01 00:53:00,20077.0,20085.0,20076.0,20080.0,59
TMF,202505,2025-05-01 00:54:00,20081.0,20085.0,20080.0,20084.0,35
TMF,202505,2025-05-01 00:55:00,20084.0,20087.0,20082.0,20084.0,82
TMF,202505,2025-05-01 00:56:00,20085.0,20085.0,20081.0,20084.0,47
TMF,202505,2025-05-01 00:57:00,20083.0,20083.0,20069.0,20075.0,97
TMF,202505,2025-05-01 00:58:00,20074.0,20078.0,20072.0,20074.0,33
TMF,202505,2025-05-01 00:59:00,20073.0,20079.0,20069.0,20079.0,35
TMF,202505,2025-05-01 01:00:00,20079.0,20089.0,20078.0,20085.0,119
TMF,202505,2025-05-01 01:01:00,20086.0,20087.0,20083.0,20085.0,31
TMF,202505,2025-05-01 01:02:00,20086.0,20087.0,20083.0,20083.0,61
TMF,202505,2025-05-01 01:03:00,20083.0,20086.0,20078.0,20078.0,46
TMF,202505,2025-05-01 01:04:00,20077.0,20078.0,20072.0,20077.0,42
TMF,202505,2025-05-01 01:05:00,20077.0,20077.0,20064.0,20064.0,74
TMF,202505,2025-05-01 01:06:00,20064.0,20068.0,20057.0,20059.0,116
TMF,202505,2025-05-01 01:07:00,20059.0,20065.0,20056.0,20063.0,77
TMF,202505,2025-05-01 01:08:00,20064.0,20064.0,20050.0,20052.0,119
TMF,202505,2025-05-01 01:09:00,20054.0,20055.0,20050.0,20052.0,67
TMF,202505,2025-05-01 01:10:00,20052.0,20052.0,20033.0,20036.0,460
TMF,202505,2025-05-01 01:11:00,20035.0,20041.0,20032.0,20041.0,162
TMF,202505,2025-05-01 01:12:00,20040.0,20042.0,20021.0,20025.0,449
TMF,202505,2025-05-01 01:13:00,20026.0,20026.0,20017.0,20025.0,484
TMF,202505,2025-05-01 01:14:00,20024.0,20035.0,20019.0,20035.0,234
TMF,202505,2025-05-01 01:15:00,20036.0,20045.0,20035.0,20045.0,123
TMF,202505,2025-05-01 01:16:00,20045.0,20047.0,20033.0,20035.0,123
TMF,202505,2025-05-01 01:17:00,20035.0,20045.0,20034.0,20045.0,72
TMF,202505,2025-05-01 01:18:00,20045.0,20050.0,20041.0,20048.0,72
TMF,202505,2025-05-01 01:19:00,20048.0,20058.0,20048.0,20050.0,117
TMF,202505,2025-05-01 01:20:00,20050.0,20055.0,20049.0,20054.0,46
TMF,202505,2025-05-01 01:21:00,20054.0,20058.0,20053.0,20058.0,48
TMF,202505,2025-05-01 01:22:00,20056.0,20058.0,20054.0,20056.0,29
TMF,202505,2025-05-01 01:23:00,20056.0,20062.0,20056.0,20060.0,65
TMF,202505,2025-05-01 01:24:00,20061.0,20065.0,20060.0,20062.0,67
TMF,202505,2025-05-01 01:25:00,20062.0,20067.0,20062.0,20067.0,48
TMF,202505,2025-05-01 01:26:00,20067.0,20082.0,20067.0,20081.0,163
TMF,202505,2025-05-01 01:27:00,20081.0,20082.0,20076.0,20082.0,124
TMF,202505,2025-05-01 01:28:00,20082.0,20088.0,20080.0,20088.0,118
TMF,202505,2025-05-01 01:29:00,20089.0,20092.0,20087.0,20090.0,151
TMF,202505,2025-05-01 01:30:00,20089.0,20091.0,20083.0,20083.0,120
TMF,202505,2025-05-01 01:31:00,20084.0,20091.0,20084.0,20088.0,87
TMF,202505,2025-05-01 01:32:00,20090.0,20095.0,20088.0,20093.0,81
TMF,202505,2025-05-01 01:33:00,20094.0,20094.0,20085.0,20087.0,57
TMF,202505,2025-05-01 01:34:00,20087.0,20103.0,20087.0,20103.0,180
TMF,202505,2025-05-01 01:35:00,20102.0,20110.0,20100.0,20110.0,182
TMF,202505,2025-05-01 01:36:00,20109.0,20115.0,20109.0,20115.0,178
TMF,202505,2025-05-01 01:37:00,20115.0,20117.0,20112.0,20112.0,117
TMF,202505,2025-05-01 01:38:00,20113.0,20124.0,20113.0,20121.0,256
TMF,202505,2025-05-01 01:39:00,20122.0,20123.0,20108.0,20108.0,174
TMF,202505,2025-05-01 01:40:00,20107.0,20111.0,20104.0,20109.0,128
TMF,202505,2025-05-01 01:41:00,20107.0,20120.0,20107.0,20115.0,99
TMF,202505,2025-05-01 01:42:00,20113.0,20121.0,20113.0,20121.0,50
TMF,202505,2025-05-01 01:43:00,20121.0,20132.0,20118.0,20128.0,267
TMF,202505,2025-05-01 01:44:00,20128.0,20143.0,20128.0,20143.0,409
TMF,202505,2025-05-01 01:45:00,20142.0,20143.0,20129.0,20135.0,220
TMF,202505,2025-05-01 01:46:00,20138.0,20141.0,20131.0,20135.0,102
TMF,202505,2025-05-01 01:47:00,20133.0,20140.0,20132.0,20138.0,58
TMF,202505,2025-05-01 01:48:00,20136.0,20136.0,20132.0,20132.0,62
TMF,202505,2025-05-01 01:49:00,20133.0,20138.0,20131.0,20137.0,60
TMF,202505,2025-05-01 01:50:00,20138.0,20143.0,20135.0,20140.0,102
TMF,202505,2025-05-01 01:51:00,20141.0,20142.0,20139.0,20141.0,66
TMF,202505,2025-05-01 01:52:00,20142.0,20142.0,20138.0,20138.0,30
TMF,202505,2025-05-01 01:53:00,20138.0,20139.0,20134.0,20137.0,48
TMF,202505,2025-05-01 01:54:00,20137.0,20143.0,20132.0,20143.0,188
TMF,202505,2025-05-01 01:55:00,20143.0,20158.0,20135.0,20151.0,788
TMF,202505,2025-05-01 01:56:00,20152.0,20156.0,20140.0,20140.0,149
TMF,202505,2025-05-01 01:57:00,20140.0,20154.0,20140.0,20151.0,102
TMF,202505,2025-05-01 01:58:00,20151.0,20157.0,20148.0,20151.0,115
TMF,202505,2025-05-01 01:59:00,20152.0,20152.0,20143.0,20144.0,53
TMF,202505,2025-05-01 02:00:00,20147.0,20150.0,20132.0,20135.0,186
TMF,202505,2025-05-01 02:01:00,20135.0,20135.0,20127.0,20127.0,123
TMF,202505,2025-05-01 02:02:00,20127.0,20134.0,20125.0,20134.0,91
TMF,202505,2025-05-01 02:03:00,20134.0,20145.0,20132.0,20137.0,143
TMF,202505,2025-05-01 02:04:00,20135.0,20138.0,20130.0,20137.0,57
TMF,202505,2025-05-01 02:05:00,20137.0,20140.0,20133.0,20136.0,45
TMF,202505,2025-05-01 02:06:00,20134.0,20134.0,20128.0,20133.0,55
TMF,202505,2025-05-01 02:07:00,20132.0,20214.0,20131.0,20174.0,1855
TMF,202505,2025-05-01 02:08:00,20174.0,20178.0,20162.0,20171.0,236
TMF,202505,2025-05-01 02:09:00,20170.0,20183.0,20160.0,20169.0,220
TMF,202505,2025-05-01 02:10:00,20165.0,20186.0,20164.0,20186.0,226
TMF,202505,2025-05-01 02:11:00,20187.0,20206.0,20185.0,20200.0,329
TMF,202505,2025-05-01 02:12:00,20202.0,20212.0,20196.0,20200.0,256
TMF,202505,2025-05-01 02:13:00,20200.0,20204.0,20187.0,20191.0,122
TMF,202505,2025-05-01 02:14:00,20189.0,20198.0,20181.0,20194.0,119
TMF,202505,2025-05-01 02:15:00,20194.0,20209.0,20189.0,20209.0,121
TMF,202505,2025-05-01 02:16:00,20209.0,20212.0,20200.0,20202.0,322
TMF,202505,2025-05-01 02:17:00,20201.0,20212.0,20199.0,20205.0,151
TMF,202505,2025-05-01 02:18:00,20204.0,20207.0,20200.0,20203.0,190
TMF,202505,2025-05-01 02:19:00,20201.0,20203.0,20193.0,20200.0,228
TMF,202505,2025-05-01 02:20:00,20203.0,20212.0,20200.0,20204.0,108
TMF,202505,2025-05-01 02:21:00,20204.0,20204.0,20188.0,20194.0,95
TMF,202505,2025-05-01 02:22:00,20195.0,20203.0,20187.0,20197.0,96
TMF,202505,2025-05-01 02:23:00,20197.0,20199.0,20192.0,20198.0,49
TMF,202505,2025-05-01 02:24:00,20196.0,20200.0,20196.0,20199.0,31
TMF,202505,2025-05-01 02:25:00,20198.0,20199.0,20187.0,20189.0,90
TMF,202505,2025-05-01 02:26:00,20190.0,20200.0,20189.0,20199.0,60
TMF,202505,2025-05-01 02:27:00,20200.0,20200.0,20188.0,20193.0,63
TMF,202505,2025-05-01 02:28:00,20194.0,20194.0,20178.0,20181.0,146
TMF,202505,2025-05-01 02:29:00,20183.0,20186.0,20153.0,20172.0,380
TMF,202505,2025-05-01 02:30:00,20170.0,20170.0,20156.0,20161.0,129
TMF,202505,2025-05-01 02:31:00,20163.0,20170.0,20153.0,20170.0,152
TMF,202505,2025-05-01 02:32:00,20169.0,20177.0,20168.0,20175.0,112
TMF,202505,2025-05-01 02:33:00,20178.0,20178.0,20169.0,20170.0,56
TMF,202505,2025-05-01 02:34:00,20173.0,20174.0,20168.0,20168.0,19
TMF,202505,2025-05-01 02:35:00,20167.0,20168.0,20152.0,20153.0,71
TMF,202505,2025-05-01 02:36:00,20153.0,20156.0,20143.0,20146.0,217
TMF,202505,2025-05-01 02:37:00,20148.0,20152.0,20141.0,20152.0,132
TMF,202505,2025-05-01 02:38:00,20153.0,20155.0,20137.0,20140.0,120
TMF,202505,2025-05-01 02:39:00,20140.0,20145.0,20139.0,20140.0,64
TMF,202505,2025-05-01 02:40:00,20140.0,20150.0,20138.0,20146.0,75
TMF,202505,2025-05-01 02:41:00,20146.0,20147.0,20138.0,20144.0,47
TMF,202505,2025-05-01 02:42:00,20143.0,20155.0,20140.0,20155.0,43
TMF,202505,2025-05-01 02:43:00,20155.0,20159.0,20149.0,20154.0,83
TMF,202505,2025-05-01 02:44:00,20152.0,20158.0,20148.0,20149.0,46
TMF,202505,2025-05-01 02:45:00,20152.0,20165.0,20147.0,20164.0,56
TMF,202505,2025-05-01 02:46:00,20165.0,20169.0,20158.0,20169.0,55
TMF,202505,2025-05-01 02:47:00,20169.0,20175.0,20166.0,20173.0,86
TMF,202505,2025-05-01 02:48:00,20170.0,20176.0,20170.0,20173.0,51
TMF,202505,2025-05-01 02:49:00,20173.0,20187.0,20173.0,20179.0,101
TMF,202505,2025-05-01 02:50:00,20181.0,20188.0,20179.0,20188.0,64
TMF,202505,2025-05-01 02:51:00,20187.0,20188.0,20178.0,20180.0,64
TMF,202505,2025-05-01 02:52:00,20180.0,20180.0,20176.0,20178.0,47
TMF,202505,2025-05-01 02:53:00,20177.0,20179.0,20171.0,20175.0,44
TMF,202505,2025-05-01 02:54:00,20177.0,20177.0,20172.0,20174.0,21
TMF,202505,2025-05-01 02:55:00,20173.0,20184.0,20173.0,20181.0,43
TMF,202505,2025-05-01 02:56:00,20181.0,20181.0,20171.0,20171.0,49
TMF,202505,2025-05-01 02:57:00,20171.0,20171.0,20164.0,20169.0,57
TMF,202505,2025-05-01 02:58:00,20167.0,20170.0,20164.0,20164.0,33
TMF,202505,2025-05-01 02:59:00,20164.0,20168.0,20163.0,20165.0,27
TMF,202505,2025-05-01 03:00:00,20164.0,20176.0,20164.0,20174.0,78
TMF,202505,2025-05-01 03:01:00,20176.0,20181.0,20175.0,20176.0,35
TMF,202505,2025-05-01 03:02:00,20173.0,20178.0,20171.0,20178.0,16
TMF,202505,2025-05-01 03:03:00,20179.0,20182.0,20175.0,20176.0,35
TMF,202505,2025-05-01 03:04:00,20178.0,20180.0,20175.0,20180.0,18
TMF,202505,2025-05-01 03:05:00,20179.0,20181.0,20176.0,20178.0,35
TMF,202505,2025-05-01 03:06:00,20178.0,20179.0,20174.0,20179.0,10
TMF,202505,2025-05-01 03:07:00,20173.0,20175.0,20170.0,20170.0,13
TMF,202505,2025-05-01 03:08:00,20170.0,20176.0,20170.0,20176.0,24
TMF,202505,2025-05-01 03:09:00,20174.0,20174.0,20172.0,20172.0,11
TMF,202505,2025-05-01 03:10:00,20171.0,20171.0,20168.0,20169.0,32
TMF,202505,2025-05-01 03:11:00,20170.0,20180.0,20170.0,20180.0,28
TMF,202505,2025-05-01 03:12:00,20180.0,20187.0,20180.0,20183.0,99
TMF,202505,2025-05-01 03:13:00,20183.0,20186.0,20182.0,20185.0,26
TMF,202505,2025-05-01 03:14:00,20184.0,20186.0,20184.0,20184.0,20
TMF,202505,2025-05-01 03:15:00,20185.0,20185.0,20179.0,20179.0,31
TMF,202505,2025-05-01 03:16:00,20179.0,20183.0,20179.0,20179.0,7
TMF,202505,2025-05-01 03:17:00,20179.0,20179.0,20173.0,20174.0,26
TMF,202505,2025-05-01 03:18:00,20173.0,20175.0,20171.0,20174.0,19
TMF,202505,2025-05-01 03:19:00,20177.0,20177.0,20167.0,20167.0,26
TMF,202505,2025-05-01 03:20:00,20167.0,20173.0,20164.0,20173.0,35
TMF,202505,2025-05-01 03:21:00,20174.0,20178.0,20172.0,20178.0,25
TMF,202505,2025-05-01 03:22:00,20179.0,20180.0,20171.0,20171.0,24
TMF,202505,2025-05-01 03:23:00,20168.0,20171.0,20165.0,20167.0,22
TMF,202505,2025-05-01 03:24:00,20166.0,20169.0,20164.0,20167.0,26
TMF,202505,2025-05-01 03:25:00,20164.0,20164.0,20150.0,20151.0,89
TMF,202505,2025-05-01 03:26:00,20151.0,20154.0,20147.0,20147.0,68
TMF,202505,2025-05-01 03:27:00,20146.0,20152.0,20143.0,20152.0,68
TMF,202505,2025-05-01 03:28:00,20153.0,20160.0,20148.0,20160.0,26
TMF,202505,2025-05-01 03:29:00,20161.0,20163.0,20149.0,20149.0,35
TMF,202505,2025-05-01 03:30:00,20151.0,20153.0,20146.0,20149.0,40
TMF,202505,2025-05-01 03:31:00,20153.0,20153.0,20148.0,20150.0,11
TMF,202505,2025-05-01 03:32:00,20151.0,20155.0,20150.0,20154.0,22
TMF,202505,2025-05-01 03:33:00,20154.0,20156.0,20148.0,20151.0,23
TMF,202505,2025-05-01 03:34:00,20151.0,20152.0,20145.0,20152.0,77
TMF,202505,2025-05-01 03:35:00,20151.0,20154.0,20150.0,20150.0,26
TMF,202505,2025-05-01 03:36:00,20152.0,20155.0,20147.0,20155.0,28
TMF,202505,2025-05-01 03:37:00,20155.0,20165.0,20155.0,20165.0,63
TMF,202505,2025-05-01 03:38:00,20166.0,20170.0,20166.0,20170.0,34
TMF,202505,2025-05-01 03:39:00,20169.0,20170.0,20155.0,20157.0,27
TMF,202505,2025-05-01 03:40:00,20158.0,20164.0,20155.0,20164.0,21
TMF,202505,2025-05-01 03:41:00,20162.0,20168.0,20160.0,20168.0,44
TMF,202505,2025-05-01 03:42:00,20168.0,20175.0,20168.0,20175.0,38
TMF,202505,2025-05-01 03:43:00,20175.0,20178.0,20173.0,20176.0,36
TMF,202505,2025-05-01 03:44:00,20178.0,20181.0,20174.0,20179.0,61
TMF,202505,2025-05-01 03:45:00,20179.0,20186.0,20177.0,20183.0,71
TMF,202505,2025-05-01 03:46:00,20185.0,20190.0,20185.0,20188.0,77
TMF,202505,2025-05-01 03:47:00,20186.0,20196.0,20186.0,20195.0,83
TMF,202505,2025-05-01 03:48:00,20195.0,20202.0,20194.0,20201.0,131
TMF,202505,2025-05-01 03:49:00,20201.0,20202.0,20198.0,20198.0,46
TMF,202505,2025-05-01 03:50:00,20197.0,20234.0,20196.0,20234.0,665
TMF,202505,2025-05-01 03:51:00,20232.0,20240.0,20226.0,20238.0,196
TMF,202505,2025-05-01 03:52:00,20238.0,20244.0,20232.0,20240.0,174
TMF,202505,2025-05-01 03:53:00,20242.0,20249.0,20230.0,20230.0,150
TMF,202505,2025-05-01 03:54:00,20233.0,20240.0,20228.0,20237.0,126
TMF,202505,2025-05-01 03:55:00,20232.0,20249.0,20231.0,20247.0,117
TMF,202505,2025-05-01 03:56:00,20249.0,20276.0,20247.0,20253.0,988
TMF,202505,2025-05-01 03:57:00,20254.0,20263.0,20251.0,20251.0,153
TMF,202505,2025-05-01 03:58:00,20253.0,20258.0,20251.0,20255.0,74
TMF,202505,2025-05-01 03:59:00,20253.0,20259.0,20228.0,20232.0,125
TMF,202505,2025-05-01 04:00:00,20231.0,20240.0,20199.0,20220.0,387
TMF,202505,2025-05-01 04:01:00,20220.0,20263.0,20220.0,20255.0,232
TMF,202505,2025-05-01 04:02:00,20257.0,20260.0,20234.0,20246.0,89
TMF,202505,2025-05-01 04:03:00,20243.0,20247.0,20233.0,20244.0,77
TMF,202505,2025-05-01 04:04:00,20244.0,20251.0,20242.0,20246.0,51
TMF,202505,2025-05-01 04:05:00,20247.0,20271.0,20247.0,20270.0,232
TMF,202505,2025-05-01 04:06:00,20270.0,20293.0,20268.0,20279.0,524
TMF,202505,2025-05-01 04:07:00,20282.0,20283.0,20270.0,20274.0,92
TMF,202505,2025-05-01 04:08:00,20279.0,20288.0,20279.0,20286.0,112
TMF,202505,2025-05-01 04:09:00,20287.0,20294.0,20275.0,20275.0,177
TMF,202505,2025-05-01 04:10:00,20277.0,20289.0,20274.0,20285.0,78
TMF,202505,2025-05-01 04:11:00,20288.0,20289.0,20285.0,20289.0,20
TMF,202505,2025-05-01 04:12:00,20290.0,20303.0,20289.0,20299.0,480
TMF,202505,2025-05-01 04:13:00,20299.0,20305.0,20292.0,20302.0,168
TMF,202505,2025-05-01 04:14:00,20302.0,20309.0,20289.0,20291.0,107
TMF,202505,2025-05-01 04:15:00,20295.0,20302.0,20294.0,20298.0,93
TMF,202505,2025-05-01 04:16:00,20299.0,20302.0,20292.0,20292.0,52
TMF,202505,2025-05-01 04:17:00,20294.0,20295.0,20290.0,20293.0,44
TMF,202505,2025-05-01 04:18:00,20291.0,20296.0,20290.0,20296.0,40
TMF,202505,2025-05-01 04:19:00,20296.0,20312.0,20294.0,20312.0,117
TMF,202505,2025-05-01 04:20:00,20312.0,20312.0,20299.0,20312.0,100
TMF,202505,2025-05-01 04:21:00,20313.0,20321.0,20313.0,20321.0,175
TMF,202505,2025-05-01 04:22:00,20321.0,20329.0,20311.0,20329.0,170
TMF,202505,2025-05-01 04:23:00,20330.0,20332.0,20322.0,20327.0,92
TMF,202505,2025-05-01 04:24:00,20328.0,20338.0,20323.0,20338.0,192
TMF,202505,2025-05-01 04:25:00,20338.0,20338.0,20325.0,20332.0,128
TMF,202505,2025-05-01 04:26:00,20333.0,20335.0,20322.0,20326.0,78
TMF,202505,2025-05-01 04:27:00,20323.0,20332.0,20323.0,20329.0,79
TMF,202505,2025-05-01 04:28:00,20330.0,20335.0,20328.0,20335.0,57
TMF,202505,2025-05-01 04:29:00,20336.0,20340.0,20333.0,20333.0,65
TMF,202505,2025-05-01 04:30:00,20336.0,20339.0,20328.0,20330.0,82
TMF,202505,2025-05-01 04:31:00,20330.0,20337.0,20329.0,20336.0,38
TMF,202505,2025-05-01 04:32:00,20336.0,20344.0,20333.0,20342.0,91
TMF,202505,2025-05-01 04:33:00,20342.0,20349.0,20341.0,20345.0,101
TMF,202505,2025-05-01 04:34:00,20346.0,20348.0,20345.0,20346.0,37
TMF,202505,2025-05-01 04:35:00,20346.0,20347.0,20340.0,20345.0,77
TMF,202505,2025-05-01 04:36:00,20346.0,20354.0,20346.0,20347.0,179
TMF,202505,2025-05-01 04:37:00,20346.0,20349.0,20343.0,20345.0,40
TMF,202505,2025-05-01 04:38:00,20348.0,20350.0,20344.0,20350.0,44
TMF,202505,2025-05-01 04:39:00,20350.0,20358.0,20350.0,20357.0,94
TMF,202505,2025-05-01 04:40:00,20358.0,20360.0,20353.0,20353.0,128
TMF,202505,2025-05-01 04:41:00,20354.0,20355.0,20350.0,20351.0,46
TMF,202505,2025-05-01 04:42:00,20351.0,20356.0,20350.0,20355.0,43
TMF,202505,2025-05-01 04:43:00,20356.0,20356.0,20350.0,20355.0,77
TMF,202505,2025-05-01 04:44:00,20353.0,20357.0,20353.0,20353.0,54
TMF,202505,2025-05-01 04:45:00,20353.0,20354.0,20341.0,20344.0,102
TMF,202505,2025-05-01 04:46:00,20342.0,20354.0,20342.0,20353.0,73
TMF,202505,2025-05-01 04:47:00,20350.0,20353.0,20346.0,20352.0,51
TMF,202505,2025-05-01 04:48:00,20351.0,20352.0,20347.0,20347.0,37
TMF,202505,2025-05-01 04:49:00,20346.0,20358.0,20346.0,20356.0,98
TMF,202505,2025-05-01 04:50:00,20355.0,20360.0,20352.0,20360.0,70
TMF,202505,2025-05-01 04:51:00,20359.0,20373.0,20357.0,20373.0,218
TMF,202505,2025-05-01 04:52:00,20374.0,20393.0,20371.0,20391.0,310
TMF,202505,2025-05-01 04:53:00,20392.0,20398.0,20385.0,20397.0,150
TMF,202505,2025-05-01 04:54:00,20397.0,20407.0,20393.0,20407.0,286
TMF,202505,2025-05-01 04:55:00,20406.0,20406.0,20358.0,20396.0,152
TMF,202505,2025-05-01 04:56:00,20395.0,20406.0,20390.0,20402.0,130
TMF,202505,2025-05-01 04:57:00,20402.0,20409.0,20401.0,20406.0,116
TMF,202505,2025-05-01 04:58:00,20405.0,20412.0,20400.0,20410.0,141
TMF,202505,2025-05-01 04:59:00,20408.0,20426.0,20406.0,20415.0,293
TMF,202505/202506,2025-05-01 00:35:00,-83.0,-83.0,-83.0,-83.0,2
TMF,202505/202506,2025-05-01 01:18:00,-82.0,-82.0,-82.0,-82.0,4
TMF,202505/202506,2025-05-01 01:30:00,-82.0,-82.0,-82.0,-82.0,2
TMF,202505/202506,2025-05-01 02:26:00,-85.0,-85.0,-85.0,-85.0,2
TMF,202505/202507,2025-04-30 21:37:00,-316.0,-316.0,-316.0,-316.0,2
TMF,202505/202507,2025-04-30 21:41:00,-316.0,-316.0,-316.0,-316.0,4
TMF,202505/202507,2025-04-30 23:37:00,-320.0,-320.0,-320.0,-320.0,2
TMF,202506,2025-04-30 15:00:00,20091.0,20108.0,20091.0,20098.0,65
TMF,202506,2025-04-30 15:01:00,20098.0,20108.0,20098.0,20107.0,20
TMF,202506,2025-04-30 15:02:00,20107.0,20109.0,20103.0,20104.0,18
TMF,202506,2025-04-30 15:03:00,20103.0,20103.0,20100.0,20101.0,10
TMF,202506,2025-04-30 15:04:00,20098.0,20100.0,20098.0,20099.0,5
TMF,202506,2025-04-30 15:05:00,20094.0,20094.0,20090.0,20091.0,13
TMF,202506,2025-04-30 15:06:00,20094.0,20101.0,20092.0,20101.0,26
TMF,202506,2025-04-30 15:07:00,20101.0,20105.0,20101.0,20105.0,12
TMF,202506,2025-04-30 15:08:00,20106.0,20109.0,20105.0,20105.0,35
TMF,202506,2025-04-30 15:09:00,20109.0,20109.0,20104.0,20104.0,7
TMF,202506,2025-04-30 15:10:00,20105.0,20105.0,20105.0,20105.0,1
TMF,202506,2025-04-30 15:11:00,20105.0,20106.0,20100.0,20100.0,15
TMF,202506,2025-04-30 15:12:00,20098.0,20100.0,20097.0,20100.0,8
TMF,202506,2025-04-30 15:13:00,20103.0,20105.0,20103.0,20105.0,5
TMF,202506,2025-04-30 15:14:00,20105.0,20109.0,20105.0,20109.0,9
TMF,202506,2025-04-30 15:15:00,20108.0,20108.0,20103.0,20103.0,6
TMF,202506,2025-04-30 15:16:00,20100.0,20102.0,20098.0,20102.0,10
TMF,202506,2025-04-30 15:17:00,20105.0,20106.0,20105.0,20106.0,5
TMF,202506,2025-04-30 15:18:00,20103.0,20111.0,20103.0,20111.0,18
TMF,202506,2025-04-30 15:19:00,20113.0,20117.0,20112.0,20117.0,10
TMF,202506,2025-04-30 15:20:00,20117.0,20122.0,20113.0,20113.0,28
TMF,202506,2025-04-30 15:21:00,20115.0,20116.0,20109.0,20113.0,9
TMF,202506,2025-04-30 15:22:00,20110.0,20111.0,20109.0,20111.0,5
TMF,202506,2025-04-30 15:23:00,20114.0,20118.0,20114.0,20118.0,8
TMF,202506,2025-04-30 15:24:00,20120.0,20125.0,20120.0,20124.0,18
TMF,202506,2025-04-30 15:25:00,20123.0,20124.0,20122.0,20123.0,7
TMF,202506,2025-04-30 15:26:00,20121.0,20124.0,20120.0,20124.0,11
TMF,202506,2025-04-30 15:27:00,20124.0,20124.0,20124.0,20124.0,1
TMF,202506,2025-04-30 15:28:00,20124.0,20124.0,20117.0,20117.0,10
TMF,202506,2025-04-30 15:29:00,20116.0,20116.0,20116.0,20116.0,4
TMF,202506,2025-04-30 15:30:00,20119.0,20119.0,20110.0,20110.0,14
TMF,202506,2025-04-30 15:31:00,20110.0,20110.0,20106.0,20106.0,2
TMF,202506,2025-04-30 15:32:00,20110.0,20113.0,20108.0,20113.0,7
TMF,202506,2025-04-30 15:33:00,20113.0,20114.0,20104.0,20105.0,8
TMF,202506,2025-04-30 15:34:00,20105.0,20106.0,20105.0,20105.0,4
TMF,202506,2025-04-30 15:35:00,20110.0,20110.0,20105.0,20105.0,3
TMF,202506,2025-04-30 15:36:00,20102.0,20105.0,20102.0,20105.0,3
TMF,202506,2025-04-30 15:37:00,20107.0,20110.0,20107.0,20110.0,3
TMF,202506,2025-04-30 15:38:00,20110.0,20112.0,20110.0,20112.0,3
TMF,202506,2025-04-30 15:39:00,20112.0,20112.0,20107.0,20107.0,5
TMF,202506,2025-04-30 15:40:00,20104.0,20105.0,20104.0,20104.0,13
TMF,202506,2025-04-30 15:41:00,20105.0,20108.0,20105.0,20108.0,31
TMF,202506,2025-04-30 15:43:00,20107.0,20107.0,20107.0,20107.0,1
TMF,202506,2025-04-30 15:44:00,20104.0,20104.0,20104.0,20104.0,1
TMF,202506,2025-04-30 15:45:00,20104.0,20104.0,20103.0,20103.0,2
TMF,202506,2025-04-30 15:46:00,20102.0,20106.0,20101.0,20106.0,4
TMF,202506,2025-04-30 15:49:00,20114.0,20114.0,20114.0,20114.0,1
TMF,202506,2025-04-30 15:50:00,20113.0,20113.0,20106.0,20106.0,9
TMF,202506,2025-04-30 15:51:00,20106.0,20106.0,20106.0,20106.0,1
TMF,202506,2025-04-30 15:52:00,20108.0,20110.0,20108.0,20110.0,2
TMF,202506,2025-04-30 15:55:00,20113.0,20118.0,20113.0,20118.0,5
TMF,202506,2025-04-30 15:56:00,20119.0,20120.0,20119.0,20120.0,3
TMF,202506,2025-04-30 15:57:00,20120.0,20131.0,20120.0,20131.0,36
TMF,202506,2025-04-30 15:58:00,20128.0,20129.0,20125.0,20128.0,8
TMF,202506,2025-04-30 15:59:00,20128.0,20129.0,20125.0,20128.0,6
TMF,202506,2025-04-30 16:00:00,20123.0,20123.0,20114.0,20115.0,20
TMF,202506,2025-04-30 16:01:00,20116.0,20117.0,20116.0,20117.0,2
TMF,202506,2025-04-30 16:02:00,20114.0,20114.0,20110.0,20110.0,5
TMF,202506,2025-04-30 16:03:00,20106.0,20108.0,20105.0,20106.0,6
TMF,202506,2025-04-30 16:04:00,20105.0,20109.0,20105.0,20109.0,2
TMF,202506,2025-04-30 16:05:00,20109.0,20114.0,20109.0,20114.0,6
TMF,202506,2025-04-30 16:06:00,20115.0,20123.0,20115.0,20123.0,4
TMF,202506,2025-04-30 16:07:00,20122.0,20122.0,20122.0,20122.0,1
TMF,202506,2025-04-30 16:08:00,20120.0,20130.0,20120.0,20130.0,18
TMF,202506,2025-04-30 16:09:00,20128.0,20134.0,20128.0,20134.0,15
TMF,202506,2025-04-30 16:10:00,20134.0,20134.0,20132.0,20132.0,4
TMF,202506,2025-04-30 16:11:00,20131.0,20133.0,20131.0,20131.0,11
TMF,202506,2025-04-30 16:12:00,20131.0,20131.0,20125.0,20125.0,6
TMF,202506,2025-04-30 16:13:00,20127.0,20134.0,20127.0,20134.0,5
TMF,202506,2025-04-30 16:14:00,20134.0,20134.0,20131.0,20131.0,6
TMF,202506,2025-04-30 16:15:00,20135.0,20150.0,20135.0,20149.0,21
TMF,202506,2025-04-30 16:16:00,20147.0,20152.0,20147.0,20148.0,53
TMF,202506,2025-04-30 16:17:00,20148.0,20148.0,20145.0,20145.0,7
TMF,202506,2025-04-30 16:18:00,20146.0,20155.0,20146.0,20155.0,17
TMF,202506,2025-04-30 16:19:00,20155.0,20161.0,20155.0,20158.0,27
TMF,202506,2025-04-30 16:20:00,20157.0,20160.0,20156.0,20156.0,12
TMF,202506,2025-04-30 16:21:00,20156.0,20156.0,20149.0,20149.0,14
TMF,202506,2025-04-30 16:22:00,20150.0,20152.0,20150.0,20152.0,7
TMF,202506,2025-04-30 16:23:00,20150.0,20150.0,20143.0,20143.0,19
TMF,202506,2025-04-30 16:24:00,20143.0,20144.0,20140.0,20143.0,14
TMF,202506,2025-04-30 16:25:00,20142.0,20142.0,20138.0,20139.0,10
TMF,202506,2025-04-30 16:26:00,20139.0,20139.0,20136.0,20136.0,10
TMF,202506,2025-04-30 16:27:00,20137.0,20137.0,20128.0,20128.0,10
TMF,202506,2025-04-30 16:28:00,20129.0,20134.0,20129.0,20134.0,5
TMF,202506,2025-04-30 16:29:00,20135.0,20136.0,20135.0,20136.0,2
TMF,202506,2025-04-30 16:30:00,20136.0,20136.0,20126.0,20126.0,12
TMF,202506,2025-04-30 16:31:00,20128.0,20128.0,20125.0,20125.0,6
TMF,202506,2025-04-30 16:32:00,20124.0,20128.0,20124.0,20127.0,5
TMF,202506,2025-04-30 16:33:00,20122.0,20124.0,20122.0,20124.0,2
TMF,202506,2025-04-30 16:34:00,20125.0,20126.0,20124.0,20124.0,7
TMF,202506,2025-04-30 16:35:00,20127.0,20127.0,20124.0,20124.0,5
TMF,202506,2025-04-30 16:36:00,20124.0,20126.0,20124.0,20126.0,4
TMF,202506,2025-04-30 16:38:00,20126.0,20128.0,20126.0,20127.0,5
TMF,202506,2025-04-30 16:39:00,20130.0,20133.0,20130.0,20133.0,4
TMF,202506,2025-04-30 16:40:00,20132.0,20133.0,20132.0,20133.0,4
TMF,202506,2025-04-30 16:42:00,20135.0,20140.0,20131.0,20140.0,9
TMF,202506,2025-04-30 16:43:00,20140.0,20142.0,20140.0,20142.0,2
TMF,202506,2025-04-30 16:44:00,20144.0,20144.0,20144.0,20144.0,1
TMF,202506,2025-04-30 16:45:00,20146.0,20146.0,20144.0,20144.0,5
TMF,202506,2025-04-30 16:46:00,20140.0,20140.0,20138.0,20138.0,3
TMF,202506,2025-04-30 16:47:00,20138.0,20141.0,20138.0,20141.0,2
TMF,202506,2025-04-30 16:48:00,20141.0,20141.0,20141.0,20141.0,4
TMF,202506,2025-04-30 16:49:00,20138.0,20138.0,20138.0,20138.0,2
TMF,202506,2025-04-30 16:50:00,20141.0,20141.0,20140.0,20140.0,3
TMF,202506,2025-04-30 16:51:00,20145.0,20148.0,20145.0,20148.0,5
TMF,202506,2025-04-30 16:52:00,20150.0,20150.0,20146.0,20146.0,3
TMF,202506,2025-04-30 16:54:00,20146.0,20150.0,20146.0,20150.0,3
TMF,202506,2025-04-30 16:55:00,20150.0,20150.0,20143.0,20147.0,5
TMF,202506,2025-04-30 16:57:00,20143.0,20143.0,20143.0,20143.0,1
TMF,202506,2025-04-30 16:58:00,20138.0,20138.0,20138.0,20138.0,1
TMF,202506,2025-04-30 16:59:00,20136.0,20136.0,20136.0,20136.0,1
TMF,202506,2025-04-30 17:00:00,20140.0,20140.0,20140.0,20140.0,2
TMF,202506,2025-04-30 17:01:00,20140.0,20140.0,20140.0,20140.0,1
TMF,202506,2025-04-30 17:02:00,20143.0,20143.0,20143.0,20143.0,4
TMF,202506,2025-04-30 17:04:00,20143.0,20145.0,20142.0,20145.0,4
TMF,202506,2025-04-30 17:06:00,20147.0,20147.0,20147.0,20147.0,1
TMF,202506,2025-04-30 17:07:00,20148.0,20150.0,20148.0,20148.0,4
TMF,202506,2025-04-30 17:10:00,20148.0,20148.0,20146.0,20146.0,3
TMF,202506,2025-04-30 17:12:00,20146.0,20146.0,20142.0,20142.0,3
TMF,202506,2025-04-30 17:13:00,20146.0,20146.0,20146.0,20146.0,3
TMF,202506,2025-04-30 17:14:00,20142.0,20142.0,20140.0,20140.0,2
TMF,202506,2025-04-30 17:15:00,20141.0,20141.0,20140.0,20140.0,4
TMF,202506,2025-04-30 17:16:00,20139.0,20139.0,20139.0,20139.0,2
TMF,202506,2025-04-30 17:17:00,20138.0,20139.0,20137.0,20137.0,4
TMF,202506,2025-04-30 17:18:00,20140.0,20144.0,20140.0,20144.0,5
TMF,202506,2025-04-30 17:20:00,20150.0,20150.0,20150.0,20150.0,1
TMF,202506,2025-04-30 17:21:00,20149.0,20149.0,20148.0,20148.0,2
TMF,202506,2025-04-30 17:22:00,20147.0,20150.0,20147.0,20150.0,5
TMF,202506,2025-04-30 17:23:00,20150.0,20150.0,20145.0,20145.0,8
TMF,202506,2025-04-30 17:25:00,20145.0,20145.0,20145.0,20145.0,2
TMF,202506,2025-04-30 17:26:00,20148.0,20154.0,20148.0,20154.0,14
TMF,202506,2025-04-30 17:27:00,20152.0,20160.0,20151.0,20158.0,24
TMF,202506,2025-04-30 17:28:00,20158.0,20161.0,20158.0,20161.0,7
TMF,202506,2025-04-30 17:29:00,20157.0,20160.0,20156.0,20157.0,4
TMF,202506,2025-04-30 17:30:00,20159.0,20165.0,20159.0,20165.0,21
TMF,202506,2025-04-30 17:31:00,20166.0,20166.0,20158.0,20158.0,5
TMF,202506,2025-04-30 17:32:00,20159.0,20160.0,20158.0,20158.0,3
TMF,202506,2025-04-30 17:33:00,20158.0,20158.0,20155.0,20155.0,7
TMF,202506,2025-04-30 17:34:00,20154.0,20154.0,20154.0,20154.0,1
TMF,202506,2025-04-30 17:35:00,20154.0,20154.0,20154.0,20154.0,2
TMF,202506,2025-04-30 17:36:00,20155.0,20156.0,20155.0,20156.0,2
TMF,202506,2025-04-30 17:37:00,20158.0,20158.0,20158.0,20158.0,1
TMF,202506,2025-04-30 17:38:00,20160.0,20160.0,20160.0,20160.0,2
TMF,202506,2025-04-30 17:39:00,20160.0,20160.0,20160.0,20160.0,1
TMF,202506,2025-04-30 17:41:00,20159.0,20160.0,20158.0,20158.0,5
TMF,202506,2025-04-30 17:42:00,20160.0,20163.0,20160.0,20163.0,9
TMF,202506,2025-04-30 17:43:00,20163.0,20163.0,20157.0,20157.0,2
TMF,202506,2025-04-30 17:45:00,20156.0,20158.0,20156.0,20156.0,14
TMF,202506,2025-04-30 17:46:00,20156.0,20156.0,20154.0,20154.0,4
TMF,202506,2025-04-30 17:47:00,20152.0,20152.0,20150.0,20150.0,6
TMF,202506,2025-04-30 17:48:00,20150.0,20150.0,20150.0,20150.0,1
TMF,202506,2025-04-30 17:49:00,20152.0,20152.0,20152.0,20152.0,2
TMF,202506,2025-04-30 17:51:00,20153.0,20155.0,20153.0,20155.0,9
TMF,202506,2025-04-30 17:52:00,20155.0,20156.0,20155.0,20156.0,2
TMF,202506,2025-04-30 17:53:00,20156.0,20159.0,20156.0,20159.0,4
TMF,202506,2025-04-30 17:54:00,20160.0,20160.0,20160.0,20160.0,4
TMF,202506,2025-04-30 17:55:00,20158.0,20158.0,20158.0,20158.0,1
TMF,202506,2025-04-30 17:57:00,20158.0,20158.0,20158.0,20158.0,2
TMF,202506,2025-04-30 17:58:00,20155.0,20155.0,20152.0,20152.0,2
TMF,202506,2025-04-30 17:59:00,20156.0,20156.0,20156.0,20156.0,1
TMF,202506,2025-04-30 18:00:00,20156.0,20156.0,20156.0,20156.0,1
TMF,202506,2025-04-30 18:01:00,20155.0,20155.0,20155.0,20155.0,1
TMF,202506,2025-04-30 18:02:00,20155.0,20155.0,20153.0,20153.0,2
TMF,202506,2025-04-30 18:03:00,20155.0,20155.0,20151.0,20151.0,6
TMF,202506,2025-04-30 18:04:00,20151.0,20151.0,20151.0,20151.0,2
TMF,202506,2025-04-30 18:05:00,20151.0,20151.0,20151.0,20151.0,1
TMF,202506,2025-04-30 18:06:00,20151.0,20151.0,20151.0,20151.0,1
TMF,202506,2025-04-30 18:07:00,20151.0,20152.0,20151.0,20152.0,2
TMF,202506,2025-04-30 18:08:00,20154.0,20154.0,20154.0,20154.0,1
TMF,202506,2025-04-30 18:09:00,20153.0,20153.0,20153.0,20153.0,2
TMF,202506,2025-04-30 18:10:00,20155.0,20155.0,20155.0,20155.0,1
TMF,202506,2025-04-30 18:11:00,20155.0,20159.0,20155.0,20159.0,7
TMF,202506,2025-04-30 18:12:00,20160.0,20163.0,20159.0,20163.0,8
TMF,202506,2025-04-30 18:13:00,20162.0,20162.0,20162.0,20162.0,2
TMF,202506,2025-04-30 18:14:00,20162.0,20162.0,20161.0,20161.0,2
TMF,202506,2025-04-30 18:15:00,20158.0,20162.0,20158.0,20162.0,2
TMF,202506,2025-04-30 18:16:00,20164.0,20168.0,20164.0,20165.0,16
TMF,202506,2025-04-30 18:17:00,20165.0,20165.0,20164.0,20164.0,4
TMF,202506,2025-04-30 18:18:00,20162.0,20162.0,20156.0,20156.0,3
TMF,202506,2025-04-30 18:19:00,20158.0,20158.0,20158.0,20158.0,2
TMF,202506,2025-04-30 18:20:00,20158.0,20158.0,20156.0,20156.0,2
TMF,202506,2025-04-30 18:21:00,20159.0,20165.0,20159.0,20164.0,7
TMF,202506,2025-04-30 18:22:00,20165.0,20165.0,20160.0,20160.0,2
TMF,202506,2025-04-30 18:23:00,20157.0,20157.0,20157.0,20157.0,1
TMF,202506,2025-04-30 18:24:00,20157.0,20160.0,20157.0,20160.0,2
TMF,202506,2025-04-30 18:25:00,20160.0,20160.0,20159.0,20159.0,6
TMF,202506,2025-04-30 18:26:00,20159.0,20161.0,20158.0,20161.0,9
TMF,202506,2025-04-30 18:27:00,20163.0,20164.0,20163.0,20163.0,9
TMF,202506,2025-04-30 18:28:00,20162.0,20162.0,20162.0,20162.0,1
TMF,202506,2025-04-30 18:29:00,20163.0,20164.0,20163.0,20163.0,5
TMF,202506,2025-04-30 18:30:00,20162.0,20162.0,20143.0,20143.0,21
TMF,202506,2025-04-30 18:31:00,20142.0,20142.0,20130.0,20130.0,23
TMF,202506,2025-04-30 18:32:00,20130.0,20137.0,20130.0,20134.0,11
TMF,202506,2025-04-30 18:33:00,20132.0,20135.0,20131.0,20135.0,11
TMF,202506,2025-04-30 18:34:00,20140.0,20142.0,20135.0,20135.0,9
TMF,202506,2025-04-30 18:35:00,20136.0,20136.0,20136.0,20136.0,1
TMF,202506,2025-04-30 18:36:00,20135.0,20135.0,20135.0,20135.0,5
TMF,202506,2025-04-30 18:37:00,20136.0,20141.0,20135.0,20141.0,11
TMF,202506,2025-04-30 18:38:00,20141.0,20142.0,20140.0,20140.0,7
TMF,202506,2025-04-30 18:39:00,20140.0,20140.0,20135.0,20135.0,12
TMF,202506,2025-04-30 18:40:00,20133.0,20136.0,20130.0,20136.0,4
TMF,202506,2025-04-30 18:41:00,20133.0,20133.0,20133.0,20133.0,1
TMF,202506,2025-04-30 18:42:00,20133.0,20136.0,20132.0,20136.0,9
TMF,202506,2025-04-30 18:43:00,20137.0,20137.0,20126.0,20126.0,10
TMF,202506,2025-04-30 18:44:00,20126.0,20126.0,20125.0,20125.0,5
TMF,202506,2025-04-30 18:45:00,20124.0,20125.0,20123.0,20125.0,5
TMF,202506,2025-04-30 18:46:00,20125.0,20125.0,20122.0,20122.0,7
TMF,202506,2025-04-30 18:47:00,20122.0,20124.0,20122.0,20124.0,4
TMF,202506,2025-04-30 18:48:00,20124.0,20126.0,20124.0,20126.0,3
TMF,202506,2025-04-30 18:49:00,20126.0,20129.0,20126.0,20129.0,2
TMF,202506,2025-04-30 18:50:00,20128.0,20129.0,20128.0,20129.0,3
TMF,202506,2025-04-30 18:51:00,20134.0,20135.0,20132.0,20135.0,9
TMF,202506,2025-04-30 18:52:00,20135.0,20135.0,20132.0,20132.0,3
TMF,202506,2025-04-30 18:53:00,20136.0,20136.0,20134.0,20134.0,2
TMF,202506,2025-04-30 18:54:00,20133.0,20134.0,20132.0,20134.0,3
TMF,202506,2025-04-30 18:58:00,20136.0,20136.0,20136.0,20136.0,1
TMF,202506,2025-04-30 18:59:00,20138.0,20142.0,20138.0,20141.0,3
TMF,202506,2025-04-30 19:00:00,20142.0,20144.0,20142.0,20142.0,4
TMF,202506,2025-04-30 19:01:00,20136.0,20138.0,20130.0,20130.0,8
TMF,202506,2025-04-30 19:02:00,20135.0,20138.0,20135.0,20138.0,2
TMF,202506,2025-04-30 19:03:00,20136.0,20137.0,20134.0,20137.0,8
TMF,202506,2025-04-30 19:04:00,20140.0,20140.0,20140.0,20140.0,1
TMF,202506,2025-04-30 19:05:00,20140.0,20140.0,20140.0,20140.0,1
TMF,202506,2025-04-30 19:07:00,20140.0,20140.0,20140.0,20140.0,2
TMF,202506,2025-04-30 19:08:00,20139.0,20139.0,20139.0,20139.0,1
TMF,202506,2025-04-30 19:11:00,20136.0,20138.0,20136.0,20138.0,5
TMF,202506,2025-04-30 19:12:00,20136.0,20136.0,20134.0,20134.0,7
TMF,202506,2025-04-30 19:13:00,20130.0,20130.0,20128.0,20128.0,4
TMF,202506,2025-04-30 19:14:00,20130.0,20130.0,20128.0,20128.0,4
TMF,202506,2025-04-30 19:15:00,20128.0,20128.0,20128.0,20128.0,1
TMF,202506,2025-04-30 19:17:00,20133.0,20138.0,20133.0,20138.0,4
TMF,202506,2025-04-30 19:18:00,20137.0,20137.0,20137.0,20137.0,2
TMF,202506,2025-04-30 19:19:00,20130.0,20130.0,20130.0,20130.0,4
TMF,202506,2025-04-30 19:20:00,20128.0,20128.0,20127.0,20127.0,2
TMF,202506,2025-04-30 19:21:00,20128.0,20128.0,20127.0,20127.0,2
TMF,202506,2025-04-30 19:22:00,20127.0,20128.0,20126.0,20128.0,6
TMF,202506,2025-04-30 19:23:00,20126.0,20126.0,20122.0,20122.0,9
TMF,202506,2025-04-30 19:25:00,20125.0,20125.0,20122.0,20122.0,5
TMF,202506,2025-04-30 19:26:00,20121.0,20122.0,20121.0,20122.0,5
TMF,202506,2025-04-30 19:28:00,20123.0,20124.0,20120.0,20120.0,15
TMF,202506,2025-04-30 19:29:00,20119.0,20120.0,20115.0,20118.0,13
TMF,202506,2025-04-30 19:30:00,20118.0,20120.0,20115.0,20115.0,8
TMF,202506,2025-04-30 19:31:00,20114.0,20115.0,20112.0,20112.0,10
TMF,202506,2025-04-30 19:32:00,20115.0,20115.0,20107.0,20107.0,24
TMF,202506,2025-04-30 19:33:00,20107.0,20110.0,20104.0,20107.0,24
TMF,202506,2025-04-30 19:34:00,20107.0,20110.0,20106.0,20110.0,8
TMF,202506,2025-04-30 19:35:00,20108.0,20108.0,20104.0,20108.0,11
TMF,202506,2025-04-30 19:36:00,20107.0,20107.0,20104.0,20104.0,13
TMF,202506,2025-04-30 19:37:00,20106.0,20110.0,20106.0,20110.0,3
TMF,202506,2025-04-30 19:38:00,20111.0,20114.0,20111.0,20114.0,3
TMF,202506,2025-04-30 19:39:00,20114.0,20116.0,20114.0,20116.0,5
TMF,202506,2025-04-30 19:41:00,20115.0,20118.0,20114.0,20114.0,8
TMF,202506,2025-04-30 19:42:00,20114.0,20115.0,20114.0,20115.0,2
TMF,202506,2025-04-30 19:43:00,20115.0,20115.0,20115.0,20115.0,2
TMF,202506,2025-04-30 19:44:00,20118.0,20118.0,20118.0,20118.0,2
TMF,202506,2025-04-30 19:45:00,20115.0,20115.0,20114.0,20114.0,3
TMF,202506,2025-04-30 19:47:00,20113.0,20113.0,20112.0,20112.0,4
TMF,202506,2025-04-30 19:48:00,20110.0,20110.0,20110.0,20110.0,1
TMF,202506,2025-04-30 19:49:00,20112.0,20112.0,20112.0,20112.0,1
TMF,202506,2025-04-30 19:50:00,20112.0,20112.0,20112.0,20112.0,1
TMF,202506,2025-04-30 19:51:00,20112.0,20112.0,20111.0,20111.0,5
TMF,202506,2025-04-30 19:52:00,20111.0,20111.0,20111.0,20111.0,2
TMF,202506,2025-04-30 19:53:00,20111.0,20113.0,20111.0,20113.0,3
TMF,202506,2025-04-30 19:54:00,20115.0,20116.0,20115.0,20116.0,6
TMF,202506,2025-04-30 19:55:00,20119.0,20119.0,20118.0,20118.0,2
TMF,202506,2025-04-30 19:56:00,20117.0,20120.0,20117.0,20120.0,3
TMF,202506,2025-04-30 19:57:00,20120.0,20120.0,20120.0,20120.0,1
TMF,202506,2025-04-30 19:58:00,20122.0,20122.0,20122.0,20122.0,5
TMF,202506,2025-04-30 20:00:00,20116.0,20116.0,20115.0,20115.0,2
TMF,202506,2025-04-30 20:02:00,20121.0,20122.0,20121.0,20122.0,7
TMF,202506,2025-04-30 20:03:00,20122.0,20122.0,20122.0,20122.0,1
TMF,202506,2025-04-30 20:04:00,20115.0,20115.0,20115.0,20115.0,2
TMF,202506,2025-04-30 20:05:00,20115.0,20121.0,20115.0,20121.0,2
TMF,202506,2025-04-30 20:07:00,20119.0,20119.0,20119.0,20119.0,2
TMF,202506,2025-04-30 20:08:00,20115.0,20115.0,20115.0,20115.0,5
TMF,202506,2025-04-30 20:09:00,20113.0,20113.0,20111.0,20111.0,3
TMF,202506,2025-04-30 20:10:00,20113.0,20113.0,20113.0,20113.0,1
TMF,202506,2025-04-30 20:11:00,20110.0,20111.0,20110.0,20111.0,4
TMF,202506,2025-04-30 20:12:00,20106.0,20106.0,20106.0,20106.0,1
TMF,202506,2025-04-30 20:13:00,20106.0,20107.0,20106.0,20107.0,3
TMF,202506,2025-04-30 20:14:00,20110.0,20113.0,20110.0,20113.0,3
TMF,202506,2025-04-30 20:15:00,20112.0,20112.0,20087.0,20100.0,84
TMF,202506,2025-04-30 20:16:00,20098.0,20099.0,20092.0,20092.0,11
TMF,202506,2025-04-30 20:17:00,20091.0,20094.0,20088.0,20088.0,17
TMF,202506,2025-04-30 20:18:00,20087.0,20091.0,20087.0,20089.0,4
TMF,202506,2025-04-30 20:19:00,20089.0,20089.0,20087.0,20088.0,7
TMF,202506,2025-04-30 20:20:00,20088.0,20088.0,20084.0,20087.0,14
TMF,202506,2025-04-30 20:21:00,20086.0,20086.0,20075.0,20075.0,49
TMF,202506,2025-04-30 20:22:00,20075.0,20083.0,20075.0,20081.0,26
TMF,202506,2025-04-30 20:23:00,20078.0,20078.0,20073.0,20074.0,9
TMF,202506,2025-04-30 20:24:00,20074.0,20075.0,20070.0,20075.0,11
TMF,202506,2025-04-30 20:25:00,20079.0,20080.0,20076.0,20078.0,9
TMF,202506,2025-04-30 20:26:00,20078.0,20078.0,20072.0,20072.0,14
TMF,202506,2025-04-30 20:27:00,20072.0,20074.0,20070.0,20074.0,14
TMF,202506,2025-04-30 20:28:00,20079.0,20080.0,20073.0,20073.0,5
TMF,202506,2025-04-30 20:29:00,20073.0,20080.0,20073.0,20076.0,9
TMF,202506,2025-04-30 20:30:00,20083.0,20091.0,20082.0,20089.0,16
TMF,202506,2025-04-30 20:31:00,20090.0,20090.0,20069.0,20069.0,23
TMF,202506,2025-04-30 20:32:00,20068.0,20068.0,20050.0,20053.0,59
TMF,202506,2025-04-30 20:33:00,20053.0,20058.0,20053.0,20058.0,3
TMF,202506,2025-04-30 20:34:00,20063.0,20069.0,20063.0,20069.0,5
TMF,202506,2025-04-30 20:35:00,20069.0,20074.0,20067.0,20067.0,13
TMF,202506,2025-04-30 20:36:00,20066.0,20066.0,20040.0,20040.0,37
TMF,202506,2025-04-30 20:37:00,20039.0,20040.0,20035.0,20040.0,51
TMF,202506,2025-04-30 20:38:00,20040.0,20043.0,20036.0,20038.0,16
TMF,202506,2025-04-30 20:39:00,20037.0,20038.0,20033.0,20033.0,22
TMF,202506,2025-04-30 20:40:00,20036.0,20036.0,20026.0,20027.0,22
TMF,202506,2025-04-30 20:41:00,20026.0,20026.0,19990.0,19990.0,136
TMF,202506,2025-04-30 20:42:00,19990.0,20006.0,19990.0,20000.0,34
TMF,202506,2025-04-30 20:43:00,19999.0,20009.0,19995.0,20008.0,28
TMF,202506,2025-04-30 20:44:00,20007.0,20007.0,19994.0,19994.0,32
TMF,202506,2025-04-30 20:45:00,19993.0,19993.0,19965.0,19973.0,106
TMF,202506,2025-04-30 20:46:00,19975.0,19977.0,19958.0,19958.0,54
TMF,202506,2025-04-30 20:47:00,19960.0,19964.0,19944.0,19944.0,91
TMF,202506,2025-04-30 20:48:00,19941.0,19948.0,19928.0,19948.0,58
TMF,202506,2025-04-30 20:49:00,19950.0,19966.0,19950.0,19960.0,28
TMF,202506,2025-04-30 20:50:00,19960.0,19974.0,19958.0,19966.0,58
TMF,202506,2025-04-30 20:51:00,19962.0,19962.0,19945.0,19945.0,49
TMF,202506,2025-04-30 20:52:00,19940.0,19951.0,19940.0,19950.0,34
TMF,202506,2025-04-30 20:53:00,19950.0,19959.0,19949.0,19957.0,28
TMF,202506,2025-04-30 20:54:00,19953.0,19963.0,19952.0,19952.0,22
TMF,202506,2025-04-30 20:55:00,19954.0,19954.0,19950.0,19953.0,16
TMF,202506,2025-04-30 20:56:00,19955.0,19963.0,19952.0,19960.0,24
TMF,202506,2025-04-30 20:57:00,19960.0,19963.0,19956.0,19956.0,22
TMF,202506,2025-04-30 20:58:00,19956.0,19956.0,19951.0,19954.0,8
TMF,202506,2025-04-30 20:59:00,19953.0,19953.0,19940.0,19943.0,28
TMF,202506,2025-04-30 21:00:00,19938.0,19938.0,19922.0,19930.0,65
TMF,202506,2025-04-30 21:01:00,19927.0,19931.0,19925.0,19931.0,19
TMF,202506,2025-04-30 21:02:00,19933.0,19936.0,19929.0,19936.0,33
TMF,202506,2025-04-30 21:03:00,19939.0,19956.0,19939.0,19953.0,29
TMF,202506,2025-04-30 21:04:00,19952.0,19953.0,19943.0,19945.0,26
TMF,202506,2025-04-30 21:05:00,19948.0,19955.0,19946.0,19955.0,13
TMF,202506,2025-04-30 21:06:00,19950.0,19951.0,19921.0,19921.0,48
TMF,202506,2025-04-30 21:07:00,19920.0,19930.0,19913.0,19928.0,48
TMF,202506,2025-04-30 21:08:00,19925.0,19925.0,19917.0,19918.0,20
TMF,202506,2025-04-30 21:09:00,19920.0,19921.0,19918.0,19918.0,13
TMF,202506,2025-04-30 21:10:00,19918.0,19928.0,19916.0,19928.0,13
TMF,202506,2025-04-30 21:11:00,19930.0,19930.0,19924.0,19928.0,28
TMF,202506,2025-04-30 21:12:00,19921.0,19934.0,19915.0,19934.0,32
TMF,202506,2025-04-30 21:13:00,19933.0,19943.0,19920.0,19920.0,23
TMF,202506,2025-04-30 21:14:00,19918.0,19927.0,19908.0,19920.0,46
TMF,202506,2025-04-30 21:15:00,19914.0,19926.0,19912.0,19919.0,18
TMF,202506,2025-04-30 21:16:00,19917.0,19925.0,19916.0,19916.0,22
TMF,202506,2025-04-30 21:17:00,19920.0,19926.0,19920.0,19926.0,7
TMF,202506,2025-04-30 21:18:00,19929.0,19930.0,19919.0,19919.0,8
TMF,202506,2025-04-30 21:19:00,19920.0,19931.0,19920.0,19931.0,14
TMF,202506,2025-04-30 21:20:00,19930.0,19943.0,19930.0,19943.0,47
TMF,202506,2025-04-30 21:21:00,19943.0,19953.0,19943.0,19946.0,30
TMF,202506,2025-04-30 21:22:00,19946.0,19946.0,19941.0,19945.0,16
TMF,202506,2025-04-30 21:23:00,19950.0,19951.0,19944.0,19946.0,14
TMF,202506,2025-04-30 21:24:00,19940.0,19940.0,19938.0,19938.0,13
TMF,202506,2025-04-30 21:25:00,19942.0,19951.0,19942.0,19945.0,13
TMF,202506,2025-04-30 21:26:00,19947.0,19947.0,19944.0,19946.0,10
TMF,202506,2025-04-30 21:27:00,19945.0,19945.0,19936.0,19940.0,9
TMF,202506,2025-04-30 21:28:00,19941.0,19941.0,19939.0,19940.0,24
TMF,202506,2025-04-30 21:29:00,19937.0,19939.0,19935.0,19935.0,7
TMF,202506,2025-04-30 21:30:00,19933.0,19933.0,19910.0,19919.0,41
TMF,202506,2025-04-30 21:31:00,19912.0,19917.0,19890.0,19890.0,148
TMF,202506,2025-04-30 21:32:00,19899.0,19914.0,19891.0,19914.0,28
TMF,202506,2025-04-30 21:33:00,19916.0,19926.0,19905.0,19926.0,31
TMF,202506,2025-04-30 21:34:00,19928.0,19945.0,19924.0,19936.0,27
TMF,202506,2025-04-30 21:35:00,19940.0,19944.0,19925.0,19925.0,31
TMF,202506,2025-04-30 21:36:00,19920.0,19929.0,19907.0,19918.0,32
TMF,202506,2025-04-30 21:37:00,19912.0,19913.0,19883.0,19896.0,104
TMF,202506,2025-04-30 21:38:00,19895.0,19905.0,19891.0,19898.0,35
TMF,202506,2025-04-30 21:39:00,19897.0,19898.0,19881.0,19884.0,24
TMF,202506,2025-04-30 21:40:00,19881.0,19891.0,19871.0,19875.0,64
TMF,202506,2025-04-30 21:41:00,19875.0,19875.0,19861.0,19868.0,47
TMF,202506,2025-04-30 21:42:00,19868.0,19868.0,19862.0,19864.0,33
TMF,202506,2025-04-30 21:43:00,19864.0,19870.0,19854.0,19863.0,42
TMF,202506,2025-04-30 21:44:00,19870.0,19889.0,19870.0,19884.0,21
TMF,202506,2025-04-30 21:45:00,19881.0,19889.0,19872.0,19889.0,44
TMF,202506,2025-04-30 21:46:00,19885.0,19890.0,19880.0,19880.0,20
TMF,202506,2025-04-30 21:47:00,19880.0,19891.0,19876.0,19888.0,28
TMF,202506,2025-04-30 21:48:00,19892.0,19912.0,19892.0,19907.0,32
TMF,202506,2025-04-30 21:49:00,19904.0,19910.0,19903.0,19908.0,23
TMF,202506,2025-04-30 21:50:00,19907.0,19909.0,19899.0,19909.0,22
TMF,202506,2025-04-30 21:51:00,19900.0,19900.0,19890.0,19890.0,14
TMF,202506,2025-04-30 21:52:00,19892.0,19895.0,19875.0,19880.0,29
TMF,202506,2025-04-30 21:53:00,19878.0,19881.0,19865.0,19865.0,25
TMF,202506,2025-04-30 21:54:00,19866.0,19878.0,19866.0,19878.0,17
TMF,202506,2025-04-30 21:55:00,19880.0,19890.0,19880.0,19883.0,20
TMF,202506,2025-04-30 21:56:00,19886.0,19886.0,19862.0,19862.0,34
TMF,202506,2025-04-30 21:57:00,19861.0,19861.0,19850.0,19854.0,72
TMF,202506,2025-04-30 21:58:00,19854.0,19855.0,19847.0,19847.0,33
TMF,202506,2025-04-30 21:59:00,19847.0,19864.0,19846.0,19860.0,22
TMF,202506,2025-04-30 22:00:00,19856.0,19895.0,19852.0,19895.0,30
TMF,202506,2025-04-30 22:01:00,19893.0,19911.0,19886.0,19910.0,43
TMF,202506,2025-04-30 22:02:00,19911.0,19917.0,19898.0,19907.0,13
TMF,202506,2025-04-30 22:03:00,19905.0,19907.0,19886.0,19904.0,19
TMF,202506,2025-04-30 22:04:00,19899.0,19914.0,19899.0,19914.0,21
TMF,202506,2025-04-30 22:05:00,19905.0,19918.0,19900.0,19918.0,24
TMF,202506,2025-04-30 22:06:00,19920.0,19921.0,19909.0,19915.0,32
TMF,202506,2025-04-30 22:07:00,19916.0,19916.0,19886.0,19896.0,19
TMF,202506,2025-04-30 22:08:00,19891.0,19912.0,19886.0,19912.0,27
TMF,202506,2025-04-30 22:09:00,19916.0,19934.0,19916.0,19931.0,34
TMF,202506,2025-04-30 22:10:00,19928.0,19932.0,19912.0,19923.0,21
TMF,202506,2025-04-30 22:11:00,19924.0,19924.0,19908.0,19914.0,19
TMF,202506,2025-04-30 22:12:00,19908.0,19913.0,19907.0,19913.0,9
TMF,202506,2025-04-30 22:13:00,19911.0,19922.0,19911.0,19922.0,19
TMF,202506,2025-04-30 22:14:00,19918.0,19931.0,19918.0,19928.0,32
TMF,202506,2025-04-30 22:15:00,19931.0,19933.0,19917.0,19933.0,15
TMF,202506,2025-04-30 22:16:00,19926.0,19927.0,19920.0,19925.0,12
TMF,202506,2025-04-30 22:17:00,19925.0,19926.0,19918.0,19918.0,11
TMF,202506,2025-04-30 22:18:00,19918.0,19926.0,19917.0,19922.0,19
TMF,202506,2025-04-30 22:19:00,19923.0,19930.0,19923.0,19930.0,13
TMF,202506,2025-04-30 22:20:00,19931.0,19933.0,19927.0,19930.0,15
TMF,202506,2025-04-30 22:21:00,19933.0,19935.0,19925.0,19925.0,26
TMF,202506,2025-04-30 22:22:00,19929.0,19929.0,19920.0,19927.0,9
TMF,202506,2025-04-30 22:23:00,19927.0,19932.0,19927.0,19932.0,7
TMF,202506,2025-04-30 22:24:00,19936.0,19950.0,19936.0,19950.0,28
TMF,202506,2025-04-30 22:25:00,19945.0,19949.0,19941.0,19946.0,25
TMF,202506,2025-04-30 22:26:00,19947.0,19958.0,19945.0,19957.0,36
TMF,202506,2025-04-30 22:27:00,19953.0,19953.0,19945.0,19950.0,20
TMF,202506,2025-04-30 22:28:00,19949.0,19955.0,19949.0,19952.0,8
TMF,202506,2025-04-30 22:29:00,19957.0,19968.0,19957.0,19960.0,55
TMF,202506,2025-04-30 22:30:00,19956.0,19969.0,19951.0,19969.0,20
TMF,202506,2025-04-30 22:31:00,19963.0,19971.0,19963.0,19969.0,30
TMF,202506,2025-04-30 22:32:00,19968.0,19969.0,19960.0,19963.0,24
TMF,202506,2025-04-30 22:33:00,19960.0,19965.0,19960.0,19960.0,19
TMF,202506,2025-04-30 22:34:00,19960.0,19960.0,19945.0,19945.0,22
TMF,202506,2025-04-30 22:35:00,19945.0,19945.0,19936.0,19940.0,19
TMF,202506,2025-04-30 22:36:00,19941.0,19941.0,19933.0,19933.0,33
TMF,202506,2025-04-30 22:37:00,19934.0,19943.0,19933.0,19942.0,21
TMF,202506,2025-04-30 22:38:00,19935.0,19935.0,19924.0,19932.0,19
TMF,202506,2025-04-30 22:39:00,19937.0,19939.0,19933.0,19939.0,12
TMF,202506,2025-04-30 22:40:00,19936.0,19936.0,19930.0,19930.0,4
TMF,202506,2025-04-30 22:41:00,19931.0,19931.0,19924.0,19925.0,14
TMF,202506,2025-04-30 22:42:00,19923.0,19933.0,19920.0,19933.0,15
TMF,202506,2025-04-30 22:43:00,19936.0,19955.0,19935.0,19955.0,17
TMF,202506,2025-04-30 22:44:00,19957.0,19966.0,19957.0,19960.0,31
TMF,202506,2025-04-30 22:45:00,19959.0,19960.0,19951.0,19960.0,10
TMF,202506,2025-04-30 22:46:00,19956.0,19957.0,19955.0,19955.0,6
TMF,202506,2025-04-30 22:47:00,19950.0,19950.0,19940.0,19940.0,4
TMF,202506,2025-04-30 22:48:00,19941.0,19955.0,19941.0,19947.0,6
TMF,202506,2025-04-30 22:49:00,19945.0,19945.0,19945.0,19945.0,2
TMF,202506,2025-04-30 22:50:00,19945.0,19945.0,19935.0,19935.0,10
TMF,202506,2025-04-30 22:51:00,19935.0,19935.0,19930.0,19932.0,6
TMF,202506,2025-04-30 22:52:00,19935.0,19942.0,19935.0,19942.0,7
TMF,202506,2025-04-30 22:53:00,19958.0,19960.0,19957.0,19957.0,10
TMF,202506,2025-04-30 22:54:00,19958.0,19960.0,19955.0,19955.0,7
TMF,202506,2025-04-30 22:55:00,19952.0,19955.0,19952.0,19955.0,9
TMF,202506,2025-04-30 22:56:00,19950.0,19953.0,19945.0,19952.0,6
TMF,202506,2025-04-30 22:57:00,19953.0,19974.0,19953.0,19970.0,33
TMF,202506,2025-04-30 22:58:00,19971.0,19979.0,19970.0,19971.0,37
TMF,202506,2025-04-30 22:59:00,19971.0,19971.0,19960.0,19962.0,10
TMF,202506,2025-04-30 23:00:00,19962.0,19984.0,19962.0,19984.0,26
TMF,202506,2025-04-30 23:01:00,19984.0,19984.0,19978.0,19984.0,20
TMF,202506,2025-04-30 23:02:00,19984.0,19988.0,19982.0,19986.0,23
TMF,202506,2025-04-30 23:03:00,19986.0,19986.0,19980.0,19980.0,19
TMF,202506,2025-04-30 23:04:00,19980.0,19985.0,19977.0,19985.0,10
TMF,202506,2025-04-30 23:05:00,19982.0,19985.0,19978.0,19979.0,13
TMF,202506,2025-04-30 23:06:00,19980.0,19980.0,19977.0,19980.0,11
TMF,202506,2025-04-30 23:07:00,19982.0,19996.0,19982.0,19985.0,23
TMF,202506,2025-04-30 23:08:00,19986.0,19988.0,19982.0,19985.0,17
TMF,202506,2025-04-30 23:09:00,19987.0,19995.0,19987.0,19992.0,18
TMF,202506,2025-04-30 23:10:00,19991.0,19991.0,19988.0,19991.0,16
TMF,202506,2025-04-30 23:11:00,19988.0,19995.0,19988.0,19988.0,9
TMF,202506,2025-04-30 23:12:00,19990.0,20000.0,19988.0,20000.0,50
TMF,202506,2025-04-30 23:13:00,19999.0,20000.0,19995.0,20000.0,31
TMF,202506,2025-04-30 23:14:00,20002.0,20004.0,19995.0,19997.0,30
TMF,202506,2025-04-30 23:15:00,19995.0,19995.0,19989.0,19990.0,13
TMF,202506,2025-04-30 23:16:00,19991.0,19994.0,19990.0,19994.0,6
TMF,202506,2025-04-30 23:17:00,19993.0,20001.0,19993.0,19999.0,29
TMF,202506,2025-04-30 23:18:00,19999.0,19999.0,19997.0,19998.0,5
TMF,202506,2025-04-30 23:19:00,19998.0,19998.0,19994.0,19994.0,8
TMF,202506,2025-04-30 23:20:00,19994.0,19995.0,19990.0,19995.0,13
TMF,202506,2025-04-30 23:21:00,19997.0,20008.0,19997.0,20008.0,20
TMF,202506,2025-04-30 23:22:00,20010.0,20020.0,20010.0,20020.0,38
TMF,202506,2025-04-30 23:23:00,20019.0,20021.0,20010.0,20010.0,23
TMF,202506,2025-04-30 23:24:00,20009.0,20011.0,20000.0,20000.0,24
TMF,202506,2025-04-30 23:25:00,19999.0,20000.0,19988.0,19990.0,15
TMF,202506,2025-04-30 23:26:00,19990.0,19990.0,19984.0,19984.0,17
TMF,202506,2025-04-30 23:27:00,19985.0,19993.0,19983.0,19990.0,22
TMF,202506,2025-04-30 23:28:00,19990.0,20005.0,19990.0,20005.0,12
TMF,202506,2025-04-30 23:29:00,20005.0,20005.0,19998.0,20000.0,6
TMF,202506,2025-04-30 23:30:00,19995.0,19995.0,19992.0,19992.0,2
TMF,202506,2025-04-30 23:31:00,19992.0,19992.0,19984.0,19990.0,25
TMF,202506,2025-04-30 23:32:00,19990.0,19999.0,19990.0,19999.0,3
TMF,202506,2025-04-30 23:33:00,19991.0,19995.0,19990.0,19995.0,5
TMF,202506,2025-04-30 23:34:00,19990.0,20000.0,19990.0,20000.0,14
TMF,202506,2025-04-30 23:35:00,20000.0,20000.0,19995.0,19998.0,10
TMF,202506,2025-04-30 23:36:00,20000.0,20002.0,19997.0,20001.0,13
TMF,202506,2025-04-30 23:37:00,20001.0,20001.0,19998.0,19998.0,4
TMF,202506,2025-04-30 23:38:00,19990.0,19990.0,19990.0,19990.0,2
TMF,202506,2025-04-30 23:39:00,19992.0,19996.0,19992.0,19996.0,2
TMF,202506,2025-04-30 23:40:00,19993.0,19998.0,19993.0,19995.0,11
TMF,202506,2025-04-30 23:41:00,19997.0,19997.0,19987.0,19987.0,4
TMF,202506,2025-04-30 23:42:00,19986.0,19991.0,19986.0,19991.0,7
TMF,202506,2025-04-30 23:43:00,19985.0,19995.0,19982.0,19993.0,20
TMF,202506,2025-04-30 23:44:00,19997.0,20012.0,19997.0,20012.0,23
TMF,202506,2025-04-30 23:45:00,20012.0,20015.0,20001.0,20012.0,11
TMF,202506,2025-04-30 23:46:00,20003.0,20003.0,20003.0,20003.0,1
TMF,202506,2025-04-30 23:47:00,20005.0,20006.0,20005.0,20006.0,3
TMF,202506,2025-04-30 23:48:00,20003.0,20003.0,20000.0,20002.0,5
TMF,202506,2025-04-30 23:49:00,20003.0,20005.0,20003.0,20005.0,2
TMF,202506,2025-04-30 23:50:00,20010.0,20010.0,20010.0,20010.0,2
TMF,202506,2025-04-30 23:51:00,20003.0,20003.0,20000.0,20000.0,2
TMF,202506,2025-04-30 23:52:00,20003.0,20003.0,19998.0,19998.0,5
TMF,202506,2025-04-30 23:53:00,19995.0,19995.0,19982.0,19982.0,18
TMF,202506,2025-04-30 23:54:00,19983.0,19992.0,19983.0,19992.0,2
TMF,202506,2025-04-30 23:55:00,19992.0,19999.0,19992.0,19999.0,13
TMF,202506,2025-04-30 23:56:00,20000.0,20006.0,20000.0,20005.0,5
TMF,202506,2025-04-30 23:57:00,19998.0,19998.0,19998.0,19998.0,3
TMF,202506,2025-04-30 23:58:00,19986.0,20001.0,19984.0,20001.0,6
TMF,202506,2025-04-30 23:59:00,19999.0,19999.0,19999.0,19999.0,1
TMF,202506,2025-05-01 00:00:00,20002.0,20008.0,20002.0,20005.0,18
TMF,202506,2025-05-01 00:01:00,20001.0,20001.0,20000.0,20000.0,4
TMF,202506,2025-05-01 00:02:00,19993.0,19995.0,19993.0,19995.0,7
TMF,202506,2025-05-01 00:03:00,19995.0,19995.0,19993.0,19993.0,3
TMF,202506,2025-05-01 00:04:00,19998.0,19998.0,19998.0,19998.0,1
TMF,202506,2025-05-01 00:05:00,20004.0,20016.0,20004.0,20016.0,16
TMF,202506,2025-05-01 00:06:00,20015.0,20033.0,20015.0,20033.0,32
TMF,202506,2025-05-01 00:07:00,20033.0,20034.0,20025.0,20032.0,18
TMF,202506,2025-05-01 00:08:00,20028.0,20028.0,20021.0,20025.0,6
TMF,202506,2025-05-01 00:09:00,20029.0,20029.0,20022.0,20022.0,3
TMF,202506,2025-05-01 00:10:00,20023.0,20023.0,20006.0,20006.0,14
TMF,202506,2025-05-01 00:11:00,20001.0,20012.0,20001.0,20012.0,8
TMF,202506,2025-05-01 00:12:00,20009.0,20016.0,20008.0,20016.0,4
TMF,202506,2025-05-01 00:13:00,20014.0,20015.0,20014.0,20015.0,2
TMF,202506,2025-05-01 00:14:00,20012.0,20012.0,20011.0,20011.0,5
TMF,202506,2025-05-01 00:15:00,20006.0,20006.0,20004.0,20004.0,2
TMF,202506,2025-05-01 00:16:00,20001.0,20001.0,19993.0,19993.0,14
TMF,202506,2025-05-01 00:17:00,19993.0,20000.0,19992.0,19999.0,11
TMF,202506,2025-05-01 00:18:00,19995.0,20000.0,19995.0,19998.0,3
TMF,202506,2025-05-01 00:20:00,19991.0,19993.0,19991.0,19993.0,4
TMF,202506,2025-05-01 00:21:00,19993.0,19993.0,19985.0,19985.0,31
TMF,202506,2025-05-01 00:22:00,19985.0,19985.0,19971.0,19973.0,30
TMF,202506,2025-05-01 00:23:00,19975.0,19980.0,19971.0,19976.0,18
TMF,202506,2025-05-01 00:24:00,19973.0,19974.0,19968.0,19974.0,16
TMF,202506,2025-05-01 00:25:00,19970.0,19974.0,19970.0,19971.0,4
TMF,202506,2025-05-01 00:26:00,19967.0,19977.0,19958.0,19977.0,36
TMF,202506,2025-05-01 00:27:00,19976.0,19976.0,19965.0,19965.0,6
TMF,202506,2025-05-01 00:28:00,19966.0,19966.0,19966.0,19966.0,1
TMF,202506,2025-05-01 00:29:00,19968.0,19969.0,19964.0,19966.0,8
TMF,202506,2025-05-01 00:30:00,19966.0,19966.0,19963.0,19963.0,19
TMF,202506,2025-05-01 00:31:00,19960.0,19968.0,19953.0,19968.0,10
TMF,202506,2025-05-01 00:32:00,19962.0,19962.0,19961.0,19961.0,4
TMF,202506,2025-05-01 00:33:00,19963.0,19968.0,19961.0,19968.0,5
TMF,202506,2025-05-01 00:34:00,19968.0,19969.0,19967.0,19967.0,4
TMF,202506,2025-05-01 00:35:00,19962.0,19967.0,19959.0,19967.0,4
TMF,202506,2025-05-01 00:36:00,19967.0,19970.0,19960.0,19970.0,16
TMF,202506,2025-05-01 00:37:00,19975.0,19987.0,19975.0,19987.0,18
TMF,202506,2025-05-01 00:38:00,19987.0,19990.0,19985.0,19990.0,8
TMF,202506,2025-05-01 00:39:00,19990.0,19990.0,19988.0,19988.0,11
TMF,202506,2025-05-01 00:40:00,19990.0,19995.0,19990.0,19995.0,5
TMF,202506,2025-05-01 00:41:00,19995.0,19995.0,19994.0,19994.0,2
TMF,202506,2025-05-01 00:42:00,19997.0,19997.0,19997.0,19997.0,1
TMF,202506,2025-05-01 00:43:00,19993.0,19993.0,19989.0,19989.0,2
TMF,202506,2025-05-01 00:44:00,19989.0,19989.0,19989.0,19989.0,1
TMF,202506,2025-05-01 00:45:00,19985.0,19985.0,19985.0,19985.0,4
TMF,202506,2025-05-01 00:47:00,19985.0,19985.0,19985.0,19985.0,6
TMF,202506,2025-05-01 00:48:00,19981.0,19981.0,19981.0,19981.0,2
TMF,202506,2025-05-01 00:49:00,19985.0,19985.0,19985.0,19985.0,2
TMF,202506,2025-05-01 00:50:00,19984.0,19990.0,19984.0,19990.0,5
TMF,202506,2025-05-01 00:51:00,19989.0,19993.0,19989.0,19993.0,6
TMF,202506,2025-05-01 00:52:00,19991.0,19991.0,19988.0,19988.0,2
TMF,202506,2025-05-01 00:53:00,19995.0,19995.0,19995.0,19995.0,6
TMF,202506,2025-05-01 00:55:00,19997.0,19997.0,19997.0,19997.0,1
TMF,202506,2025-05-01 00:56:00,19995.0,19995.0,19995.0,19995.0,1
TMF,202506,2025-05-01 00:57:00,19985.0,19989.0,19985.0,19989.0,4
TMF,202506,2025-05-01 00:59:00,19989.0,19989.0,19987.0,19988.0,6
TMF,202506,2025-05-01 01:00:00,19994.0,19998.0,19994.0,19998.0,5
TMF,202506,2025-05-01 01:02:00,19999.0,19999.0,19999.0,19999.0,2
TMF,202506,2025-05-01 01:03:00,19997.0,19997.0,19997.0,19997.0,1
TMF,202506,2025-05-01 01:04:00,19990.0,19990.0,19987.0,19987.0,3
TMF,202506,2025-05-01 01:05:00,19987.0,19987.0,19984.0,19984.0,8
TMF,202506,2025-05-01 01:06:00,19980.0,19980.0,19975.0,19975.0,4
TMF,202506,2025-05-01 01:07:00,19975.0,19977.0,19975.0,19977.0,4
TMF,202506,2025-05-01 01:08:00,19971.0,19974.0,19965.0,19966.0,14
TMF,202506,2025-05-01 01:09:00,19966.0,19969.0,19966.0,19969.0,2
TMF,202506,2025-05-01 01:10:00,19968.0,19968.0,19948.0,19950.0,34
TMF,202506,2025-05-01 01:11:00,19949.0,19953.0,19944.0,19953.0,12
TMF,202506,2025-05-01 01:12:00,19950.0,19950.0,19938.0,19938.0,28
TMF,202506,2025-05-01 01:13:00,19940.0,19940.0,19935.0,19935.0,17
TMF,202506,2025-05-01 01:14:00,19940.0,19947.0,19937.0,19944.0,15
TMF,202506,2025-05-01 01:15:00,19951.0,19960.0,19951.0,19960.0,3
TMF,202506,2025-05-01 01:16:00,19960.0,19960.0,19951.0,19951.0,6
TMF,202506,2025-05-01 01:17:00,19951.0,19951.0,19951.0,19951.0,2
TMF,202506,2025-05-01 01:18:00,19961.0,19963.0,19960.0,19960.0,6
TMF,202506,2025-05-01 01:19:00,19968.0,19968.0,19968.0,19968.0,2
TMF,202506,2025-05-01 01:20:00,19968.0,19968.0,19968.0,19968.0,2
TMF,202506,2025-05-01 01:23:00,19975.0,19979.0,19973.0,19979.0,3
TMF,202506,2025-05-01 01:24:00,19979.0,19979.0,19977.0,19977.0,2
TMF,202506,2025-05-01 01:25:00,19980.0,19980.0,19980.0,19980.0,4
TMF,202506,2025-05-01 01:26:00,19984.0,19996.0,19984.0,19996.0,5
TMF,202506,2025-05-01 01:27:00,19995.0,19996.0,19992.0,19996.0,3
TMF,202506,2025-05-01 01:28:00,19996.0,20000.0,19992.0,20000.0,17
TMF,202506,2025-05-01 01:29:00,20002.0,20008.0,20002.0,20005.0,6
TMF,202506,2025-05-01 01:30:00,20000.0,20001.0,20000.0,20001.0,5
TMF,202506,2025-05-01 01:31:00,20003.0,20003.0,20003.0,20003.0,1
TMF,202506,2025-05-01 01:32:00,20005.0,20008.0,20005.0,20008.0,4
TMF,202506,2025-05-01 01:33:00,20005.0,20005.0,20001.0,20001.0,4
TMF,202506,2025-05-01 01:34:00,20005.0,20012.0,20005.0,20012.0,8
TMF,202506,2025-05-01 01:35:00,20015.0,20021.0,20015.0,20021.0,7
TMF,202506,2025-05-01 01:36:00,20022.0,20025.0,20022.0,20024.0,13
TMF,202506,2025-05-01 01:37:00,20026.0,20028.0,20026.0,20028.0,10
TMF,202506,2025-05-01 01:38:00,20029.0,20035.0,20029.0,20035.0,21
TMF,202506,2025-05-01 01:39:00,20035.0,20035.0,20021.0,20028.0,12
TMF,202506,2025-05-01 01:41:00,20025.0,20030.0,20024.0,20030.0,10
TMF,202506,2025-05-01 01:42:00,20024.0,20031.0,20024.0,20031.0,8
TMF,202506,2025-05-01 01:43:00,20029.0,20045.0,20029.0,20044.0,19
TMF,202506,2025-05-01 01:44:00,20044.0,20055.0,20044.0,20055.0,66
TMF,202506,2025-05-01 01:45:00,20052.0,20057.0,20044.0,20046.0,26
TMF,202506,2025-05-01 01:46:00,20050.0,20050.0,20046.0,20046.0,9
TMF,202506,2025-05-01 01:47:00,20050.0,20054.0,20044.0,20054.0,4
TMF,202506,2025-05-01 01:48:00,20050.0,20050.0,20043.0,20043.0,10
TMF,202506,2025-05-01 01:49:00,20046.0,20048.0,20046.0,20048.0,3
TMF,202506,2025-05-01 01:50:00,20048.0,20058.0,20048.0,20058.0,11
TMF,202506,2025-05-01 01:51:00,20053.0,20055.0,20053.0,20055.0,4
TMF,202506,2025-05-01 01:52:00,20055.0,20055.0,20053.0,20055.0,10
TMF,202506,2025-05-01 01:53:00,20050.0,20053.0,20050.0,20053.0,2
TMF,202506,2025-05-01 01:54:00,20053.0,20055.0,20050.0,20055.0,13
TMF,202506,2025-05-01 01:55:00,20055.0,20070.0,20053.0,20068.0,73
TMF,202506,2025-05-01 01:56:00,20069.0,20069.0,20054.0,20054.0,12
TMF,202506,2025-05-01 01:57:00,20060.0,20067.0,20059.0,20065.0,11
TMF,202506,2025-05-01 01:58:00,20068.0,20070.0,20065.0,20065.0,8
TMF,202506,2025-05-01 01:59:00,20061.0,20061.0,20061.0,20061.0,1
TMF,202506,2025-05-01 02:00:00,20061.0,20061.0,20044.0,20044.0,10
TMF,202506,2025-05-01 02:01:00,20050.0,20050.0,20045.0,20045.0,3
TMF,202506,2025-05-01 02:02:00,20042.0,20042.0,20042.0,20042.0,1
TMF,202506,2025-05-01 02:03:00,20054.0,20054.0,20054.0,20054.0,1
TMF,202506,2025-05-01 02:04:00,20049.0,20049.0,20044.0,20048.0,9
TMF,202506,2025-05-01 02:05:00,20050.0,20050.0,20045.0,20045.0,2
TMF,202506,2025-05-01 02:06:00,20048.0,20048.0,20048.0,20048.0,1
TMF,202506,2025-05-01 02:07:00,20051.0,20122.0,20051.0,20083.0,164
TMF,202506,2025-05-01 02:08:00,20080.0,20087.0,20078.0,20079.0,12
TMF,202506,2025-05-01 02:09:00,20085.0,20092.0,20075.0,20075.0,15
TMF,202506,2025-05-01 02:10:00,20075.0,20096.0,20075.0,20096.0,8
TMF,202506,2025-05-01 02:11:00,20100.0,20114.0,20100.0,20114.0,17
TMF,202506,2025-05-01 02:12:00,20118.0,20124.0,20111.0,20111.0,21
TMF,202506,2025-05-01 02:13:00,20110.0,20110.0,20100.0,20100.0,8
TMF,202506,2025-05-01 02:14:00,20101.0,20102.0,20100.0,20100.0,23
TMF,202506,2025-05-01 02:15:00,20100.0,20118.0,20099.0,20118.0,12
TMF,202506,2025-05-01 02:16:00,20120.0,20120.0,20116.0,20116.0,9
TMF,202506,2025-05-01 02:17:00,20108.0,20124.0,20108.0,20123.0,10
TMF,202506,2025-05-01 02:18:00,20110.0,20121.0,20110.0,20121.0,2
TMF,202506,2025-05-01 02:19:00,20106.0,20106.0,20106.0,20106.0,1
TMF,202506,2025-05-01 02:20:00,20116.0,20123.0,20116.0,20123.0,7
TMF,202506,2025-05-01 02:21:00,20108.0,20108.0,20104.0,20104.0,12
TMF,202506,2025-05-01 02:22:00,20104.0,20109.0,20098.0,20109.0,5
TMF,202506,2025-05-01 02:23:00,20105.0,20105.0,20105.0,20105.0,1
TMF,202506,2025-05-01 02:24:00,20109.0,20110.0,20109.0,20110.0,4
TMF,202506,2025-05-01 02:25:00,20110.0,20110.0,20100.0,20101.0,11
TMF,202506,2025-05-01 02:26:00,20101.0,20110.0,20101.0,20104.0,6
TMF,202506,2025-05-01 02:27:00,20110.0,20110.0,20105.0,20105.0,8
TMF,202506,2025-05-01 02:28:00,20102.0,20102.0,20095.0,20095.0,9
TMF,202506,2025-05-01 02:29:00,20095.0,20095.0,20066.0,20084.0,44
TMF,202506,2025-05-01 02:30:00,20079.0,20082.0,20072.0,20075.0,11
TMF,202506,2025-05-01 02:31:00,20075.0,20075.0,20075.0,20075.0,3
TMF,202506,2025-05-01 02:32:00,20080.0,20088.0,20080.0,20088.0,10
TMF,202506,2025-05-01 02:33:00,20088.0,20088.0,20085.0,20087.0,6
TMF,202506,2025-05-01 02:34:00,20087.0,20087.0,20080.0,20080.0,2
TMF,202506,2025-05-01 02:35:00,20078.0,20078.0,20064.0,20066.0,17
TMF,202506,2025-05-01 02:36:00,20066.0,20066.0,20054.0,20057.0,9
TMF,202506,2025-05-01 02:37:00,20058.0,20058.0,20056.0,20056.0,2
TMF,202506,2025-05-01 02:38:00,20064.0,20064.0,20052.0,20052.0,7
TMF,202506,2025-05-01 02:39:00,20054.0,20054.0,20053.0,20053.0,4
TMF,202506,2025-05-01 02:40:00,20052.0,20052.0,20051.0,20051.0,3
TMF,202506,2025-05-01 02:41:00,20055.0,20057.0,20055.0,20057.0,3
TMF,202506,2025-05-01 02:42:00,20051.0,20064.0,20051.0,20064.0,4
TMF,202506,2025-05-01 02:43:00,20064.0,20064.0,20064.0,20064.0,1
TMF,202506,2025-05-01 02:44:00,20064.0,20064.0,20060.0,20060.0,3
TMF,202506,2025-05-01 02:45:00,20066.0,20066.0,20060.0,20060.0,2
TMF,202506,2025-05-01 02:46:00,20075.0,20075.0,20073.0,20073.0,2
TMF,202506,2025-05-01 02:47:00,20085.0,20085.0,20079.0,20082.0,4
TMF,202506,2025-05-01 02:48:00,20088.0,20088.0,20088.0,20088.0,4
TMF,202506,2025-05-01 02:49:00,20088.0,20097.0,20088.0,20092.0,15
TMF,202506,2025-05-01 02:50:00,20092.0,20094.0,20092.0,20094.0,4
TMF,202506,2025-05-01 02:51:00,20098.0,20098.0,20087.0,20094.0,4
TMF,202506,2025-05-01 02:53:00,20087.0,20092.0,20087.0,20092.0,7
TMF,202506,2025-05-01 02:54:00,20083.0,20083.0,20083.0,20083.0,1
TMF,202506,2025-05-01 02:55:00,20093.0,20095.0,20093.0,20095.0,2
TMF,202506,2025-05-01 02:56:00,20088.0,20088.0,20088.0,20088.0,1
TMF,202506,2025-05-01 02:57:00,20082.0,20082.0,20082.0,20082.0,1
TMF,202506,2025-05-01 02:58:00,20077.0,20081.0,20077.0,20081.0,2
TMF,202506,2025-05-01 02:59:00,20076.0,20076.0,20076.0,20076.0,3
TMF,202506,2025-05-01 03:00:00,20080.0,20084.0,20080.0,20084.0,6
TMF,202506,2025-05-01 03:01:00,20085.0,20092.0,20085.0,20092.0,4
TMF,202506,2025-05-01 03:02:00,20085.0,20085.0,20082.0,20082.0,3
TMF,202506,2025-05-01 03:03:00,20086.0,20086.0,20086.0,20086.0,1
TMF,202506,2025-05-01 03:05:00,20090.0,20090.0,20090.0,20090.0,1
TMF,202506,2025-05-01 03:07:00,20088.0,20088.0,20083.0,20083.0,4
TMF,202506,2025-05-01 03:08:00,20084.0,20084.0,20084.0,20084.0,2
TMF,202506,2025-05-01 03:09:00,20084.0,20084.0,20084.0,20084.0,4
TMF,202506,2025-05-01 03:10:00,20081.0,20081.0,20080.0,20080.0,9
TMF,202506,2025-05-01 03:11:00,20088.0,20090.0,20088.0,20090.0,2
TMF,202506,2025-05-01 03:12:00,20094.0,20099.0,20094.0,20099.0,3
TMF,202506,2025-05-01 03:13:00,20099.0,20099.0,20099.0,20099.0,1
TMF,202506,2025-05-01 03:15:00,20096.0,20096.0,20096.0,20096.0,1
TMF,202506,2025-05-01 03:19:00,20084.0,20084.0,20084.0,20084.0,1
TMF,202506,2025-05-01 03:20:00,20080.0,20080.0,20080.0,20080.0,1
TMF,202506,2025-05-01 03:23:00,20080.0,20080.0,20080.0,20080.0,1
TMF,202506,2025-05-01 03:24:00,20079.0,20079.0,20079.0,20079.0,4
TMF,202506,2025-05-01 03:25:00,20075.0,20075.0,20075.0,20075.0,2
TMF,202506,2025-05-01 03:26:00,20060.0,20060.0,20057.0,20057.0,3
TMF,202506,2025-05-01 03:27:00,20057.0,20064.0,20057.0,20064.0,7
TMF,202506,2025-05-01 03:28:00,20062.0,20062.0,20062.0,20062.0,1
TMF,202506,2025-05-01 03:29:00,20065.0,20065.0,20065.0,20065.0,2
TMF,202506,2025-05-01 03:30:00,20054.0,20054.0,20054.0,20054.0,1
TMF,202506,2025-05-01 03:31:00,20061.0,20061.0,20061.0,20061.0,1
TMF,202506,2025-05-01 03:32:00,20065.0,20065.0,20065.0,20065.0,1
TMF,202506,2025-05-01 03:33:00,20067.0,20067.0,20067.0,20067.0,1
TMF,202506,2025-05-01 03:34:00,20060.0,20060.0,20057.0,20057.0,5
TMF,202506,2025-05-01 03:35:00,20057.0,20057.0,20057.0,20057.0,1
TMF,202506,2025-05-01 03:36:00,20059.0,20059.0,20057.0,20057.0,3
TMF,202506,2025-05-01 03:37:00,20073.0,20073.0,20073.0,20073.0,1
TMF,202506,2025-05-01 03:39:00,20073.0,20073.0,20073.0,20073.0,1
TMF,202506,2025-05-01 03:40:00,20073.0,20073.0,20073.0,20073.0,2
TMF,202506,2025-05-01 03:43:00,20087.0,20087.0,20087.0,20087.0,2
TMF,202506,2025-05-01 03:45:00,20090.0,20096.0,20090.0,20094.0,9
TMF,202506,2025-05-01 03:46:00,20097.0,20100.0,20097.0,20100.0,6
TMF,202506,2025-05-01 03:47:00,20100.0,20104.0,20100.0,20102.0,7
TMF,202506,2025-05-01 03:48:00,20105.0,20111.0,20105.0,20110.0,7
TMF,202506,2025-05-01 03:49:00,20110.0,20110.0,20110.0,20110.0,1
TMF,202506,2025-05-01 03:50:00,20111.0,20147.0,20111.0,20145.0,79
TMF,202506,2025-05-01 03:51:00,20147.0,20150.0,20146.0,20146.0,22
TMF,202506,2025-05-01 03:52:00,20148.0,20154.0,20144.0,20154.0,57
TMF,202506,2025-05-01 03:53:00,20154.0,20158.0,20150.0,20150.0,18
TMF,202506,2025-05-01 03:54:00,20145.0,20148.0,20145.0,20147.0,4
TMF,202506,2025-05-01 03:55:00,20155.0,20160.0,20149.0,20158.0,24
TMF,202506,2025-05-01 03:56:00,20160.0,20185.0,20160.0,20169.0,109
TMF,202506,2025-05-01 03:57:00,20169.0,20169.0,20164.0,20164.0,2
TMF,202506,2025-05-01 03:58:00,20166.0,20167.0,20159.0,20159.0,7
TMF,202506,2025-05-01 03:59:00,20162.0,20162.0,20141.0,20141.0,12
TMF,202506,2025-05-01 04:00:00,20140.0,20140.0,20113.0,20131.0,19
TMF,202506,2025-05-01 04:01:00,20147.0,20173.0,20144.0,20173.0,17
TMF,202506,2025-05-01 04:02:00,20158.0,20158.0,20158.0,20158.0,1
TMF,202506,2025-05-01 04:03:00,20150.0,20161.0,20150.0,20161.0,7
TMF,202506,2025-05-01 04:04:00,20161.0,20161.0,20148.0,20148.0,4
TMF,202506,2025-05-01 04:05:00,20160.0,20180.0,20160.0,20180.0,18
TMF,202506,2025-05-01 04:06:00,20178.0,20198.0,20178.0,20190.0,53
TMF,202506,2025-05-01 04:07:00,20184.0,20184.0,20182.0,20182.0,5
TMF,202506,2025-05-01 04:08:00,20188.0,20192.0,20187.0,20192.0,3
TMF,202506,2025-05-01 04:09:00,20193.0,20200.0,20190.0,20190.0,43
TMF,202506,2025-05-01 04:10:00,20190.0,20195.0,20190.0,20195.0,7
TMF,202506,2025-05-01 04:11:00,20195.0,20198.0,20191.0,20198.0,14
TMF,202506,2025-05-01 04:12:00,20196.0,20207.0,20196.0,20207.0,55
TMF,202506,2025-05-01 04:13:00,20200.0,20211.0,20195.0,20204.0,24
TMF,202506,2025-05-01 04:14:00,20209.0,20214.0,20200.0,20200.0,16
TMF,202506,2025-05-01 04:15:00,20200.0,20212.0,20200.0,20212.0,22
TMF,202506,2025-05-01 04:16:00,20210.0,20214.0,20200.0,20214.0,28
TMF,202506,2025-05-01 04:17:00,20195.0,20205.0,20194.0,20205.0,9
TMF,202506,2025-05-01 04:18:00,20194.0,20194.0,20194.0,20194.0,3
TMF,202506,2025-05-01 04:19:00,20196.0,20214.0,20196.0,20214.0,14
TMF,202506,2025-05-01 04:20:00,20214.0,20215.0,20213.0,20214.0,8
TMF,202506,2025-05-01 04:21:00,20216.0,20225.0,20216.0,20224.0,30
TMF,202506,2025-05-01 04:22:00,20223.0,20230.0,20223.0,20230.0,10
TMF,202506,2025-05-01 04:23:00,20230.0,20230.0,20230.0,20230.0,2
TMF,202506,2025-05-01 04:24:00,20229.0,20240.0,20225.0,20240.0,29
TMF,202506,2025-05-01 04:25:00,20236.0,20236.0,20235.0,20235.0,8
TMF,202506,2025-05-01 04:26:00,20235.0,20235.0,20235.0,20235.0,2
TMF,202506,2025-05-01 04:27:00,20236.0,20236.0,20231.0,20236.0,5
TMF,202506,2025-05-01 04:28:00,20230.0,20237.0,20230.0,20237.0,13
TMF,202506,2025-05-01 04:29:00,20237.0,20241.0,20237.0,20240.0,11
TMF,202506,2025-05-01 04:30:00,20240.0,20241.0,20235.0,20235.0,9
TMF,202506,2025-05-01 04:31:00,20235.0,20245.0,20235.0,20240.0,21
TMF,202506,2025-05-01 04:32:00,20245.0,20250.0,20240.0,20250.0,19
TMF,202506,2025-05-01 04:33:00,20243.0,20256.0,20243.0,20250.0,32
TMF,202506,2025-05-01 04:34:00,20248.0,20251.0,20248.0,20251.0,3
TMF,202506,2025-05-01 04:35:00,20248.0,20250.0,20245.0,20250.0,9
TMF,202506,2025-05-01 04:36:00,20251.0,20254.0,20251.0,20251.0,3
TMF,202506,2025-05-01 04:37:00,20252.0,20252.0,20252.0,20252.0,2
TMF,202506,2025-05-01 04:39:00,20254.0,20260.0,20254.0,20258.0,11
TMF,202506,2025-05-01 04:40:00,20260.0,20265.0,20258.0,20265.0,14
TMF,202506,2025-05-01 04:41:00,20264.0,20264.0,20264.0,20264.0,7
TMF,202506,2025-05-01 04:42:00,20260.0,20264.0,20260.0,20264.0,3
TMF,202506,2025-05-01 04:43:00,20265.0,20265.0,20255.0,20255.0,4
TMF,202506,2025-05-01 04:45:00,20255.0,20255.0,20250.0,20250.0,11
TMF,202506,2025-05-01 04:46:00,20250.0,20257.0,20250.0,20254.0,5
TMF,202506,2025-05-01 04:47:00,20255.0,20255.0,20249.0,20249.0,3
TMF,202506,2025-05-01 04:48:00,20250.0,20250.0,20250.0,20250.0,2
TMF,202506,2025-05-01 04:49:00,20257.0,20259.0,20257.0,20259.0,4
TMF,202506,2025-05-01 04:50:00,20260.0,20261.0,20260.0,20261.0,5
TMF,202506,2025-05-01 04:51:00,20262.0,20275.0,20262.0,20275.0,22
TMF,202506,2025-05-01 04:52:00,20276.0,20297.0,20276.0,20297.0,32
TMF,202506,2025-05-01 04:53:00,20297.0,20300.0,20296.0,20298.0,36
TMF,202506,2025-05-01 04:54:00,20300.0,20315.0,20296.0,20315.0,29
TMF,202506,2025-05-01 04:55:00,20288.0,20307.0,20268.0,20307.0,11
TMF,202506,2025-05-01 04:56:00,20293.0,20300.0,20293.0,20300.0,7
TMF,202506,2025-05-01 04:57:00,20303.0,20315.0,20302.0,20315.0,17
TMF,202506,2025-05-01 04:58:00,20309.0,20312.0,20306.0,20310.0,14
TMF,202506,2025-05-01 04:59:00,20310.0,20325.0,20310.0,20325.0,43
TMF,202507,2025-04-30 15:00:00,19865.0,19865.0,19865.0,19865.0,2
TMF,202507,2025-04-30 15:01:00,19864.0,19864.0,19864.0,19864.0,1
TMF,202507,2025-04-30 15:02:00,19864.0,19864.0,19864.0,19864.0,3
TMF,202507,2025-04-30 15:03:00,19860.0,19860.0,19860.0,19860.0,2
TMF,202507,2025-04-30 15:05:00,19860.0,19860.0,19860.0,19860.0,2
TMF,202507,2025-04-30 15:06:00,19857.0,19857.0,19857.0,19857.0,1
TMF,202507,2025-04-30 15:07:00,19866.0,19866.0,19866.0,19866.0,1
TMF,202507,2025-04-30 15:09:00,19870.0,19870.0,19870.0,19870.0,3
TMF,202507,2025-04-30 15:10:00,19870.0,19874.0,19870.0,19870.0,3
TMF,202507,2025-04-30 15:12:00,19866.0,19866.0,19866.0,19866.0,1
TMF,202507,2025-04-30 15:14:00,19870.0,19870.0,19870.0,19870.0,2
TMF,202507,2025-04-30 15:18:00,19873.0,19874.0,19873.0,19874.0,2
TMF,202507,2025-04-30 15:19:00,19875.0,19875.0,19875.0,19875.0,1
TMF,202507,2025-04-30 15:20:00,19885.0,19885.0,19885.0,19885.0,1
TMF,202507,2025-04-30 15:24:00,19885.0,19888.0,19885.0,19888.0,5
TMF,202507,2025-04-30 15:25:00,19885.0,19885.0,19885.0,19885.0,2
TMF,202507,2025-04-30 15:26:00,19885.0,19889.0,19885.0,19889.0,2
TMF,202507,2025-04-30 15:29:00,19883.0,19883.0,19880.0,19880.0,3
TMF,202507,2025-04-30 15:30:00,19880.0,19880.0,19880.0,19880.0,1
TMF,202507,2025-04-30 15:33:00,19866.0,19866.0,19866.0,19866.0,1
TMF,202507,2025-04-30 15:34:00,19863.0,19866.0,19863.0,19866.0,3
TMF,202507,2025-04-30 15:35:00,19861.0,19861.0,19861.0,19861.0,1
TMF,202507,2025-04-30 15:36:00,19865.0,19865.0,19863.0,19863.0,10
TMF,202507,2025-04-30 15:37:00,19866.0,19866.0,19866.0,19866.0,1
TMF,202507,2025-04-30 15:38:00,19870.0,19870.0,19870.0,19870.0,1
TMF,202507,2025-04-30 15:55:00,19878.0,19879.0,19878.0,19879.0,3
TMF,202507,2025-04-30 15:57:00,19881.0,19886.0,19881.0,19886.0,5
TMF,202507,2025-04-30 15:58:00,19886.0,19886.0,19886.0,19886.0,2
TMF,202507,2025-04-30 15:59:00,19890.0,19890.0,19890.0,19890.0,1
TMF,202507,2025-04-30 16:00:00,19886.0,19886.0,19886.0,19886.0,1
TMF,202507,2025-04-30 16:02:00,19876.0,19876.0,19875.0,19875.0,2
TMF,202507,2025-04-30 16:09:00,19894.0,19894.0,19894.0,19894.0,1
TMF,202507,2025-04-30 16:10:00,19890.0,19890.0,19890.0,19890.0,1
TMF,202507,2025-04-30 16:13:00,19888.0,19889.0,19888.0,19889.0,2
TMF,202507,2025-04-30 16:14:00,19895.0,19895.0,19895.0,19895.0,1
TMF,202507,2025-04-30 16:15:00,19895.0,19900.0,19895.0,19900.0,17
TMF,202507,2025-04-30 16:16:00,19907.0,19910.0,19907.0,19910.0,3
TMF,202507,2025-04-30 16:19:00,19925.0,19925.0,19925.0,19925.0,1
TMF,202507,2025-04-30 16:20:00,19921.0,19921.0,19921.0,19921.0,2
TMF,202507,2025-04-30 16:22:00,19919.0,19919.0,19919.0,19919.0,1
TMF,202507,2025-04-30 16:23:00,19916.0,19916.0,19916.0,19916.0,1
TMF,202507,2025-04-30 16:24:00,19911.0,19911.0,19911.0,19911.0,2
TMF,202507,2025-04-30 16:25:00,19908.0,19908.0,19908.0,19908.0,1
TMF,202507,2025-04-30 16:26:00,19908.0,19908.0,19900.0,19900.0,3
TMF,202507,2025-04-30 16:28:00,19899.0,19899.0,19899.0,19899.0,1
TMF,202507,2025-04-30 16:31:00,19883.0,19883.0,19883.0,19883.0,1
TMF,202507,2025-04-30 16:44:00,19900.0,19900.0,19900.0,19900.0,3
TMF,202507,2025-04-30 16:51:00,19904.0,19904.0,19904.0,19904.0,1
TMF,202507,2025-04-30 16:55:00,19908.0,19908.0,19908.0,19908.0,1
TMF,202507,2025-04-30 16:59:00,19900.0,19900.0,19900.0,19900.0,1
TMF,202507,2025-04-30 17:02:00,19900.0,19900.0,19900.0,19900.0,1
TMF,202507,2025-04-30 17:04:00,19899.0,19903.0,19899.0,19903.0,2
TMF,202507,2025-04-30 17:06:00,19903.0,19903.0,19903.0,19903.0,1
TMF,202507,2025-04-30 17:18:00,19907.0,19907.0,19907.0,19907.0,1
TMF,202507,2025-04-30 17:26:00,19912.0,19912.0,19912.0,19912.0,1
TMF,202507,2025-04-30 17:30:00,19921.0,19928.0,19921.0,19928.0,2
TMF,202507,2025-04-30 17:41:00,19917.0,19917.0,19917.0,19917.0,1
TMF,202507,2025-04-30 17:43:00,19922.0,19922.0,19922.0,19922.0,1
TMF,202507,2025-04-30 17:47:00,19915.0,19915.0,19915.0,19915.0,2
TMF,202507,2025-04-30 17:52:00,19914.0,19915.0,19914.0,19915.0,3
TMF,202507,2025-04-30 18:04:00,19912.0,19912.0,19912.0,19912.0,1
TMF,202507,2025-04-30 18:14:00,19915.0,19915.0,19915.0,19915.0,1
TMF,202507,2025-04-30 18:16:00,19924.0,19924.0,19924.0,19924.0,1
TMF,202507,2025-04-30 18:30:00,19916.0,19916.0,19905.0,19905.0,4
TMF,202507,2025-04-30 18:31:00,19900.0,19900.0,19881.0,19881.0,3
TMF,202507,2025-04-30 18:32:00,19884.0,19884.0,19884.0,19884.0,1
TMF,202507,2025-04-30 18:33:00,19884.0,19884.0,19884.0,19884.0,1
TMF,202507,2025-04-30 18:37:00,19895.0,19895.0,19895.0,19895.0,1
TMF,202507,2025-04-30 18:40:00,19895.0,19895.0,19895.0,19895.0,1
TMF,202507,2025-04-30 18:51:00,19890.0,19890.0,19890.0,19890.0,1
TMF,202507,2025-04-30 18:54:00,19888.0,19888.0,19888.0,19888.0,1
TMF,202507,2025-04-30 18:55:00,19888.0,19888.0,19888.0,19888.0,1
TMF,202507,2025-04-30 19:13:00,19888.0,19888.0,19888.0,19888.0,1
TMF,202507,2025-04-30 19:15:00,19882.0,19888.0,19881.0,19888.0,4
TMF,202507,2025-04-30 19:16:00,19888.0,19888.0,19888.0,19888.0,1
TMF,202507,2025-04-30 19:17:00,19895.0,19895.0,19895.0,19895.0,1
TMF,202507,2025-04-30 19:18:00,19900.0,19900.0,19900.0,19900.0,1
TMF,202507,2025-04-30 19:25:00,19883.0,19883.0,19882.0,19882.0,2
TMF,202507,2025-04-30 19:26:00,19880.0,19880.0,19880.0,19880.0,1
TMF,202507,2025-04-30 19:27:00,19882.0,19882.0,19882.0,19882.0,1
TMF,202507,2025-04-30 19:29:00,19880.0,19880.0,19880.0,19880.0,3
TMF,202507,2025-04-30 19:30:00,19880.0,19880.0,19880.0,19880.0,1
TMF,202507,2025-04-30 19:32:00,19875.0,19875.0,19870.0,19870.0,5
TMF,202507,2025-04-30 19:33:00,19866.0,19866.0,19866.0,19866.0,1
TMF,202507,2025-04-30 19:34:00,19865.0,19865.0,19865.0,19865.0,2
TMF,202507,2025-04-30 19:35:00,19865.0,19865.0,19865.0,19865.0,1
TMF,202507,2025-04-30 19:36:00,19865.0,19865.0,19865.0,19865.0,4
TMF,202507,2025-04-30 19:39:00,19870.0,19870.0,19870.0,19870.0,1
TMF,202507,2025-04-30 19:41:00,19872.0,19872.0,19872.0,19872.0,1
TMF,202507,2025-04-30 19:42:00,19878.0,19878.0,19878.0,19878.0,1
TMF,202507,2025-04-30 19:44:00,19875.0,19875.0,19875.0,19875.0,1
TMF,202507,2025-04-30 19:46:00,19880.0,19880.0,19880.0,19880.0,1
TMF,202507,2025-04-30 19:47:00,19866.0,19866.0,19862.0,19862.0,2
TMF,202507,2025-04-30 20:15:00,19865.0,19865.0,19850.0,19850.0,17
TMF,202507,2025-04-30 20:16:00,19855.0,19855.0,19855.0,19855.0,1
TMF,202507,2025-04-30 20:18:00,19845.0,19845.0,19845.0,19845.0,1
TMF,202507,2025-04-30 20:20:00,19845.0,19845.0,19845.0,19845.0,1
TMF,202507,2025-04-30 20:21:00,19838.0,19838.0,19835.0,19835.0,2
TMF,202507,2025-04-30 20:22:00,19835.0,19835.0,19835.0,19835.0,4
TMF,202507,2025-04-30 20:23:00,19835.0,19835.0,19832.0,19832.0,2
TMF,202507,2025-04-30 20:24:00,19830.0,19830.0,19830.0,19830.0,3
TMF,202507,2025-04-30 20:27:00,19835.0,19835.0,19835.0,19835.0,1
TMF,202507,2025-04-30 20:30:00,19840.0,19850.0,19840.0,19850.0,2
TMF,202507,2025-04-30 20:31:00,19838.0,19838.0,19835.0,19835.0,2
TMF,202507,2025-04-30 20:32:00,19830.0,19830.0,19805.0,19805.0,3
TMF,202507,2025-04-30 20:33:00,19814.0,19814.0,19814.0,19814.0,1
TMF,202507,2025-04-30 20:36:00,19805.0,19805.0,19800.0,19800.0,11
TMF,202507,2025-04-30 20:37:00,19797.0,19797.0,19793.0,19793.0,3
TMF,202507,2025-04-30 20:38:00,19800.0,19800.0,19795.0,19800.0,25
TMF,202507,2025-04-30 20:40:00,19788.0,19788.0,19788.0,19788.0,2
TMF,202507,2025-04-30 20:41:00,19785.0,19785.0,19755.0,19755.0,11
TMF,202507,2025-04-30 20:42:00,19750.0,19755.0,19750.0,19755.0,5
TMF,202507,2025-04-30 20:43:00,19758.0,19758.0,19758.0,19758.0,2
TMF,202507,2025-04-30 20:44:00,19760.0,19760.0,19756.0,19756.0,4
TMF,202507,2025-04-30 20:45:00,19755.0,19755.0,19730.0,19730.0,17
TMF,202507,2025-04-30 20:46:00,19730.0,19730.0,19730.0,19730.0,6
TMF,202507,2025-04-30 20:47:00,19719.0,19723.0,19706.0,19706.0,21
TMF,202507,2025-04-30 20:48:00,19705.0,19705.0,19690.0,19699.0,16
TMF,202507,2025-04-30 20:49:00,19710.0,19721.0,19710.0,19717.0,6
TMF,202507,2025-04-30 20:50:00,19731.0,19731.0,19731.0,19731.0,2
TMF,202507,2025-04-30 20:51:00,19720.0,19720.0,19712.0,19712.0,7
TMF,202507,2025-04-30 20:52:00,19696.0,19700.0,19696.0,19700.0,5
TMF,202507,2025-04-30 20:53:00,19709.0,19709.0,19709.0,19709.0,1
TMF,202507,2025-04-30 20:55:00,19710.0,19710.0,19710.0,19710.0,2
TMF,202507,2025-04-30 20:56:00,19720.0,19720.0,19720.0,19720.0,1
TMF,202507,2025-04-30 20:58:00,19719.0,19723.0,19715.0,19715.0,12
TMF,202507,2025-04-30 20:59:00,19713.0,19713.0,19706.0,19706.0,7
TMF,202507,2025-04-30 21:00:00,19703.0,19703.0,19687.0,19688.0,24
TMF,202507,2025-04-30 21:01:00,19689.0,19689.0,19684.0,19688.0,6
TMF,202507,2025-04-30 21:02:00,19698.0,19706.0,19697.0,19697.0,3
TMF,202507,2025-04-30 21:04:00,19697.0,19697.0,19697.0,19697.0,1
TMF,202507,2025-04-30 21:06:00,19687.0,19687.0,19684.0,19684.0,6
TMF,202507,2025-04-30 21:07:00,19685.0,19685.0,19680.0,19684.0,6
TMF,202507,2025-04-30 21:09:00,19682.0,19682.0,19680.0,19680.0,4
TMF,202507,2025-04-30 21:10:00,19680.0,19688.0,19679.0,19688.0,4
TMF,202507,2025-04-30 21:12:00,19688.0,19688.0,19688.0,19688.0,1
TMF,202507,2025-04-30 21:13:00,19694.0,19694.0,19690.0,19690.0,2
TMF,202507,2025-04-30 21:14:00,19678.0,19678.0,19677.0,19677.0,5
TMF,202507,2025-04-30 21:15:00,19679.0,19679.0,19677.0,19678.0,6
TMF,202507,2025-04-30 21:16:00,19686.0,19686.0,19686.0,19686.0,1
TMF,202507,2025-04-30 21:18:00,19686.0,19690.0,19686.0,19690.0,2
TMF,202507,2025-04-30 21:19:00,19689.0,19690.0,19689.0,19690.0,5
TMF,202507,2025-04-30 21:20:00,19690.0,19690.0,19690.0,19690.0,1
TMF,202507,2025-04-30 21:21:00,19700.0,19700.0,19700.0,19700.0,2
TMF,202507,2025-04-30 21:22:00,19700.0,19711.0,19700.0,19711.0,4
TMF,202507,2025-04-30 21:23:00,19705.0,19705.0,19701.0,19701.0,2
TMF,202507,2025-04-30 21:24:00,19695.0,19695.0,19695.0,19695.0,1
TMF,202507,2025-04-30 21:27:00,19700.0,19700.0,19700.0,19700.0,1
TMF,202507,2025-04-30 21:30:00,19698.0,19698.0,19678.0,19683.0,8
TMF,202507,2025-04-30 21:31:00,19673.0,19673.0,19654.0,19660.0,13
TMF,202507,2025-04-30 21:32:00,19659.0,19671.0,19659.0,19671.0,5
TMF,202507,2025-04-30 21:33:00,19673.0,19674.0,19673.0,19674.0,2
TMF,202507,2025-04-30 21:34:00,19701.0,19701.0,19701.0,19701.0,6
TMF,202507,2025-04-30 21:35:00,19703.0,19703.0,19690.0,19690.0,2
TMF,202507,2025-04-30 21:36:00,19680.0,19680.0,19680.0,19680.0,2
TMF,202507,2025-04-30 21:37:00,19674.0,19674.0,19660.0,19660.0,6
TMF,202507,2025-04-30 21:38:00,19666.0,19666.0,19656.0,19656.0,4
TMF,202507,2025-04-30 21:39:00,19655.0,19655.0,19655.0,19655.0,1
TMF,202507,2025-04-30 21:40:00,19643.0,19643.0,19626.0,19631.0,12
TMF,202507,2025-04-30 21:41:00,19630.0,19634.0,19625.0,19626.0,9
TMF,202507,2025-04-30 21:42:00,19633.0,19633.0,19627.0,19627.0,5
TMF,202507,2025-04-30 21:43:00,19625.0,19629.0,19616.0,19629.0,5
TMF,202507,2025-04-30 21:44:00,19634.0,19638.0,19634.0,19638.0,3
TMF,202507,2025-04-30 21:46:00,19650.0,19651.0,19639.0,19639.0,7
TMF,202507,2025-04-30 21:47:00,19650.0,19655.0,19650.0,19655.0,3
TMF,202507,2025-04-30 21:48:00,19655.0,19670.0,19655.0,19670.0,15
TMF,202507,2025-04-30 21:49:00,19670.0,19675.0,19670.0,19675.0,8
TMF,202507,2025-04-30 21:50:00,19663.0,19663.0,19661.0,19661.0,4
TMF,202507,2025-04-30 21:51:00,19661.0,19661.0,19658.0,19658.0,3
TMF,202507,2025-04-30 21:52:00,19658.0,19658.0,19658.0,19658.0,1
TMF,202507,2025-04-30 21:53:00,19644.0,19644.0,19644.0,19644.0,1
TMF,202507,2025-04-30 21:54:00,19630.0,19638.0,19630.0,19638.0,4
TMF,202507,2025-04-30 21:55:00,19650.0,19650.0,19650.0,19650.0,3
TMF,202507,2025-04-30 21:56:00,19630.0,19630.0,19626.0,19626.0,3
TMF,202507,2025-04-30 21:57:00,19625.0,19625.0,19616.0,19616.0,8
TMF,202507,2025-04-30 21:58:00,19616.0,19616.0,19613.0,19613.0,8
TMF,202507,2025-04-30 21:59:00,19610.0,19610.0,19610.0,19610.0,1
TMF,202507,2025-04-30 22:00:00,19616.0,19629.0,19616.0,19629.0,2
TMF,202507,2025-04-30 22:01:00,19655.0,19675.0,19654.0,19675.0,11
TMF,202507,2025-04-30 22:05:00,19675.0,19679.0,19675.0,19679.0,4
TMF,202507,2025-04-30 22:06:00,19685.0,19685.0,19674.0,19674.0,5
TMF,202507,2025-04-30 22:07:00,19670.0,19670.0,19658.0,19660.0,3
TMF,202507,2025-04-30 22:08:00,19660.0,19666.0,19659.0,19666.0,4
TMF,202507,2025-04-30 22:09:00,19670.0,19688.0,19670.0,19688.0,7
TMF,202507,2025-04-30 22:10:00,19678.0,19678.0,19678.0,19678.0,1
TMF,202507,2025-04-30 22:11:00,19689.0,19689.0,19675.0,19676.0,3
TMF,202507,2025-04-30 22:12:00,19675.0,19675.0,19675.0,19675.0,1
TMF,202507,2025-04-30 22:14:00,19689.0,19689.0,19689.0,19689.0,1
TMF,202507,2025-04-30 22:15:00,19685.0,19685.0,19685.0,19685.0,1
TMF,202507,2025-04-30 22:16:00,19685.0,19685.0,19685.0,19685.0,1
TMF,202507,2025-04-30 22:18:00,19687.0,19687.0,19687.0,19687.0,1
TMF,202507,2025-04-30 22:19:00,19697.0,19697.0,19697.0,19697.0,3
TMF,202507,2025-04-30 22:21:00,19692.0,19692.0,19692.0,19692.0,1
TMF,202507,2025-04-30 22:22:00,19690.0,19690.0,19690.0,19690.0,1
TMF,202507,2025-04-30 22:24:00,19700.0,19709.0,19700.0,19709.0,3
TMF,202507,2025-04-30 22:26:00,19715.0,19719.0,19715.0,19719.0,4
TMF,202507,2025-04-30 22:27:00,19718.0,19718.0,19710.0,19710.0,2
TMF,202507,2025-04-30 22:29:00,19718.0,19722.0,19718.0,19722.0,5
TMF,202507,2025-04-30 22:30:00,19720.0,19720.0,19720.0,19720.0,1
TMF,202507,2025-04-30 22:31:00,19725.0,19725.0,19725.0,19725.0,1
TMF,202507,2025-04-30 22:32:00,19730.0,19730.0,19724.0,19724.0,3
TMF,202507,2025-04-30 22:33:00,19725.0,19728.0,19725.0,19728.0,2
TMF,202507,2025-04-30 22:34:00,19724.0,19724.0,19717.0,19717.0,8
TMF,202507,2025-04-30 22:35:00,19706.0,19706.0,19703.0,19705.0,6
TMF,202507,2025-04-30 22:36:00,19704.0,19704.0,19700.0,19700.0,4
TMF,202507,2025-04-30 22:38:00,19697.0,19697.0,19689.0,19689.0,6
TMF,202507,2025-04-30 22:39:00,19700.0,19700.0,19700.0,19700.0,3
TMF,202507,2025-04-30 22:40:00,19703.0,19703.0,19700.0,19700.0,2
TMF,202507,2025-04-30 22:41:00,19686.0,19686.0,19686.0,19686.0,1
TMF,202507,2025-04-30 22:42:00,19685.0,19694.0,19681.0,19694.0,8
TMF,202507,2025-04-30 22:43:00,19706.0,19708.0,19706.0,19708.0,2
TMF,202507,2025-04-30 22:44:00,19720.0,19720.0,19720.0,19720.0,1
TMF,202507,2025-04-30 22:45:00,19715.0,19715.0,19715.0,19715.0,1
TMF,202507,2025-04-30 22:47:00,19710.0,19710.0,19710.0,19710.0,2
TMF,202507,2025-04-30 22:48:00,19720.0,19720.0,19715.0,19715.0,2
TMF,202507,2025-04-30 22:49:00,19710.0,19710.0,19710.0,19710.0,1
TMF,202507,2025-04-30 22:50:00,19700.0,19700.0,19700.0,19700.0,1
TMF,202507,2025-04-30 22:52:00,19705.0,19705.0,19705.0,19705.0,2
TMF,202507,2025-04-30 22:57:00,19725.0,19730.0,19725.0,19728.0,8
TMF,202507,2025-04-30 22:58:00,19736.0,19736.0,19736.0,19736.0,1
TMF,202507,2025-04-30 22:59:00,19738.0,19738.0,19724.0,19724.0,4
TMF,202507,2025-04-30 23:01:00,19746.0,19750.0,19738.0,19738.0,3
TMF,202507,2025-04-30 23:02:00,19744.0,19744.0,19744.0,19744.0,1
TMF,202507,2025-04-30 23:03:00,19748.0,19748.0,19748.0,19748.0,1
TMF,202507,2025-04-30 23:04:00,19748.0,19748.0,19748.0,19748.0,3
TMF,202507,2025-04-30 23:07:00,19750.0,19753.0,19750.0,19750.0,6
TMF,202507,2025-04-30 23:09:00,19750.0,19750.0,19750.0,19750.0,1
TMF,202507,2025-04-30 23:10:00,19750.0,19750.0,19750.0,19750.0,1
TMF,202507,2025-04-30 23:12:00,19758.0,19758.0,19758.0,19758.0,2
TMF,202507,2025-04-30 23:13:00,19758.0,19758.0,19758.0,19758.0,2
TMF,202507,2025-04-30 23:14:00,19760.0,19760.0,19758.0,19758.0,7
TMF,202507,2025-04-30 23:19:00,19750.0,19750.0,19750.0,19750.0,1
TMF,202507,2025-04-30 23:21:00,19758.0,19766.0,19758.0,19766.0,5
TMF,202507,2025-04-30 23:22:00,19775.0,19776.0,19775.0,19776.0,3
TMF,202507,2025-04-30 23:23:00,19780.0,19785.0,19776.0,19776.0,7
TMF,202507,2025-04-30 23:24:00,19770.0,19770.0,19770.0,19770.0,3
TMF,202507,2025-04-30 23:25:00,19760.0,19760.0,19744.0,19744.0,2
TMF,202507,2025-04-30 23:26:00,19745.0,19745.0,19745.0,19745.0,1
TMF,202507,2025-04-30 23:28:00,19754.0,19760.0,19754.0,19760.0,2
TMF,202507,2025-04-30 23:30:00,19760.0,19760.0,19760.0,19760.0,1
TMF,202507,2025-04-30 23:31:00,19762.0,19762.0,19762.0,19762.0,1
TMF,202507,2025-04-30 23:33:00,19755.0,19755.0,19755.0,19755.0,1
TMF,202507,2025-04-30 23:34:00,19760.0,19760.0,19760.0,19760.0,1
TMF,202507,2025-04-30 23:38:00,19760.0,19760.0,19760.0,19760.0,1
TMF,202507,2025-04-30 23:39:00,19759.0,19759.0,19759.0,19759.0,1
TMF,202507,2025-04-30 23:44:00,19755.0,19769.0,19755.0,19769.0,5
TMF,202507,2025-04-30 23:55:00,19755.0,19755.0,19755.0,19755.0,1
TMF,202507,2025-04-30 23:56:00,19760.0,19760.0,19760.0,19760.0,1
TMF,202507,2025-04-30 23:59:00,19760.0,19760.0,19760.0,19760.0,1
TMF,202507,2025-05-01 00:01:00,19762.0,19762.0,19762.0,19762.0,1
TMF,202507,2025-05-01 00:03:00,19762.0,19762.0,19762.0,19762.0,1
TMF,202507,2025-05-01 00:05:00,19773.0,19773.0,19773.0,19773.0,2
TMF,202507,2025-05-01 00:06:00,19780.0,19785.0,19780.0,19785.0,5
TMF,202507,2025-05-01 00:10:00,19776.0,19776.0,19776.0,19776.0,1
TMF,202507,2025-05-01 00:17:00,19760.0,19760.0,19760.0,19760.0,1
TMF,202507,2025-05-01 00:22:00,19750.0,19750.0,19742.0,19742.0,2
TMF,202507,2025-05-01 00:25:00,19732.0,19732.0,19732.0,19732.0,1
TMF,202507,2025-05-01 00:26:00,19728.0,19728.0,19728.0,19728.0,1
TMF,202507,2025-05-01 00:28:00,19728.0,19728.0,19728.0,19728.0,6
TMF,202507,2025-05-01 00:30:00,19731.0,19731.0,19725.0,19725.0,2
TMF,202507,2025-05-01 00:31:00,19722.0,19722.0,19722.0,19722.0,2
TMF,202507,2025-05-01 00:33:00,19725.0,19725.0,19725.0,19725.0,1
TMF,202507,2025-05-01 00:35:00,19730.0,19730.0,19730.0,19730.0,1
TMF,202507,2025-05-01 00:37:00,19740.0,19740.0,19740.0,19740.0,1
TMF,202507,2025-05-01 01:06:00,19740.0,19740.0,19740.0,19740.0,1
TMF,202507,2025-05-01 01:10:00,19725.0,19725.0,19715.0,19715.0,5
TMF,202507,2025-05-01 01:12:00,19707.0,19707.0,19705.0,19705.0,2
TMF,202507,2025-05-01 01:13:00,19700.0,19700.0,19700.0,19700.0,1
TMF,202507,2025-05-01 01:14:00,19705.0,19705.0,19705.0,19705.0,1
TMF,202507,2025-05-01 01:16:00,19710.0,19710.0,19710.0,19710.0,1
TMF,202507,2025-05-01 01:26:00,19750.0,19750.0,19750.0,19750.0,12
TMF,202507,2025-05-01 01:34:00,19768.0,19768.0,19768.0,19768.0,1
TMF,202507,2025-05-01 01:35:00,19779.0,19779.0,19779.0,19779.0,1
TMF,202507,2025-05-01 01:36:00,19780.0,19780.0,19780.0,19780.0,1
TMF,202507,2025-05-01 01:37:00,19785.0,19785.0,19785.0,19785.0,1
TMF,202507,2025-05-01 01:38:00,19790.0,19791.0,19790.0,19791.0,2
TMF,202507,2025-05-01 01:40:00,19789.0,19790.0,19789.0,19790.0,5
TMF,202507,2025-05-01 01:41:00,19790.0,19790.0,19790.0,19790.0,1
TMF,202507,2025-05-01 01:43:00,19795.0,19797.0,19795.0,19797.0,4
TMF,202507,2025-05-01 01:44:00,19800.0,19803.0,19800.0,19803.0,13
TMF,202507,2025-05-01 01:45:00,19803.0,19803.0,19803.0,19803.0,1
TMF,202507,2025-05-01 01:53:00,19810.0,19810.0,19810.0,19810.0,1
TMF,202507,2025-05-01 01:55:00,19819.0,19825.0,19819.0,19825.0,4
TMF,202507,2025-05-01 01:59:00,19825.0,19825.0,19825.0,19825.0,1
TMF,202507,2025-05-01 02:04:00,19799.0,19799.0,19799.0,19799.0,1
TMF,202507,2025-05-01 02:07:00,19820.0,19830.0,19820.0,19830.0,3
TMF,202507,2025-05-01 02:09:00,19836.0,19836.0,19836.0,19836.0,1
TMF,202507,2025-05-01 02:14:00,19843.0,19843.0,19843.0,19843.0,2
TMF,202507,2025-05-01 02:18:00,19849.0,19849.0,19849.0,19849.0,1
TMF,202507,2025-05-01 02:26:00,19845.0,19845.0,19845.0,19845.0,1
TMF,202507,2025-05-01 02:29:00,19845.0,19846.0,19845.0,19845.0,4
TMF,202507,2025-05-01 02:30:00,19849.0,19849.0,19849.0,19849.0,1
TMF,202507,2025-05-01 02:36:00,19827.0,19827.0,19827.0,19827.0,1
TMF,202507,2025-05-01 02:37:00,19825.0,19825.0,19820.0,19820.0,2
TMF,202507,2025-05-01 02:38:00,19821.0,19821.0,19820.0,19820.0,2
TMF,202507,2025-05-01 02:39:00,19811.0,19811.0,19803.0,19803.0,2
TMF,202507,2025-05-01 02:48:00,19834.0,19834.0,19834.0,19834.0,1
TMF,202507,2025-05-01 02:49:00,19840.0,19840.0,19840.0,19840.0,1
TMF,202507,2025-05-01 03:21:00,19823.0,19823.0,19823.0,19823.0,1
TMF,202507,2025-05-01 03:37:00,19823.0,19823.0,19823.0,19823.0,1
TMF,202507,2025-05-01 03:44:00,19835.0,19835.0,19835.0,19835.0,1
TMF,202507,2025-05-01 03:45:00,19840.0,19840.0,19840.0,19840.0,4
TMF,202507,2025-05-01 03:46:00,19840.0,19840.0,19840.0,19840.0,1
TMF,202507,2025-05-01 03:47:00,19849.0,19849.0,19849.0,19849.0,3
TMF,202507,2025-05-01 03:48:00,19849.0,19850.0,19849.0,19850.0,7
TMF,202507,2025-05-01 03:49:00,19849.0,19849.0,19849.0,19849.0,1
TMF,202507,2025-05-01 03:50:00,19873.0,19880.0,19873.0,19880.0,7
TMF,202507,2025-05-01 03:51:00,19886.0,19886.0,19886.0,19886.0,2
TMF,202507,2025-05-01 03:52:00,19888.0,19888.0,19888.0,19888.0,7
TMF,202507,2025-05-01 03:53:00,19888.0,19888.0,19888.0,19888.0,2
TMF,202507,2025-05-01 03:56:00,19898.0,19915.0,19898.0,19915.0,20
TMF,202507,2025-05-01 04:06:00,19920.0,19921.0,19920.0,19921.0,4
TMF,202507,2025-05-01 04:12:00,19928.0,19935.0,19928.0,19935.0,4
TMF,202507,2025-05-01 04:13:00,19940.0,19940.0,19940.0,19940.0,1
TMF,202507,2025-05-01 04:14:00,19940.0,19940.0,19940.0,19940.0,2
TMF,202507,2025-05-01 04:16:00,19938.0,19938.0,19938.0,19938.0,1
TMF,202507,2025-05-01 04:19:00,19929.0,19940.0,19929.0,19940.0,2
TMF,202507,2025-05-01 04:21:00,19950.0,19950.0,19950.0,19950.0,4
TMF,202507,2025-05-01 04:22:00,19955.0,19960.0,19955.0,19960.0,2
TMF,202507,2025-05-01 04:23:00,19960.0,19960.0,19960.0,19960.0,3
TMF,202507,2025-05-01 04:29:00,19965.0,19965.0,19965.0,19965.0,1
TMF,202507,2025-05-01 04:32:00,19970.0,19970.0,19970.0,19970.0,1
TMF,202507,2025-05-01 04:33:00,19975.0,19975.0,19975.0,19975.0,4
TMF,202507,2025-05-01 04:34:00,19972.0,19972.0,19972.0,19972.0,1
TMF,202507,2025-05-01 04:35:00,19971.0,19971.0,19970.0,19970.0,3
TMF,202507,2025-05-01 04:36:00,19974.0,19974.0,19974.0,19974.0,2
TMF,202507,2025-05-01 04:38:00,19971.0,19971.0,19971.0,19971.0,1
TMF,202507,2025-05-01 04:39:00,19978.0,19979.0,19978.0,19979.0,5
TMF,202507,2025-05-01 04:40:00,19979.0,19980.0,19979.0,19980.0,3
TMF,202507,2025-05-01 04:41:00,19985.0,19985.0,19982.0,19982.0,2
TMF,202507,2025-05-01 04:42:00,19979.0,19979.0,19979.0,19979.0,1
TMF,202507,2025-05-01 04:43:00,19980.0,19980.0,19980.0,19980.0,2
TMF,202507,2025-05-01 04:47:00,19980.0,19980.0,19980.0,19980.0,5
TMF,202507,2025-05-01 04:48:00,19980.0,19980.0,19980.0,19980.0,1
TMF,202507,2025-05-01 04:51:00,19985.0,19990.0,19985.0,19990.0,5
TMF,202507,2025-05-01 04:52:00,19999.0,20005.0,19999.0,20005.0,12
TMF,202507,2025-05-01 04:54:00,20007.0,20007.0,20006.0,20006.0,2
TMF,202507,2025-05-01 04:56:00,20011.0,20011.0,20011.0,20011.0,2
TMF,202507,2025-05-01 04:57:00,20020.0,20028.0,20020.0,20028.0,6
TMF,202507,2025-05-01 04:58:00,20030.0,20030.0,20030.0,20030.0,3
TMF,202507,2025-05-01 04:59:00,20035.0,20039.0,20035.0,20035.0,12
TMF,202509,2025-04-30 15:00:00,19730.0,19730.0,19730.0,19730.0,1
TMF,202509,2025-04-30 15:06:00,19732.0,19732.0,19732.0,19732.0,3
TMF,202509,2025-04-30 15:07:00,19740.0,19740.0,19740.0,19740.0,1
TMF,202509,2025-04-30 15:08:00,19740.0,19740.0,19740.0,19740.0,1
TMF,202509,2025-04-30 15:19:00,19750.0,19750.0,19750.0,19750.0,3
TMF,202509,2025-04-30 15:21:00,19752.0,19752.0,19752.0,19752.0,1
TMF,202509,2025-04-30 15:23:00,19752.0,19752.0,19752.0,19752.0,1
TMF,202509,2025-04-30 15:24:00,19755.0,19759.0,19755.0,19759.0,2
TMF,202509,2025-04-30 15:25:00,19759.0,19759.0,19759.0,19759.0,2
TMF,202509,2025-04-30 15:27:00,19761.0,19763.0,19761.0,19763.0,3
TMF,202509,2025-04-30 15:31:00,19740.0,19740.0,19740.0,19740.0,1
TMF,202509,2025-04-30 15:32:00,19741.0,19741.0,19739.0,19739.0,3
TMF,202509,2025-04-30 15:59:00,19760.0,19760.0,19760.0,19760.0,1
TMF,202509,2025-04-30 16:08:00,19763.0,19763.0,19763.0,19763.0,3
TMF,202509,2025-04-30 16:09:00,19763.0,19767.0,19763.0,19767.0,2
TMF,202509,2025-04-30 16:14:00,19766.0,19766.0,19766.0,19766.0,1
TMF,202509,2025-04-30 16:15:00,19769.0,19781.0,19769.0,19781.0,9
TMF,202509,2025-04-30 16:16:00,19783.0,19785.0,19783.0,19785.0,3
TMF,202509,2025-04-30 16:18:00,19780.0,19780.0,19780.0,19780.0,4
TMF,202509,2025-04-30 16:19:00,19787.0,19793.0,19787.0,19793.0,5
TMF,202509,2025-04-30 16:20:00,19793.0,19793.0,19793.0,19793.0,1
TMF,202509,2025-04-30 16:24:00,19780.0,19780.0,19780.0,19780.0,1
TMF,202509,2025-04-30 16:38:00,19755.0,19755.0,19755.0,19755.0,1
TMF,202509,2025-04-30 16:51:00,19778.0,19778.0,19778.0,19778.0,1
TMF,202509,2025-04-30 16:54:00,19778.0,19778.0,19778.0,19778.0,1
TMF,202509,2025-04-30 17:18:00,19773.0,19773.0,19773.0,19773.0,1
TMF,202509,2025-04-30 17:24:00,19770.0,19770.0,19770.0,19770.0,1
TMF,202509,2025-04-30 17:30:00,19790.0,19795.0,19790.0,19795.0,2
TMF,202509,2025-04-30 17:36:00,19790.0,19790.0,19790.0,19790.0,1
TMF,202509,2025-04-30 17:42:00,19790.0,19790.0,19790.0,19790.0,1
TMF,202509,2025-04-30 17:53:00,19789.0,19789.0,19789.0,19789.0,1
TMF,202509,2025-04-30 17:56:00,19790.0,19790.0,19790.0,19790.0,1
TMF,202509,2025-04-30 18:05:00,19778.0,19778.0,19778.0,19778.0,1
TMF,202509,2025-04-30 18:10:00,19778.0,19778.0,19778.0,19778.0,1
TMF,202509,2025-04-30 18:16:00,19797.0,19797.0,19797.0,19797.0,1
TMF,202509,2025-04-30 18:30:00,19779.0,19779.0,19779.0,19779.0,1
TMF,202509,2025-04-30 18:32:00,19759.0,19759.0,19759.0,19759.0,1
TMF,202509,2025-04-30 18:44:00,19747.0,19747.0,19747.0,19747.0,1
TMF,202509,2025-04-30 18:45:00,19759.0,19759.0,19745.0,19745.0,3
TMF,202509,2025-04-30 18:52:00,19765.0,19765.0,19765.0,19765.0,1
TMF,202509,2025-04-30 18:54:00,19752.0,19752.0,19752.0,19752.0,1
TMF,202509,2025-04-30 19:02:00,19763.0,19763.0,19763.0,19763.0,2
TMF,202509,2025-04-30 19:20:00,19760.0,19760.0,19760.0,19760.0,1
TMF,202509,2025-04-30 19:21:00,19759.0,19759.0,19759.0,19759.0,1
TMF,202509,2025-04-30 19:28:00,19752.0,19752.0,19752.0,19752.0,2
TMF,202509,2025-04-30 19:33:00,19741.0,19741.0,19741.0,19741.0,1
TMF,202509,2025-04-30 19:34:00,19741.0,19741.0,19741.0,19741.0,1
TMF,202509,2025-04-30 19:36:00,19736.0,19736.0,19736.0,19736.0,2
TMF,202509,2025-04-30 19:38:00,19740.0,19740.0,19740.0,19740.0,1
TMF,202509,2025-04-30 19:40:00,19734.0,19734.0,19734.0,19734.0,1
TMF,202509,2025-04-30 20:00:00,19750.0,19750.0,19750.0,19750.0,1
TMF,202509,2025-04-30 20:14:00,19747.0,19747.0,19747.0,19747.0,1
TMF,202509,2025-04-30 20:15:00,19725.0,19725.0,19725.0,19725.0,2
TMF,202509,2025-04-30 20:16:00,19725.0,19725.0,19725.0,19725.0,1
TMF,202509,2025-04-30 20:19:00,19718.0,19718.0,19718.0,19718.0,3
TMF,202509,2025-04-30 20:20:00,19718.0,19718.0,19718.0,19718.0,1
TMF,202509,2025-04-30 20:21:00,19721.0,19721.0,19708.0,19708.0,4
TMF,202509,2025-04-30 20:22:00,19708.0,19708.0,19705.0,19705.0,2
TMF,202509,2025-04-30 20:23:00,19705.0,19705.0,19705.0,19705.0,1
TMF,202509,2025-04-30 20:24:00,19704.0,19704.0,19700.0,19700.0,4
TMF,202509,2025-04-30 20:30:00,19710.0,19710.0,19710.0,19710.0,1
TMF,202509,2025-04-30 20:31:00,19700.0,19700.0,19700.0,19700.0,3
TMF,202509,2025-04-30 20:32:00,19694.0,19694.0,19680.0,19680.0,11
TMF,202509,2025-04-30 20:34:00,19692.0,19692.0,19692.0,19692.0,2
TMF,202509,2025-04-30 20:35:00,19704.0,19704.0,19704.0,19704.0,1
TMF,202509,2025-04-30 20:36:00,19690.0,19690.0,19674.0,19674.0,7
TMF,202509,2025-04-30 20:37:00,19672.0,19672.0,19670.0,19670.0,4
TMF,202509,2025-04-30 20:39:00,19668.0,19668.0,19666.0,19666.0,4
TMF,202509,2025-04-30 20:40:00,19664.0,19664.0,19658.0,19658.0,5
TMF,202509,2025-04-30 20:41:00,19656.0,19656.0,19628.0,19628.0,19
TMF,202509,2025-04-30 20:42:00,19626.0,19626.0,19623.0,19624.0,5
TMF,202509,2025-04-30 20:45:00,19625.0,19625.0,19602.0,19602.0,18
TMF,202509,2025-04-30 20:46:00,19611.0,19611.0,19592.0,19592.0,11
TMF,202509,2025-04-30 20:47:00,19592.0,19592.0,19578.0,19578.0,14
TMF,202509,2025-04-30 20:48:00,19576.0,19576.0,19566.0,19566.0,7
TMF,202509,2025-04-30 20:51:00,19590.0,19590.0,19583.0,19583.0,2
TMF,202509,2025-04-30 20:53:00,19583.0,19590.0,19583.0,19590.0,2
TMF,202509,2025-04-30 21:00:00,19576.0,19576.0,19560.0,19560.0,8
TMF,202509,2025-04-30 21:01:00,19560.0,19560.0,19560.0,19560.0,1
TMF,202509,2025-04-30 21:02:00,19573.0,19573.0,19573.0,19573.0,1
TMF,202509,2025-04-30 21:03:00,19576.0,19576.0,19576.0,19576.0,5
TMF,202509,2025-04-30 21:05:00,19588.0,19588.0,19588.0,19588.0,1
TMF,202509,2025-04-30 21:06:00,19577.0,19577.0,19559.0,19559.0,15
TMF,202509,2025-04-30 21:07:00,19558.0,19558.0,19554.0,19554.0,4
TMF,202509,2025-04-30 21:08:00,19560.0,19560.0,19560.0,19560.0,1
TMF,202509,2025-04-30 21:11:00,19570.0,19570.0,19570.0,19570.0,1
TMF,202509,2025-04-30 21:12:00,19560.0,19560.0,19559.0,19559.0,4
TMF,202509,2025-04-30 21:14:00,19552.0,19552.0,19548.0,19548.0,6
TMF,202509,2025-04-30 21:15:00,19550.0,19550.0,19548.0,19548.0,2
TMF,202509,2025-04-30 21:16:00,19560.0,19560.0,19553.0,19553.0,2
TMF,202509,2025-04-30 21:17:00,19550.0,19550.0,19550.0,19550.0,2
TMF,202509,2025-04-30 21:18:00,19562.0,19562.0,19562.0,19562.0,1
TMF,202509,2025-04-30 21:21:00,19589.0,19589.0,19589.0,19589.0,2
TMF,202509,2025-04-30 21:23:00,19587.0,19588.0,19587.0,19588.0,2
TMF,202509,2025-04-30 21:24:00,19575.0,19575.0,19575.0,19575.0,1
TMF,202509,2025-04-30 21:29:00,19575.0,19575.0,19575.0,19575.0,1
TMF,202509,2025-04-30 21:30:00,19560.0,19560.0,19551.0,19551.0,2
TMF,202509,2025-04-30 21:31:00,19546.0,19546.0,19530.0,19530.0,11
TMF,202509,2025-04-30 21:32:00,19543.0,19543.0,19543.0,19543.0,1
TMF,202509,2025-04-30 21:33:00,19545.0,19545.0,19545.0,19545.0,1
TMF,202509,2025-04-30 21:36:00,19560.0,19560.0,19559.0,19560.0,6
TMF,202509,2025-04-30 21:37:00,19537.0,19537.0,19526.0,19526.0,9
TMF,202509,2025-04-30 21:38:00,19530.0,19530.0,19530.0,19530.0,1
TMF,202509,2025-04-30 21:39:00,19525.0,19525.0,19520.0,19520.0,4
TMF,202509,2025-04-30 21:40:00,19525.0,19525.0,19510.0,19510.0,15
TMF,202509,2025-04-30 21:41:00,19508.0,19509.0,19504.0,19504.0,6
TMF,202509,2025-04-30 21:42:00,19502.0,19504.0,19502.0,19504.0,2
TMF,202509,2025-04-30 21:43:00,19500.0,19501.0,19496.0,19496.0,8
TMF,202509,2025-04-30 21:44:00,19496.0,19496.0,19496.0,19496.0,1
TMF,202509,2025-04-30 21:46:00,19520.0,19520.0,19520.0,19520.0,1
TMF,202509,2025-04-30 21:47:00,19520.0,19520.0,19520.0,19520.0,1
TMF,202509,2025-04-30 21:48:00,19537.0,19537.0,19537.0,19537.0,1
TMF,202509,2025-04-30 21:49:00,19537.0,19537.0,19537.0,19537.0,1
TMF,202509,2025-04-30 21:51:00,19534.0,19534.0,19534.0,19534.0,1
TMF,202509,2025-04-30 21:52:00,19508.0,19508.0,19508.0,19508.0,1
TMF,202509,2025-04-30 21:53:00,19507.0,19507.0,19507.0,19507.0,1
TMF,202509,2025-04-30 21:55:00,19517.0,19517.0,19517.0,19517.0,1
TMF,202509,2025-04-30 21:57:00,19500.0,19500.0,19488.0,19488.0,15
TMF,202509,2025-04-30 21:58:00,19488.0,19488.0,19488.0,19488.0,1
TMF,202509,2025-04-30 21:59:00,19487.0,19487.0,19486.0,19486.0,2
TMF,202509,2025-04-30 22:00:00,19496.0,19496.0,19496.0,19496.0,2
TMF,202509,2025-04-30 22:01:00,19540.0,19540.0,19540.0,19540.0,1
TMF,202509,2025-04-30 22:02:00,19543.0,19543.0,19543.0,19543.0,1
TMF,202509,2025-04-30 22:04:00,19543.0,19550.0,19543.0,19550.0,3
TMF,202509,2025-04-30 22:05:00,19550.0,19550.0,19550.0,19550.0,6
TMF,202509,2025-04-30 22:06:00,19550.0,19550.0,19546.0,19546.0,4
TMF,202509,2025-04-30 22:07:00,19542.0,19542.0,19542.0,19542.0,1
TMF,202509,2025-04-30 22:08:00,19546.0,19546.0,19546.0,19546.0,1
TMF,202509,2025-04-30 22:09:00,19560.0,19560.0,19560.0,19560.0,1
TMF,202509,2025-04-30 22:10:00,19555.0,19555.0,19555.0,19555.0,5
TMF,202509,2025-04-30 22:11:00,19555.0,19555.0,19555.0,19555.0,1
TMF,202509,2025-04-30 22:13:00,19548.0,19548.0,19548.0,19548.0,1
TMF,202509,2025-04-30 22:15:00,19551.0,19551.0,19551.0,19551.0,1
TMF,202509,2025-04-30 22:16:00,19555.0,19555.0,19555.0,19555.0,1
TMF,202509,2025-04-30 22:17:00,19560.0,19560.0,19560.0,19560.0,1
TMF,202509,2025-04-30 22:18:00,19560.0,19560.0,19560.0,19560.0,2
TMF,202509,2025-04-30 22:19:00,19553.0,19553.0,19551.0,19551.0,3
TMF,202509,2025-04-30 22:24:00,19576.0,19577.0,19576.0,19577.0,3
TMF,202509,2025-04-30 22:26:00,19577.0,19589.0,19577.0,19589.0,4
TMF,202509,2025-04-30 22:27:00,19591.0,19591.0,19591.0,19591.0,1
TMF,202509,2025-04-30 22:28:00,19591.0,19591.0,19591.0,19591.0,1
TMF,202509,2025-04-30 22:29:00,19591.0,19601.0,19591.0,19601.0,12
TMF,202509,2025-04-30 22:31:00,19602.0,19607.0,19602.0,19605.0,7
TMF,202509,2025-04-30 22:32:00,19608.0,19608.0,19598.0,19598.0,3
TMF,202509,2025-04-30 22:35:00,19582.0,19582.0,19580.0,19580.0,3
TMF,202509,2025-04-30 22:36:00,19580.0,19580.0,19580.0,19580.0,2
TMF,202509,2025-04-30 22:40:00,19568.0,19568.0,19568.0,19568.0,1
TMF,202509,2025-04-30 22:41:00,19563.0,19563.0,19557.0,19557.0,2
TMF,202509,2025-04-30 22:42:00,19556.0,19556.0,19556.0,19556.0,1
TMF,202509,2025-04-30 22:43:00,19569.0,19569.0,19569.0,19569.0,1
TMF,202509,2025-04-30 22:44:00,19590.0,19590.0,19590.0,19590.0,2
TMF,202509,2025-04-30 22:47:00,19587.0,19587.0,19587.0,19587.0,2
TMF,202509,2025-04-30 22:53:00,19590.0,19590.0,19590.0,19590.0,3
TMF,202509,2025-04-30 22:54:00,19590.0,19590.0,19590.0,19590.0,1
TMF,202509,2025-04-30 22:56:00,19589.0,19589.0,19589.0,19589.0,1
TMF,202509,2025-04-30 22:57:00,19600.0,19600.0,19600.0,19600.0,1
TMF,202509,2025-04-30 22:58:00,19609.0,19611.0,19609.0,19611.0,2
TMF,202509,2025-04-30 23:00:00,19613.0,19615.0,19613.0,19615.0,2
TMF,202509,2025-04-30 23:02:00,19617.0,19619.0,19612.0,19612.0,3
TMF,202509,2025-04-30 23:07:00,19621.0,19625.0,19621.0,19625.0,3
TMF,202509,2025-04-30 23:08:00,19624.0,19624.0,19624.0,19624.0,1
TMF,202509,2025-04-30 23:12:00,19625.0,19629.0,19625.0,19629.0,3
TMF,202509,2025-04-30 23:13:00,19630.0,19633.0,19630.0,19633.0,4
TMF,202509,2025-04-30 23:16:00,19619.0,19619.0,19619.0,19619.0,1
TMF,202509,2025-04-30 23:17:00,19623.0,19623.0,19623.0,19623.0,2
TMF,202509,2025-04-30 23:21:00,19635.0,19639.0,19635.0,19639.0,3
TMF,202509,2025-04-30 23:22:00,19641.0,19647.0,19641.0,19647.0,4
TMF,202509,2025-04-30 23:23:00,19649.0,19651.0,19649.0,19650.0,6
TMF,202509,2025-04-30 23:27:00,19620.0,19620.0,19620.0,19620.0,1
TMF,202509,2025-04-30 23:32:00,19632.0,19632.0,19632.0,19632.0,2
TMF,202509,2025-04-30 23:33:00,19630.0,19630.0,19630.0,19630.0,1
TMF,202509,2025-04-30 23:34:00,19630.0,19633.0,19630.0,19633.0,2
TMF,202509,2025-04-30 23:44:00,19640.0,19640.0,19640.0,19640.0,1
TMF,202509,2025-04-30 23:46:00,19640.0,19640.0,19640.0,19640.0,1
TMF,202509,2025-04-30 23:52:00,19631.0,19631.0,19631.0,19631.0,1
TMF,202509,2025-05-01 00:06:00,19653.0,19663.0,19653.0,19663.0,10
TMF,202509,2025-05-01 00:08:00,19665.0,19665.0,19665.0,19665.0,1
TMF,202509,2025-05-01 00:14:00,19649.0,19649.0,19649.0,19649.0,2
TMF,202509,2025-05-01 00:23:00,19601.0,19601.0,19601.0,19601.0,1
TMF,202509,2025-05-01 00:25:00,19601.0,19601.0,19601.0,19601.0,2
TMF,202509,2025-05-01 00:26:00,19600.0,19600.0,19600.0,19600.0,2
TMF,202509,2025-05-01 00:36:00,19600.0,19600.0,19600.0,19600.0,1
TMF,202509,2025-05-01 00:49:00,19612.0,19612.0,19612.0,19612.0,1
TMF,202509,2025-05-01 01:10:00,19600.0,19600.0,19600.0,19600.0,1
TMF,202509,2025-05-01 01:12:00,19585.0,19585.0,19580.0,19584.0,4
TMF,202509,2025-05-01 01:32:00,19648.0,19648.0,19648.0,19648.0,1
TMF,202509,2025-05-01 01:36:00,19650.0,19667.0,19650.0,19667.0,3
TMF,202509,2025-05-01 01:39:00,19666.0,19666.0,19666.0,19666.0,1
TMF,202509,2025-05-01 01:43:00,19669.0,19670.0,19669.0,19670.0,2
TMF,202509,2025-05-01 01:44:00,19671.0,19677.0,19671.0,19677.0,5
TMF,202509,2025-05-01 01:45:00,19675.0,19675.0,19675.0,19675.0,1
TMF,202509,2025-05-01 01:46:00,19674.0,19674.0,19674.0,19674.0,1
TMF,202509,2025-05-01 01:50:00,19675.0,19675.0,19675.0,19675.0,1
TMF,202509,2025-05-01 01:54:00,19675.0,19675.0,19675.0,19675.0,1
TMF,202509,2025-05-01 01:55:00,19679.0,19689.0,19679.0,19689.0,10
TMF,202509,2025-05-01 02:00:00,19691.0,19691.0,19691.0,19691.0,1
TMF,202509,2025-05-01 02:01:00,19661.0,19661.0,19661.0,19661.0,2
TMF,202509,2025-05-01 02:07:00,19693.0,19727.0,19693.0,19727.0,30
TMF,202509,2025-05-01 02:09:00,19725.0,19725.0,19725.0,19725.0,1
TMF,202509,2025-05-01 02:12:00,19729.0,19735.0,19727.0,19727.0,5
TMF,202509,2025-05-01 02:18:00,19716.0,19716.0,19716.0,19716.0,1
TMF,202509,2025-05-01 02:22:00,19705.0,19737.0,19705.0,19737.0,2
TMF,202509,2025-05-01 02:24:00,19739.0,19739.0,19739.0,19739.0,1
TMF,202509,2025-05-01 02:28:00,19741.0,19741.0,19741.0,19741.0,1
TMF,202509,2025-05-01 02:34:00,19684.0,19684.0,19684.0,19684.0,1
TMF,202509,2025-05-01 02:39:00,19680.0,19680.0,19680.0,19680.0,1
TMF,202509,2025-05-01 02:40:00,19700.0,19700.0,19700.0,19700.0,2
TMF,202509,2025-05-01 02:41:00,19699.0,19699.0,19697.0,19698.0,9
TMF,202509,2025-05-01 03:50:00,19740.0,19747.0,19740.0,19747.0,6
TMF,202509,2025-05-01 03:51:00,19749.0,19759.0,19749.0,19759.0,11
TMF,202509,2025-05-01 03:53:00,19761.0,19761.0,19761.0,19761.0,1
TMF,202509,2025-05-01 03:54:00,19763.0,19766.0,19763.0,19766.0,3
TMF,202509,2025-05-01 03:56:00,19766.0,19783.0,19766.0,19783.0,18
TMF,202509,2025-05-01 03:59:00,19783.0,19783.0,19783.0,19783.0,1
TMF,202509,2025-05-01 04:01:00,19783.0,19783.0,19783.0,19783.0,1
TMF,202509,2025-05-01 04:05:00,19767.0,19767.0,19767.0,19767.0,1
TMF,202509,2025-05-01 04:06:00,19780.0,19800.0,19780.0,19800.0,18
TMF,202509,2025-05-01 04:09:00,19800.0,19800.0,19800.0,19800.0,2
TMF,202509,2025-05-01 04:10:00,19801.0,19805.0,19801.0,19805.0,3
TMF,202509,2025-05-01 04:11:00,19805.0,19807.0,19805.0,19807.0,2
TMF,202509,2025-05-01 04:12:00,19808.0,19817.0,19808.0,19817.0,6
TMF,202509,2025-05-01 04:14:00,19819.0,19819.0,19819.0,19819.0,1
TMF,202509,2025-05-01 04:16:00,19816.0,19816.0,19816.0,19816.0,1
TMF,202509,2025-05-01 04:17:00,19795.0,19795.0,19794.0,19794.0,5
TMF,202509,2025-05-01 04:19:00,19815.0,19820.0,19815.0,19820.0,5
TMF,202509,2025-05-01 04:21:00,19821.0,19825.0,19821.0,19825.0,3
TMF,202509,2025-05-01 04:22:00,19827.0,19831.0,19827.0,19831.0,3
TMF,202509,2025-05-01 04:23:00,19833.0,19833.0,19833.0,19833.0,1
TMF,202509,2025-05-01 04:24:00,19835.0,19839.0,19835.0,19839.0,5
TMF,202509,2025-05-01 04:29:00,19841.0,19841.0,19841.0,19841.0,1
TMF,202509,2025-05-01 04:31:00,19843.0,19845.0,19843.0,19845.0,4
TMF,202509,2025-05-01 04:32:00,19846.0,19846.0,19846.0,19846.0,1
TMF,202509,2025-05-01 04:33:00,19847.0,19849.0,19847.0,19849.0,2
TMF,202509,2025-05-01 04:34:00,19846.0,19846.0,19846.0,19846.0,1
TMF,202509,2025-05-01 04:36:00,19849.0,19851.0,19849.0,19851.0,5
TMF,202509,2025-05-01 04:39:00,19848.0,19853.0,19848.0,19853.0,2
TMF,202509,2025-05-01 04:40:00,19855.0,19855.0,19855.0,19855.0,1
TMF,202509,2025-05-01 04:41:00,19850.0,19850.0,19850.0,19850.0,1
TMF,202509,2025-05-01 04:43:00,19850.0,19850.0,19850.0,19850.0,1
TMF,202509,2025-05-01 04:46:00,19850.0,19858.0,19850.0,19858.0,5
TMF,202509,2025-05-01 04:48:00,19850.0,19850.0,19850.0,19850.0,3
TMF,202509,2025-05-01 04:49:00,19859.0,19859.0,19859.0,19859.0,2
TMF,202509,2025-05-01 04:51:00,19854.0,19863.0,19854.0,19863.0,8
TMF,202509,2025-05-01 04:52:00,19864.0,19878.0,19864.0,19878.0,11
TMF,202509,2025-05-01 04:53:00,19879.0,19881.0,19877.0,19879.0,7
TMF,202509,2025-05-01 04:54:00,19883.0,19887.0,19883.0,19887.0,3
TMF,202509,2025-05-01 04:57:00,19888.0,19889.0,19888.0,19888.0,4
TMF,202509,2025-05-01 04:58:00,19891.0,19891.0,19891.0,19891.0,1
TMF,202509,2025-05-01 04:59:00,19893.0,19901.0,19893.0,19901.0,16
TMF,202512,2025-04-30 15:12:00,19705.0,19705.0,19704.0,19704.0,2
TMF,202512,2025-04-30 16:09:00,19740.0,19740.0,19740.0,19740.0,1
TMF,202512,2025-04-30 16:15:00,19747.0,19747.0,19747.0,19747.0,1
TMF,202512,2025-04-30 16:18:00,19752.0,19752.0,19752.0,19752.0,2
TMF,202512,2025-04-30 16:27:00,19735.0,19735.0,19733.0,19733.0,5
TMF,202512,2025-04-30 16:44:00,19752.0,19752.0,19752.0,19752.0,1
TMF,202512,2025-04-30 17:01:00,19750.0,19750.0,19750.0,19750.0,1
TMF,202512,2025-04-30 17:30:00,19764.0,19764.0,19764.0,19764.0,1
TMF,202512,2025-04-30 17:34:00,19764.0,19764.0,19764.0,19764.0,1
TMF,202512,2025-04-30 17:51:00,19753.0,19753.0,19753.0,19753.0,1
TMF,202512,2025-04-30 18:13:00,19760.0,19760.0,19760.0,19760.0,1
TMF,202512,2025-04-30 18:16:00,19770.0,19770.0,19770.0,19770.0,1
TMF,202512,2025-04-30 18:30:00,19763.0,19763.0,19763.0,19763.0,1
TMF,202512,2025-04-30 18:59:00,19740.0,19740.0,19740.0,19740.0,1
TMF,202512,2025-04-30 19:19:00,19736.0,19736.0,19736.0,19736.0,1
TMF,202512,2025-04-30 19:34:00,19703.0,19703.0,19700.0,19700.0,2
TMF,202512,2025-04-30 19:50:00,19715.0,19715.0,19715.0,19715.0,1
TMF,202512,2025-04-30 19:53:00,19721.0,19721.0,19721.0,19721.0,1
TMF,202512,2025-04-30 20:15:00,19708.0,19708.0,19700.0,19700.0,2
TMF,202512,2025-04-30 20:21:00,19680.0,19680.0,19680.0,19680.0,1
TMF,202512,2025-04-30 20:23:00,19682.0,19683.0,19682.0,19683.0,2
TMF,202512,2025-04-30 20:24:00,19680.0,19680.0,19680.0,19680.0,1
TMF,202512,2025-04-30 20:28:00,19689.0,19689.0,19689.0,19689.0,1
TMF,202512,2025-04-30 20:36:00,19666.0,19668.0,19666.0,19668.0,2
TMF,202512,2025-04-30 20:38:00,19650.0,19650.0,19650.0,19650.0,2
TMF,202512,2025-04-30 20:40:00,19640.0,19640.0,19640.0,19640.0,1
TMF,202512,2025-04-30 20:41:00,19628.0,19628.0,19608.0,19608.0,2
TMF,202512,2025-04-30 20:42:00,19600.0,19600.0,19600.0,19600.0,3
TMF,202512,2025-04-30 20:44:00,19601.0,19601.0,19601.0,19601.0,1
TMF,202512,2025-04-30 20:45:00,19601.0,19601.0,19586.0,19586.0,2
TMF,202512,2025-04-30 20:48:00,19549.0,19549.0,19525.0,19525.0,3
TMF,202512,2025-04-30 20:49:00,19555.0,19555.0,19555.0,19555.0,1
TMF,202512,2025-04-30 20:53:00,19552.0,19552.0,19552.0,19552.0,2
TMF,202512,2025-04-30 20:54:00,19555.0,19555.0,19555.0,19555.0,1
TMF,202512,2025-04-30 20:59:00,19557.0,19557.0,19557.0,19557.0,4
TMF,202512,2025-04-30 21:00:00,19524.0,19524.0,19524.0,19524.0,1
TMF,202512,2025-04-30 21:07:00,19534.0,19534.0,19534.0,19534.0,1
TMF,202512,2025-04-30 21:11:00,19544.0,19544.0,19544.0,19544.0,1
TMF,202512,2025-04-30 21:14:00,19522.0,19522.0,19522.0,19522.0,1
TMF,202512,2025-04-30 21:27:00,19558.0,19558.0,19558.0,19558.0,1
TMF,202512,2025-04-30 21:30:00,19532.0,19532.0,19532.0,19532.0,1
TMF,202512,2025-04-30 21:31:00,19521.0,19521.0,19521.0,19521.0,1
TMF,202512,2025-04-30 21:32:00,19520.0,19521.0,19520.0,19521.0,2
TMF,202512,2025-04-30 21:34:00,19545.0,19545.0,19545.0,19545.0,1
TMF,202512,2025-04-30 21:37:00,19500.0,19500.0,19500.0,19500.0,2
TMF,202512,2025-04-30 21:38:00,19501.0,19501.0,19501.0,19501.0,1
TMF,202512,2025-04-30 21:39:00,19497.0,19497.0,19497.0,19497.0,1
TMF,202512,2025-04-30 21:40:00,19497.0,19497.0,19473.0,19473.0,3
TMF,202512,2025-04-30 21:43:00,19476.0,19476.0,19476.0,19476.0,1
TMF,202512,2025-04-30 21:52:00,19486.0,19486.0,19486.0,19486.0,1
TMF,202512,2025-04-30 21:56:00,19476.0,19476.0,19476.0,19476.0,1
TMF,202512,2025-04-30 22:00:00,19488.0,19488.0,19488.0,19488.0,1
TMF,202512,2025-04-30 22:06:00,19520.0,19520.0,19520.0,19520.0,1
TMF,202512,2025-04-30 22:07:00,19511.0,19511.0,19511.0,19511.0,2
TMF,202512,2025-04-30 22:15:00,19530.0,19530.0,19530.0,19530.0,1
TMF,202512,2025-04-30 22:20:00,19535.0,19535.0,19535.0,19535.0,1
TMF,202512,2025-04-30 22:25:00,19555.0,19555.0,19555.0,19555.0,1
TMF,202512,2025-04-30 22:32:00,19578.0,19578.0,19578.0,19578.0,1
TMF,202512,2025-04-30 22:38:00,19530.0,19530.0,19530.0,19530.0,1
TMF,202512,2025-04-30 22:55:00,19550.0,19550.0,19550.0,19550.0,1
TMF,202512,2025-04-30 23:08:00,19590.0,19590.0,19590.0,19590.0,1
TMF,202512,2025-04-30 23:22:00,19611.0,19611.0,19611.0,19611.0,1
TMF,202512,2025-04-30 23:23:00,19620.0,19620.0,19620.0,19620.0,1
TMF,202512,2025-04-30 23:39:00,19600.0,19600.0,19600.0,19600.0,1
TMF,202512,2025-04-30 23:50:00,19606.0,19606.0,19606.0,19606.0,1
TMF,202512,2025-04-30 23:54:00,19590.0,19590.0,19590.0,19590.0,1
TMF,202512,2025-04-30 23:55:00,19605.0,19605.0,19605.0,19605.0,1
TMF,202512,2025-05-01 00:16:00,19605.0,19605.0,19605.0,19605.0,1
TMF,202512,2025-05-01 01:12:00,19550.0,19550.0,19550.0,19550.0,2
TMF,202512,2025-05-01 01:43:00,19640.0,19640.0,19640.0,19640.0,1
TMF,202512,2025-05-01 01:44:00,19650.0,19650.0,19650.0,19650.0,1
TMF,202512,2025-05-01 01:50:00,19650.0,19650.0,19650.0,19650.0,1
TMF,202512,2025-05-01 02:07:00,19685.0,19711.0,19685.0,19711.0,3
TMF,202512,2025-05-01 02:15:00,19695.0,19695.0,19695.0,19695.0,1
TMF,202512,2025-05-01 02:32:00,19670.0,19670.0,19670.0,19670.0,1
TMF,202512,2025-05-01 03:50:00,19720.0,19720.0,19720.0,19720.0,1
TMF,202512,2025-05-01 03:53:00,19740.0,19740.0,19740.0,19740.0,1
TMF,202512,2025-05-01 03:56:00,19750.0,19750.0,19750.0,19750.0,4
TMF,202512,2025-05-01 04:06:00,19766.0,19775.0,19766.0,19775.0,4
TMF,202512,2025-05-01 04:12:00,19786.0,19786.0,19786.0,19786.0,2
TMF,202512,2025-05-01 04:14:00,19790.0,19790.0,19790.0,19790.0,1
TMF,202512,2025-05-01 04:21:00,19800.0,19800.0,19800.0,19800.0,3
TMF,202512,2025-05-01 04:22:00,19800.0,19800.0,19800.0,19800.0,2
TMF,202512,2025-05-01 04:24:00,19810.0,19810.0,19810.0,19810.0,2
TMF,202512,2025-05-01 04:35:00,19818.0,19818.0,19818.0,19818.0,1
TMF,202512,2025-05-01 04:39:00,19828.0,19830.0,19828.0,19830.0,2
TMF,202512,2025-05-01 04:51:00,19836.0,19836.0,19836.0,19836.0,1
TMF,202512,2025-05-01 04:52:00,19850.0,19860.0,19850.0,19860.0,4
TMF,202512,2025-05-01 04:53:00,19860.0,19860.0,19860.0,19860.0,3
TMF,202512,2025-05-01 04:54:00,19870.0,19870.0,19870.0,19870.0,1
TMF,202512,2025-05-01 04:58:00,19899.0,19899.0,19899.0,19899.0,1
TMF,202512,2025-05-01 04:59:00,19900.0,19900.0,19900.0,19900.0,1
TMF,202603,2025-04-30 15:15:00,19713.0,19713.0,19713.0,19713.0,1
TMF,202603,2025-04-30 15:29:00,19731.0,19731.0,19731.0,19731.0,1
TMF,202603,2025-04-30 16:14:00,19734.0,19734.0,19734.0,19734.0,1
TMF,202603,2025-04-30 16:19:00,19756.0,19756.0,19756.0,19756.0,1
TMF,202603,2025-04-30 17:27:00,19756.0,19756.0,19756.0,19756.0,1
TMF,202603,2025-04-30 17:57:00,19750.0,19750.0,19750.0,19750.0,1
TMF,202603,2025-04-30 18:27:00,19753.0,19753.0,19753.0,19753.0,1
TMF,202603,2025-04-30 19:09:00,19742.0,19742.0,19742.0,19742.0,1
TMF,202603,2025-04-30 19:15:00,19737.0,19737.0,19737.0,19737.0,2
TMF,202603,2025-04-30 19:50:00,19703.0,19703.0,19703.0,19703.0,1
TMF,202603,2025-04-30 20:15:00,19701.0,19701.0,19701.0,19701.0,1
TMF,202603,2025-04-30 20:21:00,19680.0,19680.0,19663.0,19663.0,2
TMF,202603,2025-04-30 20:29:00,19662.0,19662.0,19662.0,19662.0,1
TMF,202603,2025-04-30 20:32:00,19650.0,19650.0,19650.0,19650.0,1
TMF,202603,2025-04-30 20:36:00,19650.0,19650.0,19650.0,19650.0,1
TMF,202603,2025-04-30 20:41:00,19600.0,19600.0,19600.0,19600.0,1
TMF,202603,2025-04-30 20:45:00,19588.0,19588.0,19585.0,19585.0,2
TMF,202603,2025-04-30 20:46:00,19577.0,19577.0,19566.0,19566.0,2
TMF,202603,2025-04-30 20:48:00,19545.0,19545.0,19545.0,19545.0,1
TMF,202603,2025-04-30 20:54:00,19565.0,19565.0,19565.0,19565.0,1
TMF,202603,2025-04-30 20:55:00,19555.0,19564.0,19555.0,19562.0,3
TMF,202603,2025-04-30 20:59:00,19550.0,19550.0,19550.0,19550.0,2
TMF,202603,2025-04-30 21:01:00,19540.0,19540.0,19540.0,19540.0,1
TMF,202603,2025-04-30 21:06:00,19549.0,19549.0,19549.0,19549.0,1
TMF,202603,2025-04-30 21:25:00,19561.0,19561.0,19561.0,19561.0,1
TMF,202603,2025-04-30 21:26:00,19538.0,19538.0,19538.0,19538.0,1
TMF,202603,2025-04-30 21:37:00,19523.0,19523.0,19500.0,19500.0,4
TMF,202603,2025-04-30 21:38:00,19506.0,19506.0,19506.0,19506.0,1
TMF,202603,2025-04-30 21:39:00,19495.0,19495.0,19495.0,19495.0,1
TMF,202603,2025-04-30 21:40:00,19485.0,19485.0,19485.0,19485.0,1
TMF,202603,2025-04-30 21:41:00,19466.0,19466.0,19466.0,19466.0,1
TMF,202603,2025-04-30 21:43:00,19464.0,19464.0,19464.0,19464.0,1
TMF,202603,2025-04-30 21:48:00,19520.0,19520.0,19520.0,19520.0,1
TMF,202603,2025-04-30 21:55:00,19478.0,19478.0,19478.0,19478.0,1
TMF,202603,2025-04-30 21:57:00,19472.0,19472.0,19472.0,19472.0,1
TMF,202603,2025-04-30 22:02:00,19515.0,19515.0,19515.0,19515.0,1
TMF,202603,2025-04-30 22:06:00,19532.0,19532.0,19532.0,19532.0,1
TMF,202603,2025-04-30 22:07:00,19521.0,19521.0,19521.0,19521.0,1
TMF,202603,2025-04-30 22:35:00,19537.0,19540.0,19537.0,19538.0,7
TMF,202603,2025-04-30 22:36:00,19539.0,19539.0,19539.0,19539.0,1
TMF,202603,2025-04-30 22:38:00,19525.0,19530.0,19523.0,19530.0,9
TMF,202603,2025-04-30 22:39:00,19530.0,19538.0,19530.0,19538.0,14
TMF,202603,2025-04-30 22:40:00,19530.0,19530.0,19530.0,19530.0,5
TMF,202603,2025-04-30 22:41:00,19537.0,19537.0,19537.0,19537.0,5
TMF,202603,2025-04-30 22:43:00,19539.0,19539.0,19539.0,19539.0,1
TMF,202603,2025-04-30 22:45:00,19547.0,19547.0,19547.0,19547.0,1
TMF,202603,2025-04-30 22:46:00,19563.0,19563.0,19563.0,19563.0,3
TMF,202603,2025-04-30 22:52:00,19540.0,19540.0,19540.0,19540.0,1
TMF,202603,2025-04-30 23:05:00,19578.0,19578.0,19578.0,19578.0,1
TMF,202603,2025-04-30 23:06:00,19570.0,19570.0,19570.0,19570.0,1
TMF,202603,2025-04-30 23:15:00,19600.0,19600.0,19600.0,19600.0,1
TMF,202603,2025-04-30 23:27:00,19572.0,19572.0,19572.0,19572.0,1
TMF,202603,2025-04-30 23:39:00,19578.0,19578.0,19578.0,19578.0,1
TMF,202603,2025-04-30 23:45:00,19615.0,19615.0,19615.0,19615.0,1
TMF,202603,2025-04-30 23:48:00,19614.0,19614.0,19614.0,19614.0,1
TMF,202603,2025-05-01 00:00:00,19617.0,19617.0,19617.0,19617.0,1
TMF,202603,2025-05-01 00:06:00,19625.0,19625.0,19625.0,19625.0,1
TMF,202603,2025-05-01 00:07:00,19625.0,19625.0,19625.0,19625.0,11
TMF,202603,2025-05-01 00:10:00,19618.0,19618.0,19618.0,19618.0,8
TMF,202603,2025-05-01 00:52:00,19598.0,19598.0,19598.0,19598.0,1
TMF,202603,2025-05-01 00:54:00,19600.0,19600.0,19600.0,19600.0,1
TMF,202603,2025-05-01 00:57:00,19596.0,19596.0,19596.0,19596.0,15
TMF,202603,2025-05-01 01:10:00,19558.0,19558.0,19558.0,19558.0,1
TMF,202603,2025-05-01 01:13:00,19546.0,19546.0,19546.0,19546.0,1
TMF,202603,2025-05-01 01:24:00,19562.0,19562.0,19562.0,19562.0,1
TMF,202603,2025-05-01 01:26:00,19569.0,19569.0,19569.0,19569.0,1
TMF,202603,2025-05-01 01:43:00,19630.0,19630.0,19630.0,19630.0,1
TMF,202603,2025-05-01 01:55:00,19650.0,19650.0,19650.0,19650.0,2
TMF,202603,2025-05-01 02:07:00,19660.0,19698.0,19660.0,19698.0,4
TMF,202603,2025-05-01 02:19:00,19680.0,19680.0,19680.0,19680.0,1
TMF,202603,2025-05-01 02:27:00,19715.0,19715.0,19715.0,19715.0,1
TMF,202603,2025-05-01 03:52:00,19728.0,19728.0,19728.0,19728.0,1
TMF,202603,2025-05-01 03:56:00,19750.0,19750.0,19750.0,19750.0,1
TMF,202603,2025-05-01 04:05:00,19762.0,19762.0,19762.0,19762.0,1
TMF,202603,2025-05-01 04:06:00,19762.0,19799.0,19762.0,19799.0,4
TMF,202603,2025-05-01 04:15:00,19799.0,19799.0,19799.0,19799.0,1
TMF,202603,2025-05-01 04:21:00,19800.0,19800.0,19800.0,19800.0,1
TMF,202603,2025-05-01 04:22:00,19809.0,19810.0,19809.0,19810.0,2
TMF,202603,2025-05-01 04:33:00,19828.0,19828.0,19828.0,19828.0,1
TMF,202603,2025-05-01 04:36:00,19830.0,19830.0,19830.0,19830.0,2
TMF,202603,2025-05-01 04:38:00,19859.0,19859.0,19859.0,19859.0,1
TMF,202603,2025-05-01 04:55:00,19870.0,19870.0,19870.0,19870.0,1
TMF,202603,2025-05-01 04:56:00,19888.0,19888.0,19888.0,19888.0,1
TMF,202603,2025-05-01 04:57:00,19881.0,19881.0,19881.0,19881.0,1
TMF,202603,2025-05-01 04:59:00,19888.0,19900.0,19888.0,19900.0,2
TX,202505,2025-04-30 15:00:00,20183.0,20194.0,20177.0,20180.0,353
TX,202505,2025-04-30 15:01:00,20184.0,20193.0,20182.0,20190.0,188
TX,202505,2025-04-30 15:02:00,20191.0,20193.0,20185.0,20185.0,73
TX,202505,2025-04-30 15:03:00,20187.0,20187.0,20183.0,20184.0,47
TX,202505,2025-04-30 15:04:00,20184.0,20185.0,20182.0,20183.0,23
TX,202505,2025-04-30 15:05:00,20183.0,20185.0,20174.0,20176.0,74
TX,202505,2025-04-30 15:06:00,20178.0,20187.0,20178.0,20187.0,52
TX,202505,2025-04-30 15:07:00,20187.0,20191.0,20183.0,20191.0,55
TX,202505,2025-04-30 15:08:00,20192.0,20193.0,20189.0,20190.0,71
TX,202505,2025-04-30 15:09:00,20191.0,20194.0,20187.0,20188.0,98
TX,202505,2025-04-30 15:10:00,20186.0,20191.0,20186.0,20188.0,49
TX,202505,2025-04-30 15:11:00,20189.0,20191.0,20183.0,20183.0,80
TX,202505,2025-04-30 15:12:00,20183.0,20187.0,20178.0,20184.0,64
TX,202505,2025-04-30 15:13:00,20184.0,20190.0,20180.0,20189.0,40
TX,202505,2025-04-30 15:14:00,20190.0,20193.0,20188.0,20192.0,55
TX,202505,2025-04-30 15:15:00,20193.0,20194.0,20185.0,20185.0,68
TX,202505,2025-04-30 15:16:00,20185.0,20187.0,20183.0,20187.0,36
TX,202505,2025-04-30 15:17:00,20188.0,20192.0,20187.0,20188.0,30
TX,202505,2025-04-30 15:18:00,20186.0,20198.0,20185.0,20198.0,76
TX,202505,2025-04-30 15:19:00,20196.0,20204.0,20194.0,20203.0,129
TX,202505,2025-04-30 15:20:00,20204.0,20209.0,20198.0,20201.0,144
TX,202505,2025-04-30 15:21:00,20198.0,20205.0,20191.0,20195.0,101
TX,202505,2025-04-30 15:22:00,20193.0,20197.0,20190.0,20196.0,42
TX,202505,2025-04-30 15:23:00,20196.0,20203.0,20196.0,20202.0,78
TX,202505,2025-04-30 15:24:00,20202.0,20211.0,20202.0,20206.0,101
TX,202505,2025-04-30 15:25:00,20205.0,20209.0,20200.0,20203.0,62
TX,202505,2025-04-30 15:26:00,20206.0,20210.0,20205.0,20209.0,26
TX,202505,2025-04-30 15:27:00,20210.0,20210.0,20204.0,20208.0,27
TX,202505,2025-04-30 15:28:00,20205.0,20208.0,20200.0,20201.0,51
TX,202505,2025-04-30 15:29:00,20199.0,20203.0,20198.0,20200.0,26
TX,202505,2025-04-30 15:30:00,20199.0,20201.0,20192.0,20193.0,60
TX,202505,2025-04-30 15:31:00,20194.0,20194.0,20188.0,20190.0,79
TX,202505,2025-04-30 15:32:00,20191.0,20198.0,20190.0,20192.0,53
TX,202505,2025-04-30 15:33:00,20192.0,20195.0,20188.0,20188.0,40
TX,202505,2025-04-30 15:34:00,20189.0,20192.0,20188.0,20192.0,14
TX,202505,2025-04-30 15:35:00,20192.0,20193.0,20184.0,20184.0,44
TX,202505,2025-04-30 15:36:00,20185.0,20192.0,20185.0,20190.0,28
TX,202505,2025-04-30 15:37:00,20192.0,20193.0,20191.0,20193.0,20
TX,202505,2025-04-30 15:38:00,20195.0,20197.0,20193.0,20194.0,24
TX,202505,2025-04-30 15:39:00,20196.0,20197.0,20187.0,20191.0,91
TX,202505,2025-04-30 15:40:00,20189.0,20189.0,20187.0,20189.0,7
TX,202505,2025-04-30 15:41:00,20190.0,20191.0,20189.0,20191.0,14
TX,202505,2025-04-30 15:42:00,20191.0,20191.0,20188.0,20188.0,21
TX,202505,2025-04-30 15:43:00,20188.0,20189.0,20187.0,20188.0,17
TX,202505,2025-04-30 15:44:00,20187.0,20188.0,20185.0,20187.0,25
TX,202505,2025-04-30 15:45:00,20189.0,20191.0,20187.0,20191.0,14
TX,202505,2025-04-30 15:46:00,20188.0,20193.0,20184.0,20192.0,42
TX,202505,2025-04-30 15:47:00,20192.0,20193.0,20190.0,20192.0,22
TX,202505,2025-04-30 15:48:00,20191.0,20196.0,20191.0,20195.0,15
TX,202505,2025-04-30 15:49:00,20196.0,20199.0,20195.0,20198.0,32
TX,202505,2025-04-30 15:50:00,20199.0,20199.0,20190.0,20191.0,33
TX,202505,2025-04-30 15:51:00,20191.0,20191.0,20187.0,20189.0,18
TX,202505,2025-04-30 15:52:00,20186.0,20192.0,20186.0,20192.0,22
TX,202505,2025-04-30 15:53:00,20189.0,20195.0,20189.0,20193.0,11
TX,202505,2025-04-30 15:54:00,20193.0,20196.0,20193.0,20194.0,15
TX,202505,2025-04-30 15:55:00,20197.0,20204.0,20197.0,20202.0,69
TX,202505,2025-04-30 15:56:00,20203.0,20206.0,20201.0,20206.0,65
TX,202505,2025-04-30 15:57:00,20205.0,20214.0,20205.0,20214.0,96
TX,202505,2025-04-30 15:58:00,20213.0,20214.0,20207.0,20210.0,73
TX,202505,2025-04-30 15:59:00,20210.0,20213.0,20208.0,20208.0,79
TX,202505,2025-04-30 16:00:00,20208.0,20208.0,20195.0,20196.0,193
TX,202505,2025-04-30 16:01:00,20197.0,20204.0,20197.0,20200.0,49
TX,202505,2025-04-30 16:02:00,20198.0,20199.0,20188.0,20191.0,158
TX,202505,2025-04-30 16:03:00,20190.0,20193.0,20186.0,20188.0,95
TX,202505,2025-04-30 16:04:00,20188.0,20194.0,20186.0,20193.0,123
TX,202505,2025-04-30 16:05:00,20193.0,20200.0,20193.0,20200.0,29
TX,202505,2025-04-30 16:06:00,20199.0,20207.0,20199.0,20205.0,56
TX,202505,2025-04-30 16:07:00,20204.0,20208.0,20204.0,20205.0,33
TX,202505,2025-04-30 16:08:00,20207.0,20216.0,20203.0,20215.0,85
TX,202505,2025-04-30 16:09:00,20215.0,20219.0,20214.0,20217.0,92
TX,202505,2025-04-30 16:10:00,20217.0,20219.0,20212.0,20212.0,40
TX,202505,2025-04-30 16:11:00,20214.0,20217.0,20213.0,20215.0,26
TX,202505,2025-04-30 16:12:00,20214.0,20215.0,20208.0,20211.0,35
TX,202505,2025-04-30 16:13:00,20212.0,20218.0,20212.0,20217.0,38
TX,202505,2025-04-30 16:14:00,20216.0,20218.0,20215.0,20216.0,20
TX,202505,2025-04-30 16:15:00,20216.0,20237.0,20214.0,20235.0,351
TX,202505,2025-04-30 16:16:00,20235.0,20240.0,20229.0,20229.0,132
TX,202505,2025-04-30 16:17:00,20229.0,20232.0,20228.0,20232.0,50
TX,202505,2025-04-30 16:18:00,20232.0,20240.0,20231.0,20240.0,106
TX,202505,2025-04-30 16:19:00,20241.0,20247.0,20239.0,20242.0,221
TX,202505,2025-04-30 16:20:00,20242.0,20245.0,20240.0,20243.0,74
TX,202505,2025-04-30 16:21:00,20242.0,20242.0,20233.0,20233.0,69
TX,202505,2025-04-30 16:22:00,20235.0,20237.0,20234.0,20235.0,40
TX,202505,2025-04-30 16:23:00,20235.0,20235.0,20230.0,20230.0,81
TX,202505,2025-04-30 16:24:00,20231.0,20232.0,20224.0,20228.0,77
TX,202505,2025-04-30 16:25:00,20228.0,20228.0,20223.0,20226.0,40
TX,202505,2025-04-30 16:26:00,20225.0,20226.0,20219.0,20219.0,59
TX,202505,2025-04-30 16:27:00,20220.0,20220.0,20214.0,20216.0,63
TX,202505,2025-04-30 16:28:00,20215.0,20218.0,20215.0,20218.0,15
TX,202505,2025-04-30 16:29:00,20218.0,20220.0,20216.0,20218.0,42
TX,202505,2025-04-30 16:30:00,20217.0,20217.0,20209.0,20211.0,112
TX,202505,2025-04-30 16:31:00,20211.0,20213.0,20207.0,20207.0,52
TX,202505,2025-04-30 16:32:00,20207.0,20212.0,20207.0,20208.0,36
TX,202505,2025-04-30 16:33:00,20208.0,20210.0,20207.0,20208.0,10
TX,202505,2025-04-30 16:34:00,20208.0,20208.0,20207.0,20208.0,16
TX,202505,2025-04-30 16:35:00,20210.0,20213.0,20205.0,20208.0,76
TX,202505,2025-04-30 16:36:00,20208.0,20209.0,20206.0,20207.0,17
TX,202505,2025-04-30 16:37:00,20208.0,20211.0,20208.0,20209.0,33
TX,202505,2025-04-30 16:38:00,20209.0,20214.0,20209.0,20214.0,12
TX,202505,2025-04-30 16:39:00,20211.0,20214.0,20210.0,20212.0,14
TX,202505,2025-04-30 16:40:00,20213.0,20216.0,20212.0,20216.0,21
TX,202505,2025-04-30 16:41:00,20216.0,20217.0,20215.0,20216.0,16
TX,202505,2025-04-30 16:42:00,20217.0,20224.0,20216.0,20224.0,58
TX,202505,2025-04-30 16:43:00,20223.0,20223.0,20220.0,20222.0,28
TX,202505,2025-04-30 16:44:00,20223.0,20230.0,20222.0,20227.0,54
TX,202505,2025-04-30 16:45:00,20227.0,20227.0,20224.0,20224.0,16
TX,202505,2025-04-30 16:46:00,20226.0,20227.0,20220.0,20220.0,35
TX,202505,2025-04-30 16:47:00,20222.0,20226.0,20220.0,20226.0,20
TX,202505,2025-04-30 16:48:00,20226.0,20227.0,20224.0,20224.0,24
TX,202505,2025-04-30 16:49:00,20224.0,20226.0,20219.0,20224.0,25
TX,202505,2025-04-30 16:50:00,20224.0,20227.0,20224.0,20226.0,14
TX,202505,2025-04-30 16:51:00,20227.0,20232.0,20227.0,20231.0,43
TX,202505,2025-04-30 16:52:00,20231.0,20232.0,20231.0,20232.0,18
TX,202505,2025-04-30 16:53:00,20232.0,20233.0,20230.0,20231.0,27
TX,202505,2025-04-30 16:54:00,20230.0,20235.0,20230.0,20234.0,35
TX,202505,2025-04-30 16:55:00,20235.0,20235.0,20226.0,20229.0,37
TX,202505,2025-04-30 16:56:00,20227.0,20230.0,20227.0,20230.0,34
TX,202505,2025-04-30 16:57:00,20230.0,20230.0,20226.0,20227.0,17
TX,202505,2025-04-30 16:58:00,20223.0,20225.0,20220.0,20220.0,43
TX,202505,2025-04-30 16:59:00,20220.0,20222.0,20219.0,20219.0,22
TX,202505,2025-04-30 17:00:00,20220.0,20225.0,20220.0,20223.0,71
TX,202505,2025-04-30 17:01:00,20224.0,20227.0,20223.0,20227.0,36
TX,202505,2025-04-30 17:02:00,20226.0,20229.0,20226.0,20228.0,19
TX,202505,2025-04-30 17:03:00,20225.0,20227.0,20225.0,20226.0,6
TX,202505,2025-04-30 17:04:00,20225.0,20231.0,20225.0,20229.0,17
TX,202505,2025-04-30 17:05:00,20230.0,20232.0,20229.0,20231.0,16
TX,202505,2025-04-30 17:06:00,20230.0,20233.0,20229.0,20232.0,18
TX,202505,2025-04-30 17:07:00,20233.0,20235.0,20229.0,20231.0,20
TX,202505,2025-04-30 17:08:00,20231.0,20232.0,20229.0,20229.0,6
TX,202505,2025-04-30 17:09:00,20232.0,20233.0,20232.0,20233.0,14
TX,202505,2025-04-30 17:10:00,20231.0,20232.0,20228.0,20228.0,9
TX,202505,2025-04-30 17:11:00,20227.0,20229.0,20225.0,20227.0,21
TX,202505,2025-04-30 17:12:00,20227.0,20229.0,20227.0,20229.0,16
TX,202505,2025-04-30 17:13:00,20229.0,20229.0,20226.0,20227.0,16
TX,202505,2025-04-30 17:14:00,20227.0,20228.0,20226.0,20226.0,15
TX,202505,2025-04-30 17:15:00,20226.0,20226.0,20221.0,20221.0,35
TX,202505,2025-04-30 17:16:00,20221.0,20222.0,20220.0,20222.0,18
TX,202505,2025-04-30 17:17:00,20222.0,20224.0,20221.0,20224.0,30
TX,202505,2025-04-30 17:18:00,20225.0,20230.0,20225.0,20230.0,10
TX,202505,2025-04-30 17:19:00,20230.0,20232.0,20228.0,20231.0,42
TX,202505,2025-04-30 17:20:00,20232.0,20233.0,20231.0,20232.0,15
TX,202505,2025-04-30 17:21:00,20230.0,20232.0,20230.0,20232.0,3
TX,202505,2025-04-30 17:22:00,20230.0,20235.0,20230.0,20235.0,23
TX,202505,2025-04-30 17:23:00,20232.0,20232.0,20231.0,20231.0,4
TX,202505,2025-04-30 17:24:00,20228.0,20230.0,20228.0,20230.0,2
TX,202505,2025-04-30 17:25:00,20231.0,20232.0,20229.0,20232.0,29
TX,202505,2025-04-30 17:26:00,20233.0,20238.0,20233.0,20237.0,58
TX,202505,2025-04-30 17:27:00,20236.0,20244.0,20236.0,20243.0,86
TX,202505,2025-04-30 17:28:00,20241.0,20245.0,20238.0,20242.0,47
TX,202505,2025-04-30 17:29:00,20242.0,20243.0,20241.0,20243.0,20
TX,202505,2025-04-30 17:30:00,20244.0,20252.0,20244.0,20246.0,160
TX,202505,2025-04-30 17:31:00,20246.0,20249.0,20240.0,20242.0,43
TX,202505,2025-04-30 17:32:00,20242.0,20244.0,20242.0,20244.0,16
TX,202505,2025-04-30 17:33:00,20242.0,20242.0,20238.0,20239.0,35
TX,202505,2025-04-30 17:34:00,20239.0,20240.0,20237.0,20237.0,14
TX,202505,2025-04-30 17:35:00,20237.0,20239.0,20236.0,20238.0,14
TX,202505,2025-04-30 17:36:00,20238.0,20243.0,20238.0,20243.0,35
TX,202505,2025-04-30 17:37:00,20244.0,20245.0,20242.0,20243.0,23
TX,202505,2025-04-30 17:38:00,20243.0,20245.0,20242.0,20245.0,27
TX,202505,2025-04-30 17:39:00,20241.0,20242.0,20240.0,20240.0,9
TX,202505,2025-04-30 17:40:00,20241.0,20244.0,20240.0,20240.0,9
TX,202505,2025-04-30 17:41:00,20241.0,20245.0,20241.0,20245.0,21
TX,202505,2025-04-30 17:42:00,20245.0,20249.0,20244.0,20247.0,42
TX,202505,2025-04-30 17:43:00,20246.0,20247.0,20241.0,20242.0,25
TX,202505,2025-04-30 17:44:00,20241.0,20241.0,20240.0,20241.0,7
TX,202505,2025-04-30 17:45:00,20242.0,20244.0,20239.0,20239.0,19
TX,202505,2025-04-30 17:46:00,20239.0,20240.0,20235.0,20235.0,33
TX,202505,2025-04-30 17:47:00,20237.0,20237.0,20235.0,20236.0,18
TX,202505,2025-04-30 17:48:00,20236.0,20237.0,20236.0,20236.0,17
TX,202505,2025-04-30 17:49:00,20236.0,20236.0,20234.0,20234.0,7
TX,202505,2025-04-30 17:50:00,20235.0,20237.0,20234.0,20236.0,15
TX,202505,2025-04-30 17:51:00,20236.0,20240.0,20236.0,20240.0,16
TX,202505,2025-04-30 17:52:00,20239.0,20242.0,20239.0,20242.0,18
TX,202505,2025-04-30 17:53:00,20242.0,20245.0,20241.0,20245.0,14
TX,202505,2025-04-30 17:54:00,20245.0,20246.0,20242.0,20242.0,22
TX,202505,2025-04-30 17:55:00,20244.0,20244.0,20242.0,20243.0,7
TX,202505,2025-04-30 17:56:00,20242.0,20243.0,20242.0,20243.0,14
TX,202505,2025-04-30 17:57:00,20243.0,20244.0,20240.0,20240.0,15
TX,202505,2025-04-30 17:58:00,20239.0,20240.0,20239.0,20239.0,11
TX,202505,2025-04-30 17:59:00,20240.0,20242.0,20240.0,20241.0,6
TX,202505,2025-04-30 18:00:00,20242.0,20244.0,20238.0,20240.0,28
TX,202505,2025-04-30 18:01:00,20239.0,20242.0,20239.0,20242.0,12
TX,202505,2025-04-30 18:02:00,20241.0,20241.0,20238.0,20240.0,12
TX,202505,2025-04-30 18:03:00,20240.0,20241.0,20237.0,20237.0,18
TX,202505,2025-04-30 18:04:00,20236.0,20238.0,20236.0,20238.0,17
TX,202505,2025-04-30 18:05:00,20236.0,20237.0,20236.0,20237.0,12
TX,202505,2025-04-30 18:06:00,20237.0,20237.0,20235.0,20237.0,12
TX,202505,2025-04-30 18:07:00,20237.0,20239.0,20234.0,20239.0,30
TX,202505,2025-04-30 18:08:00,20239.0,20241.0,20237.0,20239.0,13
TX,202505,2025-04-30 18:09:00,20237.0,20241.0,20237.0,20240.0,23
TX,202505,2025-04-30 18:10:00,20241.0,20242.0,20241.0,20241.0,13
TX,202505,2025-04-30 18:11:00,20241.0,20246.0,20241.0,20244.0,26
TX,202505,2025-04-30 18:12:00,20245.0,20248.0,20245.0,20248.0,26
TX,202505,2025-04-30 18:13:00,20246.0,20248.0,20246.0,20246.0,19
TX,202505,2025-04-30 18:14:00,20245.0,20246.0,20245.0,20246.0,6
TX,202505,2025-04-30 18:15:00,20245.0,20250.0,20244.0,20250.0,48
TX,202505,2025-04-30 18:16:00,20249.0,20255.0,20247.0,20250.0,86
TX,202505,2025-04-30 18:17:00,20249.0,20252.0,20249.0,20250.0,45
TX,202505,2025-04-30 18:18:00,20251.0,20251.0,20241.0,20242.0,55
TX,202505,2025-04-30 18:19:00,20243.0,20245.0,20241.0,20243.0,36
TX,202505,2025-04-30 18:20:00,20242.0,20243.0,20240.0,20243.0,27
TX,202505,2025-04-30 18:21:00,20243.0,20250.0,20243.0,20248.0,64
TX,202505,2025-04-30 18:22:00,20250.0,20250.0,20242.0,20242.0,85
TX,202505,2025-04-30 18:23:00,20242.0,20243.0,20240.0,20242.0,18
TX,202505,2025-04-30 18:24:00,20243.0,20245.0,20243.0,20245.0,3
TX,202505,2025-04-30 18:25:00,20245.0,20247.0,20244.0,20245.0,28
TX,202505,2025-04-30 18:26:00,20245.0,20247.0,20243.0,20247.0,20
TX,202505,2025-04-30 18:27:00,20248.0,20250.0,20246.0,20248.0,21
TX,202505,2025-04-30 18:28:00,20246.0,20248.0,20245.0,20246.0,25
TX,202505,2025-04-30 18:29:00,20245.0,20249.0,20245.0,20249.0,24
TX,202505,2025-04-30 18:30:00,20248.0,20250.0,20226.0,20226.0,145
TX,202505,2025-04-30 18:31:00,20225.0,20225.0,20212.0,20213.0,202
TX,202505,2025-04-30 18:32:00,20214.0,20219.0,20213.0,20216.0,87
TX,202505,2025-04-30 18:33:00,20216.0,20223.0,20214.0,20221.0,57
TX,202505,2025-04-30 18:34:00,20223.0,20223.0,20215.0,20217.0,52
TX,202505,2025-04-30 18:35:00,20218.0,20220.0,20216.0,20220.0,23
TX,202505,2025-04-30 18:36:00,20218.0,20220.0,20217.0,20220.0,14
TX,202505,2025-04-30 18:37:00,20220.0,20226.0,20220.0,20226.0,26
TX,202505,2025-04-30 18:38:00,20225.0,20227.0,20222.0,20223.0,23
TX,202505,2025-04-30 18:39:00,20223.0,20223.0,20216.0,20216.0,53
TX,202505,2025-04-30 18:40:00,20215.0,20219.0,20212.0,20219.0,67
TX,202505,2025-04-30 18:41:00,20219.0,20219.0,20212.0,20212.0,15
TX,202505,2025-04-30 18:42:00,20214.0,20219.0,20214.0,20218.0,12
TX,202505,2025-04-30 18:43:00,20220.0,20222.0,20208.0,20209.0,97
TX,202505,2025-04-30 18:44:00,20209.0,20211.0,20205.0,20208.0,66
TX,202505,2025-04-30 18:45:00,20209.0,20209.0,20206.0,20208.0,36
TX,202505,2025-04-30 18:46:00,20208.0,20208.0,20203.0,20207.0,55
TX,202505,2025-04-30 18:47:00,20205.0,20208.0,20205.0,20206.0,23
TX,202505,2025-04-30 18:48:00,20206.0,20210.0,20204.0,20210.0,63
TX,202505,2025-04-30 18:49:00,20210.0,20210.0,20206.0,20208.0,21
TX,202505,2025-04-30 18:50:00,20209.0,20216.0,20209.0,20216.0,72
TX,202505,2025-04-30 18:51:00,20217.0,20217.0,20213.0,20215.0,32
TX,202505,2025-04-30 18:52:00,20215.0,20218.0,20214.0,20218.0,22
TX,202505,2025-04-30 18:53:00,20218.0,20219.0,20215.0,20216.0,37
TX,202505,2025-04-30 18:54:00,20214.0,20216.0,20213.0,20215.0,17
TX,202505,2025-04-30 18:55:00,20217.0,20220.0,20216.0,20218.0,21
TX,202505,2025-04-30 18:56:00,20218.0,20218.0,20215.0,20216.0,13
TX,202505,2025-04-30 18:57:00,20215.0,20217.0,20213.0,20217.0,17
TX,202505,2025-04-30 18:58:00,20219.0,20222.0,20215.0,20220.0,72
TX,202505,2025-04-30 18:59:00,20221.0,20225.0,20220.0,20222.0,47
TX,202505,2025-04-30 19:00:00,20223.0,20226.0,20219.0,20220.0,52
TX,202505,2025-04-30 19:01:00,20219.0,20220.0,20215.0,20219.0,28
TX,202505,2025-04-30 19:02:00,20220.0,20220.0,20217.0,20217.0,22
TX,202505,2025-04-30 19:03:00,20218.0,20224.0,20215.0,20224.0,28
TX,202505,2025-04-30 19:04:00,20222.0,20223.0,20222.0,20223.0,23
TX,202505,2025-04-30 19:05:00,20222.0,20224.0,20220.0,20223.0,24
TX,202505,2025-04-30 19:06:00,20222.0,20222.0,20219.0,20221.0,11
TX,202505,2025-04-30 19:07:00,20221.0,20221.0,20220.0,20221.0,10
TX,202505,2025-04-30 19:08:00,20221.0,20223.0,20218.0,20219.0,23
TX,202505,2025-04-30 19:09:00,20219.0,20219.0,20219.0,20219.0,5
TX,202505,2025-04-30 19:10:00,20220.0,20220.0,20216.0,20216.0,10
TX,202505,2025-04-30 19:11:00,20218.0,20222.0,20218.0,20220.0,13
TX,202505,2025-04-30 19:12:00,20218.0,20219.0,20215.0,20215.0,20
TX,202505,2025-04-30 19:13:00,20215.0,20215.0,20212.0,20213.0,29
TX,202505,2025-04-30 19:14:00,20213.0,20213.0,20211.0,20212.0,12
TX,202505,2025-04-30 19:15:00,20212.0,20215.0,20212.0,20215.0,8
TX,202505,2025-04-30 19:16:00,20215.0,20215.0,20214.0,20214.0,5
TX,202505,2025-04-30 19:17:00,20214.0,20224.0,20214.0,20223.0,24
TX,202505,2025-04-30 19:18:00,20222.0,20224.0,20219.0,20219.0,21
TX,202505,2025-04-30 19:19:00,20218.0,20219.0,20212.0,20212.0,40
TX,202505,2025-04-30 19:20:00,20213.0,20213.0,20210.0,20212.0,16
TX,202505,2025-04-30 19:21:00,20213.0,20213.0,20212.0,20212.0,15
TX,202505,2025-04-30 19:22:00,20213.0,20214.0,20210.0,20210.0,38
TX,202505,2025-04-30 19:23:00,20212.0,20212.0,20206.0,20207.0,31
TX,202505,2025-04-30 19:24:00,20207.0,20208.0,20206.0,20207.0,29
TX,202505,2025-04-30 19:25:00,20207.0,20209.0,20204.0,20204.0,43
TX,202505,2025-04-30 19:26:00,20205.0,20207.0,20203.0,20206.0,55
TX,202505,2025-04-30 19:27:00,20206.0,20208.0,20205.0,20206.0,17
TX,202505,2025-04-30 19:28:00,20206.0,20206.0,20201.0,20201.0,39
TX,202505,2025-04-30 19:29:00,20201.0,20203.0,20201.0,20201.0,30
TX,202505,2025-04-30 19:30:00,20201.0,20206.0,20198.0,20198.0,66
TX,202505,2025-04-30 19:31:00,20198.0,20200.0,20196.0,20196.0,52
TX,202505,2025-04-30 19:32:00,20198.0,20199.0,20189.0,20191.0,107
TX,202505,2025-04-30 19:33:00,20191.0,20193.0,20188.0,20193.0,61
TX,202505,2025-04-30 19:34:00,20193.0,20194.0,20191.0,20192.0,17
TX,202505,2025-04-30 19:35:00,20192.0,20192.0,20186.0,20192.0,71
TX,202505,2025-04-30 19:36:00,20192.0,20193.0,20187.0,20191.0,50
TX,202505,2025-04-30 19:37:00,20191.0,20195.0,20190.0,20193.0,28
TX,202505,2025-04-30 19:38:00,20195.0,20196.0,20194.0,20195.0,27
TX,202505,2025-04-30 19:39:00,20196.0,20197.0,20195.0,20197.0,15
TX,202505,2025-04-30 19:40:00,20196.0,20199.0,20194.0,20198.0,29
TX,202505,2025-04-30 19:41:00,20199.0,20199.0,20196.0,20196.0,27
TX,202505,2025-04-30 19:42:00,20197.0,20197.0,20195.0,20196.0,12
TX,202505,2025-04-30 19:43:00,20195.0,20199.0,20195.0,20199.0,11
TX,202505,2025-04-30 19:44:00,20199.0,20204.0,20199.0,20201.0,29
TX,202505,2025-04-30 19:45:00,20200.0,20201.0,20196.0,20199.0,27
TX,202505,2025-04-30 19:46:00,20200.0,20202.0,20195.0,20195.0,24
TX,202505,2025-04-30 19:47:00,20195.0,20198.0,20192.0,20198.0,29
TX,202505,2025-04-30 19:48:00,20198.0,20200.0,20194.0,20195.0,25
TX,202505,2025-04-30 19:49:00,20195.0,20196.0,20193.0,20195.0,19
TX,202505,2025-04-30 19:50:00,20197.0,20198.0,20194.0,20195.0,27
TX,202505,2025-04-30 19:51:00,20195.0,20196.0,20192.0,20192.0,23
TX,202505,2025-04-30 19:52:00,20192.0,20195.0,20191.0,20195.0,8
TX,202505,2025-04-30 19:53:00,20194.0,20197.0,20193.0,20196.0,24
TX,202505,2025-04-30 19:54:00,20197.0,20201.0,20197.0,20199.0,23
TX,202505,2025-04-30 19:55:00,20199.0,20200.0,20199.0,20199.0,12
TX,202505,2025-04-30 19:56:00,20199.0,20203.0,20199.0,20203.0,26
TX,202505,2025-04-30 19:57:00,20202.0,20202.0,20199.0,20200.0,10
TX,202505,2025-04-30 19:58:00,20200.0,20206.0,20200.0,20206.0,35
TX,202505,2025-04-30 19:59:00,20206.0,20207.0,20204.0,20204.0,15
TX,202505,2025-04-30 20:00:00,20205.0,20206.0,20199.0,20199.0,28
TX,202505,2025-04-30 20:01:00,20199.0,20202.0,20199.0,20201.0,12
TX,202505,2025-04-30 20:02:00,20202.0,20206.0,20200.0,20201.0,24
TX,202505,2025-04-30 20:03:00,20200.0,20204.0,20199.0,20200.0,12
TX,202505,2025-04-30 20:04:00,20198.0,20199.0,20195.0,20199.0,31
TX,202505,2025-04-30 20:05:00,20200.0,20205.0,20195.0,20204.0,47
TX,202505,2025-04-30 20:06:00,20203.0,20203.0,20201.0,20202.0,5
TX,202505,2025-04-30 20:07:00,20200.0,20200.0,20198.0,20199.0,11
TX,202505,2025-04-30 20:08:00,20198.0,20198.0,20195.0,20197.0,14
TX,202505,2025-04-30 20:09:00,20197.0,20197.0,20193.0,20193.0,25
TX,202505,2025-04-30 20:10:00,20193.0,20197.0,20192.0,20195.0,9
TX,202505,2025-04-30 20:11:00,20192.0,20194.0,20191.0,20193.0,15
TX,202505,2025-04-30 20:12:00,20192.0,20193.0,20191.0,20193.0,14
TX,202505,2025-04-30 20:13:00,20193.0,20193.0,20193.0,20193.0,3
TX,202505,2025-04-30 20:14:00,20193.0,20198.0,20193.0,20196.0,55
TX,202505,2025-04-30 20:15:00,20196.0,20196.0,20166.0,20183.0,375
TX,202505,2025-04-30 20:16:00,20180.0,20182.0,20171.0,20171.0,74
TX,202505,2025-04-30 20:17:00,20173.0,20177.0,20167.0,20168.0,78
TX,202505,2025-04-30 20:18:00,20168.0,20173.0,20168.0,20171.0,65
TX,202505,2025-04-30 20:19:00,20169.0,20172.0,20166.0,20170.0,52
TX,202505,2025-04-30 20:20:00,20170.0,20171.0,20165.0,20168.0,53
TX,202505,2025-04-30 20:21:00,20167.0,20169.0,20156.0,20157.0,191
TX,202505,2025-04-30 20:22:00,20157.0,20163.0,20156.0,20159.0,113
TX,202505,2025-04-30 20:23:00,20158.0,20159.0,20154.0,20156.0,99
TX,202505,2025-04-30 20:24:00,20156.0,20159.0,20150.0,20159.0,175
TX,202505,2025-04-30 20:25:00,20158.0,20160.0,20155.0,20158.0,59
TX,202505,2025-04-30 20:26:00,20158.0,20160.0,20151.0,20151.0,41
TX,202505,2025-04-30 20:27:00,20151.0,20162.0,20151.0,20159.0,52
TX,202505,2025-04-30 20:28:00,20160.0,20160.0,20158.0,20159.0,29
TX,202505,2025-04-30 20:29:00,20159.0,20162.0,20155.0,20160.0,69
TX,202505,2025-04-30 20:30:00,20161.0,20178.0,20155.0,20171.0,422
TX,202505,2025-04-30 20:31:00,20173.0,20173.0,20147.0,20147.0,254
TX,202505,2025-04-30 20:32:00,20146.0,20149.0,20130.0,20141.0,395
TX,202505,2025-04-30 20:33:00,20140.0,20146.0,20135.0,20143.0,122
TX,202505,2025-04-30 20:34:00,20143.0,20153.0,20138.0,20148.0,126
TX,202505,2025-04-30 20:35:00,20151.0,20157.0,20147.0,20148.0,80
TX,202505,2025-04-30 20:36:00,20147.0,20147.0,20118.0,20118.0,315
TX,202505,2025-04-30 20:37:00,20119.0,20125.0,20115.0,20121.0,218
TX,202505,2025-04-30 20:38:00,20122.0,20126.0,20119.0,20119.0,75
TX,202505,2025-04-30 20:39:00,20117.0,20121.0,20113.0,20117.0,121
TX,202505,2025-04-30 20:40:00,20116.0,20118.0,20105.0,20107.0,271
TX,202505,2025-04-30 20:41:00,20106.0,20107.0,20070.0,20072.0,656
TX,202505,2025-04-30 20:42:00,20071.0,20085.0,20070.0,20082.0,279
TX,202505,2025-04-30 20:43:00,20080.0,20089.0,20074.0,20088.0,165
TX,202505,2025-04-30 20:44:00,20087.0,20088.0,20074.0,20074.0,138
TX,202505,2025-04-30 20:45:00,20075.0,20075.0,20045.0,20053.0,780
TX,202505,2025-04-30 20:46:00,20053.0,20060.0,20034.0,20040.0,333
TX,202505,2025-04-30 20:47:00,20039.0,20047.0,20020.0,20020.0,374
TX,202505,2025-04-30 20:48:00,20022.0,20030.0,20005.0,20030.0,377
TX,202505,2025-04-30 20:49:00,20030.0,20048.0,20028.0,20042.0,284
TX,202505,2025-04-30 20:50:00,20042.0,20053.0,20037.0,20045.0,198
TX,202505,2025-04-30 20:51:00,20043.0,20044.0,20023.0,20023.0,191
TX,202505,2025-04-30 20:52:00,20024.0,20035.0,20020.0,20032.0,161
TX,202505,2025-04-30 20:53:00,20035.0,20041.0,20028.0,20037.0,112
TX,202505,2025-04-30 20:54:00,20038.0,20042.0,20033.0,20034.0,121
TX,202505,2025-04-30 20:55:00,20035.0,20038.0,20030.0,20035.0,75
TX,202505,2025-04-30 20:56:00,20034.0,20046.0,20033.0,20044.0,141
TX,202505,2025-04-30 20:57:00,20043.0,20046.0,20037.0,20040.0,163
TX,202505,2025-04-30 20:58:00,20041.0,20041.0,20032.0,20033.0,90
TX,202505,2025-04-30 20:59:00,20033.0,20033.0,20021.0,20022.0,202
TX,202505,2025-04-30 21:00:00,20024.0,20024.0,20002.0,20011.0,449
TX,202505,2025-04-30 21:01:00,20011.0,20015.0,20006.0,20014.0,131
TX,202505,2025-04-30 21:02:00,20015.0,20024.0,20011.0,20016.0,200
TX,202505,2025-04-30 21:03:00,20019.0,20038.0,20018.0,20034.0,147
TX,202505,2025-04-30 21:04:00,20035.0,20035.0,20024.0,20024.0,86
TX,202505,2025-04-30 21:05:00,20025.0,20037.0,20025.0,20032.0,72
TX,202505,2025-04-30 21:06:00,20032.0,20032.0,20001.0,20001.0,234
TX,202505,2025-04-30 21:07:00,20001.0,20013.0,19995.0,20011.0,347
TX,202505,2025-04-30 21:08:00,20009.0,20009.0,19999.0,20002.0,77
TX,202505,2025-04-30 21:09:00,20003.0,20004.0,19997.0,20000.0,93
TX,202505,2025-04-30 21:10:00,20000.0,20011.0,19998.0,20011.0,96
TX,202505,2025-04-30 21:11:00,20013.0,20017.0,20005.0,20005.0,97
TX,202505,2025-04-30 21:12:00,20005.0,20016.0,20000.0,20016.0,98
TX,202505,2025-04-30 21:13:00,20015.0,20024.0,19998.0,20000.0,194
TX,202505,2025-04-30 21:14:00,19998.0,20005.0,19988.0,19997.0,269
TX,202505,2025-04-30 21:15:00,19997.0,20010.0,19992.0,19999.0,104
TX,202505,2025-04-30 21:16:00,20000.0,20008.0,19994.0,19996.0,133
TX,202505,2025-04-30 21:17:00,19999.0,20008.0,19996.0,20004.0,103
TX,202505,2025-04-30 21:18:00,20006.0,20012.0,19999.0,20002.0,105
TX,202505,2025-04-30 21:19:00,20003.0,20014.0,20002.0,20010.0,70
TX,202505,2025-04-30 21:20:00,20013.0,20028.0,20011.0,20028.0,217
TX,202505,2025-04-30 21:21:00,20028.0,20036.0,20024.0,20024.0,284
TX,202505,2025-04-30 21:22:00,20024.0,20028.0,20023.0,20028.0,33
TX,202505,2025-04-30 21:23:00,20028.0,20030.0,20025.0,20025.0,92
TX,202505,2025-04-30 21:24:00,20024.0,20025.0,20019.0,20025.0,69
TX,202505,2025-04-30 21:25:00,20026.0,20032.0,20024.0,20025.0,106
TX,202505,2025-04-30 21:26:00,20028.0,20031.0,20026.0,20028.0,57
TX,202505,2025-04-30 21:27:00,20028.0,20028.0,20017.0,20020.0,101
TX,202505,2025-04-30 21:28:00,20022.0,20025.0,20018.0,20021.0,33
TX,202505,2025-04-30 21:29:00,20020.0,20023.0,20016.0,20016.0,63
TX,202505,2025-04-30 21:30:00,20015.0,20015.0,19990.0,19993.0,523
TX,202505,2025-04-30 21:31:00,19994.0,20001.0,19971.0,19978.0,595
TX,202505,2025-04-30 21:32:00,19977.0,19998.0,19975.0,19995.0,263
TX,202505,2025-04-30 21:33:00,19994.0,20010.0,19985.0,20010.0,310
TX,202505,2025-04-30 21:34:00,20009.0,20028.0,20006.0,20022.0,278
TX,202505,2025-04-30 21:35:00,20020.0,20027.0,20004.0,20006.0,303
TX,202505,2025-04-30 21:36:00,20005.0,20014.0,19992.0,19997.0,232
TX,202505,2025-04-30 21:37:00,20000.0,20000.0,19966.0,19982.0,375
TX,202505,2025-04-30 21:38:00,19979.0,19990.0,19970.0,19976.0,245
TX,202505,2025-04-30 21:39:00,19977.0,19977.0,19960.0,19963.0,255
TX,202505,2025-04-30 21:40:00,19960.0,19973.0,19951.0,19960.0,414
TX,202505,2025-04-30 21:41:00,19960.0,19960.0,19942.0,19952.0,309
TX,202505,2025-04-30 21:42:00,19950.0,19954.0,19943.0,19943.0,125
TX,202505,2025-04-30 21:43:00,19946.0,19954.0,19935.0,19953.0,252
TX,202505,2025-04-30 21:44:00,19952.0,19975.0,19951.0,19970.0,297
TX,202505,2025-04-30 21:45:00,19970.0,19971.0,19956.0,19970.0,146
TX,202505,2025-04-30 21:46:00,19970.0,19974.0,19958.0,19961.0,176
TX,202505,2025-04-30 21:47:00,19960.0,19978.0,19960.0,19973.0,213
TX,202505,2025-04-30 21:48:00,19974.0,19996.0,19973.0,19988.0,458
TX,202505,2025-04-30 21:49:00,19985.0,19994.0,19985.0,19991.0,180
TX,202505,2025-04-30 21:50:00,19988.0,19992.0,19979.0,19989.0,207
TX,202505,2025-04-30 21:51:00,19986.0,19988.0,19970.0,19973.0,220
TX,202505,2025-04-30 21:52:00,19973.0,19982.0,19957.0,19962.0,217
TX,202505,2025-04-30 21:53:00,19962.0,19968.0,19945.0,19950.0,173
TX,202505,2025-04-30 21:54:00,19948.0,19962.0,19948.0,19960.0,173
TX,202505,2025-04-30 21:55:00,19963.0,19973.0,19959.0,19966.0,144
TX,202505,2025-04-30 21:56:00,19964.0,19964.0,19941.0,19943.0,212
TX,202505,2025-04-30 21:57:00,19942.0,19943.0,19928.0,19939.0,304
TX,202505,2025-04-30 21:58:00,19940.0,19940.0,19921.0,19927.0,176
TX,202505,2025-04-30 21:59:00,19926.0,19945.0,19922.0,19941.0,192
TX,202505,2025-04-30 22:00:00,19938.0,19975.0,19925.0,19975.0,513
TX,202505,2025-04-30 22:01:00,19976.0,19996.0,19973.0,19993.0,478
TX,202505,2025-04-30 22:02:00,19995.0,19999.0,19981.0,19988.0,242
TX,202505,2025-04-30 22:03:00,19988.0,19989.0,19974.0,19981.0,178
TX,202505,2025-04-30 22:04:00,19981.0,19998.0,19981.0,19994.0,230
TX,202505,2025-04-30 22:05:00,19992.0,20006.0,19986.0,20003.0,380
TX,202505,2025-04-30 22:06:00,20002.0,20006.0,19989.0,19996.0,146
TX,202505,2025-04-30 22:07:00,19999.0,19999.0,19971.0,19977.0,287
TX,202505,2025-04-30 22:08:00,19978.0,20000.0,19969.0,20000.0,195
TX,202505,2025-04-30 22:09:00,19999.0,20019.0,19997.0,20011.0,283
TX,202505,2025-04-30 22:10:00,20013.0,20015.0,19994.0,20005.0,185
TX,202505,2025-04-30 22:11:00,20005.0,20006.0,19992.0,19993.0,193
TX,202505,2025-04-30 22:12:00,19991.0,19998.0,19989.0,19992.0,199
TX,202505,2025-04-30 22:13:00,19994.0,20004.0,19993.0,20002.0,122
TX,202505,2025-04-30 22:14:00,20000.0,20013.0,20000.0,20010.0,108
TX,202505,2025-04-30 22:15:00,20009.0,20014.0,20001.0,20014.0,121
TX,202505,2025-04-30 22:16:00,20012.0,20014.0,20004.0,20011.0,151
TX,202505,2025-04-30 22:17:00,20008.0,20009.0,20001.0,20002.0,153
TX,202505,2025-04-30 22:18:00,20002.0,20010.0,20002.0,20006.0,48
TX,202505,2025-04-30 22:19:00,20005.0,20017.0,20005.0,20016.0,87
TX,202505,2025-04-30 22:20:00,20016.0,20020.0,20007.0,20012.0,132
TX,202505,2025-04-30 22:21:00,20015.0,20019.0,20009.0,20011.0,111
TX,202505,2025-04-30 22:22:00,20013.0,20013.0,20007.0,20007.0,109
TX,202505,2025-04-30 22:23:00,20008.0,20021.0,20007.0,20019.0,120
TX,202505,2025-04-30 22:24:00,20020.0,20033.0,20019.0,20033.0,187
TX,202505,2025-04-30 22:25:00,20031.0,20033.0,20026.0,20032.0,141
TX,202505,2025-04-30 22:26:00,20030.0,20043.0,20029.0,20040.0,232
TX,202505,2025-04-30 22:27:00,20041.0,20042.0,20031.0,20038.0,121
TX,202505,2025-04-30 22:28:00,20037.0,20041.0,20033.0,20040.0,184
TX,202505,2025-04-30 22:29:00,20040.0,20054.0,20040.0,20044.0,343
TX,202505,2025-04-30 22:30:00,20044.0,20051.0,20037.0,20048.0,219
TX,202505,2025-04-30 22:31:00,20049.0,20060.0,20049.0,20053.0,246
TX,202505,2025-04-30 22:32:00,20055.0,20057.0,20042.0,20043.0,225
TX,202505,2025-04-30 22:33:00,20046.0,20052.0,20044.0,20044.0,108
TX,202505,2025-04-30 22:34:00,20043.0,20044.0,20033.0,20033.0,162
TX,202505,2025-04-30 22:35:00,20034.0,20034.0,20024.0,20028.0,252
TX,202505,2025-04-30 22:36:00,20028.0,20029.0,20018.0,20019.0,147
TX,202505,2025-04-30 22:37:00,20021.0,20027.0,20020.0,20022.0,42
TX,202505,2025-04-30 22:38:00,20021.0,20023.0,20010.0,20020.0,140
TX,202505,2025-04-30 22:39:00,20021.0,20030.0,20017.0,20024.0,84
TX,202505,2025-04-30 22:40:00,20023.0,20025.0,20019.0,20021.0,38
TX,202505,2025-04-30 22:41:00,20020.0,20020.0,20008.0,20009.0,106
TX,202505,2025-04-30 22:42:00,20008.0,20022.0,20007.0,20020.0,75
TX,202505,2025-04-30 22:43:00,20020.0,20040.0,20019.0,20040.0,124
TX,202505,2025-04-30 22:44:00,20041.0,20050.0,20041.0,20042.0,183
TX,202505,2025-04-30 22:45:00,20042.0,20043.0,20033.0,20043.0,74
TX,202505,2025-04-30 22:46:00,20043.0,20045.0,20035.0,20037.0,93
TX,202505,2025-04-30 22:47:00,20036.0,20036.0,20026.0,20032.0,97
TX,202505,2025-04-30 22:48:00,20031.0,20045.0,20030.0,20032.0,97
TX,202505,2025-04-30 22:49:00,20032.0,20036.0,20029.0,20033.0,67
TX,202505,2025-04-30 22:50:00,20032.0,20035.0,20019.0,20020.0,117
TX,202505,2025-04-30 22:51:00,20018.0,20024.0,20013.0,20017.0,139
TX,202505,2025-04-30 22:52:00,20020.0,20039.0,20019.0,20039.0,95
TX,202505,2025-04-30 22:53:00,20041.0,20046.0,20037.0,20042.0,158
TX,202505,2025-04-30 22:54:00,20044.0,20050.0,20038.0,20038.0,115
TX,202505,2025-04-30 22:55:00,20038.0,20044.0,20034.0,20039.0,63
TX,202505,2025-04-30 22:56:00,20038.0,20040.0,20031.0,20040.0,48
TX,202505,2025-04-30 22:57:00,20040.0,20060.0,20040.0,20056.0,178
TX,202505,2025-04-30 22:58:00,20057.0,20067.0,20054.0,20059.0,206
TX,202505,2025-04-30 22:59:00,20058.0,20060.0,20043.0,20045.0,124
TX,202505,2025-04-30 23:00:00,20051.0,20073.0,20048.0,20070.0,218
TX,202505,2025-04-30 23:01:00,20070.0,20072.0,20065.0,20069.0,216
TX,202505,2025-04-30 23:02:00,20069.0,20075.0,20067.0,20073.0,145
TX,202505,2025-04-30 23:03:00,20073.0,20074.0,20065.0,20065.0,75
TX,202505,2025-04-30 23:04:00,20064.0,20073.0,20063.0,20071.0,58
TX,202505,2025-04-30 23:05:00,20072.0,20073.0,20062.0,20067.0,84
TX,202505,2025-04-30 23:06:00,20068.0,20068.0,20062.0,20068.0,42
TX,202505,2025-04-30 23:07:00,20069.0,20083.0,20069.0,20072.0,173
TX,202505,2025-04-30 23:08:00,20073.0,20074.0,20069.0,20072.0,87
TX,202505,2025-04-30 23:09:00,20073.0,20079.0,20073.0,20076.0,80
TX,202505,2025-04-30 23:10:00,20076.0,20080.0,20071.0,20075.0,114
TX,202505,2025-04-30 23:11:00,20073.0,20079.0,20071.0,20076.0,99
TX,202505,2025-04-30 23:12:00,20076.0,20087.0,20076.0,20085.0,145
TX,202505,2025-04-30 23:13:00,20085.0,20089.0,20080.0,20088.0,117
TX,202505,2025-04-30 23:14:00,20089.0,20090.0,20079.0,20081.0,91
TX,202505,2025-04-30 23:15:00,20080.0,20081.0,20075.0,20078.0,126
TX,202505,2025-04-30 23:16:00,20080.0,20084.0,20077.0,20081.0,47
TX,202505,2025-04-30 23:17:00,20083.0,20085.0,20081.0,20082.0,50
TX,202505,2025-04-30 23:18:00,20082.0,20088.0,20082.0,20085.0,54
TX,202505,2025-04-30 23:19:00,20086.0,20086.0,20079.0,20080.0,71
TX,202505,2025-04-30 23:20:00,20078.0,20084.0,20075.0,20079.0,71
TX,202505,2025-04-30 23:21:00,20081.0,20097.0,20080.0,20096.0,208
TX,202505,2025-04-30 23:22:00,20096.0,20107.0,20096.0,20104.0,282
TX,202505,2025-04-30 23:23:00,20104.0,20110.0,20097.0,20098.0,229
TX,202505,2025-04-30 23:24:00,20098.0,20102.0,20087.0,20087.0,198
TX,202505,2025-04-30 23:25:00,20087.0,20087.0,20073.0,20075.0,226
TX,202505,2025-04-30 23:26:00,20077.0,20079.0,20071.0,20074.0,111
TX,202505,2025-04-30 23:27:00,20075.0,20077.0,20070.0,20076.0,113
TX,202505,2025-04-30 23:28:00,20077.0,20095.0,20077.0,20093.0,158
TX,202505,2025-04-30 23:29:00,20091.0,20093.0,20084.0,20087.0,64
TX,202505,2025-04-30 23:30:00,20088.0,20091.0,20079.0,20081.0,80
TX,202505,2025-04-30 23:31:00,20082.0,20082.0,20072.0,20081.0,78
TX,202505,2025-04-30 23:32:00,20081.0,20083.0,20078.0,20081.0,69
TX,202505,2025-04-30 23:33:00,20077.0,20084.0,20076.0,20084.0,27
TX,202505,2025-04-30 23:34:00,20083.0,20093.0,20079.0,20089.0,92
TX,202505,2025-04-30 23:35:00,20090.0,20093.0,20075.0,20077.0,56
TX,202505,2025-04-30 23:36:00,20084.0,20094.0,20083.0,20089.0,81
TX,202505,2025-04-30 23:37:00,20090.0,20091.0,20081.0,20081.0,46
TX,202505,2025-04-30 23:38:00,20081.0,20081.0,20072.0,20081.0,130
TX,202505,2025-04-30 23:39:00,20079.0,20082.0,20078.0,20081.0,25
TX,202505,2025-04-30 23:40:00,20081.0,20086.0,20077.0,20077.0,70
TX,202505,2025-04-30 23:41:00,20076.0,20085.0,20074.0,20074.0,50
TX,202505,2025-04-30 23:42:00,20073.0,20081.0,20070.0,20071.0,117
TX,202505,2025-04-30 23:43:00,20072.0,20084.0,20067.0,20082.0,139
TX,202505,2025-04-30 23:44:00,20083.0,20101.0,20080.0,20101.0,506
TX,202505,2025-04-30 23:45:00,20101.0,20102.0,20089.0,20101.0,162
TX,202505,2025-04-30 23:46:00,20099.0,20101.0,20089.0,20097.0,63
TX,202505,2025-04-30 23:47:00,20098.0,20098.0,20088.0,20096.0,76
TX,202505,2025-04-30 23:48:00,20095.0,20096.0,20087.0,20090.0,54
TX,202505,2025-04-30 23:49:00,20091.0,20094.0,20091.0,20093.0,26
TX,202505,2025-04-30 23:50:00,20093.0,20099.0,20092.0,20096.0,56
TX,202505,2025-04-30 23:51:00,20096.0,20096.0,20084.0,20085.0,52
TX,202505,2025-04-30 23:52:00,20087.0,20091.0,20081.0,20081.0,59
TX,202505,2025-04-30 23:53:00,20081.0,20081.0,20068.0,20075.0,133
TX,202505,2025-04-30 23:54:00,20071.0,20081.0,20069.0,20080.0,60
TX,202505,2025-04-30 23:55:00,20079.0,20087.0,20075.0,20087.0,63
TX,202505,2025-04-30 23:56:00,20088.0,20095.0,20088.0,20088.0,78
TX,202505,2025-04-30 23:57:00,20088.0,20092.0,20073.0,20073.0,77
TX,202505,2025-04-30 23:58:00,20073.0,20091.0,20070.0,20090.0,113
TX,202505,2025-04-30 23:59:00,20089.0,20090.0,20082.0,20089.0,40
TX,202505,2025-05-01 00:00:00,20088.0,20097.0,20085.0,20087.0,122
TX,202505,2025-05-01 00:01:00,20087.0,20093.0,20081.0,20083.0,42
TX,202505,2025-05-01 00:02:00,20082.0,20085.0,20077.0,20082.0,37
TX,202505,2025-05-01 00:03:00,20084.0,20085.0,20081.0,20083.0,30
TX,202505,2025-05-01 00:04:00,20085.0,20089.0,20085.0,20089.0,21
TX,202505,2025-05-01 00:05:00,20090.0,20105.0,20090.0,20105.0,177
TX,202505,2025-05-01 00:06:00,20106.0,20122.0,20104.0,20122.0,261
TX,202505,2025-05-01 00:07:00,20122.0,20123.0,20108.0,20116.0,112
TX,202505,2025-05-01 00:08:00,20117.0,20118.0,20109.0,20112.0,62
TX,202505,2025-05-01 00:09:00,20112.0,20114.0,20107.0,20107.0,69
TX,202505,2025-05-01 00:10:00,20109.0,20109.0,20090.0,20091.0,112
TX,202505,2025-05-01 00:11:00,20091.0,20098.0,20089.0,20098.0,43
TX,202505,2025-05-01 00:12:00,20098.0,20108.0,20091.0,20104.0,53
TX,202505,2025-05-01 00:13:00,20104.0,20105.0,20091.0,20093.0,40
TX,202505,2025-05-01 00:14:00,20093.0,20100.0,20091.0,20095.0,23
TX,202505,2025-05-01 00:15:00,20094.0,20098.0,20085.0,20085.0,111
TX,202505,2025-05-01 00:16:00,20085.0,20085.0,20076.0,20076.0,97
TX,202505,2025-05-01 00:17:00,20078.0,20089.0,20076.0,20082.0,42
TX,202505,2025-05-01 00:18:00,20082.0,20089.0,20080.0,20080.0,18
TX,202505,2025-05-01 00:19:00,20080.0,20082.0,20076.0,20078.0,46
TX,202505,2025-05-01 00:20:00,20081.0,20081.0,20077.0,20077.0,26
TX,202505,2025-05-01 00:21:00,20078.0,20085.0,20074.0,20076.0,86
TX,202505,2025-05-01 00:22:00,20075.0,20075.0,20060.0,20063.0,205
TX,202505,2025-05-01 00:23:00,20063.0,20065.0,20058.0,20058.0,71
TX,202505,2025-05-01 00:24:00,20059.0,20063.0,20056.0,20058.0,111
TX,202505,2025-05-01 00:25:00,20057.0,20061.0,20053.0,20055.0,55
TX,202505,2025-05-01 00:26:00,20054.0,20061.0,20046.0,20060.0,171
TX,202505,2025-05-01 00:27:00,20061.0,20061.0,20050.0,20055.0,53
TX,202505,2025-05-01 00:28:00,20055.0,20055.0,20048.0,20050.0,120
TX,202505,2025-05-01 00:29:00,20052.0,20054.0,20048.0,20049.0,35
TX,202505,2025-05-01 00:30:00,20050.0,20053.0,20045.0,20046.0,79
TX,202505,2025-05-01 00:31:00,20047.0,20053.0,20044.0,20048.0,72
TX,202505,2025-05-01 00:32:00,20050.0,20053.0,20046.0,20046.0,74
TX,202505,2025-05-01 00:33:00,20048.0,20054.0,20044.0,20054.0,50
TX,202505,2025-05-01 00:34:00,20052.0,20055.0,20047.0,20049.0,70
TX,202505,2025-05-01 00:35:00,20047.0,20053.0,20046.0,20053.0,18
TX,202505,2025-05-01 00:36:00,20051.0,20060.0,20044.0,20060.0,91
TX,202505,2025-05-01 00:37:00,20060.0,20073.0,20060.0,20072.0,134
TX,202505,2025-05-01 00:38:00,20073.0,20078.0,20068.0,20073.0,111
TX,202505,2025-05-01 00:39:00,20072.0,20078.0,20071.0,20078.0,61
TX,202505,2025-05-01 00:40:00,20077.0,20083.0,20075.0,20077.0,105
TX,202505,2025-05-01 00:41:00,20076.0,20083.0,20076.0,20080.0,31
TX,202505,2025-05-01 00:42:00,20080.0,20083.0,20079.0,20079.0,42
TX,202505,2025-05-01 00:43:00,20078.0,20078.0,20072.0,20075.0,40
TX,202505,2025-05-01 00:44:00,20076.0,20078.0,20073.0,20073.0,18
TX,202505,2025-05-01 00:45:00,20073.0,20077.0,20067.0,20074.0,83
TX,202505,2025-05-01 00:46:00,20076.0,20077.0,20072.0,20075.0,29
TX,202505,2025-05-01 00:47:00,20074.0,20077.0,20068.0,20072.0,32
TX,202505,2025-05-01 00:48:00,20071.0,20075.0,20063.0,20068.0,61
TX,202505,2025-05-01 00:49:00,20069.0,20074.0,20069.0,20070.0,12
TX,202505,2025-05-01 00:50:00,20072.0,20078.0,20069.0,20076.0,40
TX,202505,2025-05-01 00:51:00,20077.0,20079.0,20069.0,20079.0,26
TX,202505,2025-05-01 00:52:00,20080.0,20081.0,20075.0,20075.0,27
TX,202505,2025-05-01 00:53:00,20075.0,20083.0,20074.0,20080.0,30
TX,202505,2025-05-01 00:54:00,20080.0,20083.0,20079.0,20082.0,16
TX,202505,2025-05-01 00:55:00,20081.0,20084.0,20080.0,20084.0,30
TX,202505,2025-05-01 00:56:00,20082.0,20084.0,20080.0,20081.0,28
TX,202505,2025-05-01 00:57:00,20082.0,20082.0,20068.0,20072.0,54
TX,202505,2025-05-01 00:58:00,20072.0,20076.0,20070.0,20072.0,17
TX,202505,2025-05-01 00:59:00,20070.0,20078.0,20069.0,20078.0,31
TX,202505,2025-05-01 01:00:00,20079.0,20086.0,20078.0,20084.0,123
TX,202505,2025-05-01 01:01:00,20085.0,20086.0,20082.0,20086.0,21
TX,202505,2025-05-01 01:02:00,20084.0,20086.0,20083.0,20084.0,15
TX,202505,2025-05-01 01:03:00,20082.0,20084.0,20075.0,20077.0,45
TX,202505,2025-05-01 01:04:00,20076.0,20076.0,20071.0,20076.0,27
TX,202505,2025-05-01 01:05:00,20072.0,20072.0,20063.0,20063.0,51
TX,202505,2025-05-01 01:06:00,20063.0,20067.0,20059.0,20060.0,54
TX,202505,2025-05-01 01:07:00,20059.0,20063.0,20057.0,20063.0,30
TX,202505,2025-05-01 01:08:00,20063.0,20063.0,20050.0,20053.0,70
TX,202505,2025-05-01 01:09:00,20051.0,20054.0,20050.0,20053.0,30
TX,202505,2025-05-01 01:10:00,20052.0,20052.0,20030.0,20034.0,310
TX,202505,2025-05-01 01:11:00,20033.0,20041.0,20030.0,20041.0,73
TX,202505,2025-05-01 01:12:00,20037.0,20037.0,20025.0,20026.0,107
TX,202505,2025-05-01 01:13:00,20026.0,20028.0,20021.0,20024.0,87
TX,202505,2025-05-01 01:14:00,20024.0,20036.0,20023.0,20036.0,80
TX,202505,2025-05-01 01:15:00,20037.0,20045.0,20034.0,20045.0,80
TX,202505,2025-05-01 01:16:00,20045.0,20046.0,20033.0,20033.0,61
TX,202505,2025-05-01 01:17:00,20037.0,20043.0,20037.0,20042.0,31
TX,202505,2025-05-01 01:18:00,20042.0,20049.0,20041.0,20049.0,58
TX,202505,2025-05-01 01:19:00,20050.0,20058.0,20050.0,20050.0,54
TX,202505,2025-05-01 01:20:00,20052.0,20056.0,20050.0,20053.0,27
TX,202505,2025-05-01 01:21:00,20055.0,20058.0,20055.0,20057.0,27
TX,202505,2025-05-01 01:22:00,20056.0,20060.0,20055.0,20056.0,35
TX,202505,2025-05-01 01:23:00,20059.0,20064.0,20058.0,20062.0,29
TX,202505,2025-05-01 01:24:00,20064.0,20065.0,20062.0,20062.0,32
TX,202505,2025-05-01 01:25:00,20065.0,20069.0,20063.0,20068.0,44
TX,202505,2025-05-01 01:26:00,20069.0,20083.0,20069.0,20080.0,135
TX,202505,2025-05-01 01:27:00,20082.0,20084.0,20078.0,20084.0,56
TX,202505,2025-05-01 01:28:00,20085.0,20090.0,20080.0,20090.0,116
TX,202505,2025-05-01 01:29:00,20090.0,20095.0,20088.0,20091.0,89
TX,202505,2025-05-01 01:30:00,20090.0,20094.0,20085.0,20085.0,81
TX,202505,2025-05-01 01:31:00,20087.0,20092.0,20085.0,20092.0,67
TX,202505,2025-05-01 01:32:00,20091.0,20095.0,20089.0,20095.0,60
TX,202505,2025-05-01 01:33:00,20093.0,20093.0,20087.0,20088.0,36
TX,202505,2025-05-01 01:34:00,20090.0,20104.0,20088.0,20104.0,95
TX,202505,2025-05-01 01:35:00,20104.0,20111.0,20101.0,20110.0,118
TX,202505,2025-05-01 01:36:00,20110.0,20114.0,20109.0,20114.0,70
TX,202505,2025-05-01 01:37:00,20114.0,20119.0,20112.0,20112.0,84
TX,202505,2025-05-01 01:38:00,20114.0,20126.0,20114.0,20124.0,156
TX,202505,2025-05-01 01:39:00,20123.0,20124.0,20110.0,20111.0,54
TX,202505,2025-05-01 01:40:00,20110.0,20112.0,20106.0,20111.0,57
TX,202505,2025-05-01 01:41:00,20111.0,20122.0,20110.0,20115.0,55
TX,202505,2025-05-01 01:42:00,20115.0,20122.0,20114.0,20121.0,44
TX,202505,2025-05-01 01:43:00,20122.0,20134.0,20119.0,20128.0,182
TX,202505,2025-05-01 01:44:00,20132.0,20148.0,20129.0,20146.0,257
TX,202505,2025-05-01 01:45:00,20143.0,20146.0,20132.0,20137.0,146
TX,202505,2025-05-01 01:46:00,20138.0,20142.0,20134.0,20134.0,78
TX,202505,2025-05-01 01:47:00,20134.0,20141.0,20134.0,20138.0,45
TX,202505,2025-05-01 01:48:00,20136.0,20137.0,20133.0,20134.0,24
TX,202505,2025-05-01 01:49:00,20136.0,20138.0,20135.0,20137.0,14
TX,202505,2025-05-01 01:50:00,20137.0,20145.0,20137.0,20142.0,46
TX,202505,2025-05-01 01:51:00,20142.0,20144.0,20141.0,20144.0,17
TX,202505,2025-05-01 01:52:00,20143.0,20144.0,20140.0,20140.0,21
TX,202505,2025-05-01 01:53:00,20142.0,20142.0,20137.0,20141.0,35
TX,202505,2025-05-01 01:54:00,20141.0,20146.0,20140.0,20146.0,26
TX,202505,2025-05-01 01:55:00,20145.0,20163.0,20144.0,20155.0,333
TX,202505,2025-05-01 01:56:00,20157.0,20158.0,20145.0,20146.0,106
TX,202505,2025-05-01 01:57:00,20145.0,20157.0,20144.0,20156.0,53
TX,202505,2025-05-01 01:58:00,20155.0,20160.0,20153.0,20154.0,55
TX,202505,2025-05-01 01:59:00,20155.0,20155.0,20146.0,20148.0,26
TX,202505,2025-05-01 02:00:00,20146.0,20152.0,20136.0,20141.0,117
TX,202505,2025-05-01 02:01:00,20140.0,20140.0,20130.0,20130.0,134
TX,202505,2025-05-01 02:02:00,20131.0,20139.0,20129.0,20139.0,78
TX,202505,2025-05-01 02:03:00,20140.0,20147.0,20137.0,20140.0,69
TX,202505,2025-05-01 02:04:00,20138.0,20141.0,20134.0,20141.0,21
TX,202505,2025-05-01 02:05:00,20143.0,20144.0,20138.0,20138.0,18
TX,202505,2025-05-01 02:06:00,20136.0,20136.0,20132.0,20135.0,23
TX,202505,2025-05-01 02:07:00,20139.0,20219.0,20139.0,20176.0,1427
TX,202505,2025-05-01 02:08:00,20176.0,20181.0,20165.0,20175.0,143
TX,202505,2025-05-01 02:09:00,20177.0,20185.0,20161.0,20164.0,84
TX,202505,2025-05-01 02:10:00,20170.0,20187.0,20164.0,20187.0,113
TX,202505,2025-05-01 02:11:00,20190.0,20206.0,20187.0,20205.0,149
TX,202505,2025-05-01 02:12:00,20204.0,20213.0,20198.0,20199.0,126
TX,202505,2025-05-01 02:13:00,20202.0,20205.0,20188.0,20191.0,96
TX,202505,2025-05-01 02:14:00,20188.0,20199.0,20184.0,20194.0,69
TX,202505,2025-05-01 02:15:00,20193.0,20210.0,20188.0,20210.0,54
TX,202505,2025-05-01 02:16:00,20210.0,20213.0,20203.0,20204.0,77
TX,202505,2025-05-01 02:17:00,20204.0,20216.0,20202.0,20205.0,91
TX,202505,2025-05-01 02:18:00,20207.0,20212.0,20207.0,20207.0,22
TX,202505,2025-05-01 02:19:00,20204.0,20206.0,20198.0,20205.0,56
TX,202505,2025-05-01 02:20:00,20205.0,20218.0,20204.0,20209.0,90
TX,202505,2025-05-01 02:21:00,20207.0,20208.0,20194.0,20200.0,62
TX,202505,2025-05-01 02:22:00,20198.0,20207.0,20192.0,20200.0,40
TX,202505,2025-05-01 02:23:00,20200.0,20202.0,20196.0,20200.0,17
TX,202505,2025-05-01 02:24:00,20202.0,20204.0,20199.0,20203.0,14
TX,202505,2025-05-01 02:25:00,20201.0,20203.0,20190.0,20194.0,40
TX,202505,2025-05-01 02:26:00,20195.0,20204.0,20192.0,20203.0,25
TX,202505,2025-05-01 02:27:00,20203.0,20204.0,20192.0,20195.0,12
TX,202505,2025-05-01 02:28:00,20192.0,20194.0,20182.0,20184.0,51
TX,202505,2025-05-01 02:29:00,20184.0,20188.0,20154.0,20169.0,273
TX,202505,2025-05-01 02:30:00,20170.0,20172.0,20161.0,20167.0,85
TX,202505,2025-05-01 02:31:00,20167.0,20172.0,20155.0,20171.0,117
TX,202505,2025-05-01 02:32:00,20172.0,20180.0,20172.0,20179.0,87
TX,202505,2025-05-01 02:33:00,20179.0,20180.0,20172.0,20175.0,22
TX,202505,2025-05-01 02:34:00,20175.0,20178.0,20171.0,20172.0,18
TX,202505,2025-05-01 02:35:00,20171.0,20171.0,20155.0,20158.0,50
TX,202505,2025-05-01 02:36:00,20157.0,20158.0,20148.0,20150.0,64
TX,202505,2025-05-01 02:37:00,20150.0,20154.0,20145.0,20154.0,67
TX,202505,2025-05-01 02:38:00,20155.0,20157.0,20138.0,20145.0,75
TX,202505,2025-05-01 02:39:00,20145.0,20147.0,20142.0,20142.0,20
TX,202505,2025-05-01 02:40:00,20141.0,20151.0,20140.0,20149.0,33
TX,202505,2025-05-01 02:41:00,20146.0,20147.0,20140.0,20143.0,28
TX,202505,2025-05-01 02:42:00,20145.0,20155.0,20140.0,20155.0,57
TX,202505,2025-05-01 02:43:00,20154.0,20158.0,20150.0,20152.0,58
TX,202505,2025-05-01 02:44:00,20154.0,20156.0,20149.0,20150.0,19
TX,202505,2025-05-01 02:45:00,20151.0,20165.0,20147.0,20165.0,46
TX,202505,2025-05-01 02:46:00,20164.0,20168.0,20157.0,20168.0,45
TX,202505,2025-05-01 02:47:00,20168.0,20174.0,20166.0,20168.0,29
TX,202505,2025-05-01 02:48:00,20169.0,20175.0,20169.0,20172.0,24
TX,202505,2025-05-01 02:49:00,20174.0,20186.0,20173.0,20180.0,60
TX,202505,2025-05-01 02:50:00,20183.0,20190.0,20180.0,20189.0,47
TX,202505,2025-05-01 02:51:00,20187.0,20187.0,20180.0,20180.0,18
TX,202505,2025-05-01 02:52:00,20180.0,20181.0,20176.0,20180.0,25
TX,202505,2025-05-01 02:53:00,20179.0,20179.0,20173.0,20177.0,22
TX,202505,2025-05-01 02:54:00,20178.0,20178.0,20174.0,20174.0,8
TX,202505,2025-05-01 02:55:00,20175.0,20185.0,20175.0,20184.0,20
TX,202505,2025-05-01 02:56:00,20182.0,20182.0,20171.0,20174.0,44
TX,202505,2025-05-01 02:57:00,20171.0,20171.0,20166.0,20171.0,25
TX,202505,2025-05-01 02:58:00,20170.0,20171.0,20165.0,20167.0,21
TX,202505,2025-05-01 02:59:00,20167.0,20167.0,20162.0,20165.0,35
TX,202505,2025-05-01 03:00:00,20167.0,20177.0,20167.0,20177.0,25
TX,202505,2025-05-01 03:01:00,20177.0,20180.0,20175.0,20179.0,25
TX,202505,2025-05-01 03:02:00,20173.0,20178.0,20172.0,20178.0,19
TX,202505,2025-05-01 03:03:00,20180.0,20183.0,20174.0,20178.0,21
TX,202505,2025-05-01 03:04:00,20178.0,20180.0,20176.0,20179.0,8
TX,202505,2025-05-01 03:05:00,20180.0,20184.0,20176.0,20180.0,32
TX,202505,2025-05-01 03:06:00,20179.0,20179.0,20173.0,20179.0,18
TX,202505,2025-05-01 03:07:00,20180.0,20181.0,20170.0,20170.0,22
TX,202505,2025-05-01 03:08:00,20172.0,20175.0,20172.0,20175.0,3
TX,202505,2025-05-01 03:09:00,20175.0,20177.0,20171.0,20176.0,7
TX,202505,2025-05-01 03:10:00,20173.0,20173.0,20170.0,20172.0,20
TX,202505,2025-05-01 03:11:00,20175.0,20182.0,20175.0,20182.0,18
TX,202505,2025-05-01 03:12:00,20181.0,20187.0,20181.0,20184.0,35
TX,202505,2025-05-01 03:13:00,20183.0,20186.0,20182.0,20185.0,10
TX,202505,2025-05-01 03:14:00,20183.0,20187.0,20183.0,20185.0,9
TX,202505,2025-05-01 03:15:00,20186.0,20188.0,20179.0,20179.0,18
TX,202505,2025-05-01 03:16:00,20180.0,20181.0,20179.0,20180.0,16
TX,202505,2025-05-01 03:17:00,20178.0,20179.0,20173.0,20173.0,33
TX,202505,2025-05-01 03:18:00,20173.0,20178.0,20170.0,20178.0,13
TX,202505,2025-05-01 03:19:00,20176.0,20176.0,20170.0,20170.0,9
TX,202505,2025-05-01 03:20:00,20167.0,20175.0,20166.0,20174.0,24
TX,202505,2025-05-01 03:21:00,20172.0,20177.0,20172.0,20176.0,15
TX,202505,2025-05-01 03:22:00,20176.0,20181.0,20170.0,20170.0,14
TX,202505,2025-05-01 03:23:00,20166.0,20171.0,20163.0,20170.0,12
TX,202505,2025-05-01 03:24:00,20165.0,20166.0,20164.0,20166.0,11
TX,202505,2025-05-01 03:25:00,20164.0,20164.0,20150.0,20152.0,50
TX,202505,2025-05-01 03:26:00,20150.0,20153.0,20146.0,20146.0,31
TX,202505,2025-05-01 03:27:00,20144.0,20150.0,20143.0,20150.0,25
TX,202505,2025-05-01 03:28:00,20153.0,20158.0,20148.0,20158.0,36
TX,202505,2025-05-01 03:29:00,20161.0,20164.0,20150.0,20150.0,24
TX,202505,2025-05-01 03:30:00,20152.0,20152.0,20148.0,20150.0,38
TX,202505,2025-05-01 03:31:00,20152.0,20152.0,20146.0,20150.0,10
TX,202505,2025-05-01 03:32:00,20151.0,20156.0,20150.0,20156.0,11
TX,202505,2025-05-01 03:33:00,20154.0,20156.0,20149.0,20149.0,12
TX,202505,2025-05-01 03:34:00,20151.0,20152.0,20143.0,20150.0,58
TX,202505,2025-05-01 03:35:00,20152.0,20154.0,20148.0,20149.0,12
TX,202505,2025-05-01 03:36:00,20151.0,20152.0,20145.0,20152.0,14
TX,202505,2025-05-01 03:37:00,20157.0,20166.0,20157.0,20166.0,19
TX,202505,2025-05-01 03:38:00,20167.0,20171.0,20167.0,20171.0,22
TX,202505,2025-05-01 03:39:00,20167.0,20167.0,20154.0,20158.0,26
TX,202505,2025-05-01 03:40:00,20156.0,20163.0,20156.0,20161.0,8
TX,202505,2025-05-01 03:41:00,20160.0,20161.0,20160.0,20161.0,4
TX,202505,2025-05-01 03:42:00,20174.0,20175.0,20169.0,20175.0,33
TX,202505,2025-05-01 03:43:00,20175.0,20178.0,20173.0,20177.0,36
TX,202505,2025-05-01 03:44:00,20177.0,20182.0,20177.0,20178.0,19
TX,202505,2025-05-01 03:45:00,20180.0,20188.0,20180.0,20183.0,41
TX,202505,2025-05-01 03:46:00,20184.0,20192.0,20184.0,20191.0,45
TX,202505,2025-05-01 03:47:00,20191.0,20197.0,20191.0,20193.0,66
TX,202505,2025-05-01 03:48:00,20195.0,20202.0,20195.0,20202.0,69
TX,202505,2025-05-01 03:49:00,20200.0,20203.0,20199.0,20201.0,61
TX,202505,2025-05-01 03:50:00,20199.0,20238.0,20198.0,20236.0,474
TX,202505,2025-05-01 03:51:00,20236.0,20244.0,20229.0,20243.0,147
TX,202505,2025-05-01 03:52:00,20243.0,20247.0,20237.0,20243.0,80
TX,202505,2025-05-01 03:53:00,20245.0,20252.0,20233.0,20236.0,199
TX,202505,2025-05-01 03:54:00,20233.0,20243.0,20230.0,20241.0,114
TX,202505,2025-05-01 03:55:00,20240.0,20253.0,20232.0,20251.0,143
TX,202505,2025-05-01 03:56:00,20253.0,20280.0,20253.0,20261.0,506
TX,202505,2025-05-01 03:57:00,20255.0,20267.0,20254.0,20257.0,97
TX,202505,2025-05-01 03:58:00,20257.0,20261.0,20254.0,20258.0,64
TX,202505,2025-05-01 03:59:00,20259.0,20262.0,20229.0,20236.0,139
TX,202505,2025-05-01 04:00:00,20234.0,20244.0,20200.0,20222.0,578
TX,202505,2025-05-01 04:01:00,20222.0,20270.0,20217.0,20259.0,320
TX,202505,2025-05-01 04:02:00,20254.0,20264.0,20245.0,20250.0,54
TX,202505,2025-05-01 04:03:00,20244.0,20251.0,20234.0,20244.0,139
TX,202505,2025-05-01 04:04:00,20248.0,20253.0,20242.0,20243.0,42
TX,202505,2025-05-01 04:05:00,20247.0,20273.0,20246.0,20273.0,188
TX,202505,2025-05-01 04:06:00,20271.0,20296.0,20271.0,20284.0,207
TX,202505,2025-05-01 04:07:00,20284.0,20291.0,20272.0,20280.0,69
TX,202505,2025-05-01 04:08:00,20280.0,20295.0,20279.0,20288.0,70
TX,202505,2025-05-01 04:09:00,20290.0,20300.0,20277.0,20278.0,168
TX,202505,2025-05-01 04:10:00,20278.0,20294.0,20277.0,20288.0,140
TX,202505,2025-05-01 04:11:00,20288.0,20291.0,20287.0,20291.0,31
TX,202505,2025-05-01 04:12:00,20291.0,20308.0,20291.0,20302.0,208
TX,202505,2025-05-01 04:13:00,20301.0,20310.0,20299.0,20310.0,142
TX,202505,2025-05-01 04:14:00,20311.0,20312.0,20293.0,20295.0,81
TX,202505,2025-05-01 04:15:00,20300.0,20306.0,20300.0,20303.0,62
TX,202505,2025-05-01 04:16:00,20302.0,20304.0,20298.0,20298.0,47
TX,202505,2025-05-01 04:17:00,20298.0,20300.0,20294.0,20295.0,13
TX,202505,2025-05-01 04:18:00,20293.0,20299.0,20293.0,20299.0,15
TX,202505,2025-05-01 04:19:00,20300.0,20318.0,20300.0,20315.0,72
TX,202505,2025-05-01 04:20:00,20313.0,20316.0,20304.0,20313.0,87
TX,202505,2025-05-01 04:21:00,20317.0,20324.0,20315.0,20324.0,94
TX,202505,2025-05-01 04:22:00,20323.0,20335.0,20316.0,20335.0,95
TX,202505,2025-05-01 04:23:00,20337.0,20337.0,20326.0,20332.0,53
TX,202505,2025-05-01 04:24:00,20333.0,20344.0,20326.0,20342.0,81
TX,202505,2025-05-01 04:25:00,20343.0,20344.0,20331.0,20332.0,112
TX,202505,2025-05-01 04:26:00,20337.0,20337.0,20330.0,20330.0,65
TX,202505,2025-05-01 04:27:00,20330.0,20335.0,20330.0,20330.0,31
TX,202505,2025-05-01 04:28:00,20331.0,20340.0,20331.0,20340.0,23
TX,202505,2025-05-01 04:29:00,20342.0,20342.0,20340.0,20340.0,10
TX,202505,2025-05-01 04:30:00,20340.0,20343.0,20332.0,20333.0,42
TX,202505,2025-05-01 04:31:00,20333.0,20340.0,20333.0,20340.0,9
TX,202505,2025-05-01 04:32:00,20340.0,20348.0,20336.0,20348.0,52
TX,202505,2025-05-01 04:33:00,20348.0,20351.0,20345.0,20349.0,62
TX,202505,2025-05-01 04:34:00,20350.0,20350.0,20346.0,20348.0,20
TX,202505,2025-05-01 04:35:00,20347.0,20348.0,20341.0,20348.0,45
TX,202505,2025-05-01 04:36:00,20350.0,20357.0,20350.0,20351.0,81
TX,202505,2025-05-01 04:37:00,20351.0,20352.0,20348.0,20350.0,16
TX,202505,2025-05-01 04:38:00,20350.0,20353.0,20348.0,20353.0,15
TX,202505,2025-05-01 04:39:00,20353.0,20362.0,20353.0,20362.0,42
TX,202505,2025-05-01 04:40:00,20362.0,20365.0,20356.0,20359.0,53
TX,202505,2025-05-01 04:41:00,20358.0,20358.0,20354.0,20357.0,10
TX,202505,2025-05-01 04:42:00,20355.0,20359.0,20355.0,20358.0,10
TX,202505,2025-05-01 04:43:00,20358.0,20361.0,20356.0,20358.0,34
TX,202505,2025-05-01 04:44:00,20357.0,20359.0,20355.0,20356.0,39
TX,202505,2025-05-01 04:45:00,20354.0,20357.0,20345.0,20346.0,59
TX,202505,2025-05-01 04:46:00,20345.0,20359.0,20345.0,20354.0,81
TX,202505,2025-05-01 04:47:00,20355.0,20356.0,20349.0,20355.0,32
TX,202505,2025-05-01 04:48:00,20355.0,20357.0,20350.0,20352.0,24
TX,202505,2025-05-01 04:49:00,20351.0,20362.0,20349.0,20358.0,49
TX,202505,2025-05-01 04:50:00,20358.0,20366.0,20356.0,20365.0,52
TX,202505,2025-05-01 04:51:00,20365.0,20380.0,20363.0,20380.0,104
TX,202505,2025-05-01 04:52:00,20381.0,20395.0,20381.0,20395.0,132
TX,202505,2025-05-01 04:53:00,20396.0,20402.0,20393.0,20399.0,110
TX,202505,2025-05-01 04:54:00,20400.0,20410.0,20398.0,20410.0,110
TX,202505,2025-05-01 04:55:00,20411.0,20411.0,20367.0,20400.0,248
TX,202505,2025-05-01 04:56:00,20398.0,20411.0,20394.0,20411.0,93
TX,202505,2025-05-01 04:57:00,20412.0,20415.0,20403.0,20408.0,55
TX,202505,2025-05-01 04:58:00,20410.0,20417.0,20406.0,20414.0,72
TX,202505,2025-05-01 04:59:00,20417.0,20438.0,20414.0,20430.0,182
TX,202506,2025-04-30 15:04:00,20100.0,20100.0,20100.0,20100.0,1
TX,202506,2025-04-30 15:05:00,20101.0,20101.0,20092.0,20092.0,3
TX,202506,2025-04-30 15:11:00,20110.0,20110.0,20101.0,20101.0,2
TX,202506,2025-04-30 15:13:00,20102.0,20102.0,20102.0,20102.0,1
TX,202506,2025-04-30 15:16:00,20102.0,20102.0,20102.0,20102.0,2
TX,202506,2025-04-30 15:18:00,20113.0,20113.0,20113.0,20113.0,1
TX,202506,2025-04-30 15:20:00,20125.0,20125.0,20125.0,20125.0,1
TX,202506,2025-04-30 15:22:00,20111.0,20111.0,20111.0,20111.0,1
TX,202506,2025-04-30 15:23:00,20117.0,20117.0,20117.0,20117.0,1
TX,202506,2025-04-30 15:24:00,20125.0,20125.0,20125.0,20125.0,1
TX,202506,2025-04-30 15:26:00,20124.0,20124.0,20124.0,20124.0,1
TX,202506,2025-04-30 15:27:00,20122.0,20122.0,20122.0,20122.0,2
TX,202506,2025-04-30 15:29:00,20115.0,20115.0,20115.0,20115.0,1
TX,202506,2025-04-30 15:31:00,20107.0,20107.0,20107.0,20107.0,2
TX,202506,2025-04-30 15:32:00,20112.0,20112.0,20112.0,20112.0,1
TX,202506,2025-04-30 15:33:00,20107.0,20107.0,20107.0,20107.0,1
TX,202506,2025-04-30 15:39:00,20107.0,20107.0,20106.0,20106.0,2
TX,202506,2025-04-30 15:40:00,20106.0,20106.0,20106.0,20106.0,1
TX,202506,2025-04-30 15:57:00,20128.0,20130.0,20128.0,20130.0,2
TX,202506,2025-04-30 15:59:00,20129.0,20129.0,20129.0,20129.0,3
TX,202506,2025-04-30 16:06:00,20119.0,20119.0,20119.0,20119.0,1
TX,202506,2025-04-30 16:08:00,20128.0,20129.0,20128.0,20129.0,2
TX,202506,2025-04-30 16:12:00,20128.0,20128.0,20128.0,20128.0,1
TX,202506,2025-04-30 16:15:00,20138.0,20150.0,20138.0,20147.0,9
TX,202506,2025-04-30 16:16:00,20148.0,20148.0,20148.0,20148.0,1
TX,202506,2025-04-30 16:17:00,20147.0,20147.0,20147.0,20147.0,1
TX,202506,2025-04-30 16:18:00,20150.0,20152.0,20149.0,20152.0,4
TX,202506,2025-04-30 16:19:00,20162.0,20162.0,20162.0,20162.0,1
TX,202506,2025-04-30 16:21:00,20157.0,20157.0,20157.0,20157.0,2
TX,202506,2025-04-30 16:23:00,20150.0,20150.0,20150.0,20150.0,1
TX,202506,2025-04-30 16:27:00,20133.0,20133.0,20133.0,20133.0,2
TX,202506,2025-04-30 16:28:00,20133.0,20135.0,20133.0,20135.0,3
TX,202506,2025-04-30 16:31:00,20128.0,20128.0,20128.0,20128.0,1
TX,202506,2025-04-30 16:32:00,20125.0,20125.0,20125.0,20125.0,1
TX,202506,2025-04-30 16:33:00,20124.0,20124.0,20124.0,20124.0,1
TX,202506,2025-04-30 16:35:00,20128.0,20128.0,20128.0,20128.0,1
TX,202506,2025-04-30 16:58:00,20139.0,20139.0,20139.0,20139.0,1
TX,202506,2025-04-30 16:59:00,20140.0,20140.0,20140.0,20140.0,1
TX,202506,2025-04-30 17:16:00,20138.0,20138.0,20138.0,20138.0,1
TX,202506,2025-04-30 17:19:00,20144.0,20148.0,20144.0,20148.0,3
TX,202506,2025-04-30 17:24:00,20145.0,20145.0,20145.0,20145.0,1
TX,202506,2025-04-30 17:27:00,20157.0,20160.0,20157.0,20160.0,2
TX,202506,2025-04-30 17:30:00,20162.0,20167.0,20162.0,20165.0,3
TX,202506,2025-04-30 17:31:00,20162.0,20162.0,20162.0,20162.0,1
TX,202506,2025-04-30 17:33:00,20156.0,20156.0,20156.0,20156.0,1
TX,202506,2025-04-30 17:38:00,20159.0,20159.0,20159.0,20159.0,1
TX,202506,2025-04-30 17:45:00,20159.0,20159.0,20159.0,20159.0,1
TX,202506,2025-04-30 17:57:00,20159.0,20159.0,20159.0,20159.0,1
TX,202506,2025-04-30 18:00:00,20159.0,20159.0,20159.0,20159.0,1
TX,202506,2025-04-30 18:07:00,20151.0,20151.0,20151.0,20151.0,1
TX,202506,2025-04-30 18:11:00,20159.0,20159.0,20159.0,20159.0,1
TX,202506,2025-04-30 18:12:00,20162.0,20162.0,20162.0,20162.0,2
TX,202506,2025-04-30 18:14:00,20159.0,20159.0,20159.0,20159.0,1
TX,202506,2025-04-30 18:16:00,20168.0,20170.0,20168.0,20170.0,2
TX,202506,2025-04-30 18:21:00,20161.0,20161.0,20161.0,20161.0,1
TX,202506,2025-04-30 18:25:00,20160.0,20160.0,20160.0,20160.0,1
TX,202506,2025-04-30 18:29:00,20163.0,20163.0,20163.0,20163.0,1
TX,202506,2025-04-30 18:31:00,20138.0,20138.0,20130.0,20130.0,4
TX,202506,2025-04-30 18:32:00,20129.0,20130.0,20128.0,20130.0,4
TX,202506,2025-04-30 18:40:00,20130.0,20130.0,20130.0,20130.0,1
TX,202506,2025-04-30 18:44:00,20123.0,20123.0,20123.0,20123.0,1
TX,202506,2025-04-30 18:45:00,20123.0,20123.0,20123.0,20123.0,1
TX,202506,2025-04-30 18:50:00,20127.0,20127.0,20127.0,20127.0,2
TX,202506,2025-04-30 19:06:00,20136.0,20136.0,20136.0,20136.0,1
TX,202506,2025-04-30 19:20:00,20130.0,20130.0,20130.0,20130.0,1
TX,202506,2025-04-30 19:22:00,20129.0,20129.0,20129.0,20129.0,1
TX,202506,2025-04-30 19:23:00,20125.0,20125.0,20125.0,20125.0,1
TX,202506,2025-04-30 19:25:00,20123.0,20123.0,20123.0,20123.0,1
TX,202506,2025-04-30 19:27:00,20123.0,20123.0,20123.0,20123.0,1
TX,202506,2025-04-30 19:30:00,20121.0,20121.0,20121.0,20121.0,2
TX,202506,2025-04-30 19:31:00,20117.0,20117.0,20115.0,20115.0,4
TX,202506,2025-04-30 19:32:00,20117.0,20117.0,20111.0,20111.0,5
TX,202506,2025-04-30 19:37:00,20109.0,20111.0,20109.0,20111.0,6
TX,202506,2025-04-30 19:47:00,20111.0,20111.0,20111.0,20111.0,2
TX,202506,2025-04-30 19:48:00,20117.0,20117.0,20117.0,20117.0,2
TX,202506,2025-04-30 19:52:00,20110.0,20110.0,20110.0,20110.0,1
TX,202506,2025-04-30 20:04:00,20115.0,20115.0,20115.0,20115.0,1
TX,202506,2025-04-30 20:05:00,20114.0,20114.0,20112.0,20112.0,2
TX,202506,2025-04-30 20:15:00,20102.0,20102.0,20090.0,20090.0,5
TX,202506,2025-04-30 20:16:00,20090.0,20090.0,20090.0,20090.0,1
TX,202506,2025-04-30 20:18:00,20086.0,20086.0,20086.0,20086.0,1
TX,202506,2025-04-30 20:19:00,20084.0,20084.0,20084.0,20084.0,1
TX,202506,2025-04-30 20:20:00,20089.0,20089.0,20089.0,20089.0,2
TX,202506,2025-04-30 20:21:00,20080.0,20080.0,20072.0,20072.0,2
TX,202506,2025-04-30 20:24:00,20068.0,20068.0,20068.0,20068.0,1
TX,202506,2025-04-30 20:29:00,20075.0,20075.0,20075.0,20075.0,1
TX,202506,2025-04-30 20:30:00,20081.0,20085.0,20081.0,20085.0,3
TX,202506,2025-04-30 20:32:00,20059.0,20059.0,20050.0,20050.0,4
TX,202506,2025-04-30 20:33:00,20054.0,20063.0,20054.0,20063.0,3
TX,202506,2025-04-30 20:36:00,20049.0,20049.0,20049.0,20049.0,1
TX,202506,2025-04-30 20:41:00,20022.0,20022.0,19988.0,19988.0,15
TX,202506,2025-04-30 20:42:00,19990.0,19997.0,19990.0,19994.0,6
TX,202506,2025-04-30 20:43:00,19998.0,20002.0,19998.0,20002.0,4
TX,202506,2025-04-30 20:44:00,20000.0,20000.0,20000.0,20000.0,2
TX,202506,2025-04-30 20:45:00,19985.0,19985.0,19972.0,19972.0,6
TX,202506,2025-04-30 20:46:00,19974.0,19974.0,19953.0,19953.0,6
TX,202506,2025-04-30 20:47:00,19950.0,19950.0,19950.0,19950.0,4
TX,202506,2025-04-30 20:49:00,19958.0,19960.0,19957.0,19957.0,6
TX,202506,2025-04-30 20:50:00,19969.0,19970.0,19969.0,19970.0,2
TX,202506,2025-04-30 20:52:00,19939.0,19949.0,19939.0,19949.0,6
TX,202506,2025-04-30 20:53:00,19951.0,19955.0,19947.0,19953.0,14
TX,202506,2025-04-30 20:54:00,19952.0,19956.0,19951.0,19951.0,8
TX,202506,2025-04-30 20:55:00,19951.0,19953.0,19946.0,19950.0,16
TX,202506,2025-04-30 20:56:00,19951.0,19959.0,19951.0,19958.0,9
TX,202506,2025-04-30 20:57:00,19958.0,19959.0,19954.0,19954.0,8
TX,202506,2025-04-30 20:58:00,19956.0,19956.0,19949.0,19949.0,5
TX,202506,2025-04-30 20:59:00,19948.0,19948.0,19940.0,19940.0,8
TX,202506,2025-04-30 21:00:00,19929.0,19932.0,19921.0,19923.0,7
TX,202506,2025-04-30 21:01:00,19925.0,19928.0,19925.0,19927.0,4
TX,202506,2025-04-30 21:02:00,19932.0,19935.0,19932.0,19932.0,3
TX,202506,2025-04-30 21:05:00,19944.0,19944.0,19944.0,19944.0,1
TX,202506,2025-04-30 21:06:00,19943.0,19943.0,19921.0,19921.0,3
TX,202506,2025-04-30 21:07:00,19914.0,19914.0,19914.0,19914.0,2
TX,202506,2025-04-30 21:10:00,19918.0,19922.0,19918.0,19922.0,2
TX,202506,2025-04-30 21:12:00,19922.0,19924.0,19922.0,19924.0,2
TX,202506,2025-04-30 21:13:00,19931.0,19933.0,19920.0,19920.0,3
TX,202506,2025-04-30 21:14:00,19914.0,19914.0,19910.0,19914.0,6
TX,202506,2025-04-30 21:16:00,19919.0,19919.0,19919.0,19919.0,1
TX,202506,2025-04-30 21:19:00,19919.0,19932.0,19919.0,19932.0,2
TX,202506,2025-04-30 21:21:00,19946.0,19950.0,19946.0,19950.0,3
TX,202506,2025-04-30 21:22:00,19940.0,19940.0,19940.0,19940.0,1
TX,202506,2025-04-30 21:24:00,19938.0,19938.0,19938.0,19938.0,2
TX,202506,2025-04-30 21:25:00,19945.0,19945.0,19945.0,19945.0,1
TX,202506,2025-04-30 21:26:00,19945.0,19945.0,19945.0,19945.0,1
TX,202506,2025-04-30 21:27:00,19941.0,19941.0,19941.0,19941.0,1
TX,202506,2025-04-30 21:29:00,19935.0,19935.0,19934.0,19934.0,5
TX,202506,2025-04-30 21:30:00,19930.0,19930.0,19915.0,19923.0,4
TX,202506,2025-04-30 21:31:00,19904.0,19904.0,19892.0,19892.0,9
TX,202506,2025-04-30 21:32:00,19894.0,19915.0,19894.0,19915.0,8
TX,202506,2025-04-30 21:33:00,19925.0,19925.0,19925.0,19925.0,1
TX,202506,2025-04-30 21:34:00,19935.0,19940.0,19935.0,19940.0,4
TX,202506,2025-04-30 21:35:00,19941.0,19941.0,19927.0,19927.0,2
TX,202506,2025-04-30 21:37:00,19893.0,19893.0,19886.0,19886.0,7
TX,202506,2025-04-30 21:39:00,19880.0,19880.0,19880.0,19880.0,1
TX,202506,2025-04-30 21:40:00,19870.0,19870.0,19870.0,19870.0,2
TX,202506,2025-04-30 21:41:00,19867.0,19867.0,19865.0,19865.0,2
TX,202506,2025-04-30 21:42:00,19867.0,19867.0,19867.0,19867.0,1
TX,202506,2025-04-30 21:43:00,19858.0,19860.0,19853.0,19860.0,7
TX,202506,2025-04-30 21:44:00,19875.0,19885.0,19875.0,19885.0,4
TX,202506,2025-04-30 21:45:00,19880.0,19883.0,19880.0,19883.0,3
TX,202506,2025-04-30 21:46:00,19888.0,19888.0,19880.0,19880.0,3
TX,202506,2025-04-30 21:48:00,19900.0,19900.0,19900.0,19900.0,1
TX,202506,2025-04-30 21:49:00,19900.0,19900.0,19900.0,19900.0,1
TX,202506,2025-04-30 21:52:00,19887.0,19887.0,19887.0,19887.0,1
TX,202506,2025-04-30 21:53:00,19865.0,19865.0,19865.0,19865.0,1
TX,202506,2025-04-30 21:54:00,19866.0,19866.0,19864.0,19864.0,5
TX,202506,2025-04-30 21:55:00,19875.0,19875.0,19875.0,19875.0,1
TX,202506,2025-04-30 21:56:00,19860.0,19860.0,19860.0,19860.0,1
TX,202506,2025-04-30 21:57:00,19854.0,19854.0,19850.0,19851.0,7
TX,202506,2025-04-30 21:59:00,19853.0,19853.0,19853.0,19853.0,1
TX,202506,2025-04-30 22:00:00,19851.0,19890.0,19851.0,19890.0,2
TX,202506,2025-04-30 22:01:00,19900.0,19900.0,19898.0,19898.0,3
TX,202506,2025-04-30 22:02:00,19904.0,19904.0,19898.0,19898.0,5
TX,202506,2025-04-30 22:03:00,19898.0,19900.0,19898.0,19898.0,3
TX,202506,2025-04-30 22:04:00,19900.0,19900.0,19900.0,19900.0,1
TX,202506,2025-04-30 22:06:00,19913.0,19913.0,19913.0,19913.0,2
TX,202506,2025-04-30 22:07:00,19900.0,19900.0,19890.0,19890.0,4
TX,202506,2025-04-30 22:09:00,19919.0,19933.0,19919.0,19933.0,11
TX,202506,2025-04-30 22:12:00,19911.0,19911.0,19907.0,19910.0,3
TX,202506,2025-04-30 22:14:00,19924.0,19925.0,19924.0,19925.0,4
TX,202506,2025-04-30 22:15:00,19924.0,19924.0,19923.0,19923.0,2
TX,202506,2025-04-30 22:16:00,19927.0,19927.0,19921.0,19921.0,2
TX,202506,2025-04-30 22:20:00,19933.0,19933.0,19931.0,19931.0,2
TX,202506,2025-04-30 22:22:00,19925.0,19925.0,19925.0,19925.0,1
TX,202506,2025-04-30 22:24:00,19945.0,19948.0,19945.0,19948.0,4
TX,202506,2025-04-30 22:25:00,19945.0,19945.0,19945.0,19945.0,1
TX,202506,2025-04-30 22:26:00,19951.0,19951.0,19951.0,19951.0,1
TX,202506,2025-04-30 22:29:00,19960.0,19962.0,19960.0,19962.0,2
TX,202506,2025-04-30 22:30:00,19958.0,19958.0,19958.0,19958.0,1
TX,202506,2025-04-30 22:34:00,19960.0,19960.0,19950.0,19950.0,3
TX,202506,2025-04-30 22:35:00,19939.0,19939.0,19938.0,19938.0,2
TX,202506,2025-04-30 22:36:00,19936.0,19936.0,19933.0,19933.0,4
TX,202506,2025-04-30 22:38:00,19925.0,19925.0,19925.0,19925.0,1
TX,202506,2025-04-30 22:39:00,19941.0,19941.0,19941.0,19941.0,1
TX,202506,2025-04-30 22:43:00,19936.0,19955.0,19936.0,19955.0,2
TX,202506,2025-04-30 22:48:00,19953.0,19953.0,19953.0,19953.0,1
TX,202506,2025-04-30 22:53:00,19955.0,19955.0,19955.0,19955.0,1
TX,202506,2025-04-30 22:57:00,19958.0,19972.0,19958.0,19972.0,5
TX,202506,2025-04-30 22:58:00,19975.0,19975.0,19975.0,19975.0,1
TX,202506,2025-04-30 22:59:00,19965.0,19965.0,19964.0,19964.0,4
TX,202506,2025-04-30 23:01:00,19981.0,19984.0,19981.0,19984.0,2
TX,202506,2025-04-30 23:02:00,19985.0,19985.0,19984.0,19984.0,2
TX,202506,2025-04-30 23:03:00,19982.0,19982.0,19980.0,19980.0,4
TX,202506,2025-04-30 23:06:00,19980.0,19980.0,19980.0,19980.0,2
TX,202506,2025-04-30 23:07:00,19989.0,19990.0,19988.0,19988.0,4
TX,202506,2025-04-30 23:10:00,19992.0,19992.0,19992.0,19992.0,3
TX,202506,2025-04-30 23:12:00,19998.0,20000.0,19998.0,20000.0,6
TX,202506,2025-04-30 23:14:00,20000.0,20000.0,19998.0,19998.0,2
TX,202506,2025-04-30 23:22:00,20017.0,20021.0,20017.0,20021.0,11
TX,202506,2025-04-30 23:25:00,20000.0,20000.0,19991.0,19991.0,4
TX,202506,2025-04-30 23:28:00,20000.0,20000.0,20000.0,20000.0,1
TX,202506,2025-04-30 23:35:00,20006.0,20006.0,20006.0,20006.0,1
TX,202506,2025-04-30 23:36:00,20002.0,20002.0,20002.0,20002.0,2
TX,202506,2025-04-30 23:42:00,19989.0,19989.0,19989.0,19989.0,1
TX,202506,2025-04-30 23:44:00,19999.0,20011.0,19999.0,20011.0,3
TX,202506,2025-04-30 23:45:00,20014.0,20014.0,20014.0,20014.0,1
TX,202506,2025-04-30 23:47:00,20006.0,20008.0,20006.0,20008.0,3
TX,202506,2025-04-30 23:56:00,20006.0,20006.0,20006.0,20006.0,2
TX,202506,2025-04-30 23:57:00,19992.0,19992.0,19992.0,19992.0,1
TX,202506,2025-05-01 00:04:00,20001.0,20001.0,20001.0,20001.0,1
TX,202506,2025-05-01 00:06:00,20025.0,20025.0,20025.0,20025.0,1
TX,202506,2025-05-01 00:16:00,19995.0,19995.0,19995.0,19995.0,1
TX,202506,2025-05-01 00:21:00,19990.0,19990.0,19990.0,19990.0,3
TX,202506,2025-05-01 00:24:00,19972.0,19972.0,19972.0,19972.0,1
TX,202506,2025-05-01 00:28:00,19965.0,19965.0,19965.0,19965.0,1
TX,202506,2025-05-01 00:32:00,19964.0,19964.0,19964.0,19964.0,1
TX,202506,2025-05-01 00:33:00,19962.0,19962.0,19962.0,19962.0,1
TX,202506,2025-05-01 00:36:00,19960.0,19966.0,19960.0,19966.0,2
TX,202506,2025-05-01 00:38:00,19986.0,19986.0,19986.0,19986.0,1
TX,202506,2025-05-01 00:48:00,19986.0,19986.0,19986.0,19986.0,1
TX,202506,2025-05-01 00:51:00,19988.0,19988.0,19988.0,19988.0,1
TX,202506,2025-05-01 01:00:00,19997.0,19997.0,19997.0,19997.0,1
TX,202506,2025-05-01 01:03:00,19994.0,19994.0,19994.0,19994.0,3
TX,202506,2025-05-01 01:10:00,19963.0,19963.0,19947.0,19947.0,3
TX,202506,2025-05-01 01:13:00,19940.0,19940.0,19940.0,19940.0,3
TX,202506,2025-05-01 01:15:00,19960.0,19960.0,19960.0,19960.0,5
TX,202506,2025-05-01 01:16:00,19953.0,19953.0,19953.0,19953.0,1
TX,202506,2025-05-01 01:17:00,19958.0,19958.0,19958.0,19958.0,1
TX,202506,2025-05-01 01:32:00,20009.0,20009.0,20009.0,20009.0,1
TX,202506,2025-05-01 01:35:00,20018.0,20021.0,20018.0,20021.0,3
TX,202506,2025-05-01 01:37:00,20029.0,20029.0,20029.0,20029.0,5
TX,202506,2025-05-01 01:41:00,20034.0,20034.0,20034.0,20034.0,1
TX,202506,2025-05-01 01:43:00,20033.0,20043.0,20033.0,20043.0,4
TX,202506,2025-05-01 01:44:00,20050.0,20055.0,20050.0,20055.0,4
TX,202506,2025-05-01 01:45:00,20047.0,20048.0,20047.0,20048.0,3
TX,202506,2025-05-01 01:46:00,20050.0,20050.0,20050.0,20050.0,1
TX,202506,2025-05-01 01:47:00,20051.0,20053.0,20051.0,20053.0,2
TX,202506,2025-05-01 01:55:00,20065.0,20075.0,20065.0,20075.0,5
TX,202506,2025-05-01 01:56:00,20060.0,20060.0,20060.0,20060.0,1
TX,202506,2025-05-01 01:58:00,20070.0,20070.0,20070.0,20070.0,1
TX,202506,2025-05-01 02:00:00,20053.0,20053.0,20053.0,20053.0,1
TX,202506,2025-05-01 02:07:00,20060.0,20105.0,20060.0,20105.0,14
TX,202506,2025-05-01 02:08:00,20082.0,20086.0,20082.0,20086.0,6
TX,202506,2025-05-01 02:09:00,20085.0,20085.0,20079.0,20079.0,7
TX,202506,2025-05-01 02:10:00,20080.0,20080.0,20080.0,20080.0,1
TX,202506,2025-05-01 02:11:00,20108.0,20109.0,20108.0,20109.0,4
TX,202506,2025-05-01 02:14:00,20109.0,20109.0,20109.0,20109.0,1
TX,202506,2025-05-01 02:18:00,20119.0,20119.0,20119.0,20119.0,1
TX,202506,2025-05-01 02:19:00,20115.0,20115.0,20115.0,20115.0,1
TX,202506,2025-05-01 02:28:00,20096.0,20096.0,20095.0,20095.0,2
TX,202506,2025-05-01 02:29:00,20095.0,20095.0,20072.0,20077.0,3
TX,202506,2025-05-01 02:32:00,20083.0,20083.0,20083.0,20083.0,1
TX,202506,2025-05-01 02:34:00,20081.0,20081.0,20081.0,20081.0,1
TX,202506,2025-05-01 02:38:00,20060.0,20061.0,20060.0,20061.0,5
TX,202506,2025-05-01 02:39:00,20052.0,20052.0,20052.0,20052.0,1
TX,202506,2025-05-01 02:40:00,20053.0,20053.0,20052.0,20052.0,2
TX,202506,2025-05-01 02:56:00,20086.0,20087.0,20086.0,20087.0,2
TX,202506,2025-05-01 03:04:00,20089.0,20089.0,20089.0,20089.0,5
TX,202506,2025-05-01 03:06:00,20087.0,20087.0,20087.0,20087.0,1
TX,202506,2025-05-01 03:07:00,20090.0,20090.0,20088.0,20088.0,2
TX,202506,2025-05-01 03:33:00,20064.0,20064.0,20064.0,20064.0,3
TX,202506,2025-05-01 03:46:00,20098.0,20098.0,20097.0,20097.0,2
TX,202506,2025-05-01 03:48:00,20110.0,20110.0,20110.0,20110.0,1
TX,202506,2025-05-01 03:50:00,20115.0,20131.0,20115.0,20131.0,7
TX,202506,2025-05-01 03:51:00,20150.0,20151.0,20150.0,20151.0,4
TX,202506,2025-05-01 03:52:00,20158.0,20158.0,20158.0,20158.0,2
TX,202506,2025-05-01 03:53:00,20159.0,20162.0,20149.0,20149.0,5
TX,202506,2025-05-01 03:56:00,20172.0,20188.0,20172.0,20188.0,10
TX,202506,2025-05-01 03:57:00,20169.0,20170.0,20166.0,20166.0,4
TX,202506,2025-05-01 03:58:00,20165.0,20165.0,20164.0,20164.0,2
TX,202506,2025-05-01 03:59:00,20148.0,20148.0,20148.0,20148.0,1
TX,202506,2025-05-01 04:03:00,20148.0,20154.0,20145.0,20154.0,10
TX,202506,2025-05-01 04:04:00,20153.0,20153.0,20151.0,20151.0,5
TX,202506,2025-05-01 04:06:00,20192.0,20204.0,20192.0,20204.0,7
TX,202506,2025-05-01 04:07:00,20195.0,20195.0,20195.0,20195.0,1
TX,202506,2025-05-01 04:09:00,20205.0,20205.0,20200.0,20200.0,2
TX,202506,2025-05-01 04:12:00,20205.0,20205.0,20205.0,20205.0,1
TX,202506,2025-05-01 04:14:00,20207.0,20207.0,20207.0,20207.0,1
TX,202506,2025-05-01 04:16:00,20209.0,20209.0,20209.0,20209.0,1
TX,202506,2025-05-01 04:19:00,20223.0,20223.0,20223.0,20223.0,1
TX,202506,2025-05-01 04:21:00,20226.0,20226.0,20226.0,20226.0,1
TX,202506,2025-05-01 04:22:00,20223.0,20223.0,20223.0,20223.0,2
TX,202506,2025-05-01 04:25:00,20240.0,20240.0,20240.0,20240.0,1
TX,202506,2025-05-01 04:29:00,20248.0,20248.0,20248.0,20248.0,1
TX,202506,2025-05-01 04:30:00,20250.0,20250.0,20250.0,20250.0,2
TX,202506,2025-05-01 04:33:00,20256.0,20256.0,20256.0,20256.0,1
TX,202506,2025-05-01 04:36:00,20258.0,20261.0,20258.0,20261.0,3
TX,202506,2025-05-01 04:37:00,20257.0,20257.0,20257.0,20257.0,1
TX,202506,2025-05-01 04:39:00,20263.0,20266.0,20263.0,20266.0,2
TX,202506,2025-05-01 04:42:00,20262.0,20262.0,20262.0,20262.0,2
TX,202506,2025-05-01 04:45:00,20255.0,20255.0,20254.0,20254.0,2
TX,202506,2025-05-01 04:46:00,20262.0,20262.0,20260.0,20260.0,2
TX,202506,2025-05-01 04:47:00,20260.0,20260.0,20260.0,20260.0,1
TX,202506,2025-05-01 04:49:00,20260.0,20260.0,20260.0,20260.0,1
TX,202506,2025-05-01 04:51:00,20280.0,20280.0,20280.0,20280.0,1
TX,202506,2025-05-01 04:52:00,20288.0,20288.0,20288.0,20288.0,2
TX,202506,2025-05-01 04:53:00,20305.0,20306.0,20304.0,20306.0,5
TX,202506,2025-05-01 04:54:00,20310.0,20310.0,20310.0,20310.0,1
TX,202506,2025-05-01 04:55:00,20301.0,20301.0,20290.0,20290.0,4
TX,202506,2025-05-01 04:56:00,20310.0,20310.0,20310.0,20310.0,2
TX,202506,2025-05-01 04:57:00,20317.0,20317.0,20317.0,20317.0,2
TX,202506,2025-05-01 04:59:00,20325.0,20332.0,20325.0,20326.0,3
TX,202507,2025-04-30 15:20:00,19886.0,19886.0,19886.0,19886.0,1
TX,202507,2025-04-30 15:45:00,19873.0,19873.0,19873.0,19873.0,1
TX,202507,2025-04-30 18:16:00,19930.0,19930.0,19930.0,19930.0,1
TX,202507,2025-04-30 20:21:00,19842.0,19842.0,19842.0,19842.0,1
TX,202507,2025-04-30 20:45:00,19750.0,19750.0,19746.0,19746.0,4
TX,202507,2025-04-30 20:47:00,19708.0,19708.0,19708.0,19708.0,1
TX,202507,2025-04-30 20:48:00,19700.0,19700.0,19700.0,19700.0,1
TX,202507,2025-04-30 21:30:00,19688.0,19688.0,19688.0,19688.0,1
TX,202507,2025-04-30 21:31:00,19668.0,19668.0,19668.0,19668.0,1
TX,202507,2025-04-30 21:37:00,19656.0,19656.0,19650.0,19650.0,6
TX,202507,2025-04-30 21:52:00,19650.0,19650.0,19650.0,19650.0,1
TX,202507,2025-04-30 21:57:00,19620.0,19620.0,19620.0,19620.0,1
TX,202507,2025-04-30 22:29:00,19727.0,19727.0,19727.0,19727.0,1
TX,202507,2025-04-30 22:34:00,19711.0,19711.0,19711.0,19711.0,1
TX,202507,2025-04-30 22:44:00,19717.0,19717.0,19717.0,19717.0,1
TX,202507,2025-04-30 22:50:00,19701.0,19701.0,19701.0,19701.0,1
TX,202507,2025-04-30 22:52:00,19707.0,19707.0,19707.0,19707.0,1
TX,202507,2025-05-01 00:06:00,19785.0,19785.0,19785.0,19785.0,1
TX,202507,2025-05-01 03:56:00,19929.0,19929.0,19929.0,19929.0,1
TX,202507,2025-05-01 04:06:00,19951.0,19951.0,19951.0,19951.0,1
TX,202507,2025-05-01 04:25:00,20000.0,20000.0,20000.0,20000.0,1
TX,202507,2025-05-01 04:36:00,20000.0,20000.0,20000.0,20000.0,1
TX,202509,2025-04-30 22:30:00,19600.0,19600.0,19600.0,19600.0,1
TX,202509,2025-05-01 04:57:00,19938.0,19938.0,19938.0,19938.0,1
TX,202512,2025-04-30 15:52:00,19718.0,19718.0,19718.0,19718.0,1
TX,202512,2025-04-30 15:54:00,19721.0,19721.0,19721.0,19721.0,1
TX,202512,2025-04-30 15:56:00,19724.0,19724.0,19724.0,19724.0,1
TX,202512,2025-04-30 16:02:00,19725.0,19725.0,19725.0,19725.0,1
TX,202512,2025-04-30 19:11:00,19738.0,19738.0,19738.0,19738.0,1
TX,202512,2025-04-30 20:36:00,19647.0,19647.0,19647.0,19647.0,1
TX,202512,2025-04-30 20:47:00,19558.0,19558.0,19558.0,19558.0,1
TX,202512,2025-04-30 20:49:00,19558.0,19558.0,19558.0,19558.0,1
TX,202512,2025-04-30 21:31:00,19506.0,19506.0,19506.0,19506.0,1
TX,202512,2025-04-30 21:56:00,19480.0,19480.0,19480.0,19480.0,1
TX,202512,2025-04-30 22:01:00,19514.0,19514.0,19514.0,19514.0,1
TX,202512,2025-04-30 22:19:00,19533.0,19533.0,19533.0,19533.0,1
TX,202512,2025-04-30 23:45:00,19617.0,19618.0,19617.0,19618.0,3
TX,202603,2025-04-30 15:52:00,19712.0,19712.0,19712.0,19712.0,1
TX,202603,2025-04-30 15:54:00,19715.0,19715.0,19715.0,19715.0,1
TX,202603,2025-04-30 17:36:00,19751.0,19751.0,19751.0,19751.0,1
TX,202603,2025-04-30 20:36:00,19641.0,19641.0,19641.0,19641.0,1
TX,202603,2025-04-30 20:47:00,19549.0,19549.0,19549.0,19549.0,1
TX,202603,2025-04-30 21:31:00,19500.0,19500.0,19500.0,19500.0,1
TX,202603,2025-04-30 22:04:00,19510.0,19510.0,19510.0,19510.0,1
TX,202603,2025-05-01 01:37:00,19623.0,19623.0,19623.0,19623.0,1
TX,202603,2025-05-01 04:13:00,19803.0,19803.0,19803.0,19803.0,1
UDF,202506,2025-04-30 15:00:00,40659.0,40659.0,40659.0,40659.0,3
UDF,202506,2025-04-30 15:03:00,40661.0,40661.0,40661.0,40661.0,1
UDF,202506,2025-04-30 15:04:00,40658.0,40658.0,40658.0,40658.0,1
UDF,202506,2025-04-30 15:06:00,40661.0,40661.0,40661.0,40661.0,1
UDF,202506,2025-04-30 15:11:00,40674.0,40674.0,40662.0,40662.0,5
UDF,202506,2025-04-30 15:15:00,40697.0,40697.0,40690.0,40690.0,3
UDF,202506,2025-04-30 15:17:00,40699.0,40699.0,40699.0,40699.0,1
UDF,202506,2025-04-30 15:41:00,40670.0,40670.0,40670.0,40670.0,1
UDF,202506,2025-04-30 15:49:00,40670.0,40670.0,40670.0,40670.0,2
UDF,202506,2025-04-30 15:55:00,40673.0,40673.0,40673.0,40673.0,5
UDF,202506,2025-04-30 16:02:00,40668.0,40668.0,40668.0,40668.0,1
UDF,202506,2025-04-30 16:11:00,40701.0,40701.0,40699.0,40699.0,2
UDF,202506,2025-04-30 16:15:00,40720.0,40720.0,40720.0,40720.0,1
UDF,202506,2025-04-30 16:16:00,40715.0,40715.0,40715.0,40715.0,1
UDF,202506,2025-04-30 16:18:00,40715.0,40715.0,40715.0,40715.0,1
UDF,202506,2025-04-30 16:22:00,40711.0,40711.0,40711.0,40711.0,1
UDF,202506,2025-04-30 16:23:00,40715.0,40715.0,40715.0,40715.0,1
UDF,202506,2025-04-30 16:24:00,40707.0,40707.0,40707.0,40707.0,1
UDF,202506,2025-04-30 16:29:00,40690.0,40690.0,40690.0,40690.0,1
UDF,202506,2025-04-30 16:35:00,40672.0,40672.0,40672.0,40672.0,1
UDF,202506,2025-04-30 16:39:00,40660.0,40662.0,40660.0,40662.0,2
UDF,202506,2025-04-30 16:46:00,40681.0,40681.0,40681.0,40681.0,1
UDF,202506,2025-04-30 16:51:00,40685.0,40691.0,40685.0,40691.0,2
UDF,202506,2025-04-30 16:52:00,40700.0,40706.0,40700.0,40706.0,2
UDF,202506,2025-04-30 17:27:00,40698.0,40698.0,40698.0,40698.0,1
UDF,202506,2025-04-30 17:42:00,40709.0,40709.0,40709.0,40709.0,1
UDF,202506,2025-04-30 18:02:00,40697.0,40697.0,40697.0,40697.0,1
UDF,202506,2025-04-30 18:18:00,40700.0,40700.0,40700.0,40700.0,1
UDF,202506,2025-04-30 18:30:00,40687.0,40687.0,40658.0,40658.0,6
UDF,202506,2025-04-30 18:31:00,40580.0,40580.0,40550.0,40550.0,2
UDF,202506,2025-04-30 18:32:00,40566.0,40566.0,40566.0,40566.0,2
UDF,202506,2025-04-30 18:33:00,40596.0,40596.0,40596.0,40596.0,1
UDF,202506,2025-04-30 18:34:00,40639.0,40641.0,40620.0,40620.0,7
UDF,202506,2025-04-30 18:40:00,40671.0,40671.0,40671.0,40671.0,1
UDF,202506,2025-04-30 18:41:00,40679.0,40684.0,40676.0,40684.0,3
UDF,202506,2025-04-30 18:46:00,40689.0,40689.0,40689.0,40689.0,1
UDF,202506,2025-04-30 18:48:00,40695.0,40695.0,40695.0,40695.0,1
UDF,202506,2025-04-30 18:49:00,40698.0,40698.0,40698.0,40698.0,2
UDF,202506,2025-04-30 18:51:00,40706.0,40706.0,40706.0,40706.0,1
UDF,202506,2025-04-30 18:52:00,40700.0,40700.0,40700.0,40700.0,1
UDF,202506,2025-04-30 18:54:00,40700.0,40718.0,40700.0,40718.0,2
UDF,202506,2025-04-30 18:55:00,40719.0,40719.0,40719.0,40719.0,1
UDF,202506,2025-04-30 19:02:00,40724.0,40724.0,40724.0,40724.0,1
UDF,202506,2025-04-30 19:03:00,40720.0,40720.0,40720.0,40720.0,1
UDF,202506,2025-04-30 19:07:00,40725.0,40725.0,40725.0,40725.0,1
UDF,202506,2025-04-30 19:08:00,40712.0,40712.0,40712.0,40712.0,1
UDF,202506,2025-04-30 19:14:00,40724.0,40724.0,40724.0,40724.0,1
UDF,202506,2025-04-30 19:33:00,40695.0,40695.0,40695.0,40695.0,1
UDF,202506,2025-04-30 19:35:00,40700.0,40700.0,40700.0,40700.0,2
UDF,202506,2025-04-30 19:38:00,40709.0,40709.0,40709.0,40709.0,1
UDF,202506,2025-04-30 19:49:00,40715.0,40715.0,40715.0,40715.0,1
UDF,202506,2025-04-30 20:11:00,40673.0,40683.0,40673.0,40683.0,3
UDF,202506,2025-04-30 20:14:00,40668.0,40668.0,40667.0,40667.0,3
UDF,202506,2025-04-30 20:15:00,40664.0,40664.0,40664.0,40664.0,3
UDF,202506,2025-04-30 20:17:00,40650.0,40650.0,40650.0,40650.0,3
UDF,202506,2025-04-30 20:18:00,40646.0,40646.0,40643.0,40646.0,4
UDF,202506,2025-04-30 20:19:00,40658.0,40658.0,40658.0,40658.0,2
UDF,202506,2025-04-30 20:21:00,40647.0,40647.0,40602.0,40602.0,5
UDF,202506,2025-04-30 20:22:00,40601.0,40607.0,40601.0,40607.0,4
UDF,202506,2025-04-30 20:25:00,40595.0,40595.0,40595.0,40595.0,1
UDF,202506,2025-04-30 20:29:00,40580.0,40598.0,40578.0,40598.0,5
UDF,202506,2025-04-30 20:30:00,40611.0,40611.0,40554.0,40571.0,4
UDF,202506,2025-04-30 20:31:00,40560.0,40560.0,40520.0,40520.0,9
UDF,202506,2025-04-30 20:32:00,40505.0,40505.0,40505.0,40505.0,1
UDF,202506,2025-04-30 20:36:00,40505.0,40505.0,40466.0,40466.0,4
UDF,202506,2025-04-30 20:37:00,40455.0,40455.0,40444.0,40444.0,7
UDF,202506,2025-04-30 20:38:00,40450.0,40450.0,40441.0,40441.0,6
UDF,202506,2025-04-30 20:39:00,40431.0,40431.0,40425.0,40425.0,6
UDF,202506,2025-04-30 20:40:00,40404.0,40404.0,40404.0,40404.0,1
UDF,202506,2025-04-30 20:41:00,40396.0,40396.0,40364.0,40364.0,5
UDF,202506,2025-04-30 20:42:00,40368.0,40368.0,40358.0,40358.0,2
UDF,202506,2025-04-30 20:43:00,40352.0,40365.0,40352.0,40365.0,3
UDF,202506,2025-04-30 20:44:00,40365.0,40365.0,40365.0,40365.0,1
UDF,202506,2025-04-30 20:45:00,40360.0,40360.0,40342.0,40342.0,3
UDF,202506,2025-04-30 20:46:00,40333.0,40333.0,40321.0,40322.0,7
UDF,202506,2025-04-30 20:47:00,40327.0,40327.0,40317.0,40317.0,5
UDF,202506,2025-04-30 20:48:00,40297.0,40297.0,40296.0,40296.0,2
UDF,202506,2025-04-30 20:49:00,40307.0,40307.0,40307.0,40307.0,1
UDF,202506,2025-04-30 20:50:00,40322.0,40344.0,40322.0,40344.0,3
UDF,202506,2025-04-30 20:52:00,40307.0,40307.0,40300.0,40305.0,3
UDF,202506,2025-04-30 20:55:00,40330.0,40330.0,40330.0,40330.0,1
UDF,202506,2025-04-30 20:56:00,40350.0,40350.0,40350.0,40350.0,1
UDF,202506,2025-04-30 20:57:00,40349.0,40349.0,40349.0,40349.0,1
UDF,202506,2025-04-30 20:58:00,40351.0,40351.0,40351.0,40351.0,1
UDF,202506,2025-04-30 21:02:00,40320.0,40320.0,40320.0,40320.0,1
UDF,202506,2025-04-30 21:03:00,40321.0,40354.0,40321.0,40354.0,3
UDF,202506,2025-04-30 21:10:00,40321.0,40321.0,40320.0,40320.0,2
UDF,202506,2025-04-30 21:13:00,40300.0,40300.0,40269.0,40269.0,6
UDF,202506,2025-04-30 21:14:00,40282.0,40300.0,40282.0,40300.0,2
UDF,202506,2025-04-30 21:16:00,40327.0,40327.0,40327.0,40327.0,1
UDF,202506,2025-04-30 21:18:00,40328.0,40328.0,40328.0,40328.0,1
UDF,202506,2025-04-30 21:23:00,40374.0,40374.0,40374.0,40374.0,1
UDF,202506,2025-04-30 21:24:00,40358.0,40358.0,40358.0,40358.0,1
UDF,202506,2025-04-30 21:26:00,40370.0,40370.0,40370.0,40370.0,1
UDF,202506,2025-04-30 21:27:00,40333.0,40333.0,40333.0,40333.0,1
UDF,202506,2025-04-30 21:30:00,40320.0,40320.0,40319.0,40319.0,3
UDF,202506,2025-04-30 21:31:00,40264.0,40264.0,40222.0,40222.0,7
UDF,202506,2025-04-30 21:32:00,40225.0,40225.0,40189.0,40189.0,9
UDF,202506,2025-04-30 21:33:00,40233.0,40233.0,40233.0,40233.0,1
UDF,202506,2025-04-30 21:34:00,40213.0,40213.0,40213.0,40213.0,1
UDF,202506,2025-04-30 21:36:00,40200.0,40202.0,40200.0,40202.0,2
UDF,202506,2025-04-30 21:37:00,40190.0,40190.0,40180.0,40180.0,3
UDF,202506,2025-04-30 21:38:00,40175.0,40175.0,40150.0,40150.0,4
UDF,202506,2025-04-30 21:39:00,40136.0,40136.0,40119.0,40119.0,6
UDF,202506,2025-04-30 21:40:00,40119.0,40119.0,40090.0,40090.0,8
UDF,202506,2025-04-30 21:41:00,40070.0,40070.0,40052.0,40052.0,3
UDF,202506,2025-04-30 21:42:00,40052.0,40052.0,40039.0,40039.0,2
UDF,202506,2025-04-30 21:43:00,40030.0,40038.0,40010.0,40018.0,9
UDF,202506,2025-04-30 21:44:00,40046.0,40052.0,40046.0,40052.0,2
UDF,202506,2025-04-30 21:46:00,40052.0,40052.0,40020.0,40040.0,4
UDF,202506,2025-04-30 21:47:00,40045.0,40051.0,40042.0,40050.0,26
UDF,202506,2025-04-30 21:48:00,40060.0,40090.0,40060.0,40090.0,12
UDF,202506,2025-04-30 21:49:00,40080.0,40083.0,40080.0,40080.0,12
UDF,202506,2025-04-30 21:50:00,40080.0,40080.0,40056.0,40056.0,5
UDF,202506,2025-04-30 21:51:00,40020.0,40020.0,40015.0,40015.0,2
UDF,202506,2025-04-30 21:52:00,40010.0,40010.0,39985.0,39985.0,17
UDF,202506,2025-04-30 21:53:00,39987.0,39987.0,39981.0,39981.0,2
UDF,202506,2025-04-30 21:54:00,39966.0,39966.0,39966.0,39966.0,4
UDF,202506,2025-04-30 21:55:00,39966.0,39966.0,39962.0,39963.0,7
UDF,202506,2025-04-30 21:56:00,39960.0,39960.0,39933.0,39933.0,8
UDF,202506,2025-04-30 21:57:00,39909.0,39909.0,39908.0,39908.0,4
UDF,202506,2025-04-30 21:58:00,39905.0,39905.0,39900.0,39900.0,3
UDF,202506,2025-04-30 21:59:00,39899.0,39910.0,39896.0,39910.0,4
UDF,202506,2025-04-30 22:00:00,39925.0,39982.0,39925.0,39982.0,20
UDF,202506,2025-04-30 22:01:00,40002.0,40016.0,40002.0,40016.0,5
UDF,202506,2025-04-30 22:03:00,39972.0,39972.0,39972.0,39972.0,1
UDF,202506,2025-04-30 22:05:00,39960.0,39996.0,39943.0,39996.0,3
UDF,202506,2025-04-30 22:07:00,40009.0,40009.0,39980.0,39980.0,3
UDF,202506,2025-04-30 22:08:00,40000.0,40000.0,40000.0,40000.0,2
UDF,202506,2025-04-30 22:09:00,40029.0,40037.0,40029.0,40037.0,5
UDF,202506,2025-04-30 22:10:00,40031.0,40031.0,40023.0,40023.0,3
UDF,202506,2025-04-30 22:12:00,40060.0,40060.0,40060.0,40060.0,1
UDF,202506,2025-04-30 22:13:00,40069.0,40087.0,40069.0,40087.0,2
UDF,202506,2025-04-30 22:15:00,40087.0,40087.0,40080.0,40080.0,6
UDF,202506,2025-04-30 22:16:00,40074.0,40074.0,40074.0,40074.0,1
UDF,202506,2025-04-30 22:17:00,40074.0,40074.0,40074.0,40074.0,1
UDF,202506,2025-04-30 22:20:00,40113.0,40116.0,40113.0,40116.0,3
UDF,202506,2025-04-30 22:23:00,40116.0,40150.0,40116.0,40150.0,6
UDF,202506,2025-04-30 22:24:00,40151.0,40151.0,40151.0,40151.0,1
UDF,202506,2025-04-30 22:25:00,40160.0,40170.0,40160.0,40170.0,21
UDF,202506,2025-04-30 22:26:00,40183.0,40183.0,40183.0,40183.0,1
UDF,202506,2025-04-30 22:27:00,40180.0,40180.0,40180.0,40180.0,1
UDF,202506,2025-04-30 22:28:00,40183.0,40183.0,40172.0,40172.0,2
UDF,202506,2025-04-30 22:29:00,40188.0,40200.0,40188.0,40200.0,4
UDF,202506,2025-04-30 22:30:00,40221.0,40246.0,40221.0,40246.0,5
UDF,202506,2025-04-30 22:31:00,40231.0,40242.0,40231.0,40242.0,6
UDF,202506,2025-04-30 22:32:00,40236.0,40236.0,40236.0,40236.0,1
UDF,202506,2025-04-30 22:34:00,40225.0,40225.0,40225.0,40225.0,1
UDF,202506,2025-04-30 22:36:00,40179.0,40179.0,40179.0,40179.0,1
UDF,202506,2025-04-30 22:37:00,40177.0,40177.0,40177.0,40177.0,1
UDF,202506,2025-04-30 22:38:00,40167.0,40167.0,40167.0,40167.0,1
UDF,202506,2025-04-30 22:39:00,40189.0,40189.0,40189.0,40189.0,1
UDF,202506,2025-04-30 22:41:00,40172.0,40172.0,40166.0,40166.0,2
UDF,202506,2025-04-30 22:42:00,40155.0,40155.0,40155.0,40155.0,1
UDF,202506,2025-04-30 22:43:00,40216.0,40233.0,40216.0,40233.0,9
UDF,202506,2025-04-30 22:44:00,40250.0,40255.0,40250.0,40255.0,5
UDF,202506,2025-04-30 22:45:00,40232.0,40232.0,40232.0,40232.0,2
UDF,202506,2025-04-30 22:47:00,40226.0,40226.0,40222.0,40222.0,2
UDF,202506,2025-04-30 22:48:00,40210.0,40210.0,40210.0,40210.0,2
UDF,202506,2025-04-30 22:52:00,40230.0,40255.0,40230.0,40255.0,3
UDF,202506,2025-04-30 22:53:00,40260.0,40277.0,40260.0,40277.0,5
UDF,202506,2025-04-30 22:54:00,40300.0,40300.0,40287.0,40288.0,4
UDF,202506,2025-04-30 22:55:00,40260.0,40260.0,40260.0,40260.0,1
UDF,202506,2025-04-30 22:56:00,40250.0,40250.0,40250.0,40250.0,1
UDF,202506,2025-04-30 22:57:00,40288.0,40288.0,40288.0,40288.0,1
UDF,202506,2025-04-30 22:58:00,40280.0,40280.0,40280.0,40280.0,1
UDF,202506,2025-04-30 22:59:00,40292.0,40292.0,40292.0,40292.0,1
UDF,202506,2025-04-30 23:00:00,40300.0,40325.0,40300.0,40325.0,13
UDF,202506,2025-04-30 23:01:00,40310.0,40315.0,40310.0,40315.0,6
UDF,202506,2025-04-30 23:02:00,40326.0,40333.0,40324.0,40333.0,5
UDF,202506,2025-04-30 23:04:00,40300.0,40300.0,40300.0,40300.0,1
UDF,202506,2025-04-30 23:06:00,40326.0,40326.0,40320.0,40320.0,2
UDF,202506,2025-04-30 23:09:00,40348.0,40374.0,40348.0,40374.0,14
UDF,202506,2025-04-30 23:12:00,40391.0,40391.0,40386.0,40386.0,2
UDF,202506,2025-04-30 23:14:00,40385.0,40385.0,40385.0,40385.0,1
UDF,202506,2025-04-30 23:16:00,40385.0,40385.0,40385.0,40385.0,1
UDF,202506,2025-04-30 23:21:00,40394.0,40438.0,40394.0,40438.0,14
UDF,202506,2025-04-30 23:23:00,40444.0,40447.0,40444.0,40447.0,2
UDF,202506,2025-04-30 23:24:00,40423.0,40423.0,40423.0,40423.0,1
UDF,202506,2025-04-30 23:26:00,40373.0,40373.0,40373.0,40373.0,1
UDF,202506,2025-04-30 23:27:00,40359.0,40359.0,40359.0,40359.0,2
UDF,202506,2025-04-30 23:28:00,40400.0,40400.0,40400.0,40400.0,1
UDF,202506,2025-04-30 23:30:00,40400.0,40403.0,40400.0,40403.0,3
UDF,202506,2025-04-30 23:34:00,40426.0,40426.0,40426.0,40426.0,1
UDF,202506,2025-04-30 23:35:00,40419.0,40419.0,40419.0,40419.0,1
UDF,202506,2025-04-30 23:36:00,40419.0,40419.0,40419.0,40419.0,1
UDF,202506,2025-04-30 23:44:00,40428.0,40455.0,40428.0,40438.0,19
UDF,202506,2025-04-30 23:46:00,40451.0,40451.0,40430.0,40438.0,7
UDF,202506,2025-04-30 23:48:00,40438.0,40438.0,40438.0,40438.0,1
UDF,202506,2025-04-30 23:50:00,40438.0,40438.0,40438.0,40438.0,1
UDF,202506,2025-04-30 23:52:00,40426.0,40426.0,40426.0,40426.0,1
UDF,202506,2025-04-30 23:54:00,40430.0,40430.0,40430.0,40430.0,1
UDF,202506,2025-04-30 23:59:00,40435.0,40435.0,40435.0,40435.0,2
UDF,202506,2025-05-01 00:04:00,40454.0,40454.0,40454.0,40454.0,1
UDF,202506,2025-05-01 00:05:00,40488.0,40488.0,40488.0,40488.0,1
UDF,202506,2025-05-01 00:06:00,40498.0,40501.0,40498.0,40501.0,6
UDF,202506,2025-05-01 00:07:00,40500.0,40500.0,40500.0,40500.0,1
UDF,202506,2025-05-01 00:13:00,40455.0,40455.0,40450.0,40450.0,3
UDF,202506,2025-05-01 00:23:00,40390.0,40390.0,40390.0,40390.0,2
UDF,202506,2025-05-01 00:24:00,40390.0,40390.0,40390.0,40390.0,1
UDF,202506,2025-05-01 00:25:00,40375.0,40379.0,40300.0,40300.0,7
UDF,202506,2025-05-01 00:29:00,40300.0,40300.0,40300.0,40300.0,1
UDF,202506,2025-05-01 00:30:00,40298.0,40298.0,40298.0,40298.0,1
UDF,202506,2025-05-01 00:34:00,40350.0,40350.0,40350.0,40350.0,2
UDF,202506,2025-05-01 00:50:00,40458.0,40458.0,40458.0,40458.0,1
UDF,202506,2025-05-01 00:51:00,40460.0,40460.0,40460.0,40460.0,1
UDF,202506,2025-05-01 00:55:00,40490.0,40490.0,40490.0,40490.0,1
UDF,202506,2025-05-01 00:59:00,40470.0,40470.0,40470.0,40470.0,1
UDF,202506,2025-05-01 01:02:00,40520.0,40520.0,40520.0,40520.0,1
UDF,202506,2025-05-01 01:29:00,40519.0,40519.0,40519.0,40519.0,1
UDF,202506,2025-05-01 01:32:00,40520.0,40526.0,40520.0,40526.0,2
UDF,202506,2025-05-01 01:34:00,40527.0,40538.0,40527.0,40538.0,8
UDF,202506,2025-05-01 01:35:00,40539.0,40539.0,40539.0,40539.0,1
UDF,202506,2025-05-01 01:36:00,40550.0,40551.0,40550.0,40551.0,2
UDF,202506,2025-05-01 01:45:00,40543.0,40544.0,40543.0,40544.0,2
UDF,202506,2025-05-01 01:51:00,40550.0,40550.0,40550.0,40550.0,2
UDF,202506,2025-05-01 01:56:00,40550.0,40550.0,40550.0,40550.0,1
UDF,202506,2025-05-01 02:07:00,40548.0,40685.0,40548.0,40685.0,43
UDF,202506,2025-05-01 02:12:00,40685.0,40685.0,40496.0,40496.0,2
UDF,202506,2025-05-01 02:29:00,40501.0,40501.0,40496.0,40496.0,3
UDF,202506,2025-05-01 02:59:00,40430.0,40430.0,40430.0,40430.0,1
UDF,202506,2025-05-01 03:18:00,40440.0,40440.0,40440.0,40440.0,1
UDF,202506,2025-05-01 03:46:00,40583.0,40583.0,40583.0,40583.0,1
UDF,202506,2025-05-01 03:49:00,40655.0,40655.0,40655.0,40655.0,1
UDF,202506,2025-05-01 03:50:00,40680.0,40700.0,40680.0,40700.0,6
UDF,202506,2025-05-01 03:51:00,40777.0,40777.0,40777.0,40777.0,2
UDF,202506,2025-05-01 03:52:00,40820.0,40850.0,40820.0,40850.0,2
UDF,202506,2025-05-01 03:53:00,40860.0,40878.0,40860.0,40878.0,2
UDF,202506,2025-05-01 03:55:00,40886.0,40899.0,40886.0,40899.0,5
UDF,202506,2025-05-01 03:56:00,40899.0,40899.0,40899.0,40899.0,1
UDF,202506,2025-05-01 04:36:00,40895.0,40895.0,40895.0,40895.0,1
UDF,202506,2025-05-01 04:37:00,40896.0,40896.0,40896.0,40896.0,1
UDF,202506,2025-05-01 04:52:00,40870.0,40870.0,40870.0,40870.0,1
UDF,202506,2025-05-01 04:59:00,40895.0,40895.0,40895.0,40895.0,1
UDF,202509,2025-04-30 18:30:00,41018.0,41018.0,41018.0,41018.0,11
UDF,202509,2025-04-30 19:24:00,41040.0,41040.0,41040.0,41040.0,1
UDF,202509,2025-04-30 20:30:00,40921.0,40921.0,40921.0,40921.0,1
UDF,202509,2025-04-30 20:31:00,40851.0,40851.0,40850.0,40850.0,2
UDF,202509,2025-04-30 20:41:00,40719.0,40719.0,40719.0,40719.0,2
UDF,202509,2025-04-30 20:45:00,40666.0,40666.0,40666.0,40666.0,1
UDF,202509,2025-04-30 21:06:00,40666.0,40666.0,40666.0,40666.0,1
UDF,202509,2025-04-30 21:32:00,40522.0,40522.0,40522.0,40522.0,1
UDF,202509,2025-04-30 21:37:00,40500.0,40500.0,40500.0,40500.0,2
UDF,202509,2025-04-30 21:40:00,40436.0,40436.0,40436.0,40436.0,1
UDF,202509,2025-04-30 21:41:00,40400.0,40400.0,40400.0,40400.0,2
UDF,202509,2025-04-30 21:44:00,40371.0,40371.0,40371.0,40371.0,1
UDF,202509,2025-04-30 21:51:00,40360.0,40360.0,40350.0,40350.0,12
UDF,202509,2025-04-30 21:52:00,40360.0,40360.0,40360.0,40360.0,11
UDF,202509,2025-04-30 21:54:00,40300.0,40300.0,40300.0,40300.0,2
UDF,202509,2025-04-30 21:59:00,40236.0,40236.0,40236.0,40236.0,1
UDF,202509,2025-04-30 22:00:00,40250.0,40260.0,40250.0,40260.0,38
UDF,202509,2025-04-30 22:01:00,40332.0,40334.0,40332.0,40334.0,2
UDF,202509,2025-04-30 23:28:00,40732.0,40732.0,40732.0,40732.0,1
UDF,202509,2025-04-30 23:34:00,40750.0,40750.0,40750.0,40750.0,1
UDF,202509,2025-04-30 23:48:00,40757.0,40757.0,40757.0,40757.0,1
UDF,202509,2025-05-01 00:56:00,40757.0,40757.0,40757.0,40757.0,1
UDF,202509,2025-05-01 01:08:00,40757.0,40757.0,40757.0,40757.0,1
UDF,202509,2025-05-01 02:07:00,40900.0,41000.0,40900.0,41000.0,4
UDF,202509,2025-05-01 03:50:00,41000.0,41000.0,41000.0,41000.0,2
UDF,202509,2025-05-01 03:51:00,41100.0,41100.0,41100.0,41100.0,2
UDF,202509,2025-05-01 03:55:00,41199.0,41200.0,41199.0,41200.0,3
UDF,202509,2025-05-01 04:36:00,41200.0,41200.0,41200.0,41200.0,1
UNF,202506,2025-04-30 15:02:00,19588.0,19592.0,19586.0,19586.0,6
UNF,202506,2025-04-30 15:03:00,19590.0,19593.0,19590.0,19593.0,2
UNF,202506,2025-04-30 15:04:00,19589.0,19589.0,19589.0,19589.0,1
UNF,202506,2025-04-30 15:09:00,19585.0,19585.0,19585.0,19585.0,10
UNF,202506,2025-04-30 15:10:00,19589.0,19589.0,19589.0,19589.0,1
UNF,202506,2025-04-30 15:11:00,19587.0,19587.0,19587.0,19587.0,3
UNF,202506,2025-04-30 15:13:00,19591.0,19600.0,19591.0,19600.0,4
UNF,202506,2025-04-30 15:14:00,19600.0,19602.0,19600.0,19602.0,3
UNF,202506,2025-04-30 15:19:00,19595.0,19595.0,19595.0,19595.0,1
UNF,202506,2025-04-30 15:21:00,19602.0,19602.0,19591.0,19595.0,6
UNF,202506,2025-04-30 15:24:00,19604.0,19604.0,19604.0,19604.0,1
UNF,202506,2025-04-30 15:26:00,19602.0,19604.0,19602.0,19604.0,2
UNF,202506,2025-04-30 15:28:00,19608.0,19608.0,19608.0,19608.0,1
UNF,202506,2025-04-30 15:31:00,19595.0,19595.0,19595.0,19595.0,1
UNF,202506,2025-04-30 15:32:00,19598.0,19598.0,19598.0,19598.0,1
UNF,202506,2025-04-30 15:43:00,19594.0,19594.0,19594.0,19594.0,1
UNF,202506,2025-04-30 15:44:00,19591.0,19591.0,19590.0,19590.0,2
UNF,202506,2025-04-30 15:47:00,19588.0,19588.0,19588.0,19588.0,1
UNF,202506,2025-04-30 15:49:00,19594.0,19597.0,19594.0,19597.0,3
UNF,202506,2025-04-30 16:01:00,19593.0,19593.0,19593.0,19593.0,1
UNF,202506,2025-04-30 16:02:00,19590.0,19590.0,19590.0,19590.0,1
UNF,202506,2025-04-30 16:04:00,19579.0,19579.0,19579.0,19579.0,2
UNF,202506,2025-04-30 16:09:00,19608.0,19609.0,19608.0,19609.0,2
UNF,202506,2025-04-30 16:10:00,19610.0,19610.0,19610.0,19610.0,1
UNF,202506,2025-04-30 16:15:00,19620.0,19625.0,19620.0,19625.0,3
UNF,202506,2025-04-30 16:16:00,19632.0,19632.0,19632.0,19632.0,1
UNF,202506,2025-04-30 16:17:00,19625.0,19626.0,19625.0,19626.0,2
UNF,202506,2025-04-30 16:20:00,19620.0,19620.0,19620.0,19620.0,1
UNF,202506,2025-04-30 16:23:00,19611.0,19611.0,19611.0,19611.0,4
UNF,202506,2025-04-30 16:27:00,19596.0,19596.0,19595.0,19595.0,3
UNF,202506,2025-04-30 16:30:00,19586.0,19586.0,19586.0,19586.0,1
UNF,202506,2025-04-30 16:44:00,19600.0,19600.0,19600.0,19600.0,1
UNF,202506,2025-04-30 16:46:00,19598.0,19598.0,19598.0,19598.0,1
UNF,202506,2025-04-30 16:52:00,19610.0,19611.0,19610.0,19611.0,6
UNF,202506,2025-04-30 16:53:00,19612.0,19612.0,19612.0,19612.0,1
UNF,202506,2025-04-30 16:54:00,19615.0,19615.0,19615.0,19615.0,1
UNF,202506,2025-04-30 17:01:00,19594.0,19594.0,19594.0,19594.0,1
UNF,202506,2025-04-30 17:07:00,19605.0,19605.0,19603.0,19603.0,2
UNF,202506,2025-04-30 17:09:00,19605.0,19605.0,19605.0,19605.0,1
UNF,202506,2025-04-30 17:16:00,19605.0,19605.0,19605.0,19605.0,1
UNF,202506,2025-04-30 17:29:00,19621.0,19621.0,19621.0,19621.0,1
UNF,202506,2025-04-30 17:32:00,19624.0,19624.0,19624.0,19624.0,1
UNF,202506,2025-04-30 17:34:00,19627.0,19627.0,19627.0,19627.0,1
UNF,202506,2025-04-30 17:35:00,19627.0,19627.0,19627.0,19627.0,1
UNF,202506,2025-04-30 17:38:00,19623.0,19623.0,19623.0,19623.0,1
UNF,202506,2025-04-30 17:41:00,19623.0,19623.0,19623.0,19623.0,5
UNF,202506,2025-04-30 17:47:00,19613.0,19613.0,19613.0,19613.0,1
UNF,202506,2025-04-30 17:48:00,19606.0,19606.0,19606.0,19606.0,2
UNF,202506,2025-04-30 17:56:00,19605.0,19605.0,19605.0,19605.0,1
UNF,202506,2025-04-30 18:00:00,19603.0,19603.0,19603.0,19603.0,1
UNF,202506,2025-04-30 18:04:00,19600.0,19600.0,19600.0,19600.0,2
UNF,202506,2025-04-30 18:17:00,19606.0,19606.0,19606.0,19606.0,1
UNF,202506,2025-04-30 18:18:00,19596.0,19596.0,19596.0,19596.0,1
UNF,202506,2025-04-30 18:22:00,19592.0,19592.0,19592.0,19592.0,1
UNF,202506,2025-04-30 18:23:00,19590.0,19590.0,19590.0,19590.0,2
UNF,202506,2025-04-30 18:26:00,19591.0,19591.0,19591.0,19591.0,1
UNF,202506,2025-04-30 18:30:00,19581.0,19581.0,19572.0,19572.0,2
UNF,202506,2025-04-30 18:31:00,19570.0,19570.0,19567.0,19567.0,4
UNF,202506,2025-04-30 18:32:00,19567.0,19572.0,19567.0,19572.0,2
UNF,202506,2025-04-30 18:33:00,19572.0,19577.0,19572.0,19577.0,2
UNF,202506,2025-04-30 18:34:00,19581.0,19581.0,19581.0,19581.0,1
UNF,202506,2025-04-30 18:37:00,19577.0,19577.0,19577.0,19577.0,1
UNF,202506,2025-04-30 18:39:00,19566.0,19566.0,19566.0,19566.0,2
UNF,202506,2025-04-30 18:43:00,19575.0,19576.0,19568.0,19568.0,5
UNF,202506,2025-04-30 18:44:00,19569.0,19569.0,19569.0,19569.0,1
UNF,202506,2025-04-30 18:46:00,19571.0,19571.0,19571.0,19571.0,1
UNF,202506,2025-04-30 18:48:00,19566.0,19566.0,19566.0,19566.0,1
UNF,202506,2025-04-30 18:53:00,19574.0,19574.0,19574.0,19574.0,1
UNF,202506,2025-04-30 19:03:00,19596.0,19596.0,19596.0,19596.0,1
UNF,202506,2025-04-30 19:05:00,19602.0,19602.0,19602.0,19602.0,1
UNF,202506,2025-04-30 19:06:00,19603.0,19605.0,19603.0,19605.0,3
UNF,202506,2025-04-30 19:11:00,19607.0,19610.0,19607.0,19610.0,3
UNF,202506,2025-04-30 19:13:00,19603.0,19603.0,19600.0,19600.0,2
UNF,202506,2025-04-30 19:15:00,19598.0,19598.0,19596.0,19596.0,3
UNF,202506,2025-04-30 19:19:00,19592.0,19592.0,19592.0,19592.0,1
UNF,202506,2025-04-30 19:25:00,19567.0,19567.0,19566.0,19566.0,2
UNF,202506,2025-04-30 19:26:00,19563.0,19569.0,19563.0,19569.0,2
UNF,202506,2025-04-30 19:27:00,19569.0,19569.0,19564.0,19564.0,3
UNF,202506,2025-04-30 19:28:00,19565.0,19565.0,19565.0,19565.0,1
UNF,202506,2025-04-30 19:29:00,19571.0,19571.0,19571.0,19571.0,1
UNF,202506,2025-04-30 19:30:00,19564.0,19564.0,19564.0,19564.0,1
UNF,202506,2025-04-30 19:31:00,19561.0,19561.0,19557.0,19557.0,2
UNF,202506,2025-04-30 19:32:00,19555.0,19555.0,19554.0,19555.0,8
UNF,202506,2025-04-30 19:34:00,19558.0,19558.0,19558.0,19558.0,1
UNF,202506,2025-04-30 19:35:00,19558.0,19558.0,19558.0,19558.0,1
UNF,202506,2025-04-30 19:36:00,19555.0,19555.0,19555.0,19555.0,5
UNF,202506,2025-04-30 19:46:00,19550.0,19550.0,19545.0,19545.0,4
UNF,202506,2025-04-30 19:48:00,19549.0,19549.0,19547.0,19548.0,4
UNF,202506,2025-04-30 19:49:00,19538.0,19538.0,19538.0,19538.0,1
UNF,202506,2025-04-30 19:51:00,19535.0,19535.0,19535.0,19535.0,1
UNF,202506,2025-04-30 19:53:00,19535.0,19535.0,19529.0,19529.0,4
UNF,202506,2025-04-30 19:56:00,19539.0,19539.0,19539.0,19539.0,1
UNF,202506,2025-04-30 20:02:00,19542.0,19542.0,19542.0,19542.0,1
UNF,202506,2025-04-30 20:03:00,19545.0,19547.0,19545.0,19547.0,2
UNF,202506,2025-04-30 20:04:00,19533.0,19533.0,19533.0,19533.0,1
UNF,202506,2025-04-30 20:05:00,19536.0,19536.0,19535.0,19535.0,2
UNF,202506,2025-04-30 20:06:00,19525.0,19525.0,19525.0,19525.0,2
UNF,202506,2025-04-30 20:07:00,19525.0,19525.0,19525.0,19525.0,1
UNF,202506,2025-04-30 20:08:00,19521.0,19523.0,19521.0,19523.0,5
UNF,202506,2025-04-30 20:09:00,19520.0,19520.0,19520.0,19520.0,3
UNF,202506,2025-04-30 20:10:00,19523.0,19523.0,19523.0,19523.0,1
UNF,202506,2025-04-30 20:11:00,19517.0,19517.0,19512.0,19513.0,4
UNF,202506,2025-04-30 20:12:00,19514.0,19514.0,19512.0,19512.0,2
UNF,202506,2025-04-30 20:13:00,19512.0,19512.0,19510.0,19510.0,7
UNF,202506,2025-04-30 20:14:00,19508.0,19509.0,19508.0,19509.0,2
UNF,202506,2025-04-30 20:15:00,19507.0,19507.0,19500.0,19500.0,8
UNF,202506,2025-04-30 20:16:00,19498.0,19498.0,19490.0,19490.0,4
UNF,202506,2025-04-30 20:17:00,19486.0,19486.0,19486.0,19486.0,1
UNF,202506,2025-04-30 20:18:00,19490.0,19490.0,19490.0,19490.0,1
UNF,202506,2025-04-30 20:20:00,19480.0,19480.0,19477.0,19477.0,2
UNF,202506,2025-04-30 20:21:00,19472.0,19472.0,19444.0,19444.0,11
UNF,202506,2025-04-30 20:22:00,19450.0,19450.0,19450.0,19450.0,3
UNF,202506,2025-04-30 20:23:00,19441.0,19441.0,19437.0,19437.0,4
UNF,202506,2025-04-30 20:24:00,19434.0,19434.0,19434.0,19434.0,2
UNF,202506,2025-04-30 20:25:00,19440.0,19441.0,19440.0,19441.0,3
UNF,202506,2025-04-30 20:26:00,19440.0,19440.0,19433.0,19433.0,4
UNF,202506,2025-04-30 20:27:00,19441.0,19442.0,19441.0,19442.0,2
UNF,202506,2025-04-30 20:29:00,19434.0,19434.0,19434.0,19434.0,1
UNF,202506,2025-04-30 20:30:00,19486.0,19486.0,19435.0,19435.0,3
UNF,202506,2025-04-30 20:31:00,19436.0,19436.0,19415.0,19415.0,5
UNF,202506,2025-04-30 20:32:00,19410.0,19410.0,19384.0,19390.0,20
UNF,202506,2025-04-30 20:33:00,19386.0,19400.0,19386.0,19400.0,3
UNF,202506,2025-04-30 20:34:00,19401.0,19413.0,19401.0,19410.0,6
UNF,202506,2025-04-30 20:35:00,19410.0,19418.0,19410.0,19418.0,3
UNF,202506,2025-04-30 20:36:00,19400.0,19400.0,19383.0,19383.0,26
UNF,202506,2025-04-30 20:37:00,19366.0,19369.0,19355.0,19369.0,8
UNF,202506,2025-04-30 20:38:00,19370.0,19370.0,19368.0,19368.0,6
UNF,202506,2025-04-30 20:39:00,19365.0,19365.0,19352.0,19352.0,2
UNF,202506,2025-04-30 20:40:00,19352.0,19352.0,19336.0,19336.0,18
UNF,202506,2025-04-30 20:41:00,19338.0,19338.0,19309.0,19309.0,13
UNF,202506,2025-04-30 20:42:00,19303.0,19312.0,19303.0,19312.0,4
UNF,202506,2025-04-30 20:43:00,19306.0,19315.0,19305.0,19315.0,3
UNF,202506,2025-04-30 20:44:00,19325.0,19325.0,19322.0,19322.0,2
UNF,202506,2025-04-30 20:45:00,19306.0,19307.0,19297.0,19300.0,10
UNF,202506,2025-04-30 20:46:00,19302.0,19302.0,19288.0,19290.0,9
UNF,202506,2025-04-30 20:47:00,19290.0,19290.0,19285.0,19287.0,4
UNF,202506,2025-04-30 20:48:00,19280.0,19281.0,19277.0,19277.0,8
UNF,202506,2025-04-30 20:49:00,19294.0,19294.0,19294.0,19294.0,1
UNF,202506,2025-04-30 20:50:00,19304.0,19304.0,19304.0,19304.0,1
UNF,202506,2025-04-30 20:51:00,19302.0,19302.0,19288.0,19288.0,4
UNF,202506,2025-04-30 20:52:00,19282.0,19282.0,19282.0,19282.0,1
UNF,202506,2025-04-30 20:53:00,19288.0,19288.0,19288.0,19288.0,1
UNF,202506,2025-04-30 20:54:00,19303.0,19303.0,19300.0,19302.0,4
UNF,202506,2025-04-30 20:55:00,19300.0,19300.0,19300.0,19300.0,3
UNF,202506,2025-04-30 20:56:00,19299.0,19299.0,19299.0,19299.0,1
UNF,202506,2025-04-30 20:57:00,19312.0,19312.0,19312.0,19312.0,1
UNF,202506,2025-04-30 20:58:00,19305.0,19305.0,19305.0,19305.0,2
UNF,202506,2025-04-30 20:59:00,19305.0,19305.0,19305.0,19305.0,1
UNF,202506,2025-04-30 21:00:00,19279.0,19279.0,19279.0,19279.0,1
UNF,202506,2025-04-30 21:01:00,19277.0,19277.0,19277.0,19277.0,2
UNF,202506,2025-04-30 21:02:00,19285.0,19285.0,19285.0,19285.0,12
UNF,202506,2025-04-30 21:03:00,19298.0,19298.0,19298.0,19298.0,1
UNF,202506,2025-04-30 21:04:00,19288.0,19288.0,19288.0,19288.0,1
UNF,202506,2025-04-30 21:06:00,19280.0,19280.0,19268.0,19268.0,6
UNF,202506,2025-04-30 21:07:00,19263.0,19263.0,19260.0,19260.0,2
UNF,202506,2025-04-30 21:08:00,19267.0,19267.0,19267.0,19267.0,1
UNF,202506,2025-04-30 21:09:00,19258.0,19260.0,19256.0,19256.0,12
UNF,202506,2025-04-30 21:11:00,19272.0,19272.0,19272.0,19272.0,1
UNF,202506,2025-04-30 21:12:00,19262.0,19273.0,19262.0,19273.0,3
UNF,202506,2025-04-30 21:13:00,19280.0,19280.0,19277.0,19277.0,2
UNF,202506,2025-04-30 21:14:00,19250.0,19274.0,19250.0,19274.0,5
UNF,202506,2025-04-30 21:16:00,19279.0,19279.0,19275.0,19275.0,2
UNF,202506,2025-04-30 21:17:00,19280.0,19280.0,19280.0,19280.0,1
UNF,202506,2025-04-30 21:18:00,19270.0,19270.0,19270.0,19270.0,2
UNF,202506,2025-04-30 21:19:00,19265.0,19282.0,19265.0,19282.0,2
UNF,202506,2025-04-30 21:20:00,19277.0,19290.0,19277.0,19290.0,2
UNF,202506,2025-04-30 21:22:00,19288.0,19288.0,19288.0,19288.0,1
UNF,202506,2025-04-30 21:23:00,19295.0,19295.0,19295.0,19295.0,1
UNF,202506,2025-04-30 21:24:00,19293.0,19295.0,19293.0,19295.0,2
UNF,202506,2025-04-30 21:25:00,19297.0,19297.0,19297.0,19297.0,1
UNF,202506,2025-04-30 21:26:00,19309.0,19310.0,19305.0,19305.0,11
UNF,202506,2025-04-30 21:27:00,19307.0,19307.0,19300.0,19300.0,4
UNF,202506,2025-04-30 21:28:00,19303.0,19307.0,19303.0,19307.0,6
UNF,202506,2025-04-30 21:29:00,19315.0,19315.0,19315.0,19315.0,3
UNF,202506,2025-04-30 21:30:00,19310.0,19319.0,19263.0,19263.0,10
UNF,202506,2025-04-30 21:31:00,19250.0,19270.0,19250.0,19250.0,11
UNF,202506,2025-04-30 21:33:00,19286.0,19290.0,19275.0,19275.0,6
UNF,202506,2025-04-30 21:34:00,19300.0,19310.0,19300.0,19310.0,3
UNF,202506,2025-04-30 21:35:00,19310.0,19310.0,19280.0,19280.0,3
UNF,202506,2025-04-30 21:36:00,19272.0,19272.0,19270.0,19270.0,2
UNF,202506,2025-04-30 21:37:00,19265.0,19265.0,19238.0,19238.0,7
UNF,202506,2025-04-30 21:38:00,19238.0,19245.0,19232.0,19232.0,6
UNF,202506,2025-04-30 21:39:00,19222.0,19230.0,19211.0,19211.0,9
UNF,202506,2025-04-30 21:40:00,19209.0,19219.0,19193.0,19193.0,17
UNF,202506,2025-04-30 21:41:00,19201.0,19201.0,19167.0,19170.0,12
UNF,202506,2025-04-30 21:42:00,19172.0,19172.0,19162.0,19162.0,7
UNF,202506,2025-04-30 21:43:00,19161.0,19169.0,19160.0,19169.0,11
UNF,202506,2025-04-30 21:44:00,19175.0,19197.0,19175.0,19197.0,5
UNF,202506,2025-04-30 21:45:00,19185.0,19197.0,19183.0,19197.0,13
UNF,202506,2025-04-30 21:46:00,19197.0,19197.0,19174.0,19174.0,10
UNF,202506,2025-04-30 21:47:00,19206.0,19206.0,19190.0,19190.0,2
UNF,202506,2025-04-30 21:48:00,19206.0,19226.0,19206.0,19226.0,16
UNF,202506,2025-04-30 21:49:00,19228.0,19228.0,19228.0,19228.0,1
UNF,202506,2025-04-30 21:50:00,19226.0,19231.0,19226.0,19228.0,24
UNF,202506,2025-04-30 21:52:00,19208.0,19208.0,19205.0,19205.0,2
UNF,202506,2025-04-30 21:53:00,19188.0,19188.0,19188.0,19188.0,1
UNF,202506,2025-04-30 21:55:00,19189.0,19202.0,19189.0,19198.0,3
UNF,202506,2025-04-30 21:56:00,19175.0,19175.0,19150.0,19150.0,12
UNF,202506,2025-04-30 21:57:00,19148.0,19148.0,19148.0,19148.0,3
UNF,202506,2025-04-30 21:58:00,19142.0,19142.0,19138.0,19138.0,5
UNF,202506,2025-04-30 21:59:00,19133.0,19180.0,19131.0,19180.0,16
UNF,202506,2025-04-30 22:00:00,19138.0,19180.0,19138.0,19180.0,11
UNF,202506,2025-04-30 22:01:00,19200.0,19200.0,19187.0,19200.0,8
UNF,202506,2025-04-30 22:02:00,19187.0,19194.0,19187.0,19194.0,3
UNF,202506,2025-04-30 22:03:00,19180.0,19180.0,19180.0,19180.0,1
UNF,202506,2025-04-30 22:04:00,19192.0,19192.0,19192.0,19192.0,1
UNF,202506,2025-04-30 22:05:00,19180.0,19198.0,19180.0,19198.0,3
UNF,202506,2025-04-30 22:06:00,19211.0,19211.0,19211.0,19211.0,1
UNF,202506,2025-04-30 22:07:00,19198.0,19198.0,19198.0,19198.0,1
UNF,202506,2025-04-30 22:08:00,19179.0,19213.0,19179.0,19213.0,4
UNF,202506,2025-04-30 22:09:00,19220.0,19239.0,19220.0,19239.0,11
UNF,202506,2025-04-30 22:10:00,19237.0,19241.0,19221.0,19230.0,4
UNF,202506,2025-04-30 22:11:00,19237.0,19237.0,19237.0,19237.0,1
UNF,202506,2025-04-30 22:12:00,19230.0,19236.0,19230.0,19236.0,7
UNF,202506,2025-04-30 22:13:00,19236.0,19256.0,19236.0,19254.0,8
UNF,202506,2025-04-30 22:14:00,19260.0,19272.0,19260.0,19272.0,14
UNF,202506,2025-04-30 22:15:00,19270.0,19278.0,19261.0,19275.0,9
UNF,202506,2025-04-30 22:16:00,19268.0,19276.0,19267.0,19267.0,4
UNF,202506,2025-04-30 22:17:00,19261.0,19261.0,19257.0,19257.0,5
UNF,202506,2025-04-30 22:18:00,19260.0,19267.0,19260.0,19267.0,7
UNF,202506,2025-04-30 22:19:00,19280.0,19284.0,19280.0,19284.0,4
UNF,202506,2025-04-30 22:20:00,19290.0,19291.0,19290.0,19291.0,3
UNF,202506,2025-04-30 22:21:00,19283.0,19283.0,19283.0,19283.0,1
UNF,202506,2025-04-30 22:22:00,19279.0,19279.0,19279.0,19279.0,1
UNF,202506,2025-04-30 22:24:00,19299.0,19306.0,19299.0,19304.0,8
UNF,202506,2025-04-30 22:25:00,19298.0,19298.0,19298.0,19298.0,18
UNF,202506,2025-04-30 22:26:00,19298.0,19310.0,19298.0,19310.0,9
UNF,202506,2025-04-30 22:27:00,19302.0,19302.0,19302.0,19302.0,1
UNF,202506,2025-04-30 22:28:00,19301.0,19301.0,19301.0,19301.0,1
UNF,202506,2025-04-30 22:29:00,19309.0,19330.0,19309.0,19328.0,10
UNF,202506,2025-04-30 22:30:00,19327.0,19335.0,19327.0,19335.0,22
UNF,202506,2025-04-30 22:31:00,19339.0,19351.0,19339.0,19342.0,16
UNF,202506,2025-04-30 22:32:00,19345.0,19345.0,19333.0,19335.0,12
UNF,202506,2025-04-30 22:33:00,19343.0,19349.0,19343.0,19349.0,4
UNF,202506,2025-04-30 22:35:00,19320.0,19320.0,19320.0,19320.0,1
UNF,202506,2025-04-30 22:36:00,19317.0,19317.0,19307.0,19307.0,9
UNF,202506,2025-04-30 22:37:00,19305.0,19314.0,19305.0,19314.0,9
UNF,202506,2025-04-30 22:38:00,19305.0,19305.0,19300.0,19301.0,7
UNF,202506,2025-04-30 22:39:00,19320.0,19320.0,19320.0,19320.0,20
UNF,202506,2025-04-30 22:40:00,19317.0,19317.0,19308.0,19308.0,4
UNF,202506,2025-04-30 22:41:00,19292.0,19298.0,19292.0,19298.0,4
UNF,202506,2025-04-30 22:42:00,19295.0,19295.0,19294.0,19294.0,3
UNF,202506,2025-04-30 22:43:00,19316.0,19321.0,19316.0,19321.0,5
UNF,202506,2025-04-30 22:44:00,19354.0,19365.0,19354.0,19365.0,18
UNF,202506,2025-04-30 22:45:00,19365.0,19365.0,19365.0,19365.0,4
UNF,202506,2025-04-30 22:46:00,19350.0,19350.0,19350.0,19350.0,3
UNF,202506,2025-04-30 22:47:00,19338.0,19338.0,19338.0,19338.0,1
UNF,202506,2025-04-30 22:48:00,19340.0,19355.0,19340.0,19355.0,7
UNF,202506,2025-04-30 22:49:00,19329.0,19329.0,19329.0,19329.0,1
UNF,202506,2025-04-30 22:50:00,19325.0,19325.0,19312.0,19312.0,4
UNF,202506,2025-04-30 22:51:00,19315.0,19315.0,19305.0,19305.0,2
UNF,202506,2025-04-30 22:52:00,19306.0,19336.0,19306.0,19336.0,5
UNF,202506,2025-04-30 22:53:00,19350.0,19358.0,19350.0,19358.0,2
UNF,202506,2025-04-30 22:54:00,19355.0,19364.0,19355.0,19364.0,10
UNF,202506,2025-04-30 22:56:00,19323.0,19325.0,19320.0,19325.0,7
UNF,202506,2025-04-30 22:57:00,19360.0,19360.0,19360.0,19360.0,1
UNF,202506,2025-04-30 22:58:00,19357.0,19357.0,19357.0,19357.0,1
UNF,202506,2025-04-30 22:59:00,19363.0,19363.0,19363.0,19363.0,1
UNF,202506,2025-04-30 23:00:00,19368.0,19390.0,19368.0,19390.0,12
UNF,202506,2025-04-30 23:01:00,19386.0,19386.0,19375.0,19380.0,4
UNF,202506,2025-04-30 23:02:00,19382.0,19382.0,19382.0,19382.0,2
UNF,202506,2025-04-30 23:03:00,19388.0,19391.0,19368.0,19368.0,3
UNF,202506,2025-04-30 23:04:00,19380.0,19380.0,19380.0,19380.0,1
UNF,202506,2025-04-30 23:05:00,19376.0,19376.0,19376.0,19376.0,1
UNF,202506,2025-04-30 23:06:00,19374.0,19374.0,19374.0,19374.0,1
UNF,202506,2025-04-30 23:07:00,19376.0,19393.0,19376.0,19384.0,5
UNF,202506,2025-04-30 23:09:00,19392.0,19411.0,19391.0,19405.0,18
UNF,202506,2025-04-30 23:10:00,19408.0,19408.0,19398.0,19401.0,20
UNF,202506,2025-04-30 23:11:00,19402.0,19412.0,19395.0,19395.0,5
UNF,202506,2025-04-30 23:12:00,19399.0,19399.0,19399.0,19399.0,1
UNF,202506,2025-04-30 23:13:00,19406.0,19408.0,19406.0,19407.0,3
UNF,202506,2025-04-30 23:14:00,19407.0,19407.0,19403.0,19403.0,6
UNF,202506,2025-04-30 23:15:00,19400.0,19402.0,19400.0,19400.0,7
UNF,202506,2025-04-30 23:16:00,19410.0,19410.0,19400.0,19400.0,7
UNF,202506,2025-04-30 23:17:00,19415.0,19420.0,19415.0,19420.0,13
UNF,202506,2025-04-30 23:18:00,19421.0,19422.0,19417.0,19422.0,9
UNF,202506,2025-04-30 23:20:00,19419.0,19420.0,19419.0,19420.0,2
UNF,202506,2025-04-30 23:21:00,19423.0,19439.0,19423.0,19438.0,7
UNF,202506,2025-04-30 23:22:00,19436.0,19438.0,19436.0,19436.0,5
UNF,202506,2025-04-30 23:23:00,19440.0,19446.0,19440.0,19444.0,13
UNF,202506,2025-04-30 23:24:00,19435.0,19435.0,19420.0,19420.0,2
UNF,202506,2025-04-30 23:25:00,19400.0,19400.0,19397.0,19397.0,5
UNF,202506,2025-04-30 23:26:00,19397.0,19397.0,19397.0,19397.0,1
UNF,202506,2025-04-30 23:27:00,19397.0,19402.0,19393.0,19402.0,5
UNF,202506,2025-04-30 23:28:00,19426.0,19430.0,19426.0,19430.0,2
UNF,202506,2025-04-30 23:30:00,19422.0,19428.0,19422.0,19428.0,5
UNF,202506,2025-04-30 23:31:00,19428.0,19428.0,19428.0,19428.0,10
UNF,202506,2025-04-30 23:32:00,19426.0,19433.0,19426.0,19433.0,2
UNF,202506,2025-04-30 23:33:00,19431.0,19431.0,19431.0,19431.0,1
UNF,202506,2025-04-30 23:34:00,19433.0,19435.0,19433.0,19435.0,2
UNF,202506,2025-04-30 23:35:00,19433.0,19433.0,19433.0,19433.0,1
UNF,202506,2025-04-30 23:36:00,19430.0,19438.0,19430.0,19438.0,2
UNF,202506,2025-04-30 23:37:00,19424.0,19424.0,19424.0,19424.0,1
UNF,202506,2025-04-30 23:39:00,19416.0,19416.0,19416.0,19416.0,1
UNF,202506,2025-04-30 23:40:00,19422.0,19422.0,19422.0,19422.0,1
UNF,202506,2025-04-30 23:41:00,19418.0,19418.0,19418.0,19418.0,1
UNF,202506,2025-04-30 23:42:00,19415.0,19415.0,19415.0,19415.0,1
UNF,202506,2025-04-30 23:43:00,19427.0,19427.0,19427.0,19427.0,1
UNF,202506,2025-04-30 23:44:00,19436.0,19456.0,19436.0,19446.0,14
UNF,202506,2025-04-30 23:45:00,19456.0,19460.0,19455.0,19455.0,11
UNF,202506,2025-04-30 23:46:00,19458.0,19463.0,19458.0,19463.0,4
UNF,202506,2025-04-30 23:47:00,19450.0,19450.0,19446.0,19446.0,4
UNF,202506,2025-04-30 23:48:00,19446.0,19448.0,19443.0,19447.0,5
UNF,202506,2025-04-30 23:51:00,19449.0,19449.0,19449.0,19449.0,1
UNF,202506,2025-04-30 23:53:00,19440.0,19440.0,19423.0,19430.0,7
UNF,202506,2025-04-30 23:54:00,19443.0,19443.0,19443.0,19443.0,1
UNF,202506,2025-04-30 23:55:00,19443.0,19448.0,19443.0,19447.0,3
UNF,202506,2025-04-30 23:56:00,19465.0,19466.0,19462.0,19462.0,5
UNF,202506,2025-04-30 23:57:00,19450.0,19450.0,19450.0,19450.0,1
UNF,202506,2025-04-30 23:58:00,19438.0,19450.0,19437.0,19450.0,4
UNF,202506,2025-05-01 00:00:00,19460.0,19462.0,19460.0,19462.0,10
UNF,202506,2025-05-01 00:01:00,19448.0,19448.0,19446.0,19446.0,3
UNF,202506,2025-05-01 00:02:00,19441.0,19441.0,19441.0,19441.0,1
UNF,202506,2025-05-01 00:03:00,19447.0,19448.0,19447.0,19448.0,2
UNF,202506,2025-05-01 00:06:00,19469.0,19483.0,19469.0,19480.0,19
UNF,202506,2025-05-01 00:07:00,19482.0,19482.0,19482.0,19482.0,2
UNF,202506,2025-05-01 00:08:00,19465.0,19465.0,19465.0,19465.0,1
UNF,202506,2025-05-01 00:10:00,19449.0,19449.0,19445.0,19445.0,5
UNF,202506,2025-05-01 00:11:00,19445.0,19445.0,19445.0,19445.0,1
UNF,202506,2025-05-01 00:12:00,19440.0,19455.0,19440.0,19443.0,14
UNF,202506,2025-05-01 00:13:00,19443.0,19443.0,19443.0,19443.0,2
UNF,202506,2025-05-01 00:15:00,19440.0,19440.0,19440.0,19440.0,3
UNF,202506,2025-05-01 00:16:00,19437.0,19437.0,19430.0,19430.0,10
UNF,202506,2025-05-01 00:19:00,19431.0,19431.0,19430.0,19430.0,4
UNF,202506,2025-05-01 00:20:00,19431.0,19431.0,19425.0,19425.0,4
UNF,202506,2025-05-01 00:22:00,19420.0,19420.0,19413.0,19413.0,7
UNF,202506,2025-05-01 00:23:00,19416.0,19416.0,19405.0,19405.0,4
UNF,202506,2025-05-01 00:24:00,19405.0,19405.0,19405.0,19405.0,2
UNF,202506,2025-05-01 00:25:00,19401.0,19402.0,19400.0,19400.0,12
UNF,202506,2025-05-01 00:26:00,19400.0,19400.0,19396.0,19400.0,6
UNF,202506,2025-05-01 00:27:00,19405.0,19409.0,19399.0,19399.0,3
UNF,202506,2025-05-01 00:28:00,19404.0,19404.0,19404.0,19404.0,1
UNF,202506,2025-05-01 00:30:00,19404.0,19404.0,19393.0,19393.0,4
UNF,202506,2025-05-01 00:31:00,19392.0,19392.0,19388.0,19388.0,17
UNF,202506,2025-05-01 00:32:00,19386.0,19386.0,19386.0,19386.0,1
UNF,202506,2025-05-01 00:34:00,19392.0,19399.0,19383.0,19383.0,14
UNF,202506,2025-05-01 00:35:00,19381.0,19381.0,19381.0,19381.0,2
UNF,202506,2025-05-01 00:36:00,19381.0,19395.0,19379.0,19395.0,5
UNF,202506,2025-05-01 00:39:00,19435.0,19436.0,19435.0,19436.0,5
UNF,202506,2025-05-01 00:40:00,19438.0,19438.0,19438.0,19438.0,1
UNF,202506,2025-05-01 00:41:00,19443.0,19444.0,19443.0,19443.0,3
UNF,202506,2025-05-01 00:42:00,19443.0,19450.0,19443.0,19450.0,4
UNF,202506,2025-05-01 00:43:00,19432.0,19432.0,19432.0,19432.0,1
UNF,202506,2025-05-01 00:45:00,19424.0,19424.0,19421.0,19421.0,2
UNF,202506,2025-05-01 00:46:00,19433.0,19433.0,19433.0,19433.0,4
UNF,202506,2025-05-01 00:49:00,19419.0,19419.0,19419.0,19419.0,1
UNF,202506,2025-05-01 00:50:00,19432.0,19436.0,19432.0,19436.0,3
UNF,202506,2025-05-01 00:55:00,19450.0,19451.0,19450.0,19451.0,2
UNF,202506,2025-05-01 01:00:00,19450.0,19460.0,19450.0,19460.0,2
UNF,202506,2025-05-01 01:01:00,19460.0,19460.0,19460.0,19460.0,8
UNF,202506,2025-05-01 01:03:00,19460.0,19460.0,19460.0,19460.0,4
UNF,202506,2025-05-01 01:08:00,19418.0,19418.0,19415.0,19415.0,4
UNF,202506,2025-05-01 01:10:00,19400.0,19402.0,19370.0,19370.0,10
UNF,202506,2025-05-01 01:11:00,19362.0,19375.0,19362.0,19375.0,12
UNF,202506,2025-05-01 01:12:00,19385.0,19385.0,19374.0,19374.0,2
UNF,202506,2025-05-01 01:13:00,19365.0,19365.0,19351.0,19351.0,4
UNF,202506,2025-05-01 01:14:00,19353.0,19353.0,19353.0,19353.0,1
UNF,202506,2025-05-01 01:19:00,19418.0,19420.0,19413.0,19420.0,3
UNF,202506,2025-05-01 01:20:00,19418.0,19418.0,19418.0,19418.0,2
UNF,202506,2025-05-01 01:21:00,19421.0,19421.0,19421.0,19421.0,2
UNF,202506,2025-05-01 01:26:00,19440.0,19451.0,19440.0,19451.0,7
UNF,202506,2025-05-01 01:27:00,19455.0,19478.0,19453.0,19460.0,22
UNF,202506,2025-05-01 01:31:00,19468.0,19468.0,19466.0,19466.0,3
UNF,202506,2025-05-01 01:32:00,19475.0,19480.0,19475.0,19480.0,4
UNF,202506,2025-05-01 01:34:00,19480.0,19499.0,19480.0,19499.0,13
UNF,202506,2025-05-01 01:35:00,19500.0,19508.0,19500.0,19508.0,6
UNF,202506,2025-05-01 01:36:00,19508.0,19508.0,19508.0,19508.0,2
UNF,202506,2025-05-01 01:37:00,19515.0,19516.0,19511.0,19516.0,5
UNF,202506,2025-05-01 01:38:00,19514.0,19514.0,19514.0,19514.0,1
UNF,202506,2025-05-01 01:39:00,19500.0,19500.0,19500.0,19500.0,1
UNF,202506,2025-05-01 01:40:00,19494.0,19494.0,19494.0,19494.0,1
UNF,202506,2025-05-01 01:44:00,19514.0,19515.0,19514.0,19515.0,2
UNF,202506,2025-05-01 01:45:00,19506.0,19506.0,19499.0,19506.0,3
UNF,202506,2025-05-01 01:48:00,19496.0,19496.0,19495.0,19495.0,4
UNF,202506,2025-05-01 01:52:00,19510.0,19510.0,19510.0,19510.0,1
UNF,202506,2025-05-01 01:55:00,19515.0,19515.0,19515.0,19515.0,3
UNF,202506,2025-05-01 02:00:00,19495.0,19495.0,19490.0,19490.0,4
UNF,202506,2025-05-01 02:04:00,19482.0,19482.0,19482.0,19482.0,3
UNF,202506,2025-05-01 02:07:00,19513.0,19599.0,19513.0,19543.0,27
UNF,202506,2025-05-01 02:08:00,19543.0,19543.0,19543.0,19543.0,3
UNF,202506,2025-05-01 02:09:00,19510.0,19510.0,19510.0,19510.0,1
UNF,202506,2025-05-01 02:10:00,19550.0,19550.0,19550.0,19550.0,4
UNF,202506,2025-05-01 02:11:00,19560.0,19575.0,19560.0,19575.0,6
UNF,202506,2025-05-01 02:12:00,19575.0,19575.0,19575.0,19575.0,6
UNF,202506,2025-05-01 02:13:00,19558.0,19558.0,19558.0,19558.0,2
UNF,202506,2025-05-01 02:15:00,19558.0,19558.0,19558.0,19558.0,1
UNF,202506,2025-05-01 02:16:00,19557.0,19557.0,19557.0,19557.0,2
UNF,202506,2025-05-01 02:17:00,19546.0,19556.0,19546.0,19550.0,12
UNF,202506,2025-05-01 02:18:00,19557.0,19557.0,19557.0,19557.0,1
UNF,202506,2025-05-01 02:20:00,19558.0,19562.0,19558.0,19562.0,2
UNF,202506,2025-05-01 02:21:00,19547.0,19547.0,19547.0,19547.0,1
UNF,202506,2025-05-01 02:28:00,19537.0,19537.0,19535.0,19536.0,6
UNF,202506,2025-05-01 02:29:00,19530.0,19530.0,19495.0,19495.0,9
UNF,202506,2025-05-01 02:31:00,19511.0,19511.0,19511.0,19511.0,1
UNF,202506,2025-05-01 02:35:00,19513.0,19513.0,19500.0,19500.0,4
UNF,202506,2025-05-01 02:37:00,19490.0,19490.0,19490.0,19490.0,2
UNF,202506,2025-05-01 02:42:00,19471.0,19471.0,19471.0,19471.0,4
UNF,202506,2025-05-01 02:44:00,19480.0,19480.0,19480.0,19480.0,3
UNF,202506,2025-05-01 02:48:00,19510.0,19510.0,19510.0,19510.0,1
UNF,202506,2025-05-01 02:51:00,19541.0,19544.0,19541.0,19544.0,4
UNF,202506,2025-05-01 02:56:00,19516.0,19516.0,19514.0,19514.0,3
UNF,202506,2025-05-01 03:01:00,19514.0,19515.0,19514.0,19515.0,4
UNF,202506,2025-05-01 03:07:00,19517.0,19517.0,19514.0,19514.0,4
UNF,202506,2025-05-01 03:22:00,19530.0,19534.0,19530.0,19534.0,4
UNF,202506,2025-05-01 03:25:00,19508.0,19508.0,19505.0,19505.0,3
UNF,202506,2025-05-01 03:29:00,19510.0,19510.0,19505.0,19505.0,2
UNF,202506,2025-05-01 03:32:00,19505.0,19505.0,19505.0,19505.0,2
UNF,202506,2025-05-01 03:37:00,19513.0,19513.0,19513.0,19513.0,2
UNF,202506,2025-05-01 03:39:00,19530.0,19530.0,19520.0,19520.0,3
UNF,202506,2025-05-01 03:44:00,19550.0,19550.0,19550.0,19550.0,4
UNF,202506,2025-05-01 03:46:00,19578.0,19583.0,19578.0,19583.0,4
UNF,202506,2025-05-01 03:47:00,19573.0,19573.0,19573.0,19573.0,1
UNF,202506,2025-05-01 03:48:00,19583.0,19583.0,19583.0,19583.0,4
UNF,202506,2025-05-01 03:50:00,19599.0,19639.0,19599.0,19639.0,7
UNF,202506,2025-05-01 03:51:00,19647.0,19654.0,19642.0,19654.0,8
UNF,202506,2025-05-01 03:52:00,19666.0,19680.0,19666.0,19680.0,7
UNF,202506,2025-05-01 03:53:00,19688.0,19689.0,19663.0,19663.0,10
UNF,202506,2025-05-01 03:55:00,19680.0,19680.0,19680.0,19680.0,2
UNF,202506,2025-05-01 03:56:00,19734.0,19734.0,19734.0,19734.0,1
UNF,202506,2025-05-01 03:58:00,19693.0,19693.0,19693.0,19693.0,2
UNF,202506,2025-05-01 03:59:00,19693.0,19693.0,19693.0,19693.0,2
UNF,202506,2025-05-01 04:00:00,19687.0,19687.0,19687.0,19687.0,2
UNF,202506,2025-05-01 04:01:00,19689.0,19736.0,19689.0,19736.0,5
UNF,202506,2025-05-01 04:02:00,19736.0,19738.0,19736.0,19738.0,5
UNF,202506,2025-05-01 04:03:00,19728.0,19728.0,19724.0,19724.0,4
UNF,202506,2025-05-01 04:05:00,19729.0,19741.0,19729.0,19741.0,6
UNF,202506,2025-05-01 04:06:00,19763.0,19777.0,19763.0,19777.0,3
UNF,202506,2025-05-01 04:07:00,19768.0,19768.0,19763.0,19763.0,3
UNF,202506,2025-05-01 04:08:00,19765.0,19779.0,19765.0,19779.0,4
UNF,202506,2025-05-01 04:09:00,19788.0,19788.0,19780.0,19780.0,4
UNF,202506,2025-05-01 04:11:00,19790.0,19790.0,19790.0,19790.0,1
UNF,202506,2025-05-01 04:12:00,19800.0,19800.0,19800.0,19800.0,1
UNF,202506,2025-05-01 04:13:00,19800.0,19800.0,19800.0,19800.0,4
UNF,202506,2025-05-01 04:14:00,19796.0,19796.0,19796.0,19796.0,2
UNF,202506,2025-05-01 04:15:00,19782.0,19782.0,19782.0,19782.0,2
UNF,202506,2025-05-01 04:16:00,19782.0,19782.0,19782.0,19782.0,1
UNF,202506,2025-05-01 04:17:00,19782.0,19782.0,19782.0,19782.0,1
UNF,202506,2025-05-01 04:19:00,19780.0,19780.0,19780.0,19780.0,1
UNF,202506,2025-05-01 04:20:00,19793.0,19793.0,19793.0,19793.0,4
UNF,202506,2025-05-01 04:22:00,19800.0,19800.0,19799.0,19799.0,2
UNF,202506,2025-05-01 04:23:00,19799.0,19801.0,19799.0,19801.0,3
UNF,202506,2025-05-01 04:25:00,19826.0,19826.0,19821.0,19821.0,2
UNF,202506,2025-05-01 04:26:00,19831.0,19831.0,19831.0,19831.0,3
UNF,202506,2025-05-01 04:28:00,19830.0,19831.0,19822.0,19822.0,3
UNF,202506,2025-05-01 04:29:00,19841.0,19845.0,19841.0,19845.0,5
UNF,202506,2025-05-01 04:30:00,19850.0,19850.0,19847.0,19847.0,4
UNF,202506,2025-05-01 04:32:00,19870.0,19870.0,19870.0,19870.0,1
UNF,202506,2025-05-01 04:33:00,19888.0,19888.0,19888.0,19888.0,1
UNF,202506,2025-05-01 04:34:00,19875.0,19876.0,19873.0,19873.0,5
UNF,202506,2025-05-01 04:35:00,19858.0,19861.0,19858.0,19861.0,5
UNF,202506,2025-05-01 04:36:00,19930.0,19933.0,19878.0,19878.0,6
UNF,202506,2025-05-01 04:37:00,19861.0,19868.0,19861.0,19864.0,7
UNF,202506,2025-05-01 04:38:00,19878.0,19878.0,19875.0,19875.0,4
UNF,202506,2025-05-01 04:39:00,19863.0,19867.0,19863.0,19867.0,6
UNF,202506,2025-05-01 04:40:00,19909.0,19910.0,19895.0,19895.0,10
UNF,202506,2025-05-01 04:42:00,19863.0,19878.0,19863.0,19878.0,9
UNF,202506,2025-05-01 04:43:00,19885.0,19885.0,19882.0,19882.0,5
UNF,202506,2025-05-01 04:45:00,19859.0,19859.0,19859.0,19859.0,1
UNF,202506,2025-05-01 04:46:00,19859.0,19861.0,19859.0,19859.0,6
UNF,202506,2025-05-01 04:47:00,19861.0,19861.0,19859.0,19859.0,3
UNF,202506,2025-05-01 04:49:00,19860.0,19860.0,19860.0,19860.0,1
UNF,202506,2025-05-01 04:50:00,19860.0,19873.0,19860.0,19873.0,15
UNF,202506,2025-05-01 04:51:00,19876.0,19876.0,19873.0,19873.0,4
UNF,202506,2025-05-01 04:52:00,19879.0,19879.0,19879.0,19879.0,1
UNF,202506,2025-05-01 04:53:00,19876.0,19876.0,19873.0,19873.0,4
UNF,202506,2025-05-01 04:56:00,19861.0,19863.0,19861.0,19863.0,2
UNF,202506,2025-05-01 04:57:00,19874.0,19874.0,19874.0,19874.0,1
UNF,202506,2025-05-01 04:59:00,19875.0,19875.0,19821.0,19821.0,3
UNF,202509,2025-04-30 20:18:00,19690.0,19690.0,19690.0,19690.0,1
UNF,202509,2025-04-30 20:37:00,19571.0,19571.0,19571.0,19571.0,1
UNF,202509,2025-04-30 20:45:00,19508.0,19508.0,19508.0,19508.0,1
UNF,202509,2025-04-30 21:41:00,19400.0,19400.0,19400.0,19400.0,1
UNF,202509,2025-04-30 21:42:00,19378.0,19378.0,19371.0,19371.0,4
UNF,202509,2025-04-30 21:43:00,19374.0,19374.0,19374.0,19374.0,1
UNF,202509,2025-04-30 21:44:00,19387.0,19389.0,19387.0,19389.0,4
UNF,202509,2025-04-30 21:46:00,19405.0,19405.0,19381.0,19381.0,13
UNF,202509,2025-04-30 21:47:00,19396.0,19396.0,19396.0,19396.0,1
UNF,202509,2025-04-30 21:48:00,19418.0,19425.0,19418.0,19425.0,3
UNF,202509,2025-04-30 21:50:00,19433.0,19433.0,19433.0,19433.0,4
UNF,202509,2025-04-30 21:53:00,19394.0,19394.0,19394.0,19394.0,1
UNF,202509,2025-04-30 21:55:00,19405.0,19406.0,19405.0,19406.0,3
UNF,202509,2025-04-30 22:09:00,19434.0,19445.0,19434.0,19445.0,2
UNF,202509,2025-04-30 22:13:00,19449.0,19449.0,19449.0,19449.0,1
UNF,202509,2025-04-30 22:30:00,19548.0,19548.0,19548.0,19548.0,1
UNF,202509,2025-04-30 22:31:00,19563.0,19563.0,19563.0,19563.0,1
UNF,202509,2025-04-30 22:33:00,19565.0,19565.0,19565.0,19565.0,1
UNF,202509,2025-04-30 22:47:00,19547.0,19547.0,19547.0,19547.0,1
UNF,202509,2025-04-30 23:09:00,19608.0,19608.0,19608.0,19608.0,1
UNF,202509,2025-04-30 23:11:00,19629.0,19629.0,19629.0,19629.0,1
UNF,202509,2025-04-30 23:16:00,19618.0,19618.0,19618.0,19618.0,4
UNF,202509,2025-04-30 23:40:00,19640.0,19640.0,19640.0,19640.0,1
UNF,202509,2025-04-30 23:51:00,19660.0,19660.0,19660.0,19660.0,1
UNF,202509,2025-05-01 01:34:00,19705.0,19705.0,19705.0,19705.0,1
UNF,202509,2025-05-01 04:56:00,20075.0,20075.0,20075.0,20075.0,1
UNF,202509,2025-05-01 04:57:00,20085.0,20085.0,20085.0,20085.0,1
XAF,202506,2025-04-30 21:27:00,0.638,0.638,0.638,0.638,1
XAF,202506,2025-04-30 21:39:00,0.637,0.637,0.637,0.637,1
XAF,202506,2025-04-30 22:29:00,0.6377,0.6377,0.6377,0.6377,1
XAF,202506,2025-05-01 02:07:00,0.6408,0.6408,0.6408,0.6408,1
XAF,202509,2025-04-30 20:33:00,0.6389,0.6389,0.6389,0.6389,2
XBF,202506,2025-04-30 21:22:00,1.3345,1.3345,1.3345,1.3345,4
XEF,202506,2025-04-30 20:10:00,1.1402,1.1402,1.1402,1.1402,1
XEF,202506,2025-04-30 22:04:00,1.1392,1.1392,1.1392,1.1392,1
XEF,202506,2025-04-30 23:22:00,1.1378,1.1378,1.1378,1.1378,1
XJF,202506,2025-04-30 17:49:00,142.25,142.25,142.25,142.25,5
XJF,202506,2025-04-30 17:55:00,142.36,142.36,142.36,142.36,1
XJF,202506,2025-04-30 18:05:00,142.25,142.25,142.25,142.25,1
XJF,202506,2025-04-30 18:08:00,142.25,142.25,142.25,142.25,1
XJF,202506,2025-04-30 18:11:00,142.25,142.25,142.25,142.25,1
XJF,202506,2025-04-30 18:15:00,142.28,142.28,142.28,142.28,3
XJF,202506,2025-04-30 18:23:00,142.28,142.28,142.28,142.28,1
XJF,202506,2025-04-30 18:52:00,142.23,142.23,142.23,142.23,3
XJF,202506,2025-04-30 18:56:00,142.23,142.23,142.23,142.23,1
XJF,202506,2025-04-30 19:03:00,142.28,142.28,142.28,142.28,5
XJF,202506,2025-04-30 19:04:00,142.32,142.32,142.32,142.32,1
XJF,202506,2025-04-30 19:14:00,142.32,142.32,142.32,142.32,1
XJF,202506,2025-04-30 19:29:00,142.25,142.25,142.25,142.25,1
XJF,202506,2025-04-30 19:31:00,142.23,142.23,142.23,142.23,5
XJF,202506,2025-04-30 19:36:00,142.18,142.18,142.18,142.18,1
XJF,202506,2025-04-30 19:39:00,142.14,142.14,142.14,142.14,6
XJF,202506,2025-04-30 19:53:00,142.2,142.2,142.2,142.2,1
XJF,202506,2025-04-30 20:15:00,142.13,142.13,142.08,142.08,3
XJF,202506,2025-04-30 20:18:00,142.03,142.03,142.03,142.03,1
XJF,202506,2025-04-30 20:38:00,142.18,142.18,142.18,142.18,1
XJF,202506,2025-04-30 20:39:00,142.21,142.21,142.21,142.21,1
XJF,202506,2025-04-30 20:45:00,141.98,141.98,141.96,141.96,3
XJF,202506,2025-04-30 20:48:00,141.91,141.91,141.91,141.91,5
XJF,202506,2025-04-30 20:52:00,141.92,141.92,141.92,141.92,1
XJF,202506,2025-04-30 20:56:00,141.96,141.96,141.96,141.96,1
XJF,202506,2025-04-30 21:09:00,142.05,142.05,142.05,142.05,2
XJF,202506,2025-04-30 21:13:00,142.06,142.06,142.06,142.06,1
XJF,202506,2025-04-30 21:15:00,141.98,141.98,141.98,141.98,1
XJF,202506,2025-04-30 21:16:00,142.02,142.02,142.02,142.02,1
XJF,202506,2025-04-30 21:25:00,142.08,142.08,142.08,142.08,1
XJF,202506,2025-04-30 21:32:00,142.02,142.02,142.02,142.02,1
XJF,202506,2025-04-30 21:34:00,141.99,141.99,141.99,141.99,15
XJF,202506,2025-04-30 21:35:00,142.03,142.03,142.03,142.03,15
XJF,202506,2025-04-30 21:37:00,141.95,141.95,141.95,141.95,2
XJF,202506,2025-04-30 21:42:00,141.93,141.93,141.92,141.92,3
XJF,202506,2025-04-30 21:43:00,141.9,141.9,141.88,141.88,3
XJF,202506,2025-04-30 21:58:00,141.86,141.86,141.86,141.86,1
XJF,202506,2025-04-30 22:06:00,142.0,142.0,142.0,142.0,5
XJF,202506,2025-04-30 22:09:00,142.0,142.0,142.0,142.0,1
XJF,202506,2025-04-30 22:17:00,142.0,142.0,142.0,142.0,1
XJF,202506,2025-04-30 22:18:00,142.01,142.01,142.01,142.01,1
XJF,202506,2025-04-30 22:22:00,142.08,142.08,142.08,142.08,1
XJF,202506,2025-04-30 22:28:00,142.15,142.15,142.15,142.15,1
XJF,202506,2025-04-30 22:34:00,142.22,142.22,142.21,142.21,31
XJF,202506,2025-04-30 22:43:00,142.15,142.18,142.15,142.18,3
XJF,202506,2025-04-30 22:46:00,142.15,142.15,142.15,142.15,1
XJF,202506,2025-04-30 23:02:00,141.76,141.76,141.75,141.75,2
XJF,202506,2025-04-30 23:15:00,141.88,141.88,141.88,141.88,5
XJF,202506,2025-04-30 23:30:00,142.03,142.03,142.03,142.03,1
XJF,202506,2025-04-30 23:32:00,142.05,142.05,142.05,142.05,5
XJF,202506,2025-04-30 23:39:00,141.98,141.98,141.98,141.98,1
XJF,202506,2025-05-01 01:01:00,141.84,141.84,141.84,141.84,16
XJF,202506,2025-05-01 01:10:00,141.83,141.83,141.83,141.83,1
XJF,202506,2025-05-01 02:07:00,142.08,142.18,142.08,142.18,2
XJF,202506,2025-05-01 03:56:00,142.15,142.15,142.15,142.15,1
XJF,202506,2025-05-01 04:23:00,142.2,142.2,142.2,142.2,1
XJF,202509,2025-04-30 17:58:00,140.92,140.92,140.92,140.92,5
XJF,202509,2025-04-30 17:59:00,140.96,140.96,140.96,140.96,2
XJF,202509,2025-04-30 20:53:00,140.56,140.56,140.56,140.56,2
XJF,202509,2025-04-30 21:58:00,140.46,140.46,140.46,140.46,1
ZEF,202505,2025-04-30 15:01:00,1090.45,1090.45,1090.45,1090.45,1
ZEF,202505,2025-04-30 15:02:00,1090.4,1090.4,1090.4,1090.4,1
ZEF,202505,2025-04-30 15:03:00,1091.0,1091.0,1091.0,1091.0,1
ZEF,202505,2025-04-30 15:09:00,1090.8,1091.15,1090.8,1091.15,3
ZEF,202505,2025-04-30 15:18:00,1092.3,1092.3,1092.3,1092.3,1
ZEF,202505,2025-04-30 15:20:00,1092.6,1092.6,1092.6,1092.6,1
ZEF,202505,2025-04-30 15:21:00,1092.9,1093.0,1092.9,1092.9,3
ZEF,202505,2025-04-30 15:22:00,1093.0,1093.0,1092.85,1092.85,2
ZEF,202505,2025-04-30 15:23:00,1092.65,1093.3,1092.5,1093.3,5
ZEF,202505,2025-04-30 15:25:00,1093.15,1093.15,1093.0,1093.0,2
ZEF,202505,2025-04-30 15:27:00,1092.85,1092.85,1092.85,1092.85,1
ZEF,202505,2025-04-30 15:29:00,1091.25,1091.25,1091.25,1091.25,1
ZEF,202505,2025-04-30 15:31:00,1091.3,1091.3,1090.55,1090.55,8
ZEF,202505,2025-04-30 15:32:00,1091.4,1091.4,1091.4,1091.4,3
ZEF,202505,2025-04-30 15:39:00,1091.4,1091.4,1091.4,1091.4,3
ZEF,202505,2025-04-30 15:40:00,1091.35,1091.35,1090.55,1090.55,2
ZEF,202505,2025-04-30 15:41:00,1090.5,1090.5,1090.5,1090.5,1
ZEF,202505,2025-04-30 16:03:00,1090.4,1090.5,1090.4,1090.5,2
ZEF,202505,2025-04-30 16:08:00,1091.8,1091.85,1091.8,1091.85,2
ZEF,202505,2025-04-30 16:09:00,1092.1,1092.15,1092.1,1092.15,2
ZEF,202505,2025-04-30 16:10:00,1092.8,1092.8,1092.8,1092.8,1
ZEF,202505,2025-04-30 16:12:00,1092.6,1092.6,1092.35,1092.35,4
ZEF,202505,2025-04-30 16:15:00,1093.0,1093.6,1093.0,1093.6,9
ZEF,202505,2025-04-30 16:16:00,1093.8,1099.0,1093.8,1098.5,16
ZEF,202505,2025-04-30 16:23:00,1095.0,1095.0,1095.0,1095.0,2
ZEF,202505,2025-04-30 16:24:00,1094.4,1094.4,1094.1,1094.1,3
ZEF,202505,2025-04-30 16:25:00,1094.1,1094.1,1094.1,1094.1,1
ZEF,202505,2025-04-30 16:26:00,1092.45,1092.45,1092.45,1092.45,1
ZEF,202505,2025-04-30 16:30:00,1093.0,1093.0,1093.0,1093.0,1
ZEF,202505,2025-04-30 16:41:00,1093.0,1093.0,1093.0,1093.0,1
ZEF,202505,2025-04-30 16:45:00,1094.3,1094.3,1094.3,1094.3,1
ZEF,202505,2025-04-30 16:46:00,1094.25,1094.25,1094.25,1094.25,1
ZEF,202505,2025-04-30 16:47:00,1094.25,1094.25,1094.25,1094.25,3
ZEF,202505,2025-04-30 16:48:00,1094.0,1094.5,1093.55,1094.5,7
ZEF,202505,2025-04-30 16:49:00,1094.35,1094.35,1094.35,1094.35,1
ZEF,202505,2025-04-30 16:50:00,1093.4,1093.6,1093.4,1093.6,3
ZEF,202505,2025-04-30 16:51:00,1094.0,1094.3,1094.0,1094.3,2
ZEF,202505,2025-04-30 16:52:00,1094.3,1094.45,1094.1,1094.3,7
ZEF,202505,2025-04-30 16:53:00,1094.3,1094.3,1094.3,1094.3,1
ZEF,202505,2025-04-30 16:54:00,1094.4,1094.4,1094.4,1094.4,1
ZEF,202505,2025-04-30 16:55:00,1094.4,1094.45,1094.4,1094.45,3
ZEF,202505,2025-04-30 16:56:00,1094.3,1094.3,1094.25,1094.25,3
ZEF,202505,2025-04-30 16:57:00,1094.25,1094.3,1094.25,1094.3,2
ZEF,202505,2025-04-30 16:58:00,1094.3,1094.3,1094.25,1094.25,3
ZEF,202505,2025-04-30 17:03:00,1093.45,1093.45,1093.45,1093.45,1
ZEF,202505,2025-04-30 17:04:00,1094.2,1094.2,1094.2,1094.2,2
ZEF,202505,2025-04-30 17:05:00,1094.3,1094.6,1094.3,1094.6,3
ZEF,202505,2025-04-30 17:08:00,1094.05,1094.05,1094.05,1094.05,1
ZEF,202505,2025-04-30 17:14:00,1094.0,1094.0,1094.0,1094.0,1
ZEF,202505,2025-04-30 17:18:00,1094.0,1094.0,1094.0,1094.0,3
ZEF,202505,2025-04-30 17:31:00,1095.75,1095.75,1095.7,1095.7,4
ZEF,202505,2025-04-30 17:34:00,1094.7,1094.7,1094.7,1094.7,1
ZEF,202505,2025-04-30 17:41:00,1095.15,1095.5,1095.15,1095.5,3
ZEF,202505,2025-04-30 17:42:00,1095.65,1095.65,1095.65,1095.65,2
ZEF,202505,2025-04-30 17:45:00,1094.4,1094.4,1094.4,1094.4,1
ZEF,202505,2025-04-30 17:49:00,1094.5,1094.5,1094.45,1094.45,2
ZEF,202505,2025-04-30 17:50:00,1094.45,1094.45,1094.45,1094.45,1
ZEF,202505,2025-04-30 17:53:00,1095.0,1095.0,1095.0,1095.0,2
ZEF,202505,2025-04-30 18:11:00,1094.85,1095.1,1094.85,1095.1,4
ZEF,202505,2025-04-30 18:16:00,1095.4,1095.5,1095.4,1095.5,3
ZEF,202505,2025-04-30 18:17:00,1095.65,1095.65,1095.45,1095.45,2
ZEF,202505,2025-04-30 18:18:00,1095.45,1095.45,1095.45,1095.45,3
ZEF,202505,2025-04-30 18:22:00,1095.0,1095.0,1095.0,1095.0,1
ZEF,202505,2025-04-30 18:29:00,1095.0,1095.0,1095.0,1095.0,1
ZEF,202505,2025-04-30 18:30:00,1094.85,1095.05,1094.0,1094.0,5
ZEF,202505,2025-04-30 18:32:00,1093.0,1093.25,1093.0,1093.25,3
ZEF,202505,2025-04-30 18:33:00,1093.0,1093.0,1093.0,1093.0,1
ZEF,202505,2025-04-30 18:36:00,1093.0,1093.0,1093.0,1093.0,1
ZEF,202505,2025-04-30 18:37:00,1093.4,1093.4,1093.4,1093.4,1
ZEF,202505,2025-04-30 18:39:00,1093.3,1093.3,1093.3,1093.3,1
ZEF,202505,2025-04-30 18:42:00,1093.35,1093.35,1093.35,1093.35,1
ZEF,202505,2025-04-30 18:43:00,1092.95,1092.95,1092.95,1092.95,2
ZEF,202505,2025-04-30 19:13:00,1092.95,1092.95,1092.95,1092.95,2
ZEF,202505,2025-04-30 19:17:00,1093.3,1093.3,1093.3,1093.3,1
ZEF,202505,2025-04-30 19:23:00,1092.5,1092.5,1092.5,1092.5,1
ZEF,202505,2025-04-30 19:27:00,1092.3,1092.3,1092.3,1092.3,1
ZEF,202505,2025-04-30 19:28:00,1092.05,1092.05,1092.0,1092.0,2
ZEF,202505,2025-04-30 19:29:00,1092.0,1092.0,1092.0,1092.0,1
ZEF,202505,2025-04-30 19:30:00,1092.0,1092.0,1092.0,1092.0,1
ZEF,202505,2025-04-30 19:31:00,1091.8,1091.8,1091.8,1091.8,1
ZEF,202505,2025-04-30 19:32:00,1091.6,1091.6,1091.6,1091.6,1
ZEF,202505,2025-04-30 19:35:00,1091.35,1091.35,1091.35,1091.35,1
ZEF,202505,2025-04-30 19:49:00,1091.4,1091.4,1091.4,1091.4,1
ZEF,202505,2025-04-30 19:56:00,1092.25,1092.25,1092.25,1092.25,1
ZEF,202505,2025-04-30 19:59:00,1092.3,1092.4,1092.3,1092.4,2
ZEF,202505,2025-04-30 20:04:00,1091.05,1091.05,1091.0,1091.05,3
ZEF,202505,2025-04-30 20:09:00,1091.15,1091.15,1091.15,1091.15,1
ZEF,202505,2025-04-30 20:12:00,1091.1,1091.1,1091.0,1091.0,4
ZEF,202505,2025-04-30 20:13:00,1091.0,1091.0,1091.0,1091.0,1
ZEF,202505,2025-04-30 20:14:00,1090.55,1090.55,1090.4,1090.4,4
ZEF,202505,2025-04-30 20:15:00,1090.5,1090.5,1090.0,1090.0,19
ZEF,202505,2025-04-30 20:19:00,1089.4,1089.4,1089.4,1089.4,1
ZEF,202505,2025-04-30 20:20:00,1089.4,1089.4,1089.3,1089.3,4
ZEF,202505,2025-04-30 20:21:00,1089.2,1089.2,1088.75,1088.75,5
ZEF,202505,2025-04-30 20:22:00,1088.85,1088.95,1088.55,1088.55,6
ZEF,202505,2025-04-30 20:23:00,1088.4,1088.4,1088.4,1088.4,1
ZEF,202505,2025-04-30 20:24:00,1088.2,1088.3,1088.2,1088.3,2
ZEF,202505,2025-04-30 20:26:00,1088.6,1088.6,1088.3,1088.3,3
ZEF,202505,2025-04-30 20:27:00,1088.3,1088.3,1088.3,1088.3,2
ZEF,202505,2025-04-30 20:28:00,1088.2,1088.95,1088.2,1088.95,4
ZEF,202505,2025-04-30 20:30:00,1089.45,1089.95,1089.4,1089.4,4
ZEF,202505,2025-04-30 20:31:00,1089.6,1089.6,1088.35,1088.35,4
ZEF,202505,2025-04-30 20:32:00,1087.1,1087.1,1086.5,1086.5,4
ZEF,202505,2025-04-30 20:33:00,1087.7,1087.75,1087.7,1087.75,2
ZEF,202505,2025-04-30 20:34:00,1087.75,1088.4,1087.75,1088.4,4
ZEF,202505,2025-04-30 20:36:00,1087.2,1087.2,1086.05,1086.05,7
ZEF,202505,2025-04-30 20:37:00,1086.3,1086.65,1085.8,1086.35,19
ZEF,202505,2025-04-30 20:40:00,1086.25,1086.25,1086.25,1086.25,2
ZEF,202505,2025-04-30 20:41:00,1085.8,1085.8,1083.65,1083.65,10
ZEF,202505,2025-04-30 20:42:00,1083.5,1083.8,1083.45,1083.8,17
ZEF,202505,2025-04-30 20:43:00,1083.8,1084.3,1083.5,1084.3,4
ZEF,202505,2025-04-30 20:44:00,1084.3,1084.3,1084.3,1084.3,1
ZEF,202505,2025-04-30 20:45:00,1083.1,1083.1,1083.0,1083.0,2
ZEF,202505,2025-04-30 20:46:00,1082.05,1082.05,1082.0,1082.0,2
ZEF,202505,2025-04-30 20:47:00,1081.1,1081.85,1080.55,1080.55,10
ZEF,202505,2025-04-30 20:48:00,1080.2,1080.2,1079.05,1079.95,32
ZEF,202505,2025-04-30 20:49:00,1081.55,1081.85,1081.55,1081.55,4
ZEF,202505,2025-04-30 20:50:00,1082.0,1082.55,1082.0,1082.55,2
ZEF,202505,2025-04-30 20:51:00,1080.85,1080.85,1080.7,1080.7,3
ZEF,202505,2025-04-30 20:52:00,1080.8,1080.9,1080.8,1080.9,6
ZEF,202505,2025-04-30 20:53:00,1080.95,1081.0,1080.95,1081.0,4
ZEF,202505,2025-04-30 20:55:00,1081.5,1081.5,1081.5,1081.5,1
ZEF,202505,2025-04-30 20:56:00,1081.5,1081.5,1081.5,1081.5,2
ZEF,202505,2025-04-30 20:57:00,1082.35,1082.35,1082.35,1082.35,1
ZEF,202505,2025-04-30 20:59:00,1080.9,1080.9,1080.9,1080.9,1
ZEF,202505,2025-04-30 21:00:00,1080.05,1080.1,1080.0,1080.1,4
ZEF,202505,2025-04-30 21:01:00,1080.0,1080.0,1079.65,1079.65,2
ZEF,202505,2025-04-30 21:02:00,1080.1,1080.45,1080.1,1080.45,2
ZEF,202505,2025-04-30 21:03:00,1080.65,1080.65,1080.65,1080.65,1
ZEF,202505,2025-04-30 21:04:00,1081.0,1081.0,1080.5,1080.5,2
ZEF,202505,2025-04-30 21:05:00,1081.0,1081.0,1080.6,1080.6,6
ZEF,202505,2025-04-30 21:06:00,1080.0,1080.0,1080.0,1080.0,1
ZEF,202505,2025-04-30 21:07:00,1079.1,1079.1,1079.0,1079.0,3
ZEF,202505,2025-04-30 21:10:00,1079.0,1079.0,1079.0,1079.0,1
ZEF,202505,2025-04-30 21:11:00,1079.05,1079.3,1079.0,1079.3,4
ZEF,202505,2025-04-30 21:12:00,1078.9,1078.9,1078.9,1078.9,1
ZEF,202505,2025-04-30 21:13:00,1079.0,1079.0,1079.0,1079.0,1
ZEF,202505,2025-04-30 21:14:00,1078.3,1078.3,1077.65,1077.65,8
ZEF,202505,2025-04-30 21:15:00,1078.3,1078.3,1078.3,1078.3,1
ZEF,202505,2025-04-30 21:18:00,1078.6,1078.6,1078.0,1078.0,5
ZEF,202505,2025-04-30 21:19:00,1078.55,1078.55,1078.55,1078.55,1
ZEF,202505,2025-04-30 21:20:00,1079.0,1079.2,1079.0,1079.2,4
ZEF,202505,2025-04-30 21:21:00,1079.2,1079.75,1079.2,1079.5,5
ZEF,202505,2025-04-30 21:23:00,1080.15,1080.15,1080.15,1080.15,1
ZEF,202505,2025-04-30 21:24:00,1079.6,1079.6,1079.6,1079.6,1
ZEF,202505,2025-04-30 21:27:00,1079.6,1079.6,1079.5,1079.5,3
ZEF,202505,2025-04-30 21:30:00,1078.5,1078.5,1077.6,1077.95,6
ZEF,202505,2025-04-30 21:31:00,1077.05,1077.05,1077.0,1077.0,9
ZEF,202505,2025-04-30 21:32:00,1077.65,1078.55,1077.65,1078.55,5
ZEF,202505,2025-04-30 21:33:00,1079.0,1079.15,1079.0,1079.15,3
ZEF,202505,2025-04-30 21:34:00,1079.65,1079.8,1079.65,1079.8,2
ZEF,202505,2025-04-30 21:35:00,1079.8,1079.8,1079.8,1079.8,1
ZEF,202505,2025-04-30 21:37:00,1077.7,1077.7,1076.0,1076.0,9
ZEF,202505,2025-04-30 21:38:00,1076.65,1076.65,1075.8,1075.8,4
ZEF,202505,2025-04-30 21:39:00,1075.85,1075.85,1075.7,1075.7,4
ZEF,202505,2025-04-30 21:40:00,1075.8,1076.3,1075.0,1075.0,23
ZEF,202505,2025-04-30 21:41:00,1074.9,1075.0,1074.7,1075.0,6
ZEF,202505,2025-04-30 21:42:00,1074.85,1074.85,1074.55,1074.55,2
ZEF,202505,2025-04-30 21:43:00,1074.85,1074.85,1074.85,1074.85,1
ZEF,202505,2025-04-30 21:44:00,1074.5,1074.5,1074.5,1074.5,1
ZEF,202505,2025-04-30 21:45:00,1076.2,1076.2,1076.2,1076.2,1
ZEF,202505,2025-04-30 21:46:00,1076.5,1077.0,1075.35,1077.0,7
ZEF,202505,2025-04-30 21:48:00,1077.45,1078.2,1077.45,1078.2,7
ZEF,202505,2025-04-30 21:49:00,1078.3,1078.3,1078.3,1078.3,1
ZEF,202505,2025-04-30 21:50:00,1078.45,1078.45,1078.45,1078.45,1
ZEF,202505,2025-04-30 21:52:00,1076.6,1076.6,1076.05,1076.05,2
ZEF,202505,2025-04-30 21:53:00,1075.5,1075.5,1075.5,1075.5,1
ZEF,202505,2025-04-30 21:54:00,1076.05,1076.05,1075.3,1075.3,5
ZEF,202505,2025-04-30 21:56:00,1075.5,1075.5,1075.0,1075.0,5
ZEF,202505,2025-04-30 21:57:00,1074.7,1074.7,1074.45,1074.45,3
ZEF,202505,2025-04-30 21:58:00,1074.25,1074.4,1074.2,1074.3,5
ZEF,202505,2025-04-30 21:59:00,1074.35,1074.7,1073.35,1074.7,14
ZEF,202505,2025-04-30 22:00:00,1075.4,1076.8,1075.4,1076.4,8
ZEF,202505,2025-04-30 22:02:00,1076.6,1076.6,1076.6,1076.6,1
ZEF,202505,2025-04-30 22:03:00,1076.55,1076.55,1076.55,1076.55,1
ZEF,202505,2025-04-30 22:04:00,1077.15,1077.15,1077.15,1077.15,1
ZEF,202505,2025-04-30 22:05:00,1077.85,1078.45,1077.85,1078.45,4
ZEF,202505,2025-04-30 22:06:00,1078.0,1078.0,1078.0,1078.0,1
ZEF,202505,2025-04-30 22:07:00,1077.4,1077.4,1076.05,1076.05,6
ZEF,202505,2025-04-30 22:09:00,1077.9,1077.9,1077.9,1077.9,2
ZEF,202505,2025-04-30 22:10:00,1079.0,1079.0,1077.95,1077.95,3
ZEF,202505,2025-04-30 22:11:00,1078.0,1078.0,1078.0,1078.0,1
ZEF,202505,2025-04-30 22:13:00,1078.4,1078.4,1078.4,1078.4,1
ZEF,202505,2025-04-30 22:14:00,1078.7,1079.1,1078.7,1079.1,4
ZEF,202505,2025-04-30 22:15:00,1079.45,1079.45,1079.1,1079.1,2
ZEF,202505,2025-04-30 22:16:00,1079.1,1079.1,1079.1,1079.1,1
ZEF,202505,2025-04-30 22:18:00,1079.0,1079.0,1078.2,1078.2,2
ZEF,202505,2025-04-30 22:19:00,1079.1,1079.1,1079.1,1079.1,2
ZEF,202505,2025-04-30 22:20:00,1079.55,1079.6,1079.2,1079.2,5
ZEF,202505,2025-04-30 22:24:00,1079.3,1080.0,1079.3,1080.0,9
ZEF,202505,2025-04-30 22:25:00,1080.0,1080.05,1080.0,1080.05,8
ZEF,202505,2025-04-30 22:26:00,1080.65,1080.8,1080.65,1080.8,3
ZEF,202505,2025-04-30 22:28:00,1080.8,1081.0,1080.4,1081.0,7
ZEF,202505,2025-04-30 22:29:00,1081.2,1081.75,1081.2,1081.75,2
ZEF,202505,2025-04-30 22:30:00,1081.2,1081.2,1081.2,1081.2,2
ZEF,202505,2025-04-30 22:31:00,1082.0,1082.4,1082.0,1082.25,5
ZEF,202505,2025-04-30 22:32:00,1082.2,1082.45,1081.55,1081.55,3
ZEF,202505,2025-04-30 22:34:00,1081.1,1081.95,1081.1,1081.95,2
ZEF,202505,2025-04-30 22:36:00,1080.1,1080.1,1080.0,1080.0,2
ZEF,202505,2025-04-30 22:37:00,1080.0,1080.0,1080.0,1080.0,1
ZEF,202505,2025-04-30 22:38:00,1079.25,1079.25,1079.25,1079.25,3
ZEF,202505,2025-04-30 22:40:00,1080.0,1080.0,1080.0,1080.0,1
ZEF,202505,2025-04-30 22:41:00,1080.0,1080.0,1080.0,1080.0,1
ZEF,202505,2025-04-30 22:42:00,1079.5,1079.5,1079.5,1079.5,1
ZEF,202505,2025-04-30 22:43:00,1079.1,1080.5,1079.05,1080.5,7
ZEF,202505,2025-04-30 22:44:00,1081.0,1081.0,1081.0,1081.0,4
ZEF,202505,2025-04-30 22:45:00,1081.0,1081.0,1080.95,1080.95,3
ZEF,202505,2025-04-30 22:47:00,1080.5,1080.5,1080.5,1080.5,1
ZEF,202505,2025-04-30 22:53:00,1080.8,1081.4,1080.7,1080.7,7
ZEF,202505,2025-04-30 22:54:00,1081.35,1081.35,1081.35,1081.35,1
ZEF,202505,2025-04-30 22:57:00,1081.25,1081.6,1081.25,1081.6,3
ZEF,202505,2025-04-30 22:58:00,1081.95,1082.0,1081.45,1081.45,6
ZEF,202505,2025-04-30 22:59:00,1081.5,1081.5,1080.75,1080.75,2
ZEF,202505,2025-04-30 23:00:00,1082.3,1082.45,1082.3,1082.45,2
ZEF,202505,2025-04-30 23:01:00,1082.4,1082.4,1082.4,1082.4,1
ZEF,202505,2025-04-30 23:02:00,1082.45,1082.85,1082.45,1082.85,3
ZEF,202505,2025-04-30 23:03:00,1082.5,1082.5,1082.1,1082.1,4
ZEF,202505,2025-04-30 23:07:00,1083.0,1083.25,1083.0,1083.0,6
ZEF,202505,2025-04-30 23:08:00,1082.5,1082.5,1082.5,1082.5,1
ZEF,202505,2025-04-30 23:10:00,1082.6,1083.3,1082.6,1082.6,4
ZEF,202505,2025-04-30 23:12:00,1082.6,1083.15,1082.55,1083.15,3
ZEF,202505,2025-04-30 23:13:00,1083.5,1083.5,1083.5,1083.5,1
ZEF,202505,2025-04-30 23:19:00,1083.3,1083.3,1083.3,1083.3,2
ZEF,202505,2025-04-30 23:21:00,1083.85,1084.0,1083.85,1084.0,5
ZEF,202505,2025-04-30 23:22:00,1084.6,1084.6,1084.6,1084.6,2
ZEF,202505,2025-04-30 23:25:00,1083.15,1083.15,1082.9,1082.9,3
ZEF,202505,2025-04-30 23:28:00,1083.0,1083.0,1083.0,1083.0,1
ZEF,202505,2025-04-30 23:34:00,1083.85,1083.85,1083.85,1083.85,1
ZEF,202505,2025-04-30 23:41:00,1083.05,1083.05,1083.05,1083.05,1
ZEF,202505,2025-04-30 23:42:00,1082.65,1082.65,1082.65,1082.65,1
ZEF,202505,2025-04-30 23:43:00,1083.1,1083.1,1083.1,1083.1,1
ZEF,202505,2025-04-30 23:44:00,1083.65,1083.85,1083.65,1083.85,2
ZEF,202505,2025-04-30 23:46:00,1084.9,1084.9,1084.9,1084.9,1
ZEF,202505,2025-04-30 23:47:00,1083.9,1083.9,1083.9,1083.9,1
ZEF,202505,2025-04-30 23:48:00,1083.8,1083.8,1083.8,1083.8,2
ZEF,202505,2025-04-30 23:50:00,1084.3,1084.3,1084.3,1084.3,1
ZEF,202505,2025-04-30 23:51:00,1083.95,1083.95,1083.75,1083.75,7
ZEF,202505,2025-04-30 23:53:00,1083.3,1083.3,1083.3,1083.3,1
ZEF,202505,2025-04-30 23:56:00,1083.95,1083.95,1083.95,1083.95,3
ZEF,202505,2025-04-30 23:57:00,1083.9,1083.9,1083.0,1083.75,3
ZEF,202505,2025-05-01 00:02:00,1083.3,1083.3,1083.3,1083.3,1
ZEF,202505,2025-05-01 00:03:00,1082.95,1082.95,1082.95,1082.95,1
ZEF,202505,2025-05-01 00:06:00,1085.0,1085.5,1085.0,1085.5,5
ZEF,202505,2025-05-01 00:07:00,1085.35,1085.35,1085.3,1085.3,3
ZEF,202505,2025-05-01 00:09:00,1085.0,1085.0,1084.95,1084.95,2
ZEF,202505,2025-05-01 00:12:00,1084.45,1084.45,1084.45,1084.45,1
ZEF,202505,2025-05-01 00:15:00,1083.65,1083.65,1083.65,1083.65,1
ZEF,202505,2025-05-01 00:22:00,1082.35,1082.35,1082.05,1082.05,2
ZEF,202505,2025-05-01 00:23:00,1082.65,1082.65,1082.65,1082.65,1
ZEF,202505,2025-05-01 00:26:00,1081.45,1081.7,1081.05,1081.05,4
ZEF,202505,2025-05-01 00:28:00,1081.2,1081.2,1081.1,1081.1,2
ZEF,202505,2025-05-01 00:31:00,1080.9,1080.9,1080.85,1080.85,3
ZEF,202505,2025-05-01 00:33:00,1080.95,1081.2,1080.95,1081.2,3
ZEF,202505,2025-05-01 00:34:00,1081.3,1081.3,1081.3,1081.3,1
ZEF,202505,2025-05-01 00:36:00,1081.1,1081.5,1081.1,1081.5,2
ZEF,202505,2025-05-01 00:40:00,1083.1,1083.2,1083.1,1083.2,2
ZEF,202505,2025-05-01 00:41:00,1083.2,1083.2,1083.2,1083.2,1
ZEF,202505,2025-05-01 00:47:00,1082.15,1082.15,1082.15,1082.15,1
ZEF,202505,2025-05-01 00:49:00,1082.95,1082.95,1082.95,1082.95,1
ZEF,202505,2025-05-01 01:05:00,1082.1,1082.1,1082.05,1082.05,3
ZEF,202505,2025-05-01 01:08:00,1081.15,1081.15,1080.9,1080.9,5
ZEF,202505,2025-05-01 01:13:00,1079.35,1079.35,1079.1,1079.35,3
ZEF,202505,2025-05-01 01:14:00,1079.7,1079.7,1079.7,1079.7,1
ZEF,202505,2025-05-01 01:16:00,1080.3,1080.3,1080.3,1080.3,1
ZEF,202505,2025-05-01 01:26:00,1083.0,1083.0,1083.0,1083.0,1
ZEF,202505,2025-05-01 01:31:00,1083.9,1083.9,1083.9,1083.9,1
ZEF,202505,2025-05-01 01:32:00,1083.85,1083.85,1083.85,1083.85,1
ZEF,202505,2025-05-01 01:34:00,1083.9,1083.9,1083.9,1083.9,1
ZEF,202505,2025-05-01 01:35:00,1084.6,1084.6,1084.6,1084.6,1
ZEF,202505,2025-05-01 01:36:00,1085.0,1085.0,1085.0,1085.0,2
ZEF,202505,2025-05-01 01:39:00,1085.55,1085.55,1085.55,1085.55,1
ZEF,202505,2025-05-01 01:43:00,1085.8,1086.25,1085.8,1086.25,7
ZEF,202505,2025-05-01 01:44:00,1087.15,1087.15,1087.15,1087.15,1
ZEF,202505,2025-05-01 01:55:00,1087.2,1087.4,1087.2,1087.4,4
ZEF,202505,2025-05-01 01:56:00,1087.4,1087.95,1087.4,1087.95,2
ZEF,202505,2025-05-01 02:02:00,1086.1,1086.1,1086.1,1086.1,1
ZEF,202505,2025-05-01 02:07:00,1087.95,1090.0,1087.95,1089.5,30
ZEF,202505,2025-05-01 02:12:00,1091.0,1091.0,1090.8,1090.8,2
ZEF,202505,2025-05-01 02:15:00,1090.65,1090.7,1090.65,1090.7,3
ZEF,202505,2025-05-01 02:16:00,1092.0,1092.3,1092.0,1092.3,4
ZEF,202505,2025-05-01 02:18:00,1091.95,1092.0,1091.95,1092.0,2
ZEF,202505,2025-05-01 02:20:00,1092.35,1092.35,1092.35,1092.35,1
ZEF,202505,2025-05-01 02:27:00,1091.65,1091.65,1091.0,1091.0,2
ZEF,202505,2025-05-01 02:29:00,1089.05,1089.05,1089.05,1089.05,1
ZEF,202505,2025-05-01 02:31:00,1089.0,1089.0,1088.65,1088.7,3
ZEF,202505,2025-05-01 02:37:00,1087.8,1087.8,1087.8,1087.8,1
ZEF,202505,2025-05-01 02:39:00,1087.05,1087.05,1087.05,1087.05,1
ZEF,202505,2025-05-01 02:46:00,1088.95,1088.95,1088.95,1088.95,2
ZEF,202505,2025-05-01 02:47:00,1090.15,1090.15,1090.15,1090.15,1
ZEF,202505,2025-05-01 02:50:00,1090.75,1090.75,1090.75,1090.75,2
ZEF,202505,2025-05-01 02:54:00,1090.85,1090.85,1090.85,1090.85,1
ZEF,202505,2025-05-01 02:55:00,1090.8,1090.8,1090.8,1090.8,1
ZEF,202505,2025-05-01 03:00:00,1089.0,1089.0,1089.0,1089.0,1
ZEF,202505,2025-05-01 03:04:00,1089.55,1089.55,1089.55,1089.55,1
ZEF,202505,2025-05-01 03:05:00,1089.6,1089.6,1089.6,1089.6,1
ZEF,202505,2025-05-01 03:08:00,1089.6,1089.6,1089.15,1089.5,6
ZEF,202505,2025-05-01 03:10:00,1088.85,1088.85,1088.85,1088.85,1
ZEF,202505,2025-05-01 03:47:00,1090.85,1090.85,1090.85,1090.85,1
ZEF,202505,2025-05-01 03:50:00,1093.0,1093.05,1093.0,1093.05,2
ZEF,202505,2025-05-01 03:51:00,1093.5,1094.5,1093.4,1094.45,20
ZEF,202505,2025-05-01 03:53:00,1094.45,1094.75,1094.45,1094.75,2
ZEF,202505,2025-05-01 03:55:00,1094.1,1094.1,1094.1,1094.1,1
ZEF,202505,2025-05-01 03:56:00,1095.0,1095.6,1094.85,1094.85,20
ZEF,202505,2025-05-01 03:59:00,1094.85,1094.95,1093.75,1093.75,12
ZEF,202505,2025-05-01 04:02:00,1093.75,1093.75,1093.75,1093.75,1
ZEF,202505,2025-05-01 04:05:00,1094.8,1095.5,1094.8,1095.5,6
ZEF,202505,2025-05-01 04:06:00,1096.0,1097.3,1096.0,1097.3,5
ZEF,202505,2025-05-01 04:09:00,1097.3,1097.3,1097.3,1097.3,1
ZEF,202505,2025-05-01 04:14:00,1097.45,1097.45,1097.45,1097.45,1
ZEF,202505,2025-05-01 04:21:00,1097.65,1097.7,1097.65,1097.7,2
ZEF,202505,2025-05-01 04:23:00,1098.0,1098.0,1098.0,1098.0,4
ZEF,202505,2025-05-01 04:24:00,1098.0,1098.25,1098.0,1098.25,2
ZEF,202505,2025-05-01 04:25:00,1098.5,1098.5,1098.5,1098.5,2
ZEF,202505,2025-05-01 04:26:00,1097.4,1097.4,1097.4,1097.4,1
ZEF,202505,2025-05-01 04:30:00,1098.8,1098.8,1098.0,1098.0,4
ZEF,202505,2025-05-01 04:33:00,1098.9,1099.7,1098.9,1099.7,10
ZEF,202505,2025-05-01 04:35:00,1099.7,1099.7,1099.7,1099.7,1
ZEF,202505,2025-05-01 04:42:00,1100.0,1100.0,1100.0,1100.0,1
ZEF,202505,2025-05-01 04:48:00,1099.0,1099.0,1099.0,1099.0,1
ZEF,202505,2025-05-01 04:49:00,1100.0,1103.65,1100.0,1102.45,20
ZEF,202505,2025-05-01 04:50:00,1102.45,1102.45,1102.45,1102.45,4
ZEF,202505,2025-05-01 04:51:00,1102.45,1102.45,1102.45,1102.45,2
ZEF,202505,2025-05-01 04:52:00,1102.5,1103.35,1102.5,1103.35,3
ZEF,202505,2025-05-01 04:54:00,1104.5,1105.0,1104.5,1105.0,3
ZEF,202505,2025-05-01 04:59:00,1106.45,1106.5,1106.45,1106.5,2
ZEF,202506,2025-04-30 15:22:00,1088.95,1088.95,1088.95,1088.95,1
ZEF,202506,2025-04-30 15:23:00,1089.0,1089.0,1089.0,1089.0,1
ZEF,202506,2025-04-30 16:03:00,1086.2,1086.25,1086.2,1086.25,2
ZEF,202506,2025-04-30 16:15:00,1089.0,1089.0,1089.0,1089.0,1
ZEF,202506,2025-04-30 20:47:00,1076.75,1076.75,1076.75,1076.75,1
ZEF,202506,2025-04-30 20:48:00,1074.7,1074.7,1074.7,1074.7,1
ZEF,202506,2025-04-30 21:31:00,1073.0,1073.0,1073.0,1073.0,1
ZEF,202506,2025-04-30 21:46:00,1070.95,1070.95,1070.95,1070.95,1
ZEF,202506,2025-04-30 21:48:00,1073.0,1073.0,1073.0,1073.0,1
ZEF,202506,2025-04-30 21:54:00,1071.95,1071.95,1071.95,1071.95,1
ZEF,202506,2025-04-30 22:27:00,1076.0,1076.0,1076.0,1076.0,1
ZEF,202506,2025-04-30 22:38:00,1075.2,1075.2,1075.2,1075.2,1
ZEF,202506,2025-05-01 02:18:00,1087.85,1087.85,1087.85,1087.85,1
ZEF,202506,2025-05-01 02:20:00,1088.3,1088.3,1088.3,1088.3,1
ZEF,202506,2025-05-01 04:54:00,1100.1,1100.1,1100.1,1100.1,1
