symbol,exp_month,time,open,high,low,close,volume
BRF,202603,2025-12-31 17:48:00,1934.5,1934.5,1934.5,1934.5,1
BRF,202603,2025-12-31 20:23:00,1940.5,1940.5,1940.5,1940.5,1
BRF,202603,2025-12-31 20:45:00,1938.0,1938.0,1938.0,1938.0,1
BRF,202603,2026-01-01 00:33:00,1929.5,1929.5,1929.5,1929.5,1
BRF,202603,2026-01-01 04:17:00,1915.5,1915.5,1915.5,1915.5,11
BRF,202603,2026-01-01 04:46:00,1916.5,1916.5,1916.5,1916.5,6
CCF,202601,2025-12-31 17:25:00,48.85,48.85,48.85,48.85,1
CCF,202601,2025-12-31 17:51:00,48.9,48.9,48.9,48.9,1
CCF,202601,2025-12-31 18:17:00,48.9,48.9,48.9,48.9,45
CCF,202601,2025-12-31 18:22:00,48.9,48.9,48.9,48.9,1
CCF,202601,2025-12-31 18:31:00,48.9,48.9,48.9,48.9,2
CCF,202601,2025-12-31 18:49:00,48.9,48.9,48.9,48.9,1
CCF,202601,2025-12-31 18:52:00,48.9,48.9,48.9,48.9,1
CCF,202601,2025-12-31 19:05:00,48.9,48.9,48.9,48.9,1
CCF,202601,2025-12-31 19:41:00,48.9,48.9,48.9,48.9,1
CCF,202601,2025-12-31 19:42:00,48.9,48.9,48.9,48.9,3
CCF,202601,2025-12-31 20:19:00,48.9,48.9,48.9,48.9,1
CCF,202601,2025-12-31 20:23:00,48.9,48.9,48.9,48.9,32
CCF,202601,2025-12-31 20:24:00,48.9,48.9,48.9,48.9,1
CCF,202601,2025-12-31 20:26:00,48.9,48.9,48.9,48.9,1
CCF,202601,2025-12-31 20:27:00,48.9,48.9,48.9,48.9,1
CCF,202601,2025-12-31 20:36:00,48.9,48.9,48.9,48.9,1
CCF,202601,2025-12-31 20:39:00,48.9,48.9,48.9,48.9,1
CCF,202601,2025-12-31 20:44:00,48.9,48.9,48.9,48.9,1
CCF,202601,2025-12-31 20:54:00,48.9,48.9,48.9,48.9,2
CCF,202601,2025-12-31 21:14:00,49.0,49.0,49.0,49.0,1
CCF,202601,2025-12-31 21:45:00,49.1,49.1,49.1,49.1,1
CCF,202601,2025-12-31 21:55:00,49.25,49.25,49.25,49.25,1
CCF,202601,2025-12-31 22:11:00,49.25,49.25,49.25,49.25,1
CCF,202601,2025-12-31 22:30:00,49.35,49.4,49.35,49.4,6
CCF,202601,2025-12-31 22:31:00,49.4,49.45,49.4,49.45,8
CCF,202601,2025-12-31 22:32:00,49.45,49.45,49.45,49.45,2
CCF,202601,2025-12-31 22:33:00,49.35,49.35,49.35,49.35,11
CCF,202601,2025-12-31 23:21:00,49.2,49.2,49.2,49.2,2
CCF,202601,2025-12-31 23:46:00,49.25,49.25,49.25,49.25,1
CCF,202601,2026-01-01 02:56:00,49.3,49.3,49.3,49.3,1
CCF,202601,2026-01-01 04:00:00,49.15,49.15,49.15,49.15,1
CCF,202601,2026-01-01 04:17:00,49.05,49.05,49.05,49.05,1
CCF,202601,2026-01-01 04:43:00,49.0,49.0,49.0,49.0,1
CCF,202601,2026-01-01 04:56:00,49.0,49.0,49.0,49.0,2
CCF,202602,2025-12-31 18:49:00,48.95,48.95,48.95,48.95,1
CDF,202601,2025-12-31 17:25:00,1560.0,1560.0,1560.0,1560.0,25
CDF,202601,2025-12-31 17:26:00,1560.0,1560.0,1560.0,1560.0,1
CDF,202601,2025-12-31 17:27:00,1560.0,1560.0,1560.0,1560.0,6
CDF,202601,2025-12-31 17:29:00,1560.0,1560.0,1560.0,1560.0,1
CDF,202601,2025-12-31 17:37:00,1560.0,1560.0,1560.0,1560.0,1
CDF,202601,2025-12-31 17:38:00,1560.0,1560.0,1560.0,1560.0,16
CDF,202601,2025-12-31 17:54:00,1560.0,1560.0,1560.0,1560.0,5
CDF,202601,2025-12-31 17:55:00,1560.0,1560.0,1560.0,1560.0,1
CDF,202601,2025-12-31 18:01:00,1555.0,1555.0,1555.0,1555.0,1
CDF,202601,2025-12-31 18:05:00,1555.0,1555.0,1555.0,1555.0,2
CDF,202601,2025-12-31 18:15:00,1555.0,1560.0,1555.0,1560.0,2
CDF,202601,2025-12-31 18:41:00,1560.0,1560.0,1560.0,1560.0,1
CDF,202601,2025-12-31 19:10:00,1560.0,1560.0,1560.0,1560.0,2
CDF,202601,2025-12-31 20:10:00,1555.0,1555.0,1555.0,1555.0,1
CDF,202601,2025-12-31 20:20:00,1560.0,1560.0,1560.0,1560.0,1
CDF,202601,2025-12-31 20:34:00,1560.0,1560.0,1560.0,1560.0,5
CDF,202601,2025-12-31 20:52:00,1560.0,1560.0,1560.0,1560.0,40
CDF,202601,2025-12-31 20:53:00,1560.0,1560.0,1560.0,1560.0,51
CDF,202601,2025-12-31 20:54:00,1565.0,1565.0,1565.0,1565.0,1
CDF,202601,2025-12-31 20:58:00,1565.0,1565.0,1565.0,1565.0,1
CDF,202601,2025-12-31 21:16:00,1565.0,1565.0,1565.0,1565.0,1
CDF,202601,2025-12-31 21:17:00,1565.0,1565.0,1565.0,1565.0,1
CDF,202601,2025-12-31 21:19:00,1565.0,1565.0,1565.0,1565.0,5
CDF,202601,2025-12-31 21:21:00,1565.0,1565.0,1565.0,1565.0,1
CDF,202601,2025-12-31 21:29:00,1565.0,1565.0,1565.0,1565.0,3
CDF,202601,2025-12-31 21:47:00,1565.0,1565.0,1565.0,1565.0,78
CDF,202601,2025-12-31 21:56:00,1570.0,1570.0,1570.0,1570.0,1
CDF,202601,2025-12-31 22:05:00,1565.0,1565.0,1565.0,1565.0,5
CDF,202601,2025-12-31 22:06:00,1565.0,1565.0,1565.0,1565.0,6
CDF,202601,2025-12-31 22:07:00,1565.0,1565.0,1565.0,1565.0,21
CDF,202601,2025-12-31 22:09:00,1565.0,1565.0,1565.0,1565.0,2
CDF,202601,2025-12-31 22:12:00,1565.0,1565.0,1565.0,1565.0,1
CDF,202601,2025-12-31 22:17:00,1565.0,1565.0,1565.0,1565.0,1
CDF,202601,2025-12-31 22:20:00,1565.0,1565.0,1565.0,1565.0,2
CDF,202601,2025-12-31 22:28:00,1565.0,1565.0,1565.0,1565.0,1
CDF,202601,2025-12-31 22:30:00,1565.0,1565.0,1565.0,1565.0,26
CDF,202601,2025-12-31 22:32:00,1565.0,1565.0,1565.0,1565.0,22
CDF,202601,2025-12-31 22:33:00,1565.0,1565.0,1565.0,1565.0,18
CDF,202601,2025-12-31 22:34:00,1565.0,1565.0,1565.0,1565.0,11
CDF,202601,2025-12-31 22:36:00,1565.0,1565.0,1565.0,1565.0,6
CDF,202601,2025-12-31 22:37:00,1560.0,1560.0,1560.0,1560.0,1
CDF,202601,2025-12-31 22:39:00,1565.0,1565.0,1565.0,1565.0,30
CDF,202601,2025-12-31 22:45:00,1565.0,1565.0,1565.0,1565.0,1
CDF,202601,2025-12-31 22:47:00,1565.0,1565.0,1565.0,1565.0,3
CDF,202601,2025-12-31 22:50:00,1565.0,1565.0,1565.0,1565.0,19
CDF,202601,2025-12-31 22:52:00,1565.0,1565.0,1565.0,1565.0,1
CDF,202601,2025-12-31 22:53:00,1565.0,1565.0,1565.0,1565.0,15
CDF,202601,2025-12-31 22:54:00,1565.0,1565.0,1565.0,1565.0,15
CDF,202601,2025-12-31 22:59:00,1570.0,1570.0,1570.0,1570.0,1
CDF,202601,2025-12-31 23:00:00,1570.0,1570.0,1570.0,1570.0,1
CDF,202601,2025-12-31 23:01:00,1570.0,1570.0,1570.0,1570.0,2
CDF,202601,2025-12-31 23:05:00,1570.0,1570.0,1570.0,1570.0,4
CDF,202601,2025-12-31 23:07:00,1570.0,1570.0,1570.0,1570.0,1
CDF,202601,2025-12-31 23:08:00,1570.0,1570.0,1570.0,1570.0,1
CDF,202601,2025-12-31 23:10:00,1570.0,1570.0,1570.0,1570.0,2
CDF,202601,2025-12-31 23:17:00,1570.0,1570.0,1570.0,1570.0,1
CDF,202601,2025-12-31 23:18:00,1565.0,1565.0,1565.0,1565.0,10
CDF,202601,2025-12-31 23:19:00,1565.0,1565.0,1565.0,1565.0,6
CDF,202601,2025-12-31 23:23:00,1570.0,1570.0,1570.0,1570.0,3
CDF,202601,2025-12-31 23:26:00,1570.0,1570.0,1570.0,1570.0,5
CDF,202601,2025-12-31 23:30:00,1570.0,1570.0,1570.0,1570.0,25
CDF,202601,2025-12-31 23:47:00,1570.0,1570.0,1570.0,1570.0,6
CDF,202601,2025-12-31 23:55:00,1565.0,1565.0,1565.0,1565.0,1
CDF,202601,2026-01-01 00:04:00,1565.0,1565.0,1565.0,1565.0,5
CDF,202601,2026-01-01 00:08:00,1565.0,1565.0,1565.0,1565.0,1
CDF,202601,2026-01-01 00:10:00,1565.0,1565.0,1565.0,1565.0,5
CDF,202601,2026-01-01 00:11:00,1565.0,1565.0,1565.0,1565.0,5
CDF,202601,2026-01-01 00:13:00,1565.0,1565.0,1565.0,1565.0,10
CDF,202601,2026-01-01 00:14:00,1565.0,1565.0,1565.0,1565.0,10
CDF,202601,2026-01-01 00:15:00,1565.0,1565.0,1565.0,1565.0,5
CDF,202601,2026-01-01 00:28:00,1565.0,1565.0,1565.0,1565.0,15
CDF,202601,2026-01-01 00:32:00,1565.0,1565.0,1565.0,1565.0,5
CDF,202601,2026-01-01 01:37:00,1570.0,1570.0,1570.0,1570.0,30
CDF,202601,2026-01-01 03:04:00,1570.0,1570.0,1570.0,1570.0,15
CDF,202601,2026-01-01 03:06:00,1570.0,1570.0,1570.0,1570.0,1
CDF,202601,2026-01-01 03:08:00,1570.0,1570.0,1570.0,1570.0,1
CDF,202601,2026-01-01 03:11:00,1570.0,1570.0,1570.0,1570.0,5
CDF,202601,2026-01-01 03:12:00,1570.0,1570.0,1570.0,1570.0,6
CDF,202601,2026-01-01 03:15:00,1570.0,1570.0,1570.0,1570.0,5
CDF,202601,2026-01-01 03:16:00,1570.0,1570.0,1570.0,1570.0,3
CDF,202601,2026-01-01 03:29:00,1570.0,1570.0,1570.0,1570.0,1
CDF,202601,2026-01-01 03:37:00,1570.0,1570.0,1570.0,1570.0,5
CDF,202601,2026-01-01 03:46:00,1570.0,1570.0,1570.0,1570.0,1
CDF,202601,2026-01-01 04:08:00,1565.0,1565.0,1565.0,1565.0,1
CDF,202601,2026-01-01 04:10:00,1565.0,1565.0,1565.0,1565.0,77
CDF,202601,2026-01-01 04:50:00,1560.0,1560.0,1560.0,1560.0,2
CDF,202601,2026-01-01 04:51:00,1560.0,1560.0,1560.0,1560.0,1
CDF,202601,2026-01-01 04:55:00,1560.0,1565.0,1560.0,1565.0,3
CDF,202601/202602,2025-12-31 17:25:00,5.8,5.8,5.8,5.8,4
CDF,202601/202602,2025-12-31 17:28:00,5.81,5.81,5.81,5.81,2
CDF,202601/202602,2025-12-31 17:30:00,5.8,5.8,5.8,5.8,2
CDF,202601/202602,2025-12-31 17:41:00,5.81,5.81,5.81,5.81,4
CDF,202601/202602,2025-12-31 17:42:00,5.8,5.8,5.8,5.8,20
CDF,202601/202602,2025-12-31 18:18:00,5.8,5.8,5.8,5.8,4
CDF,202601/202602,2025-12-31 18:21:00,5.81,5.81,5.81,5.81,2
CDF,202601/202602,2025-12-31 20:36:00,5.8,5.8,5.8,5.8,2
CDF,202601/202602,2025-12-31 21:22:00,5.81,5.81,5.81,5.81,2
CDF,202601/202602,2025-12-31 21:23:00,5.81,5.81,5.81,5.81,2
CDF,202601/202602,2025-12-31 21:29:00,5.81,5.81,5.81,5.81,4
CDF,202601/202602,2025-12-31 21:39:00,5.81,5.81,5.81,5.81,2
CDF,202601/202602,2025-12-31 22:33:00,5.81,5.81,5.81,5.81,2
CDF,202601/202602,2025-12-31 22:51:00,5.8,5.8,5.8,5.8,2
CDF,202601/202602,2025-12-31 23:01:00,5.8,5.8,5.8,5.8,2
CDF,202601/202602,2025-12-31 23:11:00,5.81,5.81,5.81,5.81,2
CDF,202601/202602,2025-12-31 23:26:00,5.81,5.81,5.81,5.81,18
CDF,202601/202602,2026-01-01 00:15:00,5.8,5.8,5.8,5.8,10
CDF,202601/202602,2026-01-01 01:36:00,5.81,5.81,5.81,5.81,8
CDF,202601/202602,2026-01-01 04:21:00,5.81,5.81,5.81,5.81,4
CDF,202601/202602,2026-01-01 04:59:00,5.8,5.8,5.8,5.8,2
CDF,202601/202603,2025-12-31 17:26:00,9.5,9.5,9.5,9.5,4
CDF,202601/202603,2025-12-31 20:55:00,9.5,9.5,9.5,9.5,2
CDF,202601/202603,2025-12-31 22:06:00,9.5,9.5,9.5,9.5,2
CDF,202601/202603,2025-12-31 22:18:00,9.5,9.5,9.5,9.5,2
CDF,202601/202603,2025-12-31 22:28:00,9.5,9.5,9.5,9.5,2
CDF,202601/202603,2025-12-31 22:34:00,9.5,9.5,9.5,9.5,2
CDF,202601/202603,2025-12-31 22:36:00,9.5,9.5,9.5,9.5,8
CDF,202601/202609,2025-12-31 20:23:00,28.0,28.0,28.0,28.0,4
CDF,202602,2025-12-31 17:25:00,1565.0,1565.0,1565.0,1565.0,5
CDF,202602,2025-12-31 17:31:00,1565.0,1565.0,1565.0,1565.0,4
CDF,202602,2025-12-31 17:50:00,1565.0,1565.0,1565.0,1565.0,1
CDF,202602,2025-12-31 17:54:00,1565.0,1565.0,1565.0,1565.0,1
CDF,202602,2025-12-31 18:00:00,1565.0,1565.0,1565.0,1565.0,1
CDF,202602,2025-12-31 18:15:00,1565.0,1565.0,1565.0,1565.0,1
CDF,202602,2025-12-31 18:17:00,1565.0,1565.0,1565.0,1565.0,2
CDF,202602,2025-12-31 18:21:00,1565.0,1565.0,1565.0,1565.0,1
CDF,202602,2025-12-31 18:41:00,1565.0,1565.0,1565.0,1565.0,1
CDF,202602,2025-12-31 19:10:00,1565.0,1565.0,1565.0,1565.0,2
CDF,202602,2025-12-31 20:20:00,1565.0,1565.0,1565.0,1565.0,2
CDF,202602,2025-12-31 20:21:00,1565.0,1565.0,1565.0,1565.0,5
CDF,202602,2025-12-31 20:24:00,1565.0,1565.0,1565.0,1565.0,5
CDF,202602,2025-12-31 20:25:00,1565.0,1565.0,1565.0,1565.0,1
CDF,202602,2025-12-31 20:45:00,1565.0,1565.0,1565.0,1565.0,2
CDF,202602,2025-12-31 20:53:00,1565.0,1565.0,1565.0,1565.0,1
CDF,202602,2025-12-31 20:54:00,1570.0,1570.0,1570.0,1570.0,1
CDF,202602,2025-12-31 20:58:00,1570.0,1570.0,1570.0,1570.0,1
CDF,202602,2025-12-31 21:16:00,1570.0,1570.0,1570.0,1570.0,1
CDF,202602,2025-12-31 21:17:00,1570.0,1570.0,1570.0,1570.0,1
CDF,202602,2025-12-31 21:19:00,1570.0,1570.0,1570.0,1570.0,5
CDF,202602,2025-12-31 21:21:00,1570.0,1570.0,1570.0,1570.0,1
CDF,202602,2025-12-31 21:22:00,1570.0,1570.0,1570.0,1570.0,2
CDF,202602,2025-12-31 21:23:00,1570.0,1570.0,1570.0,1570.0,1
CDF,202602,2025-12-31 21:29:00,1570.0,1570.0,1570.0,1570.0,3
CDF,202602,2025-12-31 21:30:00,1570.0,1570.0,1570.0,1570.0,1
CDF,202602,2025-12-31 21:32:00,1570.0,1570.0,1570.0,1570.0,1
CDF,202602,2025-12-31 21:35:00,1570.0,1570.0,1570.0,1570.0,2
CDF,202602,2025-12-31 21:36:00,1570.0,1570.0,1570.0,1570.0,2
CDF,202602,2025-12-31 21:38:00,1570.0,1570.0,1570.0,1570.0,1
CDF,202602,2025-12-31 21:39:00,1570.0,1570.0,1570.0,1570.0,1
CDF,202602,2025-12-31 21:56:00,1575.0,1575.0,1575.0,1575.0,1
CDF,202602,2025-12-31 21:58:00,1575.0,1575.0,1575.0,1575.0,1
CDF,202602,2025-12-31 22:12:00,1570.0,1570.0,1570.0,1570.0,1
CDF,202602,2025-12-31 22:37:00,1570.0,1570.0,1570.0,1570.0,1
CDF,202602,2025-12-31 22:38:00,1570.0,1570.0,1570.0,1570.0,3
CDF,202602,2025-12-31 22:43:00,1570.0,1570.0,1570.0,1570.0,1
CDF,202602,2025-12-31 22:45:00,1570.0,1570.0,1570.0,1570.0,1
CDF,202602,2025-12-31 22:59:00,1575.0,1575.0,1575.0,1575.0,1
CDF,202602,2025-12-31 23:00:00,1575.0,1575.0,1575.0,1575.0,25
CDF,202602,2025-12-31 23:01:00,1575.0,1575.0,1575.0,1575.0,2
CDF,202602,2025-12-31 23:04:00,1575.0,1575.0,1575.0,1575.0,11
CDF,202602,2025-12-31 23:05:00,1575.0,1575.0,1575.0,1575.0,4
CDF,202602,2025-12-31 23:07:00,1575.0,1575.0,1575.0,1575.0,1
CDF,202602,2025-12-31 23:08:00,1575.0,1575.0,1575.0,1575.0,28
CDF,202602,2025-12-31 23:10:00,1575.0,1575.0,1575.0,1575.0,2
CDF,202602,2025-12-31 23:11:00,1575.0,1575.0,1575.0,1575.0,3
CDF,202602,2025-12-31 23:17:00,1575.0,1575.0,1575.0,1575.0,1
CDF,202602,2025-12-31 23:23:00,1575.0,1575.0,1575.0,1575.0,3
CDF,202602,2025-12-31 23:26:00,1575.0,1575.0,1575.0,1575.0,10
CDF,202602,2025-12-31 23:31:00,1575.0,1575.0,1575.0,1575.0,5
CDF,202602,2025-12-31 23:47:00,1575.0,1575.0,1575.0,1575.0,2
CDF,202602,2025-12-31 23:55:00,1570.0,1570.0,1570.0,1570.0,1
CDF,202602,2026-01-01 01:36:00,1575.0,1575.0,1575.0,1575.0,6
CDF,202602,2026-01-01 02:03:00,1575.0,1575.0,1575.0,1575.0,1
CDF,202602,2026-01-01 03:25:00,1575.0,1575.0,1575.0,1575.0,2
CDF,202602,2026-01-01 03:26:00,1575.0,1575.0,1575.0,1575.0,2
CDF,202602,2026-01-01 03:37:00,1575.0,1575.0,1575.0,1575.0,5
CDF,202602,2026-01-01 04:16:00,1570.0,1570.0,1570.0,1570.0,5
CDF,202602,2026-01-01 04:21:00,1570.0,1570.0,1570.0,1570.0,3
CDF,202602,2026-01-01 04:29:00,1570.0,1570.0,1570.0,1570.0,3
CDF,202602,2026-01-01 04:43:00,1570.0,1570.0,1570.0,1570.0,1
CDF,202602,2026-01-01 04:53:00,1570.0,1570.0,1570.0,1570.0,1
CDF,202602,2026-01-01 04:54:00,1570.0,1570.0,1570.0,1570.0,1
CDF,202602,2026-01-01 04:55:00,1570.0,1570.0,1570.0,1570.0,1
CDF,202602,2026-01-01 04:59:00,1570.0,1570.0,1570.0,1570.0,1
CDF,202602/202603,2025-12-31 17:25:00,3.75,3.75,3.75,3.75,4
CDF,202602/202603,2025-12-31 17:26:00,3.75,3.75,3.75,3.75,8
CDF,202602/202603,2025-12-31 17:27:00,3.75,3.75,3.75,3.75,4
CDF,202602/202603,2025-12-31 23:15:00,3.75,3.75,3.75,3.75,2
CDF,202602/202603,2025-12-31 23:27:00,3.75,3.75,3.75,3.75,2
CDF,202602/202606,2025-12-31 17:28:00,13.05,13.05,13.05,13.05,14
CDF,202602/202606,2025-12-31 17:30:00,13.06,13.06,13.06,13.06,6
CDF,202602/202606,2025-12-31 18:07:00,13.05,13.05,13.05,13.05,2
CDF,202602/202606,2025-12-31 19:25:00,13.06,13.06,13.06,13.06,20
CDF,202602/202609,2025-12-31 17:43:00,22.22,22.22,22.22,22.22,2
CDF,202602/202609,2025-12-31 19:26:00,22.23,22.23,22.23,22.23,10
CDF,202602/202609,2026-01-01 04:55:00,22.22,22.22,22.22,22.22,4
CDF,202603,2025-12-31 17:27:00,1570.0,1570.0,1570.0,1570.0,1
CDF,202603,2025-12-31 18:15:00,1570.0,1570.0,1570.0,1570.0,1
CDF,202603,2025-12-31 20:54:00,1570.0,1570.0,1570.0,1570.0,3
CDF,202603,2025-12-31 21:16:00,1575.0,1575.0,1575.0,1575.0,1
CDF,202603,2025-12-31 21:17:00,1575.0,1575.0,1575.0,1575.0,1
CDF,202603,2025-12-31 22:05:00,1575.0,1575.0,1575.0,1575.0,2
CDF,202603,2025-12-31 22:09:00,1575.0,1575.0,1575.0,1575.0,1
CDF,202603,2025-12-31 22:13:00,1575.0,1575.0,1575.0,1575.0,1
CDF,202603,2025-12-31 22:28:00,1575.0,1575.0,1575.0,1575.0,1
CDF,202603,2025-12-31 22:30:00,1575.0,1575.0,1575.0,1575.0,2
CDF,202603,2025-12-31 22:31:00,1575.0,1575.0,1575.0,1575.0,1
CDF,202603,2025-12-31 22:32:00,1575.0,1575.0,1575.0,1575.0,1
CDF,202603,2025-12-31 22:35:00,1575.0,1575.0,1575.0,1575.0,1
CDF,202603,2025-12-31 22:37:00,1570.0,1570.0,1570.0,1570.0,1
CDF,202603,2025-12-31 22:54:00,1575.0,1575.0,1575.0,1575.0,1
CDF,202603,2025-12-31 22:57:00,1575.0,1575.0,1575.0,1575.0,1
CDF,202603,2025-12-31 23:18:00,1575.0,1575.0,1575.0,1575.0,4
CDF,202603,2025-12-31 23:19:00,1575.0,1575.0,1575.0,1575.0,1
CDF,202603,2025-12-31 23:55:00,1575.0,1575.0,1575.0,1575.0,1
CDF,202603,2026-01-01 03:46:00,1580.0,1580.0,1580.0,1580.0,1
CDF,202603,2026-01-01 04:10:00,1575.0,1575.0,1575.0,1575.0,10
CDF,202603,2026-01-01 04:58:00,1570.0,1570.0,1570.0,1570.0,1
CDF,202606,2026-01-01 04:08:00,1585.0,1585.0,1585.0,1585.0,1
CDF,202606,2026-01-01 04:50:00,1580.0,1580.0,1580.0,1580.0,1
CDF,202606,2026-01-01 04:51:00,1580.0,1580.0,1580.0,1580.0,1
CDF,202609,2025-12-31 18:01:00,1585.0,1585.0,1585.0,1585.0,1
CDF,202609,2025-12-31 18:05:00,1585.0,1585.0,1585.0,1585.0,2
CDF,202609,2025-12-31 18:15:00,1585.0,1585.0,1585.0,1585.0,1
CDF,202609,2025-12-31 20:10:00,1585.0,1585.0,1585.0,1585.0,1
CDF,202609,2025-12-31 20:54:00,1590.0,1590.0,1590.0,1590.0,1
CDF,202609,2025-12-31 21:58:00,1595.0,1595.0,1595.0,1595.0,1
CDF,202609,2026-01-01 04:50:00,1590.0,1590.0,1590.0,1590.0,1
CDF,202609,2026-01-01 04:55:00,1590.0,1590.0,1590.0,1590.0,1
CDF,202609,2026-01-01 04:58:00,1590.0,1590.0,1590.0,1590.0,1
F1F,202603,2025-12-31 15:07:00,9951.0,9951.0,9951.0,9951.0,1
F1F,202603,2025-12-31 16:24:00,9955.0,9955.0,9955.0,9955.0,1
F1F,202603,2025-12-31 16:42:00,9947.0,9947.0,9947.0,9947.0,3
F1F,202603,2025-12-31 16:45:00,9944.0,9944.0,9944.0,9944.0,1
F1F,202603,2025-12-31 16:57:00,9954.0,9954.0,9954.0,9954.0,1
F1F,202603,2025-12-31 17:00:00,9955.0,9955.0,9955.0,9955.0,1
F1F,202603,2025-12-31 17:01:00,9958.0,9958.0,9958.0,9958.0,1
F1F,202603,2025-12-31 17:25:00,9960.0,9960.0,9960.0,9960.0,2
F1F,202603,2025-12-31 20:30:00,9953.0,9953.0,9953.0,9953.0,33
F1F,202603,2025-12-31 20:32:00,9960.0,9960.0,9960.0,9960.0,1
F1F,202603,2026-01-01 04:45:00,9808.0,9808.0,9808.0,9808.0,10
F1F,202603,2026-01-01 04:52:00,9816.0,9816.0,9816.0,9816.0,5
GDF,202602,2025-12-31 17:46:00,4360.0,4360.0,4360.0,4360.0,1
GDF,202602,2025-12-31 18:39:00,4335.5,4335.5,4335.5,4335.5,1
GDF,202602,2025-12-31 18:55:00,4333.2,4333.2,4333.2,4333.2,1
GDF,202602,2025-12-31 19:05:00,4331.6,4331.6,4331.6,4331.6,1
GDF,202602,2025-12-31 20:38:00,4340.8,4340.8,4340.8,4340.8,2
GDF,202602,2025-12-31 22:59:00,4377.4,4377.4,4377.4,4377.4,1
GDF,202602,2026-01-01 00:10:00,4354.2,4354.2,4354.2,4354.2,1
GDF,202602,2026-01-01 00:46:00,4345.2,4345.2,4345.2,4345.2,1
GDF,202602,2026-01-01 01:20:00,4350.0,4350.0,4350.0,4350.0,1
GDF,202602,2026-01-01 01:31:00,4350.3,4350.3,4350.3,4350.3,1
GDF,202602,2026-01-01 01:37:00,4356.0,4356.0,4356.0,4356.0,1
GDF,202602,2026-01-01 01:42:00,4352.0,4352.0,4352.0,4352.0,1
GDF,202602,2026-01-01 01:52:00,4351.0,4351.0,4351.0,4351.0,1
M1F,202601,2025-12-31 15:18:00,23299.0,23299.0,23299.0,23299.0,1
M1F,202601,2025-12-31 15:25:00,23319.0,23319.0,23319.0,23319.0,1
M1F,202601,2025-12-31 16:47:00,23280.0,23280.0,23280.0,23280.0,1
M1F,202601,2025-12-31 16:48:00,23279.0,23279.0,23279.0,23279.0,1
M1F,202601,2025-12-31 16:49:00,23279.0,23279.0,23279.0,23279.0,1
M1F,202601,2025-12-31 18:00:00,23320.0,23320.0,23320.0,23320.0,1
M1F,202601,2025-12-31 21:52:00,23335.0,23335.0,23335.0,23335.0,1
M1F,202601,2025-12-31 22:17:00,23340.0,23340.0,23340.0,23340.0,1
M1F,202601,2025-12-31 23:59:00,23297.0,23297.0,23297.0,23297.0,5
M1F,202601,2026-01-01 00:08:00,23297.0,23297.0,23286.0,23286.0,16
M1F,202601,2026-01-01 00:09:00,23289.0,23289.0,23288.0,23288.0,10
M1F,202601,2026-01-01 00:11:00,23288.0,23288.0,23278.0,23278.0,15
M1F,202601,2026-01-01 01:06:00,23297.0,23297.0,23297.0,23297.0,1
M1F,202601,2026-01-01 04:01:00,23315.0,23315.0,23315.0,23315.0,1
M1F,202601,2026-01-01 04:20:00,23285.0,23285.0,23285.0,23285.0,1
M1F,202601,2026-01-01 04:21:00,23280.0,23280.0,23273.0,23273.0,3
M1F,202601,2026-01-01 04:23:00,23279.0,23279.0,23279.0,23279.0,1
M1F,202601,2026-01-01 04:39:00,23280.0,23280.0,23280.0,23280.0,1
M1F,202601,2026-01-01 04:47:00,23297.0,23297.0,23297.0,23297.0,1
M1F,202602,2025-12-31 15:25:00,23356.0,23356.0,23356.0,23356.0,1
M1F,202602,2025-12-31 22:17:00,23381.0,23381.0,23381.0,23381.0,1
M1F,202602,2025-12-31 23:06:00,23336.0,23336.0,23336.0,23336.0,1
M1F,202602,2025-12-31 23:07:00,23335.0,23335.0,23335.0,23335.0,1
M1F,202602,2025-12-31 23:12:00,23339.0,23339.0,23339.0,23339.0,1
M1F,202602,2026-01-01 04:23:00,23316.0,23316.0,23316.0,23316.0,1
MTX,202601,2025-12-31 15:00:00,29011.0,29030.0,29011.0,29027.0,741
MTX,202601,2025-12-31 15:01:00,29027.0,29034.0,29022.0,29029.0,303
MTX,202601,2025-12-31 15:02:00,29027.0,29028.0,29021.0,29022.0,92
MTX,202601,2025-12-31 15:03:00,29022.0,29024.0,29020.0,29024.0,68
MTX,202601,2025-12-31 15:04:00,29023.0,29027.0,29022.0,29025.0,76
MTX,202601,2025-12-31 15:05:00,29024.0,29025.0,29020.0,29025.0,106
MTX,202601,2025-12-31 15:06:00,29024.0,29024.0,29020.0,29022.0,32
MTX,202601,2025-12-31 15:07:00,29024.0,29024.0,29020.0,29021.0,39
MTX,202601,2025-12-31 15:08:00,29020.0,29021.0,29012.0,29016.0,162
MTX,202601,2025-12-31 15:09:00,29016.0,29018.0,29014.0,29017.0,85
MTX,202601,2025-12-31 15:10:00,29019.0,29020.0,29016.0,29020.0,50
MTX,202601,2025-12-31 15:11:00,29019.0,29021.0,29013.0,29015.0,45
MTX,202601,2025-12-31 15:12:00,29015.0,29018.0,29015.0,29017.0,68
MTX,202601,2025-12-31 15:13:00,29016.0,29016.0,29014.0,29014.0,31
MTX,202601,2025-12-31 15:14:00,29013.0,29019.0,29013.0,29017.0,69
MTX,202601,2025-12-31 15:15:00,29016.0,29020.0,29015.0,29019.0,40
MTX,202601,2025-12-31 15:16:00,29019.0,29022.0,29018.0,29022.0,60
MTX,202601,2025-12-31 15:17:00,29021.0,29021.0,29014.0,29014.0,41
MTX,202601,2025-12-31 15:18:00,29016.0,29020.0,29016.0,29018.0,23
MTX,202601,2025-12-31 15:19:00,29017.0,29018.0,29015.0,29015.0,26
MTX,202601,2025-12-31 15:20:00,29015.0,29022.0,29015.0,29022.0,47
MTX,202601,2025-12-31 15:21:00,29022.0,29025.0,29021.0,29024.0,73
MTX,202601,2025-12-31 15:22:00,29023.0,29025.0,29023.0,29024.0,24
MTX,202601,2025-12-31 15:23:00,29024.0,29028.0,29024.0,29028.0,102
MTX,202601,2025-12-31 15:24:00,29029.0,29037.0,29028.0,29036.0,213
MTX,202601,2025-12-31 15:25:00,29037.0,29045.0,29036.0,29044.0,209
MTX,202601,2025-12-31 15:26:00,29044.0,29070.0,29044.0,29058.0,797
MTX,202601,2025-12-31 15:27:00,29058.0,29062.0,29055.0,29060.0,172
MTX,202601,2025-12-31 15:28:00,29059.0,29060.0,29052.0,29055.0,121
MTX,202601,2025-12-31 15:29:00,29055.0,29066.0,29055.0,29066.0,130
MTX,202601,2025-12-31 15:30:00,29065.0,29068.0,29061.0,29061.0,225
MTX,202601,2025-12-31 15:31:00,29061.0,29065.0,29061.0,29065.0,68
MTX,202601,2025-12-31 15:32:00,29063.0,29063.0,29059.0,29060.0,92
MTX,202601,2025-12-31 15:33:00,29060.0,29065.0,29060.0,29063.0,68
MTX,202601,2025-12-31 15:34:00,29062.0,29062.0,29056.0,29060.0,62
MTX,202601,2025-12-31 15:35:00,29059.0,29062.0,29057.0,29057.0,48
MTX,202601,2025-12-31 15:36:00,29056.0,29059.0,29056.0,29058.0,27
MTX,202601,2025-12-31 15:37:00,29057.0,29058.0,29056.0,29057.0,33
MTX,202601,2025-12-31 15:38:00,29057.0,29067.0,29057.0,29065.0,114
MTX,202601,2025-12-31 15:39:00,29066.0,29069.0,29066.0,29068.0,104
MTX,202601,2025-12-31 15:40:00,29068.0,29074.0,29065.0,29071.0,242
MTX,202601,2025-12-31 15:41:00,29071.0,29072.0,29066.0,29068.0,72
MTX,202601,2025-12-31 15:42:00,29068.0,29068.0,29065.0,29065.0,42
MTX,202601,2025-12-31 15:43:00,29065.0,29066.0,29064.0,29066.0,47
MTX,202601,2025-12-31 15:44:00,29066.0,29068.0,29066.0,29066.0,23
MTX,202601,2025-12-31 15:45:00,29065.0,29069.0,29065.0,29068.0,59
MTX,202601,2025-12-31 15:46:00,29068.0,29068.0,29065.0,29066.0,39
MTX,202601,2025-12-31 15:47:00,29066.0,29066.0,29060.0,29061.0,135
MTX,202601,2025-12-31 15:48:00,29061.0,29062.0,29057.0,29059.0,72
MTX,202601,2025-12-31 15:49:00,29059.0,29060.0,29054.0,29056.0,91
MTX,202601,2025-12-31 15:50:00,29056.0,29058.0,29054.0,29055.0,44
MTX,202601,2025-12-31 15:51:00,29055.0,29055.0,29050.0,29051.0,88
MTX,202601,2025-12-31 15:52:00,29051.0,29053.0,29051.0,29053.0,43
MTX,202601,2025-12-31 15:53:00,29053.0,29053.0,29051.0,29051.0,19
MTX,202601,2025-12-31 15:54:00,29051.0,29052.0,29050.0,29051.0,31
MTX,202601,2025-12-31 15:55:00,29051.0,29056.0,29051.0,29056.0,59
MTX,202601,2025-12-31 15:56:00,29056.0,29058.0,29053.0,29053.0,46
MTX,202601,2025-12-31 15:57:00,29054.0,29054.0,29051.0,29053.0,31
MTX,202601,2025-12-31 15:58:00,29053.0,29053.0,29052.0,29052.0,9
MTX,202601,2025-12-31 15:59:00,29052.0,29054.0,29052.0,29054.0,22
MTX,202601,2025-12-31 16:00:00,29054.0,29054.0,29045.0,29053.0,177
MTX,202601,2025-12-31 16:01:00,29053.0,29053.0,29049.0,29051.0,34
MTX,202601,2025-12-31 16:02:00,29051.0,29059.0,29051.0,29058.0,41
MTX,202601,2025-12-31 16:03:00,29058.0,29060.0,29054.0,29054.0,58
MTX,202601,2025-12-31 16:04:00,29054.0,29054.0,29048.0,29050.0,35
MTX,202601,2025-12-31 16:05:00,29050.0,29050.0,29047.0,29047.0,36
MTX,202601,2025-12-31 16:06:00,29048.0,29049.0,29046.0,29048.0,54
MTX,202601,2025-12-31 16:07:00,29049.0,29053.0,29046.0,29053.0,60
MTX,202601,2025-12-31 16:08:00,29053.0,29053.0,29045.0,29047.0,49
MTX,202601,2025-12-31 16:09:00,29047.0,29047.0,29038.0,29038.0,188
MTX,202601,2025-12-31 16:10:00,29038.0,29041.0,29037.0,29040.0,77
MTX,202601,2025-12-31 16:11:00,29039.0,29043.0,29038.0,29041.0,47
MTX,202601,2025-12-31 16:12:00,29041.0,29043.0,29037.0,29037.0,48
MTX,202601,2025-12-31 16:13:00,29038.0,29041.0,29038.0,29040.0,35
MTX,202601,2025-12-31 16:14:00,29041.0,29042.0,29038.0,29038.0,72
MTX,202601,2025-12-31 16:15:00,29038.0,29042.0,29038.0,29040.0,32
MTX,202601,2025-12-31 16:16:00,29040.0,29042.0,29036.0,29040.0,60
MTX,202601,2025-12-31 16:17:00,29038.0,29042.0,29038.0,29039.0,24
MTX,202601,2025-12-31 16:18:00,29038.0,29041.0,29038.0,29041.0,10
MTX,202601,2025-12-31 16:19:00,29041.0,29041.0,29039.0,29040.0,21
MTX,202601,2025-12-31 16:20:00,29040.0,29042.0,29038.0,29039.0,34
MTX,202601,2025-12-31 16:21:00,29039.0,29041.0,29039.0,29041.0,7
MTX,202601,2025-12-31 16:22:00,29040.0,29040.0,29034.0,29034.0,133
MTX,202601,2025-12-31 16:23:00,29034.0,29036.0,29034.0,29035.0,10
MTX,202601,2025-12-31 16:24:00,29035.0,29036.0,29031.0,29031.0,62
MTX,202601,2025-12-31 16:25:00,29031.0,29031.0,29026.0,29029.0,148
MTX,202601,2025-12-31 16:26:00,29029.0,29029.0,29025.0,29026.0,48
MTX,202601,2025-12-31 16:27:00,29027.0,29033.0,29027.0,29028.0,76
MTX,202601,2025-12-31 16:28:00,29031.0,29031.0,29026.0,29028.0,42
MTX,202601,2025-12-31 16:29:00,29027.0,29028.0,29020.0,29020.0,124
MTX,202601,2025-12-31 16:30:00,29020.0,29024.0,29018.0,29021.0,75
MTX,202601,2025-12-31 16:31:00,29021.0,29022.0,29010.0,29015.0,311
MTX,202601,2025-12-31 16:32:00,29015.0,29018.0,29014.0,29014.0,95
MTX,202601,2025-12-31 16:33:00,29015.0,29018.0,29013.0,29015.0,57
MTX,202601,2025-12-31 16:34:00,29014.0,29015.0,29007.0,29008.0,195
MTX,202601,2025-12-31 16:35:00,29008.0,29009.0,28997.0,29000.0,311
MTX,202601,2025-12-31 16:36:00,29000.0,29009.0,29000.0,29007.0,113
MTX,202601,2025-12-31 16:37:00,29008.0,29012.0,29007.0,29012.0,53
MTX,202601,2025-12-31 16:38:00,29011.0,29012.0,29007.0,29008.0,86
MTX,202601,2025-12-31 16:39:00,29007.0,29011.0,29004.0,29006.0,74
MTX,202601,2025-12-31 16:40:00,29007.0,29011.0,29003.0,29011.0,62
MTX,202601,2025-12-31 16:41:00,29011.0,29012.0,29009.0,29011.0,29
MTX,202601,2025-12-31 16:42:00,29012.0,29016.0,29008.0,29016.0,53
MTX,202601,2025-12-31 16:43:00,29015.0,29019.0,29015.0,29018.0,91
MTX,202601,2025-12-31 16:44:00,29017.0,29020.0,29017.0,29019.0,56
MTX,202601,2025-12-31 16:45:00,29018.0,29022.0,29017.0,29018.0,77
MTX,202601,2025-12-31 16:46:00,29017.0,29017.0,29010.0,29013.0,59
MTX,202601,2025-12-31 16:47:00,29013.0,29013.0,29009.0,29010.0,56
MTX,202601,2025-12-31 16:48:00,29009.0,29010.0,29007.0,29009.0,47
MTX,202601,2025-12-31 16:49:00,29009.0,29010.0,29007.0,29009.0,24
MTX,202601,2025-12-31 16:50:00,29008.0,29013.0,29007.0,29013.0,37
MTX,202601,2025-12-31 16:51:00,29013.0,29017.0,29012.0,29017.0,33
MTX,202601,2025-12-31 16:52:00,29017.0,29018.0,29010.0,29010.0,64
MTX,202601,2025-12-31 16:53:00,29009.0,29012.0,29007.0,29007.0,54
MTX,202601,2025-12-31 16:54:00,29006.0,29009.0,29006.0,29007.0,31
MTX,202601,2025-12-31 16:55:00,29007.0,29007.0,29004.0,29004.0,35
MTX,202601,2025-12-31 16:56:00,29004.0,29005.0,29003.0,29003.0,27
MTX,202601,2025-12-31 16:57:00,29003.0,29006.0,29002.0,29006.0,45
MTX,202601,2025-12-31 16:58:00,29006.0,29010.0,29005.0,29008.0,17
MTX,202601,2025-12-31 16:59:00,29008.0,29008.0,29002.0,29002.0,47
MTX,202601,2025-12-31 17:00:00,29001.0,29008.0,29000.0,29007.0,94
MTX,202601,2025-12-31 17:01:00,29008.0,29013.0,29008.0,29012.0,70
MTX,202601,2025-12-31 17:02:00,29013.0,29016.0,29012.0,29016.0,57
MTX,202601,2025-12-31 17:03:00,29015.0,29017.0,29014.0,29016.0,59
MTX,202601,2025-12-31 17:04:00,29015.0,29016.0,29011.0,29016.0,43
MTX,202601,2025-12-31 17:05:00,29016.0,29018.0,29012.0,29012.0,75
MTX,202601,2025-12-31 17:06:00,29013.0,29018.0,29013.0,29018.0,38
MTX,202601,2025-12-31 17:07:00,29017.0,29019.0,29015.0,29018.0,30
MTX,202601,2025-12-31 17:08:00,29018.0,29018.0,29014.0,29014.0,32
MTX,202601,2025-12-31 17:09:00,29015.0,29015.0,29012.0,29012.0,37
MTX,202601,2025-12-31 17:10:00,29013.0,29014.0,29013.0,29013.0,26
MTX,202601,2025-12-31 17:11:00,29012.0,29013.0,29012.0,29013.0,8
MTX,202601,2025-12-31 17:12:00,29014.0,29018.0,29014.0,29018.0,27
MTX,202601,2025-12-31 17:13:00,29018.0,29019.0,29017.0,29018.0,22
MTX,202601,2025-12-31 17:14:00,29019.0,29020.0,29015.0,29015.0,54
MTX,202601,2025-12-31 17:15:00,29016.0,29018.0,29014.0,29018.0,29
MTX,202601,2025-12-31 17:16:00,29017.0,29019.0,29014.0,29014.0,59
MTX,202601,2025-12-31 17:17:00,29013.0,29015.0,29012.0,29013.0,59
MTX,202601,2025-12-31 17:18:00,29012.0,29013.0,29008.0,29010.0,95
MTX,202601,2025-12-31 17:19:00,29010.0,29014.0,29010.0,29014.0,11
MTX,202601,2025-12-31 17:20:00,29012.0,29018.0,29012.0,29018.0,54
MTX,202601,2025-12-31 17:21:00,29018.0,29019.0,29015.0,29015.0,24
MTX,202601,2025-12-31 17:22:00,29018.0,29018.0,29015.0,29015.0,9
MTX,202601,2025-12-31 17:23:00,29015.0,29017.0,29015.0,29016.0,20
MTX,202601,2025-12-31 17:24:00,29016.0,29016.0,29011.0,29012.0,33
MTX,202601,2025-12-31 17:25:00,29011.0,29013.0,29011.0,29012.0,21
MTX,202601,2025-12-31 17:26:00,29011.0,29015.0,29011.0,29014.0,16
MTX,202601,2025-12-31 17:27:00,29015.0,29018.0,29015.0,29018.0,28
MTX,202601,2025-12-31 17:28:00,29016.0,29016.0,29011.0,29011.0,23
MTX,202601,2025-12-31 17:29:00,29013.0,29013.0,29012.0,29013.0,4
MTX,202601,2025-12-31 17:30:00,29012.0,29014.0,29011.0,29013.0,24
MTX,202601,2025-12-31 17:31:00,29012.0,29012.0,29008.0,29010.0,55
MTX,202601,2025-12-31 17:32:00,29011.0,29012.0,29010.0,29011.0,16
MTX,202601,2025-12-31 17:33:00,29010.0,29017.0,29010.0,29017.0,47
MTX,202601,2025-12-31 17:34:00,29017.0,29019.0,29014.0,29015.0,38
MTX,202601,2025-12-31 17:35:00,29015.0,29018.0,29015.0,29018.0,8
MTX,202601,2025-12-31 17:36:00,29018.0,29019.0,29017.0,29018.0,14
MTX,202601,2025-12-31 17:37:00,29018.0,29020.0,29018.0,29020.0,22
MTX,202601,2025-12-31 17:38:00,29020.0,29020.0,29017.0,29020.0,24
MTX,202601,2025-12-31 17:39:00,29020.0,29020.0,29019.0,29020.0,14
MTX,202601,2025-12-31 17:40:00,29020.0,29020.0,29015.0,29015.0,33
MTX,202601,2025-12-31 17:41:00,29016.0,29017.0,29016.0,29016.0,8
MTX,202601,2025-12-31 17:42:00,29016.0,29016.0,29013.0,29013.0,15
MTX,202601,2025-12-31 17:43:00,29013.0,29013.0,29012.0,29012.0,15
MTX,202601,2025-12-31 17:44:00,29012.0,29012.0,29011.0,29011.0,13
MTX,202601,2025-12-31 17:45:00,29012.0,29015.0,29012.0,29013.0,9
MTX,202601,2025-12-31 17:46:00,29013.0,29017.0,29013.0,29015.0,9
MTX,202601,2025-12-31 17:47:00,29015.0,29016.0,29014.0,29014.0,11
MTX,202601,2025-12-31 17:48:00,29014.0,29014.0,29011.0,29011.0,24
MTX,202601,2025-12-31 17:49:00,29011.0,29011.0,29009.0,29009.0,39
MTX,202601,2025-12-31 17:50:00,29008.0,29010.0,29008.0,29009.0,28
MTX,202601,2025-12-31 17:51:00,29009.0,29010.0,29008.0,29009.0,16
MTX,202601,2025-12-31 17:52:00,29008.0,29009.0,29008.0,29009.0,8
MTX,202601,2025-12-31 17:53:00,29009.0,29009.0,29005.0,29005.0,27
MTX,202601,2025-12-31 17:54:00,29005.0,29006.0,29005.0,29005.0,19
MTX,202601,2025-12-31 17:55:00,29005.0,29008.0,29005.0,29008.0,29
MTX,202601,2025-12-31 17:56:00,29009.0,29010.0,29009.0,29009.0,16
MTX,202601,2025-12-31 17:57:00,29009.0,29009.0,29005.0,29008.0,26
MTX,202601,2025-12-31 17:58:00,29007.0,29007.0,29005.0,29006.0,16
MTX,202601,2025-12-31 17:59:00,29006.0,29006.0,29005.0,29005.0,16
MTX,202601,2025-12-31 18:00:00,29004.0,29006.0,28996.0,28997.0,284
MTX,202601,2025-12-31 18:01:00,29000.0,29000.0,28993.0,28993.0,86
MTX,202601,2025-12-31 18:02:00,28993.0,28998.0,28993.0,28995.0,69
MTX,202601,2025-12-31 18:03:00,28995.0,28995.0,28990.0,28991.0,103
MTX,202601,2025-12-31 18:04:00,28991.0,28994.0,28988.0,28993.0,81
MTX,202601,2025-12-31 18:05:00,28993.0,28993.0,28989.0,28991.0,71
MTX,202601,2025-12-31 18:06:00,28991.0,28995.0,28991.0,28992.0,46
MTX,202601,2025-12-31 18:07:00,28994.0,28995.0,28994.0,28994.0,41
MTX,202601,2025-12-31 18:08:00,28993.0,28993.0,28989.0,28989.0,56
MTX,202601,2025-12-31 18:09:00,28990.0,28993.0,28990.0,28991.0,33
MTX,202601,2025-12-31 18:10:00,28991.0,28995.0,28988.0,28994.0,69
MTX,202601,2025-12-31 18:11:00,28994.0,28998.0,28994.0,28996.0,37
MTX,202601,2025-12-31 18:12:00,28996.0,28999.0,28995.0,28999.0,27
MTX,202601,2025-12-31 18:13:00,28998.0,29003.0,28998.0,29002.0,71
MTX,202601,2025-12-31 18:14:00,29003.0,29004.0,28999.0,29001.0,50
MTX,202601,2025-12-31 18:15:00,29001.0,29004.0,29000.0,29004.0,30
MTX,202601,2025-12-31 18:16:00,29005.0,29005.0,29001.0,29003.0,48
MTX,202601,2025-12-31 18:17:00,29002.0,29002.0,28999.0,28999.0,29
MTX,202601,2025-12-31 18:18:00,29000.0,29000.0,28999.0,29000.0,7
MTX,202601,2025-12-31 18:19:00,29000.0,29003.0,29000.0,29003.0,10
MTX,202601,2025-12-31 18:20:00,29001.0,29003.0,29001.0,29003.0,22
MTX,202601,2025-12-31 18:21:00,29004.0,29008.0,29004.0,29006.0,47
MTX,202601,2025-12-31 18:22:00,29006.0,29006.0,29003.0,29004.0,22
MTX,202601,2025-12-31 18:23:00,29005.0,29007.0,29005.0,29005.0,34
MTX,202601,2025-12-31 18:24:00,29005.0,29005.0,29002.0,29002.0,24
MTX,202601,2025-12-31 18:25:00,29001.0,29002.0,28999.0,29000.0,33
MTX,202601,2025-12-31 18:26:00,29000.0,29000.0,28996.0,28998.0,30
MTX,202601,2025-12-31 18:27:00,28997.0,28999.0,28997.0,28998.0,30
MTX,202601,2025-12-31 18:28:00,28999.0,29000.0,28998.0,29000.0,15
MTX,202601,2025-12-31 18:29:00,29000.0,29005.0,28999.0,29005.0,34
MTX,202601,2025-12-31 18:30:00,29005.0,29007.0,29002.0,29007.0,45
MTX,202601,2025-12-31 18:31:00,29006.0,29007.0,29004.0,29005.0,32
MTX,202601,2025-12-31 18:32:00,29005.0,29006.0,29001.0,29003.0,24
MTX,202601,2025-12-31 18:33:00,29002.0,29003.0,29001.0,29002.0,17
MTX,202601,2025-12-31 18:34:00,29004.0,29005.0,29003.0,29005.0,14
MTX,202601,2025-12-31 18:35:00,29005.0,29006.0,29005.0,29006.0,6
MTX,202601,2025-12-31 18:36:00,29006.0,29007.0,29005.0,29006.0,10
MTX,202601,2025-12-31 18:37:00,29006.0,29006.0,29005.0,29005.0,14
MTX,202601,2025-12-31 18:38:00,29006.0,29008.0,29006.0,29008.0,30
MTX,202601,2025-12-31 18:39:00,29008.0,29009.0,29007.0,29008.0,20
MTX,202601,2025-12-31 18:40:00,29008.0,29012.0,29007.0,29012.0,64
MTX,202601,2025-12-31 18:41:00,29011.0,29013.0,29010.0,29011.0,46
MTX,202601,2025-12-31 18:42:00,29010.0,29012.0,29010.0,29011.0,30
MTX,202601,2025-12-31 18:43:00,29011.0,29011.0,29010.0,29010.0,21
MTX,202601,2025-12-31 18:44:00,29010.0,29012.0,29010.0,29012.0,11
MTX,202601,2025-12-31 18:45:00,29012.0,29013.0,29008.0,29008.0,21
MTX,202601,2025-12-31 18:46:00,29009.0,29009.0,29008.0,29008.0,10
MTX,202601,2025-12-31 18:47:00,29008.0,29010.0,29008.0,29009.0,17
MTX,202601,2025-12-31 18:48:00,29009.0,29009.0,29005.0,29005.0,23
MTX,202601,2025-12-31 18:49:00,29005.0,29006.0,29005.0,29005.0,9
MTX,202601,2025-12-31 18:50:00,29005.0,29007.0,29004.0,29007.0,16
MTX,202601,2025-12-31 18:51:00,29006.0,29007.0,29005.0,29007.0,9
MTX,202601,2025-12-31 18:52:00,29008.0,29009.0,29006.0,29009.0,10
MTX,202601,2025-12-31 18:53:00,29007.0,29008.0,29005.0,29006.0,9
MTX,202601,2025-12-31 18:54:00,29008.0,29008.0,29006.0,29008.0,10
MTX,202601,2025-12-31 18:55:00,29008.0,29008.0,29007.0,29008.0,9
MTX,202601,2025-12-31 18:56:00,29007.0,29009.0,29007.0,29009.0,5
MTX,202601,2025-12-31 18:57:00,29008.0,29008.0,29007.0,29007.0,11
MTX,202601,2025-12-31 18:58:00,29007.0,29007.0,29005.0,29005.0,16
MTX,202601,2025-12-31 18:59:00,29005.0,29007.0,29005.0,29007.0,5
MTX,202601,2025-12-31 19:00:00,29006.0,29007.0,29001.0,29001.0,59
MTX,202601,2025-12-31 19:01:00,29001.0,29004.0,29000.0,29004.0,32
MTX,202601,2025-12-31 19:02:00,29005.0,29007.0,29004.0,29007.0,14
MTX,202601,2025-12-31 19:03:00,29007.0,29008.0,29005.0,29008.0,10
MTX,202601,2025-12-31 19:04:00,29008.0,29008.0,29007.0,29007.0,13
MTX,202601,2025-12-31 19:05:00,29006.0,29007.0,29006.0,29007.0,10
MTX,202601,2025-12-31 19:06:00,29008.0,29013.0,29008.0,29013.0,55
MTX,202601,2025-12-31 19:07:00,29013.0,29014.0,29008.0,29008.0,41
MTX,202601,2025-12-31 19:08:00,29008.0,29008.0,29007.0,29007.0,4
MTX,202601,2025-12-31 19:09:00,29008.0,29008.0,29007.0,29008.0,16
MTX,202601,2025-12-31 19:10:00,29006.0,29008.0,29005.0,29005.0,24
MTX,202601,2025-12-31 19:11:00,29005.0,29005.0,29003.0,29005.0,18
MTX,202601,2025-12-31 19:12:00,29005.0,29005.0,29005.0,29005.0,5
MTX,202601,2025-12-31 19:13:00,29005.0,29005.0,29003.0,29005.0,10
MTX,202601,2025-12-31 19:14:00,29005.0,29006.0,29005.0,29006.0,4
MTX,202601,2025-12-31 19:15:00,29006.0,29009.0,29005.0,29007.0,22
MTX,202601,2025-12-31 19:16:00,29010.0,29010.0,29006.0,29007.0,14
MTX,202601,2025-12-31 19:17:00,29006.0,29006.0,29002.0,29002.0,13
MTX,202601,2025-12-31 19:18:00,29001.0,29001.0,28997.0,28998.0,104
MTX,202601,2025-12-31 19:19:00,28999.0,28999.0,28994.0,28996.0,71
MTX,202601,2025-12-31 19:20:00,28996.0,28999.0,28995.0,28996.0,43
MTX,202601,2025-12-31 19:21:00,28996.0,29000.0,28996.0,29000.0,25
MTX,202601,2025-12-31 19:22:00,29002.0,29002.0,29000.0,29001.0,12
MTX,202601,2025-12-31 19:23:00,29002.0,29003.0,29000.0,29003.0,12
MTX,202601,2025-12-31 19:24:00,29002.0,29002.0,28998.0,29000.0,48
MTX,202601,2025-12-31 19:25:00,29000.0,29000.0,29000.0,29000.0,19
MTX,202601,2025-12-31 19:26:00,29000.0,29003.0,29000.0,29000.0,23
MTX,202601,2025-12-31 19:27:00,28999.0,29003.0,28998.0,29003.0,7
MTX,202601,2025-12-31 19:28:00,29001.0,29003.0,28995.0,28995.0,113
MTX,202601,2025-12-31 19:29:00,28996.0,28998.0,28995.0,28998.0,30
MTX,202601,2025-12-31 19:30:00,28996.0,28999.0,28992.0,28999.0,141
MTX,202601,2025-12-31 19:31:00,28998.0,29000.0,28996.0,29000.0,9
MTX,202601,2025-12-31 19:32:00,29001.0,29001.0,28995.0,28997.0,34
MTX,202601,2025-12-31 19:33:00,28997.0,28998.0,28996.0,28998.0,14
MTX,202601,2025-12-31 19:34:00,28998.0,28999.0,28998.0,28998.0,11
MTX,202601,2025-12-31 19:35:00,28998.0,28998.0,28997.0,28998.0,15
MTX,202601,2025-12-31 19:36:00,28999.0,28999.0,28995.0,28997.0,25
MTX,202601,2025-12-31 19:37:00,28998.0,29001.0,28997.0,28998.0,18
MTX,202601,2025-12-31 19:38:00,29000.0,29001.0,29000.0,29001.0,10
MTX,202601,2025-12-31 19:39:00,29002.0,29002.0,28999.0,29001.0,28
MTX,202601,2025-12-31 19:40:00,29000.0,29000.0,28995.0,28998.0,34
MTX,202601,2025-12-31 19:41:00,28998.0,28998.0,28995.0,28995.0,24
MTX,202601,2025-12-31 19:42:00,28995.0,28995.0,28994.0,28994.0,19
MTX,202601,2025-12-31 19:43:00,28997.0,28997.0,28995.0,28997.0,10
MTX,202601,2025-12-31 19:44:00,28997.0,28998.0,28995.0,28997.0,10
MTX,202601,2025-12-31 19:45:00,28996.0,28997.0,28993.0,28997.0,32
MTX,202601,2025-12-31 19:46:00,28996.0,28998.0,28994.0,28997.0,22
MTX,202601,2025-12-31 19:47:00,28996.0,28997.0,28995.0,28997.0,8
MTX,202601,2025-12-31 19:48:00,28997.0,28997.0,28995.0,28997.0,20
MTX,202601,2025-12-31 19:49:00,28997.0,28997.0,28997.0,28997.0,6
MTX,202601,2025-12-31 19:50:00,28996.0,28997.0,28995.0,28997.0,15
MTX,202601,2025-12-31 19:51:00,28996.0,28996.0,28994.0,28994.0,30
MTX,202601,2025-12-31 19:52:00,28993.0,28993.0,28991.0,28991.0,30
MTX,202601,2025-12-31 19:53:00,28992.0,28992.0,28982.0,28987.0,366
MTX,202601,2025-12-31 19:54:00,28988.0,28990.0,28984.0,28988.0,71
MTX,202601,2025-12-31 19:55:00,28990.0,28992.0,28990.0,28992.0,46
MTX,202601,2025-12-31 19:56:00,28993.0,28996.0,28993.0,28995.0,23
MTX,202601,2025-12-31 19:57:00,28994.0,28995.0,28993.0,28993.0,26
MTX,202601,2025-12-31 19:58:00,28994.0,29000.0,28994.0,28999.0,56
MTX,202601,2025-12-31 19:59:00,28998.0,29000.0,28997.0,28998.0,30
MTX,202601,2025-12-31 20:00:00,28997.0,28999.0,28992.0,28999.0,173
MTX,202601,2025-12-31 20:01:00,28998.0,28999.0,28992.0,28992.0,39
MTX,202601,2025-12-31 20:02:00,28992.0,28994.0,28989.0,28990.0,45
MTX,202601,2025-12-31 20:03:00,28990.0,28992.0,28989.0,28992.0,16
MTX,202601,2025-12-31 20:04:00,28994.0,28994.0,28992.0,28992.0,7
MTX,202601,2025-12-31 20:05:00,28993.0,28993.0,28990.0,28991.0,7
MTX,202601,2025-12-31 20:06:00,28991.0,28991.0,28990.0,28991.0,23
MTX,202601,2025-12-31 20:07:00,28991.0,28994.0,28991.0,28994.0,12
MTX,202601,2025-12-31 20:08:00,28994.0,28994.0,28991.0,28993.0,23
MTX,202601,2025-12-31 20:09:00,28993.0,28993.0,28992.0,28992.0,6
MTX,202601,2025-12-31 20:10:00,28992.0,28994.0,28990.0,28991.0,24
MTX,202601,2025-12-31 20:11:00,28990.0,28993.0,28990.0,28991.0,24
MTX,202601,2025-12-31 20:12:00,28993.0,28993.0,28992.0,28993.0,23
MTX,202601,2025-12-31 20:13:00,28994.0,28996.0,28994.0,28996.0,27
MTX,202601,2025-12-31 20:14:00,28996.0,28999.0,28996.0,28997.0,45
MTX,202601,2025-12-31 20:15:00,28996.0,29000.0,28995.0,29000.0,40
MTX,202601,2025-12-31 20:16:00,29000.0,29002.0,29000.0,29002.0,46
MTX,202601,2025-12-31 20:17:00,29003.0,29003.0,29000.0,29002.0,52
MTX,202601,2025-12-31 20:18:00,29002.0,29009.0,29001.0,29008.0,53
MTX,202601,2025-12-31 20:19:00,29008.0,29010.0,29006.0,29008.0,91
MTX,202601,2025-12-31 20:20:00,29008.0,29017.0,29007.0,29015.0,257
MTX,202601,2025-12-31 20:21:00,29015.0,29018.0,29014.0,29017.0,71
MTX,202601,2025-12-31 20:22:00,29017.0,29020.0,29016.0,29019.0,153
MTX,202601,2025-12-31 20:23:00,29018.0,29019.0,29010.0,29011.0,93
MTX,202601,2025-12-31 20:24:00,29012.0,29013.0,29010.0,29011.0,45
MTX,202601,2025-12-31 20:25:00,29011.0,29011.0,29008.0,29009.0,48
MTX,202601,2025-12-31 20:26:00,29009.0,29013.0,29009.0,29013.0,39
MTX,202601,2025-12-31 20:27:00,29013.0,29013.0,29010.0,29012.0,30
MTX,202601,2025-12-31 20:28:00,29010.0,29013.0,29010.0,29012.0,10
MTX,202601,2025-12-31 20:29:00,29012.0,29012.0,29009.0,29010.0,27
MTX,202601,2025-12-31 20:30:00,29009.0,29012.0,29007.0,29010.0,63
MTX,202601,2025-12-31 20:31:00,29012.0,29018.0,29012.0,29017.0,42
MTX,202601,2025-12-31 20:32:00,29016.0,29017.0,29013.0,29013.0,81
MTX,202601,2025-12-31 20:33:00,29014.0,29016.0,29012.0,29015.0,27
MTX,202601,2025-12-31 20:34:00,29015.0,29022.0,29015.0,29020.0,85
MTX,202601,2025-12-31 20:35:00,29019.0,29022.0,29019.0,29021.0,56
MTX,202601,2025-12-31 20:36:00,29022.0,29023.0,29020.0,29020.0,78
MTX,202601,2025-12-31 20:37:00,29021.0,29021.0,29016.0,29016.0,68
MTX,202601,2025-12-31 20:38:00,29016.0,29019.0,29016.0,29018.0,17
MTX,202601,2025-12-31 20:39:00,29018.0,29018.0,29016.0,29016.0,7
MTX,202601,2025-12-31 20:40:00,29016.0,29018.0,29015.0,29017.0,27
MTX,202601,2025-12-31 20:41:00,29017.0,29021.0,29017.0,29020.0,35
MTX,202601,2025-12-31 20:42:00,29021.0,29022.0,29018.0,29018.0,27
MTX,202601,2025-12-31 20:43:00,29019.0,29019.0,29017.0,29017.0,13
MTX,202601,2025-12-31 20:44:00,29017.0,29018.0,29013.0,29013.0,36
MTX,202601,2025-12-31 20:45:00,29012.0,29014.0,29012.0,29012.0,23
MTX,202601,2025-12-31 20:46:00,29013.0,29016.0,29013.0,29016.0,44
MTX,202601,2025-12-31 20:47:00,29018.0,29018.0,29017.0,29017.0,6
MTX,202601,2025-12-31 20:48:00,29017.0,29017.0,29015.0,29015.0,15
MTX,202601,2025-12-31 20:49:00,29016.0,29019.0,29016.0,29018.0,16
MTX,202601,2025-12-31 20:50:00,29016.0,29016.0,29015.0,29016.0,7
MTX,202601,2025-12-31 20:51:00,29017.0,29018.0,29016.0,29018.0,16
MTX,202601,2025-12-31 20:52:00,29017.0,29017.0,29015.0,29016.0,9
MTX,202601,2025-12-31 20:53:00,29016.0,29017.0,29015.0,29017.0,21
MTX,202601,2025-12-31 20:54:00,29017.0,29027.0,29017.0,29024.0,173
MTX,202601,2025-12-31 20:55:00,29025.0,29030.0,29025.0,29026.0,149
MTX,202601,2025-12-31 20:56:00,29026.0,29030.0,29026.0,29028.0,39
MTX,202601,2025-12-31 20:57:00,29028.0,29036.0,29026.0,29034.0,125
MTX,202601,2025-12-31 20:58:00,29033.0,29035.0,29033.0,29034.0,83
MTX,202601,2025-12-31 20:59:00,29035.0,29036.0,29031.0,29032.0,80
MTX,202601,2025-12-31 21:00:00,29031.0,29035.0,29029.0,29029.0,97
MTX,202601,2025-12-31 21:01:00,29030.0,29031.0,29025.0,29026.0,80
MTX,202601,2025-12-31 21:02:00,29026.0,29032.0,29023.0,29030.0,139
MTX,202601,2025-12-31 21:03:00,29030.0,29032.0,29030.0,29031.0,31
MTX,202601,2025-12-31 21:04:00,29030.0,29032.0,29029.0,29030.0,29
MTX,202601,2025-12-31 21:05:00,29029.0,29029.0,29027.0,29027.0,28
MTX,202601,2025-12-31 21:06:00,29028.0,29028.0,29027.0,29028.0,19
MTX,202601,2025-12-31 21:07:00,29028.0,29028.0,29028.0,29028.0,8
MTX,202601,2025-12-31 21:08:00,29028.0,29029.0,29027.0,29029.0,18
MTX,202601,2025-12-31 21:09:00,29029.0,29029.0,29028.0,29029.0,12
MTX,202601,2025-12-31 21:10:00,29029.0,29029.0,29029.0,29029.0,13
MTX,202601,2025-12-31 21:11:00,29030.0,29030.0,29027.0,29027.0,23
MTX,202601,2025-12-31 21:12:00,29029.0,29029.0,29027.0,29028.0,16
MTX,202601,2025-12-31 21:13:00,29028.0,29029.0,29026.0,29028.0,20
MTX,202601,2025-12-31 21:14:00,29028.0,29028.0,29027.0,29027.0,3
MTX,202601,2025-12-31 21:15:00,29027.0,29030.0,29027.0,29029.0,25
MTX,202601,2025-12-31 21:16:00,29029.0,29034.0,29029.0,29034.0,64
MTX,202601,2025-12-31 21:17:00,29034.0,29040.0,29034.0,29038.0,165
MTX,202601,2025-12-31 21:18:00,29038.0,29039.0,29037.0,29039.0,42
MTX,202601,2025-12-31 21:19:00,29039.0,29040.0,29038.0,29039.0,65
MTX,202601,2025-12-31 21:20:00,29038.0,29040.0,29038.0,29039.0,32
MTX,202601,2025-12-31 21:21:00,29040.0,29043.0,29037.0,29041.0,74
MTX,202601,2025-12-31 21:22:00,29041.0,29047.0,29041.0,29046.0,99
MTX,202601,2025-12-31 21:23:00,29045.0,29050.0,29045.0,29049.0,140
MTX,202601,2025-12-31 21:24:00,29050.0,29050.0,29048.0,29048.0,56
MTX,202601,2025-12-31 21:25:00,29048.0,29051.0,29047.0,29051.0,105
MTX,202601,2025-12-31 21:26:00,29050.0,29050.0,29045.0,29048.0,73
MTX,202601,2025-12-31 21:27:00,29048.0,29048.0,29046.0,29047.0,19
MTX,202601,2025-12-31 21:28:00,29047.0,29048.0,29046.0,29047.0,40
MTX,202601,2025-12-31 21:29:00,29048.0,29050.0,29047.0,29049.0,31
MTX,202601,2025-12-31 21:30:00,29048.0,29048.0,29043.0,29044.0,98
MTX,202601,2025-12-31 21:31:00,29043.0,29047.0,29042.0,29044.0,57
MTX,202601,2025-12-31 21:32:00,29044.0,29049.0,29040.0,29049.0,84
MTX,202601,2025-12-31 21:33:00,29050.0,29052.0,29048.0,29050.0,88
MTX,202601,2025-12-31 21:34:00,29051.0,29053.0,29049.0,29050.0,49
MTX,202601,2025-12-31 21:35:00,29048.0,29054.0,29048.0,29048.0,76
MTX,202601,2025-12-31 21:36:00,29048.0,29052.0,29047.0,29052.0,50
MTX,202601,2025-12-31 21:37:00,29052.0,29053.0,29050.0,29051.0,30
MTX,202601,2025-12-31 21:38:00,29051.0,29052.0,29048.0,29048.0,46
MTX,202601,2025-12-31 21:39:00,29048.0,29053.0,29048.0,29052.0,46
MTX,202601,2025-12-31 21:40:00,29052.0,29057.0,29052.0,29056.0,145
MTX,202601,2025-12-31 21:41:00,29056.0,29060.0,29054.0,29056.0,131
MTX,202601,2025-12-31 21:42:00,29055.0,29058.0,29054.0,29056.0,63
MTX,202601,2025-12-31 21:43:00,29057.0,29059.0,29053.0,29059.0,49
MTX,202601,2025-12-31 21:44:00,29059.0,29062.0,29058.0,29060.0,131
MTX,202601,2025-12-31 21:45:00,29060.0,29065.0,29060.0,29060.0,145
MTX,202601,2025-12-31 21:46:00,29061.0,29067.0,29061.0,29067.0,132
MTX,202601,2025-12-31 21:47:00,29067.0,29079.0,29067.0,29072.0,680
MTX,202601,2025-12-31 21:48:00,29071.0,29080.0,29071.0,29075.0,286
MTX,202601,2025-12-31 21:49:00,29075.0,29077.0,29074.0,29077.0,91
MTX,202601,2025-12-31 21:50:00,29077.0,29084.0,29073.0,29084.0,327
MTX,202601,2025-12-31 21:51:00,29084.0,29085.0,29078.0,29079.0,166
MTX,202601,2025-12-31 21:52:00,29081.0,29093.0,29080.0,29090.0,393
MTX,202601,2025-12-31 21:53:00,29090.0,29095.0,29085.0,29086.0,202
MTX,202601,2025-12-31 21:54:00,29087.0,29088.0,29081.0,29082.0,75
MTX,202601,2025-12-31 21:55:00,29083.0,29086.0,29082.0,29083.0,96
MTX,202601,2025-12-31 21:56:00,29085.0,29087.0,29081.0,29081.0,89
MTX,202601,2025-12-31 21:57:00,29080.0,29083.0,29078.0,29079.0,99
MTX,202601,2025-12-31 21:58:00,29078.0,29080.0,29077.0,29079.0,96
MTX,202601,2025-12-31 21:59:00,29079.0,29082.0,29077.0,29081.0,65
MTX,202601,2025-12-31 22:00:00,29079.0,29083.0,29078.0,29079.0,169
MTX,202601,2025-12-31 22:01:00,29080.0,29084.0,29080.0,29082.0,62
MTX,202601,2025-12-31 22:02:00,29083.0,29084.0,29078.0,29078.0,70
MTX,202601,2025-12-31 22:03:00,29078.0,29080.0,29076.0,29078.0,78
MTX,202601,2025-12-31 22:04:00,29078.0,29079.0,29076.0,29077.0,38
MTX,202601,2025-12-31 22:05:00,29078.0,29080.0,29076.0,29077.0,50
MTX,202601,2025-12-31 22:06:00,29078.0,29083.0,29077.0,29080.0,80
MTX,202601,2025-12-31 22:07:00,29081.0,29082.0,29079.0,29081.0,33
MTX,202601,2025-12-31 22:08:00,29081.0,29084.0,29081.0,29084.0,24
MTX,202601,2025-12-31 22:09:00,29083.0,29084.0,29083.0,29084.0,21
MTX,202601,2025-12-31 22:10:00,29084.0,29085.0,29082.0,29083.0,45
MTX,202601,2025-12-31 22:11:00,29083.0,29084.0,29080.0,29084.0,38
MTX,202601,2025-12-31 22:12:00,29083.0,29087.0,29083.0,29087.0,62
MTX,202601,2025-12-31 22:13:00,29087.0,29087.0,29083.0,29085.0,45
MTX,202601,2025-12-31 22:14:00,29085.0,29090.0,29084.0,29089.0,94
MTX,202601,2025-12-31 22:15:00,29089.0,29089.0,29084.0,29084.0,46
MTX,202601,2025-12-31 22:16:00,29084.0,29085.0,29081.0,29082.0,56
MTX,202601,2025-12-31 22:17:00,29082.0,29083.0,29080.0,29080.0,51
MTX,202601,2025-12-31 22:18:00,29081.0,29081.0,29077.0,29077.0,53
MTX,202601,2025-12-31 22:19:00,29078.0,29079.0,29077.0,29078.0,72
MTX,202601,2025-12-31 22:20:00,29078.0,29080.0,29078.0,29080.0,55
MTX,202601,2025-12-31 22:21:00,29080.0,29085.0,29079.0,29084.0,52
MTX,202601,2025-12-31 22:22:00,29085.0,29085.0,29084.0,29084.0,17
MTX,202601,2025-12-31 22:23:00,29085.0,29085.0,29077.0,29077.0,64
MTX,202601,2025-12-31 22:24:00,29077.0,29082.0,29077.0,29082.0,47
MTX,202601,2025-12-31 22:25:00,29080.0,29080.0,29077.0,29077.0,34
MTX,202601,2025-12-31 22:26:00,29077.0,29081.0,29077.0,29081.0,52
MTX,202601,2025-12-31 22:27:00,29082.0,29084.0,29077.0,29078.0,52
MTX,202601,2025-12-31 22:28:00,29077.0,29077.0,29068.0,29072.0,204
MTX,202601,2025-12-31 22:29:00,29073.0,29073.0,29067.0,29069.0,113
MTX,202601,2025-12-31 22:30:00,29070.0,29088.0,29066.0,29088.0,296
MTX,202601,2025-12-31 22:31:00,29087.0,29094.0,29071.0,29076.0,505
MTX,202601,2025-12-31 22:32:00,29078.0,29087.0,29062.0,29066.0,298
MTX,202601,2025-12-31 22:33:00,29064.0,29075.0,29058.0,29067.0,306
MTX,202601,2025-12-31 22:34:00,29068.0,29072.0,29057.0,29070.0,266
MTX,202601,2025-12-31 22:35:00,29071.0,29087.0,29070.0,29077.0,336
MTX,202601,2025-12-31 22:36:00,29078.0,29078.0,29057.0,29059.0,269
MTX,202601,2025-12-31 22:37:00,29062.0,29062.0,29052.0,29056.0,261
MTX,202601,2025-12-31 22:38:00,29058.0,29060.0,29047.0,29060.0,400
MTX,202601,2025-12-31 22:39:00,29060.0,29061.0,29054.0,29056.0,176
MTX,202601,2025-12-31 22:40:00,29057.0,29061.0,29053.0,29057.0,160
MTX,202601,2025-12-31 22:41:00,29056.0,29056.0,29047.0,29055.0,218
MTX,202601,2025-12-31 22:42:00,29055.0,29062.0,29048.0,29051.0,227
MTX,202601,2025-12-31 22:43:00,29052.0,29056.0,29048.0,29050.0,121
MTX,202601,2025-12-31 22:44:00,29049.0,29059.0,29045.0,29059.0,160
MTX,202601,2025-12-31 22:45:00,29057.0,29062.0,29042.0,29045.0,242
MTX,202601,2025-12-31 22:46:00,29047.0,29055.0,29046.0,29051.0,105
MTX,202601,2025-12-31 22:47:00,29050.0,29051.0,29046.0,29047.0,68
MTX,202601,2025-12-31 22:48:00,29046.0,29056.0,29045.0,29050.0,112
MTX,202601,2025-12-31 22:49:00,29050.0,29053.0,29044.0,29052.0,73
MTX,202601,2025-12-31 22:50:00,29053.0,29062.0,29048.0,29053.0,214
MTX,202601,2025-12-31 22:51:00,29052.0,29057.0,29047.0,29057.0,100
MTX,202601,2025-12-31 22:52:00,29058.0,29070.0,29058.0,29068.0,262
MTX,202601,2025-12-31 22:53:00,29068.0,29069.0,29058.0,29060.0,109
MTX,202601,2025-12-31 22:54:00,29062.0,29075.0,29059.0,29074.0,161
MTX,202601,2025-12-31 22:55:00,29073.0,29092.0,29072.0,29085.0,570
MTX,202601,2025-12-31 22:56:00,29086.0,29092.0,29073.0,29074.0,315
MTX,202601,2025-12-31 22:57:00,29073.0,29076.0,29067.0,29069.0,209
MTX,202601,2025-12-31 22:58:00,29070.0,29077.0,29069.0,29071.0,86
MTX,202601,2025-12-31 22:59:00,29070.0,29083.0,29070.0,29082.0,145
MTX,202601,2025-12-31 23:00:00,29082.0,29083.0,29076.0,29079.0,156
MTX,202601,2025-12-31 23:01:00,29078.0,29083.0,29069.0,29076.0,139
MTX,202601,2025-12-31 23:02:00,29075.0,29075.0,29066.0,29072.0,156
MTX,202601,2025-12-31 23:03:00,29070.0,29072.0,29067.0,29068.0,67
MTX,202601,2025-12-31 23:04:00,29068.0,29079.0,29067.0,29079.0,124
MTX,202601,2025-12-31 23:05:00,29079.0,29082.0,29071.0,29071.0,103
MTX,202601,2025-12-31 23:06:00,29071.0,29074.0,29068.0,29071.0,72
MTX,202601,2025-12-31 23:07:00,29072.0,29075.0,29071.0,29074.0,41
MTX,202601,2025-12-31 23:08:00,29075.0,29080.0,29064.0,29066.0,187
MTX,202601,2025-12-31 23:09:00,29066.0,29071.0,29064.0,29065.0,99
MTX,202601,2025-12-31 23:10:00,29065.0,29066.0,29056.0,29058.0,203
MTX,202601,2025-12-31 23:11:00,29058.0,29059.0,29045.0,29048.0,331
MTX,202601,2025-12-31 23:12:00,29046.0,29055.0,29045.0,29055.0,166
MTX,202601,2025-12-31 23:13:00,29055.0,29062.0,29055.0,29057.0,121
MTX,202601,2025-12-31 23:14:00,29057.0,29060.0,29054.0,29059.0,69
MTX,202601,2025-12-31 23:15:00,29061.0,29064.0,29056.0,29061.0,87
MTX,202601,2025-12-31 23:16:00,29062.0,29062.0,29052.0,29053.0,71
MTX,202601,2025-12-31 23:17:00,29053.0,29054.0,29049.0,29051.0,66
MTX,202601,2025-12-31 23:18:00,29054.0,29054.0,29030.0,29034.0,568
MTX,202601,2025-12-31 23:19:00,29034.0,29044.0,29032.0,29041.0,182
MTX,202601,2025-12-31 23:20:00,29040.0,29050.0,29038.0,29049.0,158
MTX,202601,2025-12-31 23:21:00,29048.0,29054.0,29041.0,29044.0,163
MTX,202601,2025-12-31 23:22:00,29043.0,29053.0,29043.0,29049.0,51
MTX,202601,2025-12-31 23:23:00,29050.0,29057.0,29048.0,29051.0,115
MTX,202601,2025-12-31 23:24:00,29053.0,29053.0,29048.0,29048.0,45
MTX,202601,2025-12-31 23:25:00,29049.0,29057.0,29049.0,29056.0,62
MTX,202601,2025-12-31 23:26:00,29056.0,29065.0,29055.0,29062.0,172
MTX,202601,2025-12-31 23:27:00,29062.0,29064.0,29059.0,29063.0,107
MTX,202601,2025-12-31 23:28:00,29063.0,29067.0,29062.0,29065.0,73
MTX,202601,2025-12-31 23:29:00,29065.0,29066.0,29062.0,29065.0,31
MTX,202601,2025-12-31 23:30:00,29065.0,29072.0,29060.0,29061.0,178
MTX,202601,2025-12-31 23:31:00,29061.0,29062.0,29052.0,29054.0,101
MTX,202601,2025-12-31 23:32:00,29054.0,29062.0,29053.0,29059.0,40
MTX,202601,2025-12-31 23:33:00,29061.0,29064.0,29060.0,29063.0,57
MTX,202601,2025-12-31 23:34:00,29063.0,29064.0,29061.0,29061.0,25
MTX,202601,2025-12-31 23:35:00,29061.0,29061.0,29056.0,29056.0,24
MTX,202601,2025-12-31 23:36:00,29057.0,29064.0,29057.0,29064.0,22
MTX,202601,2025-12-31 23:37:00,29062.0,29062.0,29054.0,29054.0,40
MTX,202601,2025-12-31 23:38:00,29054.0,29057.0,29051.0,29051.0,62
MTX,202601,2025-12-31 23:39:00,29052.0,29061.0,29052.0,29057.0,56
MTX,202601,2025-12-31 23:40:00,29059.0,29059.0,29050.0,29051.0,56
MTX,202601,2025-12-31 23:41:00,29053.0,29056.0,29049.0,29055.0,56
MTX,202601,2025-12-31 23:42:00,29054.0,29055.0,29051.0,29053.0,30
MTX,202601,2025-12-31 23:43:00,29055.0,29060.0,29053.0,29060.0,52
MTX,202601,2025-12-31 23:44:00,29059.0,29062.0,29059.0,29062.0,43
MTX,202601,2025-12-31 23:45:00,29061.0,29061.0,29055.0,29057.0,25
MTX,202601,2025-12-31 23:46:00,29058.0,29059.0,29057.0,29059.0,34
MTX,202601,2025-12-31 23:47:00,29060.0,29061.0,29055.0,29055.0,34
MTX,202601,2025-12-31 23:48:00,29055.0,29060.0,29055.0,29059.0,16
MTX,202601,2025-12-31 23:49:00,29059.0,29061.0,29057.0,29061.0,18
MTX,202601,2025-12-31 23:50:00,29060.0,29060.0,29053.0,29054.0,33
MTX,202601,2025-12-31 23:51:00,29055.0,29055.0,29052.0,29053.0,46
MTX,202601,2025-12-31 23:52:00,29052.0,29055.0,29051.0,29053.0,26
MTX,202601,2025-12-31 23:53:00,29053.0,29053.0,29046.0,29049.0,88
MTX,202601,2025-12-31 23:54:00,29048.0,29048.0,29041.0,29041.0,116
MTX,202601,2025-12-31 23:55:00,29041.0,29044.0,29031.0,29036.0,267
MTX,202601,2025-12-31 23:56:00,29035.0,29035.0,29024.0,29029.0,283
MTX,202601,2025-12-31 23:57:00,29029.0,29035.0,29028.0,29029.0,181
MTX,202601,2025-12-31 23:58:00,29029.0,29034.0,29022.0,29034.0,201
MTX,202601,2025-12-31 23:59:00,29034.0,29036.0,29030.0,29035.0,104
MTX,202601,2026-01-01 00:00:00,29034.0,29044.0,29031.0,29043.0,192
MTX,202601,2026-01-01 00:01:00,29043.0,29046.0,29036.0,29036.0,104
MTX,202601,2026-01-01 00:02:00,29036.0,29043.0,29035.0,29040.0,35
MTX,202601,2026-01-01 00:03:00,29039.0,29045.0,29038.0,29040.0,52
MTX,202601,2026-01-01 00:04:00,29041.0,29043.0,29036.0,29036.0,74
MTX,202601,2026-01-01 00:05:00,29036.0,29041.0,29033.0,29041.0,68
MTX,202601,2026-01-01 00:06:00,29040.0,29040.0,29033.0,29035.0,97
MTX,202601,2026-01-01 00:07:00,29035.0,29037.0,29033.0,29033.0,34
MTX,202601,2026-01-01 00:08:00,29033.0,29035.0,29026.0,29032.0,209
MTX,202601,2026-01-01 00:09:00,29029.0,29029.0,29018.0,29022.0,257
MTX,202601,2026-01-01 00:10:00,29022.0,29022.0,29012.0,29013.0,293
MTX,202601,2026-01-01 00:11:00,29012.0,29024.0,29011.0,29024.0,159
MTX,202601,2026-01-01 00:12:00,29023.0,29026.0,29020.0,29026.0,95
MTX,202601,2026-01-01 00:13:00,29027.0,29030.0,29024.0,29027.0,106
MTX,202601,2026-01-01 00:14:00,29027.0,29031.0,29026.0,29030.0,57
MTX,202601,2026-01-01 00:15:00,29030.0,29032.0,29025.0,29029.0,108
MTX,202601,2026-01-01 00:16:00,29030.0,29034.0,29029.0,29030.0,76
MTX,202601,2026-01-01 00:17:00,29032.0,29035.0,29032.0,29032.0,60
MTX,202601,2026-01-01 00:18:00,29033.0,29033.0,29029.0,29033.0,53
MTX,202601,2026-01-01 00:19:00,29031.0,29040.0,29031.0,29040.0,99
MTX,202601,2026-01-01 00:20:00,29040.0,29048.0,29037.0,29043.0,192
MTX,202601,2026-01-01 00:21:00,29045.0,29046.0,29040.0,29041.0,78
MTX,202601,2026-01-01 00:22:00,29041.0,29044.0,29035.0,29037.0,59
MTX,202601,2026-01-01 00:23:00,29038.0,29042.0,29036.0,29041.0,40
MTX,202601,2026-01-01 00:24:00,29041.0,29043.0,29038.0,29038.0,22
MTX,202601,2026-01-01 00:25:00,29040.0,29042.0,29039.0,29041.0,14
MTX,202601,2026-01-01 00:26:00,29040.0,29044.0,29039.0,29043.0,29
MTX,202601,2026-01-01 00:27:00,29043.0,29047.0,29042.0,29043.0,92
MTX,202601,2026-01-01 00:28:00,29044.0,29045.0,29041.0,29044.0,27
MTX,202601,2026-01-01 00:29:00,29044.0,29047.0,29044.0,29047.0,41
MTX,202601,2026-01-01 00:30:00,29048.0,29050.0,29040.0,29040.0,103
MTX,202601,2026-01-01 00:31:00,29039.0,29040.0,29037.0,29038.0,35
MTX,202601,2026-01-01 00:32:00,29038.0,29041.0,29038.0,29039.0,38
MTX,202601,2026-01-01 00:33:00,29040.0,29040.0,29039.0,29040.0,20
MTX,202601,2026-01-01 00:34:00,29040.0,29043.0,29040.0,29042.0,14
MTX,202601,2026-01-01 00:35:00,29042.0,29043.0,29040.0,29041.0,21
MTX,202601,2026-01-01 00:36:00,29041.0,29042.0,29037.0,29037.0,34
MTX,202601,2026-01-01 00:37:00,29038.0,29044.0,29038.0,29042.0,14
MTX,202601,2026-01-01 00:38:00,29044.0,29048.0,29044.0,29045.0,82
MTX,202601,2026-01-01 00:39:00,29045.0,29047.0,29044.0,29047.0,22
MTX,202601,2026-01-01 00:40:00,29046.0,29048.0,29044.0,29044.0,15
MTX,202601,2026-01-01 00:41:00,29042.0,29042.0,29037.0,29037.0,22
MTX,202601,2026-01-01 00:42:00,29037.0,29038.0,29035.0,29036.0,39
MTX,202601,2026-01-01 00:43:00,29036.0,29042.0,29036.0,29039.0,36
MTX,202601,2026-01-01 00:44:00,29039.0,29041.0,29039.0,29039.0,18
MTX,202601,2026-01-01 00:45:00,29039.0,29041.0,29037.0,29041.0,27
MTX,202601,2026-01-01 00:46:00,29041.0,29041.0,29040.0,29041.0,10
MTX,202601,2026-01-01 00:47:00,29040.0,29040.0,29037.0,29039.0,12
MTX,202601,2026-01-01 00:48:00,29038.0,29040.0,29036.0,29040.0,11
MTX,202601,2026-01-01 00:49:00,29041.0,29047.0,29041.0,29046.0,33
MTX,202601,2026-01-01 00:50:00,29046.0,29046.0,29043.0,29043.0,16
MTX,202601,2026-01-01 00:51:00,29045.0,29055.0,29045.0,29054.0,158
MTX,202601,2026-01-01 00:52:00,29054.0,29057.0,29053.0,29055.0,77
MTX,202601,2026-01-01 00:53:00,29056.0,29058.0,29051.0,29051.0,88
MTX,202601,2026-01-01 00:54:00,29051.0,29053.0,29050.0,29053.0,22
MTX,202601,2026-01-01 00:55:00,29053.0,29057.0,29053.0,29057.0,27
MTX,202601,2026-01-01 00:56:00,29056.0,29063.0,29055.0,29062.0,114
MTX,202601,2026-01-01 00:57:00,29062.0,29062.0,29060.0,29060.0,64
MTX,202601,2026-01-01 00:58:00,29060.0,29063.0,29060.0,29062.0,56
MTX,202601,2026-01-01 00:59:00,29062.0,29063.0,29059.0,29062.0,46
MTX,202601,2026-01-01 01:00:00,29062.0,29064.0,29057.0,29058.0,114
MTX,202601,2026-01-01 01:01:00,29058.0,29059.0,29055.0,29058.0,45
MTX,202601,2026-01-01 01:02:00,29057.0,29057.0,29054.0,29054.0,13
MTX,202601,2026-01-01 01:03:00,29054.0,29057.0,29054.0,29057.0,17
MTX,202601,2026-01-01 01:04:00,29055.0,29055.0,29052.0,29053.0,24
MTX,202601,2026-01-01 01:05:00,29053.0,29055.0,29050.0,29051.0,41
MTX,202601,2026-01-01 01:06:00,29051.0,29052.0,29045.0,29047.0,54
MTX,202601,2026-01-01 01:07:00,29047.0,29048.0,29040.0,29040.0,56
MTX,202601,2026-01-01 01:08:00,29041.0,29041.0,29038.0,29039.0,77
MTX,202601,2026-01-01 01:09:00,29038.0,29040.0,29036.0,29038.0,55
MTX,202601,2026-01-01 01:10:00,29037.0,29039.0,29036.0,29039.0,36
MTX,202601,2026-01-01 01:11:00,29039.0,29046.0,29039.0,29046.0,52
MTX,202601,2026-01-01 01:12:00,29045.0,29047.0,29044.0,29046.0,40
MTX,202601,2026-01-01 01:13:00,29045.0,29052.0,29045.0,29051.0,40
MTX,202601,2026-01-01 01:14:00,29051.0,29052.0,29050.0,29050.0,20
MTX,202601,2026-01-01 01:15:00,29050.0,29052.0,29050.0,29051.0,21
MTX,202601,2026-01-01 01:16:00,29050.0,29051.0,29048.0,29049.0,22
MTX,202601,2026-01-01 01:17:00,29050.0,29056.0,29050.0,29056.0,37
MTX,202601,2026-01-01 01:18:00,29056.0,29060.0,29056.0,29060.0,48
MTX,202601,2026-01-01 01:19:00,29059.0,29060.0,29058.0,29058.0,20
MTX,202601,2026-01-01 01:20:00,29058.0,29059.0,29051.0,29052.0,31
MTX,202601,2026-01-01 01:21:00,29052.0,29056.0,29052.0,29054.0,21
MTX,202601,2026-01-01 01:22:00,29054.0,29057.0,29054.0,29056.0,18
MTX,202601,2026-01-01 01:23:00,29057.0,29058.0,29056.0,29058.0,16
MTX,202601,2026-01-01 01:24:00,29057.0,29057.0,29056.0,29057.0,24
MTX,202601,2026-01-01 01:25:00,29055.0,29055.0,29053.0,29054.0,19
MTX,202601,2026-01-01 01:26:00,29053.0,29059.0,29053.0,29059.0,19
MTX,202601,2026-01-01 01:27:00,29059.0,29062.0,29059.0,29061.0,37
MTX,202601,2026-01-01 01:28:00,29060.0,29061.0,29059.0,29060.0,8
MTX,202601,2026-01-01 01:29:00,29061.0,29061.0,29060.0,29060.0,8
MTX,202601,2026-01-01 01:30:00,29060.0,29062.0,29057.0,29062.0,51
MTX,202601,2026-01-01 01:31:00,29063.0,29064.0,29062.0,29063.0,44
MTX,202601,2026-01-01 01:32:00,29063.0,29068.0,29063.0,29067.0,119
MTX,202601,2026-01-01 01:33:00,29067.0,29068.0,29064.0,29068.0,45
MTX,202601,2026-01-01 01:34:00,29068.0,29068.0,29064.0,29065.0,30
MTX,202601,2026-01-01 01:35:00,29065.0,29069.0,29065.0,29066.0,29
MTX,202601,2026-01-01 01:36:00,29067.0,29069.0,29065.0,29068.0,24
MTX,202601,2026-01-01 01:37:00,29069.0,29073.0,29066.0,29066.0,141
MTX,202601,2026-01-01 01:38:00,29066.0,29070.0,29066.0,29067.0,37
MTX,202601,2026-01-01 01:39:00,29068.0,29071.0,29067.0,29070.0,30
MTX,202601,2026-01-01 01:40:00,29070.0,29072.0,29069.0,29071.0,40
MTX,202601,2026-01-01 01:41:00,29069.0,29071.0,29069.0,29070.0,19
MTX,202601,2026-01-01 01:42:00,29071.0,29073.0,29068.0,29071.0,45
MTX,202601,2026-01-01 01:43:00,29071.0,29072.0,29070.0,29071.0,23
MTX,202601,2026-01-01 01:44:00,29070.0,29074.0,29070.0,29074.0,47
MTX,202601,2026-01-01 01:45:00,29074.0,29076.0,29073.0,29073.0,77
MTX,202601,2026-01-01 01:46:00,29074.0,29074.0,29070.0,29073.0,40
MTX,202601,2026-01-01 01:47:00,29072.0,29072.0,29068.0,29069.0,17
MTX,202601,2026-01-01 01:48:00,29069.0,29069.0,29065.0,29066.0,38
MTX,202601,2026-01-01 01:49:00,29066.0,29067.0,29066.0,29066.0,15
MTX,202601,2026-01-01 01:50:00,29066.0,29066.0,29061.0,29063.0,47
MTX,202601,2026-01-01 01:51:00,29063.0,29064.0,29061.0,29061.0,27
MTX,202601,2026-01-01 01:52:00,29061.0,29061.0,29060.0,29060.0,40
MTX,202601,2026-01-01 01:53:00,29061.0,29062.0,29060.0,29062.0,22
MTX,202601,2026-01-01 01:54:00,29063.0,29066.0,29063.0,29065.0,30
MTX,202601,2026-01-01 01:55:00,29065.0,29065.0,29059.0,29059.0,36
MTX,202601,2026-01-01 01:56:00,29058.0,29060.0,29056.0,29060.0,46
MTX,202601,2026-01-01 01:57:00,29059.0,29060.0,29057.0,29058.0,30
MTX,202601,2026-01-01 01:58:00,29059.0,29060.0,29058.0,29058.0,13
MTX,202601,2026-01-01 01:59:00,29058.0,29061.0,29058.0,29061.0,20
MTX,202601,2026-01-01 02:00:00,29060.0,29064.0,29059.0,29060.0,37
MTX,202601,2026-01-01 02:01:00,29060.0,29060.0,29054.0,29054.0,39
MTX,202601,2026-01-01 02:02:00,29055.0,29057.0,29054.0,29056.0,26
MTX,202601,2026-01-01 02:03:00,29055.0,29060.0,29055.0,29060.0,20
MTX,202601,2026-01-01 02:04:00,29061.0,29061.0,29060.0,29061.0,8
MTX,202601,2026-01-01 02:05:00,29061.0,29061.0,29057.0,29057.0,15
MTX,202601,2026-01-01 02:06:00,29056.0,29057.0,29056.0,29056.0,16
MTX,202601,2026-01-01 02:07:00,29058.0,29069.0,29058.0,29068.0,71
MTX,202601,2026-01-01 02:08:00,29068.0,29074.0,29068.0,29074.0,59
MTX,202601,2026-01-01 02:09:00,29073.0,29074.0,29069.0,29069.0,29
MTX,202601,2026-01-01 02:10:00,29069.0,29071.0,29068.0,29068.0,22
MTX,202601,2026-01-01 02:11:00,29068.0,29069.0,29065.0,29068.0,29
MTX,202601,2026-01-01 02:12:00,29067.0,29072.0,29067.0,29072.0,41
MTX,202601,2026-01-01 02:13:00,29071.0,29072.0,29069.0,29069.0,18
MTX,202601,2026-01-01 02:14:00,29070.0,29073.0,29070.0,29073.0,32
MTX,202601,2026-01-01 02:15:00,29072.0,29074.0,29069.0,29072.0,39
MTX,202601,2026-01-01 02:16:00,29073.0,29075.0,29073.0,29073.0,21
MTX,202601,2026-01-01 02:17:00,29072.0,29072.0,29065.0,29068.0,30
MTX,202601,2026-01-01 02:18:00,29067.0,29068.0,29065.0,29067.0,10
MTX,202601,2026-01-01 02:19:00,29066.0,29070.0,29065.0,29070.0,15
MTX,202601,2026-01-01 02:20:00,29070.0,29073.0,29070.0,29070.0,10
MTX,202601,2026-01-01 02:21:00,29070.0,29070.0,29070.0,29070.0,5
MTX,202601,2026-01-01 02:22:00,29070.0,29071.0,29070.0,29071.0,7
MTX,202601,2026-01-01 02:23:00,29071.0,29074.0,29070.0,29074.0,23
MTX,202601,2026-01-01 02:24:00,29073.0,29074.0,29073.0,29074.0,9
MTX,202601,2026-01-01 02:25:00,29074.0,29083.0,29074.0,29080.0,204
MTX,202601,2026-01-01 02:26:00,29081.0,29084.0,29079.0,29079.0,64
MTX,202601,2026-01-01 02:27:00,29080.0,29084.0,29080.0,29084.0,30
MTX,202601,2026-01-01 02:28:00,29084.0,29087.0,29084.0,29084.0,103
MTX,202601,2026-01-01 02:29:00,29086.0,29086.0,29080.0,29083.0,36
MTX,202601,2026-01-01 02:30:00,29083.0,29087.0,29080.0,29080.0,83
MTX,202601,2026-01-01 02:31:00,29081.0,29082.0,29079.0,29082.0,36
MTX,202601,2026-01-01 02:32:00,29081.0,29083.0,29081.0,29082.0,15
MTX,202601,2026-01-01 02:33:00,29080.0,29082.0,29078.0,29080.0,32
MTX,202601,2026-01-01 02:34:00,29080.0,29082.0,29079.0,29079.0,15
MTX,202601,2026-01-01 02:35:00,29082.0,29082.0,29075.0,29077.0,45
MTX,202601,2026-01-01 02:36:00,29078.0,29080.0,29076.0,29078.0,26
MTX,202601,2026-01-01 02:37:00,29077.0,29080.0,29076.0,29079.0,14
MTX,202601,2026-01-01 02:38:00,29081.0,29084.0,29081.0,29084.0,23
MTX,202601,2026-01-01 02:39:00,29085.0,29085.0,29082.0,29082.0,16
MTX,202601,2026-01-01 02:40:00,29083.0,29092.0,29083.0,29088.0,203
MTX,202601,2026-01-01 02:41:00,29088.0,29089.0,29085.0,29085.0,39
MTX,202601,2026-01-01 02:42:00,29087.0,29088.0,29086.0,29086.0,16
MTX,202601,2026-01-01 02:43:00,29087.0,29087.0,29083.0,29084.0,21
MTX,202601,2026-01-01 02:44:00,29084.0,29086.0,29083.0,29084.0,14
MTX,202601,2026-01-01 02:45:00,29085.0,29088.0,29085.0,29085.0,23
MTX,202601,2026-01-01 02:46:00,29085.0,29088.0,29081.0,29081.0,31
MTX,202601,2026-01-01 02:47:00,29082.0,29089.0,29081.0,29089.0,43
MTX,202601,2026-01-01 02:48:00,29089.0,29090.0,29087.0,29089.0,28
MTX,202601,2026-01-01 02:49:00,29088.0,29088.0,29088.0,29088.0,6
MTX,202601,2026-01-01 02:50:00,29088.0,29092.0,29086.0,29086.0,44
MTX,202601,2026-01-01 02:51:00,29088.0,29088.0,29086.0,29087.0,25
MTX,202601,2026-01-01 02:52:00,29086.0,29089.0,29086.0,29088.0,14
MTX,202601,2026-01-01 02:53:00,29089.0,29091.0,29089.0,29091.0,25
MTX,202601,2026-01-01 02:54:00,29092.0,29100.0,29090.0,29095.0,669
MTX,202601,2026-01-01 02:55:00,29096.0,29098.0,29094.0,29095.0,95
MTX,202601,2026-01-01 02:56:00,29097.0,29098.0,29093.0,29095.0,56
MTX,202601,2026-01-01 02:57:00,29095.0,29097.0,29094.0,29096.0,31
MTX,202601,2026-01-01 02:58:00,29096.0,29098.0,29096.0,29096.0,21
MTX,202601,2026-01-01 02:59:00,29097.0,29098.0,29096.0,29097.0,20
MTX,202601,2026-01-01 03:00:00,29097.0,29112.0,29097.0,29111.0,569
MTX,202601,2026-01-01 03:01:00,29111.0,29114.0,29105.0,29107.0,142
MTX,202601,2026-01-01 03:02:00,29108.0,29109.0,29106.0,29109.0,14
MTX,202601,2026-01-01 03:03:00,29109.0,29112.0,29108.0,29109.0,36
MTX,202601,2026-01-01 03:04:00,29110.0,29114.0,29109.0,29113.0,68
MTX,202601,2026-01-01 03:05:00,29114.0,29116.0,29111.0,29111.0,59
MTX,202601,2026-01-01 03:06:00,29110.0,29112.0,29110.0,29112.0,22
MTX,202601,2026-01-01 03:07:00,29111.0,29112.0,29110.0,29112.0,20
MTX,202601,2026-01-01 03:08:00,29112.0,29114.0,29112.0,29113.0,16
MTX,202601,2026-01-01 03:09:00,29113.0,29115.0,29113.0,29113.0,44
MTX,202601,2026-01-01 03:10:00,29114.0,29115.0,29112.0,29114.0,32
MTX,202601,2026-01-01 03:11:00,29114.0,29114.0,29110.0,29113.0,32
MTX,202601,2026-01-01 03:12:00,29112.0,29114.0,29112.0,29114.0,23
MTX,202601,2026-01-01 03:13:00,29114.0,29118.0,29113.0,29116.0,51
MTX,202601,2026-01-01 03:14:00,29118.0,29118.0,29116.0,29117.0,40
MTX,202601,2026-01-01 03:15:00,29117.0,29117.0,29108.0,29110.0,117
MTX,202601,2026-01-01 03:16:00,29110.0,29113.0,29106.0,29106.0,32
MTX,202601,2026-01-01 03:17:00,29107.0,29108.0,29105.0,29107.0,60
MTX,202601,2026-01-01 03:18:00,29108.0,29110.0,29105.0,29107.0,33
MTX,202601,2026-01-01 03:19:00,29106.0,29110.0,29104.0,29107.0,39
MTX,202601,2026-01-01 03:20:00,29105.0,29105.0,29097.0,29097.0,80
MTX,202601,2026-01-01 03:21:00,29097.0,29100.0,29097.0,29100.0,38
MTX,202601,2026-01-01 03:22:00,29100.0,29103.0,29100.0,29102.0,33
MTX,202601,2026-01-01 03:23:00,29102.0,29104.0,29102.0,29103.0,16
MTX,202601,2026-01-01 03:24:00,29103.0,29106.0,29103.0,29105.0,44
MTX,202601,2026-01-01 03:25:00,29105.0,29105.0,29097.0,29097.0,30
MTX,202601,2026-01-01 03:26:00,29097.0,29097.0,29094.0,29097.0,45
MTX,202601,2026-01-01 03:27:00,29097.0,29099.0,29097.0,29097.0,10
MTX,202601,2026-01-01 03:28:00,29096.0,29096.0,29095.0,29095.0,25
MTX,202601,2026-01-01 03:29:00,29095.0,29096.0,29092.0,29094.0,38
MTX,202601,2026-01-01 03:30:00,29094.0,29098.0,29087.0,29087.0,95
MTX,202601,2026-01-01 03:31:00,29088.0,29092.0,29087.0,29088.0,35
MTX,202601,2026-01-01 03:32:00,29086.0,29086.0,29076.0,29076.0,120
MTX,202601,2026-01-01 03:33:00,29076.0,29079.0,29071.0,29074.0,63
MTX,202601,2026-01-01 03:34:00,29074.0,29074.0,29053.0,29055.0,257
MTX,202601,2026-01-01 03:35:00,29055.0,29068.0,29053.0,29065.0,101
MTX,202601,2026-01-01 03:36:00,29064.0,29070.0,29063.0,29068.0,50
MTX,202601,2026-01-01 03:37:00,29072.0,29079.0,29071.0,29077.0,64
MTX,202601,2026-01-01 03:38:00,29078.0,29078.0,29066.0,29066.0,92
MTX,202601,2026-01-01 03:39:00,29068.0,29070.0,29067.0,29068.0,32
MTX,202601,2026-01-01 03:40:00,29070.0,29079.0,29070.0,29077.0,45
MTX,202601,2026-01-01 03:41:00,29078.0,29079.0,29072.0,29073.0,24
MTX,202601,2026-01-01 03:42:00,29072.0,29078.0,29072.0,29078.0,22
MTX,202601,2026-01-01 03:43:00,29078.0,29079.0,29076.0,29079.0,29
MTX,202601,2026-01-01 03:44:00,29077.0,29080.0,29075.0,29077.0,30
MTX,202601,2026-01-01 03:45:00,29076.0,29077.0,29072.0,29073.0,18
MTX,202601,2026-01-01 03:46:00,29073.0,29077.0,29073.0,29077.0,16
MTX,202601,2026-01-01 03:47:00,29077.0,29078.0,29073.0,29073.0,21
MTX,202601,2026-01-01 03:48:00,29072.0,29072.0,29068.0,29070.0,20
MTX,202601,2026-01-01 03:49:00,29069.0,29070.0,29065.0,29066.0,30
MTX,202601,2026-01-01 03:50:00,29067.0,29067.0,29059.0,29061.0,80
MTX,202601,2026-01-01 03:51:00,29062.0,29069.0,29062.0,29069.0,21
MTX,202601,2026-01-01 03:52:00,29069.0,29069.0,29066.0,29068.0,22
MTX,202601,2026-01-01 03:53:00,29069.0,29069.0,29062.0,29063.0,26
MTX,202601,2026-01-01 03:54:00,29063.0,29064.0,29062.0,29063.0,31
MTX,202601,2026-01-01 03:55:00,29066.0,29066.0,29063.0,29064.0,12
MTX,202601,2026-01-01 03:56:00,29065.0,29066.0,29064.0,29065.0,23
MTX,202601,2026-01-01 03:57:00,29066.0,29070.0,29065.0,29065.0,13
MTX,202601,2026-01-01 03:58:00,29065.0,29066.0,29063.0,29066.0,15
MTX,202601,2026-01-01 03:59:00,29067.0,29068.0,29064.0,29066.0,15
MTX,202601,2026-01-01 04:00:00,29065.0,29065.0,29050.0,29052.0,309
MTX,202601,2026-01-01 04:01:00,29052.0,29055.0,29045.0,29046.0,97
MTX,202601,2026-01-01 04:02:00,29048.0,29053.0,29046.0,29051.0,47
MTX,202601,2026-01-01 04:03:00,29049.0,29057.0,29048.0,29057.0,36
MTX,202601,2026-01-01 04:04:00,29056.0,29056.0,29041.0,29049.0,263
MTX,202601,2026-01-01 04:05:00,29047.0,29055.0,29045.0,29053.0,31
MTX,202601,2026-01-01 04:06:00,29052.0,29052.0,29042.0,29044.0,60
MTX,202601,2026-01-01 04:07:00,29043.0,29045.0,29040.0,29045.0,42
MTX,202601,2026-01-01 04:08:00,29043.0,29043.0,29034.0,29037.0,161
MTX,202601,2026-01-01 04:09:00,29038.0,29040.0,29032.0,29035.0,68
MTX,202601,2026-01-01 04:10:00,29035.0,29035.0,29015.0,29018.0,419
MTX,202601,2026-01-01 04:11:00,29018.0,29025.0,29015.0,29021.0,92
MTX,202601,2026-01-01 04:12:00,29021.0,29025.0,29016.0,29020.0,98
MTX,202601,2026-01-01 04:13:00,29020.0,29022.0,29015.0,29020.0,64
MTX,202601,2026-01-01 04:14:00,29021.0,29024.0,29018.0,29020.0,39
MTX,202601,2026-01-01 04:15:00,29020.0,29020.0,29000.0,29010.0,919
MTX,202601,2026-01-01 04:16:00,29010.0,29018.0,29006.0,29016.0,76
MTX,202601,2026-01-01 04:17:00,29016.0,29021.0,29015.0,29017.0,54
MTX,202601,2026-01-01 04:18:00,29016.0,29021.0,29012.0,29018.0,61
MTX,202601,2026-01-01 04:19:00,29018.0,29019.0,29013.0,29014.0,49
MTX,202601,2026-01-01 04:20:00,29013.0,29013.0,28988.0,28989.0,572
MTX,202601,2026-01-01 04:21:00,28990.0,28990.0,28966.0,28972.0,1023
MTX,202601,2026-01-01 04:22:00,28970.0,28977.0,28969.0,28975.0,95
MTX,202601,2026-01-01 04:23:00,28975.0,28979.0,28972.0,28978.0,61
MTX,202601,2026-01-01 04:24:00,28977.0,28981.0,28972.0,28981.0,70
MTX,202601,2026-01-01 04:25:00,28981.0,28981.0,28970.0,28970.0,92
MTX,202601,2026-01-01 04:26:00,28972.0,28980.0,28970.0,28978.0,61
MTX,202601,2026-01-01 04:27:00,28978.0,28978.0,28962.0,28964.0,241
MTX,202601,2026-01-01 04:28:00,28966.0,28975.0,28965.0,28965.0,75
MTX,202601,2026-01-01 04:29:00,28967.0,28973.0,28962.0,28970.0,59
MTX,202601,2026-01-01 04:30:00,28970.0,28972.0,28960.0,28972.0,271
MTX,202601,2026-01-01 04:31:00,28973.0,28977.0,28968.0,28971.0,66
MTX,202601,2026-01-01 04:32:00,28971.0,28986.0,28971.0,28984.0,110
MTX,202601,2026-01-01 04:33:00,28982.0,28985.0,28977.0,28981.0,56
MTX,202601,2026-01-01 04:34:00,28979.0,28982.0,28973.0,28981.0,35
MTX,202601,2026-01-01 04:35:00,28982.0,28991.0,28980.0,28991.0,52
MTX,202601,2026-01-01 04:36:00,28991.0,28992.0,28987.0,28992.0,75
MTX,202601,2026-01-01 04:37:00,28992.0,29001.0,28992.0,29001.0,94
MTX,202601,2026-01-01 04:38:00,29000.0,29001.0,28995.0,28997.0,55
MTX,202601,2026-01-01 04:39:00,29000.0,29003.0,28999.0,29002.0,35
MTX,202601,2026-01-01 04:40:00,28999.0,29000.0,28993.0,28996.0,99
MTX,202601,2026-01-01 04:41:00,28996.0,29008.0,28994.0,29006.0,65
MTX,202601,2026-01-01 04:42:00,29005.0,29006.0,29000.0,29003.0,26
MTX,202601,2026-01-01 04:43:00,29005.0,29006.0,29002.0,29006.0,32
MTX,202601,2026-01-01 04:44:00,29004.0,29009.0,29004.0,29006.0,19
MTX,202601,2026-01-01 04:45:00,29007.0,29010.0,29003.0,29003.0,100
MTX,202601,2026-01-01 04:46:00,29003.0,29005.0,29000.0,29003.0,31
MTX,202601,2026-01-01 04:47:00,29001.0,29003.0,28998.0,29000.0,49
MTX,202601,2026-01-01 04:48:00,29000.0,29000.0,28991.0,28992.0,49
MTX,202601,2026-01-01 04:49:00,28993.0,28993.0,28986.0,28987.0,67
MTX,202601,2026-01-01 04:50:00,28992.0,28993.0,28985.0,28990.0,47
MTX,202601,2026-01-01 04:51:00,28990.0,28995.0,28987.0,28995.0,43
MTX,202601,2026-01-01 04:52:00,28994.0,28998.0,28993.0,28998.0,28
MTX,202601,2026-01-01 04:53:00,28997.0,29009.0,28996.0,29008.0,90
MTX,202601,2026-01-01 04:54:00,29007.0,29014.0,29007.0,29010.0,127
MTX,202601,2026-01-01 04:55:00,29011.0,29019.0,29001.0,29017.0,200
MTX,202601,2026-01-01 04:56:00,29020.0,29020.0,29006.0,29013.0,86
MTX,202601,2026-01-01 04:57:00,29016.0,29019.0,29012.0,29017.0,61
MTX,202601,2026-01-01 04:58:00,29017.0,29018.0,29013.0,29013.0,48
MTX,202601,2026-01-01 04:59:00,29014.0,29020.0,29005.0,29005.0,153
MTX,202601/202602,2025-12-31 15:28:00,78.0,78.0,78.0,78.0,10
MTX,202601/202602,2025-12-31 15:29:00,74.0,74.0,74.0,74.0,14
MTX,202601/202602,2025-12-31 15:30:00,78.0,78.0,78.0,78.0,6
MTX,202601/202602,2025-12-31 15:32:00,78.0,78.0,78.0,78.0,10
MTX,202601/202602,2025-12-31 21:49:00,82.0,82.0,82.0,82.0,14
MTX,202601/202602,2025-12-31 21:50:00,77.0,77.0,77.0,77.0,10
MTX,202601/202602,2025-12-31 21:51:00,77.0,77.0,77.0,77.0,8
MTX,202601/202602,2025-12-31 21:52:00,77.0,77.0,77.0,77.0,10
MTX,202601/202602,2025-12-31 22:33:00,77.0,77.0,77.0,77.0,2
MTX,202601/202602,2026-01-01 02:45:00,83.0,83.0,83.0,83.0,6
MTX,202601/202602,2026-01-01 02:51:00,79.0,79.0,79.0,79.0,4
MTX,202601/202602,2026-01-01 02:57:00,82.0,82.0,82.0,82.0,2
MTX,202601/202602,2026-01-01 02:59:00,83.0,83.0,83.0,83.0,10
MTX,202601/202602,2026-01-01 03:01:00,82.0,82.0,82.0,82.0,8
MTX,202601/202602,2026-01-01 03:03:00,78.0,78.0,78.0,78.0,10
MTX,202601/202602,2026-01-01 03:14:00,78.0,78.0,78.0,78.0,10
MTX,202601/202602,2026-01-01 03:17:00,78.0,78.0,78.0,78.0,8
MTX,202601W1,2025-12-31 16:03:00,28998.0,28998.0,28998.0,28998.0,1
MTX,202601W1,2025-12-31 16:26:00,28965.0,28965.0,28965.0,28965.0,1
MTX,202601W1,2025-12-31 16:53:00,28942.0,28942.0,28942.0,28942.0,2
MTX,202601W1,2025-12-31 16:54:00,28941.0,28941.0,28941.0,28941.0,3
MTX,202601W1,2025-12-31 17:53:00,28950.0,28950.0,28950.0,28950.0,1
MTX,202601W1,2025-12-31 21:21:00,28984.0,28984.0,28984.0,28984.0,1
MTX,202601W1,2025-12-31 21:40:00,28998.0,28998.0,28998.0,28998.0,1
MTX,202601W1,2025-12-31 21:52:00,29031.0,29032.0,29031.0,29032.0,2
MTX,202601W1,2025-12-31 22:02:00,29021.0,29021.0,29021.0,29021.0,1
MTX,202601W1,2025-12-31 22:30:00,29010.0,29010.0,29010.0,29010.0,1
MTX,202601W1,2025-12-31 22:33:00,29006.0,29006.0,29006.0,29006.0,1
MTX,202601W1,2025-12-31 23:31:00,29006.0,29006.0,29006.0,29006.0,1
MTX,202601W1,2026-01-01 00:09:00,28972.0,28972.0,28972.0,28972.0,1
MTX,202601W1,2026-01-01 00:10:00,28967.0,28967.0,28967.0,28967.0,1
MTX,202601W1,2026-01-01 00:56:00,29006.0,29006.0,29006.0,29006.0,1
MTX,202601W1,2026-01-01 01:08:00,28991.0,28991.0,28991.0,28991.0,1
MTX,202601W1,2026-01-01 02:26:00,29024.0,29024.0,29023.0,29023.0,3
MTX,202601W1,2026-01-01 02:56:00,29038.0,29038.0,29038.0,29038.0,1
MTX,202601W1,2026-01-01 03:00:00,29046.0,29046.0,29046.0,29046.0,1
MTX,202601W1,2026-01-01 03:16:00,29051.0,29051.0,29051.0,29051.0,1
MTX,202601W1,2026-01-01 04:07:00,28995.0,28995.0,28995.0,28995.0,1
MTX,202601W1,2026-01-01 04:15:00,28954.0,28954.0,28951.0,28951.0,3
MTX,202601W1,2026-01-01 04:21:00,28928.0,28929.0,28920.0,28929.0,7
MTX,202601W1,2026-01-01 04:26:00,28923.0,28923.0,28923.0,28923.0,2
MTX,202601W1,2026-01-01 04:27:00,28919.0,28919.0,28917.0,28918.0,3
MTX,202601W1,2026-01-01 04:28:00,28922.0,28922.0,28922.0,28922.0,1
MTX,202601W1,2026-01-01 04:29:00,28915.0,28915.0,28915.0,28915.0,2
MTX,202601W1,2026-01-01 04:55:00,28962.0,28962.0,28962.0,28962.0,1
MTX,202601W1/202601,2025-12-31 18:30:00,58.0,58.0,58.0,58.0,18
MTX,202601W1/202601,2025-12-31 19:11:00,51.0,51.0,50.0,50.0,20
MTX,202601W1/202601,2025-12-31 22:41:00,59.0,59.0,59.0,59.0,2
MTX,202601W1/202601,2026-01-01 04:59:00,48.0,48.0,47.0,47.0,4
MTX,202601W2,2025-12-31 21:33:00,29010.0,29010.0,29010.0,29010.0,1
MTX,202601W2,2025-12-31 22:45:00,29010.0,29010.0,29010.0,29010.0,1
MTX,202601W2,2026-01-01 04:08:00,29003.0,29003.0,29003.0,29003.0,1
MTX,202601W2,2026-01-01 04:21:00,28940.0,28940.0,28940.0,28940.0,1
MTX,202601W2,2026-01-01 04:24:00,28940.0,28940.0,28940.0,28940.0,1
MTX,202601W2,2026-01-01 04:27:00,28934.0,28934.0,28934.0,28934.0,1
MTX,202601W2,2026-01-01 04:28:00,28935.0,28935.0,28935.0,28935.0,1
MTX,202601W2/202601,2025-12-31 15:37:00,34.0,38.0,34.0,38.0,64
MTX,202601W2/202601,2025-12-31 15:38:00,40.0,40.0,40.0,40.0,16
MTX,202601W2/202601,2025-12-31 18:39:00,36.0,36.0,36.0,36.0,16
MTX,202602,2025-12-31 15:00:00,29085.0,29102.0,29085.0,29102.0,7
MTX,202602,2025-12-31 15:01:00,29095.0,29106.0,29095.0,29104.0,11
MTX,202602,2025-12-31 15:02:00,29100.0,29100.0,29097.0,29097.0,2
MTX,202602,2025-12-31 15:03:00,29097.0,29098.0,29095.0,29098.0,8
MTX,202602,2025-12-31 15:04:00,29097.0,29100.0,29097.0,29097.0,5
MTX,202602,2025-12-31 15:05:00,29096.0,29096.0,29096.0,29096.0,1
MTX,202602,2025-12-31 15:07:00,29096.0,29096.0,29096.0,29096.0,1
MTX,202602,2025-12-31 15:08:00,29095.0,29095.0,29089.0,29089.0,6
MTX,202602,2025-12-31 15:09:00,29092.0,29092.0,29092.0,29092.0,2
MTX,202602,2025-12-31 15:10:00,29095.0,29095.0,29095.0,29095.0,1
MTX,202602,2025-12-31 15:11:00,29090.0,29090.0,29090.0,29090.0,1
MTX,202602,2025-12-31 15:12:00,29090.0,29093.0,29090.0,29093.0,3
MTX,202602,2025-12-31 15:14:00,29094.0,29094.0,29092.0,29092.0,2
MTX,202602,2025-12-31 15:15:00,29094.0,29097.0,29094.0,29097.0,7
MTX,202602,2025-12-31 15:17:00,29097.0,29097.0,29092.0,29092.0,3
MTX,202602,2025-12-31 15:18:00,29092.0,29092.0,29092.0,29092.0,1
MTX,202602,2025-12-31 15:19:00,29092.0,29092.0,29092.0,29092.0,1
MTX,202602,2025-12-31 15:20:00,29091.0,29091.0,29091.0,29091.0,1
MTX,202602,2025-12-31 15:21:00,29100.0,29100.0,29100.0,29100.0,2
MTX,202602,2025-12-31 15:23:00,29102.0,29103.0,29102.0,29103.0,2
MTX,202602,2025-12-31 15:24:00,29104.0,29113.0,29104.0,29113.0,15
MTX,202602,2025-12-31 15:25:00,29116.0,29122.0,29116.0,29120.0,16
MTX,202602,2025-12-31 15:26:00,29123.0,29144.0,29123.0,29134.0,34
MTX,202602,2025-12-31 15:27:00,29134.0,29136.0,29134.0,29135.0,4
MTX,202602,2025-12-31 15:28:00,29135.0,29135.0,29131.0,29133.0,16
MTX,202602,2025-12-31 15:29:00,29135.0,29138.0,29135.0,29137.0,9
MTX,202602,2025-12-31 15:30:00,29141.0,29143.0,29139.0,29139.0,3
MTX,202602,2025-12-31 15:31:00,29139.0,29139.0,29137.0,29137.0,4
MTX,202602,2025-12-31 15:32:00,29135.0,29137.0,29134.0,29134.0,5
MTX,202602,2025-12-31 15:33:00,29137.0,29139.0,29137.0,29139.0,3
MTX,202602,2025-12-31 15:34:00,29137.0,29137.0,29134.0,29134.0,6
MTX,202602,2025-12-31 15:35:00,29134.0,29139.0,29133.0,29134.0,8
MTX,202602,2025-12-31 15:36:00,29133.0,29133.0,29133.0,29133.0,2
MTX,202602,2025-12-31 15:37:00,29135.0,29135.0,29135.0,29135.0,1
MTX,202602,2025-12-31 15:38:00,29136.0,29142.0,29136.0,29142.0,5
MTX,202602,2025-12-31 15:39:00,29142.0,29142.0,29141.0,29141.0,6
MTX,202602,2025-12-31 15:40:00,29144.0,29152.0,29144.0,29144.0,13
MTX,202602,2025-12-31 15:41:00,29144.0,29146.0,29144.0,29146.0,4
MTX,202602,2025-12-31 15:42:00,29146.0,29146.0,29142.0,29142.0,4
MTX,202602,2025-12-31 15:43:00,29141.0,29141.0,29140.0,29141.0,6
MTX,202602,2025-12-31 15:44:00,29142.0,29145.0,29140.0,29140.0,7
MTX,202602,2025-12-31 15:45:00,29145.0,29145.0,29142.0,29145.0,4
MTX,202602,2025-12-31 15:46:00,29140.0,29140.0,29140.0,29140.0,2
MTX,202602,2025-12-31 15:47:00,29137.0,29137.0,29135.0,29135.0,3
MTX,202602,2025-12-31 15:48:00,29137.0,29137.0,29133.0,29133.0,4
MTX,202602,2025-12-31 15:49:00,29131.0,29131.0,29129.0,29129.0,7
MTX,202602,2025-12-31 15:50:00,29132.0,29132.0,29129.0,29129.0,5
MTX,202602,2025-12-31 15:51:00,29127.0,29127.0,29127.0,29127.0,1
MTX,202602,2025-12-31 15:52:00,29125.0,29127.0,29125.0,29127.0,2
MTX,202602,2025-12-31 15:53:00,29126.0,29128.0,29126.0,29128.0,3
MTX,202602,2025-12-31 15:55:00,29129.0,29130.0,29129.0,29130.0,2
MTX,202602,2025-12-31 15:56:00,29133.0,29135.0,29129.0,29131.0,6
MTX,202602,2025-12-31 15:57:00,29132.0,29132.0,29132.0,29132.0,1
MTX,202602,2025-12-31 15:58:00,29131.0,29131.0,29131.0,29131.0,1
MTX,202602,2025-12-31 15:59:00,29130.0,29130.0,29130.0,29130.0,1
MTX,202602,2025-12-31 16:00:00,29127.0,29127.0,29125.0,29125.0,5
MTX,202602,2025-12-31 16:01:00,29129.0,29129.0,29129.0,29129.0,3
MTX,202602,2025-12-31 16:02:00,29130.0,29132.0,29130.0,29132.0,2
MTX,202602,2025-12-31 16:03:00,29135.0,29138.0,29132.0,29132.0,5
MTX,202602,2025-12-31 16:04:00,29131.0,29131.0,29128.0,29128.0,6
MTX,202602,2025-12-31 16:05:00,29126.0,29126.0,29125.0,29125.0,2
MTX,202602,2025-12-31 16:06:00,29126.0,29126.0,29126.0,29126.0,1
MTX,202602,2025-12-31 16:07:00,29131.0,29131.0,29131.0,29131.0,1
MTX,202602,2025-12-31 16:08:00,29125.0,29126.0,29124.0,29124.0,4
MTX,202602,2025-12-31 16:09:00,29124.0,29124.0,29115.0,29115.0,18
MTX,202602,2025-12-31 16:11:00,29113.0,29115.0,29113.0,29115.0,2
MTX,202602,2025-12-31 16:12:00,29115.0,29115.0,29115.0,29115.0,1
MTX,202602,2025-12-31 16:13:00,29113.0,29113.0,29113.0,29113.0,1
MTX,202602,2025-12-31 16:16:00,29113.0,29113.0,29113.0,29113.0,5
MTX,202602,2025-12-31 16:17:00,29115.0,29115.0,29115.0,29115.0,2
MTX,202602,2025-12-31 16:22:00,29111.0,29111.0,29110.0,29110.0,3
MTX,202602,2025-12-31 16:24:00,29111.0,29111.0,29108.0,29108.0,6
MTX,202602,2025-12-31 16:25:00,29105.0,29105.0,29105.0,29105.0,5
MTX,202602,2025-12-31 16:27:00,29107.0,29107.0,29106.0,29106.0,4
MTX,202602,2025-12-31 16:28:00,29106.0,29106.0,29106.0,29106.0,2
MTX,202602,2025-12-31 16:29:00,29102.0,29102.0,29098.0,29098.0,17
MTX,202602,2025-12-31 16:30:00,29099.0,29102.0,29099.0,29102.0,2
MTX,202602,2025-12-31 16:31:00,29096.0,29096.0,29088.0,29091.0,15
MTX,202602,2025-12-31 16:32:00,29092.0,29092.0,29092.0,29092.0,2
MTX,202602,2025-12-31 16:33:00,29092.0,29092.0,29092.0,29092.0,1
MTX,202602,2025-12-31 16:34:00,29090.0,29090.0,29083.0,29083.0,21
MTX,202602,2025-12-31 16:35:00,29083.0,29083.0,29072.0,29074.0,25
MTX,202602,2025-12-31 16:36:00,29075.0,29085.0,29075.0,29085.0,11
MTX,202602,2025-12-31 16:37:00,29086.0,29088.0,29086.0,29088.0,3
MTX,202602,2025-12-31 16:39:00,29083.0,29083.0,29080.0,29080.0,7
MTX,202602,2025-12-31 16:40:00,29078.0,29080.0,29078.0,29080.0,2
MTX,202602,2025-12-31 16:41:00,29086.0,29086.0,29086.0,29086.0,5
MTX,202602,2025-12-31 16:42:00,29084.0,29092.0,29084.0,29092.0,8
MTX,202602,2025-12-31 16:44:00,29093.0,29098.0,29093.0,29098.0,7
MTX,202602,2025-12-31 16:45:00,29096.0,29099.0,29096.0,29099.0,2
MTX,202602,2025-12-31 16:46:00,29095.0,29095.0,29088.0,29088.0,8
MTX,202602,2025-12-31 16:47:00,29091.0,29091.0,29091.0,29091.0,2
MTX,202602,2025-12-31 16:49:00,29088.0,29088.0,29085.0,29085.0,2
MTX,202602,2025-12-31 16:51:00,29095.0,29095.0,29095.0,29095.0,2
MTX,202602,2025-12-31 16:52:00,29088.0,29088.0,29088.0,29088.0,1
MTX,202602,2025-12-31 16:54:00,29087.0,29087.0,29087.0,29087.0,1
MTX,202602,2025-12-31 16:55:00,29082.0,29082.0,29082.0,29082.0,1
MTX,202602,2025-12-31 16:57:00,29080.0,29081.0,29080.0,29081.0,3
MTX,202602,2025-12-31 16:58:00,29085.0,29085.0,29085.0,29085.0,1
MTX,202602,2025-12-31 16:59:00,29085.0,29085.0,29080.0,29080.0,3
MTX,202602,2025-12-31 17:00:00,29085.0,29085.0,29085.0,29085.0,1
MTX,202602,2025-12-31 17:01:00,29087.0,29090.0,29087.0,29090.0,2
MTX,202602,2025-12-31 17:02:00,29093.0,29094.0,29093.0,29094.0,3
MTX,202602,2025-12-31 17:04:00,29094.0,29094.0,29094.0,29094.0,1
MTX,202602,2025-12-31 17:05:00,29093.0,29095.0,29090.0,29090.0,6
MTX,202602,2025-12-31 17:06:00,29094.0,29094.0,29094.0,29094.0,1
MTX,202602,2025-12-31 17:08:00,29096.0,29096.0,29094.0,29094.0,3
MTX,202602,2025-12-31 17:10:00,29092.0,29092.0,29089.0,29089.0,3
MTX,202602,2025-12-31 17:11:00,29089.0,29089.0,29088.0,29088.0,2
MTX,202602,2025-12-31 17:17:00,29090.0,29091.0,29090.0,29091.0,6
MTX,202602,2025-12-31 17:18:00,29091.0,29091.0,29085.0,29085.0,5
MTX,202602,2025-12-31 17:19:00,29088.0,29088.0,29088.0,29088.0,1
MTX,202602,2025-12-31 17:20:00,29090.0,29094.0,29090.0,29094.0,3
MTX,202602,2025-12-31 17:22:00,29090.0,29090.0,29090.0,29090.0,2
MTX,202602,2025-12-31 17:26:00,29088.0,29088.0,29088.0,29088.0,1
MTX,202602,2025-12-31 17:27:00,29093.0,29094.0,29093.0,29094.0,3
MTX,202602,2025-12-31 17:28:00,29089.0,29089.0,29089.0,29089.0,1
MTX,202602,2025-12-31 17:30:00,29089.0,29089.0,29089.0,29089.0,1
MTX,202602,2025-12-31 17:31:00,29088.0,29088.0,29087.0,29087.0,6
MTX,202602,2025-12-31 17:33:00,29092.0,29092.0,29092.0,29092.0,1
MTX,202602,2025-12-31 17:34:00,29095.0,29095.0,29095.0,29095.0,1
MTX,202602,2025-12-31 17:38:00,29097.0,29097.0,29097.0,29097.0,2
MTX,202602,2025-12-31 17:39:00,29097.0,29097.0,29097.0,29097.0,1
MTX,202602,2025-12-31 17:43:00,29092.0,29092.0,29092.0,29092.0,1
MTX,202602,2025-12-31 17:45:00,29091.0,29091.0,29091.0,29091.0,2
MTX,202602,2025-12-31 17:49:00,29088.0,29088.0,29087.0,29087.0,2
MTX,202602,2025-12-31 17:50:00,29087.0,29087.0,29087.0,29087.0,1
MTX,202602,2025-12-31 17:51:00,29086.0,29086.0,29086.0,29086.0,1
MTX,202602,2025-12-31 17:53:00,29086.0,29086.0,29084.0,29084.0,3
MTX,202602,2025-12-31 17:55:00,29083.0,29083.0,29083.0,29083.0,1
MTX,202602,2025-12-31 17:59:00,29084.0,29084.0,29083.0,29083.0,5
MTX,202602,2025-12-31 18:00:00,29082.0,29082.0,29075.0,29075.0,14
MTX,202602,2025-12-31 18:01:00,29078.0,29078.0,29072.0,29072.0,10
MTX,202602,2025-12-31 18:03:00,29073.0,29073.0,29070.0,29070.0,18
MTX,202602,2025-12-31 18:04:00,29071.0,29071.0,29070.0,29070.0,14
MTX,202602,2025-12-31 18:05:00,29072.0,29072.0,29072.0,29072.0,1
MTX,202602,2025-12-31 18:07:00,29072.0,29074.0,29072.0,29072.0,3
MTX,202602,2025-12-31 18:08:00,29070.0,29070.0,29069.0,29069.0,3
MTX,202602,2025-12-31 18:10:00,29070.0,29070.0,29068.0,29068.0,4
MTX,202602,2025-12-31 18:12:00,29073.0,29077.0,29072.0,29077.0,5
MTX,202602,2025-12-31 18:13:00,29076.0,29076.0,29076.0,29076.0,2
MTX,202602,2025-12-31 18:15:00,29082.0,29082.0,29082.0,29082.0,1
MTX,202602,2025-12-31 18:16:00,29082.0,29083.0,29082.0,29083.0,5
MTX,202602,2025-12-31 18:17:00,29080.0,29080.0,29080.0,29080.0,1
MTX,202602,2025-12-31 18:24:00,29082.0,29082.0,29082.0,29082.0,1
MTX,202602,2025-12-31 18:25:00,29080.0,29080.0,29080.0,29080.0,2
MTX,202602,2025-12-31 18:26:00,29078.0,29078.0,29076.0,29076.0,5
MTX,202602,2025-12-31 18:31:00,29085.0,29085.0,29085.0,29085.0,1
MTX,202602,2025-12-31 18:32:00,29085.0,29085.0,29082.0,29082.0,3
MTX,202602,2025-12-31 18:38:00,29087.0,29087.0,29087.0,29087.0,1
MTX,202602,2025-12-31 18:39:00,29087.0,29087.0,29087.0,29087.0,1
MTX,202602,2025-12-31 18:40:00,29087.0,29087.0,29087.0,29087.0,1
MTX,202602,2025-12-31 18:41:00,29090.0,29092.0,29089.0,29089.0,6
MTX,202602,2025-12-31 18:53:00,29086.0,29086.0,29083.0,29083.0,2
MTX,202602,2025-12-31 19:00:00,29083.0,29083.0,29081.0,29081.0,2
MTX,202602,2025-12-31 19:05:00,29082.0,29082.0,29082.0,29082.0,1
MTX,202602,2025-12-31 19:12:00,29081.0,29081.0,29080.0,29080.0,4
MTX,202602,2025-12-31 19:13:00,29080.0,29081.0,29080.0,29081.0,3
MTX,202602,2025-12-31 19:16:00,29086.0,29087.0,29086.0,29087.0,2
MTX,202602,2025-12-31 19:17:00,29083.0,29083.0,29080.0,29080.0,4
MTX,202602,2025-12-31 19:18:00,29074.0,29074.0,29074.0,29074.0,2
MTX,202602,2025-12-31 19:21:00,29075.0,29075.0,29075.0,29075.0,1
MTX,202602,2025-12-31 19:24:00,29078.0,29078.0,29078.0,29078.0,2
MTX,202602,2025-12-31 19:29:00,29076.0,29077.0,29071.0,29071.0,25
MTX,202602,2025-12-31 19:31:00,29075.0,29075.0,29074.0,29074.0,2
MTX,202602,2025-12-31 19:32:00,29079.0,29079.0,29079.0,29079.0,1
MTX,202602,2025-12-31 19:36:00,29074.0,29074.0,29074.0,29074.0,1
MTX,202602,2025-12-31 19:37:00,29078.0,29078.0,29078.0,29078.0,1
MTX,202602,2025-12-31 19:39:00,29079.0,29079.0,29079.0,29079.0,1
MTX,202602,2025-12-31 19:40:00,29077.0,29077.0,29074.0,29074.0,2
MTX,202602,2025-12-31 19:41:00,29073.0,29073.0,29073.0,29073.0,1
MTX,202602,2025-12-31 19:42:00,29075.0,29075.0,29074.0,29074.0,2
MTX,202602,2025-12-31 19:44:00,29076.0,29076.0,29076.0,29076.0,1
MTX,202602,2025-12-31 19:45:00,29074.0,29074.0,29074.0,29074.0,2
MTX,202602,2025-12-31 19:50:00,29075.0,29075.0,29075.0,29075.0,1
MTX,202602,2025-12-31 19:51:00,29074.0,29074.0,29074.0,29074.0,1
MTX,202602,2025-12-31 19:52:00,29073.0,29073.0,29071.0,29071.0,8
MTX,202602,2025-12-31 19:53:00,29071.0,29072.0,29062.0,29064.0,36
MTX,202602,2025-12-31 19:54:00,29065.0,29067.0,29065.0,29067.0,4
MTX,202602,2025-12-31 19:58:00,29080.0,29080.0,29080.0,29080.0,2
MTX,202602,2025-12-31 20:00:00,29073.0,29073.0,29072.0,29072.0,2
MTX,202602,2025-12-31 20:01:00,29072.0,29072.0,29072.0,29072.0,1
MTX,202602,2025-12-31 20:02:00,29074.0,29074.0,29071.0,29071.0,4
MTX,202602,2025-12-31 20:06:00,29071.0,29071.0,29071.0,29071.0,1
MTX,202602,2025-12-31 20:10:00,29073.0,29073.0,29073.0,29073.0,1
MTX,202602,2025-12-31 20:14:00,29075.0,29076.0,29075.0,29076.0,5
MTX,202602,2025-12-31 20:16:00,29083.0,29083.0,29083.0,29083.0,1
MTX,202602,2025-12-31 20:17:00,29083.0,29083.0,29082.0,29083.0,3
MTX,202602,2025-12-31 20:18:00,29083.0,29089.0,29083.0,29089.0,8
MTX,202602,2025-12-31 20:19:00,29088.0,29088.0,29087.0,29088.0,4
MTX,202602,2025-12-31 20:20:00,29088.0,29096.0,29088.0,29096.0,22
MTX,202602,2025-12-31 20:21:00,29097.0,29099.0,29097.0,29099.0,7
MTX,202602,2025-12-31 20:22:00,29099.0,29099.0,29099.0,29099.0,7
MTX,202602,2025-12-31 20:23:00,29095.0,29095.0,29091.0,29091.0,5
MTX,202602,2025-12-31 20:24:00,29089.0,29089.0,29089.0,29089.0,1
MTX,202602,2025-12-31 20:26:00,29092.0,29092.0,29092.0,29092.0,5
MTX,202602,2025-12-31 20:29:00,29089.0,29089.0,29086.0,29086.0,2
MTX,202602,2025-12-31 20:31:00,29093.0,29093.0,29093.0,29093.0,1
MTX,202602,2025-12-31 20:33:00,29093.0,29093.0,29093.0,29093.0,1
MTX,202602,2025-12-31 20:34:00,29097.0,29097.0,29097.0,29097.0,3
MTX,202602,2025-12-31 20:36:00,29100.0,29101.0,29100.0,29100.0,4
MTX,202602,2025-12-31 20:37:00,29097.0,29097.0,29096.0,29096.0,3
MTX,202602,2025-12-31 20:42:00,29097.0,29097.0,29097.0,29097.0,3
MTX,202602,2025-12-31 20:43:00,29097.0,29097.0,29097.0,29097.0,1
MTX,202602,2025-12-31 20:44:00,29095.0,29095.0,29095.0,29095.0,1
MTX,202602,2025-12-31 20:45:00,29089.0,29089.0,29089.0,29089.0,1
MTX,202602,2025-12-31 20:49:00,29096.0,29098.0,29094.0,29097.0,5
MTX,202602,2025-12-31 20:50:00,29097.0,29097.0,29093.0,29093.0,7
MTX,202602,2025-12-31 20:51:00,29094.0,29094.0,29093.0,29093.0,2
MTX,202602,2025-12-31 20:53:00,29094.0,29094.0,29094.0,29094.0,1
MTX,202602,2025-12-31 20:54:00,29100.0,29103.0,29100.0,29103.0,2
MTX,202602,2025-12-31 20:55:00,29105.0,29108.0,29105.0,29108.0,5
MTX,202602,2025-12-31 20:56:00,29105.0,29110.0,29105.0,29110.0,6
MTX,202602,2025-12-31 20:57:00,29107.0,29115.0,29107.0,29115.0,12
MTX,202602,2025-12-31 20:58:00,29116.0,29116.0,29115.0,29115.0,5
MTX,202602,2025-12-31 20:59:00,29116.0,29117.0,29113.0,29114.0,15
MTX,202602,2025-12-31 21:00:00,29110.0,29113.0,29110.0,29113.0,5
MTX,202602,2025-12-31 21:01:00,29110.0,29110.0,29107.0,29107.0,5
MTX,202602,2025-12-31 21:03:00,29110.0,29111.0,29108.0,29111.0,3
MTX,202602,2025-12-31 21:05:00,29107.0,29107.0,29104.0,29104.0,2
MTX,202602,2025-12-31 21:07:00,29107.0,29107.0,29106.0,29106.0,2
MTX,202602,2025-12-31 21:08:00,29108.0,29108.0,29108.0,29108.0,1
MTX,202602,2025-12-31 21:15:00,29107.0,29107.0,29107.0,29107.0,1
MTX,202602,2025-12-31 21:16:00,29107.0,29112.0,29107.0,29112.0,3
MTX,202602,2025-12-31 21:17:00,29115.0,29118.0,29115.0,29118.0,5
MTX,202602,2025-12-31 21:19:00,29119.0,29121.0,29118.0,29120.0,46
MTX,202602,2025-12-31 21:20:00,29120.0,29120.0,29118.0,29118.0,3
MTX,202602,2025-12-31 21:21:00,29120.0,29123.0,29120.0,29122.0,5
MTX,202602,2025-12-31 21:22:00,29123.0,29125.0,29123.0,29125.0,3
MTX,202602,2025-12-31 21:23:00,29127.0,29129.0,29127.0,29129.0,2
MTX,202602,2025-12-31 21:24:00,29127.0,29127.0,29127.0,29127.0,1
MTX,202602,2025-12-31 21:25:00,29125.0,29130.0,29125.0,29130.0,18
MTX,202602,2025-12-31 21:26:00,29127.0,29127.0,29125.0,29125.0,3
MTX,202602,2025-12-31 21:27:00,29128.0,29128.0,29125.0,29125.0,2
MTX,202602,2025-12-31 21:28:00,29129.0,29129.0,29129.0,29129.0,1
MTX,202602,2025-12-31 21:29:00,29129.0,29129.0,29124.0,29124.0,3
MTX,202602,2025-12-31 21:30:00,29128.0,29128.0,29126.0,29127.0,3
MTX,202602,2025-12-31 21:32:00,29120.0,29128.0,29120.0,29128.0,6
MTX,202602,2025-12-31 21:34:00,29130.0,29130.0,29130.0,29130.0,2
MTX,202602,2025-12-31 21:35:00,29131.0,29132.0,29130.0,29131.0,6
MTX,202602,2025-12-31 21:36:00,29125.0,29126.0,29125.0,29125.0,3
MTX,202602,2025-12-31 21:37:00,29132.0,29132.0,29132.0,29132.0,3
MTX,202602,2025-12-31 21:38:00,29131.0,29131.0,29131.0,29131.0,1
MTX,202602,2025-12-31 21:39:00,29131.0,29133.0,29131.0,29133.0,3
MTX,202602,2025-12-31 21:40:00,29133.0,29135.0,29133.0,29135.0,7
MTX,202602,2025-12-31 21:41:00,29136.0,29138.0,29135.0,29138.0,7
MTX,202602,2025-12-31 21:42:00,29139.0,29139.0,29135.0,29138.0,16
MTX,202602,2025-12-31 21:44:00,29140.0,29144.0,29140.0,29142.0,7
MTX,202602,2025-12-31 21:45:00,29144.0,29145.0,29141.0,29145.0,5
MTX,202602,2025-12-31 21:46:00,29141.0,29145.0,29140.0,29145.0,5
MTX,202602,2025-12-31 21:47:00,29148.0,29156.0,29148.0,29153.0,38
MTX,202602,2025-12-31 21:48:00,29150.0,29159.0,29150.0,29153.0,8
MTX,202602,2025-12-31 21:49:00,29156.0,29156.0,29156.0,29156.0,3
MTX,202602,2025-12-31 21:50:00,29156.0,29164.0,29152.0,29163.0,25
MTX,202602,2025-12-31 21:51:00,29163.0,29163.0,29160.0,29160.0,4
MTX,202602,2025-12-31 21:52:00,29160.0,29170.0,29160.0,29169.0,21
MTX,202602,2025-12-31 21:53:00,29168.0,29170.0,29163.0,29163.0,17
MTX,202602,2025-12-31 21:54:00,29164.0,29166.0,29161.0,29161.0,12
MTX,202602,2025-12-31 21:55:00,29163.0,29168.0,29162.0,29163.0,4
MTX,202602,2025-12-31 21:56:00,29166.0,29166.0,29160.0,29160.0,6
MTX,202602,2025-12-31 21:57:00,29162.0,29164.0,29158.0,29158.0,7
MTX,202602,2025-12-31 21:58:00,29156.0,29156.0,29155.0,29155.0,6
MTX,202602,2025-12-31 22:00:00,29163.0,29163.0,29163.0,29163.0,1
MTX,202602,2025-12-31 22:01:00,29161.0,29161.0,29158.0,29158.0,2
MTX,202602,2025-12-31 22:02:00,29162.0,29162.0,29158.0,29161.0,14
MTX,202602,2025-12-31 22:03:00,29157.0,29157.0,29156.0,29156.0,2
MTX,202602,2025-12-31 22:04:00,29157.0,29157.0,29157.0,29157.0,1
MTX,202602,2025-12-31 22:05:00,29157.0,29158.0,29157.0,29158.0,3
MTX,202602,2025-12-31 22:06:00,29159.0,29163.0,29159.0,29163.0,7
MTX,202602,2025-12-31 22:07:00,29161.0,29163.0,29161.0,29163.0,2
MTX,202602,2025-12-31 22:11:00,29163.0,29163.0,29163.0,29163.0,8
MTX,202602,2025-12-31 22:12:00,29163.0,29163.0,29163.0,29163.0,4
MTX,202602,2025-12-31 22:14:00,29166.0,29167.0,29166.0,29167.0,9
MTX,202602,2025-12-31 22:15:00,29165.0,29168.0,29165.0,29168.0,4
MTX,202602,2025-12-31 22:16:00,29166.0,29166.0,29161.0,29161.0,9
MTX,202602,2025-12-31 22:17:00,29161.0,29161.0,29160.0,29160.0,2
MTX,202602,2025-12-31 22:18:00,29160.0,29162.0,29158.0,29158.0,7
MTX,202602,2025-12-31 22:19:00,29155.0,29157.0,29155.0,29157.0,7
MTX,202602,2025-12-31 22:20:00,29158.0,29160.0,29158.0,29160.0,2
MTX,202602,2025-12-31 22:21:00,29161.0,29162.0,29161.0,29162.0,3
MTX,202602,2025-12-31 22:23:00,29162.0,29162.0,29157.0,29157.0,6
MTX,202602,2025-12-31 22:24:00,29155.0,29160.0,29155.0,29157.0,4
MTX,202602,2025-12-31 22:25:00,29159.0,29159.0,29159.0,29159.0,1
MTX,202602,2025-12-31 22:26:00,29159.0,29159.0,29159.0,29159.0,1
MTX,202602,2025-12-31 22:27:00,29159.0,29159.0,29158.0,29158.0,4
MTX,202602,2025-12-31 22:28:00,29152.0,29152.0,29147.0,29148.0,12
MTX,202602,2025-12-31 22:29:00,29148.0,29148.0,29146.0,29146.0,13
MTX,202602,2025-12-31 22:30:00,29146.0,29169.0,29145.0,29169.0,23
MTX,202602,2025-12-31 22:31:00,29167.0,29172.0,29153.0,29153.0,18
MTX,202602,2025-12-31 22:32:00,29155.0,29155.0,29143.0,29143.0,16
MTX,202602,2025-12-31 22:33:00,29146.0,29150.0,29138.0,29144.0,21
MTX,202602,2025-12-31 22:34:00,29142.0,29147.0,29135.0,29147.0,10
MTX,202602,2025-12-31 22:35:00,29150.0,29162.0,29150.0,29159.0,24
MTX,202602,2025-12-31 22:36:00,29147.0,29147.0,29137.0,29137.0,16
MTX,202602,2025-12-31 22:37:00,29137.0,29140.0,29134.0,29135.0,9
MTX,202602,2025-12-31 22:38:00,29135.0,29142.0,29130.0,29142.0,17
MTX,202602,2025-12-31 22:39:00,29141.0,29141.0,29135.0,29137.0,11
MTX,202602,2025-12-31 22:40:00,29137.0,29137.0,29133.0,29134.0,4
MTX,202602,2025-12-31 22:41:00,29132.0,29132.0,29125.0,29125.0,10
MTX,202602,2025-12-31 22:42:00,29134.0,29139.0,29128.0,29130.0,12
MTX,202602,2025-12-31 22:43:00,29130.0,29130.0,29126.0,29126.0,3
MTX,202602,2025-12-31 22:44:00,29130.0,29137.0,29126.0,29137.0,7
MTX,202602,2025-12-31 22:45:00,29140.0,29140.0,29122.0,29123.0,11
MTX,202602,2025-12-31 22:46:00,29125.0,29127.0,29125.0,29127.0,4
MTX,202602,2025-12-31 22:47:00,29130.0,29130.0,29127.0,29127.0,2
MTX,202602,2025-12-31 22:48:00,29126.0,29133.0,29126.0,29131.0,6
MTX,202602,2025-12-31 22:49:00,29129.0,29129.0,29123.0,29123.0,8
MTX,202602,2025-12-31 22:50:00,29135.0,29139.0,29129.0,29129.0,4
MTX,202602,2025-12-31 22:51:00,29129.0,29131.0,29129.0,29131.0,3
MTX,202602,2025-12-31 22:52:00,29139.0,29147.0,29139.0,29147.0,26
MTX,202602,2025-12-31 22:53:00,29143.0,29146.0,29136.0,29136.0,7
MTX,202602,2025-12-31 22:54:00,29140.0,29155.0,29140.0,29155.0,23
MTX,202602,2025-12-31 22:55:00,29155.0,29172.0,29153.0,29168.0,26
MTX,202602,2025-12-31 22:56:00,29168.0,29169.0,29161.0,29161.0,6
MTX,202602,2025-12-31 22:57:00,29153.0,29153.0,29146.0,29147.0,18
MTX,202602,2025-12-31 22:58:00,29149.0,29154.0,29149.0,29149.0,8
MTX,202602,2025-12-31 22:59:00,29149.0,29160.0,29149.0,29160.0,3
MTX,202602,2025-12-31 23:00:00,29160.0,29160.0,29154.0,29154.0,7
MTX,202602,2025-12-31 23:01:00,29157.0,29157.0,29154.0,29154.0,5
MTX,202602,2025-12-31 23:02:00,29148.0,29148.0,29145.0,29145.0,4
MTX,202602,2025-12-31 23:03:00,29152.0,29152.0,29147.0,29147.0,2
MTX,202602,2025-12-31 23:04:00,29155.0,29155.0,29155.0,29155.0,2
MTX,202602,2025-12-31 23:05:00,29162.0,29162.0,29161.0,29162.0,4
MTX,202602,2025-12-31 23:06:00,29153.0,29153.0,29153.0,29153.0,3
MTX,202602,2025-12-31 23:07:00,29156.0,29156.0,29156.0,29156.0,8
MTX,202602,2025-12-31 23:08:00,29160.0,29160.0,29147.0,29147.0,3
MTX,202602,2025-12-31 23:09:00,29147.0,29150.0,29146.0,29147.0,9
MTX,202602,2025-12-31 23:10:00,29146.0,29146.0,29138.0,29138.0,10
MTX,202602,2025-12-31 23:11:00,29138.0,29138.0,29128.0,29128.0,13
MTX,202602,2025-12-31 23:12:00,29128.0,29131.0,29127.0,29131.0,7
MTX,202602,2025-12-31 23:13:00,29141.0,29141.0,29141.0,29141.0,2
MTX,202602,2025-12-31 23:14:00,29139.0,29139.0,29139.0,29139.0,1
MTX,202602,2025-12-31 23:15:00,29142.0,29142.0,29142.0,29142.0,4
MTX,202602,2025-12-31 23:16:00,29140.0,29140.0,29140.0,29140.0,1
MTX,202602,2025-12-31 23:17:00,29131.0,29131.0,29131.0,29131.0,2
MTX,202602,2025-12-31 23:18:00,29134.0,29134.0,29112.0,29116.0,28
MTX,202602,2025-12-31 23:19:00,29117.0,29121.0,29117.0,29121.0,5
MTX,202602,2025-12-31 23:20:00,29120.0,29129.0,29120.0,29129.0,13
MTX,202602,2025-12-31 23:21:00,29131.0,29131.0,29124.0,29124.0,12
MTX,202602,2025-12-31 23:22:00,29130.0,29130.0,29130.0,29130.0,1
MTX,202602,2025-12-31 23:23:00,29134.0,29135.0,29134.0,29135.0,3
MTX,202602,2025-12-31 23:24:00,29130.0,29130.0,29129.0,29129.0,2
MTX,202602,2025-12-31 23:25:00,29134.0,29134.0,29134.0,29134.0,1
MTX,202602,2025-12-31 23:26:00,29134.0,29145.0,29134.0,29145.0,8
MTX,202602,2025-12-31 23:27:00,29141.0,29142.0,29141.0,29142.0,2
MTX,202602,2025-12-31 23:28:00,29146.0,29147.0,29142.0,29143.0,5
MTX,202602,2025-12-31 23:29:00,29143.0,29143.0,29143.0,29143.0,1
MTX,202602,2025-12-31 23:30:00,29148.0,29150.0,29146.0,29146.0,5
MTX,202602,2025-12-31 23:31:00,29140.0,29140.0,29136.0,29136.0,6
MTX,202602,2025-12-31 23:34:00,29140.0,29140.0,29140.0,29140.0,1
MTX,202602,2025-12-31 23:36:00,29140.0,29144.0,29140.0,29144.0,3
MTX,202602,2025-12-31 23:37:00,29139.0,29139.0,29136.0,29136.0,6
MTX,202602,2025-12-31 23:38:00,29136.0,29136.0,29134.0,29134.0,4
MTX,202602,2025-12-31 23:39:00,29140.0,29140.0,29140.0,29140.0,1
MTX,202602,2025-12-31 23:40:00,29134.0,29134.0,29134.0,29134.0,3
MTX,202602,2025-12-31 23:41:00,29132.0,29132.0,29132.0,29132.0,4
MTX,202602,2025-12-31 23:45:00,29138.0,29138.0,29138.0,29138.0,1
MTX,202602,2025-12-31 23:46:00,29137.0,29137.0,29136.0,29136.0,2
MTX,202602,2025-12-31 23:47:00,29135.0,29135.0,29135.0,29135.0,1
MTX,202602,2025-12-31 23:53:00,29134.0,29134.0,29129.0,29129.0,5
MTX,202602,2025-12-31 23:54:00,29128.0,29128.0,29121.0,29121.0,5
MTX,202602,2025-12-31 23:55:00,29120.0,29120.0,29115.0,29115.0,4
MTX,202602,2025-12-31 23:56:00,29115.0,29115.0,29106.0,29107.0,12
MTX,202602,2025-12-31 23:58:00,29107.0,29110.0,29105.0,29109.0,8
MTX,202602,2025-12-31 23:59:00,29114.0,29117.0,29113.0,29117.0,3
MTX,202602,2026-01-01 00:00:00,29115.0,29116.0,29115.0,29116.0,2
MTX,202602,2026-01-01 00:01:00,29124.0,29129.0,29122.0,29122.0,5
MTX,202602,2026-01-01 00:02:00,29122.0,29122.0,29122.0,29122.0,1
MTX,202602,2026-01-01 00:03:00,29124.0,29124.0,29124.0,29124.0,2
MTX,202602,2026-01-01 00:04:00,29124.0,29124.0,29124.0,29124.0,2
MTX,202602,2026-01-01 00:06:00,29120.0,29120.0,29118.0,29118.0,4
MTX,202602,2026-01-01 00:07:00,29115.0,29115.0,29115.0,29115.0,1
MTX,202602,2026-01-01 00:08:00,29110.0,29114.0,29110.0,29114.0,4
MTX,202602,2026-01-01 00:09:00,29106.0,29106.0,29101.0,29101.0,7
MTX,202602,2026-01-01 00:10:00,29100.0,29100.0,29090.0,29090.0,24
MTX,202602,2026-01-01 00:11:00,29098.0,29098.0,29098.0,29098.0,1
MTX,202602,2026-01-01 00:12:00,29099.0,29099.0,29099.0,29099.0,1
MTX,202602,2026-01-01 00:13:00,29103.0,29105.0,29103.0,29105.0,2
MTX,202602,2026-01-01 00:14:00,29107.0,29107.0,29107.0,29107.0,1
MTX,202602,2026-01-01 00:15:00,29106.0,29106.0,29106.0,29106.0,1
MTX,202602,2026-01-01 00:16:00,29107.0,29110.0,29107.0,29109.0,6
MTX,202602,2026-01-01 00:17:00,29111.0,29115.0,29111.0,29115.0,4
MTX,202602,2026-01-01 00:18:00,29111.0,29111.0,29109.0,29109.0,3
MTX,202602,2026-01-01 00:19:00,29112.0,29112.0,29112.0,29112.0,1
MTX,202602,2026-01-01 00:20:00,29123.0,29124.0,29123.0,29124.0,2
MTX,202602,2026-01-01 00:21:00,29122.0,29123.0,29118.0,29118.0,6
MTX,202602,2026-01-01 00:22:00,29118.0,29118.0,29118.0,29118.0,1
MTX,202602,2026-01-01 00:23:00,29120.0,29120.0,29120.0,29120.0,1
MTX,202602,2026-01-01 00:29:00,29126.0,29126.0,29126.0,29126.0,1
MTX,202602,2026-01-01 00:30:00,29126.0,29126.0,29122.0,29122.0,2
MTX,202602,2026-01-01 00:31:00,29121.0,29121.0,29120.0,29120.0,4
MTX,202602,2026-01-01 00:33:00,29120.0,29120.0,29120.0,29120.0,1
MTX,202602,2026-01-01 00:41:00,29120.0,29120.0,29120.0,29120.0,1
MTX,202602,2026-01-01 00:42:00,29120.0,29120.0,29118.0,29118.0,2
MTX,202602,2026-01-01 00:43:00,29118.0,29118.0,29118.0,29118.0,4
MTX,202602,2026-01-01 00:44:00,29118.0,29118.0,29118.0,29118.0,1
MTX,202602,2026-01-01 00:48:00,29119.0,29119.0,29119.0,29119.0,1
MTX,202602,2026-01-01 00:49:00,29122.0,29122.0,29122.0,29122.0,4
MTX,202602,2026-01-01 00:51:00,29128.0,29133.0,29128.0,29133.0,5
MTX,202602,2026-01-01 00:52:00,29135.0,29135.0,29135.0,29135.0,5
MTX,202602,2026-01-01 00:53:00,29138.0,29140.0,29133.0,29133.0,15
MTX,202602,2026-01-01 00:54:00,29133.0,29133.0,29133.0,29133.0,1
MTX,202602,2026-01-01 00:55:00,29136.0,29137.0,29136.0,29137.0,2
MTX,202602,2026-01-01 00:56:00,29140.0,29142.0,29140.0,29142.0,11
MTX,202602,2026-01-01 00:57:00,29143.0,29143.0,29143.0,29143.0,1
MTX,202602,2026-01-01 00:59:00,29144.0,29144.0,29144.0,29144.0,1
MTX,202602,2026-01-01 01:01:00,29135.0,29135.0,29135.0,29135.0,1
MTX,202602,2026-01-01 01:03:00,29135.0,29135.0,29135.0,29135.0,1
MTX,202602,2026-01-01 01:04:00,29136.0,29136.0,29136.0,29136.0,1
MTX,202602,2026-01-01 01:06:00,29130.0,29130.0,29128.0,29128.0,4
MTX,202602,2026-01-01 01:07:00,29124.0,29124.0,29124.0,29124.0,1
MTX,202602,2026-01-01 01:08:00,29120.0,29120.0,29120.0,29120.0,2
MTX,202602,2026-01-01 01:09:00,29119.0,29119.0,29119.0,29119.0,1
MTX,202602,2026-01-01 01:11:00,29119.0,29119.0,29119.0,29119.0,2
MTX,202602,2026-01-01 01:12:00,29127.0,29127.0,29127.0,29127.0,1
MTX,202602,2026-01-01 01:17:00,29134.0,29134.0,29131.0,29131.0,2
MTX,202602,2026-01-01 01:20:00,29137.0,29137.0,29137.0,29137.0,2
MTX,202602,2026-01-01 01:23:00,29137.0,29137.0,29137.0,29137.0,1
MTX,202602,2026-01-01 01:27:00,29141.0,29141.0,29141.0,29141.0,1
MTX,202602,2026-01-01 01:29:00,29143.0,29143.0,29143.0,29143.0,1
MTX,202602,2026-01-01 01:31:00,29141.0,29141.0,29141.0,29141.0,1
MTX,202602,2026-01-01 01:32:00,29145.0,29145.0,29145.0,29145.0,2
MTX,202602,2026-01-01 01:34:00,29148.0,29148.0,29148.0,29148.0,2
MTX,202602,2026-01-01 01:37:00,29150.0,29153.0,29150.0,29150.0,8
MTX,202602,2026-01-01 01:38:00,29150.0,29150.0,29150.0,29150.0,1
MTX,202602,2026-01-01 01:41:00,29152.0,29152.0,29152.0,29152.0,1
MTX,202602,2026-01-01 01:42:00,29152.0,29153.0,29152.0,29153.0,6
MTX,202602,2026-01-01 01:43:00,29154.0,29154.0,29151.0,29151.0,2
MTX,202602,2026-01-01 01:44:00,29153.0,29153.0,29153.0,29153.0,2
MTX,202602,2026-01-01 01:45:00,29154.0,29156.0,29154.0,29156.0,8
MTX,202602,2026-01-01 01:47:00,29151.0,29151.0,29151.0,29151.0,1
MTX,202602,2026-01-01 01:48:00,29149.0,29149.0,29146.0,29146.0,3
MTX,202602,2026-01-01 01:50:00,29145.0,29145.0,29144.0,29144.0,3
MTX,202602,2026-01-01 01:54:00,29144.0,29145.0,29144.0,29145.0,3
MTX,202602,2026-01-01 01:56:00,29140.0,29140.0,29140.0,29140.0,1
MTX,202602,2026-01-01 01:57:00,29140.0,29140.0,29140.0,29140.0,1
MTX,202602,2026-01-01 02:01:00,29141.0,29141.0,29138.0,29138.0,13
MTX,202602,2026-01-01 02:03:00,29136.0,29140.0,29136.0,29140.0,2
MTX,202602,2026-01-01 02:04:00,29143.0,29144.0,29142.0,29142.0,4
MTX,202602,2026-01-01 02:05:00,29139.0,29139.0,29139.0,29139.0,1
MTX,202602,2026-01-01 02:06:00,29137.0,29137.0,29137.0,29137.0,1
MTX,202602,2026-01-01 02:07:00,29139.0,29146.0,29139.0,29146.0,4
MTX,202602,2026-01-01 02:08:00,29150.0,29150.0,29150.0,29150.0,3
MTX,202602,2026-01-01 02:10:00,29149.0,29149.0,29149.0,29149.0,1
MTX,202602,2026-01-01 02:11:00,29149.0,29149.0,29149.0,29149.0,1
MTX,202602,2026-01-01 02:12:00,29150.0,29150.0,29150.0,29150.0,1
MTX,202602,2026-01-01 02:13:00,29149.0,29149.0,29149.0,29149.0,1
MTX,202602,2026-01-01 02:14:00,29153.0,29153.0,29153.0,29153.0,1
MTX,202602,2026-01-01 02:16:00,29154.0,29154.0,29154.0,29154.0,2
MTX,202602,2026-01-01 02:20:00,29151.0,29151.0,29151.0,29151.0,3
MTX,202602,2026-01-01 02:21:00,29151.0,29151.0,29149.0,29149.0,4
MTX,202602,2026-01-01 02:22:00,29149.0,29149.0,29148.0,29148.0,6
MTX,202602,2026-01-01 02:23:00,29151.0,29151.0,29151.0,29151.0,1
MTX,202602,2026-01-01 02:25:00,29154.0,29161.0,29154.0,29161.0,12
MTX,202602,2026-01-01 02:28:00,29163.0,29165.0,29163.0,29165.0,6
MTX,202602,2026-01-01 02:29:00,29165.0,29165.0,29165.0,29165.0,2
MTX,202602,2026-01-01 02:30:00,29163.0,29163.0,29163.0,29163.0,1
MTX,202602,2026-01-01 02:32:00,29160.0,29160.0,29160.0,29160.0,1
MTX,202602,2026-01-01 02:35:00,29161.0,29161.0,29161.0,29161.0,2
MTX,202602,2026-01-01 02:38:00,29160.0,29163.0,29160.0,29163.0,2
MTX,202602,2026-01-01 02:40:00,29168.0,29170.0,29168.0,29169.0,13
MTX,202602,2026-01-01 02:43:00,29168.0,29168.0,29165.0,29165.0,2
MTX,202602,2026-01-01 02:45:00,29168.0,29168.0,29168.0,29168.0,2
MTX,202602,2026-01-01 02:47:00,29167.0,29172.0,29167.0,29172.0,19
MTX,202602,2026-01-01 02:48:00,29172.0,29172.0,29168.0,29168.0,3
MTX,202602,2026-01-01 02:49:00,29168.0,29168.0,29168.0,29168.0,1
MTX,202602,2026-01-01 02:50:00,29171.0,29171.0,29171.0,29171.0,1
MTX,202602,2026-01-01 02:51:00,29166.0,29168.0,29166.0,29166.0,6
MTX,202602,2026-01-01 02:54:00,29171.0,29180.0,29171.0,29180.0,30
MTX,202602,2026-01-01 02:55:00,29177.0,29179.0,29177.0,29179.0,5
MTX,202602,2026-01-01 02:56:00,29174.0,29174.0,29171.0,29172.0,4
MTX,202602,2026-01-01 02:57:00,29178.0,29178.0,29178.0,29178.0,3
MTX,202602,2026-01-01 02:58:00,29174.0,29178.0,29174.0,29178.0,2
MTX,202602,2026-01-01 02:59:00,29176.0,29177.0,29176.0,29177.0,2
MTX,202602,2026-01-01 03:00:00,29180.0,29188.0,29180.0,29187.0,28
MTX,202602,2026-01-01 03:01:00,29193.0,29193.0,29188.0,29190.0,6
MTX,202602,2026-01-01 03:02:00,29187.0,29187.0,29187.0,29187.0,1
MTX,202602,2026-01-01 03:03:00,29190.0,29192.0,29190.0,29192.0,6
MTX,202602,2026-01-01 03:05:00,29194.0,29194.0,29194.0,29194.0,1
MTX,202602,2026-01-01 03:06:00,29193.0,29193.0,29193.0,29193.0,2
MTX,202602,2026-01-01 03:09:00,29193.0,29193.0,29193.0,29193.0,1
MTX,202602,2026-01-01 03:10:00,29194.0,29194.0,29194.0,29194.0,1
MTX,202602,2026-01-01 03:11:00,29189.0,29189.0,29189.0,29189.0,1
MTX,202602,2026-01-01 03:13:00,29194.0,29195.0,29194.0,29195.0,3
MTX,202602,2026-01-01 03:15:00,29192.0,29192.0,29188.0,29188.0,5
MTX,202602,2026-01-01 03:16:00,29188.0,29188.0,29188.0,29188.0,1
MTX,202602,2026-01-01 03:17:00,29187.0,29187.0,29186.0,29186.0,2
MTX,202602,2026-01-01 03:18:00,29186.0,29186.0,29186.0,29186.0,1
MTX,202602,2026-01-01 03:19:00,29186.0,29186.0,29186.0,29186.0,1
MTX,202602,2026-01-01 03:20:00,29181.0,29181.0,29181.0,29181.0,1
MTX,202602,2026-01-01 03:21:00,29177.0,29177.0,29176.0,29176.0,11
MTX,202602,2026-01-01 03:22:00,29181.0,29181.0,29181.0,29181.0,1
MTX,202602,2026-01-01 03:23:00,29180.0,29180.0,29180.0,29180.0,1
MTX,202602,2026-01-01 03:26:00,29175.0,29175.0,29175.0,29175.0,1
MTX,202602,2026-01-01 03:27:00,29174.0,29174.0,29174.0,29174.0,2
MTX,202602,2026-01-01 03:28:00,29174.0,29174.0,29174.0,29174.0,2
MTX,202602,2026-01-01 03:29:00,29174.0,29174.0,29173.0,29173.0,2
MTX,202602,2026-01-01 03:30:00,29173.0,29173.0,29170.0,29170.0,5
MTX,202602,2026-01-01 03:31:00,29168.0,29169.0,29166.0,29166.0,8
MTX,202602,2026-01-01 03:32:00,29164.0,29164.0,29158.0,29158.0,5
MTX,202602,2026-01-01 03:33:00,29154.0,29154.0,29154.0,29154.0,1
MTX,202602,2026-01-01 03:34:00,29150.0,29150.0,29140.0,29140.0,4
MTX,202602,2026-01-01 03:35:00,29135.0,29142.0,29135.0,29142.0,4
MTX,202602,2026-01-01 03:36:00,29151.0,29151.0,29151.0,29151.0,1
MTX,202602,2026-01-01 03:37:00,29155.0,29155.0,29155.0,29155.0,1
MTX,202602,2026-01-01 03:38:00,29155.0,29155.0,29152.0,29152.0,2
MTX,202602,2026-01-01 03:40:00,29152.0,29152.0,29152.0,29152.0,1
MTX,202602,2026-01-01 03:43:00,29158.0,29158.0,29158.0,29158.0,1
MTX,202602,2026-01-01 03:44:00,29158.0,29159.0,29158.0,29158.0,5
MTX,202602,2026-01-01 03:45:00,29158.0,29158.0,29154.0,29154.0,4
MTX,202602,2026-01-01 03:49:00,29150.0,29150.0,29149.0,29149.0,2
MTX,202602,2026-01-01 03:50:00,29144.0,29144.0,29144.0,29144.0,1
MTX,202602,2026-01-01 03:54:00,29146.0,29146.0,29146.0,29146.0,1
MTX,202602,2026-01-01 03:55:00,29146.0,29146.0,29143.0,29143.0,3
MTX,202602,2026-01-01 03:58:00,29147.0,29147.0,29147.0,29147.0,1
MTX,202602,2026-01-01 04:00:00,29143.0,29143.0,29132.0,29132.0,5
MTX,202602,2026-01-01 04:01:00,29132.0,29132.0,29128.0,29130.0,10
MTX,202602,2026-01-01 04:02:00,29130.0,29130.0,29130.0,29130.0,1
MTX,202602,2026-01-01 04:04:00,29135.0,29135.0,29125.0,29128.0,5
MTX,202602,2026-01-01 04:05:00,29133.0,29133.0,29131.0,29131.0,2
MTX,202602,2026-01-01 04:06:00,29132.0,29132.0,29120.0,29126.0,10
MTX,202602,2026-01-01 04:07:00,29121.0,29121.0,29120.0,29120.0,2
MTX,202602,2026-01-01 04:08:00,29120.0,29120.0,29119.0,29119.0,3
MTX,202602,2026-01-01 04:09:00,29115.0,29115.0,29113.0,29113.0,2
MTX,202602,2026-01-01 04:10:00,29113.0,29113.0,29098.0,29100.0,29
MTX,202602,2026-01-01 04:11:00,29097.0,29106.0,29094.0,29106.0,9
MTX,202602,2026-01-01 04:12:00,29104.0,29105.0,29103.0,29103.0,4
MTX,202602,2026-01-01 04:14:00,29105.0,29105.0,29105.0,29105.0,1
MTX,202602,2026-01-01 04:15:00,29096.0,29096.0,29083.0,29089.0,28
MTX,202602,2026-01-01 04:16:00,29085.0,29090.0,29084.0,29090.0,8
MTX,202602,2026-01-01 04:17:00,29098.0,29098.0,29096.0,29098.0,7
MTX,202602,2026-01-01 04:18:00,29098.0,29098.0,29098.0,29098.0,2
MTX,202602,2026-01-01 04:20:00,29087.0,29087.0,29071.0,29071.0,31
MTX,202602,2026-01-01 04:21:00,29070.0,29071.0,29046.0,29053.0,68
MTX,202602,2026-01-01 04:22:00,29052.0,29052.0,29050.0,29050.0,3
MTX,202602,2026-01-01 04:23:00,29056.0,29056.0,29055.0,29055.0,2
MTX,202602,2026-01-01 04:24:00,29056.0,29057.0,29054.0,29057.0,4
MTX,202602,2026-01-01 04:25:00,29056.0,29057.0,29049.0,29049.0,7
MTX,202602,2026-01-01 04:26:00,29049.0,29055.0,29049.0,29055.0,42
MTX,202602,2026-01-01 04:27:00,29056.0,29056.0,29041.0,29041.0,15
MTX,202602,2026-01-01 04:28:00,29054.0,29054.0,29047.0,29047.0,3
MTX,202602,2026-01-01 04:30:00,29049.0,29049.0,29042.0,29048.0,6
MTX,202602,2026-01-01 04:31:00,29052.0,29052.0,29052.0,29052.0,1
MTX,202602,2026-01-01 04:32:00,29052.0,29052.0,29052.0,29052.0,1
MTX,202602,2026-01-01 04:33:00,29063.0,29064.0,29057.0,29062.0,6
MTX,202602,2026-01-01 04:34:00,29058.0,29058.0,29058.0,29058.0,1
MTX,202602,2026-01-01 04:35:00,29065.0,29070.0,29065.0,29070.0,3
MTX,202602,2026-01-01 04:36:00,29069.0,29071.0,29069.0,29071.0,7
MTX,202602,2026-01-01 04:37:00,29080.0,29080.0,29080.0,29080.0,1
MTX,202602,2026-01-01 04:38:00,29079.0,29079.0,29078.0,29078.0,3
MTX,202602,2026-01-01 04:39:00,29081.0,29081.0,29080.0,29080.0,2
MTX,202602,2026-01-01 04:40:00,29075.0,29078.0,29075.0,29076.0,6
MTX,202602,2026-01-01 04:41:00,29077.0,29085.0,29077.0,29085.0,3
MTX,202602,2026-01-01 04:43:00,29083.0,29084.0,29083.0,29084.0,3
MTX,202602,2026-01-01 04:45:00,29084.0,29084.0,29084.0,29084.0,2
MTX,202602,2026-01-01 04:47:00,29083.0,29083.0,29080.0,29080.0,3
MTX,202602,2026-01-01 04:48:00,29080.0,29080.0,29073.0,29073.0,5
MTX,202602,2026-01-01 04:49:00,29068.0,29068.0,29068.0,29068.0,2
MTX,202602,2026-01-01 04:50:00,29068.0,29068.0,29066.0,29066.0,2
MTX,202602,2026-01-01 04:52:00,29074.0,29074.0,29074.0,29074.0,1
MTX,202602,2026-01-01 04:53:00,29083.0,29083.0,29083.0,29083.0,1
MTX,202602,2026-01-01 04:55:00,29083.0,29095.0,29083.0,29092.0,20
MTX,202602,2026-01-01 04:56:00,29094.0,29094.0,29094.0,29094.0,2
MTX,202602,2026-01-01 04:59:00,29090.0,29097.0,29088.0,29088.0,15
MTX,202603,2025-12-31 15:02:00,29118.0,29118.0,29118.0,29118.0,1
MTX,202603,2025-12-31 15:03:00,29115.0,29115.0,29115.0,29115.0,1
MTX,202603,2025-12-31 15:16:00,29115.0,29115.0,29115.0,29115.0,5
MTX,202603,2025-12-31 15:21:00,29118.0,29118.0,29118.0,29118.0,1
MTX,202603,2025-12-31 15:23:00,29118.0,29118.0,29118.0,29118.0,1
MTX,202603,2025-12-31 15:24:00,29125.0,29125.0,29125.0,29125.0,1
MTX,202603,2025-12-31 15:25:00,29135.0,29135.0,29135.0,29135.0,1
MTX,202603,2025-12-31 15:26:00,29140.0,29155.0,29140.0,29155.0,4
MTX,202603,2025-12-31 15:27:00,29156.0,29157.0,29156.0,29157.0,2
MTX,202603,2025-12-31 15:28:00,29155.0,29155.0,29150.0,29150.0,2
MTX,202603,2025-12-31 15:30:00,29155.0,29160.0,29155.0,29160.0,3
MTX,202603,2025-12-31 15:32:00,29152.0,29152.0,29152.0,29152.0,1
MTX,202603,2025-12-31 15:34:00,29156.0,29156.0,29156.0,29156.0,1
MTX,202603,2025-12-31 15:36:00,29150.0,29150.0,29150.0,29150.0,1
MTX,202603,2025-12-31 15:39:00,29160.0,29160.0,29160.0,29160.0,5
MTX,202603,2025-12-31 15:42:00,29165.0,29165.0,29163.0,29163.0,2
MTX,202603,2025-12-31 15:45:00,29161.0,29161.0,29161.0,29161.0,1
MTX,202603,2025-12-31 15:51:00,29150.0,29150.0,29150.0,29150.0,2
MTX,202603,2025-12-31 15:56:00,29153.0,29153.0,29153.0,29153.0,1
MTX,202603,2025-12-31 15:59:00,29151.0,29151.0,29151.0,29151.0,1
MTX,202603,2025-12-31 16:29:00,29122.0,29122.0,29119.0,29119.0,3
MTX,202603,2025-12-31 16:31:00,29115.0,29115.0,29110.0,29114.0,3
MTX,202603,2025-12-31 16:35:00,29100.0,29100.0,29100.0,29100.0,1
MTX,202603,2025-12-31 16:39:00,29100.0,29100.0,29100.0,29100.0,1
MTX,202603,2025-12-31 16:47:00,29106.0,29106.0,29106.0,29106.0,2
MTX,202603,2025-12-31 17:28:00,29110.0,29110.0,29110.0,29110.0,2
MTX,202603,2025-12-31 17:31:00,29106.0,29106.0,29106.0,29106.0,1
MTX,202603,2025-12-31 17:53:00,29106.0,29106.0,29106.0,29106.0,1
MTX,202603,2025-12-31 18:00:00,29100.0,29100.0,29100.0,29100.0,1
MTX,202603,2025-12-31 18:16:00,29100.0,29100.0,29100.0,29100.0,1
MTX,202603,2025-12-31 18:23:00,29104.0,29104.0,29104.0,29104.0,1
MTX,202603,2025-12-31 19:18:00,29099.0,29099.0,29099.0,29099.0,1
MTX,202603,2025-12-31 19:37:00,29098.0,29098.0,29098.0,29098.0,1
MTX,202603,2025-12-31 19:51:00,29094.0,29094.0,29094.0,29094.0,1
MTX,202603,2025-12-31 19:57:00,29094.0,29094.0,29094.0,29094.0,1
MTX,202603,2025-12-31 20:00:00,29092.0,29092.0,29092.0,29092.0,1
MTX,202603,2025-12-31 20:12:00,29092.0,29092.0,29092.0,29092.0,1
MTX,202603,2025-12-31 20:14:00,29097.0,29097.0,29097.0,29097.0,1
MTX,202603,2025-12-31 20:18:00,29102.0,29102.0,29102.0,29102.0,1
MTX,202603,2025-12-31 20:22:00,29119.0,29119.0,29119.0,29119.0,1
MTX,202603,2025-12-31 20:35:00,29116.0,29116.0,29116.0,29116.0,1
MTX,202603,2025-12-31 20:37:00,29116.0,29116.0,29116.0,29116.0,1
MTX,202603,2025-12-31 20:56:00,29125.0,29125.0,29125.0,29125.0,1
MTX,202603,2025-12-31 20:57:00,29128.0,29128.0,29128.0,29128.0,1
MTX,202603,2025-12-31 21:18:00,29138.0,29138.0,29138.0,29138.0,1
MTX,202603,2025-12-31 21:19:00,29140.0,29141.0,29140.0,29141.0,4
MTX,202603,2025-12-31 21:24:00,29150.0,29150.0,29150.0,29150.0,1
MTX,202603,2025-12-31 21:26:00,29150.0,29152.0,29150.0,29150.0,10
MTX,202603,2025-12-31 21:27:00,29149.0,29149.0,29149.0,29149.0,2
MTX,202603,2025-12-31 21:28:00,29149.0,29149.0,29149.0,29149.0,4
MTX,202603,2025-12-31 21:37:00,29153.0,29153.0,29153.0,29153.0,1
MTX,202603,2025-12-31 21:38:00,29146.0,29146.0,29146.0,29146.0,1
MTX,202603,2025-12-31 21:39:00,29149.0,29149.0,29149.0,29149.0,1
MTX,202603,2025-12-31 21:40:00,29154.0,29154.0,29154.0,29154.0,4
MTX,202603,2025-12-31 21:43:00,29160.0,29160.0,29153.0,29153.0,3
MTX,202603,2025-12-31 21:47:00,29165.0,29175.0,29165.0,29175.0,9
MTX,202603,2025-12-31 21:48:00,29175.0,29176.0,29172.0,29172.0,4
MTX,202603,2025-12-31 21:50:00,29178.0,29178.0,29178.0,29178.0,1
MTX,202603,2025-12-31 21:51:00,29179.0,29179.0,29179.0,29179.0,1
MTX,202603,2025-12-31 21:52:00,29185.0,29185.0,29185.0,29185.0,1
MTX,202603,2025-12-31 21:53:00,29188.0,29191.0,29180.0,29183.0,4
MTX,202603,2025-12-31 21:54:00,29182.0,29182.0,29182.0,29182.0,1
MTX,202603,2025-12-31 21:56:00,29180.0,29180.0,29180.0,29180.0,1
MTX,202603,2025-12-31 21:57:00,29180.0,29180.0,29180.0,29180.0,1
MTX,202603,2025-12-31 22:02:00,29180.0,29180.0,29180.0,29180.0,4
MTX,202603,2025-12-31 22:03:00,29173.0,29173.0,29173.0,29173.0,1
MTX,202603,2025-12-31 22:18:00,29175.0,29175.0,29175.0,29175.0,1
MTX,202603,2025-12-31 22:28:00,29175.0,29175.0,29164.0,29164.0,6
MTX,202603,2025-12-31 22:32:00,29163.0,29163.0,29163.0,29163.0,1
MTX,202603,2025-12-31 22:33:00,29162.0,29162.0,29162.0,29162.0,1
MTX,202603,2025-12-31 22:34:00,29160.0,29160.0,29160.0,29160.0,2
MTX,202603,2025-12-31 22:36:00,29160.0,29160.0,29160.0,29160.0,2
MTX,202603,2025-12-31 22:37:00,29155.0,29155.0,29155.0,29155.0,1
MTX,202603,2025-12-31 22:38:00,29157.0,29157.0,29157.0,29157.0,1
MTX,202603,2025-12-31 22:45:00,29155.0,29155.0,29155.0,29155.0,1
MTX,202603,2025-12-31 22:48:00,29148.0,29148.0,29148.0,29148.0,1
MTX,202603,2025-12-31 22:54:00,29174.0,29174.0,29174.0,29174.0,1
MTX,202603,2025-12-31 22:55:00,29185.0,29185.0,29185.0,29185.0,1
MTX,202603,2025-12-31 22:56:00,29185.0,29185.0,29182.0,29182.0,2
MTX,202603,2025-12-31 22:57:00,29173.0,29173.0,29173.0,29173.0,1
MTX,202603,2025-12-31 23:00:00,29176.0,29176.0,29176.0,29176.0,1
MTX,202603,2025-12-31 23:11:00,29160.0,29160.0,29148.0,29148.0,2
MTX,202603,2025-12-31 23:16:00,29151.0,29151.0,29151.0,29151.0,2
MTX,202603,2025-12-31 23:18:00,29152.0,29152.0,29140.0,29140.0,3
MTX,202603,2025-12-31 23:38:00,29154.0,29154.0,29154.0,29154.0,1
MTX,202603,2025-12-31 23:54:00,29141.0,29141.0,29141.0,29141.0,1
MTX,202603,2026-01-01 00:04:00,29138.0,29138.0,29138.0,29138.0,1
MTX,202603,2026-01-01 00:10:00,29120.0,29120.0,29120.0,29120.0,1
MTX,202603,2026-01-01 00:15:00,29124.0,29124.0,29124.0,29124.0,1
MTX,202603,2026-01-01 00:30:00,29145.0,29145.0,29145.0,29145.0,1
MTX,202603,2026-01-01 00:45:00,29142.0,29142.0,29142.0,29142.0,1
MTX,202603,2026-01-01 00:49:00,29140.0,29140.0,29140.0,29140.0,1
MTX,202603,2026-01-01 01:32:00,29170.0,29170.0,29170.0,29170.0,1
MTX,202603,2026-01-01 01:45:00,29174.0,29174.0,29174.0,29174.0,1
MTX,202603,2026-01-01 01:46:00,29175.0,29175.0,29175.0,29175.0,1
MTX,202603,2026-01-01 02:25:00,29175.0,29175.0,29175.0,29175.0,1
MTX,202603,2026-01-01 02:45:00,29188.0,29188.0,29188.0,29188.0,1
MTX,202603,2026-01-01 02:54:00,29191.0,29192.0,29191.0,29192.0,2
MTX,202603,2026-01-01 03:00:00,29200.0,29208.0,29200.0,29208.0,9
MTX,202603,2026-01-01 03:01:00,29210.0,29211.0,29204.0,29204.0,3
MTX,202603,2026-01-01 03:05:00,29217.0,29217.0,29217.0,29217.0,1
MTX,202603,2026-01-01 03:11:00,29217.0,29217.0,29217.0,29217.0,1
MTX,202603,2026-01-01 03:13:00,29218.0,29220.0,29218.0,29220.0,3
MTX,202603,2026-01-01 03:33:00,29175.0,29175.0,29175.0,29175.0,1
MTX,202603,2026-01-01 03:35:00,29160.0,29160.0,29160.0,29160.0,1
MTX,202603,2026-01-01 04:00:00,29167.0,29167.0,29155.0,29155.0,3
MTX,202603,2026-01-01 04:03:00,29153.0,29153.0,29153.0,29153.0,1
MTX,202603,2026-01-01 04:06:00,29148.0,29148.0,29148.0,29148.0,1
MTX,202603,2026-01-01 04:08:00,29143.0,29143.0,29143.0,29143.0,1
MTX,202603,2026-01-01 04:09:00,29139.0,29139.0,29134.0,29134.0,4
MTX,202603,2026-01-01 04:10:00,29130.0,29130.0,29121.0,29121.0,6
MTX,202603,2026-01-01 04:11:00,29123.0,29123.0,29120.0,29120.0,2
MTX,202603,2026-01-01 04:15:00,29112.0,29112.0,29112.0,29112.0,1
MTX,202603,2026-01-01 04:20:00,29103.0,29103.0,29095.0,29095.0,12
MTX,202603,2026-01-01 04:21:00,29088.0,29088.0,29080.0,29080.0,6
MTX,202603,2026-01-01 04:56:00,29115.0,29115.0,29115.0,29115.0,2
MTX,202606,2025-12-31 15:21:00,29213.0,29213.0,29213.0,29213.0,1
MTX,202606,2025-12-31 15:25:00,29232.0,29232.0,29232.0,29232.0,1
MTX,202606,2025-12-31 15:26:00,29245.0,29252.0,29245.0,29252.0,4
MTX,202606,2025-12-31 15:30:00,29250.0,29250.0,29250.0,29250.0,1
MTX,202606,2025-12-31 15:47:00,29250.0,29250.0,29250.0,29250.0,1
MTX,202606,2025-12-31 16:08:00,29234.0,29234.0,29234.0,29234.0,1
MTX,202606,2025-12-31 16:35:00,29200.0,29200.0,29200.0,29200.0,1
MTX,202606,2025-12-31 16:36:00,29194.0,29194.0,29194.0,29194.0,1
MTX,202606,2025-12-31 16:39:00,29200.0,29200.0,29200.0,29200.0,1
MTX,202606,2025-12-31 16:50:00,29205.0,29205.0,29205.0,29205.0,1
MTX,202606,2025-12-31 17:02:00,29209.0,29209.0,29209.0,29209.0,1
MTX,202606,2025-12-31 17:06:00,29203.0,29203.0,29203.0,29203.0,1
MTX,202606,2025-12-31 17:49:00,29203.0,29203.0,29203.0,29203.0,1
MTX,202606,2025-12-31 18:15:00,29195.0,29195.0,29195.0,29195.0,2
MTX,202606,2025-12-31 18:18:00,29190.0,29190.0,29188.0,29188.0,2
MTX,202606,2025-12-31 19:06:00,29200.0,29200.0,29200.0,29200.0,1
MTX,202606,2025-12-31 19:10:00,29200.0,29200.0,29200.0,29200.0,2
MTX,202606,2025-12-31 19:56:00,29190.0,29190.0,29190.0,29190.0,1
MTX,202606,2025-12-31 20:20:00,29206.0,29206.0,29206.0,29206.0,1
MTX,202606,2025-12-31 20:27:00,29206.0,29206.0,29206.0,29206.0,1
MTX,202606,2025-12-31 20:56:00,29218.0,29218.0,29218.0,29218.0,1
MTX,202606,2025-12-31 21:24:00,29238.0,29238.0,29238.0,29238.0,1
MTX,202606,2025-12-31 21:43:00,29250.0,29250.0,29250.0,29250.0,1
MTX,202606,2025-12-31 21:44:00,29250.0,29250.0,29250.0,29250.0,1
MTX,202606,2025-12-31 21:47:00,29268.0,29268.0,29268.0,29268.0,1
MTX,202606,2025-12-31 21:49:00,29270.0,29270.0,29270.0,29270.0,1
MTX,202606,2025-12-31 21:50:00,29269.0,29269.0,29269.0,29269.0,1
MTX,202606,2025-12-31 21:51:00,29274.0,29274.0,29274.0,29274.0,1
MTX,202606,2025-12-31 21:56:00,29277.0,29277.0,29277.0,29277.0,1
MTX,202606,2025-12-31 22:18:00,29270.0,29270.0,29270.0,29270.0,1
MTX,202606,2025-12-31 22:39:00,29250.0,29250.0,29250.0,29250.0,1
MTX,202606,2025-12-31 22:42:00,29246.0,29246.0,29246.0,29246.0,1
MTX,202606,2025-12-31 22:44:00,29247.0,29247.0,29247.0,29247.0,1
MTX,202606,2025-12-31 23:01:00,29261.0,29261.0,29261.0,29261.0,1
MTX,202606,2026-01-01 00:11:00,29213.0,29213.0,29213.0,29213.0,1
MTX,202606,2026-01-01 00:16:00,29228.0,29228.0,29228.0,29228.0,1
MTX,202606,2026-01-01 00:52:00,29244.0,29244.0,29244.0,29244.0,1
MTX,202606,2026-01-01 03:00:00,29300.0,29300.0,29300.0,29300.0,3
MTX,202606,2026-01-01 03:07:00,29300.0,29300.0,29300.0,29300.0,1
MTX,202606,2026-01-01 03:19:00,29302.0,29302.0,29302.0,29302.0,1
MTX,202606,2026-01-01 03:31:00,29285.0,29285.0,29285.0,29285.0,1
MTX,202606,2026-01-01 03:34:00,29250.0,29250.0,29250.0,29250.0,1
MTX,202606,2026-01-01 04:14:00,29207.0,29207.0,29207.0,29207.0,1
MTX,202606,2026-01-01 04:20:00,29204.0,29204.0,29196.0,29196.0,2
MTX,202606,2026-01-01 04:29:00,29152.0,29152.0,29151.0,29151.0,2
MTX,202609,2025-12-31 15:29:00,29014.0,29014.0,29014.0,29014.0,1
MTX,202609,2025-12-31 15:54:00,29017.0,29017.0,29017.0,29017.0,1
MTX,202609,2025-12-31 16:35:00,28965.0,28965.0,28965.0,28965.0,1
MTX,202609,2025-12-31 16:55:00,28965.0,28965.0,28965.0,28965.0,1
MTX,202609,2025-12-31 17:10:00,28968.0,28968.0,28967.0,28967.0,3
MTX,202609,2025-12-31 17:22:00,28969.0,28969.0,28969.0,28969.0,1
MTX,202609,2025-12-31 18:06:00,28951.0,28957.0,28951.0,28957.0,2
MTX,202609,2025-12-31 18:08:00,28950.0,28950.0,28950.0,28950.0,1
MTX,202609,2025-12-31 18:09:00,28958.0,28958.0,28958.0,28958.0,1
MTX,202609,2025-12-31 19:36:00,28965.0,28965.0,28965.0,28965.0,1
MTX,202609,2025-12-31 20:20:00,28984.0,28984.0,28983.0,28983.0,2
MTX,202609,2025-12-31 21:02:00,29000.0,29000.0,29000.0,29000.0,1
MTX,202609,2025-12-31 21:19:00,29008.0,29009.0,29008.0,29009.0,2
MTX,202609,2025-12-31 21:35:00,29012.0,29012.0,29012.0,29012.0,1
MTX,202609,2025-12-31 21:43:00,29026.0,29026.0,29026.0,29026.0,1
MTX,202609,2025-12-31 21:47:00,29028.0,29028.0,29028.0,29028.0,2
MTX,202609,2025-12-31 21:53:00,29052.0,29052.0,29052.0,29052.0,1
MTX,202609,2025-12-31 22:17:00,29038.0,29038.0,29038.0,29038.0,1
MTX,202609,2025-12-31 22:18:00,29037.0,29037.0,29037.0,29037.0,1
MTX,202609,2025-12-31 22:19:00,29034.0,29034.0,29034.0,29034.0,1
MTX,202609,2025-12-31 22:23:00,29050.0,29050.0,29032.0,29032.0,3
MTX,202609,2025-12-31 22:42:00,29004.0,29004.0,29004.0,29004.0,1
MTX,202609,2025-12-31 22:55:00,29048.0,29048.0,29048.0,29048.0,1
MTX,202609,2025-12-31 22:56:00,29050.0,29050.0,29050.0,29050.0,1
MTX,202609,2025-12-31 22:59:00,29051.0,29051.0,29051.0,29051.0,1
MTX,202609,2025-12-31 23:05:00,29051.0,29051.0,29049.0,29049.0,2
MTX,202609,2025-12-31 23:06:00,29044.0,29044.0,29044.0,29044.0,1
MTX,202609,2025-12-31 23:18:00,29009.0,29009.0,29009.0,29009.0,1
MTX,202609,2025-12-31 23:31:00,29035.0,29035.0,29035.0,29035.0,1
MTX,202609,2025-12-31 23:54:00,29002.0,29002.0,29002.0,29002.0,1
MTX,202609,2025-12-31 23:56:00,29000.0,29000.0,29000.0,29000.0,2
MTX,202609,2025-12-31 23:58:00,29000.0,29000.0,29000.0,29000.0,1
MTX,202609,2025-12-31 23:59:00,28994.0,28994.0,28994.0,28994.0,1
MTX,202609,2026-01-01 00:07:00,29012.0,29012.0,29012.0,29012.0,1
MTX,202609,2026-01-01 01:46:00,29031.0,29031.0,29031.0,29031.0,1
MTX,202609,2026-01-01 02:56:00,29070.0,29070.0,29070.0,29070.0,1
MTX,202609,2026-01-01 02:57:00,29074.0,29074.0,29074.0,29074.0,1
MTX,202609,2026-01-01 03:05:00,29074.0,29074.0,29074.0,29074.0,1
MTX,202609,2026-01-01 03:12:00,29070.0,29070.0,29070.0,29070.0,1
MTX,202609,2026-01-01 03:14:00,29075.0,29075.0,29075.0,29075.0,1
MTX,202609,2026-01-01 03:20:00,29082.0,29082.0,29082.0,29082.0,1
MTX,202609,2026-01-01 04:10:00,28996.0,28996.0,28996.0,28996.0,1
MTX,202609,2026-01-01 04:11:00,28989.0,28989.0,28975.0,28975.0,2
MTX,202609,2026-01-01 04:21:00,28965.0,28965.0,28950.0,28950.0,4
MTX,202609,2026-01-01 04:56:00,28998.0,28998.0,28998.0,28998.0,1
MTX,202612,2025-12-31 21:46:00,29099.0,29099.0,29099.0,29099.0,1
MTX,202612,2025-12-31 21:48:00,29112.0,29112.0,29112.0,29112.0,1
MTX,202612,2026-01-01 02:54:00,29110.0,29110.0,29110.0,29110.0,1
MTX,202612,2026-01-01 03:18:00,29142.0,29142.0,29142.0,29142.0,1
NYF,202601,2025-12-31 17:25:00,65.8,65.8,65.75,65.75,12
NYF,202601,2025-12-31 17:26:00,65.75,65.75,65.75,65.75,4
NYF,202601,2025-12-31 17:29:00,65.75,65.75,65.75,65.75,9
NYF,202601,2025-12-31 17:30:00,65.7,65.75,65.7,65.75,14
NYF,202601,2025-12-31 17:33:00,65.8,65.8,65.8,65.8,3
NYF,202601,2025-12-31 17:35:00,65.8,65.8,65.8,65.8,1
NYF,202601,2025-12-31 17:36:00,65.8,65.8,65.8,65.8,2
NYF,202601,2025-12-31 17:38:00,65.8,65.8,65.8,65.8,2
NYF,202601,2025-12-31 17:46:00,65.8,65.8,65.8,65.8,9
NYF,202601,2025-12-31 17:47:00,65.8,65.8,65.8,65.8,1
NYF,202601,2025-12-31 17:50:00,65.8,65.8,65.8,65.8,1
NYF,202601,2025-12-31 17:52:00,65.8,65.8,65.8,65.8,1
NYF,202601,2025-12-31 18:00:00,65.8,65.8,65.8,65.8,2
NYF,202601,2025-12-31 18:10:00,65.75,65.75,65.75,65.75,1
NYF,202601,2025-12-31 18:13:00,65.75,65.75,65.75,65.75,1
NYF,202601,2025-12-31 18:17:00,65.75,65.75,65.75,65.75,1
NYF,202601,2025-12-31 18:24:00,65.75,65.75,65.75,65.75,1
NYF,202601,2025-12-31 18:41:00,65.8,65.8,65.8,65.8,1
NYF,202601,2025-12-31 19:02:00,65.8,65.8,65.8,65.8,5
NYF,202601,2025-12-31 19:06:00,65.85,65.85,65.85,65.85,4
NYF,202601,2025-12-31 19:07:00,65.85,65.85,65.85,65.85,8
NYF,202601,2025-12-31 19:08:00,65.85,65.85,65.85,65.85,4
NYF,202601,2025-12-31 19:09:00,65.85,65.85,65.85,65.85,2
NYF,202601,2025-12-31 19:11:00,65.85,65.85,65.85,65.85,1
NYF,202601,2025-12-31 19:12:00,65.85,65.85,65.85,65.85,1
NYF,202601,2025-12-31 19:20:00,65.8,65.8,65.8,65.8,6
NYF,202601,2025-12-31 19:22:00,65.8,65.8,65.8,65.8,1
NYF,202601,2025-12-31 19:23:00,65.85,65.85,65.85,65.85,2
NYF,202601,2025-12-31 19:25:00,65.85,65.85,65.85,65.85,1
NYF,202601,2025-12-31 19:53:00,65.8,65.8,65.8,65.8,6
NYF,202601,2025-12-31 19:55:00,65.8,65.8,65.8,65.8,1
NYF,202601,2025-12-31 19:56:00,65.8,65.8,65.8,65.8,1
NYF,202601,2025-12-31 20:05:00,65.8,65.8,65.8,65.8,4
NYF,202601,2025-12-31 20:18:00,65.85,65.85,65.85,65.85,5
NYF,202601,2025-12-31 20:20:00,65.9,65.9,65.9,65.9,1
NYF,202601,2025-12-31 20:24:00,65.85,65.85,65.85,65.85,5
NYF,202601,2025-12-31 20:25:00,65.85,65.85,65.85,65.85,4
NYF,202601,2025-12-31 20:28:00,65.85,65.85,65.85,65.85,1
NYF,202601,2025-12-31 20:33:00,65.85,65.85,65.85,65.85,5
NYF,202601,2025-12-31 20:37:00,65.85,65.85,65.85,65.85,2
NYF,202601,2025-12-31 20:39:00,65.85,65.85,65.85,65.85,1
NYF,202601,2025-12-31 20:40:00,65.85,65.85,65.85,65.85,1
NYF,202601,2025-12-31 20:46:00,65.85,65.85,65.85,65.85,1
NYF,202601,2025-12-31 20:55:00,65.9,65.9,65.9,65.9,23
NYF,202601,2025-12-31 21:04:00,65.95,65.95,65.95,65.95,1
NYF,202601,2025-12-31 21:07:00,65.95,65.95,65.95,65.95,2
NYF,202601,2025-12-31 21:15:00,65.95,65.95,65.95,65.95,1
NYF,202601,2025-12-31 21:17:00,65.95,65.95,65.95,65.95,2
NYF,202601,2025-12-31 21:18:00,65.95,65.95,65.95,65.95,1
NYF,202601,2025-12-31 21:20:00,65.95,65.95,65.95,65.95,1
NYF,202601,2025-12-31 21:21:00,65.95,65.95,65.95,65.95,2
NYF,202601,2025-12-31 21:29:00,65.95,65.95,65.95,65.95,1
NYF,202601,2025-12-31 21:30:00,65.95,65.95,65.95,65.95,1
NYF,202601,2025-12-31 21:34:00,65.95,66.0,65.95,66.0,11
NYF,202601,2025-12-31 21:35:00,66.0,66.0,66.0,66.0,4
NYF,202601,2025-12-31 21:37:00,66.0,66.0,66.0,66.0,7
NYF,202601,2025-12-31 21:39:00,66.0,66.0,66.0,66.0,8
NYF,202601,2025-12-31 21:47:00,66.05,66.05,66.05,66.05,4
NYF,202601,2025-12-31 21:48:00,66.1,66.1,66.1,66.1,1
NYF,202601,2025-12-31 21:49:00,66.1,66.1,66.1,66.1,1
NYF,202601,2025-12-31 21:51:00,66.1,66.1,66.1,66.1,5
NYF,202601,2025-12-31 21:52:00,66.1,66.1,66.1,66.1,1
NYF,202601,2025-12-31 21:54:00,66.1,66.1,66.1,66.1,14
NYF,202601,2025-12-31 21:55:00,66.1,66.1,66.1,66.1,5
NYF,202601,2025-12-31 21:58:00,66.1,66.1,66.1,66.1,2
NYF,202601,2025-12-31 22:00:00,66.1,66.1,66.1,66.1,1
NYF,202601,2025-12-31 22:02:00,66.1,66.1,66.1,66.1,1
NYF,202601,2025-12-31 22:07:00,66.1,66.1,66.1,66.1,6
NYF,202601,2025-12-31 22:08:00,66.1,66.1,66.1,66.1,2
NYF,202601,2025-12-31 22:09:00,66.1,66.1,66.1,66.1,2
NYF,202601,2025-12-31 22:14:00,66.15,66.15,66.15,66.15,2
NYF,202601,2025-12-31 22:17:00,66.1,66.1,66.1,66.1,5
NYF,202601,2025-12-31 22:20:00,66.1,66.1,66.1,66.1,2
NYF,202601,2025-12-31 22:26:00,66.1,66.1,66.1,66.1,1
NYF,202601,2025-12-31 22:28:00,66.1,66.1,66.1,66.1,1
NYF,202601,2025-12-31 22:29:00,66.1,66.1,66.1,66.1,2
NYF,202601,2025-12-31 22:31:00,66.1,66.1,66.1,66.1,2
NYF,202601,2025-12-31 22:32:00,66.1,66.1,66.1,66.1,2
NYF,202601,2025-12-31 22:34:00,66.05,66.05,66.05,66.05,7
NYF,202601,2025-12-31 22:35:00,66.1,66.1,66.1,66.1,3
NYF,202601,2025-12-31 22:38:00,66.05,66.05,66.05,66.05,16
NYF,202601,2025-12-31 22:39:00,66.05,66.05,66.05,66.05,4
NYF,202601,2025-12-31 22:40:00,66.05,66.05,66.05,66.05,1
NYF,202601,2025-12-31 22:41:00,66.05,66.05,66.05,66.05,5
NYF,202601,2025-12-31 22:43:00,66.05,66.05,66.05,66.05,1
NYF,202601,2025-12-31 22:44:00,66.05,66.05,66.05,66.05,6
NYF,202601,2025-12-31 22:45:00,66.05,66.05,66.0,66.0,4
NYF,202601,2025-12-31 22:47:00,66.0,66.0,66.0,66.0,18
NYF,202601,2025-12-31 22:49:00,66.0,66.0,66.0,66.0,4
NYF,202601,2025-12-31 22:50:00,66.05,66.05,66.05,66.05,8
NYF,202601,2025-12-31 22:52:00,66.05,66.05,66.05,66.05,2
NYF,202601,2025-12-31 22:55:00,66.1,66.1,66.1,66.1,7
NYF,202601,2025-12-31 22:56:00,66.1,66.1,66.1,66.1,4
NYF,202601,2025-12-31 22:59:00,66.1,66.1,66.1,66.1,3
NYF,202601,2025-12-31 23:01:00,66.1,66.1,66.1,66.1,10
NYF,202601,2025-12-31 23:02:00,66.1,66.1,66.1,66.1,1
NYF,202601,2025-12-31 23:03:00,66.1,66.1,66.1,66.1,1
NYF,202601,2025-12-31 23:04:00,66.1,66.1,66.1,66.1,3
NYF,202601,2025-12-31 23:08:00,66.15,66.15,66.15,66.15,22
NYF,202601,2025-12-31 23:09:00,66.15,66.15,66.15,66.15,20
NYF,202601,2025-12-31 23:10:00,66.15,66.15,66.15,66.15,11
NYF,202601,2025-12-31 23:11:00,66.1,66.15,66.1,66.15,11
NYF,202601,2025-12-31 23:12:00,66.1,66.1,66.1,66.1,2
NYF,202601,2025-12-31 23:14:00,66.1,66.1,66.1,66.1,1
NYF,202601,2025-12-31 23:16:00,66.1,66.1,66.1,66.1,2
NYF,202601,2025-12-31 23:20:00,66.1,66.1,66.1,66.1,1
NYF,202601,2025-12-31 23:22:00,66.1,66.1,66.1,66.1,6
NYF,202601,2025-12-31 23:27:00,66.1,66.1,66.1,66.1,24
NYF,202601,2025-12-31 23:31:00,66.1,66.1,66.1,66.1,1
NYF,202601,2025-12-31 23:32:00,66.1,66.1,66.1,66.1,1
NYF,202601,2025-12-31 23:37:00,66.1,66.1,66.1,66.1,1
NYF,202601,2025-12-31 23:46:00,66.05,66.05,66.05,66.05,2
NYF,202601,2025-12-31 23:55:00,66.05,66.05,66.05,66.05,10
NYF,202601,2025-12-31 23:56:00,66.0,66.0,66.0,66.0,2
NYF,202601,2026-01-01 00:00:00,66.05,66.05,66.05,66.05,1
NYF,202601,2026-01-01 00:05:00,66.05,66.05,66.05,66.05,1
NYF,202601,2026-01-01 00:08:00,66.05,66.05,66.05,66.05,5
NYF,202601,2026-01-01 00:09:00,66.05,66.05,66.05,66.05,2
NYF,202601,2026-01-01 00:12:00,66.05,66.05,66.05,66.05,1
NYF,202601,2026-01-01 00:14:00,66.05,66.05,66.05,66.05,1
NYF,202601,2026-01-01 00:42:00,66.1,66.1,66.1,66.1,1
NYF,202601,2026-01-01 00:49:00,66.05,66.05,66.05,66.05,1
NYF,202601,2026-01-01 00:52:00,66.1,66.1,66.1,66.1,6
NYF,202601,2026-01-01 01:02:00,66.1,66.1,66.1,66.1,1
NYF,202601,2026-01-01 01:12:00,66.1,66.1,66.1,66.1,2
NYF,202601,2026-01-01 01:25:00,66.15,66.15,66.15,66.15,1
NYF,202601,2026-01-01 01:29:00,66.15,66.15,66.15,66.15,1
NYF,202601,2026-01-01 01:35:00,66.15,66.15,66.15,66.15,5
NYF,202601,2026-01-01 01:37:00,66.2,66.2,66.2,66.2,1
NYF,202601,2026-01-01 01:50:00,66.15,66.15,66.15,66.15,7
NYF,202601,2026-01-01 02:01:00,66.15,66.15,66.15,66.15,2
NYF,202601,2026-01-01 02:17:00,66.15,66.15,66.15,66.15,1
NYF,202601,2026-01-01 02:33:00,66.2,66.2,66.2,66.2,5
NYF,202601,2026-01-01 02:35:00,66.2,66.2,66.2,66.2,2
NYF,202601,2026-01-01 02:40:00,66.2,66.2,66.2,66.2,3
NYF,202601,2026-01-01 03:20:00,66.2,66.2,66.2,66.2,1
NYF,202601,2026-01-01 03:21:00,66.2,66.2,66.2,66.2,1
NYF,202601,2026-01-01 03:27:00,66.2,66.2,66.2,66.2,1
NYF,202601,2026-01-01 03:33:00,66.15,66.15,66.15,66.15,6
NYF,202601,2026-01-01 04:00:00,66.1,66.1,66.1,66.1,2
NYF,202601,2026-01-01 04:10:00,66.05,66.05,66.05,66.05,15
NYF,202601,2026-01-01 04:12:00,66.0,66.0,66.0,66.0,20
NYF,202601,2026-01-01 04:19:00,66.05,66.05,66.05,66.05,2
NYF,202601,2026-01-01 04:20:00,66.0,66.0,66.0,66.0,22
NYF,202601,2026-01-01 04:32:00,66.0,66.0,66.0,66.0,1
NYF,202601,2026-01-01 04:37:00,66.0,66.0,66.0,66.0,4
NYF,202601,2026-01-01 04:38:00,66.0,66.0,66.0,66.0,2
NYF,202601,2026-01-01 04:40:00,66.0,66.0,66.0,66.0,4
NYF,202601,2026-01-01 04:41:00,66.05,66.05,66.05,66.05,1
NYF,202601,2026-01-01 04:49:00,66.0,66.0,66.0,66.0,2
NYF,202601,2026-01-01 04:55:00,66.05,66.05,66.05,66.05,2
NYF,202601,2026-01-01 04:57:00,66.1,66.1,66.1,66.1,1
NYF,202601,2026-01-01 04:58:00,66.1,66.1,66.05,66.05,5
NYF,202601,2026-01-01 04:59:00,66.05,66.05,66.05,66.05,3
NYF,202601/202602,2025-12-31 17:39:00,0.12,0.12,0.12,0.12,2
NYF,202601/202602,2025-12-31 20:49:00,0.12,0.12,0.12,0.12,10
NYF,202601/202602,2026-01-01 04:10:00,0.12,0.12,0.12,0.12,50
NYF,202602,2025-12-31 19:06:00,65.95,65.95,65.95,65.95,4
NYF,202602,2025-12-31 19:08:00,65.95,65.95,65.95,65.95,4
NYF,202602,2025-12-31 19:23:00,65.95,65.95,65.95,65.95,2
NYF,202602,2025-12-31 19:25:00,65.95,65.95,65.95,65.95,1
NYF,202602,2025-12-31 20:20:00,66.0,66.0,66.0,66.0,1
NYF,202602,2025-12-31 21:04:00,66.05,66.05,66.05,66.05,1
NYF,202602,2025-12-31 21:07:00,66.05,66.05,66.05,66.05,2
NYF,202602,2025-12-31 21:15:00,66.05,66.05,66.05,66.05,1
NYF,202602,2025-12-31 21:34:00,66.1,66.1,66.1,66.1,1
NYF,202602,2025-12-31 21:48:00,66.2,66.2,66.2,66.2,1
NYF,202602,2025-12-31 21:49:00,66.2,66.2,66.2,66.2,1
NYF,202602,2025-12-31 22:33:00,66.2,66.2,66.2,66.2,1
NYF,202602,2025-12-31 23:08:00,66.25,66.25,66.25,66.25,10
NYF,202602,2025-12-31 23:11:00,66.25,66.25,66.25,66.25,10
NYF,202602,2025-12-31 23:20:00,66.2,66.2,66.2,66.2,1
NYF,202602,2025-12-31 23:46:00,66.15,66.15,66.15,66.15,2
NYF,202602,2025-12-31 23:56:00,66.1,66.1,66.1,66.1,2
NYF,202602,2026-01-01 00:01:00,66.2,66.2,66.2,66.2,1
NYF,202602,2026-01-01 01:25:00,66.25,66.25,66.25,66.25,1
NYF,202602,2026-01-01 01:37:00,66.3,66.3,66.3,66.3,1
NYF,202602,2026-01-01 03:04:00,66.35,66.35,66.35,66.35,1
NYF,202602,2026-01-01 04:21:00,66.1,66.1,66.1,66.1,2
NYF,202602,2026-01-01 04:58:00,66.2,66.2,66.2,66.2,1
QFF,202601,2025-12-31 17:25:00,1560.0,1560.0,1560.0,1560.0,18
QFF,202601,2025-12-31 17:27:00,1560.0,1560.0,1560.0,1560.0,1
QFF,202601,2025-12-31 17:28:00,1560.0,1560.0,1560.0,1560.0,1
QFF,202601,2025-12-31 17:33:00,1560.0,1560.0,1560.0,1560.0,1
QFF,202601,2025-12-31 17:34:00,1555.0,1555.0,1555.0,1555.0,5
QFF,202601,2025-12-31 17:35:00,1555.0,1555.0,1555.0,1555.0,7
QFF,202601,2025-12-31 17:38:00,1555.0,1560.0,1555.0,1560.0,2
QFF,202601,2025-12-31 17:40:00,1560.0,1560.0,1560.0,1560.0,3
QFF,202601,2025-12-31 17:42:00,1560.0,1560.0,1560.0,1560.0,1
QFF,202601,2025-12-31 17:44:00,1560.0,1560.0,1560.0,1560.0,1
QFF,202601,2025-12-31 17:47:00,1560.0,1560.0,1560.0,1560.0,2
QFF,202601,2025-12-31 18:02:00,1560.0,1560.0,1560.0,1560.0,1
QFF,202601,2025-12-31 18:04:00,1555.0,1555.0,1555.0,1555.0,1
QFF,202601,2025-12-31 18:06:00,1555.0,1555.0,1555.0,1555.0,11
QFF,202601,2025-12-31 18:07:00,1555.0,1555.0,1555.0,1555.0,2
QFF,202601,2025-12-31 18:08:00,1555.0,1555.0,1555.0,1555.0,10
QFF,202601,2025-12-31 18:12:00,1555.0,1555.0,1555.0,1555.0,9
QFF,202601,2025-12-31 18:13:00,1555.0,1555.0,1555.0,1555.0,1
QFF,202601,2025-12-31 18:17:00,1555.0,1555.0,1555.0,1555.0,1
QFF,202601,2025-12-31 18:27:00,1555.0,1555.0,1555.0,1555.0,1
QFF,202601,2025-12-31 18:31:00,1555.0,1555.0,1555.0,1555.0,3
QFF,202601,2025-12-31 18:32:00,1555.0,1555.0,1555.0,1555.0,3
QFF,202601,2025-12-31 18:33:00,1555.0,1555.0,1555.0,1555.0,12
QFF,202601,2025-12-31 18:34:00,1555.0,1555.0,1555.0,1555.0,1
QFF,202601,2025-12-31 18:35:00,1555.0,1555.0,1555.0,1555.0,2
QFF,202601,2025-12-31 18:37:00,1555.0,1555.0,1555.0,1555.0,1
QFF,202601,2025-12-31 18:38:00,1555.0,1555.0,1555.0,1555.0,3
QFF,202601,2025-12-31 18:47:00,1555.0,1555.0,1555.0,1555.0,5
QFF,202601,2025-12-31 18:48:00,1555.0,1555.0,1555.0,1555.0,2
QFF,202601,2025-12-31 18:56:00,1560.0,1560.0,1555.0,1555.0,8
QFF,202601,2025-12-31 18:57:00,1555.0,1555.0,1555.0,1555.0,2
QFF,202601,2025-12-31 18:58:00,1560.0,1560.0,1560.0,1560.0,1
QFF,202601,2025-12-31 18:59:00,1560.0,1560.0,1560.0,1560.0,5
QFF,202601,2025-12-31 19:00:00,1555.0,1555.0,1555.0,1555.0,5
QFF,202601,2025-12-31 19:05:00,1560.0,1560.0,1560.0,1560.0,1
QFF,202601,2025-12-31 19:07:00,1555.0,1555.0,1555.0,1555.0,1
QFF,202601,2025-12-31 19:26:00,1560.0,1560.0,1560.0,1560.0,9
QFF,202601,2025-12-31 19:32:00,1560.0,1560.0,1560.0,1560.0,1
QFF,202601,2025-12-31 19:35:00,1560.0,1560.0,1560.0,1560.0,1
QFF,202601,2025-12-31 19:37:00,1560.0,1560.0,1560.0,1560.0,1
QFF,202601,2025-12-31 19:43:00,1560.0,1560.0,1560.0,1560.0,1
QFF,202601,2025-12-31 20:00:00,1560.0,1560.0,1560.0,1560.0,1
QFF,202601,2025-12-31 20:18:00,1560.0,1560.0,1560.0,1560.0,1
QFF,202601,2025-12-31 20:21:00,1560.0,1560.0,1560.0,1560.0,11
QFF,202601,2025-12-31 20:23:00,1560.0,1560.0,1560.0,1560.0,1
QFF,202601,2025-12-31 20:24:00,1560.0,1560.0,1560.0,1560.0,1
QFF,202601,2025-12-31 20:25:00,1560.0,1560.0,1560.0,1560.0,1
QFF,202601,2025-12-31 20:29:00,1560.0,1560.0,1560.0,1560.0,9
QFF,202601,2025-12-31 20:30:00,1560.0,1560.0,1560.0,1560.0,1
QFF,202601,2025-12-31 20:31:00,1560.0,1560.0,1560.0,1560.0,1
QFF,202601,2025-12-31 20:32:00,1560.0,1560.0,1560.0,1560.0,1
QFF,202601,2025-12-31 20:34:00,1560.0,1560.0,1560.0,1560.0,1
QFF,202601,2025-12-31 20:36:00,1560.0,1560.0,1560.0,1560.0,1
QFF,202601,2025-12-31 20:40:00,1560.0,1560.0,1560.0,1560.0,1
QFF,202601,2025-12-31 20:43:00,1560.0,1560.0,1560.0,1560.0,1
QFF,202601,2025-12-31 20:44:00,1560.0,1560.0,1560.0,1560.0,14
QFF,202601,2025-12-31 20:45:00,1560.0,1560.0,1560.0,1560.0,7
QFF,202601,2025-12-31 20:51:00,1560.0,1560.0,1560.0,1560.0,1
QFF,202601,2025-12-31 20:52:00,1560.0,1560.0,1560.0,1560.0,30
QFF,202601,2025-12-31 20:53:00,1560.0,1560.0,1560.0,1560.0,2
QFF,202601,2025-12-31 20:54:00,1560.0,1560.0,1560.0,1560.0,93
QFF,202601,2025-12-31 21:01:00,1560.0,1560.0,1560.0,1560.0,2
QFF,202601,2025-12-31 21:06:00,1560.0,1560.0,1560.0,1560.0,1
QFF,202601,2025-12-31 21:11:00,1560.0,1560.0,1560.0,1560.0,1
QFF,202601,2025-12-31 21:23:00,1565.0,1565.0,1565.0,1565.0,1
QFF,202601,2025-12-31 21:25:00,1565.0,1565.0,1560.0,1560.0,2
QFF,202601,2025-12-31 21:29:00,1560.0,1560.0,1560.0,1560.0,25
QFF,202601,2025-12-31 21:35:00,1565.0,1565.0,1565.0,1565.0,1
QFF,202601,2025-12-31 21:36:00,1565.0,1565.0,1565.0,1565.0,1
QFF,202601,2025-12-31 21:38:00,1565.0,1565.0,1565.0,1565.0,1
QFF,202601,2025-12-31 21:40:00,1565.0,1565.0,1565.0,1565.0,10
QFF,202601,2025-12-31 21:44:00,1565.0,1565.0,1565.0,1565.0,4
QFF,202601,2025-12-31 21:45:00,1565.0,1565.0,1565.0,1565.0,11
QFF,202601,2025-12-31 21:46:00,1565.0,1565.0,1565.0,1565.0,1
QFF,202601,2025-12-31 21:47:00,1565.0,1570.0,1565.0,1570.0,125
QFF,202601,2025-12-31 21:48:00,1570.0,1570.0,1570.0,1570.0,7
QFF,202601,2025-12-31 21:49:00,1565.0,1565.0,1565.0,1565.0,2
QFF,202601,2025-12-31 21:54:00,1570.0,1570.0,1570.0,1570.0,1
QFF,202601,2025-12-31 21:55:00,1570.0,1570.0,1570.0,1570.0,5
QFF,202601,2025-12-31 21:56:00,1570.0,1570.0,1570.0,1570.0,1
QFF,202601,2025-12-31 21:58:00,1570.0,1570.0,1570.0,1570.0,5
QFF,202601,2025-12-31 21:59:00,1570.0,1570.0,1570.0,1570.0,1
QFF,202601,2025-12-31 22:01:00,1565.0,1565.0,1565.0,1565.0,1
QFF,202601,2025-12-31 22:03:00,1565.0,1565.0,1565.0,1565.0,1
QFF,202601,2025-12-31 22:04:00,1570.0,1570.0,1570.0,1570.0,3
QFF,202601,2025-12-31 22:07:00,1565.0,1565.0,1565.0,1565.0,6
QFF,202601,2025-12-31 22:08:00,1565.0,1570.0,1565.0,1570.0,2
QFF,202601,2025-12-31 22:10:00,1570.0,1570.0,1570.0,1570.0,1
QFF,202601,2025-12-31 22:12:00,1570.0,1570.0,1570.0,1570.0,1
QFF,202601,2025-12-31 22:13:00,1570.0,1570.0,1570.0,1570.0,1
QFF,202601,2025-12-31 22:14:00,1570.0,1570.0,1570.0,1570.0,3
QFF,202601,2025-12-31 22:16:00,1565.0,1565.0,1565.0,1565.0,15
QFF,202601,2025-12-31 22:17:00,1570.0,1570.0,1570.0,1570.0,3
QFF,202601,2025-12-31 22:18:00,1565.0,1565.0,1565.0,1565.0,1
QFF,202601,2025-12-31 22:19:00,1565.0,1565.0,1565.0,1565.0,16
QFF,202601,2025-12-31 22:22:00,1570.0,1570.0,1570.0,1570.0,2
QFF,202601,2025-12-31 22:24:00,1565.0,1565.0,1565.0,1565.0,5
QFF,202601,2025-12-31 22:27:00,1570.0,1570.0,1570.0,1570.0,1
QFF,202601,2025-12-31 22:28:00,1570.0,1570.0,1570.0,1570.0,1
QFF,202601,2025-12-31 22:29:00,1570.0,1570.0,1570.0,1570.0,7
QFF,202601,2025-12-31 22:30:00,1565.0,1565.0,1565.0,1565.0,2
QFF,202601,2025-12-31 22:32:00,1565.0,1565.0,1565.0,1565.0,176
QFF,202601,2025-12-31 22:33:00,1565.0,1565.0,1565.0,1565.0,27
QFF,202601,2025-12-31 22:34:00,1565.0,1565.0,1565.0,1565.0,24
QFF,202601,2025-12-31 22:36:00,1565.0,1565.0,1565.0,1565.0,21
QFF,202601,2025-12-31 22:37:00,1565.0,1565.0,1565.0,1565.0,2
QFF,202601,2025-12-31 22:39:00,1565.0,1565.0,1565.0,1565.0,21
QFF,202601,2025-12-31 22:40:00,1565.0,1565.0,1565.0,1565.0,3
QFF,202601,2025-12-31 22:41:00,1560.0,1565.0,1560.0,1565.0,2
QFF,202601,2025-12-31 22:42:00,1560.0,1565.0,1560.0,1565.0,8
QFF,202601,2025-12-31 22:45:00,1560.0,1560.0,1560.0,1560.0,2
QFF,202601,2025-12-31 22:48:00,1565.0,1565.0,1565.0,1565.0,1
QFF,202601,2025-12-31 22:49:00,1565.0,1565.0,1565.0,1565.0,1
QFF,202601,2025-12-31 22:50:00,1565.0,1565.0,1565.0,1565.0,37
QFF,202601,2025-12-31 22:51:00,1565.0,1565.0,1560.0,1560.0,2
QFF,202601,2025-12-31 22:52:00,1560.0,1565.0,1560.0,1565.0,27
QFF,202601,2025-12-31 22:53:00,1565.0,1565.0,1565.0,1565.0,3
QFF,202601,2025-12-31 22:54:00,1565.0,1565.0,1565.0,1565.0,10
QFF,202601,2025-12-31 22:56:00,1570.0,1570.0,1565.0,1565.0,4
QFF,202601,2025-12-31 22:57:00,1570.0,1570.0,1570.0,1570.0,1
QFF,202601,2025-12-31 23:00:00,1570.0,1570.0,1570.0,1570.0,1
QFF,202601,2025-12-31 23:01:00,1570.0,1570.0,1570.0,1570.0,3
QFF,202601,2025-12-31 23:02:00,1570.0,1570.0,1570.0,1570.0,2
QFF,202601,2025-12-31 23:03:00,1565.0,1565.0,1565.0,1565.0,1
QFF,202601,2025-12-31 23:04:00,1570.0,1570.0,1570.0,1570.0,34
QFF,202601,2025-12-31 23:05:00,1570.0,1570.0,1570.0,1570.0,3
QFF,202601,2025-12-31 23:08:00,1570.0,1570.0,1570.0,1570.0,3
QFF,202601,2025-12-31 23:09:00,1565.0,1565.0,1565.0,1565.0,4
QFF,202601,2025-12-31 23:12:00,1570.0,1570.0,1570.0,1570.0,1
QFF,202601,2025-12-31 23:18:00,1565.0,1565.0,1565.0,1565.0,1
QFF,202601,2025-12-31 23:19:00,1565.0,1565.0,1565.0,1565.0,33
QFF,202601,2025-12-31 23:20:00,1570.0,1570.0,1570.0,1570.0,2
QFF,202601,2025-12-31 23:24:00,1565.0,1565.0,1565.0,1565.0,1
QFF,202601,2025-12-31 23:25:00,1570.0,1570.0,1570.0,1570.0,2
QFF,202601,2025-12-31 23:26:00,1570.0,1570.0,1570.0,1570.0,1
QFF,202601,2025-12-31 23:27:00,1565.0,1565.0,1565.0,1565.0,1
QFF,202601,2025-12-31 23:28:00,1570.0,1570.0,1570.0,1570.0,1
QFF,202601,2025-12-31 23:29:00,1570.0,1570.0,1570.0,1570.0,1
QFF,202601,2025-12-31 23:31:00,1565.0,1565.0,1565.0,1565.0,1
QFF,202601,2025-12-31 23:39:00,1565.0,1565.0,1565.0,1565.0,2
QFF,202601,2025-12-31 23:41:00,1565.0,1565.0,1565.0,1565.0,1
QFF,202601,2025-12-31 23:43:00,1570.0,1570.0,1570.0,1570.0,2
QFF,202601,2025-12-31 23:48:00,1570.0,1570.0,1570.0,1570.0,1
QFF,202601,2025-12-31 23:54:00,1570.0,1570.0,1570.0,1570.0,1
QFF,202601,2025-12-31 23:56:00,1565.0,1565.0,1565.0,1565.0,8
QFF,202601,2025-12-31 23:57:00,1565.0,1565.0,1565.0,1565.0,39
QFF,202601,2025-12-31 23:58:00,1565.0,1565.0,1565.0,1565.0,1
QFF,202601,2026-01-01 00:04:00,1565.0,1565.0,1565.0,1565.0,1
QFF,202601,2026-01-01 00:05:00,1565.0,1565.0,1565.0,1565.0,1
QFF,202601,2026-01-01 00:07:00,1570.0,1570.0,1570.0,1570.0,2
QFF,202601,2026-01-01 00:11:00,1565.0,1565.0,1565.0,1565.0,3
QFF,202601,2026-01-01 00:19:00,1565.0,1565.0,1565.0,1565.0,1
QFF,202601,2026-01-01 00:21:00,1570.0,1570.0,1570.0,1570.0,1
QFF,202601,2026-01-01 00:31:00,1565.0,1565.0,1565.0,1565.0,3
QFF,202601,2026-01-01 00:39:00,1565.0,1565.0,1565.0,1565.0,1
QFF,202601,2026-01-01 00:42:00,1565.0,1565.0,1565.0,1565.0,3
QFF,202601,2026-01-01 00:44:00,1565.0,1565.0,1565.0,1565.0,14
QFF,202601,2026-01-01 00:45:00,1565.0,1565.0,1565.0,1565.0,4
QFF,202601,2026-01-01 00:46:00,1565.0,1565.0,1565.0,1565.0,1
QFF,202601,2026-01-01 00:48:00,1565.0,1565.0,1565.0,1565.0,6
QFF,202601,2026-01-01 00:50:00,1565.0,1565.0,1565.0,1565.0,7
QFF,202601,2026-01-01 00:52:00,1570.0,1570.0,1570.0,1570.0,1
QFF,202601,2026-01-01 01:02:00,1565.0,1565.0,1565.0,1565.0,2
QFF,202601,2026-01-01 01:07:00,1565.0,1565.0,1565.0,1565.0,1
QFF,202601,2026-01-01 01:09:00,1565.0,1565.0,1565.0,1565.0,3
QFF,202601,2026-01-01 01:15:00,1570.0,1570.0,1570.0,1570.0,7
QFF,202601,2026-01-01 01:17:00,1570.0,1570.0,1570.0,1570.0,6
QFF,202601,2026-01-01 01:21:00,1570.0,1570.0,1570.0,1570.0,1
QFF,202601,2026-01-01 01:22:00,1570.0,1570.0,1570.0,1570.0,1
QFF,202601,2026-01-01 01:29:00,1570.0,1570.0,1570.0,1570.0,2
QFF,202601,2026-01-01 01:39:00,1570.0,1570.0,1570.0,1570.0,2
QFF,202601,2026-01-01 01:40:00,1570.0,1570.0,1570.0,1570.0,1
QFF,202601,2026-01-01 01:50:00,1570.0,1570.0,1570.0,1570.0,1
QFF,202601,2026-01-01 01:52:00,1565.0,1565.0,1565.0,1565.0,1
QFF,202601,2026-01-01 02:21:00,1565.0,1565.0,1565.0,1565.0,1
QFF,202601,2026-01-01 02:22:00,1570.0,1570.0,1570.0,1570.0,1
QFF,202601,2026-01-01 02:27:00,1570.0,1570.0,1570.0,1570.0,1
QFF,202601,2026-01-01 02:28:00,1570.0,1570.0,1570.0,1570.0,1
QFF,202601,2026-01-01 02:32:00,1570.0,1570.0,1570.0,1570.0,2
QFF,202601,2026-01-01 02:34:00,1570.0,1570.0,1570.0,1570.0,1
QFF,202601,2026-01-01 02:51:00,1570.0,1570.0,1570.0,1570.0,1
QFF,202601,2026-01-01 02:54:00,1570.0,1570.0,1570.0,1570.0,2
QFF,202601,2026-01-01 02:55:00,1570.0,1570.0,1570.0,1570.0,1
QFF,202601,2026-01-01 03:02:00,1570.0,1570.0,1570.0,1570.0,1
QFF,202601,2026-01-01 03:03:00,1570.0,1570.0,1570.0,1570.0,2
QFF,202601,2026-01-01 03:10:00,1570.0,1570.0,1570.0,1570.0,1
QFF,202601,2026-01-01 03:13:00,1570.0,1570.0,1570.0,1570.0,5
QFF,202601,2026-01-01 03:19:00,1570.0,1570.0,1570.0,1570.0,1
QFF,202601,2026-01-01 03:22:00,1570.0,1570.0,1570.0,1570.0,1
QFF,202601,2026-01-01 03:29:00,1570.0,1570.0,1570.0,1570.0,3
QFF,202601,2026-01-01 03:44:00,1570.0,1570.0,1570.0,1570.0,1
QFF,202601,2026-01-01 04:09:00,1565.0,1565.0,1565.0,1565.0,5
QFF,202601,2026-01-01 04:10:00,1565.0,1565.0,1565.0,1565.0,109
QFF,202601,2026-01-01 04:13:00,1560.0,1560.0,1560.0,1560.0,3
QFF,202601,2026-01-01 04:18:00,1565.0,1565.0,1565.0,1565.0,2
QFF,202601,2026-01-01 04:22:00,1565.0,1565.0,1560.0,1560.0,6
QFF,202601,2026-01-01 04:23:00,1565.0,1565.0,1565.0,1565.0,5
QFF,202601,2026-01-01 04:26:00,1560.0,1560.0,1560.0,1560.0,2
QFF,202601,2026-01-01 04:27:00,1560.0,1560.0,1560.0,1560.0,3
QFF,202601,2026-01-01 04:32:00,1560.0,1560.0,1560.0,1560.0,1
QFF,202601,2026-01-01 04:33:00,1565.0,1565.0,1565.0,1565.0,5
QFF,202601,2026-01-01 04:35:00,1565.0,1565.0,1565.0,1565.0,2
QFF,202601,2026-01-01 04:38:00,1565.0,1565.0,1565.0,1565.0,1
QFF,202601,2026-01-01 04:40:00,1565.0,1565.0,1565.0,1565.0,1
QFF,202601,2026-01-01 04:41:00,1565.0,1565.0,1565.0,1565.0,13
QFF,202601,2026-01-01 04:47:00,1560.0,1565.0,1560.0,1565.0,13
QFF,202601,2026-01-01 04:48:00,1565.0,1565.0,1565.0,1565.0,4
QFF,202601,2026-01-01 04:49:00,1560.0,1565.0,1560.0,1565.0,2
QFF,202601,2026-01-01 04:50:00,1560.0,1560.0,1560.0,1560.0,11
QFF,202601,2026-01-01 04:53:00,1560.0,1560.0,1560.0,1560.0,1
QFF,202601,2026-01-01 04:55:00,1565.0,1565.0,1560.0,1565.0,48
QFF,202601,2026-01-01 04:56:00,1565.0,1565.0,1565.0,1565.0,28
QFF,202601,2026-01-01 04:57:00,1565.0,1565.0,1565.0,1565.0,4
QFF,202601,2026-01-01 04:58:00,1565.0,1565.0,1565.0,1565.0,2
QFF,202601/202602,2025-12-31 17:26:00,5.81,5.81,5.81,5.81,4
QFF,202601/202602,2025-12-31 19:07:00,5.81,5.81,5.81,5.81,6
QFF,202601/202602,2025-12-31 21:42:00,5.81,5.81,5.81,5.81,2
QFF,202601/202602,2025-12-31 22:04:00,5.81,5.81,5.81,5.81,6
QFF,202601/202602,2025-12-31 23:04:00,5.81,5.81,5.81,5.81,158
QFF,202601/202602,2025-12-31 23:05:00,5.81,5.81,5.81,5.81,20
QFF,202601/202602,2025-12-31 23:14:00,5.81,5.81,5.81,5.81,2
QFF,202601/202602,2026-01-01 00:34:00,5.81,5.81,5.81,5.81,12
QFF,202601/202603,2025-12-31 22:09:00,9.5,9.5,9.5,9.5,8
QFF,202601/202603,2025-12-31 22:33:00,9.5,9.5,9.5,9.5,40
QFF,202601/202603,2025-12-31 23:49:00,9.5,9.5,9.5,9.5,10
QFF,202601/202603,2025-12-31 23:51:00,9.5,9.5,9.5,9.5,4
QFF,202601/202603,2026-01-01 00:24:00,9.5,9.5,9.5,9.5,2
QFF,202601/202609,2026-01-01 01:03:00,28.01,28.01,28.01,28.01,26
QFF,202602,2025-12-31 17:25:00,1565.0,1565.0,1565.0,1565.0,10
QFF,202602,2025-12-31 17:30:00,1565.0,1565.0,1565.0,1565.0,5
QFF,202602,2025-12-31 17:31:00,1565.0,1565.0,1565.0,1565.0,2
QFF,202602,2025-12-31 17:32:00,1565.0,1565.0,1565.0,1565.0,2
QFF,202602,2025-12-31 17:36:00,1565.0,1565.0,1565.0,1565.0,1
QFF,202602,2025-12-31 17:37:00,1565.0,1565.0,1565.0,1565.0,6
QFF,202602,2025-12-31 17:38:00,1565.0,1565.0,1565.0,1565.0,6
QFF,202602,2025-12-31 17:41:00,1565.0,1565.0,1565.0,1565.0,1
QFF,202602,2025-12-31 17:42:00,1565.0,1565.0,1565.0,1565.0,1
QFF,202602,2025-12-31 17:44:00,1565.0,1565.0,1565.0,1565.0,1
QFF,202602,2025-12-31 17:47:00,1565.0,1565.0,1565.0,1565.0,2
QFF,202602,2025-12-31 17:56:00,1565.0,1565.0,1565.0,1565.0,1
QFF,202602,2025-12-31 18:02:00,1565.0,1565.0,1565.0,1565.0,1
QFF,202602,2025-12-31 18:18:00,1560.0,1560.0,1560.0,1560.0,1
QFF,202602,2025-12-31 18:40:00,1560.0,1560.0,1560.0,1560.0,5
QFF,202602,2025-12-31 18:42:00,1560.0,1560.0,1560.0,1560.0,1
QFF,202602,2025-12-31 18:56:00,1565.0,1565.0,1565.0,1565.0,2
QFF,202602,2025-12-31 18:58:00,1565.0,1565.0,1565.0,1565.0,1
QFF,202602,2025-12-31 18:59:00,1565.0,1565.0,1565.0,1565.0,5
QFF,202602,2025-12-31 19:01:00,1565.0,1565.0,1565.0,1565.0,1
QFF,202602,2025-12-31 19:02:00,1565.0,1565.0,1565.0,1565.0,2
QFF,202602,2025-12-31 19:04:00,1565.0,1565.0,1565.0,1565.0,1
QFF,202602,2025-12-31 19:05:00,1565.0,1565.0,1565.0,1565.0,1
QFF,202602,2025-12-31 19:10:00,1565.0,1565.0,1565.0,1565.0,2
QFF,202602,2025-12-31 19:11:00,1560.0,1560.0,1560.0,1560.0,1
QFF,202602,2025-12-31 19:14:00,1565.0,1565.0,1565.0,1565.0,2
QFF,202602,2025-12-31 19:26:00,1565.0,1565.0,1565.0,1565.0,7
QFF,202602,2025-12-31 19:33:00,1565.0,1565.0,1565.0,1565.0,5
QFF,202602,2025-12-31 19:35:00,1565.0,1565.0,1565.0,1565.0,1
QFF,202602,2025-12-31 19:37:00,1565.0,1565.0,1565.0,1565.0,1
QFF,202602,2025-12-31 19:43:00,1565.0,1565.0,1565.0,1565.0,1
QFF,202602,2025-12-31 20:00:00,1565.0,1565.0,1565.0,1565.0,2
QFF,202602,2025-12-31 20:18:00,1565.0,1565.0,1565.0,1565.0,1
QFF,202602,2025-12-31 20:21:00,1565.0,1565.0,1565.0,1565.0,9
QFF,202602,2025-12-31 20:25:00,1565.0,1565.0,1565.0,1565.0,7
QFF,202602,2025-12-31 20:26:00,1565.0,1565.0,1565.0,1565.0,1
QFF,202602,2025-12-31 20:29:00,1565.0,1565.0,1565.0,1565.0,9
QFF,202602,2025-12-31 20:30:00,1565.0,1565.0,1565.0,1565.0,1
QFF,202602,2025-12-31 20:31:00,1565.0,1565.0,1565.0,1565.0,1
QFF,202602,2025-12-31 20:32:00,1565.0,1565.0,1565.0,1565.0,1
QFF,202602,2025-12-31 20:38:00,1565.0,1565.0,1565.0,1565.0,2
QFF,202602,2025-12-31 20:45:00,1565.0,1565.0,1565.0,1565.0,6
QFF,202602,2025-12-31 20:46:00,1560.0,1560.0,1560.0,1560.0,1
QFF,202602,2025-12-31 20:51:00,1565.0,1565.0,1565.0,1565.0,1
QFF,202602,2025-12-31 20:52:00,1565.0,1565.0,1565.0,1565.0,15
QFF,202602,2025-12-31 21:05:00,1570.0,1570.0,1570.0,1570.0,1
QFF,202602,2025-12-31 21:21:00,1570.0,1570.0,1570.0,1570.0,1
QFF,202602,2025-12-31 21:23:00,1570.0,1570.0,1570.0,1570.0,1
QFF,202602,2025-12-31 21:24:00,1570.0,1570.0,1570.0,1570.0,1
QFF,202602,2025-12-31 21:25:00,1570.0,1570.0,1570.0,1570.0,1
QFF,202602,2025-12-31 21:29:00,1570.0,1570.0,1570.0,1570.0,1
QFF,202602,2025-12-31 21:34:00,1570.0,1570.0,1570.0,1570.0,4
QFF,202602,2025-12-31 21:35:00,1570.0,1570.0,1570.0,1570.0,1
QFF,202602,2025-12-31 21:36:00,1570.0,1570.0,1570.0,1570.0,2
QFF,202602,2025-12-31 21:37:00,1570.0,1570.0,1570.0,1570.0,1
QFF,202602,2025-12-31 21:38:00,1570.0,1570.0,1570.0,1570.0,1
QFF,202602,2025-12-31 21:39:00,1570.0,1570.0,1570.0,1570.0,1
QFF,202602,2025-12-31 21:40:00,1570.0,1570.0,1570.0,1570.0,3
QFF,202602,2025-12-31 21:42:00,1570.0,1570.0,1570.0,1570.0,1
QFF,202602,2025-12-31 21:45:00,1570.0,1570.0,1570.0,1570.0,6
QFF,202602,2025-12-31 21:48:00,1575.0,1575.0,1575.0,1575.0,6
QFF,202602,2025-12-31 21:49:00,1575.0,1575.0,1575.0,1575.0,2
QFF,202602,2025-12-31 21:50:00,1575.0,1575.0,1575.0,1575.0,1
QFF,202602,2025-12-31 21:54:00,1575.0,1575.0,1575.0,1575.0,1
QFF,202602,2025-12-31 21:55:00,1575.0,1575.0,1575.0,1575.0,5
QFF,202602,2025-12-31 21:56:00,1575.0,1575.0,1575.0,1575.0,2
QFF,202602,2025-12-31 21:58:00,1575.0,1575.0,1575.0,1575.0,7
QFF,202602,2025-12-31 21:59:00,1575.0,1575.0,1575.0,1575.0,1
QFF,202602,2025-12-31 22:01:00,1575.0,1575.0,1575.0,1575.0,1
QFF,202602,2025-12-31 22:04:00,1575.0,1575.0,1575.0,1575.0,4
QFF,202602,2025-12-31 22:08:00,1575.0,1575.0,1575.0,1575.0,1
QFF,202602,2025-12-31 22:10:00,1575.0,1575.0,1575.0,1575.0,1
QFF,202602,2025-12-31 22:11:00,1575.0,1575.0,1575.0,1575.0,1
QFF,202602,2025-12-31 22:12:00,1575.0,1575.0,1575.0,1575.0,1
QFF,202602,2025-12-31 22:13:00,1575.0,1575.0,1575.0,1575.0,1
QFF,202602,2025-12-31 22:18:00,1570.0,1570.0,1570.0,1570.0,1
QFF,202602,2025-12-31 22:19:00,1570.0,1570.0,1570.0,1570.0,15
QFF,202602,2025-12-31 22:22:00,1575.0,1575.0,1575.0,1575.0,1
QFF,202602,2025-12-31 22:23:00,1575.0,1575.0,1575.0,1575.0,2
QFF,202602,2025-12-31 22:27:00,1575.0,1575.0,1575.0,1575.0,1
QFF,202602,2025-12-31 22:29:00,1575.0,1575.0,1575.0,1575.0,3
QFF,202602,2025-12-31 22:30:00,1575.0,1575.0,1575.0,1575.0,3
QFF,202602,2025-12-31 22:34:00,1575.0,1575.0,1575.0,1575.0,3
QFF,202602,2025-12-31 22:38:00,1570.0,1570.0,1570.0,1570.0,22
QFF,202602,2025-12-31 22:39:00,1570.0,1575.0,1570.0,1575.0,7
QFF,202602,2025-12-31 22:40:00,1575.0,1575.0,1575.0,1575.0,1
QFF,202602,2025-12-31 22:41:00,1570.0,1570.0,1570.0,1570.0,1
QFF,202602,2025-12-31 22:42:00,1570.0,1570.0,1570.0,1570.0,7
QFF,202602,2025-12-31 22:46:00,1570.0,1570.0,1570.0,1570.0,2
QFF,202602,2025-12-31 22:48:00,1570.0,1570.0,1570.0,1570.0,8
QFF,202602,2025-12-31 22:49:00,1570.0,1570.0,1570.0,1570.0,2
QFF,202602,2025-12-31 22:50:00,1570.0,1570.0,1570.0,1570.0,9
QFF,202602,2025-12-31 22:51:00,1570.0,1570.0,1570.0,1570.0,1
QFF,202602,2025-12-31 22:52:00,1570.0,1570.0,1570.0,1570.0,1
QFF,202602,2025-12-31 22:53:00,1575.0,1575.0,1575.0,1575.0,1
QFF,202602,2025-12-31 22:56:00,1575.0,1575.0,1575.0,1575.0,4
QFF,202602,2025-12-31 22:57:00,1575.0,1575.0,1575.0,1575.0,1
QFF,202602,2025-12-31 23:00:00,1575.0,1575.0,1575.0,1575.0,1
QFF,202602,2025-12-31 23:01:00,1575.0,1575.0,1575.0,1575.0,5
QFF,202602,2025-12-31 23:02:00,1575.0,1575.0,1575.0,1575.0,2
QFF,202602,2025-12-31 23:04:00,1575.0,1575.0,1575.0,1575.0,88
QFF,202602,2025-12-31 23:05:00,1575.0,1575.0,1575.0,1575.0,10
QFF,202602,2025-12-31 23:07:00,1575.0,1575.0,1575.0,1575.0,25
QFF,202602,2025-12-31 23:08:00,1575.0,1575.0,1575.0,1575.0,3
QFF,202602,2025-12-31 23:13:00,1575.0,1575.0,1575.0,1575.0,1
QFF,202602,2025-12-31 23:20:00,1575.0,1575.0,1575.0,1575.0,2
QFF,202602,2025-12-31 23:25:00,1575.0,1575.0,1575.0,1575.0,2
QFF,202602,2025-12-31 23:26:00,1575.0,1575.0,1575.0,1575.0,51
QFF,202602,2025-12-31 23:27:00,1575.0,1575.0,1575.0,1575.0,3
QFF,202602,2025-12-31 23:31:00,1575.0,1575.0,1575.0,1575.0,1
QFF,202602,2025-12-31 23:35:00,1575.0,1575.0,1575.0,1575.0,1
QFF,202602,2025-12-31 23:37:00,1575.0,1575.0,1575.0,1575.0,1
QFF,202602,2025-12-31 23:51:00,1575.0,1575.0,1575.0,1575.0,1
QFF,202602,2025-12-31 23:54:00,1575.0,1575.0,1575.0,1575.0,1
QFF,202602,2025-12-31 23:57:00,1570.0,1570.0,1570.0,1570.0,24
QFF,202602,2026-01-01 00:01:00,1575.0,1575.0,1575.0,1575.0,1
QFF,202602,2026-01-01 00:07:00,1575.0,1575.0,1575.0,1575.0,2
QFF,202602,2026-01-01 00:19:00,1570.0,1570.0,1570.0,1570.0,1
QFF,202602,2026-01-01 00:21:00,1575.0,1575.0,1575.0,1575.0,1
QFF,202602,2026-01-01 00:44:00,1570.0,1570.0,1570.0,1570.0,3
QFF,202602,2026-01-01 01:29:00,1575.0,1575.0,1575.0,1575.0,2
QFF,202602,2026-01-01 01:34:00,1575.0,1575.0,1575.0,1575.0,10
QFF,202602,2026-01-01 01:52:00,1575.0,1575.0,1570.0,1570.0,2
QFF,202602,2026-01-01 02:22:00,1575.0,1575.0,1575.0,1575.0,1
QFF,202602,2026-01-01 02:27:00,1575.0,1575.0,1575.0,1575.0,1
QFF,202602,2026-01-01 02:28:00,1575.0,1575.0,1575.0,1575.0,1
QFF,202602,2026-01-01 02:29:00,1575.0,1575.0,1575.0,1575.0,1
QFF,202602,2026-01-01 02:32:00,1575.0,1575.0,1575.0,1575.0,3
QFF,202602,2026-01-01 02:51:00,1575.0,1575.0,1575.0,1575.0,1
QFF,202602,2026-01-01 02:54:00,1575.0,1575.0,1575.0,1575.0,2
QFF,202602,2026-01-01 03:05:00,1575.0,1575.0,1575.0,1575.0,1
QFF,202602,2026-01-01 03:29:00,1575.0,1575.0,1575.0,1575.0,2
QFF,202602,2026-01-01 03:31:00,1575.0,1575.0,1575.0,1575.0,18
QFF,202602,2026-01-01 04:13:00,1570.0,1570.0,1570.0,1570.0,3
QFF,202602,2026-01-01 04:22:00,1570.0,1570.0,1570.0,1570.0,1
QFF,202602,2026-01-01 04:26:00,1570.0,1570.0,1570.0,1570.0,4
QFF,202602,2026-01-01 04:27:00,1570.0,1570.0,1570.0,1570.0,3
QFF,202602,2026-01-01 04:29:00,1570.0,1570.0,1570.0,1570.0,1
QFF,202602,2026-01-01 04:32:00,1570.0,1570.0,1570.0,1570.0,2
QFF,202602,2026-01-01 04:36:00,1570.0,1570.0,1570.0,1570.0,1
QFF,202602,2026-01-01 04:47:00,1570.0,1570.0,1570.0,1570.0,12
QFF,202602,2026-01-01 04:49:00,1570.0,1570.0,1570.0,1570.0,1
QFF,202602,2026-01-01 04:50:00,1570.0,1570.0,1570.0,1570.0,7
QFF,202602,2026-01-01 04:56:00,1570.0,1570.0,1570.0,1570.0,1
QFF,202602/202603,2025-12-31 23:39:00,3.71,3.71,3.71,3.71,2
QFF,202602/202603,2025-12-31 23:50:00,3.71,3.71,3.71,3.71,2
QFF,202602/202603,2026-01-01 00:37:00,3.71,3.71,3.71,3.71,10
QFF,202602/202603,2026-01-01 01:03:00,3.71,3.71,3.71,3.71,4
QFF,202602/202606,2025-12-31 17:39:00,13.0,13.0,13.0,13.0,22
QFF,202602/202606,2025-12-31 20:32:00,13.0,13.0,13.0,13.0,40
QFF,202602/202606,2025-12-31 20:33:00,13.0,13.0,13.0,13.0,40
QFF,202602/202606,2025-12-31 22:21:00,13.0,13.0,13.0,13.0,2
QFF,202602/202606,2025-12-31 22:39:00,13.0,13.0,13.0,13.0,40
QFF,202602/202606,2025-12-31 22:52:00,13.0,13.0,13.0,13.0,24
QFF,202602/202606,2025-12-31 23:21:00,13.0,13.0,13.0,13.0,48
QFF,202602/202606,2025-12-31 23:32:00,13.0,13.0,13.0,13.0,42
QFF,202602/202606,2025-12-31 23:55:00,13.0,13.0,13.0,13.0,2
QFF,202602/202609,2025-12-31 20:54:00,22.2,22.2,22.2,22.2,40
QFF,202603,2025-12-31 17:28:00,1570.0,1570.0,1570.0,1570.0,1
QFF,202603,2025-12-31 18:06:00,1565.0,1565.0,1565.0,1565.0,6
QFF,202603,2025-12-31 18:07:00,1565.0,1565.0,1565.0,1565.0,1
QFF,202603,2025-12-31 18:08:00,1565.0,1565.0,1565.0,1565.0,6
QFF,202603,2025-12-31 18:12:00,1565.0,1565.0,1565.0,1565.0,9
QFF,202603,2025-12-31 18:13:00,1565.0,1565.0,1565.0,1565.0,1
QFF,202603,2025-12-31 18:56:00,1570.0,1570.0,1570.0,1570.0,1
QFF,202603,2025-12-31 19:35:00,1570.0,1570.0,1570.0,1570.0,1
QFF,202603,2025-12-31 19:37:00,1570.0,1570.0,1570.0,1570.0,1
QFF,202603,2025-12-31 20:32:00,1570.0,1570.0,1570.0,1570.0,1
QFF,202603,2025-12-31 20:44:00,1570.0,1570.0,1570.0,1570.0,4
QFF,202603,2025-12-31 20:45:00,1570.0,1570.0,1570.0,1570.0,2
QFF,202603,2025-12-31 20:55:00,1570.0,1570.0,1570.0,1570.0,8
QFF,202603,2025-12-31 20:56:00,1570.0,1570.0,1570.0,1570.0,3
QFF,202603,2025-12-31 21:11:00,1570.0,1570.0,1570.0,1570.0,1
QFF,202603,2025-12-31 21:29:00,1570.0,1570.0,1570.0,1570.0,15
QFF,202603,2025-12-31 21:47:00,1575.0,1575.0,1575.0,1575.0,2
QFF,202603,2025-12-31 21:48:00,1575.0,1575.0,1575.0,1575.0,28
QFF,202603,2025-12-31 21:53:00,1575.0,1575.0,1575.0,1575.0,1
QFF,202603,2025-12-31 22:01:00,1575.0,1575.0,1575.0,1575.0,1
QFF,202603,2025-12-31 22:03:00,1575.0,1575.0,1575.0,1575.0,1
QFF,202603,2025-12-31 22:07:00,1575.0,1575.0,1575.0,1575.0,4
QFF,202603,2025-12-31 22:13:00,1575.0,1575.0,1575.0,1575.0,1
QFF,202603,2025-12-31 22:18:00,1575.0,1575.0,1575.0,1575.0,1
QFF,202603,2025-12-31 22:19:00,1575.0,1575.0,1575.0,1575.0,5
QFF,202603,2025-12-31 22:29:00,1575.0,1575.0,1575.0,1575.0,8
QFF,202603,2025-12-31 22:30:00,1575.0,1575.0,1575.0,1575.0,1
QFF,202603,2025-12-31 22:31:00,1575.0,1575.0,1575.0,1575.0,8
QFF,202603,2025-12-31 22:33:00,1575.0,1575.0,1575.0,1575.0,15
QFF,202603,2025-12-31 22:35:00,1575.0,1575.0,1575.0,1575.0,1
QFF,202603,2025-12-31 22:41:00,1575.0,1575.0,1575.0,1575.0,1
QFF,202603,2025-12-31 22:42:00,1575.0,1575.0,1575.0,1575.0,2
QFF,202603,2025-12-31 22:49:00,1575.0,1575.0,1575.0,1575.0,1
QFF,202603,2025-12-31 22:53:00,1575.0,1575.0,1575.0,1575.0,1
QFF,202603,2025-12-31 22:54:00,1575.0,1575.0,1575.0,1575.0,1
QFF,202603,2025-12-31 22:55:00,1575.0,1575.0,1575.0,1575.0,3
QFF,202603,2025-12-31 22:56:00,1580.0,1580.0,1575.0,1575.0,3
QFF,202603,2025-12-31 22:57:00,1575.0,1575.0,1575.0,1575.0,12
QFF,202603,2025-12-31 23:09:00,1575.0,1575.0,1575.0,1575.0,1
QFF,202603,2025-12-31 23:18:00,1575.0,1575.0,1575.0,1575.0,3
QFF,202603,2025-12-31 23:24:00,1575.0,1575.0,1575.0,1575.0,1
QFF,202603,2025-12-31 23:25:00,1575.0,1575.0,1575.0,1575.0,1
QFF,202603,2025-12-31 23:26:00,1575.0,1575.0,1575.0,1575.0,1
QFF,202603,2025-12-31 23:54:00,1575.0,1575.0,1575.0,1575.0,3
QFF,202603,2025-12-31 23:56:00,1575.0,1575.0,1575.0,1575.0,1
QFF,202603,2025-12-31 23:57:00,1575.0,1575.0,1575.0,1575.0,1
QFF,202603,2026-01-01 00:01:00,1575.0,1575.0,1575.0,1575.0,1
QFF,202603,2026-01-01 00:15:00,1575.0,1575.0,1575.0,1575.0,10
QFF,202603,2026-01-01 00:19:00,1575.0,1575.0,1575.0,1575.0,1
QFF,202603,2026-01-01 00:31:00,1575.0,1575.0,1575.0,1575.0,1
QFF,202603,2026-01-01 00:45:00,1570.0,1570.0,1570.0,1570.0,4
QFF,202603,2026-01-01 01:40:00,1575.0,1575.0,1575.0,1575.0,1
QFF,202603,2026-01-01 01:52:00,1575.0,1575.0,1575.0,1575.0,1
QFF,202603,2026-01-01 02:09:00,1575.0,1575.0,1575.0,1575.0,2
QFF,202603,2026-01-01 02:12:00,1575.0,1575.0,1575.0,1575.0,1
QFF,202603,2026-01-01 03:05:00,1575.0,1575.0,1575.0,1575.0,2
QFF,202603,2026-01-01 03:41:00,1575.0,1575.0,1575.0,1575.0,3
QFF,202603,2026-01-01 03:44:00,1580.0,1580.0,1580.0,1580.0,1
QFF,202603,2026-01-01 04:09:00,1575.0,1575.0,1575.0,1575.0,2
QFF,202603,2026-01-01 04:40:00,1575.0,1575.0,1575.0,1575.0,1
QFF,202606,2025-12-31 17:34:00,1575.0,1575.0,1575.0,1575.0,1
QFF,202606,2025-12-31 18:06:00,1575.0,1575.0,1575.0,1575.0,1
QFF,202606,2025-12-31 21:11:00,1580.0,1580.0,1580.0,1580.0,1
QFF,202606,2025-12-31 21:29:00,1580.0,1580.0,1580.0,1580.0,1
QFF,202606,2025-12-31 21:48:00,1585.0,1585.0,1585.0,1585.0,2
QFF,202606,2025-12-31 22:08:00,1585.0,1585.0,1585.0,1585.0,1
QFF,202606,2025-12-31 22:13:00,1585.0,1585.0,1585.0,1585.0,1
QFF,202606,2025-12-31 22:24:00,1585.0,1585.0,1585.0,1585.0,1
QFF,202606,2025-12-31 22:29:00,1590.0,1590.0,1585.0,1585.0,6
QFF,202606,2025-12-31 22:33:00,1585.0,1585.0,1585.0,1585.0,5
QFF,202606,2025-12-31 22:35:00,1585.0,1585.0,1585.0,1585.0,1
QFF,202606,2025-12-31 22:42:00,1580.0,1580.0,1580.0,1580.0,3
QFF,202606,2025-12-31 22:56:00,1580.0,1580.0,1580.0,1580.0,1
QFF,202606,2025-12-31 22:57:00,1585.0,1585.0,1585.0,1585.0,1
QFF,202606,2025-12-31 23:03:00,1585.0,1585.0,1585.0,1585.0,1
QFF,202606,2025-12-31 23:09:00,1585.0,1585.0,1585.0,1585.0,1
QFF,202606,2025-12-31 23:12:00,1585.0,1585.0,1585.0,1585.0,1
QFF,202606,2025-12-31 23:13:00,1585.0,1585.0,1585.0,1585.0,1
QFF,202606,2025-12-31 23:15:00,1585.0,1585.0,1585.0,1585.0,1
QFF,202606,2025-12-31 23:25:00,1585.0,1585.0,1585.0,1585.0,1
QFF,202606,2026-01-01 00:31:00,1585.0,1585.0,1585.0,1585.0,1
QFF,202606,2026-01-01 02:12:00,1585.0,1585.0,1585.0,1585.0,2
QFF,202606,2026-01-01 02:27:00,1585.0,1585.0,1585.0,1585.0,1
QFF,202606,2026-01-01 02:28:00,1585.0,1585.0,1585.0,1585.0,1
QFF,202606,2026-01-01 03:05:00,1585.0,1585.0,1585.0,1585.0,1
QFF,202606,2026-01-01 03:41:00,1585.0,1585.0,1585.0,1585.0,2
QFF,202609,2025-12-31 17:34:00,1585.0,1585.0,1585.0,1585.0,4
QFF,202609,2025-12-31 17:35:00,1585.0,1585.0,1585.0,1585.0,7
QFF,202609,2025-12-31 17:38:00,1585.0,1585.0,1585.0,1585.0,1
QFF,202609,2025-12-31 18:04:00,1585.0,1585.0,1585.0,1585.0,1
QFF,202609,2025-12-31 18:06:00,1585.0,1585.0,1585.0,1585.0,4
QFF,202609,2025-12-31 18:07:00,1585.0,1585.0,1585.0,1585.0,1
QFF,202609,2025-12-31 18:16:00,1585.0,1585.0,1585.0,1585.0,2
QFF,202609,2025-12-31 18:17:00,1585.0,1585.0,1585.0,1585.0,1
QFF,202609,2025-12-31 18:18:00,1585.0,1585.0,1585.0,1585.0,1
QFF,202609,2025-12-31 18:27:00,1585.0,1585.0,1585.0,1585.0,1
QFF,202609,2025-12-31 18:31:00,1585.0,1585.0,1585.0,1585.0,3
QFF,202609,2025-12-31 18:32:00,1585.0,1585.0,1585.0,1585.0,3
QFF,202609,2025-12-31 18:33:00,1585.0,1585.0,1585.0,1585.0,12
QFF,202609,2025-12-31 18:34:00,1585.0,1585.0,1585.0,1585.0,1
QFF,202609,2025-12-31 18:35:00,1585.0,1585.0,1585.0,1585.0,2
QFF,202609,2025-12-31 18:37:00,1585.0,1585.0,1585.0,1585.0,1
QFF,202609,2025-12-31 18:38:00,1585.0,1585.0,1585.0,1585.0,3
QFF,202609,2025-12-31 18:40:00,1585.0,1585.0,1585.0,1585.0,5
QFF,202609,2025-12-31 18:42:00,1585.0,1585.0,1585.0,1585.0,1
QFF,202609,2025-12-31 18:47:00,1585.0,1585.0,1585.0,1585.0,5
QFF,202609,2025-12-31 18:48:00,1585.0,1585.0,1585.0,1585.0,2
QFF,202609,2025-12-31 18:56:00,1585.0,1585.0,1585.0,1585.0,6
QFF,202609,2025-12-31 18:57:00,1585.0,1585.0,1585.0,1585.0,2
QFF,202609,2025-12-31 19:00:00,1585.0,1585.0,1585.0,1585.0,5
QFF,202609,2025-12-31 19:01:00,1590.0,1590.0,1590.0,1590.0,1
QFF,202609,2025-12-31 19:07:00,1585.0,1585.0,1585.0,1585.0,1
QFF,202609,2025-12-31 19:10:00,1590.0,1590.0,1590.0,1590.0,2
QFF,202609,2025-12-31 19:11:00,1585.0,1585.0,1585.0,1585.0,1
QFF,202609,2025-12-31 20:46:00,1585.0,1585.0,1585.0,1585.0,1
QFF,202609,2025-12-31 21:01:00,1590.0,1590.0,1590.0,1590.0,3
QFF,202609,2025-12-31 21:06:00,1590.0,1590.0,1590.0,1590.0,1
QFF,202609,2025-12-31 21:11:00,1590.0,1590.0,1590.0,1590.0,2
QFF,202609,2025-12-31 21:22:00,1590.0,1590.0,1590.0,1590.0,1
QFF,202609,2025-12-31 21:25:00,1590.0,1590.0,1590.0,1590.0,1
QFF,202609,2025-12-31 21:26:00,1590.0,1590.0,1590.0,1590.0,1
QFF,202609,2025-12-31 21:29:00,1590.0,1590.0,1590.0,1590.0,2
QFF,202609,2025-12-31 21:32:00,1590.0,1590.0,1590.0,1590.0,1
QFF,202609,2025-12-31 21:48:00,1595.0,1595.0,1595.0,1595.0,2
QFF,202609,2025-12-31 22:04:00,1595.0,1595.0,1595.0,1595.0,1
QFF,202609,2025-12-31 22:11:00,1595.0,1595.0,1595.0,1595.0,1
QFF,202609,2025-12-31 22:14:00,1595.0,1595.0,1595.0,1595.0,3
QFF,202609,2025-12-31 22:17:00,1595.0,1595.0,1595.0,1595.0,3
QFF,202609,2025-12-31 22:22:00,1595.0,1595.0,1595.0,1595.0,13
QFF,202609,2025-12-31 22:23:00,1595.0,1595.0,1595.0,1595.0,4
QFF,202609,2025-12-31 22:24:00,1595.0,1595.0,1595.0,1595.0,4
QFF,202609,2025-12-31 22:28:00,1595.0,1595.0,1595.0,1595.0,1
QFF,202609,2025-12-31 22:29:00,1595.0,1595.0,1595.0,1595.0,3
QFF,202609,2025-12-31 22:30:00,1595.0,1595.0,1595.0,1595.0,1
QFF,202609,2025-12-31 22:31:00,1595.0,1595.0,1595.0,1595.0,3
QFF,202609,2025-12-31 22:33:00,1595.0,1595.0,1595.0,1595.0,5
QFF,202609,2025-12-31 22:36:00,1595.0,1595.0,1595.0,1595.0,5
QFF,202609,2025-12-31 22:41:00,1590.0,1590.0,1590.0,1590.0,1
QFF,202609,2025-12-31 22:42:00,1590.0,1590.0,1590.0,1590.0,8
QFF,202609,2025-12-31 22:43:00,1590.0,1590.0,1590.0,1590.0,2
QFF,202609,2025-12-31 22:45:00,1590.0,1590.0,1590.0,1590.0,5
QFF,202609,2025-12-31 22:46:00,1590.0,1590.0,1590.0,1590.0,5
QFF,202609,2025-12-31 22:56:00,1595.0,1595.0,1595.0,1595.0,3
QFF,202609,2025-12-31 22:57:00,1595.0,1595.0,1595.0,1595.0,6
QFF,202609,2025-12-31 22:58:00,1595.0,1595.0,1595.0,1595.0,1
QFF,202609,2025-12-31 22:59:00,1595.0,1595.0,1595.0,1595.0,2
QFF,202609,2025-12-31 23:01:00,1595.0,1595.0,1595.0,1595.0,2
QFF,202609,2025-12-31 23:02:00,1595.0,1595.0,1595.0,1595.0,2
QFF,202609,2025-12-31 23:09:00,1595.0,1595.0,1595.0,1595.0,2
QFF,202609,2025-12-31 23:12:00,1595.0,1595.0,1595.0,1595.0,1
QFF,202609,2025-12-31 23:22:00,1595.0,1595.0,1595.0,1595.0,1
QFF,202609,2025-12-31 23:31:00,1595.0,1595.0,1595.0,1595.0,1
QFF,202609,2025-12-31 23:39:00,1595.0,1595.0,1595.0,1595.0,2
QFF,202609,2025-12-31 23:41:00,1595.0,1595.0,1595.0,1595.0,1
QFF,202609,2025-12-31 23:43:00,1595.0,1595.0,1595.0,1595.0,2
QFF,202609,2025-12-31 23:48:00,1595.0,1595.0,1595.0,1595.0,1
QFF,202609,2026-01-01 00:31:00,1595.0,1595.0,1595.0,1595.0,1
QFF,202609,2026-01-01 00:52:00,1595.0,1595.0,1595.0,1595.0,1
QFF,202609,2026-01-01 01:15:00,1595.0,1595.0,1595.0,1595.0,7
QFF,202609,2026-01-01 01:17:00,1595.0,1595.0,1595.0,1595.0,6
QFF,202609,2026-01-01 01:21:00,1595.0,1595.0,1595.0,1595.0,1
QFF,202609,2026-01-01 01:22:00,1595.0,1595.0,1595.0,1595.0,1
QFF,202609,2026-01-01 02:12:00,1595.0,1595.0,1595.0,1595.0,2
QFF,202609,2026-01-01 02:34:00,1600.0,1600.0,1600.0,1600.0,1
QFF,202609,2026-01-01 03:05:00,1595.0,1595.0,1595.0,1595.0,1
QFF,202609,2026-01-01 04:49:00,1595.0,1595.0,1595.0,1595.0,1
QFF,202609,2026-01-01 04:50:00,1590.0,1590.0,1590.0,1590.0,4
QFF,202609,2026-01-01 04:53:00,1590.0,1590.0,1590.0,1590.0,1
QFF,202609,2026-01-01 04:55:00,1590.0,1590.0,1590.0,1590.0,12
QFF,202609,2026-01-01 04:56:00,1595.0,1595.0,1595.0,1595.0,1
RTF,202606,2025-12-31 19:20:00,6.9115,6.9115,6.9115,6.9115,1
RZF,202601,2025-12-31 17:29:00,27.38,27.39,27.38,27.38,16
RZF,202601,2025-12-31 17:30:00,27.39,27.39,27.39,27.39,1
RZF,202601,2025-12-31 17:31:00,27.39,27.39,27.39,27.39,1
RZF,202601,2025-12-31 17:32:00,27.39,27.39,27.39,27.39,1
RZF,202601,2025-12-31 17:35:00,27.39,27.39,27.39,27.39,2
RZF,202601,2025-12-31 17:37:00,27.39,27.39,27.39,27.39,1
RZF,202601,2025-12-31 17:38:00,27.39,27.39,27.39,27.39,2
RZF,202601,2025-12-31 17:42:00,27.38,27.38,27.38,27.38,1
RZF,202601,2025-12-31 17:45:00,27.38,27.38,27.38,27.38,4
RZF,202601,2025-12-31 17:46:00,27.38,27.38,27.38,27.38,4
RZF,202601,2025-12-31 17:48:00,27.37,27.37,27.37,27.37,3
RZF,202601,2025-12-31 17:58:00,27.38,27.38,27.38,27.38,12
RZF,202601,2025-12-31 17:59:00,27.38,27.38,27.38,27.38,1
RZF,202601,2025-12-31 18:04:00,27.38,27.38,27.38,27.38,2
RZF,202601,2025-12-31 18:12:00,27.37,27.37,27.37,27.37,1
RZF,202601,2025-12-31 18:17:00,27.37,27.37,27.37,27.37,1
RZF,202601,2025-12-31 18:18:00,27.37,27.37,27.37,27.37,1
RZF,202601,2025-12-31 18:47:00,27.36,27.36,27.36,27.36,4
RZF,202601,2025-12-31 18:58:00,27.36,27.36,27.36,27.36,1
RZF,202601,2025-12-31 21:00:00,27.33,27.33,27.33,27.33,1
RZF,202601,2025-12-31 21:03:00,27.32,27.32,27.32,27.32,1
RZF,202601,2025-12-31 21:04:00,27.31,27.31,27.31,27.31,10
RZF,202601,2025-12-31 21:05:00,27.3,27.3,27.3,27.3,1
RZF,202601,2025-12-31 21:08:00,27.28,27.28,27.28,27.28,1
RZF,202601,2025-12-31 21:11:00,27.28,27.28,27.28,27.28,1
RZF,202601,2025-12-31 21:12:00,27.27,27.27,27.27,27.27,2
RZF,202601,2025-12-31 21:15:00,27.26,27.26,27.26,27.26,22
RZF,202601,2025-12-31 21:19:00,27.27,27.28,27.27,27.28,10
RZF,202601,2025-12-31 21:21:00,27.27,27.27,27.27,27.27,2
RZF,202601,2025-12-31 21:23:00,27.25,27.25,27.25,27.25,7
RZF,202601,2025-12-31 21:24:00,27.25,27.25,27.25,27.25,3
RZF,202601,2025-12-31 21:27:00,27.25,27.25,27.25,27.25,2
RZF,202601,2025-12-31 21:28:00,27.25,27.25,27.25,27.25,4
RZF,202601,2025-12-31 21:29:00,27.25,27.25,27.25,27.25,1
RZF,202601,2025-12-31 21:32:00,27.25,27.25,27.25,27.25,1
RZF,202601,2025-12-31 21:33:00,27.24,27.24,27.23,27.23,8
RZF,202601,2025-12-31 21:34:00,27.22,27.22,27.22,27.22,5
RZF,202601,2025-12-31 21:37:00,27.23,27.23,27.23,27.23,3
RZF,202601,2025-12-31 21:38:00,27.22,27.22,27.21,27.21,16
RZF,202601,2025-12-31 21:47:00,27.22,27.22,27.22,27.22,2
RZF,202601,2025-12-31 21:59:00,27.24,27.24,27.24,27.24,1
RZF,202601,2025-12-31 22:01:00,27.24,27.24,27.24,27.24,2
RZF,202601,2025-12-31 22:05:00,27.24,27.24,27.23,27.23,6
RZF,202601,2025-12-31 22:06:00,27.23,27.24,27.23,27.24,7
RZF,202601,2025-12-31 22:21:00,27.24,27.24,27.24,27.24,1
RZF,202601,2025-12-31 22:28:00,27.24,27.24,27.24,27.24,1
RZF,202601,2025-12-31 22:29:00,27.25,27.25,27.25,27.25,2
RZF,202601,2025-12-31 22:34:00,27.25,27.25,27.25,27.25,2
RZF,202601,2025-12-31 22:39:00,27.25,27.25,27.25,27.25,1
RZF,202601,2025-12-31 22:44:00,27.27,27.27,27.27,27.27,3
RZF,202601,2025-12-31 22:45:00,27.28,27.28,27.28,27.28,1
RZF,202601,2025-12-31 22:46:00,27.29,27.29,27.29,27.29,2
RZF,202601,2025-12-31 22:47:00,27.29,27.29,27.29,27.29,2
RZF,202601,2025-12-31 22:50:00,27.29,27.29,27.29,27.29,2
RZF,202601,2025-12-31 23:17:00,27.27,27.27,27.27,27.27,1
RZF,202601,2025-12-31 23:21:00,27.27,27.27,27.27,27.27,1
RZF,202601,2025-12-31 23:38:00,27.28,27.28,27.28,27.28,7
RZF,202601,2025-12-31 23:52:00,27.28,27.28,27.28,27.28,1
RZF,202601,2025-12-31 23:53:00,27.28,27.28,27.28,27.28,4
RZF,202601,2026-01-01 00:06:00,27.25,27.25,27.25,27.25,2
RZF,202601,2026-01-01 00:21:00,27.25,27.25,27.25,27.25,1
RZF,202601,2026-01-01 00:28:00,27.26,27.26,27.26,27.26,1
RZF,202601,2026-01-01 02:03:00,27.24,27.24,27.24,27.24,1
RZF,202601,2026-01-01 02:04:00,27.23,27.23,27.22,27.22,19
RZF,202601,2026-01-01 02:21:00,27.22,27.22,27.22,27.22,2
RZF,202601,2026-01-01 02:22:00,27.21,27.21,27.21,27.21,23
RZF,202601,2026-01-01 02:24:00,27.2,27.2,27.2,27.2,10
RZF,202601,2026-01-01 02:45:00,27.2,27.2,27.2,27.2,21
RZF,202601,2026-01-01 02:48:00,27.19,27.19,27.19,27.19,11
RZF,202601,2026-01-01 03:06:00,27.21,27.21,27.19,27.19,28
RZF,202601,2026-01-01 03:07:00,27.23,27.23,27.23,27.23,1
RZF,202601,2026-01-01 03:16:00,27.22,27.22,27.19,27.19,2
RZF,202601,2026-01-01 03:27:00,27.2,27.2,27.19,27.19,2
RZF,202601,2026-01-01 03:36:00,27.19,27.19,27.19,27.19,2
RZF,202601,2026-01-01 03:38:00,27.19,27.19,27.19,27.19,1
RZF,202601,2026-01-01 03:53:00,27.18,27.18,27.18,27.18,6
RZF,202601,2026-01-01 04:30:00,27.18,27.18,27.18,27.18,7
RZF,202601,2026-01-01 04:32:00,27.17,27.17,27.17,27.17,2
RZF,202601,2026-01-01 04:41:00,27.16,27.16,27.16,27.16,2
RZF,202601,2026-01-01 04:58:00,27.17,27.17,27.17,27.17,1
RZF,202601/202603,2025-12-31 21:01:00,0.09,0.09,0.09,0.09,2
RZF,202602,2025-12-31 17:29:00,27.44,27.44,27.44,27.44,2
RZF,202602,2025-12-31 17:34:00,27.44,27.44,27.44,27.44,1
RZF,202602,2025-12-31 17:48:00,27.43,27.43,27.43,27.43,2
RZF,202602,2025-12-31 17:50:00,27.43,27.43,27.43,27.43,1
RZF,202602,2025-12-31 21:01:00,27.38,27.38,27.38,27.38,1
RZF,202602,2025-12-31 21:03:00,27.38,27.38,27.38,27.38,1
RZF,202602,2025-12-31 21:06:00,27.35,27.35,27.35,27.35,1
RZF,202602,2025-12-31 21:12:00,27.33,27.33,27.33,27.33,2
RZF,202602,2025-12-31 21:19:00,27.33,27.33,27.33,27.33,9
RZF,202602,2025-12-31 21:27:00,27.31,27.31,27.31,27.31,1
RZF,202602,2025-12-31 21:33:00,27.29,27.29,27.29,27.29,1
RZF,202602,2025-12-31 22:44:00,27.33,27.33,27.33,27.33,1
RZF,202602,2025-12-31 23:52:00,27.34,27.34,27.34,27.34,1
RZF,202602,2025-12-31 23:55:00,27.35,27.35,27.35,27.35,1
RZF,202602,2026-01-01 00:06:00,27.31,27.31,27.31,27.31,1
RZF,202602,2026-01-01 01:56:00,27.31,27.31,27.31,27.31,1
RZF,202602,2026-01-01 01:58:00,27.32,27.32,27.31,27.31,8
RZF,202602,2026-01-01 02:02:00,27.3,27.3,27.3,27.3,1
RZF,202602,2026-01-01 02:03:00,27.29,27.29,27.29,27.29,1
RZF,202602,2026-01-01 02:04:00,27.28,27.28,27.28,27.28,2
RZF,202602,2026-01-01 02:22:00,27.26,27.26,27.26,27.26,8
RZF,202602,2026-01-01 02:25:00,27.26,27.26,27.26,27.26,5
RZF,202602,2026-01-01 02:45:00,27.25,27.25,27.25,27.25,12
RZF,202602,2026-01-01 03:06:00,27.26,27.26,27.25,27.25,4
RZF,202602,2026-01-01 03:07:00,27.28,27.28,27.28,27.28,1
RZF,202602,2026-01-01 03:16:00,27.25,27.25,27.25,27.25,1
RZF,202602,2026-01-01 03:27:00,27.26,27.26,27.26,27.26,1
RZF,202602,2026-01-01 03:36:00,27.25,27.25,27.25,27.25,2
RZF,202602,2026-01-01 03:38:00,27.25,27.25,27.25,27.25,1
RZF,202602,2026-01-01 03:53:00,27.24,27.24,27.24,27.24,1
RZF,202602,2026-01-01 04:30:00,27.24,27.24,27.24,27.24,1
RZF,202602,2026-01-01 04:37:00,27.22,27.22,27.22,27.22,3
RZF,202602,2026-01-01 04:41:00,27.21,27.21,27.21,27.21,2
RZF,202603,2025-12-31 17:29:00,27.45,27.45,27.45,27.45,1
RZF,202603,2025-12-31 17:50:00,27.45,27.45,27.45,27.45,1
RZF,202603,2025-12-31 18:18:00,27.45,27.45,27.45,27.45,1
RZF,202603,2025-12-31 21:06:00,27.38,27.38,27.38,27.38,1
RZF,202603,2025-12-31 21:15:00,27.35,27.35,27.35,27.35,1
RZF,202603,2025-12-31 21:30:00,27.32,27.32,27.32,27.32,1
RZF,202603,2025-12-31 21:37:00,27.32,27.32,27.32,27.32,1
RZF,202603,2025-12-31 21:38:00,27.31,27.31,27.3,27.3,4
RZF,202603,2025-12-31 22:44:00,27.35,27.35,27.35,27.35,1
RZF,202603,2025-12-31 23:55:00,27.37,27.37,27.37,27.37,1
RZF,202603,2026-01-01 02:03:00,27.32,27.32,27.32,27.32,1
RZF,202603,2026-01-01 02:04:00,27.31,27.31,27.31,27.31,5
RZF,202603,2026-01-01 02:21:00,27.31,27.31,27.31,27.31,1
RZF,202603,2026-01-01 02:22:00,27.3,27.3,27.3,27.3,10
RZF,202603,2026-01-01 02:25:00,27.3,27.3,27.3,27.3,5
RZF,202603,2026-01-01 03:06:00,27.3,27.3,27.3,27.3,2
RZF,202603,2026-01-01 03:16:00,27.29,27.29,27.29,27.29,1
RZF,202603,2026-01-01 03:27:00,27.3,27.3,27.29,27.29,2
RZF,202603,2026-01-01 03:36:00,27.29,27.29,27.29,27.29,2
RZF,202603,2026-01-01 03:38:00,27.29,27.29,27.29,27.29,1
RZF,202603,2026-01-01 04:30:00,27.28,27.28,27.28,27.28,3
RZF,202603,2026-01-01 04:32:00,27.27,27.27,27.27,27.27,1
RZF,202603,2026-01-01 04:37:00,27.26,27.26,27.26,27.26,1
RZF,202606,2025-12-31 18:17:00,27.59,27.59,27.59,27.59,1
RZF,202606,2025-12-31 18:18:00,27.59,27.59,27.59,27.59,1
RZF,202606,2025-12-31 21:27:00,27.46,27.46,27.46,27.46,1
RZF,202606,2026-01-01 03:53:00,27.4,27.4,27.4,27.4,2
RZF,202609,2026-01-01 03:06:00,27.58,27.58,27.58,27.58,1
RZF,202609,2026-01-01 03:53:00,27.57,27.57,27.57,27.57,1
SOF,202601,2025-12-31 15:15:00,8343.0,8343.0,8343.0,8343.0,1
SOF,202601,2025-12-31 15:25:00,8350.0,8350.0,8350.0,8350.0,1
SOF,202601,2025-12-31 15:26:00,8353.0,8353.0,8353.0,8353.0,1
SOF,202601,2025-12-31 15:29:00,8352.0,8352.0,8352.0,8352.0,1
SOF,202601,2025-12-31 17:34:00,8338.0,8338.0,8338.0,8338.0,3
SOF,202601,2025-12-31 17:37:00,8339.0,8339.0,8339.0,8339.0,1
SOF,202601,2025-12-31 17:39:00,8339.0,8339.0,8339.0,8339.0,1
SOF,202601,2025-12-31 18:48:00,8339.0,8339.0,8339.0,8339.0,1
SOF,202601,2025-12-31 21:41:00,8358.0,8358.0,8358.0,8358.0,3
SOF,202602,2025-12-31 15:15:00,8368.0,8368.0,8368.0,8368.0,1
SOF,202602,2025-12-31 15:25:00,8375.0,8375.0,8375.0,8375.0,1
SOF,202602,2025-12-31 15:26:00,8381.0,8381.0,8381.0,8381.0,1
SOF,202602,2025-12-31 22:22:00,8395.0,8395.0,8395.0,8395.0,1
SOF,202602,2025-12-31 22:32:00,8396.0,8396.0,8396.0,8396.0,1
SOF,202602,2026-01-01 04:21:00,8351.0,8351.0,8351.0,8351.0,1
SPF,202603,2025-12-31 15:24:00,6933.75,6933.75,6933.75,6933.75,1
SPF,202603,2025-12-31 18:15:00,6932.0,6932.0,6932.0,6932.0,11
SRF,202601,2025-12-31 17:25:00,65.7,65.7,65.7,65.7,2
SRF,202601,2025-12-31 17:30:00,65.8,65.8,65.8,65.8,3
SRF,202601,2025-12-31 17:32:00,65.75,65.8,65.75,65.8,3
SRF,202601,2025-12-31 17:36:00,65.8,65.8,65.8,65.8,1
SRF,202601,2025-12-31 17:37:00,65.85,65.85,65.85,65.85,1
SRF,202601,2025-12-31 17:38:00,65.85,65.85,65.85,65.85,1
SRF,202601,2025-12-31 17:40:00,65.8,65.8,65.8,65.8,4
SRF,202601,2025-12-31 17:41:00,65.8,65.8,65.8,65.8,6
SRF,202601,2025-12-31 17:43:00,65.8,65.8,65.8,65.8,1
SRF,202601,2025-12-31 17:44:00,65.8,65.8,65.8,65.8,2
SRF,202601,2025-12-31 17:45:00,65.8,65.8,65.8,65.8,3
SRF,202601,2025-12-31 17:48:00,65.8,65.8,65.8,65.8,1
SRF,202601,2025-12-31 17:49:00,65.75,65.75,65.75,65.75,3
SRF,202601,2025-12-31 17:54:00,65.8,65.8,65.8,65.8,1
SRF,202601,2025-12-31 17:59:00,65.8,65.8,65.8,65.8,1
SRF,202601,2025-12-31 18:04:00,65.75,65.75,65.75,65.75,7
SRF,202601,2025-12-31 18:08:00,65.75,65.75,65.75,65.75,2
SRF,202601,2025-12-31 18:09:00,65.75,65.75,65.75,65.75,2
SRF,202601,2025-12-31 18:30:00,65.8,65.8,65.8,65.8,2
SRF,202601,2025-12-31 18:38:00,65.8,65.8,65.8,65.8,1
SRF,202601,2025-12-31 18:39:00,65.8,65.8,65.8,65.8,1
SRF,202601,2025-12-31 18:40:00,65.8,65.8,65.8,65.8,2
SRF,202601,2025-12-31 18:44:00,65.8,65.8,65.8,65.8,2
SRF,202601,2025-12-31 18:45:00,65.8,65.8,65.8,65.8,1
SRF,202601,2025-12-31 18:52:00,65.8,65.8,65.75,65.8,18
SRF,202601,2025-12-31 18:53:00,65.75,65.75,65.75,65.75,4
SRF,202601,2025-12-31 18:56:00,65.8,65.8,65.8,65.8,2
SRF,202601,2025-12-31 19:04:00,65.8,65.8,65.8,65.8,3
SRF,202601,2025-12-31 19:06:00,65.8,65.8,65.8,65.8,3
SRF,202601,2025-12-31 19:28:00,65.8,65.8,65.8,65.8,1
SRF,202601,2025-12-31 19:40:00,65.8,65.8,65.8,65.8,1
SRF,202601,2025-12-31 20:20:00,65.85,65.85,65.85,65.85,10
SRF,202601,2025-12-31 20:25:00,65.85,65.85,65.85,65.85,1
SRF,202601,2025-12-31 20:30:00,65.85,65.85,65.85,65.85,1
SRF,202601,2025-12-31 20:31:00,65.9,65.9,65.9,65.9,21
SRF,202601,2025-12-31 20:32:00,65.9,65.9,65.9,65.9,1
SRF,202601,2025-12-31 20:40:00,65.85,65.85,65.85,65.85,1
SRF,202601,2025-12-31 20:46:00,65.85,65.85,65.85,65.85,15
SRF,202601,2025-12-31 20:57:00,65.9,65.9,65.9,65.9,2
SRF,202601,2025-12-31 21:01:00,65.9,65.9,65.9,65.9,2
SRF,202601,2025-12-31 21:22:00,65.95,65.95,65.95,65.95,7
SRF,202601,2025-12-31 21:26:00,65.95,65.95,65.95,65.95,2
SRF,202601,2025-12-31 21:27:00,65.95,65.95,65.95,65.95,2
SRF,202601,2025-12-31 21:33:00,66.0,66.0,66.0,66.0,2
SRF,202601,2025-12-31 21:35:00,66.0,66.0,66.0,66.0,1
SRF,202601,2025-12-31 21:40:00,66.0,66.0,66.0,66.0,19
SRF,202601,2025-12-31 21:41:00,66.0,66.0,66.0,66.0,3
SRF,202601,2025-12-31 21:42:00,66.0,66.0,66.0,66.0,1
SRF,202601,2025-12-31 21:44:00,66.0,66.05,66.0,66.05,17
SRF,202601,2025-12-31 21:45:00,66.05,66.05,66.05,66.05,1
SRF,202601,2025-12-31 21:47:00,66.05,66.05,66.05,66.05,12
SRF,202601,2025-12-31 21:49:00,66.05,66.05,66.05,66.05,1
SRF,202601,2025-12-31 21:51:00,66.05,66.05,66.05,66.05,2
SRF,202601,2025-12-31 21:53:00,66.05,66.05,66.05,66.05,3
SRF,202601,2025-12-31 21:55:00,66.1,66.1,66.1,66.1,12
SRF,202601,2025-12-31 21:56:00,66.1,66.1,66.1,66.1,2
SRF,202601,2025-12-31 21:59:00,66.05,66.05,66.05,66.05,1
SRF,202601,2025-12-31 22:00:00,66.05,66.1,66.05,66.1,2
SRF,202601,2025-12-31 22:04:00,66.1,66.1,66.1,66.1,1
SRF,202601,2025-12-31 22:05:00,66.1,66.1,66.1,66.1,5
SRF,202601,2025-12-31 22:06:00,66.1,66.1,66.1,66.1,8
SRF,202601,2025-12-31 22:13:00,66.1,66.1,66.1,66.1,4
SRF,202601,2025-12-31 22:14:00,66.1,66.1,66.1,66.1,1
SRF,202601,2025-12-31 22:16:00,66.1,66.1,66.1,66.1,1
SRF,202601,2025-12-31 22:17:00,66.1,66.1,66.1,66.1,2
SRF,202601,2025-12-31 22:25:00,66.1,66.1,66.1,66.1,4
SRF,202601,2025-12-31 22:26:00,66.1,66.1,66.1,66.1,1
SRF,202601,2025-12-31 22:28:00,66.05,66.05,66.05,66.05,1
SRF,202601,2025-12-31 22:29:00,66.05,66.05,66.05,66.05,1
SRF,202601,2025-12-31 22:30:00,66.1,66.1,66.1,66.1,1
SRF,202601,2025-12-31 22:31:00,66.1,66.15,66.1,66.15,3
SRF,202601,2025-12-31 22:32:00,66.1,66.1,66.1,66.1,1
SRF,202601,2025-12-31 22:33:00,66.1,66.1,66.1,66.1,1
SRF,202601,2025-12-31 22:34:00,66.05,66.1,66.05,66.1,6
SRF,202601,2025-12-31 22:35:00,66.1,66.1,66.1,66.1,3
SRF,202601,2025-12-31 22:36:00,66.1,66.1,66.1,66.1,1
SRF,202601,2025-12-31 22:37:00,66.05,66.05,66.05,66.05,27
SRF,202601,2025-12-31 22:39:00,66.05,66.05,66.05,66.05,3
SRF,202601,2025-12-31 22:40:00,66.05,66.05,66.05,66.05,2
SRF,202601,2025-12-31 22:42:00,66.05,66.05,66.05,66.05,9
SRF,202601,2025-12-31 22:49:00,66.05,66.05,66.05,66.05,1
SRF,202601,2025-12-31 22:50:00,66.05,66.05,66.05,66.05,1
SRF,202601,2025-12-31 22:52:00,66.05,66.05,66.05,66.05,1
SRF,202601,2025-12-31 22:55:00,66.1,66.2,66.1,66.2,29
SRF,202601,2025-12-31 23:01:00,66.1,66.1,66.1,66.1,2
SRF,202601,2025-12-31 23:02:00,66.1,66.1,66.1,66.1,2
SRF,202601,2025-12-31 23:04:00,66.1,66.1,66.1,66.1,1
SRF,202601,2025-12-31 23:07:00,66.1,66.1,66.1,66.1,1
SRF,202601,2025-12-31 23:11:00,66.1,66.1,66.1,66.1,2
SRF,202601,2025-12-31 23:20:00,66.1,66.1,66.1,66.1,1
SRF,202601,2025-12-31 23:21:00,66.1,66.1,66.1,66.1,1
SRF,202601,2025-12-31 23:31:00,66.1,66.1,66.1,66.1,4
SRF,202601,2025-12-31 23:32:00,66.05,66.05,66.05,66.05,18
SRF,202601,2025-12-31 23:33:00,66.1,66.1,66.1,66.1,1
SRF,202601,2025-12-31 23:46:00,66.05,66.05,66.05,66.05,1
SRF,202601,2025-12-31 23:47:00,66.05,66.05,66.05,66.05,1
SRF,202601,2025-12-31 23:54:00,66.05,66.05,66.05,66.05,4
SRF,202601,2025-12-31 23:55:00,66.05,66.05,66.0,66.0,2
SRF,202601,2025-12-31 23:56:00,66.0,66.0,66.0,66.0,12
SRF,202601,2025-12-31 23:58:00,66.0,66.0,66.0,66.0,2
SRF,202601,2026-01-01 00:10:00,66.0,66.0,66.0,66.0,2
SRF,202601,2026-01-01 00:11:00,66.0,66.0,66.0,66.0,12
SRF,202601,2026-01-01 00:12:00,66.0,66.0,66.0,66.0,1
SRF,202601,2026-01-01 00:16:00,66.05,66.05,66.05,66.05,3
SRF,202601,2026-01-01 00:19:00,66.05,66.05,66.05,66.05,1
SRF,202601,2026-01-01 00:20:00,66.1,66.1,66.1,66.1,1
SRF,202601,2026-01-01 00:29:00,66.1,66.1,66.1,66.1,1
SRF,202601,2026-01-01 00:30:00,66.1,66.1,66.1,66.1,1
SRF,202601,2026-01-01 00:36:00,66.05,66.05,66.05,66.05,2
SRF,202601,2026-01-01 00:52:00,66.1,66.1,66.1,66.1,5
SRF,202601,2026-01-01 00:53:00,66.1,66.1,66.1,66.1,3
SRF,202601,2026-01-01 00:56:00,66.1,66.1,66.1,66.1,2
SRF,202601,2026-01-01 01:07:00,66.05,66.05,66.05,66.05,1
SRF,202601,2026-01-01 01:08:00,66.05,66.05,66.05,66.05,1
SRF,202601,2026-01-01 01:17:00,66.1,66.1,66.1,66.1,4
SRF,202601,2026-01-01 01:28:00,66.1,66.1,66.1,66.1,1
SRF,202601,2026-01-01 01:37:00,66.15,66.15,66.15,66.15,13
SRF,202601,2026-01-01 01:39:00,66.15,66.15,66.15,66.15,2
SRF,202601,2026-01-01 01:59:00,66.1,66.1,66.1,66.1,1
SRF,202601,2026-01-01 02:07:00,66.15,66.15,66.15,66.15,2
SRF,202601,2026-01-01 02:20:00,66.15,66.15,66.15,66.15,1
SRF,202601,2026-01-01 02:38:00,66.2,66.25,66.2,66.25,28
SRF,202601,2026-01-01 02:40:00,66.2,66.2,66.2,66.2,2
SRF,202601,2026-01-01 02:41:00,66.2,66.2,66.2,66.2,12
SRF,202601,2026-01-01 02:48:00,66.2,66.2,66.2,66.2,4
SRF,202601,2026-01-01 03:00:00,66.25,66.25,66.25,66.25,9
SRF,202601,2026-01-01 03:01:00,66.3,66.3,66.3,66.3,1
SRF,202601,2026-01-01 03:13:00,66.3,66.3,66.3,66.3,2
SRF,202601,2026-01-01 03:14:00,66.3,66.3,66.3,66.3,1
SRF,202601,2026-01-01 03:16:00,66.25,66.25,66.25,66.25,2
SRF,202601,2026-01-01 03:26:00,66.2,66.2,66.2,66.2,3
SRF,202601,2026-01-01 03:30:00,66.2,66.2,66.2,66.2,2
SRF,202601,2026-01-01 03:34:00,66.15,66.15,66.15,66.15,3
SRF,202601,2026-01-01 03:37:00,66.15,66.15,66.15,66.15,1
SRF,202601,2026-01-01 03:39:00,66.1,66.1,66.1,66.1,1
SRF,202601,2026-01-01 03:48:00,66.15,66.15,66.15,66.15,3
SRF,202601,2026-01-01 03:49:00,66.1,66.1,66.1,66.1,1
SRF,202601,2026-01-01 03:52:00,66.1,66.1,66.1,66.1,1
SRF,202601,2026-01-01 04:01:00,66.1,66.1,66.1,66.1,4
SRF,202601,2026-01-01 04:02:00,66.1,66.1,66.1,66.1,1
SRF,202601,2026-01-01 04:10:00,66.05,66.05,66.05,66.05,15
SRF,202601,2026-01-01 04:12:00,66.0,66.0,66.0,66.0,1
SRF,202601,2026-01-01 04:15:00,66.0,66.0,66.0,66.0,23
SRF,202601,2026-01-01 04:20:00,66.0,66.0,66.0,66.0,2
SRF,202601,2026-01-01 04:21:00,65.95,65.95,65.95,65.95,24
SRF,202601,2026-01-01 04:28:00,65.95,65.95,65.95,65.95,3
SRF,202601,2026-01-01 04:30:00,65.95,65.95,65.95,65.95,1
SRF,202601,2026-01-01 04:33:00,65.95,65.95,65.95,65.95,1
SRF,202601,2026-01-01 04:36:00,66.0,66.0,66.0,66.0,4
SRF,202601,2026-01-01 04:44:00,66.05,66.05,66.05,66.05,1
SRF,202601,2026-01-01 04:48:00,66.0,66.0,66.0,66.0,2
SRF,202601,2026-01-01 04:50:00,66.0,66.0,66.0,66.0,20
SRF,202601,2026-01-01 04:53:00,66.0,66.0,66.0,66.0,1
SRF,202601,2026-01-01 04:54:00,66.05,66.05,66.05,66.05,4
SRF,202601,2026-01-01 04:55:00,66.05,66.05,66.05,66.05,1
SRF,202601,2026-01-01 04:56:00,66.05,66.05,66.05,66.05,10
SRF,202601,2026-01-01 04:57:00,66.05,66.05,66.05,66.05,2
SRF,202601,2026-01-01 04:58:00,66.05,66.05,66.05,66.05,5
SRF,202601,2026-01-01 04:59:00,66.1,66.1,66.1,66.1,3
SRF,202601/202602,2025-12-31 21:54:00,0.13,0.13,0.13,0.13,20
SRF,202601/202602,2026-01-01 02:47:00,0.11,0.11,0.11,0.11,20
SRF,202602,2025-12-31 17:32:00,65.9,65.9,65.9,65.9,2
SRF,202602,2025-12-31 17:37:00,65.95,65.95,65.95,65.95,2
SRF,202602,2025-12-31 17:38:00,65.95,65.95,65.95,65.95,1
SRF,202602,2025-12-31 17:49:00,65.9,65.9,65.9,65.9,3
SRF,202602,2025-12-31 18:13:00,65.9,65.9,65.9,65.9,1
SRF,202602,2025-12-31 18:20:00,65.9,65.9,65.9,65.9,1
SRF,202602,2025-12-31 18:29:00,65.9,65.9,65.9,65.9,1
SRF,202602,2025-12-31 18:52:00,65.9,65.9,65.9,65.9,2
SRF,202602,2025-12-31 18:53:00,65.9,65.9,65.9,65.9,4
SRF,202602,2025-12-31 19:39:00,65.95,65.95,65.95,65.95,10
SRF,202602,2025-12-31 19:54:00,65.9,65.9,65.9,65.9,1
SRF,202602,2025-12-31 20:31:00,66.0,66.0,66.0,66.0,11
SRF,202602,2025-12-31 20:32:00,66.0,66.0,66.0,66.0,1
SRF,202602,2025-12-31 20:35:00,66.0,66.0,66.0,66.0,2
SRF,202602,2025-12-31 21:17:00,66.05,66.05,66.05,66.05,2
SRF,202602,2025-12-31 21:19:00,66.05,66.05,66.05,66.05,2
SRF,202602,2025-12-31 21:33:00,66.1,66.1,66.1,66.1,2
SRF,202602,2025-12-31 21:34:00,66.1,66.1,66.1,66.1,1
SRF,202602,2025-12-31 21:44:00,66.15,66.15,66.15,66.15,16
SRF,202602,2025-12-31 21:45:00,66.15,66.15,66.15,66.15,1
SRF,202602,2025-12-31 21:47:00,66.15,66.15,66.15,66.15,2
SRF,202602,2025-12-31 21:52:00,66.2,66.2,66.2,66.2,3
SRF,202602,2025-12-31 21:53:00,66.2,66.2,66.2,66.2,2
SRF,202602,2025-12-31 21:58:00,66.2,66.2,66.2,66.2,2
SRF,202602,2025-12-31 22:04:00,66.2,66.2,66.2,66.2,1
SRF,202602,2025-12-31 22:05:00,66.2,66.2,66.2,66.2,5
SRF,202602,2025-12-31 22:13:00,66.2,66.2,66.2,66.2,1
SRF,202602,2025-12-31 22:14:00,66.2,66.2,66.2,66.2,1
SRF,202602,2025-12-31 22:31:00,66.25,66.25,66.25,66.25,4
SRF,202602,2025-12-31 22:33:00,66.2,66.2,66.2,66.2,1
SRF,202602,2025-12-31 22:34:00,66.2,66.2,66.2,66.2,1
SRF,202602,2025-12-31 22:39:00,66.15,66.15,66.15,66.15,1
SRF,202602,2025-12-31 22:49:00,66.15,66.15,66.15,66.15,1
SRF,202602,2025-12-31 22:50:00,66.15,66.15,66.15,66.15,1
SRF,202602,2025-12-31 22:55:00,66.25,66.3,66.25,66.3,10
SRF,202602,2025-12-31 23:05:00,66.25,66.25,66.25,66.25,1
SRF,202602,2025-12-31 23:18:00,66.2,66.2,66.2,66.2,1
SRF,202602,2025-12-31 23:32:00,66.2,66.2,66.2,66.2,12
SRF,202602,2025-12-31 23:55:00,66.15,66.15,66.15,66.15,3
SRF,202602,2025-12-31 23:57:00,66.15,66.15,66.15,66.15,2
SRF,202602,2026-01-01 00:09:00,66.15,66.15,66.15,66.15,2
SRF,202602,2026-01-01 00:15:00,66.15,66.15,66.15,66.15,2
SRF,202602,2026-01-01 00:20:00,66.2,66.2,66.2,66.2,1
SRF,202602,2026-01-01 00:29:00,66.2,66.2,66.2,66.2,1
SRF,202602,2026-01-01 00:30:00,66.2,66.2,66.2,66.2,1
SRF,202602,2026-01-01 00:51:00,66.2,66.2,66.2,66.2,1
SRF,202602,2026-01-01 01:59:00,66.2,66.2,66.2,66.2,1
SRF,202602,2026-01-01 02:04:00,66.25,66.25,66.25,66.25,1
SRF,202602,2026-01-01 02:26:00,66.3,66.3,66.3,66.3,1
SRF,202602,2026-01-01 02:38:00,66.35,66.35,66.35,66.35,3
SRF,202602,2026-01-01 03:01:00,66.4,66.4,66.4,66.4,1
SRF,202602,2026-01-01 03:13:00,66.4,66.4,66.4,66.4,2
SRF,202602,2026-01-01 03:14:00,66.4,66.4,66.4,66.4,1
SRF,202602,2026-01-01 03:31:00,66.3,66.3,66.3,66.3,2
SRF,202602,2026-01-01 03:38:00,66.3,66.3,66.3,66.3,1
SRF,202602,2026-01-01 03:39:00,66.25,66.25,66.25,66.25,1
SRF,202602,2026-01-01 03:49:00,66.25,66.25,66.25,66.25,1
SRF,202602,2026-01-01 03:52:00,66.25,66.25,66.25,66.25,1
SRF,202602,2026-01-01 04:06:00,66.2,66.2,66.2,66.2,3
SRF,202602,2026-01-01 04:20:00,66.1,66.1,66.1,66.1,3
SRF,202602,2026-01-01 04:29:00,66.05,66.05,66.05,66.05,1
SRF,202602,2026-01-01 04:43:00,66.15,66.15,66.15,66.15,5
SRF,202602,2026-01-01 04:44:00,66.15,66.15,66.15,66.15,2
SRF,202602,2026-01-01 04:45:00,66.15,66.15,66.15,66.15,1
SRF,202602,2026-01-01 04:59:00,66.2,66.2,66.2,66.2,2
SRF,202603,2025-12-31 21:17:00,66.05,66.05,66.05,66.05,1
SRF,202603,2025-12-31 21:19:00,66.05,66.05,66.05,66.05,2
SRF,202603,2025-12-31 21:33:00,66.2,66.2,66.2,66.2,1
SRF,202603,2025-12-31 22:40:00,66.3,66.3,66.3,66.3,1
SRF,202603,2025-12-31 23:19:00,66.4,66.4,66.4,66.4,1
SRF,202603,2026-01-01 01:59:00,66.2,66.2,66.2,66.2,1
SXF,202603,2025-12-31 15:10:00,7207.0,7207.0,7207.0,7207.0,1
SXF,202603,2025-12-31 15:26:00,7211.0,7212.5,7211.0,7212.5,2
SXF,202603,2025-12-31 15:51:00,7212.5,7212.5,7212.5,7212.5,1
SXF,202603,2025-12-31 16:12:00,7202.5,7202.5,7202.5,7202.5,1
SXF,202603,2025-12-31 16:14:00,7202.5,7202.5,7202.5,7202.5,1
SXF,202603,2025-12-31 16:15:00,7202.5,7202.5,7202.5,7202.5,1
SXF,202603,2025-12-31 16:24:00,7206.0,7206.0,7206.0,7206.0,1
SXF,202603,2025-12-31 16:40:00,7193.5,7193.5,7193.5,7193.5,1
SXF,202603,2025-12-31 18:18:00,7199.0,7199.0,7199.0,7199.0,1
SXF,202603,2025-12-31 21:37:00,7229.0,7229.0,7229.0,7229.0,1
SXF,202603,2025-12-31 22:33:00,7239.0,7239.0,7239.0,7239.0,1
SXF,202603,2025-12-31 22:35:00,7244.5,7247.5,7244.5,7247.5,3
SXF,202603,2025-12-31 22:38:00,7223.0,7223.0,7223.0,7223.0,1
SXF,202603,2025-12-31 23:11:00,7200.0,7200.0,7199.5,7199.5,6
SXF,202603,2025-12-31 23:12:00,7199.0,7199.0,7199.0,7199.0,1
SXF,202603,2025-12-31 23:18:00,7198.0,7198.0,7198.0,7198.0,1
SXF,202603,2025-12-31 23:19:00,7190.5,7191.0,7190.5,7191.0,2
SXF,202603,2026-01-01 00:23:00,7209.5,7209.5,7209.5,7209.5,1
SXF,202603,2026-01-01 02:14:00,7204.5,7204.5,7204.5,7204.5,1
SXF,202603,2026-01-01 04:21:00,7157.5,7157.5,7157.5,7157.5,1
SXF,202606,2025-12-31 18:18:00,7257.0,7257.0,7257.0,7257.0,1
SXF,202606,2025-12-31 22:35:00,7300.0,7300.0,7300.0,7300.0,2
SXF,202606,2025-12-31 23:11:00,7257.0,7257.0,7257.0,7257.0,1
TE,202601,2025-12-31 15:19:00,1741.85,1741.85,1741.85,1741.85,3
TE,202601,2025-12-31 15:26:00,1743.0,1743.1,1743.0,1743.1,2
TE,202601,2025-12-31 15:51:00,1743.35,1743.35,1743.35,1743.35,1
TE,202601,2025-12-31 16:05:00,1742.6,1742.6,1742.6,1742.6,1
TE,202601,2025-12-31 16:09:00,1742.0,1742.0,1742.0,1742.0,1
TE,202601,2025-12-31 17:16:00,1740.6,1740.6,1740.6,1740.6,1
TE,202601,2025-12-31 18:00:00,1738.45,1738.45,1738.45,1738.45,1
TE,202601,2025-12-31 18:10:00,1737.8,1737.8,1737.8,1737.8,1
TE,202601,2025-12-31 18:13:00,1738.35,1738.35,1738.35,1738.35,1
TE,202601,2025-12-31 18:16:00,1738.4,1738.4,1738.4,1738.4,2
TE,202601,2025-12-31 18:17:00,1738.7,1738.7,1738.7,1738.7,1
TE,202601,2025-12-31 18:25:00,1738.2,1738.2,1738.2,1738.2,2
TE,202601,2025-12-31 18:28:00,1737.55,1737.55,1737.55,1737.55,2
TE,202601,2025-12-31 18:40:00,1738.35,1738.45,1738.35,1738.45,3
TE,202601,2025-12-31 18:43:00,1737.9,1737.9,1737.9,1737.9,1
TE,202601,2025-12-31 19:06:00,1738.8,1738.8,1738.8,1738.8,1
TE,202601,2025-12-31 19:16:00,1738.4,1738.4,1738.4,1738.4,1
TE,202601,2025-12-31 19:17:00,1738.0,1738.0,1738.0,1738.0,4
TE,202601,2025-12-31 19:53:00,1736.8,1736.8,1736.8,1736.8,1
TE,202601,2025-12-31 20:02:00,1737.05,1737.05,1737.05,1737.05,1
TE,202601,2025-12-31 20:15:00,1737.8,1737.8,1737.8,1737.8,2
TE,202601,2025-12-31 20:18:00,1739.0,1739.0,1739.0,1739.0,1
TE,202601,2025-12-31 20:22:00,1739.1,1739.25,1739.1,1739.25,3
TE,202601,2025-12-31 20:23:00,1739.15,1739.15,1739.15,1739.15,3
TE,202601,2025-12-31 20:32:00,1739.5,1739.55,1739.5,1739.55,2
TE,202601,2025-12-31 20:34:00,1740.0,1740.2,1740.0,1740.2,4
TE,202601,2025-12-31 20:35:00,1740.7,1740.7,1740.7,1740.7,2
TE,202601,2025-12-31 20:40:00,1740.2,1740.2,1740.2,1740.2,1
TE,202601,2025-12-31 20:46:00,1740.15,1741.1,1740.15,1741.1,5
TE,202601,2025-12-31 20:47:00,1741.15,1741.15,1741.15,1741.15,1
TE,202601,2025-12-31 20:48:00,1741.1,1741.1,1741.1,1741.1,1
TE,202601,2025-12-31 20:49:00,1741.05,1741.05,1741.0,1741.0,2
TE,202601,2025-12-31 20:50:00,1740.45,1740.45,1740.4,1740.4,2
TE,202601,2025-12-31 20:54:00,1740.95,1740.95,1740.4,1740.4,6
TE,202601,2025-12-31 21:11:00,1741.0,1741.0,1741.0,1741.0,1
TE,202601,2025-12-31 21:17:00,1741.3,1741.3,1741.3,1741.3,2
TE,202601,2025-12-31 21:20:00,1742.1,1742.1,1742.1,1742.1,2
TE,202601,2025-12-31 21:23:00,1743.35,1743.35,1743.35,1743.35,1
TE,202601,2025-12-31 21:26:00,1743.35,1743.35,1743.35,1743.35,1
TE,202601,2025-12-31 21:35:00,1743.5,1743.5,1743.5,1743.5,1
TE,202601,2025-12-31 21:38:00,1742.6,1742.6,1742.6,1742.6,2
TE,202601,2025-12-31 21:39:00,1742.65,1742.65,1742.65,1742.65,1
TE,202601,2025-12-31 21:41:00,1744.7,1744.7,1744.7,1744.7,1
TE,202601,2025-12-31 21:42:00,1744.75,1744.75,1744.75,1744.75,1
TE,202601,2025-12-31 21:46:00,1745.0,1745.15,1745.0,1745.15,3
TE,202601,2025-12-31 21:47:00,1746.0,1746.0,1746.0,1746.0,1
TE,202601,2025-12-31 21:49:00,1745.45,1745.45,1745.45,1745.45,2
TE,202601,2025-12-31 21:51:00,1746.7,1746.7,1746.7,1746.7,1
TE,202601,2025-12-31 21:52:00,1746.9,1746.9,1746.9,1746.9,1
TE,202601,2025-12-31 21:53:00,1747.3,1747.3,1746.85,1746.85,3
TE,202601,2025-12-31 21:54:00,1746.85,1746.85,1746.85,1746.85,1
TE,202601,2025-12-31 21:58:00,1746.35,1746.35,1746.35,1746.35,1
TE,202601,2025-12-31 22:02:00,1746.2,1746.2,1746.2,1746.2,2
TE,202601,2025-12-31 22:03:00,1746.75,1747.15,1746.75,1747.15,5
TE,202601,2025-12-31 22:05:00,1747.15,1747.15,1747.15,1747.15,2
TE,202601,2025-12-31 22:07:00,1747.35,1747.35,1747.35,1747.35,1
TE,202601,2025-12-31 22:08:00,1747.0,1747.35,1747.0,1747.25,4
TE,202601,2025-12-31 22:09:00,1747.1,1747.1,1747.1,1747.1,1
TE,202601,2025-12-31 22:13:00,1747.1,1747.1,1747.1,1747.1,1
TE,202601,2025-12-31 22:16:00,1747.1,1747.1,1747.1,1747.1,1
TE,202601,2025-12-31 22:18:00,1746.35,1746.35,1746.35,1746.35,1
TE,202601,2025-12-31 22:19:00,1746.1,1746.1,1746.1,1746.1,1
TE,202601,2025-12-31 22:21:00,1746.15,1746.95,1746.15,1746.95,3
TE,202601,2025-12-31 22:23:00,1746.7,1746.7,1746.05,1746.05,2
TE,202601,2025-12-31 22:30:00,1746.0,1746.0,1746.0,1746.0,2
TE,202601,2025-12-31 22:38:00,1744.75,1744.75,1744.75,1744.75,2
TE,202601,2025-12-31 22:41:00,1744.8,1744.8,1744.8,1744.8,1
TE,202601,2025-12-31 22:55:00,1747.55,1747.55,1747.55,1747.55,1
TE,202601,2025-12-31 23:04:00,1747.05,1747.05,1747.05,1747.05,1
TE,202601,2025-12-31 23:12:00,1744.5,1744.5,1744.5,1744.5,1
TE,202601,2025-12-31 23:18:00,1744.05,1744.05,1744.05,1744.05,1
TE,202601,2025-12-31 23:28:00,1745.5,1745.5,1745.5,1745.5,1
TE,202601,2026-01-01 00:52:00,1745.65,1745.65,1745.65,1745.65,1
TE,202601,2026-01-01 01:08:00,1743.75,1743.75,1743.75,1743.75,1
TE,202601,2026-01-01 01:17:00,1745.7,1745.7,1745.7,1745.7,1
TE,202601,2026-01-01 02:32:00,1746.55,1746.7,1746.55,1746.7,2
TE,202601,2026-01-01 02:40:00,1747.5,1747.5,1747.5,1747.5,2
TE,202601,2026-01-01 02:59:00,1747.2,1747.2,1747.2,1747.2,1
TE,202601,2026-01-01 03:00:00,1747.5,1747.85,1747.5,1747.85,2
TE,202601,2026-01-01 03:01:00,1747.55,1747.55,1747.55,1747.55,1
TE,202601,2026-01-01 03:05:00,1747.6,1747.6,1747.6,1747.6,1
TE,202601,2026-01-01 03:06:00,1747.4,1747.4,1747.4,1747.4,1
TE,202601,2026-01-01 03:09:00,1747.6,1747.8,1747.6,1747.8,2
TE,202601,2026-01-01 03:13:00,1747.8,1747.8,1747.8,1747.8,1
TE,202601,2026-01-01 03:15:00,1747.8,1747.8,1747.8,1747.8,1
TE,202601,2026-01-01 03:16:00,1747.8,1747.8,1747.8,1747.8,1
TE,202601,2026-01-01 03:48:00,1745.95,1745.95,1745.95,1745.95,1
TE,202601,2026-01-01 04:04:00,1744.0,1744.0,1744.0,1744.0,1
TE,202601,2026-01-01 04:10:00,1743.3,1743.3,1743.3,1743.3,1
TE,202601,2026-01-01 04:15:00,1742.0,1742.0,1742.0,1742.0,2
TE,202601,2026-01-01 04:21:00,1741.0,1741.0,1741.0,1741.0,1
TE,202601,2026-01-01 04:26:00,1740.7,1740.7,1740.7,1740.7,1
TE,202601,2026-01-01 04:29:00,1740.0,1740.0,1740.0,1740.0,1
TE,202601,2026-01-01 04:32:00,1741.15,1741.15,1741.15,1741.15,1
TE,202601,2026-01-01 04:37:00,1741.4,1741.4,1741.4,1741.4,1
TE,202601,2026-01-01 04:53:00,1741.95,1741.95,1741.95,1741.95,1
TF,202601,2025-12-31 15:22:00,2401.6,2401.8,2401.6,2401.8,3
TF,202601,2025-12-31 15:32:00,2402.8,2402.8,2402.8,2402.8,2
TF,202601,2025-12-31 15:47:00,2402.8,2402.8,2402.8,2402.8,1
TF,202601,2025-12-31 18:03:00,2402.6,2402.6,2402.6,2402.6,1
TF,202601,2025-12-31 21:19:00,2404.0,2404.0,2404.0,2404.0,2
TF,202601,2025-12-31 22:57:00,2403.8,2403.8,2403.8,2403.8,1
TF,202601,2026-01-01 03:33:00,2401.4,2401.4,2401.4,2401.4,1
TGF,202602,2025-12-31 17:56:00,16614.5,16614.5,16614.5,16614.5,1
TGF,202602,2025-12-31 18:03:00,16613.0,16613.0,16613.0,16613.0,1
TGF,202602,2025-12-31 18:05:00,16613.0,16613.0,16613.0,16613.0,1
TGF,202602,2025-12-31 18:06:00,16616.5,16616.5,16616.5,16616.5,1
TGF,202602,2025-12-31 18:08:00,16600.0,16600.0,16600.0,16600.0,1
TGF,202602,2025-12-31 18:18:00,16600.0,16600.0,16600.0,16600.0,1
TGF,202602,2025-12-31 18:25:00,16580.0,16580.0,16580.0,16580.0,1
TGF,202602,2025-12-31 18:29:00,16558.0,16558.0,16558.0,16558.0,1
TGF,202602,2025-12-31 18:30:00,16550.5,16550.5,16550.5,16550.5,1
TGF,202602,2025-12-31 18:38:00,16516.5,16516.5,16516.5,16516.5,1
TGF,202602,2025-12-31 18:40:00,16531.5,16531.5,16531.5,16531.5,1
TGF,202602,2025-12-31 18:45:00,16529.0,16529.0,16529.0,16529.0,1
TGF,202602,2025-12-31 18:54:00,16538.0,16538.0,16538.0,16538.0,1
TGF,202602,2025-12-31 18:58:00,16522.5,16522.5,16522.5,16522.5,1
TGF,202602,2025-12-31 19:02:00,16521.5,16521.5,16521.5,16521.5,1
TGF,202602,2025-12-31 19:06:00,16515.0,16515.0,16515.0,16515.0,1
TGF,202602,2025-12-31 19:09:00,16526.0,16530.0,16526.0,16530.0,2
TGF,202602,2025-12-31 19:13:00,16533.0,16533.0,16533.0,16533.0,1
TGF,202602,2025-12-31 19:36:00,16513.0,16513.0,16513.0,16513.0,1
TGF,202602,2025-12-31 19:43:00,16515.0,16515.0,16515.0,16515.0,1
TGF,202602,2025-12-31 19:45:00,16526.0,16526.0,16526.0,16526.0,1
TGF,202602,2025-12-31 19:49:00,16530.0,16530.0,16530.0,16530.0,1
TGF,202602,2025-12-31 19:58:00,16512.0,16512.0,16512.0,16512.0,1
TGF,202602,2025-12-31 20:17:00,16510.0,16510.0,16510.0,16510.0,1
TGF,202602,2025-12-31 20:23:00,16500.5,16500.5,16500.5,16500.5,1
TGF,202602,2025-12-31 20:27:00,16489.5,16489.5,16489.5,16489.5,1
TGF,202602,2025-12-31 20:30:00,16500.0,16503.0,16500.0,16503.0,8
TGF,202602,2025-12-31 20:34:00,16526.0,16526.0,16526.0,16526.0,1
TGF,202602,2025-12-31 20:37:00,16536.5,16536.5,16536.5,16536.5,1
TGF,202602,2025-12-31 20:43:00,16550.0,16565.0,16550.0,16565.0,2
TGF,202602,2025-12-31 20:48:00,16542.0,16542.0,16542.0,16542.0,1
TGF,202602,2025-12-31 20:56:00,16521.0,16521.0,16521.0,16521.0,2
TGF,202602,2025-12-31 21:06:00,16506.0,16506.0,16506.0,16506.0,1
TGF,202602,2025-12-31 21:22:00,16530.0,16530.0,16530.0,16530.0,1
TGF,202602,2025-12-31 21:24:00,16560.0,16560.0,16560.0,16560.0,1
TGF,202602,2025-12-31 21:40:00,16578.0,16578.0,16578.0,16578.0,1
TGF,202602,2025-12-31 21:46:00,16580.0,16580.0,16580.0,16580.0,1
TGF,202602,2025-12-31 21:50:00,16600.0,16600.0,16600.0,16600.0,1
TGF,202602,2025-12-31 21:58:00,16620.0,16620.0,16620.0,16620.0,1
TGF,202602,2025-12-31 22:02:00,16620.0,16620.0,16620.0,16620.0,1
TGF,202602,2025-12-31 22:33:00,16635.0,16635.0,16635.0,16635.0,1
TGF,202602,2025-12-31 22:36:00,16638.0,16638.0,16638.0,16638.0,1
TGF,202602,2025-12-31 22:47:00,16640.0,16640.0,16640.0,16640.0,1
TGF,202602,2025-12-31 22:56:00,16650.0,16650.0,16650.0,16650.0,1
TGF,202602,2025-12-31 23:10:00,16639.5,16639.5,16639.5,16639.5,1
TGF,202602,2026-01-01 00:14:00,16582.0,16582.0,16582.0,16582.0,1
TGF,202602,2026-01-01 02:59:00,16560.0,16560.0,16555.5,16555.5,2
TGF,202602,2026-01-01 03:21:00,16571.5,16571.5,16571.5,16571.5,1
TGF,202602,2026-01-01 03:44:00,16530.0,16530.0,16530.0,16530.0,2
TGF,202602,2026-01-01 04:22:00,16528.5,16528.5,16528.5,16528.5,6
TGF,202602,2026-01-01 04:53:00,16517.0,16517.0,16517.0,16517.0,1
TGF,202604,2025-12-31 18:33:00,16613.0,16613.0,16613.0,16613.0,1
TGF,202604,2025-12-31 18:43:00,16622.0,16622.0,16622.0,16622.0,1
TGF,202604,2025-12-31 18:45:00,16626.5,16626.5,16626.5,16626.5,1
TGF,202604,2025-12-31 18:53:00,16627.5,16627.5,16627.5,16627.5,1
TGF,202604,2025-12-31 18:59:00,16618.0,16618.0,16618.0,16618.0,1
TGF,202604,2025-12-31 19:07:00,16620.0,16620.0,16620.0,16620.0,1
TGF,202604,2025-12-31 19:08:00,16623.0,16624.0,16623.0,16624.0,2
TGF,202604,2025-12-31 19:14:00,16634.0,16634.0,16634.0,16634.0,1
TGF,202604,2025-12-31 21:22:00,16646.0,16646.0,16646.0,16646.0,1
TGF,202604,2025-12-31 21:24:00,16674.0,16680.0,16674.0,16680.0,2
TGF,202604,2025-12-31 22:47:00,16767.5,16767.5,16767.5,16767.5,1
TGF,202604,2025-12-31 23:10:00,16725.5,16725.5,16725.5,16725.5,1
TGF,202604,2025-12-31 23:19:00,16725.0,16725.0,16725.0,16725.0,1
TJF,202601,2025-12-31 18:22:00,3410.5,3410.5,3410.5,3410.5,1
TJF,202601,2026-01-01 02:45:00,3430.0,3430.0,3430.0,3430.0,2
TJF,202602,2025-12-31 22:55:00,3422.0,3422.0,3422.0,3422.0,1
TJF,202602,2026-01-01 00:03:00,3406.25,3406.25,3406.25,3406.25,1
TJF,202602,2026-01-01 01:37:00,3416.25,3416.25,3416.25,3416.25,1
TJF,202602,2026-01-01 02:45:00,3430.5,3430.5,3430.5,3430.5,1
TMF,202601,2025-12-31 15:00:00,29007.0,29031.0,29007.0,29024.0,337
TMF,202601,2025-12-31 15:01:00,29023.0,29034.0,29023.0,29028.0,160
TMF,202601,2025-12-31 15:02:00,29026.0,29027.0,29020.0,29020.0,47
TMF,202601,2025-12-31 15:03:00,29020.0,29023.0,29019.0,29023.0,74
TMF,202601,2025-12-31 15:04:00,29023.0,29025.0,29020.0,29021.0,55
TMF,202601,2025-12-31 15:05:00,29024.0,29025.0,29020.0,29025.0,76
TMF,202601,2025-12-31 15:06:00,29024.0,29025.0,29021.0,29021.0,51
TMF,202601,2025-12-31 15:07:00,29022.0,29024.0,29019.0,29020.0,29
TMF,202601,2025-12-31 15:08:00,29020.0,29020.0,29013.0,29014.0,79
TMF,202601,2025-12-31 15:09:00,29014.0,29017.0,29012.0,29015.0,45
TMF,202601,2025-12-31 15:10:00,29016.0,29019.0,29015.0,29017.0,41
TMF,202601,2025-12-31 15:11:00,29017.0,29018.0,29012.0,29014.0,39
TMF,202601,2025-12-31 15:12:00,29014.0,29016.0,29014.0,29015.0,41
TMF,202601,2025-12-31 15:13:00,29015.0,29016.0,29012.0,29013.0,25
TMF,202601,2025-12-31 15:14:00,29013.0,29018.0,29012.0,29017.0,29
TMF,202601,2025-12-31 15:15:00,29016.0,29018.0,29014.0,29018.0,43
TMF,202601,2025-12-31 15:16:00,29019.0,29019.0,29017.0,29019.0,27
TMF,202601,2025-12-31 15:17:00,29019.0,29019.0,29013.0,29013.0,62
TMF,202601,2025-12-31 15:18:00,29013.0,29017.0,29013.0,29017.0,33
TMF,202601,2025-12-31 15:19:00,29016.0,29017.0,29014.0,29014.0,24
TMF,202601,2025-12-31 15:20:00,29015.0,29019.0,29015.0,29019.0,30
TMF,202601,2025-12-31 15:21:00,29020.0,29025.0,29020.0,29023.0,78
TMF,202601,2025-12-31 15:22:00,29023.0,29025.0,29023.0,29024.0,19
TMF,202601,2025-12-31 15:23:00,29024.0,29027.0,29023.0,29027.0,34
TMF,202601,2025-12-31 15:24:00,29027.0,29037.0,29027.0,29036.0,166
TMF,202601,2025-12-31 15:25:00,29036.0,29045.0,29036.0,29043.0,150
TMF,202601,2025-12-31 15:26:00,29043.0,29068.0,29042.0,29058.0,569
TMF,202601,2025-12-31 15:27:00,29058.0,29061.0,29056.0,29059.0,125
TMF,202601,2025-12-31 15:28:00,29059.0,29059.0,29052.0,29055.0,119
TMF,202601,2025-12-31 15:29:00,29055.0,29063.0,29055.0,29062.0,140
TMF,202601,2025-12-31 15:30:00,29062.0,29067.0,29060.0,29062.0,179
TMF,202601,2025-12-31 15:31:00,29062.0,29065.0,29061.0,29064.0,90
TMF,202601,2025-12-31 15:32:00,29063.0,29064.0,29059.0,29059.0,92
TMF,202601,2025-12-31 15:33:00,29059.0,29063.0,29059.0,29063.0,78
TMF,202601,2025-12-31 15:34:00,29063.0,29063.0,29056.0,29060.0,56
TMF,202601,2025-12-31 15:35:00,29059.0,29061.0,29055.0,29055.0,78
TMF,202601,2025-12-31 15:36:00,29056.0,29058.0,29055.0,29056.0,41
TMF,202601,2025-12-31 15:37:00,29057.0,29058.0,29056.0,29057.0,18
TMF,202601,2025-12-31 15:38:00,29057.0,29065.0,29057.0,29064.0,88
TMF,202601,2025-12-31 15:39:00,29064.0,29070.0,29064.0,29070.0,153
TMF,202601,2025-12-31 15:40:00,29069.0,29074.0,29065.0,29072.0,238
TMF,202601,2025-12-31 15:41:00,29072.0,29072.0,29067.0,29068.0,98
TMF,202601,2025-12-31 15:42:00,29068.0,29069.0,29066.0,29067.0,41
TMF,202601,2025-12-31 15:43:00,29067.0,29067.0,29065.0,29067.0,45
TMF,202601,2025-12-31 15:44:00,29066.0,29068.0,29065.0,29066.0,19
TMF,202601,2025-12-31 15:45:00,29065.0,29069.0,29065.0,29068.0,48
TMF,202601,2025-12-31 15:46:00,29068.0,29068.0,29065.0,29066.0,40
TMF,202601,2025-12-31 15:47:00,29064.0,29064.0,29060.0,29061.0,59
TMF,202601,2025-12-31 15:48:00,29061.0,29062.0,29056.0,29059.0,82
TMF,202601,2025-12-31 15:49:00,29059.0,29059.0,29054.0,29056.0,52
TMF,202601,2025-12-31 15:50:00,29056.0,29058.0,29055.0,29055.0,48
TMF,202601,2025-12-31 15:51:00,29055.0,29055.0,29050.0,29050.0,96
TMF,202601,2025-12-31 15:52:00,29050.0,29053.0,29050.0,29053.0,77
TMF,202601,2025-12-31 15:53:00,29052.0,29052.0,29050.0,29051.0,17
TMF,202601,2025-12-31 15:54:00,29051.0,29051.0,29050.0,29051.0,41
TMF,202601,2025-12-31 15:55:00,29052.0,29054.0,29050.0,29053.0,48
TMF,202601,2025-12-31 15:56:00,29054.0,29057.0,29052.0,29052.0,50
TMF,202601,2025-12-31 15:57:00,29052.0,29052.0,29050.0,29051.0,35
TMF,202601,2025-12-31 15:58:00,29052.0,29054.0,29051.0,29052.0,17
TMF,202601,2025-12-31 15:59:00,29052.0,29053.0,29052.0,29052.0,13
TMF,202601,2025-12-31 16:00:00,29053.0,29055.0,29045.0,29052.0,120
TMF,202601,2025-12-31 16:01:00,29053.0,29054.0,29050.0,29051.0,17
TMF,202601,2025-12-31 16:02:00,29051.0,29058.0,29051.0,29057.0,42
TMF,202601,2025-12-31 16:03:00,29058.0,29060.0,29052.0,29054.0,64
TMF,202601,2025-12-31 16:04:00,29053.0,29055.0,29049.0,29049.0,44
TMF,202601,2025-12-31 16:05:00,29049.0,29049.0,29045.0,29046.0,135
TMF,202601,2025-12-31 16:06:00,29047.0,29049.0,29044.0,29047.0,80
TMF,202601,2025-12-31 16:07:00,29047.0,29051.0,29045.0,29051.0,41
TMF,202601,2025-12-31 16:08:00,29051.0,29052.0,29044.0,29044.0,48
TMF,202601,2025-12-31 16:09:00,29045.0,29045.0,29038.0,29038.0,114
TMF,202601,2025-12-31 16:10:00,29038.0,29041.0,29036.0,29039.0,70
TMF,202601,2025-12-31 16:11:00,29038.0,29042.0,29037.0,29040.0,38
TMF,202601,2025-12-31 16:12:00,29041.0,29042.0,29037.0,29038.0,71
TMF,202601,2025-12-31 16:13:00,29038.0,29040.0,29037.0,29039.0,32
TMF,202601,2025-12-31 16:14:00,29039.0,29040.0,29038.0,29039.0,34
TMF,202601,2025-12-31 16:15:00,29038.0,29040.0,29037.0,29040.0,35
TMF,202601,2025-12-31 16:16:00,29040.0,29040.0,29037.0,29038.0,24
TMF,202601,2025-12-31 16:17:00,29039.0,29040.0,29038.0,29038.0,42
TMF,202601,2025-12-31 16:18:00,29038.0,29041.0,29038.0,29041.0,17
TMF,202601,2025-12-31 16:19:00,29041.0,29042.0,29040.0,29040.0,18
TMF,202601,2025-12-31 16:20:00,29040.0,29041.0,29038.0,29039.0,40
TMF,202601,2025-12-31 16:21:00,29039.0,29040.0,29038.0,29040.0,6
TMF,202601,2025-12-31 16:22:00,29040.0,29040.0,29033.0,29035.0,106
TMF,202601,2025-12-31 16:23:00,29034.0,29035.0,29033.0,29035.0,45
TMF,202601,2025-12-31 16:24:00,29034.0,29034.0,29030.0,29031.0,77
TMF,202601,2025-12-31 16:25:00,29030.0,29030.0,29027.0,29029.0,76
TMF,202601,2025-12-31 16:26:00,29028.0,29029.0,29026.0,29026.0,50
TMF,202601,2025-12-31 16:27:00,29026.0,29033.0,29026.0,29030.0,76
TMF,202601,2025-12-31 16:28:00,29030.0,29030.0,29026.0,29027.0,26
TMF,202601,2025-12-31 16:29:00,29027.0,29027.0,29020.0,29020.0,117
TMF,202601,2025-12-31 16:30:00,29021.0,29024.0,29018.0,29023.0,61
TMF,202601,2025-12-31 16:31:00,29022.0,29023.0,29011.0,29016.0,225
TMF,202601,2025-12-31 16:32:00,29016.0,29018.0,29014.0,29015.0,78
TMF,202601,2025-12-31 16:33:00,29014.0,29018.0,29012.0,29015.0,73
TMF,202601,2025-12-31 16:34:00,29015.0,29015.0,29006.0,29008.0,233
TMF,202601,2025-12-31 16:35:00,29008.0,29008.0,28996.0,29000.0,307
TMF,202601,2025-12-31 16:36:00,29000.0,29009.0,28999.0,29009.0,115
TMF,202601,2025-12-31 16:37:00,29009.0,29013.0,29007.0,29012.0,84
TMF,202601,2025-12-31 16:38:00,29011.0,29013.0,29007.0,29007.0,105
TMF,202601,2025-12-31 16:39:00,29007.0,29010.0,29006.0,29009.0,49
TMF,202601,2025-12-31 16:40:00,29007.0,29010.0,29003.0,29010.0,97
TMF,202601,2025-12-31 16:41:00,29009.0,29012.0,29009.0,29012.0,39
TMF,202601,2025-12-31 16:42:00,29013.0,29017.0,29010.0,29016.0,80
TMF,202601,2025-12-31 16:43:00,29018.0,29020.0,29015.0,29019.0,106
TMF,202601,2025-12-31 16:44:00,29020.0,29021.0,29019.0,29020.0,62
TMF,202601,2025-12-31 16:45:00,29020.0,29022.0,29018.0,29018.0,64
TMF,202601,2025-12-31 16:46:00,29019.0,29019.0,29012.0,29012.0,93
TMF,202601,2025-12-31 16:47:00,29012.0,29013.0,29009.0,29010.0,50
TMF,202601,2025-12-31 16:48:00,29010.0,29010.0,29008.0,29008.0,34
TMF,202601,2025-12-31 16:49:00,29009.0,29010.0,29006.0,29008.0,40
TMF,202601,2025-12-31 16:50:00,29009.0,29014.0,29009.0,29013.0,33
TMF,202601,2025-12-31 16:51:00,29014.0,29016.0,29013.0,29015.0,26
TMF,202601,2025-12-31 16:52:00,29018.0,29019.0,29010.0,29011.0,73
TMF,202601,2025-12-31 16:53:00,29011.0,29014.0,29007.0,29007.0,51
TMF,202601,2025-12-31 16:54:00,29007.0,29009.0,29007.0,29007.0,20
TMF,202601,2025-12-31 16:55:00,29006.0,29007.0,29003.0,29003.0,39
TMF,202601,2025-12-31 16:56:00,29004.0,29006.0,29002.0,29002.0,76
TMF,202601,2025-12-31 16:57:00,29002.0,29006.0,29001.0,29006.0,66
TMF,202601,2025-12-31 16:58:00,29006.0,29012.0,29006.0,29008.0,61
TMF,202601,2025-12-31 16:59:00,29008.0,29008.0,29003.0,29003.0,47
TMF,202601,2025-12-31 17:00:00,29002.0,29009.0,29000.0,29007.0,83
TMF,202601,2025-12-31 17:01:00,29007.0,29012.0,29007.0,29012.0,45
TMF,202601,2025-12-31 17:02:00,29013.0,29017.0,29013.0,29017.0,66
TMF,202601,2025-12-31 17:03:00,29018.0,29018.0,29015.0,29017.0,34
TMF,202601,2025-12-31 17:04:00,29016.0,29017.0,29013.0,29017.0,29
TMF,202601,2025-12-31 17:05:00,29017.0,29020.0,29013.0,29013.0,57
TMF,202601,2025-12-31 17:06:00,29014.0,29017.0,29013.0,29017.0,27
TMF,202601,2025-12-31 17:07:00,29018.0,29019.0,29016.0,29019.0,35
TMF,202601,2025-12-31 17:08:00,29018.0,29020.0,29015.0,29015.0,23
TMF,202601,2025-12-31 17:09:00,29015.0,29016.0,29013.0,29013.0,26
TMF,202601,2025-12-31 17:10:00,29013.0,29014.0,29013.0,29013.0,23
TMF,202601,2025-12-31 17:11:00,29014.0,29014.0,29013.0,29014.0,7
TMF,202601,2025-12-31 17:12:00,29014.0,29019.0,29014.0,29019.0,29
TMF,202601,2025-12-31 17:13:00,29019.0,29020.0,29018.0,29020.0,18
TMF,202601,2025-12-31 17:14:00,29018.0,29020.0,29016.0,29016.0,33
TMF,202601,2025-12-31 17:15:00,29015.0,29019.0,29015.0,29018.0,30
TMF,202601,2025-12-31 17:16:00,29018.0,29020.0,29015.0,29015.0,22
TMF,202601,2025-12-31 17:17:00,29015.0,29017.0,29013.0,29015.0,24
TMF,202601,2025-12-31 17:18:00,29014.0,29014.0,29010.0,29010.0,38
TMF,202601,2025-12-31 17:19:00,29011.0,29017.0,29011.0,29017.0,19
TMF,202601,2025-12-31 17:20:00,29016.0,29018.0,29016.0,29018.0,7
TMF,202601,2025-12-31 17:21:00,29018.0,29019.0,29016.0,29017.0,19
TMF,202601,2025-12-31 17:22:00,29016.0,29018.0,29016.0,29016.0,4
TMF,202601,2025-12-31 17:23:00,29017.0,29019.0,29017.0,29018.0,16
TMF,202601,2025-12-31 17:24:00,29018.0,29018.0,29013.0,29013.0,41
TMF,202601,2025-12-31 17:25:00,29013.0,29017.0,29012.0,29013.0,58
TMF,202601,2025-12-31 17:26:00,29014.0,29017.0,29014.0,29016.0,10
TMF,202601,2025-12-31 17:27:00,29015.0,29019.0,29015.0,29017.0,33
TMF,202601,2025-12-31 17:28:00,29018.0,29018.0,29012.0,29012.0,17
TMF,202601,2025-12-31 17:29:00,29013.0,29014.0,29012.0,29012.0,14
TMF,202601,2025-12-31 17:30:00,29012.0,29014.0,29012.0,29014.0,10
TMF,202601,2025-12-31 17:31:00,29013.0,29013.0,29010.0,29013.0,37
TMF,202601,2025-12-31 17:32:00,29013.0,29013.0,29010.0,29011.0,18
TMF,202601,2025-12-31 17:33:00,29011.0,29019.0,29011.0,29018.0,31
TMF,202601,2025-12-31 17:34:00,29018.0,29020.0,29016.0,29016.0,29
TMF,202601,2025-12-31 17:35:00,29017.0,29018.0,29016.0,29018.0,11
TMF,202601,2025-12-31 17:36:00,29019.0,29020.0,29017.0,29020.0,16
TMF,202601,2025-12-31 17:37:00,29019.0,29020.0,29018.0,29019.0,11
TMF,202601,2025-12-31 17:38:00,29020.0,29020.0,29018.0,29018.0,18
TMF,202601,2025-12-31 17:39:00,29020.0,29021.0,29020.0,29020.0,15
TMF,202601,2025-12-31 17:40:00,29021.0,29021.0,29018.0,29018.0,23
TMF,202601,2025-12-31 17:41:00,29016.0,29019.0,29015.0,29017.0,6
TMF,202601,2025-12-31 17:42:00,29016.0,29016.0,29014.0,29015.0,9
TMF,202601,2025-12-31 17:43:00,29015.0,29016.0,29014.0,29014.0,7
TMF,202601,2025-12-31 17:44:00,29014.0,29014.0,29012.0,29012.0,13
TMF,202601,2025-12-31 17:45:00,29013.0,29014.0,29013.0,29014.0,13
TMF,202601,2025-12-31 17:46:00,29015.0,29016.0,29015.0,29016.0,12
TMF,202601,2025-12-31 17:47:00,29015.0,29017.0,29014.0,29014.0,12
TMF,202601,2025-12-31 17:48:00,29014.0,29014.0,29011.0,29012.0,20
TMF,202601,2025-12-31 17:49:00,29013.0,29013.0,29010.0,29011.0,16
TMF,202601,2025-12-31 17:50:00,29011.0,29011.0,29009.0,29009.0,40
TMF,202601,2025-12-31 17:51:00,29010.0,29013.0,29010.0,29010.0,29
TMF,202601,2025-12-31 17:52:00,29010.0,29011.0,29008.0,29010.0,32
TMF,202601,2025-12-31 17:53:00,29009.0,29010.0,29007.0,29007.0,22
TMF,202601,2025-12-31 17:54:00,29007.0,29008.0,29006.0,29008.0,22
TMF,202601,2025-12-31 17:55:00,29008.0,29009.0,29008.0,29008.0,11
TMF,202601,2025-12-31 17:56:00,29010.0,29010.0,29010.0,29010.0,14
TMF,202601,2025-12-31 17:57:00,29010.0,29010.0,29008.0,29008.0,12
TMF,202601,2025-12-31 17:58:00,29008.0,29008.0,29006.0,29007.0,18
TMF,202601,2025-12-31 17:59:00,29007.0,29007.0,29003.0,29003.0,27
TMF,202601,2025-12-31 18:00:00,29004.0,29005.0,28996.0,28997.0,241
TMF,202601,2025-12-31 18:01:00,28999.0,29000.0,28992.0,28992.0,90
TMF,202601,2025-12-31 18:02:00,28994.0,28999.0,28992.0,28996.0,85
TMF,202601,2025-12-31 18:03:00,28996.0,28996.0,28990.0,28992.0,120
TMF,202601,2025-12-31 18:04:00,28991.0,28993.0,28988.0,28993.0,65
TMF,202601,2025-12-31 18:05:00,28992.0,28992.0,28989.0,28991.0,43
TMF,202601,2025-12-31 18:06:00,28990.0,28993.0,28990.0,28993.0,31
TMF,202601,2025-12-31 18:07:00,28994.0,28995.0,28993.0,28995.0,24
TMF,202601,2025-12-31 18:08:00,28993.0,28993.0,28988.0,28988.0,52
TMF,202601,2025-12-31 18:09:00,28989.0,28993.0,28989.0,28991.0,23
TMF,202601,2025-12-31 18:10:00,28990.0,28994.0,28988.0,28993.0,42
TMF,202601,2025-12-31 18:11:00,28995.0,28998.0,28995.0,28996.0,77
TMF,202601,2025-12-31 18:12:00,28997.0,28999.0,28996.0,28999.0,19
TMF,202601,2025-12-31 18:13:00,28999.0,29003.0,28999.0,29002.0,49
TMF,202601,2025-12-31 18:14:00,29003.0,29004.0,29001.0,29002.0,57
TMF,202601,2025-12-31 18:15:00,29001.0,29007.0,29000.0,29007.0,47
TMF,202601,2025-12-31 18:16:00,29007.0,29007.0,29003.0,29004.0,26
TMF,202601,2025-12-31 18:17:00,29004.0,29004.0,29000.0,29000.0,36
TMF,202601,2025-12-31 18:18:00,29000.0,29002.0,29000.0,29000.0,9
TMF,202601,2025-12-31 18:19:00,29001.0,29004.0,29000.0,29004.0,27
TMF,202601,2025-12-31 18:20:00,29003.0,29005.0,29003.0,29003.0,21
TMF,202601,2025-12-31 18:21:00,29005.0,29009.0,29005.0,29008.0,76
TMF,202601,2025-12-31 18:22:00,29007.0,29008.0,29006.0,29006.0,19
TMF,202601,2025-12-31 18:23:00,29006.0,29007.0,29006.0,29006.0,8
TMF,202601,2025-12-31 18:24:00,29006.0,29006.0,29003.0,29003.0,31
TMF,202601,2025-12-31 18:25:00,29002.0,29003.0,29000.0,29001.0,25
TMF,202601,2025-12-31 18:26:00,29002.0,29002.0,28998.0,28998.0,51
TMF,202601,2025-12-31 18:27:00,28999.0,29000.0,28998.0,29000.0,9
TMF,202601,2025-12-31 18:28:00,29000.0,29001.0,29000.0,29001.0,11
TMF,202601,2025-12-31 18:29:00,29001.0,29007.0,29001.0,29007.0,33
TMF,202601,2025-12-31 18:30:00,29008.0,29010.0,29004.0,29008.0,57
TMF,202601,2025-12-31 18:31:00,29008.0,29008.0,29006.0,29007.0,29
TMF,202601,2025-12-31 18:32:00,29007.0,29007.0,29005.0,29005.0,24
TMF,202601,2025-12-31 18:33:00,29004.0,29005.0,29002.0,29005.0,19
TMF,202601,2025-12-31 18:34:00,29005.0,29007.0,29005.0,29007.0,8
TMF,202601,2025-12-31 18:35:00,29006.0,29008.0,29006.0,29008.0,12
TMF,202601,2025-12-31 18:36:00,29009.0,29009.0,29008.0,29008.0,6
TMF,202601,2025-12-31 18:37:00,29007.0,29008.0,29007.0,29008.0,11
TMF,202601,2025-12-31 18:38:00,29008.0,29012.0,29008.0,29010.0,66
TMF,202601,2025-12-31 18:39:00,29011.0,29012.0,29010.0,29010.0,12
TMF,202601,2025-12-31 18:40:00,29011.0,29014.0,29011.0,29014.0,47
TMF,202601,2025-12-31 18:41:00,29013.0,29015.0,29011.0,29011.0,49
TMF,202601,2025-12-31 18:42:00,29013.0,29015.0,29012.0,29013.0,26
TMF,202601,2025-12-31 18:43:00,29014.0,29014.0,29012.0,29012.0,10
TMF,202601,2025-12-31 18:44:00,29012.0,29014.0,29012.0,29014.0,10
TMF,202601,2025-12-31 18:45:00,29013.0,29015.0,29010.0,29010.0,41
TMF,202601,2025-12-31 18:46:00,29010.0,29011.0,29010.0,29011.0,9
TMF,202601,2025-12-31 18:47:00,29011.0,29012.0,29011.0,29012.0,2
TMF,202601,2025-12-31 18:48:00,29011.0,29013.0,29007.0,29007.0,30
TMF,202601,2025-12-31 18:49:00,29007.0,29007.0,29007.0,29007.0,7
TMF,202601,2025-12-31 18:50:00,29008.0,29009.0,29007.0,29008.0,11
TMF,202601,2025-12-31 18:51:00,29009.0,29010.0,29009.0,29010.0,20
TMF,202601,2025-12-31 18:52:00,29010.0,29011.0,29009.0,29010.0,15
TMF,202601,2025-12-31 18:53:00,29010.0,29011.0,29008.0,29011.0,16
TMF,202601,2025-12-31 18:54:00,29010.0,29010.0,29009.0,29009.0,3
TMF,202601,2025-12-31 18:55:00,29010.0,29011.0,29009.0,29009.0,5
TMF,202601,2025-12-31 18:57:00,29010.0,29011.0,29010.0,29010.0,11
TMF,202601,2025-12-31 18:58:00,29009.0,29009.0,29006.0,29006.0,13
TMF,202601,2025-12-31 18:59:00,29006.0,29007.0,29005.0,29007.0,10
TMF,202601,2025-12-31 19:00:00,29007.0,29010.0,29004.0,29004.0,55
TMF,202601,2025-12-31 19:01:00,29003.0,29004.0,29002.0,29004.0,18
TMF,202601,2025-12-31 19:02:00,29005.0,29008.0,29005.0,29008.0,10
TMF,202601,2025-12-31 19:03:00,29008.0,29010.0,29008.0,29009.0,13
TMF,202601,2025-12-31 19:04:00,29010.0,29010.0,29009.0,29009.0,10
TMF,202601,2025-12-31 19:05:00,29009.0,29010.0,29008.0,29009.0,16
TMF,202601,2025-12-31 19:06:00,29010.0,29015.0,29010.0,29014.0,45
TMF,202601,2025-12-31 19:07:00,29014.0,29015.0,29010.0,29010.0,33
TMF,202601,2025-12-31 19:08:00,29009.0,29010.0,29009.0,29009.0,4
TMF,202601,2025-12-31 19:09:00,29009.0,29009.0,29007.0,29008.0,8
TMF,202601,2025-12-31 19:10:00,29007.0,29008.0,29007.0,29007.0,6
TMF,202601,2025-12-31 19:11:00,29006.0,29006.0,29005.0,29006.0,10
TMF,202601,2025-12-31 19:12:00,29006.0,29007.0,29006.0,29006.0,9
TMF,202601,2025-12-31 19:13:00,29005.0,29006.0,29004.0,29006.0,10
TMF,202601,2025-12-31 19:14:00,29006.0,29008.0,29006.0,29008.0,5
TMF,202601,2025-12-31 19:15:00,29008.0,29011.0,29008.0,29011.0,16
TMF,202601,2025-12-31 19:16:00,29011.0,29012.0,29009.0,29009.0,38
TMF,202601,2025-12-31 19:17:00,29007.0,29007.0,29003.0,29003.0,11
TMF,202601,2025-12-31 19:18:00,29003.0,29003.0,28999.0,28999.0,54
TMF,202601,2025-12-31 19:19:00,28999.0,28999.0,28996.0,28997.0,41
TMF,202601,2025-12-31 19:20:00,28998.0,28999.0,28996.0,28999.0,43
TMF,202601,2025-12-31 19:21:00,28999.0,29002.0,28996.0,29001.0,33
TMF,202601,2025-12-31 19:22:00,29002.0,29002.0,29001.0,29002.0,8
TMF,202601,2025-12-31 19:23:00,29002.0,29003.0,29002.0,29002.0,11
TMF,202601,2025-12-31 19:24:00,29002.0,29002.0,28997.0,28999.0,66
TMF,202601,2025-12-31 19:25:00,28999.0,29003.0,28999.0,29003.0,36
TMF,202601,2025-12-31 19:26:00,29002.0,29003.0,29001.0,29001.0,14
TMF,202601,2025-12-31 19:27:00,29000.0,29003.0,29000.0,29003.0,11
TMF,202601,2025-12-31 19:28:00,29004.0,29004.0,28997.0,28997.0,46
TMF,202601,2025-12-31 19:29:00,28996.0,28998.0,28996.0,28998.0,12
TMF,202601,2025-12-31 19:30:00,28997.0,28997.0,28993.0,28996.0,43
TMF,202601,2025-12-31 19:31:00,28996.0,29000.0,28996.0,29000.0,13
TMF,202601,2025-12-31 19:32:00,29000.0,29000.0,28996.0,28997.0,20
TMF,202601,2025-12-31 19:33:00,28998.0,29001.0,28998.0,28998.0,16
TMF,202601,2025-12-31 19:34:00,28999.0,29000.0,28998.0,28998.0,9
TMF,202601,2025-12-31 19:35:00,28998.0,28998.0,28998.0,28998.0,7
TMF,202601,2025-12-31 19:36:00,28998.0,29000.0,28995.0,28997.0,27
TMF,202601,2025-12-31 19:37:00,28997.0,29001.0,28996.0,29001.0,15
TMF,202601,2025-12-31 19:38:00,29000.0,29003.0,29000.0,29001.0,13
TMF,202601,2025-12-31 19:39:00,29001.0,29003.0,29000.0,29002.0,16
TMF,202601,2025-12-31 19:40:00,29001.0,29001.0,28993.0,28998.0,44
TMF,202601,2025-12-31 19:41:00,28998.0,28998.0,28994.0,28994.0,19
TMF,202601,2025-12-31 19:42:00,28995.0,28997.0,28994.0,28997.0,12
TMF,202601,2025-12-31 19:43:00,28997.0,28998.0,28994.0,28998.0,21
TMF,202601,2025-12-31 19:44:00,28998.0,28999.0,28995.0,28997.0,27
TMF,202601,2025-12-31 19:45:00,28997.0,28999.0,28996.0,28998.0,7
TMF,202601,2025-12-31 19:46:00,28998.0,28998.0,28997.0,28998.0,12
TMF,202601,2025-12-31 19:47:00,28997.0,28999.0,28996.0,28999.0,16
TMF,202601,2025-12-31 19:48:00,28998.0,29000.0,28998.0,29000.0,11
TMF,202601,2025-12-31 19:49:00,28999.0,29000.0,28999.0,29000.0,7
TMF,202601,2025-12-31 19:50:00,28999.0,28999.0,28996.0,28999.0,16
TMF,202601,2025-12-31 19:51:00,28999.0,28999.0,28995.0,28995.0,23
TMF,202601,2025-12-31 19:52:00,28995.0,28995.0,28993.0,28993.0,18
TMF,202601,2025-12-31 19:53:00,28994.0,28994.0,28985.0,28988.0,229
TMF,202601,2025-12-31 19:54:00,28991.0,28992.0,28988.0,28992.0,40
TMF,202601,2025-12-31 19:55:00,28990.0,28995.0,28989.0,28993.0,47
TMF,202601,2025-12-31 19:56:00,28995.0,28996.0,28994.0,28994.0,12
TMF,202601,2025-12-31 19:57:00,28996.0,28997.0,28995.0,28996.0,16
TMF,202601,2025-12-31 19:58:00,28999.0,29001.0,28999.0,29000.0,38
TMF,202601,2025-12-31 19:59:00,29000.0,29001.0,28999.0,29001.0,17
TMF,202601,2025-12-31 20:00:00,28999.0,29000.0,28995.0,29000.0,65
TMF,202601,2025-12-31 20:01:00,29000.0,29000.0,28993.0,28994.0,79
TMF,202601,2025-12-31 20:02:00,28994.0,28997.0,28992.0,28992.0,34
TMF,202601,2025-12-31 20:03:00,28993.0,28995.0,28992.0,28994.0,10
TMF,202601,2025-12-31 20:04:00,28995.0,28995.0,28994.0,28994.0,5
TMF,202601,2025-12-31 20:05:00,28994.0,28995.0,28992.0,28993.0,35
TMF,202601,2025-12-31 20:06:00,28993.0,28993.0,28993.0,28993.0,7
TMF,202601,2025-12-31 20:07:00,28994.0,28996.0,28994.0,28996.0,12
TMF,202601,2025-12-31 20:08:00,28996.0,28996.0,28995.0,28996.0,6
TMF,202601,2025-12-31 20:09:00,28995.0,28996.0,28994.0,28995.0,15
TMF,202601,2025-12-31 20:10:00,28995.0,28996.0,28993.0,28994.0,19
TMF,202601,2025-12-31 20:11:00,28994.0,28998.0,28993.0,28994.0,35
TMF,202601,2025-12-31 20:12:00,28995.0,28996.0,28994.0,28995.0,36
TMF,202601,2025-12-31 20:13:00,28997.0,28998.0,28997.0,28997.0,9
TMF,202601,2025-12-31 20:14:00,28999.0,29000.0,28997.0,28999.0,34
TMF,202601,2025-12-31 20:15:00,28998.0,29001.0,28998.0,29001.0,19
TMF,202601,2025-12-31 20:16:00,29002.0,29006.0,29002.0,29005.0,93
TMF,202601,2025-12-31 20:17:00,29006.0,29006.0,29002.0,29002.0,33
TMF,202601,2025-12-31 20:18:00,29003.0,29009.0,29003.0,29009.0,45
TMF,202601,2025-12-31 20:19:00,29009.0,29010.0,29007.0,29010.0,49
TMF,202601,2025-12-31 20:20:00,29008.0,29020.0,29008.0,29017.0,220
TMF,202601,2025-12-31 20:21:00,29016.0,29020.0,29015.0,29018.0,64
TMF,202601,2025-12-31 20:22:00,29019.0,29023.0,29018.0,29019.0,153
TMF,202601,2025-12-31 20:23:00,29019.0,29020.0,29011.0,29011.0,66
TMF,202601,2025-12-31 20:24:00,29012.0,29014.0,29011.0,29014.0,15
TMF,202601,2025-12-31 20:25:00,29014.0,29014.0,29010.0,29012.0,34
TMF,202601,2025-12-31 20:26:00,29011.0,29014.0,29010.0,29014.0,23
TMF,202601,2025-12-31 20:27:00,29013.0,29014.0,29011.0,29012.0,24
TMF,202601,2025-12-31 20:28:00,29013.0,29013.0,29013.0,29013.0,4
TMF,202601,2025-12-31 20:29:00,29014.0,29014.0,29010.0,29010.0,39
TMF,202601,2025-12-31 20:30:00,29010.0,29013.0,29009.0,29013.0,41
TMF,202601,2025-12-31 20:31:00,29014.0,29019.0,29014.0,29018.0,77
TMF,202601,2025-12-31 20:32:00,29016.0,29018.0,29013.0,29013.0,61
TMF,202601,2025-12-31 20:33:00,29014.0,29015.0,29013.0,29015.0,22
TMF,202601,2025-12-31 20:34:00,29015.0,29022.0,29015.0,29021.0,87
TMF,202601,2025-12-31 20:35:00,29021.0,29022.0,29020.0,29021.0,31
TMF,202601,2025-12-31 20:36:00,29022.0,29022.0,29020.0,29020.0,25
TMF,202601,2025-12-31 20:37:00,29020.0,29021.0,29017.0,29017.0,30
TMF,202601,2025-12-31 20:38:00,29017.0,29018.0,29016.0,29018.0,24
TMF,202601,2025-12-31 20:39:00,29017.0,29018.0,29017.0,29018.0,8
TMF,202601,2025-12-31 20:40:00,29016.0,29017.0,29016.0,29017.0,14
TMF,202601,2025-12-31 20:41:00,29018.0,29020.0,29018.0,29020.0,11
TMF,202601,2025-12-31 20:42:00,29020.0,29022.0,29019.0,29019.0,34
TMF,202601,2025-12-31 20:43:00,29019.0,29019.0,29017.0,29017.0,9
TMF,202601,2025-12-31 20:44:00,29018.0,29019.0,29015.0,29015.0,37
TMF,202601,2025-12-31 20:45:00,29014.0,29014.0,29012.0,29012.0,15
TMF,202601,2025-12-31 20:46:00,29014.0,29016.0,29013.0,29016.0,17
TMF,202601,2025-12-31 20:47:00,29019.0,29019.0,29017.0,29018.0,8
TMF,202601,2025-12-31 20:48:00,29017.0,29018.0,29016.0,29016.0,15
TMF,202601,2025-12-31 20:49:00,29016.0,29018.0,29015.0,29017.0,20
TMF,202601,2025-12-31 20:50:00,29017.0,29018.0,29016.0,29018.0,17
TMF,202601,2025-12-31 20:51:00,29017.0,29018.0,29016.0,29017.0,7
TMF,202601,2025-12-31 20:52:00,29015.0,29017.0,29015.0,29016.0,4
TMF,202601,2025-12-31 20:53:00,29016.0,29017.0,29014.0,29017.0,14
TMF,202601,2025-12-31 20:54:00,29018.0,29028.0,29018.0,29025.0,127
TMF,202601,2025-12-31 20:55:00,29025.0,29030.0,29024.0,29025.0,96
TMF,202601,2025-12-31 20:56:00,29026.0,29030.0,29026.0,29029.0,31
TMF,202601,2025-12-31 20:57:00,29029.0,29035.0,29028.0,29035.0,99
TMF,202601,2025-12-31 20:58:00,29035.0,29036.0,29032.0,29034.0,43
TMF,202601,2025-12-31 20:59:00,29034.0,29035.0,29031.0,29032.0,119
TMF,202601,2025-12-31 21:00:00,29032.0,29035.0,29030.0,29031.0,105
TMF,202601,2025-12-31 21:01:00,29031.0,29032.0,29024.0,29027.0,65
TMF,202601,2025-12-31 21:02:00,29026.0,29029.0,29023.0,29029.0,42
TMF,202601,2025-12-31 21:03:00,29030.0,29032.0,29030.0,29030.0,41
TMF,202601,2025-12-31 21:04:00,29030.0,29030.0,29029.0,29030.0,33
TMF,202601,2025-12-31 21:05:00,29030.0,29030.0,29026.0,29027.0,47
TMF,202601,2025-12-31 21:06:00,29026.0,29027.0,29026.0,29026.0,8
TMF,202601,2025-12-31 21:07:00,29027.0,29029.0,29027.0,29027.0,12
TMF,202601,2025-12-31 21:08:00,29027.0,29028.0,29027.0,29027.0,21
TMF,202601,2025-12-31 21:09:00,29028.0,29029.0,29028.0,29029.0,8
TMF,202601,2025-12-31 21:10:00,29029.0,29029.0,29028.0,29028.0,9
TMF,202601,2025-12-31 21:11:00,29029.0,29029.0,29026.0,29026.0,11
TMF,202601,2025-12-31 21:12:00,29027.0,29029.0,29027.0,29028.0,7
TMF,202601,2025-12-31 21:13:00,29028.0,29028.0,29027.0,29028.0,12
TMF,202601,2025-12-31 21:14:00,29028.0,29029.0,29028.0,29028.0,10
TMF,202601,2025-12-31 21:15:00,29028.0,29030.0,29027.0,29029.0,19
TMF,202601,2025-12-31 21:16:00,29030.0,29035.0,29030.0,29034.0,36
TMF,202601,2025-12-31 21:17:00,29034.0,29040.0,29034.0,29037.0,115
TMF,202601,2025-12-31 21:18:00,29037.0,29040.0,29036.0,29040.0,48
TMF,202601,2025-12-31 21:19:00,29039.0,29040.0,29038.0,29038.0,41
TMF,202601,2025-12-31 21:20:00,29038.0,29040.0,29037.0,29039.0,32
TMF,202601,2025-12-31 21:21:00,29039.0,29043.0,29037.0,29041.0,83
TMF,202601,2025-12-31 21:22:00,29043.0,29046.0,29040.0,29045.0,82
TMF,202601,2025-12-31 21:23:00,29046.0,29050.0,29044.0,29048.0,123
TMF,202601,2025-12-31 21:24:00,29048.0,29050.0,29047.0,29048.0,63
TMF,202601,2025-12-31 21:25:00,29048.0,29050.0,29047.0,29050.0,90
TMF,202601,2025-12-31 21:26:00,29051.0,29051.0,29045.0,29045.0,41
TMF,202601,2025-12-31 21:27:00,29046.0,29050.0,29045.0,29050.0,60
TMF,202601,2025-12-31 21:28:00,29050.0,29051.0,29048.0,29048.0,31
TMF,202601,2025-12-31 21:29:00,29048.0,29051.0,29048.0,29051.0,33
TMF,202601,2025-12-31 21:30:00,29050.0,29050.0,29044.0,29045.0,112
TMF,202601,2025-12-31 21:31:00,29044.0,29047.0,29044.0,29044.0,23
TMF,202601,2025-12-31 21:32:00,29044.0,29047.0,29038.0,29047.0,85
TMF,202601,2025-12-31 21:33:00,29048.0,29050.0,29047.0,29049.0,48
TMF,202601,2025-12-31 21:34:00,29050.0,29052.0,29047.0,29048.0,74
TMF,202601,2025-12-31 21:35:00,29048.0,29053.0,29046.0,29048.0,32
TMF,202601,2025-12-31 21:36:00,29046.0,29051.0,29046.0,29050.0,32
TMF,202601,2025-12-31 21:37:00,29051.0,29052.0,29049.0,29050.0,21
TMF,202601,2025-12-31 21:38:00,29050.0,29051.0,29048.0,29049.0,46
TMF,202601,2025-12-31 21:39:00,29049.0,29051.0,29049.0,29050.0,38
TMF,202601,2025-12-31 21:40:00,29051.0,29055.0,29051.0,29055.0,92
TMF,202601,2025-12-31 21:41:00,29055.0,29059.0,29051.0,29053.0,109
TMF,202601,2025-12-31 21:42:00,29055.0,29056.0,29052.0,29055.0,34
TMF,202601,2025-12-31 21:43:00,29055.0,29058.0,29053.0,29058.0,47
TMF,202601,2025-12-31 21:44:00,29058.0,29062.0,29057.0,29061.0,114
TMF,202601,2025-12-31 21:45:00,29060.0,29064.0,29060.0,29060.0,95
TMF,202601,2025-12-31 21:46:00,29060.0,29064.0,29059.0,29064.0,54
TMF,202601,2025-12-31 21:47:00,29065.0,29075.0,29065.0,29070.0,505
TMF,202601,2025-12-31 21:48:00,29070.0,29079.0,29070.0,29072.0,187
TMF,202601,2025-12-31 21:49:00,29072.0,29075.0,29071.0,29073.0,111
TMF,202601,2025-12-31 21:50:00,29074.0,29082.0,29071.0,29081.0,275
TMF,202601,2025-12-31 21:51:00,29082.0,29083.0,29076.0,29077.0,88
TMF,202601,2025-12-31 21:52:00,29078.0,29090.0,29078.0,29089.0,335
TMF,202601,2025-12-31 21:53:00,29089.0,29090.0,29083.0,29083.0,171
TMF,202601,2025-12-31 21:54:00,29084.0,29086.0,29079.0,29079.0,90
TMF,202601,2025-12-31 21:55:00,29081.0,29085.0,29079.0,29083.0,74
TMF,202601,2025-12-31 21:56:00,29084.0,29086.0,29081.0,29081.0,73
TMF,202601,2025-12-31 21:57:00,29080.0,29080.0,29076.0,29078.0,130
TMF,202601,2025-12-31 21:58:00,29077.0,29078.0,29074.0,29077.0,73
TMF,202601,2025-12-31 21:59:00,29077.0,29080.0,29076.0,29077.0,70
TMF,202601,2025-12-31 22:00:00,29078.0,29081.0,29076.0,29078.0,73
TMF,202601,2025-12-31 22:01:00,29077.0,29081.0,29077.0,29080.0,60
TMF,202601,2025-12-31 22:02:00,29081.0,29081.0,29076.0,29078.0,54
TMF,202601,2025-12-31 22:03:00,29077.0,29078.0,29075.0,29077.0,45
TMF,202601,2025-12-31 22:04:00,29076.0,29076.0,29073.0,29075.0,56
TMF,202601,2025-12-31 22:05:00,29075.0,29076.0,29073.0,29074.0,48
TMF,202601,2025-12-31 22:06:00,29074.0,29080.0,29074.0,29078.0,103
TMF,202601,2025-12-31 22:07:00,29078.0,29080.0,29077.0,29080.0,30
TMF,202601,2025-12-31 22:08:00,29080.0,29081.0,29079.0,29081.0,47
TMF,202601,2025-12-31 22:09:00,29081.0,29082.0,29081.0,29081.0,24
TMF,202601,2025-12-31 22:10:00,29082.0,29083.0,29080.0,29080.0,35
TMF,202601,2025-12-31 22:11:00,29080.0,29082.0,29079.0,29082.0,25
TMF,202601,2025-12-31 22:12:00,29081.0,29084.0,29081.0,29084.0,24
TMF,202601,2025-12-31 22:13:00,29083.0,29085.0,29082.0,29085.0,63
TMF,202601,2025-12-31 22:14:00,29084.0,29088.0,29084.0,29087.0,50
TMF,202601,2025-12-31 22:15:00,29087.0,29088.0,29082.0,29083.0,67
TMF,202601,2025-12-31 22:16:00,29084.0,29084.0,29079.0,29081.0,32
TMF,202601,2025-12-31 22:17:00,29080.0,29080.0,29078.0,29079.0,56
TMF,202601,2025-12-31 22:18:00,29078.0,29079.0,29075.0,29076.0,67
TMF,202601,2025-12-31 22:19:00,29075.0,29078.0,29074.0,29076.0,44
TMF,202601,2025-12-31 22:20:00,29076.0,29079.0,29076.0,29078.0,41
TMF,202601,2025-12-31 22:21:00,29078.0,29082.0,29078.0,29082.0,49
TMF,202601,2025-12-31 22:22:00,29082.0,29083.0,29082.0,29083.0,23
TMF,202601,2025-12-31 22:23:00,29083.0,29083.0,29074.0,29074.0,39
TMF,202601,2025-12-31 22:24:00,29075.0,29080.0,29075.0,29080.0,53
TMF,202601,2025-12-31 22:25:00,29077.0,29078.0,29075.0,29075.0,25
TMF,202601,2025-12-31 22:26:00,29075.0,29078.0,29074.0,29078.0,49
TMF,202601,2025-12-31 22:27:00,29079.0,29080.0,29074.0,29074.0,41
TMF,202601,2025-12-31 22:28:00,29074.0,29074.0,29063.0,29068.0,248
TMF,202601,2025-12-31 22:29:00,29069.0,29070.0,29065.0,29066.0,95
TMF,202601,2025-12-31 22:30:00,29068.0,29086.0,29064.0,29085.0,258
TMF,202601,2025-12-31 22:31:00,29084.0,29091.0,29070.0,29074.0,520
TMF,202601,2025-12-31 22:32:00,29075.0,29083.0,29061.0,29063.0,183
TMF,202601,2025-12-31 22:33:00,29062.0,29072.0,29056.0,29065.0,255
TMF,202601,2025-12-31 22:34:00,29066.0,29070.0,29055.0,29070.0,203
TMF,202601,2025-12-31 22:35:00,29069.0,29083.0,29069.0,29075.0,206
TMF,202601,2025-12-31 22:36:00,29076.0,29076.0,29055.0,29057.0,164
TMF,202601,2025-12-31 22:37:00,29058.0,29060.0,29052.0,29056.0,218
TMF,202601,2025-12-31 22:38:00,29053.0,29059.0,29046.0,29057.0,287
TMF,202601,2025-12-31 22:39:00,29058.0,29059.0,29053.0,29057.0,116
TMF,202601,2025-12-31 22:40:00,29055.0,29059.0,29052.0,29056.0,87
TMF,202601,2025-12-31 22:41:00,29055.0,29055.0,29047.0,29054.0,210
TMF,202601,2025-12-31 22:42:00,29054.0,29061.0,29049.0,29050.0,186
TMF,202601,2025-12-31 22:43:00,29050.0,29055.0,29047.0,29047.0,93
TMF,202601,2025-12-31 22:44:00,29047.0,29058.0,29043.0,29058.0,191
TMF,202601,2025-12-31 22:45:00,29058.0,29060.0,29042.0,29044.0,123
TMF,202601,2025-12-31 22:46:00,29046.0,29053.0,29045.0,29050.0,85
TMF,202601,2025-12-31 22:47:00,29050.0,29050.0,29046.0,29046.0,77
TMF,202601,2025-12-31 22:48:00,29046.0,29055.0,29045.0,29051.0,135
TMF,202601,2025-12-31 22:49:00,29051.0,29052.0,29044.0,29052.0,122
TMF,202601,2025-12-31 22:50:00,29053.0,29063.0,29049.0,29054.0,157
TMF,202601,2025-12-31 22:51:00,29054.0,29058.0,29048.0,29058.0,75
TMF,202601,2025-12-31 22:52:00,29058.0,29071.0,29058.0,29070.0,213
TMF,202601,2025-12-31 22:53:00,29070.0,29070.0,29059.0,29063.0,84
TMF,202601,2025-12-31 22:54:00,29062.0,29075.0,29061.0,29075.0,128
TMF,202601,2025-12-31 22:55:00,29074.0,29090.0,29072.0,29085.0,341
TMF,202601,2025-12-31 22:56:00,29085.0,29090.0,29071.0,29074.0,164
TMF,202601,2025-12-31 22:57:00,29074.0,29077.0,29067.0,29068.0,157
TMF,202601,2025-12-31 22:58:00,29070.0,29076.0,29068.0,29070.0,70
TMF,202601,2025-12-31 22:59:00,29070.0,29081.0,29070.0,29081.0,80
TMF,202601,2025-12-31 23:00:00,29080.0,29081.0,29076.0,29078.0,120
TMF,202601,2025-12-31 23:01:00,29079.0,29080.0,29069.0,29072.0,76
TMF,202601,2025-12-31 23:02:00,29072.0,29072.0,29065.0,29069.0,133
TMF,202601,2025-12-31 23:03:00,29070.0,29071.0,29067.0,29067.0,60
TMF,202601,2025-12-31 23:04:00,29068.0,29078.0,29067.0,29077.0,98
TMF,202601,2025-12-31 23:05:00,29078.0,29082.0,29069.0,29070.0,105
TMF,202601,2025-12-31 23:06:00,29070.0,29072.0,29067.0,29071.0,70
TMF,202601,2025-12-31 23:07:00,29071.0,29074.0,29070.0,29072.0,67
TMF,202601,2025-12-31 23:08:00,29073.0,29078.0,29062.0,29063.0,177
TMF,202601,2025-12-31 23:09:00,29063.0,29073.0,29063.0,29063.0,87
TMF,202601,2025-12-31 23:10:00,29065.0,29065.0,29056.0,29056.0,177
TMF,202601,2025-12-31 23:11:00,29056.0,29058.0,29045.0,29045.0,275
TMF,202601,2025-12-31 23:12:00,29045.0,29054.0,29044.0,29054.0,130
TMF,202601,2025-12-31 23:13:00,29054.0,29063.0,29053.0,29056.0,85
TMF,202601,2025-12-31 23:14:00,29055.0,29060.0,29053.0,29060.0,62
TMF,202601,2025-12-31 23:15:00,29060.0,29064.0,29055.0,29061.0,67
TMF,202601,2025-12-31 23:16:00,29062.0,29062.0,29052.0,29052.0,46
TMF,202601,2025-12-31 23:17:00,29052.0,29054.0,29050.0,29051.0,74
TMF,202601,2025-12-31 23:18:00,29051.0,29053.0,29031.0,29034.0,397
TMF,202601,2025-12-31 23:19:00,29034.0,29044.0,29033.0,29041.0,141
TMF,202601,2025-12-31 23:20:00,29040.0,29050.0,29040.0,29050.0,115
TMF,202601,2025-12-31 23:21:00,29049.0,29053.0,29042.0,29043.0,104
TMF,202601,2025-12-31 23:22:00,29044.0,29051.0,29043.0,29051.0,66
TMF,202601,2025-12-31 23:23:00,29050.0,29055.0,29047.0,29052.0,98
TMF,202601,2025-12-31 23:24:00,29052.0,29054.0,29047.0,29047.0,61
TMF,202601,2025-12-31 23:25:00,29047.0,29055.0,29047.0,29055.0,88
TMF,202601,2025-12-31 23:26:00,29056.0,29066.0,29056.0,29061.0,163
TMF,202601,2025-12-31 23:27:00,29063.0,29065.0,29059.0,29063.0,90
TMF,202601,2025-12-31 23:28:00,29064.0,29066.0,29060.0,29064.0,55
TMF,202601,2025-12-31 23:29:00,29064.0,29065.0,29060.0,29061.0,24
TMF,202601,2025-12-31 23:30:00,29063.0,29069.0,29060.0,29062.0,98
TMF,202601,2025-12-31 23:31:00,29061.0,29062.0,29052.0,29053.0,58
TMF,202601,2025-12-31 23:32:00,29052.0,29059.0,29052.0,29059.0,29
TMF,202601,2025-12-31 23:33:00,29059.0,29063.0,29059.0,29062.0,37
TMF,202601,2025-12-31 23:34:00,29062.0,29064.0,29060.0,29060.0,26
TMF,202601,2025-12-31 23:35:00,29060.0,29062.0,29056.0,29056.0,41
TMF,202601,2025-12-31 23:36:00,29056.0,29065.0,29056.0,29061.0,38
TMF,202601,2025-12-31 23:37:00,29060.0,29060.0,29051.0,29054.0,47
TMF,202601,2025-12-31 23:38:00,29054.0,29054.0,29048.0,29051.0,58
TMF,202601,2025-12-31 23:39:00,29052.0,29059.0,29052.0,29057.0,46
TMF,202601,2025-12-31 23:40:00,29058.0,29058.0,29047.0,29050.0,41
TMF,202601,2025-12-31 23:41:00,29049.0,29052.0,29046.0,29050.0,49
TMF,202601,2025-12-31 23:42:00,29050.0,29051.0,29050.0,29051.0,6
TMF,202601,2025-12-31 23:43:00,29053.0,29058.0,29053.0,29058.0,16
TMF,202601,2025-12-31 23:44:00,29058.0,29061.0,29056.0,29061.0,24
TMF,202601,2025-12-31 23:45:00,29061.0,29061.0,29055.0,29055.0,26
TMF,202601,2025-12-31 23:46:00,29056.0,29057.0,29055.0,29057.0,17
TMF,202601,2025-12-31 23:47:00,29059.0,29060.0,29052.0,29053.0,37
TMF,202601,2025-12-31 23:48:00,29053.0,29058.0,29050.0,29055.0,39
TMF,202601,2025-12-31 23:49:00,29058.0,29059.0,29055.0,29059.0,10
TMF,202601,2025-12-31 23:50:00,29060.0,29060.0,29051.0,29052.0,26
TMF,202601,2025-12-31 23:51:00,29053.0,29055.0,29050.0,29050.0,34
TMF,202601,2025-12-31 23:52:00,29050.0,29053.0,29050.0,29053.0,22
TMF,202601,2025-12-31 23:53:00,29051.0,29053.0,29045.0,29046.0,47
TMF,202601,2025-12-31 23:54:00,29047.0,29047.0,29042.0,29042.0,77
TMF,202601,2025-12-31 23:55:00,29042.0,29043.0,29033.0,29036.0,236
TMF,202601,2025-12-31 23:56:00,29035.0,29035.0,29025.0,29028.0,241
TMF,202601,2025-12-31 23:57:00,29030.0,29036.0,29029.0,29030.0,134
TMF,202601,2025-12-31 23:58:00,29030.0,29036.0,29023.0,29035.0,134
TMF,202601,2025-12-31 23:59:00,29037.0,29038.0,29031.0,29035.0,73
TMF,202601,2026-01-01 00:00:00,29036.0,29045.0,29032.0,29045.0,121
TMF,202601,2026-01-01 00:01:00,29045.0,29047.0,29036.0,29036.0,69
TMF,202601,2026-01-01 00:02:00,29036.0,29043.0,29033.0,29041.0,60
TMF,202601,2026-01-01 00:03:00,29041.0,29046.0,29041.0,29043.0,49
TMF,202601,2026-01-01 00:04:00,29042.0,29043.0,29038.0,29039.0,67
TMF,202601,2026-01-01 00:05:00,29037.0,29041.0,29035.0,29041.0,37
TMF,202601,2026-01-01 00:06:00,29042.0,29042.0,29035.0,29036.0,51
TMF,202601,2026-01-01 00:07:00,29035.0,29038.0,29033.0,29035.0,39
TMF,202601,2026-01-01 00:08:00,29034.0,29036.0,29026.0,29032.0,212
TMF,202601,2026-01-01 00:09:00,29031.0,29031.0,29021.0,29022.0,178
TMF,202601,2026-01-01 00:10:00,29023.0,29024.0,29013.0,29014.0,250
TMF,202601,2026-01-01 00:11:00,29013.0,29025.0,29013.0,29025.0,143
TMF,202601,2026-01-01 00:12:00,29025.0,29028.0,29021.0,29027.0,83
TMF,202601,2026-01-01 00:13:00,29028.0,29030.0,29024.0,29028.0,59
TMF,202601,2026-01-01 00:14:00,29028.0,29033.0,29028.0,29030.0,50
TMF,202601,2026-01-01 00:15:00,29031.0,29032.0,29024.0,29030.0,173
TMF,202601,2026-01-01 00:16:00,29030.0,29035.0,29030.0,29033.0,80
TMF,202601,2026-01-01 00:17:00,29032.0,29037.0,29032.0,29036.0,104
TMF,202601,2026-01-01 00:18:00,29035.0,29035.0,29030.0,29034.0,30
TMF,202601,2026-01-01 00:19:00,29033.0,29040.0,29033.0,29040.0,67
TMF,202601,2026-01-01 00:20:00,29040.0,29049.0,29040.0,29048.0,147
TMF,202601,2026-01-01 00:21:00,29048.0,29049.0,29043.0,29043.0,107
TMF,202601,2026-01-01 00:22:00,29043.0,29044.0,29037.0,29037.0,59
TMF,202601,2026-01-01 00:23:00,29038.0,29042.0,29038.0,29042.0,28
TMF,202601,2026-01-01 00:24:00,29042.0,29044.0,29041.0,29042.0,50
TMF,202601,2026-01-01 00:25:00,29041.0,29043.0,29041.0,29042.0,16
TMF,202601,2026-01-01 00:26:00,29042.0,29046.0,29042.0,29046.0,39
TMF,202601,2026-01-01 00:27:00,29046.0,29048.0,29044.0,29046.0,56
TMF,202601,2026-01-01 00:28:00,29046.0,29046.0,29043.0,29046.0,31
TMF,202601,2026-01-01 00:29:00,29047.0,29049.0,29047.0,29049.0,57
TMF,202601,2026-01-01 00:30:00,29050.0,29053.0,29040.0,29040.0,161
TMF,202601,2026-01-01 00:31:00,29040.0,29042.0,29039.0,29040.0,30
TMF,202601,2026-01-01 00:32:00,29040.0,29045.0,29040.0,29040.0,33
TMF,202601,2026-01-01 00:33:00,29041.0,29042.0,29039.0,29040.0,36
TMF,202601,2026-01-01 00:34:00,29041.0,29044.0,29041.0,29043.0,15
TMF,202601,2026-01-01 00:35:00,29044.0,29044.0,29041.0,29041.0,13
TMF,202601,2026-01-01 00:36:00,29041.0,29041.0,29038.0,29038.0,27
TMF,202601,2026-01-01 00:37:00,29038.0,29044.0,29037.0,29044.0,16
TMF,202601,2026-01-01 00:38:00,29045.0,29049.0,29045.0,29046.0,43
TMF,202601,2026-01-01 00:39:00,29046.0,29049.0,29046.0,29048.0,48
TMF,202601,2026-01-01 00:40:00,29048.0,29048.0,29044.0,29045.0,37
TMF,202601,2026-01-01 00:41:00,29043.0,29043.0,29037.0,29037.0,43
TMF,202601,2026-01-01 00:42:00,29038.0,29038.0,29035.0,29036.0,25
TMF,202601,2026-01-01 00:43:00,29036.0,29042.0,29036.0,29042.0,15
TMF,202601,2026-01-01 00:44:00,29040.0,29040.0,29040.0,29040.0,4
TMF,202601,2026-01-01 00:45:00,29040.0,29041.0,29037.0,29041.0,26
TMF,202601,2026-01-01 00:46:00,29041.0,29041.0,29039.0,29039.0,13
TMF,202601,2026-01-01 00:47:00,29039.0,29039.0,29037.0,29038.0,13
TMF,202601,2026-01-01 00:48:00,29038.0,29039.0,29035.0,29039.0,18
TMF,202601,2026-01-01 00:49:00,29039.0,29045.0,29038.0,29045.0,23
TMF,202601,2026-01-01 00:50:00,29045.0,29045.0,29041.0,29044.0,26
TMF,202601,2026-01-01 00:51:00,29045.0,29056.0,29045.0,29056.0,120
TMF,202601,2026-01-01 00:52:00,29055.0,29058.0,29055.0,29057.0,67
TMF,202601,2026-01-01 00:53:00,29058.0,29059.0,29051.0,29051.0,97
TMF,202601,2026-01-01 00:54:00,29051.0,29055.0,29050.0,29055.0,31
TMF,202601,2026-01-01 00:55:00,29056.0,29061.0,29056.0,29059.0,84
TMF,202601,2026-01-01 00:56:00,29059.0,29064.0,29058.0,29063.0,100
TMF,202601,2026-01-01 00:57:00,29063.0,29063.0,29060.0,29061.0,27
TMF,202601,2026-01-01 00:58:00,29061.0,29063.0,29061.0,29063.0,27
TMF,202601,2026-01-01 00:59:00,29062.0,29063.0,29060.0,29062.0,30
TMF,202601,2026-01-01 01:00:00,29063.0,29064.0,29059.0,29061.0,76
TMF,202601,2026-01-01 01:01:00,29058.0,29060.0,29054.0,29060.0,23
TMF,202601,2026-01-01 01:02:00,29060.0,29060.0,29055.0,29055.0,20
TMF,202601,2026-01-01 01:03:00,29055.0,29060.0,29055.0,29058.0,21
TMF,202601,2026-01-01 01:04:00,29059.0,29059.0,29055.0,29058.0,23
TMF,202601,2026-01-01 01:05:00,29055.0,29056.0,29052.0,29054.0,40
TMF,202601,2026-01-01 01:06:00,29053.0,29053.0,29048.0,29048.0,33
TMF,202601,2026-01-01 01:07:00,29050.0,29051.0,29043.0,29043.0,41
TMF,202601,2026-01-01 01:08:00,29043.0,29044.0,29040.0,29040.0,48
TMF,202601,2026-01-01 01:09:00,29040.0,29041.0,29039.0,29039.0,27
TMF,202601,2026-01-01 01:10:00,29040.0,29041.0,29038.0,29041.0,44
TMF,202601,2026-01-01 01:11:00,29041.0,29050.0,29041.0,29049.0,33
TMF,202601,2026-01-01 01:12:00,29049.0,29049.0,29047.0,29047.0,13
TMF,202601,2026-01-01 01:13:00,29047.0,29052.0,29047.0,29052.0,34
TMF,202601,2026-01-01 01:14:00,29052.0,29052.0,29050.0,29051.0,15
TMF,202601,2026-01-01 01:15:00,29051.0,29053.0,29051.0,29051.0,24
TMF,202601,2026-01-01 01:16:00,29051.0,29051.0,29050.0,29050.0,21
TMF,202601,2026-01-01 01:17:00,29051.0,29058.0,29051.0,29058.0,37
TMF,202601,2026-01-01 01:18:00,29058.0,29062.0,29058.0,29062.0,31
TMF,202601,2026-01-01 01:19:00,29061.0,29061.0,29058.0,29058.0,19
TMF,202601,2026-01-01 01:20:00,29058.0,29059.0,29052.0,29052.0,28
TMF,202601,2026-01-01 01:21:00,29054.0,29055.0,29052.0,29054.0,21
TMF,202601,2026-01-01 01:22:00,29054.0,29056.0,29054.0,29056.0,16
TMF,202601,2026-01-01 01:23:00,29057.0,29058.0,29056.0,29058.0,12
TMF,202601,2026-01-01 01:24:00,29056.0,29059.0,29056.0,29059.0,13
TMF,202601,2026-01-01 01:25:00,29059.0,29060.0,29054.0,29055.0,23
TMF,202601,2026-01-01 01:26:00,29055.0,29061.0,29055.0,29061.0,28
TMF,202601,2026-01-01 01:27:00,29062.0,29062.0,29061.0,29062.0,8
TMF,202601,2026-01-01 01:28:00,29061.0,29062.0,29060.0,29060.0,13
TMF,202601,2026-01-01 01:29:00,29061.0,29061.0,29059.0,29059.0,10
TMF,202601,2026-01-01 01:30:00,29060.0,29062.0,29059.0,29062.0,17
TMF,202601,2026-01-01 01:31:00,29063.0,29064.0,29059.0,29059.0,21
TMF,202601,2026-01-01 01:32:00,29063.0,29066.0,29060.0,29066.0,51
TMF,202601,2026-01-01 01:33:00,29067.0,29067.0,29063.0,29065.0,64
TMF,202601,2026-01-01 01:34:00,29066.0,29066.0,29063.0,29064.0,8
TMF,202601,2026-01-01 01:35:00,29065.0,29066.0,29063.0,29065.0,27
TMF,202601,2026-01-01 01:36:00,29067.0,29067.0,29063.0,29066.0,22
TMF,202601,2026-01-01 01:37:00,29067.0,29073.0,29066.0,29066.0,179
TMF,202601,2026-01-01 01:38:00,29067.0,29068.0,29066.0,29067.0,17
TMF,202601,2026-01-01 01:39:00,29067.0,29070.0,29066.0,29069.0,17
TMF,202601,2026-01-01 01:40:00,29070.0,29073.0,29070.0,29071.0,54
TMF,202601,2026-01-01 01:41:00,29071.0,29071.0,29067.0,29069.0,51
TMF,202601,2026-01-01 01:42:00,29070.0,29071.0,29068.0,29071.0,20
TMF,202601,2026-01-01 01:43:00,29071.0,29071.0,29068.0,29070.0,19
TMF,202601,2026-01-01 01:44:00,29070.0,29071.0,29068.0,29071.0,17
TMF,202601,2026-01-01 01:45:00,29072.0,29075.0,29070.0,29070.0,55
TMF,202601,2026-01-01 01:46:00,29070.0,29070.0,29068.0,29070.0,18
TMF,202601,2026-01-01 01:47:00,29069.0,29069.0,29065.0,29066.0,25
TMF,202601,2026-01-01 01:48:00,29066.0,29066.0,29062.0,29063.0,37
TMF,202601,2026-01-01 01:49:00,29063.0,29065.0,29062.0,29062.0,16
TMF,202601,2026-01-01 01:50:00,29062.0,29062.0,29058.0,29061.0,24
TMF,202601,2026-01-01 01:51:00,29061.0,29061.0,29060.0,29060.0,8
TMF,202601,2026-01-01 01:52:00,29060.0,29060.0,29055.0,29057.0,24
TMF,202601,2026-01-01 01:53:00,29058.0,29060.0,29058.0,29060.0,24
TMF,202601,2026-01-01 01:54:00,29060.0,29063.0,29060.0,29063.0,36
TMF,202601,2026-01-01 01:55:00,29063.0,29063.0,29057.0,29057.0,22
TMF,202601,2026-01-01 01:56:00,29056.0,29056.0,29053.0,29054.0,40
TMF,202601,2026-01-01 01:57:00,29054.0,29058.0,29054.0,29058.0,13
TMF,202601,2026-01-01 01:58:00,29058.0,29058.0,29055.0,29055.0,9
TMF,202601,2026-01-01 01:59:00,29055.0,29059.0,29055.0,29059.0,13
TMF,202601,2026-01-01 02:00:00,29055.0,29062.0,29055.0,29058.0,34
TMF,202601,2026-01-01 02:01:00,29058.0,29058.0,29053.0,29053.0,19
TMF,202601,2026-01-01 02:02:00,29053.0,29054.0,29053.0,29053.0,13
TMF,202601,2026-01-01 02:03:00,29053.0,29058.0,29051.0,29058.0,24
TMF,202601,2026-01-01 02:04:00,29059.0,29059.0,29058.0,29058.0,2
TMF,202601,2026-01-01 02:05:00,29058.0,29058.0,29056.0,29056.0,5
TMF,202601,2026-01-01 02:06:00,29055.0,29055.0,29054.0,29055.0,8
TMF,202601,2026-01-01 02:07:00,29056.0,29065.0,29054.0,29065.0,36
TMF,202601,2026-01-01 02:08:00,29065.0,29070.0,29065.0,29069.0,38
TMF,202601,2026-01-01 02:09:00,29069.0,29070.0,29066.0,29066.0,23
TMF,202601,2026-01-01 02:10:00,29066.0,29066.0,29064.0,29065.0,7
TMF,202601,2026-01-01 02:11:00,29065.0,29067.0,29065.0,29067.0,22
TMF,202601,2026-01-01 02:12:00,29065.0,29070.0,29065.0,29069.0,22
TMF,202601,2026-01-01 02:13:00,29070.0,29070.0,29067.0,29068.0,22
TMF,202601,2026-01-01 02:14:00,29069.0,29073.0,29069.0,29073.0,35
TMF,202601,2026-01-01 02:15:00,29073.0,29073.0,29069.0,29070.0,18
TMF,202601,2026-01-01 02:16:00,29071.0,29073.0,29071.0,29072.0,28
TMF,202601,2026-01-01 02:17:00,29072.0,29072.0,29065.0,29065.0,66
TMF,202601,2026-01-01 02:18:00,29065.0,29067.0,29065.0,29066.0,12
TMF,202601,2026-01-01 02:19:00,29066.0,29068.0,29066.0,29068.0,5
TMF,202601,2026-01-01 02:20:00,29068.0,29070.0,29068.0,29069.0,17
TMF,202601,2026-01-01 02:21:00,29069.0,29069.0,29069.0,29069.0,8
TMF,202601,2026-01-01 02:22:00,29069.0,29069.0,29069.0,29069.0,2
TMF,202601,2026-01-01 02:23:00,29070.0,29071.0,29070.0,29071.0,13
TMF,202601,2026-01-01 02:24:00,29072.0,29073.0,29071.0,29073.0,13
TMF,202601,2026-01-01 02:25:00,29073.0,29080.0,29073.0,29079.0,143
TMF,202601,2026-01-01 02:26:00,29079.0,29080.0,29078.0,29080.0,65
TMF,202601,2026-01-01 02:27:00,29080.0,29083.0,29079.0,29083.0,45
TMF,202601,2026-01-01 02:28:00,29083.0,29084.0,29083.0,29083.0,42
TMF,202601,2026-01-01 02:29:00,29083.0,29083.0,29080.0,29082.0,27
TMF,202601,2026-01-01 02:30:00,29082.0,29086.0,29078.0,29078.0,101
TMF,202601,2026-01-01 02:31:00,29077.0,29080.0,29077.0,29080.0,47
TMF,202601,2026-01-01 02:32:00,29080.0,29083.0,29080.0,29080.0,20
TMF,202601,2026-01-01 02:33:00,29080.0,29081.0,29077.0,29077.0,14
TMF,202601,2026-01-01 02:34:00,29079.0,29080.0,29078.0,29078.0,8
TMF,202601,2026-01-01 02:35:00,29080.0,29080.0,29074.0,29074.0,18
TMF,202601,2026-01-01 02:36:00,29075.0,29075.0,29073.0,29074.0,12
TMF,202601,2026-01-01 02:37:00,29076.0,29078.0,29076.0,29078.0,5
TMF,202601,2026-01-01 02:38:00,29077.0,29082.0,29077.0,29082.0,18
TMF,202601,2026-01-01 02:39:00,29083.0,29083.0,29080.0,29081.0,23
TMF,202601,2026-01-01 02:40:00,29082.0,29089.0,29081.0,29087.0,156
TMF,202601,2026-01-01 02:41:00,29088.0,29088.0,29085.0,29085.0,26
TMF,202601,2026-01-01 02:42:00,29085.0,29087.0,29085.0,29085.0,19
TMF,202601,2026-01-01 02:43:00,29086.0,29088.0,29084.0,29084.0,21
TMF,202601,2026-01-01 02:44:00,29083.0,29086.0,29080.0,29081.0,29
TMF,202601,2026-01-01 02:45:00,29085.0,29086.0,29084.0,29084.0,16
TMF,202601,2026-01-01 02:46:00,29083.0,29085.0,29080.0,29080.0,14
TMF,202601,2026-01-01 02:47:00,29079.0,29087.0,29079.0,29087.0,20
TMF,202601,2026-01-01 02:48:00,29087.0,29088.0,29087.0,29088.0,10
TMF,202601,2026-01-01 02:49:00,29087.0,29087.0,29086.0,29086.0,13
TMF,202601,2026-01-01 02:50:00,29087.0,29091.0,29085.0,29085.0,124
TMF,202601,2026-01-01 02:51:00,29085.0,29086.0,29083.0,29084.0,5
TMF,202601,2026-01-01 02:52:00,29084.0,29089.0,29084.0,29086.0,13
TMF,202601,2026-01-01 02:53:00,29087.0,29089.0,29086.0,29089.0,10
TMF,202601,2026-01-01 02:54:00,29088.0,29099.0,29087.0,29097.0,356
TMF,202601,2026-01-01 02:55:00,29094.0,29098.0,29093.0,29095.0,26
TMF,202601,2026-01-01 02:56:00,29093.0,29097.0,29093.0,29094.0,31
TMF,202601,2026-01-01 02:57:00,29095.0,29096.0,29095.0,29096.0,12
TMF,202601,2026-01-01 02:58:00,29096.0,29097.0,29095.0,29095.0,16
TMF,202601,2026-01-01 02:59:00,29095.0,29097.0,29094.0,29095.0,23
TMF,202601,2026-01-01 03:00:00,29097.0,29113.0,29096.0,29108.0,830
TMF,202601,2026-01-01 03:01:00,29110.0,29113.0,29104.0,29107.0,63
TMF,202601,2026-01-01 03:02:00,29106.0,29107.0,29105.0,29105.0,29
TMF,202601,2026-01-01 03:03:00,29107.0,29110.0,29107.0,29107.0,26
TMF,202601,2026-01-01 03:04:00,29107.0,29113.0,29107.0,29113.0,75
TMF,202601,2026-01-01 03:05:00,29112.0,29114.0,29108.0,29109.0,35
TMF,202601,2026-01-01 03:06:00,29109.0,29110.0,29107.0,29109.0,33
TMF,202601,2026-01-01 03:07:00,29109.0,29110.0,29107.0,29109.0,44
TMF,202601,2026-01-01 03:08:00,29109.0,29111.0,29108.0,29110.0,15
TMF,202601,2026-01-01 03:09:00,29110.0,29113.0,29110.0,29113.0,45
TMF,202601,2026-01-01 03:10:00,29112.0,29112.0,29109.0,29112.0,21
TMF,202601,2026-01-01 03:11:00,29110.0,29112.0,29108.0,29109.0,33
TMF,202601,2026-01-01 03:12:00,29110.0,29111.0,29109.0,29110.0,12
TMF,202601,2026-01-01 03:13:00,29111.0,29113.0,29111.0,29112.0,47
TMF,202601,2026-01-01 03:14:00,29112.0,29114.0,29112.0,29112.0,32
TMF,202601,2026-01-01 03:15:00,29113.0,29115.0,29106.0,29107.0,100
TMF,202601,2026-01-01 03:16:00,29106.0,29109.0,29104.0,29104.0,39
TMF,202601,2026-01-01 03:17:00,29103.0,29105.0,29102.0,29105.0,22
TMF,202601,2026-01-01 03:18:00,29105.0,29107.0,29102.0,29102.0,25
TMF,202601,2026-01-01 03:19:00,29103.0,29104.0,29100.0,29101.0,35
TMF,202601,2026-01-01 03:20:00,29101.0,29103.0,29096.0,29096.0,46
TMF,202601,2026-01-01 03:21:00,29095.0,29098.0,29093.0,29098.0,78
TMF,202601,2026-01-01 03:22:00,29098.0,29100.0,29098.0,29100.0,12
TMF,202601,2026-01-01 03:23:00,29100.0,29103.0,29099.0,29103.0,20
TMF,202601,2026-01-01 03:24:00,29101.0,29103.0,29100.0,29103.0,20
TMF,202601,2026-01-01 03:25:00,29103.0,29103.0,29095.0,29095.0,24
TMF,202601,2026-01-01 03:26:00,29094.0,29097.0,29093.0,29097.0,23
TMF,202601,2026-01-01 03:27:00,29095.0,29096.0,29093.0,29095.0,14
TMF,202601,2026-01-01 03:28:00,29094.0,29094.0,29093.0,29093.0,5
TMF,202601,2026-01-01 03:29:00,29093.0,29093.0,29090.0,29092.0,55
TMF,202601,2026-01-01 03:30:00,29091.0,29094.0,29085.0,29085.0,53
TMF,202601,2026-01-01 03:31:00,29085.0,29088.0,29084.0,29084.0,59
TMF,202601,2026-01-01 03:32:00,29084.0,29084.0,29075.0,29076.0,74
TMF,202601,2026-01-01 03:33:00,29075.0,29078.0,29070.0,29074.0,72
TMF,202601,2026-01-01 03:34:00,29072.0,29073.0,29054.0,29054.0,128
TMF,202601,2026-01-01 03:35:00,29056.0,29068.0,29053.0,29067.0,103
TMF,202601,2026-01-01 03:36:00,29066.0,29071.0,29064.0,29070.0,35
TMF,202601,2026-01-01 03:37:00,29073.0,29075.0,29070.0,29075.0,49
TMF,202601,2026-01-01 03:38:00,29076.0,29076.0,29067.0,29067.0,30
TMF,202601,2026-01-01 03:39:00,29067.0,29070.0,29067.0,29070.0,19
TMF,202601,2026-01-01 03:40:00,29070.0,29078.0,29068.0,29077.0,38
TMF,202601,2026-01-01 03:41:00,29077.0,29077.0,29074.0,29075.0,21
TMF,202601,2026-01-01 03:42:00,29073.0,29076.0,29073.0,29076.0,5
TMF,202601,2026-01-01 03:43:00,29076.0,29079.0,29076.0,29078.0,5
TMF,202601,2026-01-01 03:44:00,29078.0,29078.0,29076.0,29076.0,15
TMF,202601,2026-01-01 03:45:00,29076.0,29077.0,29072.0,29072.0,29
TMF,202601,2026-01-01 03:46:00,29072.0,29078.0,29072.0,29078.0,9
TMF,202601,2026-01-01 03:47:00,29078.0,29078.0,29072.0,29072.0,4
TMF,202601,2026-01-01 03:48:00,29071.0,29071.0,29071.0,29071.0,2
TMF,202601,2026-01-01 03:49:00,29071.0,29071.0,29067.0,29069.0,25
TMF,202601,2026-01-01 03:50:00,29070.0,29070.0,29062.0,29062.0,60
TMF,202601,2026-01-01 03:51:00,29064.0,29071.0,29062.0,29071.0,13
TMF,202601,2026-01-01 03:52:00,29070.0,29070.0,29066.0,29067.0,23
TMF,202601,2026-01-01 03:53:00,29069.0,29069.0,29064.0,29064.0,22
TMF,202601,2026-01-01 03:54:00,29064.0,29067.0,29064.0,29067.0,14
TMF,202601,2026-01-01 03:55:00,29065.0,29067.0,29065.0,29065.0,9
TMF,202601,2026-01-01 03:56:00,29065.0,29067.0,29064.0,29067.0,21
TMF,202601,2026-01-01 03:57:00,29067.0,29069.0,29066.0,29066.0,11
TMF,202601,2026-01-01 03:58:00,29067.0,29068.0,29065.0,29066.0,19
TMF,202601,2026-01-01 03:59:00,29069.0,29069.0,29065.0,29065.0,5
TMF,202601,2026-01-01 04:00:00,29065.0,29065.0,29051.0,29052.0,161
TMF,202601,2026-01-01 04:01:00,29051.0,29054.0,29047.0,29048.0,127
TMF,202601,2026-01-01 04:02:00,29048.0,29053.0,29048.0,29052.0,20
TMF,202601,2026-01-01 04:03:00,29052.0,29056.0,29051.0,29056.0,47
TMF,202601,2026-01-01 04:04:00,29056.0,29056.0,29042.0,29048.0,157
TMF,202601,2026-01-01 04:05:00,29048.0,29054.0,29048.0,29053.0,34
TMF,202601,2026-01-01 04:06:00,29053.0,29053.0,29042.0,29042.0,55
TMF,202601,2026-01-01 04:07:00,29043.0,29045.0,29041.0,29045.0,27
TMF,202601,2026-01-01 04:08:00,29044.0,29045.0,29035.0,29038.0,129
TMF,202601,2026-01-01 04:09:00,29038.0,29039.0,29036.0,29037.0,48
TMF,202601,2026-01-01 04:10:00,29037.0,29037.0,29019.0,29022.0,315
TMF,202601,2026-01-01 04:11:00,29023.0,29027.0,29018.0,29025.0,62
TMF,202601,2026-01-01 04:12:00,29025.0,29029.0,29017.0,29023.0,93
TMF,202601,2026-01-01 04:13:00,29023.0,29023.0,29018.0,29023.0,35
TMF,202601,2026-01-01 04:14:00,29025.0,29026.0,29022.0,29025.0,30
TMF,202601,2026-01-01 04:15:00,29024.0,29024.0,29002.0,29012.0,681
TMF,202601,2026-01-01 04:16:00,29013.0,29021.0,29010.0,29019.0,60
TMF,202601,2026-01-01 04:17:00,29018.0,29024.0,29017.0,29019.0,50
TMF,202601,2026-01-01 04:18:00,29019.0,29023.0,29014.0,29023.0,66
TMF,202601,2026-01-01 04:19:00,29022.0,29022.0,29017.0,29018.0,36
TMF,202601,2026-01-01 04:20:00,29017.0,29017.0,28992.0,28992.0,648
TMF,202601,2026-01-01 04:21:00,28992.0,28992.0,28971.0,28976.0,786
TMF,202601,2026-01-01 04:22:00,28976.0,28981.0,28973.0,28980.0,196
TMF,202601,2026-01-01 04:23:00,28980.0,28982.0,28977.0,28980.0,61
TMF,202601,2026-01-01 04:24:00,28980.0,28985.0,28975.0,28984.0,104
TMF,202601,2026-01-01 04:25:00,28984.0,28984.0,28972.0,28972.0,129
TMF,202601,2026-01-01 04:26:00,28973.0,28982.0,28972.0,28981.0,61
TMF,202601,2026-01-01 04:27:00,28980.0,28983.0,28963.0,28968.0,393
TMF,202601,2026-01-01 04:28:00,28968.0,28977.0,28967.0,28970.0,132
TMF,202601,2026-01-01 04:29:00,28967.0,28977.0,28965.0,28973.0,40
TMF,202601,2026-01-01 04:30:00,28975.0,28976.0,28964.0,28975.0,160
TMF,202601,2026-01-01 04:31:00,28976.0,28981.0,28973.0,28977.0,55
TMF,202601,2026-01-01 04:32:00,28976.0,28990.0,28976.0,28987.0,58
TMF,202601,2026-01-01 04:33:00,28986.0,28987.0,28981.0,28983.0,39
TMF,202601,2026-01-01 04:34:00,28983.0,28983.0,28978.0,28980.0,30
TMF,202601,2026-01-01 04:35:00,28984.0,28993.0,28984.0,28993.0,32
TMF,202601,2026-01-01 04:36:00,28993.0,28998.0,28990.0,28995.0,79
TMF,202601,2026-01-01 04:37:00,28996.0,29005.0,28996.0,29004.0,67
TMF,202601,2026-01-01 04:38:00,29004.0,29004.0,28999.0,29000.0,47
TMF,202601,2026-01-01 04:39:00,29001.0,29005.0,29001.0,29003.0,10
TMF,202601,2026-01-01 04:40:00,29003.0,29003.0,28996.0,28998.0,56
TMF,202601,2026-01-01 04:41:00,28997.0,29010.0,28997.0,29005.0,89
TMF,202601,2026-01-01 04:42:00,29005.0,29006.0,29001.0,29005.0,16
TMF,202601,2026-01-01 04:43:00,29005.0,29007.0,29003.0,29007.0,21
TMF,202601,2026-01-01 04:44:00,29006.0,29008.0,29006.0,29008.0,23
TMF,202601,2026-01-01 04:45:00,29008.0,29010.0,29005.0,29006.0,41
TMF,202601,2026-01-01 04:46:00,29006.0,29006.0,29003.0,29006.0,22
TMF,202601,2026-01-01 04:47:00,29005.0,29005.0,29001.0,29002.0,22
TMF,202601,2026-01-01 04:48:00,29002.0,29002.0,28993.0,28993.0,49
TMF,202601,2026-01-01 04:49:00,28996.0,28996.0,28988.0,28990.0,50
TMF,202601,2026-01-01 04:50:00,28992.0,28997.0,28988.0,28992.0,61
TMF,202601,2026-01-01 04:51:00,28991.0,28998.0,28989.0,28998.0,26
TMF,202601,2026-01-01 04:52:00,28996.0,29000.0,28991.0,28998.0,58
TMF,202601,2026-01-01 04:53:00,28998.0,29006.0,28996.0,29005.0,28
TMF,202601,2026-01-01 04:54:00,29006.0,29014.0,29006.0,29011.0,59
TMF,202601,2026-01-01 04:55:00,29006.0,29017.0,29001.0,29017.0,93
TMF,202601,2026-01-01 04:56:00,29018.0,29020.0,29007.0,29010.0,55
TMF,202601,2026-01-01 04:57:00,29011.0,29016.0,29011.0,29014.0,63
TMF,202601,2026-01-01 04:58:00,29015.0,29016.0,29014.0,29014.0,28
TMF,202601,2026-01-01 04:59:00,29015.0,29016.0,29008.0,29015.0,120
TMF,202602,2025-12-31 15:00:00,29080.0,29110.0,29080.0,29100.0,10
TMF,202602,2025-12-31 15:01:00,29100.0,29106.0,29098.0,29102.0,23
TMF,202602,2025-12-31 15:02:00,29102.0,29104.0,29102.0,29102.0,4
TMF,202602,2025-12-31 15:03:00,29098.0,29101.0,29098.0,29100.0,10
TMF,202602,2025-12-31 15:04:00,29100.0,29100.0,29100.0,29100.0,2
TMF,202602,2025-12-31 15:06:00,29098.0,29100.0,29094.0,29094.0,8
TMF,202602,2025-12-31 15:08:00,29096.0,29096.0,29090.0,29090.0,8
TMF,202602,2025-12-31 15:09:00,29090.0,29090.0,29088.0,29090.0,9
TMF,202602,2025-12-31 15:10:00,29090.0,29090.0,29090.0,29090.0,2
TMF,202602,2025-12-31 15:11:00,29090.0,29090.0,29088.0,29088.0,2
TMF,202602,2025-12-31 15:12:00,29088.0,29090.0,29088.0,29090.0,4
TMF,202602,2025-12-31 15:13:00,29095.0,29096.0,29087.0,29091.0,4
TMF,202602,2025-12-31 15:14:00,29090.0,29096.0,29089.0,29096.0,4
TMF,202602,2025-12-31 15:15:00,29096.0,29098.0,29096.0,29098.0,4
TMF,202602,2025-12-31 15:16:00,29098.0,29098.0,29095.0,29095.0,3
TMF,202602,2025-12-31 15:17:00,29094.0,29094.0,29094.0,29094.0,1
TMF,202602,2025-12-31 15:18:00,29094.0,29094.0,29090.0,29090.0,3
TMF,202602,2025-12-31 15:19:00,29090.0,29091.0,29090.0,29091.0,2
TMF,202602,2025-12-31 15:20:00,29090.0,29094.0,29090.0,29094.0,4
TMF,202602,2025-12-31 15:21:00,29098.0,29100.0,29094.0,29100.0,11
TMF,202602,2025-12-31 15:22:00,29096.0,29100.0,29096.0,29100.0,4
TMF,202602,2025-12-31 15:23:00,29100.0,29101.0,29100.0,29101.0,3
TMF,202602,2025-12-31 15:24:00,29100.0,29110.0,29100.0,29110.0,11
TMF,202602,2025-12-31 15:25:00,29110.0,29119.0,29110.0,29118.0,16
TMF,202602,2025-12-31 15:26:00,29119.0,29143.0,29119.0,29136.0,33
TMF,202602,2025-12-31 15:27:00,29135.0,29136.0,29133.0,29135.0,12
TMF,202602,2025-12-31 15:28:00,29136.0,29137.0,29131.0,29132.0,17
TMF,202602,2025-12-31 15:29:00,29132.0,29137.0,29132.0,29137.0,12
TMF,202602,2025-12-31 15:30:00,29138.0,29143.0,29136.0,29140.0,17
TMF,202602,2025-12-31 15:31:00,29140.0,29142.0,29137.0,29142.0,10
TMF,202602,2025-12-31 15:32:00,29137.0,29140.0,29132.0,29132.0,11
TMF,202602,2025-12-31 15:33:00,29135.0,29140.0,29135.0,29140.0,12
TMF,202602,2025-12-31 15:34:00,29139.0,29140.0,29135.0,29135.0,5
TMF,202602,2025-12-31 15:35:00,29135.0,29138.0,29131.0,29138.0,8
TMF,202602,2025-12-31 15:36:00,29131.0,29131.0,29131.0,29131.0,9
TMF,202602,2025-12-31 15:37:00,29132.0,29133.0,29131.0,29133.0,6
TMF,202602,2025-12-31 15:38:00,29134.0,29141.0,29134.0,29141.0,8
TMF,202602,2025-12-31 15:39:00,29141.0,29142.0,29141.0,29141.0,8
TMF,202602,2025-12-31 15:40:00,29142.0,29145.0,29141.0,29145.0,17
TMF,202602,2025-12-31 15:41:00,29147.0,29149.0,29145.0,29146.0,18
TMF,202602,2025-12-31 15:42:00,29146.0,29148.0,29144.0,29144.0,10
TMF,202602,2025-12-31 15:43:00,29143.0,29145.0,29143.0,29145.0,3
TMF,202602,2025-12-31 15:44:00,29142.0,29142.0,29141.0,29141.0,2
TMF,202602,2025-12-31 15:45:00,29140.0,29145.0,29140.0,29141.0,8
TMF,202602,2025-12-31 15:46:00,29147.0,29147.0,29146.0,29146.0,5
TMF,202602,2025-12-31 15:47:00,29141.0,29142.0,29135.0,29140.0,17
TMF,202602,2025-12-31 15:48:00,29140.0,29140.0,29135.0,29135.0,2
TMF,202602,2025-12-31 15:49:00,29134.0,29135.0,29133.0,29135.0,4
TMF,202602,2025-12-31 15:50:00,29136.0,29136.0,29133.0,29133.0,2
TMF,202602,2025-12-31 15:51:00,29133.0,29133.0,29128.0,29128.0,10
TMF,202602,2025-12-31 15:52:00,29128.0,29128.0,29123.0,29123.0,10
TMF,202602,2025-12-31 15:53:00,29124.0,29124.0,29124.0,29124.0,3
TMF,202602,2025-12-31 15:54:00,29125.0,29125.0,29125.0,29125.0,6
TMF,202602,2025-12-31 15:55:00,29126.0,29126.0,29126.0,29126.0,1
TMF,202602,2025-12-31 15:56:00,29130.0,29131.0,29130.0,29131.0,4
TMF,202602,2025-12-31 15:57:00,29130.0,29130.0,29130.0,29130.0,3
TMF,202602,2025-12-31 15:58:00,29132.0,29132.0,29132.0,29132.0,1
TMF,202602,2025-12-31 15:59:00,29132.0,29132.0,29132.0,29132.0,1
TMF,202602,2025-12-31 16:00:00,29125.0,29125.0,29125.0,29125.0,2
TMF,202602,2025-12-31 16:01:00,29130.0,29130.0,29130.0,29130.0,1
TMF,202602,2025-12-31 16:02:00,29130.0,29135.0,29130.0,29131.0,3
TMF,202602,2025-12-31 16:03:00,29132.0,29136.0,29132.0,29134.0,8
TMF,202602,2025-12-31 16:04:00,29135.0,29135.0,29126.0,29131.0,15
TMF,202602,2025-12-31 16:05:00,29125.0,29125.0,29124.0,29124.0,4
TMF,202602,2025-12-31 16:06:00,29127.0,29127.0,29120.0,29120.0,5
TMF,202602,2025-12-31 16:07:00,29120.0,29124.0,29120.0,29124.0,3
TMF,202602,2025-12-31 16:08:00,29129.0,29130.0,29120.0,29120.0,6
TMF,202602,2025-12-31 16:09:00,29120.0,29121.0,29113.0,29113.0,6
TMF,202602,2025-12-31 16:10:00,29112.0,29112.0,29111.0,29111.0,4
TMF,202602,2025-12-31 16:11:00,29113.0,29115.0,29113.0,29115.0,3
TMF,202602,2025-12-31 16:12:00,29117.0,29117.0,29115.0,29115.0,3
TMF,202602,2025-12-31 16:13:00,29112.0,29112.0,29112.0,29112.0,2
TMF,202602,2025-12-31 16:14:00,29115.0,29115.0,29115.0,29115.0,1
TMF,202602,2025-12-31 16:15:00,29113.0,29113.0,29113.0,29113.0,1
TMF,202602,2025-12-31 16:16:00,29115.0,29115.0,29113.0,29113.0,5
TMF,202602,2025-12-31 16:18:00,29113.0,29113.0,29113.0,29113.0,1
TMF,202602,2025-12-31 16:19:00,29116.0,29118.0,29116.0,29118.0,5
TMF,202602,2025-12-31 16:20:00,29115.0,29115.0,29115.0,29115.0,1
TMF,202602,2025-12-31 16:22:00,29111.0,29114.0,29111.0,29114.0,4
TMF,202602,2025-12-31 16:23:00,29111.0,29111.0,29111.0,29111.0,8
TMF,202602,2025-12-31 16:24:00,29112.0,29112.0,29108.0,29108.0,9
TMF,202602,2025-12-31 16:25:00,29107.0,29107.0,29106.0,29106.0,3
TMF,202602,2025-12-31 16:26:00,29106.0,29106.0,29101.0,29101.0,8
TMF,202602,2025-12-31 16:27:00,29103.0,29107.0,29103.0,29107.0,2
TMF,202602,2025-12-31 16:28:00,29106.0,29107.0,29102.0,29102.0,5
TMF,202602,2025-12-31 16:29:00,29102.0,29102.0,29100.0,29100.0,12
TMF,202602,2025-12-31 16:30:00,29097.0,29097.0,29095.0,29095.0,4
TMF,202602,2025-12-31 16:31:00,29096.0,29097.0,29091.0,29091.0,4
TMF,202602,2025-12-31 16:32:00,29091.0,29091.0,29090.0,29090.0,10
TMF,202602,2025-12-31 16:33:00,29090.0,29090.0,29090.0,29090.0,1
TMF,202602,2025-12-31 16:34:00,29090.0,29090.0,29082.0,29082.0,16
TMF,202602,2025-12-31 16:35:00,29084.0,29084.0,29073.0,29076.0,33
TMF,202602,2025-12-31 16:36:00,29076.0,29085.0,29075.0,29085.0,7
TMF,202602,2025-12-31 16:37:00,29085.0,29085.0,29082.0,29085.0,5
TMF,202602,2025-12-31 16:38:00,29086.0,29086.0,29085.0,29085.0,7
TMF,202602,2025-12-31 16:39:00,29085.0,29085.0,29085.0,29085.0,2
TMF,202602,2025-12-31 16:40:00,29083.0,29083.0,29081.0,29082.0,9
TMF,202602,2025-12-31 16:41:00,29084.0,29085.0,29084.0,29085.0,12
TMF,202602,2025-12-31 16:42:00,29084.0,29090.0,29084.0,29090.0,5
TMF,202602,2025-12-31 16:43:00,29092.0,29095.0,29090.0,29092.0,9
TMF,202602,2025-12-31 16:44:00,29095.0,29095.0,29095.0,29095.0,2
TMF,202602,2025-12-31 16:45:00,29095.0,29095.0,29095.0,29095.0,8
TMF,202602,2025-12-31 16:46:00,29091.0,29091.0,29091.0,29091.0,2
TMF,202602,2025-12-31 16:47:00,29090.0,29090.0,29086.0,29086.0,7
TMF,202602,2025-12-31 16:48:00,29086.0,29086.0,29086.0,29086.0,2
TMF,202602,2025-12-31 16:49:00,29086.0,29086.0,29086.0,29086.0,1
TMF,202602,2025-12-31 16:50:00,29086.0,29086.0,29086.0,29086.0,1
TMF,202602,2025-12-31 16:51:00,29090.0,29090.0,29090.0,29090.0,1
TMF,202602,2025-12-31 16:52:00,29093.0,29093.0,29090.0,29090.0,4
TMF,202602,2025-12-31 16:53:00,29090.0,29090.0,29090.0,29090.0,1
TMF,202602,2025-12-31 16:54:00,29086.0,29086.0,29085.0,29085.0,2
TMF,202602,2025-12-31 16:55:00,29084.0,29086.0,29082.0,29082.0,4
TMF,202602,2025-12-31 16:56:00,29081.0,29081.0,29080.0,29080.0,2
TMF,202602,2025-12-31 16:57:00,29084.0,29084.0,29084.0,29084.0,1
TMF,202602,2025-12-31 16:58:00,29084.0,29084.0,29084.0,29084.0,1
TMF,202602,2025-12-31 16:59:00,29084.0,29084.0,29081.0,29081.0,3
TMF,202602,2025-12-31 17:01:00,29085.0,29087.0,29085.0,29085.0,4
TMF,202602,2025-12-31 17:02:00,29090.0,29093.0,29090.0,29093.0,3
TMF,202602,2025-12-31 17:03:00,29093.0,29095.0,29093.0,29094.0,5
TMF,202602,2025-12-31 17:04:00,29094.0,29094.0,29094.0,29094.0,2
TMF,202602,2025-12-31 17:05:00,29095.0,29095.0,29095.0,29095.0,4
TMF,202602,2025-12-31 17:07:00,29097.0,29097.0,29097.0,29097.0,1
TMF,202602,2025-12-31 17:09:00,29093.0,29093.0,29093.0,29093.0,2
TMF,202602,2025-12-31 17:10:00,29093.0,29093.0,29093.0,29093.0,1
TMF,202602,2025-12-31 17:12:00,29094.0,29098.0,29094.0,29098.0,5
TMF,202602,2025-12-31 17:13:00,29098.0,29099.0,29098.0,29099.0,3
TMF,202602,2025-12-31 17:14:00,29098.0,29098.0,29095.0,29095.0,8
TMF,202602,2025-12-31 17:15:00,29092.0,29092.0,29092.0,29092.0,1
TMF,202602,2025-12-31 17:16:00,29099.0,29099.0,29096.0,29096.0,2
TMF,202602,2025-12-31 17:18:00,29091.0,29091.0,29090.0,29090.0,4
TMF,202602,2025-12-31 17:20:00,29090.0,29094.0,29090.0,29093.0,3
TMF,202602,2025-12-31 17:21:00,29093.0,29094.0,29093.0,29094.0,2
TMF,202602,2025-12-31 17:22:00,29093.0,29093.0,29093.0,29093.0,1
TMF,202602,2025-12-31 17:23:00,29093.0,29093.0,29093.0,29093.0,1
TMF,202602,2025-12-31 17:24:00,29093.0,29093.0,29090.0,29090.0,3
TMF,202602,2025-12-31 17:26:00,29090.0,29090.0,29090.0,29090.0,3
TMF,202602,2025-12-31 17:28:00,29091.0,29091.0,29090.0,29090.0,4
TMF,202602,2025-12-31 17:29:00,29092.0,29092.0,29092.0,29092.0,1
TMF,202602,2025-12-31 17:30:00,29090.0,29090.0,29089.0,29089.0,2
TMF,202602,2025-12-31 17:32:00,29088.0,29088.0,29086.0,29086.0,6
TMF,202602,2025-12-31 17:33:00,29090.0,29097.0,29089.0,29097.0,5
TMF,202602,2025-12-31 17:35:00,29096.0,29097.0,29093.0,29093.0,4
TMF,202602,2025-12-31 17:37:00,29094.0,29099.0,29094.0,29099.0,2
TMF,202602,2025-12-31 17:39:00,29099.0,29099.0,29099.0,29099.0,1
TMF,202602,2025-12-31 17:40:00,29097.0,29100.0,29094.0,29094.0,4
TMF,202602,2025-12-31 17:42:00,29096.0,29096.0,29095.0,29095.0,3
TMF,202602,2025-12-31 17:43:00,29095.0,29095.0,29094.0,29094.0,4
TMF,202602,2025-12-31 17:49:00,29092.0,29092.0,29090.0,29090.0,2
TMF,202602,2025-12-31 17:50:00,29089.0,29089.0,29089.0,29089.0,1
TMF,202602,2025-12-31 17:51:00,29089.0,29090.0,29089.0,29090.0,4
TMF,202602,2025-12-31 17:53:00,29086.0,29086.0,29086.0,29086.0,1
TMF,202602,2025-12-31 17:54:00,29085.0,29085.0,29085.0,29085.0,3
TMF,202602,2025-12-31 17:55:00,29085.0,29089.0,29085.0,29089.0,2
TMF,202602,2025-12-31 17:59:00,29084.0,29084.0,29084.0,29084.0,1
TMF,202602,2025-12-31 18:00:00,29083.0,29083.0,29077.0,29077.0,14
TMF,202602,2025-12-31 18:01:00,29077.0,29077.0,29073.0,29073.0,12
TMF,202602,2025-12-31 18:02:00,29073.0,29081.0,29073.0,29081.0,8
TMF,202602,2025-12-31 18:03:00,29077.0,29077.0,29070.0,29074.0,10
TMF,202602,2025-12-31 18:04:00,29071.0,29071.0,29071.0,29071.0,1
TMF,202602,2025-12-31 18:05:00,29071.0,29071.0,29071.0,29071.0,5
TMF,202602,2025-12-31 18:07:00,29073.0,29073.0,29073.0,29073.0,2
TMF,202602,2025-12-31 18:08:00,29073.0,29073.0,29070.0,29070.0,13
TMF,202602,2025-12-31 18:09:00,29070.0,29071.0,29070.0,29070.0,3
TMF,202602,2025-12-31 18:10:00,29070.0,29071.0,29070.0,29071.0,3
TMF,202602,2025-12-31 18:11:00,29078.0,29078.0,29078.0,29078.0,1
TMF,202602,2025-12-31 18:12:00,29078.0,29078.0,29078.0,29078.0,1
TMF,202602,2025-12-31 18:13:00,29078.0,29080.0,29078.0,29080.0,5
TMF,202602,2025-12-31 18:15:00,29081.0,29081.0,29081.0,29081.0,1
TMF,202602,2025-12-31 18:17:00,29083.0,29083.0,29083.0,29083.0,1
TMF,202602,2025-12-31 18:21:00,29087.0,29087.0,29087.0,29087.0,1
TMF,202602,2025-12-31 18:22:00,29087.0,29087.0,29087.0,29087.0,1
TMF,202602,2025-12-31 18:23:00,29087.0,29087.0,29087.0,29087.0,2
TMF,202602,2025-12-31 18:25:00,29084.0,29085.0,29084.0,29085.0,5
TMF,202602,2025-12-31 18:28:00,29077.0,29077.0,29077.0,29077.0,1
TMF,202602,2025-12-31 18:29:00,29076.0,29085.0,29076.0,29085.0,4
TMF,202602,2025-12-31 18:30:00,29085.0,29085.0,29085.0,29085.0,1
TMF,202602,2025-12-31 18:32:00,29085.0,29087.0,29085.0,29087.0,2
TMF,202602,2025-12-31 18:33:00,29087.0,29087.0,29087.0,29087.0,3
TMF,202602,2025-12-31 18:37:00,29082.0,29082.0,29082.0,29082.0,2
TMF,202602,2025-12-31 18:38:00,29087.0,29087.0,29087.0,29087.0,1
TMF,202602,2025-12-31 18:39:00,29090.0,29090.0,29090.0,29090.0,1
TMF,202602,2025-12-31 18:40:00,29094.0,29095.0,29094.0,29095.0,2
TMF,202602,2025-12-31 18:41:00,29095.0,29095.0,29095.0,29095.0,3
TMF,202602,2025-12-31 18:43:00,29092.0,29092.0,29092.0,29092.0,3
TMF,202602,2025-12-31 18:48:00,29089.0,29089.0,29089.0,29089.0,3
TMF,202602,2025-12-31 18:49:00,29088.0,29088.0,29085.0,29085.0,3
TMF,202602,2025-12-31 18:55:00,29085.0,29085.0,29085.0,29085.0,1
TMF,202602,2025-12-31 19:00:00,29085.0,29085.0,29085.0,29085.0,2
TMF,202602,2025-12-31 19:02:00,29082.0,29082.0,29082.0,29082.0,1
TMF,202602,2025-12-31 19:06:00,29086.0,29095.0,29086.0,29095.0,7
TMF,202602,2025-12-31 19:10:00,29090.0,29090.0,29090.0,29090.0,1
TMF,202602,2025-12-31 19:18:00,29082.0,29082.0,29080.0,29080.0,2
TMF,202602,2025-12-31 19:19:00,29076.0,29076.0,29075.0,29075.0,2
TMF,202602,2025-12-31 19:20:00,29076.0,29081.0,29076.0,29081.0,3
TMF,202602,2025-12-31 19:21:00,29083.0,29083.0,29083.0,29083.0,1
TMF,202602,2025-12-31 19:22:00,29084.0,29084.0,29084.0,29084.0,1
TMF,202602,2025-12-31 19:24:00,29079.0,29079.0,29079.0,29079.0,1
TMF,202602,2025-12-31 19:28:00,29085.0,29085.0,29085.0,29085.0,1
TMF,202602,2025-12-31 19:30:00,29078.0,29078.0,29076.0,29076.0,5
TMF,202602,2025-12-31 19:32:00,29077.0,29077.0,29077.0,29077.0,1
TMF,202602,2025-12-31 19:36:00,29077.0,29077.0,29077.0,29077.0,1
TMF,202602,2025-12-31 19:39:00,29081.0,29081.0,29081.0,29081.0,1
TMF,202602,2025-12-31 19:40:00,29078.0,29078.0,29076.0,29076.0,3
TMF,202602,2025-12-31 19:41:00,29078.0,29078.0,29078.0,29078.0,1
TMF,202602,2025-12-31 19:43:00,29075.0,29075.0,29075.0,29075.0,1
TMF,202602,2025-12-31 19:44:00,29078.0,29079.0,29078.0,29079.0,2
TMF,202602,2025-12-31 19:50:00,29080.0,29080.0,29080.0,29080.0,2
TMF,202602,2025-12-31 19:51:00,29078.0,29078.0,29078.0,29078.0,2
TMF,202602,2025-12-31 19:52:00,29077.0,29077.0,29075.0,29075.0,8
TMF,202602,2025-12-31 19:53:00,29074.0,29074.0,29067.0,29067.0,20
TMF,202602,2025-12-31 19:54:00,29073.0,29073.0,29067.0,29067.0,3
TMF,202602,2025-12-31 19:55:00,29071.0,29071.0,29071.0,29071.0,1
TMF,202602,2025-12-31 19:56:00,29077.0,29077.0,29077.0,29077.0,1
TMF,202602,2025-12-31 19:58:00,29077.0,29080.0,29077.0,29080.0,2
TMF,202602,2025-12-31 20:00:00,29080.0,29080.0,29078.0,29079.0,5
TMF,202602,2025-12-31 20:01:00,29077.0,29077.0,29075.0,29075.0,4
TMF,202602,2025-12-31 20:03:00,29072.0,29072.0,29072.0,29072.0,1
TMF,202602,2025-12-31 20:06:00,29075.0,29075.0,29075.0,29075.0,2
TMF,202602,2025-12-31 20:09:00,29075.0,29075.0,29075.0,29075.0,1
TMF,202602,2025-12-31 20:10:00,29078.0,29078.0,29076.0,29078.0,8
TMF,202602,2025-12-31 20:12:00,29077.0,29077.0,29077.0,29077.0,1
TMF,202602,2025-12-31 20:13:00,29080.0,29080.0,29079.0,29079.0,4
TMF,202602,2025-12-31 20:14:00,29081.0,29082.0,29075.0,29082.0,6
TMF,202602,2025-12-31 20:16:00,29086.0,29086.0,29086.0,29086.0,4
TMF,202602,2025-12-31 20:17:00,29087.0,29087.0,29087.0,29087.0,1
TMF,202602,2025-12-31 20:18:00,29088.0,29088.0,29088.0,29088.0,1
TMF,202602,2025-12-31 20:19:00,29089.0,29091.0,29089.0,29090.0,9
TMF,202602,2025-12-31 20:20:00,29090.0,29098.0,29090.0,29098.0,10
TMF,202602,2025-12-31 20:21:00,29099.0,29100.0,29099.0,29100.0,11
TMF,202602,2025-12-31 20:22:00,29100.0,29104.0,29100.0,29100.0,15
TMF,202602,2025-12-31 20:23:00,29100.0,29100.0,29093.0,29095.0,7
TMF,202602,2025-12-31 20:24:00,29089.0,29089.0,29089.0,29089.0,1
TMF,202602,2025-12-31 20:27:00,29094.0,29094.0,29094.0,29094.0,1
TMF,202602,2025-12-31 20:30:00,29086.0,29086.0,29086.0,29086.0,1
TMF,202602,2025-12-31 20:31:00,29094.0,29095.0,29094.0,29095.0,6
TMF,202602,2025-12-31 20:32:00,29095.0,29095.0,29093.0,29093.0,2
TMF,202602,2025-12-31 20:34:00,29095.0,29098.0,29095.0,29096.0,3
TMF,202602,2025-12-31 20:35:00,29098.0,29099.0,29098.0,29098.0,7
TMF,202602,2025-12-31 20:36:00,29100.0,29100.0,29099.0,29099.0,3
TMF,202602,2025-12-31 20:39:00,29095.0,29100.0,29095.0,29100.0,3
TMF,202602,2025-12-31 20:41:00,29098.0,29098.0,29098.0,29098.0,2
TMF,202602,2025-12-31 20:43:00,29098.0,29099.0,29098.0,29099.0,3
TMF,202602,2025-12-31 20:44:00,29094.0,29094.0,29094.0,29094.0,3
TMF,202602,2025-12-31 20:46:00,29094.0,29094.0,29094.0,29094.0,1
TMF,202602,2025-12-31 20:48:00,29095.0,29098.0,29095.0,29098.0,2
TMF,202602,2025-12-31 20:51:00,29097.0,29097.0,29097.0,29097.0,1
TMF,202602,2025-12-31 20:52:00,29097.0,29097.0,29097.0,29097.0,2
TMF,202602,2025-12-31 20:54:00,29095.0,29106.0,29095.0,29104.0,12
TMF,202602,2025-12-31 20:55:00,29106.0,29106.0,29106.0,29106.0,2
TMF,202602,2025-12-31 20:57:00,29106.0,29110.0,29106.0,29110.0,11
TMF,202602,2025-12-31 20:58:00,29111.0,29111.0,29111.0,29111.0,1
TMF,202602,2025-12-31 20:59:00,29112.0,29112.0,29110.0,29110.0,4
TMF,202602,2025-12-31 21:00:00,29111.0,29111.0,29110.0,29110.0,3
TMF,202602,2025-12-31 21:01:00,29108.0,29108.0,29108.0,29108.0,1
TMF,202602,2025-12-31 21:02:00,29108.0,29108.0,29108.0,29108.0,1
TMF,202602,2025-12-31 21:03:00,29108.0,29108.0,29106.0,29106.0,3
TMF,202602,2025-12-31 21:04:00,29106.0,29106.0,29106.0,29106.0,2
TMF,202602,2025-12-31 21:06:00,29108.0,29108.0,29108.0,29108.0,2
TMF,202602,2025-12-31 21:07:00,29105.0,29105.0,29105.0,29105.0,1
TMF,202602,2025-12-31 21:08:00,29105.0,29110.0,29105.0,29110.0,5
TMF,202602,2025-12-31 21:09:00,29110.0,29110.0,29110.0,29110.0,1
TMF,202602,2025-12-31 21:16:00,29110.0,29110.0,29110.0,29110.0,1
TMF,202602,2025-12-31 21:17:00,29114.0,29115.0,29114.0,29115.0,4
TMF,202602,2025-12-31 21:20:00,29120.0,29120.0,29120.0,29120.0,3
TMF,202602,2025-12-31 21:21:00,29119.0,29119.0,29118.0,29118.0,7
TMF,202602,2025-12-31 21:22:00,29120.0,29120.0,29120.0,29120.0,5
TMF,202602,2025-12-31 21:23:00,29122.0,29124.0,29122.0,29124.0,6
TMF,202602,2025-12-31 21:24:00,29125.0,29126.0,29125.0,29126.0,2
TMF,202602,2025-12-31 21:25:00,29126.0,29127.0,29126.0,29127.0,4
TMF,202602,2025-12-31 21:26:00,29128.0,29130.0,29125.0,29127.0,21
TMF,202602,2025-12-31 21:27:00,29126.0,29128.0,29126.0,29128.0,7
TMF,202602,2025-12-31 21:28:00,29128.0,29128.0,29128.0,29128.0,2
TMF,202602,2025-12-31 21:29:00,29126.0,29128.0,29126.0,29126.0,4
TMF,202602,2025-12-31 21:30:00,29125.0,29125.0,29125.0,29125.0,2
TMF,202602,2025-12-31 21:31:00,29123.0,29123.0,29123.0,29123.0,1
TMF,202602,2025-12-31 21:32:00,29121.0,29125.0,29120.0,29125.0,10
TMF,202602,2025-12-31 21:33:00,29123.0,29125.0,29123.0,29125.0,5
TMF,202602,2025-12-31 21:34:00,29127.0,29130.0,29126.0,29130.0,4
TMF,202602,2025-12-31 21:36:00,29127.0,29127.0,29127.0,29127.0,1
TMF,202602,2025-12-31 21:37:00,29127.0,29127.0,29127.0,29127.0,2
TMF,202602,2025-12-31 21:39:00,29128.0,29128.0,29128.0,29128.0,1
TMF,202602,2025-12-31 21:40:00,29128.0,29130.0,29128.0,29130.0,15
TMF,202602,2025-12-31 21:41:00,29131.0,29133.0,29130.0,29133.0,9
TMF,202602,2025-12-31 21:42:00,29133.0,29133.0,29133.0,29133.0,2
TMF,202602,2025-12-31 21:43:00,29133.0,29133.0,29132.0,29132.0,3
TMF,202602,2025-12-31 21:44:00,29134.0,29139.0,29133.0,29139.0,24
TMF,202602,2025-12-31 21:45:00,29139.0,29140.0,29137.0,29140.0,9
TMF,202602,2025-12-31 21:46:00,29140.0,29141.0,29140.0,29141.0,9
TMF,202602,2025-12-31 21:47:00,29142.0,29152.0,29142.0,29147.0,61
TMF,202602,2025-12-31 21:48:00,29149.0,29153.0,29147.0,29148.0,21
TMF,202602,2025-12-31 21:49:00,29148.0,29150.0,29147.0,29147.0,8
TMF,202602,2025-12-31 21:50:00,29151.0,29157.0,29147.0,29157.0,34
TMF,202602,2025-12-31 21:51:00,29157.0,29158.0,29155.0,29155.0,16
TMF,202602,2025-12-31 21:52:00,29156.0,29164.0,29156.0,29160.0,31
TMF,202602,2025-12-31 21:53:00,29163.0,29163.0,29160.0,29160.0,6
TMF,202602,2025-12-31 21:54:00,29160.0,29161.0,29158.0,29158.0,5
TMF,202602,2025-12-31 21:55:00,29158.0,29158.0,29158.0,29158.0,5
TMF,202602,2025-12-31 21:56:00,29156.0,29159.0,29156.0,29159.0,11
TMF,202602,2025-12-31 21:57:00,29155.0,29157.0,29154.0,29154.0,7
TMF,202602,2025-12-31 21:58:00,29153.0,29153.0,29152.0,29152.0,3
TMF,202602,2025-12-31 21:59:00,29152.0,29152.0,29152.0,29152.0,3
TMF,202602,2025-12-31 22:00:00,29153.0,29153.0,29152.0,29152.0,4
TMF,202602,2025-12-31 22:01:00,29152.0,29154.0,29152.0,29154.0,2
TMF,202602,2025-12-31 22:02:00,29155.0,29156.0,29152.0,29155.0,10
TMF,202602,2025-12-31 22:03:00,29152.0,29152.0,29151.0,29151.0,2
TMF,202602,2025-12-31 22:04:00,29150.0,29150.0,29148.0,29148.0,16
TMF,202602,2025-12-31 22:05:00,29149.0,29153.0,29149.0,29150.0,4
TMF,202602,2025-12-31 22:06:00,29150.0,29154.0,29150.0,29154.0,12
TMF,202602,2025-12-31 22:07:00,29155.0,29157.0,29152.0,29157.0,4
TMF,202602,2025-12-31 22:08:00,29157.0,29157.0,29157.0,29157.0,1
TMF,202602,2025-12-31 22:09:00,29155.0,29155.0,29155.0,29155.0,7
TMF,202602,2025-12-31 22:10:00,29157.0,29157.0,29157.0,29157.0,3
TMF,202602,2025-12-31 22:11:00,29157.0,29158.0,29155.0,29155.0,4
TMF,202602,2025-12-31 22:12:00,29156.0,29158.0,29156.0,29158.0,3
TMF,202602,2025-12-31 22:13:00,29159.0,29160.0,29159.0,29159.0,12
TMF,202602,2025-12-31 22:14:00,29160.0,29161.0,29160.0,29161.0,3
TMF,202602,2025-12-31 22:15:00,29162.0,29163.0,29160.0,29163.0,15
TMF,202602,2025-12-31 22:16:00,29161.0,29161.0,29159.0,29159.0,5
TMF,202602,2025-12-31 22:17:00,29154.0,29154.0,29153.0,29153.0,3
TMF,202602,2025-12-31 22:18:00,29153.0,29153.0,29152.0,29152.0,3
TMF,202602,2025-12-31 22:19:00,29152.0,29152.0,29152.0,29152.0,2
TMF,202602,2025-12-31 22:20:00,29152.0,29152.0,29151.0,29152.0,3
TMF,202602,2025-12-31 22:21:00,29153.0,29159.0,29153.0,29159.0,5
TMF,202602,2025-12-31 22:22:00,29160.0,29160.0,29160.0,29160.0,2
TMF,202602,2025-12-31 22:23:00,29160.0,29162.0,29153.0,29153.0,5
TMF,202602,2025-12-31 22:24:00,29151.0,29151.0,29151.0,29151.0,4
TMF,202602,2025-12-31 22:25:00,29152.0,29152.0,29152.0,29152.0,3
TMF,202602,2025-12-31 22:26:00,29152.0,29152.0,29152.0,29152.0,1
TMF,202602,2025-12-31 22:27:00,29155.0,29155.0,29152.0,29152.0,4
TMF,202602,2025-12-31 22:28:00,29151.0,29151.0,29141.0,29145.0,15
TMF,202602,2025-12-31 22:29:00,29146.0,29146.0,29140.0,29140.0,9
TMF,202602,2025-12-31 22:30:00,29143.0,29163.0,29141.0,29163.0,20
TMF,202602,2025-12-31 22:31:00,29163.0,29166.0,29158.0,29158.0,21
TMF,202602,2025-12-31 22:32:00,29152.0,29153.0,29140.0,29140.0,10
TMF,202602,2025-12-31 22:33:00,29140.0,29145.0,29137.0,29140.0,8
TMF,202602,2025-12-31 22:34:00,29140.0,29145.0,29135.0,29145.0,16
TMF,202602,2025-12-31 22:35:00,29145.0,29157.0,29145.0,29155.0,13
TMF,202602,2025-12-31 22:36:00,29155.0,29155.0,29138.0,29138.0,7
TMF,202602,2025-12-31 22:37:00,29135.0,29138.0,29130.0,29130.0,19
TMF,202602,2025-12-31 22:38:00,29130.0,29135.0,29128.0,29134.0,14
TMF,202602,2025-12-31 22:39:00,29138.0,29139.0,29137.0,29139.0,4
TMF,202602,2025-12-31 22:40:00,29135.0,29135.0,29134.0,29134.0,4
TMF,202602,2025-12-31 22:41:00,29133.0,29133.0,29130.0,29131.0,15
TMF,202602,2025-12-31 22:42:00,29135.0,29135.0,29130.0,29130.0,6
TMF,202602,2025-12-31 22:43:00,29133.0,29134.0,29127.0,29127.0,5
TMF,202602,2025-12-31 22:44:00,29127.0,29133.0,29126.0,29133.0,8
TMF,202602,2025-12-31 22:45:00,29134.0,29135.0,29123.0,29123.0,11
TMF,202602,2025-12-31 22:46:00,29124.0,29127.0,29124.0,29127.0,6
TMF,202602,2025-12-31 22:47:00,29123.0,29123.0,29123.0,29123.0,1
TMF,202602,2025-12-31 22:48:00,29123.0,29130.0,29122.0,29130.0,6
TMF,202602,2025-12-31 22:49:00,29133.0,29133.0,29126.0,29126.0,5
TMF,202602,2025-12-31 22:50:00,29133.0,29138.0,29127.0,29131.0,14
TMF,202602,2025-12-31 22:51:00,29131.0,29139.0,29130.0,29139.0,3
TMF,202602,2025-12-31 22:52:00,29143.0,29154.0,29143.0,29152.0,21
TMF,202602,2025-12-31 22:53:00,29150.0,29150.0,29139.0,29139.0,5
TMF,202602,2025-12-31 22:54:00,29147.0,29147.0,29147.0,29147.0,1
TMF,202602,2025-12-31 22:55:00,29154.0,29168.0,29154.0,29166.0,26
TMF,202602,2025-12-31 22:56:00,29161.0,29167.0,29155.0,29157.0,10
TMF,202602,2025-12-31 22:57:00,29156.0,29156.0,29150.0,29151.0,13
TMF,202602,2025-12-31 22:58:00,29150.0,29153.0,29148.0,29153.0,13
TMF,202602,2025-12-31 22:59:00,29153.0,29160.0,29153.0,29160.0,5
TMF,202602,2025-12-31 23:00:00,29158.0,29160.0,29158.0,29158.0,12
TMF,202602,2025-12-31 23:01:00,29158.0,29158.0,29150.0,29150.0,6
TMF,202602,2025-12-31 23:02:00,29150.0,29150.0,29148.0,29148.0,3
TMF,202602,2025-12-31 23:03:00,29151.0,29153.0,29150.0,29152.0,8
TMF,202602,2025-12-31 23:04:00,29155.0,29156.0,29155.0,29156.0,2
TMF,202602,2025-12-31 23:05:00,29154.0,29154.0,29154.0,29154.0,2
TMF,202602,2025-12-31 23:06:00,29154.0,29154.0,29154.0,29154.0,1
TMF,202602,2025-12-31 23:08:00,29154.0,29154.0,29145.0,29145.0,5
TMF,202602,2025-12-31 23:09:00,29146.0,29149.0,29146.0,29149.0,3
TMF,202602,2025-12-31 23:10:00,29145.0,29145.0,29139.0,29139.0,8
TMF,202602,2025-12-31 23:11:00,29137.0,29137.0,29128.0,29130.0,19
TMF,202602,2025-12-31 23:12:00,29126.0,29133.0,29126.0,29130.0,10
TMF,202602,2025-12-31 23:13:00,29134.0,29143.0,29134.0,29143.0,4
TMF,202602,2025-12-31 23:14:00,29136.0,29142.0,29136.0,29142.0,5
TMF,202602,2025-12-31 23:15:00,29140.0,29142.0,29139.0,29142.0,6
TMF,202602,2025-12-31 23:16:00,29138.0,29138.0,29134.0,29134.0,3
TMF,202602,2025-12-31 23:18:00,29131.0,29131.0,29112.0,29121.0,37
TMF,202602,2025-12-31 23:19:00,29118.0,29124.0,29118.0,29124.0,7
TMF,202602,2025-12-31 23:21:00,29132.0,29134.0,29125.0,29125.0,5
TMF,202602,2025-12-31 23:22:00,29125.0,29133.0,29125.0,29133.0,13
TMF,202602,2025-12-31 23:23:00,29130.0,29130.0,29130.0,29130.0,1
TMF,202602,2025-12-31 23:24:00,29136.0,29136.0,29130.0,29130.0,6
TMF,202602,2025-12-31 23:25:00,29130.0,29130.0,29130.0,29130.0,2
TMF,202602,2025-12-31 23:26:00,29138.0,29143.0,29138.0,29143.0,5
TMF,202602,2025-12-31 23:27:00,29137.0,29146.0,29137.0,29141.0,8
TMF,202602,2025-12-31 23:28:00,29141.0,29141.0,29137.0,29137.0,2
TMF,202602,2025-12-31 23:29:00,29145.0,29146.0,29145.0,29146.0,2
TMF,202602,2025-12-31 23:30:00,29148.0,29148.0,29148.0,29148.0,1
TMF,202602,2025-12-31 23:32:00,29131.0,29138.0,29131.0,29138.0,2
TMF,202602,2025-12-31 23:33:00,29140.0,29140.0,29136.0,29136.0,2
TMF,202602,2025-12-31 23:34:00,29137.0,29137.0,29135.0,29135.0,2
TMF,202602,2025-12-31 23:36:00,29140.0,29143.0,29140.0,29143.0,3
TMF,202602,2025-12-31 23:37:00,29140.0,29141.0,29134.0,29134.0,3
TMF,202602,2025-12-31 23:38:00,29133.0,29133.0,29131.0,29131.0,2
TMF,202602,2025-12-31 23:39:00,29133.0,29133.0,29133.0,29133.0,1
TMF,202602,2025-12-31 23:40:00,29139.0,29139.0,29130.0,29130.0,3
TMF,202602,2025-12-31 23:41:00,29130.0,29130.0,29130.0,29130.0,1
TMF,202602,2025-12-31 23:42:00,29130.0,29130.0,29130.0,29130.0,1
TMF,202602,2025-12-31 23:43:00,29130.0,29130.0,29130.0,29130.0,1
TMF,202602,2025-12-31 23:47:00,29132.0,29137.0,29132.0,29137.0,2
TMF,202602,2025-12-31 23:53:00,29131.0,29131.0,29131.0,29131.0,1
TMF,202602,2025-12-31 23:54:00,29128.0,29128.0,29126.0,29126.0,3
TMF,202602,2025-12-31 23:55:00,29118.0,29123.0,29116.0,29116.0,8
TMF,202602,2025-12-31 23:56:00,29116.0,29116.0,29108.0,29108.0,10
TMF,202602,2025-12-31 23:57:00,29110.0,29113.0,29110.0,29113.0,8
TMF,202602,2025-12-31 23:58:00,29108.0,29115.0,29106.0,29115.0,13
TMF,202602,2025-12-31 23:59:00,29116.0,29116.0,29111.0,29111.0,2
TMF,202602,2026-01-01 00:00:00,29116.0,29122.0,29116.0,29122.0,3
TMF,202602,2026-01-01 00:01:00,29122.0,29122.0,29119.0,29119.0,5
TMF,202602,2026-01-01 00:02:00,29117.0,29117.0,29117.0,29117.0,2
TMF,202602,2026-01-01 00:04:00,29122.0,29122.0,29118.0,29122.0,7
TMF,202602,2026-01-01 00:06:00,29120.0,29120.0,29120.0,29120.0,6
TMF,202602,2026-01-01 00:07:00,29117.0,29117.0,29117.0,29117.0,1
TMF,202602,2026-01-01 00:08:00,29113.0,29113.0,29111.0,29112.0,5
TMF,202602,2026-01-01 00:09:00,29113.0,29113.0,29105.0,29105.0,9
TMF,202602,2026-01-01 00:10:00,29105.0,29107.0,29096.0,29096.0,27
TMF,202602,2026-01-01 00:11:00,29098.0,29105.0,29095.0,29105.0,20
TMF,202602,2026-01-01 00:12:00,29105.0,29111.0,29105.0,29111.0,3
TMF,202602,2026-01-01 00:13:00,29111.0,29111.0,29107.0,29107.0,2
TMF,202602,2026-01-01 00:15:00,29107.0,29108.0,29107.0,29107.0,4
TMF,202602,2026-01-01 00:16:00,29109.0,29114.0,29109.0,29114.0,10
TMF,202602,2026-01-01 00:17:00,29115.0,29115.0,29115.0,29115.0,1
TMF,202602,2026-01-01 00:18:00,29115.0,29116.0,29110.0,29110.0,3
TMF,202602,2026-01-01 00:19:00,29116.0,29116.0,29116.0,29116.0,1
TMF,202602,2026-01-01 00:20:00,29119.0,29127.0,29119.0,29127.0,7
TMF,202602,2026-01-01 00:21:00,29131.0,29131.0,29127.0,29130.0,18
TMF,202602,2026-01-01 00:22:00,29125.0,29125.0,29125.0,29125.0,2
TMF,202602,2026-01-01 00:26:00,29129.0,29129.0,29129.0,29129.0,1
TMF,202602,2026-01-01 00:27:00,29130.0,29130.0,29130.0,29130.0,3
TMF,202602,2026-01-01 00:30:00,29127.0,29127.0,29124.0,29124.0,6
TMF,202602,2026-01-01 00:34:00,29124.0,29124.0,29124.0,29124.0,1
TMF,202602,2026-01-01 00:35:00,29125.0,29125.0,29125.0,29125.0,1
TMF,202602,2026-01-01 00:36:00,29124.0,29124.0,29122.0,29122.0,2
TMF,202602,2026-01-01 00:37:00,29125.0,29125.0,29125.0,29125.0,2
TMF,202602,2026-01-01 00:38:00,29130.0,29130.0,29130.0,29130.0,1
TMF,202602,2026-01-01 00:40:00,29130.0,29130.0,29130.0,29130.0,3
TMF,202602,2026-01-01 00:41:00,29126.0,29126.0,29122.0,29122.0,4
TMF,202602,2026-01-01 00:42:00,29121.0,29121.0,29120.0,29120.0,3
TMF,202602,2026-01-01 00:44:00,29120.0,29120.0,29120.0,29120.0,1
TMF,202602,2026-01-01 00:48:00,29120.0,29120.0,29120.0,29120.0,1
TMF,202602,2026-01-01 00:49:00,29124.0,29124.0,29124.0,29124.0,3
TMF,202602,2026-01-01 00:51:00,29128.0,29133.0,29128.0,29132.0,6
TMF,202602,2026-01-01 00:53:00,29137.0,29138.0,29137.0,29138.0,2
TMF,202602,2026-01-01 00:55:00,29142.0,29142.0,29142.0,29142.0,2
TMF,202602,2026-01-01 00:57:00,29142.0,29146.0,29142.0,29145.0,4
TMF,202602,2026-01-01 00:59:00,29146.0,29146.0,29146.0,29146.0,1
TMF,202602,2026-01-01 01:00:00,29146.0,29146.0,29144.0,29145.0,6
TMF,202602,2026-01-01 01:01:00,29140.0,29140.0,29140.0,29140.0,1
TMF,202602,2026-01-01 01:02:00,29140.0,29140.0,29140.0,29140.0,1
TMF,202602,2026-01-01 01:03:00,29140.0,29140.0,29140.0,29140.0,1
TMF,202602,2026-01-01 01:05:00,29138.0,29138.0,29132.0,29132.0,3
TMF,202602,2026-01-01 01:07:00,29131.0,29131.0,29128.0,29128.0,3
TMF,202602,2026-01-01 01:08:00,29126.0,29126.0,29125.0,29125.0,8
TMF,202602,2026-01-01 01:09:00,29122.0,29122.0,29122.0,29122.0,2
TMF,202602,2026-01-01 01:12:00,29129.0,29130.0,29129.0,29130.0,3
TMF,202602,2026-01-01 01:16:00,29135.0,29135.0,29135.0,29135.0,3
TMF,202602,2026-01-01 01:18:00,29140.0,29140.0,29140.0,29140.0,1
TMF,202602,2026-01-01 01:20:00,29140.0,29140.0,29140.0,29140.0,2
TMF,202602,2026-01-01 01:22:00,29138.0,29138.0,29138.0,29138.0,1
TMF,202602,2026-01-01 01:23:00,29142.0,29142.0,29142.0,29142.0,2
TMF,202602,2026-01-01 01:24:00,29141.0,29143.0,29141.0,29143.0,6
TMF,202602,2026-01-01 01:25:00,29143.0,29144.0,29139.0,29139.0,8
TMF,202602,2026-01-01 01:26:00,29142.0,29142.0,29142.0,29142.0,1
TMF,202602,2026-01-01 01:27:00,29141.0,29142.0,29141.0,29142.0,2
TMF,202602,2026-01-01 01:28:00,29145.0,29145.0,29145.0,29145.0,3
TMF,202602,2026-01-01 01:29:00,29144.0,29144.0,29142.0,29142.0,3
TMF,202602,2026-01-01 01:31:00,29144.0,29144.0,29144.0,29144.0,3
TMF,202602,2026-01-01 01:32:00,29146.0,29146.0,29146.0,29146.0,1
TMF,202602,2026-01-01 01:33:00,29143.0,29143.0,29142.0,29142.0,3
TMF,202602,2026-01-01 01:34:00,29147.0,29147.0,29147.0,29147.0,6
TMF,202602,2026-01-01 01:36:00,29148.0,29148.0,29148.0,29148.0,3
TMF,202602,2026-01-01 01:37:00,29149.0,29154.0,29149.0,29150.0,14
TMF,202602,2026-01-01 01:38:00,29150.0,29150.0,29150.0,29150.0,2
TMF,202602,2026-01-01 01:41:00,29150.0,29150.0,29150.0,29150.0,2
TMF,202602,2026-01-01 01:42:00,29154.0,29154.0,29154.0,29154.0,2
TMF,202602,2026-01-01 01:43:00,29149.0,29149.0,29149.0,29149.0,1
TMF,202602,2026-01-01 01:45:00,29154.0,29155.0,29154.0,29155.0,2
TMF,202602,2026-01-01 01:46:00,29150.0,29150.0,29149.0,29149.0,3
TMF,202602,2026-01-01 01:50:00,29140.0,29140.0,29140.0,29140.0,1
TMF,202602,2026-01-01 01:52:00,29137.0,29137.0,29137.0,29137.0,1
TMF,202602,2026-01-01 01:54:00,29142.0,29142.0,29142.0,29142.0,1
TMF,202602,2026-01-01 01:55:00,29140.0,29140.0,29140.0,29140.0,2
TMF,202602,2026-01-01 01:56:00,29140.0,29140.0,29137.0,29137.0,3
TMF,202602,2026-01-01 02:01:00,29141.0,29141.0,29140.0,29140.0,4
TMF,202602,2026-01-01 02:07:00,29139.0,29139.0,29139.0,29139.0,1
TMF,202602,2026-01-01 02:11:00,29146.0,29146.0,29146.0,29146.0,1
TMF,202602,2026-01-01 02:13:00,29148.0,29148.0,29148.0,29148.0,1
TMF,202602,2026-01-01 02:14:00,29148.0,29148.0,29148.0,29148.0,1
TMF,202602,2026-01-01 02:17:00,29145.0,29145.0,29145.0,29145.0,1
TMF,202602,2026-01-01 02:18:00,29145.0,29145.0,29145.0,29145.0,2
TMF,202602,2026-01-01 02:19:00,29144.0,29144.0,29144.0,29144.0,1
TMF,202602,2026-01-01 02:20:00,29145.0,29145.0,29145.0,29145.0,1
TMF,202602,2026-01-01 02:25:00,29152.0,29155.0,29152.0,29155.0,6
TMF,202602,2026-01-01 02:26:00,29156.0,29156.0,29156.0,29156.0,2
TMF,202602,2026-01-01 02:27:00,29157.0,29159.0,29157.0,29159.0,8
TMF,202602,2026-01-01 02:28:00,29160.0,29160.0,29160.0,29160.0,10
TMF,202602,2026-01-01 02:30:00,29160.0,29161.0,29160.0,29160.0,4
TMF,202602,2026-01-01 02:34:00,29155.0,29159.0,29154.0,29159.0,5
TMF,202602,2026-01-01 02:40:00,29159.0,29165.0,29159.0,29163.0,12
TMF,202602,2026-01-01 02:42:00,29163.0,29163.0,29163.0,29163.0,2
TMF,202602,2026-01-01 02:43:00,29162.0,29162.0,29162.0,29162.0,1
TMF,202602,2026-01-01 02:44:00,29156.0,29162.0,29156.0,29162.0,2
TMF,202602,2026-01-01 02:45:00,29160.0,29160.0,29160.0,29160.0,1
TMF,202602,2026-01-01 02:47:00,29162.0,29162.0,29161.0,29161.0,3
TMF,202602,2026-01-01 02:48:00,29164.0,29166.0,29164.0,29166.0,6
TMF,202602,2026-01-01 02:51:00,29167.0,29168.0,29167.0,29168.0,7
TMF,202602,2026-01-01 02:53:00,29167.0,29167.0,29167.0,29167.0,1
TMF,202602,2026-01-01 02:54:00,29167.0,29173.0,29167.0,29173.0,25
TMF,202602,2026-01-01 02:55:00,29173.0,29175.0,29173.0,29175.0,6
TMF,202602,2026-01-01 02:57:00,29174.0,29174.0,29174.0,29174.0,1
TMF,202602,2026-01-01 02:58:00,29174.0,29174.0,29174.0,29174.0,1
TMF,202602,2026-01-01 02:59:00,29172.0,29172.0,29172.0,29172.0,4
TMF,202602,2026-01-01 03:00:00,29172.0,29188.0,29172.0,29188.0,81
TMF,202602,2026-01-01 03:01:00,29187.0,29188.0,29185.0,29186.0,10
TMF,202602,2026-01-01 03:02:00,29180.0,29180.0,29180.0,29180.0,3
TMF,202602,2026-01-01 03:03:00,29183.0,29187.0,29183.0,29187.0,8
TMF,202602,2026-01-01 03:04:00,29188.0,29188.0,29187.0,29188.0,8
TMF,202602,2026-01-01 03:05:00,29187.0,29188.0,29184.0,29184.0,5
TMF,202602,2026-01-01 03:06:00,29183.0,29184.0,29183.0,29184.0,5
TMF,202602,2026-01-01 03:07:00,29184.0,29185.0,29184.0,29185.0,7
TMF,202602,2026-01-01 03:09:00,29186.0,29187.0,29186.0,29187.0,7
TMF,202602,2026-01-01 03:10:00,29188.0,29189.0,29188.0,29189.0,3
TMF,202602,2026-01-01 03:11:00,29189.0,29189.0,29184.0,29184.0,4
TMF,202602,2026-01-01 03:13:00,29188.0,29188.0,29188.0,29188.0,5
TMF,202602,2026-01-01 03:14:00,29188.0,29188.0,29188.0,29188.0,2
TMF,202602,2026-01-01 03:15:00,29190.0,29190.0,29188.0,29188.0,8
TMF,202602,2026-01-01 03:16:00,29186.0,29187.0,29180.0,29180.0,4
TMF,202602,2026-01-01 03:17:00,29178.0,29178.0,29178.0,29178.0,2
TMF,202602,2026-01-01 03:18:00,29179.0,29180.0,29179.0,29180.0,3
TMF,202602,2026-01-01 03:19:00,29180.0,29180.0,29180.0,29180.0,1
TMF,202602,2026-01-01 03:20:00,29177.0,29177.0,29177.0,29177.0,1
TMF,202602,2026-01-01 03:21:00,29174.0,29174.0,29174.0,29174.0,1
TMF,202602,2026-01-01 03:22:00,29174.0,29174.0,29174.0,29174.0,4
TMF,202602,2026-01-01 03:23:00,29177.0,29177.0,29177.0,29177.0,1
TMF,202602,2026-01-01 03:24:00,29180.0,29180.0,29180.0,29180.0,2
TMF,202602,2026-01-01 03:25:00,29179.0,29179.0,29172.0,29172.0,4
TMF,202602,2026-01-01 03:27:00,29171.0,29171.0,29171.0,29171.0,1
TMF,202602,2026-01-01 03:29:00,29171.0,29171.0,29169.0,29169.0,4
TMF,202602,2026-01-01 03:30:00,29168.0,29168.0,29165.0,29165.0,2
TMF,202602,2026-01-01 03:32:00,29160.0,29160.0,29152.0,29152.0,6
TMF,202602,2026-01-01 03:34:00,29151.0,29151.0,29139.0,29139.0,11
TMF,202602,2026-01-01 03:35:00,29136.0,29138.0,29134.0,29138.0,3
TMF,202602,2026-01-01 03:36:00,29151.0,29152.0,29149.0,29152.0,3
TMF,202602,2026-01-01 03:38:00,29150.0,29150.0,29150.0,29150.0,1
TMF,202602,2026-01-01 03:39:00,29153.0,29153.0,29153.0,29153.0,3
TMF,202602,2026-01-01 03:40:00,29151.0,29151.0,29149.0,29149.0,4
TMF,202602,2026-01-01 03:41:00,29156.0,29156.0,29156.0,29156.0,1
TMF,202602,2026-01-01 03:43:00,29156.0,29158.0,29156.0,29158.0,2
TMF,202602,2026-01-01 03:47:00,29156.0,29156.0,29155.0,29155.0,2
TMF,202602,2026-01-01 03:49:00,29152.0,29152.0,29152.0,29152.0,1
TMF,202602,2026-01-01 03:51:00,29146.0,29146.0,29146.0,29146.0,1
TMF,202602,2026-01-01 03:53:00,29146.0,29146.0,29143.0,29143.0,2
TMF,202602,2026-01-01 03:54:00,29143.0,29143.0,29143.0,29143.0,1
TMF,202602,2026-01-01 04:00:00,29143.0,29143.0,29137.0,29137.0,6
TMF,202602,2026-01-01 04:01:00,29133.0,29133.0,29130.0,29130.0,4
TMF,202602,2026-01-01 04:02:00,29132.0,29132.0,29132.0,29132.0,1
TMF,202602,2026-01-01 04:04:00,29139.0,29139.0,29125.0,29125.0,16
TMF,202602,2026-01-01 04:05:00,29133.0,29134.0,29133.0,29134.0,4
TMF,202602,2026-01-01 04:06:00,29132.0,29132.0,29125.0,29125.0,9
TMF,202602,2026-01-01 04:07:00,29125.0,29125.0,29125.0,29125.0,1
TMF,202602,2026-01-01 04:08:00,29121.0,29121.0,29119.0,29119.0,9
TMF,202602,2026-01-01 04:09:00,29118.0,29118.0,29118.0,29118.0,2
TMF,202602,2026-01-01 04:10:00,29116.0,29116.0,29100.0,29107.0,33
TMF,202602,2026-01-01 04:12:00,29105.0,29105.0,29100.0,29100.0,7
TMF,202602,2026-01-01 04:13:00,29100.0,29100.0,29100.0,29100.0,9
TMF,202602,2026-01-01 04:14:00,29105.0,29105.0,29105.0,29105.0,3
TMF,202602,2026-01-01 04:15:00,29102.0,29102.0,29086.0,29087.0,45
TMF,202602,2026-01-01 04:16:00,29096.0,29102.0,29096.0,29102.0,3
TMF,202602,2026-01-01 04:17:00,29102.0,29106.0,29100.0,29100.0,4
TMF,202602,2026-01-01 04:18:00,29100.0,29100.0,29093.0,29094.0,6
TMF,202602,2026-01-01 04:20:00,29094.0,29094.0,29075.0,29075.0,34
TMF,202602,2026-01-01 04:21:00,29075.0,29075.0,29055.0,29055.0,89
TMF,202602,2026-01-01 04:22:00,29058.0,29061.0,29056.0,29056.0,3
TMF,202602,2026-01-01 04:23:00,29058.0,29064.0,29058.0,29064.0,2
TMF,202602,2026-01-01 04:24:00,29062.0,29067.0,29058.0,29066.0,12
TMF,202602,2026-01-01 04:25:00,29063.0,29063.0,29055.0,29055.0,11
TMF,202602,2026-01-01 04:26:00,29055.0,29060.0,29054.0,29060.0,3
TMF,202602,2026-01-01 04:27:00,29056.0,29056.0,29045.0,29045.0,57
TMF,202602,2026-01-01 04:28:00,29050.0,29053.0,29050.0,29050.0,8
TMF,202602,2026-01-01 04:29:00,29048.0,29058.0,29048.0,29051.0,10
TMF,202602,2026-01-01 04:30:00,29045.0,29056.0,29044.0,29049.0,10
TMF,202602,2026-01-01 04:31:00,29052.0,29052.0,29050.0,29052.0,4
TMF,202602,2026-01-01 04:33:00,29065.0,29065.0,29060.0,29060.0,2
TMF,202602,2026-01-01 04:34:00,29063.0,29063.0,29063.0,29063.0,2
TMF,202602,2026-01-01 04:35:00,29065.0,29070.0,29065.0,29070.0,2
TMF,202602,2026-01-01 04:36:00,29072.0,29072.0,29070.0,29070.0,3
TMF,202602,2026-01-01 04:37:00,29079.0,29079.0,29079.0,29079.0,1
TMF,202602,2026-01-01 04:38:00,29080.0,29083.0,29079.0,29083.0,4
TMF,202602,2026-01-01 04:40:00,29079.0,29079.0,29075.0,29075.0,3
TMF,202602,2026-01-01 04:41:00,29086.0,29089.0,29086.0,29089.0,2
TMF,202602,2026-01-01 04:44:00,29089.0,29089.0,29089.0,29089.0,1
TMF,202602,2026-01-01 04:45:00,29087.0,29087.0,29087.0,29087.0,1
TMF,202602,2026-01-01 04:46:00,29087.0,29087.0,29087.0,29087.0,1
TMF,202602,2026-01-01 04:47:00,29086.0,29086.0,29082.0,29082.0,2
TMF,202602,2026-01-01 04:48:00,29077.0,29077.0,29075.0,29075.0,4
TMF,202602,2026-01-01 04:49:00,29077.0,29077.0,29069.0,29069.0,6
TMF,202602,2026-01-01 04:50:00,29070.0,29070.0,29070.0,29070.0,1
TMF,202602,2026-01-01 04:51:00,29070.0,29070.0,29070.0,29070.0,2
TMF,202602,2026-01-01 04:52:00,29076.0,29080.0,29076.0,29080.0,11
TMF,202602,2026-01-01 04:54:00,29087.0,29095.0,29086.0,29087.0,8
TMF,202602,2026-01-01 04:55:00,29082.0,29097.0,29082.0,29097.0,6
TMF,202602,2026-01-01 04:56:00,29098.0,29098.0,29098.0,29098.0,1
TMF,202602,2026-01-01 04:57:00,29095.0,29095.0,29095.0,29095.0,4
TMF,202602,2026-01-01 04:58:00,29096.0,29096.0,29090.0,29090.0,5
TMF,202602,2026-01-01 04:59:00,29096.0,29097.0,29090.0,29090.0,9
TMF,202603,2025-12-31 15:00:00,29117.0,29117.0,29117.0,29117.0,1
TMF,202603,2025-12-31 15:02:00,29123.0,29123.0,29117.0,29117.0,3
TMF,202603,2025-12-31 15:04:00,29117.0,29117.0,29117.0,29117.0,1
TMF,202603,2025-12-31 15:05:00,29117.0,29120.0,29117.0,29120.0,2
TMF,202603,2025-12-31 15:06:00,29120.0,29120.0,29117.0,29117.0,4
TMF,202603,2025-12-31 15:11:00,29110.0,29110.0,29110.0,29110.0,1
TMF,202603,2025-12-31 15:18:00,29110.0,29110.0,29110.0,29110.0,1
TMF,202603,2025-12-31 15:20:00,29110.0,29110.0,29110.0,29110.0,2
TMF,202603,2025-12-31 15:23:00,29119.0,29119.0,29119.0,29119.0,1
TMF,202603,2025-12-31 15:24:00,29120.0,29126.0,29120.0,29126.0,12
TMF,202603,2025-12-31 15:25:00,29129.0,29137.0,29129.0,29137.0,7
TMF,202603,2025-12-31 15:26:00,29143.0,29160.0,29139.0,29160.0,27
TMF,202603,2025-12-31 15:27:00,29160.0,29160.0,29160.0,29160.0,4
TMF,202603,2025-12-31 15:28:00,29149.0,29152.0,29149.0,29152.0,2
TMF,202603,2025-12-31 15:29:00,29149.0,29155.0,29149.0,29155.0,4
TMF,202603,2025-12-31 15:30:00,29160.0,29160.0,29158.0,29158.0,3
TMF,202603,2025-12-31 15:31:00,29155.0,29155.0,29155.0,29155.0,2
TMF,202603,2025-12-31 15:33:00,29156.0,29156.0,29156.0,29156.0,1
TMF,202603,2025-12-31 15:34:00,29156.0,29156.0,29155.0,29155.0,2
TMF,202603,2025-12-31 15:35:00,29156.0,29156.0,29156.0,29156.0,1
TMF,202603,2025-12-31 15:36:00,29149.0,29149.0,29149.0,29149.0,3
TMF,202603,2025-12-31 15:37:00,29150.0,29150.0,29150.0,29150.0,1
TMF,202603,2025-12-31 15:38:00,29150.0,29156.0,29150.0,29156.0,7
TMF,202603,2025-12-31 15:39:00,29160.0,29160.0,29160.0,29160.0,1
TMF,202603,2025-12-31 15:40:00,29163.0,29170.0,29163.0,29170.0,22
TMF,202603,2025-12-31 15:41:00,29170.0,29170.0,29170.0,29170.0,1
TMF,202603,2025-12-31 15:42:00,29168.0,29168.0,29167.0,29167.0,6
TMF,202603,2025-12-31 15:43:00,29160.0,29167.0,29160.0,29167.0,2
TMF,202603,2025-12-31 15:44:00,29167.0,29167.0,29167.0,29167.0,5
TMF,202603,2025-12-31 15:45:00,29167.0,29167.0,29167.0,29167.0,1
TMF,202603,2025-12-31 15:46:00,29165.0,29165.0,29165.0,29165.0,5
TMF,202603,2025-12-31 15:47:00,29160.0,29160.0,29160.0,29160.0,1
TMF,202603,2025-12-31 15:48:00,29160.0,29160.0,29160.0,29160.0,6
TMF,202603,2025-12-31 15:49:00,29155.0,29155.0,29155.0,29155.0,9
TMF,202603,2025-12-31 15:51:00,29150.0,29150.0,29144.0,29144.0,2
TMF,202603,2025-12-31 15:53:00,29145.0,29145.0,29145.0,29145.0,1
TMF,202603,2025-12-31 15:54:00,29150.0,29150.0,29150.0,29150.0,1
TMF,202603,2025-12-31 15:55:00,29145.0,29145.0,29145.0,29145.0,1
TMF,202603,2025-12-31 15:56:00,29150.0,29150.0,29150.0,29150.0,2
TMF,202603,2025-12-31 15:59:00,29144.0,29144.0,29144.0,29144.0,1
TMF,202603,2025-12-31 16:00:00,29145.0,29145.0,29145.0,29145.0,2
TMF,202603,2025-12-31 16:02:00,29145.0,29150.0,29145.0,29150.0,3
TMF,202603,2025-12-31 16:05:00,29146.0,29146.0,29145.0,29145.0,2
TMF,202603,2025-12-31 16:06:00,29138.0,29138.0,29138.0,29138.0,2
TMF,202603,2025-12-31 16:09:00,29134.0,29134.0,29134.0,29134.0,2
TMF,202603,2025-12-31 16:10:00,29133.0,29133.0,29133.0,29133.0,3
TMF,202603,2025-12-31 16:17:00,29133.0,29133.0,29133.0,29133.0,1
TMF,202603,2025-12-31 16:28:00,29121.0,29129.0,29121.0,29129.0,2
TMF,202603,2025-12-31 16:29:00,29120.0,29120.0,29120.0,29120.0,1
TMF,202603,2025-12-31 16:30:00,29118.0,29118.0,29118.0,29118.0,2
TMF,202603,2025-12-31 16:31:00,29111.0,29115.0,29111.0,29111.0,5
TMF,202603,2025-12-31 16:32:00,29117.0,29117.0,29117.0,29117.0,1
TMF,202603,2025-12-31 16:34:00,29102.0,29102.0,29102.0,29102.0,1
TMF,202603,2025-12-31 16:35:00,29100.0,29100.0,29098.0,29098.0,22
TMF,202603,2025-12-31 16:38:00,29103.0,29103.0,29101.0,29101.0,5
TMF,202603,2025-12-31 16:41:00,29101.0,29101.0,29101.0,29101.0,5
TMF,202603,2025-12-31 16:43:00,29107.0,29107.0,29107.0,29107.0,1
TMF,202603,2025-12-31 16:46:00,29111.0,29111.0,29111.0,29111.0,1
TMF,202603,2025-12-31 16:47:00,29107.0,29107.0,29107.0,29107.0,1
TMF,202603,2025-12-31 16:51:00,29106.0,29107.0,29106.0,29107.0,3
TMF,202603,2025-12-31 16:53:00,29107.0,29107.0,29107.0,29107.0,1
TMF,202603,2025-12-31 16:55:00,29103.0,29103.0,29094.0,29094.0,10
TMF,202603,2025-12-31 16:56:00,29095.0,29098.0,29095.0,29098.0,2
TMF,202603,2025-12-31 16:58:00,29100.0,29100.0,29100.0,29100.0,1
TMF,202603,2025-12-31 17:01:00,29103.0,29105.0,29103.0,29105.0,3
TMF,202603,2025-12-31 17:02:00,29113.0,29113.0,29113.0,29113.0,1
TMF,202603,2025-12-31 17:03:00,29113.0,29116.0,29113.0,29116.0,2
TMF,202603,2025-12-31 17:12:00,29108.0,29108.0,29108.0,29108.0,1
TMF,202603,2025-12-31 17:13:00,29111.0,29111.0,29111.0,29111.0,1
TMF,202603,2025-12-31 17:18:00,29108.0,29108.0,29108.0,29108.0,1
TMF,202603,2025-12-31 17:26:00,29108.0,29108.0,29108.0,29108.0,1
TMF,202603,2025-12-31 17:27:00,29111.0,29111.0,29111.0,29111.0,1
TMF,202603,2025-12-31 17:30:00,29108.0,29108.0,29108.0,29108.0,1
TMF,202603,2025-12-31 17:49:00,29108.0,29108.0,29108.0,29108.0,1
TMF,202603,2025-12-31 17:55:00,29103.0,29103.0,29103.0,29103.0,1
TMF,202603,2025-12-31 17:57:00,29100.0,29100.0,29100.0,29100.0,1
TMF,202603,2025-12-31 17:58:00,29100.0,29100.0,29100.0,29100.0,1
TMF,202603,2025-12-31 17:59:00,29100.0,29100.0,29100.0,29100.0,1
TMF,202603,2025-12-31 18:00:00,29100.0,29100.0,29096.0,29096.0,2
TMF,202603,2025-12-31 18:01:00,29093.0,29093.0,29092.0,29092.0,2
TMF,202603,2025-12-31 18:03:00,29090.0,29091.0,29090.0,29091.0,2
TMF,202603,2025-12-31 18:04:00,29088.0,29088.0,29088.0,29088.0,1
TMF,202603,2025-12-31 18:05:00,29090.0,29090.0,29090.0,29090.0,1
TMF,202603,2025-12-31 18:08:00,29088.0,29088.0,29088.0,29088.0,3
TMF,202603,2025-12-31 18:11:00,29091.0,29091.0,29091.0,29091.0,1
TMF,202603,2025-12-31 18:39:00,29108.0,29108.0,29108.0,29108.0,1
TMF,202603,2025-12-31 18:40:00,29112.0,29113.0,29112.0,29113.0,2
TMF,202603,2025-12-31 18:48:00,29105.0,29105.0,29105.0,29105.0,1
TMF,202603,2025-12-31 18:53:00,29112.0,29112.0,29112.0,29112.0,1
TMF,202603,2025-12-31 18:58:00,29101.0,29101.0,29101.0,29101.0,1
TMF,202603,2025-12-31 19:10:00,29108.0,29108.0,29108.0,29108.0,1
TMF,202603,2025-12-31 19:15:00,29103.0,29103.0,29103.0,29103.0,1
TMF,202603,2025-12-31 19:18:00,29101.0,29101.0,29100.0,29100.0,3
TMF,202603,2025-12-31 19:22:00,29100.0,29100.0,29100.0,29100.0,1
TMF,202603,2025-12-31 19:24:00,29098.0,29098.0,29098.0,29098.0,1
TMF,202603,2025-12-31 19:27:00,29094.0,29094.0,29094.0,29094.0,1
TMF,202603,2025-12-31 19:28:00,29095.0,29095.0,29095.0,29095.0,1
TMF,202603,2025-12-31 19:32:00,29098.0,29098.0,29098.0,29098.0,2
TMF,202603,2025-12-31 19:37:00,29100.0,29100.0,29100.0,29100.0,1
TMF,202603,2025-12-31 19:38:00,29101.0,29102.0,29101.0,29102.0,2
TMF,202603,2025-12-31 19:40:00,29095.0,29095.0,29095.0,29095.0,1
TMF,202603,2025-12-31 19:42:00,29095.0,29095.0,29095.0,29095.0,1
TMF,202603,2025-12-31 19:53:00,29093.0,29093.0,29090.0,29090.0,4
TMF,202603,2025-12-31 20:09:00,29096.0,29098.0,29096.0,29098.0,5
TMF,202603,2025-12-31 20:13:00,29099.0,29099.0,29099.0,29099.0,1
TMF,202603,2025-12-31 20:16:00,29100.0,29100.0,29100.0,29100.0,1
TMF,202603,2025-12-31 20:20:00,29114.0,29115.0,29114.0,29115.0,2
TMF,202603,2025-12-31 20:21:00,29119.0,29119.0,29119.0,29119.0,1
TMF,202603,2025-12-31 20:22:00,29120.0,29120.0,29120.0,29120.0,1
TMF,202603,2025-12-31 20:23:00,29121.0,29121.0,29121.0,29121.0,1
TMF,202603,2025-12-31 20:24:00,29114.0,29114.0,29107.0,29107.0,2
TMF,202603,2025-12-31 20:30:00,29110.0,29110.0,29110.0,29110.0,1
TMF,202603,2025-12-31 20:32:00,29116.0,29116.0,29116.0,29116.0,1
TMF,202603,2025-12-31 20:50:00,29120.0,29122.0,29116.0,29122.0,12
TMF,202603,2025-12-31 20:52:00,29120.0,29120.0,29120.0,29120.0,1
TMF,202603,2025-12-31 20:54:00,29120.0,29120.0,29120.0,29120.0,1
TMF,202603,2025-12-31 20:55:00,29132.0,29132.0,29132.0,29132.0,1
TMF,202603,2025-12-31 20:56:00,29130.0,29130.0,29130.0,29130.0,1
TMF,202603,2025-12-31 20:58:00,29135.0,29136.0,29135.0,29136.0,2
TMF,202603,2025-12-31 21:00:00,29137.0,29137.0,29137.0,29137.0,1
TMF,202603,2025-12-31 21:01:00,29128.0,29128.0,29128.0,29128.0,1
TMF,202603,2025-12-31 21:03:00,29133.0,29133.0,29133.0,29133.0,1
TMF,202603,2025-12-31 21:04:00,29133.0,29133.0,29133.0,29133.0,7
TMF,202603,2025-12-31 21:05:00,29133.0,29133.0,29133.0,29133.0,21
TMF,202603,2025-12-31 21:06:00,29133.0,29133.0,29133.0,29133.0,3
TMF,202603,2025-12-31 21:11:00,29133.0,29133.0,29133.0,29133.0,1
TMF,202603,2025-12-31 21:14:00,29133.0,29133.0,29133.0,29133.0,1
TMF,202603,2025-12-31 21:16:00,29138.0,29138.0,29138.0,29138.0,1
TMF,202603,2025-12-31 21:17:00,29140.0,29140.0,29140.0,29140.0,1
TMF,202603,2025-12-31 21:18:00,29141.0,29145.0,29141.0,29145.0,3
TMF,202603,2025-12-31 21:21:00,29145.0,29145.0,29145.0,29145.0,3
TMF,202603,2025-12-31 21:23:00,29145.0,29155.0,29145.0,29155.0,11
TMF,202603,2025-12-31 21:24:00,29155.0,29157.0,29155.0,29157.0,15
TMF,202603,2025-12-31 21:25:00,29157.0,29160.0,29157.0,29160.0,12
TMF,202603,2025-12-31 21:27:00,29157.0,29162.0,29157.0,29162.0,30
TMF,202603,2025-12-31 21:30:00,29148.0,29148.0,29148.0,29148.0,1
TMF,202603,2025-12-31 21:32:00,29148.0,29148.0,29148.0,29148.0,3
TMF,202603,2025-12-31 21:33:00,29152.0,29152.0,29150.0,29151.0,9
TMF,202603,2025-12-31 21:34:00,29152.0,29152.0,29152.0,29152.0,1
TMF,202603,2025-12-31 21:39:00,29160.0,29162.0,29160.0,29162.0,3
TMF,202603,2025-12-31 21:41:00,29160.0,29161.0,29160.0,29161.0,2
TMF,202603,2025-12-31 21:42:00,29162.0,29162.0,29162.0,29162.0,1
TMF,202603,2025-12-31 21:43:00,29163.0,29163.0,29163.0,29163.0,1
TMF,202603,2025-12-31 21:44:00,29163.0,29163.0,29163.0,29163.0,1
TMF,202603,2025-12-31 21:45:00,29163.0,29165.0,29162.0,29162.0,9
TMF,202603,2025-12-31 21:46:00,29166.0,29166.0,29166.0,29166.0,2
TMF,202603,2025-12-31 21:47:00,29167.0,29185.0,29167.0,29184.0,31
TMF,202603,2025-12-31 21:48:00,29185.0,29187.0,29185.0,29187.0,5
TMF,202603,2025-12-31 21:50:00,29180.0,29180.0,29174.0,29174.0,5
TMF,202603,2025-12-31 21:51:00,29186.0,29186.0,29186.0,29186.0,1
TMF,202603,2025-12-31 21:52:00,29187.0,29188.0,29187.0,29188.0,9
TMF,202603,2025-12-31 21:53:00,29189.0,29189.0,29189.0,29189.0,1
TMF,202603,2025-12-31 21:54:00,29195.0,29195.0,29195.0,29195.0,1
TMF,202603,2025-12-31 21:57:00,29187.0,29187.0,29185.0,29185.0,3
TMF,202603,2025-12-31 21:58:00,29184.0,29184.0,29184.0,29184.0,1
TMF,202603,2025-12-31 21:59:00,29184.0,29184.0,29184.0,29184.0,1
TMF,202603,2025-12-31 22:01:00,29184.0,29184.0,29184.0,29184.0,4
TMF,202603,2025-12-31 22:03:00,29184.0,29184.0,29184.0,29184.0,1
TMF,202603,2025-12-31 22:04:00,29186.0,29187.0,29184.0,29187.0,3
TMF,202603,2025-12-31 22:11:00,29188.0,29188.0,29188.0,29188.0,2
TMF,202603,2025-12-31 22:13:00,29188.0,29195.0,29188.0,29195.0,11
TMF,202603,2025-12-31 22:14:00,29186.0,29186.0,29186.0,29186.0,1
TMF,202603,2025-12-31 22:18:00,29190.0,29191.0,29190.0,29191.0,3
TMF,202603,2025-12-31 22:21:00,29178.0,29178.0,29178.0,29178.0,1
TMF,202603,2025-12-31 22:28:00,29178.0,29178.0,29178.0,29178.0,1
TMF,202603,2025-12-31 22:29:00,29167.0,29167.0,29167.0,29167.0,2
TMF,202603,2025-12-31 22:30:00,29180.0,29180.0,29179.0,29179.0,3
TMF,202603,2025-12-31 22:31:00,29190.0,29190.0,29190.0,29190.0,1
TMF,202603,2025-12-31 22:32:00,29175.0,29175.0,29175.0,29175.0,1
TMF,202603,2025-12-31 22:33:00,29163.0,29165.0,29162.0,29165.0,5
TMF,202603,2025-12-31 22:35:00,29180.0,29180.0,29180.0,29180.0,1
TMF,202603,2025-12-31 22:36:00,29161.0,29161.0,29160.0,29160.0,2
TMF,202603,2025-12-31 22:37:00,29160.0,29160.0,29156.0,29156.0,3
TMF,202603,2025-12-31 22:39:00,29156.0,29156.0,29156.0,29156.0,3
TMF,202603,2025-12-31 22:40:00,29156.0,29156.0,29156.0,29156.0,1
TMF,202603,2025-12-31 22:41:00,29150.0,29160.0,29150.0,29150.0,3
TMF,202603,2025-12-31 22:43:00,29153.0,29153.0,29153.0,29153.0,1
TMF,202603,2025-12-31 22:45:00,29153.0,29153.0,29153.0,29153.0,1
TMF,202603,2025-12-31 22:48:00,29150.0,29153.0,29150.0,29153.0,4
TMF,202603,2025-12-31 22:50:00,29153.0,29160.0,29153.0,29160.0,2
TMF,202603,2025-12-31 22:53:00,29175.0,29175.0,29175.0,29175.0,1
TMF,202603,2025-12-31 22:55:00,29179.0,29179.0,29179.0,29179.0,2
TMF,202603,2025-12-31 22:56:00,29177.0,29177.0,29177.0,29177.0,1
TMF,202603,2025-12-31 22:58:00,29168.0,29168.0,29168.0,29168.0,3
TMF,202603,2025-12-31 23:02:00,29168.0,29168.0,29166.0,29166.0,2
TMF,202603,2025-12-31 23:05:00,29179.0,29179.0,29179.0,29179.0,1
TMF,202603,2025-12-31 23:09:00,29166.0,29166.0,29166.0,29166.0,1
TMF,202603,2025-12-31 23:10:00,29166.0,29166.0,29165.0,29165.0,2
TMF,202603,2025-12-31 23:11:00,29155.0,29155.0,29153.0,29153.0,4
TMF,202603,2025-12-31 23:12:00,29150.0,29150.0,29150.0,29150.0,1
TMF,202603,2025-12-31 23:13:00,29150.0,29150.0,29150.0,29150.0,1
TMF,202603,2025-12-31 23:15:00,29156.0,29156.0,29154.0,29154.0,2
TMF,202603,2025-12-31 23:16:00,29154.0,29154.0,29154.0,29154.0,1
TMF,202603,2025-12-31 23:18:00,29150.0,29150.0,29140.0,29140.0,3
TMF,202603,2025-12-31 23:33:00,29166.0,29166.0,29166.0,29166.0,1
TMF,202603,2025-12-31 23:55:00,29146.0,29146.0,29145.0,29145.0,2
TMF,202603,2026-01-01 00:01:00,29145.0,29145.0,29145.0,29145.0,1
TMF,202603,2026-01-01 00:08:00,29131.0,29135.0,29131.0,29135.0,2
TMF,202603,2026-01-01 00:09:00,29130.0,29130.0,29128.0,29128.0,2
TMF,202603,2026-01-01 00:10:00,29127.0,29127.0,29121.0,29121.0,4
TMF,202603,2026-01-01 00:11:00,29120.0,29120.0,29118.0,29118.0,11
TMF,202603,2026-01-01 00:12:00,29117.0,29121.0,29117.0,29121.0,2
TMF,202603,2026-01-01 00:13:00,29124.0,29124.0,29124.0,29124.0,1
TMF,202603,2026-01-01 00:14:00,29136.0,29136.0,29136.0,29136.0,1
TMF,202603,2026-01-01 00:16:00,29130.0,29130.0,29130.0,29130.0,1
TMF,202603,2026-01-01 00:19:00,29140.0,29140.0,29140.0,29140.0,1
TMF,202603,2026-01-01 00:23:00,29145.0,29145.0,29145.0,29145.0,1
TMF,202603,2026-01-01 00:25:00,29145.0,29145.0,29145.0,29145.0,1
TMF,202603,2026-01-01 00:26:00,29144.0,29144.0,29144.0,29144.0,1
TMF,202603,2026-01-01 00:28:00,29139.0,29139.0,29139.0,29139.0,1
TMF,202603,2026-01-01 00:29:00,29145.0,29145.0,29145.0,29145.0,3
TMF,202603,2026-01-01 00:35:00,29140.0,29140.0,29140.0,29140.0,1
TMF,202603,2026-01-01 00:38:00,29145.0,29145.0,29145.0,29145.0,1
TMF,202603,2026-01-01 00:51:00,29144.0,29150.0,29144.0,29150.0,2
TMF,202603,2026-01-01 00:52:00,29158.0,29158.0,29158.0,29158.0,1
TMF,202603,2026-01-01 00:53:00,29162.0,29163.0,29162.0,29163.0,4
TMF,202603,2026-01-01 00:54:00,29160.0,29160.0,29160.0,29160.0,2
TMF,202603,2026-01-01 01:00:00,29157.0,29157.0,29156.0,29156.0,3
TMF,202603,2026-01-01 01:18:00,29156.0,29156.0,29156.0,29156.0,1
TMF,202603,2026-01-01 01:36:00,29169.0,29169.0,29169.0,29169.0,3
TMF,202603,2026-01-01 01:37:00,29170.0,29175.0,29170.0,29175.0,13
TMF,202603,2026-01-01 01:43:00,29177.0,29178.0,29177.0,29177.0,3
TMF,202603,2026-01-01 01:44:00,29175.0,29175.0,29175.0,29175.0,1
TMF,202603,2026-01-01 01:50:00,29165.0,29165.0,29165.0,29165.0,1
TMF,202603,2026-01-01 01:54:00,29168.0,29168.0,29158.0,29158.0,3
TMF,202603,2026-01-01 02:25:00,29173.0,29176.0,29173.0,29176.0,2
TMF,202603,2026-01-01 02:26:00,29177.0,29177.0,29177.0,29177.0,1
TMF,202603,2026-01-01 02:28:00,29180.0,29182.0,29180.0,29182.0,4
TMF,202603,2026-01-01 02:30:00,29182.0,29182.0,29182.0,29182.0,1
TMF,202603,2026-01-01 02:34:00,29182.0,29186.0,29182.0,29186.0,2
TMF,202603,2026-01-01 02:35:00,29187.0,29187.0,29187.0,29187.0,1
TMF,202603,2026-01-01 02:38:00,29180.0,29180.0,29180.0,29180.0,1
TMF,202603,2026-01-01 02:40:00,29180.0,29180.0,29180.0,29180.0,2
TMF,202603,2026-01-01 02:54:00,29189.0,29194.0,29189.0,29194.0,11
TMF,202603,2026-01-01 02:55:00,29195.0,29195.0,29195.0,29195.0,1
TMF,202603,2026-01-01 03:00:00,29195.0,29203.0,29195.0,29203.0,55
TMF,202603,2026-01-01 03:03:00,29204.0,29204.0,29204.0,29204.0,1
TMF,202603,2026-01-01 03:04:00,29204.0,29204.0,29204.0,29204.0,1
TMF,202603,2026-01-01 03:07:00,29204.0,29204.0,29204.0,29204.0,1
TMF,202603,2026-01-01 03:09:00,29203.0,29204.0,29203.0,29204.0,3
TMF,202603,2026-01-01 03:10:00,29207.0,29207.0,29207.0,29207.0,1
TMF,202603,2026-01-01 03:11:00,29206.0,29206.0,29206.0,29206.0,1
TMF,202603,2026-01-01 03:15:00,29206.0,29206.0,29206.0,29206.0,2
TMF,202603,2026-01-01 03:16:00,29200.0,29200.0,29200.0,29200.0,1
TMF,202603,2026-01-01 03:31:00,29185.0,29185.0,29180.0,29180.0,2
TMF,202603,2026-01-01 03:33:00,29177.0,29177.0,29177.0,29177.0,1
TMF,202603,2026-01-01 03:34:00,29162.0,29162.0,29161.0,29161.0,2
TMF,202603,2026-01-01 03:35:00,29158.0,29158.0,29157.0,29157.0,2
TMF,202603,2026-01-01 03:40:00,29170.0,29170.0,29170.0,29170.0,1
TMF,202603,2026-01-01 03:50:00,29170.0,29170.0,29170.0,29170.0,2
TMF,202603,2026-01-01 04:00:00,29157.0,29157.0,29157.0,29157.0,1
TMF,202603,2026-01-01 04:04:00,29157.0,29157.0,29150.0,29150.0,2
TMF,202603,2026-01-01 04:06:00,29153.0,29153.0,29150.0,29150.0,2
TMF,202603,2026-01-01 04:09:00,29140.0,29140.0,29140.0,29140.0,1
TMF,202603,2026-01-01 04:10:00,29138.0,29138.0,29130.0,29130.0,7
TMF,202603,2026-01-01 04:11:00,29125.0,29125.0,29125.0,29125.0,1
TMF,202603,2026-01-01 04:13:00,29125.0,29125.0,29125.0,29125.0,2
TMF,202603,2026-01-01 04:15:00,29125.0,29125.0,29110.0,29111.0,13
TMF,202603,2026-01-01 04:16:00,29127.0,29127.0,29127.0,29127.0,1
TMF,202603,2026-01-01 04:20:00,29110.0,29110.0,29101.0,29101.0,8
TMF,202603,2026-01-01 04:21:00,29100.0,29100.0,29088.0,29088.0,30
TMF,202603,2026-01-01 04:23:00,29088.0,29088.0,29088.0,29088.0,1
TMF,202603,2026-01-01 04:26:00,29084.0,29086.0,29082.0,29082.0,6
TMF,202603,2026-01-01 04:27:00,29081.0,29081.0,29074.0,29074.0,10
TMF,202603,2026-01-01 04:29:00,29088.0,29088.0,29088.0,29088.0,2
TMF,202603,2026-01-01 04:31:00,29077.0,29077.0,29077.0,29077.0,2
TMF,202603,2026-01-01 04:34:00,29080.0,29080.0,29080.0,29080.0,1
TMF,202603,2026-01-01 04:36:00,29089.0,29089.0,29089.0,29089.0,1
TMF,202603,2026-01-01 04:37:00,29098.0,29098.0,29098.0,29098.0,1
TMF,202603,2026-01-01 04:49:00,29098.0,29098.0,29098.0,29098.0,1
TMF,202603,2026-01-01 04:50:00,29098.0,29098.0,29098.0,29098.0,8
TMF,202603,2026-01-01 04:56:00,29125.0,29125.0,29125.0,29125.0,2
TMF,202603,2026-01-01 04:58:00,29112.0,29112.0,29112.0,29112.0,1
TMF,202603,2026-01-01 04:59:00,29108.0,29108.0,29108.0,29108.0,1
TMF,202606,2025-12-31 15:00:00,29208.0,29215.0,29199.0,29199.0,12
TMF,202606,2025-12-31 15:01:00,29204.0,29220.0,29204.0,29220.0,3
TMF,202606,2025-12-31 15:24:00,29220.0,29220.0,29220.0,29220.0,1
TMF,202606,2025-12-31 15:26:00,29250.0,29255.0,29250.0,29255.0,3
TMF,202606,2025-12-31 15:27:00,29256.0,29256.0,29256.0,29256.0,1
TMF,202606,2025-12-31 15:31:00,29251.0,29251.0,29251.0,29251.0,1
TMF,202606,2025-12-31 15:39:00,29259.0,29259.0,29259.0,29259.0,1
TMF,202606,2025-12-31 15:40:00,29260.0,29260.0,29260.0,29260.0,1
TMF,202606,2025-12-31 15:50:00,29252.0,29252.0,29252.0,29252.0,2
TMF,202606,2025-12-31 16:15:00,29230.0,29230.0,29230.0,29230.0,1
TMF,202606,2025-12-31 16:22:00,29232.0,29232.0,29230.0,29230.0,4
TMF,202606,2025-12-31 16:31:00,29212.0,29212.0,29212.0,29212.0,1
TMF,202606,2025-12-31 16:33:00,29200.0,29200.0,29200.0,29200.0,1
TMF,202606,2025-12-31 16:35:00,29200.0,29200.0,29200.0,29200.0,1
TMF,202606,2025-12-31 16:38:00,29195.0,29195.0,29195.0,29195.0,5
TMF,202606,2025-12-31 16:59:00,29195.0,29195.0,29195.0,29195.0,1
TMF,202606,2025-12-31 17:32:00,29199.0,29199.0,29199.0,29199.0,1
TMF,202606,2025-12-31 17:39:00,29217.0,29217.0,29217.0,29217.0,5
TMF,202606,2025-12-31 18:01:00,29190.0,29190.0,29190.0,29190.0,2
TMF,202606,2025-12-31 18:03:00,29188.0,29188.0,29180.0,29180.0,2
TMF,202606,2025-12-31 18:09:00,29180.0,29180.0,29180.0,29180.0,1
TMF,202606,2025-12-31 20:30:00,29200.0,29200.0,29200.0,29200.0,1
TMF,202606,2025-12-31 20:58:00,29219.0,29219.0,29219.0,29219.0,1
TMF,202606,2025-12-31 21:23:00,29232.0,29232.0,29232.0,29232.0,1
TMF,202606,2025-12-31 21:26:00,29234.0,29234.0,29234.0,29234.0,1
TMF,202606,2025-12-31 21:27:00,29244.0,29244.0,29244.0,29244.0,1
TMF,202606,2025-12-31 21:32:00,29233.0,29233.0,29233.0,29233.0,1
TMF,202606,2025-12-31 21:36:00,29228.0,29228.0,29228.0,29228.0,1
TMF,202606,2025-12-31 21:37:00,29233.0,29233.0,29233.0,29233.0,1
TMF,202606,2025-12-31 21:40:00,29249.0,29249.0,29249.0,29249.0,1
TMF,202606,2025-12-31 21:43:00,29234.0,29234.0,29234.0,29234.0,1
TMF,202606,2025-12-31 21:45:00,29250.0,29250.0,29250.0,29250.0,1
TMF,202606,2025-12-31 21:48:00,29260.0,29260.0,29260.0,29260.0,1
TMF,202606,2025-12-31 21:50:00,29260.0,29260.0,29260.0,29260.0,1
TMF,202606,2025-12-31 21:51:00,29270.0,29270.0,29270.0,29270.0,1
TMF,202606,2025-12-31 21:58:00,29270.0,29270.0,29270.0,29270.0,2
TMF,202606,2025-12-31 21:59:00,29271.0,29271.0,29271.0,29271.0,4
TMF,202606,2025-12-31 22:00:00,29273.0,29273.0,29273.0,29273.0,2
TMF,202606,2025-12-31 22:02:00,29276.0,29276.0,29276.0,29276.0,1
TMF,202606,2025-12-31 22:12:00,29276.0,29276.0,29276.0,29276.0,1
TMF,202606,2025-12-31 22:17:00,29276.0,29276.0,29276.0,29276.0,1
TMF,202606,2025-12-31 22:18:00,29276.0,29276.0,29276.0,29276.0,1
TMF,202606,2025-12-31 22:27:00,29260.0,29260.0,29260.0,29260.0,1
TMF,202606,2025-12-31 22:33:00,29250.0,29250.0,29250.0,29250.0,1
TMF,202606,2025-12-31 22:38:00,29248.0,29248.0,29248.0,29248.0,1
TMF,202606,2025-12-31 22:39:00,29248.0,29248.0,29248.0,29248.0,1
TMF,202606,2025-12-31 22:40:00,29238.0,29238.0,29238.0,29238.0,2
TMF,202606,2025-12-31 22:41:00,29230.0,29230.0,29230.0,29230.0,25
TMF,202606,2025-12-31 22:42:00,29230.0,29230.0,29230.0,29230.0,3
TMF,202606,2025-12-31 22:55:00,29256.0,29256.0,29256.0,29256.0,1
TMF,202606,2025-12-31 23:04:00,29250.0,29250.0,29250.0,29250.0,1
TMF,202606,2025-12-31 23:11:00,29236.0,29236.0,29236.0,29236.0,1
TMF,202606,2026-01-01 00:21:00,29235.0,29235.0,29235.0,29235.0,1
TMF,202606,2026-01-01 00:25:00,29236.0,29236.0,29236.0,29236.0,1
TMF,202606,2026-01-01 00:47:00,29215.0,29215.0,29215.0,29215.0,1
TMF,202606,2026-01-01 00:56:00,29239.0,29239.0,29239.0,29239.0,1
TMF,202606,2026-01-01 01:35:00,29239.0,29239.0,29239.0,29239.0,1
TMF,202606,2026-01-01 01:36:00,29242.0,29242.0,29242.0,29242.0,1
TMF,202606,2026-01-01 01:37:00,29248.0,29248.0,29248.0,29248.0,1
TMF,202606,2026-01-01 02:27:00,29258.0,29258.0,29258.0,29258.0,1
TMF,202606,2026-01-01 02:55:00,29276.0,29276.0,29276.0,29276.0,1
TMF,202606,2026-01-01 03:00:00,29280.0,29285.0,29280.0,29285.0,3
TMF,202606,2026-01-01 03:17:00,29279.0,29279.0,29279.0,29279.0,1
TMF,202606,2026-01-01 03:20:00,29276.0,29276.0,29276.0,29276.0,1
TMF,202606,2026-01-01 03:33:00,29272.0,29272.0,29272.0,29272.0,1
TMF,202606,2026-01-01 04:00:00,29260.0,29260.0,29260.0,29260.0,1
TMF,202606,2026-01-01 04:15:00,29205.0,29205.0,29205.0,29205.0,1
TMF,202606,2026-01-01 04:20:00,29200.0,29200.0,29195.0,29195.0,5
TMF,202606,2026-01-01 04:21:00,29180.0,29180.0,29180.0,29180.0,2
TMF,202606,2026-01-01 04:27:00,29167.0,29167.0,29166.0,29166.0,8
TMF,202606,2026-01-01 04:36:00,29196.0,29196.0,29196.0,29196.0,1
TMF,202606,2026-01-01 04:37:00,29196.0,29196.0,29196.0,29196.0,1
TMF,202606,2026-01-01 04:46:00,29196.0,29196.0,29196.0,29196.0,1
TMF,202606,2026-01-01 04:49:00,29196.0,29196.0,29196.0,29196.0,4
TMF,202609,2025-12-31 15:01:00,28977.0,28977.0,28977.0,28977.0,1
TMF,202609,2025-12-31 15:04:00,28972.0,28972.0,28972.0,28972.0,1
TMF,202609,2025-12-31 15:05:00,28974.0,28974.0,28974.0,28974.0,1
TMF,202609,2025-12-31 15:25:00,28998.0,28998.0,28998.0,28998.0,1
TMF,202609,2025-12-31 15:26:00,29000.0,29017.0,29000.0,29017.0,2
TMF,202609,2025-12-31 15:27:00,29017.0,29017.0,29017.0,29017.0,1
TMF,202609,2025-12-31 15:28:00,29018.0,29018.0,29018.0,29018.0,1
TMF,202609,2025-12-31 15:29:00,29018.0,29018.0,29018.0,29018.0,1
TMF,202609,2025-12-31 15:30:00,29020.0,29020.0,29020.0,29020.0,1
TMF,202609,2025-12-31 15:35:00,29028.0,29028.0,29028.0,29028.0,1
TMF,202609,2025-12-31 15:40:00,29028.0,29028.0,29028.0,29028.0,1
TMF,202609,2025-12-31 15:46:00,29028.0,29028.0,29028.0,29028.0,1
TMF,202609,2025-12-31 15:50:00,29012.0,29012.0,29012.0,29012.0,1
TMF,202609,2025-12-31 16:05:00,29013.0,29013.0,29013.0,29013.0,1
TMF,202609,2025-12-31 16:06:00,29009.0,29009.0,29009.0,29009.0,1
TMF,202609,2025-12-31 16:09:00,29008.0,29008.0,29005.0,29005.0,3
TMF,202609,2025-12-31 16:22:00,29000.0,29000.0,29000.0,29000.0,1
TMF,202609,2025-12-31 16:26:00,28979.0,28979.0,28979.0,28979.0,1
TMF,202609,2025-12-31 16:31:00,28977.0,28977.0,28977.0,28977.0,1
TMF,202609,2025-12-31 16:47:00,28970.0,28970.0,28970.0,28970.0,1
TMF,202609,2025-12-31 17:05:00,28988.0,28991.0,28988.0,28991.0,3
TMF,202609,2025-12-31 17:25:00,28965.0,28965.0,28963.0,28963.0,3
TMF,202609,2025-12-31 17:32:00,28963.0,28963.0,28963.0,28963.0,1
TMF,202609,2025-12-31 17:38:00,28990.0,28990.0,28990.0,28990.0,1
TMF,202609,2025-12-31 18:16:00,28970.0,28970.0,28970.0,28970.0,1
TMF,202609,2025-12-31 18:32:00,28975.0,28976.0,28975.0,28976.0,2
TMF,202609,2025-12-31 18:33:00,28976.0,28976.0,28976.0,28976.0,3
TMF,202609,2025-12-31 19:02:00,28976.0,28976.0,28976.0,28976.0,1
TMF,202609,2025-12-31 19:53:00,28960.0,28960.0,28960.0,28960.0,1
TMF,202609,2025-12-31 20:35:00,28992.0,28992.0,28992.0,28992.0,1
TMF,202609,2025-12-31 21:22:00,29008.0,29014.0,29008.0,29014.0,2
TMF,202609,2025-12-31 21:26:00,29014.0,29014.0,29014.0,29014.0,1
TMF,202609,2025-12-31 21:27:00,29014.0,29014.0,29014.0,29014.0,2
TMF,202609,2025-12-31 21:33:00,29014.0,29014.0,29014.0,29014.0,1
TMF,202609,2025-12-31 21:44:00,29014.0,29014.0,29014.0,29014.0,3
TMF,202609,2025-12-31 21:47:00,29024.0,29024.0,29024.0,29024.0,1
TMF,202609,2025-12-31 21:49:00,29025.0,29025.0,29025.0,29025.0,1
TMF,202609,2025-12-31 21:50:00,29032.0,29032.0,29032.0,29032.0,1
TMF,202609,2025-12-31 21:52:00,29038.0,29064.0,29037.0,29037.0,11
TMF,202609,2025-12-31 21:56:00,29037.0,29037.0,29037.0,29037.0,1
TMF,202609,2025-12-31 22:04:00,29037.0,29037.0,29037.0,29037.0,2
TMF,202609,2025-12-31 22:05:00,29037.0,29037.0,29037.0,29037.0,2
TMF,202609,2025-12-31 22:08:00,29049.0,29049.0,29049.0,29049.0,1
TMF,202609,2025-12-31 22:09:00,29050.0,29060.0,29050.0,29060.0,4
TMF,202609,2025-12-31 22:14:00,29055.0,29060.0,29055.0,29060.0,2
TMF,202609,2025-12-31 22:15:00,29066.0,29066.0,29066.0,29066.0,1
TMF,202609,2025-12-31 22:19:00,29058.0,29058.0,29058.0,29058.0,1
TMF,202609,2025-12-31 22:41:00,29007.0,29007.0,29007.0,29007.0,3
TMF,202609,2025-12-31 22:56:00,29057.0,29060.0,29055.0,29056.0,5
TMF,202609,2025-12-31 22:57:00,29055.0,29055.0,29055.0,29055.0,1
TMF,202609,2025-12-31 22:58:00,29051.0,29052.0,29051.0,29052.0,5
TMF,202609,2025-12-31 23:03:00,29050.0,29053.0,29050.0,29053.0,10
TMF,202609,2025-12-31 23:06:00,29055.0,29057.0,29055.0,29057.0,2
TMF,202609,2025-12-31 23:27:00,29028.0,29028.0,29028.0,29028.0,1
TMF,202609,2025-12-31 23:33:00,29023.0,29023.0,29023.0,29023.0,1
TMF,202609,2025-12-31 23:37:00,29045.0,29045.0,29045.0,29045.0,1
TMF,202609,2025-12-31 23:56:00,29018.0,29018.0,29018.0,29018.0,1
TMF,202609,2026-01-01 00:11:00,29006.0,29006.0,29006.0,29006.0,1
TMF,202609,2026-01-01 01:52:00,29024.0,29024.0,29024.0,29024.0,1
TMF,202609,2026-01-01 02:23:00,29050.0,29050.0,29050.0,29050.0,1
TMF,202609,2026-01-01 02:40:00,29050.0,29050.0,29050.0,29050.0,1
TMF,202609,2026-01-01 02:46:00,29057.0,29057.0,29057.0,29057.0,1
TMF,202609,2026-01-01 02:54:00,29060.0,29060.0,29060.0,29060.0,2
TMF,202609,2026-01-01 03:00:00,29062.0,29066.0,29062.0,29066.0,5
TMF,202609,2026-01-01 03:01:00,29066.0,29066.0,29066.0,29066.0,1
TMF,202609,2026-01-01 03:03:00,29066.0,29066.0,29066.0,29066.0,1
TMF,202609,2026-01-01 03:15:00,29070.0,29070.0,29070.0,29070.0,2
TMF,202609,2026-01-01 03:24:00,29070.0,29070.0,29070.0,29070.0,1
TMF,202609,2026-01-01 03:54:00,29049.0,29049.0,29049.0,29049.0,1
TMF,202609,2026-01-01 03:59:00,29053.0,29053.0,29053.0,29053.0,1
TMF,202609,2026-01-01 04:01:00,29036.0,29036.0,29034.0,29034.0,2
TMF,202609,2026-01-01 04:08:00,29018.0,29018.0,29006.0,29006.0,3
TMF,202609,2026-01-01 04:11:00,29000.0,29000.0,28995.0,28995.0,3
TMF,202609,2026-01-01 04:15:00,28991.0,28991.0,28991.0,28991.0,1
TMF,202609,2026-01-01 04:21:00,28977.0,28977.0,28966.0,28966.0,5
TMF,202609,2026-01-01 04:45:00,28994.0,28994.0,28994.0,28994.0,1
TMF,202609,2026-01-01 04:49:00,28977.0,28977.0,28977.0,28977.0,1
TMF,202609,2026-01-01 04:50:00,28976.0,28976.0,28976.0,28976.0,1
TMF,202612,2025-12-31 15:26:00,29088.0,29088.0,29088.0,29088.0,1
TMF,202612,2025-12-31 15:34:00,29100.0,29100.0,29100.0,29100.0,1
TMF,202612,2025-12-31 15:41:00,29090.0,29090.0,29090.0,29090.0,1
TMF,202612,2025-12-31 15:42:00,29088.0,29088.0,29088.0,29088.0,1
TMF,202612,2025-12-31 15:47:00,29095.0,29095.0,29095.0,29095.0,1
TMF,202612,2025-12-31 15:49:00,29080.0,29080.0,29080.0,29080.0,1
TMF,202612,2025-12-31 16:18:00,29077.0,29078.0,29077.0,29078.0,7
TMF,202612,2025-12-31 16:29:00,29061.0,29061.0,29061.0,29061.0,1
TMF,202612,2025-12-31 16:31:00,29050.0,29050.0,29050.0,29050.0,1
TMF,202612,2025-12-31 16:56:00,29023.0,29023.0,29023.0,29023.0,1
TMF,202612,2025-12-31 18:04:00,29002.0,29002.0,29002.0,29002.0,2
TMF,202612,2025-12-31 18:13:00,29025.0,29025.0,29025.0,29025.0,1
TMF,202612,2025-12-31 20:20:00,29030.0,29030.0,29030.0,29030.0,1
TMF,202612,2025-12-31 21:23:00,29077.0,29077.0,29077.0,29077.0,1
TMF,202612,2025-12-31 21:25:00,29080.0,29080.0,29080.0,29080.0,1
TMF,202612,2025-12-31 21:47:00,29080.0,29080.0,29080.0,29080.0,3
TMF,202612,2025-12-31 21:52:00,29099.0,29100.0,29099.0,29100.0,2
TMF,202612,2025-12-31 21:57:00,29115.0,29115.0,29115.0,29115.0,1
TMF,202612,2025-12-31 22:17:00,29116.0,29116.0,29116.0,29116.0,1
TMF,202612,2025-12-31 22:18:00,29111.0,29111.0,29111.0,29111.0,1
TMF,202612,2025-12-31 23:58:00,29060.0,29060.0,29060.0,29060.0,2
TMF,202612,2026-01-01 01:05:00,29072.0,29072.0,29072.0,29072.0,1
TMF,202612,2026-01-01 01:17:00,29066.0,29066.0,29066.0,29066.0,1
TMF,202612,2026-01-01 01:18:00,29096.0,29096.0,29096.0,29096.0,1
TMF,202612,2026-01-01 03:00:00,29120.0,29125.0,29120.0,29125.0,8
TMF,202612,2026-01-01 03:04:00,29125.0,29125.0,29125.0,29125.0,1
TMF,202612,2026-01-01 03:14:00,29125.0,29125.0,29125.0,29125.0,2
TMF,202612,2026-01-01 03:15:00,29125.0,29125.0,29125.0,29125.0,3
TMF,202612,2026-01-01 03:50:00,29100.0,29100.0,29100.0,29100.0,1
TMF,202612,2026-01-01 04:01:00,29087.0,29088.0,29087.0,29088.0,2
TMF,202612,2026-01-01 04:02:00,29086.0,29086.0,29086.0,29086.0,1
TMF,202612,2026-01-01 04:06:00,29082.0,29082.0,29082.0,29082.0,1
TMF,202612,2026-01-01 04:07:00,29082.0,29082.0,29082.0,29082.0,1
TMF,202612,2026-01-01 04:15:00,29050.0,29050.0,29050.0,29050.0,1
TMF,202612,2026-01-01 04:21:00,29030.0,29030.0,29030.0,29030.0,1
TMF,202612,2026-01-01 04:27:00,29005.0,29005.0,29003.0,29003.0,3
TMF,202612,2026-01-01 04:49:00,29030.0,29030.0,29030.0,29030.0,1
TX,202601,2025-12-31 15:00:00,29015.0,29026.0,29015.0,29025.0,174
TX,202601,2025-12-31 15:01:00,29025.0,29033.0,29023.0,29028.0,117
TX,202601,2025-12-31 15:02:00,29026.0,29026.0,29021.0,29023.0,28
TX,202601,2025-12-31 15:03:00,29021.0,29025.0,29019.0,29025.0,23
TX,202601,2025-12-31 15:04:00,29023.0,29025.0,29022.0,29023.0,15
TX,202601,2025-12-31 15:05:00,29023.0,29025.0,29020.0,29022.0,42
TX,202601,2025-12-31 15:06:00,29022.0,29023.0,29020.0,29023.0,17
TX,202601,2025-12-31 15:07:00,29023.0,29023.0,29020.0,29021.0,10
TX,202601,2025-12-31 15:08:00,29021.0,29021.0,29013.0,29015.0,66
TX,202601,2025-12-31 15:09:00,29015.0,29017.0,29014.0,29017.0,17
TX,202601,2025-12-31 15:10:00,29016.0,29020.0,29016.0,29020.0,16
TX,202601,2025-12-31 15:11:00,29019.0,29019.0,29014.0,29016.0,19
TX,202601,2025-12-31 15:12:00,29016.0,29017.0,29015.0,29015.0,21
TX,202601,2025-12-31 15:13:00,29015.0,29017.0,29014.0,29014.0,13
TX,202601,2025-12-31 15:14:00,29013.0,29019.0,29013.0,29017.0,13
TX,202601,2025-12-31 15:15:00,29016.0,29019.0,29016.0,29019.0,10
TX,202601,2025-12-31 15:16:00,29019.0,29020.0,29017.0,29020.0,30
TX,202601,2025-12-31 15:17:00,29019.0,29019.0,29015.0,29015.0,21
TX,202601,2025-12-31 15:18:00,29016.0,29019.0,29016.0,29018.0,10
TX,202601,2025-12-31 15:19:00,29018.0,29019.0,29014.0,29015.0,17
TX,202601,2025-12-31 15:20:00,29017.0,29021.0,29017.0,29020.0,15
TX,202601,2025-12-31 15:21:00,29021.0,29026.0,29021.0,29024.0,27
TX,202601,2025-12-31 15:22:00,29024.0,29026.0,29024.0,29024.0,13
TX,202601,2025-12-31 15:23:00,29024.0,29028.0,29024.0,29028.0,18
TX,202601,2025-12-31 15:24:00,29028.0,29037.0,29028.0,29037.0,89
TX,202601,2025-12-31 15:25:00,29037.0,29045.0,29036.0,29044.0,67
TX,202601,2025-12-31 15:26:00,29044.0,29071.0,29044.0,29057.0,329
TX,202601,2025-12-31 15:27:00,29057.0,29062.0,29055.0,29060.0,42
TX,202601,2025-12-31 15:28:00,29059.0,29059.0,29054.0,29055.0,54
TX,202601,2025-12-31 15:29:00,29055.0,29064.0,29055.0,29064.0,42
TX,202601,2025-12-31 15:30:00,29065.0,29068.0,29059.0,29059.0,66
TX,202601,2025-12-31 15:31:00,29060.0,29064.0,29060.0,29064.0,29
TX,202601,2025-12-31 15:32:00,29064.0,29064.0,29059.0,29060.0,38
TX,202601,2025-12-31 15:33:00,29061.0,29065.0,29060.0,29062.0,29
TX,202601,2025-12-31 15:34:00,29062.0,29062.0,29057.0,29060.0,23
TX,202601,2025-12-31 15:35:00,29059.0,29060.0,29058.0,29058.0,29
TX,202601,2025-12-31 15:36:00,29058.0,29059.0,29058.0,29058.0,6
TX,202601,2025-12-31 15:37:00,29057.0,29057.0,29055.0,29056.0,7
TX,202601,2025-12-31 15:38:00,29058.0,29066.0,29058.0,29066.0,34
TX,202601,2025-12-31 15:39:00,29065.0,29070.0,29065.0,29068.0,55
TX,202601,2025-12-31 15:40:00,29069.0,29073.0,29064.0,29071.0,117
TX,202601,2025-12-31 15:41:00,29070.0,29072.0,29067.0,29067.0,27
TX,202601,2025-12-31 15:42:00,29066.0,29067.0,29065.0,29065.0,13
TX,202601,2025-12-31 15:43:00,29065.0,29066.0,29063.0,29066.0,18
TX,202601,2025-12-31 15:44:00,29067.0,29067.0,29066.0,29066.0,12
TX,202601,2025-12-31 15:45:00,29065.0,29069.0,29065.0,29067.0,21
TX,202601,2025-12-31 15:46:00,29066.0,29067.0,29065.0,29066.0,20
TX,202601,2025-12-31 15:47:00,29064.0,29064.0,29062.0,29062.0,20
TX,202601,2025-12-31 15:48:00,29062.0,29062.0,29058.0,29059.0,39
TX,202601,2025-12-31 15:49:00,29059.0,29059.0,29055.0,29057.0,11
TX,202601,2025-12-31 15:50:00,29056.0,29057.0,29056.0,29056.0,8
TX,202601,2025-12-31 15:51:00,29055.0,29056.0,29051.0,29051.0,22
TX,202601,2025-12-31 15:52:00,29051.0,29054.0,29051.0,29054.0,7
TX,202601,2025-12-31 15:53:00,29053.0,29053.0,29051.0,29051.0,7
TX,202601,2025-12-31 15:54:00,29051.0,29052.0,29050.0,29052.0,10
TX,202601,2025-12-31 15:55:00,29052.0,29055.0,29051.0,29055.0,20
TX,202601,2025-12-31 15:56:00,29055.0,29057.0,29052.0,29052.0,38
TX,202601,2025-12-31 15:57:00,29051.0,29051.0,29051.0,29051.0,7
TX,202601,2025-12-31 15:58:00,29051.0,29051.0,29051.0,29051.0,1
TX,202601,2025-12-31 15:59:00,29051.0,29052.0,29051.0,29052.0,3
TX,202601,2025-12-31 16:00:00,29053.0,29054.0,29045.0,29053.0,73
TX,202601,2025-12-31 16:01:00,29052.0,29052.0,29051.0,29051.0,6
TX,202601,2025-12-31 16:02:00,29052.0,29058.0,29051.0,29058.0,21
TX,202601,2025-12-31 16:03:00,29059.0,29060.0,29055.0,29055.0,14
TX,202601,2025-12-31 16:04:00,29053.0,29053.0,29048.0,29051.0,8
TX,202601,2025-12-31 16:05:00,29049.0,29050.0,29046.0,29050.0,22
TX,202601,2025-12-31 16:06:00,29048.0,29048.0,29045.0,29047.0,21
TX,202601,2025-12-31 16:07:00,29047.0,29052.0,29046.0,29052.0,9
TX,202601,2025-12-31 16:08:00,29054.0,29054.0,29047.0,29047.0,16
TX,202601,2025-12-31 16:09:00,29046.0,29046.0,29038.0,29038.0,41
TX,202601,2025-12-31 16:10:00,29038.0,29041.0,29037.0,29037.0,20
TX,202601,2025-12-31 16:11:00,29039.0,29042.0,29037.0,29042.0,45
TX,202601,2025-12-31 16:12:00,29041.0,29041.0,29038.0,29038.0,16
TX,202601,2025-12-31 16:13:00,29038.0,29039.0,29038.0,29039.0,7
TX,202601,2025-12-31 16:14:00,29042.0,29042.0,29037.0,29037.0,21
TX,202601,2025-12-31 16:15:00,29037.0,29041.0,29037.0,29041.0,11
TX,202601,2025-12-31 16:16:00,29039.0,29040.0,29037.0,29040.0,33
TX,202601,2025-12-31 16:17:00,29039.0,29041.0,29037.0,29037.0,17
TX,202601,2025-12-31 16:18:00,29039.0,29040.0,29039.0,29040.0,6
TX,202601,2025-12-31 16:19:00,29039.0,29041.0,29039.0,29041.0,3
TX,202601,2025-12-31 16:20:00,29040.0,29040.0,29038.0,29038.0,12
TX,202601,2025-12-31 16:21:00,29039.0,29039.0,29039.0,29039.0,2
TX,202601,2025-12-31 16:22:00,29038.0,29038.0,29034.0,29035.0,55
TX,202601,2025-12-31 16:23:00,29035.0,29037.0,29035.0,29035.0,11
TX,202601,2025-12-31 16:24:00,29035.0,29035.0,29031.0,29031.0,41
TX,202601,2025-12-31 16:25:00,29031.0,29031.0,29028.0,29029.0,48
TX,202601,2025-12-31 16:26:00,29030.0,29030.0,29025.0,29026.0,25
TX,202601,2025-12-31 16:27:00,29028.0,29031.0,29027.0,29029.0,14
TX,202601,2025-12-31 16:28:00,29029.0,29029.0,29026.0,29027.0,18
TX,202601,2025-12-31 16:29:00,29028.0,29028.0,29020.0,29021.0,70
TX,202601,2025-12-31 16:30:00,29020.0,29025.0,29020.0,29021.0,26
TX,202601,2025-12-31 16:31:00,29021.0,29021.0,29010.0,29017.0,155
TX,202601,2025-12-31 16:32:00,29017.0,29017.0,29015.0,29015.0,20
TX,202601,2025-12-31 16:33:00,29015.0,29016.0,29014.0,29014.0,22
TX,202601,2025-12-31 16:34:00,29013.0,29013.0,29007.0,29008.0,80
TX,202601,2025-12-31 16:35:00,29008.0,29008.0,28997.0,29001.0,122
TX,202601,2025-12-31 16:36:00,29000.0,29008.0,28999.0,29008.0,27
TX,202601,2025-12-31 16:37:00,29007.0,29011.0,29007.0,29010.0,32
TX,202601,2025-12-31 16:38:00,29010.0,29010.0,29006.0,29007.0,30
TX,202601,2025-12-31 16:39:00,29007.0,29011.0,29004.0,29008.0,21
TX,202601,2025-12-31 16:40:00,29008.0,29008.0,29003.0,29006.0,43
TX,202601,2025-12-31 16:41:00,29010.0,29012.0,29009.0,29012.0,16
TX,202601,2025-12-31 16:42:00,29010.0,29015.0,29009.0,29014.0,39
TX,202601,2025-12-31 16:43:00,29015.0,29019.0,29015.0,29018.0,24
TX,202601,2025-12-31 16:44:00,29018.0,29019.0,29018.0,29018.0,7
TX,202601,2025-12-31 16:45:00,29019.0,29023.0,29016.0,29017.0,54
TX,202601,2025-12-31 16:46:00,29016.0,29016.0,29011.0,29012.0,35
TX,202601,2025-12-31 16:47:00,29012.0,29012.0,29007.0,29007.0,23
TX,202601,2025-12-31 16:48:00,29009.0,29009.0,29007.0,29009.0,4
TX,202601,2025-12-31 16:49:00,29009.0,29011.0,29007.0,29009.0,16
TX,202601,2025-12-31 16:50:00,29009.0,29013.0,29009.0,29013.0,17
TX,202601,2025-12-31 16:51:00,29013.0,29015.0,29013.0,29015.0,12
TX,202601,2025-12-31 16:52:00,29015.0,29016.0,29009.0,29009.0,33
TX,202601,2025-12-31 16:53:00,29010.0,29010.0,29007.0,29008.0,18
TX,202601,2025-12-31 16:54:00,29008.0,29008.0,29006.0,29006.0,13
TX,202601,2025-12-31 16:55:00,29005.0,29007.0,29003.0,29004.0,41
TX,202601,2025-12-31 16:56:00,29004.0,29004.0,29003.0,29003.0,18
TX,202601,2025-12-31 16:57:00,29003.0,29006.0,29002.0,29006.0,9
TX,202601,2025-12-31 16:58:00,29006.0,29010.0,29006.0,29007.0,22
TX,202601,2025-12-31 16:59:00,29006.0,29006.0,29000.0,29000.0,51
TX,202601,2025-12-31 17:00:00,29001.0,29007.0,29001.0,29007.0,83
TX,202601,2025-12-31 17:01:00,29008.0,29011.0,29007.0,29011.0,29
TX,202601,2025-12-31 17:02:00,29013.0,29015.0,29013.0,29015.0,23
TX,202601,2025-12-31 17:03:00,29015.0,29015.0,29014.0,29014.0,15
TX,202601,2025-12-31 17:04:00,29014.0,29015.0,29013.0,29015.0,26
TX,202601,2025-12-31 17:05:00,29015.0,29018.0,29012.0,29012.0,28
TX,202601,2025-12-31 17:06:00,29014.0,29017.0,29014.0,29017.0,4
TX,202601,2025-12-31 17:07:00,29016.0,29017.0,29015.0,29015.0,10
TX,202601,2025-12-31 17:08:00,29016.0,29017.0,29014.0,29014.0,9
TX,202601,2025-12-31 17:09:00,29013.0,29013.0,29012.0,29012.0,7
TX,202601,2025-12-31 17:10:00,29012.0,29013.0,29012.0,29012.0,10
TX,202601,2025-12-31 17:11:00,29013.0,29013.0,29013.0,29013.0,1
TX,202601,2025-12-31 17:12:00,29014.0,29015.0,29014.0,29015.0,16
TX,202601,2025-12-31 17:13:00,29017.0,29018.0,29017.0,29017.0,11
TX,202601,2025-12-31 17:14:00,29019.0,29020.0,29013.0,29013.0,26
TX,202601,2025-12-31 17:15:00,29014.0,29016.0,29014.0,29015.0,8
TX,202601,2025-12-31 17:16:00,29016.0,29020.0,29014.0,29014.0,11
TX,202601,2025-12-31 17:17:00,29013.0,29013.0,29013.0,29013.0,3
TX,202601,2025-12-31 17:18:00,29013.0,29013.0,29008.0,29009.0,16
TX,202601,2025-12-31 17:19:00,29010.0,29013.0,29010.0,29013.0,5
TX,202601,2025-12-31 17:20:00,29014.0,29018.0,29014.0,29018.0,45
TX,202601,2025-12-31 17:21:00,29019.0,29019.0,29014.0,29015.0,9
TX,202601,2025-12-31 17:22:00,29015.0,29017.0,29015.0,29015.0,7
TX,202601,2025-12-31 17:23:00,29015.0,29016.0,29015.0,29016.0,2
TX,202601,2025-12-31 17:24:00,29015.0,29015.0,29011.0,29011.0,23
TX,202601,2025-12-31 17:25:00,29010.0,29014.0,29010.0,29012.0,25
TX,202601,2025-12-31 17:26:00,29011.0,29015.0,29011.0,29015.0,11
TX,202601,2025-12-31 17:27:00,29015.0,29018.0,29015.0,29017.0,16
TX,202601,2025-12-31 17:28:00,29017.0,29017.0,29012.0,29012.0,11
TX,202601,2025-12-31 17:29:00,29012.0,29012.0,29012.0,29012.0,2
TX,202601,2025-12-31 17:30:00,29013.0,29013.0,29012.0,29012.0,5
TX,202601,2025-12-31 17:31:00,29012.0,29012.0,29010.0,29011.0,26
TX,202601,2025-12-31 17:32:00,29011.0,29011.0,29011.0,29011.0,1
TX,202601,2025-12-31 17:33:00,29010.0,29019.0,29009.0,29019.0,28
TX,202601,2025-12-31 17:34:00,29017.0,29017.0,29014.0,29014.0,5
TX,202601,2025-12-31 17:35:00,29016.0,29017.0,29016.0,29017.0,2
TX,202601,2025-12-31 17:36:00,29018.0,29019.0,29017.0,29018.0,20
TX,202601,2025-12-31 17:37:00,29019.0,29020.0,29019.0,29020.0,17
TX,202601,2025-12-31 17:38:00,29019.0,29019.0,29016.0,29019.0,30
TX,202601,2025-12-31 17:39:00,29019.0,29019.0,29019.0,29019.0,1
TX,202601,2025-12-31 17:40:00,29020.0,29020.0,29016.0,29016.0,11
TX,202601,2025-12-31 17:41:00,29015.0,29015.0,29015.0,29015.0,2
TX,202601,2025-12-31 17:42:00,29015.0,29015.0,29012.0,29012.0,10
TX,202601,2025-12-31 17:44:00,29012.0,29012.0,29012.0,29012.0,6
TX,202601,2025-12-31 17:45:00,29012.0,29012.0,29012.0,29012.0,2
TX,202601,2025-12-31 17:46:00,29014.0,29014.0,29013.0,29014.0,9
TX,202601,2025-12-31 17:47:00,29014.0,29014.0,29014.0,29014.0,5
TX,202601,2025-12-31 17:48:00,29013.0,29013.0,29011.0,29011.0,9
TX,202601,2025-12-31 17:49:00,29010.0,29010.0,29009.0,29009.0,10
TX,202601,2025-12-31 17:50:00,29009.0,29009.0,29008.0,29009.0,17
TX,202601,2025-12-31 17:51:00,29010.0,29010.0,29009.0,29009.0,9
TX,202601,2025-12-31 17:52:00,29009.0,29009.0,29008.0,29008.0,4
TX,202601,2025-12-31 17:53:00,29010.0,29010.0,29006.0,29006.0,17
TX,202601,2025-12-31 17:54:00,29006.0,29006.0,29005.0,29005.0,7
TX,202601,2025-12-31 17:55:00,29007.0,29007.0,29007.0,29007.0,5
TX,202601,2025-12-31 17:57:00,29009.0,29009.0,29005.0,29007.0,10
TX,202601,2025-12-31 17:58:00,29007.0,29007.0,29005.0,29006.0,6
TX,202601,2025-12-31 17:59:00,29006.0,29006.0,29004.0,29005.0,7
TX,202601,2025-12-31 18:00:00,29004.0,29005.0,28996.0,28998.0,100
TX,202601,2025-12-31 18:01:00,28998.0,28999.0,28994.0,28994.0,20
TX,202601,2025-12-31 18:02:00,28995.0,28997.0,28993.0,28995.0,51
TX,202601,2025-12-31 18:03:00,28995.0,28995.0,28990.0,28990.0,37
TX,202601,2025-12-31 18:04:00,28990.0,28993.0,28989.0,28993.0,24
TX,202601,2025-12-31 18:05:00,28992.0,28992.0,28989.0,28991.0,9
TX,202601,2025-12-31 18:06:00,28990.0,28993.0,28990.0,28993.0,13
TX,202601,2025-12-31 18:07:00,28994.0,28995.0,28993.0,28994.0,9
TX,202601,2025-12-31 18:08:00,28993.0,28993.0,28989.0,28989.0,17
TX,202601,2025-12-31 18:09:00,28990.0,28993.0,28990.0,28990.0,8
TX,202601,2025-12-31 18:10:00,28990.0,28994.0,28988.0,28992.0,18
TX,202601,2025-12-31 18:11:00,28994.0,28995.0,28994.0,28995.0,14
TX,202601,2025-12-31 18:12:00,28996.0,28997.0,28996.0,28997.0,13
TX,202601,2025-12-31 18:13:00,28998.0,29003.0,28998.0,29003.0,28
TX,202601,2025-12-31 18:14:00,29002.0,29002.0,29000.0,29000.0,16
TX,202601,2025-12-31 18:15:00,29000.0,29004.0,29000.0,29004.0,10
TX,202601,2025-12-31 18:16:00,29005.0,29005.0,29001.0,29002.0,19
TX,202601,2025-12-31 18:17:00,29001.0,29002.0,28999.0,28999.0,9
TX,202601,2025-12-31 18:18:00,29001.0,29001.0,29000.0,29001.0,4
TX,202601,2025-12-31 18:19:00,29002.0,29002.0,29001.0,29002.0,7
TX,202601,2025-12-31 18:20:00,29002.0,29004.0,29000.0,29004.0,8
TX,202601,2025-12-31 18:21:00,29004.0,29007.0,29004.0,29007.0,29
TX,202601,2025-12-31 18:22:00,29005.0,29005.0,29002.0,29005.0,7
TX,202601,2025-12-31 18:23:00,29005.0,29005.0,29004.0,29004.0,6
TX,202601,2025-12-31 18:24:00,29003.0,29003.0,29000.0,29000.0,3
TX,202601,2025-12-31 18:25:00,29000.0,29000.0,29000.0,29000.0,7
TX,202601,2025-12-31 18:26:00,28999.0,28999.0,28997.0,28997.0,11
TX,202601,2025-12-31 18:27:00,28999.0,28999.0,28997.0,28998.0,8
TX,202601,2025-12-31 18:28:00,28999.0,28999.0,28997.0,28999.0,6
TX,202601,2025-12-31 18:29:00,29000.0,29007.0,29000.0,29005.0,20
TX,202601,2025-12-31 18:30:00,29007.0,29007.0,29002.0,29007.0,30
TX,202601,2025-12-31 18:31:00,29006.0,29006.0,29003.0,29003.0,19
TX,202601,2025-12-31 18:32:00,29005.0,29005.0,29003.0,29003.0,12
TX,202601,2025-12-31 18:33:00,29002.0,29002.0,29002.0,29002.0,9
TX,202601,2025-12-31 18:35:00,29005.0,29006.0,29004.0,29006.0,11
TX,202601,2025-12-31 18:36:00,29005.0,29006.0,29005.0,29006.0,3
TX,202601,2025-12-31 18:37:00,29005.0,29006.0,29005.0,29006.0,3
TX,202601,2025-12-31 18:38:00,29007.0,29010.0,29007.0,29007.0,15
TX,202601,2025-12-31 18:39:00,29008.0,29008.0,29008.0,29008.0,8
TX,202601,2025-12-31 18:40:00,29007.0,29012.0,29007.0,29012.0,9
TX,202601,2025-12-31 18:41:00,29012.0,29012.0,29009.0,29011.0,27
TX,202601,2025-12-31 18:42:00,29010.0,29012.0,29009.0,29009.0,8
TX,202601,2025-12-31 18:43:00,29011.0,29011.0,29009.0,29009.0,8
TX,202601,2025-12-31 18:44:00,29011.0,29012.0,29009.0,29012.0,10
TX,202601,2025-12-31 18:45:00,29012.0,29013.0,29008.0,29008.0,33
TX,202601,2025-12-31 18:46:00,29009.0,29009.0,29008.0,29008.0,2
TX,202601,2025-12-31 18:48:00,29009.0,29009.0,29006.0,29006.0,41
TX,202601,2025-12-31 18:49:00,29006.0,29006.0,29005.0,29005.0,3
TX,202601,2025-12-31 18:50:00,29006.0,29007.0,29005.0,29006.0,7
TX,202601,2025-12-31 18:51:00,29007.0,29008.0,29007.0,29008.0,2
TX,202601,2025-12-31 18:52:00,29008.0,29008.0,29007.0,29008.0,5
TX,202601,2025-12-31 18:53:00,29008.0,29009.0,29007.0,29009.0,6
TX,202601,2025-12-31 18:54:00,29008.0,29008.0,29007.0,29007.0,2
TX,202601,2025-12-31 18:55:00,29007.0,29009.0,29006.0,29009.0,3
TX,202601,2025-12-31 18:56:00,29009.0,29009.0,29008.0,29008.0,6
TX,202601,2025-12-31 18:57:00,29008.0,29008.0,29007.0,29007.0,4
TX,202601,2025-12-31 18:58:00,29007.0,29007.0,29005.0,29005.0,12
TX,202601,2025-12-31 18:59:00,29005.0,29005.0,29005.0,29005.0,3
TX,202601,2025-12-31 19:00:00,29005.0,29005.0,29002.0,29002.0,39
TX,202601,2025-12-31 19:01:00,29002.0,29004.0,29001.0,29004.0,9
TX,202601,2025-12-31 19:02:00,29003.0,29006.0,29003.0,29006.0,5
TX,202601,2025-12-31 19:03:00,29006.0,29006.0,29004.0,29004.0,6
TX,202601,2025-12-31 19:04:00,29007.0,29008.0,29006.0,29006.0,6
TX,202601,2025-12-31 19:05:00,29008.0,29008.0,29006.0,29008.0,14
TX,202601,2025-12-31 19:06:00,29009.0,29013.0,29009.0,29012.0,29
TX,202601,2025-12-31 19:07:00,29011.0,29011.0,29006.0,29006.0,11
TX,202601,2025-12-31 19:08:00,29009.0,29009.0,29007.0,29007.0,6
TX,202601,2025-12-31 19:09:00,29007.0,29007.0,29006.0,29006.0,3
TX,202601,2025-12-31 19:10:00,29007.0,29007.0,29005.0,29005.0,6
TX,202601,2025-12-31 19:11:00,29005.0,29005.0,29005.0,29005.0,2
TX,202601,2025-12-31 19:12:00,29004.0,29004.0,29004.0,29004.0,3
TX,202601,2025-12-31 19:13:00,29004.0,29005.0,29004.0,29005.0,12
TX,202601,2025-12-31 19:14:00,29004.0,29004.0,29004.0,29004.0,1
TX,202601,2025-12-31 19:15:00,29006.0,29008.0,29006.0,29008.0,5
TX,202601,2025-12-31 19:16:00,29009.0,29010.0,29006.0,29006.0,6
TX,202601,2025-12-31 19:17:00,29005.0,29005.0,29002.0,29002.0,26
TX,202601,2025-12-31 19:18:00,29003.0,29003.0,28997.0,28997.0,31
TX,202601,2025-12-31 19:19:00,28997.0,28997.0,28996.0,28996.0,16
TX,202601,2025-12-31 19:20:00,28998.0,28998.0,28996.0,28997.0,14
TX,202601,2025-12-31 19:21:00,29000.0,29000.0,29000.0,29000.0,3
TX,202601,2025-12-31 19:22:00,29001.0,29001.0,28999.0,29000.0,4
TX,202601,2025-12-31 19:23:00,29000.0,29000.0,29000.0,29000.0,1
TX,202601,2025-12-31 19:24:00,29002.0,29003.0,28998.0,29000.0,25
TX,202601,2025-12-31 19:25:00,29001.0,29001.0,29000.0,29000.0,3
TX,202601,2025-12-31 19:26:00,29003.0,29003.0,28998.0,28998.0,4
TX,202601,2025-12-31 19:27:00,28999.0,29000.0,28999.0,29000.0,4
TX,202601,2025-12-31 19:28:00,29000.0,29000.0,28996.0,28997.0,35
TX,202601,2025-12-31 19:29:00,28998.0,28998.0,28996.0,28996.0,8
TX,202601,2025-12-31 19:30:00,28997.0,28997.0,28995.0,28996.0,18
TX,202601,2025-12-31 19:31:00,28998.0,28998.0,28998.0,28998.0,2
TX,202601,2025-12-31 19:32:00,28998.0,28998.0,28998.0,28998.0,1
TX,202601,2025-12-31 19:33:00,28996.0,28996.0,28996.0,28996.0,2
TX,202601,2025-12-31 19:34:00,28997.0,28998.0,28997.0,28998.0,5
TX,202601,2025-12-31 19:35:00,28998.0,28999.0,28998.0,28998.0,7
TX,202601,2025-12-31 19:36:00,28997.0,28997.0,28995.0,28995.0,18
TX,202601,2025-12-31 19:37:00,28996.0,29002.0,28996.0,28999.0,36
TX,202601,2025-12-31 19:38:00,29001.0,29001.0,29001.0,29001.0,1
TX,202601,2025-12-31 19:39:00,29001.0,29001.0,28999.0,28999.0,4
TX,202601,2025-12-31 19:40:00,28999.0,28999.0,28996.0,28996.0,6
TX,202601,2025-12-31 19:41:00,28996.0,28996.0,28995.0,28995.0,6
TX,202601,2025-12-31 19:42:00,28997.0,28997.0,28993.0,28994.0,9
TX,202601,2025-12-31 19:43:00,28998.0,28998.0,28998.0,28998.0,1
TX,202601,2025-12-31 19:44:00,28996.0,28997.0,28994.0,28995.0,8
TX,202601,2025-12-31 19:45:00,28996.0,28996.0,28996.0,28996.0,1
TX,202601,2025-12-31 19:46:00,28996.0,28997.0,28996.0,28996.0,6
TX,202601,2025-12-31 19:47:00,28997.0,28997.0,28996.0,28996.0,9
TX,202601,2025-12-31 19:48:00,28996.0,28996.0,28996.0,28996.0,2
TX,202601,2025-12-31 19:49:00,28997.0,28997.0,28997.0,28997.0,2
TX,202601,2025-12-31 19:50:00,28996.0,28996.0,28995.0,28996.0,5
TX,202601,2025-12-31 19:51:00,28996.0,28996.0,28994.0,28995.0,21
TX,202601,2025-12-31 19:52:00,28994.0,28994.0,28992.0,28993.0,18
TX,202601,2025-12-31 19:53:00,28991.0,28993.0,28983.0,28988.0,157
TX,202601,2025-12-31 19:54:00,28986.0,28989.0,28985.0,28988.0,27
TX,202601,2025-12-31 19:55:00,28991.0,28992.0,28990.0,28992.0,11
TX,202601,2025-12-31 19:56:00,28993.0,28995.0,28992.0,28995.0,12
TX,202601,2025-12-31 19:57:00,28994.0,28995.0,28994.0,28994.0,10
TX,202601,2025-12-31 19:58:00,28994.0,29000.0,28994.0,28999.0,19
TX,202601,2025-12-31 19:59:00,28998.0,29000.0,28998.0,29000.0,3
TX,202601,2025-12-31 20:00:00,28998.0,29000.0,28995.0,29000.0,33
TX,202601,2025-12-31 20:01:00,28998.0,28998.0,28994.0,28994.0,17
TX,202601,2025-12-31 20:02:00,28993.0,28993.0,28989.0,28989.0,13
TX,202601,2025-12-31 20:03:00,28992.0,28994.0,28992.0,28994.0,4
TX,202601,2025-12-31 20:04:00,28993.0,28993.0,28991.0,28991.0,6
TX,202601,2025-12-31 20:05:00,28991.0,28991.0,28991.0,28991.0,1
TX,202601,2025-12-31 20:06:00,28991.0,28991.0,28991.0,28991.0,2
TX,202601,2025-12-31 20:08:00,28993.0,28993.0,28992.0,28992.0,4
TX,202601,2025-12-31 20:09:00,28993.0,28993.0,28991.0,28991.0,2
TX,202601,2025-12-31 20:10:00,28992.0,28992.0,28991.0,28991.0,2
TX,202601,2025-12-31 20:11:00,28992.0,28992.0,28992.0,28992.0,2
TX,202601,2025-12-31 20:12:00,28991.0,28994.0,28991.0,28993.0,6
TX,202601,2025-12-31 20:13:00,28995.0,28996.0,28995.0,28996.0,8
TX,202601,2025-12-31 20:14:00,28996.0,28997.0,28996.0,28997.0,3
TX,202601,2025-12-31 20:15:00,28997.0,29001.0,28995.0,29001.0,19
TX,202601,2025-12-31 20:16:00,29003.0,29003.0,28999.0,29003.0,18
TX,202601,2025-12-31 20:17:00,29002.0,29003.0,29000.0,29001.0,7
TX,202601,2025-12-31 20:18:00,29001.0,29008.0,29001.0,29007.0,33
TX,202601,2025-12-31 20:19:00,29006.0,29008.0,29006.0,29008.0,28
TX,202601,2025-12-31 20:20:00,29008.0,29017.0,29008.0,29013.0,72
TX,202601,2025-12-31 20:21:00,29014.0,29017.0,29014.0,29017.0,31
TX,202601,2025-12-31 20:22:00,29017.0,29020.0,29016.0,29017.0,37
TX,202601,2025-12-31 20:23:00,29018.0,29019.0,29008.0,29008.0,50
TX,202601,2025-12-31 20:24:00,29010.0,29011.0,29009.0,29011.0,14
TX,202601,2025-12-31 20:25:00,29009.0,29009.0,29007.0,29007.0,9
TX,202601,2025-12-31 20:27:00,29010.0,29010.0,29009.0,29009.0,2
TX,202601,2025-12-31 20:28:00,29012.0,29012.0,29010.0,29011.0,12
TX,202601,2025-12-31 20:29:00,29010.0,29011.0,29009.0,29009.0,5
TX,202601,2025-12-31 20:30:00,29008.0,29009.0,29006.0,29009.0,11
TX,202601,2025-12-31 20:31:00,29012.0,29016.0,29012.0,29016.0,20
TX,202601,2025-12-31 20:32:00,29015.0,29016.0,29012.0,29012.0,17
TX,202601,2025-12-31 20:33:00,29011.0,29013.0,29011.0,29013.0,4
TX,202601,2025-12-31 20:34:00,29014.0,29020.0,29014.0,29019.0,52
TX,202601,2025-12-31 20:35:00,29019.0,29019.0,29017.0,29019.0,14
TX,202601,2025-12-31 20:36:00,29020.0,29020.0,29018.0,29018.0,20
TX,202601,2025-12-31 20:37:00,29017.0,29017.0,29014.0,29015.0,11
TX,202601,2025-12-31 20:38:00,29015.0,29016.0,29014.0,29015.0,8
TX,202601,2025-12-31 20:39:00,29016.0,29016.0,29015.0,29015.0,6
TX,202601,2025-12-31 20:40:00,29015.0,29018.0,29014.0,29016.0,22
TX,202601,2025-12-31 20:41:00,29017.0,29019.0,29016.0,29019.0,10
TX,202601,2025-12-31 20:42:00,29017.0,29018.0,29017.0,29018.0,4
TX,202601,2025-12-31 20:43:00,29018.0,29018.0,29016.0,29017.0,10
TX,202601,2025-12-31 20:44:00,29016.0,29016.0,29012.0,29012.0,19
TX,202601,2025-12-31 20:45:00,29010.0,29012.0,29010.0,29011.0,15
TX,202601,2025-12-31 20:46:00,29013.0,29014.0,29013.0,29014.0,2
TX,202601,2025-12-31 20:47:00,29015.0,29015.0,29015.0,29015.0,3
TX,202601,2025-12-31 20:48:00,29016.0,29016.0,29013.0,29015.0,5
TX,202601,2025-12-31 20:49:00,29015.0,29015.0,29014.0,29014.0,4
TX,202601,2025-12-31 20:50:00,29013.0,29015.0,29013.0,29015.0,4
TX,202601,2025-12-31 20:51:00,29015.0,29015.0,29014.0,29014.0,10
TX,202601,2025-12-31 20:52:00,29015.0,29015.0,29014.0,29014.0,4
TX,202601,2025-12-31 20:53:00,29015.0,29016.0,29014.0,29016.0,15
TX,202601,2025-12-31 20:54:00,29015.0,29025.0,29015.0,29025.0,129
TX,202601,2025-12-31 20:55:00,29026.0,29029.0,29022.0,29024.0,34
TX,202601,2025-12-31 20:56:00,29025.0,29028.0,29025.0,29028.0,6
TX,202601,2025-12-31 20:57:00,29027.0,29036.0,29025.0,29034.0,49
TX,202601,2025-12-31 20:58:00,29034.0,29034.0,29031.0,29032.0,30
TX,202601,2025-12-31 20:59:00,29032.0,29033.0,29030.0,29030.0,21
TX,202601,2025-12-31 21:00:00,29029.0,29032.0,29028.0,29030.0,25
TX,202601,2025-12-31 21:01:00,29029.0,29029.0,29024.0,29024.0,17
TX,202601,2025-12-31 21:02:00,29024.0,29028.0,29022.0,29028.0,27
TX,202601,2025-12-31 21:03:00,29029.0,29029.0,29028.0,29028.0,11
TX,202601,2025-12-31 21:04:00,29028.0,29029.0,29027.0,29028.0,14
TX,202601,2025-12-31 21:05:00,29028.0,29028.0,29025.0,29025.0,10
TX,202601,2025-12-31 21:06:00,29024.0,29026.0,29024.0,29026.0,4
TX,202601,2025-12-31 21:07:00,29026.0,29026.0,29026.0,29026.0,4
TX,202601,2025-12-31 21:08:00,29026.0,29026.0,29026.0,29026.0,2
TX,202601,2025-12-31 21:09:00,29027.0,29028.0,29027.0,29028.0,4
TX,202601,2025-12-31 21:10:00,29027.0,29028.0,29027.0,29027.0,7
TX,202601,2025-12-31 21:11:00,29027.0,29027.0,29025.0,29025.0,8
TX,202601,2025-12-31 21:12:00,29026.0,29028.0,29026.0,29028.0,2
TX,202601,2025-12-31 21:13:00,29026.0,29026.0,29026.0,29026.0,1
TX,202601,2025-12-31 21:14:00,29025.0,29025.0,29025.0,29025.0,2
TX,202601,2025-12-31 21:15:00,29026.0,29028.0,29026.0,29028.0,3
TX,202601,2025-12-31 21:16:00,29029.0,29033.0,29029.0,29033.0,21
TX,202601,2025-12-31 21:17:00,29034.0,29039.0,29034.0,29036.0,48
TX,202601,2025-12-31 21:18:00,29036.0,29037.0,29035.0,29037.0,11
TX,202601,2025-12-31 21:19:00,29037.0,29038.0,29036.0,29036.0,15
TX,202601,2025-12-31 21:20:00,29037.0,29037.0,29037.0,29037.0,3
TX,202601,2025-12-31 21:21:00,29037.0,29042.0,29035.0,29042.0,56
TX,202601,2025-12-31 21:22:00,29041.0,29045.0,29040.0,29045.0,33
TX,202601,2025-12-31 21:23:00,29044.0,29049.0,29042.0,29049.0,57
TX,202601,2025-12-31 21:24:00,29047.0,29049.0,29047.0,29048.0,12
TX,202601,2025-12-31 21:25:00,29046.0,29049.0,29046.0,29049.0,18
TX,202601,2025-12-31 21:26:00,29048.0,29048.0,29046.0,29046.0,20
TX,202601,2025-12-31 21:27:00,29046.0,29046.0,29046.0,29046.0,7
TX,202601,2025-12-31 21:28:00,29047.0,29049.0,29046.0,29048.0,8
TX,202601,2025-12-31 21:29:00,29047.0,29050.0,29046.0,29048.0,35
TX,202601,2025-12-31 21:30:00,29047.0,29047.0,29042.0,29045.0,29
TX,202601,2025-12-31 21:31:00,29043.0,29047.0,29042.0,29045.0,13
TX,202601,2025-12-31 21:32:00,29043.0,29048.0,29039.0,29048.0,43
TX,202601,2025-12-31 21:33:00,29048.0,29050.0,29047.0,29049.0,44
TX,202601,2025-12-31 21:34:00,29049.0,29052.0,29048.0,29048.0,21
TX,202601,2025-12-31 21:35:00,29051.0,29053.0,29046.0,29046.0,45
TX,202601,2025-12-31 21:36:00,29045.0,29051.0,29045.0,29051.0,15
TX,202601,2025-12-31 21:37:00,29051.0,29053.0,29050.0,29051.0,16
TX,202601,2025-12-31 21:38:00,29050.0,29050.0,29046.0,29047.0,12
TX,202601,2025-12-31 21:39:00,29049.0,29051.0,29049.0,29051.0,15
TX,202601,2025-12-31 21:40:00,29051.0,29056.0,29051.0,29056.0,36
TX,202601,2025-12-31 21:41:00,29055.0,29062.0,29053.0,29054.0,91
TX,202601,2025-12-31 21:42:00,29056.0,29057.0,29053.0,29055.0,25
TX,202601,2025-12-31 21:43:00,29055.0,29058.0,29052.0,29057.0,21
TX,202601,2025-12-31 21:44:00,29056.0,29062.0,29056.0,29060.0,29
TX,202601,2025-12-31 21:45:00,29060.0,29064.0,29060.0,29060.0,65
TX,202601,2025-12-31 21:46:00,29060.0,29066.0,29060.0,29066.0,41
TX,202601,2025-12-31 21:47:00,29066.0,29080.0,29066.0,29072.0,313
TX,202601,2025-12-31 21:48:00,29071.0,29079.0,29071.0,29075.0,111
TX,202601,2025-12-31 21:49:00,29075.0,29076.0,29074.0,29076.0,27
TX,202601,2025-12-31 21:50:00,29077.0,29084.0,29073.0,29083.0,147
TX,202601,2025-12-31 21:51:00,29082.0,29084.0,29078.0,29080.0,55
TX,202601,2025-12-31 21:52:00,29080.0,29092.0,29080.0,29089.0,177
TX,202601,2025-12-31 21:53:00,29090.0,29092.0,29086.0,29086.0,55
TX,202601,2025-12-31 21:54:00,29086.0,29088.0,29081.0,29082.0,34
TX,202601,2025-12-31 21:55:00,29083.0,29086.0,29082.0,29084.0,46
TX,202601,2025-12-31 21:56:00,29083.0,29088.0,29080.0,29080.0,80
TX,202601,2025-12-31 21:57:00,29081.0,29082.0,29080.0,29080.0,51
TX,202601,2025-12-31 21:58:00,29080.0,29081.0,29077.0,29079.0,47
TX,202601,2025-12-31 21:59:00,29078.0,29081.0,29077.0,29078.0,26
TX,202601,2025-12-31 22:00:00,29078.0,29082.0,29078.0,29079.0,32
TX,202601,2025-12-31 22:01:00,29080.0,29082.0,29079.0,29081.0,25
TX,202601,2025-12-31 22:02:00,29082.0,29082.0,29079.0,29080.0,13
TX,202601,2025-12-31 22:03:00,29080.0,29080.0,29077.0,29077.0,30
TX,202601,2025-12-31 22:04:00,29077.0,29077.0,29075.0,29075.0,19
TX,202601,2025-12-31 22:05:00,29076.0,29079.0,29076.0,29077.0,7
TX,202601,2025-12-31 22:06:00,29077.0,29083.0,29077.0,29080.0,19
TX,202601,2025-12-31 22:07:00,29081.0,29083.0,29080.0,29081.0,20
TX,202601,2025-12-31 22:08:00,29080.0,29083.0,29080.0,29083.0,28
TX,202601,2025-12-31 22:09:00,29084.0,29084.0,29084.0,29084.0,4
TX,202601,2025-12-31 22:10:00,29084.0,29085.0,29083.0,29083.0,26
TX,202601,2025-12-31 22:11:00,29083.0,29084.0,29082.0,29082.0,9
TX,202601,2025-12-31 22:12:00,29083.0,29086.0,29083.0,29086.0,25
TX,202601,2025-12-31 22:13:00,29085.0,29089.0,29085.0,29085.0,45
TX,202601,2025-12-31 22:14:00,29086.0,29090.0,29086.0,29090.0,30
TX,202601,2025-12-31 22:15:00,29089.0,29089.0,29086.0,29087.0,23
TX,202601,2025-12-31 22:16:00,29085.0,29086.0,29082.0,29082.0,22
TX,202601,2025-12-31 22:17:00,29082.0,29083.0,29081.0,29081.0,7
TX,202601,2025-12-31 22:18:00,29080.0,29081.0,29078.0,29079.0,26
TX,202601,2025-12-31 22:19:00,29078.0,29081.0,29078.0,29078.0,8
TX,202601,2025-12-31 22:20:00,29080.0,29080.0,29078.0,29080.0,9
TX,202601,2025-12-31 22:21:00,29082.0,29085.0,29080.0,29084.0,15
TX,202601,2025-12-31 22:22:00,29085.0,29085.0,29084.0,29084.0,4
TX,202601,2025-12-31 22:23:00,29084.0,29084.0,29076.0,29076.0,32
TX,202601,2025-12-31 22:24:00,29076.0,29082.0,29076.0,29082.0,11
TX,202601,2025-12-31 22:25:00,29081.0,29081.0,29078.0,29078.0,7
TX,202601,2025-12-31 22:26:00,29078.0,29082.0,29078.0,29082.0,8
TX,202601,2025-12-31 22:27:00,29081.0,29085.0,29078.0,29078.0,21
TX,202601,2025-12-31 22:28:00,29077.0,29077.0,29069.0,29071.0,86
TX,202601,2025-12-31 22:29:00,29073.0,29073.0,29068.0,29070.0,61
TX,202601,2025-12-31 22:30:00,29071.0,29089.0,29066.0,29085.0,151
TX,202601,2025-12-31 22:31:00,29089.0,29095.0,29073.0,29076.0,225
TX,202601,2025-12-31 22:32:00,29079.0,29086.0,29063.0,29065.0,177
TX,202601,2025-12-31 22:33:00,29066.0,29075.0,29058.0,29066.0,152
TX,202601,2025-12-31 22:34:00,29070.0,29072.0,29056.0,29071.0,112
TX,202601,2025-12-31 22:35:00,29072.0,29086.0,29071.0,29077.0,126
TX,202601,2025-12-31 22:36:00,29079.0,29079.0,29057.0,29060.0,119
TX,202601,2025-12-31 22:37:00,29061.0,29061.0,29053.0,29057.0,129
TX,202601,2025-12-31 22:38:00,29056.0,29060.0,29049.0,29060.0,222
TX,202601,2025-12-31 22:39:00,29060.0,29060.0,29054.0,29057.0,52
TX,202601,2025-12-31 22:40:00,29056.0,29060.0,29054.0,29057.0,68
TX,202601,2025-12-31 22:41:00,29056.0,29056.0,29048.0,29056.0,133
TX,202601,2025-12-31 22:42:00,29057.0,29062.0,29048.0,29053.0,67
TX,202601,2025-12-31 22:43:00,29053.0,29055.0,29048.0,29049.0,50
TX,202601,2025-12-31 22:44:00,29049.0,29058.0,29047.0,29057.0,60
TX,202601,2025-12-31 22:45:00,29059.0,29061.0,29042.0,29045.0,108
TX,202601,2025-12-31 22:46:00,29048.0,29052.0,29046.0,29050.0,46
TX,202601,2025-12-31 22:47:00,29051.0,29051.0,29046.0,29047.0,36
TX,202601,2025-12-31 22:48:00,29046.0,29056.0,29045.0,29051.0,50
TX,202601,2025-12-31 22:49:00,29052.0,29052.0,29044.0,29052.0,41
TX,202601,2025-12-31 22:50:00,29052.0,29063.0,29047.0,29051.0,98
TX,202601,2025-12-31 22:51:00,29051.0,29052.0,29047.0,29052.0,24
TX,202601,2025-12-31 22:52:00,29059.0,29070.0,29059.0,29067.0,111
TX,202601,2025-12-31 22:53:00,29066.0,29067.0,29060.0,29063.0,56
TX,202601,2025-12-31 22:54:00,29062.0,29075.0,29060.0,29074.0,80
TX,202601,2025-12-31 22:55:00,29075.0,29093.0,29072.0,29086.0,223
TX,202601,2025-12-31 22:56:00,29087.0,29092.0,29072.0,29072.0,141
TX,202601,2025-12-31 22:57:00,29073.0,29075.0,29067.0,29069.0,65
TX,202601,2025-12-31 22:58:00,29070.0,29075.0,29068.0,29071.0,35
TX,202601,2025-12-31 22:59:00,29074.0,29083.0,29074.0,29082.0,50
TX,202601,2025-12-31 23:00:00,29081.0,29083.0,29077.0,29080.0,80
TX,202601,2025-12-31 23:01:00,29079.0,29084.0,29070.0,29075.0,49
TX,202601,2025-12-31 23:02:00,29073.0,29074.0,29066.0,29070.0,126
TX,202601,2025-12-31 23:03:00,29071.0,29073.0,29067.0,29070.0,24
TX,202601,2025-12-31 23:04:00,29070.0,29079.0,29070.0,29078.0,56
TX,202601,2025-12-31 23:05:00,29079.0,29084.0,29071.0,29071.0,55
TX,202601,2025-12-31 23:06:00,29071.0,29072.0,29068.0,29070.0,63
TX,202601,2025-12-31 23:07:00,29074.0,29075.0,29073.0,29073.0,8
TX,202601,2025-12-31 23:08:00,29074.0,29081.0,29066.0,29066.0,63
TX,202601,2025-12-31 23:09:00,29066.0,29073.0,29065.0,29066.0,33
TX,202601,2025-12-31 23:10:00,29066.0,29067.0,29057.0,29058.0,118
TX,202601,2025-12-31 23:11:00,29059.0,29060.0,29046.0,29047.0,137
TX,202601,2025-12-31 23:12:00,29047.0,29053.0,29044.0,29053.0,77
TX,202601,2025-12-31 23:13:00,29055.0,29062.0,29055.0,29058.0,48
TX,202601,2025-12-31 23:14:00,29057.0,29060.0,29056.0,29060.0,24
TX,202601,2025-12-31 23:15:00,29061.0,29065.0,29057.0,29063.0,27
TX,202601,2025-12-31 23:16:00,29063.0,29064.0,29053.0,29055.0,27
TX,202601,2025-12-31 23:17:00,29055.0,29056.0,29051.0,29053.0,21
TX,202601,2025-12-31 23:18:00,29054.0,29054.0,29030.0,29035.0,199
TX,202601,2025-12-31 23:19:00,29035.0,29044.0,29034.0,29042.0,87
TX,202601,2025-12-31 23:20:00,29039.0,29049.0,29038.0,29049.0,47
TX,202601,2025-12-31 23:21:00,29049.0,29054.0,29043.0,29044.0,94
TX,202601,2025-12-31 23:22:00,29044.0,29054.0,29043.0,29049.0,30
TX,202601,2025-12-31 23:23:00,29050.0,29055.0,29048.0,29051.0,34
TX,202601,2025-12-31 23:24:00,29052.0,29054.0,29048.0,29048.0,13
TX,202601,2025-12-31 23:25:00,29051.0,29056.0,29051.0,29056.0,16
TX,202601,2025-12-31 23:26:00,29057.0,29066.0,29057.0,29060.0,123
TX,202601,2025-12-31 23:27:00,29062.0,29063.0,29060.0,29063.0,18
TX,202601,2025-12-31 23:28:00,29063.0,29066.0,29061.0,29065.0,29
TX,202601,2025-12-31 23:29:00,29066.0,29066.0,29062.0,29064.0,16
TX,202601,2025-12-31 23:30:00,29064.0,29070.0,29061.0,29061.0,93
TX,202601,2025-12-31 23:31:00,29060.0,29061.0,29053.0,29053.0,28
TX,202601,2025-12-31 23:32:00,29053.0,29060.0,29053.0,29060.0,35
TX,202601,2025-12-31 23:33:00,29060.0,29065.0,29060.0,29064.0,24
TX,202601,2025-12-31 23:34:00,29065.0,29065.0,29060.0,29060.0,5
TX,202601,2025-12-31 23:35:00,29062.0,29062.0,29057.0,29057.0,8
TX,202601,2025-12-31 23:36:00,29058.0,29063.0,29058.0,29063.0,15
TX,202601,2025-12-31 23:37:00,29059.0,29059.0,29054.0,29057.0,18
TX,202601,2025-12-31 23:38:00,29055.0,29056.0,29051.0,29052.0,36
TX,202601,2025-12-31 23:39:00,29057.0,29062.0,29056.0,29060.0,17
TX,202601,2025-12-31 23:40:00,29060.0,29060.0,29051.0,29053.0,19
TX,202601,2025-12-31 23:41:00,29051.0,29052.0,29048.0,29052.0,23
TX,202601,2025-12-31 23:42:00,29053.0,29056.0,29052.0,29056.0,14
TX,202601,2025-12-31 23:43:00,29055.0,29061.0,29055.0,29061.0,29
TX,202601,2025-12-31 23:44:00,29061.0,29062.0,29058.0,29062.0,13
TX,202601,2025-12-31 23:45:00,29063.0,29063.0,29055.0,29059.0,27
TX,202601,2025-12-31 23:46:00,29058.0,29059.0,29057.0,29058.0,22
TX,202601,2025-12-31 23:47:00,29059.0,29060.0,29055.0,29055.0,19
TX,202601,2025-12-31 23:48:00,29055.0,29061.0,29055.0,29058.0,29
TX,202601,2025-12-31 23:49:00,29059.0,29060.0,29059.0,29060.0,22
TX,202601,2025-12-31 23:50:00,29060.0,29061.0,29055.0,29055.0,15
TX,202601,2025-12-31 23:51:00,29054.0,29055.0,29051.0,29053.0,39
TX,202601,2025-12-31 23:52:00,29052.0,29053.0,29051.0,29051.0,11
TX,202601,2025-12-31 23:53:00,29054.0,29054.0,29047.0,29050.0,45
TX,202601,2025-12-31 23:54:00,29047.0,29047.0,29042.0,29042.0,48
TX,202601,2025-12-31 23:55:00,29042.0,29043.0,29031.0,29036.0,116
TX,202601,2025-12-31 23:56:00,29033.0,29034.0,29025.0,29028.0,96
TX,202601,2025-12-31 23:57:00,29029.0,29035.0,29028.0,29029.0,82
TX,202601,2025-12-31 23:58:00,29029.0,29034.0,29021.0,29033.0,81
TX,202601,2025-12-31 23:59:00,29034.0,29035.0,29030.0,29035.0,52
TX,202601,2026-01-01 00:00:00,29035.0,29043.0,29030.0,29041.0,112
TX,202601,2026-01-01 00:01:00,29041.0,29045.0,29038.0,29038.0,31
TX,202601,2026-01-01 00:02:00,29035.0,29043.0,29033.0,29039.0,26
TX,202601,2026-01-01 00:03:00,29041.0,29044.0,29040.0,29040.0,31
TX,202601,2026-01-01 00:04:00,29040.0,29041.0,29036.0,29036.0,14
TX,202601,2026-01-01 00:05:00,29035.0,29036.0,29033.0,29036.0,21
TX,202601,2026-01-01 00:06:00,29038.0,29038.0,29033.0,29033.0,16
TX,202601,2026-01-01 00:07:00,29032.0,29036.0,29032.0,29033.0,12
TX,202601,2026-01-01 00:08:00,29034.0,29034.0,29027.0,29034.0,72
TX,202601,2026-01-01 00:09:00,29030.0,29030.0,29020.0,29021.0,63
TX,202601,2026-01-01 00:10:00,29022.0,29022.0,29011.0,29011.0,110
TX,202601,2026-01-01 00:11:00,29013.0,29023.0,29011.0,29023.0,54
TX,202601,2026-01-01 00:12:00,29023.0,29025.0,29021.0,29025.0,37
TX,202601,2026-01-01 00:13:00,29027.0,29029.0,29024.0,29026.0,29
TX,202601,2026-01-01 00:14:00,29025.0,29032.0,29025.0,29029.0,32
TX,202601,2026-01-01 00:15:00,29028.0,29030.0,29026.0,29029.0,20
TX,202601,2026-01-01 00:16:00,29028.0,29035.0,29028.0,29030.0,40
TX,202601,2026-01-01 00:17:00,29033.0,29034.0,29033.0,29033.0,9
TX,202601,2026-01-01 00:18:00,29032.0,29033.0,29028.0,29033.0,19
TX,202601,2026-01-01 00:19:00,29034.0,29039.0,29032.0,29038.0,36
TX,202601,2026-01-01 00:20:00,29039.0,29046.0,29039.0,29045.0,157
TX,202601,2026-01-01 00:21:00,29043.0,29047.0,29041.0,29041.0,30
TX,202601,2026-01-01 00:22:00,29040.0,29043.0,29036.0,29037.0,20
TX,202601,2026-01-01 00:23:00,29040.0,29041.0,29037.0,29041.0,18
TX,202601,2026-01-01 00:24:00,29042.0,29043.0,29038.0,29038.0,8
TX,202601,2026-01-01 00:25:00,29040.0,29044.0,29040.0,29040.0,12
TX,202601,2026-01-01 00:26:00,29041.0,29041.0,29041.0,29041.0,2
TX,202601,2026-01-01 00:27:00,29044.0,29046.0,29041.0,29041.0,12
TX,202601,2026-01-01 00:28:00,29044.0,29044.0,29041.0,29042.0,7
TX,202601,2026-01-01 00:29:00,29045.0,29048.0,29045.0,29045.0,15
TX,202601,2026-01-01 00:30:00,29048.0,29051.0,29039.0,29039.0,53
TX,202601,2026-01-01 00:31:00,29039.0,29040.0,29037.0,29040.0,11
TX,202601,2026-01-01 00:32:00,29040.0,29042.0,29038.0,29038.0,12
TX,202601,2026-01-01 00:33:00,29039.0,29039.0,29038.0,29038.0,4
TX,202601,2026-01-01 00:34:00,29041.0,29042.0,29041.0,29042.0,2
TX,202601,2026-01-01 00:35:00,29041.0,29041.0,29040.0,29040.0,4
TX,202601,2026-01-01 00:36:00,29040.0,29040.0,29038.0,29038.0,13
TX,202601,2026-01-01 00:37:00,29038.0,29045.0,29037.0,29045.0,17
TX,202601,2026-01-01 00:38:00,29047.0,29047.0,29046.0,29046.0,6
TX,202601,2026-01-01 00:39:00,29045.0,29047.0,29044.0,29047.0,10
TX,202601,2026-01-01 00:40:00,29048.0,29048.0,29044.0,29044.0,6
TX,202601,2026-01-01 00:41:00,29042.0,29042.0,29038.0,29038.0,15
TX,202601,2026-01-01 00:42:00,29038.0,29038.0,29036.0,29036.0,6
TX,202601,2026-01-01 00:43:00,29038.0,29040.0,29038.0,29039.0,4
TX,202601,2026-01-01 00:44:00,29039.0,29041.0,29039.0,29039.0,4
TX,202601,2026-01-01 00:45:00,29040.0,29041.0,29039.0,29041.0,5
TX,202601,2026-01-01 00:46:00,29042.0,29042.0,29040.0,29040.0,3
TX,202601,2026-01-01 00:47:00,29037.0,29037.0,29037.0,29037.0,1
TX,202601,2026-01-01 00:48:00,29037.0,29040.0,29037.0,29040.0,3
TX,202601,2026-01-01 00:49:00,29039.0,29046.0,29039.0,29046.0,18
TX,202601,2026-01-01 00:50:00,29044.0,29044.0,29044.0,29044.0,1
TX,202601,2026-01-01 00:51:00,29046.0,29055.0,29046.0,29055.0,49
TX,202601,2026-01-01 00:52:00,29055.0,29056.0,29054.0,29054.0,15
TX,202601,2026-01-01 00:53:00,29056.0,29058.0,29050.0,29050.0,48
TX,202601,2026-01-01 00:54:00,29052.0,29054.0,29051.0,29051.0,5
TX,202601,2026-01-01 00:55:00,29054.0,29056.0,29054.0,29056.0,6
TX,202601,2026-01-01 00:56:00,29056.0,29062.0,29056.0,29061.0,41
TX,202601,2026-01-01 00:57:00,29060.0,29062.0,29059.0,29062.0,6
TX,202601,2026-01-01 00:58:00,29062.0,29063.0,29060.0,29063.0,16
TX,202601,2026-01-01 00:59:00,29062.0,29062.0,29060.0,29060.0,4
TX,202601,2026-01-01 01:00:00,29062.0,29063.0,29059.0,29059.0,28
TX,202601,2026-01-01 01:01:00,29058.0,29059.0,29055.0,29059.0,10
TX,202601,2026-01-01 01:02:00,29055.0,29057.0,29054.0,29055.0,13
TX,202601,2026-01-01 01:03:00,29056.0,29057.0,29055.0,29055.0,11
TX,202601,2026-01-01 01:04:00,29054.0,29054.0,29053.0,29053.0,3
TX,202601,2026-01-01 01:05:00,29052.0,29054.0,29050.0,29054.0,13
TX,202601,2026-01-01 01:06:00,29052.0,29052.0,29045.0,29047.0,19
TX,202601,2026-01-01 01:07:00,29048.0,29048.0,29041.0,29041.0,44
TX,202601,2026-01-01 01:08:00,29041.0,29041.0,29038.0,29039.0,24
TX,202601,2026-01-01 01:09:00,29037.0,29040.0,29036.0,29036.0,9
TX,202601,2026-01-01 01:10:00,29037.0,29040.0,29036.0,29040.0,17
TX,202601,2026-01-01 01:11:00,29040.0,29046.0,29039.0,29046.0,11
TX,202601,2026-01-01 01:12:00,29047.0,29047.0,29046.0,29046.0,8
TX,202601,2026-01-01 01:13:00,29045.0,29048.0,29045.0,29048.0,7
TX,202601,2026-01-01 01:14:00,29050.0,29050.0,29049.0,29050.0,5
TX,202601,2026-01-01 01:15:00,29051.0,29051.0,29049.0,29051.0,14
TX,202601,2026-01-01 01:16:00,29048.0,29048.0,29047.0,29047.0,5
TX,202601,2026-01-01 01:17:00,29050.0,29057.0,29050.0,29057.0,21
TX,202601,2026-01-01 01:18:00,29057.0,29061.0,29057.0,29060.0,36
TX,202601,2026-01-01 01:19:00,29060.0,29060.0,29057.0,29057.0,7
TX,202601,2026-01-01 01:20:00,29056.0,29058.0,29053.0,29053.0,29
TX,202601,2026-01-01 01:21:00,29054.0,29055.0,29053.0,29053.0,18
TX,202601,2026-01-01 01:22:00,29055.0,29056.0,29055.0,29056.0,4
TX,202601,2026-01-01 01:23:00,29057.0,29058.0,29057.0,29058.0,4
TX,202601,2026-01-01 01:24:00,29057.0,29058.0,29057.0,29058.0,3
TX,202601,2026-01-01 01:25:00,29056.0,29056.0,29052.0,29055.0,24
TX,202601,2026-01-01 01:26:00,29055.0,29060.0,29055.0,29060.0,19
TX,202601,2026-01-01 01:27:00,29060.0,29061.0,29060.0,29061.0,14
TX,202601,2026-01-01 01:28:00,29061.0,29061.0,29061.0,29061.0,3
TX,202601,2026-01-01 01:29:00,29061.0,29062.0,29057.0,29057.0,9
TX,202601,2026-01-01 01:30:00,29059.0,29062.0,29059.0,29062.0,37
TX,202601,2026-01-01 01:31:00,29063.0,29064.0,29063.0,29063.0,19
TX,202601,2026-01-01 01:32:00,29063.0,29068.0,29063.0,29067.0,38
TX,202601,2026-01-01 01:33:00,29068.0,29068.0,29065.0,29068.0,14
TX,202601,2026-01-01 01:34:00,29068.0,29068.0,29064.0,29066.0,18
TX,202601,2026-01-01 01:35:00,29064.0,29068.0,29064.0,29067.0,42
TX,202601,2026-01-01 01:36:00,29067.0,29069.0,29067.0,29069.0,20
TX,202601,2026-01-01 01:37:00,29070.0,29073.0,29068.0,29068.0,80
TX,202601,2026-01-01 01:38:00,29068.0,29070.0,29067.0,29070.0,12
TX,202601,2026-01-01 01:39:00,29070.0,29072.0,29070.0,29070.0,9
TX,202601,2026-01-01 01:40:00,29072.0,29073.0,29070.0,29070.0,32
TX,202601,2026-01-01 01:41:00,29070.0,29070.0,29068.0,29070.0,5
TX,202601,2026-01-01 01:42:00,29071.0,29073.0,29070.0,29073.0,11
TX,202601,2026-01-01 01:43:00,29072.0,29073.0,29070.0,29070.0,13
TX,202601,2026-01-01 01:44:00,29071.0,29075.0,29071.0,29074.0,10
TX,202601,2026-01-01 01:45:00,29074.0,29076.0,29073.0,29074.0,25
TX,202601,2026-01-01 01:46:00,29072.0,29072.0,29072.0,29072.0,2
TX,202601,2026-01-01 01:47:00,29072.0,29073.0,29068.0,29070.0,14
TX,202601,2026-01-01 01:48:00,29068.0,29069.0,29065.0,29066.0,12
TX,202601,2026-01-01 01:49:00,29066.0,29068.0,29066.0,29068.0,5
TX,202601,2026-01-01 01:50:00,29065.0,29065.0,29063.0,29063.0,7
TX,202601,2026-01-01 01:51:00,29065.0,29065.0,29065.0,29065.0,3
TX,202601,2026-01-01 01:52:00,29062.0,29062.0,29059.0,29060.0,30
TX,202601,2026-01-01 01:53:00,29061.0,29063.0,29060.0,29063.0,16
TX,202601,2026-01-01 01:54:00,29065.0,29066.0,29065.0,29065.0,11
TX,202601,2026-01-01 01:55:00,29064.0,29064.0,29058.0,29060.0,13
TX,202601,2026-01-01 01:56:00,29058.0,29060.0,29058.0,29060.0,12
TX,202601,2026-01-01 01:57:00,29060.0,29060.0,29058.0,29059.0,4
TX,202601,2026-01-01 01:58:00,29059.0,29059.0,29059.0,29059.0,1
TX,202601,2026-01-01 01:59:00,29060.0,29060.0,29060.0,29060.0,1
TX,202601,2026-01-01 02:00:00,29065.0,29065.0,29062.0,29062.0,5
TX,202601,2026-01-01 02:01:00,29060.0,29060.0,29055.0,29056.0,29
TX,202601,2026-01-01 02:02:00,29056.0,29059.0,29056.0,29058.0,18
TX,202601,2026-01-01 02:03:00,29058.0,29062.0,29056.0,29060.0,13
TX,202601,2026-01-01 02:04:00,29062.0,29063.0,29061.0,29062.0,8
TX,202601,2026-01-01 02:05:00,29062.0,29062.0,29059.0,29059.0,10
TX,202601,2026-01-01 02:06:00,29059.0,29060.0,29058.0,29058.0,8
TX,202601,2026-01-01 02:07:00,29058.0,29068.0,29057.0,29067.0,22
TX,202601,2026-01-01 02:08:00,29069.0,29073.0,29069.0,29073.0,26
TX,202601,2026-01-01 02:09:00,29072.0,29072.0,29070.0,29070.0,8
TX,202601,2026-01-01 02:10:00,29069.0,29069.0,29066.0,29067.0,20
TX,202601,2026-01-01 02:11:00,29069.0,29069.0,29068.0,29069.0,5
TX,202601,2026-01-01 02:12:00,29067.0,29073.0,29067.0,29071.0,39
TX,202601,2026-01-01 02:13:00,29071.0,29072.0,29069.0,29071.0,31
TX,202601,2026-01-01 02:14:00,29072.0,29074.0,29070.0,29074.0,23
TX,202601,2026-01-01 02:15:00,29074.0,29074.0,29071.0,29074.0,19
TX,202601,2026-01-01 02:16:00,29074.0,29076.0,29072.0,29075.0,21
TX,202601,2026-01-01 02:17:00,29072.0,29072.0,29064.0,29070.0,18
TX,202601,2026-01-01 02:19:00,29066.0,29072.0,29066.0,29072.0,20
TX,202601,2026-01-01 02:20:00,29072.0,29072.0,29072.0,29072.0,3
TX,202601,2026-01-01 02:21:00,29073.0,29074.0,29071.0,29072.0,8
TX,202601,2026-01-01 02:22:00,29072.0,29072.0,29072.0,29072.0,3
TX,202601,2026-01-01 02:23:00,29073.0,29074.0,29073.0,29074.0,5
TX,202601,2026-01-01 02:24:00,29075.0,29076.0,29074.0,29076.0,10
TX,202601,2026-01-01 02:25:00,29076.0,29083.0,29076.0,29082.0,85
TX,202601,2026-01-01 02:26:00,29081.0,29085.0,29080.0,29081.0,46
TX,202601,2026-01-01 02:27:00,29083.0,29085.0,29082.0,29085.0,18
TX,202601,2026-01-01 02:28:00,29085.0,29087.0,29085.0,29086.0,22
TX,202601,2026-01-01 02:29:00,29085.0,29086.0,29084.0,29085.0,6
TX,202601,2026-01-01 02:30:00,29084.0,29086.0,29081.0,29081.0,7
TX,202601,2026-01-01 02:31:00,29081.0,29083.0,29080.0,29083.0,7
TX,202601,2026-01-01 02:32:00,29083.0,29083.0,29083.0,29083.0,1
TX,202601,2026-01-01 02:33:00,29082.0,29083.0,29080.0,29083.0,11
TX,202601,2026-01-01 02:34:00,29084.0,29084.0,29080.0,29083.0,39
TX,202601,2026-01-01 02:35:00,29084.0,29085.0,29078.0,29078.0,13
TX,202601,2026-01-01 02:36:00,29079.0,29080.0,29077.0,29077.0,10
TX,202601,2026-01-01 02:37:00,29077.0,29083.0,29077.0,29083.0,28
TX,202601,2026-01-01 02:38:00,29083.0,29087.0,29082.0,29086.0,55
TX,202601,2026-01-01 02:39:00,29088.0,29088.0,29083.0,29084.0,10
TX,202601,2026-01-01 02:40:00,29087.0,29093.0,29087.0,29089.0,128
TX,202601,2026-01-01 02:41:00,29090.0,29090.0,29089.0,29089.0,13
TX,202601,2026-01-01 02:42:00,29088.0,29090.0,29088.0,29090.0,13
TX,202601,2026-01-01 02:43:00,29090.0,29091.0,29084.0,29084.0,13
TX,202601,2026-01-01 02:44:00,29085.0,29086.0,29085.0,29086.0,5
TX,202601,2026-01-01 02:45:00,29086.0,29090.0,29086.0,29086.0,13
TX,202601,2026-01-01 02:46:00,29089.0,29089.0,29082.0,29082.0,11
TX,202601,2026-01-01 02:47:00,29086.0,29090.0,29086.0,29090.0,14
TX,202601,2026-01-01 02:48:00,29090.0,29092.0,29090.0,29090.0,8
TX,202601,2026-01-01 02:49:00,29089.0,29092.0,29088.0,29088.0,6
TX,202601,2026-01-01 02:50:00,29091.0,29093.0,29091.0,29091.0,12
TX,202601,2026-01-01 02:51:00,29088.0,29091.0,29088.0,29090.0,7
TX,202601,2026-01-01 02:52:00,29091.0,29092.0,29091.0,29092.0,6
TX,202601,2026-01-01 02:53:00,29092.0,29093.0,29092.0,29093.0,15
TX,202601,2026-01-01 02:54:00,29094.0,29100.0,29091.0,29095.0,199
TX,202601,2026-01-01 02:55:00,29096.0,29099.0,29094.0,29094.0,44
TX,202601,2026-01-01 02:56:00,29094.0,29100.0,29094.0,29096.0,42
TX,202601,2026-01-01 02:57:00,29096.0,29099.0,29095.0,29097.0,18
TX,202601,2026-01-01 02:58:00,29099.0,29099.0,29097.0,29098.0,8
TX,202601,2026-01-01 02:59:00,29098.0,29099.0,29094.0,29099.0,20
TX,202601,2026-01-01 03:00:00,29100.0,29111.0,29099.0,29111.0,239
TX,202601,2026-01-01 03:01:00,29109.0,29114.0,29107.0,29109.0,60
TX,202601,2026-01-01 03:02:00,29106.0,29110.0,29106.0,29110.0,22
TX,202601,2026-01-01 03:03:00,29110.0,29113.0,29109.0,29110.0,38
TX,202601,2026-01-01 03:04:00,29111.0,29115.0,29111.0,29115.0,35
TX,202601,2026-01-01 03:05:00,29115.0,29116.0,29110.0,29111.0,32
TX,202601,2026-01-01 03:06:00,29112.0,29114.0,29111.0,29113.0,19
TX,202601,2026-01-01 03:07:00,29113.0,29114.0,29111.0,29112.0,14
TX,202601,2026-01-01 03:08:00,29111.0,29113.0,29111.0,29112.0,8
TX,202601,2026-01-01 03:09:00,29113.0,29116.0,29113.0,29116.0,16
TX,202601,2026-01-01 03:10:00,29114.0,29115.0,29114.0,29114.0,6
TX,202601,2026-01-01 03:11:00,29115.0,29115.0,29111.0,29112.0,22
TX,202601,2026-01-01 03:12:00,29113.0,29114.0,29113.0,29114.0,5
TX,202601,2026-01-01 03:13:00,29114.0,29118.0,29113.0,29118.0,35
TX,202601,2026-01-01 03:14:00,29115.0,29117.0,29115.0,29117.0,17
TX,202601,2026-01-01 03:15:00,29116.0,29117.0,29107.0,29110.0,57
TX,202601,2026-01-01 03:16:00,29110.0,29114.0,29106.0,29106.0,26
TX,202601,2026-01-01 03:17:00,29106.0,29109.0,29106.0,29107.0,10
TX,202601,2026-01-01 03:18:00,29107.0,29110.0,29106.0,29108.0,14
TX,202601,2026-01-01 03:19:00,29105.0,29108.0,29105.0,29105.0,4
TX,202601,2026-01-01 03:20:00,29104.0,29105.0,29100.0,29100.0,15
TX,202601,2026-01-01 03:21:00,29098.0,29103.0,29097.0,29101.0,16
TX,202601,2026-01-01 03:22:00,29103.0,29104.0,29103.0,29104.0,26
TX,202601,2026-01-01 03:23:00,29104.0,29105.0,29102.0,29105.0,7
TX,202601,2026-01-01 03:24:00,29105.0,29108.0,29103.0,29108.0,36
TX,202601,2026-01-01 03:25:00,29104.0,29104.0,29097.0,29097.0,11
TX,202601,2026-01-01 03:26:00,29095.0,29098.0,29095.0,29098.0,7
TX,202601,2026-01-01 03:27:00,29098.0,29100.0,29097.0,29097.0,13
TX,202601,2026-01-01 03:28:00,29096.0,29096.0,29096.0,29096.0,1
TX,202601,2026-01-01 03:29:00,29095.0,29095.0,29092.0,29094.0,7
TX,202601,2026-01-01 03:30:00,29095.0,29098.0,29087.0,29087.0,29
TX,202601,2026-01-01 03:31:00,29090.0,29091.0,29088.0,29089.0,13
TX,202601,2026-01-01 03:32:00,29085.0,29085.0,29076.0,29076.0,46
TX,202601,2026-01-01 03:33:00,29076.0,29079.0,29071.0,29077.0,32
TX,202601,2026-01-01 03:34:00,29075.0,29076.0,29053.0,29053.0,123
TX,202601,2026-01-01 03:35:00,29055.0,29067.0,29053.0,29064.0,65
TX,202601,2026-01-01 03:36:00,29065.0,29072.0,29064.0,29072.0,15
TX,202601,2026-01-01 03:37:00,29075.0,29078.0,29071.0,29078.0,59
TX,202601,2026-01-01 03:38:00,29078.0,29078.0,29067.0,29067.0,33
TX,202601,2026-01-01 03:39:00,29067.0,29071.0,29067.0,29069.0,12
TX,202601,2026-01-01 03:40:00,29070.0,29077.0,29070.0,29077.0,19
TX,202601,2026-01-01 03:41:00,29078.0,29078.0,29075.0,29077.0,4
TX,202601,2026-01-01 03:42:00,29072.0,29078.0,29072.0,29076.0,8
TX,202601,2026-01-01 03:43:00,29078.0,29080.0,29077.0,29080.0,13
TX,202601,2026-01-01 03:44:00,29077.0,29079.0,29075.0,29076.0,12
TX,202601,2026-01-01 03:45:00,29076.0,29077.0,29074.0,29074.0,9
TX,202601,2026-01-01 03:46:00,29073.0,29073.0,29073.0,29073.0,2
TX,202601,2026-01-01 03:47:00,29078.0,29078.0,29070.0,29070.0,20
TX,202601,2026-01-01 03:48:00,29070.0,29072.0,29070.0,29072.0,12
TX,202601,2026-01-01 03:49:00,29070.0,29070.0,29068.0,29068.0,8
TX,202601,2026-01-01 03:50:00,29066.0,29066.0,29060.0,29061.0,28
TX,202601,2026-01-01 03:51:00,29065.0,29070.0,29065.0,29070.0,11
TX,202601,2026-01-01 03:52:00,29069.0,29069.0,29067.0,29069.0,7
TX,202601,2026-01-01 03:53:00,29069.0,29069.0,29063.0,29063.0,19
TX,202601,2026-01-01 03:54:00,29063.0,29063.0,29062.0,29062.0,6
TX,202601,2026-01-01 03:55:00,29066.0,29066.0,29062.0,29063.0,15
TX,202601,2026-01-01 03:56:00,29067.0,29068.0,29067.0,29067.0,9
TX,202601,2026-01-01 03:57:00,29069.0,29069.0,29066.0,29067.0,10
TX,202601,2026-01-01 03:58:00,29068.0,29068.0,29065.0,29067.0,10
TX,202601,2026-01-01 03:59:00,29066.0,29069.0,29065.0,29065.0,10
TX,202601,2026-01-01 04:00:00,29065.0,29065.0,29051.0,29051.0,82
TX,202601,2026-01-01 04:01:00,29053.0,29053.0,29046.0,29046.0,42
TX,202601,2026-01-01 04:02:00,29047.0,29051.0,29046.0,29050.0,19
TX,202601,2026-01-01 04:03:00,29050.0,29055.0,29047.0,29055.0,13
TX,202601,2026-01-01 04:04:00,29056.0,29056.0,29042.0,29046.0,63
TX,202601,2026-01-01 04:05:00,29049.0,29054.0,29049.0,29054.0,16
TX,202601,2026-01-01 04:06:00,29052.0,29052.0,29043.0,29043.0,21
TX,202601,2026-01-01 04:07:00,29044.0,29046.0,29041.0,29046.0,36
TX,202601,2026-01-01 04:08:00,29044.0,29044.0,29035.0,29035.0,61
TX,202601,2026-01-01 04:09:00,29036.0,29036.0,29033.0,29035.0,18
TX,202601,2026-01-01 04:10:00,29034.0,29034.0,29016.0,29019.0,174
TX,202601,2026-01-01 04:11:00,29019.0,29023.0,29015.0,29023.0,20
TX,202601,2026-01-01 04:12:00,29023.0,29024.0,29016.0,29019.0,78
TX,202601,2026-01-01 04:13:00,29018.0,29020.0,29016.0,29020.0,10
TX,202601,2026-01-01 04:14:00,29023.0,29023.0,29020.0,29020.0,7
TX,202601,2026-01-01 04:15:00,29020.0,29020.0,29000.0,29011.0,408
TX,202601,2026-01-01 04:16:00,29013.0,29018.0,29008.0,29015.0,27
TX,202601,2026-01-01 04:17:00,29018.0,29022.0,29017.0,29017.0,23
TX,202601,2026-01-01 04:18:00,29018.0,29023.0,29012.0,29023.0,22
TX,202601,2026-01-01 04:19:00,29019.0,29019.0,29014.0,29015.0,5
TX,202601,2026-01-01 04:20:00,29014.0,29014.0,28990.0,28991.0,215
TX,202601,2026-01-01 04:21:00,28990.0,28990.0,28968.0,28974.0,391
TX,202601,2026-01-01 04:22:00,28972.0,28978.0,28970.0,28975.0,39
TX,202601,2026-01-01 04:23:00,28979.0,28979.0,28975.0,28979.0,18
TX,202601,2026-01-01 04:24:00,28975.0,28983.0,28972.0,28983.0,23
TX,202601,2026-01-01 04:25:00,28983.0,28983.0,28973.0,28973.0,33
TX,202601,2026-01-01 04:26:00,28975.0,28980.0,28972.0,28980.0,8
TX,202601,2026-01-01 04:27:00,28978.0,28978.0,28961.0,28968.0,93
TX,202601,2026-01-01 04:28:00,28968.0,28977.0,28967.0,28968.0,36
TX,202601,2026-01-01 04:29:00,28965.0,28974.0,28962.0,28971.0,36
TX,202601,2026-01-01 04:30:00,28971.0,28974.0,28964.0,28974.0,61
TX,202601,2026-01-01 04:31:00,28975.0,28977.0,28972.0,28972.0,20
TX,202601,2026-01-01 04:32:00,28977.0,28988.0,28973.0,28988.0,44
TX,202601,2026-01-01 04:33:00,28988.0,28988.0,28978.0,28980.0,25
TX,202601,2026-01-01 04:34:00,28979.0,28982.0,28976.0,28982.0,19
TX,202601,2026-01-01 04:35:00,28983.0,28992.0,28981.0,28992.0,15
TX,202601,2026-01-01 04:36:00,28991.0,28995.0,28989.0,28992.0,12
TX,202601,2026-01-01 04:37:00,28995.0,29002.0,28993.0,29001.0,54
TX,202601,2026-01-01 04:38:00,29001.0,29001.0,28997.0,29001.0,50
TX,202601,2026-01-01 04:39:00,29001.0,29003.0,29000.0,29000.0,15
TX,202601,2026-01-01 04:40:00,28999.0,29001.0,28993.0,28997.0,81
TX,202601,2026-01-01 04:41:00,28997.0,29010.0,28995.0,29007.0,32
TX,202601,2026-01-01 04:42:00,29004.0,29005.0,29001.0,29004.0,16
TX,202601,2026-01-01 04:43:00,29005.0,29006.0,29003.0,29005.0,14
TX,202601,2026-01-01 04:44:00,29007.0,29010.0,29005.0,29005.0,24
TX,202601,2026-01-01 04:45:00,29007.0,29010.0,29004.0,29004.0,50
TX,202601,2026-01-01 04:46:00,29003.0,29004.0,29000.0,29003.0,8
TX,202601,2026-01-01 04:47:00,29003.0,29003.0,28998.0,29000.0,16
TX,202601,2026-01-01 04:48:00,29001.0,29001.0,28993.0,28995.0,26
TX,202601,2026-01-01 04:49:00,28992.0,28994.0,28986.0,28987.0,25
TX,202601,2026-01-01 04:50:00,28990.0,28992.0,28985.0,28990.0,26
TX,202601,2026-01-01 04:51:00,28990.0,28995.0,28989.0,28995.0,14
TX,202601,2026-01-01 04:52:00,28995.0,29000.0,28995.0,28999.0,7
TX,202601,2026-01-01 04:53:00,28998.0,29007.0,28998.0,29007.0,18
TX,202601,2026-01-01 04:54:00,29008.0,29014.0,29008.0,29009.0,47
TX,202601,2026-01-01 04:55:00,29009.0,29020.0,29001.0,29020.0,95
TX,202601,2026-01-01 04:56:00,29018.0,29021.0,29010.0,29010.0,30
TX,202601,2026-01-01 04:57:00,29012.0,29019.0,29012.0,29016.0,23
TX,202601,2026-01-01 04:58:00,29019.0,29019.0,29014.0,29014.0,19
TX,202601,2026-01-01 04:59:00,29015.0,29019.0,29006.0,29009.0,68
TX,202601/202603,2025-12-31 22:58:00,98.0,98.0,98.0,98.0,2
TX,202601/202603,2025-12-31 22:59:00,97.0,97.0,95.0,95.0,8
TX,202602,2025-12-31 15:01:00,29103.0,29103.0,29103.0,29103.0,1
TX,202602,2025-12-31 15:12:00,29093.0,29094.0,29093.0,29094.0,2
TX,202602,2025-12-31 15:24:00,29105.0,29112.0,29105.0,29112.0,4
TX,202602,2025-12-31 15:26:00,29127.0,29127.0,29127.0,29127.0,1
TX,202602,2025-12-31 15:32:00,29134.0,29134.0,29134.0,29134.0,2
TX,202602,2025-12-31 15:33:00,29141.0,29141.0,29141.0,29141.0,1
TX,202602,2025-12-31 15:35:00,29134.0,29134.0,29134.0,29134.0,1
TX,202602,2025-12-31 15:38:00,29141.0,29141.0,29141.0,29141.0,1
TX,202602,2025-12-31 15:39:00,29140.0,29140.0,29140.0,29140.0,1
TX,202602,2025-12-31 15:40:00,29151.0,29151.0,29151.0,29151.0,1
TX,202602,2025-12-31 15:50:00,29135.0,29135.0,29135.0,29135.0,1
TX,202602,2025-12-31 16:00:00,29128.0,29128.0,29128.0,29128.0,1
TX,202602,2025-12-31 16:10:00,29113.0,29113.0,29113.0,29113.0,1
TX,202602,2025-12-31 16:14:00,29113.0,29113.0,29113.0,29113.0,1
TX,202602,2025-12-31 16:22:00,29113.0,29113.0,29113.0,29113.0,1
TX,202602,2025-12-31 16:24:00,29110.0,29110.0,29110.0,29110.0,1
TX,202602,2025-12-31 16:26:00,29104.0,29104.0,29104.0,29104.0,1
TX,202602,2025-12-31 16:27:00,29106.0,29110.0,29106.0,29110.0,6
TX,202602,2025-12-31 16:29:00,29101.0,29101.0,29098.0,29098.0,2
TX,202602,2025-12-31 16:31:00,29091.0,29091.0,29090.0,29090.0,3
TX,202602,2025-12-31 16:35:00,29080.0,29080.0,29075.0,29075.0,3
TX,202602,2025-12-31 16:37:00,29085.0,29085.0,29085.0,29085.0,1
TX,202602,2025-12-31 16:49:00,29087.0,29087.0,29087.0,29087.0,1
TX,202602,2025-12-31 16:57:00,29081.0,29081.0,29081.0,29081.0,1
TX,202602,2025-12-31 17:02:00,29093.0,29093.0,29093.0,29093.0,1
TX,202602,2025-12-31 17:23:00,29092.0,29092.0,29092.0,29092.0,1
TX,202602,2025-12-31 17:27:00,29097.0,29097.0,29097.0,29097.0,1
TX,202602,2025-12-31 18:00:00,29081.0,29081.0,29073.0,29073.0,2
TX,202602,2025-12-31 18:05:00,29070.0,29070.0,29070.0,29070.0,2
TX,202602,2025-12-31 18:48:00,29089.0,29089.0,29089.0,29089.0,1
TX,202602,2025-12-31 19:53:00,29070.0,29070.0,29066.0,29066.0,5
TX,202602,2025-12-31 20:01:00,29075.0,29075.0,29075.0,29075.0,1
TX,202602,2025-12-31 20:16:00,29081.0,29081.0,29081.0,29081.0,1
TX,202602,2025-12-31 20:18:00,29085.0,29085.0,29085.0,29085.0,1
TX,202602,2025-12-31 20:19:00,29087.0,29088.0,29087.0,29088.0,2
TX,202602,2025-12-31 20:21:00,29092.0,29092.0,29092.0,29092.0,2
TX,202602,2025-12-31 20:23:00,29091.0,29091.0,29090.0,29090.0,4
TX,202602,2025-12-31 20:43:00,29098.0,29098.0,29098.0,29098.0,1
TX,202602,2025-12-31 20:55:00,29106.0,29106.0,29106.0,29106.0,1
TX,202602,2025-12-31 20:57:00,29106.0,29106.0,29106.0,29106.0,1
TX,202602,2025-12-31 20:59:00,29112.0,29112.0,29110.0,29110.0,2
TX,202602,2025-12-31 21:02:00,29108.0,29108.0,29108.0,29108.0,1
TX,202602,2025-12-31 21:25:00,29127.0,29127.0,29127.0,29127.0,1
TX,202602,2025-12-31 21:27:00,29127.0,29127.0,29127.0,29127.0,1
TX,202602,2025-12-31 21:28:00,29125.0,29125.0,29125.0,29125.0,1
TX,202602,2025-12-31 21:30:00,29124.0,29124.0,29124.0,29124.0,1
TX,202602,2025-12-31 21:32:00,29127.0,29127.0,29127.0,29127.0,1
TX,202602,2025-12-31 21:34:00,29129.0,29129.0,29129.0,29129.0,1
TX,202602,2025-12-31 21:40:00,29129.0,29129.0,29129.0,29129.0,1
TX,202602,2025-12-31 21:41:00,29135.0,29143.0,29135.0,29143.0,7
TX,202602,2025-12-31 21:42:00,29137.0,29137.0,29137.0,29137.0,1
TX,202602,2025-12-31 21:44:00,29138.0,29140.0,29138.0,29140.0,3
TX,202602,2025-12-31 21:47:00,29145.0,29157.0,29145.0,29151.0,14
TX,202602,2025-12-31 21:48:00,29155.0,29155.0,29155.0,29155.0,1
TX,202602,2025-12-31 21:50:00,29155.0,29159.0,29155.0,29159.0,2
TX,202602,2025-12-31 21:52:00,29166.0,29170.0,29166.0,29170.0,4
TX,202602,2025-12-31 21:54:00,29164.0,29164.0,29164.0,29164.0,2
TX,202602,2025-12-31 21:55:00,29165.0,29166.0,29165.0,29166.0,2
TX,202602,2025-12-31 21:56:00,29168.0,29168.0,29168.0,29168.0,1
TX,202602,2025-12-31 22:02:00,29162.0,29162.0,29162.0,29162.0,1
TX,202602,2025-12-31 22:06:00,29160.0,29160.0,29160.0,29160.0,1
TX,202602,2025-12-31 22:12:00,29165.0,29165.0,29165.0,29165.0,1
TX,202602,2025-12-31 22:28:00,29155.0,29155.0,29155.0,29155.0,1
TX,202602,2025-12-31 22:30:00,29165.0,29165.0,29165.0,29165.0,3
TX,202602,2025-12-31 22:31:00,29158.0,29159.0,29158.0,29159.0,2
TX,202602,2025-12-31 22:32:00,29157.0,29157.0,29151.0,29151.0,5
TX,202602,2025-12-31 22:33:00,29142.0,29142.0,29141.0,29141.0,2
TX,202602,2025-12-31 22:35:00,29157.0,29158.0,29157.0,29158.0,3
TX,202602,2025-12-31 22:36:00,29141.0,29141.0,29141.0,29141.0,1
TX,202602,2025-12-31 22:37:00,29141.0,29141.0,29141.0,29141.0,1
TX,202602,2025-12-31 22:38:00,29140.0,29140.0,29140.0,29140.0,2
TX,202602,2025-12-31 22:44:00,29128.0,29128.0,29128.0,29128.0,2
TX,202602,2025-12-31 22:45:00,29125.0,29125.0,29125.0,29125.0,1
TX,202602,2025-12-31 22:50:00,29138.0,29138.0,29135.0,29135.0,2
TX,202602,2025-12-31 22:55:00,29163.0,29166.0,29163.0,29166.0,2
TX,202602,2025-12-31 22:57:00,29151.0,29151.0,29151.0,29151.0,1
TX,202602,2025-12-31 22:58:00,29152.0,29152.0,29152.0,29152.0,1
TX,202602,2025-12-31 23:04:00,29153.0,29153.0,29153.0,29153.0,1
TX,202602,2025-12-31 23:05:00,29160.0,29160.0,29160.0,29160.0,1
TX,202602,2025-12-31 23:06:00,29151.0,29151.0,29151.0,29151.0,1
TX,202602,2025-12-31 23:10:00,29141.0,29141.0,29141.0,29141.0,1
TX,202602,2025-12-31 23:19:00,29123.0,29123.0,29123.0,29123.0,2
TX,202602,2025-12-31 23:23:00,29135.0,29135.0,29135.0,29135.0,1
TX,202602,2025-12-31 23:26:00,29138.0,29138.0,29138.0,29138.0,1
TX,202602,2025-12-31 23:30:00,29148.0,29148.0,29148.0,29148.0,1
TX,202602,2025-12-31 23:41:00,29131.0,29131.0,29131.0,29131.0,1
TX,202602,2025-12-31 23:53:00,29131.0,29131.0,29131.0,29131.0,1
TX,202602,2026-01-01 00:04:00,29118.0,29118.0,29118.0,29118.0,1
TX,202602,2026-01-01 00:07:00,29111.0,29111.0,29111.0,29111.0,1
TX,202602,2026-01-01 00:09:00,29102.0,29102.0,29102.0,29102.0,1
TX,202602,2026-01-01 00:10:00,29101.0,29101.0,29096.0,29096.0,7
TX,202602,2026-01-01 00:12:00,29107.0,29107.0,29107.0,29107.0,1
TX,202602,2026-01-01 00:14:00,29106.0,29110.0,29106.0,29110.0,5
TX,202602,2026-01-01 00:16:00,29110.0,29110.0,29110.0,29110.0,1
TX,202602,2026-01-01 00:23:00,29120.0,29120.0,29120.0,29120.0,1
TX,202602,2026-01-01 00:59:00,29144.0,29144.0,29144.0,29144.0,1
TX,202602,2026-01-01 01:19:00,29142.0,29142.0,29142.0,29142.0,1
TX,202602,2026-01-01 01:20:00,29135.0,29135.0,29135.0,29135.0,5
TX,202602,2026-01-01 01:37:00,29150.0,29150.0,29150.0,29150.0,1
TX,202602,2026-01-01 01:47:00,29152.0,29152.0,29152.0,29152.0,1
TX,202602,2026-01-01 01:48:00,29150.0,29150.0,29148.0,29148.0,2
TX,202602,2026-01-01 02:07:00,29142.0,29142.0,29142.0,29142.0,1
TX,202602,2026-01-01 02:24:00,29155.0,29155.0,29155.0,29155.0,1
TX,202602,2026-01-01 02:25:00,29158.0,29158.0,29158.0,29158.0,1
TX,202602,2026-01-01 02:26:00,29163.0,29163.0,29163.0,29163.0,1
TX,202602,2026-01-01 02:31:00,29165.0,29165.0,29165.0,29165.0,2
TX,202602,2026-01-01 02:42:00,29169.0,29169.0,29169.0,29169.0,1
TX,202602,2026-01-01 03:00:00,29183.0,29183.0,29183.0,29183.0,3
TX,202602,2026-01-01 03:01:00,29187.0,29187.0,29187.0,29187.0,1
TX,202602,2026-01-01 03:08:00,29189.0,29189.0,29189.0,29189.0,1
TX,202602,2026-01-01 03:17:00,29185.0,29185.0,29185.0,29185.0,1
TX,202602,2026-01-01 03:18:00,29185.0,29185.0,29185.0,29185.0,3
TX,202602,2026-01-01 03:20:00,29183.0,29183.0,29183.0,29183.0,1
TX,202602,2026-01-01 03:32:00,29160.0,29160.0,29160.0,29160.0,1
TX,202602,2026-01-01 03:33:00,29151.0,29151.0,29151.0,29151.0,1
TX,202602,2026-01-01 03:34:00,29150.0,29150.0,29150.0,29150.0,4
TX,202602,2026-01-01 03:42:00,29150.0,29150.0,29150.0,29150.0,2
TX,202602,2026-01-01 03:43:00,29156.0,29158.0,29155.0,29158.0,8
TX,202602,2026-01-01 03:46:00,29156.0,29156.0,29156.0,29156.0,1
TX,202602,2026-01-01 03:57:00,29144.0,29144.0,29144.0,29144.0,1
TX,202602,2026-01-01 03:58:00,29144.0,29144.0,29144.0,29144.0,1
TX,202602,2026-01-01 03:59:00,29144.0,29144.0,29144.0,29144.0,1
TX,202602,2026-01-01 04:00:00,29140.0,29140.0,29140.0,29140.0,1
TX,202602,2026-01-01 04:05:00,29135.0,29135.0,29135.0,29135.0,3
TX,202602,2026-01-01 04:06:00,29126.0,29126.0,29125.0,29125.0,3
TX,202602,2026-01-01 04:07:00,29125.0,29125.0,29125.0,29125.0,2
TX,202602,2026-01-01 04:10:00,29110.0,29110.0,29100.0,29100.0,6
TX,202602,2026-01-01 04:13:00,29099.0,29100.0,29099.0,29100.0,3
TX,202602,2026-01-01 04:15:00,29092.0,29092.0,29081.0,29090.0,8
TX,202602,2026-01-01 04:16:00,29090.0,29095.0,29090.0,29095.0,4
TX,202602,2026-01-01 04:20:00,29080.0,29080.0,29077.0,29077.0,2
TX,202602,2026-01-01 04:21:00,29060.0,29060.0,29050.0,29054.0,4
TX,202602,2026-01-01 04:22:00,29055.0,29055.0,29055.0,29055.0,2
TX,202602,2026-01-01 04:39:00,29083.0,29083.0,29077.0,29077.0,2
TX,202602,2026-01-01 04:40:00,29075.0,29075.0,29075.0,29075.0,1
TX,202603,2025-12-31 15:03:00,29117.0,29117.0,29117.0,29117.0,1
TX,202603,2025-12-31 15:25:00,29139.0,29139.0,29139.0,29139.0,1
TX,202603,2025-12-31 15:26:00,29150.0,29152.0,29150.0,29152.0,2
TX,202603,2025-12-31 15:27:00,29150.0,29150.0,29150.0,29150.0,1
TX,202603,2025-12-31 16:36:00,29099.0,29099.0,29099.0,29099.0,2
TX,202603,2025-12-31 18:00:00,29099.0,29099.0,29099.0,29099.0,1
TX,202603,2025-12-31 18:38:00,29103.0,29103.0,29103.0,29103.0,1
TX,202603,2025-12-31 18:49:00,29103.0,29103.0,29103.0,29103.0,1
TX,202603,2025-12-31 19:40:00,29095.0,29095.0,29095.0,29095.0,1
TX,202603,2025-12-31 20:53:00,29116.0,29116.0,29116.0,29116.0,2
TX,202603,2025-12-31 21:32:00,29140.0,29140.0,29140.0,29140.0,1
TX,202603,2025-12-31 21:33:00,29143.0,29143.0,29143.0,29143.0,1
TX,202603,2025-12-31 21:40:00,29150.0,29150.0,29150.0,29150.0,2
TX,202603,2025-12-31 21:50:00,29176.0,29176.0,29176.0,29176.0,1
TX,202603,2025-12-31 21:52:00,29180.0,29180.0,29180.0,29180.0,1
TX,202603,2025-12-31 21:56:00,29182.0,29182.0,29182.0,29182.0,1
TX,202603,2025-12-31 21:58:00,29174.0,29174.0,29174.0,29174.0,1
TX,202603,2025-12-31 23:54:00,29140.0,29140.0,29140.0,29140.0,1
TX,202603,2025-12-31 23:55:00,29140.0,29140.0,29140.0,29140.0,1
TX,202603,2026-01-01 03:18:00,29203.0,29203.0,29203.0,29203.0,1
TX,202603,2026-01-01 03:31:00,29183.0,29183.0,29183.0,29183.0,1
TX,202603,2026-01-01 04:08:00,29140.0,29140.0,29140.0,29140.0,1
TX,202603,2026-01-01 04:10:00,29125.0,29125.0,29125.0,29125.0,1
TX,202603,2026-01-01 04:21:00,29093.0,29093.0,29093.0,29093.0,1
TX,202606,2025-12-31 19:53:00,29187.0,29187.0,29180.0,29180.0,2
TX,202606,2025-12-31 22:38:00,29250.0,29250.0,29250.0,29250.0,1
TX,202606,2025-12-31 23:55:00,29235.0,29235.0,29235.0,29235.0,1
TX,202606,2026-01-01 02:08:00,29260.0,29260.0,29260.0,29260.0,1
TX,202606,2026-01-01 03:18:00,29295.0,29295.0,29295.0,29295.0,1
TX,202606,2026-01-01 04:21:00,29170.0,29170.0,29170.0,29170.0,1
TX,202609,2025-12-31 19:56:00,28960.0,28960.0,28960.0,28960.0,1
TX,202609,2025-12-31 21:17:00,28990.0,28990.0,28990.0,28990.0,1
TX,202612,2025-12-31 16:36:00,29014.0,29014.0,29014.0,29014.0,1
UDF,202603,2025-12-31 15:07:00,48617.0,48617.0,48616.0,48616.0,2
UDF,202603,2025-12-31 15:33:00,48625.0,48625.0,48625.0,48625.0,1
UDF,202603,2025-12-31 16:34:00,48608.0,48608.0,48608.0,48608.0,1
UDF,202603,2025-12-31 19:32:00,48596.0,48596.0,48596.0,48596.0,1
UDF,202603,2025-12-31 19:52:00,48599.0,48599.0,48599.0,48599.0,1
UDF,202603,2025-12-31 20:01:00,48600.0,48600.0,48600.0,48600.0,5
UDF,202603,2025-12-31 20:20:00,48620.0,48620.0,48620.0,48620.0,1
UDF,202603,2025-12-31 20:26:00,48630.0,48630.0,48630.0,48630.0,2
UDF,202603,2025-12-31 22:32:00,48624.0,48624.0,48624.0,48624.0,1
UDF,202603,2025-12-31 22:34:00,48602.0,48602.0,48590.0,48590.0,3
UDF,202603,2025-12-31 22:35:00,48589.0,48589.0,48589.0,48589.0,1
UDF,202603,2025-12-31 22:37:00,48578.0,48578.0,48570.0,48570.0,2
UDF,202603,2025-12-31 22:40:00,48555.0,48555.0,48555.0,48555.0,7
UDF,202603,2025-12-31 22:41:00,48559.0,48559.0,48559.0,48559.0,1
UDF,202603,2025-12-31 22:42:00,48552.0,48552.0,48552.0,48552.0,1
UDF,202603,2025-12-31 22:43:00,48550.0,48550.0,48540.0,48540.0,2
UDF,202603,2025-12-31 22:45:00,48536.0,48545.0,48536.0,48545.0,3
UDF,202603,2025-12-31 22:48:00,48530.0,48530.0,48530.0,48530.0,1
UDF,202603,2025-12-31 22:57:00,48580.0,48580.0,48580.0,48580.0,1
UDF,202603,2025-12-31 22:58:00,48578.0,48578.0,48578.0,48578.0,1
UDF,202603,2025-12-31 23:06:00,48526.0,48526.0,48526.0,48526.0,1
UDF,202603,2025-12-31 23:11:00,48517.0,48517.0,48517.0,48517.0,1
UDF,202603,2025-12-31 23:13:00,48510.0,48510.0,48510.0,48510.0,1
UDF,202603,2025-12-31 23:15:00,48501.0,48501.0,48501.0,48501.0,2
UDF,202603,2025-12-31 23:19:00,48503.0,48513.0,48503.0,48513.0,2
UDF,202603,2025-12-31 23:21:00,48515.0,48515.0,48510.0,48510.0,2
UDF,202603,2025-12-31 23:27:00,48528.0,48528.0,48528.0,48528.0,1
UDF,202603,2025-12-31 23:40:00,48501.0,48501.0,48501.0,48501.0,1
UDF,202603,2025-12-31 23:51:00,48488.0,48488.0,48488.0,48488.0,1
UDF,202603,2025-12-31 23:55:00,48474.0,48474.0,48474.0,48474.0,1
UDF,202603,2025-12-31 23:56:00,48466.0,48466.0,48466.0,48466.0,1
UDF,202603,2026-01-01 00:06:00,48473.0,48473.0,48473.0,48473.0,1
UDF,202603,2026-01-01 00:12:00,48485.0,48485.0,48485.0,48485.0,1
UDF,202603,2026-01-01 00:31:00,48507.0,48507.0,48507.0,48507.0,1
UDF,202603,2026-01-01 00:49:00,48513.0,48513.0,48512.0,48512.0,2
UDF,202603,2026-01-01 01:11:00,48462.0,48462.0,48462.0,48462.0,1
UDF,202603,2026-01-01 01:15:00,48489.0,48489.0,48489.0,48489.0,1
UDF,202603,2026-01-01 02:12:00,48519.0,48519.0,48519.0,48519.0,1
UDF,202603,2026-01-01 02:40:00,48530.0,48530.0,48530.0,48530.0,1
UDF,202603,2026-01-01 02:47:00,48556.0,48556.0,48556.0,48556.0,1
UDF,202603,2026-01-01 02:48:00,48558.0,48558.0,48558.0,48558.0,1
UDF,202603,2026-01-01 03:01:00,48567.0,48567.0,48567.0,48567.0,1
UDF,202603,2026-01-01 04:01:00,48422.0,48422.0,48371.0,48371.0,2
UDF,202603,2026-01-01 04:51:00,48394.0,48394.0,48391.0,48391.0,2
UNF,202603,2025-12-31 15:06:00,25617.0,25617.0,25617.0,25617.0,1
UNF,202603,2025-12-31 15:07:00,25625.0,25625.0,25625.0,25625.0,2
UNF,202603,2025-12-31 15:08:00,25624.0,25627.0,25624.0,25627.0,3
UNF,202603,2025-12-31 15:11:00,25619.0,25619.0,25616.0,25616.0,2
UNF,202603,2025-12-31 15:15:00,25618.0,25618.0,25615.0,25617.0,5
UNF,202603,2025-12-31 15:16:00,25617.0,25617.0,25617.0,25617.0,2
UNF,202603,2025-12-31 15:26:00,25636.0,25636.0,25636.0,25636.0,2
UNF,202603,2025-12-31 15:27:00,25629.0,25632.0,25629.0,25632.0,2
UNF,202603,2025-12-31 15:31:00,25643.0,25643.0,25643.0,25643.0,1
UNF,202603,2025-12-31 15:32:00,25641.0,25641.0,25641.0,25641.0,1
UNF,202603,2025-12-31 15:33:00,25638.0,25638.0,25638.0,25638.0,1
UNF,202603,2025-12-31 15:39:00,25644.0,25644.0,25644.0,25644.0,3
UNF,202603,2025-12-31 15:40:00,25640.0,25644.0,25640.0,25644.0,3
UNF,202603,2025-12-31 15:41:00,25638.0,25638.0,25638.0,25638.0,1
UNF,202603,2025-12-31 15:43:00,25638.0,25638.0,25638.0,25638.0,1
UNF,202603,2025-12-31 15:46:00,25640.0,25640.0,25640.0,25640.0,2
UNF,202603,2025-12-31 15:47:00,25638.0,25638.0,25633.0,25633.0,4
UNF,202603,2025-12-31 15:48:00,25633.0,25633.0,25633.0,25633.0,3
UNF,202603,2025-12-31 15:54:00,25625.0,25625.0,25625.0,25625.0,2
UNF,202603,2025-12-31 15:58:00,25625.0,25625.0,25625.0,25625.0,1
UNF,202603,2025-12-31 15:59:00,25629.0,25629.0,25629.0,25629.0,1
UNF,202603,2025-12-31 16:06:00,25625.0,25625.0,25625.0,25625.0,11
UNF,202603,2025-12-31 16:07:00,25625.0,25625.0,25625.0,25625.0,11
UNF,202603,2025-12-31 16:08:00,25630.0,25630.0,25630.0,25630.0,1
UNF,202603,2025-12-31 16:10:00,25617.0,25617.0,25616.0,25616.0,3
UNF,202603,2025-12-31 16:24:00,25613.0,25613.0,25612.0,25612.0,13
UNF,202603,2025-12-31 16:25:00,25611.0,25611.0,25611.0,25611.0,2
UNF,202603,2025-12-31 16:30:00,25608.0,25608.0,25608.0,25608.0,1
UNF,202603,2025-12-31 16:31:00,25601.0,25601.0,25599.0,25599.0,9
UNF,202603,2025-12-31 16:32:00,25599.0,25599.0,25599.0,25599.0,1
UNF,202603,2025-12-31 16:33:00,25599.0,25601.0,25597.0,25601.0,4
UNF,202603,2025-12-31 16:34:00,25592.0,25592.0,25592.0,25592.0,11
UNF,202603,2025-12-31 16:39:00,25588.0,25588.0,25588.0,25588.0,1
UNF,202603,2025-12-31 16:40:00,25583.0,25583.0,25583.0,25583.0,1
UNF,202603,2025-12-31 16:41:00,25585.0,25585.0,25585.0,25585.0,1
UNF,202603,2025-12-31 16:43:00,25591.0,25591.0,25585.0,25585.0,8
UNF,202603,2025-12-31 16:44:00,25596.0,25596.0,25596.0,25596.0,3
UNF,202603,2025-12-31 16:47:00,25592.0,25592.0,25592.0,25592.0,1
UNF,202603,2025-12-31 16:48:00,25590.0,25590.0,25590.0,25590.0,1
UNF,202603,2025-12-31 16:57:00,25591.0,25591.0,25591.0,25591.0,1
UNF,202603,2025-12-31 16:58:00,25589.0,25589.0,25588.0,25588.0,2
UNF,202603,2025-12-31 17:23:00,25602.0,25603.0,25602.0,25603.0,2
UNF,202603,2025-12-31 17:24:00,25594.0,25594.0,25594.0,25594.0,1
UNF,202603,2025-12-31 17:25:00,25594.0,25594.0,25594.0,25594.0,2
UNF,202603,2025-12-31 17:47:00,25601.0,25601.0,25601.0,25601.0,2
UNF,202603,2025-12-31 17:53:00,25600.0,25600.0,25600.0,25600.0,4
UNF,202603,2025-12-31 18:27:00,25600.0,25600.0,25600.0,25600.0,1
UNF,202603,2025-12-31 19:45:00,25627.0,25627.0,25627.0,25627.0,1
UNF,202603,2025-12-31 19:47:00,25631.0,25631.0,25631.0,25631.0,1
UNF,202603,2025-12-31 19:48:00,25625.0,25627.0,25625.0,25627.0,3
UNF,202603,2025-12-31 19:58:00,25631.0,25631.0,25631.0,25631.0,1
UNF,202603,2025-12-31 20:00:00,25635.0,25635.0,25635.0,25635.0,1
UNF,202603,2025-12-31 20:01:00,25633.0,25633.0,25630.0,25630.0,3
UNF,202603,2025-12-31 20:13:00,25633.0,25633.0,25633.0,25633.0,1
UNF,202603,2025-12-31 20:15:00,25633.0,25634.0,25633.0,25634.0,2
UNF,202603,2025-12-31 20:16:00,25637.0,25637.0,25637.0,25637.0,1
UNF,202603,2025-12-31 20:29:00,25650.0,25650.0,25650.0,25650.0,1
UNF,202603,2025-12-31 20:34:00,25654.0,25654.0,25654.0,25654.0,1
UNF,202603,2025-12-31 20:36:00,25649.0,25649.0,25649.0,25649.0,4
UNF,202603,2025-12-31 21:00:00,25655.0,25655.0,25655.0,25655.0,1
UNF,202603,2025-12-31 21:07:00,25657.0,25660.0,25657.0,25660.0,3
UNF,202603,2025-12-31 21:08:00,25660.0,25660.0,25660.0,25660.0,1
UNF,202603,2025-12-31 21:09:00,25655.0,25655.0,25655.0,25655.0,4
UNF,202603,2025-12-31 21:23:00,25674.0,25674.0,25674.0,25674.0,3
UNF,202603,2025-12-31 21:25:00,25677.0,25677.0,25677.0,25677.0,1
UNF,202603,2025-12-31 21:27:00,25668.0,25668.0,25668.0,25668.0,1
UNF,202603,2025-12-31 21:29:00,25674.0,25674.0,25674.0,25674.0,1
UNF,202603,2025-12-31 21:31:00,25674.0,25674.0,25674.0,25674.0,1
UNF,202603,2025-12-31 21:34:00,25679.0,25679.0,25678.0,25678.0,2
UNF,202603,2025-12-31 21:35:00,25678.0,25678.0,25674.0,25674.0,14
UNF,202603,2025-12-31 21:38:00,25685.0,25685.0,25685.0,25685.0,2
UNF,202603,2025-12-31 21:40:00,25688.0,25693.0,25688.0,25693.0,4
UNF,202603,2025-12-31 21:43:00,25694.0,25698.0,25694.0,25698.0,4
UNF,202603,2025-12-31 21:44:00,25698.0,25698.0,25697.0,25697.0,4
UNF,202603,2025-12-31 21:45:00,25698.0,25700.0,25698.0,25700.0,10
UNF,202603,2025-12-31 21:46:00,25700.0,25703.0,25700.0,25703.0,4
UNF,202603,2025-12-31 21:47:00,25711.0,25711.0,25711.0,25711.0,1
UNF,202603,2025-12-31 21:48:00,25703.0,25703.0,25703.0,25703.0,1
UNF,202603,2025-12-31 21:50:00,25711.0,25728.0,25711.0,25728.0,3
UNF,202603,2025-12-31 21:53:00,25733.0,25733.0,25733.0,25733.0,1
UNF,202603,2025-12-31 21:55:00,25733.0,25733.0,25733.0,25733.0,1
UNF,202603,2025-12-31 21:56:00,25733.0,25733.0,25733.0,25733.0,7
UNF,202603,2025-12-31 21:57:00,25729.0,25729.0,25729.0,25729.0,1
UNF,202603,2025-12-31 21:59:00,25729.0,25729.0,25729.0,25729.0,1
UNF,202603,2025-12-31 22:00:00,25730.0,25730.0,25730.0,25730.0,1
UNF,202603,2025-12-31 22:02:00,25741.0,25741.0,25741.0,25741.0,1
UNF,202603,2025-12-31 22:04:00,25734.0,25734.0,25734.0,25734.0,1
UNF,202603,2025-12-31 22:09:00,25735.0,25735.0,25735.0,25735.0,1
UNF,202603,2025-12-31 22:12:00,25727.0,25727.0,25727.0,25727.0,1
UNF,202603,2025-12-31 22:14:00,25723.0,25723.0,25723.0,25723.0,1
UNF,202603,2025-12-31 22:16:00,25725.0,25725.0,25725.0,25725.0,1
UNF,202603,2025-12-31 22:19:00,25720.0,25720.0,25720.0,25720.0,1
UNF,202603,2025-12-31 22:31:00,25705.0,25705.0,25705.0,25705.0,1
UNF,202603,2025-12-31 22:32:00,25692.0,25692.0,25692.0,25692.0,4
UNF,202603,2025-12-31 22:33:00,25689.0,25690.0,25687.0,25687.0,6
UNF,202603,2025-12-31 22:35:00,25701.0,25701.0,25701.0,25701.0,1
UNF,202603,2025-12-31 22:36:00,25680.0,25680.0,25663.0,25663.0,5
UNF,202603,2025-12-31 22:37:00,25658.0,25658.0,25650.0,25655.0,16
UNF,202603,2025-12-31 22:42:00,25650.0,25650.0,25650.0,25650.0,1
UNF,202603,2025-12-31 22:45:00,25634.0,25634.0,25620.0,25620.0,32
UNF,202603,2025-12-31 22:46:00,25625.0,25625.0,25618.0,25620.0,9
UNF,202603,2025-12-31 22:47:00,25620.0,25620.0,25613.0,25613.0,5
UNF,202603,2025-12-31 22:48:00,25621.0,25628.0,25620.0,25628.0,3
UNF,202603,2025-12-31 22:49:00,25624.0,25624.0,25620.0,25620.0,3
UNF,202603,2025-12-31 22:51:00,25630.0,25630.0,25630.0,25630.0,1
UNF,202603,2025-12-31 22:52:00,25645.0,25645.0,25645.0,25645.0,1
UNF,202603,2025-12-31 22:56:00,25658.0,25658.0,25658.0,25658.0,1
UNF,202603,2025-12-31 22:57:00,25635.0,25635.0,25630.0,25630.0,2
UNF,202603,2025-12-31 23:05:00,25635.0,25635.0,25635.0,25635.0,1
UNF,202603,2025-12-31 23:06:00,25640.0,25640.0,25640.0,25640.0,2
UNF,202603,2025-12-31 23:07:00,25643.0,25643.0,25643.0,25643.0,2
UNF,202603,2025-12-31 23:09:00,25634.0,25634.0,25634.0,25634.0,1
UNF,202603,2025-12-31 23:10:00,25629.0,25629.0,25629.0,25629.0,1
UNF,202603,2025-12-31 23:11:00,25620.0,25620.0,25614.0,25614.0,4
UNF,202603,2025-12-31 23:18:00,25605.0,25605.0,25600.0,25600.0,4
UNF,202603,2025-12-31 23:50:00,25607.0,25607.0,25607.0,25607.0,1
UNF,202603,2025-12-31 23:54:00,25600.0,25600.0,25592.0,25592.0,2
UNF,202603,2025-12-31 23:55:00,25592.0,25592.0,25576.0,25576.0,11
UNF,202603,2025-12-31 23:56:00,25575.0,25575.0,25575.0,25575.0,1
UNF,202603,2025-12-31 23:57:00,25577.0,25577.0,25577.0,25577.0,1
UNF,202603,2026-01-01 00:01:00,25598.0,25598.0,25598.0,25598.0,3
UNF,202603,2026-01-01 00:09:00,25596.0,25596.0,25596.0,25596.0,5
UNF,202603,2026-01-01 00:14:00,25585.0,25585.0,25585.0,25585.0,7
UNF,202603,2026-01-01 00:15:00,25589.0,25589.0,25589.0,25589.0,1
UNF,202603,2026-01-01 00:17:00,25602.0,25602.0,25602.0,25602.0,1
UNF,202603,2026-01-01 00:23:00,25602.0,25602.0,25602.0,25602.0,1
UNF,202603,2026-01-01 00:29:00,25616.0,25616.0,25616.0,25616.0,1
UNF,202603,2026-01-01 00:30:00,25616.0,25616.0,25616.0,25616.0,6
UNF,202603,2026-01-01 00:32:00,25605.0,25606.0,25602.0,25602.0,3
UNF,202603,2026-01-01 00:33:00,25603.0,25603.0,25603.0,25603.0,6
UNF,202603,2026-01-01 00:37:00,25600.0,25605.0,25600.0,25605.0,2
UNF,202603,2026-01-01 00:38:00,25610.0,25610.0,25610.0,25610.0,2
UNF,202603,2026-01-01 01:01:00,25630.0,25630.0,25630.0,25630.0,1
UNF,202603,2026-01-01 01:09:00,25596.0,25596.0,25593.0,25593.0,2
UNF,202603,2026-01-01 01:10:00,25596.0,25596.0,25596.0,25596.0,2
UNF,202603,2026-01-01 01:16:00,25606.0,25606.0,25606.0,25606.0,2
UNF,202603,2026-01-01 01:25:00,25602.0,25602.0,25602.0,25602.0,5
UNF,202603,2026-01-01 01:31:00,25616.0,25616.0,25616.0,25616.0,1
UNF,202603,2026-01-01 01:39:00,25614.0,25614.0,25614.0,25614.0,3
UNF,202603,2026-01-01 02:05:00,25605.0,25605.0,25605.0,25605.0,1
UNF,202603,2026-01-01 02:06:00,25597.0,25597.0,25597.0,25597.0,1
UNF,202603,2026-01-01 02:08:00,25612.0,25612.0,25612.0,25612.0,1
UNF,202603,2026-01-01 02:29:00,25624.0,25624.0,25624.0,25624.0,4
UNF,202603,2026-01-01 02:30:00,25624.0,25624.0,25624.0,25624.0,1
UNF,202603,2026-01-01 02:40:00,25640.0,25640.0,25640.0,25640.0,1
UNF,202603,2026-01-01 02:47:00,25646.0,25647.0,25646.0,25647.0,2
UNF,202603,2026-01-01 03:04:00,25665.0,25665.0,25665.0,25665.0,2
UNF,202603,2026-01-01 03:20:00,25622.0,25622.0,25622.0,25622.0,1
UNF,202603,2026-01-01 03:34:00,25577.0,25577.0,25577.0,25577.0,1
UNF,202603,2026-01-01 03:35:00,25566.0,25566.0,25566.0,25566.0,1
UNF,202603,2026-01-01 03:41:00,25560.0,25560.0,25560.0,25560.0,1
UNF,202603,2026-01-01 04:00:00,25555.0,25555.0,25550.0,25550.0,2
UNF,202603,2026-01-01 04:08:00,25531.0,25531.0,25530.0,25530.0,2
UNF,202603,2026-01-01 04:09:00,25528.0,25528.0,25528.0,25528.0,1
UNF,202603,2026-01-01 04:11:00,25501.0,25501.0,25500.0,25500.0,7
UNF,202603,2026-01-01 04:32:00,25520.0,25520.0,25520.0,25520.0,2
UNF,202603,2026-01-01 04:50:00,25498.0,25498.0,25498.0,25498.0,1
UNF,202603,2026-01-01 04:51:00,25490.0,25490.0,25490.0,25490.0,1
UNF,202603,2026-01-01 04:52:00,25522.0,25522.0,25522.0,25522.0,1
UNF,202603,2026-01-01 04:53:00,25508.0,25508.0,25508.0,25508.0,2
UNF,202603,2026-01-01 04:54:00,25512.0,25512.0,25512.0,25512.0,2
UNF,202603,2026-01-01 04:57:00,25512.0,25512.0,25512.0,25512.0,1
UNF,202603,2026-01-01 04:59:00,25468.0,25468.0,25468.0,25468.0,2
UNF,202606,2025-12-31 15:47:00,25866.0,25866.0,25866.0,25866.0,1
UNF,202606,2025-12-31 16:24:00,25847.0,25847.0,25847.0,25847.0,2
UNF,202606,2025-12-31 16:43:00,25825.0,25825.0,25825.0,25825.0,4
UNF,202606,2025-12-31 22:37:00,25881.0,25881.0,25881.0,25881.0,1
UNF,202606,2025-12-31 22:46:00,25851.0,25851.0,25851.0,25851.0,1
UNF,202606,2025-12-31 23:11:00,25855.0,25855.0,25855.0,25855.0,1
XAF,202603,2025-12-31 18:54:00,0.6678,0.6678,0.6678,0.6678,1
XAF,202603,2025-12-31 22:30:00,0.6675,0.6675,0.6675,0.6675,1
XAF,202603,2025-12-31 23:02:00,0.6672,0.6672,0.6672,0.6672,1
XAF,202603,2025-12-31 23:06:00,0.667,0.667,0.667,0.667,1
XAF,202603,2025-12-31 23:09:00,0.6669,0.6669,0.6669,0.6669,1
XAF,202603,2025-12-31 23:16:00,0.6666,0.6666,0.6666,0.6666,1
XAF,202603,2025-12-31 23:49:00,0.6663,0.6663,0.6663,0.6663,1
XBF,202603,2025-12-31 19:44:00,1.3449,1.3449,1.3449,1.3449,1
XBF,202603,2025-12-31 21:02:00,1.347,1.347,1.347,1.347,1
XBF,202603,2025-12-31 23:00:00,1.343,1.343,1.343,1.343,2
XBF,202603,2026-01-01 00:05:00,1.3448,1.3448,1.3448,1.3448,1
XEF,202603,2025-12-31 23:00:00,1.1768,1.1768,1.1768,1.1768,1
XJF,202603,2025-12-31 19:43:00,155.58,155.58,155.58,155.58,1
XJF,202603,2025-12-31 20:31:00,155.54,155.54,155.54,155.54,5
XJF,202603,2025-12-31 21:03:00,155.53,155.53,155.53,155.53,1
XJF,202603,2025-12-31 22:01:00,155.75,155.75,155.75,155.75,2
XJF,202603,2025-12-31 22:06:00,155.87,155.87,155.87,155.87,1
XJF,202603,2025-12-31 22:08:00,155.88,155.9,155.88,155.9,9
XJF,202603,2025-12-31 23:02:00,155.94,155.94,155.94,155.94,2
XJF,202603,2025-12-31 23:17:00,155.87,155.87,155.87,155.87,1
XJF,202603,2025-12-31 23:31:00,155.82,155.82,155.82,155.82,1
XJF,202603,2025-12-31 23:34:00,155.81,155.81,155.81,155.81,1
XJF,202603,2025-12-31 23:42:00,155.79,155.79,155.79,155.79,6
XJF,202603,2026-01-01 00:09:00,155.59,155.59,155.59,155.59,7
XJF,202603,2026-01-01 01:56:00,155.77,155.77,155.77,155.77,1
ZEF,202601,2025-12-31 15:02:00,1741.3,1741.3,1741.25,1741.3,3
ZEF,202601,2025-12-31 15:04:00,1740.5,1740.5,1740.5,1740.5,1
ZEF,202601,2025-12-31 15:14:00,1740.65,1740.7,1740.65,1740.7,2
ZEF,202601,2025-12-31 15:17:00,1740.9,1740.9,1740.9,1740.9,1
ZEF,202601,2025-12-31 15:25:00,1741.8,1741.85,1741.8,1741.85,2
ZEF,202601,2025-12-31 15:26:00,1742.95,1743.25,1742.95,1743.25,4
ZEF,202601,2025-12-31 15:27:00,1745.1,1745.1,1745.1,1745.1,1
ZEF,202601,2025-12-31 15:28:00,1743.3,1743.3,1743.3,1743.3,1
ZEF,202601,2025-12-31 15:30:00,1744.35,1744.35,1744.35,1744.35,2
ZEF,202601,2025-12-31 15:31:00,1744.35,1744.35,1744.35,1744.35,1
ZEF,202601,2025-12-31 15:34:00,1743.5,1743.5,1743.35,1743.35,2
ZEF,202601,2025-12-31 15:35:00,1743.3,1743.3,1743.25,1743.25,2
ZEF,202601,2025-12-31 15:36:00,1744.25,1744.3,1744.25,1744.3,3
ZEF,202601,2025-12-31 15:37:00,1743.95,1743.95,1743.95,1743.95,1
ZEF,202601,2025-12-31 15:39:00,1744.3,1744.3,1744.3,1744.3,1
ZEF,202601,2025-12-31 15:40:00,1744.7,1744.75,1744.7,1744.75,2
ZEF,202601,2025-12-31 15:46:00,1744.95,1744.95,1744.95,1744.95,2
ZEF,202601,2025-12-31 15:51:00,1744.0,1744.0,1743.95,1743.95,9
ZEF,202601,2025-12-31 16:00:00,1743.0,1743.0,1743.0,1743.0,1
ZEF,202601,2025-12-31 16:02:00,1743.0,1743.0,1743.0,1743.0,1
ZEF,202601,2025-12-31 16:04:00,1743.2,1743.2,1743.05,1743.05,3
ZEF,202601,2025-12-31 16:10:00,1742.0,1742.0,1742.0,1742.0,1
ZEF,202601,2025-12-31 16:35:00,1740.0,1740.0,1740.0,1740.0,4
ZEF,202601,2025-12-31 16:37:00,1739.0,1739.0,1739.0,1739.0,1
ZEF,202601,2025-12-31 17:02:00,1740.0,1740.0,1740.0,1740.0,1
ZEF,202601,2025-12-31 17:06:00,1740.75,1740.75,1740.75,1740.75,2
ZEF,202601,2025-12-31 17:16:00,1740.6,1740.6,1740.6,1740.6,1
ZEF,202601,2025-12-31 17:18:00,1740.0,1740.0,1740.0,1740.0,1
ZEF,202601,2025-12-31 17:25:00,1740.0,1740.0,1740.0,1740.0,1
ZEF,202601,2025-12-31 17:26:00,1740.0,1740.1,1740.0,1740.1,4
ZEF,202601,2025-12-31 17:27:00,1740.0,1740.2,1740.0,1740.2,5
ZEF,202601,2025-12-31 17:28:00,1740.2,1740.2,1739.75,1739.75,2
ZEF,202601,2025-12-31 17:31:00,1739.4,1739.4,1739.4,1739.4,1
ZEF,202601,2025-12-31 17:33:00,1739.8,1739.8,1739.8,1739.8,1
ZEF,202601,2025-12-31 17:36:00,1739.8,1739.8,1739.8,1739.8,1
ZEF,202601,2025-12-31 17:43:00,1739.4,1739.4,1739.3,1739.3,3
ZEF,202601,2025-12-31 17:46:00,1739.3,1739.3,1739.3,1739.3,3
ZEF,202601,2025-12-31 18:00:00,1738.35,1738.35,1738.1,1738.1,4
ZEF,202601,2025-12-31 18:10:00,1737.8,1737.8,1737.05,1737.05,8
ZEF,202601,2025-12-31 18:13:00,1738.5,1738.65,1738.5,1738.5,9
ZEF,202601,2025-12-31 18:17:00,1738.5,1738.5,1738.5,1738.5,2
ZEF,202601,2025-12-31 19:00:00,1738.5,1738.5,1738.5,1738.5,3
ZEF,202601,2025-12-31 19:17:00,1738.0,1738.0,1738.0,1738.0,2
ZEF,202601,2025-12-31 19:53:00,1737.2,1737.2,1736.4,1736.5,10
ZEF,202601,2025-12-31 19:54:00,1736.5,1736.55,1736.5,1736.55,2
ZEF,202601,2025-12-31 20:02:00,1737.4,1737.4,1737.4,1737.4,4
ZEF,202601,2025-12-31 20:17:00,1738.8,1738.8,1738.8,1738.8,2
ZEF,202601,2025-12-31 20:18:00,1738.7,1738.8,1738.7,1738.8,3
ZEF,202601,2025-12-31 20:23:00,1740.3,1740.3,1740.3,1740.3,1
ZEF,202601,2025-12-31 20:25:00,1739.0,1739.0,1739.0,1739.0,3
ZEF,202601,2025-12-31 20:30:00,1738.9,1738.9,1738.8,1738.8,5
ZEF,202601,2025-12-31 20:34:00,1739.5,1739.5,1739.5,1739.5,1
ZEF,202601,2025-12-31 20:37:00,1740.0,1740.25,1740.0,1740.25,4
ZEF,202601,2025-12-31 20:44:00,1739.8,1739.8,1739.75,1739.75,2
ZEF,202601,2025-12-31 20:46:00,1740.1,1740.15,1740.1,1740.15,2
ZEF,202601,2025-12-31 20:57:00,1741.1,1741.25,1741.1,1741.25,2
ZEF,202601,2025-12-31 21:20:00,1741.7,1742.75,1741.7,1742.75,6
ZEF,202601,2025-12-31 21:23:00,1742.9,1743.85,1742.9,1743.8,8
ZEF,202601,2025-12-31 21:25:00,1743.7,1743.7,1743.7,1743.7,2
ZEF,202601,2025-12-31 21:26:00,1743.25,1743.25,1743.25,1743.25,2
ZEF,202601,2025-12-31 21:30:00,1742.8,1742.8,1742.8,1742.8,1
ZEF,202601,2025-12-31 21:40:00,1743.8,1743.8,1743.8,1743.8,2
ZEF,202601,2025-12-31 21:41:00,1743.9,1744.4,1743.9,1744.4,3
ZEF,202601,2025-12-31 21:42:00,1744.3,1744.3,1744.3,1744.3,1
ZEF,202601,2025-12-31 21:44:00,1744.45,1744.5,1744.45,1744.5,2
ZEF,202601,2025-12-31 21:45:00,1744.6,1744.6,1744.6,1744.6,2
ZEF,202601,2025-12-31 21:47:00,1745.0,1745.6,1745.0,1745.05,10
ZEF,202601,2025-12-31 21:49:00,1746.0,1746.0,1746.0,1746.0,1
ZEF,202601,2025-12-31 21:52:00,1747.25,1747.25,1747.25,1747.25,1
ZEF,202601,2025-12-31 21:53:00,1747.2,1747.25,1747.2,1747.25,5
ZEF,202601,2025-12-31 21:54:00,1746.15,1746.15,1746.15,1746.15,1
ZEF,202601,2025-12-31 21:57:00,1746.1,1746.1,1746.0,1746.0,3
ZEF,202601,2025-12-31 22:02:00,1746.1,1746.1,1746.1,1746.1,1
ZEF,202601,2025-12-31 22:03:00,1746.35,1746.35,1746.35,1746.35,3
ZEF,202601,2025-12-31 22:07:00,1747.15,1747.15,1747.1,1747.1,4
ZEF,202601,2025-12-31 22:14:00,1747.25,1747.25,1747.25,1747.25,1
ZEF,202601,2025-12-31 22:15:00,1747.6,1747.6,1747.6,1747.6,2
ZEF,202601,2025-12-31 22:16:00,1747.4,1747.4,1747.0,1747.0,3
ZEF,202601,2025-12-31 22:28:00,1746.0,1746.0,1746.0,1746.0,1
ZEF,202601,2025-12-31 22:38:00,1744.9,1744.9,1744.9,1744.9,1
ZEF,202601,2025-12-31 22:41:00,1744.0,1744.0,1744.0,1744.0,1
ZEF,202601,2025-12-31 22:51:00,1743.95,1744.5,1743.0,1744.5,12
ZEF,202601,2025-12-31 22:52:00,1745.3,1745.3,1745.3,1745.3,1
ZEF,202601,2025-12-31 22:55:00,1746.8,1747.5,1746.8,1747.5,3
ZEF,202601,2025-12-31 22:56:00,1747.0,1747.0,1747.0,1747.0,2
ZEF,202601,2025-12-31 23:03:00,1746.4,1746.4,1746.4,1746.4,2
ZEF,202601,2025-12-31 23:04:00,1747.0,1747.0,1747.0,1747.0,1
ZEF,202601,2025-12-31 23:05:00,1747.0,1747.0,1747.0,1747.0,2
ZEF,202601,2025-12-31 23:06:00,1746.45,1746.45,1746.45,1746.45,2
ZEF,202601,2025-12-31 23:08:00,1746.45,1746.45,1746.15,1746.15,2
ZEF,202601,2025-12-31 23:11:00,1745.0,1745.0,1745.0,1745.0,1
ZEF,202601,2025-12-31 23:13:00,1744.95,1745.0,1744.95,1745.0,3
ZEF,202601,2025-12-31 23:14:00,1745.0,1745.0,1745.0,1745.0,1
ZEF,202601,2025-12-31 23:15:00,1745.0,1745.0,1745.0,1745.0,1
ZEF,202601,2025-12-31 23:16:00,1745.6,1745.6,1745.6,1745.6,1
ZEF,202601,2025-12-31 23:18:00,1744.0,1744.0,1744.0,1744.0,1
ZEF,202601,2025-12-31 23:19:00,1743.35,1743.35,1743.35,1743.35,3
ZEF,202601,2025-12-31 23:29:00,1745.0,1745.0,1745.0,1745.0,1
ZEF,202601,2025-12-31 23:31:00,1745.0,1745.0,1745.0,1745.0,1
ZEF,202601,2025-12-31 23:33:00,1745.7,1745.7,1745.7,1745.7,1
ZEF,202601,2025-12-31 23:47:00,1745.65,1745.65,1745.65,1745.65,1
ZEF,202601,2025-12-31 23:50:00,1745.0,1745.0,1745.0,1745.0,1
ZEF,202601,2025-12-31 23:56:00,1743.35,1743.35,1743.1,1743.1,4
ZEF,202601,2026-01-01 00:09:00,1743.1,1743.1,1743.1,1743.1,1
ZEF,202601,2026-01-01 00:10:00,1742.9,1742.9,1742.8,1742.8,3
ZEF,202601,2026-01-01 00:13:00,1742.8,1742.8,1742.8,1742.8,1
ZEF,202601,2026-01-01 00:20:00,1743.8,1743.8,1743.8,1743.8,1
ZEF,202601,2026-01-01 00:30:00,1744.8,1744.8,1744.8,1744.8,4
ZEF,202601,2026-01-01 00:34:00,1744.4,1744.4,1744.4,1744.4,1
ZEF,202601,2026-01-01 00:35:00,1744.4,1744.4,1744.4,1744.4,1
ZEF,202601,2026-01-01 01:32:00,1746.15,1746.15,1746.15,1746.15,1
ZEF,202601,2026-01-01 01:36:00,1746.45,1746.45,1746.45,1746.45,1
ZEF,202601,2026-01-01 01:37:00,1746.85,1746.85,1746.85,1746.85,1
ZEF,202601,2026-01-01 01:38:00,1746.95,1746.95,1746.95,1746.95,1
ZEF,202601,2026-01-01 01:50:00,1746.2,1746.2,1746.2,1746.2,1
ZEF,202601,2026-01-01 02:25:00,1747.0,1748.0,1747.0,1748.0,10
ZEF,202601,2026-01-01 02:32:00,1747.7,1747.75,1747.05,1747.05,4
ZEF,202601,2026-01-01 02:35:00,1747.15,1747.15,1747.0,1747.0,3
ZEF,202601,2026-01-01 03:00:00,1748.25,1748.8,1748.25,1748.8,3
ZEF,202601,2026-01-01 03:01:00,1748.8,1748.8,1748.8,1748.8,2
ZEF,202601,2026-01-01 03:04:00,1748.95,1748.95,1748.95,1748.95,1
ZEF,202601,2026-01-01 03:15:00,1748.7,1748.7,1748.7,1748.7,2
ZEF,202601,2026-01-01 03:20:00,1747.8,1747.8,1747.8,1747.8,3
ZEF,202601,2026-01-01 03:22:00,1747.5,1747.5,1747.5,1747.5,1
ZEF,202601,2026-01-01 03:31:00,1747.5,1747.5,1746.8,1746.8,2
ZEF,202601,2026-01-01 03:32:00,1746.8,1746.8,1746.8,1746.8,1
ZEF,202601,2026-01-01 04:01:00,1744.1,1744.1,1744.1,1744.1,1
ZEF,202601,2026-01-01 04:04:00,1743.95,1743.95,1743.7,1743.7,6
ZEF,202601,2026-01-01 04:06:00,1744.1,1744.1,1744.1,1744.1,1
ZEF,202601,2026-01-01 04:10:00,1743.3,1743.3,1742.15,1742.15,7
ZEF,202601,2026-01-01 04:15:00,1742.05,1742.05,1741.5,1741.5,3
ZEF,202601,2026-01-01 04:21:00,1740.0,1740.0,1738.9,1738.9,3
ZEF,202601,2026-01-01 04:23:00,1740.35,1740.35,1740.35,1740.35,1
ZEF,202601,2026-01-01 04:26:00,1739.35,1739.35,1739.35,1739.35,3
ZEF,202601,2026-01-01 04:29:00,1739.05,1739.05,1739.0,1739.0,2
ZEF,202601,2026-01-01 04:31:00,1740.0,1740.0,1740.0,1740.0,1
ZEF,202601,2026-01-01 04:32:00,1739.5,1739.5,1739.5,1739.5,1
ZEF,202601,2026-01-01 04:37:00,1741.0,1741.0,1741.0,1741.0,1
ZEF,202601,2026-01-01 04:41:00,1742.0,1742.0,1742.0,1742.0,1
ZEF,202601,2026-01-01 04:49:00,1741.0,1741.0,1741.0,1741.0,1
ZEF,202601,2026-01-01 04:53:00,1741.4,1741.4,1741.4,1741.4,1
ZEF,202601,2026-01-01 04:54:00,1741.75,1741.75,1741.75,1741.75,1
ZEF,202601,2026-01-01 04:55:00,1741.95,1741.95,1741.95,1741.95,1
ZEF,202601,2026-01-01 04:56:00,1742.1,1742.1,1741.9,1741.9,2
ZEF,202601,2026-01-01 04:57:00,1741.55,1741.55,1741.55,1741.55,1
ZEF,202601,2026-01-01 04:59:00,1741.55,1741.55,1741.15,1741.15,2
ZEF,202602,2025-12-31 21:44:00,1748.0,1748.0,1748.0,1748.0,1
ZEF,202602,2025-12-31 21:47:00,1748.95,1748.95,1748.95,1748.95,2
ZEF,202602,2025-12-31 22:51:00,1747.5,1747.5,1746.5,1746.5,8
ZEF,202602,2026-01-01 01:38:00,1751.05,1751.05,1751.05,1751.05,1
ZEF,202602,2026-01-01 03:22:00,1751.0,1751.0,1751.0,1751.0,1
ZEF,202602,2026-01-01 04:21:00,1743.0,1743.0,1743.0,1743.0,1
ZFF,202601,2025-12-31 15:45:00,2403.6,2403.6,2403.6,2403.6,1
ZFF,202601,2025-12-31 15:47:00,2403.4,2403.4,2403.4,2403.4,1
ZFF,202601,2025-12-31 17:06:00,2402.2,2402.2,2402.2,2402.2,2
ZFF,202601,2025-12-31 17:54:00,2402.2,2402.2,2402.2,2402.2,1
ZFF,202601,2025-12-31 18:13:00,2402.4,2402.4,2402.4,2402.4,1
ZFF,202601,2025-12-31 21:35:00,2403.2,2403.4,2403.2,2403.4,2
ZFF,202601,2025-12-31 22:37:00,2403.2,2403.2,2403.2,2403.2,1
ZFF,202601,2025-12-31 22:38:00,2404.2,2404.2,2404.0,2404.0,3
ZFF,202601,2025-12-31 22:46:00,2404.0,2404.0,2404.0,2404.0,1
ZFF,202601,2025-12-31 22:55:00,2404.0,2404.0,2404.0,2404.0,1
ZFF,202601,2025-12-31 23:54:00,2404.0,2404.0,2404.0,2404.0,3
ZFF,202601,2025-12-31 23:55:00,2403.8,2403.8,2403.6,2403.6,2
ZFF,202601,2026-01-01 00:10:00,2402.2,2402.2,2402.2,2402.2,1
ZFF,202601,2026-01-01 04:24:00,2403.0,2403.0,2403.0,2403.0,1
ZFF,202601,2026-01-01 04:25:00,2401.2,2401.2,2401.2,2401.2,1
ZFF,202601,2026-01-01 04:58:00,2400.4,2400.4,2400.4,2400.4,1
