symbol,exp_month,time,open,high,low,close,volume
BRF,202605,2026-02-26 17:13:00,2200.0,2200.0,2200.0,2200.0,2
BRF,202605,2026-02-26 18:09:00,2187.5,2187.5,2187.5,2187.5,22
BRF,202605,2026-02-26 19:41:00,2182.0,2182.0,2182.0,2182.0,1
BRF,202605,2026-02-26 20:00:00,2178.0,2178.0,2178.0,2178.0,22
BRF,202605,2026-02-26 20:24:00,2166.0,2167.0,2166.0,2167.0,12
BRF,202605,2026-02-26 20:33:00,2174.5,2174.5,2174.5,2174.5,10
BRF,202605,2026-02-26 21:39:00,2179.5,2179.5,2179.5,2179.5,11
BRF,202605,2026-02-26 21:41:00,2184.0,2184.0,2184.0,2184.0,1
BRF,202605,2026-02-26 21:44:00,2187.0,2187.0,2187.0,2187.0,5
BRF,202605,2026-02-26 21:50:00,2183.0,2183.0,2183.0,2183.0,5
BRF,202606,2026-02-26 19:39:00,2172.0,2172.0,2172.0,2172.0,1
CCF,202603,2026-02-26 17:25:00,65.9,65.9,65.9,65.9,10
CCF,202603,2026-02-26 17:26:00,66.0,66.0,66.0,66.0,1
CCF,202603,2026-02-26 17:28:00,66.0,66.0,66.0,66.0,3
CCF,202603,2026-02-26 17:31:00,65.9,65.9,65.9,65.9,1
CCF,202603,2026-02-26 17:33:00,65.9,65.9,65.9,65.9,2
CCF,202603,2026-02-26 17:34:00,65.9,65.9,65.9,65.9,2
CCF,202603,2026-02-26 17:35:00,65.9,65.9,65.9,65.9,1
CCF,202603,2026-02-26 17:36:00,65.9,65.9,65.9,65.9,1
CCF,202603,2026-02-26 17:38:00,65.9,65.9,65.9,65.9,2
CCF,202603,2026-02-26 17:39:00,65.9,65.9,65.9,65.9,15
CCF,202603,2026-02-26 17:40:00,65.9,65.9,65.9,65.9,5
CCF,202603,2026-02-26 17:41:00,65.9,65.9,65.9,65.9,7
CCF,202603,2026-02-26 17:51:00,65.8,65.8,65.8,65.8,11
CCF,202603,2026-02-26 17:52:00,65.8,65.8,65.8,65.8,4
CCF,202603,2026-02-26 17:55:00,65.8,65.8,65.8,65.8,1
CCF,202603,2026-02-26 18:00:00,65.8,65.8,65.8,65.8,1
CCF,202603,2026-02-26 18:10:00,65.8,65.8,65.8,65.8,1
CCF,202603,2026-02-26 18:11:00,65.8,65.8,65.8,65.8,2
CCF,202603,2026-02-26 18:12:00,65.8,65.8,65.8,65.8,3
CCF,202603,2026-02-26 18:16:00,65.8,65.8,65.8,65.8,12
CCF,202603,2026-02-26 18:17:00,65.8,65.8,65.8,65.8,1
CCF,202603,2026-02-26 18:23:00,65.8,65.8,65.8,65.8,1
CCF,202603,2026-02-26 18:26:00,65.7,65.7,65.7,65.7,1
CCF,202603,2026-02-26 18:27:00,65.8,65.8,65.8,65.8,1
CCF,202603,2026-02-26 18:30:00,65.7,65.7,65.7,65.7,2
CCF,202603,2026-02-26 18:34:00,65.7,65.7,65.6,65.6,29
CCF,202603,2026-02-26 18:41:00,65.6,65.6,65.6,65.6,1
CCF,202603,2026-02-26 18:45:00,65.6,65.6,65.6,65.6,1
CCF,202603,2026-02-26 18:46:00,65.6,65.6,65.6,65.6,1
CCF,202603,2026-02-26 18:49:00,65.6,65.6,65.6,65.6,3
CCF,202603,2026-02-26 18:51:00,65.6,65.6,65.6,65.6,3
CCF,202603,2026-02-26 18:53:00,65.6,65.6,65.6,65.6,2
CCF,202603,2026-02-26 18:57:00,65.7,65.7,65.7,65.7,3
CCF,202603,2026-02-26 19:05:00,65.8,65.8,65.8,65.8,1
CCF,202603,2026-02-26 19:10:00,65.8,65.8,65.8,65.8,4
CCF,202603,2026-02-26 19:11:00,65.8,65.8,65.8,65.8,1
CCF,202603,2026-02-26 19:12:00,65.8,65.8,65.8,65.8,1
CCF,202603,2026-02-26 19:20:00,65.8,65.8,65.8,65.8,1
CCF,202603,2026-02-26 19:30:00,65.8,65.8,65.8,65.8,2
CCF,202603,2026-02-26 19:33:00,65.8,65.8,65.8,65.8,1
CCF,202603,2026-02-26 19:36:00,65.8,65.8,65.8,65.8,4
CCF,202603,2026-02-26 19:37:00,65.7,65.7,65.6,65.6,11
CCF,202603,2026-02-26 19:38:00,65.5,65.5,65.5,65.5,5
CCF,202603,2026-02-26 19:47:00,65.7,65.7,65.7,65.7,1
CCF,202603,2026-02-26 19:48:00,65.8,65.8,65.8,65.8,2
CCF,202603,2026-02-26 19:56:00,65.8,65.8,65.8,65.8,3
CCF,202603,2026-02-26 20:10:00,65.8,65.8,65.8,65.8,4
CCF,202603,2026-02-26 20:24:00,65.8,65.8,65.8,65.8,1
CCF,202603,2026-02-26 20:25:00,65.8,65.8,65.8,65.8,1
CCF,202603,2026-02-26 20:26:00,65.8,65.8,65.8,65.8,1
CCF,202603,2026-02-26 20:30:00,65.8,65.8,65.8,65.8,3
CCF,202603,2026-02-26 20:36:00,65.8,65.8,65.8,65.8,1
CCF,202603,2026-02-26 20:37:00,65.8,65.8,65.8,65.8,2
CCF,202603,2026-02-26 20:38:00,65.8,65.8,65.8,65.8,6
CCF,202603,2026-02-26 20:53:00,65.8,65.8,65.8,65.8,1
CCF,202603,2026-02-26 20:55:00,65.8,65.8,65.8,65.8,1
CCF,202603,2026-02-26 21:10:00,65.8,65.8,65.8,65.8,1
CCF,202603,2026-02-26 21:12:00,65.7,65.7,65.7,65.7,1
CCF,202603,2026-02-26 21:37:00,65.8,65.8,65.8,65.8,1
CCF,202603,2026-02-26 21:43:00,65.7,65.7,65.7,65.7,1
CCF,202603,2026-02-26 21:44:00,65.7,65.7,65.7,65.7,3
CCF,202603,2026-02-26 22:04:00,65.7,65.7,65.7,65.7,2
CCF,202603,2026-02-26 22:05:00,65.8,65.8,65.8,65.8,10
CCF,202603,2026-02-26 22:06:00,65.9,65.9,65.9,65.9,23
CCF,202603,2026-02-26 22:09:00,65.9,65.9,65.9,65.9,1
CCF,202603,2026-02-26 22:12:00,65.8,65.8,65.5,65.5,14
CCF,202603,2026-02-26 22:13:00,65.5,65.5,65.5,65.5,4
CCF,202603,2026-02-26 22:15:00,65.7,65.7,65.7,65.7,1
CCF,202603,2026-02-26 22:22:00,65.7,65.7,65.7,65.7,1
CCF,202603,2026-02-26 22:30:00,65.6,65.6,65.4,65.4,12
CCF,202603,2026-02-26 22:31:00,65.4,65.5,65.4,65.5,5
CCF,202603,2026-02-26 22:32:00,65.5,65.5,65.5,65.5,1
CCF,202603,2026-02-26 22:33:00,65.6,65.6,65.6,65.6,2
CCF,202603,2026-02-26 22:34:00,65.5,65.5,65.5,65.5,9
CCF,202603,2026-02-26 22:35:00,65.5,65.5,65.4,65.5,4
CCF,202603,2026-02-26 22:36:00,65.5,65.5,65.4,65.4,4
CCF,202603,2026-02-26 22:37:00,65.4,65.4,65.4,65.4,3
CCF,202603,2026-02-26 22:38:00,65.5,65.5,65.4,65.4,2
CCF,202603,2026-02-26 22:39:00,65.5,65.5,65.5,65.5,1
CCF,202603,2026-02-26 22:41:00,65.4,65.4,65.3,65.3,9
CCF,202603,2026-02-26 22:42:00,65.3,65.3,65.3,65.3,16
CCF,202603,2026-02-26 22:43:00,65.2,65.2,65.2,65.2,8
CCF,202603,2026-02-26 22:44:00,65.2,65.2,65.1,65.1,2
CCF,202603,2026-02-26 22:45:00,65.1,65.1,65.1,65.1,7
CCF,202603,2026-02-26 22:46:00,65.1,65.2,65.0,65.2,5
CCF,202603,2026-02-26 22:47:00,65.1,65.1,65.1,65.1,8
CCF,202603,2026-02-26 22:48:00,65.1,65.1,65.1,65.1,3
CCF,202603,2026-02-26 22:50:00,65.1,65.1,65.1,65.1,7
CCF,202603,2026-02-26 22:51:00,65.0,65.0,65.0,65.0,20
CCF,202603,2026-02-26 22:52:00,64.9,65.0,64.9,65.0,3
CCF,202603,2026-02-26 22:53:00,65.1,65.1,65.1,65.1,6
CCF,202603,2026-02-26 22:54:00,65.2,65.2,65.1,65.1,11
CCF,202603,2026-02-26 22:55:00,65.1,65.1,65.1,65.1,5
CCF,202603,2026-02-26 22:56:00,65.0,65.0,65.0,65.0,1
CCF,202603,2026-02-26 22:57:00,64.9,64.9,64.9,64.9,2
CCF,202603,2026-02-26 22:58:00,65.0,65.0,64.9,64.9,4
CCF,202603,2026-02-26 22:59:00,65.0,65.0,65.0,65.0,5
CCF,202603,2026-02-26 23:00:00,65.0,65.0,65.0,65.0,1
CCF,202603,2026-02-26 23:01:00,64.9,64.9,64.8,64.8,18
CCF,202603,2026-02-26 23:02:00,64.8,64.8,64.8,64.8,10
CCF,202603,2026-02-26 23:03:00,64.9,64.9,64.9,64.9,3
CCF,202603,2026-02-26 23:04:00,65.1,65.1,65.0,65.0,5
CCF,202603,2026-02-26 23:05:00,64.9,64.9,64.8,64.8,10
CCF,202603,2026-02-26 23:06:00,64.8,64.8,64.8,64.8,2
CCF,202603,2026-02-26 23:07:00,64.9,64.9,64.9,64.9,3
CCF,202603,2026-02-26 23:09:00,64.9,64.9,64.8,64.8,2
CCF,202603,2026-02-26 23:10:00,64.7,64.7,64.7,64.7,4
CCF,202603,2026-02-26 23:11:00,64.7,64.7,64.7,64.7,1
CCF,202603,2026-02-26 23:12:00,64.7,64.7,64.5,64.5,37
CCF,202603,2026-02-26 23:13:00,64.5,64.5,64.5,64.5,2
CCF,202603,2026-02-26 23:14:00,64.6,64.6,64.5,64.5,16
CCF,202603,2026-02-26 23:15:00,64.4,64.4,64.4,64.4,22
CCF,202603,2026-02-26 23:16:00,64.3,64.3,64.2,64.2,72
CCF,202603,2026-02-26 23:17:00,64.2,64.2,63.6,63.7,126
CCF,202603,2026-02-26 23:18:00,63.7,63.7,63.6,63.6,21
CCF,202603,2026-02-26 23:19:00,63.7,63.7,63.6,63.6,10
CCF,202603,2026-02-26 23:20:00,63.7,63.7,63.5,63.5,29
CCF,202603,2026-02-26 23:21:00,63.5,63.6,63.4,63.5,25
CCF,202603,2026-02-26 23:22:00,63.5,63.5,63.4,63.4,7
CCF,202603,2026-02-26 23:23:00,63.5,63.6,63.5,63.6,8
CCF,202603,2026-02-26 23:24:00,63.7,63.7,63.4,63.4,28
CCF,202603,2026-02-26 23:25:00,63.3,63.5,63.3,63.5,13
CCF,202603,2026-02-26 23:26:00,63.7,64.0,63.7,63.9,28
CCF,202603,2026-02-26 23:27:00,64.0,64.0,63.8,63.8,8
CCF,202603,2026-02-26 23:28:00,63.7,63.7,63.6,63.6,4
CCF,202603,2026-02-26 23:29:00,63.7,63.7,63.7,63.7,8
CCF,202603,2026-02-26 23:30:00,63.8,63.9,63.8,63.9,3
CCF,202603,2026-02-26 23:31:00,63.8,64.0,63.8,64.0,7
CCF,202603,2026-02-26 23:32:00,64.0,64.0,64.0,64.0,2
CCF,202603,2026-02-26 23:33:00,64.1,64.1,64.1,64.1,2
CCF,202603,2026-02-26 23:34:00,64.1,64.1,63.9,63.9,22
CCF,202603,2026-02-26 23:35:00,64.0,64.0,64.0,64.0,2
CCF,202603,2026-02-26 23:36:00,64.0,64.1,64.0,64.0,20
CCF,202603,2026-02-26 23:38:00,64.2,64.2,64.0,64.0,2
CCF,202603,2026-02-26 23:39:00,64.2,64.3,64.2,64.3,16
CCF,202603,2026-02-26 23:40:00,64.3,64.4,64.3,64.4,7
CCF,202603,2026-02-26 23:41:00,64.4,64.4,64.4,64.4,1
CCF,202603,2026-02-26 23:42:00,64.4,64.4,64.4,64.4,20
CCF,202603,2026-02-26 23:43:00,64.3,64.3,64.3,64.3,2
CCF,202603,2026-02-26 23:45:00,64.3,64.5,64.3,64.5,27
CCF,202603,2026-02-26 23:46:00,64.5,64.5,64.4,64.4,5
CCF,202603,2026-02-26 23:47:00,64.4,64.4,64.4,64.4,2
CCF,202603,2026-02-26 23:48:00,64.4,64.4,64.4,64.4,1
CCF,202603,2026-02-26 23:50:00,64.4,64.4,64.4,64.4,2
CCF,202603,2026-02-26 23:51:00,64.3,64.3,64.3,64.3,5
CCF,202603,2026-02-26 23:52:00,64.3,64.3,64.3,64.3,7
CCF,202603,2026-02-26 23:53:00,64.3,64.3,64.1,64.1,5
CCF,202603,2026-02-26 23:54:00,64.1,64.1,64.1,64.1,8
CCF,202603,2026-02-26 23:55:00,64.0,64.0,64.0,64.0,17
CCF,202603,2026-02-26 23:56:00,64.0,64.0,64.0,64.0,5
CCF,202603,2026-02-26 23:58:00,64.0,64.0,64.0,64.0,1
CCF,202603,2026-02-26 23:59:00,63.9,63.9,63.9,63.9,12
CCF,202603,2026-02-27 00:02:00,63.8,63.8,63.8,63.8,12
CCF,202603,2026-02-27 00:03:00,63.9,63.9,63.9,63.9,5
CCF,202603,2026-02-27 00:04:00,63.9,63.9,63.9,63.9,2
CCF,202603,2026-02-27 00:08:00,63.8,63.8,63.8,63.8,16
CCF,202603,2026-02-27 00:10:00,63.8,63.8,63.8,63.8,3
CCF,202603,2026-02-27 00:11:00,63.8,63.8,63.7,63.7,8
CCF,202603,2026-02-27 00:12:00,63.7,63.8,63.7,63.8,5
CCF,202603,2026-02-27 00:15:00,63.7,63.7,63.7,63.7,2
CCF,202603,2026-02-27 00:16:00,63.7,63.8,63.7,63.8,5
CCF,202603,2026-02-27 00:18:00,63.8,63.8,63.8,63.8,4
CCF,202603,2026-02-27 00:21:00,63.9,63.9,63.9,63.9,1
CCF,202603,2026-02-27 00:22:00,63.9,64.0,63.9,64.0,18
CCF,202603,2026-02-27 00:24:00,64.0,64.0,64.0,64.0,1
CCF,202603,2026-02-27 00:26:00,64.1,64.1,64.0,64.0,4
CCF,202603,2026-02-27 00:27:00,64.0,64.0,64.0,64.0,3
CCF,202603,2026-02-27 00:28:00,64.0,64.0,64.0,64.0,1
CCF,202603,2026-02-27 00:29:00,64.0,64.0,64.0,64.0,1
CCF,202603,2026-02-27 00:30:00,64.0,64.0,64.0,64.0,1
CCF,202603,2026-02-27 00:31:00,63.9,63.9,63.9,63.9,2
CCF,202603,2026-02-27 00:32:00,63.8,63.8,63.8,63.8,1
CCF,202603,2026-02-27 00:33:00,63.9,63.9,63.9,63.9,2
CCF,202603,2026-02-27 00:34:00,63.9,63.9,63.9,63.9,1
CCF,202603,2026-02-27 00:36:00,63.8,63.8,63.8,63.8,5
CCF,202603,2026-02-27 00:37:00,63.8,63.8,63.8,63.8,1
CCF,202603,2026-02-27 00:38:00,63.7,63.7,63.7,63.7,4
CCF,202603,2026-02-27 00:39:00,63.7,63.7,63.6,63.6,24
CCF,202603,2026-02-27 00:40:00,63.6,63.7,63.6,63.7,2
CCF,202603,2026-02-27 00:42:00,63.9,63.9,63.9,63.9,1
CCF,202603,2026-02-27 00:43:00,63.9,63.9,63.9,63.9,1
CCF,202603,2026-02-27 00:44:00,63.8,63.8,63.8,63.8,3
CCF,202603,2026-02-27 00:46:00,63.7,63.7,63.7,63.7,2
CCF,202603,2026-02-27 00:47:00,63.7,63.7,63.7,63.7,1
CCF,202603,2026-02-27 00:49:00,63.7,63.7,63.7,63.7,1
CCF,202603,2026-02-27 00:50:00,63.7,63.7,63.7,63.7,1
CCF,202603,2026-02-27 00:51:00,63.8,63.8,63.8,63.8,1
CCF,202603,2026-02-27 00:52:00,63.8,63.8,63.8,63.8,1
CCF,202603,2026-02-27 00:53:00,63.7,63.7,63.7,63.7,1
CCF,202603,2026-02-27 00:55:00,63.8,63.8,63.8,63.8,1
CCF,202603,2026-02-27 00:57:00,63.6,63.6,63.5,63.5,17
CCF,202603,2026-02-27 00:58:00,63.5,63.5,63.5,63.5,9
CCF,202603,2026-02-27 00:59:00,63.5,63.5,63.5,63.5,21
CCF,202603,2026-02-27 01:00:00,63.6,63.6,63.6,63.6,2
CCF,202603,2026-02-27 01:03:00,63.7,63.7,63.7,63.7,2
CCF,202603,2026-02-27 01:08:00,63.7,63.7,63.7,63.7,1
CCF,202603,2026-02-27 01:09:00,63.6,63.6,63.6,63.6,4
CCF,202603,2026-02-27 01:10:00,63.6,63.6,63.6,63.6,1
CCF,202603,2026-02-27 01:14:00,63.6,63.6,63.6,63.6,2
CCF,202603,2026-02-27 01:15:00,63.5,63.5,63.5,63.5,7
CCF,202603,2026-02-27 01:16:00,63.5,63.5,63.5,63.5,1
CCF,202603,2026-02-27 01:22:00,63.7,63.7,63.7,63.7,1
CCF,202603,2026-02-27 01:30:00,63.6,63.6,63.6,63.6,1
CCF,202603,2026-02-27 01:31:00,63.5,63.5,63.5,63.5,1
CCF,202603,2026-02-27 01:33:00,63.7,63.7,63.7,63.7,1
CCF,202603,2026-02-27 01:35:00,63.8,63.8,63.8,63.8,1
CCF,202603,2026-02-27 01:43:00,63.8,63.9,63.8,63.9,20
CCF,202603,2026-02-27 01:44:00,63.8,63.8,63.8,63.8,3
CCF,202603,2026-02-27 01:45:00,63.8,63.8,63.5,63.5,24
CCF,202603,2026-02-27 01:47:00,63.6,63.6,63.6,63.6,4
CCF,202603,2026-02-27 01:50:00,63.7,63.7,63.6,63.6,2
CCF,202603,2026-02-27 01:53:00,63.8,63.9,63.8,63.9,2
CCF,202603,2026-02-27 02:24:00,63.9,63.9,63.9,63.9,1
CCF,202603,2026-02-27 02:27:00,63.9,63.9,63.9,63.9,1
CCF,202603,2026-02-27 02:32:00,63.8,63.8,63.8,63.8,2
CCF,202603,2026-02-27 02:37:00,63.8,63.8,63.8,63.8,3
CCF,202603,2026-02-27 02:38:00,63.9,63.9,63.9,63.9,3
CCF,202603,2026-02-27 02:40:00,64.0,64.0,64.0,64.0,1
CCF,202603,2026-02-27 02:41:00,64.0,64.0,64.0,64.0,1
CCF,202603,2026-02-27 02:47:00,63.9,63.9,63.9,63.9,2
CCF,202603,2026-02-27 02:48:00,63.8,63.8,63.8,63.8,2
CCF,202603,2026-02-27 02:49:00,63.7,63.7,63.7,63.7,8
CCF,202603,2026-02-27 02:50:00,63.7,63.7,63.7,63.7,4
CCF,202603,2026-02-27 02:52:00,63.7,63.7,63.7,63.7,2
CCF,202603,2026-02-27 02:59:00,63.7,63.7,63.7,63.7,3
CCF,202603,2026-02-27 03:00:00,63.7,63.7,63.7,63.7,3
CCF,202603,2026-02-27 03:02:00,63.7,63.7,63.7,63.7,6
CCF,202603,2026-02-27 03:03:00,63.7,63.7,63.7,63.7,3
CCF,202603,2026-02-27 03:09:00,63.7,63.7,63.7,63.7,1
CCF,202603,2026-02-27 03:10:00,63.8,63.8,63.8,63.8,3
CCF,202603,2026-02-27 03:21:00,63.9,63.9,63.9,63.9,1
CCF,202603,2026-02-27 03:26:00,63.8,63.8,63.8,63.8,1
CCF,202603,2026-02-27 03:42:00,63.9,63.9,63.9,63.9,1
CCF,202603,2026-02-27 03:54:00,63.8,63.8,63.8,63.8,11
CCF,202603,2026-02-27 03:57:00,63.8,63.8,63.8,63.8,1
CCF,202603,2026-02-27 03:58:00,63.7,63.7,63.7,63.7,5
CCF,202603,2026-02-27 03:59:00,63.6,63.6,63.6,63.6,11
CCF,202603,2026-02-27 04:00:00,63.5,63.5,63.5,63.5,3
CCF,202603,2026-02-27 04:01:00,63.5,63.5,63.5,63.5,10
CCF,202603,2026-02-27 04:03:00,63.5,63.5,63.5,63.5,2
CCF,202603,2026-02-27 04:04:00,63.4,63.4,63.4,63.4,3
CCF,202603,2026-02-27 04:05:00,63.6,63.8,63.6,63.8,3
CCF,202603,2026-02-27 04:07:00,63.8,63.8,63.8,63.8,2
CCF,202603,2026-02-27 04:08:00,63.9,63.9,63.9,63.9,1
CCF,202603,2026-02-27 04:13:00,63.8,63.8,63.8,63.8,1
CCF,202603,2026-02-27 04:15:00,63.8,63.8,63.8,63.8,1
CCF,202603,2026-02-27 04:16:00,63.7,63.7,63.7,63.7,2
CCF,202603,2026-02-27 04:17:00,63.7,63.7,63.7,63.7,2
CCF,202603,2026-02-27 04:20:00,63.8,63.8,63.8,63.8,3
CCF,202603,2026-02-27 04:28:00,63.7,63.7,63.6,63.6,5
CCF,202603,2026-02-27 04:29:00,63.7,63.7,63.7,63.7,1
CCF,202603,2026-02-27 04:32:00,63.8,63.8,63.8,63.8,9
CCF,202603,2026-02-27 04:46:00,63.9,63.9,63.9,63.9,1
CCF,202603,2026-02-27 04:53:00,63.8,63.8,63.8,63.8,2
CCF,202603,2026-02-27 04:57:00,63.8,63.9,63.8,63.9,3
CCF,202603,2026-02-27 04:59:00,63.9,63.9,63.9,63.9,1
CCF,202603/202604,2026-02-26 21:24:00,0.12,0.12,0.12,0.12,6
CCF,202604,2026-02-26 18:26:00,65.8,65.8,65.8,65.8,1
CCF,202604,2026-02-26 18:34:00,65.8,65.8,65.8,65.8,1
CCF,202604,2026-02-26 19:10:00,65.9,65.9,65.9,65.9,1
CCF,202604,2026-02-26 19:38:00,65.7,65.7,65.7,65.7,1
CCF,202604,2026-02-26 21:37:00,65.9,65.9,65.9,65.9,1
CCF,202604,2026-02-26 22:05:00,65.9,65.9,65.9,65.9,1
CCF,202604,2026-02-26 22:30:00,65.6,65.6,65.6,65.6,1
CCF,202604,2026-02-26 22:43:00,65.4,65.4,65.4,65.4,1
CCF,202604,2026-02-26 22:44:00,65.3,65.3,65.3,65.3,1
CCF,202604,2026-02-26 22:45:00,65.3,65.3,65.3,65.3,1
CCF,202604,2026-02-26 22:46:00,65.2,65.2,65.2,65.2,1
CCF,202604,2026-02-26 22:51:00,65.2,65.2,65.2,65.2,1
CCF,202604,2026-02-26 22:52:00,65.1,65.1,65.1,65.1,2
CCF,202604,2026-02-26 23:01:00,65.0,65.0,65.0,65.0,15
CCF,202604,2026-02-26 23:16:00,64.5,64.5,64.5,64.5,13
CCF,202604,2026-02-26 23:17:00,64.1,64.1,63.8,63.8,12
CCF,202604,2026-02-26 23:18:00,63.8,63.8,63.8,63.8,1
CCF,202604,2026-02-26 23:22:00,63.5,63.5,63.5,63.5,1
CCF,202604,2026-02-26 23:24:00,63.9,63.9,63.9,63.9,2
CCF,202604,2026-02-26 23:25:00,63.5,63.5,63.5,63.5,1
CCF,202604,2026-02-26 23:26:00,64.0,64.1,64.0,64.1,5
CCF,202604,2026-02-26 23:27:00,64.1,64.1,64.1,64.1,5
CCF,202604,2026-02-26 23:31:00,64.1,64.1,64.1,64.1,1
CCF,202604,2026-02-26 23:51:00,64.5,64.5,64.5,64.5,1
CCF,202604,2026-02-27 00:02:00,64.0,64.0,64.0,64.0,8
CCF,202604,2026-02-27 00:44:00,64.0,64.0,64.0,64.0,2
CCF,202604,2026-02-27 00:57:00,63.8,63.8,63.7,63.7,2
CCF,202604,2026-02-27 01:35:00,64.0,64.0,64.0,64.0,1
CCF,202604,2026-02-27 04:00:00,63.7,63.7,63.7,63.7,1
CCF,202604,2026-02-27 04:04:00,63.6,63.6,63.6,63.6,2
CCF,202606,2026-02-26 23:16:00,64.6,64.6,64.6,64.6,1
CCF,202609,2026-02-26 23:38:00,64.6,64.6,64.6,64.6,1
CDF,202603,2026-02-26 17:25:00,2025.0,2025.0,2025.0,2025.0,14
CDF,202603,2026-02-26 17:27:00,2025.0,2025.0,2025.0,2025.0,20
CDF,202603,2026-02-26 17:28:00,2025.0,2030.0,2025.0,2025.0,3
CDF,202603,2026-02-26 17:30:00,2025.0,2025.0,2025.0,2025.0,11
CDF,202603,2026-02-26 17:31:00,2025.0,2025.0,2025.0,2025.0,21
CDF,202603,2026-02-26 17:32:00,2025.0,2025.0,2025.0,2025.0,14
CDF,202603,2026-02-26 17:34:00,2025.0,2025.0,2025.0,2025.0,6
CDF,202603,2026-02-26 17:35:00,2025.0,2025.0,2025.0,2025.0,31
CDF,202603,2026-02-26 17:36:00,2025.0,2025.0,2025.0,2025.0,1
CDF,202603,2026-02-26 17:37:00,2025.0,2025.0,2025.0,2025.0,2
CDF,202603,2026-02-26 17:38:00,2025.0,2025.0,2025.0,2025.0,5
CDF,202603,2026-02-26 17:46:00,2025.0,2025.0,2025.0,2025.0,1
CDF,202603,2026-02-26 17:50:00,2025.0,2025.0,2025.0,2025.0,16
CDF,202603,2026-02-26 17:51:00,2025.0,2025.0,2025.0,2025.0,13
CDF,202603,2026-02-26 17:53:00,2025.0,2025.0,2025.0,2025.0,1
CDF,202603,2026-02-26 18:06:00,2020.0,2020.0,2020.0,2020.0,1
CDF,202603,2026-02-26 18:10:00,2020.0,2020.0,2020.0,2020.0,1
CDF,202603,2026-02-26 18:19:00,2020.0,2020.0,2020.0,2020.0,42
CDF,202603,2026-02-26 18:20:00,2020.0,2020.0,2020.0,2020.0,5
CDF,202603,2026-02-26 18:21:00,2020.0,2020.0,2020.0,2020.0,1
CDF,202603,2026-02-26 18:22:00,2020.0,2020.0,2020.0,2020.0,3
CDF,202603,2026-02-26 18:23:00,2020.0,2020.0,2020.0,2020.0,1
CDF,202603,2026-02-26 18:24:00,2020.0,2020.0,2020.0,2020.0,1
CDF,202603,2026-02-26 18:29:00,2020.0,2020.0,2020.0,2020.0,4
CDF,202603,2026-02-26 18:30:00,2020.0,2020.0,2020.0,2020.0,1
CDF,202603,2026-02-26 18:32:00,2020.0,2020.0,2020.0,2020.0,3
CDF,202603,2026-02-26 18:51:00,2020.0,2020.0,2020.0,2020.0,1
CDF,202603,2026-02-26 18:55:00,2020.0,2020.0,2020.0,2020.0,12
CDF,202603,2026-02-26 18:59:00,2015.0,2015.0,2015.0,2015.0,1
CDF,202603,2026-02-26 19:00:00,2020.0,2020.0,2020.0,2020.0,1
CDF,202603,2026-02-26 19:35:00,2020.0,2020.0,2020.0,2020.0,1
CDF,202603,2026-02-26 19:39:00,2020.0,2020.0,2020.0,2020.0,10
CDF,202603,2026-02-26 20:05:00,2020.0,2020.0,2020.0,2020.0,1
CDF,202603,2026-02-26 20:16:00,2020.0,2020.0,2020.0,2020.0,1
CDF,202603,2026-02-26 20:19:00,2020.0,2020.0,2020.0,2020.0,1
CDF,202603,2026-02-26 20:29:00,2020.0,2020.0,2020.0,2020.0,33
CDF,202603,2026-02-26 20:46:00,2020.0,2020.0,2020.0,2020.0,2
CDF,202603,2026-02-26 21:20:00,2015.0,2015.0,2015.0,2015.0,1
CDF,202603,2026-02-26 21:28:00,2020.0,2020.0,2020.0,2020.0,26
CDF,202603,2026-02-26 21:29:00,2025.0,2025.0,2025.0,2025.0,6
CDF,202603,2026-02-26 21:34:00,2020.0,2020.0,2020.0,2020.0,16
CDF,202603,2026-02-26 21:35:00,2020.0,2020.0,2020.0,2020.0,10
CDF,202603,2026-02-26 21:40:00,2020.0,2020.0,2020.0,2020.0,1
CDF,202603,2026-02-26 21:47:00,2020.0,2020.0,2020.0,2020.0,1
CDF,202603,2026-02-26 21:49:00,2020.0,2020.0,2020.0,2020.0,3
CDF,202603,2026-02-26 21:57:00,2015.0,2015.0,2015.0,2015.0,1
CDF,202603,2026-02-26 22:00:00,2015.0,2015.0,2015.0,2015.0,54
CDF,202603,2026-02-26 22:08:00,2015.0,2015.0,2015.0,2015.0,10
CDF,202603,2026-02-26 22:11:00,2015.0,2015.0,2015.0,2015.0,10
CDF,202603,2026-02-26 22:13:00,2015.0,2015.0,2015.0,2015.0,1
CDF,202603,2026-02-26 22:22:00,2015.0,2015.0,2015.0,2015.0,1
CDF,202603,2026-02-26 22:24:00,2015.0,2015.0,2015.0,2015.0,1
CDF,202603,2026-02-26 22:27:00,2015.0,2015.0,2015.0,2015.0,12
CDF,202603,2026-02-26 22:30:00,2010.0,2010.0,2010.0,2010.0,61
CDF,202603,2026-02-26 22:31:00,2010.0,2010.0,2010.0,2010.0,43
CDF,202603,2026-02-26 22:32:00,2010.0,2010.0,2010.0,2010.0,25
CDF,202603,2026-02-26 22:34:00,2005.0,2005.0,2005.0,2005.0,7
CDF,202603,2026-02-26 22:36:00,2005.0,2005.0,2005.0,2005.0,92
CDF,202603,2026-02-26 22:37:00,2005.0,2005.0,2005.0,2005.0,53
CDF,202603,2026-02-26 22:38:00,2005.0,2005.0,2005.0,2005.0,17
CDF,202603,2026-02-26 22:39:00,2005.0,2005.0,2005.0,2005.0,25
CDF,202603,2026-02-26 22:40:00,2000.0,2000.0,2000.0,2000.0,29
CDF,202603,2026-02-26 22:41:00,2000.0,2000.0,2000.0,2000.0,1
CDF,202603,2026-02-26 22:42:00,2000.0,2000.0,2000.0,2000.0,56
CDF,202603,2026-02-26 22:43:00,1995.0,2000.0,1995.0,2000.0,19
CDF,202603,2026-02-26 22:45:00,1995.0,1995.0,1995.0,1995.0,43
CDF,202603,2026-02-26 22:46:00,1995.0,1995.0,1995.0,1995.0,25
CDF,202603,2026-02-26 22:47:00,1995.0,1995.0,1995.0,1995.0,5
CDF,202603,2026-02-26 22:48:00,1995.0,1995.0,1995.0,1995.0,10
CDF,202603,2026-02-26 22:49:00,1990.0,1990.0,1990.0,1990.0,57
CDF,202603,2026-02-26 22:50:00,1990.0,1990.0,1990.0,1990.0,5
CDF,202603,2026-02-26 22:51:00,1990.0,1990.0,1990.0,1990.0,46
CDF,202603,2026-02-26 22:53:00,1990.0,1990.0,1990.0,1990.0,61
CDF,202603,2026-02-26 22:54:00,1990.0,1990.0,1990.0,1990.0,11
CDF,202603,2026-02-26 22:55:00,1990.0,1990.0,1990.0,1990.0,17
CDF,202603,2026-02-26 22:56:00,1990.0,1990.0,1990.0,1990.0,3
CDF,202603,2026-02-26 22:57:00,1985.0,1990.0,1985.0,1990.0,3
CDF,202603,2026-02-26 22:58:00,1985.0,1985.0,1985.0,1985.0,15
CDF,202603,2026-02-26 22:59:00,1985.0,1985.0,1985.0,1985.0,5
CDF,202603,2026-02-26 23:00:00,1985.0,1990.0,1985.0,1985.0,7
CDF,202603,2026-02-26 23:01:00,1985.0,1985.0,1980.0,1980.0,61
CDF,202603,2026-02-26 23:02:00,1980.0,1985.0,1980.0,1985.0,46
CDF,202603,2026-02-26 23:03:00,1985.0,1985.0,1985.0,1985.0,35
CDF,202603,2026-02-26 23:05:00,1990.0,1990.0,1990.0,1990.0,2
CDF,202603,2026-02-26 23:06:00,1990.0,1990.0,1990.0,1990.0,1
CDF,202603,2026-02-26 23:07:00,1990.0,1990.0,1990.0,1990.0,1
CDF,202603,2026-02-26 23:08:00,1990.0,1990.0,1990.0,1990.0,2
CDF,202603,2026-02-26 23:09:00,1990.0,1990.0,1990.0,1990.0,1
CDF,202603,2026-02-26 23:10:00,1985.0,1985.0,1985.0,1985.0,1
CDF,202603,2026-02-26 23:11:00,1985.0,1985.0,1985.0,1985.0,4
CDF,202603,2026-02-26 23:12:00,1985.0,1985.0,1980.0,1980.0,49
CDF,202603,2026-02-26 23:13:00,1980.0,1980.0,1980.0,1980.0,4
CDF,202603,2026-02-26 23:14:00,1980.0,1980.0,1975.0,1975.0,49
CDF,202603,2026-02-26 23:15:00,1975.0,1975.0,1975.0,1975.0,70
CDF,202603,2026-02-26 23:16:00,1975.0,1975.0,1975.0,1975.0,10
CDF,202603,2026-02-26 23:17:00,1975.0,1975.0,1970.0,1975.0,62
CDF,202603,2026-02-26 23:19:00,1970.0,1970.0,1970.0,1970.0,44
CDF,202603,2026-02-26 23:20:00,1970.0,1970.0,1970.0,1970.0,29
CDF,202603,2026-02-26 23:21:00,1965.0,1965.0,1965.0,1965.0,57
CDF,202603,2026-02-26 23:22:00,1965.0,1965.0,1965.0,1965.0,19
CDF,202603,2026-02-26 23:23:00,1965.0,1965.0,1965.0,1965.0,10
CDF,202603,2026-02-26 23:24:00,1965.0,1965.0,1960.0,1965.0,12
CDF,202603,2026-02-26 23:25:00,1965.0,1965.0,1965.0,1965.0,21
CDF,202603,2026-02-26 23:26:00,1965.0,1975.0,1965.0,1975.0,24
CDF,202603,2026-02-26 23:27:00,1970.0,1970.0,1970.0,1970.0,20
CDF,202603,2026-02-26 23:28:00,1970.0,1970.0,1970.0,1970.0,9
CDF,202603,2026-02-26 23:29:00,1970.0,1970.0,1970.0,1970.0,11
CDF,202603,2026-02-26 23:30:00,1970.0,1970.0,1970.0,1970.0,24
CDF,202603,2026-02-26 23:31:00,1970.0,1970.0,1970.0,1970.0,2
CDF,202603,2026-02-26 23:32:00,1970.0,1970.0,1970.0,1970.0,1
CDF,202603,2026-02-26 23:33:00,1970.0,1970.0,1970.0,1970.0,5
CDF,202603,2026-02-26 23:34:00,1965.0,1965.0,1965.0,1965.0,2
CDF,202603,2026-02-26 23:35:00,1965.0,1965.0,1965.0,1965.0,2
CDF,202603,2026-02-26 23:36:00,1965.0,1965.0,1965.0,1965.0,1
CDF,202603,2026-02-26 23:37:00,1970.0,1970.0,1970.0,1970.0,8
CDF,202603,2026-02-26 23:38:00,1975.0,1975.0,1975.0,1975.0,21
CDF,202603,2026-02-26 23:39:00,1975.0,1975.0,1975.0,1975.0,18
CDF,202603,2026-02-26 23:40:00,1975.0,1975.0,1975.0,1975.0,1
CDF,202603,2026-02-26 23:41:00,1975.0,1980.0,1975.0,1975.0,46
CDF,202603,2026-02-26 23:43:00,1975.0,1980.0,1975.0,1980.0,6
CDF,202603,2026-02-26 23:44:00,1980.0,1980.0,1980.0,1980.0,2
CDF,202603,2026-02-26 23:45:00,1980.0,1980.0,1980.0,1980.0,12
CDF,202603,2026-02-26 23:46:00,1980.0,1980.0,1980.0,1980.0,7
CDF,202603,2026-02-26 23:47:00,1980.0,1980.0,1980.0,1980.0,2
CDF,202603,2026-02-26 23:48:00,1985.0,1985.0,1985.0,1985.0,4
CDF,202603,2026-02-26 23:49:00,1985.0,1985.0,1985.0,1985.0,1
CDF,202603,2026-02-26 23:50:00,1980.0,1980.0,1980.0,1980.0,25
CDF,202603,2026-02-26 23:52:00,1980.0,1980.0,1980.0,1980.0,18
CDF,202603,2026-02-26 23:53:00,1980.0,1980.0,1980.0,1980.0,8
CDF,202603,2026-02-26 23:54:00,1980.0,1980.0,1980.0,1980.0,1
CDF,202603,2026-02-26 23:56:00,1980.0,1980.0,1980.0,1980.0,1
CDF,202603,2026-02-26 23:58:00,1980.0,1980.0,1980.0,1980.0,2
CDF,202603,2026-02-27 00:01:00,1980.0,1980.0,1980.0,1980.0,1
CDF,202603,2026-02-27 00:04:00,1980.0,1980.0,1980.0,1980.0,5
CDF,202603,2026-02-27 00:07:00,1975.0,1975.0,1975.0,1975.0,30
CDF,202603,2026-02-27 00:16:00,1980.0,1980.0,1980.0,1980.0,5
CDF,202603,2026-02-27 00:18:00,1980.0,1980.0,1980.0,1980.0,16
CDF,202603,2026-02-27 00:19:00,1980.0,1980.0,1980.0,1980.0,25
CDF,202603,2026-02-27 00:20:00,1980.0,1980.0,1980.0,1980.0,18
CDF,202603,2026-02-27 00:22:00,1980.0,1980.0,1980.0,1980.0,1
CDF,202603,2026-02-27 00:25:00,1985.0,1985.0,1985.0,1985.0,41
CDF,202603,2026-02-27 00:27:00,1985.0,1985.0,1980.0,1980.0,12
CDF,202603,2026-02-27 00:28:00,1980.0,1980.0,1980.0,1980.0,1
CDF,202603,2026-02-27 00:29:00,1985.0,1985.0,1985.0,1985.0,1
CDF,202603,2026-02-27 00:33:00,1980.0,1980.0,1980.0,1980.0,1
CDF,202603,2026-02-27 00:36:00,1980.0,1980.0,1980.0,1980.0,22
CDF,202603,2026-02-27 00:37:00,1975.0,1975.0,1975.0,1975.0,1
CDF,202603,2026-02-27 00:38:00,1975.0,1975.0,1975.0,1975.0,1
CDF,202603,2026-02-27 00:39:00,1975.0,1975.0,1975.0,1975.0,1
CDF,202603,2026-02-27 00:40:00,1975.0,1975.0,1975.0,1975.0,1
CDF,202603,2026-02-27 00:41:00,1975.0,1975.0,1975.0,1975.0,1
CDF,202603,2026-02-27 00:44:00,1975.0,1975.0,1975.0,1975.0,41
CDF,202603,2026-02-27 00:45:00,1975.0,1975.0,1975.0,1975.0,1
CDF,202603,2026-02-27 00:46:00,1970.0,1970.0,1970.0,1970.0,1
CDF,202603,2026-02-27 00:47:00,1975.0,1975.0,1970.0,1970.0,51
CDF,202603,2026-02-27 00:48:00,1970.0,1970.0,1970.0,1970.0,10
CDF,202603,2026-02-27 00:50:00,1975.0,1975.0,1975.0,1975.0,7
CDF,202603,2026-02-27 00:51:00,1975.0,1975.0,1975.0,1975.0,1
CDF,202603,2026-02-27 00:56:00,1970.0,1970.0,1970.0,1970.0,1
CDF,202603,2026-02-27 00:58:00,1970.0,1970.0,1970.0,1970.0,59
CDF,202603,2026-02-27 00:59:00,1970.0,1970.0,1970.0,1970.0,1
CDF,202603,2026-02-27 01:00:00,1970.0,1970.0,1970.0,1970.0,1
CDF,202603,2026-02-27 01:05:00,1975.0,1975.0,1975.0,1975.0,40
CDF,202603,2026-02-27 01:06:00,1975.0,1975.0,1975.0,1975.0,14
CDF,202603,2026-02-27 01:07:00,1975.0,1975.0,1975.0,1975.0,2
CDF,202603,2026-02-27 01:09:00,1975.0,1975.0,1975.0,1975.0,11
CDF,202603,2026-02-27 01:10:00,1975.0,1975.0,1975.0,1975.0,2
CDF,202603,2026-02-27 01:11:00,1975.0,1975.0,1975.0,1975.0,1
CDF,202603,2026-02-27 01:12:00,1975.0,1975.0,1975.0,1975.0,1
CDF,202603,2026-02-27 01:14:00,1975.0,1975.0,1975.0,1975.0,9
CDF,202603,2026-02-27 01:17:00,1970.0,1970.0,1970.0,1970.0,4
CDF,202603,2026-02-27 01:18:00,1975.0,1975.0,1970.0,1970.0,6
CDF,202603,2026-02-27 01:19:00,1975.0,1975.0,1975.0,1975.0,1
CDF,202603,2026-02-27 01:27:00,1975.0,1975.0,1975.0,1975.0,3
CDF,202603,2026-02-27 01:32:00,1975.0,1975.0,1975.0,1975.0,10
CDF,202603,2026-02-27 01:35:00,1975.0,1975.0,1975.0,1975.0,2
CDF,202603,2026-02-27 01:41:00,1970.0,1970.0,1970.0,1970.0,3
CDF,202603,2026-02-27 01:44:00,1970.0,1970.0,1970.0,1970.0,3
CDF,202603,2026-02-27 01:46:00,1970.0,1970.0,1970.0,1970.0,3
CDF,202603,2026-02-27 01:48:00,1970.0,1970.0,1970.0,1970.0,1
CDF,202603,2026-02-27 01:50:00,1970.0,1970.0,1970.0,1970.0,4
CDF,202603,2026-02-27 01:51:00,1970.0,1970.0,1970.0,1970.0,4
CDF,202603,2026-02-27 01:52:00,1970.0,1970.0,1970.0,1970.0,18
CDF,202603,2026-02-27 01:53:00,1970.0,1970.0,1970.0,1970.0,3
CDF,202603,2026-02-27 01:55:00,1970.0,1970.0,1970.0,1970.0,13
CDF,202603,2026-02-27 01:56:00,1970.0,1970.0,1970.0,1970.0,2
CDF,202603,2026-02-27 01:57:00,1965.0,1970.0,1965.0,1970.0,5
CDF,202603,2026-02-27 01:58:00,1965.0,1965.0,1965.0,1965.0,3
CDF,202603,2026-02-27 01:59:00,1970.0,1970.0,1970.0,1970.0,2
CDF,202603,2026-02-27 02:00:00,1965.0,1970.0,1965.0,1970.0,4
CDF,202603,2026-02-27 02:02:00,1970.0,1970.0,1970.0,1970.0,21
CDF,202603,2026-02-27 02:04:00,1965.0,1965.0,1965.0,1965.0,3
CDF,202603,2026-02-27 02:05:00,1965.0,1965.0,1965.0,1965.0,3
CDF,202603,2026-02-27 02:07:00,1965.0,1965.0,1965.0,1965.0,3
CDF,202603,2026-02-27 02:09:00,1965.0,1965.0,1965.0,1965.0,3
CDF,202603,2026-02-27 02:11:00,1965.0,1970.0,1965.0,1970.0,19
CDF,202603,2026-02-27 02:13:00,1970.0,1970.0,1970.0,1970.0,3
CDF,202603,2026-02-27 02:14:00,1970.0,1970.0,1970.0,1970.0,3
CDF,202603,2026-02-27 02:16:00,1965.0,1965.0,1965.0,1965.0,3
CDF,202603,2026-02-27 02:18:00,1970.0,1970.0,1970.0,1970.0,3
CDF,202603,2026-02-27 02:20:00,1970.0,1970.0,1970.0,1970.0,3
CDF,202603,2026-02-27 02:21:00,1970.0,1970.0,1965.0,1965.0,9
CDF,202603,2026-02-27 02:23:00,1970.0,1970.0,1965.0,1965.0,4
CDF,202603,2026-02-27 02:25:00,1965.0,1965.0,1965.0,1965.0,3
CDF,202603,2026-02-27 02:26:00,1965.0,1965.0,1965.0,1965.0,1
CDF,202603,2026-02-27 02:27:00,1965.0,1965.0,1965.0,1965.0,3
CDF,202603,2026-02-27 02:28:00,1970.0,1970.0,1970.0,1970.0,1
CDF,202603,2026-02-27 02:29:00,1965.0,1970.0,1965.0,1970.0,15
CDF,202603,2026-02-27 02:30:00,1970.0,1970.0,1965.0,1965.0,6
CDF,202603,2026-02-27 02:32:00,1965.0,1965.0,1965.0,1965.0,3
CDF,202603,2026-02-27 02:33:00,1970.0,1970.0,1970.0,1970.0,9
CDF,202603,2026-02-27 02:34:00,1970.0,1970.0,1970.0,1970.0,3
CDF,202603,2026-02-27 02:35:00,1975.0,1975.0,1975.0,1975.0,2
CDF,202603,2026-02-27 02:36:00,1970.0,1975.0,1970.0,1975.0,6
CDF,202603,2026-02-27 02:37:00,1975.0,1975.0,1970.0,1970.0,4
CDF,202603,2026-02-27 02:38:00,1975.0,1975.0,1975.0,1975.0,2
CDF,202603,2026-02-27 02:39:00,1975.0,1975.0,1975.0,1975.0,16
CDF,202603,2026-02-27 02:41:00,1970.0,1970.0,1970.0,1970.0,4
CDF,202603,2026-02-27 02:43:00,1970.0,1970.0,1970.0,1970.0,3
CDF,202603,2026-02-27 02:44:00,1970.0,1970.0,1970.0,1970.0,5
CDF,202603,2026-02-27 02:46:00,1970.0,1970.0,1970.0,1970.0,3
CDF,202603,2026-02-27 02:48:00,1970.0,1970.0,1970.0,1970.0,11
CDF,202603,2026-02-27 02:50:00,1965.0,1965.0,1965.0,1965.0,3
CDF,202603,2026-02-27 02:52:00,1965.0,1965.0,1965.0,1965.0,3
CDF,202603,2026-02-27 02:53:00,1965.0,1965.0,1965.0,1965.0,3
CDF,202603,2026-02-27 02:55:00,1965.0,1965.0,1965.0,1965.0,3
CDF,202603,2026-02-27 02:56:00,1970.0,1970.0,1970.0,1970.0,2
CDF,202603,2026-02-27 02:57:00,1965.0,1965.0,1965.0,1965.0,3
CDF,202603,2026-02-27 02:58:00,1970.0,1970.0,1970.0,1970.0,2
CDF,202603,2026-02-27 02:59:00,1965.0,1970.0,1965.0,1970.0,4
CDF,202603,2026-02-27 03:00:00,1965.0,1965.0,1965.0,1965.0,3
CDF,202603,2026-02-27 03:01:00,1970.0,1970.0,1970.0,1970.0,21
CDF,202603,2026-02-27 03:02:00,1970.0,1970.0,1970.0,1970.0,3
CDF,202603,2026-02-27 03:04:00,1975.0,1975.0,1970.0,1970.0,4
CDF,202603,2026-02-27 03:06:00,1970.0,1970.0,1970.0,1970.0,3
CDF,202603,2026-02-27 03:08:00,1970.0,1970.0,1970.0,1970.0,3
CDF,202603,2026-02-27 03:09:00,1970.0,1970.0,1970.0,1970.0,3
CDF,202603,2026-02-27 03:11:00,1970.0,1970.0,1970.0,1970.0,3
CDF,202603,2026-02-27 03:13:00,1970.0,1970.0,1970.0,1970.0,3
CDF,202603,2026-02-27 03:14:00,1975.0,1975.0,1975.0,1975.0,1
CDF,202603,2026-02-27 03:15:00,1970.0,1975.0,1970.0,1975.0,51
CDF,202603,2026-02-27 03:16:00,1980.0,1980.0,1975.0,1975.0,53
CDF,202603,2026-02-27 03:17:00,1980.0,1980.0,1980.0,1980.0,49
CDF,202603,2026-02-27 03:18:00,1980.0,1980.0,1975.0,1975.0,4
CDF,202603,2026-02-27 03:20:00,1975.0,1975.0,1975.0,1975.0,3
CDF,202603,2026-02-27 03:22:00,1975.0,1975.0,1975.0,1975.0,3
CDF,202603,2026-02-27 03:23:00,1975.0,1975.0,1975.0,1975.0,1
CDF,202603,2026-02-27 03:24:00,1975.0,1975.0,1975.0,1975.0,3
CDF,202603,2026-02-27 03:25:00,1975.0,1975.0,1975.0,1975.0,3
CDF,202603,2026-02-27 03:27:00,1975.0,1975.0,1975.0,1975.0,3
CDF,202603,2026-02-27 03:29:00,1975.0,1975.0,1975.0,1975.0,6
CDF,202603,2026-02-27 03:31:00,1975.0,1975.0,1975.0,1975.0,3
CDF,202603,2026-02-27 03:32:00,1975.0,1975.0,1975.0,1975.0,3
CDF,202603,2026-02-27 03:34:00,1975.0,1975.0,1975.0,1975.0,3
CDF,202603,2026-02-27 03:36:00,1975.0,1975.0,1975.0,1975.0,3
CDF,202603,2026-02-27 03:38:00,1975.0,1975.0,1975.0,1975.0,5
CDF,202603,2026-02-27 03:40:00,1970.0,1970.0,1970.0,1970.0,1
CDF,202603,2026-02-27 03:42:00,1975.0,1975.0,1975.0,1975.0,5
CDF,202603,2026-02-27 03:46:00,1980.0,1980.0,1980.0,1980.0,10
CDF,202603,2026-02-27 03:55:00,1980.0,1980.0,1980.0,1980.0,10
CDF,202603,2026-02-27 03:59:00,1980.0,1980.0,1980.0,1980.0,4
CDF,202603,2026-02-27 04:02:00,1980.0,1980.0,1980.0,1980.0,2
CDF,202603,2026-02-27 04:03:00,1980.0,1980.0,1980.0,1980.0,10
CDF,202603,2026-02-27 04:05:00,1980.0,1980.0,1980.0,1980.0,12
CDF,202603,2026-02-27 04:07:00,1980.0,1980.0,1980.0,1980.0,1
CDF,202603,2026-02-27 04:27:00,1980.0,1980.0,1980.0,1980.0,1
CDF,202603,2026-02-27 04:37:00,1980.0,1980.0,1980.0,1980.0,1
CDF,202603,2026-02-27 04:41:00,1980.0,1980.0,1980.0,1980.0,1
CDF,202603,2026-02-27 04:44:00,1980.0,1980.0,1980.0,1980.0,4
CDF,202603,2026-02-27 04:46:00,1980.0,1980.0,1980.0,1980.0,2
CDF,202603,2026-02-27 04:47:00,1975.0,1975.0,1975.0,1975.0,1
CDF,202603,2026-02-27 04:50:00,1980.0,1980.0,1975.0,1975.0,2
CDF,202603,2026-02-27 04:51:00,1980.0,1980.0,1975.0,1975.0,2
CDF,202603,2026-02-27 04:54:00,1980.0,1980.0,1980.0,1980.0,1
CDF,202603,2026-02-27 04:55:00,1980.0,1980.0,1980.0,1980.0,12
CDF,202603,2026-02-27 04:56:00,1980.0,1980.0,1980.0,1980.0,8
CDF,202603,2026-02-27 04:57:00,1980.0,1980.0,1980.0,1980.0,7
CDF,202603,2026-02-27 04:59:00,1980.0,1980.0,1975.0,1980.0,13
CDF,202603/202604,2026-02-26 17:29:00,7.71,7.71,7.71,7.71,6
CDF,202603/202604,2026-02-26 18:01:00,7.7,7.7,7.7,7.7,2
CDF,202603/202604,2026-02-26 18:21:00,7.71,7.71,7.71,7.71,8
CDF,202603/202604,2026-02-26 18:33:00,7.71,7.71,7.71,7.71,2
CDF,202603/202604,2026-02-26 18:46:00,7.71,7.71,7.71,7.71,60
CDF,202603/202604,2026-02-26 18:48:00,7.71,7.71,7.71,7.71,60
CDF,202603/202604,2026-02-26 18:57:00,7.71,7.71,7.71,7.71,2
CDF,202603/202604,2026-02-26 18:58:00,7.71,7.71,7.71,7.71,4
CDF,202603/202604,2026-02-26 18:59:00,7.71,7.71,7.71,7.71,2
CDF,202603/202604,2026-02-26 21:44:00,7.71,7.71,7.71,7.71,4
CDF,202603/202604,2026-02-26 21:52:00,7.71,7.71,7.71,7.71,4
CDF,202603/202604,2026-02-26 21:53:00,7.71,7.71,7.71,7.71,8
CDF,202603/202604,2026-02-26 21:54:00,7.71,7.71,7.71,7.71,4
CDF,202603/202604,2026-02-26 22:34:00,7.71,7.71,7.71,7.71,4
CDF,202603/202604,2026-02-26 22:36:00,7.71,7.71,7.71,7.71,6
CDF,202603/202604,2026-02-26 22:39:00,7.71,7.71,7.71,7.71,2
CDF,202603/202604,2026-02-26 22:43:00,7.7,7.7,7.7,7.7,10
CDF,202603/202604,2026-02-26 22:52:00,7.71,7.71,7.71,7.71,4
CDF,202603/202604,2026-02-26 23:13:00,7.71,7.71,7.71,7.71,4
CDF,202603/202604,2026-02-26 23:15:00,7.7,7.7,7.7,7.7,8
CDF,202603/202604,2026-02-26 23:20:00,7.7,7.7,7.7,7.7,4
CDF,202603/202604,2026-02-26 23:26:00,7.71,7.71,7.71,7.71,14
CDF,202603/202604,2026-02-26 23:27:00,7.71,7.71,7.71,7.71,6
CDF,202603/202604,2026-02-26 23:38:00,7.71,7.71,7.71,7.71,4
CDF,202603/202604,2026-02-26 23:40:00,7.7,7.7,7.7,7.7,8
CDF,202603/202604,2026-02-26 23:41:00,7.7,7.7,7.7,7.7,2
CDF,202603/202604,2026-02-26 23:43:00,7.7,7.7,7.7,7.7,2
CDF,202603/202604,2026-02-26 23:48:00,7.71,7.71,7.71,7.71,4
CDF,202603/202604,2026-02-27 00:11:00,7.7,7.7,7.7,7.7,2
CDF,202603/202604,2026-02-27 00:13:00,7.71,7.71,7.71,7.71,6
CDF,202603/202604,2026-02-27 00:23:00,7.7,7.7,7.7,7.7,2
CDF,202603/202604,2026-02-27 00:26:00,7.71,7.71,7.71,7.71,4
CDF,202603/202604,2026-02-27 00:48:00,7.7,7.7,7.7,7.7,4
CDF,202603/202604,2026-02-27 01:00:00,7.7,7.7,7.7,7.7,2
CDF,202603/202604,2026-02-27 01:04:00,7.71,7.71,7.71,7.71,2
CDF,202603/202604,2026-02-27 01:18:00,7.7,7.7,7.7,7.7,2
CDF,202603/202604,2026-02-27 01:41:00,7.7,7.7,7.7,7.7,4
CDF,202603/202604,2026-02-27 01:54:00,7.7,7.7,7.7,7.7,4
CDF,202603/202604,2026-02-27 02:09:00,7.7,7.7,7.7,7.7,4
CDF,202603/202604,2026-02-27 02:12:00,7.71,7.71,7.71,7.71,2
CDF,202603/202604,2026-02-27 02:29:00,7.7,7.7,7.7,7.7,2
CDF,202603/202604,2026-02-27 02:32:00,7.7,7.7,7.7,7.7,4
CDF,202603/202604,2026-02-27 02:34:00,7.7,7.7,7.7,7.7,4
CDF,202603/202604,2026-02-27 02:35:00,7.7,7.7,7.7,7.7,2
CDF,202603/202604,2026-02-27 02:37:00,7.7,7.7,7.7,7.7,2
CDF,202603/202604,2026-02-27 02:53:00,7.7,7.7,7.7,7.7,4
CDF,202603/202604,2026-02-27 02:55:00,7.7,7.7,7.7,7.7,4
CDF,202603/202604,2026-02-27 03:17:00,7.71,7.71,7.71,7.71,4
CDF,202603/202604,2026-02-27 03:39:00,7.71,7.71,7.71,7.71,2
CDF,202603/202604,2026-02-27 03:44:00,7.7,7.7,7.7,7.7,10
CDF,202603/202604,2026-02-27 04:50:00,7.71,7.71,7.71,7.71,10
CDF,202603/202604,2026-02-27 04:57:00,7.71,7.71,7.71,7.71,2
CDF,202603/202604,2026-02-27 04:59:00,7.7,7.7,7.7,7.7,14
CDF,202603/202606,2026-02-26 17:37:00,22.3,22.3,22.3,22.3,2
CDF,202603/202606,2026-02-27 01:03:00,22.31,22.31,22.31,22.31,2
CDF,202603/202606,2026-02-27 01:59:00,22.32,22.32,22.32,22.32,2
CDF,202603/202606,2026-02-27 02:35:00,22.31,22.31,22.31,22.31,4
CDF,202603/202609,2026-02-26 22:33:00,39.0,39.0,39.0,39.0,2
CDF,202603/202609,2026-02-26 22:40:00,39.21,39.21,39.21,39.21,2
CDF,202603/202609,2026-02-26 23:03:00,39.51,39.51,39.51,39.51,4
CDF,202603/202609,2026-02-26 23:38:00,39.5,39.5,39.5,39.5,2
CDF,202604,2026-02-26 17:25:00,2030.0,2030.0,2030.0,2030.0,1
CDF,202604,2026-02-26 17:28:00,2030.0,2035.0,2030.0,2035.0,2
CDF,202604,2026-02-26 17:29:00,2035.0,2035.0,2035.0,2035.0,4
CDF,202604,2026-02-26 17:58:00,2030.0,2030.0,2030.0,2030.0,1
CDF,202604,2026-02-26 18:00:00,2030.0,2030.0,2030.0,2030.0,1
CDF,202604,2026-02-26 18:01:00,2030.0,2030.0,2030.0,2030.0,2
CDF,202604,2026-02-26 18:58:00,2025.0,2025.0,2025.0,2025.0,4
CDF,202604,2026-02-26 18:59:00,2025.0,2025.0,2025.0,2025.0,2
CDF,202604,2026-02-26 21:29:00,2030.0,2030.0,2030.0,2030.0,6
CDF,202604,2026-02-26 21:44:00,2025.0,2025.0,2025.0,2025.0,2
CDF,202604,2026-02-26 21:52:00,2025.0,2025.0,2025.0,2025.0,6
CDF,202604,2026-02-26 21:54:00,2025.0,2025.0,2025.0,2025.0,2
CDF,202604,2026-02-26 22:30:00,2020.0,2020.0,2020.0,2020.0,8
CDF,202604,2026-02-26 22:34:00,2015.0,2015.0,2015.0,2015.0,5
CDF,202604,2026-02-26 22:36:00,2015.0,2015.0,2015.0,2015.0,5
CDF,202604,2026-02-26 22:40:00,2010.0,2010.0,2010.0,2010.0,4
CDF,202604,2026-02-26 22:43:00,2005.0,2005.0,2005.0,2005.0,9
CDF,202604,2026-02-26 22:45:00,2005.0,2005.0,2005.0,2005.0,3
CDF,202604,2026-02-26 22:47:00,2005.0,2005.0,2005.0,2005.0,1
CDF,202604,2026-02-26 22:49:00,2000.0,2000.0,2000.0,2000.0,7
CDF,202604,2026-02-26 22:50:00,2000.0,2000.0,2000.0,2000.0,6
CDF,202604,2026-02-26 22:52:00,1995.0,1995.0,1995.0,1995.0,2
CDF,202604,2026-02-26 22:58:00,1995.0,1995.0,1995.0,1995.0,6
CDF,202604,2026-02-26 23:00:00,1995.0,1995.0,1995.0,1995.0,3
CDF,202604,2026-02-26 23:02:00,1990.0,1990.0,1990.0,1990.0,3
CDF,202604,2026-02-26 23:10:00,1995.0,1995.0,1995.0,1995.0,1
CDF,202604,2026-02-26 23:12:00,1990.0,1990.0,1990.0,1990.0,12
CDF,202604,2026-02-26 23:13:00,1990.0,1990.0,1990.0,1990.0,3
CDF,202604,2026-02-26 23:15:00,1985.0,1985.0,1980.0,1980.0,15
CDF,202604,2026-02-26 23:19:00,1980.0,1980.0,1980.0,1980.0,10
CDF,202604,2026-02-26 23:20:00,1980.0,1980.0,1980.0,1980.0,2
CDF,202604,2026-02-26 23:21:00,1975.0,1975.0,1975.0,1975.0,3
CDF,202604,2026-02-26 23:24:00,1970.0,1970.0,1970.0,1970.0,1
CDF,202604,2026-02-26 23:26:00,1970.0,1980.0,1970.0,1980.0,12
CDF,202604,2026-02-26 23:27:00,1980.0,1980.0,1980.0,1980.0,2
CDF,202604,2026-02-26 23:29:00,1980.0,1980.0,1980.0,1980.0,1
CDF,202604,2026-02-26 23:31:00,1980.0,1980.0,1980.0,1980.0,1
CDF,202604,2026-02-26 23:34:00,1975.0,1975.0,1975.0,1975.0,1
CDF,202604,2026-02-26 23:35:00,1975.0,1975.0,1975.0,1975.0,2
CDF,202604,2026-02-26 23:37:00,1980.0,1980.0,1980.0,1980.0,3
CDF,202604,2026-02-26 23:38:00,1980.0,1980.0,1980.0,1980.0,1
CDF,202604,2026-02-26 23:40:00,1985.0,1985.0,1985.0,1985.0,4
CDF,202604,2026-02-26 23:41:00,1985.0,1985.0,1985.0,1985.0,1
CDF,202604,2026-02-26 23:43:00,1985.0,1985.0,1985.0,1985.0,1
CDF,202604,2026-02-26 23:48:00,1990.0,1990.0,1990.0,1990.0,4
CDF,202604,2026-02-27 00:01:00,1990.0,1990.0,1990.0,1990.0,1
CDF,202604,2026-02-27 00:07:00,1985.0,1985.0,1985.0,1985.0,1
CDF,202604,2026-02-27 00:11:00,1985.0,1985.0,1985.0,1985.0,1
CDF,202604,2026-02-27 00:16:00,1985.0,1985.0,1985.0,1985.0,1
CDF,202604,2026-02-27 00:22:00,1990.0,1990.0,1990.0,1990.0,4
CDF,202604,2026-02-27 00:23:00,1990.0,1990.0,1990.0,1990.0,2
CDF,202604,2026-02-27 00:27:00,1990.0,1990.0,1990.0,1990.0,7
CDF,202604,2026-02-27 00:28:00,1990.0,1990.0,1990.0,1990.0,1
CDF,202604,2026-02-27 00:38:00,1985.0,1985.0,1985.0,1985.0,2
CDF,202604,2026-02-27 00:39:00,1985.0,1985.0,1985.0,1985.0,1
CDF,202604,2026-02-27 00:40:00,1985.0,1985.0,1985.0,1985.0,1
CDF,202604,2026-02-27 00:41:00,1985.0,1985.0,1985.0,1985.0,2
CDF,202604,2026-02-27 00:43:00,1985.0,1985.0,1985.0,1985.0,1
CDF,202604,2026-02-27 00:47:00,1985.0,1985.0,1980.0,1980.0,13
CDF,202604,2026-02-27 00:48:00,1980.0,1980.0,1980.0,1980.0,6
CDF,202604,2026-02-27 00:56:00,1980.0,1980.0,1980.0,1980.0,1
CDF,202604,2026-02-27 01:00:00,1980.0,1980.0,1980.0,1980.0,2
CDF,202604,2026-02-27 01:01:00,1980.0,1980.0,1980.0,1980.0,1
CDF,202604,2026-02-27 01:02:00,1980.0,1980.0,1980.0,1980.0,2
CDF,202604,2026-02-27 01:18:00,1980.0,1980.0,1980.0,1980.0,2
CDF,202604,2026-02-27 01:41:00,1980.0,1980.0,1980.0,1980.0,3
CDF,202604,2026-02-27 01:54:00,1980.0,1980.0,1980.0,1980.0,2
CDF,202604,2026-02-27 01:58:00,1975.0,1975.0,1975.0,1975.0,1
CDF,202604,2026-02-27 02:00:00,1975.0,1975.0,1975.0,1975.0,3
CDF,202604,2026-02-27 02:09:00,1975.0,1975.0,1975.0,1975.0,3
CDF,202604,2026-02-27 02:21:00,1975.0,1975.0,1975.0,1975.0,3
CDF,202604,2026-02-27 02:29:00,1975.0,1975.0,1975.0,1975.0,3
CDF,202604,2026-02-27 02:30:00,1975.0,1975.0,1975.0,1975.0,3
CDF,202604,2026-02-27 02:32:00,1975.0,1975.0,1975.0,1975.0,3
CDF,202604,2026-02-27 02:34:00,1980.0,1980.0,1980.0,1980.0,2
CDF,202604,2026-02-27 02:35:00,1980.0,1980.0,1980.0,1980.0,1
CDF,202604,2026-02-27 02:36:00,1980.0,1980.0,1980.0,1980.0,1
CDF,202604,2026-02-27 02:37:00,1980.0,1980.0,1980.0,1980.0,3
CDF,202604,2026-02-27 02:41:00,1980.0,1980.0,1980.0,1980.0,4
CDF,202604,2026-02-27 02:50:00,1975.0,1975.0,1975.0,1975.0,3
CDF,202604,2026-02-27 02:52:00,1975.0,1975.0,1975.0,1975.0,3
CDF,202604,2026-02-27 02:53:00,1975.0,1975.0,1975.0,1975.0,3
CDF,202604,2026-02-27 02:55:00,1975.0,1975.0,1975.0,1975.0,3
CDF,202604,2026-02-27 02:57:00,1975.0,1975.0,1975.0,1975.0,3
CDF,202604,2026-02-27 02:59:00,1975.0,1975.0,1975.0,1975.0,3
CDF,202604,2026-02-27 03:00:00,1975.0,1975.0,1975.0,1975.0,3
CDF,202604,2026-02-27 03:03:00,1980.0,1980.0,1980.0,1980.0,1
CDF,202604,2026-02-27 03:11:00,1980.0,1980.0,1980.0,1980.0,5
CDF,202604,2026-02-27 03:16:00,1985.0,1985.0,1985.0,1985.0,12
CDF,202604,2026-02-27 03:17:00,1985.0,1985.0,1985.0,1985.0,1
CDF,202604,2026-02-27 03:18:00,1985.0,1985.0,1985.0,1985.0,3
CDF,202604,2026-02-27 03:44:00,1985.0,1985.0,1985.0,1985.0,5
CDF,202604,2026-02-27 04:15:00,1985.0,1985.0,1985.0,1985.0,1
CDF,202604,2026-02-27 04:33:00,1985.0,1985.0,1985.0,1985.0,1
CDF,202604,2026-02-27 04:51:00,1985.0,1985.0,1985.0,1985.0,1
CDF,202604,2026-02-27 04:53:00,1985.0,1985.0,1985.0,1985.0,1
CDF,202604,2026-02-27 04:59:00,1985.0,1985.0,1985.0,1985.0,13
CDF,202604/202606,2026-02-26 18:15:00,14.62,14.62,14.62,14.62,2
CDF,202604/202606,2026-02-26 20:08:00,14.61,14.61,14.61,14.61,4
CDF,202604/202606,2026-02-26 22:47:00,14.62,14.62,14.62,14.62,2
CDF,202604/202609,2026-02-26 22:55:00,31.8,31.8,31.8,31.8,2
CDF,202604/202609,2026-02-26 23:00:00,31.8,31.8,31.8,31.8,2
CDF,202604/202609,2026-02-27 00:21:00,31.8,31.8,31.8,31.8,2
CDF,202606,2026-02-26 17:25:00,2045.0,2045.0,2045.0,2045.0,1
CDF,202606,2026-02-26 17:31:00,2045.0,2045.0,2045.0,2045.0,2
CDF,202606,2026-02-26 18:58:00,2040.0,2040.0,2040.0,2040.0,2
CDF,202606,2026-02-26 19:00:00,2040.0,2040.0,2040.0,2040.0,1
CDF,202606,2026-02-26 21:20:00,2040.0,2040.0,2040.0,2040.0,1
CDF,202606,2026-02-26 21:28:00,2040.0,2040.0,2040.0,2040.0,1
CDF,202606,2026-02-26 21:34:00,2040.0,2040.0,2040.0,2040.0,1
CDF,202606,2026-02-26 21:44:00,2040.0,2040.0,2040.0,2040.0,1
CDF,202606,2026-02-26 22:11:00,2035.0,2035.0,2035.0,2035.0,10
CDF,202606,2026-02-26 22:30:00,2035.0,2035.0,2035.0,2035.0,1
CDF,202606,2026-02-26 22:34:00,2030.0,2030.0,2030.0,2030.0,4
CDF,202606,2026-02-26 22:36:00,2030.0,2030.0,2030.0,2030.0,1
CDF,202606,2026-02-26 22:40:00,2025.0,2025.0,2025.0,2025.0,6
CDF,202606,2026-02-26 22:43:00,2020.0,2020.0,2020.0,2020.0,4
CDF,202606,2026-02-26 22:49:00,2015.0,2015.0,2015.0,2015.0,4
CDF,202606,2026-02-26 22:52:00,2010.0,2010.0,2010.0,2010.0,2
CDF,202606,2026-02-26 22:57:00,2010.0,2010.0,2010.0,2010.0,1
CDF,202606,2026-02-26 22:58:00,2010.0,2010.0,2010.0,2010.0,2
CDF,202606,2026-02-26 23:01:00,2005.0,2005.0,2005.0,2005.0,1
CDF,202606,2026-02-26 23:02:00,2005.0,2005.0,2005.0,2005.0,6
CDF,202606,2026-02-26 23:12:00,2005.0,2005.0,2005.0,2005.0,1
CDF,202606,2026-02-26 23:14:00,2000.0,2000.0,2000.0,2000.0,2
CDF,202606,2026-02-26 23:15:00,2000.0,2000.0,1995.0,1995.0,5
CDF,202606,2026-02-26 23:17:00,1995.0,2000.0,1995.0,2000.0,4
CDF,202606,2026-02-26 23:19:00,1995.0,1995.0,1995.0,1995.0,4
CDF,202606,2026-02-26 23:21:00,1990.0,1990.0,1990.0,1990.0,7
CDF,202606,2026-02-26 23:24:00,1985.0,1985.0,1985.0,1985.0,3
CDF,202606,2026-02-26 23:26:00,1985.0,1985.0,1985.0,1985.0,1
CDF,202606,2026-02-26 23:34:00,1990.0,1990.0,1990.0,1990.0,1
CDF,202606,2026-02-26 23:36:00,1990.0,1990.0,1990.0,1990.0,1
CDF,202606,2026-02-26 23:38:00,1990.0,1990.0,1990.0,1990.0,1
CDF,202606,2026-02-26 23:41:00,2000.0,2000.0,2000.0,2000.0,1
CDF,202606,2026-02-26 23:48:00,2005.0,2005.0,2005.0,2005.0,1
CDF,202606,2026-02-27 00:06:00,2000.0,2000.0,2000.0,2000.0,1
CDF,202606,2026-02-27 00:07:00,2000.0,2000.0,2000.0,2000.0,1
CDF,202606,2026-02-27 00:19:00,2000.0,2000.0,2000.0,2000.0,1
CDF,202606,2026-02-27 00:22:00,2000.0,2000.0,2000.0,2000.0,1
CDF,202606,2026-02-27 00:25:00,2005.0,2005.0,2005.0,2005.0,1
CDF,202606,2026-02-27 00:29:00,2005.0,2005.0,2005.0,2005.0,1
CDF,202606,2026-02-27 00:37:00,2000.0,2000.0,2000.0,2000.0,1
CDF,202606,2026-02-27 00:46:00,1995.0,1995.0,1995.0,1995.0,1
CDF,202606,2026-02-27 01:00:00,1995.0,1995.0,1995.0,1995.0,2
CDF,202606,2026-02-27 01:57:00,1990.0,1990.0,1990.0,1990.0,3
CDF,202606,2026-02-27 01:58:00,1990.0,1990.0,1990.0,1990.0,2
CDF,202606,2026-02-27 04:50:00,2000.0,2000.0,2000.0,2000.0,1
CDF,202606,2026-02-27 04:59:00,2000.0,2000.0,2000.0,2000.0,1
CDF,202606/202609,2026-02-26 22:53:00,17.21,17.21,17.21,17.21,4
CDF,202606/202609,2026-02-27 04:50:00,17.19,17.19,17.19,17.19,2
CDF,202606/202612,2026-02-26 23:08:00,34.99,34.99,34.99,34.99,2
CDF,202609,2026-02-26 22:30:00,2050.0,2050.0,2050.0,2050.0,1
CDF,202609,2026-02-26 22:36:00,2045.0,2045.0,2045.0,2045.0,1
CDF,202609,2026-02-26 22:40:00,2040.0,2040.0,2040.0,2040.0,3
CDF,202609,2026-02-26 22:49:00,2030.0,2030.0,2030.0,2030.0,3
CDF,202609,2026-02-26 22:57:00,2025.0,2025.0,2025.0,2025.0,1
CDF,202609,2026-02-26 22:58:00,2025.0,2025.0,2025.0,2025.0,1
CDF,202609,2026-02-26 22:59:00,2025.0,2025.0,2025.0,2025.0,1
CDF,202609,2026-02-26 23:01:00,2020.0,2020.0,2020.0,2020.0,1
CDF,202609,2026-02-26 23:02:00,2020.0,2020.0,2020.0,2020.0,5
CDF,202609,2026-02-26 23:11:00,2025.0,2025.0,2025.0,2025.0,1
CDF,202609,2026-02-26 23:12:00,2020.0,2020.0,2020.0,2020.0,1
CDF,202609,2026-02-26 23:13:00,2020.0,2020.0,2020.0,2020.0,1
CDF,202609,2026-02-26 23:14:00,2015.0,2015.0,2015.0,2015.0,2
CDF,202609,2026-02-26 23:15:00,2015.0,2015.0,2015.0,2015.0,5
CDF,202609,2026-02-26 23:17:00,2010.0,2015.0,2010.0,2015.0,4
CDF,202609,2026-02-26 23:19:00,2010.0,2010.0,2010.0,2010.0,4
CDF,202609,2026-02-26 23:21:00,2005.0,2005.0,2005.0,2005.0,8
CDF,202609,2026-02-26 23:24:00,2005.0,2005.0,2000.0,2000.0,3
CDF,202609,2026-02-26 23:34:00,2005.0,2005.0,2005.0,2005.0,1
CDF,202609,2026-02-26 23:36:00,2005.0,2005.0,2005.0,2005.0,1
CDF,202609,2026-02-27 00:07:00,2015.0,2015.0,2015.0,2015.0,1
CDF,202609,2026-02-27 00:37:00,2015.0,2015.0,2015.0,2015.0,1
CDF,202609,2026-02-27 00:46:00,2010.0,2010.0,2010.0,2010.0,1
CDF,202609,2026-02-27 00:58:00,2010.0,2010.0,2010.0,2010.0,1
CDF,202609,2026-02-27 01:57:00,2005.0,2005.0,2005.0,2005.0,3
CDF,202609,2026-02-27 01:58:00,2005.0,2005.0,2005.0,2005.0,2
CDF,202609,2026-02-27 02:04:00,2005.0,2005.0,2005.0,2005.0,1
CDF,202609,2026-02-27 03:00:00,2005.0,2005.0,2005.0,2005.0,3
CDF,202609,2026-02-27 03:18:00,2015.0,2015.0,2015.0,2015.0,1
CDF,202609,2026-02-27 04:47:00,2015.0,2015.0,2015.0,2015.0,1
CDF,202609,2026-02-27 04:50:00,2015.0,2015.0,2015.0,2015.0,1
CDF,202609,2026-02-27 04:59:00,2015.0,2015.0,2015.0,2015.0,1
CDF,202612,2026-02-26 22:36:00,2065.0,2065.0,2065.0,2065.0,1
CDF,202612,2026-02-26 22:40:00,2060.0,2060.0,2060.0,2060.0,2
CDF,202612,2026-02-26 23:11:00,2045.0,2045.0,2045.0,2045.0,1
CDF,202612,2026-02-26 23:21:00,2025.0,2025.0,2025.0,2025.0,1
F1F,202603,2026-02-26 16:00:00,10785.0,10805.0,10785.0,10805.0,9
F1F,202603,2026-02-26 16:10:00,10787.0,10789.0,10787.0,10789.0,3
F1F,202603,2026-02-26 16:12:00,10782.0,10782.0,10782.0,10782.0,8
F1F,202603,2026-02-26 22:46:00,10791.0,10791.0,10791.0,10791.0,1
F1F,202603,2026-02-26 22:47:00,10789.0,10789.0,10789.0,10789.0,1
F1F,202603,2026-02-26 23:33:00,10806.0,10806.0,10806.0,10806.0,1
F1F,202603,2026-02-26 23:34:00,10802.0,10802.0,10802.0,10802.0,1
F1F,202603,2026-02-26 23:45:00,10816.0,10816.0,10816.0,10816.0,1
F1F,202603,2026-02-26 23:48:00,10815.0,10815.0,10815.0,10815.0,1
F1F,202603,2026-02-26 23:49:00,10818.0,10818.0,10818.0,10818.0,1
F1F,202603,2026-02-27 02:12:00,10825.0,10825.0,10825.0,10825.0,1
GDF,202604,2026-02-26 18:52:00,5205.7,5205.7,5205.6,5205.6,2
GDF,202604,2026-02-26 18:58:00,5201.3,5202.5,5201.3,5202.5,5
GDF,202604,2026-02-26 19:55:00,5195.6,5195.6,5195.6,5195.6,1
GDF,202604,2026-02-26 21:00:00,5219.6,5219.6,5219.6,5219.6,1
GDF,202604,2026-02-26 22:30:00,5178.4,5178.4,5178.3,5178.3,2
GDF,202604,2026-02-26 22:32:00,5187.4,5187.4,5184.6,5184.6,5
GDF,202604,2026-02-26 22:55:00,5204.5,5204.5,5204.5,5204.5,1
GDF,202604,2026-02-26 23:17:00,5190.0,5190.0,5190.0,5190.0,5
GDF,202604,2026-02-26 23:25:00,5190.7,5190.7,5190.1,5190.1,5
GDF,202606,2026-02-26 18:52:00,5243.9,5243.9,5243.9,5243.9,2
GDF,202606,2026-02-26 18:58:00,5238.5,5238.5,5238.5,5238.5,5
GDF,202606,2026-02-26 21:00:00,5257.8,5257.8,5257.8,5257.8,1
GDF,202606,2026-02-26 22:30:00,5216.6,5216.6,5216.6,5216.6,2
GDF,202606,2026-02-26 22:32:00,5225.6,5225.6,5225.6,5225.6,5
GDF,202606,2026-02-26 22:55:00,5242.6,5242.6,5242.6,5242.6,1
GDF,202606,2026-02-26 23:25:00,5228.8,5228.8,5227.3,5227.3,5
M1F,202603,2026-02-26 15:09:00,29018.0,29023.0,29018.0,29023.0,10
M1F,202603,2026-02-26 15:23:00,29080.0,29080.0,29080.0,29080.0,1
M1F,202603,2026-02-26 15:26:00,29075.0,29075.0,29075.0,29075.0,1
M1F,202603,2026-02-26 15:34:00,29107.0,29107.0,29107.0,29107.0,1
M1F,202603,2026-02-26 15:58:00,29142.0,29142.0,29142.0,29142.0,1
M1F,202603,2026-02-26 16:18:00,29171.0,29171.0,29171.0,29171.0,1
M1F,202603,2026-02-26 16:21:00,29214.0,29214.0,29214.0,29214.0,1
M1F,202603,2026-02-26 17:16:00,29201.0,29201.0,29201.0,29201.0,2
M1F,202603,2026-02-26 17:17:00,29189.0,29189.0,29189.0,29189.0,1
M1F,202603,2026-02-26 17:30:00,29150.0,29150.0,29150.0,29150.0,1
M1F,202603,2026-02-26 17:31:00,29161.0,29162.0,29161.0,29162.0,2
M1F,202603,2026-02-26 17:49:00,29148.0,29148.0,29148.0,29148.0,1
M1F,202603,2026-02-26 17:54:00,29145.0,29145.0,29145.0,29145.0,1
M1F,202603,2026-02-26 18:19:00,29100.0,29100.0,29100.0,29100.0,1
M1F,202603,2026-02-26 18:55:00,29078.0,29078.0,29075.0,29077.0,8
M1F,202603,2026-02-26 18:57:00,29070.0,29070.0,29070.0,29070.0,1
M1F,202603,2026-02-26 19:02:00,29086.0,29086.0,29082.0,29082.0,2
M1F,202603,2026-02-26 20:49:00,29081.0,29081.0,29081.0,29081.0,1
M1F,202603,2026-02-26 20:53:00,29062.0,29062.0,29062.0,29062.0,1
M1F,202603,2026-02-26 20:56:00,29076.0,29076.0,29076.0,29076.0,1
M1F,202603,2026-02-26 20:57:00,29072.0,29072.0,29072.0,29072.0,1
M1F,202603,2026-02-26 21:07:00,29085.0,29085.0,29085.0,29085.0,1
M1F,202603,2026-02-26 21:44:00,29063.0,29063.0,29063.0,29063.0,2
M1F,202603,2026-02-26 21:52:00,29071.0,29072.0,29059.0,29059.0,9
M1F,202603,2026-02-26 21:54:00,29045.0,29045.0,29045.0,29045.0,1
M1F,202603,2026-02-26 21:55:00,29042.0,29042.0,29042.0,29042.0,10
M1F,202603,2026-02-26 22:00:00,29028.0,29032.0,29023.0,29032.0,17
M1F,202603,2026-02-26 22:02:00,29060.0,29060.0,29060.0,29060.0,1
M1F,202603,2026-02-26 22:10:00,29018.0,29018.0,29018.0,29018.0,1
M1F,202603,2026-02-26 22:17:00,29030.0,29030.0,29030.0,29030.0,1
M1F,202603,2026-02-26 22:25:00,29045.0,29045.0,29045.0,29045.0,2
M1F,202603,2026-02-26 22:27:00,29041.0,29041.0,29041.0,29041.0,2
M1F,202603,2026-02-26 22:28:00,29027.0,29027.0,29027.0,29027.0,1
M1F,202603,2026-02-26 22:30:00,29023.0,29042.0,29023.0,29032.0,5
M1F,202603,2026-02-26 22:32:00,29013.0,29013.0,29009.0,29009.0,2
M1F,202603,2026-02-26 22:33:00,29000.0,29000.0,29000.0,29000.0,2
M1F,202603,2026-02-26 22:34:00,28996.0,28996.0,28996.0,28996.0,2
M1F,202603,2026-02-26 22:35:00,29021.0,29021.0,29021.0,29021.0,1
M1F,202603,2026-02-26 22:36:00,29004.0,29009.0,28994.0,28994.0,5
M1F,202603,2026-02-26 22:37:00,29025.0,29025.0,29025.0,29025.0,1
M1F,202603,2026-02-26 22:42:00,29009.0,29009.0,29009.0,29009.0,2
M1F,202603,2026-02-26 22:43:00,29005.0,29005.0,28990.0,28990.0,3
M1F,202603,2026-02-26 22:46:00,28995.0,28995.0,28995.0,28995.0,2
M1F,202603,2026-02-26 22:52:00,28917.0,28917.0,28917.0,28917.0,2
M1F,202603,2026-02-26 22:53:00,28907.0,28928.0,28907.0,28928.0,14
M1F,202603,2026-02-26 22:54:00,28899.0,28926.0,28899.0,28926.0,2
M1F,202603,2026-02-26 22:55:00,28930.0,28930.0,28930.0,28930.0,1
M1F,202603,2026-02-26 22:57:00,28895.0,28895.0,28895.0,28895.0,1
M1F,202603,2026-02-26 22:59:00,28890.0,28890.0,28886.0,28889.0,5
M1F,202603,2026-02-26 23:00:00,28893.0,28894.0,28893.0,28894.0,3
M1F,202603,2026-02-26 23:01:00,28837.0,28837.0,28837.0,28837.0,1
M1F,202603,2026-02-26 23:03:00,28873.0,28877.0,28870.0,28877.0,4
M1F,202603,2026-02-26 23:04:00,28876.0,28876.0,28876.0,28876.0,1
M1F,202603,2026-02-26 23:05:00,28865.0,28865.0,28865.0,28865.0,1
M1F,202603,2026-02-26 23:07:00,28877.0,28877.0,28873.0,28873.0,2
M1F,202603,2026-02-26 23:09:00,28862.0,28862.0,28838.0,28841.0,4
M1F,202603,2026-02-26 23:11:00,28866.0,28866.0,28866.0,28866.0,1
M1F,202603,2026-02-26 23:12:00,28837.0,28837.0,28833.0,28833.0,4
M1F,202603,2026-02-26 23:13:00,28802.0,28802.0,28802.0,28802.0,1
M1F,202603,2026-02-26 23:14:00,28798.0,28798.0,28771.0,28771.0,2
M1F,202603,2026-02-26 23:15:00,28767.0,28767.0,28767.0,28767.0,1
M1F,202603,2026-02-26 23:16:00,28748.0,28748.0,28744.0,28744.0,2
M1F,202603,2026-02-26 23:18:00,28755.0,28755.0,28755.0,28755.0,1
M1F,202603,2026-02-26 23:19:00,28743.0,28743.0,28728.0,28728.0,3
M1F,202603,2026-02-26 23:21:00,28724.0,28724.0,28716.0,28716.0,4
M1F,202603,2026-02-26 23:22:00,28676.0,28676.0,28676.0,28676.0,1
M1F,202603,2026-02-26 23:23:00,28672.0,28672.0,28672.0,28672.0,1
M1F,202603,2026-02-26 23:24:00,28680.0,28680.0,28680.0,28680.0,1
M1F,202603,2026-02-26 23:25:00,28695.0,28695.0,28677.0,28681.0,5
M1F,202603,2026-02-26 23:26:00,28690.0,28718.0,28690.0,28718.0,4
M1F,202603,2026-02-26 23:27:00,28702.0,28702.0,28702.0,28702.0,2
M1F,202603,2026-02-26 23:29:00,28696.0,28696.0,28696.0,28696.0,1
M1F,202603,2026-02-26 23:30:00,28692.0,28692.0,28683.0,28683.0,2
M1F,202603,2026-02-26 23:31:00,28710.0,28710.0,28710.0,28710.0,1
M1F,202603,2026-02-26 23:34:00,28679.0,28679.0,28679.0,28679.0,1
M1F,202603,2026-02-26 23:35:00,28714.0,28714.0,28714.0,28714.0,1
M1F,202603,2026-02-26 23:37:00,28717.0,28721.0,28717.0,28721.0,4
M1F,202603,2026-02-26 23:42:00,28730.0,28730.0,28730.0,28730.0,2
M1F,202603,2026-02-26 23:43:00,28747.0,28747.0,28747.0,28747.0,1
M1F,202603,2026-02-26 23:47:00,28740.0,28744.0,28740.0,28744.0,2
M1F,202603,2026-02-26 23:50:00,28758.0,28758.0,28758.0,28758.0,1
M1F,202603,2026-02-26 23:53:00,28770.0,28772.0,28770.0,28772.0,2
M1F,202603,2026-02-26 23:54:00,28773.0,28773.0,28773.0,28773.0,1
M1F,202603,2026-02-27 00:22:00,28774.0,28777.0,28774.0,28777.0,2
M1F,202603,2026-02-27 00:25:00,28793.0,28793.0,28793.0,28793.0,1
M1F,202603,2026-02-27 00:37:00,28731.0,28731.0,28731.0,28731.0,1
M1F,202603,2026-02-27 00:38:00,28726.0,28726.0,28726.0,28726.0,2
M1F,202603,2026-02-27 00:46:00,28667.0,28667.0,28667.0,28667.0,5
M1F,202603,2026-02-27 00:50:00,28685.0,28685.0,28682.0,28684.0,20
M1F,202603,2026-02-27 01:00:00,28640.0,28648.0,28639.0,28648.0,41
M1F,202603,2026-02-27 01:03:00,28650.0,28650.0,28650.0,28650.0,30
M1F,202603,2026-02-27 01:04:00,28671.0,28671.0,28671.0,28671.0,11
M1F,202603,2026-02-27 01:05:00,28670.0,28693.0,28670.0,28693.0,20
M1F,202603,2026-02-27 01:10:00,28683.0,28683.0,28683.0,28683.0,1
M1F,202603,2026-02-27 01:12:00,28687.0,28687.0,28687.0,28687.0,22
M1F,202603,2026-02-27 01:32:00,28687.0,28687.0,28687.0,28687.0,8
M1F,202603,2026-02-27 01:33:00,28693.0,28693.0,28693.0,28693.0,22
M1F,202603,2026-02-27 01:34:00,28668.0,28668.0,28668.0,28668.0,1
M1F,202603,2026-02-27 01:42:00,28580.0,28580.0,28580.0,28580.0,1
M1F,202603,2026-02-27 01:46:00,28538.0,28538.0,28538.0,28538.0,1
M1F,202603,2026-02-27 01:47:00,28549.0,28550.0,28548.0,28549.0,4
M1F,202603,2026-02-27 01:48:00,28556.0,28556.0,28556.0,28556.0,1
M1F,202603,2026-02-27 01:49:00,28548.0,28549.0,28547.0,28547.0,3
M1F,202603,2026-02-27 01:50:00,28558.0,28558.0,28558.0,28558.0,1
M1F,202603,2026-02-27 01:51:00,28578.0,28578.0,28578.0,28578.0,1
M1F,202603,2026-02-27 01:53:00,28593.0,28593.0,28593.0,28593.0,2
M1F,202603,2026-02-27 02:35:00,28609.0,28609.0,28609.0,28609.0,1
M1F,202603,2026-02-27 02:37:00,28638.0,28639.0,28638.0,28639.0,2
M1F,202603,2026-02-27 02:46:00,28635.0,28635.0,28635.0,28635.0,1
M1F,202603,2026-02-27 02:49:00,28595.0,28595.0,28595.0,28595.0,2
M1F,202603,2026-02-27 02:55:00,28591.0,28591.0,28591.0,28591.0,2
M1F,202603,2026-02-27 03:00:00,28595.0,28595.0,28595.0,28595.0,1
M1F,202603,2026-02-27 03:01:00,28604.0,28607.0,28604.0,28607.0,3
M1F,202603,2026-02-27 03:16:00,28620.0,28620.0,28619.0,28619.0,2
M1F,202603,2026-02-27 03:21:00,28615.0,28615.0,28615.0,28615.0,1
M1F,202603,2026-02-27 03:28:00,28610.0,28610.0,28610.0,28610.0,2
M1F,202603,2026-02-27 03:45:00,28623.0,28623.0,28623.0,28623.0,1
M1F,202603,2026-02-27 03:46:00,28629.0,28629.0,28629.0,28629.0,1
M1F,202603,2026-02-27 03:48:00,28632.0,28632.0,28632.0,28632.0,2
M1F,202604,2026-02-26 15:17:00,29131.0,29131.0,29131.0,29131.0,1
M1F,202604,2026-02-26 15:31:00,29150.0,29150.0,29150.0,29150.0,1
M1F,202604,2026-02-26 15:37:00,29182.0,29182.0,29182.0,29182.0,1
M1F,202604,2026-02-26 16:16:00,29228.0,29228.0,29228.0,29228.0,1
M1F,202604,2026-02-26 23:29:00,28740.0,28740.0,28740.0,28740.0,1
M1F,202604,2026-02-27 01:05:00,28734.0,28734.0,28734.0,28734.0,1
M1F,202604,2026-02-27 01:47:00,28696.0,28708.0,28696.0,28701.0,3
M1F,202604,2026-02-27 01:48:00,28698.0,28698.0,28698.0,28698.0,1
M1F,202604,2026-02-27 01:49:00,28698.0,28698.0,28690.0,28690.0,2
M1F,202604,2026-02-27 01:50:00,28682.0,28682.0,28682.0,28682.0,1
M1F,202604,2026-02-27 01:51:00,28700.0,28700.0,28700.0,28700.0,1
M1F,202604,2026-02-27 01:53:00,28714.0,28714.0,28714.0,28714.0,1
M1F,202604,2026-02-27 02:35:00,28778.0,28778.0,28778.0,28778.0,1
M1F,202604,2026-02-27 02:37:00,28800.0,28800.0,28800.0,28800.0,1
M1F,202604,2026-02-27 02:49:00,28780.0,28780.0,28780.0,28780.0,1
M1F,202604,2026-02-27 02:55:00,28789.0,28789.0,28789.0,28789.0,1
M1F,202604,2026-02-27 02:59:00,28800.0,28800.0,28800.0,28800.0,1
M1F,202604,2026-02-27 03:00:00,28799.0,28799.0,28799.0,28799.0,1
M1F,202604,2026-02-27 03:01:00,28803.0,28803.0,28803.0,28803.0,1
M1F,202604,2026-02-27 03:16:00,28825.0,28825.0,28825.0,28825.0,1
M1F,202604,2026-02-27 03:45:00,28806.0,28806.0,28806.0,28806.0,1
M1F,202604,2026-02-27 03:46:00,28813.0,28813.0,28813.0,28813.0,1
M1F,202604,2026-02-27 03:48:00,28821.0,28821.0,28821.0,28821.0,1
MTX,202603,2026-02-26 15:00:00,35640.0,35699.0,35632.0,35682.0,991
MTX,202603,2026-02-26 15:01:00,35682.0,35683.0,35670.0,35674.0,293
MTX,202603,2026-02-26 15:02:00,35675.0,35678.0,35657.0,35663.0,267
MTX,202603,2026-02-26 15:03:00,35663.0,35671.0,35657.0,35657.0,190
MTX,202603,2026-02-26 15:04:00,35661.0,35665.0,35655.0,35662.0,104
MTX,202603,2026-02-26 15:05:00,35660.0,35677.0,35660.0,35676.0,139
MTX,202603,2026-02-26 15:06:00,35677.0,35678.0,35667.0,35669.0,141
MTX,202603,2026-02-26 15:07:00,35670.0,35674.0,35665.0,35670.0,57
MTX,202603,2026-02-26 15:08:00,35669.0,35670.0,35661.0,35668.0,63
MTX,202603,2026-02-26 15:09:00,35669.0,35669.0,35647.0,35652.0,206
MTX,202603,2026-02-26 15:10:00,35655.0,35659.0,35648.0,35651.0,112
MTX,202603,2026-02-26 15:11:00,35650.0,35667.0,35650.0,35666.0,81
MTX,202603,2026-02-26 15:12:00,35666.0,35668.0,35657.0,35661.0,50
MTX,202603,2026-02-26 15:13:00,35661.0,35666.0,35658.0,35666.0,37
MTX,202603,2026-02-26 15:14:00,35663.0,35692.0,35661.0,35689.0,270
MTX,202603,2026-02-26 15:15:00,35689.0,35694.0,35683.0,35689.0,193
MTX,202603,2026-02-26 15:16:00,35687.0,35697.0,35686.0,35697.0,136
MTX,202603,2026-02-26 15:17:00,35697.0,35698.0,35692.0,35697.0,110
MTX,202603,2026-02-26 15:18:00,35697.0,35704.0,35692.0,35694.0,286
MTX,202603,2026-02-26 15:19:00,35693.0,35698.0,35689.0,35696.0,111
MTX,202603,2026-02-26 15:20:00,35695.0,35698.0,35691.0,35691.0,46
MTX,202603,2026-02-26 15:21:00,35692.0,35692.0,35688.0,35690.0,51
MTX,202603,2026-02-26 15:22:00,35692.0,35700.0,35689.0,35698.0,91
MTX,202603,2026-02-26 15:23:00,35699.0,35700.0,35677.0,35684.0,141
MTX,202603,2026-02-26 15:24:00,35681.0,35685.0,35677.0,35681.0,77
MTX,202603,2026-02-26 15:25:00,35680.0,35686.0,35680.0,35682.0,55
MTX,202603,2026-02-26 15:26:00,35683.0,35684.0,35670.0,35680.0,135
MTX,202603,2026-02-26 15:27:00,35681.0,35691.0,35681.0,35690.0,59
MTX,202603,2026-02-26 15:28:00,35691.0,35707.0,35688.0,35705.0,165
MTX,202603,2026-02-26 15:29:00,35705.0,35705.0,35695.0,35704.0,79
MTX,202603,2026-02-26 15:30:00,35703.0,35708.0,35700.0,35708.0,156
MTX,202603,2026-02-26 15:31:00,35707.0,35710.0,35699.0,35707.0,152
MTX,202603,2026-02-26 15:32:00,35710.0,35728.0,35710.0,35728.0,442
MTX,202603,2026-02-26 15:33:00,35728.0,35742.0,35722.0,35739.0,296
MTX,202603,2026-02-26 15:34:00,35738.0,35739.0,35728.0,35730.0,161
MTX,202603,2026-02-26 15:35:00,35731.0,35737.0,35731.0,35732.0,93
MTX,202603,2026-02-26 15:36:00,35733.0,35744.0,35733.0,35739.0,112
MTX,202603,2026-02-26 15:37:00,35739.0,35746.0,35735.0,35735.0,198
MTX,202603,2026-02-26 15:38:00,35735.0,35740.0,35728.0,35728.0,115
MTX,202603,2026-02-26 15:39:00,35729.0,35733.0,35725.0,35733.0,147
MTX,202603,2026-02-26 15:40:00,35734.0,35743.0,35730.0,35740.0,106
MTX,202603,2026-02-26 15:41:00,35740.0,35750.0,35740.0,35750.0,165
MTX,202603,2026-02-26 15:42:00,35749.0,35785.0,35747.0,35783.0,1335
MTX,202603,2026-02-26 15:43:00,35783.0,35793.0,35782.0,35787.0,498
MTX,202603,2026-02-26 15:44:00,35789.0,35794.0,35779.0,35780.0,292
MTX,202603,2026-02-26 15:45:00,35781.0,35785.0,35774.0,35781.0,313
MTX,202603,2026-02-26 15:46:00,35783.0,35793.0,35779.0,35779.0,215
MTX,202603,2026-02-26 15:47:00,35779.0,35779.0,35768.0,35771.0,164
MTX,202603,2026-02-26 15:48:00,35771.0,35779.0,35762.0,35763.0,214
MTX,202603,2026-02-26 15:49:00,35762.0,35774.0,35761.0,35771.0,120
MTX,202603,2026-02-26 15:50:00,35773.0,35773.0,35756.0,35758.0,200
MTX,202603,2026-02-26 15:51:00,35757.0,35764.0,35757.0,35761.0,108
MTX,202603,2026-02-26 15:52:00,35762.0,35762.0,35756.0,35758.0,53
MTX,202603,2026-02-26 15:53:00,35759.0,35775.0,35759.0,35769.0,145
MTX,202603,2026-02-26 15:54:00,35769.0,35773.0,35769.0,35770.0,73
MTX,202603,2026-02-26 15:55:00,35772.0,35779.0,35763.0,35763.0,143
MTX,202603,2026-02-26 15:56:00,35766.0,35776.0,35764.0,35776.0,63
MTX,202603,2026-02-26 15:57:00,35776.0,35785.0,35771.0,35782.0,140
MTX,202603,2026-02-26 15:58:00,35780.0,35782.0,35771.0,35771.0,98
MTX,202603,2026-02-26 15:59:00,35772.0,35773.0,35764.0,35766.0,76
MTX,202603,2026-02-26 16:00:00,35765.0,35773.0,35751.0,35751.0,245
MTX,202603,2026-02-26 16:01:00,35751.0,35780.0,35751.0,35772.0,157
MTX,202603,2026-02-26 16:02:00,35775.0,35775.0,35764.0,35766.0,80
MTX,202603,2026-02-26 16:03:00,35770.0,35779.0,35767.0,35778.0,72
MTX,202603,2026-02-26 16:04:00,35777.0,35781.0,35772.0,35779.0,74
MTX,202603,2026-02-26 16:05:00,35777.0,35787.0,35776.0,35780.0,139
MTX,202603,2026-02-26 16:06:00,35782.0,35806.0,35782.0,35791.0,742
MTX,202603,2026-02-26 16:07:00,35793.0,35802.0,35788.0,35788.0,187
MTX,202603,2026-02-26 16:08:00,35786.0,35795.0,35785.0,35791.0,83
MTX,202603,2026-02-26 16:09:00,35790.0,35794.0,35783.0,35791.0,138
MTX,202603,2026-02-26 16:10:00,35791.0,35795.0,35785.0,35785.0,106
MTX,202603,2026-02-26 16:11:00,35786.0,35796.0,35777.0,35796.0,175
MTX,202603,2026-02-26 16:12:00,35795.0,35797.0,35786.0,35790.0,73
MTX,202603,2026-02-26 16:13:00,35788.0,35790.0,35780.0,35790.0,50
MTX,202603,2026-02-26 16:14:00,35790.0,35806.0,35790.0,35800.0,238
MTX,202603,2026-02-26 16:15:00,35801.0,35804.0,35796.0,35802.0,120
MTX,202603,2026-02-26 16:16:00,35802.0,35818.0,35800.0,35816.0,421
MTX,202603,2026-02-26 16:17:00,35813.0,35820.0,35811.0,35814.0,257
MTX,202603,2026-02-26 16:18:00,35816.0,35839.0,35816.0,35838.0,445
MTX,202603,2026-02-26 16:19:00,35839.0,35846.0,35838.0,35845.0,351
MTX,202603,2026-02-26 16:20:00,35843.0,35850.0,35836.0,35845.0,392
MTX,202603,2026-02-26 16:21:00,35845.0,35856.0,35844.0,35856.0,323
MTX,202603,2026-02-26 16:22:00,35853.0,35855.0,35833.0,35835.0,278
MTX,202603,2026-02-26 16:23:00,35834.0,35838.0,35826.0,35829.0,186
MTX,202603,2026-02-26 16:24:00,35830.0,35833.0,35825.0,35832.0,155
MTX,202603,2026-02-26 16:25:00,35831.0,35834.0,35826.0,35831.0,121
MTX,202603,2026-02-26 16:26:00,35830.0,35834.0,35825.0,35826.0,105
MTX,202603,2026-02-26 16:27:00,35826.0,35828.0,35817.0,35820.0,170
MTX,202603,2026-02-26 16:28:00,35820.0,35822.0,35814.0,35817.0,135
MTX,202603,2026-02-26 16:29:00,35817.0,35817.0,35805.0,35812.0,225
MTX,202603,2026-02-26 16:30:00,35811.0,35815.0,35803.0,35809.0,209
MTX,202603,2026-02-26 16:31:00,35809.0,35812.0,35793.0,35793.0,289
MTX,202603,2026-02-26 16:32:00,35793.0,35801.0,35790.0,35797.0,188
MTX,202603,2026-02-26 16:33:00,35797.0,35801.0,35780.0,35786.0,252
MTX,202603,2026-02-26 16:34:00,35788.0,35794.0,35776.0,35789.0,166
MTX,202603,2026-02-26 16:35:00,35790.0,35799.0,35790.0,35795.0,152
MTX,202603,2026-02-26 16:36:00,35795.0,35796.0,35783.0,35790.0,110
MTX,202603,2026-02-26 16:37:00,35788.0,35789.0,35773.0,35774.0,182
MTX,202603,2026-02-26 16:38:00,35774.0,35780.0,35768.0,35780.0,185
MTX,202603,2026-02-26 16:39:00,35780.0,35782.0,35777.0,35782.0,105
MTX,202603,2026-02-26 16:40:00,35780.0,35783.0,35762.0,35765.0,217
MTX,202603,2026-02-26 16:41:00,35769.0,35770.0,35765.0,35767.0,74
MTX,202603,2026-02-26 16:42:00,35769.0,35774.0,35767.0,35770.0,75
MTX,202603,2026-02-26 16:43:00,35771.0,35779.0,35771.0,35774.0,112
MTX,202603,2026-02-26 16:44:00,35776.0,35784.0,35774.0,35784.0,88
MTX,202603,2026-02-26 16:45:00,35783.0,35787.0,35779.0,35786.0,111
MTX,202603,2026-02-26 16:46:00,35785.0,35787.0,35775.0,35785.0,108
MTX,202603,2026-02-26 16:47:00,35785.0,35787.0,35772.0,35775.0,95
MTX,202603,2026-02-26 16:48:00,35777.0,35786.0,35777.0,35782.0,57
MTX,202603,2026-02-26 16:49:00,35784.0,35785.0,35781.0,35781.0,31
MTX,202603,2026-02-26 16:50:00,35780.0,35783.0,35773.0,35773.0,77
MTX,202603,2026-02-26 16:51:00,35774.0,35777.0,35768.0,35771.0,92
MTX,202603,2026-02-26 16:52:00,35771.0,35772.0,35765.0,35765.0,74
MTX,202603,2026-02-26 16:53:00,35765.0,35771.0,35759.0,35767.0,183
MTX,202603,2026-02-26 16:54:00,35768.0,35773.0,35763.0,35763.0,63
MTX,202603,2026-02-26 16:55:00,35765.0,35773.0,35758.0,35771.0,96
MTX,202603,2026-02-26 16:56:00,35771.0,35780.0,35768.0,35778.0,69
MTX,202603,2026-02-26 16:57:00,35778.0,35783.0,35775.0,35783.0,112
MTX,202603,2026-02-26 16:58:00,35781.0,35781.0,35770.0,35770.0,59
MTX,202603,2026-02-26 16:59:00,35773.0,35773.0,35768.0,35768.0,58
MTX,202603,2026-02-26 17:00:00,35767.0,35784.0,35762.0,35779.0,179
MTX,202603,2026-02-26 17:01:00,35778.0,35785.0,35778.0,35780.0,79
MTX,202603,2026-02-26 17:02:00,35780.0,35782.0,35775.0,35776.0,54
MTX,202603,2026-02-26 17:03:00,35777.0,35784.0,35777.0,35784.0,14
MTX,202603,2026-02-26 17:04:00,35782.0,35789.0,35782.0,35788.0,193
MTX,202603,2026-02-26 17:05:00,35787.0,35800.0,35785.0,35790.0,224
MTX,202603,2026-02-26 17:06:00,35792.0,35804.0,35792.0,35798.0,138
MTX,202603,2026-02-26 17:07:00,35798.0,35801.0,35794.0,35796.0,145
MTX,202603,2026-02-26 17:08:00,35796.0,35807.0,35793.0,35807.0,111
MTX,202603,2026-02-26 17:09:00,35807.0,35809.0,35802.0,35805.0,111
MTX,202603,2026-02-26 17:10:00,35804.0,35806.0,35797.0,35799.0,104
MTX,202603,2026-02-26 17:11:00,35800.0,35820.0,35799.0,35820.0,221
MTX,202603,2026-02-26 17:12:00,35818.0,35834.0,35817.0,35832.0,283
MTX,202603,2026-02-26 17:13:00,35832.0,35841.0,35826.0,35841.0,222
MTX,202603,2026-02-26 17:14:00,35842.0,35846.0,35836.0,35844.0,189
MTX,202603,2026-02-26 17:15:00,35845.0,35867.0,35837.0,35840.0,797
MTX,202603,2026-02-26 17:16:00,35836.0,35845.0,35830.0,35836.0,187
MTX,202603,2026-02-26 17:17:00,35837.0,35838.0,35816.0,35816.0,245
MTX,202603,2026-02-26 17:18:00,35816.0,35820.0,35802.0,35817.0,238
MTX,202603,2026-02-26 17:19:00,35815.0,35821.0,35814.0,35817.0,73
MTX,202603,2026-02-26 17:20:00,35816.0,35824.0,35814.0,35821.0,106
MTX,202603,2026-02-26 17:21:00,35824.0,35837.0,35824.0,35836.0,164
MTX,202603,2026-02-26 17:22:00,35836.0,35837.0,35825.0,35827.0,67
MTX,202603,2026-02-26 17:23:00,35828.0,35833.0,35825.0,35832.0,32
MTX,202603,2026-02-26 17:24:00,35832.0,35834.0,35827.0,35828.0,60
MTX,202603,2026-02-26 17:25:00,35827.0,35838.0,35827.0,35838.0,93
MTX,202603,2026-02-26 17:26:00,35837.0,35848.0,35836.0,35848.0,196
MTX,202603,2026-02-26 17:27:00,35849.0,35862.0,35845.0,35858.0,234
MTX,202603,2026-02-26 17:28:00,35858.0,35863.0,35855.0,35861.0,166
MTX,202603,2026-02-26 17:29:00,35861.0,35865.0,35859.0,35860.0,175
MTX,202603,2026-02-26 17:30:00,35861.0,35861.0,35852.0,35860.0,248
MTX,202603,2026-02-26 17:31:00,35862.0,35874.0,35860.0,35864.0,379
MTX,202603,2026-02-26 17:32:00,35864.0,35868.0,35855.0,35864.0,109
MTX,202603,2026-02-26 17:33:00,35863.0,35867.0,35860.0,35861.0,72
MTX,202603,2026-02-26 17:34:00,35862.0,35863.0,35854.0,35857.0,113
MTX,202603,2026-02-26 17:35:00,35855.0,35866.0,35848.0,35866.0,137
MTX,202603,2026-02-26 17:36:00,35860.0,35863.0,35854.0,35856.0,39
MTX,202603,2026-02-26 17:37:00,35858.0,35860.0,35851.0,35860.0,40
MTX,202603,2026-02-26 17:38:00,35860.0,35868.0,35860.0,35867.0,84
MTX,202603,2026-02-26 17:39:00,35868.0,35870.0,35862.0,35869.0,96
MTX,202603,2026-02-26 17:40:00,35869.0,35869.0,35863.0,35863.0,58
MTX,202603,2026-02-26 17:41:00,35862.0,35866.0,35862.0,35864.0,44
MTX,202603,2026-02-26 17:42:00,35863.0,35867.0,35862.0,35862.0,39
MTX,202603,2026-02-26 17:43:00,35861.0,35864.0,35857.0,35864.0,60
MTX,202603,2026-02-26 17:44:00,35864.0,35866.0,35857.0,35860.0,64
MTX,202603,2026-02-26 17:45:00,35858.0,35868.0,35858.0,35868.0,89
MTX,202603,2026-02-26 17:46:00,35867.0,35877.0,35863.0,35877.0,172
MTX,202603,2026-02-26 17:47:00,35876.0,35878.0,35870.0,35874.0,137
MTX,202603,2026-02-26 17:48:00,35873.0,35878.0,35872.0,35873.0,90
MTX,202603,2026-02-26 17:49:00,35873.0,35874.0,35867.0,35873.0,76
MTX,202603,2026-02-26 17:50:00,35872.0,35872.0,35862.0,35862.0,76
MTX,202603,2026-02-26 17:51:00,35861.0,35872.0,35860.0,35872.0,61
MTX,202603,2026-02-26 17:52:00,35872.0,35873.0,35864.0,35864.0,43
MTX,202603,2026-02-26 17:53:00,35864.0,35864.0,35853.0,35855.0,131
MTX,202603,2026-02-26 17:54:00,35856.0,35856.0,35843.0,35847.0,224
MTX,202603,2026-02-26 17:55:00,35848.0,35848.0,35836.0,35839.0,160
MTX,202603,2026-02-26 17:56:00,35839.0,35840.0,35832.0,35832.0,112
MTX,202603,2026-02-26 17:57:00,35832.0,35842.0,35827.0,35832.0,172
MTX,202603,2026-02-26 17:58:00,35833.0,35835.0,35830.0,35833.0,75
MTX,202603,2026-02-26 17:59:00,35833.0,35836.0,35830.0,35831.0,58
MTX,202603,2026-02-26 18:00:00,35830.0,35836.0,35821.0,35823.0,236
MTX,202603,2026-02-26 18:01:00,35826.0,35830.0,35821.0,35827.0,54
MTX,202603,2026-02-26 18:02:00,35829.0,35831.0,35822.0,35823.0,61
MTX,202603,2026-02-26 18:03:00,35824.0,35828.0,35822.0,35824.0,56
MTX,202603,2026-02-26 18:04:00,35823.0,35825.0,35821.0,35825.0,44
MTX,202603,2026-02-26 18:05:00,35823.0,35827.0,35808.0,35808.0,193
MTX,202603,2026-02-26 18:06:00,35810.0,35826.0,35808.0,35825.0,77
MTX,202603,2026-02-26 18:07:00,35826.0,35829.0,35825.0,35829.0,80
MTX,202603,2026-02-26 18:08:00,35825.0,35828.0,35820.0,35822.0,54
MTX,202603,2026-02-26 18:09:00,35820.0,35825.0,35818.0,35820.0,45
MTX,202603,2026-02-26 18:10:00,35818.0,35828.0,35815.0,35826.0,85
MTX,202603,2026-02-26 18:11:00,35826.0,35828.0,35820.0,35820.0,43
MTX,202603,2026-02-26 18:12:00,35819.0,35822.0,35813.0,35813.0,67
MTX,202603,2026-02-26 18:13:00,35816.0,35819.0,35814.0,35818.0,67
MTX,202603,2026-02-26 18:14:00,35817.0,35820.0,35811.0,35813.0,55
MTX,202603,2026-02-26 18:15:00,35813.0,35820.0,35813.0,35820.0,32
MTX,202603,2026-02-26 18:16:00,35818.0,35820.0,35806.0,35806.0,117
MTX,202603,2026-02-26 18:17:00,35807.0,35813.0,35806.0,35812.0,67
MTX,202603,2026-02-26 18:18:00,35813.0,35813.0,35789.0,35791.0,314
MTX,202603,2026-02-26 18:19:00,35793.0,35795.0,35781.0,35787.0,250
MTX,202603,2026-02-26 18:20:00,35786.0,35788.0,35769.0,35785.0,361
MTX,202603,2026-02-26 18:21:00,35787.0,35793.0,35782.0,35786.0,120
MTX,202603,2026-02-26 18:22:00,35787.0,35787.0,35776.0,35778.0,145
MTX,202603,2026-02-26 18:23:00,35777.0,35778.0,35771.0,35774.0,154
MTX,202603,2026-02-26 18:24:00,35774.0,35782.0,35770.0,35779.0,118
MTX,202603,2026-02-26 18:25:00,35778.0,35788.0,35778.0,35778.0,144
MTX,202603,2026-02-26 18:26:00,35778.0,35781.0,35775.0,35779.0,47
MTX,202603,2026-02-26 18:27:00,35779.0,35779.0,35766.0,35770.0,208
MTX,202603,2026-02-26 18:28:00,35768.0,35777.0,35766.0,35775.0,104
MTX,202603,2026-02-26 18:29:00,35775.0,35777.0,35770.0,35771.0,54
MTX,202603,2026-02-26 18:30:00,35771.0,35772.0,35756.0,35767.0,329
MTX,202603,2026-02-26 18:31:00,35769.0,35796.0,35769.0,35791.0,209
MTX,202603,2026-02-26 18:32:00,35794.0,35795.0,35784.0,35795.0,181
MTX,202603,2026-02-26 18:33:00,35794.0,35797.0,35790.0,35797.0,92
MTX,202603,2026-02-26 18:34:00,35795.0,35800.0,35793.0,35797.0,120
MTX,202603,2026-02-26 18:35:00,35795.0,35806.0,35790.0,35800.0,134
MTX,202603,2026-02-26 18:36:00,35798.0,35801.0,35794.0,35795.0,99
MTX,202603,2026-02-26 18:37:00,35795.0,35795.0,35787.0,35787.0,107
MTX,202603,2026-02-26 18:38:00,35786.0,35795.0,35782.0,35795.0,88
MTX,202603,2026-02-26 18:39:00,35795.0,35805.0,35795.0,35802.0,96
MTX,202603,2026-02-26 18:40:00,35803.0,35808.0,35799.0,35802.0,121
MTX,202603,2026-02-26 18:41:00,35803.0,35804.0,35798.0,35798.0,47
MTX,202603,2026-02-26 18:42:00,35798.0,35802.0,35793.0,35799.0,54
MTX,202603,2026-02-26 18:43:00,35798.0,35800.0,35795.0,35795.0,24
MTX,202603,2026-02-26 18:44:00,35795.0,35801.0,35793.0,35796.0,60
MTX,202603,2026-02-26 18:45:00,35795.0,35798.0,35793.0,35793.0,33
MTX,202603,2026-02-26 18:46:00,35793.0,35800.0,35792.0,35796.0,27
MTX,202603,2026-02-26 18:47:00,35796.0,35800.0,35796.0,35800.0,14
MTX,202603,2026-02-26 18:48:00,35799.0,35804.0,35794.0,35796.0,47
MTX,202603,2026-02-26 18:49:00,35795.0,35799.0,35792.0,35792.0,26
MTX,202603,2026-02-26 18:50:00,35792.0,35793.0,35774.0,35774.0,127
MTX,202603,2026-02-26 18:51:00,35775.0,35784.0,35775.0,35781.0,103
MTX,202603,2026-02-26 18:52:00,35781.0,35791.0,35778.0,35789.0,53
MTX,202603,2026-02-26 18:53:00,35788.0,35788.0,35782.0,35783.0,24
MTX,202603,2026-02-26 18:54:00,35783.0,35786.0,35777.0,35777.0,36
MTX,202603,2026-02-26 18:55:00,35776.0,35777.0,35755.0,35765.0,268
MTX,202603,2026-02-26 18:56:00,35768.0,35768.0,35761.0,35765.0,69
MTX,202603,2026-02-26 18:57:00,35764.0,35767.0,35731.0,35739.0,673
MTX,202603,2026-02-26 18:58:00,35739.0,35739.0,35713.0,35718.0,774
MTX,202603,2026-02-26 18:59:00,35719.0,35722.0,35702.0,35711.0,448
MTX,202603,2026-02-26 19:00:00,35711.0,35736.0,35705.0,35735.0,404
MTX,202603,2026-02-26 19:01:00,35735.0,35754.0,35732.0,35752.0,214
MTX,202603,2026-02-26 19:02:00,35750.0,35751.0,35735.0,35743.0,168
MTX,202603,2026-02-26 19:03:00,35743.0,35743.0,35721.0,35727.0,158
MTX,202603,2026-02-26 19:04:00,35728.0,35739.0,35723.0,35739.0,123
MTX,202603,2026-02-26 19:05:00,35740.0,35752.0,35738.0,35752.0,88
MTX,202603,2026-02-26 19:06:00,35753.0,35755.0,35742.0,35742.0,84
MTX,202603,2026-02-26 19:07:00,35742.0,35759.0,35740.0,35751.0,144
MTX,202603,2026-02-26 19:08:00,35754.0,35762.0,35753.0,35760.0,66
MTX,202603,2026-02-26 19:09:00,35761.0,35765.0,35757.0,35760.0,126
MTX,202603,2026-02-26 19:10:00,35760.0,35772.0,35760.0,35772.0,140
MTX,202603,2026-02-26 19:11:00,35772.0,35774.0,35751.0,35760.0,163
MTX,202603,2026-02-26 19:12:00,35758.0,35767.0,35754.0,35757.0,81
MTX,202603,2026-02-26 19:13:00,35759.0,35763.0,35756.0,35763.0,38
MTX,202603,2026-02-26 19:14:00,35762.0,35767.0,35758.0,35763.0,57
MTX,202603,2026-02-26 19:15:00,35762.0,35763.0,35755.0,35755.0,46
MTX,202603,2026-02-26 19:16:00,35760.0,35760.0,35756.0,35757.0,31
MTX,202603,2026-02-26 19:17:00,35758.0,35762.0,35755.0,35761.0,40
MTX,202603,2026-02-26 19:18:00,35763.0,35763.0,35746.0,35746.0,128
MTX,202603,2026-02-26 19:19:00,35748.0,35765.0,35748.0,35761.0,70
MTX,202603,2026-02-26 19:20:00,35761.0,35766.0,35753.0,35756.0,70
MTX,202603,2026-02-26 19:21:00,35756.0,35759.0,35750.0,35756.0,69
MTX,202603,2026-02-26 19:22:00,35756.0,35756.0,35741.0,35750.0,102
MTX,202603,2026-02-26 19:23:00,35749.0,35755.0,35747.0,35748.0,45
MTX,202603,2026-02-26 19:24:00,35747.0,35750.0,35742.0,35749.0,62
MTX,202603,2026-02-26 19:25:00,35750.0,35768.0,35749.0,35759.0,125
MTX,202603,2026-02-26 19:26:00,35758.0,35761.0,35754.0,35761.0,40
MTX,202603,2026-02-26 19:27:00,35761.0,35763.0,35753.0,35753.0,38
MTX,202603,2026-02-26 19:28:00,35753.0,35756.0,35748.0,35751.0,36
MTX,202603,2026-02-26 19:29:00,35749.0,35749.0,35741.0,35741.0,53
MTX,202603,2026-02-26 19:30:00,35741.0,35748.0,35738.0,35744.0,112
MTX,202603,2026-02-26 19:31:00,35744.0,35748.0,35743.0,35745.0,66
MTX,202603,2026-02-26 19:32:00,35742.0,35749.0,35741.0,35747.0,34
MTX,202603,2026-02-26 19:33:00,35743.0,35750.0,35742.0,35750.0,33
MTX,202603,2026-02-26 19:34:00,35749.0,35755.0,35749.0,35755.0,34
MTX,202603,2026-02-26 19:35:00,35753.0,35762.0,35753.0,35758.0,63
MTX,202603,2026-02-26 19:36:00,35757.0,35760.0,35750.0,35753.0,31
MTX,202603,2026-02-26 19:37:00,35755.0,35759.0,35751.0,35759.0,15
MTX,202603,2026-02-26 19:38:00,35760.0,35767.0,35758.0,35766.0,107
MTX,202603,2026-02-26 19:39:00,35766.0,35769.0,35762.0,35763.0,104
MTX,202603,2026-02-26 19:40:00,35763.0,35772.0,35761.0,35771.0,93
MTX,202603,2026-02-26 19:41:00,35771.0,35771.0,35761.0,35764.0,49
MTX,202603,2026-02-26 19:42:00,35764.0,35764.0,35754.0,35757.0,95
MTX,202603,2026-02-26 19:43:00,35758.0,35758.0,35751.0,35751.0,34
MTX,202603,2026-02-26 19:44:00,35752.0,35752.0,35748.0,35749.0,58
MTX,202603,2026-02-26 19:45:00,35747.0,35754.0,35744.0,35754.0,70
MTX,202603,2026-02-26 19:46:00,35754.0,35754.0,35740.0,35746.0,81
MTX,202603,2026-02-26 19:47:00,35746.0,35746.0,35741.0,35744.0,70
MTX,202603,2026-02-26 19:48:00,35744.0,35746.0,35740.0,35741.0,38
MTX,202603,2026-02-26 19:49:00,35742.0,35752.0,35741.0,35752.0,32
MTX,202603,2026-02-26 19:50:00,35753.0,35759.0,35750.0,35756.0,58
MTX,202603,2026-02-26 19:51:00,35756.0,35760.0,35752.0,35760.0,40
MTX,202603,2026-02-26 19:52:00,35760.0,35761.0,35757.0,35760.0,28
MTX,202603,2026-02-26 19:53:00,35757.0,35758.0,35751.0,35752.0,34
MTX,202603,2026-02-26 19:54:00,35755.0,35758.0,35740.0,35746.0,75
MTX,202603,2026-02-26 19:55:00,35748.0,35749.0,35745.0,35747.0,21
MTX,202603,2026-02-26 19:56:00,35746.0,35756.0,35746.0,35749.0,34
MTX,202603,2026-02-26 19:57:00,35751.0,35764.0,35751.0,35762.0,52
MTX,202603,2026-02-26 19:58:00,35762.0,35765.0,35758.0,35758.0,47
MTX,202603,2026-02-26 19:59:00,35755.0,35755.0,35742.0,35745.0,65
MTX,202603,2026-02-26 20:00:00,35746.0,35756.0,35742.0,35756.0,74
MTX,202603,2026-02-26 20:01:00,35751.0,35756.0,35743.0,35743.0,44
MTX,202603,2026-02-26 20:02:00,35742.0,35753.0,35736.0,35753.0,120
MTX,202603,2026-02-26 20:03:00,35753.0,35757.0,35748.0,35749.0,32
MTX,202603,2026-02-26 20:04:00,35755.0,35756.0,35749.0,35752.0,30
MTX,202603,2026-02-26 20:05:00,35752.0,35755.0,35742.0,35743.0,44
MTX,202603,2026-02-26 20:06:00,35742.0,35745.0,35740.0,35744.0,56
MTX,202603,2026-02-26 20:07:00,35746.0,35749.0,35746.0,35748.0,22
MTX,202603,2026-02-26 20:08:00,35748.0,35749.0,35746.0,35747.0,24
MTX,202603,2026-02-26 20:09:00,35749.0,35749.0,35740.0,35746.0,61
MTX,202603,2026-02-26 20:10:00,35747.0,35753.0,35745.0,35753.0,46
MTX,202603,2026-02-26 20:11:00,35753.0,35755.0,35751.0,35751.0,30
MTX,202603,2026-02-26 20:12:00,35751.0,35752.0,35746.0,35746.0,30
MTX,202603,2026-02-26 20:13:00,35746.0,35746.0,35742.0,35744.0,45
MTX,202603,2026-02-26 20:14:00,35744.0,35744.0,35741.0,35742.0,32
MTX,202603,2026-02-26 20:15:00,35741.0,35750.0,35741.0,35750.0,49
MTX,202603,2026-02-26 20:16:00,35751.0,35751.0,35747.0,35747.0,14
MTX,202603,2026-02-26 20:17:00,35746.0,35760.0,35746.0,35760.0,87
MTX,202603,2026-02-26 20:18:00,35761.0,35773.0,35761.0,35769.0,175
MTX,202603,2026-02-26 20:19:00,35768.0,35768.0,35746.0,35749.0,116
MTX,202603,2026-02-26 20:20:00,35752.0,35763.0,35752.0,35760.0,55
MTX,202603,2026-02-26 20:21:00,35760.0,35769.0,35758.0,35767.0,51
MTX,202603,2026-02-26 20:22:00,35766.0,35768.0,35762.0,35764.0,50
MTX,202603,2026-02-26 20:23:00,35763.0,35773.0,35763.0,35772.0,103
MTX,202603,2026-02-26 20:24:00,35771.0,35773.0,35763.0,35768.0,63
MTX,202603,2026-02-26 20:25:00,35769.0,35770.0,35763.0,35763.0,46
MTX,202603,2026-02-26 20:26:00,35764.0,35772.0,35760.0,35770.0,66
MTX,202603,2026-02-26 20:27:00,35770.0,35773.0,35766.0,35770.0,51
MTX,202603,2026-02-26 20:28:00,35770.0,35770.0,35765.0,35768.0,36
MTX,202603,2026-02-26 20:29:00,35768.0,35794.0,35767.0,35791.0,297
MTX,202603,2026-02-26 20:30:00,35791.0,35794.0,35783.0,35792.0,178
MTX,202603,2026-02-26 20:31:00,35791.0,35798.0,35786.0,35788.0,200
MTX,202603,2026-02-26 20:32:00,35787.0,35796.0,35787.0,35796.0,65
MTX,202603,2026-02-26 20:33:00,35797.0,35799.0,35790.0,35792.0,118
MTX,202603,2026-02-26 20:34:00,35790.0,35799.0,35788.0,35799.0,123
MTX,202603,2026-02-26 20:35:00,35797.0,35798.0,35783.0,35783.0,120
MTX,202603,2026-02-26 20:36:00,35783.0,35787.0,35775.0,35778.0,122
MTX,202603,2026-02-26 20:37:00,35777.0,35777.0,35752.0,35756.0,279
MTX,202603,2026-02-26 20:38:00,35757.0,35765.0,35756.0,35757.0,140
MTX,202603,2026-02-26 20:39:00,35759.0,35764.0,35759.0,35760.0,47
MTX,202603,2026-02-26 20:40:00,35763.0,35770.0,35762.0,35764.0,93
MTX,202603,2026-02-26 20:41:00,35768.0,35770.0,35760.0,35765.0,35
MTX,202603,2026-02-26 20:42:00,35766.0,35780.0,35766.0,35779.0,84
MTX,202603,2026-02-26 20:43:00,35778.0,35780.0,35770.0,35772.0,53
MTX,202603,2026-02-26 20:44:00,35773.0,35776.0,35772.0,35774.0,43
MTX,202603,2026-02-26 20:45:00,35773.0,35773.0,35744.0,35744.0,173
MTX,202603,2026-02-26 20:46:00,35746.0,35750.0,35733.0,35744.0,268
MTX,202603,2026-02-26 20:47:00,35745.0,35745.0,35734.0,35745.0,164
MTX,202603,2026-02-26 20:48:00,35745.0,35749.0,35742.0,35748.0,78
MTX,202603,2026-02-26 20:49:00,35748.0,35751.0,35745.0,35746.0,41
MTX,202603,2026-02-26 20:50:00,35745.0,35750.0,35734.0,35734.0,155
MTX,202603,2026-02-26 20:51:00,35734.0,35743.0,35727.0,35728.0,161
MTX,202603,2026-02-26 20:52:00,35728.0,35738.0,35724.0,35728.0,153
MTX,202603,2026-02-26 20:53:00,35728.0,35738.0,35723.0,35734.0,89
MTX,202603,2026-02-26 20:54:00,35733.0,35735.0,35731.0,35732.0,31
MTX,202603,2026-02-26 20:55:00,35731.0,35734.0,35725.0,35725.0,54
MTX,202603,2026-02-26 20:56:00,35725.0,35740.0,35724.0,35730.0,89
MTX,202603,2026-02-26 20:57:00,35731.0,35732.0,35715.0,35716.0,193
MTX,202603,2026-02-26 20:58:00,35717.0,35723.0,35715.0,35717.0,72
MTX,202603,2026-02-26 20:59:00,35717.0,35720.0,35712.0,35719.0,99
MTX,202603,2026-02-26 21:00:00,35717.0,35740.0,35714.0,35737.0,180
MTX,202603,2026-02-26 21:01:00,35736.0,35748.0,35732.0,35748.0,170
MTX,202603,2026-02-26 21:02:00,35745.0,35746.0,35736.0,35739.0,100
MTX,202603,2026-02-26 21:03:00,35738.0,35750.0,35738.0,35742.0,102
MTX,202603,2026-02-26 21:04:00,35740.0,35742.0,35726.0,35727.0,111
MTX,202603,2026-02-26 21:05:00,35728.0,35737.0,35726.0,35737.0,45
MTX,202603,2026-02-26 21:06:00,35738.0,35746.0,35736.0,35737.0,78
MTX,202603,2026-02-26 21:07:00,35736.0,35748.0,35735.0,35745.0,99
MTX,202603,2026-02-26 21:08:00,35744.0,35747.0,35736.0,35743.0,65
MTX,202603,2026-02-26 21:09:00,35743.0,35745.0,35734.0,35734.0,56
MTX,202603,2026-02-26 21:10:00,35738.0,35745.0,35736.0,35740.0,49
MTX,202603,2026-02-26 21:11:00,35740.0,35744.0,35732.0,35742.0,73
MTX,202603,2026-02-26 21:12:00,35742.0,35750.0,35741.0,35750.0,55
MTX,202603,2026-02-26 21:13:00,35750.0,35753.0,35744.0,35745.0,108
MTX,202603,2026-02-26 21:14:00,35747.0,35750.0,35745.0,35749.0,34
MTX,202603,2026-02-26 21:15:00,35746.0,35747.0,35742.0,35745.0,40
MTX,202603,2026-02-26 21:16:00,35747.0,35747.0,35743.0,35743.0,17
MTX,202603,2026-02-26 21:17:00,35744.0,35748.0,35741.0,35744.0,29
MTX,202603,2026-02-26 21:18:00,35744.0,35749.0,35732.0,35736.0,81
MTX,202603,2026-02-26 21:19:00,35735.0,35738.0,35729.0,35732.0,105
MTX,202603,2026-02-26 21:20:00,35732.0,35732.0,35727.0,35728.0,69
MTX,202603,2026-02-26 21:21:00,35727.0,35740.0,35727.0,35739.0,55
MTX,202603,2026-02-26 21:22:00,35738.0,35738.0,35734.0,35735.0,33
MTX,202603,2026-02-26 21:23:00,35736.0,35738.0,35730.0,35734.0,26
MTX,202603,2026-02-26 21:24:00,35730.0,35734.0,35728.0,35734.0,32
MTX,202603,2026-02-26 21:25:00,35734.0,35735.0,35727.0,35727.0,51
MTX,202603,2026-02-26 21:26:00,35728.0,35739.0,35727.0,35739.0,46
MTX,202603,2026-02-26 21:27:00,35736.0,35749.0,35736.0,35747.0,109
MTX,202603,2026-02-26 21:28:00,35747.0,35770.0,35745.0,35765.0,288
MTX,202603,2026-02-26 21:29:00,35762.0,35769.0,35761.0,35765.0,89
MTX,202603,2026-02-26 21:30:00,35768.0,35768.0,35752.0,35752.0,162
MTX,202603,2026-02-26 21:31:00,35754.0,35769.0,35753.0,35760.0,108
MTX,202603,2026-02-26 21:32:00,35757.0,35762.0,35753.0,35757.0,70
MTX,202603,2026-02-26 21:33:00,35758.0,35759.0,35754.0,35756.0,28
MTX,202603,2026-02-26 21:34:00,35758.0,35760.0,35742.0,35749.0,106
MTX,202603,2026-02-26 21:35:00,35748.0,35748.0,35733.0,35741.0,107
MTX,202603,2026-02-26 21:36:00,35742.0,35746.0,35741.0,35742.0,33
MTX,202603,2026-02-26 21:37:00,35740.0,35742.0,35736.0,35740.0,31
MTX,202603,2026-02-26 21:38:00,35738.0,35741.0,35736.0,35736.0,43
MTX,202603,2026-02-26 21:39:00,35735.0,35744.0,35731.0,35731.0,57
MTX,202603,2026-02-26 21:40:00,35731.0,35733.0,35725.0,35728.0,101
MTX,202603,2026-02-26 21:41:00,35728.0,35732.0,35726.0,35730.0,52
MTX,202603,2026-02-26 21:42:00,35730.0,35733.0,35722.0,35729.0,89
MTX,202603,2026-02-26 21:43:00,35729.0,35729.0,35724.0,35724.0,39
MTX,202603,2026-02-26 21:44:00,35723.0,35723.0,35704.0,35709.0,472
MTX,202603,2026-02-26 21:45:00,35708.0,35717.0,35706.0,35716.0,130
MTX,202603,2026-02-26 21:46:00,35716.0,35737.0,35716.0,35735.0,168
MTX,202603,2026-02-26 21:47:00,35736.0,35737.0,35730.0,35731.0,82
MTX,202603,2026-02-26 21:48:00,35735.0,35742.0,35729.0,35739.0,125
MTX,202603,2026-02-26 21:49:00,35740.0,35740.0,35727.0,35730.0,38
MTX,202603,2026-02-26 21:50:00,35729.0,35729.0,35716.0,35717.0,97
MTX,202603,2026-02-26 21:51:00,35717.0,35718.0,35708.0,35711.0,116
MTX,202603,2026-02-26 21:52:00,35711.0,35716.0,35681.0,35687.0,942
MTX,202603,2026-02-26 21:53:00,35688.0,35695.0,35681.0,35682.0,292
MTX,202603,2026-02-26 21:54:00,35684.0,35688.0,35666.0,35672.0,698
MTX,202603,2026-02-26 21:55:00,35672.0,35677.0,35656.0,35661.0,479
MTX,202603,2026-02-26 21:56:00,35660.0,35675.0,35652.0,35658.0,372
MTX,202603,2026-02-26 21:57:00,35661.0,35676.0,35658.0,35667.0,203
MTX,202603,2026-02-26 21:58:00,35668.0,35681.0,35666.0,35673.0,174
MTX,202603,2026-02-26 21:59:00,35675.0,35675.0,35656.0,35658.0,136
MTX,202603,2026-02-26 22:00:00,35658.0,35681.0,35635.0,35672.0,1011
MTX,202603,2026-02-26 22:01:00,35672.0,35685.0,35669.0,35683.0,213
MTX,202603,2026-02-26 22:02:00,35684.0,35699.0,35682.0,35697.0,278
MTX,202603,2026-02-26 22:03:00,35699.0,35699.0,35691.0,35693.0,167
MTX,202603,2026-02-26 22:04:00,35694.0,35696.0,35689.0,35694.0,89
MTX,202603,2026-02-26 22:05:00,35694.0,35694.0,35680.0,35684.0,121
MTX,202603,2026-02-26 22:06:00,35682.0,35686.0,35672.0,35672.0,113
MTX,202603,2026-02-26 22:07:00,35673.0,35684.0,35672.0,35675.0,79
MTX,202603,2026-02-26 22:08:00,35675.0,35675.0,35648.0,35654.0,411
MTX,202603,2026-02-26 22:09:00,35654.0,35660.0,35636.0,35636.0,244
MTX,202603,2026-02-26 22:10:00,35637.0,35646.0,35629.0,35638.0,396
MTX,202603,2026-02-26 22:11:00,35639.0,35666.0,35638.0,35659.0,208
MTX,202603,2026-02-26 22:12:00,35659.0,35668.0,35657.0,35663.0,105
MTX,202603,2026-02-26 22:13:00,35665.0,35665.0,35658.0,35660.0,70
MTX,202603,2026-02-26 22:14:00,35659.0,35667.0,35656.0,35666.0,99
MTX,202603,2026-02-26 22:15:00,35667.0,35676.0,35661.0,35672.0,166
MTX,202603,2026-02-26 22:16:00,35672.0,35674.0,35659.0,35661.0,100
MTX,202603,2026-02-26 22:17:00,35664.0,35675.0,35663.0,35670.0,69
MTX,202603,2026-02-26 22:18:00,35667.0,35670.0,35661.0,35668.0,59
MTX,202603,2026-02-26 22:19:00,35667.0,35683.0,35667.0,35681.0,123
MTX,202603,2026-02-26 22:20:00,35680.0,35682.0,35667.0,35669.0,113
MTX,202603,2026-02-26 22:21:00,35669.0,35669.0,35664.0,35665.0,56
MTX,202603,2026-02-26 22:22:00,35664.0,35670.0,35660.0,35669.0,50
MTX,202603,2026-02-26 22:23:00,35665.0,35665.0,35658.0,35660.0,91
MTX,202603,2026-02-26 22:24:00,35661.0,35667.0,35657.0,35664.0,43
MTX,202603,2026-02-26 22:25:00,35664.0,35670.0,35661.0,35664.0,76
MTX,202603,2026-02-26 22:26:00,35665.0,35665.0,35656.0,35657.0,53
MTX,202603,2026-02-26 22:27:00,35656.0,35656.0,35622.0,35632.0,440
MTX,202603,2026-02-26 22:28:00,35631.0,35643.0,35626.0,35640.0,184
MTX,202603,2026-02-26 22:29:00,35643.0,35646.0,35620.0,35620.0,195
MTX,202603,2026-02-26 22:30:00,35620.0,35625.0,35553.0,35559.0,2320
MTX,202603,2026-02-26 22:31:00,35557.0,35594.0,35522.0,35576.0,1529
MTX,202603,2026-02-26 22:32:00,35580.0,35585.0,35529.0,35534.0,708
MTX,202603,2026-02-26 22:33:00,35537.0,35558.0,35518.0,35528.0,867
MTX,202603,2026-02-26 22:34:00,35526.0,35533.0,35506.0,35516.0,957
MTX,202603,2026-02-26 22:35:00,35519.0,35562.0,35519.0,35545.0,854
MTX,202603,2026-02-26 22:36:00,35543.0,35545.0,35482.0,35497.0,1448
MTX,202603,2026-02-26 22:37:00,35499.0,35532.0,35495.0,35531.0,677
MTX,202603,2026-02-26 22:38:00,35532.0,35547.0,35502.0,35508.0,678
MTX,202603,2026-02-26 22:39:00,35510.0,35542.0,35506.0,35507.0,629
MTX,202603,2026-02-26 22:40:00,35510.0,35512.0,35460.0,35468.0,1420
MTX,202603,2026-02-26 22:41:00,35467.0,35490.0,35459.0,35468.0,731
MTX,202603,2026-02-26 22:42:00,35473.0,35497.0,35442.0,35447.0,1027
MTX,202603,2026-02-26 22:43:00,35447.0,35462.0,35422.0,35436.0,1041
MTX,202603,2026-02-26 22:44:00,35435.0,35447.0,35415.0,35430.0,868
MTX,202603,2026-02-26 22:45:00,35427.0,35440.0,35370.0,35379.0,1851
MTX,202603,2026-02-26 22:46:00,35378.0,35443.0,35369.0,35441.0,1316
MTX,202603,2026-02-26 22:47:00,35438.0,35440.0,35390.0,35406.0,702
MTX,202603,2026-02-26 22:48:00,35407.0,35407.0,35366.0,35368.0,892
MTX,202603,2026-02-26 22:49:00,35369.0,35391.0,35359.0,35388.0,854
MTX,202603,2026-02-26 22:50:00,35388.0,35405.0,35359.0,35360.0,816
MTX,202603,2026-02-26 22:51:00,35358.0,35360.0,35305.0,35308.0,2101
MTX,202603,2026-02-26 22:52:00,35308.0,35313.0,35262.0,35262.0,2044
MTX,202603,2026-02-26 22:53:00,35264.0,35322.0,35256.0,35306.0,1393
MTX,202603,2026-02-26 22:54:00,35304.0,35315.0,35268.0,35308.0,774
MTX,202603,2026-02-26 22:55:00,35311.0,35337.0,35292.0,35293.0,1167
MTX,202603,2026-02-26 22:56:00,35295.0,35308.0,35271.0,35280.0,731
MTX,202603,2026-02-26 22:57:00,35280.0,35280.0,35245.0,35254.0,1156
MTX,202603,2026-02-26 22:58:00,35253.0,35268.0,35234.0,35253.0,893
MTX,202603,2026-02-26 22:59:00,35254.0,35290.0,35246.0,35255.0,803
MTX,202603,2026-02-26 23:00:00,35256.0,35306.0,35242.0,35264.0,1411
MTX,202603,2026-02-26 23:01:00,35268.0,35281.0,35198.0,35228.0,1988
MTX,202603,2026-02-26 23:02:00,35229.0,35264.0,35220.0,35256.0,859
MTX,202603,2026-02-26 23:03:00,35255.0,35303.0,35249.0,35285.0,1247
MTX,202603,2026-02-26 23:04:00,35283.0,35324.0,35274.0,35306.0,1029
MTX,202603,2026-02-26 23:05:00,35306.0,35309.0,35264.0,35280.0,773
MTX,202603,2026-02-26 23:06:00,35278.0,35298.0,35266.0,35285.0,457
MTX,202603,2026-02-26 23:07:00,35284.0,35288.0,35264.0,35277.0,399
MTX,202603,2026-02-26 23:08:00,35274.0,35285.0,35264.0,35276.0,259
MTX,202603,2026-02-26 23:09:00,35279.0,35285.0,35227.0,35254.0,780
MTX,202603,2026-02-26 23:10:00,35254.0,35280.0,35251.0,35270.0,436
MTX,202603,2026-02-26 23:11:00,35271.0,35282.0,35248.0,35248.0,396
MTX,202603,2026-02-26 23:12:00,35246.0,35247.0,35152.0,35160.0,2022
MTX,202603,2026-02-26 23:13:00,35158.0,35170.0,35142.0,35156.0,1373
MTX,202603,2026-02-26 23:14:00,35153.0,35160.0,35101.0,35111.0,1362
MTX,202603,2026-02-26 23:15:00,35110.0,35113.0,35058.0,35087.0,2308
MTX,202603,2026-02-26 23:16:00,35087.0,35099.0,35033.0,35064.0,1733
MTX,202603,2026-02-26 23:17:00,35064.0,35098.0,35052.0,35073.0,1052
MTX,202603,2026-02-26 23:18:00,35075.0,35079.0,35046.0,35052.0,747
MTX,202603,2026-02-26 23:19:00,35056.0,35064.0,35017.0,35027.0,1074
MTX,202603,2026-02-26 23:20:00,35026.0,35046.0,34991.0,34994.0,2030
MTX,202603,2026-02-26 23:21:00,34995.0,35020.0,34945.0,34947.0,1848
MTX,202603,2026-02-26 23:22:00,34947.0,34963.0,34909.0,34938.0,2035
MTX,202603,2026-02-26 23:23:00,34936.0,34975.0,34918.0,34972.0,1663
MTX,202603,2026-02-26 23:24:00,34972.0,34975.0,34917.0,34941.0,1263
MTX,202603,2026-02-26 23:25:00,34938.0,34970.0,34924.0,34948.0,995
MTX,202603,2026-02-26 23:26:00,34947.0,35056.0,34947.0,35034.0,2281
MTX,202603,2026-02-26 23:27:00,35036.0,35037.0,34929.0,34932.0,1297
MTX,202603,2026-02-26 23:28:00,34931.0,34983.0,34926.0,34960.0,957
MTX,202603,2026-02-26 23:29:00,34959.0,34993.0,34946.0,34980.0,707
MTX,202603,2026-02-26 23:30:00,34977.0,35003.0,34956.0,34984.0,1135
MTX,202603,2026-02-26 23:31:00,34983.0,35018.0,34966.0,34999.0,704
MTX,202603,2026-02-26 23:32:00,34999.0,35009.0,34968.0,34977.0,640
MTX,202603,2026-02-26 23:33:00,34974.0,35001.0,34969.0,34994.0,353
MTX,202603,2026-02-26 23:34:00,34994.0,34994.0,34945.0,34959.0,783
MTX,202603,2026-02-26 23:35:00,34962.0,35013.0,34960.0,35006.0,859
MTX,202603,2026-02-26 23:36:00,35002.0,35014.0,34976.0,35009.0,559
MTX,202603,2026-02-26 23:37:00,35006.0,35049.0,34999.0,35049.0,919
MTX,202603,2026-02-26 23:38:00,35048.0,35105.0,35030.0,35100.0,1370
MTX,202603,2026-02-26 23:39:00,35100.0,35110.0,35083.0,35109.0,1133
MTX,202603,2026-02-26 23:40:00,35106.0,35150.0,35106.0,35118.0,1799
MTX,202603,2026-02-26 23:41:00,35117.0,35128.0,35088.0,35112.0,823
MTX,202603,2026-02-26 23:42:00,35114.0,35125.0,35069.0,35088.0,853
MTX,202603,2026-02-26 23:43:00,35091.0,35129.0,35089.0,35119.0,512
MTX,202603,2026-02-26 23:44:00,35118.0,35123.0,35102.0,35112.0,311
MTX,202603,2026-02-26 23:45:00,35113.0,35151.0,35108.0,35143.0,793
MTX,202603,2026-02-26 23:46:00,35144.0,35165.0,35098.0,35101.0,1245
MTX,202603,2026-02-26 23:47:00,35101.0,35135.0,35097.0,35132.0,485
MTX,202603,2026-02-26 23:48:00,35133.0,35161.0,35123.0,35153.0,572
MTX,202603,2026-02-26 23:49:00,35153.0,35159.0,35134.0,35143.0,548
MTX,202603,2026-02-26 23:50:00,35142.0,35148.0,35124.0,35131.0,466
MTX,202603,2026-02-26 23:51:00,35131.0,35135.0,35115.0,35120.0,390
MTX,202603,2026-02-26 23:52:00,35117.0,35163.0,35116.0,35148.0,696
MTX,202603,2026-02-26 23:53:00,35147.0,35151.0,35124.0,35132.0,290
MTX,202603,2026-02-26 23:54:00,35138.0,35149.0,35129.0,35144.0,238
MTX,202603,2026-02-26 23:55:00,35144.0,35147.0,35118.0,35128.0,358
MTX,202603,2026-02-26 23:56:00,35130.0,35131.0,35090.0,35092.0,689
MTX,202603,2026-02-26 23:57:00,35092.0,35130.0,35088.0,35127.0,524
MTX,202603,2026-02-26 23:58:00,35127.0,35134.0,35121.0,35122.0,217
MTX,202603,2026-02-26 23:59:00,35123.0,35123.0,35090.0,35104.0,368
MTX,202603,2026-02-27 00:00:00,35105.0,35126.0,35096.0,35126.0,476
MTX,202603,2026-02-27 00:01:00,35124.0,35128.0,35104.0,35106.0,226
MTX,202603,2026-02-27 00:02:00,35107.0,35114.0,35089.0,35112.0,383
MTX,202603,2026-02-27 00:03:00,35112.0,35131.0,35101.0,35106.0,385
MTX,202603,2026-02-27 00:04:00,35108.0,35121.0,35103.0,35119.0,199
MTX,202603,2026-02-27 00:05:00,35118.0,35129.0,35106.0,35108.0,200
MTX,202603,2026-02-27 00:06:00,35108.0,35110.0,35059.0,35078.0,706
MTX,202603,2026-02-27 00:07:00,35077.0,35103.0,35068.0,35086.0,473
MTX,202603,2026-02-27 00:08:00,35083.0,35106.0,35079.0,35104.0,253
MTX,202603,2026-02-27 00:09:00,35103.0,35111.0,35087.0,35091.0,214
MTX,202603,2026-02-27 00:10:00,35088.0,35099.0,35077.0,35084.0,211
MTX,202603,2026-02-27 00:11:00,35084.0,35102.0,35081.0,35093.0,200
MTX,202603,2026-02-27 00:12:00,35096.0,35118.0,35096.0,35097.0,343
MTX,202603,2026-02-27 00:13:00,35099.0,35100.0,35082.0,35087.0,200
MTX,202603,2026-02-27 00:14:00,35089.0,35100.0,35080.0,35097.0,182
MTX,202603,2026-02-27 00:15:00,35098.0,35119.0,35094.0,35119.0,282
MTX,202603,2026-02-27 00:16:00,35116.0,35137.0,35109.0,35134.0,438
MTX,202603,2026-02-27 00:17:00,35137.0,35140.0,35118.0,35130.0,345
MTX,202603,2026-02-27 00:18:00,35128.0,35143.0,35126.0,35141.0,281
MTX,202603,2026-02-27 00:19:00,35140.0,35142.0,35123.0,35125.0,231
MTX,202603,2026-02-27 00:20:00,35125.0,35140.0,35122.0,35140.0,188
MTX,202603,2026-02-27 00:21:00,35137.0,35153.0,35137.0,35144.0,369
MTX,202603,2026-02-27 00:22:00,35142.0,35198.0,35142.0,35194.0,1196
MTX,202603,2026-02-27 00:23:00,35194.0,35197.0,35173.0,35181.0,484
MTX,202603,2026-02-27 00:24:00,35182.0,35214.0,35176.0,35214.0,544
MTX,202603,2026-02-27 00:25:00,35215.0,35244.0,35192.0,35244.0,809
MTX,202603,2026-02-27 00:26:00,35244.0,35244.0,35211.0,35222.0,727
MTX,202603,2026-02-27 00:27:00,35220.0,35221.0,35190.0,35200.0,508
MTX,202603,2026-02-27 00:28:00,35205.0,35208.0,35198.0,35205.0,197
MTX,202603,2026-02-27 00:29:00,35203.0,35204.0,35166.0,35173.0,493
MTX,202603,2026-02-27 00:30:00,35172.0,35192.0,35167.0,35185.0,367
MTX,202603,2026-02-27 00:31:00,35182.0,35187.0,35154.0,35161.0,344
MTX,202603,2026-02-27 00:32:00,35163.0,35187.0,35163.0,35179.0,228
MTX,202603,2026-02-27 00:33:00,35180.0,35186.0,35167.0,35176.0,148
MTX,202603,2026-02-27 00:34:00,35176.0,35179.0,35165.0,35175.0,112
MTX,202603,2026-02-27 00:35:00,35175.0,35184.0,35168.0,35168.0,162
MTX,202603,2026-02-27 00:36:00,35169.0,35169.0,35118.0,35120.0,717
MTX,202603,2026-02-27 00:37:00,35121.0,35131.0,35103.0,35106.0,502
MTX,202603,2026-02-27 00:38:00,35106.0,35114.0,35083.0,35110.0,544
MTX,202603,2026-02-27 00:39:00,35111.0,35116.0,35102.0,35112.0,281
MTX,202603,2026-02-27 00:40:00,35113.0,35120.0,35099.0,35113.0,331
MTX,202603,2026-02-27 00:41:00,35113.0,35130.0,35112.0,35120.0,298
MTX,202603,2026-02-27 00:42:00,35120.0,35121.0,35108.0,35112.0,159
MTX,202603,2026-02-27 00:43:00,35111.0,35111.0,35080.0,35089.0,405
MTX,202603,2026-02-27 00:44:00,35087.0,35088.0,35027.0,35031.0,1011
MTX,202603,2026-02-27 00:45:00,35035.0,35048.0,35017.0,35023.0,607
MTX,202603,2026-02-27 00:46:00,35021.0,35032.0,34993.0,35014.0,1032
MTX,202603,2026-02-27 00:47:00,35015.0,35062.0,35010.0,35038.0,555
MTX,202603,2026-02-27 00:48:00,35038.0,35058.0,35022.0,35055.0,395
MTX,202603,2026-02-27 00:49:00,35055.0,35057.0,35041.0,35045.0,262
MTX,202603,2026-02-27 00:50:00,35045.0,35061.0,35023.0,35026.0,356
MTX,202603,2026-02-27 00:51:00,35028.0,35042.0,35017.0,35024.0,333
MTX,202603,2026-02-27 00:52:00,35024.0,35033.0,35008.0,35008.0,291
MTX,202603,2026-02-27 00:53:00,35008.0,35015.0,34982.0,34998.0,480
MTX,202603,2026-02-27 00:54:00,35001.0,35002.0,34975.0,34978.0,376
MTX,202603,2026-02-27 00:55:00,34979.0,34989.0,34971.0,34978.0,343
MTX,202603,2026-02-27 00:56:00,34979.0,35003.0,34973.0,34973.0,368
MTX,202603,2026-02-27 00:57:00,34976.0,34979.0,34955.0,34955.0,459
MTX,202603,2026-02-27 00:58:00,34956.0,34973.0,34947.0,34959.0,534
MTX,202603,2026-02-27 00:59:00,34958.0,34976.0,34957.0,34964.0,254
MTX,202603,2026-02-27 01:00:00,34967.0,35014.0,34967.0,35003.0,837
MTX,202603,2026-02-27 01:01:00,35002.0,35022.0,34995.0,35001.0,386
MTX,202603,2026-02-27 01:02:00,35004.0,35023.0,35000.0,35011.0,264
MTX,202603,2026-02-27 01:03:00,35010.0,35042.0,35009.0,35036.0,479
MTX,202603,2026-02-27 01:04:00,35036.0,35052.0,35028.0,35046.0,360
MTX,202603,2026-02-27 01:05:00,35043.0,35078.0,35043.0,35078.0,548
MTX,202603,2026-02-27 01:06:00,35076.0,35085.0,35062.0,35067.0,314
MTX,202603,2026-02-27 01:07:00,35066.0,35079.0,35058.0,35076.0,260
MTX,202603,2026-02-27 01:08:00,35071.0,35078.0,35060.0,35067.0,193
MTX,202603,2026-02-27 01:09:00,35065.0,35068.0,35022.0,35023.0,426
MTX,202603,2026-02-27 01:10:00,35023.0,35053.0,35022.0,35039.0,231
MTX,202603,2026-02-27 01:11:00,35039.0,35060.0,35036.0,35054.0,181
MTX,202603,2026-02-27 01:12:00,35055.0,35064.0,35043.0,35060.0,170
MTX,202603,2026-02-27 01:13:00,35058.0,35059.0,35041.0,35044.0,125
MTX,202603,2026-02-27 01:14:00,35045.0,35051.0,35001.0,35001.0,390
MTX,202603,2026-02-27 01:15:00,35002.0,35017.0,35000.0,35004.0,318
MTX,202603,2026-02-27 01:16:00,35000.0,35011.0,34999.0,35004.0,230
MTX,202603,2026-02-27 01:17:00,35005.0,35026.0,35004.0,35026.0,200
MTX,202603,2026-02-27 01:18:00,35027.0,35049.0,35020.0,35045.0,272
MTX,202603,2026-02-27 01:19:00,35045.0,35058.0,35037.0,35042.0,260
MTX,202603,2026-02-27 01:20:00,35043.0,35043.0,35031.0,35038.0,114
MTX,202603,2026-02-27 01:21:00,35038.0,35041.0,35023.0,35027.0,143
MTX,202603,2026-02-27 01:22:00,35025.0,35039.0,35011.0,35019.0,234
MTX,202603,2026-02-27 01:23:00,35016.0,35017.0,35005.0,35008.0,197
MTX,202603,2026-02-27 01:24:00,35009.0,35029.0,35008.0,35026.0,200
MTX,202603,2026-02-27 01:25:00,35025.0,35036.0,35022.0,35024.0,95
MTX,202603,2026-02-27 01:26:00,35022.0,35037.0,35022.0,35027.0,139
MTX,202603,2026-02-27 01:27:00,35027.0,35035.0,35026.0,35031.0,64
MTX,202603,2026-02-27 01:28:00,35031.0,35033.0,35017.0,35019.0,122
MTX,202603,2026-02-27 01:29:00,35019.0,35026.0,35018.0,35020.0,71
MTX,202603,2026-02-27 01:30:00,35019.0,35028.0,35007.0,35013.0,138
MTX,202603,2026-02-27 01:31:00,35016.0,35040.0,35013.0,35040.0,140
MTX,202603,2026-02-27 01:32:00,35041.0,35071.0,35037.0,35070.0,365
MTX,202603,2026-02-27 01:33:00,35070.0,35092.0,35070.0,35087.0,374
MTX,202603,2026-02-27 01:34:00,35084.0,35094.0,35076.0,35076.0,237
MTX,202603,2026-02-27 01:35:00,35079.0,35079.0,35048.0,35050.0,225
MTX,202603,2026-02-27 01:36:00,35051.0,35052.0,35018.0,35029.0,259
MTX,202603,2026-02-27 01:37:00,35028.0,35030.0,35001.0,35003.0,279
MTX,202603,2026-02-27 01:38:00,35003.0,35022.0,35003.0,35016.0,144
MTX,202603,2026-02-27 01:39:00,35017.0,35029.0,35014.0,35024.0,121
MTX,202603,2026-02-27 01:40:00,35024.0,35043.0,35023.0,35033.0,155
MTX,202603,2026-02-27 01:41:00,35033.0,35039.0,35010.0,35010.0,161
MTX,202603,2026-02-27 01:42:00,35012.0,35021.0,35012.0,35017.0,96
MTX,202603,2026-02-27 01:43:00,35017.0,35018.0,35004.0,35012.0,173
MTX,202603,2026-02-27 01:44:00,35010.0,35010.0,34996.0,35006.0,241
MTX,202603,2026-02-27 01:45:00,35005.0,35013.0,34992.0,35010.0,173
MTX,202603,2026-02-27 01:46:00,35008.0,35009.0,34995.0,35002.0,106
MTX,202603,2026-02-27 01:47:00,35004.0,35018.0,34998.0,35003.0,168
MTX,202603,2026-02-27 01:48:00,35002.0,35010.0,34997.0,35000.0,98
MTX,202603,2026-02-27 01:49:00,35000.0,35000.0,34971.0,34981.0,423
MTX,202603,2026-02-27 01:50:00,34983.0,34993.0,34966.0,34986.0,302
MTX,202603,2026-02-27 01:51:00,34987.0,35010.0,34984.0,35007.0,259
MTX,202603,2026-02-27 01:52:00,35008.0,35032.0,35004.0,35030.0,298
MTX,202603,2026-02-27 01:53:00,35030.0,35031.0,35020.0,35023.0,181
MTX,202603,2026-02-27 01:54:00,35024.0,35042.0,35023.0,35035.0,161
MTX,202603,2026-02-27 01:55:00,35034.0,35034.0,35005.0,35010.0,189
MTX,202603,2026-02-27 01:56:00,35010.0,35016.0,35005.0,35007.0,93
MTX,202603,2026-02-27 01:57:00,35007.0,35008.0,35000.0,35001.0,86
MTX,202603,2026-02-27 01:58:00,35000.0,35008.0,34996.0,35001.0,116
MTX,202603,2026-02-27 01:59:00,35003.0,35016.0,35003.0,35004.0,141
MTX,202603,2026-02-27 02:00:00,35005.0,35014.0,34991.0,34991.0,188
MTX,202603,2026-02-27 02:01:00,34992.0,34999.0,34982.0,34991.0,166
MTX,202603,2026-02-27 02:02:00,34992.0,35012.0,34987.0,34992.0,114
MTX,202603,2026-02-27 02:03:00,34994.0,34996.0,34980.0,34983.0,158
MTX,202603,2026-02-27 02:04:00,34982.0,35002.0,34982.0,34992.0,77
MTX,202603,2026-02-27 02:05:00,34993.0,35009.0,34993.0,34995.0,96
MTX,202603,2026-02-27 02:06:00,34993.0,35000.0,34984.0,34984.0,82
MTX,202603,2026-02-27 02:07:00,34983.0,34994.0,34981.0,34986.0,67
MTX,202603,2026-02-27 02:08:00,34987.0,34990.0,34960.0,34989.0,362
MTX,202603,2026-02-27 02:09:00,34989.0,34993.0,34971.0,34991.0,199
MTX,202603,2026-02-27 02:10:00,34991.0,35011.0,34990.0,35009.0,223
MTX,202603,2026-02-27 02:11:00,35008.0,35029.0,34994.0,35022.0,326
MTX,202603,2026-02-27 02:12:00,35021.0,35021.0,35004.0,35008.0,121
MTX,202603,2026-02-27 02:13:00,35007.0,35023.0,35007.0,35019.0,94
MTX,202603,2026-02-27 02:14:00,35017.0,35022.0,35014.0,35017.0,71
MTX,202603,2026-02-27 02:15:00,35018.0,35018.0,35001.0,35009.0,89
MTX,202603,2026-02-27 02:16:00,35008.0,35009.0,34997.0,35008.0,61
MTX,202603,2026-02-27 02:17:00,35010.0,35043.0,35010.0,35039.0,296
MTX,202603,2026-02-27 02:18:00,35039.0,35050.0,35038.0,35048.0,200
MTX,202603,2026-02-27 02:19:00,35045.0,35055.0,35040.0,35052.0,159
MTX,202603,2026-02-27 02:20:00,35047.0,35049.0,35035.0,35040.0,156
MTX,202603,2026-02-27 02:21:00,35041.0,35047.0,35015.0,35018.0,164
MTX,202603,2026-02-27 02:22:00,35017.0,35033.0,35016.0,35031.0,73
MTX,202603,2026-02-27 02:23:00,35031.0,35031.0,35012.0,35020.0,100
MTX,202603,2026-02-27 02:24:00,35019.0,35041.0,35019.0,35041.0,62
MTX,202603,2026-02-27 02:25:00,35038.0,35043.0,35033.0,35041.0,89
MTX,202603,2026-02-27 02:26:00,35038.0,35048.0,35037.0,35046.0,99
MTX,202603,2026-02-27 02:27:00,35046.0,35049.0,35037.0,35040.0,126
MTX,202603,2026-02-27 02:28:00,35038.0,35042.0,35034.0,35034.0,56
MTX,202603,2026-02-27 02:29:00,35036.0,35039.0,35028.0,35030.0,69
MTX,202603,2026-02-27 02:30:00,35030.0,35032.0,35022.0,35027.0,53
MTX,202603,2026-02-27 02:31:00,35026.0,35037.0,35016.0,35037.0,164
MTX,202603,2026-02-27 02:32:00,35036.0,35042.0,35033.0,35042.0,59
MTX,202603,2026-02-27 02:33:00,35041.0,35076.0,35039.0,35070.0,383
MTX,202603,2026-02-27 02:34:00,35072.0,35115.0,35065.0,35109.0,735
MTX,202603,2026-02-27 02:35:00,35112.0,35116.0,35092.0,35099.0,314
MTX,202603,2026-02-27 02:36:00,35099.0,35156.0,35098.0,35152.0,526
MTX,202603,2026-02-27 02:37:00,35155.0,35155.0,35126.0,35139.0,305
MTX,202603,2026-02-27 02:38:00,35137.0,35157.0,35123.0,35149.0,267
MTX,202603,2026-02-27 02:39:00,35150.0,35171.0,35150.0,35167.0,322
MTX,202603,2026-02-27 02:40:00,35163.0,35167.0,35141.0,35148.0,249
MTX,202603,2026-02-27 02:41:00,35146.0,35155.0,35145.0,35149.0,142
MTX,202603,2026-02-27 02:42:00,35149.0,35150.0,35125.0,35129.0,190
MTX,202603,2026-02-27 02:43:00,35130.0,35152.0,35130.0,35145.0,113
MTX,202603,2026-02-27 02:44:00,35146.0,35146.0,35113.0,35114.0,189
MTX,202603,2026-02-27 02:45:00,35115.0,35150.0,35115.0,35146.0,204
MTX,202603,2026-02-27 02:46:00,35145.0,35146.0,35125.0,35125.0,112
MTX,202603,2026-02-27 02:47:00,35125.0,35131.0,35115.0,35115.0,91
MTX,202603,2026-02-27 02:48:00,35119.0,35122.0,35080.0,35086.0,222
MTX,202603,2026-02-27 02:49:00,35088.0,35104.0,35073.0,35104.0,234
MTX,202603,2026-02-27 02:50:00,35102.0,35108.0,35088.0,35090.0,91
MTX,202603,2026-02-27 02:51:00,35089.0,35102.0,35084.0,35093.0,76
MTX,202603,2026-02-27 02:52:00,35095.0,35118.0,35095.0,35109.0,95
MTX,202603,2026-02-27 02:53:00,35109.0,35121.0,35107.0,35109.0,98
MTX,202603,2026-02-27 02:54:00,35111.0,35114.0,35103.0,35114.0,35
MTX,202603,2026-02-27 02:55:00,35109.0,35109.0,35096.0,35106.0,70
MTX,202603,2026-02-27 02:56:00,35106.0,35121.0,35101.0,35119.0,68
MTX,202603,2026-02-27 02:57:00,35117.0,35119.0,35109.0,35112.0,53
MTX,202603,2026-02-27 02:58:00,35115.0,35120.0,35112.0,35115.0,49
MTX,202603,2026-02-27 02:59:00,35118.0,35120.0,35112.0,35120.0,44
MTX,202603,2026-02-27 03:00:00,35120.0,35121.0,35104.0,35118.0,96
MTX,202603,2026-02-27 03:01:00,35119.0,35127.0,35117.0,35123.0,92
MTX,202603,2026-02-27 03:02:00,35123.0,35129.0,35119.0,35122.0,79
MTX,202603,2026-02-27 03:03:00,35126.0,35145.0,35125.0,35140.0,214
MTX,202603,2026-02-27 03:04:00,35142.0,35150.0,35137.0,35143.0,126
MTX,202603,2026-02-27 03:05:00,35144.0,35146.0,35136.0,35140.0,81
MTX,202603,2026-02-27 03:06:00,35144.0,35145.0,35139.0,35145.0,51
MTX,202603,2026-02-27 03:07:00,35144.0,35145.0,35136.0,35143.0,39
MTX,202603,2026-02-27 03:08:00,35143.0,35149.0,35141.0,35146.0,76
MTX,202603,2026-02-27 03:09:00,35144.0,35152.0,35139.0,35152.0,103
MTX,202603,2026-02-27 03:10:00,35150.0,35180.0,35146.0,35173.0,273
MTX,202603,2026-02-27 03:11:00,35172.0,35180.0,35158.0,35165.0,171
MTX,202603,2026-02-27 03:12:00,35165.0,35168.0,35157.0,35165.0,95
MTX,202603,2026-02-27 03:13:00,35168.0,35180.0,35162.0,35179.0,121
MTX,202603,2026-02-27 03:14:00,35178.0,35180.0,35169.0,35176.0,89
MTX,202603,2026-02-27 03:15:00,35176.0,35182.0,35171.0,35178.0,106
MTX,202603,2026-02-27 03:16:00,35179.0,35193.0,35174.0,35179.0,243
MTX,202603,2026-02-27 03:17:00,35176.0,35188.0,35176.0,35180.0,104
MTX,202603,2026-02-27 03:18:00,35181.0,35194.0,35171.0,35173.0,129
MTX,202603,2026-02-27 03:19:00,35173.0,35175.0,35160.0,35166.0,126
MTX,202603,2026-02-27 03:20:00,35167.0,35176.0,35167.0,35173.0,63
MTX,202603,2026-02-27 03:21:00,35173.0,35176.0,35168.0,35171.0,40
MTX,202603,2026-02-27 03:22:00,35171.0,35171.0,35164.0,35171.0,51
MTX,202603,2026-02-27 03:23:00,35171.0,35174.0,35170.0,35172.0,20
MTX,202603,2026-02-27 03:24:00,35171.0,35186.0,35171.0,35180.0,74
MTX,202603,2026-02-27 03:25:00,35180.0,35181.0,35167.0,35167.0,66
MTX,202603,2026-02-27 03:26:00,35165.0,35169.0,35146.0,35164.0,190
MTX,202603,2026-02-27 03:27:00,35161.0,35161.0,35146.0,35150.0,69
MTX,202603,2026-02-27 03:28:00,35148.0,35152.0,35141.0,35146.0,74
MTX,202603,2026-02-27 03:29:00,35147.0,35152.0,35136.0,35144.0,112
MTX,202603,2026-02-27 03:30:00,35144.0,35151.0,35137.0,35143.0,74
MTX,202603,2026-02-27 03:31:00,35144.0,35155.0,35144.0,35155.0,69
MTX,202603,2026-02-27 03:32:00,35156.0,35168.0,35156.0,35164.0,74
MTX,202603,2026-02-27 03:33:00,35166.0,35166.0,35160.0,35162.0,24
MTX,202603,2026-02-27 03:34:00,35163.0,35172.0,35163.0,35170.0,77
MTX,202603,2026-02-27 03:35:00,35170.0,35170.0,35161.0,35163.0,43
MTX,202603,2026-02-27 03:36:00,35163.0,35166.0,35151.0,35157.0,54
MTX,202603,2026-02-27 03:37:00,35158.0,35160.0,35154.0,35155.0,39
MTX,202603,2026-02-27 03:38:00,35156.0,35156.0,35141.0,35141.0,64
MTX,202603,2026-02-27 03:39:00,35141.0,35145.0,35139.0,35143.0,59
MTX,202603,2026-02-27 03:40:00,35143.0,35152.0,35138.0,35150.0,51
MTX,202603,2026-02-27 03:41:00,35150.0,35152.0,35146.0,35151.0,23
MTX,202603,2026-02-27 03:42:00,35151.0,35160.0,35151.0,35155.0,57
MTX,202603,2026-02-27 03:43:00,35151.0,35152.0,35143.0,35150.0,41
MTX,202603,2026-02-27 03:44:00,35152.0,35159.0,35150.0,35156.0,43
MTX,202603,2026-02-27 03:45:00,35156.0,35168.0,35156.0,35166.0,185
MTX,202603,2026-02-27 03:46:00,35164.0,35171.0,35164.0,35170.0,51
MTX,202603,2026-02-27 03:47:00,35170.0,35186.0,35170.0,35185.0,118
MTX,202603,2026-02-27 03:48:00,35186.0,35189.0,35171.0,35174.0,79
MTX,202603,2026-02-27 03:49:00,35172.0,35176.0,35164.0,35165.0,48
MTX,202603,2026-02-27 03:50:00,35168.0,35168.0,35148.0,35153.0,86
MTX,202603,2026-02-27 03:51:00,35152.0,35164.0,35152.0,35164.0,32
MTX,202603,2026-02-27 03:52:00,35166.0,35171.0,35164.0,35169.0,20
MTX,202603,2026-02-27 03:53:00,35168.0,35174.0,35166.0,35166.0,32
MTX,202603,2026-02-27 03:54:00,35167.0,35173.0,35164.0,35173.0,21
MTX,202603,2026-02-27 03:55:00,35170.0,35187.0,35170.0,35183.0,90
MTX,202603,2026-02-27 03:56:00,35184.0,35187.0,35175.0,35175.0,61
MTX,202603,2026-02-27 03:57:00,35177.0,35182.0,35174.0,35180.0,50
MTX,202603,2026-02-27 03:58:00,35174.0,35174.0,35159.0,35161.0,67
MTX,202603,2026-02-27 03:59:00,35156.0,35161.0,35153.0,35156.0,57
MTX,202603,2026-02-27 04:00:00,35154.0,35159.0,35146.0,35156.0,259
MTX,202603,2026-02-27 04:01:00,35157.0,35160.0,35151.0,35160.0,74
MTX,202603,2026-02-27 04:02:00,35162.0,35170.0,35162.0,35168.0,68
MTX,202603,2026-02-27 04:03:00,35168.0,35183.0,35165.0,35178.0,79
MTX,202603,2026-02-27 04:04:00,35175.0,35184.0,35172.0,35180.0,50
MTX,202603,2026-02-27 04:05:00,35182.0,35186.0,35176.0,35183.0,76
MTX,202603,2026-02-27 04:06:00,35183.0,35192.0,35180.0,35185.0,130
MTX,202603,2026-02-27 04:07:00,35189.0,35189.0,35170.0,35173.0,39
MTX,202603,2026-02-27 04:08:00,35174.0,35174.0,35161.0,35162.0,53
MTX,202603,2026-02-27 04:09:00,35161.0,35163.0,35146.0,35148.0,79
MTX,202603,2026-02-27 04:10:00,35148.0,35154.0,35139.0,35152.0,133
MTX,202603,2026-02-27 04:11:00,35152.0,35162.0,35144.0,35144.0,102
MTX,202603,2026-02-27 04:12:00,35146.0,35151.0,35144.0,35148.0,22
MTX,202603,2026-02-27 04:13:00,35148.0,35148.0,35132.0,35141.0,70
MTX,202603,2026-02-27 04:14:00,35138.0,35147.0,35129.0,35132.0,86
MTX,202603,2026-02-27 04:15:00,35131.0,35133.0,35116.0,35117.0,142
MTX,202603,2026-02-27 04:16:00,35117.0,35126.0,35112.0,35124.0,75
MTX,202603,2026-02-27 04:17:00,35125.0,35135.0,35125.0,35131.0,56
MTX,202603,2026-02-27 04:18:00,35129.0,35145.0,35128.0,35145.0,79
MTX,202603,2026-02-27 04:19:00,35146.0,35150.0,35142.0,35143.0,54
MTX,202603,2026-02-27 04:20:00,35146.0,35149.0,35136.0,35136.0,31
MTX,202603,2026-02-27 04:21:00,35138.0,35138.0,35128.0,35131.0,43
MTX,202603,2026-02-27 04:22:00,35132.0,35139.0,35131.0,35133.0,41
MTX,202603,2026-02-27 04:23:00,35130.0,35130.0,35115.0,35115.0,56
MTX,202603,2026-02-27 04:24:00,35115.0,35123.0,35115.0,35117.0,51
MTX,202603,2026-02-27 04:25:00,35118.0,35123.0,35108.0,35110.0,86
MTX,202603,2026-02-27 04:26:00,35113.0,35122.0,35111.0,35122.0,69
MTX,202603,2026-02-27 04:27:00,35121.0,35121.0,35114.0,35114.0,17
MTX,202603,2026-02-27 04:28:00,35121.0,35123.0,35107.0,35107.0,31
MTX,202603,2026-02-27 04:29:00,35107.0,35108.0,35095.0,35098.0,115
MTX,202603,2026-02-27 04:30:00,35106.0,35124.0,35106.0,35119.0,106
MTX,202603,2026-02-27 04:31:00,35117.0,35131.0,35116.0,35131.0,44
MTX,202603,2026-02-27 04:32:00,35127.0,35141.0,35126.0,35140.0,67
MTX,202603,2026-02-27 04:33:00,35140.0,35144.0,35139.0,35143.0,38
MTX,202603,2026-02-27 04:34:00,35140.0,35153.0,35138.0,35153.0,136
MTX,202603,2026-02-27 04:35:00,35151.0,35155.0,35149.0,35153.0,58
MTX,202603,2026-02-27 04:36:00,35152.0,35155.0,35146.0,35148.0,60
MTX,202603,2026-02-27 04:37:00,35146.0,35148.0,35132.0,35132.0,66
MTX,202603,2026-02-27 04:38:00,35132.0,35144.0,35132.0,35139.0,34
MTX,202603,2026-02-27 04:39:00,35144.0,35147.0,35140.0,35147.0,52
MTX,202603,2026-02-27 04:40:00,35146.0,35147.0,35139.0,35139.0,41
MTX,202603,2026-02-27 04:41:00,35138.0,35140.0,35133.0,35133.0,32
MTX,202603,2026-02-27 04:42:00,35133.0,35137.0,35127.0,35137.0,38
MTX,202603,2026-02-27 04:43:00,35135.0,35137.0,35127.0,35127.0,42
MTX,202603,2026-02-27 04:44:00,35126.0,35146.0,35126.0,35146.0,56
MTX,202603,2026-02-27 04:45:00,35146.0,35148.0,35140.0,35140.0,87
MTX,202603,2026-02-27 04:46:00,35139.0,35139.0,35122.0,35126.0,54
MTX,202603,2026-02-27 04:47:00,35125.0,35134.0,35123.0,35123.0,52
MTX,202603,2026-02-27 04:48:00,35121.0,35123.0,35113.0,35122.0,63
MTX,202603,2026-02-27 04:49:00,35123.0,35129.0,35121.0,35129.0,39
MTX,202603,2026-02-27 04:50:00,35130.0,35140.0,35122.0,35124.0,68
MTX,202603,2026-02-27 04:51:00,35125.0,35127.0,35119.0,35124.0,68
MTX,202603,2026-02-27 04:52:00,35124.0,35124.0,35111.0,35115.0,68
MTX,202603,2026-02-27 04:53:00,35117.0,35118.0,35110.0,35113.0,38
MTX,202603,2026-02-27 04:54:00,35115.0,35124.0,35114.0,35124.0,51
MTX,202603,2026-02-27 04:55:00,35121.0,35130.0,35111.0,35127.0,154
MTX,202603,2026-02-27 04:56:00,35120.0,35122.0,35111.0,35113.0,63
MTX,202603,2026-02-27 04:57:00,35114.0,35115.0,35108.0,35110.0,78
MTX,202603,2026-02-27 04:58:00,35110.0,35112.0,35101.0,35103.0,125
MTX,202603,2026-02-27 04:59:00,35106.0,35108.0,35080.0,35080.0,265
MTX,202603/202604,2026-02-26 15:43:00,98.0,98.0,98.0,98.0,6
MTX,202603/202604,2026-02-26 15:44:00,98.0,98.0,98.0,98.0,6
MTX,202603/202604,2026-02-26 15:45:00,99.0,99.0,98.0,98.0,22
MTX,202603/202604,2026-02-26 16:15:00,94.0,94.0,94.0,94.0,10
MTX,202603/202604,2026-02-26 16:16:00,94.0,94.0,93.0,93.0,20
MTX,202603/202604,2026-02-26 16:17:00,93.0,93.0,93.0,93.0,2
MTX,202603/202604,2026-02-26 16:18:00,98.0,98.0,98.0,98.0,22
MTX,202603/202604,2026-02-26 16:19:00,98.0,98.0,98.0,98.0,20
MTX,202603/202604,2026-02-26 16:21:00,93.0,93.0,93.0,93.0,10
MTX,202603/202604,2026-02-26 16:37:00,94.0,94.0,94.0,94.0,4
MTX,202603/202604,2026-02-26 17:31:00,93.0,93.0,93.0,93.0,12
MTX,202603/202604,2026-02-26 17:33:00,93.0,93.0,93.0,93.0,14
MTX,202603/202604,2026-02-26 17:34:00,93.0,93.0,93.0,93.0,6
MTX,202603/202604,2026-02-26 17:46:00,98.0,98.0,98.0,98.0,10
MTX,202603/202604,2026-02-26 17:47:00,98.0,98.0,98.0,98.0,6
MTX,202603/202604,2026-02-26 23:18:00,104.0,104.0,104.0,104.0,2
MTX,202603/202605,2026-02-27 01:07:00,231.0,231.0,231.0,231.0,4
MTX,202603W1,2026-02-26 16:25:00,35708.0,35708.0,35708.0,35708.0,1
MTX,202603W1,2026-02-26 16:30:00,35708.0,35708.0,35708.0,35708.0,1
MTX,202603W1,2026-02-26 17:28:00,35740.0,35740.0,35740.0,35740.0,1
MTX,202603W1,2026-02-26 17:51:00,35745.0,35745.0,35745.0,35745.0,1
MTX,202603W1,2026-02-26 17:58:00,35727.0,35727.0,35727.0,35727.0,1
MTX,202603W1,2026-02-26 20:11:00,35645.0,35645.0,35645.0,35645.0,1
MTX,202603W1,2026-02-26 20:29:00,35660.0,35660.0,35660.0,35660.0,1
MTX,202603W1,2026-02-26 20:45:00,35638.0,35638.0,35638.0,35638.0,1
MTX,202603W1,2026-02-26 22:30:00,35483.0,35483.0,35483.0,35483.0,1
MTX,202603W1,2026-02-26 22:46:00,35309.0,35309.0,35309.0,35309.0,2
MTX,202603W1,2026-02-26 22:48:00,35286.0,35286.0,35286.0,35286.0,1
MTX,202603W1,2026-02-26 22:50:00,35286.0,35286.0,35286.0,35286.0,1
MTX,202603W1,2026-02-26 22:58:00,35151.0,35151.0,35151.0,35151.0,1
MTX,202603W1,2026-02-26 23:01:00,35101.0,35101.0,35101.0,35101.0,1
MTX,202603W1,2026-02-26 23:02:00,35151.0,35154.0,35151.0,35154.0,2
MTX,202603W1,2026-02-26 23:14:00,35041.0,35041.0,35041.0,35041.0,2
MTX,202603W1,2026-02-26 23:15:00,34996.0,35000.0,34996.0,35000.0,5
MTX,202603W1,2026-02-26 23:22:00,34835.0,34835.0,34834.0,34834.0,4
MTX,202603W1,2026-02-26 23:23:00,34820.0,34820.0,34820.0,34820.0,1
MTX,202603W1,2026-02-26 23:24:00,34847.0,34847.0,34847.0,34847.0,1
MTX,202603W1,2026-02-26 23:25:00,34853.0,34853.0,34853.0,34853.0,1
MTX,202603W1,2026-02-26 23:33:00,34890.0,34890.0,34890.0,34890.0,1
MTX,202603W1,2026-02-26 23:34:00,34868.0,34870.0,34868.0,34870.0,4
MTX,202603W1,2026-02-26 23:58:00,35035.0,35035.0,35035.0,35035.0,1
MTX,202603W1,2026-02-27 00:13:00,35000.0,35000.0,35000.0,35000.0,2
MTX,202603W1,2026-02-27 00:24:00,35086.0,35086.0,35086.0,35086.0,1
MTX,202603W1,2026-02-27 00:31:00,35089.0,35089.0,35089.0,35089.0,1
MTX,202603W1,2026-02-27 00:34:00,35065.0,35065.0,35065.0,35065.0,1
MTX,202603W1,2026-02-27 00:46:00,34928.0,34928.0,34928.0,34928.0,1
MTX,202603W1,2026-02-27 01:00:00,34883.0,34883.0,34883.0,34883.0,1
MTX,202603W1,2026-02-27 01:45:00,34904.0,34904.0,34904.0,34904.0,2
MTX,202603W1,2026-02-27 03:10:00,35071.0,35071.0,35071.0,35071.0,1
MTX,202603W1,2026-02-27 03:12:00,35055.0,35055.0,35055.0,35055.0,1
MTX,202603W1,2026-02-27 03:31:00,35050.0,35050.0,35050.0,35050.0,1
MTX,202603W1,2026-02-27 03:34:00,35065.0,35065.0,35065.0,35065.0,1
MTX,202603W1,2026-02-27 03:40:00,35037.0,35037.0,35037.0,35037.0,1
MTX,202603W1,2026-02-27 03:41:00,35055.0,35055.0,35055.0,35055.0,1
MTX,202603W1,2026-02-27 03:44:00,35053.0,35053.0,35053.0,35053.0,1
MTX,202603W1,2026-02-27 04:13:00,35040.0,35040.0,35040.0,35040.0,1
MTX,202603W1,2026-02-27 04:25:00,35021.0,35021.0,35021.0,35021.0,1
MTX,202603W1,2026-02-27 04:48:00,35024.0,35024.0,35024.0,35024.0,1
MTX,202603W1/202603,2026-02-26 23:23:00,104.0,104.0,91.0,91.0,8
MTX,202603W1/202603,2026-02-26 23:24:00,90.0,90.0,90.0,90.0,6
MTX,202603W1/202603,2026-02-27 00:54:00,95.0,95.0,94.0,94.0,4
MTX,202603W1/202603,2026-02-27 01:36:00,95.0,95.0,95.0,95.0,2
MTX,202603W1/202603,2026-02-27 01:45:00,94.0,94.0,93.0,93.0,8
MTX,202603W1/202603,2026-02-27 04:45:00,103.0,103.0,103.0,103.0,2
MTX,202603W2,2026-02-26 22:47:00,35339.0,35339.0,35339.0,35339.0,2
MTX,202603W2,2026-02-27 01:49:00,34912.0,34912.0,34912.0,34912.0,1
MTX,202603W2,2026-02-27 02:29:00,34912.0,34912.0,34912.0,34912.0,1
MTX,202604,2026-02-26 15:00:00,35716.0,35789.0,35716.0,35789.0,20
MTX,202604,2026-02-26 15:01:00,35778.0,35778.0,35775.0,35777.0,4
MTX,202604,2026-02-26 15:02:00,35766.0,35766.0,35759.0,35759.0,2
MTX,202604,2026-02-26 15:03:00,35765.0,35765.0,35765.0,35765.0,3
MTX,202604,2026-02-26 15:04:00,35751.0,35759.0,35751.0,35759.0,2
MTX,202604,2026-02-26 15:05:00,35758.0,35775.0,35758.0,35775.0,12
MTX,202604,2026-02-26 15:06:00,35776.0,35777.0,35776.0,35777.0,12
MTX,202604,2026-02-26 15:07:00,35768.0,35768.0,35768.0,35768.0,2
MTX,202604,2026-02-26 15:08:00,35758.0,35758.0,35758.0,35758.0,1
MTX,202604,2026-02-26 15:09:00,35768.0,35768.0,35745.0,35745.0,4
MTX,202604,2026-02-26 15:10:00,35750.0,35750.0,35743.0,35743.0,2
MTX,202604,2026-02-26 15:11:00,35752.0,35758.0,35752.0,35758.0,7
MTX,202604,2026-02-26 15:12:00,35762.0,35762.0,35758.0,35758.0,3
MTX,202604,2026-02-26 15:14:00,35766.0,35780.0,35766.0,35780.0,9
MTX,202604,2026-02-26 15:15:00,35789.0,35790.0,35787.0,35789.0,6
MTX,202604,2026-02-26 15:17:00,35790.0,35796.0,35790.0,35796.0,3
MTX,202604,2026-02-26 15:18:00,35795.0,35799.0,35794.0,35794.0,11
MTX,202604,2026-02-26 15:19:00,35789.0,35789.0,35789.0,35789.0,1
MTX,202604,2026-02-26 15:22:00,35789.0,35789.0,35789.0,35789.0,6
MTX,202604,2026-02-26 15:23:00,35789.0,35789.0,35781.0,35781.0,3
MTX,202604,2026-02-26 15:24:00,35776.0,35782.0,35776.0,35782.0,4
MTX,202604,2026-02-26 15:26:00,35770.0,35777.0,35770.0,35777.0,2
MTX,202604,2026-02-26 15:27:00,35778.0,35784.0,35778.0,35783.0,7
MTX,202604,2026-02-26 15:28:00,35791.0,35800.0,35791.0,35800.0,13
MTX,202604,2026-02-26 15:29:00,35800.0,35800.0,35793.0,35800.0,4
MTX,202604,2026-02-26 15:30:00,35796.0,35800.0,35796.0,35800.0,3
MTX,202604,2026-02-26 15:31:00,35800.0,35804.0,35800.0,35804.0,4
MTX,202604,2026-02-26 15:32:00,35808.0,35827.0,35808.0,35820.0,38
MTX,202604,2026-02-26 15:33:00,35826.0,35837.0,35820.0,35837.0,19
MTX,202604,2026-02-26 15:34:00,35827.0,35835.0,35827.0,35830.0,7
MTX,202604,2026-02-26 15:35:00,35828.0,35834.0,35828.0,35828.0,5
MTX,202604,2026-02-26 15:36:00,35835.0,35838.0,35832.0,35832.0,5
MTX,202604,2026-02-26 15:37:00,35840.0,35840.0,35840.0,35840.0,3
MTX,202604,2026-02-26 15:38:00,35831.0,35831.0,35825.0,35825.0,9
MTX,202604,2026-02-26 15:39:00,35825.0,35830.0,35824.0,35830.0,7
MTX,202604,2026-02-26 15:40:00,35829.0,35833.0,35829.0,35833.0,3
MTX,202604,2026-02-26 15:41:00,35843.0,35848.0,35843.0,35846.0,9
MTX,202604,2026-02-26 15:42:00,35846.0,35879.0,35846.0,35878.0,58
MTX,202604,2026-02-26 15:43:00,35880.0,35887.0,35880.0,35886.0,18
MTX,202604,2026-02-26 15:44:00,35887.0,35888.0,35880.0,35880.0,17
MTX,202604,2026-02-26 15:45:00,35874.0,35875.0,35873.0,35873.0,8
MTX,202604,2026-02-26 15:46:00,35877.0,35887.0,35877.0,35879.0,10
MTX,202604,2026-02-26 15:47:00,35870.0,35870.0,35870.0,35870.0,7
MTX,202604,2026-02-26 15:48:00,35870.0,35870.0,35864.0,35864.0,4
MTX,202604,2026-02-26 15:49:00,35863.0,35869.0,35863.0,35869.0,6
MTX,202604,2026-02-26 15:50:00,35864.0,35864.0,35852.0,35856.0,9
MTX,202604,2026-02-26 15:51:00,35856.0,35860.0,35856.0,35858.0,3
MTX,202604,2026-02-26 15:52:00,35855.0,35855.0,35852.0,35852.0,4
MTX,202604,2026-02-26 15:53:00,35855.0,35865.0,35855.0,35865.0,11
MTX,202604,2026-02-26 15:54:00,35865.0,35869.0,35864.0,35869.0,5
MTX,202604,2026-02-26 15:55:00,35870.0,35873.0,35860.0,35860.0,3
MTX,202604,2026-02-26 15:56:00,35860.0,35869.0,35860.0,35869.0,11
MTX,202604,2026-02-26 15:57:00,35874.0,35878.0,35874.0,35875.0,8
MTX,202604,2026-02-26 15:58:00,35874.0,35875.0,35866.0,35866.0,8
MTX,202604,2026-02-26 16:00:00,35865.0,35866.0,35846.0,35846.0,12
MTX,202604,2026-02-26 16:01:00,35870.0,35870.0,35870.0,35870.0,1
MTX,202604,2026-02-26 16:02:00,35869.0,35869.0,35866.0,35866.0,3
MTX,202604,2026-02-26 16:03:00,35872.0,35872.0,35872.0,35872.0,1
MTX,202604,2026-02-26 16:04:00,35875.0,35875.0,35873.0,35873.0,2
MTX,202604,2026-02-26 16:05:00,35878.0,35880.0,35875.0,35877.0,12
MTX,202604,2026-02-26 16:06:00,35885.0,35900.0,35885.0,35890.0,35
MTX,202604,2026-02-26 16:07:00,35893.0,35897.0,35886.0,35890.0,7
MTX,202604,2026-02-26 16:08:00,35886.0,35886.0,35886.0,35886.0,2
MTX,202604,2026-02-26 16:09:00,35882.0,35887.0,35880.0,35887.0,6
MTX,202604,2026-02-26 16:10:00,35887.0,35887.0,35880.0,35884.0,7
MTX,202604,2026-02-26 16:11:00,35880.0,35892.0,35876.0,35892.0,69
MTX,202604,2026-02-26 16:12:00,35890.0,35890.0,35887.0,35888.0,6
MTX,202604,2026-02-26 16:13:00,35880.0,35880.0,35880.0,35880.0,6
MTX,202604,2026-02-26 16:14:00,35897.0,35900.0,35897.0,35898.0,11
MTX,202604,2026-02-26 16:15:00,35898.0,35900.0,35894.0,35894.0,5
MTX,202604,2026-02-26 16:16:00,35900.0,35914.0,35900.0,35912.0,22
MTX,202604,2026-02-26 16:17:00,35910.0,35917.0,35908.0,35914.0,13
MTX,202604,2026-02-26 16:18:00,35916.0,35928.0,35916.0,35928.0,8
MTX,202604,2026-02-26 16:19:00,35935.0,35942.0,35935.0,35940.0,13
MTX,202604,2026-02-26 16:20:00,35940.0,35943.0,35935.0,35940.0,26
MTX,202604,2026-02-26 16:21:00,35942.0,35950.0,35942.0,35950.0,17
MTX,202604,2026-02-26 16:22:00,35945.0,35948.0,35931.0,35931.0,30
MTX,202604,2026-02-26 16:23:00,35931.0,35931.0,35926.0,35926.0,18
MTX,202604,2026-02-26 16:24:00,35925.0,35926.0,35923.0,35926.0,9
MTX,202604,2026-02-26 16:25:00,35925.0,35925.0,35924.0,35924.0,6
MTX,202604,2026-02-26 16:26:00,35926.0,35926.0,35924.0,35924.0,10
MTX,202604,2026-02-26 16:27:00,35920.0,35920.0,35911.0,35916.0,8
MTX,202604,2026-02-26 16:28:00,35913.0,35913.0,35911.0,35911.0,12
MTX,202604,2026-02-26 16:29:00,35908.0,35908.0,35906.0,35906.0,4
MTX,202604,2026-02-26 16:30:00,35905.0,35907.0,35903.0,35907.0,5
MTX,202604,2026-02-26 16:31:00,35907.0,35907.0,35890.0,35890.0,25
MTX,202604,2026-02-26 16:32:00,35888.0,35892.0,35888.0,35892.0,5
MTX,202604,2026-02-26 16:33:00,35890.0,35890.0,35879.0,35879.0,6
MTX,202604,2026-02-26 16:34:00,35878.0,35882.0,35871.0,35882.0,11
MTX,202604,2026-02-26 16:35:00,35888.0,35890.0,35888.0,35890.0,6
MTX,202604,2026-02-26 16:36:00,35889.0,35889.0,35876.0,35879.0,3
MTX,202604,2026-02-26 16:37:00,35870.0,35870.0,35868.0,35868.0,2
MTX,202604,2026-02-26 16:38:00,35868.0,35868.0,35868.0,35868.0,4
MTX,202604,2026-02-26 16:39:00,35870.0,35875.0,35870.0,35874.0,7
MTX,202604,2026-02-26 16:40:00,35872.0,35876.0,35859.0,35859.0,11
MTX,202604,2026-02-26 16:41:00,35862.0,35867.0,35861.0,35866.0,5
MTX,202604,2026-02-26 16:42:00,35864.0,35865.0,35862.0,35862.0,6
MTX,202604,2026-02-26 16:43:00,35872.0,35872.0,35868.0,35868.0,4
MTX,202604,2026-02-26 16:44:00,35871.0,35874.0,35867.0,35874.0,18
MTX,202604,2026-02-26 16:45:00,35881.0,35881.0,35879.0,35879.0,3
MTX,202604,2026-02-26 16:46:00,35878.0,35878.0,35871.0,35871.0,6
MTX,202604,2026-02-26 16:47:00,35870.0,35872.0,35870.0,35872.0,4
MTX,202604,2026-02-26 16:48:00,35872.0,35872.0,35872.0,35872.0,1
MTX,202604,2026-02-26 16:50:00,35873.0,35873.0,35870.0,35870.0,5
MTX,202604,2026-02-26 16:51:00,35870.0,35870.0,35866.0,35866.0,3
MTX,202604,2026-02-26 16:53:00,35855.0,35862.0,35855.0,35861.0,4
MTX,202604,2026-02-26 16:55:00,35853.0,35863.0,35853.0,35863.0,5
MTX,202604,2026-02-26 16:56:00,35866.0,35866.0,35866.0,35866.0,1
MTX,202604,2026-02-26 16:57:00,35871.0,35871.0,35871.0,35871.0,1
MTX,202604,2026-02-26 16:58:00,35871.0,35871.0,35867.0,35867.0,3
MTX,202604,2026-02-26 17:00:00,35858.0,35858.0,35858.0,35858.0,1
MTX,202604,2026-02-26 17:01:00,35879.0,35879.0,35876.0,35876.0,2
MTX,202604,2026-02-26 17:02:00,35872.0,35872.0,35870.0,35870.0,4
MTX,202604,2026-02-26 17:04:00,35879.0,35881.0,35879.0,35881.0,6
MTX,202604,2026-02-26 17:05:00,35881.0,35892.0,35881.0,35886.0,9
MTX,202604,2026-02-26 17:06:00,35893.0,35895.0,35893.0,35895.0,3
MTX,202604,2026-02-26 17:07:00,35891.0,35891.0,35891.0,35891.0,2
MTX,202604,2026-02-26 17:08:00,35894.0,35900.0,35894.0,35900.0,6
MTX,202604,2026-02-26 17:09:00,35900.0,35900.0,35900.0,35900.0,4
MTX,202604,2026-02-26 17:10:00,35900.0,35900.0,35900.0,35900.0,3
MTX,202604,2026-02-26 17:11:00,35903.0,35910.0,35903.0,35910.0,8
MTX,202604,2026-02-26 17:12:00,35918.0,35928.0,35914.0,35925.0,15
MTX,202604,2026-02-26 17:13:00,35929.0,35936.0,35929.0,35936.0,4
MTX,202604,2026-02-26 17:14:00,35934.0,35938.0,35934.0,35938.0,10
MTX,202604,2026-02-26 17:15:00,35939.0,35960.0,35936.0,35936.0,38
MTX,202604,2026-02-26 17:16:00,35930.0,35936.0,35930.0,35930.0,7
MTX,202604,2026-02-26 17:17:00,35930.0,35930.0,35914.0,35914.0,9
MTX,202604,2026-02-26 17:18:00,35908.0,35908.0,35900.0,35900.0,2
MTX,202604,2026-02-26 17:19:00,35911.0,35914.0,35911.0,35914.0,3
MTX,202604,2026-02-26 17:20:00,35910.0,35910.0,35910.0,35910.0,1
MTX,202604,2026-02-26 17:21:00,35921.0,35927.0,35921.0,35927.0,3
MTX,202604,2026-02-26 17:22:00,35927.0,35927.0,35922.0,35922.0,9
MTX,202604,2026-02-26 17:23:00,35926.0,35926.0,35926.0,35926.0,1
MTX,202604,2026-02-26 17:26:00,35935.0,35940.0,35935.0,35940.0,13
MTX,202604,2026-02-26 17:27:00,35945.0,35955.0,35945.0,35955.0,6
MTX,202604,2026-02-26 17:29:00,35955.0,35957.0,35955.0,35957.0,6
MTX,202604,2026-02-26 17:30:00,35952.0,35952.0,35950.0,35950.0,2
MTX,202604,2026-02-26 17:31:00,35960.0,35968.0,35960.0,35963.0,23
MTX,202604,2026-02-26 17:32:00,35960.0,35960.0,35958.0,35958.0,2
MTX,202604,2026-02-26 17:33:00,35962.0,35962.0,35962.0,35962.0,2
MTX,202604,2026-02-26 17:34:00,35961.0,35961.0,35958.0,35958.0,2
MTX,202604,2026-02-26 17:35:00,35954.0,35955.0,35949.0,35955.0,3
MTX,202604,2026-02-26 17:36:00,35960.0,35960.0,35954.0,35954.0,2
MTX,202604,2026-02-26 17:37:00,35955.0,35955.0,35955.0,35955.0,1
MTX,202604,2026-02-26 17:38:00,35959.0,35959.0,35959.0,35959.0,1
MTX,202604,2026-02-26 17:39:00,35963.0,35963.0,35962.0,35962.0,52
MTX,202604,2026-02-26 17:40:00,35962.0,35962.0,35959.0,35959.0,3
MTX,202604,2026-02-26 17:41:00,35960.0,35960.0,35959.0,35959.0,3
MTX,202604,2026-02-26 17:42:00,35957.0,35959.0,35956.0,35957.0,5
MTX,202604,2026-02-26 17:43:00,35957.0,35957.0,35954.0,35954.0,15
MTX,202604,2026-02-26 17:44:00,35962.0,35963.0,35962.0,35963.0,2
MTX,202604,2026-02-26 17:45:00,35962.0,35963.0,35962.0,35963.0,5
MTX,202604,2026-02-26 17:46:00,35965.0,35972.0,35962.0,35972.0,13
MTX,202604,2026-02-26 17:47:00,35970.0,35972.0,35970.0,35972.0,5
MTX,202604,2026-02-26 17:48:00,35968.0,35972.0,35968.0,35972.0,9
MTX,202604,2026-02-26 17:49:00,35968.0,35968.0,35962.0,35966.0,7
MTX,202604,2026-02-26 17:50:00,35965.0,35965.0,35962.0,35962.0,8
MTX,202604,2026-02-26 17:51:00,35962.0,35966.0,35962.0,35966.0,6
MTX,202604,2026-02-26 17:52:00,35966.0,35966.0,35964.0,35964.0,4
MTX,202604,2026-02-26 17:53:00,35960.0,35960.0,35951.0,35951.0,4
MTX,202604,2026-02-26 17:54:00,35950.0,35950.0,35945.0,35945.0,5
MTX,202604,2026-02-26 17:55:00,35945.0,35945.0,35935.0,35935.0,5
MTX,202604,2026-02-26 17:56:00,35935.0,35935.0,35931.0,35932.0,4
MTX,202604,2026-02-26 17:57:00,35932.0,35936.0,35928.0,35928.0,8
MTX,202604,2026-02-26 17:58:00,35928.0,35928.0,35928.0,35928.0,3
MTX,202604,2026-02-26 17:59:00,35928.0,35928.0,35928.0,35928.0,1
MTX,202604,2026-02-26 18:00:00,35928.0,35929.0,35919.0,35919.0,16
MTX,202604,2026-02-26 18:02:00,35918.0,35918.0,35918.0,35918.0,1
MTX,202604,2026-02-26 18:05:00,35920.0,35920.0,35904.0,35904.0,10
MTX,202604,2026-02-26 18:06:00,35918.0,35918.0,35918.0,35918.0,1
MTX,202604,2026-02-26 18:10:00,35914.0,35914.0,35914.0,35914.0,1
MTX,202604,2026-02-26 18:11:00,35915.0,35915.0,35915.0,35915.0,1
MTX,202604,2026-02-26 18:12:00,35914.0,35914.0,35913.0,35913.0,3
MTX,202604,2026-02-26 18:13:00,35913.0,35913.0,35913.0,35913.0,2
MTX,202604,2026-02-26 18:14:00,35913.0,35913.0,35907.0,35907.0,2
MTX,202604,2026-02-26 18:16:00,35910.0,35910.0,35906.0,35906.0,2
MTX,202604,2026-02-26 18:18:00,35905.0,35905.0,35888.0,35888.0,16
MTX,202604,2026-02-26 18:19:00,35888.0,35888.0,35880.0,35880.0,6
MTX,202604,2026-02-26 18:20:00,35870.0,35879.0,35868.0,35879.0,12
MTX,202604,2026-02-26 18:21:00,35882.0,35882.0,35880.0,35880.0,2
MTX,202604,2026-02-26 18:22:00,35880.0,35880.0,35876.0,35876.0,4
MTX,202604,2026-02-26 18:23:00,35873.0,35873.0,35867.0,35867.0,6
MTX,202604,2026-02-26 18:25:00,35880.0,35881.0,35878.0,35881.0,5
MTX,202604,2026-02-26 18:27:00,35876.0,35876.0,35864.0,35865.0,8
MTX,202604,2026-02-26 18:29:00,35872.0,35872.0,35869.0,35869.0,2
MTX,202604,2026-02-26 18:30:00,35866.0,35866.0,35855.0,35859.0,13
MTX,202604,2026-02-26 18:31:00,35876.0,35888.0,35876.0,35888.0,2
MTX,202604,2026-02-26 18:32:00,35887.0,35887.0,35883.0,35886.0,13
MTX,202604,2026-02-26 18:34:00,35890.0,35895.0,35890.0,35895.0,5
MTX,202604,2026-02-26 18:35:00,35890.0,35900.0,35887.0,35900.0,14
MTX,202604,2026-02-26 18:37:00,35888.0,35888.0,35887.0,35887.0,3
MTX,202604,2026-02-26 18:38:00,35888.0,35888.0,35888.0,35888.0,1
MTX,202604,2026-02-26 18:40:00,35902.0,35902.0,35902.0,35902.0,3
MTX,202604,2026-02-26 18:42:00,35895.0,35898.0,35895.0,35898.0,3
MTX,202604,2026-02-26 18:45:00,35891.0,35893.0,35891.0,35893.0,2
MTX,202604,2026-02-26 18:50:00,35890.0,35890.0,35888.0,35888.0,3
MTX,202604,2026-02-26 18:51:00,35875.0,35879.0,35873.0,35873.0,4
MTX,202604,2026-02-26 18:52:00,35880.0,35880.0,35880.0,35880.0,1
MTX,202604,2026-02-26 18:55:00,35870.0,35870.0,35853.0,35857.0,18
MTX,202604,2026-02-26 18:56:00,35866.0,35866.0,35861.0,35861.0,3
MTX,202604,2026-02-26 18:57:00,35853.0,35853.0,35836.0,35839.0,13
MTX,202604,2026-02-26 18:58:00,35836.0,35836.0,35812.0,35814.0,20
MTX,202604,2026-02-26 18:59:00,35812.0,35812.0,35800.0,35800.0,14
MTX,202604,2026-02-26 19:00:00,35805.0,35832.0,35805.0,35828.0,5
MTX,202604,2026-02-26 19:01:00,35838.0,35842.0,35836.0,35842.0,4
MTX,202604,2026-02-26 19:02:00,35840.0,35840.0,35838.0,35838.0,11
MTX,202604,2026-02-26 19:03:00,35838.0,35838.0,35825.0,35825.0,3
MTX,202604,2026-02-26 19:04:00,35825.0,35829.0,35825.0,35828.0,6
MTX,202604,2026-02-26 19:05:00,35841.0,35847.0,35841.0,35847.0,2
MTX,202604,2026-02-26 19:06:00,35848.0,35849.0,35848.0,35849.0,2
MTX,202604,2026-02-26 19:07:00,35855.0,35855.0,35855.0,35855.0,1
MTX,202604,2026-02-26 19:08:00,35855.0,35855.0,35855.0,35855.0,1
MTX,202604,2026-02-26 19:09:00,35859.0,35859.0,35856.0,35856.0,4
MTX,202604,2026-02-26 19:10:00,35863.0,35863.0,35863.0,35863.0,1
MTX,202604,2026-02-26 19:11:00,35865.0,35865.0,35853.0,35853.0,5
MTX,202604,2026-02-26 19:12:00,35855.0,35855.0,35855.0,35855.0,1
MTX,202604,2026-02-26 19:14:00,35862.0,35862.0,35862.0,35862.0,2
MTX,202604,2026-02-26 19:15:00,35855.0,35855.0,35855.0,35855.0,2
MTX,202604,2026-02-26 19:16:00,35855.0,35855.0,35855.0,35855.0,1
MTX,202604,2026-02-26 19:17:00,35857.0,35857.0,35857.0,35857.0,1
MTX,202604,2026-02-26 19:18:00,35853.0,35853.0,35845.0,35845.0,7
MTX,202604,2026-02-26 19:21:00,35854.0,35854.0,35854.0,35854.0,10
MTX,202604,2026-02-26 19:22:00,35852.0,35852.0,35840.0,35846.0,13
MTX,202604,2026-02-26 19:23:00,35846.0,35846.0,35843.0,35846.0,7
MTX,202604,2026-02-26 19:25:00,35855.0,35855.0,35855.0,35855.0,2
MTX,202604,2026-02-26 19:27:00,35855.0,35855.0,35851.0,35851.0,2
MTX,202604,2026-02-26 19:30:00,35836.0,35846.0,35836.0,35846.0,2
MTX,202604,2026-02-26 19:31:00,35844.0,35844.0,35844.0,35844.0,3
MTX,202604,2026-02-26 19:32:00,35836.0,35836.0,35836.0,35836.0,1
MTX,202604,2026-02-26 19:33:00,35838.0,35844.0,35838.0,35844.0,4
MTX,202604,2026-02-26 19:36:00,35855.0,35855.0,35847.0,35847.0,3
MTX,202604,2026-02-26 19:39:00,35861.0,35866.0,35861.0,35866.0,4
MTX,202604,2026-02-26 19:40:00,35864.0,35864.0,35864.0,35864.0,1
MTX,202604,2026-02-26 19:41:00,35864.0,35864.0,35860.0,35860.0,2
MTX,202604,2026-02-26 19:42:00,35854.0,35854.0,35854.0,35854.0,1
MTX,202604,2026-02-26 19:45:00,35844.0,35850.0,35843.0,35850.0,3
MTX,202604,2026-02-26 19:46:00,35850.0,35850.0,35840.0,35840.0,3
MTX,202604,2026-02-26 19:47:00,35840.0,35840.0,35840.0,35840.0,1
MTX,202604,2026-02-26 19:48:00,35842.0,35842.0,35842.0,35842.0,1
MTX,202604,2026-02-26 19:53:00,35850.0,35850.0,35850.0,35850.0,1
MTX,202604,2026-02-26 19:54:00,35850.0,35850.0,35841.0,35841.0,7
MTX,202604,2026-02-26 19:55:00,35847.0,35847.0,35847.0,35847.0,2
MTX,202604,2026-02-26 19:57:00,35860.0,35860.0,35860.0,35860.0,2
MTX,202604,2026-02-26 19:59:00,35840.0,35840.0,35840.0,35840.0,1
MTX,202604,2026-02-26 20:02:00,35840.0,35840.0,35835.0,35835.0,3
MTX,202604,2026-02-26 20:09:00,35841.0,35841.0,35841.0,35841.0,1
MTX,202604,2026-02-26 20:11:00,35849.0,35854.0,35849.0,35854.0,3
MTX,202604,2026-02-26 20:14:00,35842.0,35842.0,35842.0,35842.0,1
MTX,202604,2026-02-26 20:15:00,35838.0,35838.0,35838.0,35838.0,1
MTX,202604,2026-02-26 20:18:00,35860.0,35868.0,35860.0,35864.0,3
MTX,202604,2026-02-26 20:19:00,35865.0,35865.0,35865.0,35865.0,1
MTX,202604,2026-02-26 20:20:00,35856.0,35856.0,35856.0,35856.0,2
MTX,202604,2026-02-26 20:21:00,35857.0,35857.0,35857.0,35857.0,1
MTX,202604,2026-02-26 20:22:00,35861.0,35861.0,35861.0,35861.0,1
MTX,202604,2026-02-26 20:23:00,35865.0,35865.0,35865.0,35865.0,1
MTX,202604,2026-02-26 20:24:00,35864.0,35864.0,35864.0,35864.0,1
MTX,202604,2026-02-26 20:25:00,35863.0,35863.0,35862.0,35862.0,3
MTX,202604,2026-02-26 20:26:00,35862.0,35862.0,35860.0,35860.0,5
MTX,202604,2026-02-26 20:27:00,35870.0,35870.0,35870.0,35870.0,5
MTX,202604,2026-02-26 20:28:00,35866.0,35866.0,35866.0,35866.0,1
MTX,202604,2026-02-26 20:29:00,35878.0,35889.0,35878.0,35889.0,4
MTX,202604,2026-02-26 20:30:00,35887.0,35890.0,35887.0,35890.0,3
MTX,202604,2026-02-26 20:31:00,35890.0,35892.0,35886.0,35892.0,16
MTX,202604,2026-02-26 20:32:00,35888.0,35892.0,35885.0,35892.0,8
MTX,202604,2026-02-26 20:33:00,35891.0,35892.0,35891.0,35892.0,7
MTX,202604,2026-02-26 20:35:00,35892.0,35892.0,35892.0,35892.0,3
MTX,202604,2026-02-26 20:36:00,35875.0,35875.0,35875.0,35875.0,3
MTX,202604,2026-02-26 20:37:00,35866.0,35866.0,35853.0,35854.0,7
MTX,202604,2026-02-26 20:42:00,35878.0,35878.0,35878.0,35878.0,1
MTX,202604,2026-02-26 20:44:00,35872.0,35872.0,35872.0,35872.0,1
MTX,202604,2026-02-26 20:45:00,35865.0,35865.0,35845.0,35845.0,11
MTX,202604,2026-02-26 20:46:00,35842.0,35842.0,35837.0,35842.0,6
MTX,202604,2026-02-26 20:47:00,35844.0,35844.0,35840.0,35840.0,2
MTX,202604,2026-02-26 20:48:00,35844.0,35844.0,35844.0,35844.0,2
MTX,202604,2026-02-26 20:49:00,35849.0,35849.0,35843.0,35843.0,3
MTX,202604,2026-02-26 20:50:00,35846.0,35846.0,35840.0,35840.0,6
MTX,202604,2026-02-26 20:51:00,35835.0,35835.0,35828.0,35828.0,6
MTX,202604,2026-02-26 20:52:00,35824.0,35831.0,35824.0,35827.0,6
MTX,202604,2026-02-26 20:53:00,35827.0,35836.0,35827.0,35831.0,5
MTX,202604,2026-02-26 20:55:00,35826.0,35826.0,35826.0,35826.0,1
MTX,202604,2026-02-26 20:56:00,35825.0,35825.0,35825.0,35825.0,1
MTX,202604,2026-02-26 20:57:00,35826.0,35827.0,35811.0,35812.0,16
MTX,202604,2026-02-26 20:58:00,35812.0,35813.0,35812.0,35813.0,2
MTX,202604,2026-02-26 20:59:00,35813.0,35813.0,35813.0,35813.0,1
MTX,202604,2026-02-26 21:00:00,35814.0,35838.0,35813.0,35838.0,6
MTX,202604,2026-02-26 21:01:00,35833.0,35839.0,35833.0,35839.0,6
MTX,202604,2026-02-26 21:02:00,35840.0,35843.0,35835.0,35843.0,6
MTX,202604,2026-02-26 21:03:00,35845.0,35845.0,35845.0,35845.0,1
MTX,202604,2026-02-26 21:04:00,35837.0,35837.0,35825.0,35825.0,11
MTX,202604,2026-02-26 21:05:00,35834.0,35834.0,35834.0,35834.0,1
MTX,202604,2026-02-26 21:06:00,35833.0,35833.0,35833.0,35833.0,1
MTX,202604,2026-02-26 21:07:00,35835.0,35841.0,35834.0,35841.0,5
MTX,202604,2026-02-26 21:09:00,35838.0,35838.0,35837.0,35837.0,3
MTX,202604,2026-02-26 21:10:00,35841.0,35841.0,35841.0,35841.0,1
MTX,202604,2026-02-26 21:11:00,35836.0,35838.0,35836.0,35838.0,4
MTX,202604,2026-02-26 21:12:00,35840.0,35842.0,35840.0,35841.0,4
MTX,202604,2026-02-26 21:14:00,35844.0,35844.0,35844.0,35844.0,1
MTX,202604,2026-02-26 21:16:00,35840.0,35845.0,35840.0,35845.0,2
MTX,202604,2026-02-26 21:18:00,35840.0,35840.0,35835.0,35835.0,7
MTX,202604,2026-02-26 21:19:00,35829.0,35829.0,35829.0,35829.0,1
MTX,202604,2026-02-26 21:20:00,35826.0,35826.0,35824.0,35824.0,6
MTX,202604,2026-02-26 21:21:00,35834.0,35834.0,35834.0,35834.0,1
MTX,202604,2026-02-26 21:26:00,35828.0,35828.0,35828.0,35828.0,1
MTX,202604,2026-02-26 21:27:00,35835.0,35840.0,35835.0,35840.0,2
MTX,202604,2026-02-26 21:28:00,35855.0,35868.0,35855.0,35868.0,4
MTX,202604,2026-02-26 21:29:00,35858.0,35862.0,35858.0,35862.0,2
MTX,202604,2026-02-26 21:30:00,35867.0,35867.0,35852.0,35852.0,3
MTX,202604,2026-02-26 21:31:00,35865.0,35865.0,35860.0,35860.0,2
MTX,202604,2026-02-26 21:32:00,35856.0,35856.0,35856.0,35856.0,1
MTX,202604,2026-02-26 21:33:00,35851.0,35851.0,35851.0,35851.0,2
MTX,202604,2026-02-26 21:34:00,35860.0,35860.0,35850.0,35850.0,3
MTX,202604,2026-02-26 21:35:00,35840.0,35840.0,35840.0,35840.0,3
MTX,202604,2026-02-26 21:39:00,35840.0,35840.0,35840.0,35840.0,1
MTX,202604,2026-02-26 21:40:00,35825.0,35825.0,35825.0,35825.0,1
MTX,202604,2026-02-26 21:42:00,35822.0,35822.0,35822.0,35822.0,1
MTX,202604,2026-02-26 21:43:00,35826.0,35826.0,35824.0,35824.0,5
MTX,202604,2026-02-26 21:44:00,35823.0,35823.0,35803.0,35808.0,19
MTX,202604,2026-02-26 21:45:00,35807.0,35808.0,35807.0,35808.0,2
MTX,202604,2026-02-26 21:46:00,35824.0,35829.0,35824.0,35829.0,3
MTX,202604,2026-02-26 21:47:00,35833.0,35833.0,35833.0,35833.0,1
MTX,202604,2026-02-26 21:48:00,35828.0,35839.0,35828.0,35839.0,7
MTX,202604,2026-02-26 21:49:00,35832.0,35832.0,35831.0,35831.0,2
MTX,202604,2026-02-26 21:51:00,35810.0,35810.0,35805.0,35805.0,6
MTX,202604,2026-02-26 21:52:00,35806.0,35806.0,35783.0,35783.0,30
MTX,202604,2026-02-26 21:53:00,35782.0,35785.0,35782.0,35785.0,2
MTX,202604,2026-02-26 21:54:00,35780.0,35780.0,35770.0,35772.0,20
MTX,202604,2026-02-26 21:55:00,35769.0,35769.0,35758.0,35762.0,18
MTX,202604,2026-02-26 21:56:00,35767.0,35768.0,35753.0,35753.0,11
MTX,202604,2026-02-26 21:57:00,35764.0,35764.0,35764.0,35764.0,1
MTX,202604,2026-02-26 21:58:00,35768.0,35778.0,35768.0,35774.0,5
MTX,202604,2026-02-26 21:59:00,35769.0,35769.0,35757.0,35757.0,5
MTX,202604,2026-02-26 22:00:00,35755.0,35780.0,35737.0,35774.0,40
MTX,202604,2026-02-26 22:01:00,35772.0,35783.0,35772.0,35783.0,5
MTX,202604,2026-02-26 22:02:00,35791.0,35800.0,35789.0,35800.0,11
MTX,202604,2026-02-26 22:03:00,35800.0,35800.0,35790.0,35797.0,7
MTX,202604,2026-02-26 22:04:00,35796.0,35796.0,35793.0,35794.0,5
MTX,202604,2026-02-26 22:05:00,35796.0,35796.0,35790.0,35790.0,4
MTX,202604,2026-02-26 22:06:00,35782.0,35782.0,35770.0,35770.0,5
MTX,202604,2026-02-26 22:07:00,35774.0,35776.0,35773.0,35776.0,6
MTX,202604,2026-02-26 22:08:00,35764.0,35764.0,35750.0,35755.0,11
MTX,202604,2026-02-26 22:09:00,35759.0,35762.0,35742.0,35742.0,8
MTX,202604,2026-02-26 22:10:00,35733.0,35740.0,35733.0,35739.0,4
MTX,202604,2026-02-26 22:11:00,35748.0,35760.0,35748.0,35760.0,4
MTX,202604,2026-02-26 22:12:00,35757.0,35761.0,35757.0,35757.0,3
MTX,202604,2026-02-26 22:13:00,35758.0,35758.0,35757.0,35757.0,2
MTX,202604,2026-02-26 22:14:00,35757.0,35762.0,35756.0,35762.0,3
MTX,202604,2026-02-26 22:16:00,35768.0,35769.0,35761.0,35761.0,5
MTX,202604,2026-02-26 22:17:00,35764.0,35764.0,35764.0,35764.0,2
MTX,202604,2026-02-26 22:18:00,35764.0,35764.0,35764.0,35764.0,2
MTX,202604,2026-02-26 22:19:00,35775.0,35775.0,35775.0,35775.0,1
MTX,202604,2026-02-26 22:20:00,35780.0,35782.0,35767.0,35767.0,10
MTX,202604,2026-02-26 22:21:00,35764.0,35767.0,35764.0,35767.0,3
MTX,202604,2026-02-26 22:22:00,35767.0,35767.0,35767.0,35767.0,1
MTX,202604,2026-02-26 22:23:00,35763.0,35763.0,35760.0,35760.0,3
MTX,202604,2026-02-26 22:25:00,35770.0,35770.0,35770.0,35770.0,2
MTX,202604,2026-02-26 22:26:00,35766.0,35766.0,35766.0,35766.0,1
MTX,202604,2026-02-26 22:27:00,35757.0,35757.0,35729.0,35729.0,16
MTX,202604,2026-02-26 22:28:00,35731.0,35736.0,35731.0,35736.0,3
MTX,202604,2026-02-26 22:29:00,35742.0,35742.0,35723.0,35723.0,8
MTX,202604,2026-02-26 22:30:00,35721.0,35721.0,35661.0,35667.0,74
MTX,202604,2026-02-26 22:31:00,35658.0,35691.0,35623.0,35675.0,52
MTX,202604,2026-02-26 22:32:00,35683.0,35684.0,35635.0,35635.0,31
MTX,202604,2026-02-26 22:33:00,35635.0,35660.0,35627.0,35632.0,19
MTX,202604,2026-02-26 22:34:00,35623.0,35630.0,35609.0,35617.0,35
MTX,202604,2026-02-26 22:35:00,35630.0,35662.0,35630.0,35643.0,20
MTX,202604,2026-02-26 22:36:00,35641.0,35641.0,35582.0,35598.0,82
MTX,202604,2026-02-26 22:37:00,35600.0,35613.0,35598.0,35613.0,25
MTX,202604,2026-02-26 22:38:00,35625.0,35649.0,35610.0,35611.0,16
MTX,202604,2026-02-26 22:39:00,35632.0,35644.0,35611.0,35611.0,15
MTX,202604,2026-02-26 22:40:00,35611.0,35611.0,35568.0,35569.0,46
MTX,202604,2026-02-26 22:41:00,35569.0,35593.0,35563.0,35568.0,24
MTX,202604,2026-02-26 22:42:00,35576.0,35590.0,35546.0,35546.0,51
MTX,202604,2026-02-26 22:43:00,35553.0,35562.0,35529.0,35531.0,47
MTX,202604,2026-02-26 22:44:00,35545.0,35545.0,35520.0,35534.0,23
MTX,202604,2026-02-26 22:45:00,35521.0,35533.0,35476.0,35482.0,87
MTX,202604,2026-02-26 22:46:00,35480.0,35543.0,35476.0,35543.0,40
MTX,202604,2026-02-26 22:47:00,35533.0,35533.0,35497.0,35508.0,32
MTX,202604,2026-02-26 22:48:00,35503.0,35503.0,35471.0,35476.0,26
MTX,202604,2026-02-26 22:49:00,35471.0,35481.0,35463.0,35477.0,37
MTX,202604,2026-02-26 22:50:00,35487.0,35503.0,35463.0,35464.0,21
MTX,202604,2026-02-26 22:51:00,35461.0,35461.0,35410.0,35410.0,95
MTX,202604,2026-02-26 22:52:00,35408.0,35409.0,35372.0,35372.0,75
MTX,202604,2026-02-26 22:53:00,35364.0,35421.0,35362.0,35413.0,40
MTX,202604,2026-02-26 22:54:00,35410.0,35412.0,35376.0,35410.0,29
MTX,202604,2026-02-26 22:55:00,35415.0,35434.0,35400.0,35400.0,40
MTX,202604,2026-02-26 22:56:00,35400.0,35403.0,35377.0,35380.0,30
MTX,202604,2026-02-26 22:57:00,35380.0,35380.0,35352.0,35360.0,35
MTX,202604,2026-02-26 22:58:00,35356.0,35367.0,35341.0,35361.0,43
MTX,202604,2026-02-26 22:59:00,35353.0,35387.0,35353.0,35362.0,15
MTX,202604,2026-02-26 23:00:00,35354.0,35411.0,35349.0,35365.0,26
MTX,202604,2026-02-26 23:01:00,35374.0,35374.0,35305.0,35319.0,40
MTX,202604,2026-02-26 23:02:00,35330.0,35364.0,35330.0,35364.0,28
MTX,202604,2026-02-26 23:03:00,35366.0,35403.0,35366.0,35397.0,27
MTX,202604,2026-02-26 23:04:00,35390.0,35425.0,35386.0,35415.0,29
MTX,202604,2026-02-26 23:05:00,35412.0,35412.0,35374.0,35385.0,33
MTX,202604,2026-02-26 23:06:00,35374.0,35400.0,35374.0,35391.0,8
MTX,202604,2026-02-26 23:07:00,35391.0,35391.0,35370.0,35370.0,6
MTX,202604,2026-02-26 23:08:00,35376.0,35389.0,35376.0,35377.0,7
MTX,202604,2026-02-26 23:09:00,35383.0,35386.0,35333.0,35345.0,26
MTX,202604,2026-02-26 23:10:00,35380.0,35380.0,35367.0,35380.0,5
MTX,202604,2026-02-26 23:11:00,35383.0,35386.0,35356.0,35356.0,14
MTX,202604,2026-02-26 23:12:00,35350.0,35350.0,35263.0,35265.0,104
MTX,202604,2026-02-26 23:13:00,35265.0,35269.0,35250.0,35259.0,49
MTX,202604,2026-02-26 23:14:00,35258.0,35263.0,35206.0,35219.0,57
MTX,202604,2026-02-26 23:15:00,35207.0,35210.0,35168.0,35189.0,125
MTX,202604,2026-02-26 23:16:00,35187.0,35202.0,35141.0,35167.0,53
MTX,202604,2026-02-26 23:17:00,35170.0,35200.0,35170.0,35178.0,37
MTX,202604,2026-02-26 23:18:00,35180.0,35180.0,35155.0,35175.0,23
MTX,202604,2026-02-26 23:19:00,35161.0,35161.0,35125.0,35137.0,50
MTX,202604,2026-02-26 23:20:00,35137.0,35150.0,35098.0,35098.0,60
MTX,202604,2026-02-26 23:21:00,35095.0,35128.0,35053.0,35058.0,87
MTX,202604,2026-02-26 23:22:00,35062.0,35062.0,35018.0,35044.0,73
MTX,202604,2026-02-26 23:23:00,35037.0,35077.0,35028.0,35070.0,28
MTX,202604,2026-02-26 23:24:00,35074.0,35077.0,35031.0,35048.0,36
MTX,202604,2026-02-26 23:25:00,35050.0,35076.0,35034.0,35059.0,44
MTX,202604,2026-02-26 23:26:00,35080.0,35157.0,35080.0,35145.0,78
MTX,202604,2026-02-26 23:27:00,35141.0,35141.0,35034.0,35046.0,52
MTX,202604,2026-02-26 23:28:00,35049.0,35077.0,35037.0,35037.0,21
MTX,202604,2026-02-26 23:29:00,35085.0,35097.0,35080.0,35097.0,9
MTX,202604,2026-02-26 23:30:00,35080.0,35105.0,35068.0,35087.0,28
MTX,202604,2026-02-26 23:31:00,35100.0,35120.0,35075.0,35110.0,22
MTX,202604,2026-02-26 23:32:00,35111.0,35111.0,35076.0,35084.0,17
MTX,202604,2026-02-26 23:33:00,35079.0,35100.0,35079.0,35099.0,15
MTX,202604,2026-02-26 23:34:00,35097.0,35097.0,35059.0,35064.0,24
MTX,202604,2026-02-26 23:35:00,35078.0,35117.0,35078.0,35117.0,18
MTX,202604,2026-02-26 23:36:00,35113.0,35117.0,35087.0,35107.0,14
MTX,202604,2026-02-26 23:37:00,35106.0,35154.0,35106.0,35154.0,30
MTX,202604,2026-02-26 23:38:00,35158.0,35213.0,35140.0,35213.0,45
MTX,202604,2026-02-26 23:39:00,35203.0,35216.0,35195.0,35216.0,33
MTX,202604,2026-02-26 23:40:00,35214.0,35260.0,35214.0,35232.0,79
MTX,202604,2026-02-26 23:41:00,35238.0,35238.0,35200.0,35217.0,25
MTX,202604,2026-02-26 23:42:00,35225.0,35226.0,35180.0,35186.0,46
MTX,202604,2026-02-26 23:43:00,35200.0,35232.0,35200.0,35232.0,20
MTX,202604,2026-02-26 23:44:00,35226.0,35230.0,35215.0,35230.0,10
MTX,202604,2026-02-26 23:45:00,35236.0,35258.0,35231.0,35258.0,32
MTX,202604,2026-02-26 23:46:00,35252.0,35270.0,35210.0,35210.0,31
MTX,202604,2026-02-26 23:47:00,35215.0,35242.0,35205.0,35242.0,8
MTX,202604,2026-02-26 23:48:00,35242.0,35267.0,35242.0,35267.0,12
MTX,202604,2026-02-26 23:49:00,35256.0,35265.0,35247.0,35250.0,15
MTX,202604,2026-02-26 23:50:00,35250.0,35252.0,35234.0,35234.0,12
MTX,202604,2026-02-26 23:51:00,35234.0,35239.0,35226.0,35226.0,11
MTX,202604,2026-02-26 23:52:00,35225.0,35266.0,35225.0,35244.0,24
MTX,202604,2026-02-26 23:53:00,35254.0,35255.0,35234.0,35248.0,11
MTX,202604,2026-02-26 23:54:00,35239.0,35250.0,35239.0,35248.0,5
MTX,202604,2026-02-26 23:55:00,35247.0,35247.0,35228.0,35228.0,8
MTX,202604,2026-02-26 23:56:00,35223.0,35230.0,35200.0,35203.0,26
MTX,202604,2026-02-26 23:57:00,35201.0,35233.0,35193.0,35231.0,26
MTX,202604,2026-02-26 23:58:00,35230.0,35231.0,35230.0,35230.0,5
MTX,202604,2026-02-26 23:59:00,35226.0,35230.0,35200.0,35200.0,4
MTX,202604,2026-02-27 00:00:00,35212.0,35230.0,35212.0,35230.0,5
MTX,202604,2026-02-27 00:01:00,35230.0,35230.0,35228.0,35228.0,2
MTX,202604,2026-02-27 00:02:00,35209.0,35215.0,35198.0,35215.0,9
MTX,202604,2026-02-27 00:03:00,35220.0,35230.0,35208.0,35208.0,10
MTX,202604,2026-02-27 00:04:00,35215.0,35222.0,35215.0,35222.0,5
MTX,202604,2026-02-27 00:05:00,35222.0,35230.0,35215.0,35215.0,5
MTX,202604,2026-02-27 00:06:00,35213.0,35213.0,35168.0,35183.0,36
MTX,202604,2026-02-27 00:07:00,35176.0,35208.0,35176.0,35194.0,11
MTX,202604,2026-02-27 00:08:00,35194.0,35210.0,35194.0,35205.0,9
MTX,202604,2026-02-27 00:09:00,35210.0,35215.0,35198.0,35198.0,7
MTX,202604,2026-02-27 00:10:00,35198.0,35198.0,35188.0,35188.0,3
MTX,202604,2026-02-27 00:11:00,35193.0,35200.0,35191.0,35191.0,4
MTX,202604,2026-02-27 00:12:00,35215.0,35222.0,35208.0,35208.0,7
MTX,202604,2026-02-27 00:13:00,35195.0,35195.0,35190.0,35194.0,4
MTX,202604,2026-02-27 00:14:00,35191.0,35200.0,35188.0,35200.0,6
MTX,202604,2026-02-27 00:15:00,35200.0,35226.0,35200.0,35224.0,27
MTX,202604,2026-02-27 00:16:00,35220.0,35243.0,35217.0,35243.0,19
MTX,202604,2026-02-27 00:17:00,35233.0,35238.0,35224.0,35224.0,7
MTX,202604,2026-02-27 00:18:00,35232.0,35242.0,35232.0,35240.0,7
MTX,202604,2026-02-27 00:19:00,35246.0,35246.0,35246.0,35246.0,1
MTX,202604,2026-02-27 00:20:00,35243.0,35243.0,35230.0,35230.0,8
MTX,202604,2026-02-27 00:21:00,35248.0,35257.0,35246.0,35251.0,6
MTX,202604,2026-02-27 00:22:00,35259.0,35300.0,35259.0,35300.0,31
MTX,202604,2026-02-27 00:23:00,35300.0,35300.0,35284.0,35284.0,10
MTX,202604,2026-02-27 00:24:00,35295.0,35315.0,35284.0,35315.0,15
MTX,202604,2026-02-27 00:25:00,35318.0,35347.0,35303.0,35347.0,43
MTX,202604,2026-02-27 00:26:00,35349.0,35349.0,35320.0,35320.0,13
MTX,202604,2026-02-27 00:27:00,35318.0,35318.0,35298.0,35303.0,18
MTX,202604,2026-02-27 00:28:00,35310.0,35310.0,35310.0,35310.0,2
MTX,202604,2026-02-27 00:29:00,35300.0,35300.0,35275.0,35275.0,20
MTX,202604,2026-02-27 00:30:00,35289.0,35289.0,35277.0,35277.0,4
MTX,202604,2026-02-27 00:31:00,35278.0,35278.0,35263.0,35263.0,6
MTX,202604,2026-02-27 00:32:00,35281.0,35281.0,35281.0,35281.0,1
MTX,202604,2026-02-27 00:33:00,35281.0,35281.0,35271.0,35271.0,2
MTX,202604,2026-02-27 00:34:00,35273.0,35274.0,35273.0,35273.0,3
MTX,202604,2026-02-27 00:35:00,35287.0,35287.0,35276.0,35276.0,2
MTX,202604,2026-02-27 00:36:00,35268.0,35268.0,35228.0,35228.0,13
MTX,202604,2026-02-27 00:37:00,35228.0,35228.0,35216.0,35216.0,14
MTX,202604,2026-02-27 00:38:00,35200.0,35206.0,35188.0,35206.0,13
MTX,202604,2026-02-27 00:39:00,35219.0,35219.0,35219.0,35219.0,1
MTX,202604,2026-02-27 00:40:00,35213.0,35220.0,35213.0,35220.0,3
MTX,202604,2026-02-27 00:41:00,35222.0,35233.0,35222.0,35233.0,6
MTX,202604,2026-02-27 00:42:00,35220.0,35225.0,35220.0,35225.0,2
MTX,202604,2026-02-27 00:43:00,35215.0,35215.0,35198.0,35198.0,13
MTX,202604,2026-02-27 00:44:00,35192.0,35192.0,35132.0,35132.0,40
MTX,202604,2026-02-27 00:45:00,35145.0,35155.0,35127.0,35127.0,18
MTX,202604,2026-02-27 00:46:00,35121.0,35140.0,35101.0,35124.0,71
MTX,202604,2026-02-27 00:47:00,35116.0,35162.0,35115.0,35151.0,19
MTX,202604,2026-02-27 00:48:00,35145.0,35160.0,35130.0,35160.0,15
MTX,202604,2026-02-27 00:49:00,35160.0,35163.0,35149.0,35149.0,14
MTX,202604,2026-02-27 00:50:00,35160.0,35164.0,35132.0,35132.0,12
MTX,202604,2026-02-27 00:51:00,35130.0,35145.0,35122.0,35145.0,5
MTX,202604,2026-02-27 00:52:00,35135.0,35135.0,35117.0,35117.0,7
MTX,202604,2026-02-27 00:53:00,35115.0,35115.0,35092.0,35103.0,21
MTX,202604,2026-02-27 00:54:00,35102.0,35102.0,35082.0,35082.0,19
MTX,202604,2026-02-27 00:55:00,35088.0,35088.0,35080.0,35081.0,10
MTX,202604,2026-02-27 00:56:00,35081.0,35110.0,35080.0,35084.0,13
MTX,202604,2026-02-27 00:57:00,35071.0,35076.0,35065.0,35065.0,14
MTX,202604,2026-02-27 00:58:00,35060.0,35074.0,35055.0,35072.0,12
MTX,202604,2026-02-27 00:59:00,35078.0,35080.0,35073.0,35073.0,13
MTX,202604,2026-02-27 01:00:00,35079.0,35119.0,35078.0,35104.0,25
MTX,202604,2026-02-27 01:01:00,35104.0,35122.0,35104.0,35113.0,8
MTX,202604,2026-02-27 01:02:00,35114.0,35119.0,35112.0,35116.0,26
MTX,202604,2026-02-27 01:03:00,35119.0,35144.0,35119.0,35139.0,26
MTX,202604,2026-02-27 01:04:00,35144.0,35160.0,35139.0,35156.0,4
MTX,202604,2026-02-27 01:05:00,35150.0,35180.0,35150.0,35180.0,11
MTX,202604,2026-02-27 01:06:00,35178.0,35186.0,35170.0,35173.0,12
MTX,202604,2026-02-27 01:07:00,35166.0,35185.0,35166.0,35185.0,6
MTX,202604,2026-02-27 01:08:00,35178.0,35178.0,35167.0,35174.0,6
MTX,202604,2026-02-27 01:09:00,35166.0,35166.0,35130.0,35130.0,11
MTX,202604,2026-02-27 01:10:00,35147.0,35147.0,35147.0,35147.0,2
MTX,202604,2026-02-27 01:11:00,35148.0,35164.0,35148.0,35164.0,2
MTX,202604,2026-02-27 01:12:00,35163.0,35166.0,35150.0,35161.0,5
MTX,202604,2026-02-27 01:13:00,35162.0,35162.0,35148.0,35148.0,3
MTX,202604,2026-02-27 01:14:00,35128.0,35128.0,35116.0,35116.0,2
MTX,202604,2026-02-27 01:15:00,35115.0,35116.0,35110.0,35110.0,7
MTX,202604,2026-02-27 01:16:00,35110.0,35112.0,35109.0,35111.0,5
MTX,202604,2026-02-27 01:17:00,35120.0,35128.0,35120.0,35128.0,7
MTX,202604,2026-02-27 01:18:00,35144.0,35150.0,35144.0,35150.0,2
MTX,202604,2026-02-27 01:19:00,35149.0,35152.0,35146.0,35152.0,9
MTX,202604,2026-02-27 01:20:00,35140.0,35140.0,35140.0,35140.0,1
MTX,202604,2026-02-27 01:21:00,35138.0,35138.0,35138.0,35138.0,5
MTX,202604,2026-02-27 01:22:00,35138.0,35138.0,35124.0,35124.0,3
MTX,202604,2026-02-27 01:23:00,35113.0,35113.0,35108.0,35112.0,8
MTX,202604,2026-02-27 01:24:00,35120.0,35120.0,35120.0,35120.0,1
MTX,202604,2026-02-27 01:25:00,35132.0,35132.0,35132.0,35132.0,1
MTX,202604,2026-02-27 01:26:00,35132.0,35132.0,35132.0,35132.0,1
MTX,202604,2026-02-27 01:28:00,35133.0,35134.0,35121.0,35121.0,4
MTX,202604,2026-02-27 01:30:00,35121.0,35121.0,35121.0,35121.0,6
MTX,202604,2026-02-27 01:31:00,35130.0,35144.0,35130.0,35144.0,6
MTX,202604,2026-02-27 01:32:00,35147.0,35168.0,35147.0,35168.0,12
MTX,202604,2026-02-27 01:33:00,35180.0,35195.0,35180.0,35189.0,10
MTX,202604,2026-02-27 01:34:00,35200.0,35200.0,35200.0,35200.0,2
MTX,202604,2026-02-27 01:35:00,35172.0,35172.0,35150.0,35155.0,9
MTX,202604,2026-02-27 01:36:00,35155.0,35155.0,35125.0,35129.0,6
MTX,202604,2026-02-27 01:37:00,35107.0,35107.0,35107.0,35107.0,1
MTX,202604,2026-02-27 01:38:00,35118.0,35126.0,35118.0,35121.0,4
MTX,202604,2026-02-27 01:39:00,35122.0,35128.0,35122.0,35128.0,10
MTX,202604,2026-02-27 01:40:00,35149.0,35149.0,35148.0,35149.0,3
MTX,202604,2026-02-27 01:41:00,35127.0,35127.0,35114.0,35114.0,8
MTX,202604,2026-02-27 01:43:00,35117.0,35117.0,35113.0,35114.0,6
MTX,202604,2026-02-27 01:44:00,35105.0,35106.0,35105.0,35106.0,5
MTX,202604,2026-02-27 01:45:00,35100.0,35118.0,35099.0,35118.0,10
MTX,202604,2026-02-27 01:46:00,35109.0,35109.0,35100.0,35100.0,2
MTX,202604,2026-02-27 01:47:00,35107.0,35107.0,35107.0,35107.0,2
MTX,202604,2026-02-27 01:48:00,35100.0,35100.0,35100.0,35100.0,1
MTX,202604,2026-02-27 01:49:00,35088.0,35088.0,35077.0,35077.0,4
MTX,202604,2026-02-27 01:50:00,35090.0,35090.0,35075.0,35076.0,3
MTX,202604,2026-02-27 01:51:00,35094.0,35111.0,35094.0,35111.0,3
MTX,202604,2026-02-27 01:52:00,35130.0,35133.0,35130.0,35133.0,3
MTX,202604,2026-02-27 01:53:00,35129.0,35131.0,35123.0,35126.0,4
MTX,202604,2026-02-27 01:54:00,35133.0,35142.0,35133.0,35141.0,11
MTX,202604,2026-02-27 01:57:00,35110.0,35110.0,35106.0,35106.0,4
MTX,202604,2026-02-27 01:58:00,35106.0,35106.0,35100.0,35105.0,4
MTX,202604,2026-02-27 02:00:00,35100.0,35100.0,35100.0,35100.0,1
MTX,202604,2026-02-27 02:01:00,35100.0,35100.0,35100.0,35100.0,1
MTX,202604,2026-02-27 02:02:00,35100.0,35100.0,35100.0,35100.0,1
MTX,202604,2026-02-27 02:03:00,35092.0,35092.0,35086.0,35086.0,4
MTX,202604,2026-02-27 02:04:00,35100.0,35100.0,35100.0,35100.0,2
MTX,202604,2026-02-27 02:05:00,35100.0,35100.0,35100.0,35100.0,1
MTX,202604,2026-02-27 02:07:00,35094.0,35095.0,35089.0,35092.0,4
MTX,202604,2026-02-27 02:08:00,35085.0,35085.0,35070.0,35073.0,9
MTX,202604,2026-02-27 02:10:00,35100.0,35116.0,35097.0,35116.0,4
MTX,202604,2026-02-27 02:11:00,35115.0,35133.0,35115.0,35133.0,6
MTX,202604,2026-02-27 02:12:00,35125.0,35125.0,35110.0,35110.0,3
MTX,202604,2026-02-27 02:13:00,35123.0,35123.0,35123.0,35123.0,1
MTX,202604,2026-02-27 02:17:00,35125.0,35142.0,35121.0,35142.0,9
MTX,202604,2026-02-27 02:18:00,35150.0,35155.0,35150.0,35155.0,5
MTX,202604,2026-02-27 02:19:00,35147.0,35157.0,35147.0,35157.0,3
MTX,202604,2026-02-27 02:20:00,35153.0,35156.0,35147.0,35147.0,12
MTX,202604,2026-02-27 02:21:00,35134.0,35135.0,35131.0,35131.0,3
MTX,202604,2026-02-27 02:23:00,35123.0,35123.0,35123.0,35123.0,1
MTX,202604,2026-02-27 02:24:00,35140.0,35140.0,35140.0,35140.0,1
MTX,202604,2026-02-27 02:25:00,35144.0,35144.0,35144.0,35144.0,1
MTX,202604,2026-02-27 02:26:00,35140.0,35154.0,35140.0,35153.0,10
MTX,202604,2026-02-27 02:29:00,35131.0,35131.0,35131.0,35131.0,1
MTX,202604,2026-02-27 02:30:00,35132.0,35132.0,35128.0,35130.0,6
MTX,202604,2026-02-27 02:31:00,35127.0,35139.0,35124.0,35139.0,8
MTX,202604,2026-02-27 02:32:00,35137.0,35145.0,35137.0,35145.0,3
MTX,202604,2026-02-27 02:33:00,35150.0,35179.0,35150.0,35179.0,11
MTX,202604,2026-02-27 02:34:00,35180.0,35220.0,35180.0,35209.0,41
MTX,202604,2026-02-27 02:35:00,35208.0,35210.0,35204.0,35204.0,22
MTX,202604,2026-02-27 02:36:00,35212.0,35258.0,35212.0,35250.0,14
MTX,202604,2026-02-27 02:37:00,35242.0,35242.0,35242.0,35242.0,1
MTX,202604,2026-02-27 02:38:00,35238.0,35245.0,35232.0,35245.0,4
MTX,202604,2026-02-27 02:39:00,35260.0,35272.0,35260.0,35272.0,7
MTX,202604,2026-02-27 02:40:00,35267.0,35267.0,35260.0,35260.0,5
MTX,202604,2026-02-27 02:41:00,35256.0,35258.0,35255.0,35255.0,3
MTX,202604,2026-02-27 02:42:00,35250.0,35250.0,35242.0,35242.0,5
MTX,202604,2026-02-27 02:43:00,35242.0,35253.0,35242.0,35253.0,5
MTX,202604,2026-02-27 02:44:00,35228.0,35228.0,35219.0,35219.0,6
MTX,202604,2026-02-27 02:45:00,35238.0,35238.0,35238.0,35238.0,1
MTX,202604,2026-02-27 02:46:00,35231.0,35231.0,35231.0,35231.0,1
MTX,202604,2026-02-27 02:48:00,35216.0,35217.0,35191.0,35191.0,14
MTX,202604,2026-02-27 02:49:00,35184.0,35204.0,35178.0,35204.0,6
MTX,202604,2026-02-27 02:50:00,35210.0,35210.0,35210.0,35210.0,1
MTX,202604,2026-02-27 02:51:00,35193.0,35200.0,35193.0,35198.0,3
MTX,202604,2026-02-27 02:52:00,35217.0,35217.0,35217.0,35217.0,1
MTX,202604,2026-02-27 02:53:00,35220.0,35220.0,35217.0,35217.0,2
MTX,202604,2026-02-27 02:55:00,35210.0,35210.0,35207.0,35207.0,3
MTX,202604,2026-02-27 02:56:00,35207.0,35207.0,35207.0,35207.0,1
MTX,202604,2026-02-27 02:57:00,35217.0,35217.0,35215.0,35216.0,3
MTX,202604,2026-02-27 02:58:00,35219.0,35219.0,35219.0,35219.0,1
MTX,202604,2026-02-27 03:01:00,35228.0,35228.0,35228.0,35228.0,1
MTX,202604,2026-02-27 03:02:00,35228.0,35231.0,35226.0,35226.0,7
MTX,202604,2026-02-27 03:03:00,35229.0,35245.0,35229.0,35245.0,4
MTX,202604,2026-02-27 03:04:00,35247.0,35250.0,35245.0,35250.0,3
MTX,202604,2026-02-27 03:06:00,35244.0,35247.0,35244.0,35247.0,2
MTX,202604,2026-02-27 03:08:00,35245.0,35245.0,35245.0,35245.0,1
MTX,202604,2026-02-27 03:10:00,35257.0,35285.0,35257.0,35285.0,14
MTX,202604,2026-02-27 03:11:00,35273.0,35273.0,35267.0,35267.0,4
MTX,202604,2026-02-27 03:12:00,35267.0,35267.0,35267.0,35267.0,9
MTX,202604,2026-02-27 03:13:00,35268.0,35275.0,35268.0,35275.0,2
MTX,202604,2026-02-27 03:15:00,35279.0,35279.0,35279.0,35279.0,1
MTX,202604,2026-02-27 03:16:00,35286.0,35288.0,35285.0,35285.0,8
MTX,202604,2026-02-27 03:18:00,35295.0,35295.0,35287.0,35287.0,3
MTX,202604,2026-02-27 03:19:00,35275.0,35275.0,35267.0,35267.0,2
MTX,202604,2026-02-27 03:20:00,35272.0,35272.0,35270.0,35270.0,2
MTX,202604,2026-02-27 03:21:00,35279.0,35279.0,35279.0,35279.0,1
MTX,202604,2026-02-27 03:24:00,35282.0,35282.0,35282.0,35282.0,2
MTX,202604,2026-02-27 03:26:00,35265.0,35265.0,35265.0,35265.0,1
MTX,202604,2026-02-27 03:29:00,35245.0,35245.0,35245.0,35245.0,5
MTX,202604,2026-02-27 03:30:00,35249.0,35249.0,35249.0,35249.0,2
MTX,202604,2026-02-27 03:32:00,35260.0,35268.0,35260.0,35268.0,2
MTX,202604,2026-02-27 03:33:00,35266.0,35266.0,35266.0,35266.0,1
MTX,202604,2026-02-27 03:34:00,35271.0,35271.0,35270.0,35270.0,4
MTX,202604,2026-02-27 03:35:00,35271.0,35271.0,35271.0,35271.0,1
MTX,202604,2026-02-27 03:36:00,35252.0,35252.0,35252.0,35252.0,3
MTX,202604,2026-02-27 03:38:00,35252.0,35252.0,35252.0,35252.0,1
MTX,202604,2026-02-27 03:39:00,35250.0,35250.0,35248.0,35250.0,3
MTX,202604,2026-02-27 03:40:00,35246.0,35246.0,35244.0,35244.0,3
MTX,202604,2026-02-27 03:43:00,35250.0,35252.0,35250.0,35252.0,3
MTX,202604,2026-02-27 03:44:00,35258.0,35258.0,35258.0,35258.0,2
MTX,202604,2026-02-27 03:45:00,35260.0,35269.0,35260.0,35269.0,6
MTX,202604,2026-02-27 03:46:00,35269.0,35269.0,35269.0,35269.0,1
MTX,202604,2026-02-27 03:47:00,35277.0,35277.0,35277.0,35277.0,1
MTX,202604,2026-02-27 03:48:00,35285.0,35285.0,35285.0,35285.0,1
MTX,202604,2026-02-27 03:49:00,35277.0,35277.0,35277.0,35277.0,1
MTX,202604,2026-02-27 03:50:00,35270.0,35270.0,35258.0,35258.0,3
MTX,202604,2026-02-27 03:52:00,35269.0,35269.0,35269.0,35269.0,1
MTX,202604,2026-02-27 03:55:00,35285.0,35285.0,35285.0,35285.0,2
MTX,202604,2026-02-27 03:57:00,35282.0,35282.0,35282.0,35282.0,1
MTX,202604,2026-02-27 03:58:00,35280.0,35280.0,35268.0,35268.0,2
MTX,202604,2026-02-27 03:59:00,35260.0,35260.0,35257.0,35257.0,3
MTX,202604,2026-02-27 04:01:00,35257.0,35262.0,35257.0,35262.0,4
MTX,202604,2026-02-27 04:02:00,35267.0,35271.0,35267.0,35271.0,3
MTX,202604,2026-02-27 04:03:00,35271.0,35275.0,35271.0,35275.0,4
MTX,202604,2026-02-27 04:05:00,35281.0,35281.0,35281.0,35281.0,1
MTX,202604,2026-02-27 04:06:00,35290.0,35290.0,35290.0,35290.0,1
MTX,202604,2026-02-27 04:07:00,35280.0,35280.0,35280.0,35280.0,1
MTX,202604,2026-02-27 04:10:00,35250.0,35260.0,35250.0,35260.0,3
MTX,202604,2026-02-27 04:13:00,35249.0,35249.0,35239.0,35239.0,7
MTX,202604,2026-02-27 04:15:00,35239.0,35239.0,35222.0,35222.0,4
MTX,202604,2026-02-27 04:16:00,35222.0,35222.0,35222.0,35222.0,1
MTX,202604,2026-02-27 04:17:00,35231.0,35231.0,35231.0,35231.0,1
MTX,202604,2026-02-27 04:18:00,35232.0,35248.0,35232.0,35248.0,2
MTX,202604,2026-02-27 04:19:00,35248.0,35248.0,35248.0,35248.0,2
MTX,202604,2026-02-27 04:21:00,35234.0,35234.0,35234.0,35234.0,1
MTX,202604,2026-02-27 04:24:00,35218.0,35218.0,35218.0,35218.0,1
MTX,202604,2026-02-27 04:25:00,35215.0,35215.0,35215.0,35215.0,1
MTX,202604,2026-02-27 04:29:00,35207.0,35207.0,35202.0,35202.0,4
MTX,202604,2026-02-27 04:30:00,35215.0,35226.0,35215.0,35226.0,3
MTX,202604,2026-02-27 04:31:00,35223.0,35238.0,35223.0,35238.0,3
MTX,202604,2026-02-27 04:32:00,35238.0,35238.0,35238.0,35238.0,2
MTX,202604,2026-02-27 04:33:00,35245.0,35245.0,35244.0,35245.0,3
MTX,202604,2026-02-27 04:34:00,35245.0,35250.0,35245.0,35250.0,5
MTX,202604,2026-02-27 04:35:00,35254.0,35254.0,35251.0,35253.0,5
MTX,202604,2026-02-27 04:36:00,35252.0,35252.0,35252.0,35252.0,1
MTX,202604,2026-02-27 04:37:00,35251.0,35251.0,35244.0,35244.0,3
MTX,202604,2026-02-27 04:41:00,35238.0,35238.0,35238.0,35238.0,1
MTX,202604,2026-02-27 04:42:00,35240.0,35240.0,35240.0,35240.0,1
MTX,202604,2026-02-27 04:44:00,35244.0,35248.0,35244.0,35248.0,2
MTX,202604,2026-02-27 04:46:00,35245.0,35245.0,35228.0,35228.0,5
MTX,202604,2026-02-27 04:47:00,35236.0,35236.0,35236.0,35236.0,1
MTX,202604,2026-02-27 04:48:00,35228.0,35228.0,35228.0,35228.0,1
MTX,202604,2026-02-27 04:49:00,35229.0,35234.0,35229.0,35229.0,5
MTX,202604,2026-02-27 04:50:00,35243.0,35243.0,35230.0,35230.0,2
MTX,202604,2026-02-27 04:51:00,35230.0,35230.0,35230.0,35230.0,1
MTX,202604,2026-02-27 04:52:00,35220.0,35220.0,35218.0,35218.0,2
MTX,202604,2026-02-27 04:53:00,35218.0,35218.0,35218.0,35218.0,2
MTX,202604,2026-02-27 04:54:00,35220.0,35227.0,35220.0,35227.0,3
MTX,202604,2026-02-27 04:55:00,35223.0,35230.0,35216.0,35230.0,11
MTX,202604,2026-02-27 04:56:00,35222.0,35222.0,35218.0,35218.0,2
MTX,202604,2026-02-27 04:57:00,35216.0,35216.0,35215.0,35215.0,3
MTX,202604,2026-02-27 04:58:00,35212.0,35212.0,35204.0,35204.0,4
MTX,202604,2026-02-27 04:59:00,35204.0,35206.0,35188.0,35188.0,13
MTX,202605,2026-02-26 15:00:00,35911.0,35911.0,35906.0,35906.0,2
MTX,202605,2026-02-26 15:14:00,35906.0,35906.0,35906.0,35906.0,1
MTX,202605,2026-02-26 15:21:00,35906.0,35906.0,35906.0,35906.0,1
MTX,202605,2026-02-26 15:33:00,35950.0,35950.0,35950.0,35950.0,1
MTX,202605,2026-02-26 15:35:00,35950.0,35950.0,35950.0,35950.0,1
MTX,202605,2026-02-26 15:40:00,35950.0,35950.0,35950.0,35950.0,2
MTX,202605,2026-02-26 15:42:00,35966.0,36000.0,35966.0,36000.0,3
MTX,202605,2026-02-26 15:43:00,36002.0,36002.0,36002.0,36002.0,1
MTX,202605,2026-02-26 15:44:00,36008.0,36008.0,36008.0,36008.0,1
MTX,202605,2026-02-26 15:46:00,36006.0,36006.0,36006.0,36006.0,1
MTX,202605,2026-02-26 15:47:00,35990.0,35990.0,35990.0,35990.0,2
MTX,202605,2026-02-26 15:49:00,35991.0,35991.0,35991.0,35991.0,1
MTX,202605,2026-02-26 15:53:00,35985.0,35985.0,35985.0,35985.0,1
MTX,202605,2026-02-26 16:00:00,35985.0,35985.0,35985.0,35985.0,1
MTX,202605,2026-02-26 16:21:00,36071.0,36072.0,36071.0,36072.0,7
MTX,202605,2026-02-26 16:25:00,36048.0,36048.0,36048.0,36048.0,1
MTX,202605,2026-02-26 16:26:00,36051.0,36051.0,36051.0,36051.0,2
MTX,202605,2026-02-26 16:29:00,36025.0,36025.0,36025.0,36025.0,1
MTX,202605,2026-02-26 16:40:00,35985.0,35985.0,35985.0,35985.0,1
MTX,202605,2026-02-26 16:51:00,35988.0,35988.0,35988.0,35988.0,1
MTX,202605,2026-02-26 16:52:00,35979.0,35979.0,35979.0,35979.0,1
MTX,202605,2026-02-26 17:15:00,36080.0,36080.0,36080.0,36080.0,1
MTX,202605,2026-02-26 17:22:00,36048.0,36048.0,36048.0,36048.0,1
MTX,202605,2026-02-26 17:29:00,36075.0,36075.0,36075.0,36075.0,1
MTX,202605,2026-02-26 17:31:00,36076.0,36080.0,36076.0,36080.0,2
MTX,202605,2026-02-26 17:34:00,36069.0,36069.0,36069.0,36069.0,1
MTX,202605,2026-02-26 17:35:00,36067.0,36067.0,36067.0,36067.0,1
MTX,202605,2026-02-26 17:54:00,36067.0,36067.0,36067.0,36067.0,1
MTX,202605,2026-02-26 18:00:00,36040.0,36040.0,36040.0,36040.0,1
MTX,202605,2026-02-26 18:19:00,36000.0,36000.0,36000.0,36000.0,1
MTX,202605,2026-02-26 18:20:00,35991.0,35991.0,35991.0,35991.0,1
MTX,202605,2026-02-26 18:27:00,35991.0,35991.0,35991.0,35991.0,1
MTX,202605,2026-02-26 18:49:00,36010.0,36010.0,36010.0,36010.0,1
MTX,202605,2026-02-26 18:57:00,35976.0,35976.0,35958.0,35958.0,2
MTX,202605,2026-02-26 18:58:00,35944.0,35944.0,35944.0,35944.0,2
MTX,202605,2026-02-26 18:59:00,35925.0,35925.0,35925.0,35925.0,1
MTX,202605,2026-02-26 19:12:00,35974.0,35974.0,35974.0,35974.0,1
MTX,202605,2026-02-26 20:29:00,35990.0,35990.0,35990.0,35990.0,1
MTX,202605,2026-02-26 20:30:00,36010.0,36010.0,36010.0,36010.0,1
MTX,202605,2026-02-26 20:35:00,36010.0,36010.0,36010.0,36010.0,1
MTX,202605,2026-02-26 20:45:00,35966.0,35966.0,35966.0,35966.0,1
MTX,202605,2026-02-26 20:51:00,35952.0,35952.0,35952.0,35952.0,1
MTX,202605,2026-02-26 20:57:00,35938.0,35938.0,35938.0,35938.0,1
MTX,202605,2026-02-26 21:03:00,35965.0,35965.0,35965.0,35965.0,1
MTX,202605,2026-02-26 21:34:00,35965.0,35965.0,35965.0,35965.0,1
MTX,202605,2026-02-26 21:41:00,35950.0,35950.0,35950.0,35950.0,1
MTX,202605,2026-02-26 21:44:00,35926.0,35926.0,35925.0,35925.0,2
MTX,202605,2026-02-26 21:52:00,35915.0,35915.0,35902.0,35902.0,3
MTX,202605,2026-02-26 21:53:00,35907.0,35907.0,35907.0,35907.0,1
MTX,202605,2026-02-26 21:54:00,35907.0,35907.0,35888.0,35888.0,3
MTX,202605,2026-02-26 21:55:00,35891.0,35891.0,35877.0,35877.0,3
MTX,202605,2026-02-26 21:56:00,35877.0,35877.0,35877.0,35877.0,1
MTX,202605,2026-02-26 21:58:00,35900.0,35900.0,35900.0,35900.0,1
MTX,202605,2026-02-26 22:00:00,35877.0,35877.0,35877.0,35877.0,1
MTX,202605,2026-02-26 22:11:00,35857.0,35857.0,35857.0,35857.0,1
MTX,202605,2026-02-26 22:12:00,35876.0,35876.0,35876.0,35876.0,1
MTX,202605,2026-02-26 22:27:00,35857.0,35857.0,35846.0,35846.0,2
MTX,202605,2026-02-26 22:29:00,35846.0,35846.0,35846.0,35846.0,1
MTX,202605,2026-02-26 22:30:00,35840.0,35840.0,35787.0,35787.0,10
MTX,202605,2026-02-26 22:31:00,35780.0,35792.0,35780.0,35792.0,2
MTX,202605,2026-02-26 22:32:00,35780.0,35780.0,35762.0,35762.0,2
MTX,202605,2026-02-26 22:33:00,35750.0,35750.0,35750.0,35750.0,1
MTX,202605,2026-02-26 22:34:00,35735.0,35735.0,35733.0,35733.0,3
MTX,202605,2026-02-26 22:36:00,35731.0,35731.0,35720.0,35720.0,12
MTX,202605,2026-02-26 22:40:00,35721.0,35721.0,35700.0,35701.0,6
MTX,202605,2026-02-26 22:42:00,35697.0,35697.0,35677.0,35677.0,3
MTX,202605,2026-02-26 22:45:00,35638.0,35638.0,35600.0,35612.0,11
MTX,202605,2026-02-26 22:49:00,35590.0,35591.0,35588.0,35588.0,6
MTX,202605,2026-02-26 22:51:00,35580.0,35580.0,35550.0,35555.0,6
MTX,202605,2026-02-26 22:52:00,35521.0,35521.0,35500.0,35500.0,4
MTX,202605,2026-02-26 22:54:00,35500.0,35500.0,35500.0,35500.0,1
MTX,202605,2026-02-26 22:56:00,35515.0,35515.0,35515.0,35515.0,1
MTX,202605,2026-02-26 22:57:00,35503.0,35503.0,35503.0,35503.0,1
MTX,202605,2026-02-26 22:58:00,35466.0,35466.0,35466.0,35466.0,1
MTX,202605,2026-02-26 23:00:00,35505.0,35505.0,35505.0,35505.0,1
MTX,202605,2026-02-26 23:01:00,35487.0,35487.0,35436.0,35451.0,11
MTX,202605,2026-02-26 23:03:00,35516.0,35518.0,35516.0,35518.0,2
MTX,202605,2026-02-26 23:04:00,35550.0,35551.0,35550.0,35551.0,4
MTX,202605,2026-02-26 23:05:00,35504.0,35505.0,35504.0,35505.0,3
MTX,202605,2026-02-26 23:08:00,35505.0,35505.0,35505.0,35505.0,1
MTX,202605,2026-02-26 23:11:00,35505.0,35505.0,35505.0,35505.0,1
MTX,202605,2026-02-26 23:12:00,35448.0,35513.0,35400.0,35513.0,17
MTX,202605,2026-02-26 23:13:00,35387.0,35392.0,35381.0,35391.0,8
MTX,202605,2026-02-26 23:14:00,35351.0,35351.0,35336.0,35336.0,3
MTX,202605,2026-02-26 23:16:00,35290.0,35294.0,35287.0,35290.0,9
MTX,202605,2026-02-26 23:17:00,35300.0,35309.0,35300.0,35307.0,6
MTX,202605,2026-02-26 23:18:00,35299.0,35299.0,35287.0,35287.0,4
MTX,202605,2026-02-26 23:19:00,35265.0,35265.0,35265.0,35265.0,1
MTX,202605,2026-02-26 23:20:00,35272.0,35272.0,35232.0,35233.0,6
MTX,202605,2026-02-26 23:21:00,35233.0,35233.0,35200.0,35200.0,3
MTX,202605,2026-02-26 23:22:00,35151.0,35169.0,35151.0,35169.0,2
MTX,202605,2026-02-26 23:23:00,35188.0,35200.0,35188.0,35200.0,3
MTX,202605,2026-02-26 23:24:00,35172.0,35172.0,35172.0,35172.0,1
MTX,202605,2026-02-26 23:25:00,35170.0,35174.0,35170.0,35174.0,2
MTX,202605,2026-02-26 23:26:00,35214.0,35220.0,35214.0,35220.0,2
MTX,202605,2026-02-26 23:28:00,35175.0,35175.0,35175.0,35175.0,1
MTX,202605,2026-02-26 23:29:00,35220.0,35220.0,35220.0,35220.0,1
MTX,202605,2026-02-26 23:34:00,35188.0,35188.0,35185.0,35185.0,2
MTX,202605,2026-02-26 23:37:00,35248.0,35248.0,35248.0,35248.0,1
MTX,202605,2026-02-26 23:38:00,35316.0,35317.0,35316.0,35317.0,3
MTX,202605,2026-02-26 23:40:00,35379.0,35379.0,35370.0,35370.0,4
MTX,202605,2026-02-26 23:43:00,35341.0,35341.0,35341.0,35341.0,1
MTX,202605,2026-02-26 23:45:00,35370.0,35379.0,35362.0,35379.0,8
MTX,202605,2026-02-26 23:46:00,35338.0,35338.0,35338.0,35338.0,1
MTX,202605,2026-02-26 23:47:00,35341.0,35341.0,35341.0,35341.0,1
MTX,202605,2026-02-26 23:48:00,35388.0,35388.0,35388.0,35388.0,1
MTX,202605,2026-02-26 23:52:00,35382.0,35382.0,35382.0,35382.0,1
MTX,202605,2026-02-26 23:53:00,35368.0,35368.0,35368.0,35368.0,2
MTX,202605,2026-02-26 23:54:00,35368.0,35368.0,35368.0,35368.0,1
MTX,202605,2026-02-26 23:55:00,35360.0,35360.0,35360.0,35360.0,1
MTX,202605,2026-02-26 23:56:00,35360.0,35360.0,35338.0,35338.0,2
MTX,202605,2026-02-26 23:59:00,35333.0,35333.0,35333.0,35333.0,1
MTX,202605,2026-02-27 00:03:00,35352.0,35359.0,35346.0,35359.0,3
MTX,202605,2026-02-27 00:06:00,35322.0,35322.0,35322.0,35322.0,1
MTX,202605,2026-02-27 00:11:00,35326.0,35326.0,35326.0,35326.0,1
MTX,202605,2026-02-27 00:16:00,35368.0,35368.0,35368.0,35368.0,1
MTX,202605,2026-02-27 00:21:00,35375.0,35375.0,35375.0,35375.0,2
MTX,202605,2026-02-27 00:22:00,35420.0,35420.0,35420.0,35420.0,1
MTX,202605,2026-02-27 00:23:00,35423.0,35423.0,35418.0,35418.0,3
MTX,202605,2026-02-27 00:25:00,35450.0,35450.0,35450.0,35450.0,1
MTX,202605,2026-02-27 00:31:00,35400.0,35400.0,35398.0,35398.0,2
MTX,202605,2026-02-27 00:36:00,35368.0,35368.0,35368.0,35368.0,1
MTX,202605,2026-02-27 00:38:00,35330.0,35330.0,35330.0,35330.0,1
MTX,202605,2026-02-27 00:43:00,35345.0,35345.0,35345.0,35345.0,1
MTX,202605,2026-02-27 00:44:00,35300.0,35300.0,35270.0,35270.0,3
MTX,202605,2026-02-27 00:46:00,35250.0,35250.0,35228.0,35241.0,11
MTX,202605,2026-02-27 00:53:00,35240.0,35240.0,35240.0,35240.0,1
MTX,202605,2026-02-27 00:54:00,35220.0,35220.0,35220.0,35220.0,1
MTX,202605,2026-02-27 00:55:00,35209.0,35209.0,35209.0,35209.0,1
MTX,202605,2026-02-27 00:57:00,35195.0,35195.0,35191.0,35191.0,2
MTX,202605,2026-02-27 00:58:00,35185.0,35185.0,35185.0,35185.0,2
MTX,202605,2026-02-27 01:01:00,35249.0,35249.0,35249.0,35249.0,1
MTX,202605,2026-02-27 01:11:00,35285.0,35285.0,35285.0,35285.0,1
MTX,202605,2026-02-27 01:12:00,35294.0,35294.0,35294.0,35294.0,1
MTX,202605,2026-02-27 01:14:00,35250.0,35250.0,35249.0,35249.0,2
MTX,202605,2026-02-27 01:51:00,35231.0,35231.0,35231.0,35231.0,1
MTX,202605,2026-02-27 01:58:00,35231.0,35231.0,35231.0,35231.0,1
MTX,202605,2026-02-27 02:01:00,35226.0,35226.0,35226.0,35226.0,2
MTX,202605,2026-02-27 02:06:00,35226.0,35226.0,35226.0,35226.0,1
MTX,202605,2026-02-27 02:08:00,35197.0,35197.0,35195.0,35195.0,2
MTX,202605,2026-02-27 02:17:00,35251.0,35251.0,35251.0,35251.0,1
MTX,202605,2026-02-27 02:18:00,35280.0,35280.0,35280.0,35280.0,1
MTX,202605,2026-02-27 02:34:00,35344.0,35344.0,35344.0,35344.0,1
MTX,202605,2026-02-27 02:36:00,35350.0,35365.0,35350.0,35365.0,2
MTX,202605,2026-02-27 02:39:00,35400.0,35400.0,35400.0,35400.0,2
MTX,202605,2026-02-27 02:45:00,35360.0,35360.0,35360.0,35360.0,1
MTX,202605,2026-02-27 03:08:00,35372.0,35372.0,35372.0,35372.0,1
MTX,202605,2026-02-27 03:16:00,35420.0,35420.0,35420.0,35420.0,1
MTX,202605,2026-02-27 03:38:00,35390.0,35390.0,35390.0,35390.0,1
MTX,202605,2026-02-27 03:49:00,35405.0,35405.0,35400.0,35400.0,2
MTX,202605,2026-02-27 04:57:00,35346.0,35346.0,35346.0,35346.0,1
MTX,202606,2026-02-26 15:46:00,36040.0,36040.0,36040.0,36040.0,1
MTX,202606,2026-02-26 15:47:00,36030.0,36030.0,36030.0,36030.0,1
MTX,202606,2026-02-26 15:57:00,36035.0,36035.0,36035.0,36035.0,1
MTX,202606,2026-02-26 16:05:00,36035.0,36035.0,36035.0,36035.0,1
MTX,202606,2026-02-26 16:17:00,36068.0,36068.0,36068.0,36068.0,2
MTX,202606,2026-02-26 16:33:00,36035.0,36035.0,36035.0,36035.0,1
MTX,202606,2026-02-26 16:45:00,36035.0,36035.0,36035.0,36035.0,2
MTX,202606,2026-02-26 17:30:00,36103.0,36103.0,36102.0,36102.0,2
MTX,202606,2026-02-26 18:20:00,36030.0,36030.0,36030.0,36030.0,1
MTX,202606,2026-02-26 18:31:00,36030.0,36030.0,36030.0,36030.0,1
MTX,202606,2026-02-26 18:36:00,36044.0,36044.0,36044.0,36044.0,1
MTX,202606,2026-02-26 18:37:00,36043.0,36043.0,36043.0,36043.0,1
MTX,202606,2026-02-26 18:42:00,36045.0,36045.0,36045.0,36045.0,1
MTX,202606,2026-02-26 18:59:00,35959.0,35959.0,35959.0,35959.0,1
MTX,202606,2026-02-26 20:01:00,36002.0,36002.0,36002.0,36002.0,1
MTX,202606,2026-02-26 20:12:00,36002.0,36002.0,36002.0,36002.0,1
MTX,202606,2026-02-26 20:19:00,36011.0,36011.0,36010.0,36010.0,2
MTX,202606,2026-02-26 20:31:00,36040.0,36040.0,36040.0,36040.0,1
MTX,202606,2026-02-26 21:52:00,35950.0,35950.0,35950.0,35950.0,2
MTX,202606,2026-02-26 21:55:00,35926.0,35926.0,35926.0,35926.0,1
MTX,202606,2026-02-26 21:58:00,35928.0,35928.0,35928.0,35928.0,1
MTX,202606,2026-02-26 22:01:00,35937.0,35937.0,35937.0,35937.0,1
MTX,202606,2026-02-26 22:09:00,35909.0,35909.0,35900.0,35900.0,2
MTX,202606,2026-02-26 22:10:00,35888.0,35888.0,35888.0,35888.0,1
MTX,202606,2026-02-26 22:12:00,35915.0,35921.0,35915.0,35921.0,2
MTX,202606,2026-02-26 22:15:00,35922.0,35922.0,35922.0,35922.0,1
MTX,202606,2026-02-26 22:30:00,35856.0,35856.0,35825.0,35825.0,4
MTX,202606,2026-02-26 22:31:00,35813.0,35851.0,35783.0,35839.0,11
MTX,202606,2026-02-26 22:32:00,35821.0,35821.0,35821.0,35821.0,1
MTX,202606,2026-02-26 22:34:00,35784.0,35791.0,35772.0,35772.0,5
MTX,202606,2026-02-26 22:35:00,35793.0,35818.0,35793.0,35804.0,3
MTX,202606,2026-02-26 22:36:00,35794.0,35794.0,35755.0,35755.0,28
MTX,202606,2026-02-26 22:39:00,35792.0,35792.0,35792.0,35792.0,1
MTX,202606,2026-02-26 22:40:00,35768.0,35768.0,35748.0,35748.0,13
MTX,202606,2026-02-26 22:41:00,35730.0,35756.0,35730.0,35756.0,2
MTX,202606,2026-02-26 22:42:00,35720.0,35720.0,35720.0,35720.0,2
MTX,202606,2026-02-26 22:43:00,35701.0,35701.0,35701.0,35701.0,1
MTX,202606,2026-02-26 22:45:00,35668.0,35668.0,35655.0,35655.0,8
MTX,202606,2026-02-26 22:50:00,35670.0,35670.0,35670.0,35670.0,2
MTX,202606,2026-02-26 22:51:00,35605.0,35605.0,35600.0,35600.0,3
MTX,202606,2026-02-26 22:59:00,35550.0,35550.0,35550.0,35550.0,1
MTX,202606,2026-02-26 23:00:00,35545.0,35545.0,35545.0,35545.0,1
MTX,202606,2026-02-26 23:01:00,35498.0,35498.0,35493.0,35493.0,3
MTX,202606,2026-02-26 23:02:00,35497.0,35505.0,35497.0,35505.0,2
MTX,202606,2026-02-26 23:03:00,35568.0,35568.0,35568.0,35568.0,1
MTX,202606,2026-02-26 23:10:00,35539.0,35539.0,35539.0,35539.0,1
MTX,202606,2026-02-26 23:12:00,35475.0,35475.0,35456.0,35456.0,8
MTX,202606,2026-02-26 23:13:00,35432.0,35432.0,35432.0,35432.0,1
MTX,202606,2026-02-26 23:14:00,35401.0,35401.0,35400.0,35400.0,3
MTX,202606,2026-02-26 23:15:00,35370.0,35370.0,35360.0,35362.0,4
MTX,202606,2026-02-26 23:18:00,35350.0,35350.0,35350.0,35350.0,1
MTX,202606,2026-02-26 23:21:00,35250.0,35250.0,35250.0,35250.0,1
MTX,202606,2026-02-26 23:22:00,35192.0,35192.0,35192.0,35192.0,2
MTX,202606,2026-02-26 23:23:00,35216.0,35216.0,35216.0,35216.0,1
MTX,202606,2026-02-26 23:24:00,35203.0,35203.0,35203.0,35203.0,1
MTX,202606,2026-02-26 23:30:00,35269.0,35269.0,35269.0,35269.0,1
MTX,202606,2026-02-26 23:31:00,35275.0,35275.0,35275.0,35275.0,1
MTX,202606,2026-02-26 23:36:00,35275.0,35275.0,35275.0,35275.0,1
MTX,202606,2026-02-26 23:38:00,35330.0,35330.0,35330.0,35330.0,1
MTX,202606,2026-02-26 23:40:00,35419.0,35419.0,35419.0,35419.0,1
MTX,202606,2026-02-26 23:46:00,35400.0,35400.0,35400.0,35400.0,1
MTX,202606,2026-02-26 23:47:00,35400.0,35400.0,35400.0,35400.0,1
MTX,202606,2026-02-26 23:48:00,35422.0,35422.0,35422.0,35422.0,1
MTX,202606,2026-02-26 23:49:00,35422.0,35422.0,35422.0,35422.0,1
MTX,202606,2026-02-26 23:51:00,35400.0,35400.0,35400.0,35400.0,1
MTX,202606,2026-02-26 23:56:00,35400.0,35400.0,35400.0,35400.0,1
MTX,202606,2026-02-27 00:06:00,35358.0,35358.0,35356.0,35356.0,4
MTX,202606,2026-02-27 00:07:00,35370.0,35370.0,35370.0,35370.0,1
MTX,202606,2026-02-27 00:13:00,35370.0,35370.0,35370.0,35370.0,2
MTX,202606,2026-02-27 00:23:00,35462.0,35462.0,35462.0,35462.0,1
MTX,202606,2026-02-27 00:27:00,35474.0,35474.0,35474.0,35474.0,1
MTX,202606,2026-02-27 00:28:00,35488.0,35488.0,35488.0,35488.0,1
MTX,202606,2026-02-27 00:51:00,35316.0,35316.0,35316.0,35316.0,1
MTX,202606,2026-02-27 00:58:00,35233.0,35233.0,35233.0,35233.0,2
MTX,202606,2026-02-27 02:39:00,35428.0,35428.0,35428.0,35428.0,1
MTX,202606,2026-02-27 03:23:00,35440.0,35440.0,35440.0,35440.0,1
MTX,202606,2026-02-27 03:38:00,35434.0,35434.0,35434.0,35434.0,1
MTX,202606,2026-02-27 03:53:00,35440.0,35440.0,35440.0,35440.0,1
MTX,202606,2026-02-27 04:25:00,35382.0,35382.0,35382.0,35382.0,1
MTX,202609,2026-02-26 15:32:00,35860.0,35865.0,35860.0,35865.0,2
MTX,202609,2026-02-26 15:34:00,35887.0,35888.0,35887.0,35888.0,2
MTX,202609,2026-02-26 15:35:00,35888.0,35889.0,35886.0,35886.0,3
MTX,202609,2026-02-26 15:38:00,35880.0,35880.0,35880.0,35880.0,1
MTX,202609,2026-02-26 15:39:00,35882.0,35882.0,35882.0,35882.0,1
MTX,202609,2026-02-26 15:42:00,35900.0,35900.0,35900.0,35900.0,2
MTX,202609,2026-02-26 15:45:00,35928.0,35928.0,35928.0,35928.0,1
MTX,202609,2026-02-26 15:48:00,35921.0,35921.0,35908.0,35908.0,3
MTX,202609,2026-02-26 15:49:00,35923.0,35923.0,35923.0,35923.0,1
MTX,202609,2026-02-26 15:52:00,35905.0,35905.0,35905.0,35905.0,1
MTX,202609,2026-02-26 16:16:00,35960.0,35960.0,35960.0,35960.0,1
MTX,202609,2026-02-26 16:18:00,35965.0,35970.0,35965.0,35970.0,2
MTX,202609,2026-02-26 16:24:00,35972.0,35972.0,35972.0,35972.0,2
MTX,202609,2026-02-26 16:27:00,35966.0,35966.0,35964.0,35964.0,2
MTX,202609,2026-02-26 16:28:00,35964.0,35964.0,35964.0,35964.0,1
MTX,202609,2026-02-26 16:31:00,35959.0,35959.0,35950.0,35950.0,2
MTX,202609,2026-02-26 16:36:00,35941.0,35941.0,35941.0,35941.0,1
MTX,202609,2026-02-26 16:37:00,35927.0,35927.0,35927.0,35927.0,1
MTX,202609,2026-02-26 16:55:00,35908.0,35908.0,35908.0,35908.0,1
MTX,202609,2026-02-26 17:05:00,35934.0,35934.0,35934.0,35934.0,1
MTX,202609,2026-02-26 17:08:00,35950.0,35950.0,35950.0,35950.0,2
MTX,202609,2026-02-26 17:13:00,35979.0,35979.0,35979.0,35979.0,1
MTX,202609,2026-02-26 17:16:00,35986.0,35986.0,35986.0,35986.0,1
MTX,202609,2026-02-26 17:35:00,35998.0,35998.0,35997.0,35997.0,2
MTX,202609,2026-02-26 17:37:00,36000.0,36000.0,36000.0,36000.0,1
MTX,202609,2026-02-26 17:49:00,36010.0,36010.0,36010.0,36010.0,1
MTX,202609,2026-02-26 18:45:00,35939.0,35939.0,35939.0,35939.0,1
MTX,202609,2026-02-26 18:52:00,35936.0,35936.0,35936.0,35936.0,1
MTX,202609,2026-02-26 18:57:00,35901.0,35901.0,35890.0,35890.0,2
MTX,202609,2026-02-26 19:02:00,35890.0,35890.0,35890.0,35890.0,1
MTX,202609,2026-02-26 19:05:00,35888.0,35888.0,35888.0,35888.0,1
MTX,202609,2026-02-26 19:11:00,35908.0,35908.0,35908.0,35908.0,1
MTX,202609,2026-02-26 19:58:00,35911.0,35911.0,35911.0,35911.0,2
MTX,202609,2026-02-26 19:59:00,35902.0,35902.0,35902.0,35902.0,2
MTX,202609,2026-02-26 20:31:00,35944.0,35944.0,35944.0,35944.0,3
MTX,202609,2026-02-26 20:34:00,35944.0,35944.0,35944.0,35944.0,2
MTX,202609,2026-02-26 20:35:00,35937.0,35937.0,35937.0,35937.0,1
MTX,202609,2026-02-26 20:46:00,35895.0,35895.0,35895.0,35895.0,1
MTX,202609,2026-02-26 20:50:00,35894.0,35894.0,35894.0,35894.0,1
MTX,202609,2026-02-26 20:51:00,35880.0,35880.0,35880.0,35880.0,1
MTX,202609,2026-02-26 20:52:00,35880.0,35880.0,35880.0,35880.0,1
MTX,202609,2026-02-26 20:56:00,35880.0,35891.0,35880.0,35891.0,2
MTX,202609,2026-02-26 20:57:00,35873.0,35873.0,35872.0,35872.0,2
MTX,202609,2026-02-26 21:00:00,35880.0,35880.0,35880.0,35880.0,1
MTX,202609,2026-02-26 21:09:00,35889.0,35889.0,35887.0,35887.0,6
MTX,202609,2026-02-26 21:15:00,35890.0,35890.0,35889.0,35889.0,8
MTX,202609,2026-02-26 21:28:00,35914.0,35914.0,35914.0,35914.0,1
MTX,202609,2026-02-26 21:44:00,35873.0,35873.0,35870.0,35870.0,2
MTX,202609,2026-02-26 21:51:00,35862.0,35862.0,35862.0,35862.0,1
MTX,202609,2026-02-26 21:52:00,35850.0,35850.0,35850.0,35850.0,1
MTX,202609,2026-02-26 21:54:00,35821.0,35821.0,35821.0,35821.0,1
MTX,202609,2026-02-26 22:00:00,35800.0,35800.0,35800.0,35800.0,1
MTX,202609,2026-02-26 22:09:00,35800.0,35800.0,35800.0,35800.0,1
MTX,202609,2026-02-26 22:30:00,35725.0,35725.0,35722.0,35722.0,3
MTX,202609,2026-02-26 22:31:00,35700.0,35710.0,35684.0,35710.0,8
MTX,202609,2026-02-26 22:34:00,35675.0,35675.0,35675.0,35675.0,1
MTX,202609,2026-02-26 22:35:00,35709.0,35710.0,35709.0,35710.0,4
MTX,202609,2026-02-26 22:36:00,35698.0,35698.0,35659.0,35659.0,5
MTX,202609,2026-02-26 22:37:00,35671.0,35671.0,35671.0,35671.0,1
MTX,202609,2026-02-26 22:45:00,35551.0,35551.0,35550.0,35550.0,3
MTX,202609,2026-02-26 22:47:00,35579.0,35579.0,35579.0,35579.0,1
MTX,202609,2026-02-26 22:48:00,35530.0,35530.0,35530.0,35530.0,1
MTX,202609,2026-02-26 22:49:00,35521.0,35521.0,35521.0,35521.0,2
MTX,202609,2026-02-26 22:51:00,35500.0,35500.0,35500.0,35500.0,2
MTX,202609,2026-02-26 22:52:00,35450.0,35450.0,35450.0,35450.0,1
MTX,202609,2026-02-26 22:54:00,35446.0,35446.0,35446.0,35446.0,1
MTX,202609,2026-02-26 22:55:00,35461.0,35461.0,35461.0,35461.0,1
MTX,202609,2026-02-26 22:56:00,35446.0,35446.0,35446.0,35446.0,1
MTX,202609,2026-02-26 23:00:00,35427.0,35427.0,35427.0,35427.0,1
MTX,202609,2026-02-26 23:01:00,35373.0,35373.0,35363.0,35367.0,3
MTX,202609,2026-02-26 23:09:00,35440.0,35440.0,35440.0,35440.0,1
MTX,202609,2026-02-26 23:10:00,35429.0,35432.0,35422.0,35432.0,5
MTX,202609,2026-02-26 23:11:00,35436.0,35436.0,35430.0,35432.0,4
MTX,202609,2026-02-26 23:12:00,35380.0,35380.0,35322.0,35322.0,3
MTX,202609,2026-02-26 23:13:00,35320.0,35330.0,35320.0,35326.0,5
MTX,202609,2026-02-26 23:14:00,35308.0,35308.0,35308.0,35308.0,1
MTX,202609,2026-02-26 23:15:00,35268.0,35268.0,35230.0,35230.0,2
MTX,202609,2026-02-26 23:16:00,35205.0,35205.0,35201.0,35204.0,3
MTX,202609,2026-02-26 23:17:00,35246.0,35256.0,35245.0,35247.0,7
MTX,202609,2026-02-26 23:18:00,35244.0,35244.0,35244.0,35244.0,1
MTX,202609,2026-02-26 23:19:00,35200.0,35200.0,35200.0,35200.0,2
MTX,202609,2026-02-26 23:20:00,35196.0,35196.0,35196.0,35196.0,1
MTX,202609,2026-02-26 23:21:00,35140.0,35140.0,35140.0,35140.0,1
MTX,202609,2026-02-26 23:23:00,35104.0,35104.0,35104.0,35104.0,1
MTX,202609,2026-02-26 23:24:00,35112.0,35112.0,35100.0,35100.0,2
MTX,202609,2026-02-26 23:30:00,35140.0,35142.0,35140.0,35142.0,2
MTX,202609,2026-02-26 23:32:00,35142.0,35142.0,35142.0,35142.0,1
MTX,202609,2026-02-26 23:37:00,35176.0,35214.0,35176.0,35214.0,4
MTX,202609,2026-02-26 23:40:00,35302.0,35307.0,35302.0,35307.0,3
MTX,202609,2026-02-26 23:42:00,35284.0,35285.0,35260.0,35260.0,3
MTX,202609,2026-02-26 23:45:00,35306.0,35306.0,35306.0,35306.0,2
MTX,202609,2026-02-26 23:46:00,35305.0,35305.0,35305.0,35305.0,1
MTX,202609,2026-02-26 23:54:00,35312.0,35312.0,35312.0,35312.0,1
MTX,202609,2026-02-27 00:06:00,35277.0,35277.0,35260.0,35260.0,2
MTX,202609,2026-02-27 00:11:00,35260.0,35260.0,35260.0,35260.0,1
MTX,202609,2026-02-27 00:21:00,35320.0,35320.0,35320.0,35320.0,1
MTX,202609,2026-02-27 00:22:00,35358.0,35365.0,35358.0,35365.0,4
MTX,202609,2026-02-27 00:27:00,35365.0,35372.0,35365.0,35372.0,3
MTX,202609,2026-02-27 00:29:00,35370.0,35370.0,35360.0,35360.0,2
MTX,202609,2026-02-27 00:38:00,35266.0,35266.0,35266.0,35266.0,1
MTX,202609,2026-02-27 00:44:00,35214.0,35214.0,35214.0,35214.0,1
MTX,202609,2026-02-27 00:46:00,35177.0,35177.0,35168.0,35168.0,7
MTX,202609,2026-02-27 01:10:00,35204.0,35204.0,35204.0,35204.0,1
MTX,202612,2026-02-26 15:02:00,36080.0,36080.0,36080.0,36080.0,2
MTX,202612,2026-02-26 15:42:00,36206.0,36206.0,36206.0,36206.0,1
MTX,202612,2026-02-26 16:04:00,36201.0,36201.0,36201.0,36201.0,1
MTX,202612,2026-02-26 16:19:00,36250.0,36250.0,36250.0,36250.0,1
MTX,202612,2026-02-26 16:21:00,36255.0,36281.0,36254.0,36281.0,3
MTX,202612,2026-02-26 17:12:00,36225.0,36225.0,36219.0,36219.0,20
MTX,202612,2026-02-26 17:49:00,36297.0,36297.0,36297.0,36297.0,1
MTX,202612,2026-02-26 18:51:00,36173.0,36173.0,36173.0,36173.0,1
MTX,202612,2026-02-26 19:30:00,36170.0,36170.0,36170.0,36170.0,1
MTX,202612,2026-02-26 21:28:00,36173.0,36173.0,36173.0,36173.0,1
MTX,202612,2026-02-26 21:54:00,36100.0,36100.0,36100.0,36100.0,1
MTX,202612,2026-02-26 22:10:00,36059.0,36059.0,36059.0,36059.0,1
MTX,202612,2026-02-26 22:36:00,35905.0,35905.0,35905.0,35905.0,1
MTX,202612,2026-02-26 22:40:00,35900.0,35900.0,35900.0,35900.0,1
MTX,202612,2026-02-26 22:41:00,35901.0,35901.0,35901.0,35901.0,1
MTX,202612,2026-02-26 22:45:00,35841.0,35841.0,35841.0,35841.0,1
MTX,202612,2026-02-26 22:48:00,35801.0,35801.0,35801.0,35801.0,1
MTX,202612,2026-02-26 22:50:00,35815.0,35815.0,35815.0,35815.0,4
MTX,202612,2026-02-26 22:51:00,35751.0,35751.0,35748.0,35748.0,5
MTX,202612,2026-02-26 22:56:00,35711.0,35711.0,35711.0,35711.0,3
MTX,202612,2026-02-26 23:06:00,35711.0,35711.0,35711.0,35711.0,1
MTX,202612,2026-02-26 23:09:00,35718.0,35718.0,35661.0,35692.0,10
MTX,202612,2026-02-26 23:10:00,35699.0,35699.0,35699.0,35699.0,1
MTX,202612,2026-02-26 23:11:00,35698.0,35703.0,35698.0,35700.0,3
MTX,202612,2026-02-26 23:13:00,35597.0,35597.0,35597.0,35597.0,1
MTX,202612,2026-02-26 23:14:00,35595.0,35603.0,35560.0,35560.0,6
MTX,202612,2026-02-26 23:15:00,35527.0,35527.0,35527.0,35527.0,1
MTX,202612,2026-02-26 23:16:00,35496.0,35496.0,35496.0,35496.0,1
MTX,202612,2026-02-26 23:18:00,35514.0,35518.0,35509.0,35518.0,5
MTX,202612,2026-02-26 23:19:00,35470.0,35470.0,35470.0,35470.0,1
MTX,202612,2026-02-26 23:20:00,35470.0,35470.0,35470.0,35470.0,1
MTX,202612,2026-02-26 23:21:00,35420.0,35420.0,35400.0,35400.0,2
MTX,202612,2026-02-26 23:22:00,35378.0,35378.0,35378.0,35378.0,1
MTX,202612,2026-02-26 23:24:00,35352.0,35396.0,35352.0,35396.0,2
MTX,202612,2026-02-26 23:25:00,35389.0,35389.0,35389.0,35389.0,1
MTX,202612,2026-02-26 23:26:00,35472.0,35510.0,35472.0,35510.0,2
MTX,202612,2026-02-26 23:34:00,35397.0,35397.0,35397.0,35397.0,1
MTX,202612,2026-02-26 23:36:00,35450.0,35453.0,35450.0,35453.0,2
MTX,202612,2026-02-26 23:39:00,35545.0,35545.0,35545.0,35545.0,1
MTX,202612,2026-02-26 23:49:00,35600.0,35600.0,35600.0,35600.0,1
MTX,202612,2026-02-27 00:02:00,35554.0,35554.0,35554.0,35554.0,1
MTX,202612,2026-02-27 00:44:00,35514.0,35514.0,35500.0,35500.0,2
MTX,202612,2026-02-27 01:21:00,35465.0,35465.0,35465.0,35465.0,1
MTX,202612,2026-02-27 01:31:00,35465.0,35465.0,35465.0,35465.0,1
MTX,202612,2026-02-27 02:39:00,35600.0,35600.0,35600.0,35600.0,1
MTX,202612,2026-02-27 04:18:00,35562.0,35562.0,35562.0,35562.0,1
NYF,202603,2026-02-26 17:25:00,81.85,81.85,81.8,81.8,7
NYF,202603,2026-02-26 17:26:00,81.85,81.9,81.85,81.9,15
NYF,202603,2026-02-26 17:27:00,81.9,81.95,81.9,81.95,14
NYF,202603,2026-02-26 17:28:00,81.95,81.95,81.95,81.95,4
NYF,202603,2026-02-26 17:30:00,81.95,81.95,81.95,81.95,16
NYF,202603,2026-02-26 17:31:00,81.95,81.95,81.95,81.95,1
NYF,202603,2026-02-26 17:32:00,82.0,82.0,81.95,81.95,2
NYF,202603,2026-02-26 17:33:00,81.95,81.95,81.95,81.95,2
NYF,202603,2026-02-26 17:34:00,81.95,81.95,81.95,81.95,2
NYF,202603,2026-02-26 17:35:00,81.95,81.95,81.95,81.95,5
NYF,202603,2026-02-26 17:36:00,81.95,81.95,81.95,81.95,1
NYF,202603,2026-02-26 17:37:00,81.95,81.95,81.95,81.95,4
NYF,202603,2026-02-26 17:39:00,82.0,82.0,82.0,82.0,8
NYF,202603,2026-02-26 17:40:00,81.95,82.0,81.95,81.95,19
NYF,202603,2026-02-26 17:41:00,81.95,81.95,81.95,81.95,1
NYF,202603,2026-02-26 17:43:00,82.0,82.0,82.0,82.0,22
NYF,202603,2026-02-26 17:44:00,82.0,82.0,82.0,82.0,1
NYF,202603,2026-02-26 17:46:00,82.0,82.05,82.0,82.05,10
NYF,202603,2026-02-26 17:48:00,82.05,82.05,82.05,82.05,3
NYF,202603,2026-02-26 17:50:00,82.0,82.0,82.0,82.0,3
NYF,202603,2026-02-26 17:53:00,82.0,82.0,82.0,82.0,2
NYF,202603,2026-02-26 17:55:00,81.95,81.95,81.95,81.95,4
NYF,202603,2026-02-26 17:58:00,81.9,81.9,81.9,81.9,6
NYF,202603,2026-02-26 17:59:00,81.9,81.9,81.9,81.9,1
NYF,202603,2026-02-26 18:01:00,81.9,81.9,81.9,81.9,1
NYF,202603,2026-02-26 18:04:00,81.9,81.9,81.9,81.9,1
NYF,202603,2026-02-26 18:05:00,81.9,81.9,81.9,81.9,2
NYF,202603,2026-02-26 18:06:00,81.9,81.9,81.9,81.9,1
NYF,202603,2026-02-26 18:07:00,81.9,81.9,81.9,81.9,2
NYF,202603,2026-02-26 18:12:00,81.9,81.9,81.9,81.9,5
NYF,202603,2026-02-26 18:14:00,81.9,81.9,81.9,81.9,4
NYF,202603,2026-02-26 18:15:00,81.9,81.9,81.9,81.9,2
NYF,202603,2026-02-26 18:16:00,81.9,81.9,81.9,81.9,2
NYF,202603,2026-02-26 18:19:00,81.85,81.85,81.8,81.8,14
NYF,202603,2026-02-26 18:20:00,81.8,81.8,81.8,81.8,6
NYF,202603,2026-02-26 18:22:00,81.8,81.8,81.8,81.8,2
NYF,202603,2026-02-26 18:23:00,81.8,81.8,81.8,81.8,2
NYF,202603,2026-02-26 18:27:00,81.8,81.8,81.8,81.8,2
NYF,202603,2026-02-26 18:28:00,81.8,81.8,81.8,81.8,1
NYF,202603,2026-02-26 18:30:00,81.8,81.8,81.8,81.8,2
NYF,202603,2026-02-26 18:31:00,81.85,81.85,81.85,81.85,1
NYF,202603,2026-02-26 18:32:00,81.9,81.9,81.9,81.9,1
NYF,202603,2026-02-26 18:38:00,81.85,81.85,81.85,81.85,13
NYF,202603,2026-02-26 18:40:00,81.9,81.9,81.9,81.9,5
NYF,202603,2026-02-26 18:41:00,81.9,81.9,81.9,81.9,1
NYF,202603,2026-02-26 18:42:00,81.9,81.9,81.9,81.9,1
NYF,202603,2026-02-26 18:44:00,81.9,81.9,81.9,81.9,2
NYF,202603,2026-02-26 18:45:00,81.9,81.9,81.9,81.9,3
NYF,202603,2026-02-26 18:46:00,81.9,81.9,81.9,81.9,1
NYF,202603,2026-02-26 18:48:00,81.9,81.9,81.9,81.9,2
NYF,202603,2026-02-26 18:50:00,81.9,81.9,81.9,81.9,1
NYF,202603,2026-02-26 18:51:00,81.85,81.85,81.85,81.85,2
NYF,202603,2026-02-26 18:55:00,81.85,81.85,81.8,81.8,23
NYF,202603,2026-02-26 18:56:00,81.8,81.8,81.8,81.8,7
NYF,202603,2026-02-26 18:57:00,81.8,81.8,81.8,81.8,1
NYF,202603,2026-02-26 18:58:00,81.75,81.75,81.75,81.75,8
NYF,202603,2026-02-26 18:59:00,81.7,81.7,81.7,81.7,12
NYF,202603,2026-02-26 19:00:00,81.7,81.75,81.7,81.75,7
NYF,202603,2026-02-26 19:03:00,81.75,81.75,81.75,81.75,2
NYF,202603,2026-02-26 19:04:00,81.75,81.75,81.75,81.75,8
NYF,202603,2026-02-26 19:07:00,81.8,81.85,81.8,81.8,6
NYF,202603,2026-02-26 19:08:00,81.85,81.85,81.85,81.85,8
NYF,202603,2026-02-26 19:09:00,81.85,81.85,81.85,81.85,2
NYF,202603,2026-02-26 19:10:00,81.85,81.85,81.85,81.85,5
NYF,202603,2026-02-26 19:11:00,81.85,81.85,81.85,81.85,2
NYF,202603,2026-02-26 19:17:00,81.8,81.8,81.8,81.8,1
NYF,202603,2026-02-26 19:18:00,81.8,81.8,81.8,81.8,3
NYF,202603,2026-02-26 19:19:00,81.8,81.8,81.8,81.8,1
NYF,202603,2026-02-26 19:21:00,81.8,81.8,81.8,81.8,1
NYF,202603,2026-02-26 19:22:00,81.8,81.8,81.8,81.8,1
NYF,202603,2026-02-26 19:26:00,81.8,81.8,81.8,81.8,2
NYF,202603,2026-02-26 19:29:00,81.8,81.8,81.8,81.8,2
NYF,202603,2026-02-26 19:34:00,81.8,81.8,81.8,81.8,2
NYF,202603,2026-02-26 19:43:00,81.8,81.8,81.8,81.8,5
NYF,202603,2026-02-26 19:44:00,81.8,81.8,81.8,81.8,2
NYF,202603,2026-02-26 19:45:00,81.8,81.8,81.8,81.8,1
NYF,202603,2026-02-26 19:46:00,81.8,81.8,81.8,81.8,2
NYF,202603,2026-02-26 19:49:00,81.8,81.8,81.8,81.8,1
NYF,202603,2026-02-26 19:50:00,81.8,81.8,81.8,81.8,2
NYF,202603,2026-02-26 19:52:00,81.8,81.8,81.8,81.8,16
NYF,202603,2026-02-26 19:54:00,81.8,81.8,81.8,81.8,11
NYF,202603,2026-02-26 19:55:00,81.8,81.8,81.8,81.8,2
NYF,202603,2026-02-26 19:56:00,81.8,81.8,81.8,81.8,1
NYF,202603,2026-02-26 19:59:00,81.8,81.8,81.8,81.8,1
NYF,202603,2026-02-26 20:00:00,81.8,81.85,81.8,81.85,3
NYF,202603,2026-02-26 20:01:00,81.8,81.8,81.8,81.8,2
NYF,202603,2026-02-26 20:02:00,81.8,81.8,81.8,81.8,2
NYF,202603,2026-02-26 20:05:00,81.8,81.8,81.8,81.8,1
NYF,202603,2026-02-26 20:07:00,81.8,81.8,81.8,81.8,1
NYF,202603,2026-02-26 20:10:00,81.8,81.8,81.8,81.8,2
NYF,202603,2026-02-26 20:12:00,81.8,81.8,81.8,81.8,1
NYF,202603,2026-02-26 20:17:00,81.8,81.8,81.8,81.8,2
NYF,202603,2026-02-26 20:19:00,81.8,81.8,81.8,81.8,8
NYF,202603,2026-02-26 20:24:00,81.85,81.85,81.85,81.85,1
NYF,202603,2026-02-26 20:26:00,81.85,81.85,81.85,81.85,3
NYF,202603,2026-02-26 20:27:00,81.85,81.85,81.85,81.85,1
NYF,202603,2026-02-26 20:28:00,81.85,81.85,81.85,81.85,3
NYF,202603,2026-02-26 20:29:00,81.9,81.9,81.9,81.9,1
NYF,202603,2026-02-26 20:30:00,81.9,81.9,81.9,81.9,3
NYF,202603,2026-02-26 20:31:00,81.95,81.95,81.95,81.95,1
NYF,202603,2026-02-26 20:35:00,81.95,81.95,81.95,81.95,1
NYF,202603,2026-02-26 20:36:00,81.95,81.95,81.9,81.9,3
NYF,202603,2026-02-26 20:37:00,81.9,81.9,81.85,81.85,2
NYF,202603,2026-02-26 20:39:00,81.85,81.85,81.85,81.85,2
NYF,202603,2026-02-26 20:45:00,81.85,81.85,81.85,81.85,2
NYF,202603,2026-02-26 20:46:00,81.8,81.8,81.8,81.8,2
NYF,202603,2026-02-26 20:47:00,81.8,81.8,81.8,81.8,1
NYF,202603,2026-02-26 20:49:00,81.8,81.8,81.8,81.8,4
NYF,202603,2026-02-26 20:51:00,81.8,81.8,81.8,81.8,2
NYF,202603,2026-02-26 20:52:00,81.8,81.8,81.8,81.8,5
NYF,202603,2026-02-26 20:53:00,81.8,81.8,81.8,81.8,17
NYF,202603,2026-02-26 20:54:00,81.8,81.8,81.75,81.75,3
NYF,202603,2026-02-26 21:04:00,81.8,81.8,81.8,81.8,2
NYF,202603,2026-02-26 21:05:00,81.8,81.8,81.8,81.8,1
NYF,202603,2026-02-26 21:09:00,81.8,81.8,81.8,81.8,1
NYF,202603,2026-02-26 21:11:00,81.8,81.8,81.8,81.8,5
NYF,202603,2026-02-26 21:12:00,81.75,81.8,81.75,81.8,9
NYF,202603,2026-02-26 21:18:00,81.8,81.8,81.8,81.8,5
NYF,202603,2026-02-26 21:19:00,81.8,81.8,81.8,81.8,2
NYF,202603,2026-02-26 21:21:00,81.8,81.8,81.8,81.8,2
NYF,202603,2026-02-26 21:23:00,81.8,81.8,81.8,81.8,1
NYF,202603,2026-02-26 21:26:00,81.8,81.8,81.8,81.8,2
NYF,202603,2026-02-26 21:27:00,81.8,81.8,81.8,81.8,4
NYF,202603,2026-02-26 21:28:00,81.85,81.85,81.85,81.85,4
NYF,202603,2026-02-26 21:31:00,81.85,81.85,81.85,81.85,2
NYF,202603,2026-02-26 21:35:00,81.8,81.8,81.8,81.8,5
NYF,202603,2026-02-26 21:40:00,81.8,81.8,81.8,81.8,1
NYF,202603,2026-02-26 21:41:00,81.8,81.8,81.8,81.8,1
NYF,202603,2026-02-26 21:42:00,81.8,81.8,81.8,81.8,1
NYF,202603,2026-02-26 21:44:00,81.75,81.75,81.75,81.75,13
NYF,202603,2026-02-26 21:45:00,81.7,81.7,81.7,81.7,1
NYF,202603,2026-02-26 21:46:00,81.75,81.75,81.75,81.75,2
NYF,202603,2026-02-26 21:50:00,81.75,81.75,81.75,81.75,2
NYF,202603,2026-02-26 21:51:00,81.75,81.75,81.75,81.75,1
NYF,202603,2026-02-26 21:52:00,81.7,81.7,81.7,81.7,14
NYF,202603,2026-02-26 21:53:00,81.7,81.7,81.7,81.7,1
NYF,202603,2026-02-26 21:55:00,81.65,81.65,81.65,81.65,7
NYF,202603,2026-02-26 21:56:00,81.65,81.65,81.65,81.65,4
NYF,202603,2026-02-26 21:58:00,81.65,81.65,81.65,81.65,4
NYF,202603,2026-02-26 21:59:00,81.65,81.65,81.65,81.65,1
NYF,202603,2026-02-26 22:00:00,81.6,81.6,81.6,81.6,1
NYF,202603,2026-02-26 22:03:00,81.7,81.7,81.7,81.7,23
NYF,202603,2026-02-26 22:04:00,81.75,81.75,81.7,81.7,25
NYF,202603,2026-02-26 22:05:00,81.7,81.7,81.7,81.7,1
NYF,202603,2026-02-26 22:07:00,81.7,81.7,81.7,81.7,1
NYF,202603,2026-02-26 22:08:00,81.65,81.65,81.65,81.65,2
NYF,202603,2026-02-26 22:09:00,81.6,81.65,81.6,81.65,7
NYF,202603,2026-02-26 22:10:00,81.6,81.6,81.6,81.6,3
NYF,202603,2026-02-26 22:11:00,81.65,81.65,81.65,81.65,4
NYF,202603,2026-02-26 22:13:00,81.65,81.65,81.65,81.65,3
NYF,202603,2026-02-26 22:14:00,81.65,81.65,81.65,81.65,5
NYF,202603,2026-02-26 22:16:00,81.65,81.65,81.65,81.65,1
NYF,202603,2026-02-26 22:17:00,81.65,81.65,81.65,81.65,1
NYF,202603,2026-02-26 22:18:00,81.65,81.65,81.65,81.65,3
NYF,202603,2026-02-26 22:20:00,81.7,81.7,81.7,81.7,7
NYF,202603,2026-02-26 22:24:00,81.7,81.7,81.7,81.7,1
NYF,202603,2026-02-26 22:26:00,81.65,81.65,81.65,81.65,5
NYF,202603,2026-02-26 22:27:00,81.65,81.65,81.6,81.6,16
NYF,202603,2026-02-26 22:29:00,81.55,81.55,81.55,81.55,5
NYF,202603,2026-02-26 22:30:00,81.5,81.55,81.4,81.4,38
NYF,202603,2026-02-26 22:31:00,81.35,81.5,81.35,81.5,24
NYF,202603,2026-02-26 22:32:00,81.45,81.45,81.3,81.3,12
NYF,202603,2026-02-26 22:34:00,81.3,81.3,81.25,81.25,26
NYF,202603,2026-02-26 22:35:00,81.25,81.4,81.25,81.35,17
NYF,202603,2026-02-26 22:36:00,81.35,81.35,81.2,81.2,27
NYF,202603,2026-02-26 22:37:00,81.25,81.25,81.25,81.25,17
NYF,202603,2026-02-26 22:38:00,81.25,81.3,81.25,81.25,13
NYF,202603,2026-02-26 22:39:00,81.25,81.3,81.25,81.25,10
NYF,202603,2026-02-26 22:40:00,81.2,81.2,81.15,81.15,15
NYF,202603,2026-02-26 22:41:00,81.15,81.15,81.15,81.15,10
NYF,202603,2026-02-26 22:42:00,81.15,81.15,81.1,81.1,9
NYF,202603,2026-02-26 22:43:00,81.05,81.1,81.0,81.0,12
NYF,202603,2026-02-26 22:44:00,81.05,81.05,80.95,81.0,25
NYF,202603,2026-02-26 22:45:00,81.0,81.0,80.95,80.95,7
NYF,202603,2026-02-26 22:46:00,80.95,81.05,80.95,81.05,17
NYF,202603,2026-02-26 22:47:00,81.0,81.05,81.0,81.0,10
NYF,202603,2026-02-26 22:48:00,80.95,80.95,80.9,80.9,16
NYF,202603,2026-02-26 22:49:00,80.9,80.9,80.85,80.9,17
NYF,202603,2026-02-26 22:50:00,80.9,80.9,80.85,80.85,13
NYF,202603,2026-02-26 22:51:00,80.8,80.8,80.7,80.7,34
NYF,202603,2026-02-26 22:52:00,80.7,80.7,80.65,80.65,32
NYF,202603,2026-02-26 22:53:00,80.65,80.75,80.65,80.7,38
NYF,202603,2026-02-26 22:54:00,80.65,80.7,80.6,80.65,21
NYF,202603,2026-02-26 22:55:00,80.7,80.7,80.65,80.65,13
NYF,202603,2026-02-26 22:56:00,80.65,80.65,80.65,80.65,10
NYF,202603,2026-02-26 22:57:00,80.6,80.6,80.55,80.55,19
NYF,202603,2026-02-26 22:58:00,80.55,80.55,80.55,80.55,13
NYF,202603,2026-02-26 22:59:00,80.6,80.6,80.55,80.6,26
NYF,202603,2026-02-26 23:00:00,80.55,80.65,80.55,80.65,19
NYF,202603,2026-02-26 23:01:00,80.6,80.6,80.45,80.5,36
NYF,202603,2026-02-26 23:02:00,80.5,80.55,80.5,80.5,28
NYF,202603,2026-02-26 23:03:00,80.5,80.65,80.5,80.65,36
NYF,202603,2026-02-26 23:04:00,80.6,80.7,80.6,80.7,14
NYF,202603,2026-02-26 23:05:00,80.65,80.65,80.6,80.65,27
NYF,202603,2026-02-26 23:06:00,80.65,80.65,80.65,80.65,10
NYF,202603,2026-02-26 23:07:00,80.65,80.65,80.65,80.65,8
NYF,202603,2026-02-26 23:08:00,80.65,80.65,80.65,80.65,5
NYF,202603,2026-02-26 23:09:00,80.65,80.65,80.6,80.6,12
NYF,202603,2026-02-26 23:10:00,80.6,80.65,80.6,80.65,8
NYF,202603,2026-02-26 23:11:00,80.65,80.65,80.65,80.65,3
NYF,202603,2026-02-26 23:12:00,80.6,80.6,80.45,80.45,10
NYF,202603,2026-02-26 23:13:00,80.4,80.45,80.4,80.4,55
NYF,202603,2026-02-26 23:14:00,80.35,80.35,80.25,80.25,41
NYF,202603,2026-02-26 23:15:00,80.2,80.25,80.2,80.25,48
NYF,202603,2026-02-26 23:16:00,80.25,80.25,80.15,80.15,38
NYF,202603,2026-02-26 23:17:00,80.15,80.25,80.15,80.2,33
NYF,202603,2026-02-26 23:18:00,80.2,80.2,80.15,80.2,18
NYF,202603,2026-02-26 23:19:00,80.15,80.15,80.1,80.1,33
NYF,202603,2026-02-26 23:20:00,80.1,80.15,80.05,80.05,32
NYF,202603,2026-02-26 23:21:00,80.0,80.05,79.9,79.9,64
NYF,202603,2026-02-26 23:22:00,79.9,79.9,79.8,79.85,24
NYF,202603,2026-02-26 23:23:00,79.8,79.85,79.75,79.8,72
NYF,202603,2026-02-26 23:24:00,79.85,79.85,79.7,79.75,21
NYF,202603,2026-02-26 23:25:00,79.75,79.8,79.75,79.8,40
NYF,202603,2026-02-26 23:26:00,79.8,80.1,79.8,80.1,60
NYF,202603,2026-02-26 23:27:00,80.1,80.1,79.85,79.85,38
NYF,202603,2026-02-26 23:28:00,79.9,79.95,79.9,79.9,11
NYF,202603,2026-02-26 23:29:00,79.95,80.0,79.95,80.0,8
NYF,202603,2026-02-26 23:30:00,79.95,80.0,79.95,80.0,30
NYF,202603,2026-02-26 23:31:00,80.0,80.05,79.95,80.05,15
NYF,202603,2026-02-26 23:32:00,80.05,80.05,79.95,80.0,10
NYF,202603,2026-02-26 23:33:00,80.0,80.0,79.95,80.0,11
NYF,202603,2026-02-26 23:34:00,80.0,80.0,79.9,79.95,25
NYF,202603,2026-02-26 23:35:00,79.95,80.0,79.95,80.0,7
NYF,202603,2026-02-26 23:36:00,80.0,80.05,80.0,80.05,28
NYF,202603,2026-02-26 23:37:00,80.05,80.15,80.05,80.15,3
NYF,202603,2026-02-26 23:38:00,80.15,80.3,80.15,80.3,21
NYF,202603,2026-02-26 23:39:00,80.3,80.35,80.25,80.35,38
NYF,202603,2026-02-26 23:40:00,80.35,80.45,80.35,80.4,45
NYF,202603,2026-02-26 23:41:00,80.4,80.4,80.35,80.35,36
NYF,202603,2026-02-26 23:42:00,80.4,80.4,80.3,80.3,28
NYF,202603,2026-02-26 23:43:00,80.3,80.4,80.25,80.4,16
NYF,202603,2026-02-26 23:44:00,80.35,80.35,80.35,80.35,9
NYF,202603,2026-02-26 23:45:00,80.4,80.45,80.35,80.45,28
NYF,202603,2026-02-26 23:46:00,80.45,80.45,80.3,80.35,24
NYF,202603,2026-02-26 23:48:00,80.45,80.45,80.45,80.45,13
NYF,202603,2026-02-26 23:49:00,80.45,80.45,80.45,80.45,9
NYF,202603,2026-02-26 23:50:00,80.45,80.45,80.4,80.45,3
NYF,202603,2026-02-26 23:51:00,80.4,80.4,80.4,80.4,5
NYF,202603,2026-02-26 23:52:00,80.4,80.45,80.4,80.45,19
NYF,202603,2026-02-26 23:53:00,80.45,80.45,80.4,80.4,14
NYF,202603,2026-02-26 23:54:00,80.4,80.4,80.4,80.4,1
NYF,202603,2026-02-26 23:55:00,80.4,80.4,80.4,80.4,6
NYF,202603,2026-02-26 23:56:00,80.4,80.4,80.3,80.3,19
NYF,202603,2026-02-26 23:57:00,80.3,80.35,80.3,80.35,3
NYF,202603,2026-02-26 23:58:00,80.4,80.4,80.4,80.4,7
NYF,202603,2026-02-26 23:59:00,80.4,80.4,80.35,80.35,2
NYF,202603,2026-02-27 00:00:00,80.35,80.35,80.35,80.35,13
NYF,202603,2026-02-27 00:01:00,80.35,80.35,80.3,80.35,5
NYF,202603,2026-02-27 00:02:00,80.3,80.3,80.3,80.3,4
NYF,202603,2026-02-27 00:05:00,80.35,80.35,80.35,80.35,3
NYF,202603,2026-02-27 00:06:00,80.3,80.3,80.2,80.25,12
NYF,202603,2026-02-27 00:07:00,80.2,80.3,80.2,80.3,6
NYF,202603,2026-02-27 00:08:00,80.3,80.3,80.3,80.3,1
NYF,202603,2026-02-27 00:09:00,80.35,80.35,80.3,80.3,6
NYF,202603,2026-02-27 00:11:00,80.3,80.3,80.3,80.3,5
NYF,202603,2026-02-27 00:12:00,80.35,80.4,80.35,80.35,11
NYF,202603,2026-02-27 00:14:00,80.3,80.3,80.3,80.3,10
NYF,202603,2026-02-27 00:15:00,80.35,80.35,80.35,80.35,3
NYF,202603,2026-02-27 00:16:00,80.35,80.4,80.35,80.4,17
NYF,202603,2026-02-27 00:17:00,80.4,80.4,80.4,80.4,7
NYF,202603,2026-02-27 00:20:00,80.4,80.45,80.4,80.45,3
NYF,202603,2026-02-27 00:21:00,80.45,80.45,80.45,80.45,7
NYF,202603,2026-02-27 00:22:00,80.5,80.5,80.5,80.5,17
NYF,202603,2026-02-27 00:23:00,80.55,80.55,80.55,80.55,11
NYF,202603,2026-02-27 00:24:00,80.55,80.55,80.55,80.55,3
NYF,202603,2026-02-27 00:25:00,80.6,80.7,80.55,80.7,24
NYF,202603,2026-02-27 00:26:00,80.65,80.7,80.65,80.65,6
NYF,202603,2026-02-27 00:27:00,80.6,80.6,80.55,80.6,10
NYF,202603,2026-02-27 00:28:00,80.55,80.55,80.55,80.55,1
NYF,202603,2026-02-27 00:29:00,80.55,80.55,80.5,80.5,6
NYF,202603,2026-02-27 00:30:00,80.55,80.55,80.55,80.55,1
NYF,202603,2026-02-27 00:31:00,80.55,80.55,80.5,80.5,18
NYF,202603,2026-02-27 00:32:00,80.55,80.55,80.55,80.55,4
NYF,202603,2026-02-27 00:33:00,80.55,80.55,80.5,80.5,8
NYF,202603,2026-02-27 00:34:00,80.55,80.55,80.55,80.55,4
NYF,202603,2026-02-27 00:35:00,80.55,80.55,80.55,80.55,1
NYF,202603,2026-02-27 00:36:00,80.5,80.5,80.45,80.45,16
NYF,202603,2026-02-27 00:37:00,80.4,80.4,80.4,80.4,5
NYF,202603,2026-02-27 00:38:00,80.35,80.35,80.3,80.35,6
NYF,202603,2026-02-27 00:39:00,80.4,80.4,80.4,80.4,1
NYF,202603,2026-02-27 00:40:00,80.4,80.4,80.4,80.4,5
NYF,202603,2026-02-27 00:41:00,80.4,80.4,80.4,80.4,3
NYF,202603,2026-02-27 00:42:00,80.4,80.4,80.4,80.4,1
NYF,202603,2026-02-27 00:43:00,80.35,80.35,80.3,80.3,8
NYF,202603,2026-02-27 00:44:00,80.3,80.3,80.2,80.2,13
NYF,202603,2026-02-27 00:45:00,80.2,80.25,80.2,80.25,5
NYF,202603,2026-02-27 00:46:00,80.2,80.2,80.15,80.2,24
NYF,202603,2026-02-27 00:47:00,80.2,80.25,80.2,80.25,3
NYF,202603,2026-02-27 00:48:00,80.25,80.25,80.25,80.25,5
NYF,202603,2026-02-27 00:50:00,80.3,80.3,80.25,80.25,5
NYF,202603,2026-02-27 00:52:00,80.2,80.2,80.2,80.2,4
NYF,202603,2026-02-27 00:53:00,80.15,80.15,80.15,80.15,9
NYF,202603,2026-02-27 00:54:00,80.15,80.15,80.1,80.1,4
NYF,202603,2026-02-27 00:55:00,80.1,80.1,80.1,80.1,6
NYF,202603,2026-02-27 00:56:00,80.1,80.1,80.1,80.1,35
NYF,202603,2026-02-27 00:57:00,80.05,80.05,80.0,80.05,9
NYF,202603,2026-02-27 00:58:00,80.05,80.05,80.0,80.0,2
NYF,202603,2026-02-27 00:59:00,80.05,80.05,80.0,80.0,13
NYF,202603,2026-02-27 01:00:00,80.0,80.2,80.0,80.15,25
NYF,202603,2026-02-27 01:01:00,80.1,80.15,80.1,80.15,2
NYF,202603,2026-02-27 01:03:00,80.15,80.2,80.15,80.2,5
NYF,202603,2026-02-27 01:04:00,80.2,80.2,80.2,80.2,10
NYF,202603,2026-02-27 01:05:00,80.25,80.25,80.25,80.25,7
NYF,202603,2026-02-27 01:06:00,80.25,80.25,80.25,80.25,5
NYF,202603,2026-02-27 01:08:00,80.25,80.25,80.25,80.25,4
NYF,202603,2026-02-27 01:09:00,80.2,80.2,80.15,80.15,14
NYF,202603,2026-02-27 01:10:00,80.2,80.25,80.2,80.25,3
NYF,202603,2026-02-27 01:11:00,80.25,80.25,80.25,80.25,2
NYF,202603,2026-02-27 01:12:00,80.25,80.25,80.25,80.25,5
NYF,202603,2026-02-27 01:14:00,80.2,80.2,80.15,80.15,16
NYF,202603,2026-02-27 01:15:00,80.15,80.15,80.15,80.15,4
NYF,202603,2026-02-27 01:16:00,80.15,80.15,80.15,80.15,3
NYF,202603,2026-02-27 01:18:00,80.2,80.2,80.2,80.2,3
NYF,202603,2026-02-27 01:19:00,80.25,80.25,80.25,80.25,6
NYF,202603,2026-02-27 01:20:00,80.2,80.2,80.2,80.2,2
NYF,202603,2026-02-27 01:21:00,80.2,80.2,80.2,80.2,3
NYF,202603,2026-02-27 01:23:00,80.15,80.15,80.15,80.15,3
NYF,202603,2026-02-27 01:24:00,80.15,80.15,80.15,80.15,1
NYF,202603,2026-02-27 01:26:00,80.2,80.2,80.2,80.2,2
NYF,202603,2026-02-27 01:29:00,80.2,80.2,80.2,80.2,2
NYF,202603,2026-02-27 01:31:00,80.2,80.25,80.2,80.25,3
NYF,202603,2026-02-27 01:32:00,80.25,80.25,80.25,80.25,7
NYF,202603,2026-02-27 01:33:00,80.3,80.3,80.3,80.3,4
NYF,202603,2026-02-27 01:34:00,80.35,80.35,80.35,80.35,2
NYF,202603,2026-02-27 01:35:00,80.3,80.35,80.3,80.3,3
NYF,202603,2026-02-27 01:36:00,80.25,80.25,80.2,80.2,4
NYF,202603,2026-02-27 01:37:00,80.15,80.15,80.15,80.15,1
NYF,202603,2026-02-27 01:38:00,80.15,80.15,80.15,80.15,2
NYF,202603,2026-02-27 01:40:00,80.25,80.25,80.25,80.25,2
NYF,202603,2026-02-27 01:41:00,80.2,80.2,80.2,80.2,2
NYF,202603,2026-02-27 01:45:00,80.15,80.15,80.15,80.15,1
NYF,202603,2026-02-27 01:46:00,80.15,80.15,80.15,80.15,2
NYF,202603,2026-02-27 01:49:00,80.1,80.1,80.1,80.1,3
NYF,202603,2026-02-27 01:50:00,80.1,80.1,80.1,80.1,10
NYF,202603,2026-02-27 01:51:00,80.15,80.15,80.15,80.15,2
NYF,202603,2026-02-27 01:52:00,80.2,80.2,80.2,80.2,3
NYF,202603,2026-02-27 01:55:00,80.2,80.2,80.15,80.15,2
NYF,202603,2026-02-27 01:59:00,80.15,80.15,80.15,80.15,1
NYF,202603,2026-02-27 02:00:00,80.15,80.15,80.15,80.15,1
NYF,202603,2026-02-27 02:04:00,80.15,80.15,80.15,80.15,1
NYF,202603,2026-02-27 02:08:00,80.1,80.1,80.1,80.1,3
NYF,202603,2026-02-27 02:09:00,80.1,80.1,80.1,80.1,1
NYF,202603,2026-02-27 02:10:00,80.1,80.1,80.1,80.1,1
NYF,202603,2026-02-27 02:11:00,80.15,80.15,80.15,80.15,1
NYF,202603,2026-02-27 02:15:00,80.15,80.15,80.15,80.15,1
NYF,202603,2026-02-27 02:18:00,80.2,80.2,80.2,80.2,2
NYF,202603,2026-02-27 02:20:00,80.2,80.2,80.2,80.2,1
NYF,202603,2026-02-27 02:21:00,80.2,80.2,80.15,80.15,3
NYF,202603,2026-02-27 02:22:00,80.15,80.15,80.15,80.15,1
NYF,202603,2026-02-27 02:23:00,80.15,80.15,80.15,80.15,1
NYF,202603,2026-02-27 02:26:00,80.2,80.2,80.2,80.2,4
NYF,202603,2026-02-27 02:28:00,80.2,80.2,80.2,80.2,1
NYF,202603,2026-02-27 02:33:00,80.25,80.25,80.25,80.25,2
NYF,202603,2026-02-27 02:34:00,80.3,80.35,80.3,80.35,7
NYF,202603,2026-02-27 02:36:00,80.4,80.45,80.4,80.45,9
NYF,202603,2026-02-27 02:40:00,80.45,80.45,80.45,80.45,1
NYF,202603,2026-02-27 02:46:00,80.4,80.4,80.4,80.4,2
NYF,202603,2026-02-27 02:48:00,80.35,80.35,80.3,80.3,5
NYF,202603,2026-02-27 02:49:00,80.3,80.3,80.3,80.3,2
NYF,202603,2026-02-27 02:53:00,80.35,80.35,80.35,80.35,1
NYF,202603,2026-02-27 02:54:00,80.3,80.3,80.25,80.3,5
NYF,202603,2026-02-27 02:55:00,80.25,80.25,80.25,80.25,4
NYF,202603,2026-02-27 02:56:00,80.3,80.3,80.3,80.3,2
NYF,202603,2026-02-27 02:58:00,80.3,80.3,80.3,80.3,11
NYF,202603,2026-02-27 03:03:00,80.35,80.35,80.35,80.35,1
NYF,202603,2026-02-27 03:05:00,80.4,80.4,80.4,80.4,2
NYF,202603,2026-02-27 03:06:00,80.35,80.35,80.35,80.35,5
NYF,202603,2026-02-27 03:08:00,80.4,80.4,80.4,80.4,1
NYF,202603,2026-02-27 03:10:00,80.4,80.45,80.4,80.45,2
NYF,202603,2026-02-27 03:11:00,80.45,80.45,80.45,80.45,2
NYF,202603,2026-02-27 03:13:00,80.4,80.4,80.4,80.4,1
NYF,202603,2026-02-27 03:15:00,80.45,80.45,80.45,80.45,2
NYF,202603,2026-02-27 03:17:00,80.45,80.45,80.45,80.45,2
NYF,202603,2026-02-27 03:24:00,80.45,80.45,80.45,80.45,3
NYF,202603,2026-02-27 03:32:00,80.4,80.4,80.4,80.4,1
NYF,202603,2026-02-27 03:35:00,80.4,80.4,80.4,80.4,1
NYF,202603,2026-02-27 03:45:00,80.4,80.4,80.4,80.4,6
NYF,202603,2026-02-27 03:47:00,80.45,80.45,80.45,80.45,4
NYF,202603,2026-02-27 03:48:00,80.45,80.45,80.45,80.45,1
NYF,202603,2026-02-27 03:55:00,80.45,80.45,80.4,80.45,6
NYF,202603,2026-02-27 03:58:00,80.4,80.4,80.4,80.4,1
NYF,202603,2026-02-27 04:00:00,80.35,80.35,80.35,80.35,1
NYF,202603,2026-02-27 04:09:00,80.35,80.35,80.35,80.35,1
NYF,202603,2026-02-27 04:15:00,80.3,80.3,80.3,80.3,1
NYF,202603,2026-02-27 04:18:00,80.35,80.35,80.35,80.35,1
NYF,202603,2026-02-27 04:24:00,80.35,80.35,80.3,80.35,13
NYF,202603,2026-02-27 04:29:00,80.3,80.3,80.3,80.3,1
NYF,202603,2026-02-27 04:31:00,80.35,80.35,80.35,80.35,1
NYF,202603,2026-02-27 04:34:00,80.4,80.4,80.4,80.4,1
NYF,202603,2026-02-27 04:37:00,80.4,80.4,80.4,80.4,3
NYF,202603,2026-02-27 04:39:00,80.35,80.35,80.35,80.35,1
NYF,202603,2026-02-27 04:42:00,80.35,80.35,80.35,80.35,2
NYF,202603,2026-02-27 04:46:00,80.35,80.35,80.35,80.35,2
NYF,202603,2026-02-27 04:49:00,80.35,80.35,80.35,80.35,1
NYF,202603,2026-02-27 04:50:00,80.35,80.35,80.35,80.35,2
NYF,202603,2026-02-27 04:52:00,80.3,80.3,80.3,80.3,4
NYF,202603,2026-02-27 04:57:00,80.3,80.3,80.3,80.3,1
NYF,202603,2026-02-27 04:58:00,80.25,80.25,80.25,80.25,1
NYF,202603,2026-02-27 04:59:00,80.3,80.3,80.3,80.3,6
NYF,202604,2026-02-26 17:36:00,82.05,82.05,82.05,82.05,1
NYF,202604,2026-02-26 17:43:00,82.1,82.1,82.1,82.1,1
NYF,202604,2026-02-26 21:45:00,81.8,81.8,81.8,81.8,1
NYF,202604,2026-02-26 21:53:00,81.8,81.8,81.8,81.8,1
NYF,202604,2026-02-26 21:56:00,81.8,81.8,81.8,81.8,1
NYF,202604,2026-02-26 22:30:00,81.65,81.65,81.65,81.65,1
NYF,202604,2026-02-26 22:31:00,81.5,81.5,81.5,81.5,3
NYF,202604,2026-02-26 22:36:00,81.45,81.45,81.4,81.4,2
NYF,202604,2026-02-26 22:51:00,81.0,81.0,81.0,81.0,2
NYF,202604,2026-02-26 22:58:00,80.65,80.65,80.65,80.65,1
NYF,202604,2026-02-26 23:03:00,80.7,80.7,80.7,80.7,1
NYF,202604,2026-02-26 23:05:00,80.8,80.8,80.8,80.8,1
NYF,202604,2026-02-26 23:06:00,80.85,80.85,80.85,80.85,2
NYF,202604,2026-02-26 23:07:00,80.85,80.85,80.85,80.85,1
NYF,202604,2026-02-26 23:09:00,80.8,80.8,80.8,80.8,3
NYF,202604,2026-02-26 23:14:00,80.5,80.5,80.35,80.35,5
NYF,202604,2026-02-26 23:16:00,80.35,80.35,80.25,80.25,2
NYF,202604,2026-02-26 23:17:00,80.3,80.3,80.3,80.3,1
NYF,202604,2026-02-26 23:19:00,80.35,80.35,80.3,80.3,2
NYF,202604,2026-02-26 23:20:00,80.3,80.3,80.25,80.25,3
NYF,202604,2026-02-26 23:21:00,80.15,80.15,80.1,80.1,3
NYF,202604,2026-02-26 23:22:00,80.0,80.0,80.0,80.0,1
NYF,202604,2026-02-26 23:24:00,79.95,79.95,79.95,79.95,1
NYF,202604,2026-02-26 23:25:00,79.9,79.9,79.9,79.9,1
NYF,202604,2026-02-26 23:26:00,80.0,80.2,80.0,80.2,2
NYF,202604,2026-02-26 23:27:00,80.15,80.15,80.15,80.15,1
NYF,202604,2026-02-26 23:39:00,80.55,80.55,80.55,80.55,1
NYF,202604,2026-02-26 23:41:00,80.55,80.55,80.55,80.55,2
NYF,202604,2026-02-26 23:42:00,80.5,80.5,80.5,80.5,3
NYF,202604,2026-02-26 23:46:00,80.5,80.5,80.5,80.5,1
NYF,202604,2026-02-26 23:59:00,80.5,80.5,80.5,80.5,1
NYF,202604,2026-02-27 00:06:00,80.45,80.45,80.4,80.4,2
NYF,202604,2026-02-27 00:23:00,80.75,80.75,80.65,80.65,2
NYF,202604,2026-02-27 00:25:00,80.8,80.8,80.8,80.8,1
NYF,202604,2026-02-27 00:27:00,80.8,80.8,80.8,80.8,2
NYF,202604,2026-02-27 00:28:00,80.75,80.75,80.75,80.75,1
NYF,202604,2026-02-27 00:29:00,80.7,80.7,80.7,80.7,1
NYF,202604,2026-02-27 00:37:00,80.6,80.6,80.6,80.6,1
NYF,202604,2026-02-27 00:38:00,80.5,80.5,80.5,80.5,1
NYF,202604,2026-02-27 00:46:00,80.35,80.35,80.35,80.35,1
NYF,202604,2026-02-27 00:54:00,80.3,80.3,80.3,80.3,1
NYF,202604,2026-02-27 00:57:00,80.25,80.25,80.2,80.2,3
NYF,202606,2026-02-26 22:51:00,81.3,81.3,81.3,81.3,1
QFF,202603,2026-02-26 17:25:00,2025.0,2025.0,2020.0,2025.0,59
QFF,202603,2026-02-26 17:26:00,2025.0,2025.0,2025.0,2025.0,25
QFF,202603,2026-02-26 17:27:00,2020.0,2025.0,2020.0,2025.0,131
QFF,202603,2026-02-26 17:28:00,2025.0,2025.0,2025.0,2025.0,3
QFF,202603,2026-02-26 17:29:00,2030.0,2030.0,2030.0,2030.0,5
QFF,202603,2026-02-26 17:30:00,2025.0,2025.0,2025.0,2025.0,103
QFF,202603,2026-02-26 17:31:00,2025.0,2025.0,2025.0,2025.0,72
QFF,202603,2026-02-26 17:32:00,2025.0,2025.0,2025.0,2025.0,53
QFF,202603,2026-02-26 17:33:00,2025.0,2025.0,2025.0,2025.0,13
QFF,202603,2026-02-26 17:34:00,2025.0,2025.0,2025.0,2025.0,23
QFF,202603,2026-02-26 17:35:00,2025.0,2025.0,2025.0,2025.0,15
QFF,202603,2026-02-26 17:36:00,2025.0,2025.0,2025.0,2025.0,48
QFF,202603,2026-02-26 17:37:00,2025.0,2025.0,2025.0,2025.0,22
QFF,202603,2026-02-26 17:38:00,2025.0,2030.0,2025.0,2025.0,44
QFF,202603,2026-02-26 17:39:00,2025.0,2025.0,2025.0,2025.0,9
QFF,202603,2026-02-26 17:40:00,2025.0,2025.0,2025.0,2025.0,2
QFF,202603,2026-02-26 17:41:00,2025.0,2025.0,2025.0,2025.0,1
QFF,202603,2026-02-26 17:42:00,2025.0,2025.0,2025.0,2025.0,1
QFF,202603,2026-02-26 17:43:00,2025.0,2025.0,2025.0,2025.0,2
QFF,202603,2026-02-26 17:45:00,2030.0,2030.0,2025.0,2025.0,14
QFF,202603,2026-02-26 17:46:00,2030.0,2030.0,2030.0,2030.0,2
QFF,202603,2026-02-26 17:47:00,2025.0,2025.0,2025.0,2025.0,1
QFF,202603,2026-02-26 17:49:00,2030.0,2030.0,2025.0,2025.0,2
QFF,202603,2026-02-26 17:50:00,2025.0,2025.0,2025.0,2025.0,2
QFF,202603,2026-02-26 17:51:00,2030.0,2030.0,2030.0,2030.0,4
QFF,202603,2026-02-26 17:52:00,2030.0,2030.0,2030.0,2030.0,1
QFF,202603,2026-02-26 17:53:00,2030.0,2030.0,2030.0,2030.0,1
QFF,202603,2026-02-26 17:54:00,2030.0,2030.0,2025.0,2025.0,2
QFF,202603,2026-02-26 17:55:00,2025.0,2025.0,2025.0,2025.0,83
QFF,202603,2026-02-26 17:56:00,2025.0,2025.0,2025.0,2025.0,1
QFF,202603,2026-02-26 17:58:00,2025.0,2025.0,2025.0,2025.0,1
QFF,202603,2026-02-26 17:59:00,2025.0,2025.0,2025.0,2025.0,2
QFF,202603,2026-02-26 18:00:00,2025.0,2025.0,2025.0,2025.0,1
QFF,202603,2026-02-26 18:01:00,2025.0,2025.0,2025.0,2025.0,5
QFF,202603,2026-02-26 18:02:00,2025.0,2025.0,2025.0,2025.0,5
QFF,202603,2026-02-26 18:04:00,2025.0,2025.0,2025.0,2025.0,4
QFF,202603,2026-02-26 18:05:00,2025.0,2025.0,2025.0,2025.0,1
QFF,202603,2026-02-26 18:08:00,2025.0,2025.0,2025.0,2025.0,1
QFF,202603,2026-02-26 18:11:00,2025.0,2025.0,2025.0,2025.0,2
QFF,202603,2026-02-26 18:13:00,2025.0,2025.0,2025.0,2025.0,3
QFF,202603,2026-02-26 18:14:00,2025.0,2025.0,2025.0,2025.0,4
QFF,202603,2026-02-26 18:15:00,2025.0,2025.0,2025.0,2025.0,1
QFF,202603,2026-02-26 18:16:00,2025.0,2025.0,2025.0,2025.0,2
QFF,202603,2026-02-26 18:17:00,2025.0,2025.0,2025.0,2025.0,3
QFF,202603,2026-02-26 18:18:00,2020.0,2025.0,2020.0,2025.0,8
QFF,202603,2026-02-26 18:19:00,2020.0,2020.0,2020.0,2020.0,93
QFF,202603,2026-02-26 18:20:00,2020.0,2020.0,2020.0,2020.0,12
QFF,202603,2026-02-26 18:22:00,2020.0,2020.0,2020.0,2020.0,11
QFF,202603,2026-02-26 18:24:00,2020.0,2020.0,2020.0,2020.0,20
QFF,202603,2026-02-26 18:25:00,2020.0,2020.0,2020.0,2020.0,15
QFF,202603,2026-02-26 18:27:00,2020.0,2020.0,2020.0,2020.0,1
QFF,202603,2026-02-26 18:29:00,2020.0,2020.0,2020.0,2020.0,12
QFF,202603,2026-02-26 18:30:00,2020.0,2020.0,2020.0,2020.0,85
QFF,202603,2026-02-26 18:31:00,2020.0,2020.0,2020.0,2020.0,11
QFF,202603,2026-02-26 18:33:00,2020.0,2020.0,2020.0,2020.0,12
QFF,202603,2026-02-26 18:34:00,2020.0,2020.0,2020.0,2020.0,4
QFF,202603,2026-02-26 18:35:00,2020.0,2020.0,2020.0,2020.0,1
QFF,202603,2026-02-26 18:38:00,2020.0,2020.0,2020.0,2020.0,4
QFF,202603,2026-02-26 18:39:00,2020.0,2020.0,2020.0,2020.0,2
QFF,202603,2026-02-26 18:42:00,2025.0,2025.0,2025.0,2025.0,2
QFF,202603,2026-02-26 18:46:00,2020.0,2020.0,2020.0,2020.0,3
QFF,202603,2026-02-26 18:47:00,2020.0,2020.0,2020.0,2020.0,1
QFF,202603,2026-02-26 18:51:00,2020.0,2020.0,2020.0,2020.0,3
QFF,202603,2026-02-26 18:52:00,2020.0,2020.0,2020.0,2020.0,1
QFF,202603,2026-02-26 18:53:00,2020.0,2020.0,2020.0,2020.0,2
QFF,202603,2026-02-26 18:55:00,2020.0,2020.0,2020.0,2020.0,74
QFF,202603,2026-02-26 18:56:00,2020.0,2020.0,2020.0,2020.0,12
QFF,202603,2026-02-26 18:57:00,2020.0,2020.0,2020.0,2020.0,2
QFF,202603,2026-02-26 18:58:00,2020.0,2020.0,2020.0,2020.0,4
QFF,202603,2026-02-26 19:00:00,2020.0,2020.0,2020.0,2020.0,7
QFF,202603,2026-02-26 19:01:00,2020.0,2020.0,2020.0,2020.0,3
QFF,202603,2026-02-26 19:02:00,2020.0,2020.0,2020.0,2020.0,2
QFF,202603,2026-02-26 19:03:00,2020.0,2020.0,2020.0,2020.0,2
QFF,202603,2026-02-26 19:05:00,2020.0,2020.0,2020.0,2020.0,1
QFF,202603,2026-02-26 19:06:00,2020.0,2020.0,2020.0,2020.0,1
QFF,202603,2026-02-26 19:08:00,2020.0,2020.0,2020.0,2020.0,2
QFF,202603,2026-02-26 19:09:00,2020.0,2020.0,2020.0,2020.0,1
QFF,202603,2026-02-26 19:10:00,2020.0,2020.0,2020.0,2020.0,58
QFF,202603,2026-02-26 19:11:00,2020.0,2020.0,2020.0,2020.0,5
QFF,202603,2026-02-26 19:13:00,2020.0,2020.0,2020.0,2020.0,1
QFF,202603,2026-02-26 19:15:00,2020.0,2020.0,2020.0,2020.0,1
QFF,202603,2026-02-26 19:18:00,2020.0,2020.0,2020.0,2020.0,1
QFF,202603,2026-02-26 19:23:00,2020.0,2020.0,2020.0,2020.0,6
QFF,202603,2026-02-26 19:24:00,2020.0,2020.0,2020.0,2020.0,2
QFF,202603,2026-02-26 19:26:00,2020.0,2020.0,2020.0,2020.0,4
QFF,202603,2026-02-26 19:27:00,2020.0,2020.0,2020.0,2020.0,1
QFF,202603,2026-02-26 19:28:00,2020.0,2020.0,2020.0,2020.0,1
QFF,202603,2026-02-26 19:32:00,2020.0,2020.0,2020.0,2020.0,1
QFF,202603,2026-02-26 19:34:00,2020.0,2020.0,2020.0,2020.0,2
QFF,202603,2026-02-26 19:36:00,2020.0,2020.0,2020.0,2020.0,1
QFF,202603,2026-02-26 19:38:00,2020.0,2020.0,2020.0,2020.0,2
QFF,202603,2026-02-26 19:39:00,2020.0,2020.0,2020.0,2020.0,1
QFF,202603,2026-02-26 19:40:00,2020.0,2020.0,2020.0,2020.0,1
QFF,202603,2026-02-26 19:44:00,2020.0,2020.0,2020.0,2020.0,2
QFF,202603,2026-02-26 19:48:00,2020.0,2020.0,2020.0,2020.0,2
QFF,202603,2026-02-26 19:50:00,2020.0,2020.0,2020.0,2020.0,1
QFF,202603,2026-02-26 19:51:00,2020.0,2020.0,2020.0,2020.0,1
QFF,202603,2026-02-26 19:54:00,2020.0,2020.0,2020.0,2020.0,1
QFF,202603,2026-02-26 19:55:00,2020.0,2020.0,2015.0,2015.0,3
QFF,202603,2026-02-26 19:59:00,2015.0,2020.0,2015.0,2020.0,2
QFF,202603,2026-02-26 20:00:00,2020.0,2020.0,2020.0,2020.0,3
QFF,202603,2026-02-26 20:06:00,2020.0,2020.0,2020.0,2020.0,1
QFF,202603,2026-02-26 20:08:00,2020.0,2020.0,2020.0,2020.0,1
QFF,202603,2026-02-26 20:10:00,2015.0,2015.0,2015.0,2015.0,2
QFF,202603,2026-02-26 20:11:00,2020.0,2020.0,2020.0,2020.0,1
QFF,202603,2026-02-26 20:23:00,2020.0,2020.0,2020.0,2020.0,1
QFF,202603,2026-02-26 20:24:00,2020.0,2020.0,2020.0,2020.0,3
QFF,202603,2026-02-26 20:26:00,2020.0,2020.0,2020.0,2020.0,2
QFF,202603,2026-02-26 20:27:00,2020.0,2020.0,2020.0,2020.0,5
QFF,202603,2026-02-26 20:28:00,2020.0,2020.0,2020.0,2020.0,5
QFF,202603,2026-02-26 20:29:00,2020.0,2020.0,2020.0,2020.0,35
QFF,202603,2026-02-26 20:45:00,2020.0,2020.0,2020.0,2020.0,61
QFF,202603,2026-02-26 20:46:00,2020.0,2020.0,2020.0,2020.0,20
QFF,202603,2026-02-26 20:47:00,2020.0,2020.0,2020.0,2020.0,2
QFF,202603,2026-02-26 20:52:00,2020.0,2020.0,2020.0,2020.0,1
QFF,202603,2026-02-26 20:53:00,2020.0,2020.0,2020.0,2020.0,1
QFF,202603,2026-02-26 20:54:00,2020.0,2020.0,2015.0,2015.0,2
QFF,202603,2026-02-26 21:01:00,2020.0,2020.0,2020.0,2020.0,1
QFF,202603,2026-02-26 21:02:00,2020.0,2020.0,2020.0,2020.0,1
QFF,202603,2026-02-26 21:03:00,2020.0,2020.0,2020.0,2020.0,5
QFF,202603,2026-02-26 21:05:00,2020.0,2020.0,2020.0,2020.0,1
QFF,202603,2026-02-26 21:12:00,2020.0,2020.0,2020.0,2020.0,1
QFF,202603,2026-02-26 21:18:00,2020.0,2020.0,2020.0,2020.0,2
QFF,202603,2026-02-26 21:20:00,2020.0,2020.0,2015.0,2015.0,2
QFF,202603,2026-02-26 21:23:00,2020.0,2020.0,2020.0,2020.0,1
QFF,202603,2026-02-26 21:24:00,2020.0,2020.0,2020.0,2020.0,2
QFF,202603,2026-02-26 21:25:00,2020.0,2020.0,2020.0,2020.0,1
QFF,202603,2026-02-26 21:27:00,2020.0,2020.0,2020.0,2020.0,1
QFF,202603,2026-02-26 21:28:00,2020.0,2020.0,2020.0,2020.0,59
QFF,202603,2026-02-26 21:29:00,2025.0,2025.0,2025.0,2025.0,27
QFF,202603,2026-02-26 21:30:00,2020.0,2020.0,2020.0,2020.0,1
QFF,202603,2026-02-26 21:31:00,2020.0,2025.0,2020.0,2025.0,2
QFF,202603,2026-02-26 21:33:00,2020.0,2020.0,2020.0,2020.0,1
QFF,202603,2026-02-26 21:34:00,2020.0,2020.0,2020.0,2020.0,80
QFF,202603,2026-02-26 21:35:00,2015.0,2015.0,2015.0,2015.0,1
QFF,202603,2026-02-26 21:37:00,2015.0,2015.0,2015.0,2015.0,1
QFF,202603,2026-02-26 21:40:00,2020.0,2020.0,2020.0,2020.0,5
QFF,202603,2026-02-26 21:42:00,2020.0,2020.0,2020.0,2020.0,1
QFF,202603,2026-02-26 21:53:00,2020.0,2020.0,2020.0,2020.0,4
QFF,202603,2026-02-26 21:54:00,2015.0,2015.0,2015.0,2015.0,4
QFF,202603,2026-02-26 21:55:00,2015.0,2020.0,2015.0,2020.0,2
QFF,202603,2026-02-26 21:58:00,2015.0,2015.0,2015.0,2015.0,1
QFF,202603,2026-02-26 22:00:00,2015.0,2015.0,2015.0,2015.0,211
QFF,202603,2026-02-26 22:01:00,2015.0,2015.0,2015.0,2015.0,6
QFF,202603,2026-02-26 22:02:00,2020.0,2020.0,2020.0,2020.0,1
QFF,202603,2026-02-26 22:03:00,2020.0,2020.0,2020.0,2020.0,2
QFF,202603,2026-02-26 22:08:00,2015.0,2015.0,2015.0,2015.0,6
QFF,202603,2026-02-26 22:09:00,2015.0,2015.0,2015.0,2015.0,3
QFF,202603,2026-02-26 22:10:00,2015.0,2015.0,2015.0,2015.0,5
QFF,202603,2026-02-26 22:11:00,2015.0,2020.0,2015.0,2020.0,2
QFF,202603,2026-02-26 22:12:00,2015.0,2015.0,2015.0,2015.0,17
QFF,202603,2026-02-26 22:15:00,2015.0,2015.0,2015.0,2015.0,1
QFF,202603,2026-02-26 22:16:00,2015.0,2015.0,2015.0,2015.0,5
QFF,202603,2026-02-26 22:17:00,2015.0,2015.0,2015.0,2015.0,1
QFF,202603,2026-02-26 22:20:00,2015.0,2015.0,2015.0,2015.0,1
QFF,202603,2026-02-26 22:22:00,2015.0,2015.0,2015.0,2015.0,1
QFF,202603,2026-02-26 22:24:00,2015.0,2015.0,2015.0,2015.0,1
QFF,202603,2026-02-26 22:25:00,2015.0,2015.0,2015.0,2015.0,3
QFF,202603,2026-02-26 22:27:00,2015.0,2015.0,2015.0,2015.0,43
QFF,202603,2026-02-26 22:29:00,2015.0,2015.0,2015.0,2015.0,7
QFF,202603,2026-02-26 22:30:00,2010.0,2010.0,2010.0,2010.0,245
QFF,202603,2026-02-26 22:31:00,2010.0,2010.0,2010.0,2010.0,277
QFF,202603,2026-02-26 22:32:00,2010.0,2010.0,2010.0,2010.0,96
QFF,202603,2026-02-26 22:33:00,2010.0,2010.0,2005.0,2005.0,17
QFF,202603,2026-02-26 22:34:00,2005.0,2010.0,2005.0,2010.0,70
QFF,202603,2026-02-26 22:35:00,2005.0,2010.0,2005.0,2005.0,13
QFF,202603,2026-02-26 22:36:00,2010.0,2010.0,2005.0,2005.0,302
QFF,202603,2026-02-26 22:37:00,2005.0,2005.0,2000.0,2005.0,219
QFF,202603,2026-02-26 22:38:00,2005.0,2005.0,2005.0,2005.0,212
QFF,202603,2026-02-26 22:39:00,2005.0,2005.0,2005.0,2005.0,61
QFF,202603,2026-02-26 22:40:00,2005.0,2005.0,2000.0,2000.0,18
QFF,202603,2026-02-26 22:41:00,2000.0,2000.0,2000.0,2000.0,18
QFF,202603,2026-02-26 22:42:00,2005.0,2005.0,2000.0,2000.0,303
QFF,202603,2026-02-26 22:43:00,1995.0,2000.0,1995.0,2000.0,126
QFF,202603,2026-02-26 22:44:00,2000.0,2000.0,1995.0,2000.0,13
QFF,202603,2026-02-26 22:45:00,2000.0,2000.0,1995.0,1995.0,103
QFF,202603,2026-02-26 22:46:00,1995.0,1995.0,1995.0,1995.0,115
QFF,202603,2026-02-26 22:47:00,1995.0,2000.0,1995.0,2000.0,8
QFF,202603,2026-02-26 22:48:00,1995.0,1995.0,1995.0,1995.0,52
QFF,202603,2026-02-26 22:49:00,1995.0,1995.0,1995.0,1995.0,6
QFF,202603,2026-02-26 22:50:00,1995.0,1995.0,1990.0,1990.0,11
QFF,202603,2026-02-26 22:51:00,1990.0,1995.0,1990.0,1990.0,201
QFF,202603,2026-02-26 22:52:00,1990.0,1990.0,1985.0,1985.0,23
QFF,202603,2026-02-26 22:53:00,1985.0,1995.0,1985.0,1995.0,200
QFF,202603,2026-02-26 22:54:00,1990.0,1990.0,1985.0,1990.0,82
QFF,202603,2026-02-26 22:55:00,1990.0,1995.0,1990.0,1990.0,206
QFF,202603,2026-02-26 22:56:00,1990.0,1990.0,1985.0,1990.0,55
QFF,202603,2026-02-26 22:57:00,1990.0,1990.0,1985.0,1990.0,17
QFF,202603,2026-02-26 22:58:00,1990.0,1990.0,1985.0,1990.0,21
QFF,202603,2026-02-26 22:59:00,1990.0,1990.0,1985.0,1990.0,18
QFF,202603,2026-02-26 23:00:00,1990.0,1990.0,1990.0,1990.0,45
QFF,202603,2026-02-26 23:01:00,1990.0,1990.0,1985.0,1990.0,229
QFF,202603,2026-02-26 23:02:00,1985.0,1985.0,1985.0,1985.0,181
QFF,202603,2026-02-26 23:03:00,1990.0,1990.0,1985.0,1990.0,60
QFF,202603,2026-02-26 23:04:00,1990.0,1990.0,1985.0,1990.0,63
QFF,202603,2026-02-26 23:05:00,1990.0,1990.0,1990.0,1990.0,23
QFF,202603,2026-02-26 23:06:00,1990.0,1990.0,1990.0,1990.0,44
QFF,202603,2026-02-26 23:07:00,1990.0,1990.0,1990.0,1990.0,11
QFF,202603,2026-02-26 23:08:00,1990.0,1990.0,1985.0,1990.0,11
QFF,202603,2026-02-26 23:09:00,1990.0,1990.0,1990.0,1990.0,13
QFF,202603,2026-02-26 23:10:00,1985.0,1990.0,1985.0,1990.0,7
QFF,202603,2026-02-26 23:11:00,1990.0,1990.0,1985.0,1985.0,11
QFF,202603,2026-02-26 23:12:00,1990.0,1990.0,1985.0,1985.0,163
QFF,202603,2026-02-26 23:13:00,1985.0,1985.0,1980.0,1985.0,25
QFF,202603,2026-02-26 23:14:00,1980.0,1985.0,1980.0,1980.0,240
QFF,202603,2026-02-26 23:15:00,1980.0,1980.0,1975.0,1975.0,70
QFF,202603,2026-02-26 23:16:00,1980.0,1980.0,1975.0,1980.0,86
QFF,202603,2026-02-26 23:17:00,1975.0,1980.0,1975.0,1975.0,103
QFF,202603,2026-02-26 23:18:00,1975.0,1980.0,1975.0,1980.0,33
QFF,202603,2026-02-26 23:19:00,1980.0,1980.0,1975.0,1975.0,49
QFF,202603,2026-02-26 23:20:00,1975.0,1975.0,1970.0,1970.0,82
QFF,202603,2026-02-26 23:21:00,1970.0,1975.0,1965.0,1965.0,217
QFF,202603,2026-02-26 23:22:00,1965.0,1970.0,1965.0,1965.0,146
QFF,202603,2026-02-26 23:23:00,1970.0,1970.0,1965.0,1970.0,79
QFF,202603,2026-02-26 23:24:00,1965.0,1965.0,1960.0,1965.0,159
QFF,202603,2026-02-26 23:25:00,1965.0,1970.0,1960.0,1965.0,117
QFF,202603,2026-02-26 23:26:00,1970.0,1975.0,1970.0,1975.0,121
QFF,202603,2026-02-26 23:27:00,1975.0,1975.0,1970.0,1970.0,79
QFF,202603,2026-02-26 23:28:00,1970.0,1970.0,1970.0,1970.0,91
QFF,202603,2026-02-26 23:29:00,1970.0,1975.0,1970.0,1970.0,65
QFF,202603,2026-02-26 23:30:00,1970.0,1975.0,1970.0,1970.0,83
QFF,202603,2026-02-26 23:31:00,1970.0,1970.0,1970.0,1970.0,40
QFF,202603,2026-02-26 23:32:00,1970.0,1970.0,1970.0,1970.0,38
QFF,202603,2026-02-26 23:33:00,1970.0,1970.0,1970.0,1970.0,28
QFF,202603,2026-02-26 23:34:00,1970.0,1970.0,1965.0,1970.0,12
QFF,202603,2026-02-26 23:35:00,1970.0,1970.0,1970.0,1970.0,34
QFF,202603,2026-02-26 23:36:00,1970.0,1970.0,1970.0,1970.0,56
QFF,202603,2026-02-26 23:37:00,1975.0,1975.0,1970.0,1970.0,48
QFF,202603,2026-02-26 23:38:00,1975.0,1975.0,1975.0,1975.0,91
QFF,202603,2026-02-26 23:39:00,1980.0,1980.0,1975.0,1975.0,46
QFF,202603,2026-02-26 23:40:00,1980.0,1980.0,1980.0,1980.0,48
QFF,202603,2026-02-26 23:41:00,1980.0,1980.0,1980.0,1980.0,134
QFF,202603,2026-02-26 23:42:00,1980.0,1980.0,1980.0,1980.0,17
QFF,202603,2026-02-26 23:43:00,1980.0,1980.0,1975.0,1980.0,22
QFF,202603,2026-02-26 23:44:00,1980.0,1980.0,1980.0,1980.0,10
QFF,202603,2026-02-26 23:45:00,1980.0,1980.0,1980.0,1980.0,80
QFF,202603,2026-02-26 23:46:00,1985.0,1985.0,1980.0,1980.0,110
QFF,202603,2026-02-26 23:47:00,1980.0,1985.0,1980.0,1985.0,24
QFF,202603,2026-02-26 23:48:00,1985.0,1985.0,1985.0,1985.0,4
QFF,202603,2026-02-26 23:49:00,1985.0,1985.0,1985.0,1985.0,6
QFF,202603,2026-02-26 23:50:00,1985.0,1985.0,1980.0,1980.0,44
QFF,202603,2026-02-26 23:51:00,1980.0,1980.0,1980.0,1980.0,28
QFF,202603,2026-02-26 23:52:00,1985.0,1985.0,1985.0,1985.0,2
QFF,202603,2026-02-26 23:53:00,1985.0,1985.0,1985.0,1985.0,2
QFF,202603,2026-02-26 23:54:00,1980.0,1980.0,1980.0,1980.0,4
QFF,202603,2026-02-26 23:55:00,1980.0,1980.0,1980.0,1980.0,14
QFF,202603,2026-02-26 23:56:00,1980.0,1980.0,1980.0,1980.0,45
QFF,202603,2026-02-26 23:57:00,1980.0,1980.0,1980.0,1980.0,1
QFF,202603,2026-02-26 23:58:00,1980.0,1980.0,1980.0,1980.0,6
QFF,202603,2026-02-26 23:59:00,1980.0,1980.0,1975.0,1975.0,5
QFF,202603,2026-02-27 00:00:00,1980.0,1980.0,1980.0,1980.0,2
QFF,202603,2026-02-27 00:01:00,1980.0,1980.0,1980.0,1980.0,4
QFF,202603,2026-02-27 00:02:00,1980.0,1980.0,1975.0,1975.0,6
QFF,202603,2026-02-27 00:03:00,1980.0,1980.0,1980.0,1980.0,1
QFF,202603,2026-02-27 00:04:00,1980.0,1980.0,1980.0,1980.0,2
QFF,202603,2026-02-27 00:05:00,1980.0,1980.0,1980.0,1980.0,5
QFF,202603,2026-02-27 00:06:00,1980.0,1980.0,1975.0,1975.0,5
QFF,202603,2026-02-27 00:07:00,1975.0,1975.0,1975.0,1975.0,1
QFF,202603,2026-02-27 00:08:00,1980.0,1980.0,1980.0,1980.0,1
QFF,202603,2026-02-27 00:09:00,1975.0,1975.0,1975.0,1975.0,2
QFF,202603,2026-02-27 00:10:00,1980.0,1980.0,1980.0,1980.0,3
QFF,202603,2026-02-27 00:14:00,1980.0,1980.0,1980.0,1980.0,3
QFF,202603,2026-02-27 00:15:00,1980.0,1980.0,1980.0,1980.0,1
QFF,202603,2026-02-27 00:16:00,1980.0,1980.0,1980.0,1980.0,2
QFF,202603,2026-02-27 00:17:00,1980.0,1980.0,1980.0,1980.0,113
QFF,202603,2026-02-27 00:18:00,1980.0,1980.0,1975.0,1980.0,40
QFF,202603,2026-02-27 00:19:00,1980.0,1980.0,1980.0,1980.0,47
QFF,202603,2026-02-27 00:20:00,1980.0,1985.0,1980.0,1985.0,31
QFF,202603,2026-02-27 00:21:00,1985.0,1985.0,1980.0,1980.0,5
QFF,202603,2026-02-27 00:23:00,1985.0,1985.0,1985.0,1985.0,3
QFF,202603,2026-02-27 00:24:00,1985.0,1985.0,1985.0,1985.0,1
QFF,202603,2026-02-27 00:25:00,1985.0,1985.0,1985.0,1985.0,223
QFF,202603,2026-02-27 00:26:00,1985.0,1985.0,1985.0,1985.0,2
QFF,202603,2026-02-27 00:27:00,1985.0,1985.0,1985.0,1985.0,243
QFF,202603,2026-02-27 00:28:00,1985.0,1985.0,1980.0,1980.0,25
QFF,202603,2026-02-27 00:29:00,1985.0,1985.0,1985.0,1985.0,2
QFF,202603,2026-02-27 00:30:00,1985.0,1985.0,1985.0,1985.0,4
QFF,202603,2026-02-27 00:31:00,1985.0,1985.0,1985.0,1985.0,3
QFF,202603,2026-02-27 00:32:00,1985.0,1985.0,1985.0,1985.0,1
QFF,202603,2026-02-27 00:33:00,1980.0,1985.0,1980.0,1985.0,9
QFF,202603,2026-02-27 00:34:00,1985.0,1985.0,1985.0,1985.0,15
QFF,202603,2026-02-27 00:36:00,1985.0,1985.0,1980.0,1980.0,213
QFF,202603,2026-02-27 00:37:00,1980.0,1980.0,1980.0,1980.0,88
QFF,202603,2026-02-27 00:38:00,1975.0,1975.0,1975.0,1975.0,1
QFF,202603,2026-02-27 00:39:00,1980.0,1980.0,1975.0,1975.0,2
QFF,202603,2026-02-27 00:40:00,1980.0,1980.0,1980.0,1980.0,2
QFF,202603,2026-02-27 00:41:00,1980.0,1980.0,1980.0,1980.0,6
QFF,202603,2026-02-27 00:43:00,1975.0,1975.0,1975.0,1975.0,20
QFF,202603,2026-02-27 00:44:00,1975.0,1980.0,1975.0,1975.0,57
QFF,202603,2026-02-27 00:46:00,1975.0,1975.0,1975.0,1975.0,244
QFF,202603,2026-02-27 00:47:00,1975.0,1980.0,1975.0,1975.0,12
QFF,202603,2026-02-27 00:48:00,1975.0,1975.0,1970.0,1975.0,3
QFF,202603,2026-02-27 00:49:00,1975.0,1975.0,1975.0,1975.0,7
QFF,202603,2026-02-27 00:50:00,1975.0,1975.0,1975.0,1975.0,145
QFF,202603,2026-02-27 00:51:00,1975.0,1975.0,1975.0,1975.0,20
QFF,202603,2026-02-27 00:52:00,1975.0,1975.0,1970.0,1975.0,16
QFF,202603,2026-02-27 00:53:00,1975.0,1975.0,1970.0,1970.0,2
QFF,202603,2026-02-27 00:54:00,1970.0,1970.0,1970.0,1970.0,6
QFF,202603,2026-02-27 00:55:00,1970.0,1975.0,1970.0,1975.0,10
QFF,202603,2026-02-27 00:56:00,1970.0,1975.0,1970.0,1970.0,13
QFF,202603,2026-02-27 00:58:00,1970.0,1970.0,1970.0,1970.0,1
QFF,202603,2026-02-27 01:01:00,1975.0,1975.0,1975.0,1975.0,2
QFF,202603,2026-02-27 01:02:00,1975.0,1975.0,1975.0,1975.0,3
QFF,202603,2026-02-27 01:03:00,1975.0,1975.0,1975.0,1975.0,10
QFF,202603,2026-02-27 01:04:00,1975.0,1975.0,1975.0,1975.0,2
QFF,202603,2026-02-27 01:05:00,1975.0,1975.0,1975.0,1975.0,73
QFF,202603,2026-02-27 01:07:00,1975.0,1975.0,1975.0,1975.0,3
QFF,202603,2026-02-27 01:08:00,1975.0,1975.0,1975.0,1975.0,1
QFF,202603,2026-02-27 01:09:00,1975.0,1975.0,1975.0,1975.0,39
QFF,202603,2026-02-27 01:10:00,1975.0,1975.0,1975.0,1975.0,40
QFF,202603,2026-02-27 01:11:00,1975.0,1975.0,1975.0,1975.0,2
QFF,202603,2026-02-27 01:12:00,1975.0,1975.0,1975.0,1975.0,1
QFF,202603,2026-02-27 01:13:00,1975.0,1975.0,1975.0,1975.0,2
QFF,202603,2026-02-27 01:14:00,1975.0,1975.0,1975.0,1975.0,12
QFF,202603,2026-02-27 01:15:00,1975.0,1975.0,1975.0,1975.0,1
QFF,202603,2026-02-27 01:16:00,1975.0,1975.0,1975.0,1975.0,1
QFF,202603,2026-02-27 01:17:00,1975.0,1975.0,1975.0,1975.0,2
QFF,202603,2026-02-27 01:18:00,1975.0,1975.0,1975.0,1975.0,41
QFF,202603,2026-02-27 01:19:00,1975.0,1975.0,1975.0,1975.0,43
QFF,202603,2026-02-27 01:20:00,1975.0,1975.0,1975.0,1975.0,1
QFF,202603,2026-02-27 01:22:00,1975.0,1975.0,1975.0,1975.0,3
QFF,202603,2026-02-27 01:23:00,1975.0,1975.0,1975.0,1975.0,2
QFF,202603,2026-02-27 01:24:00,1975.0,1975.0,1975.0,1975.0,15
QFF,202603,2026-02-27 01:25:00,1975.0,1975.0,1975.0,1975.0,3
QFF,202603,2026-02-27 01:26:00,1975.0,1975.0,1975.0,1975.0,1
QFF,202603,2026-02-27 01:27:00,1975.0,1975.0,1975.0,1975.0,5
QFF,202603,2026-02-27 01:28:00,1975.0,1975.0,1970.0,1970.0,15
QFF,202603,2026-02-27 01:30:00,1975.0,1975.0,1975.0,1975.0,10
QFF,202603,2026-02-27 01:32:00,1975.0,1975.0,1975.0,1975.0,9
QFF,202603,2026-02-27 01:34:00,1975.0,1980.0,1975.0,1980.0,5
QFF,202603,2026-02-27 01:35:00,1980.0,1980.0,1975.0,1975.0,39
QFF,202603,2026-02-27 01:36:00,1975.0,1975.0,1975.0,1975.0,1
QFF,202603,2026-02-27 01:37:00,1975.0,1975.0,1975.0,1975.0,15
QFF,202603,2026-02-27 01:39:00,1975.0,1975.0,1975.0,1975.0,6
QFF,202603,2026-02-27 01:40:00,1975.0,1975.0,1975.0,1975.0,26
QFF,202603,2026-02-27 01:42:00,1970.0,1975.0,1970.0,1975.0,6
QFF,202603,2026-02-27 01:43:00,1970.0,1970.0,1970.0,1970.0,1
QFF,202603,2026-02-27 01:44:00,1970.0,1970.0,1970.0,1970.0,5
QFF,202603,2026-02-27 01:45:00,1970.0,1970.0,1970.0,1970.0,1
QFF,202603,2026-02-27 01:47:00,1975.0,1975.0,1975.0,1975.0,1
QFF,202603,2026-02-27 01:48:00,1975.0,1975.0,1975.0,1975.0,2
QFF,202603,2026-02-27 01:49:00,1970.0,1970.0,1970.0,1970.0,30
QFF,202603,2026-02-27 01:50:00,1970.0,1970.0,1970.0,1970.0,3
QFF,202603,2026-02-27 01:51:00,1970.0,1970.0,1970.0,1970.0,26
QFF,202603,2026-02-27 01:52:00,1975.0,1975.0,1975.0,1975.0,11
QFF,202603,2026-02-27 01:53:00,1970.0,1970.0,1970.0,1970.0,1
QFF,202603,2026-02-27 01:55:00,1975.0,1975.0,1975.0,1975.0,1
QFF,202603,2026-02-27 01:56:00,1970.0,1970.0,1970.0,1970.0,76
QFF,202603,2026-02-27 01:57:00,1970.0,1970.0,1970.0,1970.0,22
QFF,202603,2026-02-27 01:59:00,1975.0,1975.0,1975.0,1975.0,5
QFF,202603,2026-02-27 02:00:00,1970.0,1970.0,1970.0,1970.0,21
QFF,202603,2026-02-27 02:01:00,1970.0,1970.0,1970.0,1970.0,31
QFF,202603,2026-02-27 02:02:00,1970.0,1970.0,1970.0,1970.0,1
QFF,202603,2026-02-27 02:03:00,1970.0,1970.0,1970.0,1970.0,84
QFF,202603,2026-02-27 02:04:00,1970.0,1970.0,1970.0,1970.0,45
QFF,202603,2026-02-27 02:05:00,1970.0,1970.0,1970.0,1970.0,22
QFF,202603,2026-02-27 02:08:00,1970.0,1970.0,1970.0,1970.0,2
QFF,202603,2026-02-27 02:09:00,1970.0,1970.0,1965.0,1965.0,5
QFF,202603,2026-02-27 02:10:00,1965.0,1970.0,1965.0,1970.0,11
QFF,202603,2026-02-27 02:11:00,1970.0,1970.0,1970.0,1970.0,46
QFF,202603,2026-02-27 02:12:00,1975.0,1975.0,1975.0,1975.0,1
QFF,202603,2026-02-27 02:14:00,1975.0,1975.0,1975.0,1975.0,1
QFF,202603,2026-02-27 02:15:00,1970.0,1970.0,1970.0,1970.0,16
QFF,202603,2026-02-27 02:17:00,1970.0,1970.0,1970.0,1970.0,17
QFF,202603,2026-02-27 02:18:00,1970.0,1970.0,1970.0,1970.0,3
QFF,202603,2026-02-27 02:19:00,1975.0,1975.0,1975.0,1975.0,1
QFF,202603,2026-02-27 02:20:00,1970.0,1970.0,1970.0,1970.0,1
QFF,202603,2026-02-27 02:21:00,1975.0,1975.0,1970.0,1970.0,29
QFF,202603,2026-02-27 02:22:00,1970.0,1970.0,1970.0,1970.0,16
QFF,202603,2026-02-27 02:23:00,1970.0,1970.0,1970.0,1970.0,3
QFF,202603,2026-02-27 02:24:00,1970.0,1970.0,1970.0,1970.0,17
QFF,202603,2026-02-27 02:26:00,1970.0,1975.0,1970.0,1975.0,3
QFF,202603,2026-02-27 02:28:00,1970.0,1970.0,1970.0,1970.0,3
QFF,202603,2026-02-27 02:29:00,1970.0,1970.0,1970.0,1970.0,13
QFF,202603,2026-02-27 02:31:00,1970.0,1970.0,1970.0,1970.0,3
QFF,202603,2026-02-27 02:33:00,1970.0,1970.0,1970.0,1970.0,43
QFF,202603,2026-02-27 02:36:00,1970.0,1975.0,1970.0,1975.0,9
QFF,202603,2026-02-27 02:38:00,1975.0,1975.0,1975.0,1975.0,4
QFF,202603,2026-02-27 02:39:00,1975.0,1975.0,1975.0,1975.0,194
QFF,202603,2026-02-27 02:40:00,1975.0,1975.0,1975.0,1975.0,26
QFF,202603,2026-02-27 02:41:00,1975.0,1975.0,1975.0,1975.0,6
QFF,202603,2026-02-27 02:42:00,1975.0,1975.0,1975.0,1975.0,7
QFF,202603,2026-02-27 02:43:00,1975.0,1975.0,1975.0,1975.0,1
QFF,202603,2026-02-27 02:44:00,1975.0,1975.0,1975.0,1975.0,1
QFF,202603,2026-02-27 02:45:00,1975.0,1975.0,1975.0,1975.0,39
QFF,202603,2026-02-27 02:46:00,1975.0,1975.0,1975.0,1975.0,4
QFF,202603,2026-02-27 02:48:00,1975.0,1975.0,1970.0,1970.0,8
QFF,202603,2026-02-27 02:49:00,1970.0,1970.0,1970.0,1970.0,3
QFF,202603,2026-02-27 02:50:00,1970.0,1970.0,1970.0,1970.0,1
QFF,202603,2026-02-27 02:51:00,1970.0,1970.0,1970.0,1970.0,1
QFF,202603,2026-02-27 02:52:00,1970.0,1970.0,1970.0,1970.0,20
QFF,202603,2026-02-27 02:53:00,1970.0,1975.0,1970.0,1975.0,46
QFF,202603,2026-02-27 02:54:00,1970.0,1970.0,1970.0,1970.0,11
QFF,202603,2026-02-27 02:55:00,1970.0,1970.0,1970.0,1970.0,103
QFF,202603,2026-02-27 02:56:00,1970.0,1970.0,1970.0,1970.0,8
QFF,202603,2026-02-27 02:57:00,1970.0,1970.0,1970.0,1970.0,5
QFF,202603,2026-02-27 03:00:00,1970.0,1970.0,1970.0,1970.0,20
QFF,202603,2026-02-27 03:01:00,1970.0,1970.0,1970.0,1970.0,12
QFF,202603,2026-02-27 03:03:00,1970.0,1970.0,1970.0,1970.0,9
QFF,202603,2026-02-27 03:04:00,1975.0,1975.0,1975.0,1975.0,3
QFF,202603,2026-02-27 03:05:00,1975.0,1975.0,1975.0,1975.0,1
QFF,202603,2026-02-27 03:06:00,1975.0,1975.0,1975.0,1975.0,1
QFF,202603,2026-02-27 03:08:00,1975.0,1975.0,1975.0,1975.0,1
QFF,202603,2026-02-27 03:13:00,1975.0,1975.0,1975.0,1975.0,2
QFF,202603,2026-02-27 03:15:00,1975.0,1975.0,1975.0,1975.0,89
QFF,202603,2026-02-27 03:16:00,1975.0,1975.0,1975.0,1975.0,44
QFF,202603,2026-02-27 03:17:00,1975.0,1980.0,1975.0,1980.0,189
QFF,202603,2026-02-27 03:18:00,1980.0,1980.0,1980.0,1980.0,14
QFF,202603,2026-02-27 03:19:00,1980.0,1980.0,1980.0,1980.0,1
QFF,202603,2026-02-27 03:22:00,1980.0,1980.0,1980.0,1980.0,1
QFF,202603,2026-02-27 03:24:00,1975.0,1975.0,1975.0,1975.0,2
QFF,202603,2026-02-27 03:26:00,1975.0,1975.0,1975.0,1975.0,1
QFF,202603,2026-02-27 03:28:00,1975.0,1975.0,1975.0,1975.0,1
QFF,202603,2026-02-27 03:29:00,1975.0,1975.0,1975.0,1975.0,2
QFF,202603,2026-02-27 03:31:00,1980.0,1980.0,1980.0,1980.0,1
QFF,202603,2026-02-27 03:32:00,1975.0,1975.0,1975.0,1975.0,2
QFF,202603,2026-02-27 03:35:00,1975.0,1975.0,1975.0,1975.0,2
QFF,202603,2026-02-27 03:38:00,1975.0,1975.0,1975.0,1975.0,64
QFF,202603,2026-02-27 03:40:00,1975.0,1975.0,1975.0,1975.0,2
QFF,202603,2026-02-27 03:41:00,1970.0,1970.0,1970.0,1970.0,3
QFF,202603,2026-02-27 03:42:00,1975.0,1975.0,1975.0,1975.0,83
QFF,202603,2026-02-27 03:43:00,1975.0,1975.0,1975.0,1975.0,2
QFF,202603,2026-02-27 03:44:00,1975.0,1975.0,1975.0,1975.0,11
QFF,202603,2026-02-27 03:47:00,1980.0,1980.0,1980.0,1980.0,3
QFF,202603,2026-02-27 03:50:00,1975.0,1975.0,1975.0,1975.0,1
QFF,202603,2026-02-27 03:55:00,1980.0,1980.0,1980.0,1980.0,104
QFF,202603,2026-02-27 03:56:00,1980.0,1980.0,1980.0,1980.0,4
QFF,202603,2026-02-27 03:58:00,1980.0,1980.0,1980.0,1980.0,59
QFF,202603,2026-02-27 03:59:00,1980.0,1980.0,1980.0,1980.0,2
QFF,202603,2026-02-27 04:03:00,1980.0,1980.0,1980.0,1980.0,65
QFF,202603,2026-02-27 04:07:00,1980.0,1980.0,1980.0,1980.0,2
QFF,202603,2026-02-27 04:09:00,1980.0,1980.0,1980.0,1980.0,1
QFF,202603,2026-02-27 04:11:00,1980.0,1980.0,1980.0,1980.0,1
QFF,202603,2026-02-27 04:13:00,1980.0,1980.0,1980.0,1980.0,1
QFF,202603,2026-02-27 04:14:00,1975.0,1975.0,1975.0,1975.0,5
QFF,202603,2026-02-27 04:15:00,1975.0,1975.0,1975.0,1975.0,6
QFF,202603,2026-02-27 04:17:00,1975.0,1980.0,1975.0,1980.0,2
QFF,202603,2026-02-27 04:22:00,1975.0,1975.0,1975.0,1975.0,15
QFF,202603,2026-02-27 04:23:00,1975.0,1975.0,1975.0,1975.0,5
QFF,202603,2026-02-27 04:29:00,1975.0,1975.0,1975.0,1975.0,10
QFF,202603,2026-02-27 04:30:00,1975.0,1975.0,1975.0,1975.0,1
QFF,202603,2026-02-27 04:31:00,1975.0,1975.0,1975.0,1975.0,2
QFF,202603,2026-02-27 04:33:00,1980.0,1980.0,1980.0,1980.0,1
QFF,202603,2026-02-27 04:34:00,1980.0,1980.0,1980.0,1980.0,1
QFF,202603,2026-02-27 04:35:00,1980.0,1980.0,1980.0,1980.0,1
QFF,202603,2026-02-27 04:37:00,1980.0,1980.0,1980.0,1980.0,6
QFF,202603,2026-02-27 04:38:00,1980.0,1980.0,1980.0,1980.0,1
QFF,202603,2026-02-27 04:43:00,1975.0,1975.0,1975.0,1975.0,11
QFF,202603,2026-02-27 04:44:00,1980.0,1980.0,1980.0,1980.0,1
QFF,202603,2026-02-27 04:46:00,1975.0,1975.0,1975.0,1975.0,2
QFF,202603,2026-02-27 04:48:00,1980.0,1980.0,1975.0,1975.0,4
QFF,202603,2026-02-27 04:50:00,1980.0,1980.0,1980.0,1980.0,10
QFF,202603,2026-02-27 04:51:00,1980.0,1980.0,1980.0,1980.0,2
QFF,202603,2026-02-27 04:52:00,1980.0,1980.0,1980.0,1980.0,3
QFF,202603,2026-02-27 04:54:00,1980.0,1980.0,1980.0,1980.0,6
QFF,202603,2026-02-27 04:55:00,1980.0,1980.0,1980.0,1980.0,35
QFF,202603,2026-02-27 04:56:00,1980.0,1980.0,1980.0,1980.0,6
QFF,202603,2026-02-27 04:57:00,1980.0,1980.0,1980.0,1980.0,16
QFF,202603,2026-02-27 04:58:00,1980.0,1980.0,1980.0,1980.0,6
QFF,202603,2026-02-27 04:59:00,1980.0,1985.0,1980.0,1980.0,17
QFF,202603/202604,2026-02-26 17:29:00,7.7,7.7,7.7,7.7,12
QFF,202603/202604,2026-02-26 17:35:00,7.71,7.71,7.71,7.71,6
QFF,202603/202604,2026-02-26 17:52:00,7.71,7.71,7.71,7.71,10
QFF,202603/202604,2026-02-26 18:25:00,7.71,7.71,7.71,7.71,20
QFF,202603/202604,2026-02-26 18:34:00,7.71,7.71,7.71,7.71,20
QFF,202603/202604,2026-02-26 20:09:00,7.71,7.71,7.71,7.71,2
QFF,202603/202604,2026-02-26 22:04:00,7.71,7.71,7.71,7.71,20
QFF,202603/202604,2026-02-26 22:22:00,7.71,7.71,7.71,7.71,4
QFF,202603/202604,2026-02-26 22:42:00,7.71,7.71,7.71,7.71,8
QFF,202603/202604,2026-02-26 22:43:00,7.7,7.7,7.7,7.7,12
QFF,202603/202604,2026-02-26 22:48:00,7.71,7.71,7.71,7.71,10
QFF,202603/202604,2026-02-26 22:51:00,7.71,7.71,7.71,7.71,106
QFF,202603/202604,2026-02-26 23:00:00,7.7,7.7,7.7,7.7,4
QFF,202603/202604,2026-02-26 23:03:00,7.7,7.7,7.7,7.7,2
QFF,202603/202604,2026-02-26 23:12:00,7.71,7.71,7.71,7.71,68
QFF,202603/202604,2026-02-26 23:14:00,7.71,7.71,7.71,7.71,136
QFF,202603/202604,2026-02-26 23:15:00,7.71,7.71,7.71,7.71,156
QFF,202603/202604,2026-02-26 23:16:00,7.71,7.71,7.71,7.71,2
QFF,202603/202604,2026-02-26 23:17:00,7.7,7.7,7.7,7.7,2
QFF,202603/202604,2026-02-26 23:18:00,7.71,7.71,7.71,7.71,40
QFF,202603/202604,2026-02-26 23:19:00,7.71,7.71,7.71,7.71,214
QFF,202603/202604,2026-02-26 23:20:00,7.71,7.71,7.71,7.71,2
QFF,202603/202604,2026-02-26 23:21:00,7.7,7.71,7.7,7.71,106
QFF,202603/202604,2026-02-26 23:23:00,7.71,7.71,7.71,7.71,10
QFF,202603/202604,2026-02-26 23:24:00,7.71,7.71,7.71,7.71,8
QFF,202603/202604,2026-02-26 23:27:00,7.71,7.71,7.71,7.71,8
QFF,202603/202604,2026-02-26 23:28:00,7.71,7.71,7.71,7.71,2
QFF,202603/202604,2026-02-26 23:39:00,7.71,7.71,7.71,7.71,4
QFF,202603/202604,2026-02-26 23:50:00,7.71,7.71,7.71,7.71,16
QFF,202603/202604,2026-02-26 23:52:00,7.71,7.71,7.71,7.71,6
QFF,202603/202604,2026-02-26 23:53:00,7.71,7.71,7.71,7.71,4
QFF,202603/202604,2026-02-26 23:54:00,7.71,7.71,7.71,7.71,2
QFF,202603/202604,2026-02-26 23:58:00,7.71,7.71,7.71,7.71,2
QFF,202603/202604,2026-02-26 23:59:00,7.71,7.71,7.71,7.71,2
QFF,202603/202604,2026-02-27 00:03:00,7.71,7.71,7.71,7.71,84
QFF,202603/202604,2026-02-27 00:39:00,7.71,7.71,7.71,7.71,2
QFF,202603/202604,2026-02-27 00:44:00,7.71,7.71,7.71,7.71,44
QFF,202603/202604,2026-02-27 00:58:00,7.71,7.71,7.71,7.71,232
QFF,202603/202604,2026-02-27 02:02:00,7.71,7.71,7.71,7.71,4
QFF,202603/202604,2026-02-27 02:49:00,7.71,7.71,7.71,7.71,2
QFF,202603/202604,2026-02-27 03:20:00,7.71,7.71,7.71,7.71,4
QFF,202603/202604,2026-02-27 03:31:00,7.71,7.71,7.71,7.71,2
QFF,202603/202606,2026-02-26 18:06:00,22.32,22.32,22.32,22.32,4
QFF,202603/202606,2026-02-26 18:26:00,22.32,22.32,22.32,22.32,20
QFF,202603/202606,2026-02-26 18:58:00,22.32,22.32,22.32,22.32,6
QFF,202603/202606,2026-02-26 22:47:00,22.32,22.32,22.32,22.32,4
QFF,202603/202606,2026-02-27 01:27:00,22.31,22.31,22.31,22.31,2
QFF,202603/202606,2026-02-27 01:52:00,22.31,22.31,22.31,22.31,2
QFF,202603/202606,2026-02-27 01:59:00,22.31,22.31,22.31,22.31,2
QFF,202603/202609,2026-02-26 22:46:00,40.01,40.01,40.01,40.01,4
QFF,202603/202609,2026-02-26 22:54:00,39.55,39.55,39.52,39.52,8
QFF,202603/202609,2026-02-27 00:28:00,39.6,39.6,39.52,39.52,16
QFF,202603/202609,2026-02-27 04:30:00,39.52,39.52,39.52,39.52,12
QFF,202603/202612,2026-02-26 23:20:00,57.51,57.52,57.51,57.52,22
QFF,202603/202612,2026-02-26 23:21:00,57.52,57.52,57.52,57.52,2
QFF,202603/202612,2026-02-26 23:24:00,57.52,57.52,57.52,57.52,8
QFF,202604,2026-02-26 17:25:00,2035.0,2035.0,2030.0,2030.0,9
QFF,202604,2026-02-26 17:26:00,2030.0,2030.0,2030.0,2030.0,2
QFF,202604,2026-02-26 17:27:00,2030.0,2030.0,2030.0,2030.0,2
QFF,202604,2026-02-26 17:29:00,2035.0,2035.0,2035.0,2035.0,16
QFF,202604,2026-02-26 17:31:00,2035.0,2035.0,2035.0,2035.0,11
QFF,202604,2026-02-26 17:33:00,2035.0,2035.0,2035.0,2035.0,1
QFF,202604,2026-02-26 17:38:00,2035.0,2035.0,2035.0,2035.0,3
QFF,202604,2026-02-26 17:44:00,2035.0,2035.0,2035.0,2035.0,4
QFF,202604,2026-02-26 17:45:00,2035.0,2035.0,2035.0,2035.0,1
QFF,202604,2026-02-26 17:46:00,2035.0,2035.0,2035.0,2035.0,13
QFF,202604,2026-02-26 17:47:00,2035.0,2035.0,2035.0,2035.0,3
QFF,202604,2026-02-26 17:49:00,2035.0,2035.0,2030.0,2030.0,2
QFF,202604,2026-02-26 17:51:00,2035.0,2035.0,2035.0,2035.0,4
QFF,202604,2026-02-26 17:52:00,2035.0,2035.0,2035.0,2035.0,1
QFF,202604,2026-02-26 17:53:00,2035.0,2035.0,2035.0,2035.0,2
QFF,202604,2026-02-26 17:54:00,2035.0,2035.0,2035.0,2035.0,1
QFF,202604,2026-02-26 17:57:00,2030.0,2030.0,2030.0,2030.0,1
QFF,202604,2026-02-26 17:58:00,2030.0,2030.0,2030.0,2030.0,11
QFF,202604,2026-02-26 18:01:00,2030.0,2030.0,2030.0,2030.0,2
QFF,202604,2026-02-26 18:02:00,2030.0,2030.0,2030.0,2030.0,3
QFF,202604,2026-02-26 18:03:00,2030.0,2030.0,2030.0,2030.0,4
QFF,202604,2026-02-26 18:05:00,2030.0,2030.0,2030.0,2030.0,26
QFF,202604,2026-02-26 18:07:00,2030.0,2030.0,2030.0,2030.0,7
QFF,202604,2026-02-26 18:15:00,2030.0,2030.0,2030.0,2030.0,2
QFF,202604,2026-02-26 18:16:00,2030.0,2030.0,2030.0,2030.0,10
QFF,202604,2026-02-26 18:18:00,2030.0,2030.0,2030.0,2030.0,1
QFF,202604,2026-02-26 18:28:00,2030.0,2030.0,2030.0,2030.0,2
QFF,202604,2026-02-26 18:41:00,2030.0,2030.0,2030.0,2030.0,2
QFF,202604,2026-02-26 18:42:00,2030.0,2030.0,2030.0,2030.0,2
QFF,202604,2026-02-26 18:56:00,2025.0,2025.0,2025.0,2025.0,1
QFF,202604,2026-02-26 19:05:00,2025.0,2025.0,2025.0,2025.0,5
QFF,202604,2026-02-26 19:22:00,2025.0,2025.0,2025.0,2025.0,12
QFF,202604,2026-02-26 19:26:00,2025.0,2025.0,2025.0,2025.0,5
QFF,202604,2026-02-26 19:31:00,2030.0,2030.0,2030.0,2030.0,1
QFF,202604,2026-02-26 19:51:00,2030.0,2030.0,2030.0,2030.0,1
QFF,202604,2026-02-26 20:04:00,2025.0,2025.0,2025.0,2025.0,5
QFF,202604,2026-02-26 20:29:00,2030.0,2030.0,2030.0,2030.0,1
QFF,202604,2026-02-26 21:23:00,2030.0,2030.0,2030.0,2030.0,1
QFF,202604,2026-02-26 21:29:00,2030.0,2030.0,2030.0,2030.0,25
QFF,202604,2026-02-26 21:31:00,2030.0,2030.0,2030.0,2030.0,1
QFF,202604,2026-02-26 21:44:00,2025.0,2025.0,2025.0,2025.0,1
QFF,202604,2026-02-26 21:53:00,2025.0,2025.0,2025.0,2025.0,5
QFF,202604,2026-02-26 21:54:00,2025.0,2025.0,2025.0,2025.0,10
QFF,202604,2026-02-26 21:55:00,2025.0,2025.0,2025.0,2025.0,1
QFF,202604,2026-02-26 21:56:00,2025.0,2025.0,2025.0,2025.0,1
QFF,202604,2026-02-26 21:58:00,2025.0,2025.0,2025.0,2025.0,2
QFF,202604,2026-02-26 22:00:00,2025.0,2025.0,2025.0,2025.0,9
QFF,202604,2026-02-26 22:02:00,2025.0,2025.0,2025.0,2025.0,3
QFF,202604,2026-02-26 22:03:00,2025.0,2025.0,2025.0,2025.0,3
QFF,202604,2026-02-26 22:07:00,2025.0,2025.0,2025.0,2025.0,3
QFF,202604,2026-02-26 22:11:00,2025.0,2025.0,2025.0,2025.0,2
QFF,202604,2026-02-26 22:30:00,2020.0,2020.0,2020.0,2020.0,64
QFF,202604,2026-02-26 22:32:00,2020.0,2020.0,2020.0,2020.0,2
QFF,202604,2026-02-26 22:34:00,2015.0,2015.0,2015.0,2015.0,55
QFF,202604,2026-02-26 22:35:00,2015.0,2015.0,2015.0,2015.0,8
QFF,202604,2026-02-26 22:36:00,2015.0,2015.0,2015.0,2015.0,21
QFF,202604,2026-02-26 22:37:00,2015.0,2015.0,2010.0,2010.0,7
QFF,202604,2026-02-26 22:40:00,2010.0,2010.0,2010.0,2010.0,62
QFF,202604,2026-02-26 22:41:00,2010.0,2010.0,2010.0,2010.0,22
QFF,202604,2026-02-26 22:42:00,2010.0,2010.0,2005.0,2005.0,12
QFF,202604,2026-02-26 22:43:00,2005.0,2005.0,2005.0,2005.0,90
QFF,202604,2026-02-26 22:44:00,2005.0,2005.0,2005.0,2005.0,9
QFF,202604,2026-02-26 22:45:00,2005.0,2005.0,2005.0,2005.0,7
QFF,202604,2026-02-26 22:46:00,2005.0,2005.0,2005.0,2005.0,13
QFF,202604,2026-02-26 22:47:00,2005.0,2005.0,2005.0,2005.0,10
QFF,202604,2026-02-26 22:48:00,2005.0,2005.0,2005.0,2005.0,7
QFF,202604,2026-02-26 22:49:00,2000.0,2000.0,2000.0,2000.0,107
QFF,202604,2026-02-26 22:50:00,2000.0,2000.0,2000.0,2000.0,3
QFF,202604,2026-02-26 22:51:00,2000.0,2000.0,1995.0,2000.0,10
QFF,202604,2026-02-26 22:52:00,1995.0,1995.0,1995.0,1995.0,30
QFF,202604,2026-02-26 22:53:00,1995.0,2000.0,1995.0,2000.0,15
QFF,202604,2026-02-26 22:54:00,2000.0,2000.0,1995.0,1995.0,2
QFF,202604,2026-02-26 22:55:00,2000.0,2000.0,2000.0,2000.0,6
QFF,202604,2026-02-26 22:56:00,2000.0,2000.0,1995.0,1995.0,14
QFF,202604,2026-02-26 22:57:00,1995.0,1995.0,1995.0,1995.0,7
QFF,202604,2026-02-26 22:58:00,1995.0,1995.0,1995.0,1995.0,15
QFF,202604,2026-02-26 22:59:00,1995.0,1995.0,1995.0,1995.0,23
QFF,202604,2026-02-26 23:00:00,1995.0,1995.0,1995.0,1995.0,1
QFF,202604,2026-02-26 23:01:00,1995.0,1995.0,1995.0,1995.0,14
QFF,202604,2026-02-26 23:02:00,1990.0,1995.0,1990.0,1995.0,7
QFF,202604,2026-02-26 23:03:00,1995.0,1995.0,1995.0,1995.0,25
QFF,202604,2026-02-26 23:04:00,1995.0,1995.0,1995.0,1995.0,5
QFF,202604,2026-02-26 23:09:00,1995.0,1995.0,1995.0,1995.0,1
QFF,202604,2026-02-26 23:10:00,1995.0,1995.0,1995.0,1995.0,3
QFF,202604,2026-02-26 23:11:00,1995.0,1995.0,1995.0,1995.0,4
QFF,202604,2026-02-26 23:12:00,1995.0,1995.0,1995.0,1995.0,34
QFF,202604,2026-02-26 23:13:00,1990.0,1995.0,1990.0,1995.0,3
QFF,202604,2026-02-26 23:14:00,1990.0,1990.0,1990.0,1990.0,83
QFF,202604,2026-02-26 23:15:00,1985.0,1985.0,1985.0,1985.0,81
QFF,202604,2026-02-26 23:16:00,1985.0,1985.0,1985.0,1985.0,12
QFF,202604,2026-02-26 23:17:00,1985.0,1985.0,1985.0,1985.0,6
QFF,202604,2026-02-26 23:18:00,1985.0,1985.0,1985.0,1985.0,6
QFF,202604,2026-02-26 23:19:00,1985.0,1985.0,1980.0,1980.0,109
QFF,202604,2026-02-26 23:20:00,1980.0,1980.0,1980.0,1980.0,8
QFF,202604,2026-02-26 23:21:00,1980.0,1980.0,1975.0,1975.0,67
QFF,202604,2026-02-26 23:22:00,1975.0,1975.0,1975.0,1975.0,2
QFF,202604,2026-02-26 23:23:00,1975.0,1975.0,1975.0,1975.0,13
QFF,202604,2026-02-26 23:24:00,1975.0,1975.0,1970.0,1970.0,10
QFF,202604,2026-02-26 23:25:00,1970.0,1975.0,1970.0,1975.0,6
QFF,202604,2026-02-26 23:26:00,1980.0,1985.0,1980.0,1985.0,10
QFF,202604,2026-02-26 23:27:00,1980.0,1980.0,1980.0,1980.0,10
QFF,202604,2026-02-26 23:28:00,1980.0,1980.0,1980.0,1980.0,2
QFF,202604,2026-02-26 23:29:00,1985.0,1985.0,1985.0,1985.0,2
QFF,202604,2026-02-26 23:30:00,1980.0,1980.0,1980.0,1980.0,8
QFF,202604,2026-02-26 23:31:00,1980.0,1980.0,1980.0,1980.0,1
QFF,202604,2026-02-26 23:32:00,1980.0,1980.0,1975.0,1975.0,14
QFF,202604,2026-02-26 23:33:00,1980.0,1980.0,1980.0,1980.0,4
QFF,202604,2026-02-26 23:34:00,1980.0,1980.0,1975.0,1975.0,2
QFF,202604,2026-02-26 23:35:00,1975.0,1975.0,1975.0,1975.0,5
QFF,202604,2026-02-26 23:36:00,1980.0,1980.0,1980.0,1980.0,1
QFF,202604,2026-02-26 23:37:00,1980.0,1980.0,1980.0,1980.0,36
QFF,202604,2026-02-26 23:39:00,1985.0,1985.0,1985.0,1985.0,15
QFF,202604,2026-02-26 23:41:00,1990.0,1990.0,1990.0,1990.0,4
QFF,202604,2026-02-26 23:42:00,1985.0,1985.0,1985.0,1985.0,8
QFF,202604,2026-02-26 23:43:00,1990.0,1990.0,1985.0,1985.0,3
QFF,202604,2026-02-26 23:45:00,1990.0,1990.0,1990.0,1990.0,1
QFF,202604,2026-02-26 23:46:00,1990.0,1990.0,1990.0,1990.0,8
QFF,202604,2026-02-26 23:47:00,1990.0,1990.0,1990.0,1990.0,2
QFF,202604,2026-02-26 23:48:00,1990.0,1995.0,1990.0,1995.0,36
QFF,202604,2026-02-26 23:49:00,1995.0,1995.0,1995.0,1995.0,1
QFF,202604,2026-02-26 23:50:00,1990.0,1990.0,1990.0,1990.0,8
QFF,202604,2026-02-26 23:52:00,1990.0,1990.0,1990.0,1990.0,5
QFF,202604,2026-02-26 23:53:00,1990.0,1990.0,1990.0,1990.0,2
QFF,202604,2026-02-26 23:54:00,1990.0,1990.0,1990.0,1990.0,1
QFF,202604,2026-02-26 23:55:00,1990.0,1990.0,1990.0,1990.0,1
QFF,202604,2026-02-26 23:58:00,1990.0,1990.0,1990.0,1990.0,2
QFF,202604,2026-02-27 00:01:00,1990.0,1990.0,1985.0,1985.0,3
QFF,202604,2026-02-27 00:02:00,1985.0,1985.0,1985.0,1985.0,2
QFF,202604,2026-02-27 00:07:00,1985.0,1985.0,1985.0,1985.0,46
QFF,202604,2026-02-27 00:08:00,1985.0,1985.0,1985.0,1985.0,2
QFF,202604,2026-02-27 00:09:00,1985.0,1985.0,1985.0,1985.0,2
QFF,202604,2026-02-27 00:14:00,1985.0,1985.0,1985.0,1985.0,1
QFF,202604,2026-02-27 00:15:00,1985.0,1990.0,1985.0,1990.0,2
QFF,202604,2026-02-27 00:16:00,1990.0,1990.0,1990.0,1990.0,3
QFF,202604,2026-02-27 00:17:00,1990.0,1990.0,1990.0,1990.0,2
QFF,202604,2026-02-27 00:20:00,1990.0,1990.0,1990.0,1990.0,1
QFF,202604,2026-02-27 00:21:00,1990.0,1990.0,1990.0,1990.0,3
QFF,202604,2026-02-27 00:22:00,1990.0,1990.0,1990.0,1990.0,9
QFF,202604,2026-02-27 00:23:00,1990.0,1990.0,1990.0,1990.0,1
QFF,202604,2026-02-27 00:33:00,1990.0,1990.0,1990.0,1990.0,11
QFF,202604,2026-02-27 00:36:00,1990.0,1990.0,1990.0,1990.0,61
QFF,202604,2026-02-27 00:41:00,1985.0,1990.0,1985.0,1990.0,2
QFF,202604,2026-02-27 00:44:00,1985.0,1985.0,1985.0,1985.0,49
QFF,202604,2026-02-27 00:46:00,1985.0,1985.0,1985.0,1985.0,1
QFF,202604,2026-02-27 00:47:00,1985.0,1985.0,1985.0,1985.0,1
QFF,202604,2026-02-27 00:48:00,1985.0,1985.0,1985.0,1985.0,1
QFF,202604,2026-02-27 00:51:00,1985.0,1985.0,1985.0,1985.0,1
QFF,202604,2026-02-27 00:52:00,1985.0,1985.0,1985.0,1985.0,1
QFF,202604,2026-02-27 00:55:00,1985.0,1985.0,1985.0,1985.0,1
QFF,202604,2026-02-27 00:56:00,1980.0,1980.0,1980.0,1980.0,5
QFF,202604,2026-02-27 00:58:00,1980.0,1980.0,1980.0,1980.0,119
QFF,202604,2026-02-27 01:00:00,1980.0,1980.0,1980.0,1980.0,25
QFF,202604,2026-02-27 01:01:00,1980.0,1980.0,1980.0,1980.0,44
QFF,202604,2026-02-27 01:02:00,1980.0,1980.0,1980.0,1980.0,5
QFF,202604,2026-02-27 01:03:00,1980.0,1980.0,1980.0,1980.0,2
QFF,202604,2026-02-27 01:07:00,1985.0,1985.0,1985.0,1985.0,1
QFF,202604,2026-02-27 01:16:00,1980.0,1980.0,1980.0,1980.0,4
QFF,202604,2026-02-27 01:17:00,1980.0,1980.0,1980.0,1980.0,1
QFF,202604,2026-02-27 01:19:00,1985.0,1985.0,1985.0,1985.0,10
QFF,202604,2026-02-27 01:28:00,1980.0,1980.0,1980.0,1980.0,11
QFF,202604,2026-02-27 01:32:00,1985.0,1985.0,1985.0,1985.0,1
QFF,202604,2026-02-27 01:33:00,1985.0,1985.0,1985.0,1985.0,2
QFF,202604,2026-02-27 01:34:00,1985.0,1985.0,1985.0,1985.0,3
QFF,202604,2026-02-27 01:35:00,1985.0,1985.0,1985.0,1985.0,2
QFF,202604,2026-02-27 01:37:00,1980.0,1980.0,1980.0,1980.0,1
QFF,202604,2026-02-27 01:38:00,1980.0,1980.0,1980.0,1980.0,2
QFF,202604,2026-02-27 01:43:00,1980.0,1980.0,1980.0,1980.0,2
QFF,202604,2026-02-27 01:44:00,1980.0,1980.0,1980.0,1980.0,3
QFF,202604,2026-02-27 01:45:00,1980.0,1980.0,1980.0,1980.0,1
QFF,202604,2026-02-27 01:47:00,1980.0,1980.0,1980.0,1980.0,2
QFF,202604,2026-02-27 01:48:00,1980.0,1980.0,1980.0,1980.0,2
QFF,202604,2026-02-27 01:52:00,1980.0,1980.0,1980.0,1980.0,5
QFF,202604,2026-02-27 01:55:00,1980.0,1980.0,1980.0,1980.0,5
QFF,202604,2026-02-27 01:57:00,1980.0,1980.0,1980.0,1980.0,1
QFF,202604,2026-02-27 01:59:00,1980.0,1980.0,1980.0,1980.0,5
QFF,202604,2026-02-27 02:05:00,1980.0,1980.0,1980.0,1980.0,1
QFF,202604,2026-02-27 02:12:00,1980.0,1980.0,1980.0,1980.0,1
QFF,202604,2026-02-27 02:14:00,1980.0,1980.0,1980.0,1980.0,1
QFF,202604,2026-02-27 02:18:00,1980.0,1980.0,1980.0,1980.0,3
QFF,202604,2026-02-27 02:19:00,1980.0,1980.0,1980.0,1980.0,1
QFF,202604,2026-02-27 02:21:00,1980.0,1980.0,1980.0,1980.0,1
QFF,202604,2026-02-27 02:26:00,1980.0,1980.0,1980.0,1980.0,1
QFF,202604,2026-02-27 02:31:00,1980.0,1980.0,1980.0,1980.0,2
QFF,202604,2026-02-27 02:34:00,1980.0,1980.0,1980.0,1980.0,1
QFF,202604,2026-02-27 02:36:00,1980.0,1980.0,1980.0,1980.0,1
QFF,202604,2026-02-27 02:41:00,1985.0,1985.0,1985.0,1985.0,1
QFF,202604,2026-02-27 02:48:00,1980.0,1980.0,1980.0,1980.0,4
QFF,202604,2026-02-27 02:49:00,1980.0,1980.0,1980.0,1980.0,1
QFF,202604,2026-02-27 02:56:00,1980.0,1980.0,1980.0,1980.0,1
QFF,202604,2026-02-27 03:01:00,1980.0,1980.0,1980.0,1980.0,1
QFF,202604,2026-02-27 03:03:00,1980.0,1980.0,1980.0,1980.0,1
QFF,202604,2026-02-27 03:07:00,1980.0,1980.0,1980.0,1980.0,1
QFF,202604,2026-02-27 03:16:00,1985.0,1985.0,1985.0,1985.0,20
QFF,202604,2026-02-27 03:17:00,1985.0,1985.0,1985.0,1985.0,1
QFF,202604,2026-02-27 03:20:00,1985.0,1985.0,1985.0,1985.0,2
QFF,202604,2026-02-27 03:31:00,1985.0,1985.0,1985.0,1985.0,2
QFF,202604,2026-02-27 03:36:00,1985.0,1985.0,1985.0,1985.0,1
QFF,202604,2026-02-27 03:41:00,1980.0,1980.0,1980.0,1980.0,1
QFF,202604,2026-02-27 03:50:00,1985.0,1985.0,1985.0,1985.0,1
QFF,202604,2026-02-27 04:15:00,1985.0,1985.0,1985.0,1985.0,2
QFF,202604,2026-02-27 04:22:00,1985.0,1985.0,1985.0,1985.0,4
QFF,202604,2026-02-27 04:29:00,1985.0,1985.0,1985.0,1985.0,3
QFF,202604,2026-02-27 04:32:00,1985.0,1985.0,1985.0,1985.0,1
QFF,202604,2026-02-27 04:33:00,1990.0,1990.0,1990.0,1990.0,1
QFF,202604,2026-02-27 04:43:00,1985.0,1985.0,1985.0,1985.0,10
QFF,202604,2026-02-27 04:46:00,1985.0,1985.0,1985.0,1985.0,3
QFF,202604,2026-02-27 04:48:00,1985.0,1985.0,1985.0,1985.0,1
QFF,202604,2026-02-27 04:49:00,1985.0,1985.0,1985.0,1985.0,1
QFF,202604,2026-02-27 04:56:00,1985.0,1985.0,1985.0,1985.0,1
QFF,202604,2026-02-27 04:59:00,1985.0,1990.0,1985.0,1985.0,4
QFF,202606,2026-02-26 17:25:00,2045.0,2045.0,2045.0,2045.0,4
QFF,202606,2026-02-26 17:27:00,2045.0,2045.0,2045.0,2045.0,2
QFF,202606,2026-02-26 17:29:00,2050.0,2050.0,2050.0,2050.0,3
QFF,202606,2026-02-26 17:35:00,2050.0,2050.0,2050.0,2050.0,1
QFF,202606,2026-02-26 17:36:00,2050.0,2050.0,2050.0,2050.0,3
QFF,202606,2026-02-26 17:44:00,2050.0,2050.0,2050.0,2050.0,1
QFF,202606,2026-02-26 17:48:00,2050.0,2050.0,2050.0,2050.0,6
QFF,202606,2026-02-26 18:05:00,2045.0,2045.0,2045.0,2045.0,5
QFF,202606,2026-02-26 18:08:00,2045.0,2045.0,2045.0,2045.0,1
QFF,202606,2026-02-26 18:14:00,2045.0,2045.0,2045.0,2045.0,1
QFF,202606,2026-02-26 18:17:00,2045.0,2045.0,2045.0,2045.0,3
QFF,202606,2026-02-26 18:59:00,2040.0,2040.0,2040.0,2040.0,2
QFF,202606,2026-02-26 19:06:00,2040.0,2040.0,2040.0,2040.0,4
QFF,202606,2026-02-26 19:08:00,2040.0,2040.0,2040.0,2040.0,1
QFF,202606,2026-02-26 19:23:00,2040.0,2040.0,2040.0,2040.0,5
QFF,202606,2026-02-26 19:31:00,2040.0,2040.0,2040.0,2040.0,1
QFF,202606,2026-02-26 19:32:00,2040.0,2040.0,2040.0,2040.0,4
QFF,202606,2026-02-26 19:55:00,2040.0,2040.0,2040.0,2040.0,2
QFF,202606,2026-02-26 19:59:00,2040.0,2045.0,2040.0,2045.0,2
QFF,202606,2026-02-26 20:04:00,2040.0,2040.0,2040.0,2040.0,2
QFF,202606,2026-02-26 20:10:00,2040.0,2040.0,2040.0,2040.0,2
QFF,202606,2026-02-26 20:14:00,2040.0,2040.0,2040.0,2040.0,1
QFF,202606,2026-02-26 20:32:00,2045.0,2045.0,2045.0,2045.0,1
QFF,202606,2026-02-26 20:34:00,2045.0,2045.0,2045.0,2045.0,1
QFF,202606,2026-02-26 20:54:00,2040.0,2040.0,2040.0,2040.0,1
QFF,202606,2026-02-26 21:01:00,2040.0,2040.0,2040.0,2040.0,5
QFF,202606,2026-02-26 21:09:00,2040.0,2040.0,2040.0,2040.0,9
QFF,202606,2026-02-26 21:16:00,2040.0,2040.0,2040.0,2040.0,11
QFF,202606,2026-02-26 21:20:00,2040.0,2040.0,2040.0,2040.0,1
QFF,202606,2026-02-26 21:21:00,2040.0,2040.0,2040.0,2040.0,6
QFF,202606,2026-02-26 21:35:00,2040.0,2040.0,2040.0,2040.0,1
QFF,202606,2026-02-26 21:37:00,2040.0,2040.0,2040.0,2040.0,1
QFF,202606,2026-02-26 21:44:00,2040.0,2040.0,2040.0,2040.0,1
QFF,202606,2026-02-26 21:53:00,2040.0,2040.0,2040.0,2040.0,1
QFF,202606,2026-02-26 21:55:00,2040.0,2040.0,2040.0,2040.0,1
QFF,202606,2026-02-26 21:59:00,2040.0,2040.0,2040.0,2040.0,2
QFF,202606,2026-02-26 22:03:00,2040.0,2040.0,2040.0,2040.0,1
QFF,202606,2026-02-26 22:30:00,2035.0,2035.0,2035.0,2035.0,19
QFF,202606,2026-02-26 22:31:00,2030.0,2030.0,2030.0,2030.0,1
QFF,202606,2026-02-26 22:32:00,2030.0,2030.0,2030.0,2030.0,1
QFF,202606,2026-02-26 22:33:00,2030.0,2030.0,2030.0,2030.0,5
QFF,202606,2026-02-26 22:34:00,2030.0,2030.0,2030.0,2030.0,8
QFF,202606,2026-02-26 22:37:00,2025.0,2025.0,2025.0,2025.0,15
QFF,202606,2026-02-26 22:40:00,2025.0,2025.0,2025.0,2025.0,1
QFF,202606,2026-02-26 22:42:00,2025.0,2025.0,2025.0,2025.0,1
QFF,202606,2026-02-26 22:43:00,2020.0,2020.0,2020.0,2020.0,34
QFF,202606,2026-02-26 22:44:00,2020.0,2025.0,2020.0,2025.0,2
QFF,202606,2026-02-26 22:45:00,2020.0,2020.0,2020.0,2020.0,2
QFF,202606,2026-02-26 22:46:00,2020.0,2020.0,2020.0,2020.0,2
QFF,202606,2026-02-26 22:47:00,2020.0,2020.0,2020.0,2020.0,2
QFF,202606,2026-02-26 22:48:00,2020.0,2020.0,2020.0,2020.0,1
QFF,202606,2026-02-26 22:49:00,2020.0,2020.0,2015.0,2015.0,33
QFF,202606,2026-02-26 22:51:00,2010.0,2010.0,2010.0,2010.0,2
QFF,202606,2026-02-26 22:52:00,2010.0,2010.0,2010.0,2010.0,22
QFF,202606,2026-02-26 22:53:00,2010.0,2010.0,2010.0,2010.0,10
QFF,202606,2026-02-26 22:54:00,2010.0,2010.0,2010.0,2010.0,2
QFF,202606,2026-02-26 22:56:00,2010.0,2010.0,2010.0,2010.0,12
QFF,202606,2026-02-26 22:57:00,2010.0,2010.0,2010.0,2010.0,3
QFF,202606,2026-02-26 22:58:00,2010.0,2010.0,2010.0,2010.0,1
QFF,202606,2026-02-26 23:00:00,2010.0,2010.0,2010.0,2010.0,1
QFF,202606,2026-02-26 23:01:00,2010.0,2010.0,2010.0,2010.0,2
QFF,202606,2026-02-26 23:03:00,2010.0,2010.0,2010.0,2010.0,1
QFF,202606,2026-02-26 23:04:00,2010.0,2010.0,2010.0,2010.0,1
QFF,202606,2026-02-26 23:05:00,2010.0,2010.0,2010.0,2010.0,5
QFF,202606,2026-02-26 23:08:00,2010.0,2010.0,2010.0,2010.0,1
QFF,202606,2026-02-26 23:09:00,2010.0,2010.0,2010.0,2010.0,1
QFF,202606,2026-02-26 23:10:00,2010.0,2010.0,2010.0,2010.0,5
QFF,202606,2026-02-26 23:11:00,2010.0,2010.0,2010.0,2010.0,1
QFF,202606,2026-02-26 23:13:00,2005.0,2005.0,2005.0,2005.0,23
QFF,202606,2026-02-26 23:14:00,2005.0,2005.0,2005.0,2005.0,4
QFF,202606,2026-02-26 23:15:00,2005.0,2005.0,2000.0,2000.0,30
QFF,202606,2026-02-26 23:16:00,2000.0,2000.0,2000.0,2000.0,2
QFF,202606,2026-02-26 23:17:00,2000.0,2000.0,2000.0,2000.0,2
QFF,202606,2026-02-26 23:18:00,2000.0,2000.0,2000.0,2000.0,1
QFF,202606,2026-02-26 23:19:00,2000.0,2000.0,1995.0,1995.0,26
QFF,202606,2026-02-26 23:21:00,1990.0,1995.0,1990.0,1990.0,12
QFF,202606,2026-02-26 23:22:00,1990.0,1990.0,1990.0,1990.0,1
QFF,202606,2026-02-26 23:23:00,1990.0,1990.0,1985.0,1985.0,3
QFF,202606,2026-02-26 23:24:00,1985.0,1985.0,1985.0,1985.0,9
QFF,202606,2026-02-26 23:25:00,1985.0,1985.0,1985.0,1985.0,1
QFF,202606,2026-02-26 23:26:00,1995.0,1995.0,1995.0,1995.0,1
QFF,202606,2026-02-26 23:27:00,1995.0,1995.0,1995.0,1995.0,1
QFF,202606,2026-02-26 23:29:00,1995.0,1995.0,1995.0,1995.0,1
QFF,202606,2026-02-26 23:30:00,1995.0,1995.0,1995.0,1995.0,3
QFF,202606,2026-02-26 23:31:00,1995.0,1995.0,1995.0,1995.0,1
QFF,202606,2026-02-26 23:32:00,1995.0,1995.0,1995.0,1995.0,1
QFF,202606,2026-02-26 23:34:00,1990.0,1990.0,1990.0,1990.0,7
QFF,202606,2026-02-26 23:35:00,1990.0,1990.0,1990.0,1990.0,6
QFF,202606,2026-02-26 23:37:00,1990.0,1990.0,1990.0,1990.0,1
QFF,202606,2026-02-26 23:39:00,2000.0,2000.0,2000.0,2000.0,4
QFF,202606,2026-02-26 23:42:00,2000.0,2000.0,2000.0,2000.0,5
QFF,202606,2026-02-26 23:44:00,2000.0,2000.0,2000.0,2000.0,1
QFF,202606,2026-02-26 23:45:00,2005.0,2005.0,2005.0,2005.0,1
QFF,202606,2026-02-26 23:47:00,2000.0,2000.0,2000.0,2000.0,1
QFF,202606,2026-02-26 23:48:00,2005.0,2005.0,2005.0,2005.0,4
QFF,202606,2026-02-26 23:49:00,2005.0,2005.0,2005.0,2005.0,1
QFF,202606,2026-02-26 23:52:00,2005.0,2005.0,2005.0,2005.0,1
QFF,202606,2026-02-26 23:53:00,2005.0,2005.0,2005.0,2005.0,3
QFF,202606,2026-02-26 23:54:00,2005.0,2005.0,2005.0,2005.0,1
QFF,202606,2026-02-26 23:55:00,2005.0,2005.0,2005.0,2005.0,1
QFF,202606,2026-02-26 23:59:00,2005.0,2005.0,2000.0,2000.0,3
QFF,202606,2026-02-27 00:01:00,2000.0,2000.0,2000.0,2000.0,1
QFF,202606,2026-02-27 00:02:00,2000.0,2000.0,2000.0,2000.0,7
QFF,202606,2026-02-27 00:04:00,2000.0,2000.0,2000.0,2000.0,2
QFF,202606,2026-02-27 00:05:00,2000.0,2000.0,2000.0,2000.0,5
QFF,202606,2026-02-27 00:06:00,2000.0,2000.0,2000.0,2000.0,1
QFF,202606,2026-02-27 00:08:00,2000.0,2000.0,2000.0,2000.0,1
QFF,202606,2026-02-27 00:10:00,2005.0,2005.0,2005.0,2005.0,3
QFF,202606,2026-02-27 00:14:00,2005.0,2005.0,2000.0,2000.0,2
QFF,202606,2026-02-27 00:15:00,2000.0,2000.0,2000.0,2000.0,3
QFF,202606,2026-02-27 00:16:00,2000.0,2000.0,2000.0,2000.0,4
QFF,202606,2026-02-27 00:18:00,2000.0,2000.0,2000.0,2000.0,1
QFF,202606,2026-02-27 00:23:00,2005.0,2005.0,2005.0,2005.0,1
QFF,202606,2026-02-27 00:28:00,2005.0,2005.0,2005.0,2005.0,2
QFF,202606,2026-02-27 00:30:00,2005.0,2005.0,2005.0,2005.0,2
QFF,202606,2026-02-27 00:32:00,2005.0,2005.0,2005.0,2005.0,2
QFF,202606,2026-02-27 00:33:00,2000.0,2000.0,2000.0,2000.0,10
QFF,202606,2026-02-27 00:36:00,2005.0,2005.0,2005.0,2005.0,1
QFF,202606,2026-02-27 00:38:00,2000.0,2000.0,2000.0,2000.0,1
QFF,202606,2026-02-27 00:39:00,2000.0,2000.0,2000.0,2000.0,1
QFF,202606,2026-02-27 00:41:00,2005.0,2005.0,2000.0,2000.0,2
QFF,202606,2026-02-27 00:43:00,2000.0,2000.0,2000.0,2000.0,20
QFF,202606,2026-02-27 00:48:00,1995.0,1995.0,1995.0,1995.0,1
QFF,202606,2026-02-27 00:52:00,2000.0,2000.0,1995.0,1995.0,11
QFF,202606,2026-02-27 00:53:00,1995.0,1995.0,1995.0,1995.0,1
QFF,202606,2026-02-27 00:54:00,1995.0,1995.0,1995.0,1995.0,6
QFF,202606,2026-02-27 00:55:00,1995.0,1995.0,1995.0,1995.0,8
QFF,202606,2026-02-27 00:56:00,1995.0,1995.0,1995.0,1995.0,2
QFF,202606,2026-02-27 00:58:00,1995.0,1995.0,1995.0,1995.0,3
QFF,202606,2026-02-27 01:28:00,1995.0,1995.0,1995.0,1995.0,2
QFF,202606,2026-02-27 01:32:00,2000.0,2000.0,2000.0,2000.0,1
QFF,202606,2026-02-27 01:33:00,2000.0,2000.0,2000.0,2000.0,1
QFF,202606,2026-02-27 01:34:00,1995.0,2000.0,1995.0,1995.0,6
QFF,202606,2026-02-27 01:37:00,1995.0,1995.0,1995.0,1995.0,1
QFF,202606,2026-02-27 01:39:00,1995.0,1995.0,1995.0,1995.0,1
QFF,202606,2026-02-27 01:42:00,1995.0,1995.0,1995.0,1995.0,1
QFF,202606,2026-02-27 01:43:00,1990.0,1990.0,1990.0,1990.0,1
QFF,202606,2026-02-27 01:45:00,1990.0,1990.0,1990.0,1990.0,6
QFF,202606,2026-02-27 01:47:00,1990.0,1990.0,1990.0,1990.0,4
QFF,202606,2026-02-27 01:51:00,1990.0,1990.0,1990.0,1990.0,26
QFF,202606,2026-02-27 01:52:00,1995.0,1995.0,1995.0,1995.0,1
QFF,202606,2026-02-27 01:53:00,1995.0,1995.0,1995.0,1995.0,1
QFF,202606,2026-02-27 01:55:00,1995.0,1995.0,1995.0,1995.0,4
QFF,202606,2026-02-27 02:09:00,1990.0,1990.0,1990.0,1990.0,1
QFF,202606,2026-02-27 02:10:00,1990.0,1990.0,1990.0,1990.0,10
QFF,202606,2026-02-27 02:48:00,1995.0,1995.0,1995.0,1995.0,1
QFF,202606,2026-02-27 02:56:00,1995.0,1995.0,1995.0,1995.0,1
QFF,202606,2026-02-27 03:03:00,1990.0,1990.0,1990.0,1990.0,9
QFF,202606,2026-02-27 03:04:00,1995.0,1995.0,1995.0,1995.0,3
QFF,202606,2026-02-27 03:05:00,1995.0,1995.0,1995.0,1995.0,1
QFF,202606,2026-02-27 03:06:00,1995.0,1995.0,1995.0,1995.0,1
QFF,202606,2026-02-27 03:17:00,2000.0,2000.0,2000.0,2000.0,1
QFF,202606,2026-02-27 03:40:00,2000.0,2000.0,2000.0,2000.0,1
QFF,202606,2026-02-27 03:41:00,1995.0,1995.0,1995.0,1995.0,2
QFF,202606,2026-02-27 03:44:00,1995.0,1995.0,1995.0,1995.0,9
QFF,202606,2026-02-27 03:50:00,1995.0,1995.0,1995.0,1995.0,1
QFF,202606,2026-02-27 03:55:00,2000.0,2000.0,2000.0,2000.0,1
QFF,202606,2026-02-27 04:17:00,2000.0,2000.0,2000.0,2000.0,1
QFF,202606,2026-02-27 04:31:00,2000.0,2000.0,2000.0,2000.0,1
QFF,202606,2026-02-27 04:32:00,2000.0,2000.0,2000.0,2000.0,2
QFF,202606,2026-02-27 04:43:00,2000.0,2000.0,2000.0,2000.0,1
QFF,202606,2026-02-27 04:44:00,2000.0,2000.0,2000.0,2000.0,1
QFF,202606,2026-02-27 04:46:00,2000.0,2000.0,2000.0,2000.0,1
QFF,202606,2026-02-27 04:49:00,2000.0,2000.0,2000.0,2000.0,1
QFF,202606,2026-02-27 04:59:00,2000.0,2000.0,2000.0,2000.0,1
QFF,202606/202609,2026-02-26 22:53:00,17.21,17.21,17.21,17.21,4
QFF,202606/202609,2026-02-27 00:23:00,17.21,17.21,17.21,17.21,2
QFF,202606/202612,2026-02-26 23:08:00,34.99,34.99,34.99,34.99,20
QFF,202609,2026-02-26 19:01:00,2060.0,2060.0,2060.0,2060.0,1
QFF,202609,2026-02-26 19:02:00,2060.0,2060.0,2060.0,2060.0,2
QFF,202609,2026-02-26 19:22:00,2055.0,2055.0,2055.0,2055.0,12
QFF,202609,2026-02-26 19:26:00,2055.0,2055.0,2055.0,2055.0,5
QFF,202609,2026-02-26 20:29:00,2060.0,2060.0,2060.0,2060.0,1
QFF,202609,2026-02-26 20:32:00,2060.0,2060.0,2060.0,2060.0,1
QFF,202609,2026-02-26 20:34:00,2060.0,2060.0,2060.0,2060.0,1
QFF,202609,2026-02-26 20:45:00,2060.0,2060.0,2060.0,2060.0,1
QFF,202609,2026-02-26 21:01:00,2060.0,2060.0,2060.0,2060.0,1
QFF,202609,2026-02-26 21:29:00,2060.0,2060.0,2060.0,2060.0,2
QFF,202609,2026-02-26 22:00:00,2055.0,2055.0,2055.0,2055.0,12
QFF,202609,2026-02-26 22:30:00,2050.0,2050.0,2050.0,2050.0,6
QFF,202609,2026-02-26 22:31:00,2050.0,2050.0,2050.0,2050.0,7
QFF,202609,2026-02-26 22:32:00,2050.0,2050.0,2050.0,2050.0,3
QFF,202609,2026-02-26 22:33:00,2050.0,2050.0,2050.0,2050.0,5
QFF,202609,2026-02-26 22:36:00,2050.0,2050.0,2045.0,2045.0,11
QFF,202609,2026-02-26 22:38:00,2045.0,2045.0,2045.0,2045.0,3
QFF,202609,2026-02-26 22:40:00,2045.0,2045.0,2045.0,2045.0,4
QFF,202609,2026-02-26 22:41:00,2045.0,2045.0,2045.0,2045.0,1
QFF,202609,2026-02-26 22:42:00,2040.0,2040.0,2040.0,2040.0,1
QFF,202609,2026-02-26 22:43:00,2040.0,2040.0,2040.0,2040.0,13
QFF,202609,2026-02-26 22:46:00,2035.0,2035.0,2035.0,2035.0,5
QFF,202609,2026-02-26 22:47:00,2035.0,2035.0,2035.0,2035.0,2
QFF,202609,2026-02-26 22:48:00,2035.0,2035.0,2035.0,2035.0,1
QFF,202609,2026-02-26 22:49:00,2035.0,2035.0,2035.0,2035.0,12
QFF,202609,2026-02-26 22:52:00,2030.0,2030.0,2025.0,2025.0,32
QFF,202609,2026-02-26 22:56:00,2030.0,2030.0,2030.0,2030.0,1
QFF,202609,2026-02-26 22:57:00,2030.0,2030.0,2030.0,2030.0,1
QFF,202609,2026-02-26 23:00:00,2030.0,2030.0,2030.0,2030.0,2
QFF,202609,2026-02-26 23:01:00,2025.0,2025.0,2025.0,2025.0,8
QFF,202609,2026-02-26 23:02:00,2025.0,2025.0,2025.0,2025.0,1
QFF,202609,2026-02-26 23:04:00,2025.0,2025.0,2025.0,2025.0,5
QFF,202609,2026-02-26 23:06:00,2030.0,2030.0,2030.0,2030.0,17
QFF,202609,2026-02-26 23:08:00,2030.0,2030.0,2030.0,2030.0,2
QFF,202609,2026-02-26 23:09:00,2030.0,2030.0,2030.0,2030.0,4
QFF,202609,2026-02-26 23:12:00,2030.0,2030.0,2025.0,2025.0,9
QFF,202609,2026-02-26 23:14:00,2020.0,2020.0,2020.0,2020.0,26
QFF,202609,2026-02-26 23:16:00,2020.0,2020.0,2020.0,2020.0,2
QFF,202609,2026-02-26 23:17:00,2015.0,2020.0,2015.0,2020.0,3
QFF,202609,2026-02-26 23:19:00,2015.0,2015.0,2015.0,2015.0,9
QFF,202609,2026-02-26 23:20:00,2010.0,2010.0,2010.0,2010.0,9
QFF,202609,2026-02-26 23:21:00,2010.0,2010.0,2005.0,2005.0,9
QFF,202609,2026-02-26 23:22:00,2005.0,2005.0,2005.0,2005.0,1
QFF,202609,2026-02-26 23:23:00,2005.0,2005.0,2005.0,2005.0,1
QFF,202609,2026-02-26 23:24:00,2005.0,2005.0,2005.0,2005.0,2
QFF,202609,2026-02-26 23:25:00,2005.0,2005.0,2005.0,2005.0,1
QFF,202609,2026-02-26 23:32:00,2005.0,2005.0,2005.0,2005.0,13
QFF,202609,2026-02-26 23:34:00,2010.0,2010.0,2010.0,2010.0,3
QFF,202609,2026-02-26 23:37:00,2010.0,2010.0,2010.0,2010.0,6
QFF,202609,2026-02-26 23:41:00,2020.0,2020.0,2020.0,2020.0,2
QFF,202609,2026-02-26 23:42:00,2020.0,2020.0,2020.0,2020.0,1
QFF,202609,2026-02-26 23:48:00,2025.0,2025.0,2025.0,2025.0,1
QFF,202609,2026-02-26 23:49:00,2025.0,2025.0,2025.0,2025.0,1
QFF,202609,2026-02-26 23:50:00,2025.0,2025.0,2025.0,2025.0,3
QFF,202609,2026-02-26 23:53:00,2025.0,2025.0,2025.0,2025.0,2
QFF,202609,2026-02-26 23:55:00,2025.0,2025.0,2025.0,2025.0,1
QFF,202609,2026-02-26 23:59:00,2020.0,2020.0,2020.0,2020.0,1
QFF,202609,2026-02-27 00:01:00,2020.0,2020.0,2020.0,2020.0,1
QFF,202609,2026-02-27 00:04:00,2020.0,2020.0,2020.0,2020.0,1
QFF,202609,2026-02-27 00:16:00,2020.0,2020.0,2020.0,2020.0,3
QFF,202609,2026-02-27 00:17:00,2020.0,2020.0,2020.0,2020.0,2
QFF,202609,2026-02-27 00:20:00,2020.0,2020.0,2020.0,2020.0,1
QFF,202609,2026-02-27 00:21:00,2020.0,2020.0,2020.0,2020.0,3
QFF,202609,2026-02-27 00:22:00,2020.0,2020.0,2020.0,2020.0,3
QFF,202609,2026-02-27 00:33:00,2020.0,2020.0,2020.0,2020.0,11
QFF,202609,2026-02-27 00:36:00,2020.0,2020.0,2020.0,2020.0,31
QFF,202609,2026-02-27 00:38:00,2020.0,2020.0,2020.0,2020.0,1
QFF,202609,2026-02-27 00:46:00,2015.0,2015.0,2015.0,2015.0,3
QFF,202609,2026-02-27 00:58:00,2010.0,2010.0,2010.0,2010.0,1
QFF,202609,2026-02-27 01:07:00,2015.0,2015.0,2015.0,2015.0,2
QFF,202609,2026-02-27 01:10:00,2015.0,2015.0,2015.0,2015.0,1
QFF,202609,2026-02-27 01:13:00,2015.0,2015.0,2015.0,2015.0,1
QFF,202609,2026-02-27 01:14:00,2015.0,2015.0,2015.0,2015.0,1
QFF,202609,2026-02-27 01:16:00,2010.0,2010.0,2010.0,2010.0,1
QFF,202609,2026-02-27 01:44:00,2010.0,2010.0,2010.0,2010.0,3
QFF,202609,2026-02-27 01:45:00,2010.0,2010.0,2010.0,2010.0,7
QFF,202609,2026-02-27 01:47:00,2010.0,2010.0,2010.0,2010.0,4
QFF,202609,2026-02-27 02:48:00,2015.0,2015.0,2015.0,2015.0,1
QFF,202609,2026-02-27 02:49:00,2010.0,2010.0,2010.0,2010.0,3
QFF,202609,2026-02-27 02:50:00,2010.0,2010.0,2010.0,2010.0,1
QFF,202609,2026-02-27 02:51:00,2010.0,2010.0,2010.0,2010.0,1
QFF,202609,2026-02-27 02:52:00,2010.0,2010.0,2010.0,2010.0,5
QFF,202609,2026-02-27 03:01:00,2010.0,2010.0,2010.0,2010.0,1
QFF,202609,2026-02-27 03:03:00,2010.0,2010.0,2010.0,2010.0,1
QFF,202609,2026-02-27 03:04:00,2010.0,2010.0,2010.0,2010.0,2
QFF,202609,2026-02-27 03:44:00,2010.0,2010.0,2010.0,2010.0,9
QFF,202609,2026-02-27 03:50:00,2015.0,2015.0,2015.0,2015.0,1
QFF,202609,2026-02-27 04:22:00,2015.0,2015.0,2015.0,2015.0,2
QFF,202609,2026-02-27 04:30:00,2015.0,2015.0,2015.0,2015.0,1
QFF,202609,2026-02-27 04:31:00,2015.0,2015.0,2015.0,2015.0,2
QFF,202609,2026-02-27 04:43:00,2015.0,2015.0,2015.0,2015.0,2
QFF,202609,2026-02-27 04:59:00,2020.0,2020.0,2020.0,2020.0,3
QFF,202612,2026-02-26 17:57:00,2080.0,2080.0,2080.0,2080.0,1
QFF,202612,2026-02-26 17:58:00,2075.0,2075.0,2075.0,2075.0,1
QFF,202612,2026-02-26 19:22:00,2075.0,2075.0,2075.0,2075.0,2
QFF,202612,2026-02-26 21:53:00,2075.0,2075.0,2075.0,2075.0,1
QFF,202612,2026-02-26 22:00:00,2075.0,2075.0,2075.0,2075.0,3
QFF,202612,2026-02-26 22:07:00,2075.0,2075.0,2075.0,2075.0,2
QFF,202612,2026-02-26 22:30:00,2070.0,2070.0,2070.0,2070.0,6
QFF,202612,2026-02-26 22:34:00,2070.0,2070.0,2065.0,2065.0,8
QFF,202612,2026-02-26 22:36:00,2065.0,2065.0,2065.0,2065.0,1
QFF,202612,2026-02-26 22:40:00,2065.0,2065.0,2065.0,2065.0,1
QFF,202612,2026-02-26 22:42:00,2060.0,2060.0,2060.0,2060.0,15
QFF,202612,2026-02-26 22:43:00,2055.0,2055.0,2055.0,2055.0,2
QFF,202612,2026-02-26 22:51:00,2050.0,2050.0,2050.0,2050.0,6
QFF,202612,2026-02-26 22:56:00,2050.0,2050.0,2050.0,2050.0,1
QFF,202612,2026-02-26 22:58:00,2045.0,2045.0,2045.0,2045.0,4
QFF,202612,2026-02-26 23:05:00,2045.0,2045.0,2045.0,2045.0,9
QFF,202612,2026-02-26 23:06:00,2050.0,2050.0,2050.0,2050.0,2
QFF,202612,2026-02-26 23:08:00,2050.0,2050.0,2050.0,2050.0,2
QFF,202612,2026-02-26 23:12:00,2050.0,2050.0,2045.0,2045.0,7
QFF,202612,2026-02-26 23:14:00,2040.0,2040.0,2040.0,2040.0,9
QFF,202612,2026-02-26 23:15:00,2035.0,2035.0,2035.0,2035.0,3
QFF,202612,2026-02-26 23:16:00,2035.0,2035.0,2030.0,2030.0,10
QFF,202612,2026-02-26 23:19:00,2035.0,2035.0,2035.0,2035.0,2
QFF,202612,2026-02-26 23:20:00,2035.0,2035.0,2030.0,2030.0,13
QFF,202612,2026-02-26 23:21:00,2025.0,2025.0,2025.0,2025.0,10
QFF,202612,2026-02-26 23:22:00,2025.0,2025.0,2025.0,2025.0,3
QFF,202612,2026-02-26 23:23:00,2025.0,2025.0,2025.0,2025.0,1
QFF,202612,2026-02-26 23:24:00,2025.0,2025.0,2020.0,2020.0,6
QFF,202612,2026-02-26 23:26:00,2025.0,2030.0,2025.0,2030.0,2
QFF,202612,2026-02-26 23:32:00,2030.0,2030.0,2030.0,2030.0,5
QFF,202612,2026-02-26 23:33:00,2030.0,2030.0,2030.0,2030.0,8
QFF,202612,2026-02-26 23:36:00,2030.0,2030.0,2030.0,2030.0,1
QFF,202612,2026-02-26 23:39:00,2035.0,2035.0,2035.0,2035.0,1
QFF,202612,2026-02-26 23:42:00,2035.0,2035.0,2035.0,2035.0,1
QFF,202612,2026-02-26 23:48:00,2040.0,2040.0,2040.0,2040.0,1
QFF,202612,2026-02-26 23:50:00,2040.0,2040.0,2040.0,2040.0,7
QFF,202612,2026-02-26 23:59:00,2040.0,2040.0,2040.0,2040.0,1
QFF,202612,2026-02-27 00:06:00,2035.0,2035.0,2035.0,2035.0,1
QFF,202612,2026-02-27 00:15:00,2035.0,2035.0,2035.0,2035.0,2
QFF,202612,2026-02-27 00:16:00,2035.0,2035.0,2035.0,2035.0,1
QFF,202612,2026-02-27 00:28:00,2035.0,2035.0,2035.0,2035.0,2
QFF,202612,2026-02-27 00:44:00,2035.0,2035.0,2035.0,2035.0,3
QFF,202612,2026-02-27 00:47:00,2030.0,2030.0,2030.0,2030.0,1
QFF,202612,2026-02-27 00:49:00,2030.0,2030.0,2030.0,2030.0,1
QFF,202612,2026-02-27 00:56:00,2030.0,2030.0,2030.0,2030.0,5
QFF,202612,2026-02-27 01:22:00,2030.0,2030.0,2030.0,2030.0,1
QFF,202612,2026-02-27 02:29:00,2030.0,2030.0,2030.0,2030.0,1
QFF,202612,2026-02-27 02:48:00,2030.0,2030.0,2030.0,2030.0,1
QFF,202612,2026-02-27 03:17:00,2035.0,2035.0,2035.0,2035.0,1
QFF,202612,2026-02-27 03:50:00,2035.0,2035.0,2035.0,2035.0,1
QFF,202612,2026-02-27 04:14:00,2035.0,2035.0,2035.0,2035.0,5
QFF,202612,2026-02-27 04:15:00,2035.0,2035.0,2035.0,2035.0,4
RTF,202606,2026-02-27 01:06:00,6.7895,6.7895,6.7895,6.7895,1
RZF,202603,2026-02-26 17:33:00,27.56,27.56,27.56,27.56,1
RZF,202603,2026-02-26 18:03:00,27.56,27.56,27.56,27.56,13
RZF,202603,2026-02-26 18:07:00,27.56,27.56,27.56,27.56,1
RZF,202603,2026-02-26 18:11:00,27.6,27.6,27.6,27.6,5
RZF,202603,2026-02-26 18:27:00,27.61,27.62,27.61,27.62,9
RZF,202603,2026-02-26 20:23:00,27.61,27.61,27.61,27.61,1
RZF,202603,2026-02-26 21:06:00,27.6,27.6,27.6,27.6,2
RZF,202603,2026-02-26 21:22:00,27.61,27.61,27.61,27.61,1
RZF,202603,2026-02-26 21:40:00,27.61,27.61,27.61,27.61,6
RZF,202603,2026-02-26 21:43:00,27.61,27.61,27.61,27.61,6
RZF,202603,2026-02-26 21:45:00,27.62,27.62,27.62,27.62,1
RZF,202603,2026-02-26 21:46:00,27.62,27.62,27.62,27.62,2
RZF,202603,2026-02-26 21:47:00,27.63,27.64,27.63,27.64,2
RZF,202603,2026-02-26 22:10:00,27.63,27.63,27.63,27.63,1
RZF,202603,2026-02-26 22:16:00,27.64,27.64,27.64,27.64,3
RZF,202603,2026-02-26 22:21:00,27.65,27.65,27.65,27.65,3
RZF,202603,2026-02-26 22:30:00,27.66,27.66,27.66,27.66,2
RZF,202603,2026-02-26 22:31:00,27.67,27.67,27.67,27.67,3
RZF,202603,2026-02-26 22:33:00,27.67,27.67,27.67,27.67,1
RZF,202603,2026-02-26 22:34:00,27.68,27.68,27.68,27.68,1
RZF,202603,2026-02-26 22:37:00,27.66,27.66,27.66,27.66,6
RZF,202603,2026-02-26 22:44:00,27.68,27.68,27.68,27.68,1
RZF,202603,2026-02-26 22:46:00,27.67,27.67,27.67,27.67,8
RZF,202603,2026-02-26 22:48:00,27.68,27.68,27.68,27.68,2
RZF,202603,2026-02-26 22:49:00,27.67,27.67,27.67,27.67,5
RZF,202603,2026-02-26 22:50:00,27.68,27.68,27.68,27.68,2
RZF,202603,2026-02-26 22:51:00,27.68,27.69,27.68,27.69,3
RZF,202603,2026-02-26 22:52:00,27.68,27.68,27.68,27.68,3
RZF,202603,2026-02-26 22:53:00,27.68,27.68,27.68,27.68,1
RZF,202603,2026-02-26 22:54:00,27.69,27.69,27.69,27.69,2
RZF,202603,2026-02-26 22:55:00,27.69,27.69,27.69,27.69,4
RZF,202603,2026-02-26 22:57:00,27.69,27.69,27.69,27.69,1
RZF,202603,2026-02-26 22:58:00,27.69,27.69,27.69,27.69,1
RZF,202603,2026-02-26 23:00:00,27.68,27.68,27.68,27.68,10
RZF,202603,2026-02-26 23:01:00,27.68,27.68,27.68,27.68,2
RZF,202603,2026-02-26 23:02:00,27.69,27.69,27.69,27.69,5
RZF,202603,2026-02-26 23:03:00,27.69,27.69,27.68,27.69,14
RZF,202603,2026-02-26 23:04:00,27.69,27.69,27.69,27.69,9
RZF,202603,2026-02-26 23:06:00,27.69,27.69,27.69,27.69,3
RZF,202603,2026-02-26 23:08:00,27.68,27.68,27.68,27.68,2
RZF,202603,2026-02-26 23:09:00,27.68,27.68,27.68,27.68,5
RZF,202603,2026-02-26 23:12:00,27.69,27.69,27.69,27.69,2
RZF,202603,2026-02-26 23:13:00,27.68,27.68,27.68,27.68,4
RZF,202603,2026-02-26 23:14:00,27.69,27.69,27.69,27.69,2
RZF,202603,2026-02-26 23:15:00,27.7,27.7,27.7,27.7,7
RZF,202603,2026-02-26 23:16:00,27.7,27.7,27.7,27.7,14
RZF,202603,2026-02-26 23:17:00,27.7,27.7,27.7,27.7,1
RZF,202603,2026-02-26 23:18:00,27.7,27.7,27.7,27.7,3
RZF,202603,2026-02-26 23:21:00,27.71,27.71,27.7,27.7,13
RZF,202603,2026-02-26 23:22:00,27.71,27.71,27.71,27.71,11
RZF,202603,2026-02-26 23:23:00,27.71,27.71,27.71,27.71,4
RZF,202603,2026-02-26 23:25:00,27.72,27.72,27.72,27.72,1
RZF,202603,2026-02-26 23:26:00,27.71,27.72,27.7,27.7,3
RZF,202603,2026-02-26 23:27:00,27.71,27.71,27.71,27.71,2
RZF,202603,2026-02-26 23:29:00,27.71,27.71,27.71,27.71,2
RZF,202603,2026-02-26 23:31:00,27.72,27.72,27.71,27.71,2
RZF,202603,2026-02-26 23:32:00,27.72,27.72,27.72,27.72,1
RZF,202603,2026-02-26 23:33:00,27.73,27.73,27.73,27.73,3
RZF,202603,2026-02-26 23:37:00,27.72,27.72,27.72,27.72,1
RZF,202603,2026-02-26 23:38:00,27.72,27.72,27.72,27.72,1
RZF,202603,2026-02-26 23:39:00,27.71,27.71,27.71,27.71,1
RZF,202603,2026-02-26 23:40:00,27.68,27.68,27.68,27.68,1
RZF,202603,2026-02-26 23:44:00,27.69,27.69,27.69,27.69,1
RZF,202603,2026-02-26 23:45:00,27.69,27.69,27.69,27.69,1
RZF,202603,2026-02-26 23:46:00,27.68,27.68,27.68,27.68,1
RZF,202603,2026-02-26 23:50:00,27.68,27.68,27.68,27.68,6
RZF,202603,2026-02-27 00:02:00,27.72,27.72,27.72,27.72,1
RZF,202603,2026-02-27 00:35:00,27.69,27.69,27.69,27.69,1
RZF,202603,2026-02-27 00:36:00,27.69,27.69,27.69,27.69,1
RZF,202603,2026-02-27 00:37:00,27.69,27.69,27.69,27.69,1
RZF,202603,2026-02-27 01:33:00,27.69,27.69,27.69,27.69,1
RZF,202603,2026-02-27 01:46:00,27.7,27.7,27.7,27.7,3
RZF,202603,2026-02-27 01:49:00,27.71,27.71,27.71,27.71,1
RZF,202603,2026-02-27 02:01:00,27.72,27.72,27.72,27.72,1
RZF,202603,2026-02-27 02:02:00,27.72,27.72,27.72,27.72,2
RZF,202603,2026-02-27 02:05:00,27.73,27.74,27.73,27.74,3
RZF,202603,2026-02-27 02:07:00,27.74,27.74,27.74,27.74,4
RZF,202604,2026-02-26 18:03:00,27.6,27.6,27.6,27.6,3
RZF,202604,2026-02-26 18:11:00,27.64,27.64,27.64,27.64,5
RZF,202604,2026-02-26 18:27:00,27.65,27.66,27.65,27.66,10
RZF,202604,2026-02-26 20:00:00,27.63,27.63,27.63,27.63,1
RZF,202604,2026-02-26 21:46:00,27.66,27.66,27.66,27.66,1
RZF,202604,2026-02-26 21:48:00,27.67,27.68,27.67,27.68,2
RZF,202604,2026-02-26 22:30:00,27.7,27.7,27.7,27.7,2
RZF,202604,2026-02-26 22:42:00,27.7,27.7,27.7,27.7,1
RZF,202604,2026-02-26 22:43:00,27.71,27.71,27.71,27.71,1
RZF,202604,2026-02-26 22:45:00,27.71,27.71,27.71,27.71,3
RZF,202604,2026-02-26 22:46:00,27.71,27.71,27.71,27.71,3
RZF,202604,2026-02-26 22:47:00,27.71,27.71,27.71,27.71,2
RZF,202604,2026-02-26 22:49:00,27.72,27.72,27.72,27.72,2
RZF,202604,2026-02-26 22:52:00,27.71,27.71,27.71,27.71,17
RZF,202604,2026-02-26 23:00:00,27.71,27.71,27.71,27.71,8
RZF,202604,2026-02-26 23:13:00,27.72,27.72,27.72,27.72,10
RZF,202604,2026-02-26 23:15:00,27.74,27.74,27.74,27.74,1
RZF,202604,2026-02-26 23:21:00,27.74,27.74,27.74,27.74,10
RZF,202604,2026-02-26 23:25:00,27.75,27.75,27.75,27.75,10
RZF,202604,2026-02-26 23:27:00,27.75,27.75,27.75,27.75,4
RZF,202604,2026-02-26 23:40:00,27.71,27.71,27.71,27.71,1
RZF,202604/202606,2026-02-26 17:25:00,0.1,0.1,0.1,0.1,10
RZF,202606,2026-02-26 18:03:00,27.7,27.7,27.7,27.7,3
RZF,202606,2026-02-26 18:11:00,27.74,27.74,27.74,27.74,5
RZF,202606,2026-02-26 18:27:00,27.75,27.76,27.75,27.76,9
RZF,202606,2026-02-26 20:23:00,27.75,27.75,27.75,27.75,1
RZF,202606,2026-02-26 21:46:00,27.76,27.76,27.76,27.76,1
RZF,202606,2026-02-26 22:30:00,27.8,27.8,27.8,27.8,2
RZF,202606,2026-02-26 22:42:00,27.8,27.8,27.8,27.8,1
RZF,202606,2026-02-26 22:43:00,27.81,27.81,27.81,27.81,1
RZF,202606,2026-02-26 22:45:00,27.81,27.81,27.81,27.81,3
RZF,202606,2026-02-26 22:46:00,27.8,27.8,27.8,27.8,3
RZF,202606,2026-02-26 22:47:00,27.8,27.8,27.8,27.8,2
RZF,202606,2026-02-26 22:52:00,27.8,27.8,27.8,27.8,20
RZF,202606,2026-02-26 23:00:00,27.8,27.8,27.8,27.8,18
RZF,202606,2026-02-26 23:01:00,27.8,27.8,27.8,27.8,2
RZF,202606,2026-02-26 23:13:00,27.8,27.8,27.8,27.8,20
RZF,202606,2026-02-26 23:15:00,27.82,27.82,27.82,27.82,1
RZF,202606,2026-02-26 23:16:00,27.82,27.82,27.82,27.82,14
RZF,202606,2026-02-26 23:17:00,27.82,27.82,27.82,27.82,1
RZF,202606,2026-02-26 23:18:00,27.82,27.82,27.82,27.82,5
RZF,202606,2026-02-26 23:21:00,27.82,27.82,27.82,27.82,20
RZF,202606,2026-02-26 23:22:00,27.83,27.83,27.83,27.83,1
RZF,202606,2026-02-26 23:25:00,27.83,27.83,27.83,27.83,20
RZF,202606,2026-02-26 23:27:00,27.83,27.83,27.83,27.83,4
RZF,202606,2026-02-26 23:31:00,27.83,27.83,27.83,27.83,1
RZF,202606,2026-02-26 23:33:00,27.85,27.85,27.85,27.85,1
RZF,202606,2026-02-27 00:02:00,27.86,27.86,27.86,27.86,1
RZF,202609,2026-02-27 00:02:00,28.07,28.07,28.07,28.07,1
RZF,202609,2026-02-27 00:11:00,28.04,28.04,28.04,28.04,1
RZF,202609,2026-02-27 01:33:00,28.04,28.04,28.04,28.04,1
RZF,202612,2026-02-26 23:03:00,28.21,28.21,28.21,28.21,1
RZF,202612,2026-02-27 00:11:00,28.19,28.19,28.19,28.19,1
SOF,202603,2026-02-26 15:38:00,11343.0,11343.0,11343.0,11343.0,1
SOF,202603,2026-02-26 16:21:00,11379.0,11379.0,11379.0,11379.0,2
SOF,202603,2026-02-26 16:54:00,11350.0,11350.0,11350.0,11350.0,1
SOF,202603,2026-02-26 17:10:00,11365.0,11365.0,11365.0,11365.0,1
SOF,202603,2026-02-26 17:12:00,11376.0,11376.0,11376.0,11376.0,2
SOF,202603,2026-02-26 17:13:00,11376.0,11376.0,11376.0,11376.0,3
SOF,202603,2026-02-26 17:15:00,11384.0,11384.0,11384.0,11384.0,2
SOF,202603,2026-02-26 17:21:00,11376.0,11376.0,11376.0,11376.0,3
SOF,202603,2026-02-26 17:34:00,11394.0,11394.0,11394.0,11394.0,7
SOF,202603,2026-02-26 17:38:00,11393.0,11393.0,11393.0,11393.0,2
SOF,202603,2026-02-26 17:43:00,11394.0,11394.0,11394.0,11394.0,1
SOF,202603,2026-02-26 18:01:00,11383.0,11383.0,11383.0,11383.0,1
SOF,202603,2026-02-26 18:57:00,11355.0,11355.0,11354.0,11354.0,14
SOF,202603,2026-02-26 19:19:00,11355.0,11355.0,11355.0,11355.0,1
SOF,202603,2026-02-26 21:42:00,11346.0,11346.0,11346.0,11346.0,1
SOF,202603,2026-02-26 21:44:00,11337.0,11337.0,11337.0,11337.0,11
SOF,202603,2026-02-26 21:56:00,11320.0,11320.0,11320.0,11320.0,1
SOF,202603,2026-02-26 22:08:00,11320.0,11320.0,11320.0,11320.0,1
SOF,202603,2026-02-26 22:09:00,11310.0,11310.0,11310.0,11310.0,1
SOF,202603,2026-02-26 22:18:00,11316.0,11316.0,11316.0,11316.0,1
SOF,202603,2026-02-26 22:27:00,11300.0,11300.0,11300.0,11300.0,1
SOF,202603,2026-02-26 22:30:00,11269.0,11269.0,11269.0,11269.0,2
SOF,202603,2026-02-26 22:31:00,11242.0,11242.0,11242.0,11242.0,2
SOF,202603,2026-02-26 22:34:00,11240.0,11240.0,11240.0,11240.0,1
SOF,202603,2026-02-26 22:36:00,11249.0,11249.0,11249.0,11249.0,11
SOF,202603,2026-02-26 22:37:00,11237.0,11237.0,11237.0,11237.0,1
SOF,202603,2026-02-26 22:38:00,11255.0,11255.0,11255.0,11255.0,11
SOF,202603,2026-02-26 22:39:00,11245.0,11245.0,11245.0,11245.0,11
SOF,202603,2026-02-26 22:40:00,11229.0,11229.0,11220.0,11220.0,2
SOF,202603,2026-02-26 22:43:00,11200.0,11200.0,11199.0,11199.0,2
SOF,202603,2026-02-26 22:46:00,11163.0,11163.0,11163.0,11163.0,1
SOF,202603,2026-02-26 22:50:00,11147.0,11147.0,11147.0,11147.0,1
SOF,202603,2026-02-26 23:03:00,11100.0,11100.0,11100.0,11100.0,1
SOF,202603,2026-02-26 23:12:00,11076.0,11076.0,11076.0,11076.0,1
SOF,202603,2026-02-26 23:18:00,10999.0,10999.0,10999.0,10999.0,1
SOF,202603,2026-02-26 23:19:00,10988.0,10988.0,10988.0,10988.0,1
SOF,202603,2026-02-26 23:21:00,10951.0,10951.0,10951.0,10951.0,1
SOF,202603,2026-02-26 23:24:00,10940.0,10940.0,10940.0,10940.0,1
SOF,202603,2026-02-26 23:25:00,10950.0,10950.0,10950.0,10950.0,1
SOF,202603,2026-02-26 23:27:00,10978.0,10978.0,10950.0,10950.0,6
SOF,202603,2026-02-26 23:37:00,10980.0,10980.0,10980.0,10980.0,1
SOF,202603,2026-02-26 23:46:00,11062.0,11062.0,11062.0,11062.0,2
SOF,202603,2026-02-27 00:04:00,11031.0,11031.0,11031.0,11031.0,1
SOF,202603,2026-02-27 00:26:00,11074.0,11074.0,11074.0,11074.0,1
SOF,202603,2026-02-27 00:39:00,11031.0,11031.0,11031.0,11031.0,1
SOF,202603,2026-02-27 00:46:00,10999.0,11002.0,10999.0,11002.0,31
SOF,202603,2026-02-27 00:49:00,11017.0,11017.0,11017.0,11017.0,11
SOF,202603,2026-02-27 00:58:00,10980.0,10980.0,10980.0,10980.0,1
SOF,202603,2026-02-27 01:25:00,10993.0,10993.0,10993.0,10993.0,2
SOF,202603,2026-02-27 01:46:00,10991.0,10991.0,10991.0,10991.0,3
SOF,202603,2026-02-27 02:08:00,10980.0,10980.0,10980.0,10980.0,1
SOF,202603,2026-02-27 04:08:00,11044.0,11044.0,11044.0,11044.0,1
SOF,202603,2026-02-27 04:15:00,11025.0,11025.0,11025.0,11025.0,1
SOF,202603,2026-02-27 04:16:00,11026.0,11026.0,11026.0,11026.0,1
SOF,202603,2026-02-27 04:27:00,11026.0,11026.0,11026.0,11026.0,1
SOF,202603,2026-02-27 04:53:00,11042.0,11042.0,11040.0,11040.0,2
SOF,202603,2026-02-27 04:57:00,11045.0,11045.0,11045.0,11045.0,1
SOF,202604,2026-02-26 18:57:00,11390.0,11390.0,11390.0,11390.0,13
SOF,202604,2026-02-26 21:59:00,11354.0,11354.0,11354.0,11354.0,7
SOF,202604,2026-02-26 22:26:00,11343.0,11343.0,11343.0,11343.0,2
SOF,202604,2026-02-26 23:28:00,10980.0,10980.0,10980.0,10980.0,13
SOF,202604,2026-02-26 23:33:00,11002.0,11002.0,11002.0,11002.0,10
SOF,202604,2026-02-26 23:38:00,11035.0,11035.0,11035.0,11035.0,1
SOF,202604,2026-02-27 00:00:00,11066.0,11066.0,11066.0,11066.0,1
SOF,202604,2026-02-27 00:52:00,11040.0,11040.0,11040.0,11040.0,1
SOF,202604,2026-02-27 01:04:00,11046.0,11046.0,11046.0,11046.0,1
SOF,202604,2026-02-27 02:00:00,11024.0,11024.0,11024.0,11024.0,1
SPF,202603,2026-02-26 22:36:00,6949.0,6949.0,6949.0,6949.0,1
SPF,202603,2026-02-26 23:25:00,6881.0,6881.0,6881.0,6881.0,1
SPF,202603,2026-02-26 23:47:00,6896.0,6896.0,6896.0,6896.0,1
SPF,202603,2026-02-27 00:03:00,6908.75,6908.75,6908.75,6908.75,1
SPF,202603,2026-02-27 00:44:00,6899.25,6899.25,6899.25,6899.25,1
SPF,202603,2026-02-27 01:49:00,6885.0,6885.0,6885.0,6885.0,1
SPF,202603,2026-02-27 01:53:00,6885.0,6885.0,6885.0,6885.0,1
SPF,202603,2026-02-27 04:19:00,6920.0,6920.0,6920.0,6920.0,1
SRF,202603,2026-02-26 17:25:00,81.8,81.85,81.8,81.85,4
SRF,202603,2026-02-26 17:26:00,81.85,81.85,81.8,81.8,19
SRF,202603,2026-02-26 17:27:00,81.85,81.9,81.85,81.9,7
SRF,202603,2026-02-26 17:28:00,81.9,81.95,81.9,81.95,9
SRF,202603,2026-02-26 17:29:00,81.9,81.9,81.9,81.9,3
SRF,202603,2026-02-26 17:30:00,81.95,81.95,81.95,81.95,8
SRF,202603,2026-02-26 17:32:00,81.95,81.95,81.95,81.95,2
SRF,202603,2026-02-26 17:33:00,82.0,82.0,81.95,81.95,2
SRF,202603,2026-02-26 17:34:00,81.95,81.95,81.95,81.95,2
SRF,202603,2026-02-26 17:35:00,81.95,81.95,81.95,81.95,7
SRF,202603,2026-02-26 17:36:00,81.95,81.95,81.95,81.95,3
SRF,202603,2026-02-26 17:37:00,81.95,81.95,81.95,81.95,2
SRF,202603,2026-02-26 17:38:00,81.95,81.95,81.95,81.95,3
SRF,202603,2026-02-26 17:39:00,81.95,81.95,81.95,81.95,1
SRF,202603,2026-02-26 17:42:00,82.0,82.0,82.0,82.0,2
SRF,202603,2026-02-26 17:44:00,82.0,82.0,82.0,82.0,1
SRF,202603,2026-02-26 17:46:00,81.95,82.0,81.95,82.0,2
SRF,202603,2026-02-26 17:47:00,82.0,82.0,82.0,82.0,5
SRF,202603,2026-02-26 17:48:00,82.0,82.0,82.0,82.0,12
SRF,202603,2026-02-26 17:49:00,82.05,82.05,82.05,82.05,5
SRF,202603,2026-02-26 17:50:00,82.05,82.05,82.05,82.05,5
SRF,202603,2026-02-26 17:51:00,82.05,82.05,82.05,82.05,3
SRF,202603,2026-02-26 17:53:00,82.05,82.05,82.0,82.0,14
SRF,202603,2026-02-26 17:56:00,81.95,81.95,81.95,81.95,1
SRF,202603,2026-02-26 17:57:00,81.95,81.95,81.9,81.9,7
SRF,202603,2026-02-26 17:58:00,81.9,81.9,81.9,81.9,2
SRF,202603,2026-02-26 18:00:00,81.9,81.9,81.9,81.9,1
SRF,202603,2026-02-26 18:01:00,81.9,81.9,81.9,81.9,2
SRF,202603,2026-02-26 18:05:00,81.9,81.9,81.9,81.9,1
SRF,202603,2026-02-26 18:07:00,81.9,81.9,81.9,81.9,1
SRF,202603,2026-02-26 18:12:00,81.9,81.9,81.9,81.9,3
SRF,202603,2026-02-26 18:14:00,81.9,81.9,81.9,81.9,2
SRF,202603,2026-02-26 18:16:00,81.85,81.85,81.85,81.85,7
SRF,202603,2026-02-26 18:19:00,81.8,81.8,81.8,81.8,7
SRF,202603,2026-02-26 18:20:00,81.8,81.8,81.8,81.8,4
SRF,202603,2026-02-26 18:24:00,81.75,81.75,81.75,81.75,4
SRF,202603,2026-02-26 18:27:00,81.75,81.75,81.75,81.75,1
SRF,202603,2026-02-26 18:38:00,81.8,81.8,81.8,81.8,1
SRF,202603,2026-02-26 18:44:00,81.9,81.9,81.9,81.9,1
SRF,202603,2026-02-26 18:45:00,81.85,81.85,81.85,81.85,1
SRF,202603,2026-02-26 18:48:00,81.85,81.85,81.85,81.85,2
SRF,202603,2026-02-26 18:50:00,81.85,81.85,81.85,81.85,3
SRF,202603,2026-02-26 18:54:00,81.85,81.85,81.85,81.85,3
SRF,202603,2026-02-26 18:55:00,81.8,81.8,81.8,81.8,3
SRF,202603,2026-02-26 18:56:00,81.8,81.8,81.8,81.8,1
SRF,202603,2026-02-26 18:57:00,81.75,81.75,81.75,81.75,4
SRF,202603,2026-02-26 18:58:00,81.7,81.7,81.7,81.7,2
SRF,202603,2026-02-26 18:59:00,81.7,81.7,81.7,81.7,3
SRF,202603,2026-02-26 19:00:00,81.7,81.75,81.7,81.75,4
SRF,202603,2026-02-26 19:01:00,81.75,81.75,81.75,81.75,1
SRF,202603,2026-02-26 19:02:00,81.8,81.8,81.8,81.8,2
SRF,202603,2026-02-26 19:03:00,81.75,81.75,81.75,81.75,1
SRF,202603,2026-02-26 19:10:00,81.8,81.85,81.8,81.85,6
SRF,202603,2026-02-26 19:13:00,81.8,81.8,81.8,81.8,1
SRF,202603,2026-02-26 19:16:00,81.85,81.85,81.85,81.85,1
SRF,202603,2026-02-26 19:17:00,81.75,81.75,81.75,81.75,9
SRF,202603,2026-02-26 19:18:00,81.75,81.75,81.75,81.75,8
SRF,202603,2026-02-26 19:20:00,81.85,81.85,81.85,81.85,1
SRF,202603,2026-02-26 19:22:00,81.8,81.8,81.8,81.8,1
SRF,202603,2026-02-26 19:25:00,81.8,81.8,81.8,81.8,4
SRF,202603,2026-02-26 19:29:00,81.75,81.75,81.75,81.75,2
SRF,202603,2026-02-26 19:30:00,81.75,81.75,81.75,81.75,2
SRF,202603,2026-02-26 19:31:00,81.75,81.75,81.75,81.75,1
SRF,202603,2026-02-26 19:33:00,81.75,81.75,81.75,81.75,1
SRF,202603,2026-02-26 19:40:00,81.8,81.8,81.8,81.8,2
SRF,202603,2026-02-26 19:44:00,81.8,81.8,81.8,81.8,2
SRF,202603,2026-02-26 19:47:00,81.75,81.75,81.75,81.75,1
SRF,202603,2026-02-26 19:50:00,81.75,81.75,81.75,81.75,4
SRF,202603,2026-02-26 20:03:00,81.75,81.75,81.75,81.75,2
SRF,202603,2026-02-26 20:05:00,81.75,81.75,81.75,81.75,1
SRF,202603,2026-02-26 20:08:00,81.75,81.75,81.75,81.75,1
SRF,202603,2026-02-26 20:09:00,81.75,81.75,81.75,81.75,1
SRF,202603,2026-02-26 20:11:00,81.75,81.75,81.75,81.75,1
SRF,202603,2026-02-26 20:21:00,81.75,81.75,81.75,81.75,2
SRF,202603,2026-02-26 20:26:00,81.75,81.8,81.75,81.8,7
SRF,202603,2026-02-26 20:29:00,81.85,81.85,81.85,81.85,2
SRF,202603,2026-02-26 20:31:00,81.85,81.85,81.85,81.85,1
SRF,202603,2026-02-26 20:34:00,81.9,81.9,81.9,81.9,4
SRF,202603,2026-02-26 20:35:00,81.9,81.9,81.9,81.9,3
SRF,202603,2026-02-26 20:37:00,81.9,81.9,81.85,81.85,9
SRF,202603,2026-02-26 20:38:00,81.85,81.85,81.85,81.85,2
SRF,202603,2026-02-26 20:39:00,81.9,81.9,81.9,81.9,1
SRF,202603,2026-02-26 20:41:00,81.85,81.9,81.85,81.9,2
SRF,202603,2026-02-26 20:44:00,81.85,81.85,81.85,81.85,1
SRF,202603,2026-02-26 20:45:00,81.85,81.85,81.85,81.85,5
SRF,202603,2026-02-26 20:46:00,81.8,81.8,81.8,81.8,4
SRF,202603,2026-02-26 20:47:00,81.75,81.75,81.75,81.75,4
SRF,202603,2026-02-26 20:50:00,81.75,81.75,81.75,81.75,1
SRF,202603,2026-02-26 20:53:00,81.75,81.75,81.75,81.75,3
SRF,202603,2026-02-26 20:54:00,81.75,81.75,81.75,81.75,1
SRF,202603,2026-02-26 20:57:00,81.75,81.75,81.75,81.75,1
SRF,202603,2026-02-26 21:06:00,81.8,81.8,81.8,81.8,1
SRF,202603,2026-02-26 21:11:00,81.8,81.85,81.8,81.8,14
SRF,202603,2026-02-26 21:12:00,81.8,81.8,81.75,81.75,6
SRF,202603,2026-02-26 21:13:00,81.8,81.8,81.8,81.8,3
SRF,202603,2026-02-26 21:14:00,81.8,81.8,81.8,81.8,2
SRF,202603,2026-02-26 21:16:00,81.8,81.8,81.8,81.8,1
SRF,202603,2026-02-26 21:18:00,81.8,81.8,81.8,81.8,1
SRF,202603,2026-02-26 21:19:00,81.75,81.75,81.75,81.75,10
SRF,202603,2026-02-26 21:27:00,81.8,81.8,81.8,81.8,1
SRF,202603,2026-02-26 21:28:00,81.8,81.8,81.8,81.8,2
SRF,202603,2026-02-26 21:29:00,81.85,81.85,81.85,81.85,5
SRF,202603,2026-02-26 21:30:00,81.85,81.85,81.85,81.85,1
SRF,202603,2026-02-26 21:31:00,81.85,81.85,81.85,81.85,1
SRF,202603,2026-02-26 21:34:00,81.85,81.85,81.85,81.85,2
SRF,202603,2026-02-26 21:35:00,81.85,81.85,81.85,81.85,1
SRF,202603,2026-02-26 21:37:00,81.8,81.8,81.8,81.8,2
SRF,202603,2026-02-26 21:42:00,81.8,81.8,81.8,81.8,1
SRF,202603,2026-02-26 21:44:00,81.7,81.7,81.7,81.7,1
SRF,202603,2026-02-26 21:46:00,81.75,81.75,81.75,81.75,1
SRF,202603,2026-02-26 21:48:00,81.8,81.8,81.8,81.8,1
SRF,202603,2026-02-26 21:52:00,81.7,81.7,81.7,81.7,16
SRF,202603,2026-02-26 21:53:00,81.65,81.65,81.65,81.65,2
SRF,202603,2026-02-26 21:54:00,81.65,81.65,81.65,81.65,1
SRF,202603,2026-02-26 21:55:00,81.65,81.65,81.6,81.6,6
SRF,202603,2026-02-26 21:56:00,81.65,81.65,81.65,81.65,3
SRF,202603,2026-02-26 21:57:00,81.6,81.6,81.6,81.6,2
SRF,202603,2026-02-26 21:58:00,81.65,81.7,81.65,81.7,3
SRF,202603,2026-02-26 22:00:00,81.6,81.6,81.6,81.6,12
SRF,202603,2026-02-26 22:01:00,81.65,81.65,81.65,81.65,1
SRF,202603,2026-02-26 22:02:00,81.65,81.65,81.65,81.65,1
SRF,202603,2026-02-26 22:03:00,81.7,81.7,81.7,81.7,3
SRF,202603,2026-02-26 22:05:00,81.7,81.7,81.7,81.7,1
SRF,202603,2026-02-26 22:06:00,81.7,81.7,81.7,81.7,3
SRF,202603,2026-02-26 22:08:00,81.65,81.65,81.65,81.65,2
SRF,202603,2026-02-26 22:09:00,81.6,81.6,81.6,81.6,1
SRF,202603,2026-02-26 22:10:00,81.6,81.6,81.55,81.55,8
SRF,202603,2026-02-26 22:11:00,81.6,81.6,81.6,81.6,1
SRF,202603,2026-02-26 22:12:00,81.65,81.65,81.65,81.65,1
SRF,202603,2026-02-26 22:14:00,81.65,81.65,81.6,81.6,12
SRF,202603,2026-02-26 22:15:00,81.6,81.65,81.6,81.65,10
SRF,202603,2026-02-26 22:16:00,81.65,81.65,81.65,81.65,2
SRF,202603,2026-02-26 22:18:00,81.65,81.65,81.65,81.65,2
SRF,202603,2026-02-26 22:22:00,81.65,81.65,81.65,81.65,3
SRF,202603,2026-02-26 22:23:00,81.65,81.65,81.65,81.65,2
SRF,202603,2026-02-26 22:24:00,81.65,81.65,81.65,81.65,4
SRF,202603,2026-02-26 22:27:00,81.6,81.6,81.55,81.55,12
SRF,202603,2026-02-26 22:28:00,81.5,81.5,81.5,81.5,10
SRF,202603,2026-02-26 22:29:00,81.55,81.55,81.55,81.55,2
SRF,202603,2026-02-26 22:30:00,81.5,81.5,81.4,81.4,14
SRF,202603,2026-02-26 22:31:00,81.35,81.4,81.3,81.4,20
SRF,202603,2026-02-26 22:32:00,81.45,81.45,81.4,81.4,4
SRF,202603,2026-02-26 22:33:00,81.3,81.35,81.3,81.3,8
SRF,202603,2026-02-26 22:34:00,81.3,81.3,81.25,81.25,5
SRF,202603,2026-02-26 22:35:00,81.3,81.35,81.3,81.35,17
SRF,202603,2026-02-26 22:36:00,81.3,81.3,81.15,81.25,18
SRF,202603,2026-02-26 22:37:00,81.25,81.25,81.25,81.25,14
SRF,202603,2026-02-26 22:38:00,81.3,81.35,81.2,81.2,10
SRF,202603,2026-02-26 22:39:00,81.3,81.35,81.3,81.3,5
SRF,202603,2026-02-26 22:40:00,81.25,81.25,81.1,81.1,16
SRF,202603,2026-02-26 22:41:00,81.1,81.15,81.1,81.15,7
SRF,202603,2026-02-26 22:42:00,81.1,81.2,81.1,81.1,16
SRF,202603,2026-02-26 22:43:00,81.05,81.05,81.0,81.0,3
SRF,202603,2026-02-26 22:44:00,81.0,81.05,81.0,81.0,36
SRF,202603,2026-02-26 22:45:00,81.0,81.0,80.85,80.9,19
SRF,202603,2026-02-26 22:46:00,80.95,81.1,80.95,81.1,30
SRF,202603,2026-02-26 22:47:00,81.05,81.05,80.95,80.95,7
SRF,202603,2026-02-26 22:48:00,80.95,80.95,80.9,80.9,14
SRF,202603,2026-02-26 22:49:00,80.85,80.9,80.85,80.9,5
SRF,202603,2026-02-26 22:50:00,80.9,80.95,80.85,80.9,24
SRF,202603,2026-02-26 22:51:00,80.85,80.85,80.75,80.75,29
SRF,202603,2026-02-26 22:52:00,80.7,80.7,80.6,80.6,24
SRF,202603,2026-02-26 22:53:00,80.65,80.75,80.65,80.75,15
SRF,202603,2026-02-26 22:54:00,80.75,80.75,80.6,80.75,24
SRF,202603,2026-02-26 22:55:00,80.75,80.75,80.75,80.75,8
SRF,202603,2026-02-26 22:56:00,80.7,80.7,80.7,80.7,16
SRF,202603,2026-02-26 22:57:00,80.65,80.65,80.55,80.6,13
SRF,202603,2026-02-26 22:58:00,80.6,80.6,80.55,80.6,7
SRF,202603,2026-02-26 22:59:00,80.6,80.6,80.6,80.6,8
SRF,202603,2026-02-26 23:00:00,80.65,80.65,80.65,80.65,5
SRF,202603,2026-02-26 23:01:00,80.65,80.65,80.5,80.5,36
SRF,202603,2026-02-26 23:02:00,80.5,80.55,80.5,80.55,29
SRF,202603,2026-02-26 23:03:00,80.6,80.7,80.6,80.65,16
SRF,202603,2026-02-26 23:04:00,80.65,80.7,80.65,80.7,16
SRF,202603,2026-02-26 23:05:00,80.7,80.7,80.7,80.7,2
SRF,202603,2026-02-26 23:06:00,80.65,80.65,80.65,80.65,1
SRF,202603,2026-02-26 23:08:00,80.65,80.65,80.65,80.65,2
SRF,202603,2026-02-26 23:09:00,80.6,80.6,80.6,80.6,13
SRF,202603,2026-02-26 23:10:00,80.65,80.7,80.6,80.7,18
SRF,202603,2026-02-26 23:11:00,80.65,80.65,80.65,80.65,3
SRF,202603,2026-02-26 23:12:00,80.6,80.6,80.4,80.4,29
SRF,202603,2026-02-26 23:13:00,80.4,80.4,80.35,80.4,10
SRF,202603,2026-02-26 23:14:00,80.4,80.4,80.25,80.25,25
SRF,202603,2026-02-26 23:15:00,80.25,80.3,80.15,80.2,27
SRF,202603,2026-02-26 23:16:00,80.2,80.2,80.15,80.15,10
SRF,202603,2026-02-26 23:17:00,80.15,80.25,80.1,80.2,21
SRF,202603,2026-02-26 23:18:00,80.2,80.2,80.15,80.2,7
SRF,202603,2026-02-26 23:19:00,80.15,80.15,80.1,80.15,23
SRF,202603,2026-02-26 23:20:00,80.1,80.1,80.0,80.0,20
SRF,202603,2026-02-26 23:21:00,80.0,80.0,79.95,79.95,57
SRF,202603,2026-02-26 23:22:00,79.9,79.95,79.8,79.85,29
SRF,202603,2026-02-26 23:23:00,79.85,79.85,79.8,79.85,36
SRF,202603,2026-02-26 23:24:00,79.85,79.9,79.7,79.75,50
SRF,202603,2026-02-26 23:25:00,79.75,79.85,79.75,79.8,11
SRF,202603,2026-02-26 23:26:00,79.9,80.1,79.9,80.1,16
SRF,202603,2026-02-26 23:27:00,80.05,80.05,79.85,79.85,22
SRF,202603,2026-02-26 23:28:00,79.95,79.95,79.9,79.9,5
SRF,202603,2026-02-26 23:29:00,79.9,79.95,79.9,79.95,6
SRF,202603,2026-02-26 23:30:00,80.0,80.05,79.95,79.95,7
SRF,202603,2026-02-26 23:31:00,80.0,80.1,80.0,80.1,9
SRF,202603,2026-02-26 23:32:00,80.05,80.05,80.0,80.05,11
SRF,202603,2026-02-26 23:33:00,80.0,80.05,80.0,80.05,4
SRF,202603,2026-02-26 23:34:00,80.05,80.05,79.95,79.95,8
SRF,202603,2026-02-26 23:35:00,79.95,80.0,79.95,79.95,4
SRF,202603,2026-02-26 23:37:00,80.05,80.2,80.05,80.2,17
SRF,202603,2026-02-26 23:38:00,80.2,80.3,80.2,80.3,16
SRF,202603,2026-02-26 23:39:00,80.35,80.4,80.35,80.4,24
SRF,202603,2026-02-26 23:40:00,80.4,80.5,80.4,80.45,29
SRF,202603,2026-02-26 23:41:00,80.4,80.4,80.35,80.4,15
SRF,202603,2026-02-26 23:42:00,80.4,80.4,80.3,80.35,17
SRF,202603,2026-02-26 23:43:00,80.35,80.4,80.35,80.4,3
SRF,202603,2026-02-26 23:44:00,80.4,80.4,80.35,80.35,5
SRF,202603,2026-02-26 23:45:00,80.4,80.45,80.4,80.45,5
SRF,202603,2026-02-26 23:46:00,80.5,80.55,80.4,80.4,13
SRF,202603,2026-02-26 23:48:00,80.5,80.5,80.5,80.5,4
SRF,202603,2026-02-26 23:49:00,80.5,80.5,80.5,80.5,3
SRF,202603,2026-02-26 23:50:00,80.5,80.5,80.45,80.45,5
SRF,202603,2026-02-26 23:51:00,80.45,80.45,80.4,80.45,5
SRF,202603,2026-02-26 23:52:00,80.5,80.55,80.45,80.45,6
SRF,202603,2026-02-26 23:53:00,80.4,80.4,80.4,80.4,1
SRF,202603,2026-02-26 23:54:00,80.4,80.4,80.4,80.4,1
SRF,202603,2026-02-26 23:56:00,80.35,80.35,80.3,80.3,5
SRF,202603,2026-02-26 23:57:00,80.3,80.35,80.3,80.35,2
SRF,202603,2026-02-26 23:58:00,80.35,80.35,80.35,80.35,1
SRF,202603,2026-02-26 23:59:00,80.35,80.35,80.35,80.35,1
SRF,202603,2026-02-27 00:00:00,80.35,80.35,80.3,80.3,16
SRF,202603,2026-02-27 00:01:00,80.35,80.35,80.35,80.35,1
SRF,202603,2026-02-27 00:02:00,80.3,80.3,80.3,80.3,3
SRF,202603,2026-02-27 00:05:00,80.35,80.35,80.3,80.3,2
SRF,202603,2026-02-27 00:06:00,80.3,80.3,80.2,80.2,10
SRF,202603,2026-02-27 00:07:00,80.2,80.3,80.2,80.3,3
SRF,202603,2026-02-27 00:08:00,80.3,80.3,80.3,80.3,6
SRF,202603,2026-02-27 00:10:00,80.3,80.3,80.3,80.3,1
SRF,202603,2026-02-27 00:11:00,80.25,80.25,80.25,80.25,1
SRF,202603,2026-02-27 00:12:00,80.35,80.35,80.35,80.35,1
SRF,202603,2026-02-27 00:13:00,80.3,80.3,80.3,80.3,1
SRF,202603,2026-02-27 00:14:00,80.3,80.3,80.3,80.3,2
SRF,202603,2026-02-27 00:15:00,80.3,80.35,80.3,80.35,2
SRF,202603,2026-02-27 00:19:00,80.45,80.45,80.45,80.45,1
SRF,202603,2026-02-27 00:22:00,80.6,80.6,80.55,80.55,2
SRF,202603,2026-02-27 00:23:00,80.6,80.6,80.6,80.6,3
SRF,202603,2026-02-27 00:24:00,80.6,80.6,80.6,80.6,3
SRF,202603,2026-02-27 00:25:00,80.65,80.65,80.6,80.6,16
SRF,202603,2026-02-27 00:26:00,80.65,80.7,80.65,80.7,6
SRF,202603,2026-02-27 00:27:00,80.65,80.65,80.65,80.65,4
SRF,202603,2026-02-27 00:28:00,80.65,80.65,80.6,80.6,12
SRF,202603,2026-02-27 00:29:00,80.6,80.6,80.6,80.6,2
SRF,202603,2026-02-27 00:30:00,80.6,80.6,80.5,80.5,3
SRF,202603,2026-02-27 00:32:00,80.55,80.55,80.55,80.55,2
SRF,202603,2026-02-27 00:36:00,80.5,80.5,80.45,80.45,8
SRF,202603,2026-02-27 00:37:00,80.4,80.4,80.4,80.4,3
SRF,202603,2026-02-27 00:38:00,80.35,80.35,80.35,80.35,2
SRF,202603,2026-02-27 00:41:00,80.4,80.4,80.4,80.4,1
SRF,202603,2026-02-27 00:43:00,80.4,80.4,80.35,80.35,9
SRF,202603,2026-02-27 00:44:00,80.3,80.3,80.2,80.2,10
SRF,202603,2026-02-27 00:45:00,80.2,80.2,80.15,80.15,5
SRF,202603,2026-02-27 00:46:00,80.2,80.2,80.15,80.2,13
SRF,202603,2026-02-27 00:47:00,80.25,80.3,80.25,80.3,5
SRF,202603,2026-02-27 00:48:00,80.25,80.25,80.25,80.25,1
SRF,202603,2026-02-27 00:50:00,80.25,80.25,80.25,80.25,2
SRF,202603,2026-02-27 00:51:00,80.25,80.25,80.25,80.25,1
SRF,202603,2026-02-27 00:52:00,80.2,80.2,80.2,80.2,1
SRF,202603,2026-02-27 00:53:00,80.15,80.15,80.15,80.15,2
SRF,202603,2026-02-27 00:54:00,80.1,80.1,80.1,80.1,1
SRF,202603,2026-02-27 00:55:00,80.1,80.1,80.1,80.1,10
SRF,202603,2026-02-27 00:56:00,80.1,80.15,80.1,80.1,6
SRF,202603,2026-02-27 00:57:00,80.05,80.05,80.05,80.05,1
SRF,202603,2026-02-27 00:58:00,80.05,80.05,80.0,80.0,6
SRF,202603,2026-02-27 00:59:00,80.0,80.0,80.0,80.0,4
SRF,202603,2026-02-27 01:00:00,80.05,80.15,80.05,80.15,7
SRF,202603,2026-02-27 01:01:00,80.15,80.2,80.15,80.2,3
SRF,202603,2026-02-27 01:05:00,80.3,80.3,80.3,80.3,1
SRF,202603,2026-02-27 01:06:00,80.3,80.35,80.3,80.35,2
SRF,202603,2026-02-27 01:09:00,80.25,80.25,80.2,80.2,6
SRF,202603,2026-02-27 01:12:00,80.2,80.2,80.2,80.2,5
SRF,202603,2026-02-27 01:14:00,80.15,80.15,80.15,80.15,3
SRF,202603,2026-02-27 01:23:00,80.15,80.15,80.15,80.15,3
SRF,202603,2026-02-27 01:30:00,80.15,80.15,80.15,80.15,3
SRF,202603,2026-02-27 01:31:00,80.1,80.15,80.1,80.15,2
SRF,202603,2026-02-27 01:35:00,80.3,80.3,80.3,80.3,1
SRF,202603,2026-02-27 01:40:00,80.2,80.2,80.2,80.2,1
SRF,202603,2026-02-27 01:42:00,80.1,80.1,80.1,80.1,1
SRF,202603,2026-02-27 01:46:00,80.15,80.15,80.15,80.15,7
SRF,202603,2026-02-27 01:49:00,80.15,80.15,80.1,80.1,5
SRF,202603,2026-02-27 01:50:00,80.1,80.1,80.05,80.05,7
SRF,202603,2026-02-27 01:51:00,80.1,80.1,80.1,80.1,16
SRF,202603,2026-02-27 01:52:00,80.1,80.1,80.1,80.1,2
SRF,202603,2026-02-27 01:56:00,80.1,80.1,80.1,80.1,1
SRF,202603,2026-02-27 02:03:00,80.15,80.15,80.15,80.15,1
SRF,202603,2026-02-27 02:05:00,80.2,80.2,80.2,80.2,1
SRF,202603,2026-02-27 02:08:00,80.1,80.1,80.1,80.1,4
SRF,202603,2026-02-27 02:09:00,80.1,80.1,80.1,80.1,1
SRF,202603,2026-02-27 02:11:00,80.15,80.15,80.15,80.15,1
SRF,202603,2026-02-27 02:14:00,80.2,80.2,80.2,80.2,2
SRF,202603,2026-02-27 02:15:00,80.2,80.2,80.2,80.2,2
SRF,202603,2026-02-27 02:21:00,80.2,80.2,80.2,80.2,2
SRF,202603,2026-02-27 02:30:00,80.15,80.15,80.15,80.15,2
SRF,202603,2026-02-27 02:33:00,80.25,80.25,80.25,80.25,2
SRF,202603,2026-02-27 02:34:00,80.3,80.3,80.3,80.3,4
SRF,202603,2026-02-27 02:35:00,80.4,80.4,80.4,80.4,1
SRF,202603,2026-02-27 02:36:00,80.4,80.4,80.4,80.4,2
SRF,202603,2026-02-27 02:37:00,80.4,80.4,80.4,80.4,2
SRF,202603,2026-02-27 02:39:00,80.45,80.45,80.45,80.45,2
SRF,202603,2026-02-27 02:42:00,80.45,80.45,80.45,80.45,1
SRF,202603,2026-02-27 02:44:00,80.4,80.4,80.4,80.4,3
SRF,202603,2026-02-27 02:48:00,80.35,80.35,80.35,80.35,2
SRF,202603,2026-02-27 02:55:00,80.3,80.3,80.3,80.3,10
SRF,202603,2026-02-27 03:03:00,80.35,80.35,80.35,80.35,1
SRF,202603,2026-02-27 03:04:00,80.4,80.4,80.4,80.4,1
SRF,202603,2026-02-27 03:11:00,80.5,80.5,80.5,80.5,1
SRF,202603,2026-02-27 03:13:00,80.5,80.5,80.5,80.5,1
SRF,202603,2026-02-27 03:15:00,80.5,80.5,80.5,80.5,1
SRF,202603,2026-02-27 03:18:00,80.5,80.5,80.5,80.5,2
SRF,202603,2026-02-27 03:19:00,80.5,80.5,80.5,80.5,2
SRF,202603,2026-02-27 03:27:00,80.4,80.4,80.4,80.4,1
SRF,202603,2026-02-27 03:29:00,80.4,80.4,80.4,80.4,2
SRF,202603,2026-02-27 03:40:00,80.4,80.4,80.4,80.4,4
SRF,202603,2026-02-27 03:48:00,80.5,80.5,80.5,80.5,1
SRF,202603,2026-02-27 03:58:00,80.5,80.5,80.5,80.5,1
SRF,202603,2026-02-27 03:59:00,80.4,80.4,80.35,80.35,2
SRF,202603,2026-02-27 04:02:00,80.4,80.4,80.4,80.4,1
SRF,202603,2026-02-27 04:05:00,80.4,80.4,80.4,80.4,1
SRF,202603,2026-02-27 04:06:00,80.45,80.45,80.45,80.45,2
SRF,202603,2026-02-27 04:10:00,80.4,80.4,80.4,80.4,1
SRF,202603,2026-02-27 04:15:00,80.35,80.35,80.35,80.35,4
SRF,202603,2026-02-27 04:19:00,80.4,80.4,80.4,80.4,5
SRF,202603,2026-02-27 04:23:00,80.35,80.35,80.35,80.35,1
SRF,202603,2026-02-27 04:26:00,80.3,80.3,80.3,80.3,2
SRF,202603,2026-02-27 04:31:00,80.3,80.3,80.3,80.3,4
SRF,202603,2026-02-27 04:32:00,80.3,80.3,80.3,80.3,4
SRF,202603,2026-02-27 04:33:00,80.35,80.35,80.35,80.35,4
SRF,202603,2026-02-27 04:36:00,80.35,80.4,80.35,80.4,2
SRF,202603,2026-02-27 04:37:00,80.35,80.35,80.35,80.35,1
SRF,202603,2026-02-27 04:39:00,80.35,80.4,80.35,80.4,2
SRF,202603,2026-02-27 04:40:00,80.4,80.4,80.4,80.4,1
SRF,202603,2026-02-27 04:41:00,80.4,80.4,80.4,80.4,1
SRF,202603,2026-02-27 04:44:00,80.4,80.4,80.4,80.4,1
SRF,202603,2026-02-27 04:45:00,80.4,80.4,80.4,80.4,1
SRF,202603,2026-02-27 04:48:00,80.4,80.4,80.4,80.4,3
SRF,202603,2026-02-27 04:50:00,80.35,80.35,80.35,80.35,4
SRF,202603,2026-02-27 04:52:00,80.4,80.4,80.4,80.4,2
SRF,202603,2026-02-27 04:54:00,80.4,80.4,80.4,80.4,3
SRF,202603,2026-02-27 04:56:00,80.35,80.35,80.35,80.35,4
SRF,202603,2026-02-27 04:57:00,80.35,80.35,80.35,80.35,1
SRF,202603,2026-02-27 04:59:00,80.3,80.3,80.3,80.3,1
SRF,202603/202604,2026-02-26 18:45:00,0.14,0.14,0.14,0.14,4
SRF,202603/202604,2026-02-27 01:03:00,0.14,0.14,0.14,0.14,2
SRF,202604,2026-02-26 17:25:00,82.0,82.0,82.0,82.0,1
SRF,202604,2026-02-26 17:26:00,82.0,82.0,82.0,82.0,1
SRF,202604,2026-02-26 17:27:00,82.0,82.0,82.0,82.0,4
SRF,202604,2026-02-26 17:28:00,82.0,82.05,82.0,82.05,3
SRF,202604,2026-02-26 17:30:00,82.1,82.1,82.1,82.1,3
SRF,202604,2026-02-26 17:32:00,82.1,82.1,82.1,82.1,3
SRF,202604,2026-02-26 17:34:00,82.15,82.15,82.15,82.15,2
SRF,202604,2026-02-26 17:35:00,82.1,82.1,82.1,82.1,2
SRF,202604,2026-02-26 17:38:00,82.1,82.1,82.1,82.1,1
SRF,202604,2026-02-26 17:42:00,82.15,82.15,82.15,82.15,1
SRF,202604,2026-02-26 17:45:00,82.15,82.15,82.15,82.15,1
SRF,202604,2026-02-26 17:52:00,82.2,82.2,82.2,82.2,1
SRF,202604,2026-02-26 17:57:00,82.1,82.1,82.1,82.1,2
SRF,202604,2026-02-26 18:05:00,82.05,82.05,82.05,82.05,3
SRF,202604,2026-02-26 18:09:00,82.0,82.0,82.0,82.0,1
SRF,202604,2026-02-26 18:11:00,82.05,82.05,82.05,82.05,1
SRF,202604,2026-02-26 18:18:00,82.0,82.0,82.0,82.0,4
SRF,202604,2026-02-26 18:20:00,81.95,81.95,81.95,81.95,1
SRF,202604,2026-02-26 18:44:00,82.0,82.0,82.0,82.0,1
SRF,202604,2026-02-26 18:56:00,81.9,81.9,81.9,81.9,1
SRF,202604,2026-02-26 18:57:00,81.9,81.9,81.9,81.9,3
SRF,202604,2026-02-26 19:00:00,81.85,81.9,81.85,81.9,3
SRF,202604,2026-02-26 19:24:00,82.0,82.0,82.0,82.0,1
SRF,202604,2026-02-26 19:26:00,82.0,82.0,82.0,82.0,1
SRF,202604,2026-02-26 20:03:00,81.95,81.95,81.95,81.95,1
SRF,202604,2026-02-26 20:05:00,81.95,81.95,81.95,81.95,1
SRF,202604,2026-02-26 20:20:00,81.9,81.9,81.9,81.9,1
SRF,202604,2026-02-26 20:29:00,82.0,82.0,82.0,82.0,1
SRF,202604,2026-02-26 20:46:00,81.95,81.95,81.95,81.95,1
SRF,202604,2026-02-26 20:52:00,81.9,81.9,81.9,81.9,1
SRF,202604,2026-02-26 20:55:00,81.95,81.95,81.95,81.95,1
SRF,202604,2026-02-26 21:22:00,81.95,81.95,81.95,81.95,3
SRF,202604,2026-02-26 21:28:00,81.95,81.95,81.95,81.95,2
SRF,202604,2026-02-26 21:44:00,81.9,81.9,81.9,81.9,1
SRF,202604,2026-02-26 21:52:00,81.9,81.9,81.85,81.85,4
SRF,202604,2026-02-26 21:55:00,81.8,81.8,81.8,81.8,4
SRF,202604,2026-02-26 21:58:00,81.8,81.8,81.8,81.8,2
SRF,202604,2026-02-26 22:06:00,81.8,81.8,81.8,81.8,1
SRF,202604,2026-02-26 22:08:00,81.8,81.8,81.8,81.8,3
SRF,202604,2026-02-26 22:17:00,81.8,81.8,81.8,81.8,1
SRF,202604,2026-02-26 22:28:00,81.7,81.7,81.7,81.7,2
SRF,202604,2026-02-26 22:29:00,81.75,81.75,81.75,81.75,1
SRF,202604,2026-02-26 22:30:00,81.65,81.65,81.55,81.55,17
SRF,202604,2026-02-26 22:31:00,81.5,81.5,81.5,81.5,3
SRF,202604,2026-02-26 22:32:00,81.5,81.5,81.5,81.5,3
SRF,202604,2026-02-26 22:34:00,81.45,81.45,81.45,81.45,5
SRF,202604,2026-02-26 22:36:00,81.45,81.45,81.35,81.35,7
SRF,202604,2026-02-26 22:39:00,81.5,81.5,81.5,81.5,2
SRF,202604,2026-02-26 22:40:00,81.4,81.4,81.3,81.3,7
SRF,202604,2026-02-26 22:41:00,81.3,81.3,81.3,81.3,2
SRF,202604,2026-02-26 22:42:00,81.3,81.3,81.25,81.25,3
SRF,202604,2026-02-26 22:43:00,81.25,81.25,81.2,81.2,6
SRF,202604,2026-02-26 22:44:00,81.1,81.1,81.1,81.1,1
SRF,202604,2026-02-26 22:45:00,81.15,81.15,81.05,81.05,8
SRF,202604,2026-02-26 22:46:00,81.15,81.15,81.15,81.15,11
SRF,202604,2026-02-26 22:47:00,81.15,81.15,81.1,81.1,9
SRF,202604,2026-02-26 22:48:00,81.1,81.1,81.05,81.05,7
SRF,202604,2026-02-26 22:49:00,81.05,81.05,81.05,81.05,1
SRF,202604,2026-02-26 22:51:00,81.0,81.0,80.9,80.9,32
SRF,202604,2026-02-26 22:52:00,80.85,80.85,80.7,80.7,5
SRF,202604,2026-02-26 22:53:00,80.85,80.85,80.85,80.85,7
SRF,202604,2026-02-26 22:54:00,80.85,80.9,80.85,80.9,4
SRF,202604,2026-02-26 22:55:00,80.95,80.95,80.95,80.95,1
SRF,202604,2026-02-26 22:56:00,80.85,80.85,80.85,80.85,3
SRF,202604,2026-02-26 22:57:00,80.8,80.8,80.75,80.75,6
SRF,202604,2026-02-26 22:58:00,80.7,80.7,80.65,80.7,11
SRF,202604,2026-02-26 22:59:00,80.75,80.75,80.75,80.75,9
SRF,202604,2026-02-26 23:00:00,80.8,80.8,80.8,80.8,2
SRF,202604,2026-02-26 23:01:00,80.75,80.75,80.65,80.65,6
SRF,202604,2026-02-26 23:02:00,80.7,80.7,80.7,80.7,1
SRF,202604,2026-02-26 23:04:00,80.85,80.9,80.85,80.9,5
SRF,202604,2026-02-26 23:05:00,80.8,80.8,80.8,80.8,1
SRF,202604,2026-02-26 23:07:00,80.8,80.8,80.8,80.8,1
SRF,202604,2026-02-26 23:08:00,80.8,80.8,80.8,80.8,1
SRF,202604,2026-02-26 23:09:00,80.8,80.8,80.8,80.8,1
SRF,202604,2026-02-26 23:11:00,80.85,80.85,80.75,80.75,6
SRF,202604,2026-02-26 23:12:00,80.75,80.75,80.6,80.6,14
SRF,202604,2026-02-26 23:13:00,80.55,80.55,80.55,80.55,1
SRF,202604,2026-02-26 23:14:00,80.5,80.5,80.45,80.45,10
SRF,202604,2026-02-26 23:15:00,80.45,80.45,80.35,80.35,4
SRF,202604,2026-02-26 23:16:00,80.35,80.35,80.3,80.3,6
SRF,202604,2026-02-26 23:17:00,80.3,80.35,80.3,80.35,3
SRF,202604,2026-02-26 23:18:00,80.35,80.35,80.35,80.35,2
SRF,202604,2026-02-26 23:19:00,80.3,80.3,80.25,80.25,7
SRF,202604,2026-02-26 23:20:00,80.25,80.25,80.2,80.2,3
SRF,202604,2026-02-26 23:21:00,80.15,80.15,80.1,80.1,11
SRF,202604,2026-02-26 23:22:00,80.05,80.05,80.0,80.0,17
SRF,202604,2026-02-26 23:23:00,80.0,80.0,80.0,80.0,2
SRF,202604,2026-02-26 23:24:00,80.0,80.0,79.9,79.9,8
SRF,202604,2026-02-26 23:26:00,80.15,80.25,80.15,80.25,2
SRF,202604,2026-02-26 23:27:00,80.2,80.2,80.0,80.0,26
SRF,202604,2026-02-26 23:29:00,80.1,80.1,80.1,80.1,2
SRF,202604,2026-02-26 23:30:00,80.1,80.1,80.1,80.1,1
SRF,202604,2026-02-26 23:32:00,80.15,80.15,80.15,80.15,2
SRF,202604,2026-02-26 23:33:00,80.15,80.2,80.15,80.2,2
SRF,202604,2026-02-26 23:34:00,80.15,80.15,80.1,80.1,6
SRF,202604,2026-02-26 23:36:00,80.2,80.2,80.2,80.2,2
SRF,202604,2026-02-26 23:37:00,80.25,80.35,80.25,80.35,2
SRF,202604,2026-02-26 23:38:00,80.35,80.4,80.35,80.4,3
SRF,202604,2026-02-26 23:39:00,80.5,80.5,80.5,80.5,11
SRF,202604,2026-02-26 23:40:00,80.6,80.6,80.6,80.6,1
SRF,202604,2026-02-26 23:41:00,80.5,80.55,80.5,80.55,4
SRF,202604,2026-02-26 23:42:00,80.55,80.55,80.55,80.55,1
SRF,202604,2026-02-26 23:45:00,80.55,80.6,80.55,80.6,2
SRF,202604,2026-02-26 23:48:00,80.6,80.65,80.6,80.65,2
SRF,202604,2026-02-26 23:50:00,80.6,80.6,80.6,80.6,1
SRF,202604,2026-02-26 23:52:00,80.6,80.6,80.6,80.6,1
SRF,202604,2026-02-26 23:55:00,80.55,80.55,80.55,80.55,1
SRF,202604,2026-02-26 23:56:00,80.5,80.5,80.5,80.5,1
SRF,202604,2026-02-26 23:59:00,80.5,80.5,80.5,80.5,1
SRF,202604,2026-02-27 00:03:00,80.55,80.55,80.55,80.55,2
SRF,202604,2026-02-27 00:06:00,80.45,80.45,80.4,80.4,3
SRF,202604,2026-02-27 00:07:00,80.35,80.35,80.35,80.35,2
SRF,202604,2026-02-27 00:10:00,80.45,80.45,80.45,80.45,1
SRF,202604,2026-02-27 00:13:00,80.45,80.45,80.45,80.45,1
SRF,202604,2026-02-27 00:26:00,80.85,80.85,80.85,80.85,1
SRF,202604,2026-02-27 00:27:00,80.8,80.8,80.75,80.75,2
SRF,202604,2026-02-27 00:28:00,80.75,80.75,80.75,80.75,2
SRF,202604,2026-02-27 00:30:00,80.7,80.7,80.7,80.7,1
SRF,202604,2026-02-27 00:36:00,80.7,80.7,80.6,80.6,4
SRF,202604,2026-02-27 00:37:00,80.55,80.55,80.55,80.55,2
SRF,202604,2026-02-27 00:39:00,80.5,80.5,80.5,80.5,1
SRF,202604,2026-02-27 00:43:00,80.5,80.5,80.5,80.5,1
SRF,202604,2026-02-27 00:44:00,80.45,80.45,80.45,80.45,3
SRF,202604,2026-02-27 00:45:00,80.35,80.35,80.35,80.35,3
SRF,202604,2026-02-27 00:46:00,80.3,80.3,80.3,80.3,2
SRF,202604,2026-02-27 00:54:00,80.35,80.35,80.35,80.35,2
SRF,202604,2026-02-27 00:56:00,80.25,80.25,80.25,80.25,2
SRF,202604,2026-02-27 01:16:00,80.25,80.25,80.25,80.25,1
SRF,202604,2026-02-27 01:19:00,80.4,80.4,80.4,80.4,1
SRF,202604,2026-02-27 01:20:00,80.4,80.4,80.4,80.4,1
SRF,202604,2026-02-27 01:21:00,80.35,80.35,80.35,80.35,1
SRF,202604,2026-02-27 01:23:00,80.25,80.25,80.25,80.25,3
SRF,202604,2026-02-27 01:32:00,80.4,80.4,80.4,80.4,1
SRF,202604,2026-02-27 01:51:00,80.3,80.3,80.3,80.3,1
SRF,202604,2026-02-27 02:01:00,80.25,80.25,80.25,80.25,4
SRF,202604,2026-02-27 02:03:00,80.25,80.25,80.25,80.25,1
SRF,202604,2026-02-27 02:08:00,80.25,80.25,80.25,80.25,1
SRF,202604,2026-02-27 02:10:00,80.25,80.25,80.25,80.25,5
SRF,202604,2026-02-27 02:25:00,80.4,80.4,80.4,80.4,1
SRF,202604,2026-02-27 02:28:00,80.4,80.4,80.4,80.4,1
SRF,202604,2026-02-27 02:30:00,80.4,80.4,80.4,80.4,1
SRF,202604,2026-02-27 02:39:00,80.6,80.6,80.6,80.6,5
SRF,202604,2026-02-27 02:42:00,80.6,80.6,80.6,80.6,1
SRF,202604,2026-02-27 02:55:00,80.5,80.5,80.5,80.5,1
SRF,202604,2026-02-27 03:03:00,80.55,80.55,80.55,80.55,1
SRF,202604,2026-02-27 03:17:00,80.7,80.7,80.7,80.7,1
SRF,202604,2026-02-27 03:25:00,80.7,80.7,80.7,80.7,1
SRF,202604,2026-02-27 03:27:00,80.5,80.5,80.5,80.5,1
SRF,202604,2026-02-27 04:19:00,80.5,80.5,80.5,80.5,1
SRF,202604,2026-02-27 04:33:00,80.5,80.5,80.5,80.5,1
SRF,202604,2026-02-27 04:45:00,80.5,80.5,80.5,80.5,2
SRF,202604,2026-02-27 04:48:00,80.5,80.5,80.45,80.45,4
SRF,202604,2026-02-27 04:52:00,80.45,80.5,80.45,80.5,2
SRF,202604,2026-02-27 04:54:00,80.5,80.5,80.5,80.5,1
SRF,202606,2026-02-26 21:20:00,82.4,82.4,82.4,82.4,1
SRF,202606,2026-02-26 21:28:00,82.4,82.4,82.4,82.4,1
SRF,202606,2026-02-26 21:54:00,82.0,82.0,82.0,82.0,1
SRF,202606,2026-02-26 22:30:00,82.0,82.0,82.0,82.0,1
SRF,202606,2026-02-26 23:04:00,82.0,82.0,82.0,82.0,1
SRF,202606,2026-02-26 23:12:00,81.5,81.5,81.5,81.5,1
SRF,202606,2026-02-26 23:13:00,81.5,81.5,81.5,81.5,1
SRF,202606,2026-02-26 23:15:00,81.5,81.5,81.2,81.2,2
SRF,202606,2026-02-26 23:22:00,81.15,81.15,81.0,81.0,2
SRF,202606,2026-02-26 23:24:00,81.0,81.0,81.0,81.0,1
SRF,202606,2026-02-26 23:41:00,81.0,81.0,81.0,81.0,2
SRF,202606,2026-02-27 00:12:00,81.05,81.05,81.05,81.05,1
SRF,202606,2026-02-27 00:51:00,80.9,80.9,80.9,80.9,1
SRF,202606,2026-02-27 00:55:00,80.85,80.85,80.85,80.85,2
SXF,202603,2026-02-26 15:08:00,8492.0,8492.0,8492.0,8492.0,2
SXF,202603,2026-02-26 15:11:00,8492.0,8492.0,8492.0,8492.0,1
SXF,202603,2026-02-26 15:14:00,8494.0,8494.0,8494.0,8494.0,1
SXF,202603,2026-02-26 15:24:00,8500.5,8500.5,8500.5,8500.5,8
SXF,202603,2026-02-26 15:35:00,8506.5,8506.5,8506.5,8506.5,1
SXF,202603,2026-02-26 15:59:00,8506.5,8506.5,8506.5,8506.5,1
SXF,202603,2026-02-26 16:19:00,8514.5,8514.5,8514.5,8514.5,1
SXF,202603,2026-02-26 16:25:00,8515.0,8515.0,8515.0,8515.0,1
SXF,202603,2026-02-26 16:34:00,8515.5,8515.5,8515.5,8515.5,4
SXF,202603,2026-02-26 16:48:00,8515.5,8515.5,8515.5,8515.5,1
SXF,202603,2026-02-26 17:11:00,8513.0,8513.0,8513.0,8513.0,11
SXF,202603,2026-02-26 17:54:00,8525.0,8525.0,8525.0,8525.0,3
SXF,202603,2026-02-26 18:23:00,8520.0,8520.0,8520.0,8520.0,1
SXF,202603,2026-02-26 18:28:00,8519.5,8519.5,8518.5,8518.5,3
SXF,202603,2026-02-26 19:03:00,8512.5,8512.5,8512.5,8512.5,19
SXF,202603,2026-02-26 19:25:00,8511.5,8512.5,8511.5,8512.5,3
SXF,202603,2026-02-26 19:46:00,8508.5,8508.5,8507.0,8507.0,3
SXF,202603,2026-02-26 21:21:00,8520.5,8520.5,8520.5,8520.5,1
SXF,202603,2026-02-26 21:47:00,8528.0,8528.0,8528.0,8528.0,1
SXF,202603,2026-02-26 21:55:00,8517.5,8517.5,8515.0,8515.0,14
SXF,202603,2026-02-26 21:56:00,8515.0,8515.0,8513.5,8513.5,17
SXF,202603,2026-02-26 21:57:00,8510.5,8510.5,8510.0,8510.0,7
SXF,202603,2026-02-26 21:58:00,8514.0,8514.0,8507.5,8507.5,10
SXF,202603,2026-02-26 22:01:00,8512.5,8512.5,8512.5,8512.5,6
SXF,202603,2026-02-26 22:20:00,8513.0,8513.0,8513.0,8513.0,18
SXF,202603,2026-02-26 22:25:00,8503.5,8503.5,8503.5,8503.5,1
SXF,202603,2026-02-26 22:28:00,8501.0,8501.0,8501.0,8501.0,1
SXF,202603,2026-02-26 22:34:00,8431.0,8431.0,8431.0,8431.0,1
SXF,202603,2026-02-26 22:36:00,8410.0,8410.0,8404.0,8404.0,2
SXF,202603,2026-02-26 22:41:00,8400.0,8400.0,8400.0,8400.0,2
SXF,202603,2026-02-26 22:42:00,8355.0,8355.0,8355.0,8355.0,1
SXF,202603,2026-02-26 22:43:00,8346.0,8346.0,8346.0,8346.0,1
SXF,202603,2026-02-26 22:45:00,8322.0,8322.0,8320.0,8320.0,2
SXF,202603,2026-02-26 22:51:00,8281.0,8281.0,8268.0,8268.0,2
SXF,202603,2026-02-26 22:52:00,8258.0,8258.0,8250.0,8250.0,2
SXF,202603,2026-02-26 22:54:00,8240.0,8240.0,8220.5,8220.5,7
SXF,202603,2026-02-26 22:56:00,8250.0,8250.0,8250.0,8250.0,1
SXF,202603,2026-02-26 22:57:00,8240.0,8240.0,8240.0,8240.0,1
SXF,202603,2026-02-26 23:00:00,8231.0,8231.0,8231.0,8231.0,1
SXF,202603,2026-02-26 23:01:00,8222.0,8222.0,8202.5,8202.5,3
SXF,202603,2026-02-26 23:02:00,8210.0,8220.0,8210.0,8220.0,3
SXF,202603,2026-02-26 23:03:00,8230.0,8231.5,8230.0,8231.5,3
SXF,202603,2026-02-26 23:10:00,8213.5,8213.5,8213.5,8213.5,1
SXF,202603,2026-02-26 23:12:00,8188.0,8188.0,8188.0,8188.0,2
SXF,202603,2026-02-26 23:13:00,8190.5,8190.5,8189.5,8189.5,2
SXF,202603,2026-02-26 23:15:00,8166.0,8166.0,8162.0,8162.0,6
SXF,202603,2026-02-26 23:16:00,8135.0,8135.0,8130.0,8130.0,2
SXF,202603,2026-02-26 23:19:00,8116.0,8116.0,8116.0,8116.0,1
SXF,202603,2026-02-26 23:21:00,8087.0,8087.0,8087.0,8087.0,1
SXF,202603,2026-02-26 23:22:00,8093.0,8093.0,8093.0,8093.0,1
SXF,202603,2026-02-26 23:27:00,8106.0,8106.0,8099.5,8099.5,2
SXF,202603,2026-02-26 23:28:00,8090.0,8092.0,8075.0,8075.0,18
SXF,202603,2026-02-26 23:34:00,8096.0,8096.0,8095.0,8095.0,7
SXF,202603,2026-02-26 23:35:00,8095.0,8105.0,8095.0,8105.0,3
SXF,202603,2026-02-26 23:36:00,8099.0,8099.0,8099.0,8099.0,1
SXF,202603,2026-02-26 23:37:00,8105.0,8113.0,8105.0,8113.0,2
SXF,202603,2026-02-26 23:40:00,8155.0,8155.0,8155.0,8155.0,1
SXF,202603,2026-02-26 23:44:00,8178.5,8178.5,8178.5,8178.5,2
SXF,202603,2026-02-26 23:45:00,8187.5,8189.0,8187.5,8189.0,3
SXF,202603,2026-02-26 23:46:00,8190.0,8190.0,8190.0,8190.0,1
SXF,202603,2026-02-26 23:52:00,8177.5,8177.5,8177.5,8177.5,1
SXF,202603,2026-02-26 23:53:00,8185.0,8185.0,8185.0,8185.0,1
SXF,202603,2026-02-26 23:56:00,8168.0,8168.0,8168.0,8168.0,1
SXF,202603,2026-02-26 23:57:00,8157.0,8157.0,8157.0,8157.0,2
SXF,202603,2026-02-26 23:59:00,8166.0,8166.0,8166.0,8166.0,1
SXF,202603,2026-02-27 00:00:00,8173.0,8178.0,8173.0,8178.0,22
SXF,202603,2026-02-27 00:02:00,8171.0,8173.0,8164.5,8164.5,19
SXF,202603,2026-02-27 00:13:00,8166.0,8166.0,8166.0,8166.0,1
SXF,202603,2026-02-27 00:26:00,8207.0,8207.0,8201.5,8201.5,2
SXF,202603,2026-02-27 00:27:00,8200.0,8200.5,8200.0,8200.5,3
SXF,202603,2026-02-27 00:36:00,8200.0,8200.0,8200.0,8200.0,1
SXF,202603,2026-02-27 00:46:00,8164.5,8168.0,8164.5,8166.0,11
SXF,202603,2026-02-27 01:09:00,8172.5,8172.5,8172.5,8172.5,1
SXF,202603,2026-02-27 01:28:00,8149.0,8149.0,8149.0,8149.0,1
SXF,202603,2026-02-27 01:34:00,8169.5,8169.5,8169.5,8169.5,1
SXF,202603,2026-02-27 03:10:00,8188.0,8188.0,8188.0,8188.0,1
SXF,202603/202606,2026-02-26 17:27:00,65.5,65.5,65.5,65.5,2
SXF,202606,2026-02-26 15:35:00,8571.5,8571.5,8571.5,8571.5,1
SXF,202606,2026-02-26 16:25:00,8580.0,8580.0,8580.0,8580.0,1
SXF,202606,2026-02-26 16:34:00,8580.5,8580.5,8580.5,8580.5,1
SXF,202606,2026-02-26 19:03:00,8578.5,8578.5,8578.5,8578.5,2
SXF,202606,2026-02-26 19:46:00,8575.0,8575.0,8575.0,8575.0,1
SXF,202606,2026-02-26 21:21:00,8585.0,8585.0,8585.0,8585.0,1
SXF,202606,2026-02-26 21:55:00,8581.5,8581.5,8581.5,8581.5,2
SXF,202606,2026-02-26 21:56:00,8582.0,8582.0,8582.0,8582.0,5
SXF,202606,2026-02-26 21:57:00,8578.0,8578.5,8578.0,8578.5,7
SXF,202606,2026-02-26 21:58:00,8578.5,8578.5,8578.5,8578.5,2
SXF,202606,2026-02-26 22:01:00,8578.5,8578.5,8578.5,8578.5,6
SXF,202606,2026-02-26 22:28:00,8569.0,8569.0,8569.0,8569.0,1
SXF,202606,2026-02-26 22:34:00,8500.0,8500.0,8500.0,8500.0,1
SXF,202606,2026-02-26 22:37:00,8469.5,8469.5,8469.5,8469.5,1
SXF,202606,2026-02-26 22:43:00,8410.5,8410.5,8410.5,8410.5,1
SXF,202606,2026-02-26 22:51:00,8350.0,8350.0,8350.0,8350.0,1
SXF,202606,2026-02-26 23:15:00,8229.0,8229.0,8229.0,8229.0,1
SXF,202606,2026-02-26 23:16:00,8199.0,8199.0,8199.0,8199.0,1
SXF,202606,2026-02-26 23:19:00,8182.5,8182.5,8182.5,8182.5,1
SXF,202606,2026-02-26 23:34:00,8162.0,8162.0,8158.5,8158.5,13
SXF,202606,2026-02-26 23:35:00,8160.0,8170.0,8160.0,8170.0,3
SXF,202606,2026-02-26 23:37:00,8170.0,8178.0,8170.0,8178.0,2
SXF,202606,2026-02-26 23:45:00,8253.5,8254.5,8253.5,8254.5,3
SXF,202606,2026-02-27 00:27:00,8265.0,8265.0,8265.0,8265.0,3
SXF,202606,2026-02-27 01:34:00,8236.5,8236.5,8236.5,8236.5,1
TE,202603,2026-02-26 15:15:00,2212.6,2213.0,2212.6,2213.0,2
TE,202603,2026-02-26 15:33:00,2217.9,2218.2,2217.9,2218.2,2
TE,202603,2026-02-26 15:34:00,2218.6,2218.6,2218.6,2218.6,1
TE,202603,2026-02-26 15:35:00,2218.6,2218.6,2218.6,2218.6,1
TE,202603,2026-02-26 15:42:00,2221.0,2221.5,2221.0,2221.5,3
TE,202603,2026-02-26 15:55:00,2221.45,2221.45,2221.45,2221.45,1
TE,202603,2026-02-26 16:03:00,2219.25,2219.35,2219.25,2219.35,2
TE,202603,2026-02-26 16:11:00,2219.2,2219.2,2219.2,2219.2,1
TE,202603,2026-02-26 16:14:00,2220.7,2220.7,2220.7,2220.7,1
TE,202603,2026-02-26 16:19:00,2223.0,2224.5,2223.0,2224.5,2
TE,202603,2026-02-26 16:22:00,2224.45,2224.45,2224.45,2224.45,1
TE,202603,2026-02-26 16:33:00,2219.25,2219.25,2219.25,2219.25,1
TE,202603,2026-02-26 16:34:00,2218.85,2218.85,2218.0,2218.0,2
TE,202603,2026-02-26 16:57:00,2220.1,2220.1,2220.1,2220.1,1
TE,202603,2026-02-26 17:04:00,2220.0,2220.0,2220.0,2220.0,1
TE,202603,2026-02-26 17:05:00,2221.0,2221.0,2221.0,2221.0,1
TE,202603,2026-02-26 17:27:00,2224.35,2224.35,2224.35,2224.35,1
TE,202603,2026-02-26 17:30:00,2224.8,2224.8,2224.8,2224.8,1
TE,202603,2026-02-26 17:31:00,2225.0,2225.0,2225.0,2225.0,3
TE,202603,2026-02-26 17:34:00,2224.1,2224.1,2223.9,2223.9,3
TE,202603,2026-02-26 17:35:00,2222.9,2222.9,2222.9,2222.9,1
TE,202603,2026-02-26 17:39:00,2225.5,2225.5,2225.5,2225.5,1
TE,202603,2026-02-26 17:54:00,2223.0,2223.0,2223.0,2223.0,1
TE,202603,2026-02-26 18:00:00,2222.0,2222.0,2222.0,2222.0,1
TE,202603,2026-02-26 18:02:00,2221.2,2221.2,2221.2,2221.2,1
TE,202603,2026-02-26 18:05:00,2221.0,2221.0,2221.0,2221.0,1
TE,202603,2026-02-26 18:10:00,2221.0,2221.0,2221.0,2221.0,1
TE,202603,2026-02-26 18:57:00,2215.0,2215.0,2215.0,2215.0,2
TE,202603,2026-02-26 18:59:00,2214.0,2214.0,2213.6,2213.6,2
TE,202603,2026-02-26 19:00:00,2214.65,2214.65,2214.65,2214.65,1
TE,202603,2026-02-26 19:22:00,2215.3,2215.3,2215.3,2215.3,1
TE,202603,2026-02-26 19:39:00,2217.6,2217.6,2217.6,2217.6,1
TE,202603,2026-02-26 20:15:00,2215.05,2215.05,2215.05,2215.05,1
TE,202603,2026-02-26 20:17:00,2216.4,2216.9,2216.4,2216.9,15
TE,202603,2026-02-26 20:19:00,2217.45,2217.45,2217.05,2217.05,2
TE,202603,2026-02-26 20:31:00,2219.8,2219.8,2219.8,2219.8,1
TE,202603,2026-02-26 20:35:00,2219.8,2219.8,2219.8,2219.8,1
TE,202603,2026-02-26 21:27:00,2216.65,2216.7,2216.65,2216.7,2
TE,202603,2026-02-26 21:30:00,2216.25,2216.25,2216.25,2216.25,1
TE,202603,2026-02-26 21:44:00,2215.0,2215.0,2215.0,2215.0,1
TE,202603,2026-02-26 21:46:00,2215.95,2215.95,2215.95,2215.95,1
TE,202603,2026-02-26 21:50:00,2214.2,2214.2,2214.2,2214.2,1
TE,202603,2026-02-26 21:52:00,2213.5,2213.5,2213.0,2213.0,2
TE,202603,2026-02-26 22:00:00,2210.25,2210.25,2210.25,2210.25,1
TE,202603,2026-02-26 22:10:00,2211.0,2211.0,2211.0,2211.0,1
TE,202603,2026-02-26 22:16:00,2211.0,2211.0,2210.95,2210.95,2
TE,202603,2026-02-26 22:17:00,2212.85,2212.85,2212.85,2212.85,1
TE,202603,2026-02-26 22:27:00,2208.6,2208.6,2208.6,2208.6,1
TE,202603,2026-02-26 22:30:00,2208.0,2208.4,2202.8,2202.8,10
TE,202603,2026-02-26 22:31:00,2203.8,2203.8,2203.8,2203.8,1
TE,202603,2026-02-26 22:35:00,2201.85,2201.85,2201.85,2201.85,1
TE,202603,2026-02-26 22:36:00,2197.15,2197.15,2197.15,2197.15,1
TE,202603,2026-02-26 22:37:00,2200.0,2200.25,2200.0,2200.25,2
TE,202603,2026-02-26 22:38:00,2199.85,2199.85,2199.8,2199.8,2
TE,202603,2026-02-26 22:39:00,2200.2,2200.2,2200.15,2200.15,2
TE,202603,2026-02-26 22:40:00,2197.95,2197.95,2197.6,2197.6,3
TE,202603,2026-02-26 22:43:00,2194.0,2194.0,2192.0,2192.3,7
TE,202603,2026-02-26 22:45:00,2191.1,2192.6,2189.6,2189.6,5
TE,202603,2026-02-26 22:50:00,2189.5,2189.75,2187.65,2189.0,5
TE,202603,2026-02-26 22:51:00,2184.55,2185.55,2180.0,2180.0,10
TE,202603,2026-02-26 22:52:00,2180.0,2180.55,2179.15,2179.25,7
TE,202603,2026-02-26 22:54:00,2182.35,2182.35,2181.25,2181.25,2
TE,202603,2026-02-26 22:55:00,2182.25,2182.25,2182.25,2182.25,1
TE,202603,2026-02-26 22:56:00,2182.95,2182.95,2182.95,2182.95,1
TE,202603,2026-02-26 22:57:00,2178.75,2178.75,2178.75,2178.75,1
TE,202603,2026-02-26 22:59:00,2180.15,2181.0,2180.15,2181.0,5
TE,202603,2026-02-26 23:03:00,2181.0,2181.0,2181.0,2181.0,1
TE,202603,2026-02-26 23:05:00,2180.95,2180.95,2180.95,2180.95,1
TE,202603,2026-02-26 23:12:00,2176.55,2176.55,2176.55,2176.55,1
TE,202603,2026-02-26 23:13:00,2171.0,2171.0,2171.0,2171.0,1
TE,202603,2026-02-26 23:15:00,2168.0,2168.0,2168.0,2168.0,1
TE,202603,2026-02-26 23:20:00,2159.2,2159.2,2152.8,2155.2,9
TE,202603,2026-02-26 23:21:00,2155.9,2169.85,2148.0,2153.8,23
TE,202603,2026-02-26 23:22:00,2147.35,2152.35,2144.95,2152.0,14
TE,202603,2026-02-26 23:23:00,2153.3,2154.0,2153.3,2154.0,5
TE,202603,2026-02-26 23:24:00,2153.0,2153.0,2151.95,2151.95,3
TE,202603,2026-02-26 23:26:00,2155.0,2155.0,2155.0,2155.0,1
TE,202603,2026-02-26 23:28:00,2153.25,2155.0,2153.25,2153.85,3
TE,202603,2026-02-26 23:29:00,2154.95,2154.95,2154.95,2154.95,1
TE,202603,2026-02-26 23:30:00,2153.3,2153.3,2153.3,2153.3,1
TE,202603,2026-02-26 23:31:00,2157.15,2157.15,2157.15,2157.15,1
TE,202603,2026-02-26 23:34:00,2153.2,2153.2,2153.2,2153.2,1
TE,202603,2026-02-26 23:35:00,2158.45,2158.45,2158.45,2158.45,1
TE,202603,2026-02-26 23:39:00,2165.55,2165.55,2165.55,2165.55,1
TE,202603,2026-02-26 23:41:00,2164.55,2173.9,2164.55,2169.25,15
TE,202603,2026-02-26 23:42:00,2170.7,2173.65,2166.95,2166.95,14
TE,202603,2026-02-26 23:43:00,2169.55,2172.1,2168.8,2170.5,12
TE,202603,2026-02-26 23:44:00,2172.25,2172.25,2171.8,2171.85,4
TE,202603,2026-02-26 23:45:00,2173.45,2173.45,2173.45,2173.45,1
TE,202603,2026-02-26 23:46:00,2174.6,2174.6,2174.6,2174.6,1
TE,202603,2026-02-26 23:47:00,2172.8,2172.8,2172.8,2172.8,1
TE,202603,2026-02-26 23:49:00,2174.45,2174.8,2174.45,2174.8,5
TE,202603,2026-02-26 23:52:00,2174.0,2174.0,2174.0,2174.0,1
TE,202603,2026-02-26 23:56:00,2170.0,2170.0,2170.0,2170.0,2
TE,202603,2026-02-26 23:57:00,2169.8,2169.8,2169.8,2169.8,1
TE,202603,2026-02-27 00:03:00,2172.4,2172.4,2172.4,2172.4,1
TE,202603,2026-02-27 00:05:00,2171.95,2171.95,2171.95,2171.95,1
TE,202603,2026-02-27 00:07:00,2169.2,2169.2,2169.2,2169.2,2
TE,202603,2026-02-27 00:22:00,2173.8,2173.8,2173.05,2173.05,2
TE,202603,2026-02-27 00:25:00,2176.95,2176.95,2176.95,2176.95,1
TE,202603,2026-02-27 00:30:00,2174.7,2174.75,2174.7,2174.75,2
TE,202603,2026-02-27 00:36:00,2172.1,2172.1,2172.1,2172.1,1
TE,202603,2026-02-27 00:46:00,2161.15,2162.65,2161.15,2162.65,2
TE,202603,2026-02-27 00:47:00,2163.85,2163.85,2163.85,2163.85,1
TE,202603,2026-02-27 00:53:00,2161.05,2161.05,2161.05,2161.05,1
TE,202603,2026-02-27 00:55:00,2160.0,2160.0,2160.0,2160.0,1
TE,202603,2026-02-27 00:59:00,2159.15,2159.15,2159.15,2159.15,1
TE,202603,2026-02-27 01:05:00,2165.0,2165.0,2162.5,2162.5,3
TE,202603,2026-02-27 01:24:00,2161.0,2161.0,2161.0,2161.0,1
TE,202603,2026-02-27 01:25:00,2161.0,2161.0,2161.0,2161.0,1
TE,202603,2026-02-27 01:35:00,2166.7,2166.85,2166.7,2166.85,5
TE,202603,2026-02-27 01:39:00,2164.25,2164.25,2164.25,2164.25,1
TE,202603,2026-02-27 01:40:00,2164.5,2165.6,2164.5,2165.55,3
TE,202603,2026-02-27 01:41:00,2165.55,2165.6,2165.55,2165.6,2
TE,202603,2026-02-27 01:42:00,2165.25,2165.25,2165.25,2165.25,2
TE,202603,2026-02-27 01:51:00,2162.5,2162.5,2162.5,2162.5,1
TE,202603,2026-02-27 01:54:00,2164.55,2164.55,2164.55,2164.55,1
TE,202603,2026-02-27 01:56:00,2162.8,2162.8,2162.8,2162.8,1
TE,202603,2026-02-27 02:08:00,2160.0,2160.0,2160.0,2160.0,1
TE,202603,2026-02-27 02:33:00,2166.0,2166.0,2166.0,2166.0,8
TE,202603,2026-02-27 02:34:00,2168.2,2169.75,2168.2,2169.75,5
TE,202603,2026-02-27 02:38:00,2170.3,2170.3,2170.25,2170.25,3
TE,202603,2026-02-27 02:45:00,2168.25,2168.25,2168.25,2168.25,1
TE,202603,2026-02-27 03:00:00,2168.0,2168.0,2168.0,2168.0,1
TE,202603,2026-02-27 03:09:00,2173.2,2173.25,2173.2,2173.25,2
TE,202603,2026-02-27 03:13:00,2173.15,2173.15,2173.15,2173.15,1
TE,202603,2026-02-27 03:23:00,2173.1,2173.1,2173.1,2173.1,1
TE,202603,2026-02-27 03:26:00,2173.0,2173.0,2173.0,2173.0,1
TE,202603,2026-02-27 03:45:00,2172.8,2172.8,2172.8,2172.8,1
TE,202603,2026-02-27 04:02:00,2175.75,2175.75,2175.75,2175.75,1
TE,202603,2026-02-27 04:42:00,2170.8,2170.8,2170.8,2170.8,1
TE,202603,2026-02-27 04:53:00,2169.35,2171.9,2169.35,2171.9,2
TE,202603,2026-02-27 04:54:00,2172.4,2172.4,2172.4,2172.4,1
TE,202603,2026-02-27 04:56:00,2172.15,2172.15,2172.15,2172.15,1
TF,202603,2026-02-26 15:36:00,2616.4,2616.4,2616.4,2616.4,1
TF,202603,2026-02-26 15:38:00,2616.2,2616.2,2616.2,2616.2,1
TF,202603,2026-02-26 15:43:00,2617.0,2617.0,2617.0,2617.0,1
TF,202603,2026-02-26 16:11:00,2617.2,2617.2,2617.2,2617.2,1
TF,202603,2026-02-26 22:45:00,2610.8,2610.8,2610.8,2610.8,1
TF,202603,2026-02-26 22:54:00,2608.8,2608.8,2608.8,2608.8,2
TF,202603,2026-02-26 22:56:00,2609.0,2609.0,2609.0,2609.0,1
TF,202603,2026-02-26 23:24:00,2603.0,2603.0,2603.0,2603.0,2
TF,202603,2026-02-26 23:32:00,2604.4,2604.4,2604.4,2604.4,1
TF,202603,2026-02-27 00:19:00,2606.8,2606.8,2606.8,2606.8,1
TF,202603,2026-02-27 00:58:00,2603.2,2603.2,2603.2,2603.2,1
TF,202603,2026-02-27 01:05:00,2599.0,2599.0,2599.0,2599.0,1
TF,202603,2026-02-27 04:54:00,2592.4,2592.4,2590.0,2590.0,5
TF,202603,2026-02-27 04:56:00,2586.4,2586.4,2583.2,2583.2,4
TGF,202604,2026-02-26 18:09:00,19746.0,19746.0,19746.0,19746.0,1
TGF,202604,2026-02-26 18:14:00,19744.5,19745.0,19744.5,19745.0,2
TGF,202604,2026-02-26 18:19:00,19725.0,19725.0,19725.0,19725.0,1
TGF,202604,2026-02-26 18:24:00,19725.0,19725.0,19725.0,19725.0,1
TGF,202604,2026-02-26 18:39:00,19693.0,19693.0,19690.0,19690.0,10
TGF,202604,2026-02-26 18:48:00,19677.0,19677.0,19677.0,19677.0,1
TGF,202604,2026-02-26 18:51:00,19685.0,19685.0,19685.0,19685.0,1
TGF,202604,2026-02-26 19:17:00,19686.5,19688.0,19686.5,19688.0,6
TGF,202604,2026-02-26 19:18:00,19697.0,19698.0,19697.0,19698.0,6
TGF,202604,2026-02-26 19:19:00,19699.0,19702.0,19699.0,19702.0,13
TGF,202604,2026-02-26 19:27:00,19702.0,19702.0,19702.0,19702.0,2
TGF,202604,2026-02-26 19:28:00,19702.0,19702.0,19702.0,19702.0,2
TGF,202604,2026-02-26 19:38:00,19693.0,19693.0,19693.0,19693.0,1
TGF,202604,2026-02-26 19:53:00,19677.0,19677.0,19677.0,19677.0,1
TGF,202604,2026-02-26 19:54:00,19670.0,19670.0,19660.0,19660.0,2
TGF,202604,2026-02-26 19:57:00,19653.5,19653.5,19653.5,19653.5,6
TGF,202604,2026-02-26 19:58:00,19651.5,19651.5,19651.5,19651.5,4
TGF,202604,2026-02-26 19:59:00,19656.0,19656.0,19656.0,19656.0,1
TGF,202604,2026-02-26 20:01:00,19655.0,19655.0,19648.0,19648.0,3
TGF,202604,2026-02-26 20:02:00,19630.5,19630.5,19630.5,19630.5,2
TGF,202604,2026-02-26 20:16:00,19672.5,19672.5,19672.5,19672.5,1
TGF,202604,2026-02-26 20:39:00,19722.5,19722.5,19722.5,19722.5,1
TGF,202604,2026-02-26 20:40:00,19730.0,19730.0,19730.0,19730.0,2
TGF,202604,2026-02-26 20:42:00,19742.5,19742.5,19742.5,19742.5,1
TGF,202604,2026-02-26 21:06:00,19712.5,19712.5,19712.5,19712.5,1
TGF,202604,2026-02-26 21:25:00,19709.5,19709.5,19709.5,19709.5,1
TGF,202604,2026-02-26 21:37:00,19699.5,19699.5,19699.5,19699.5,2
TGF,202604,2026-02-26 21:44:00,19680.0,19680.0,19680.0,19680.0,1
TGF,202604,2026-02-26 21:45:00,19682.0,19682.0,19678.5,19678.5,4
TGF,202604,2026-02-26 21:46:00,19684.5,19684.5,19678.0,19678.0,11
TGF,202604,2026-02-26 22:30:00,19640.0,19640.0,19600.0,19600.0,12
TGF,202604,2026-02-26 22:31:00,19602.5,19648.5,19602.5,19648.5,2
TGF,202604,2026-02-26 22:32:00,19635.0,19635.0,19629.5,19634.0,7
TGF,202604,2026-02-26 22:34:00,19670.5,19670.5,19670.5,19670.5,1
TGF,202604,2026-02-26 22:35:00,19673.5,19673.5,19673.5,19673.5,1
TGF,202604,2026-02-26 22:37:00,19705.0,19705.0,19705.0,19705.0,1
TGF,202604,2026-02-26 22:46:00,19701.0,19701.0,19701.0,19701.0,1
TGF,202604,2026-02-26 22:48:00,19701.0,19701.0,19701.0,19701.0,1
TGF,202604,2026-02-26 22:51:00,19696.0,19696.0,19696.0,19696.0,1
TGF,202604,2026-02-26 23:03:00,19710.0,19710.0,19710.0,19710.0,1
TGF,202604,2026-02-26 23:16:00,19659.5,19659.5,19653.0,19653.0,3
TGF,202604,2026-02-26 23:18:00,19650.0,19650.0,19650.0,19650.0,1
TGF,202604,2026-02-26 23:22:00,19677.0,19677.0,19677.0,19677.0,1
TGF,202604,2026-02-26 23:23:00,19659.5,19659.5,19659.5,19659.5,3
TGF,202604,2026-02-26 23:27:00,19640.0,19640.0,19600.0,19600.0,4
TGF,202604,2026-02-26 23:42:00,19720.0,19735.5,19720.0,19735.5,2
TGF,202604,2026-02-26 23:48:00,19710.0,19710.0,19710.0,19710.0,1
TGF,202604,2026-02-26 23:54:00,19750.0,19750.5,19750.0,19750.5,2
TGF,202604,2026-02-26 23:59:00,19758.0,19758.0,19758.0,19758.0,1
TGF,202604,2026-02-27 00:04:00,19755.0,19755.0,19755.0,19755.0,1
TGF,202604,2026-02-27 00:05:00,19749.0,19749.0,19749.0,19749.0,1
TGF,202604,2026-02-27 00:14:00,19733.0,19734.0,19733.0,19734.0,4
TGF,202604,2026-02-27 00:16:00,19732.0,19732.0,19732.0,19732.0,1
TGF,202604,2026-02-27 01:16:00,19720.0,19720.0,19720.0,19720.0,1
TGF,202604,2026-02-27 01:51:00,19711.0,19711.0,19711.0,19711.0,1
TGF,202604,2026-02-27 02:15:00,19711.0,19711.0,19711.0,19711.0,1
TGF,202604,2026-02-27 02:30:00,19733.0,19733.0,19733.0,19733.0,1
TGF,202604,2026-02-27 04:14:00,19760.0,19760.0,19760.0,19760.0,2
TGF,202604,2026-02-27 04:38:00,19756.0,19762.0,19756.0,19762.0,2
TGF,202604,2026-02-27 04:45:00,19770.0,19770.0,19770.0,19770.0,1
TGF,202606,2026-02-26 18:14:00,19859.0,19859.0,19859.0,19859.0,2
TGF,202606,2026-02-26 18:39:00,19805.0,19805.0,19805.0,19805.0,4
TGF,202606,2026-02-26 18:46:00,19800.0,19800.0,19800.0,19800.0,1
TGF,202606,2026-02-26 18:48:00,19799.0,19799.0,19792.0,19794.0,3
TGF,202606,2026-02-26 18:51:00,19798.5,19798.5,19798.5,19798.5,1
TGF,202606,2026-02-26 18:59:00,19784.0,19784.0,19780.0,19780.0,10
TGF,202606,2026-02-26 19:17:00,19799.5,19799.5,19799.5,19799.5,2
TGF,202606,2026-02-26 19:27:00,19807.0,19807.0,19807.0,19807.0,2
TGF,202606,2026-02-26 19:28:00,19802.0,19802.0,19802.0,19802.0,2
TGF,202606,2026-02-26 19:53:00,19775.5,19775.5,19775.5,19775.5,1
TGF,202606,2026-02-26 19:54:00,19766.0,19766.0,19766.0,19766.0,1
TGF,202606,2026-02-26 20:42:00,19854.0,19854.0,19854.0,19854.0,1
TGF,202606,2026-02-26 20:44:00,19853.0,19853.0,19853.0,19853.0,1
TGF,202606,2026-02-26 21:11:00,19796.5,19796.5,19796.5,19796.5,1
TGF,202606,2026-02-26 21:45:00,19794.0,19794.0,19794.0,19794.0,3
TGF,202606,2026-02-26 21:46:00,19796.5,19796.5,19795.0,19795.0,3
TGF,202606,2026-02-26 22:30:00,19725.0,19725.0,19725.0,19725.0,1
TGF,202606,2026-02-26 22:31:00,19713.0,19713.0,19713.0,19713.0,1
TGF,202606,2026-02-26 22:32:00,19747.5,19747.5,19747.5,19747.5,6
TGF,202606,2026-02-26 23:27:00,19750.5,19750.5,19700.0,19700.0,4
TGF,202606,2026-02-26 23:34:00,19795.0,19795.0,19795.0,19795.0,1
TGF,202606,2026-02-26 23:42:00,19831.5,19847.5,19831.5,19847.5,2
TGF,202606,2026-02-26 23:44:00,19841.0,19841.0,19841.0,19841.0,1
TGF,202606,2026-02-26 23:54:00,19868.0,19868.0,19868.0,19868.0,1
TGF,202606,2026-02-27 00:05:00,19871.5,19871.5,19859.0,19859.0,2
TGF,202606,2026-02-27 00:11:00,19855.0,19855.0,19855.0,19855.0,1
TGF,202606,2026-02-27 00:14:00,19850.0,19854.0,19850.0,19854.0,5
TGF,202606,2026-02-27 02:35:00,19815.0,19815.0,19815.0,19815.0,1
TGF,202606,2026-02-27 02:43:00,19868.0,19868.0,19868.0,19868.0,1
TGF,202606,2026-02-27 04:38:00,19868.0,19868.0,19868.0,19868.0,1
TJF,202603,2026-02-26 20:52:00,3904.75,3904.75,3904.75,3904.75,1
TJF,202603,2026-02-26 21:44:00,3906.5,3906.5,3906.5,3906.5,1
TJF,202603,2026-02-26 21:48:00,3909.5,3909.5,3909.5,3909.5,1
TJF,202603,2026-02-26 22:09:00,3908.0,3908.0,3908.0,3908.0,1
TJF,202603,2026-02-26 22:35:00,3912.75,3912.75,3912.75,3912.75,1
TJF,202603,2026-02-26 22:36:00,3911.75,3912.25,3911.75,3912.25,2
TJF,202603,2026-02-26 22:39:00,3914.5,3914.5,3914.5,3914.5,1
TJF,202603,2026-02-26 22:43:00,3907.25,3907.25,3907.25,3907.25,1
TJF,202603,2026-02-26 22:53:00,3908.5,3908.5,3908.5,3908.5,1
TJF,202603,2026-02-26 23:09:00,3906.75,3906.75,3906.75,3906.75,1
TJF,202603,2026-02-26 23:11:00,3909.5,3909.5,3909.5,3909.5,1
TJF,202603,2026-02-26 23:13:00,3904.5,3904.5,3904.5,3904.5,1
TJF,202603,2026-02-26 23:20:00,3892.75,3892.75,3892.75,3892.75,1
TJF,202603,2026-02-26 23:24:00,3886.5,3886.5,3886.5,3886.5,1
TJF,202603,2026-02-26 23:25:00,3887.0,3887.0,3886.25,3887.0,27
TJF,202603,2026-02-26 23:26:00,3891.0,3891.0,3891.0,3891.0,1
TJF,202603,2026-02-26 23:29:00,3887.75,3888.75,3887.75,3888.75,22
TJF,202603,2026-02-26 23:38:00,3898.0,3898.0,3898.0,3898.0,1
TJF,202603,2026-02-26 23:39:00,3899.5,3899.5,3899.5,3899.5,1
TJF,202603,2026-02-26 23:43:00,3903.0,3903.0,3903.0,3903.0,1
TJF,202603,2026-02-26 23:44:00,3904.0,3904.0,3904.0,3904.0,1
TJF,202603,2026-02-26 23:48:00,3905.0,3905.25,3905.0,3905.25,2
TJF,202603,2026-02-26 23:52:00,3908.25,3908.25,3908.25,3908.25,1
TJF,202603,2026-02-26 23:56:00,3911.0,3911.0,3911.0,3911.0,1
TJF,202603,2026-02-27 00:01:00,3911.0,3911.0,3910.75,3910.75,2
TJF,202603,2026-02-27 00:03:00,3911.25,3911.25,3911.25,3911.25,2
TJF,202603,2026-02-27 00:15:00,3913.75,3913.75,3913.5,3913.5,2
TJF,202603,2026-02-27 00:21:00,3913.0,3913.25,3913.0,3913.25,2
TJF,202603,2026-02-27 00:45:00,3902.25,3902.25,3902.25,3902.25,1
TJF,202603,2026-02-27 00:46:00,3902.25,3902.25,3902.25,3902.25,1
TJF,202603,2026-02-27 00:59:00,3900.0,3900.0,3900.0,3900.0,1
TJF,202603,2026-02-27 01:14:00,3900.0,3900.0,3900.0,3900.0,1
TJF,202603,2026-02-27 02:05:00,3897.75,3897.75,3897.75,3897.75,1
TJF,202603,2026-02-27 02:07:00,3897.75,3897.75,3897.75,3897.75,1
TJF,202603,2026-02-27 02:08:00,3897.25,3897.25,3897.0,3897.0,22
TJF,202603,2026-02-27 02:24:00,3903.5,3903.5,3903.5,3903.5,1
TJF,202603,2026-02-27 02:38:00,3910.75,3910.75,3910.75,3910.75,1
TJF,202603,2026-02-27 02:45:00,3911.25,3911.25,3911.0,3911.0,2
TJF,202603,2026-02-27 03:04:00,3911.25,3911.25,3911.25,3911.25,2
TJF,202603,2026-02-27 04:32:00,3909.5,3909.5,3909.25,3909.25,2
TJF,202603,2026-02-27 04:34:00,3909.75,3909.75,3909.5,3909.5,2
TJF,202603,2026-02-27 04:46:00,3906.5,3906.5,3906.5,3906.5,1
TJF,202603,2026-02-27 04:58:00,3905.0,3905.5,3905.0,3905.5,2
TJF,202604,2026-02-26 22:58:00,3874.75,3874.75,3874.75,3874.75,13
TJF,202604,2026-02-26 23:58:00,3879.25,3879.25,3879.25,3879.25,1
TJF,202604,2026-02-27 03:16:00,3882.25,3882.25,3882.25,3882.25,1
TMF,202603,2026-02-26 15:00:00,35634.0,35697.0,35634.0,35681.0,749
TMF,202603,2026-02-26 15:01:00,35683.0,35684.0,35668.0,35672.0,301
TMF,202603,2026-02-26 15:02:00,35672.0,35678.0,35655.0,35662.0,226
TMF,202603,2026-02-26 15:03:00,35659.0,35670.0,35658.0,35658.0,158
TMF,202603,2026-02-26 15:04:00,35660.0,35665.0,35657.0,35660.0,137
TMF,202603,2026-02-26 15:05:00,35660.0,35675.0,35660.0,35675.0,145
TMF,202603,2026-02-26 15:06:00,35675.0,35678.0,35666.0,35670.0,128
TMF,202603,2026-02-26 15:07:00,35667.0,35675.0,35666.0,35667.0,119
TMF,202603,2026-02-26 15:08:00,35669.0,35670.0,35662.0,35670.0,82
TMF,202603,2026-02-26 15:09:00,35667.0,35668.0,35647.0,35653.0,214
TMF,202603,2026-02-26 15:10:00,35655.0,35660.0,35650.0,35653.0,129
TMF,202603,2026-02-26 15:11:00,35651.0,35668.0,35648.0,35668.0,112
TMF,202603,2026-02-26 15:12:00,35668.0,35669.0,35658.0,35663.0,115
TMF,202603,2026-02-26 15:13:00,35662.0,35666.0,35659.0,35666.0,51
TMF,202603,2026-02-26 15:14:00,35665.0,35692.0,35662.0,35689.0,292
TMF,202603,2026-02-26 15:15:00,35689.0,35695.0,35686.0,35688.0,200
TMF,202603,2026-02-26 15:16:00,35687.0,35697.0,35687.0,35696.0,179
TMF,202603,2026-02-26 15:17:00,35696.0,35698.0,35691.0,35695.0,93
TMF,202603,2026-02-26 15:18:00,35696.0,35704.0,35692.0,35694.0,247
TMF,202603,2026-02-26 15:19:00,35694.0,35698.0,35688.0,35696.0,77
TMF,202603,2026-02-26 15:20:00,35694.0,35699.0,35692.0,35692.0,74
TMF,202603,2026-02-26 15:21:00,35691.0,35694.0,35689.0,35690.0,70
TMF,202603,2026-02-26 15:22:00,35690.0,35700.0,35690.0,35700.0,88
TMF,202603,2026-02-26 15:23:00,35699.0,35701.0,35680.0,35683.0,186
TMF,202603,2026-02-26 15:24:00,35681.0,35686.0,35677.0,35683.0,86
TMF,202603,2026-02-26 15:25:00,35681.0,35687.0,35680.0,35682.0,75
TMF,202603,2026-02-26 15:26:00,35683.0,35684.0,35672.0,35682.0,121
TMF,202603,2026-02-26 15:27:00,35679.0,35693.0,35679.0,35693.0,66
TMF,202603,2026-02-26 15:28:00,35693.0,35707.0,35688.0,35705.0,174
TMF,202603,2026-02-26 15:29:00,35706.0,35706.0,35693.0,35704.0,90
TMF,202603,2026-02-26 15:30:00,35702.0,35708.0,35700.0,35707.0,123
TMF,202603,2026-02-26 15:31:00,35705.0,35710.0,35700.0,35710.0,144
TMF,202603,2026-02-26 15:32:00,35710.0,35729.0,35710.0,35726.0,454
TMF,202603,2026-02-26 15:33:00,35727.0,35743.0,35721.0,35735.0,368
TMF,202603,2026-02-26 15:34:00,35734.0,35737.0,35727.0,35729.0,165
TMF,202603,2026-02-26 15:35:00,35730.0,35738.0,35730.0,35733.0,176
TMF,202603,2026-02-26 15:36:00,35733.0,35742.0,35733.0,35737.0,142
TMF,202603,2026-02-26 15:37:00,35737.0,35745.0,35735.0,35735.0,182
TMF,202603,2026-02-26 15:38:00,35733.0,35737.0,35726.0,35728.0,123
TMF,202603,2026-02-26 15:39:00,35728.0,35733.0,35724.0,35732.0,114
TMF,202603,2026-02-26 15:40:00,35735.0,35742.0,35728.0,35739.0,102
TMF,202603,2026-02-26 15:41:00,35739.0,35750.0,35739.0,35749.0,190
TMF,202603,2026-02-26 15:42:00,35748.0,35786.0,35746.0,35781.0,1191
TMF,202603,2026-02-26 15:43:00,35782.0,35795.0,35781.0,35789.0,429
TMF,202603,2026-02-26 15:44:00,35788.0,35793.0,35778.0,35780.0,380
TMF,202603,2026-02-26 15:45:00,35777.0,35783.0,35774.0,35781.0,200
TMF,202603,2026-02-26 15:46:00,35781.0,35792.0,35780.0,35781.0,219
TMF,202603,2026-02-26 15:47:00,35780.0,35780.0,35768.0,35771.0,192
TMF,202603,2026-02-26 15:48:00,35771.0,35777.0,35761.0,35764.0,176
TMF,202603,2026-02-26 15:49:00,35761.0,35775.0,35760.0,35771.0,175
TMF,202603,2026-02-26 15:50:00,35772.0,35773.0,35756.0,35759.0,166
TMF,202603,2026-02-26 15:51:00,35757.0,35764.0,35756.0,35761.0,138
TMF,202603,2026-02-26 15:52:00,35761.0,35761.0,35755.0,35757.0,60
TMF,202603,2026-02-26 15:53:00,35758.0,35775.0,35758.0,35767.0,126
TMF,202603,2026-02-26 15:54:00,35769.0,35774.0,35767.0,35770.0,93
TMF,202603,2026-02-26 15:55:00,35773.0,35779.0,35761.0,35765.0,167
TMF,202603,2026-02-26 15:56:00,35764.0,35775.0,35764.0,35775.0,84
TMF,202603,2026-02-26 15:57:00,35773.0,35782.0,35771.0,35778.0,113
TMF,202603,2026-02-26 15:58:00,35780.0,35783.0,35770.0,35770.0,94
TMF,202603,2026-02-26 15:59:00,35774.0,35774.0,35762.0,35767.0,80
TMF,202603,2026-02-26 16:00:00,35765.0,35772.0,35751.0,35751.0,212
TMF,202603,2026-02-26 16:01:00,35753.0,35779.0,35751.0,35774.0,144
TMF,202603,2026-02-26 16:02:00,35773.0,35773.0,35762.0,35767.0,70
TMF,202603,2026-02-26 16:03:00,35770.0,35779.0,35769.0,35774.0,62
TMF,202603,2026-02-26 16:04:00,35778.0,35780.0,35770.0,35776.0,85
TMF,202603,2026-02-26 16:05:00,35777.0,35784.0,35776.0,35780.0,131
TMF,202603,2026-02-26 16:06:00,35781.0,35805.0,35780.0,35791.0,728
TMF,202603,2026-02-26 16:07:00,35794.0,35801.0,35784.0,35784.0,229
TMF,202603,2026-02-26 16:08:00,35784.0,35792.0,35784.0,35790.0,178
TMF,202603,2026-02-26 16:09:00,35791.0,35795.0,35783.0,35791.0,116
TMF,202603,2026-02-26 16:10:00,35793.0,35795.0,35788.0,35788.0,71
TMF,202603,2026-02-26 16:11:00,35785.0,35796.0,35777.0,35795.0,146
TMF,202603,2026-02-26 16:12:00,35794.0,35797.0,35787.0,35788.0,66
TMF,202603,2026-02-26 16:13:00,35787.0,35788.0,35781.0,35788.0,46
TMF,202603,2026-02-26 16:14:00,35788.0,35805.0,35788.0,35801.0,210
TMF,202603,2026-02-26 16:15:00,35800.0,35805.0,35796.0,35801.0,93
TMF,202603,2026-02-26 16:16:00,35803.0,35819.0,35800.0,35816.0,496
TMF,202603,2026-02-26 16:17:00,35815.0,35821.0,35813.0,35815.0,224
TMF,202603,2026-02-26 16:18:00,35815.0,35838.0,35815.0,35838.0,545
TMF,202603,2026-02-26 16:19:00,35838.0,35847.0,35837.0,35845.0,262
TMF,202603,2026-02-26 16:20:00,35841.0,35849.0,35836.0,35846.0,324
TMF,202603,2026-02-26 16:21:00,35845.0,35855.0,35842.0,35853.0,311
TMF,202603,2026-02-26 16:22:00,35853.0,35854.0,35835.0,35836.0,196
TMF,202603,2026-02-26 16:23:00,35835.0,35836.0,35827.0,35831.0,174
TMF,202603,2026-02-26 16:24:00,35829.0,35832.0,35824.0,35831.0,166
TMF,202603,2026-02-26 16:25:00,35832.0,35833.0,35825.0,35831.0,132
TMF,202603,2026-02-26 16:26:00,35831.0,35834.0,35824.0,35824.0,134
TMF,202603,2026-02-26 16:27:00,35825.0,35829.0,35816.0,35821.0,158
TMF,202603,2026-02-26 16:28:00,35821.0,35823.0,35814.0,35817.0,164
TMF,202603,2026-02-26 16:29:00,35816.0,35817.0,35807.0,35811.0,204
TMF,202603,2026-02-26 16:30:00,35811.0,35814.0,35803.0,35807.0,200
TMF,202603,2026-02-26 16:31:00,35808.0,35811.0,35793.0,35793.0,297
TMF,202603,2026-02-26 16:32:00,35794.0,35800.0,35791.0,35797.0,161
TMF,202603,2026-02-26 16:33:00,35796.0,35800.0,35782.0,35788.0,231
TMF,202603,2026-02-26 16:34:00,35785.0,35794.0,35777.0,35793.0,251
TMF,202603,2026-02-26 16:35:00,35793.0,35800.0,35790.0,35795.0,113
TMF,202603,2026-02-26 16:36:00,35796.0,35796.0,35783.0,35788.0,99
TMF,202603,2026-02-26 16:37:00,35790.0,35790.0,35773.0,35775.0,181
TMF,202603,2026-02-26 16:38:00,35775.0,35780.0,35767.0,35777.0,226
TMF,202603,2026-02-26 16:39:00,35780.0,35784.0,35777.0,35781.0,112
TMF,202603,2026-02-26 16:40:00,35781.0,35783.0,35763.0,35765.0,183
TMF,202603,2026-02-26 16:41:00,35766.0,35771.0,35765.0,35768.0,94
TMF,202603,2026-02-26 16:42:00,35766.0,35775.0,35766.0,35770.0,82
TMF,202603,2026-02-26 16:43:00,35772.0,35780.0,35770.0,35776.0,94
TMF,202603,2026-02-26 16:44:00,35775.0,35784.0,35775.0,35784.0,73
TMF,202603,2026-02-26 16:45:00,35782.0,35788.0,35781.0,35787.0,93
TMF,202603,2026-02-26 16:46:00,35786.0,35787.0,35776.0,35784.0,107
TMF,202603,2026-02-26 16:47:00,35785.0,35787.0,35773.0,35774.0,90
TMF,202603,2026-02-26 16:48:00,35774.0,35785.0,35774.0,35783.0,74
TMF,202603,2026-02-26 16:49:00,35784.0,35784.0,35781.0,35782.0,39
TMF,202603,2026-02-26 16:50:00,35781.0,35784.0,35773.0,35773.0,72
TMF,202603,2026-02-26 16:51:00,35776.0,35777.0,35767.0,35770.0,69
TMF,202603,2026-02-26 16:52:00,35770.0,35771.0,35765.0,35765.0,79
TMF,202603,2026-02-26 16:53:00,35765.0,35773.0,35760.0,35771.0,199
TMF,202603,2026-02-26 16:54:00,35768.0,35774.0,35764.0,35764.0,64
TMF,202603,2026-02-26 16:55:00,35764.0,35773.0,35760.0,35771.0,82
TMF,202603,2026-02-26 16:56:00,35770.0,35781.0,35768.0,35779.0,90
TMF,202603,2026-02-26 16:57:00,35779.0,35786.0,35776.0,35784.0,73
TMF,202603,2026-02-26 16:58:00,35783.0,35784.0,35771.0,35773.0,61
TMF,202603,2026-02-26 16:59:00,35772.0,35772.0,35768.0,35768.0,33
TMF,202603,2026-02-26 17:00:00,35768.0,35786.0,35762.0,35780.0,137
TMF,202603,2026-02-26 17:01:00,35779.0,35788.0,35779.0,35783.0,84
TMF,202603,2026-02-26 17:02:00,35782.0,35783.0,35776.0,35778.0,52
TMF,202603,2026-02-26 17:03:00,35779.0,35784.0,35777.0,35784.0,31
TMF,202603,2026-02-26 17:04:00,35784.0,35790.0,35784.0,35786.0,120
TMF,202603,2026-02-26 17:05:00,35789.0,35800.0,35786.0,35794.0,181
TMF,202603,2026-02-26 17:06:00,35795.0,35804.0,35795.0,35799.0,175
TMF,202603,2026-02-26 17:07:00,35800.0,35801.0,35795.0,35798.0,64
TMF,202603,2026-02-26 17:08:00,35797.0,35808.0,35792.0,35808.0,109
TMF,202603,2026-02-26 17:09:00,35805.0,35808.0,35803.0,35806.0,82
TMF,202603,2026-02-26 17:10:00,35805.0,35808.0,35799.0,35800.0,116
TMF,202603,2026-02-26 17:11:00,35800.0,35820.0,35799.0,35818.0,368
TMF,202603,2026-02-26 17:12:00,35819.0,35833.0,35817.0,35830.0,191
TMF,202603,2026-02-26 17:13:00,35830.0,35840.0,35826.0,35839.0,221
TMF,202603,2026-02-26 17:14:00,35840.0,35845.0,35836.0,35844.0,162
TMF,202603,2026-02-26 17:15:00,35845.0,35865.0,35836.0,35840.0,615
TMF,202603,2026-02-26 17:16:00,35837.0,35846.0,35830.0,35840.0,157
TMF,202603,2026-02-26 17:17:00,35839.0,35839.0,35816.0,35818.0,179
TMF,202603,2026-02-26 17:18:00,35818.0,35820.0,35803.0,35817.0,165
TMF,202603,2026-02-26 17:19:00,35816.0,35820.0,35814.0,35815.0,59
TMF,202603,2026-02-26 17:20:00,35817.0,35823.0,35814.0,35821.0,113
TMF,202603,2026-02-26 17:21:00,35821.0,35839.0,35821.0,35836.0,151
TMF,202603,2026-02-26 17:22:00,35837.0,35837.0,35825.0,35826.0,86
TMF,202603,2026-02-26 17:23:00,35828.0,35833.0,35827.0,35833.0,40
TMF,202603,2026-02-26 17:24:00,35832.0,35833.0,35826.0,35828.0,71
TMF,202603,2026-02-26 17:25:00,35826.0,35837.0,35826.0,35837.0,62
TMF,202603,2026-02-26 17:26:00,35836.0,35847.0,35834.0,35846.0,143
TMF,202603,2026-02-26 17:27:00,35847.0,35860.0,35842.0,35854.0,212
TMF,202603,2026-02-26 17:28:00,35856.0,35861.0,35852.0,35860.0,155
TMF,202603,2026-02-26 17:29:00,35860.0,35864.0,35857.0,35860.0,133
TMF,202603,2026-02-26 17:30:00,35859.0,35860.0,35852.0,35860.0,232
TMF,202603,2026-02-26 17:31:00,35860.0,35873.0,35859.0,35863.0,319
TMF,202603,2026-02-26 17:32:00,35861.0,35866.0,35855.0,35864.0,157
TMF,202603,2026-02-26 17:33:00,35863.0,35868.0,35860.0,35862.0,61
TMF,202603,2026-02-26 17:34:00,35862.0,35864.0,35854.0,35857.0,82
TMF,202603,2026-02-26 17:35:00,35855.0,35866.0,35848.0,35863.0,158
TMF,202603,2026-02-26 17:36:00,35861.0,35863.0,35855.0,35857.0,45
TMF,202603,2026-02-26 17:37:00,35857.0,35858.0,35851.0,35858.0,66
TMF,202603,2026-02-26 17:38:00,35859.0,35868.0,35859.0,35866.0,82
TMF,202603,2026-02-26 17:39:00,35866.0,35869.0,35863.0,35866.0,63
TMF,202603,2026-02-26 17:40:00,35865.0,35868.0,35863.0,35866.0,55
TMF,202603,2026-02-26 17:41:00,35864.0,35866.0,35863.0,35864.0,51
TMF,202603,2026-02-26 17:42:00,35864.0,35867.0,35863.0,35863.0,55
TMF,202603,2026-02-26 17:43:00,35862.0,35863.0,35855.0,35862.0,76
TMF,202603,2026-02-26 17:44:00,35863.0,35864.0,35856.0,35858.0,73
TMF,202603,2026-02-26 17:45:00,35858.0,35869.0,35857.0,35868.0,91
TMF,202603,2026-02-26 17:46:00,35868.0,35877.0,35865.0,35875.0,153
TMF,202603,2026-02-26 17:47:00,35874.0,35877.0,35870.0,35873.0,99
TMF,202603,2026-02-26 17:48:00,35874.0,35878.0,35871.0,35874.0,72
TMF,202603,2026-02-26 17:49:00,35873.0,35873.0,35866.0,35870.0,76
TMF,202603,2026-02-26 17:50:00,35870.0,35871.0,35860.0,35861.0,53
TMF,202603,2026-02-26 17:51:00,35860.0,35871.0,35859.0,35870.0,79
TMF,202603,2026-02-26 17:52:00,35871.0,35872.0,35862.0,35865.0,49
TMF,202603,2026-02-26 17:53:00,35865.0,35865.0,35851.0,35855.0,127
TMF,202603,2026-02-26 17:54:00,35856.0,35856.0,35842.0,35846.0,175
TMF,202603,2026-02-26 17:55:00,35845.0,35849.0,35836.0,35839.0,183
TMF,202603,2026-02-26 17:56:00,35839.0,35840.0,35832.0,35832.0,137
TMF,202603,2026-02-26 17:57:00,35833.0,35840.0,35827.0,35831.0,147
TMF,202603,2026-02-26 17:58:00,35831.0,35835.0,35828.0,35833.0,115
TMF,202603,2026-02-26 17:59:00,35832.0,35834.0,35829.0,35829.0,57
TMF,202603,2026-02-26 18:00:00,35830.0,35836.0,35821.0,35823.0,202
TMF,202603,2026-02-26 18:01:00,35825.0,35830.0,35823.0,35829.0,65
TMF,202603,2026-02-26 18:02:00,35829.0,35831.0,35822.0,35824.0,62
TMF,202603,2026-02-26 18:03:00,35824.0,35828.0,35822.0,35826.0,51
TMF,202603,2026-02-26 18:04:00,35826.0,35826.0,35821.0,35825.0,67
TMF,202603,2026-02-26 18:05:00,35824.0,35827.0,35809.0,35810.0,211
TMF,202603,2026-02-26 18:06:00,35810.0,35824.0,35809.0,35823.0,90
TMF,202603,2026-02-26 18:07:00,35825.0,35830.0,35824.0,35828.0,80
TMF,202603,2026-02-26 18:08:00,35827.0,35828.0,35820.0,35822.0,80
TMF,202603,2026-02-26 18:09:00,35821.0,35826.0,35818.0,35818.0,93
TMF,202603,2026-02-26 18:10:00,35818.0,35828.0,35816.0,35826.0,67
TMF,202603,2026-02-26 18:11:00,35825.0,35828.0,35819.0,35821.0,71
TMF,202603,2026-02-26 18:12:00,35821.0,35822.0,35813.0,35813.0,50
TMF,202603,2026-02-26 18:13:00,35817.0,35820.0,35814.0,35818.0,55
TMF,202603,2026-02-26 18:14:00,35820.0,35820.0,35811.0,35813.0,53
TMF,202603,2026-02-26 18:15:00,35812.0,35821.0,35812.0,35820.0,42
TMF,202603,2026-02-26 18:16:00,35818.0,35821.0,35805.0,35808.0,150
TMF,202603,2026-02-26 18:17:00,35806.0,35814.0,35806.0,35811.0,85
TMF,202603,2026-02-26 18:18:00,35811.0,35812.0,35790.0,35792.0,274
TMF,202603,2026-02-26 18:19:00,35792.0,35795.0,35782.0,35787.0,206
TMF,202603,2026-02-26 18:20:00,35789.0,35790.0,35770.0,35785.0,305
TMF,202603,2026-02-26 18:21:00,35788.0,35793.0,35783.0,35786.0,122
TMF,202603,2026-02-26 18:22:00,35788.0,35789.0,35776.0,35776.0,124
TMF,202603,2026-02-26 18:23:00,35776.0,35779.0,35773.0,35778.0,105
TMF,202603,2026-02-26 18:24:00,35776.0,35783.0,35771.0,35779.0,130
TMF,202603,2026-02-26 18:25:00,35778.0,35791.0,35777.0,35781.0,122
TMF,202603,2026-02-26 18:26:00,35780.0,35784.0,35778.0,35782.0,78
TMF,202603,2026-02-26 18:27:00,35782.0,35782.0,35766.0,35769.0,229
TMF,202603,2026-02-26 18:28:00,35770.0,35775.0,35769.0,35775.0,71
TMF,202603,2026-02-26 18:29:00,35775.0,35778.0,35772.0,35773.0,79
TMF,202603,2026-02-26 18:30:00,35772.0,35773.0,35756.0,35770.0,323
TMF,202603,2026-02-26 18:31:00,35771.0,35794.0,35770.0,35792.0,171
TMF,202603,2026-02-26 18:32:00,35792.0,35796.0,35784.0,35794.0,177
TMF,202603,2026-02-26 18:33:00,35795.0,35798.0,35791.0,35797.0,121
TMF,202603,2026-02-26 18:34:00,35796.0,35800.0,35795.0,35798.0,84
TMF,202603,2026-02-26 18:35:00,35797.0,35807.0,35790.0,35801.0,131
TMF,202603,2026-02-26 18:36:00,35799.0,35802.0,35794.0,35795.0,139
TMF,202603,2026-02-26 18:37:00,35796.0,35796.0,35788.0,35788.0,121
TMF,202603,2026-02-26 18:38:00,35789.0,35796.0,35784.0,35796.0,79
TMF,202603,2026-02-26 18:39:00,35796.0,35807.0,35794.0,35804.0,98
TMF,202603,2026-02-26 18:40:00,35803.0,35810.0,35799.0,35800.0,178
TMF,202603,2026-02-26 18:41:00,35803.0,35805.0,35798.0,35800.0,62
TMF,202603,2026-02-26 18:42:00,35798.0,35804.0,35793.0,35800.0,57
TMF,202603,2026-02-26 18:43:00,35798.0,35800.0,35794.0,35797.0,42
TMF,202603,2026-02-26 18:44:00,35796.0,35802.0,35792.0,35797.0,54
TMF,202603,2026-02-26 18:45:00,35796.0,35797.0,35792.0,35793.0,41
TMF,202603,2026-02-26 18:46:00,35793.0,35799.0,35792.0,35796.0,25
TMF,202603,2026-02-26 18:47:00,35797.0,35799.0,35796.0,35798.0,19
TMF,202603,2026-02-26 18:48:00,35799.0,35804.0,35795.0,35796.0,58
TMF,202603,2026-02-26 18:49:00,35797.0,35798.0,35794.0,35794.0,33
TMF,202603,2026-02-26 18:50:00,35793.0,35794.0,35777.0,35777.0,106
TMF,202603,2026-02-26 18:51:00,35776.0,35783.0,35775.0,35781.0,94
TMF,202603,2026-02-26 18:52:00,35780.0,35791.0,35778.0,35786.0,37
TMF,202603,2026-02-26 18:53:00,35786.0,35787.0,35782.0,35782.0,21
TMF,202603,2026-02-26 18:54:00,35785.0,35786.0,35777.0,35778.0,29
TMF,202603,2026-02-26 18:55:00,35777.0,35777.0,35755.0,35767.0,357
TMF,202603,2026-02-26 18:56:00,35768.0,35770.0,35761.0,35764.0,86
TMF,202603,2026-02-26 18:57:00,35763.0,35768.0,35732.0,35739.0,631
TMF,202603,2026-02-26 18:58:00,35739.0,35740.0,35712.0,35716.0,618
TMF,202603,2026-02-26 18:59:00,35718.0,35723.0,35702.0,35708.0,404
TMF,202603,2026-02-26 19:00:00,35713.0,35736.0,35705.0,35734.0,383
TMF,202603,2026-02-26 19:01:00,35734.0,35753.0,35733.0,35752.0,249
TMF,202603,2026-02-26 19:02:00,35748.0,35751.0,35733.0,35739.0,217
TMF,202603,2026-02-26 19:03:00,35739.0,35743.0,35720.0,35726.0,156
TMF,202603,2026-02-26 19:04:00,35727.0,35738.0,35724.0,35738.0,105
TMF,202603,2026-02-26 19:05:00,35740.0,35752.0,35736.0,35752.0,126
TMF,202603,2026-02-26 19:06:00,35753.0,35757.0,35742.0,35742.0,140
TMF,202603,2026-02-26 19:07:00,35742.0,35760.0,35742.0,35752.0,150
TMF,202603,2026-02-26 19:08:00,35753.0,35763.0,35753.0,35759.0,120
TMF,202603,2026-02-26 19:09:00,35762.0,35764.0,35756.0,35758.0,84
TMF,202603,2026-02-26 19:10:00,35757.0,35772.0,35757.0,35770.0,151
TMF,202603,2026-02-26 19:11:00,35771.0,35772.0,35751.0,35757.0,148
TMF,202603,2026-02-26 19:12:00,35757.0,35766.0,35755.0,35755.0,68
TMF,202603,2026-02-26 19:13:00,35758.0,35762.0,35755.0,35762.0,66
TMF,202603,2026-02-26 19:14:00,35763.0,35767.0,35758.0,35764.0,38
TMF,202603,2026-02-26 19:15:00,35764.0,35764.0,35755.0,35757.0,72
TMF,202603,2026-02-26 19:16:00,35757.0,35761.0,35755.0,35756.0,34
TMF,202603,2026-02-26 19:17:00,35756.0,35763.0,35754.0,35763.0,47
TMF,202603,2026-02-26 19:18:00,35763.0,35763.0,35745.0,35747.0,97
TMF,202603,2026-02-26 19:19:00,35747.0,35764.0,35746.0,35761.0,69
TMF,202603,2026-02-26 19:20:00,35762.0,35765.0,35755.0,35758.0,89
TMF,202603,2026-02-26 19:21:00,35760.0,35762.0,35747.0,35755.0,256
TMF,202603,2026-02-26 19:22:00,35753.0,35756.0,35740.0,35749.0,84
TMF,202603,2026-02-26 19:23:00,35750.0,35755.0,35745.0,35747.0,72
TMF,202603,2026-02-26 19:24:00,35746.0,35750.0,35741.0,35748.0,64
TMF,202603,2026-02-26 19:25:00,35748.0,35768.0,35748.0,35759.0,107
TMF,202603,2026-02-26 19:26:00,35756.0,35762.0,35753.0,35761.0,58
TMF,202603,2026-02-26 19:27:00,35763.0,35764.0,35755.0,35755.0,81
TMF,202603,2026-02-26 19:28:00,35754.0,35760.0,35750.0,35750.0,38
TMF,202603,2026-02-26 19:29:00,35750.0,35751.0,35742.0,35742.0,65
TMF,202603,2026-02-26 19:30:00,35743.0,35748.0,35738.0,35745.0,76
TMF,202603,2026-02-26 19:31:00,35745.0,35748.0,35743.0,35743.0,45
TMF,202603,2026-02-26 19:32:00,35743.0,35749.0,35743.0,35743.0,39
TMF,202603,2026-02-26 19:33:00,35743.0,35750.0,35742.0,35748.0,29
TMF,202603,2026-02-26 19:34:00,35750.0,35754.0,35750.0,35754.0,32
TMF,202603,2026-02-26 19:35:00,35755.0,35763.0,35753.0,35756.0,80
TMF,202603,2026-02-26 19:36:00,35759.0,35759.0,35752.0,35757.0,23
TMF,202603,2026-02-26 19:37:00,35755.0,35758.0,35751.0,35758.0,25
TMF,202603,2026-02-26 19:38:00,35759.0,35768.0,35758.0,35768.0,126
TMF,202603,2026-02-26 19:39:00,35767.0,35771.0,35762.0,35763.0,103
TMF,202603,2026-02-26 19:40:00,35763.0,35772.0,35762.0,35771.0,68
TMF,202603,2026-02-26 19:41:00,35771.0,35771.0,35762.0,35767.0,79
TMF,202603,2026-02-26 19:42:00,35766.0,35766.0,35753.0,35754.0,80
TMF,202603,2026-02-26 19:43:00,35756.0,35759.0,35752.0,35752.0,45
TMF,202603,2026-02-26 19:44:00,35755.0,35755.0,35746.0,35746.0,72
TMF,202603,2026-02-26 19:45:00,35749.0,35755.0,35744.0,35755.0,65
TMF,202603,2026-02-26 19:46:00,35754.0,35754.0,35741.0,35746.0,57
TMF,202603,2026-02-26 19:47:00,35746.0,35746.0,35740.0,35745.0,78
TMF,202603,2026-02-26 19:48:00,35744.0,35745.0,35740.0,35741.0,63
TMF,202603,2026-02-26 19:49:00,35741.0,35754.0,35740.0,35753.0,90
TMF,202603,2026-02-26 19:50:00,35752.0,35760.0,35749.0,35757.0,71
TMF,202603,2026-02-26 19:51:00,35757.0,35763.0,35753.0,35762.0,44
TMF,202603,2026-02-26 19:52:00,35761.0,35762.0,35757.0,35759.0,38
TMF,202603,2026-02-26 19:53:00,35758.0,35758.0,35751.0,35754.0,26
TMF,202603,2026-02-26 19:54:00,35755.0,35758.0,35738.0,35743.0,92
TMF,202603,2026-02-26 19:55:00,35745.0,35750.0,35744.0,35749.0,48
TMF,202603,2026-02-26 19:56:00,35748.0,35754.0,35748.0,35751.0,30
TMF,202603,2026-02-26 19:57:00,35751.0,35764.0,35750.0,35761.0,55
TMF,202603,2026-02-26 19:58:00,35760.0,35765.0,35757.0,35757.0,63
TMF,202603,2026-02-26 19:59:00,35752.0,35755.0,35742.0,35743.0,61
TMF,202603,2026-02-26 20:00:00,35745.0,35755.0,35743.0,35753.0,36
TMF,202603,2026-02-26 20:01:00,35752.0,35755.0,35744.0,35744.0,45
TMF,202603,2026-02-26 20:02:00,35743.0,35755.0,35736.0,35752.0,113
TMF,202603,2026-02-26 20:03:00,35753.0,35756.0,35748.0,35755.0,27
TMF,202603,2026-02-26 20:04:00,35756.0,35757.0,35749.0,35750.0,51
TMF,202603,2026-02-26 20:05:00,35753.0,35755.0,35742.0,35742.0,35
TMF,202603,2026-02-26 20:06:00,35742.0,35747.0,35740.0,35745.0,60
TMF,202603,2026-02-26 20:07:00,35746.0,35750.0,35746.0,35749.0,19
TMF,202603,2026-02-26 20:08:00,35749.0,35749.0,35747.0,35749.0,8
TMF,202603,2026-02-26 20:09:00,35749.0,35752.0,35740.0,35744.0,74
TMF,202603,2026-02-26 20:10:00,35745.0,35753.0,35744.0,35753.0,40
TMF,202603,2026-02-26 20:11:00,35752.0,35755.0,35749.0,35752.0,38
TMF,202603,2026-02-26 20:12:00,35750.0,35750.0,35747.0,35749.0,21
TMF,202603,2026-02-26 20:13:00,35746.0,35746.0,35742.0,35742.0,40
TMF,202603,2026-02-26 20:14:00,35745.0,35745.0,35741.0,35741.0,16
TMF,202603,2026-02-26 20:15:00,35741.0,35751.0,35741.0,35751.0,43
TMF,202603,2026-02-26 20:16:00,35751.0,35751.0,35747.0,35747.0,15
TMF,202603,2026-02-26 20:17:00,35748.0,35759.0,35748.0,35759.0,70
TMF,202603,2026-02-26 20:18:00,35760.0,35772.0,35759.0,35770.0,212
TMF,202603,2026-02-26 20:19:00,35770.0,35770.0,35745.0,35752.0,96
TMF,202603,2026-02-26 20:20:00,35751.0,35764.0,35751.0,35761.0,76
TMF,202603,2026-02-26 20:21:00,35760.0,35768.0,35757.0,35768.0,66
TMF,202603,2026-02-26 20:22:00,35768.0,35770.0,35765.0,35766.0,40
TMF,202603,2026-02-26 20:23:00,35765.0,35777.0,35765.0,35773.0,149
TMF,202603,2026-02-26 20:24:00,35773.0,35773.0,35766.0,35770.0,60
TMF,202603,2026-02-26 20:25:00,35769.0,35771.0,35764.0,35764.0,63
TMF,202603,2026-02-26 20:26:00,35765.0,35773.0,35759.0,35772.0,60
TMF,202603,2026-02-26 20:27:00,35769.0,35774.0,35769.0,35770.0,68
TMF,202603,2026-02-26 20:28:00,35769.0,35770.0,35765.0,35770.0,56
TMF,202603,2026-02-26 20:29:00,35768.0,35793.0,35767.0,35791.0,269
TMF,202603,2026-02-26 20:30:00,35791.0,35794.0,35782.0,35790.0,209
TMF,202603,2026-02-26 20:31:00,35791.0,35799.0,35786.0,35789.0,193
TMF,202603,2026-02-26 20:32:00,35788.0,35797.0,35787.0,35796.0,100
TMF,202603,2026-02-26 20:33:00,35797.0,35799.0,35790.0,35793.0,72
TMF,202603,2026-02-26 20:34:00,35793.0,35799.0,35790.0,35799.0,65
TMF,202603,2026-02-26 20:35:00,35798.0,35799.0,35782.0,35785.0,207
TMF,202603,2026-02-26 20:36:00,35783.0,35788.0,35775.0,35779.0,84
TMF,202603,2026-02-26 20:37:00,35777.0,35778.0,35755.0,35758.0,202
TMF,202603,2026-02-26 20:38:00,35758.0,35764.0,35756.0,35760.0,91
TMF,202603,2026-02-26 20:39:00,35759.0,35765.0,35759.0,35761.0,62
TMF,202603,2026-02-26 20:40:00,35764.0,35771.0,35762.0,35767.0,92
TMF,202603,2026-02-26 20:41:00,35769.0,35770.0,35760.0,35766.0,56
TMF,202603,2026-02-26 20:42:00,35764.0,35782.0,35764.0,35780.0,86
TMF,202603,2026-02-26 20:43:00,35780.0,35780.0,35771.0,35774.0,46
TMF,202603,2026-02-26 20:44:00,35774.0,35776.0,35772.0,35775.0,40
TMF,202603,2026-02-26 20:45:00,35773.0,35773.0,35745.0,35745.0,171
TMF,202603,2026-02-26 20:46:00,35747.0,35749.0,35734.0,35746.0,273
TMF,202603,2026-02-26 20:47:00,35745.0,35747.0,35734.0,35742.0,166
TMF,202603,2026-02-26 20:48:00,35745.0,35751.0,35744.0,35749.0,75
TMF,202603,2026-02-26 20:49:00,35749.0,35752.0,35745.0,35748.0,55
TMF,202603,2026-02-26 20:50:00,35746.0,35751.0,35735.0,35735.0,103
TMF,202603,2026-02-26 20:51:00,35734.0,35742.0,35727.0,35727.0,156
TMF,202603,2026-02-26 20:52:00,35730.0,35738.0,35724.0,35727.0,168
TMF,202603,2026-02-26 20:53:00,35727.0,35737.0,35725.0,35734.0,83
TMF,202603,2026-02-26 20:54:00,35732.0,35734.0,35731.0,35732.0,32
TMF,202603,2026-02-26 20:55:00,35732.0,35734.0,35726.0,35726.0,57
TMF,202603,2026-02-26 20:56:00,35725.0,35741.0,35725.0,35730.0,98
TMF,202603,2026-02-26 20:57:00,35730.0,35734.0,35716.0,35718.0,200
TMF,202603,2026-02-26 20:58:00,35717.0,35722.0,35715.0,35717.0,130
TMF,202603,2026-02-26 20:59:00,35716.0,35720.0,35711.0,35718.0,110
TMF,202603,2026-02-26 21:00:00,35717.0,35740.0,35714.0,35738.0,180
TMF,202603,2026-02-26 21:01:00,35737.0,35747.0,35732.0,35745.0,164
TMF,202603,2026-02-26 21:02:00,35746.0,35746.0,35735.0,35740.0,89
TMF,202603,2026-02-26 21:03:00,35740.0,35749.0,35738.0,35742.0,95
TMF,202603,2026-02-26 21:04:00,35740.0,35740.0,35725.0,35726.0,90
TMF,202603,2026-02-26 21:05:00,35725.0,35738.0,35725.0,35736.0,78
TMF,202603,2026-02-26 21:06:00,35736.0,35748.0,35734.0,35737.0,75
TMF,202603,2026-02-26 21:07:00,35741.0,35748.0,35741.0,35744.0,22
TMF,202603,2026-02-26 21:08:00,35744.0,35748.0,35737.0,35742.0,50
TMF,202603,2026-02-26 21:09:00,35745.0,35747.0,35735.0,35737.0,83
TMF,202603,2026-02-26 21:10:00,35738.0,35745.0,35737.0,35743.0,26
TMF,202603,2026-02-26 21:11:00,35744.0,35744.0,35734.0,35739.0,30
TMF,202603,2026-02-26 21:12:00,35741.0,35749.0,35740.0,35749.0,39
TMF,202603,2026-02-26 21:13:00,35750.0,35753.0,35745.0,35746.0,122
TMF,202603,2026-02-26 21:14:00,35745.0,35751.0,35744.0,35751.0,35
TMF,202603,2026-02-26 21:15:00,35751.0,35751.0,35742.0,35745.0,34
TMF,202603,2026-02-26 21:16:00,35747.0,35750.0,35744.0,35745.0,31
TMF,202603,2026-02-26 21:17:00,35746.0,35749.0,35743.0,35745.0,26
TMF,202603,2026-02-26 21:18:00,35748.0,35750.0,35732.0,35734.0,113
TMF,202603,2026-02-26 21:19:00,35737.0,35738.0,35727.0,35730.0,90
TMF,202603,2026-02-26 21:20:00,35734.0,35734.0,35727.0,35727.0,73
TMF,202603,2026-02-26 21:21:00,35729.0,35742.0,35727.0,35738.0,63
TMF,202603,2026-02-26 21:22:00,35737.0,35737.0,35732.0,35737.0,31
TMF,202603,2026-02-26 21:23:00,35737.0,35737.0,35729.0,35732.0,28
TMF,202603,2026-02-26 21:24:00,35731.0,35731.0,35728.0,35731.0,20
TMF,202603,2026-02-26 21:25:00,35733.0,35736.0,35728.0,35728.0,29
TMF,202603,2026-02-26 21:26:00,35729.0,35737.0,35728.0,35737.0,27
TMF,202603,2026-02-26 21:27:00,35737.0,35749.0,35737.0,35747.0,64
TMF,202603,2026-02-26 21:28:00,35745.0,35772.0,35745.0,35762.0,309
TMF,202603,2026-02-26 21:29:00,35762.0,35770.0,35761.0,35764.0,174
TMF,202603,2026-02-26 21:30:00,35765.0,35768.0,35754.0,35754.0,87
TMF,202603,2026-02-26 21:31:00,35754.0,35770.0,35753.0,35759.0,110
TMF,202603,2026-02-26 21:32:00,35757.0,35764.0,35753.0,35757.0,56
TMF,202603,2026-02-26 21:33:00,35758.0,35760.0,35755.0,35757.0,40
TMF,202603,2026-02-26 21:34:00,35759.0,35761.0,35742.0,35750.0,107
TMF,202603,2026-02-26 21:35:00,35748.0,35748.0,35732.0,35741.0,112
TMF,202603,2026-02-26 21:36:00,35741.0,35747.0,35741.0,35744.0,42
TMF,202603,2026-02-26 21:37:00,35743.0,35744.0,35736.0,35743.0,42
TMF,202603,2026-02-26 21:38:00,35742.0,35742.0,35736.0,35738.0,30
TMF,202603,2026-02-26 21:39:00,35736.0,35742.0,35732.0,35732.0,50
TMF,202603,2026-02-26 21:40:00,35732.0,35736.0,35726.0,35732.0,132
TMF,202603,2026-02-26 21:41:00,35730.0,35733.0,35727.0,35729.0,76
TMF,202603,2026-02-26 21:42:00,35730.0,35735.0,35722.0,35730.0,129
TMF,202603,2026-02-26 21:43:00,35729.0,35730.0,35725.0,35725.0,48
TMF,202603,2026-02-26 21:44:00,35723.0,35723.0,35705.0,35708.0,406
TMF,202603,2026-02-26 21:45:00,35708.0,35715.0,35705.0,35714.0,215
TMF,202603,2026-02-26 21:46:00,35713.0,35737.0,35713.0,35735.0,151
TMF,202603,2026-02-26 21:47:00,35735.0,35738.0,35729.0,35731.0,126
TMF,202603,2026-02-26 21:48:00,35736.0,35742.0,35730.0,35741.0,74
TMF,202603,2026-02-26 21:49:00,35740.0,35741.0,35728.0,35732.0,79
TMF,202603,2026-02-26 21:50:00,35731.0,35731.0,35717.0,35718.0,122
TMF,202603,2026-02-26 21:51:00,35717.0,35719.0,35709.0,35714.0,103
TMF,202603,2026-02-26 21:52:00,35713.0,35718.0,35681.0,35688.0,905
TMF,202603,2026-02-26 21:53:00,35690.0,35696.0,35680.0,35681.0,381
TMF,202603,2026-02-26 21:54:00,35681.0,35688.0,35666.0,35671.0,669
TMF,202603,2026-02-26 21:55:00,35672.0,35676.0,35656.0,35661.0,453
TMF,202603,2026-02-26 21:56:00,35660.0,35676.0,35654.0,35657.0,321
TMF,202603,2026-02-26 21:57:00,35657.0,35675.0,35656.0,35668.0,193
TMF,202603,2026-02-26 21:58:00,35668.0,35681.0,35668.0,35674.0,183
TMF,202603,2026-02-26 21:59:00,35673.0,35674.0,35656.0,35656.0,157
TMF,202603,2026-02-26 22:00:00,35656.0,35684.0,35637.0,35675.0,1208
TMF,202603,2026-02-26 22:01:00,35677.0,35685.0,35672.0,35683.0,218
TMF,202603,2026-02-26 22:02:00,35684.0,35700.0,35684.0,35700.0,278
TMF,202603,2026-02-26 22:03:00,35700.0,35700.0,35691.0,35691.0,140
TMF,202603,2026-02-26 22:04:00,35693.0,35695.0,35690.0,35692.0,143
TMF,202603,2026-02-26 22:05:00,35693.0,35695.0,35678.0,35683.0,163
TMF,202603,2026-02-26 22:06:00,35683.0,35686.0,35674.0,35674.0,131
TMF,202603,2026-02-26 22:07:00,35674.0,35686.0,35673.0,35678.0,137
TMF,202603,2026-02-26 22:08:00,35676.0,35676.0,35648.0,35655.0,333
TMF,202603,2026-02-26 22:09:00,35655.0,35660.0,35639.0,35639.0,243
TMF,202603,2026-02-26 22:10:00,35638.0,35646.0,35628.0,35639.0,756
TMF,202603,2026-02-26 22:11:00,35640.0,35667.0,35637.0,35659.0,272
TMF,202603,2026-02-26 22:12:00,35660.0,35667.0,35655.0,35664.0,148
TMF,202603,2026-02-26 22:13:00,35663.0,35665.0,35656.0,35658.0,97
TMF,202603,2026-02-26 22:14:00,35658.0,35669.0,35654.0,35664.0,160
TMF,202603,2026-02-26 22:15:00,35666.0,35675.0,35661.0,35673.0,196
TMF,202603,2026-02-26 22:16:00,35674.0,35675.0,35658.0,35664.0,175
TMF,202603,2026-02-26 22:17:00,35663.0,35675.0,35661.0,35670.0,116
TMF,202603,2026-02-26 22:18:00,35667.0,35670.0,35660.0,35669.0,70
TMF,202603,2026-02-26 22:19:00,35667.0,35684.0,35667.0,35681.0,155
TMF,202603,2026-02-26 22:20:00,35680.0,35682.0,35667.0,35669.0,116
TMF,202603,2026-02-26 22:21:00,35668.0,35669.0,35662.0,35662.0,113
TMF,202603,2026-02-26 22:22:00,35662.0,35670.0,35660.0,35666.0,74
TMF,202603,2026-02-26 22:23:00,35665.0,35667.0,35659.0,35660.0,62
TMF,202603,2026-02-26 22:24:00,35662.0,35667.0,35658.0,35661.0,58
TMF,202603,2026-02-26 22:25:00,35661.0,35670.0,35661.0,35666.0,68
TMF,202603,2026-02-26 22:26:00,35665.0,35665.0,35656.0,35659.0,88
TMF,202603,2026-02-26 22:27:00,35657.0,35657.0,35623.0,35635.0,510
TMF,202603,2026-02-26 22:28:00,35632.0,35643.0,35626.0,35642.0,254
TMF,202603,2026-02-26 22:29:00,35641.0,35646.0,35617.0,35618.0,250
TMF,202603,2026-02-26 22:30:00,35621.0,35627.0,35554.0,35556.0,2209
TMF,202603,2026-02-26 22:31:00,35561.0,35598.0,35523.0,35577.0,1899
TMF,202603,2026-02-26 22:32:00,35580.0,35586.0,35529.0,35531.0,827
TMF,202603,2026-02-26 22:33:00,35534.0,35560.0,35518.0,35529.0,1054
TMF,202603,2026-02-26 22:34:00,35526.0,35533.0,35506.0,35516.0,1146
TMF,202603,2026-02-26 22:35:00,35517.0,35563.0,35517.0,35543.0,894
TMF,202603,2026-02-26 22:36:00,35542.0,35544.0,35482.0,35500.0,1703
TMF,202603,2026-02-26 22:37:00,35497.0,35532.0,35495.0,35528.0,825
TMF,202603,2026-02-26 22:38:00,35529.0,35548.0,35503.0,35511.0,629
TMF,202603,2026-02-26 22:39:00,35513.0,35542.0,35506.0,35510.0,660
TMF,202603,2026-02-26 22:40:00,35509.0,35513.0,35462.0,35469.0,1642
TMF,202603,2026-02-26 22:41:00,35468.0,35491.0,35460.0,35470.0,987
TMF,202603,2026-02-26 22:42:00,35473.0,35498.0,35445.0,35451.0,1336
TMF,202603,2026-02-26 22:43:00,35450.0,35464.0,35422.0,35435.0,1240
TMF,202603,2026-02-26 22:44:00,35436.0,35446.0,35415.0,35431.0,1032
TMF,202603,2026-02-26 22:45:00,35430.0,35440.0,35371.0,35380.0,1971
TMF,202603,2026-02-26 22:46:00,35380.0,35445.0,35374.0,35441.0,1487
TMF,202603,2026-02-26 22:47:00,35440.0,35441.0,35388.0,35406.0,893
TMF,202603,2026-02-26 22:48:00,35405.0,35408.0,35364.0,35368.0,984
TMF,202603,2026-02-26 22:49:00,35368.0,35390.0,35359.0,35389.0,895
TMF,202603,2026-02-26 22:50:00,35386.0,35406.0,35360.0,35361.0,983
TMF,202603,2026-02-26 22:51:00,35360.0,35362.0,35306.0,35309.0,2504
TMF,202603,2026-02-26 22:52:00,35308.0,35314.0,35263.0,35263.0,2075
TMF,202603,2026-02-26 22:53:00,35265.0,35320.0,35258.0,35307.0,1280
TMF,202603,2026-02-26 22:54:00,35306.0,35314.0,35267.0,35312.0,954
TMF,202603,2026-02-26 22:55:00,35312.0,35337.0,35296.0,35296.0,1136
TMF,202603,2026-02-26 22:56:00,35299.0,35308.0,35272.0,35280.0,751
TMF,202603,2026-02-26 22:57:00,35278.0,35280.0,35246.0,35256.0,1336
TMF,202603,2026-02-26 22:58:00,35256.0,35268.0,35234.0,35257.0,1011
TMF,202603,2026-02-26 22:59:00,35258.0,35290.0,35249.0,35256.0,847
TMF,202603,2026-02-26 23:00:00,35259.0,35306.0,35244.0,35269.0,1206
TMF,202603,2026-02-26 23:01:00,35267.0,35281.0,35197.0,35230.0,2074
TMF,202603,2026-02-26 23:02:00,35230.0,35264.0,35220.0,35255.0,998
TMF,202603,2026-02-26 23:03:00,35254.0,35304.0,35248.0,35287.0,1435
TMF,202603,2026-02-26 23:04:00,35285.0,35324.0,35274.0,35308.0,1152
TMF,202603,2026-02-26 23:05:00,35309.0,35311.0,35265.0,35283.0,785
TMF,202603,2026-02-26 23:06:00,35282.0,35299.0,35267.0,35286.0,611
TMF,202603,2026-02-26 23:07:00,35285.0,35287.0,35264.0,35279.0,492
TMF,202603,2026-02-26 23:08:00,35275.0,35286.0,35265.0,35277.0,408
TMF,202603,2026-02-26 23:09:00,35278.0,35285.0,35228.0,35253.0,897
TMF,202603,2026-02-26 23:10:00,35253.0,35282.0,35251.0,35276.0,511
TMF,202603,2026-02-26 23:11:00,35270.0,35282.0,35247.0,35247.0,501
TMF,202603,2026-02-26 23:12:00,35247.0,35247.0,35154.0,35161.0,2459
TMF,202603,2026-02-26 23:13:00,35158.0,35169.0,35141.0,35155.0,1355
TMF,202603,2026-02-26 23:14:00,35156.0,35160.0,35101.0,35111.0,1738
TMF,202603,2026-02-26 23:15:00,35113.0,35113.0,35060.0,35090.0,2421
TMF,202603,2026-02-26 23:16:00,35087.0,35100.0,35034.0,35064.0,1814
TMF,202603,2026-02-26 23:17:00,35063.0,35098.0,35054.0,35076.0,1000
TMF,202603,2026-02-26 23:18:00,35081.0,35081.0,35047.0,35054.0,770
TMF,202603,2026-02-26 23:19:00,35058.0,35065.0,35017.0,35027.0,1279
TMF,202603,2026-02-26 23:20:00,35029.0,35045.0,34991.0,34992.0,2157
TMF,202603,2026-02-26 23:21:00,34991.0,35020.0,34945.0,34951.0,2184
TMF,202603,2026-02-26 23:22:00,34951.0,34963.0,34910.0,34938.0,1823
TMF,202603,2026-02-26 23:23:00,34936.0,34975.0,34918.0,34974.0,1323
TMF,202603,2026-02-26 23:24:00,34974.0,34977.0,34919.0,34940.0,1204
TMF,202603,2026-02-26 23:25:00,34939.0,34970.0,34927.0,34951.0,1080
TMF,202603,2026-02-26 23:26:00,34952.0,35058.0,34952.0,35035.0,2192
TMF,202603,2026-02-26 23:27:00,35035.0,35038.0,34930.0,34937.0,1384
TMF,202603,2026-02-26 23:28:00,34935.0,34983.0,34927.0,34960.0,1129
TMF,202603,2026-02-26 23:29:00,34960.0,34994.0,34949.0,34980.0,643
TMF,202603,2026-02-26 23:30:00,34976.0,35005.0,34958.0,34987.0,956
TMF,202603,2026-02-26 23:31:00,34985.0,35016.0,34967.0,35000.0,734
TMF,202603,2026-02-26 23:32:00,35001.0,35010.0,34970.0,34975.0,725
TMF,202603,2026-02-26 23:33:00,34975.0,35002.0,34970.0,34997.0,399
TMF,202603,2026-02-26 23:34:00,34993.0,34993.0,34946.0,34961.0,886
TMF,202603,2026-02-26 23:35:00,34962.0,35012.0,34958.0,35004.0,814
TMF,202603,2026-02-26 23:36:00,35003.0,35015.0,34977.0,35012.0,608
TMF,202603,2026-02-26 23:37:00,35010.0,35049.0,35000.0,35044.0,949
TMF,202603,2026-02-26 23:38:00,35049.0,35104.0,35032.0,35102.0,1456
TMF,202603,2026-02-26 23:39:00,35103.0,35108.0,35083.0,35107.0,1249
TMF,202603,2026-02-26 23:40:00,35107.0,35150.0,35107.0,35118.0,1805
TMF,202603,2026-02-26 23:41:00,35117.0,35126.0,35088.0,35116.0,982
TMF,202603,2026-02-26 23:42:00,35113.0,35124.0,35070.0,35087.0,962
TMF,202603,2026-02-26 23:43:00,35088.0,35128.0,35088.0,35120.0,558
TMF,202603,2026-02-26 23:44:00,35119.0,35123.0,35102.0,35109.0,350
TMF,202603,2026-02-26 23:45:00,35111.0,35150.0,35106.0,35146.0,743
TMF,202603,2026-02-26 23:46:00,35146.0,35166.0,35096.0,35103.0,1150
TMF,202603,2026-02-26 23:47:00,35103.0,35135.0,35099.0,35132.0,425
TMF,202603,2026-02-26 23:48:00,35133.0,35161.0,35124.0,35155.0,594
TMF,202603,2026-02-26 23:49:00,35157.0,35159.0,35136.0,35144.0,557
TMF,202603,2026-02-26 23:50:00,35141.0,35147.0,35122.0,35131.0,426
TMF,202603,2026-02-26 23:51:00,35133.0,35134.0,35116.0,35118.0,351
TMF,202603,2026-02-26 23:52:00,35119.0,35164.0,35117.0,35144.0,547
TMF,202603,2026-02-26 23:53:00,35147.0,35150.0,35123.0,35136.0,207
TMF,202603,2026-02-26 23:54:00,35133.0,35149.0,35128.0,35141.0,244
TMF,202603,2026-02-26 23:55:00,35143.0,35146.0,35118.0,35129.0,279
TMF,202603,2026-02-26 23:56:00,35126.0,35130.0,35088.0,35088.0,725
TMF,202603,2026-02-26 23:57:00,35089.0,35129.0,35088.0,35128.0,514
TMF,202603,2026-02-26 23:58:00,35128.0,35133.0,35121.0,35123.0,272
TMF,202603,2026-02-26 23:59:00,35123.0,35123.0,35091.0,35102.0,346
TMF,202603,2026-02-27 00:00:00,35104.0,35123.0,35096.0,35123.0,402
TMF,202603,2026-02-27 00:01:00,35122.0,35129.0,35104.0,35107.0,263
TMF,202603,2026-02-27 00:02:00,35105.0,35114.0,35088.0,35110.0,405
TMF,202603,2026-02-27 00:03:00,35113.0,35131.0,35102.0,35106.0,412
TMF,202603,2026-02-27 00:04:00,35109.0,35121.0,35103.0,35121.0,134
TMF,202603,2026-02-27 00:05:00,35117.0,35129.0,35108.0,35109.0,241
TMF,202603,2026-02-27 00:06:00,35108.0,35110.0,35059.0,35078.0,812
TMF,202603,2026-02-27 00:07:00,35079.0,35102.0,35069.0,35089.0,488
TMF,202603,2026-02-27 00:08:00,35088.0,35105.0,35078.0,35103.0,272
TMF,202603,2026-02-27 00:09:00,35104.0,35111.0,35087.0,35088.0,237
TMF,202603,2026-02-27 00:10:00,35092.0,35100.0,35078.0,35081.0,214
TMF,202603,2026-02-27 00:11:00,35083.0,35101.0,35080.0,35096.0,179
TMF,202603,2026-02-27 00:12:00,35097.0,35119.0,35097.0,35099.0,329
TMF,202603,2026-02-27 00:13:00,35100.0,35100.0,35082.0,35089.0,186
TMF,202603,2026-02-27 00:14:00,35090.0,35101.0,35081.0,35100.0,195
TMF,202603,2026-02-27 00:15:00,35097.0,35120.0,35096.0,35119.0,263
TMF,202603,2026-02-27 00:16:00,35120.0,35138.0,35110.0,35138.0,468
TMF,202603,2026-02-27 00:17:00,35138.0,35142.0,35118.0,35130.0,384
TMF,202603,2026-02-27 00:18:00,35130.0,35143.0,35126.0,35142.0,251
TMF,202603,2026-02-27 00:19:00,35140.0,35143.0,35125.0,35129.0,229
TMF,202603,2026-02-27 00:20:00,35129.0,35140.0,35123.0,35140.0,188
TMF,202603,2026-02-27 00:21:00,35140.0,35155.0,35136.0,35145.0,440
TMF,202603,2026-02-27 00:22:00,35144.0,35199.0,35144.0,35199.0,1339
TMF,202603,2026-02-27 00:23:00,35198.0,35199.0,35174.0,35183.0,469
TMF,202603,2026-02-27 00:24:00,35182.0,35215.0,35178.0,35213.0,660
TMF,202603,2026-02-27 00:25:00,35215.0,35240.0,35193.0,35240.0,986
TMF,202603,2026-02-27 00:26:00,35239.0,35244.0,35213.0,35224.0,670
TMF,202603,2026-02-27 00:27:00,35221.0,35222.0,35190.0,35200.0,454
TMF,202603,2026-02-27 00:28:00,35202.0,35209.0,35199.0,35205.0,204
TMF,202603,2026-02-27 00:29:00,35206.0,35206.0,35165.0,35174.0,539
TMF,202603,2026-02-27 00:30:00,35172.0,35190.0,35169.0,35185.0,367
TMF,202603,2026-02-27 00:31:00,35187.0,35187.0,35155.0,35161.0,308
TMF,202603,2026-02-27 00:32:00,35162.0,35186.0,35161.0,35180.0,194
TMF,202603,2026-02-27 00:33:00,35179.0,35183.0,35168.0,35178.0,130
TMF,202603,2026-02-27 00:34:00,35178.0,35178.0,35167.0,35174.0,99
TMF,202603,2026-02-27 00:35:00,35178.0,35185.0,35170.0,35172.0,161
TMF,202603,2026-02-27 00:36:00,35170.0,35170.0,35118.0,35119.0,663
TMF,202603,2026-02-27 00:37:00,35121.0,35129.0,35102.0,35104.0,557
TMF,202603,2026-02-27 00:38:00,35102.0,35113.0,35085.0,35110.0,623
TMF,202603,2026-02-27 00:39:00,35110.0,35115.0,35101.0,35114.0,230
TMF,202603,2026-02-27 00:40:00,35113.0,35118.0,35098.0,35111.0,270
TMF,202603,2026-02-27 00:41:00,35111.0,35130.0,35110.0,35121.0,243
TMF,202603,2026-02-27 00:42:00,35118.0,35120.0,35107.0,35112.0,116
TMF,202603,2026-02-27 00:43:00,35110.0,35110.0,35081.0,35087.0,370
TMF,202603,2026-02-27 00:44:00,35086.0,35088.0,35025.0,35032.0,1260
TMF,202603,2026-02-27 00:45:00,35035.0,35049.0,35018.0,35022.0,587
TMF,202603,2026-02-27 00:46:00,35021.0,35031.0,34995.0,35017.0,1073
TMF,202603,2026-02-27 00:47:00,35011.0,35061.0,35009.0,35038.0,555
TMF,202603,2026-02-27 00:48:00,35037.0,35059.0,35023.0,35055.0,388
TMF,202603,2026-02-27 00:49:00,35056.0,35060.0,35042.0,35046.0,506
TMF,202603,2026-02-27 00:50:00,35047.0,35062.0,35024.0,35026.0,366
TMF,202603,2026-02-27 00:51:00,35023.0,35042.0,35019.0,35024.0,286
TMF,202603,2026-02-27 00:52:00,35025.0,35034.0,35008.0,35008.0,250
TMF,202603,2026-02-27 00:53:00,35008.0,35016.0,34984.0,35000.0,569
TMF,202603,2026-02-27 00:54:00,35001.0,35005.0,34976.0,34977.0,459
TMF,202603,2026-02-27 00:55:00,34978.0,34989.0,34975.0,34978.0,337
TMF,202603,2026-02-27 00:56:00,34981.0,35005.0,34975.0,34978.0,369
TMF,202603,2026-02-27 00:57:00,34975.0,34979.0,34956.0,34956.0,476
TMF,202603,2026-02-27 00:58:00,34958.0,34975.0,34946.0,34964.0,505
TMF,202603,2026-02-27 00:59:00,34960.0,34978.0,34958.0,34968.0,209
TMF,202603,2026-02-27 01:00:00,34969.0,35015.0,34969.0,35002.0,695
TMF,202603,2026-02-27 01:01:00,35003.0,35024.0,34995.0,35008.0,523
TMF,202603,2026-02-27 01:02:00,35006.0,35025.0,35001.0,35009.0,277
TMF,202603,2026-02-27 01:03:00,35012.0,35043.0,35012.0,35039.0,339
TMF,202603,2026-02-27 01:04:00,35035.0,35053.0,35031.0,35046.0,281
TMF,202603,2026-02-27 01:05:00,35046.0,35078.0,35043.0,35078.0,570
TMF,202603,2026-02-27 01:06:00,35073.0,35088.0,35062.0,35065.0,390
TMF,202603,2026-02-27 01:07:00,35065.0,35079.0,35057.0,35077.0,258
TMF,202603,2026-02-27 01:08:00,35076.0,35078.0,35060.0,35065.0,173
TMF,202603,2026-02-27 01:09:00,35063.0,35067.0,35022.0,35023.0,375
TMF,202603,2026-02-27 01:10:00,35024.0,35052.0,35022.0,35040.0,186
TMF,202603,2026-02-27 01:11:00,35039.0,35059.0,35034.0,35052.0,198
TMF,202603,2026-02-27 01:12:00,35056.0,35064.0,35044.0,35064.0,129
TMF,202603,2026-02-27 01:13:00,35061.0,35064.0,35041.0,35042.0,142
TMF,202603,2026-02-27 01:14:00,35044.0,35049.0,35001.0,35001.0,323
TMF,202603,2026-02-27 01:15:00,35001.0,35016.0,35000.0,35001.0,274
TMF,202603,2026-02-27 01:16:00,35001.0,35014.0,34998.0,35008.0,204
TMF,202603,2026-02-27 01:17:00,35006.0,35028.0,35005.0,35028.0,142
TMF,202603,2026-02-27 01:18:00,35029.0,35050.0,35018.0,35040.0,199
TMF,202603,2026-02-27 01:19:00,35041.0,35058.0,35038.0,35043.0,209
TMF,202603,2026-02-27 01:20:00,35041.0,35041.0,35030.0,35038.0,113
TMF,202603,2026-02-27 01:21:00,35036.0,35042.0,35023.0,35026.0,113
TMF,202603,2026-02-27 01:22:00,35027.0,35039.0,35014.0,35016.0,129
TMF,202603,2026-02-27 01:23:00,35019.0,35019.0,35006.0,35009.0,197
TMF,202603,2026-02-27 01:24:00,35010.0,35033.0,35010.0,35031.0,91
TMF,202603,2026-02-27 01:25:00,35030.0,35037.0,35024.0,35030.0,112
TMF,202603,2026-02-27 01:26:00,35026.0,35042.0,35024.0,35032.0,91
TMF,202603,2026-02-27 01:27:00,35030.0,35037.0,35029.0,35032.0,36
TMF,202603,2026-02-27 01:28:00,35035.0,35035.0,35020.0,35020.0,76
TMF,202603,2026-02-27 01:29:00,35023.0,35029.0,35020.0,35023.0,54
TMF,202603,2026-02-27 01:30:00,35022.0,35029.0,35010.0,35016.0,141
TMF,202603,2026-02-27 01:31:00,35016.0,35038.0,35016.0,35038.0,105
TMF,202603,2026-02-27 01:32:00,35038.0,35074.0,35038.0,35071.0,279
TMF,202603,2026-02-27 01:33:00,35071.0,35093.0,35068.0,35089.0,429
TMF,202603,2026-02-27 01:34:00,35086.0,35095.0,35076.0,35077.0,232
TMF,202603,2026-02-27 01:35:00,35078.0,35080.0,35049.0,35050.0,219
TMF,202603,2026-02-27 01:36:00,35053.0,35053.0,35020.0,35027.0,217
TMF,202603,2026-02-27 01:37:00,35030.0,35031.0,35004.0,35005.0,261
TMF,202603,2026-02-27 01:38:00,35005.0,35025.0,35005.0,35018.0,142
TMF,202603,2026-02-27 01:39:00,35018.0,35033.0,35017.0,35023.0,114
TMF,202603,2026-02-27 01:40:00,35028.0,35047.0,35026.0,35035.0,128
TMF,202603,2026-02-27 01:41:00,35036.0,35041.0,35012.0,35013.0,128
TMF,202603,2026-02-27 01:42:00,35014.0,35022.0,35013.0,35020.0,88
TMF,202603,2026-02-27 01:43:00,35021.0,35021.0,35005.0,35013.0,144
TMF,202603,2026-02-27 01:44:00,35013.0,35015.0,35000.0,35010.0,173
TMF,202603,2026-02-27 01:45:00,35010.0,35015.0,34995.0,35011.0,206
TMF,202603,2026-02-27 01:46:00,35007.0,35011.0,34996.0,35001.0,100
TMF,202603,2026-02-27 01:47:00,35004.0,35019.0,34998.0,35000.0,141
TMF,202603,2026-02-27 01:48:00,35001.0,35010.0,34998.0,35003.0,72
TMF,202603,2026-02-27 01:49:00,35000.0,35001.0,34973.0,34982.0,363
TMF,202603,2026-02-27 01:50:00,34983.0,34993.0,34968.0,34985.0,290
TMF,202603,2026-02-27 01:51:00,34988.0,35008.0,34981.0,35007.0,170
TMF,202603,2026-02-27 01:52:00,35008.0,35034.0,35005.0,35033.0,217
TMF,202603,2026-02-27 01:53:00,35032.0,35033.0,35020.0,35028.0,134
TMF,202603,2026-02-27 01:54:00,35027.0,35045.0,35024.0,35039.0,189
TMF,202603,2026-02-27 01:55:00,35036.0,35036.0,35007.0,35013.0,158
TMF,202603,2026-02-27 01:56:00,35011.0,35018.0,35006.0,35007.0,75
TMF,202603,2026-02-27 01:57:00,35007.0,35009.0,35001.0,35003.0,57
TMF,202603,2026-02-27 01:58:00,35002.0,35009.0,35000.0,35006.0,77
TMF,202603,2026-02-27 01:59:00,35006.0,35018.0,35006.0,35008.0,102
TMF,202603,2026-02-27 02:00:00,35009.0,35015.0,34995.0,34997.0,130
TMF,202603,2026-02-27 02:01:00,34997.0,35002.0,34985.0,34995.0,114
TMF,202603,2026-02-27 02:02:00,34995.0,35013.0,34990.0,34998.0,77
TMF,202603,2026-02-27 02:03:00,34995.0,34996.0,34983.0,34988.0,113
TMF,202603,2026-02-27 02:04:00,34987.0,35002.0,34987.0,34999.0,88
TMF,202603,2026-02-27 02:05:00,34998.0,35010.0,34995.0,34995.0,99
TMF,202603,2026-02-27 02:06:00,34994.0,35001.0,34987.0,34987.0,73
TMF,202603,2026-02-27 02:07:00,34987.0,34995.0,34982.0,34989.0,57
TMF,202603,2026-02-27 02:08:00,34986.0,34992.0,34963.0,34990.0,326
TMF,202603,2026-02-27 02:09:00,34992.0,34994.0,34975.0,34991.0,158
TMF,202603,2026-02-27 02:10:00,34991.0,35018.0,34991.0,35014.0,185
TMF,202603,2026-02-27 02:11:00,35011.0,35030.0,34996.0,35026.0,250
TMF,202603,2026-02-27 02:12:00,35023.0,35025.0,35006.0,35011.0,105
TMF,202603,2026-02-27 02:13:00,35012.0,35026.0,35009.0,35021.0,126
TMF,202603,2026-02-27 02:14:00,35023.0,35025.0,35016.0,35023.0,65
TMF,202603,2026-02-27 02:15:00,35017.0,35019.0,35004.0,35009.0,69
TMF,202603,2026-02-27 02:16:00,35009.0,35011.0,34996.0,35009.0,67
TMF,202603,2026-02-27 02:17:00,35009.0,35044.0,35009.0,35041.0,206
TMF,202603,2026-02-27 02:18:00,35038.0,35053.0,35038.0,35047.0,199
TMF,202603,2026-02-27 02:19:00,35046.0,35055.0,35042.0,35053.0,98
TMF,202603,2026-02-27 02:20:00,35052.0,35052.0,35036.0,35040.0,109
TMF,202603,2026-02-27 02:21:00,35042.0,35046.0,35015.0,35017.0,126
TMF,202603,2026-02-27 02:22:00,35016.0,35031.0,35016.0,35030.0,53
TMF,202603,2026-02-27 02:23:00,35032.0,35032.0,35014.0,35019.0,83
TMF,202603,2026-02-27 02:24:00,35023.0,35044.0,35023.0,35042.0,33
TMF,202603,2026-02-27 02:25:00,35042.0,35045.0,35035.0,35041.0,84
TMF,202603,2026-02-27 02:26:00,35041.0,35050.0,35040.0,35048.0,81
TMF,202603,2026-02-27 02:27:00,35050.0,35050.0,35037.0,35041.0,47
TMF,202603,2026-02-27 02:28:00,35039.0,35042.0,35033.0,35033.0,42
TMF,202603,2026-02-27 02:29:00,35035.0,35038.0,35028.0,35029.0,32
TMF,202603,2026-02-27 02:30:00,35028.0,35032.0,35022.0,35029.0,94
TMF,202603,2026-02-27 02:31:00,35027.0,35037.0,35016.0,35036.0,157
TMF,202603,2026-02-27 02:32:00,35037.0,35043.0,35034.0,35042.0,41
TMF,202603,2026-02-27 02:33:00,35043.0,35075.0,35040.0,35072.0,285
TMF,202603,2026-02-27 02:34:00,35070.0,35116.0,35067.0,35110.0,631
TMF,202603,2026-02-27 02:35:00,35112.0,35118.0,35093.0,35100.0,218
TMF,202603,2026-02-27 02:36:00,35102.0,35155.0,35100.0,35153.0,587
TMF,202603,2026-02-27 02:37:00,35153.0,35153.0,35123.0,35137.0,263
TMF,202603,2026-02-27 02:38:00,35137.0,35156.0,35121.0,35150.0,235
TMF,202603,2026-02-27 02:39:00,35150.0,35171.0,35150.0,35162.0,328
TMF,202603,2026-02-27 02:40:00,35163.0,35164.0,35140.0,35144.0,168
TMF,202603,2026-02-27 02:41:00,35143.0,35153.0,35142.0,35148.0,135
TMF,202603,2026-02-27 02:42:00,35146.0,35146.0,35122.0,35124.0,176
TMF,202603,2026-02-27 02:43:00,35126.0,35150.0,35126.0,35144.0,144
TMF,202603,2026-02-27 02:44:00,35143.0,35143.0,35112.0,35113.0,182
TMF,202603,2026-02-27 02:45:00,35115.0,35150.0,35114.0,35148.0,173
TMF,202603,2026-02-27 02:46:00,35145.0,35147.0,35124.0,35124.0,97
TMF,202603,2026-02-27 02:47:00,35127.0,35128.0,35116.0,35117.0,88
TMF,202603,2026-02-27 02:48:00,35120.0,35120.0,35079.0,35088.0,263
TMF,202603,2026-02-27 02:49:00,35089.0,35105.0,35075.0,35104.0,167
TMF,202603,2026-02-27 02:50:00,35104.0,35109.0,35088.0,35088.0,90
TMF,202603,2026-02-27 02:51:00,35089.0,35100.0,35082.0,35091.0,114
TMF,202603,2026-02-27 02:52:00,35093.0,35116.0,35093.0,35107.0,116
TMF,202603,2026-02-27 02:53:00,35110.0,35120.0,35109.0,35110.0,122
TMF,202603,2026-02-27 02:54:00,35111.0,35117.0,35105.0,35109.0,52
TMF,202603,2026-02-27 02:55:00,35108.0,35112.0,35096.0,35103.0,96
TMF,202603,2026-02-27 02:56:00,35106.0,35123.0,35100.0,35121.0,70
TMF,202603,2026-02-27 02:57:00,35120.0,35120.0,35110.0,35116.0,38
TMF,202603,2026-02-27 02:58:00,35116.0,35120.0,35112.0,35116.0,46
TMF,202603,2026-02-27 02:59:00,35116.0,35119.0,35113.0,35118.0,36
TMF,202603,2026-02-27 03:00:00,35120.0,35120.0,35104.0,35115.0,88
TMF,202603,2026-02-27 03:01:00,35117.0,35125.0,35115.0,35120.0,80
TMF,202603,2026-02-27 03:02:00,35123.0,35130.0,35117.0,35124.0,75
TMF,202603,2026-02-27 03:03:00,35125.0,35145.0,35125.0,35142.0,115
TMF,202603,2026-02-27 03:04:00,35142.0,35149.0,35136.0,35146.0,111
TMF,202603,2026-02-27 03:05:00,35144.0,35147.0,35135.0,35141.0,85
TMF,202603,2026-02-27 03:06:00,35142.0,35143.0,35136.0,35143.0,31
TMF,202603,2026-02-27 03:07:00,35141.0,35143.0,35135.0,35142.0,48
TMF,202603,2026-02-27 03:08:00,35140.0,35146.0,35140.0,35145.0,109
TMF,202603,2026-02-27 03:09:00,35145.0,35151.0,35140.0,35151.0,94
TMF,202603,2026-02-27 03:10:00,35149.0,35178.0,35146.0,35172.0,223
TMF,202603,2026-02-27 03:11:00,35169.0,35177.0,35156.0,35163.0,158
TMF,202603,2026-02-27 03:12:00,35162.0,35166.0,35154.0,35166.0,58
TMF,202603,2026-02-27 03:13:00,35164.0,35178.0,35159.0,35178.0,118
TMF,202603,2026-02-27 03:14:00,35178.0,35178.0,35168.0,35175.0,115
TMF,202603,2026-02-27 03:15:00,35176.0,35181.0,35171.0,35177.0,110
TMF,202603,2026-02-27 03:16:00,35178.0,35191.0,35172.0,35175.0,195
TMF,202603,2026-02-27 03:17:00,35173.0,35184.0,35173.0,35178.0,89
TMF,202603,2026-02-27 03:18:00,35176.0,35192.0,35165.0,35169.0,195
TMF,202603,2026-02-27 03:19:00,35170.0,35170.0,35157.0,35161.0,122
TMF,202603,2026-02-27 03:20:00,35164.0,35174.0,35164.0,35173.0,43
TMF,202603,2026-02-27 03:21:00,35173.0,35175.0,35165.0,35168.0,66
TMF,202603,2026-02-27 03:22:00,35171.0,35172.0,35161.0,35167.0,59
TMF,202603,2026-02-27 03:23:00,35168.0,35170.0,35167.0,35170.0,27
TMF,202603,2026-02-27 03:24:00,35169.0,35182.0,35168.0,35181.0,82
TMF,202603,2026-02-27 03:25:00,35179.0,35179.0,35165.0,35165.0,55
TMF,202603,2026-02-27 03:26:00,35163.0,35164.0,35147.0,35162.0,148
TMF,202603,2026-02-27 03:27:00,35160.0,35160.0,35146.0,35147.0,79
TMF,202603,2026-02-27 03:28:00,35145.0,35149.0,35132.0,35145.0,145
TMF,202603,2026-02-27 03:29:00,35147.0,35150.0,35134.0,35142.0,116
TMF,202603,2026-02-27 03:30:00,35146.0,35149.0,35136.0,35142.0,44
TMF,202603,2026-02-27 03:31:00,35145.0,35153.0,35143.0,35153.0,83
TMF,202603,2026-02-27 03:32:00,35153.0,35165.0,35153.0,35159.0,86
TMF,202603,2026-02-27 03:33:00,35160.0,35161.0,35155.0,35161.0,41
TMF,202603,2026-02-27 03:34:00,35160.0,35170.0,35159.0,35170.0,66
TMF,202603,2026-02-27 03:35:00,35169.0,35169.0,35159.0,35161.0,44
TMF,202603,2026-02-27 03:36:00,35163.0,35166.0,35149.0,35154.0,57
TMF,202603,2026-02-27 03:37:00,35156.0,35156.0,35150.0,35153.0,20
TMF,202603,2026-02-27 03:38:00,35153.0,35153.0,35138.0,35140.0,50
TMF,202603,2026-02-27 03:39:00,35139.0,35142.0,35137.0,35141.0,51
TMF,202603,2026-02-27 03:40:00,35143.0,35149.0,35137.0,35149.0,39
TMF,202603,2026-02-27 03:41:00,35149.0,35149.0,35145.0,35148.0,14
TMF,202603,2026-02-27 03:42:00,35149.0,35157.0,35149.0,35152.0,46
TMF,202603,2026-02-27 03:43:00,35153.0,35153.0,35147.0,35151.0,14
TMF,202603,2026-02-27 03:44:00,35149.0,35155.0,35149.0,35152.0,32
TMF,202603,2026-02-27 03:45:00,35154.0,35165.0,35151.0,35164.0,65
TMF,202603,2026-02-27 03:46:00,35165.0,35169.0,35165.0,35168.0,36
TMF,202603,2026-02-27 03:47:00,35169.0,35184.0,35169.0,35184.0,103
TMF,202603,2026-02-27 03:48:00,35184.0,35187.0,35170.0,35170.0,60
TMF,202603,2026-02-27 03:49:00,35170.0,35171.0,35162.0,35164.0,33
TMF,202603,2026-02-27 03:50:00,35164.0,35165.0,35148.0,35152.0,81
TMF,202603,2026-02-27 03:51:00,35151.0,35159.0,35151.0,35159.0,36
TMF,202603,2026-02-27 03:52:00,35164.0,35167.0,35162.0,35165.0,19
TMF,202603,2026-02-27 03:53:00,35165.0,35174.0,35165.0,35167.0,34
TMF,202603,2026-02-27 03:54:00,35165.0,35169.0,35164.0,35169.0,18
TMF,202603,2026-02-27 03:55:00,35170.0,35186.0,35169.0,35184.0,73
TMF,202603,2026-02-27 03:56:00,35183.0,35185.0,35175.0,35176.0,28
TMF,202603,2026-02-27 03:57:00,35175.0,35180.0,35172.0,35176.0,23
TMF,202603,2026-02-27 03:58:00,35175.0,35175.0,35158.0,35160.0,44
TMF,202603,2026-02-27 03:59:00,35157.0,35160.0,35153.0,35155.0,54
TMF,202603,2026-02-27 04:00:00,35153.0,35155.0,35140.0,35154.0,130
TMF,202603,2026-02-27 04:01:00,35154.0,35159.0,35150.0,35159.0,62
TMF,202603,2026-02-27 04:02:00,35160.0,35168.0,35158.0,35165.0,64
TMF,202603,2026-02-27 04:03:00,35165.0,35180.0,35162.0,35175.0,65
TMF,202603,2026-02-27 04:04:00,35174.0,35179.0,35169.0,35178.0,37
TMF,202603,2026-02-27 04:05:00,35177.0,35182.0,35172.0,35180.0,44
TMF,202603,2026-02-27 04:06:00,35181.0,35189.0,35178.0,35179.0,83
TMF,202603,2026-02-27 04:07:00,35183.0,35185.0,35168.0,35169.0,33
TMF,202603,2026-02-27 04:08:00,35169.0,35169.0,35157.0,35160.0,47
TMF,202603,2026-02-27 04:09:00,35160.0,35160.0,35145.0,35145.0,46
TMF,202603,2026-02-27 04:10:00,35148.0,35150.0,35137.0,35150.0,87
TMF,202603,2026-02-27 04:11:00,35150.0,35159.0,35143.0,35145.0,25
TMF,202603,2026-02-27 04:12:00,35144.0,35147.0,35143.0,35144.0,26
TMF,202603,2026-02-27 04:13:00,35142.0,35145.0,35134.0,35136.0,58
TMF,202603,2026-02-27 04:14:00,35138.0,35142.0,35125.0,35126.0,99
TMF,202603,2026-02-27 04:15:00,35128.0,35132.0,35114.0,35114.0,211
TMF,202603,2026-02-27 04:16:00,35114.0,35123.0,35111.0,35119.0,92
TMF,202603,2026-02-27 04:17:00,35125.0,35133.0,35125.0,35130.0,29
TMF,202603,2026-02-27 04:18:00,35130.0,35141.0,35129.0,35141.0,36
TMF,202603,2026-02-27 04:19:00,35143.0,35148.0,35137.0,35140.0,58
TMF,202603,2026-02-27 04:20:00,35142.0,35147.0,35140.0,35140.0,39
TMF,202603,2026-02-27 04:21:00,35136.0,35136.0,35127.0,35130.0,48
TMF,202603,2026-02-27 04:22:00,35135.0,35136.0,35131.0,35135.0,7
TMF,202603,2026-02-27 04:23:00,35132.0,35132.0,35118.0,35118.0,50
TMF,202603,2026-02-27 04:24:00,35119.0,35123.0,35115.0,35120.0,47
TMF,202603,2026-02-27 04:25:00,35121.0,35125.0,35112.0,35112.0,59
TMF,202603,2026-02-27 04:26:00,35121.0,35125.0,35118.0,35123.0,34
TMF,202603,2026-02-27 04:27:00,35121.0,35122.0,35113.0,35114.0,29
TMF,202603,2026-02-27 04:28:00,35120.0,35121.0,35106.0,35106.0,64
TMF,202603,2026-02-27 04:29:00,35105.0,35105.0,35096.0,35100.0,117
TMF,202603,2026-02-27 04:30:00,35104.0,35119.0,35100.0,35118.0,66
TMF,202603,2026-02-27 04:31:00,35115.0,35128.0,35115.0,35128.0,61
TMF,202603,2026-02-27 04:32:00,35128.0,35138.0,35128.0,35138.0,43
TMF,202603,2026-02-27 04:33:00,35140.0,35143.0,35137.0,35143.0,43
TMF,202603,2026-02-27 04:34:00,35140.0,35151.0,35137.0,35151.0,67
TMF,202603,2026-02-27 04:35:00,35149.0,35153.0,35144.0,35150.0,95
TMF,202603,2026-02-27 04:36:00,35150.0,35153.0,35146.0,35149.0,58
TMF,202603,2026-02-27 04:37:00,35145.0,35145.0,35128.0,35128.0,40
TMF,202603,2026-02-27 04:38:00,35130.0,35143.0,35129.0,35140.0,33
TMF,202603,2026-02-27 04:39:00,35141.0,35145.0,35140.0,35145.0,19
TMF,202603,2026-02-27 04:40:00,35142.0,35143.0,35136.0,35136.0,12
TMF,202603,2026-02-27 04:41:00,35135.0,35140.0,35131.0,35131.0,25
TMF,202603,2026-02-27 04:42:00,35131.0,35137.0,35129.0,35136.0,52
TMF,202603,2026-02-27 04:43:00,35136.0,35137.0,35126.0,35126.0,43
TMF,202603,2026-02-27 04:44:00,35126.0,35142.0,35126.0,35142.0,30
TMF,202603,2026-02-27 04:45:00,35143.0,35145.0,35139.0,35141.0,30
TMF,202603,2026-02-27 04:46:00,35140.0,35140.0,35124.0,35128.0,31
TMF,202603,2026-02-27 04:47:00,35129.0,35130.0,35121.0,35122.0,41
TMF,202603,2026-02-27 04:48:00,35120.0,35122.0,35117.0,35122.0,68
TMF,202603,2026-02-27 04:49:00,35120.0,35126.0,35120.0,35126.0,51
TMF,202603,2026-02-27 04:50:00,35128.0,35135.0,35120.0,35122.0,107
TMF,202603,2026-02-27 04:51:00,35122.0,35126.0,35111.0,35119.0,142
TMF,202603,2026-02-27 04:52:00,35118.0,35118.0,35106.0,35112.0,107
TMF,202603,2026-02-27 04:53:00,35114.0,35116.0,35106.0,35110.0,49
TMF,202603,2026-02-27 04:54:00,35112.0,35121.0,35112.0,35121.0,116
TMF,202603,2026-02-27 04:55:00,35119.0,35129.0,35112.0,35127.0,203
TMF,202603,2026-02-27 04:56:00,35119.0,35121.0,35111.0,35111.0,37
TMF,202603,2026-02-27 04:57:00,35111.0,35113.0,35108.0,35108.0,62
TMF,202603,2026-02-27 04:58:00,35110.0,35111.0,35101.0,35101.0,77
TMF,202603,2026-02-27 04:59:00,35104.0,35105.0,35090.0,35090.0,210
TMF,202603/202604,2026-02-26 15:06:00,93.0,93.0,93.0,93.0,2
TMF,202603/202604,2026-02-26 15:47:00,100.0,101.0,100.0,101.0,48
TMF,202603/202604,2026-02-26 16:07:00,92.0,92.0,92.0,92.0,54
TMF,202603/202604,2026-02-26 23:24:00,110.0,110.0,110.0,110.0,2
TMF,202603/202604,2026-02-26 23:53:00,111.0,111.0,111.0,111.0,8
TMF,202603/202604,2026-02-27 00:28:00,110.0,110.0,110.0,110.0,2
TMF,202603/202604,2026-02-27 01:53:00,107.0,107.0,107.0,107.0,2
TMF,202603/202604,2026-02-27 01:55:00,107.0,107.0,107.0,107.0,2
TMF,202603/202604,2026-02-27 03:38:00,107.0,107.0,107.0,107.0,2
TMF,202604,2026-02-26 15:00:00,35733.0,35791.0,35733.0,35774.0,46
TMF,202604,2026-02-26 15:01:00,35770.0,35770.0,35765.0,35767.0,4
TMF,202604,2026-02-26 15:02:00,35767.0,35768.0,35757.0,35757.0,8
TMF,202604,2026-02-26 15:03:00,35766.0,35766.0,35760.0,35760.0,11
TMF,202604,2026-02-26 15:04:00,35760.0,35760.0,35754.0,35754.0,7
TMF,202604,2026-02-26 15:05:00,35760.0,35774.0,35760.0,35774.0,6
TMF,202604,2026-02-26 15:06:00,35774.0,35777.0,35768.0,35770.0,14
TMF,202604,2026-02-26 15:07:00,35766.0,35766.0,35760.0,35760.0,4
TMF,202604,2026-02-26 15:08:00,35760.0,35761.0,35760.0,35761.0,6
TMF,202604,2026-02-26 15:09:00,35761.0,35761.0,35743.0,35743.0,16
TMF,202604,2026-02-26 15:10:00,35746.0,35753.0,35746.0,35748.0,4
TMF,202604,2026-02-26 15:11:00,35750.0,35760.0,35750.0,35760.0,3
TMF,202604,2026-02-26 15:12:00,35760.0,35763.0,35758.0,35763.0,3
TMF,202604,2026-02-26 15:14:00,35763.0,35786.0,35763.0,35786.0,26
TMF,202604,2026-02-26 15:15:00,35785.0,35788.0,35785.0,35787.0,9
TMF,202604,2026-02-26 15:16:00,35781.0,35791.0,35781.0,35791.0,20
TMF,202604,2026-02-26 15:17:00,35791.0,35791.0,35788.0,35791.0,7
TMF,202604,2026-02-26 15:18:00,35795.0,35796.0,35788.0,35789.0,17
TMF,202604,2026-02-26 15:19:00,35785.0,35792.0,35785.0,35792.0,3
TMF,202604,2026-02-26 15:20:00,35792.0,35796.0,35792.0,35793.0,10
TMF,202604,2026-02-26 15:21:00,35788.0,35788.0,35786.0,35786.0,6
TMF,202604,2026-02-26 15:22:00,35790.0,35793.0,35790.0,35793.0,7
TMF,202604,2026-02-26 15:23:00,35793.0,35793.0,35776.0,35776.0,10
TMF,202604,2026-02-26 15:24:00,35777.0,35777.0,35776.0,35777.0,4
TMF,202604,2026-02-26 15:25:00,35778.0,35782.0,35777.0,35777.0,9
TMF,202604,2026-02-26 15:26:00,35780.0,35781.0,35773.0,35777.0,7
TMF,202604,2026-02-26 15:27:00,35777.0,35781.0,35777.0,35781.0,3
TMF,202604,2026-02-26 15:28:00,35793.0,35800.0,35793.0,35800.0,20
TMF,202604,2026-02-26 15:29:00,35800.0,35800.0,35789.0,35800.0,5
TMF,202604,2026-02-26 15:30:00,35795.0,35803.0,35795.0,35803.0,10
TMF,202604,2026-02-26 15:31:00,35799.0,35800.0,35799.0,35800.0,3
TMF,202604,2026-02-26 15:32:00,35804.0,35823.0,35804.0,35823.0,30
TMF,202604,2026-02-26 15:33:00,35818.0,35835.0,35818.0,35835.0,16
TMF,202604,2026-02-26 15:34:00,35830.0,35830.0,35827.0,35827.0,12
TMF,202604,2026-02-26 15:35:00,35830.0,35835.0,35826.0,35826.0,16
TMF,202604,2026-02-26 15:36:00,35832.0,35836.0,35832.0,35833.0,6
TMF,202604,2026-02-26 15:37:00,35835.0,35839.0,35830.0,35830.0,14
TMF,202604,2026-02-26 15:38:00,35827.0,35827.0,35825.0,35825.0,7
TMF,202604,2026-02-26 15:39:00,35825.0,35827.0,35821.0,35827.0,9
TMF,202604,2026-02-26 15:40:00,35830.0,35837.0,35830.0,35836.0,10
TMF,202604,2026-02-26 15:41:00,35838.0,35845.0,35838.0,35845.0,20
TMF,202604,2026-02-26 15:42:00,35845.0,35879.0,35845.0,35875.0,92
TMF,202604,2026-02-26 15:43:00,35878.0,35888.0,35875.0,35883.0,40
TMF,202604,2026-02-26 15:44:00,35880.0,35887.0,35875.0,35877.0,22
TMF,202604,2026-02-26 15:45:00,35873.0,35875.0,35870.0,35875.0,21
TMF,202604,2026-02-26 15:46:00,35879.0,35886.0,35878.0,35878.0,21
TMF,202604,2026-02-26 15:47:00,35875.0,35875.0,35862.0,35870.0,16
TMF,202604,2026-02-26 15:48:00,35870.0,35870.0,35860.0,35862.0,8
TMF,202604,2026-02-26 15:49:00,35857.0,35868.0,35856.0,35868.0,12
TMF,202604,2026-02-26 15:50:00,35869.0,35871.0,35851.0,35854.0,11
TMF,202604,2026-02-26 15:51:00,35854.0,35860.0,35851.0,35858.0,19
TMF,202604,2026-02-26 15:52:00,35860.0,35861.0,35850.0,35850.0,9
TMF,202604,2026-02-26 15:53:00,35856.0,35869.0,35856.0,35869.0,21
TMF,202604,2026-02-26 15:54:00,35868.0,35870.0,35865.0,35869.0,13
TMF,202604,2026-02-26 15:55:00,35869.0,35872.0,35854.0,35857.0,38
TMF,202604,2026-02-26 15:56:00,35863.0,35868.0,35863.0,35868.0,4
TMF,202604,2026-02-26 15:57:00,35870.0,35876.0,35870.0,35873.0,7
TMF,202604,2026-02-26 15:58:00,35870.0,35870.0,35870.0,35870.0,8
TMF,202604,2026-02-26 15:59:00,35870.0,35870.0,35859.0,35859.0,10
TMF,202604,2026-02-26 16:00:00,35861.0,35863.0,35850.0,35850.0,21
TMF,202604,2026-02-26 16:01:00,35856.0,35872.0,35856.0,35872.0,5
TMF,202604,2026-02-26 16:02:00,35868.0,35869.0,35862.0,35862.0,8
TMF,202604,2026-02-26 16:03:00,35872.0,35873.0,35872.0,35873.0,3
TMF,202604,2026-02-26 16:04:00,35875.0,35875.0,35870.0,35873.0,3
TMF,202604,2026-02-26 16:05:00,35875.0,35880.0,35875.0,35876.0,37
TMF,202604,2026-02-26 16:06:00,35879.0,35895.0,35879.0,35890.0,26
TMF,202604,2026-02-26 16:07:00,35890.0,35895.0,35883.0,35883.0,26
TMF,202604,2026-02-26 16:08:00,35885.0,35885.0,35880.0,35880.0,3
TMF,202604,2026-02-26 16:09:00,35885.0,35890.0,35881.0,35890.0,5
TMF,202604,2026-02-26 16:10:00,35890.0,35890.0,35881.0,35881.0,10
TMF,202604,2026-02-26 16:11:00,35879.0,35888.0,35871.0,35888.0,16
TMF,202604,2026-02-26 16:12:00,35892.0,35892.0,35885.0,35885.0,5
TMF,202604,2026-02-26 16:13:00,35883.0,35887.0,35877.0,35877.0,6
TMF,202604,2026-02-26 16:14:00,35888.0,35897.0,35887.0,35895.0,20
TMF,202604,2026-02-26 16:15:00,35895.0,35896.0,35895.0,35896.0,5
TMF,202604,2026-02-26 16:16:00,35895.0,35911.0,35895.0,35910.0,45
TMF,202604,2026-02-26 16:17:00,35912.0,35915.0,35909.0,35915.0,5
TMF,202604,2026-02-26 16:18:00,35916.0,35935.0,35915.0,35934.0,31
TMF,202604,2026-02-26 16:19:00,35932.0,35945.0,35932.0,35940.0,21
TMF,202604,2026-02-26 16:20:00,35940.0,35942.0,35936.0,35942.0,24
TMF,202604,2026-02-26 16:21:00,35941.0,35950.0,35941.0,35950.0,20
TMF,202604,2026-02-26 16:22:00,35950.0,35950.0,35931.0,35938.0,30
TMF,202604,2026-02-26 16:23:00,35931.0,35934.0,35926.0,35926.0,15
TMF,202604,2026-02-26 16:24:00,35926.0,35926.0,35921.0,35921.0,6
TMF,202604,2026-02-26 16:25:00,35925.0,35929.0,35925.0,35926.0,10
TMF,202604,2026-02-26 16:26:00,35928.0,35930.0,35925.0,35925.0,10
TMF,202604,2026-02-26 16:27:00,35922.0,35925.0,35909.0,35922.0,16
TMF,202604,2026-02-26 16:28:00,35916.0,35916.0,35910.0,35913.0,9
TMF,202604,2026-02-26 16:29:00,35910.0,35910.0,35905.0,35905.0,7
TMF,202604,2026-02-26 16:30:00,35910.0,35911.0,35902.0,35907.0,17
TMF,202604,2026-02-26 16:31:00,35905.0,35907.0,35895.0,35896.0,17
TMF,202604,2026-02-26 16:32:00,35891.0,35898.0,35888.0,35898.0,5
TMF,202604,2026-02-26 16:33:00,35897.0,35898.0,35881.0,35882.0,19
TMF,202604,2026-02-26 16:34:00,35881.0,35884.0,35874.0,35884.0,18
TMF,202604,2026-02-26 16:35:00,35888.0,35890.0,35888.0,35889.0,5
TMF,202604,2026-02-26 16:36:00,35892.0,35892.0,35878.0,35887.0,6
TMF,202604,2026-02-26 16:37:00,35882.0,35882.0,35873.0,35873.0,11
TMF,202604,2026-02-26 16:38:00,35873.0,35873.0,35866.0,35869.0,13
TMF,202604,2026-02-26 16:39:00,35873.0,35878.0,35873.0,35878.0,5
TMF,202604,2026-02-26 16:40:00,35874.0,35874.0,35862.0,35862.0,9
TMF,202604,2026-02-26 16:41:00,35867.0,35867.0,35866.0,35866.0,3
TMF,202604,2026-02-26 16:42:00,35872.0,35872.0,35865.0,35869.0,6
TMF,202604,2026-02-26 16:43:00,35869.0,35872.0,35869.0,35872.0,4
TMF,202604,2026-02-26 16:44:00,35876.0,35880.0,35876.0,35880.0,9
TMF,202604,2026-02-26 16:45:00,35880.0,35880.0,35876.0,35880.0,5
TMF,202604,2026-02-26 16:46:00,35880.0,35883.0,35876.0,35877.0,8
TMF,202604,2026-02-26 16:47:00,35883.0,35883.0,35877.0,35877.0,6
TMF,202604,2026-02-26 16:48:00,35879.0,35879.0,35878.0,35878.0,2
TMF,202604,2026-02-26 16:49:00,35876.0,35876.0,35876.0,35876.0,1
TMF,202604,2026-02-26 16:50:00,35876.0,35876.0,35871.0,35871.0,2
TMF,202604,2026-02-26 16:51:00,35870.0,35870.0,35866.0,35868.0,7
TMF,202604,2026-02-26 16:52:00,35868.0,35868.0,35865.0,35865.0,2
TMF,202604,2026-02-26 16:53:00,35863.0,35863.0,35857.0,35858.0,7
TMF,202604,2026-02-26 16:54:00,35871.0,35871.0,35866.0,35866.0,3
TMF,202604,2026-02-26 16:55:00,35860.0,35871.0,35858.0,35871.0,7
TMF,202604,2026-02-26 16:56:00,35871.0,35872.0,35871.0,35871.0,4
TMF,202604,2026-02-26 16:58:00,35871.0,35871.0,35871.0,35871.0,2
TMF,202604,2026-02-26 17:00:00,35875.0,35878.0,35875.0,35878.0,2
TMF,202604,2026-02-26 17:01:00,35879.0,35880.0,35879.0,35880.0,2
TMF,202604,2026-02-26 17:02:00,35878.0,35878.0,35873.0,35873.0,5
TMF,202604,2026-02-26 17:04:00,35881.0,35887.0,35881.0,35887.0,9
TMF,202604,2026-02-26 17:05:00,35888.0,35891.0,35886.0,35891.0,7
TMF,202604,2026-02-26 17:06:00,35891.0,35902.0,35891.0,35898.0,10
TMF,202604,2026-02-26 17:07:00,35895.0,35895.0,35891.0,35891.0,6
TMF,202604,2026-02-26 17:08:00,35893.0,35900.0,35893.0,35900.0,5
TMF,202604,2026-02-26 17:09:00,35900.0,35900.0,35900.0,35900.0,2
TMF,202604,2026-02-26 17:10:00,35900.0,35900.0,35900.0,35900.0,2
TMF,202604,2026-02-26 17:11:00,35897.0,35913.0,35897.0,35913.0,6
TMF,202604,2026-02-26 17:12:00,35913.0,35928.0,35913.0,35928.0,8
TMF,202604,2026-02-26 17:13:00,35926.0,35936.0,35924.0,35936.0,10
TMF,202604,2026-02-26 17:14:00,35936.0,35940.0,35933.0,35940.0,8
TMF,202604,2026-02-26 17:15:00,35940.0,35958.0,35933.0,35933.0,76
TMF,202604,2026-02-26 17:16:00,35930.0,35930.0,35925.0,35928.0,6
TMF,202604,2026-02-26 17:17:00,35930.0,35930.0,35918.0,35918.0,23
TMF,202604,2026-02-26 17:18:00,35911.0,35914.0,35908.0,35910.0,8
TMF,202604,2026-02-26 17:19:00,35910.0,35918.0,35910.0,35918.0,2
TMF,202604,2026-02-26 17:20:00,35911.0,35916.0,35909.0,35916.0,6
TMF,202604,2026-02-26 17:21:00,35918.0,35930.0,35918.0,35930.0,4
TMF,202604,2026-02-26 17:22:00,35930.0,35930.0,35924.0,35924.0,6
TMF,202604,2026-02-26 17:23:00,35925.0,35925.0,35924.0,35924.0,3
TMF,202604,2026-02-26 17:24:00,35924.0,35924.0,35920.0,35922.0,8
TMF,202604,2026-02-26 17:25:00,35920.0,35928.0,35920.0,35927.0,11
TMF,202604,2026-02-26 17:26:00,35933.0,35936.0,35933.0,35936.0,5
TMF,202604,2026-02-26 17:27:00,35942.0,35955.0,35942.0,35951.0,9
TMF,202604,2026-02-26 17:28:00,35952.0,35954.0,35951.0,35954.0,8
TMF,202604,2026-02-26 17:29:00,35954.0,35955.0,35952.0,35955.0,4
TMF,202604,2026-02-26 17:30:00,35951.0,35954.0,35948.0,35950.0,11
TMF,202604,2026-02-26 17:31:00,35955.0,35968.0,35955.0,35960.0,20
TMF,202604,2026-02-26 17:32:00,35956.0,35956.0,35956.0,35956.0,3
TMF,202604,2026-02-26 17:33:00,35960.0,35962.0,35958.0,35958.0,3
TMF,202604,2026-02-26 17:34:00,35955.0,35955.0,35955.0,35955.0,2
TMF,202604,2026-02-26 17:35:00,35951.0,35959.0,35947.0,35959.0,12
TMF,202604,2026-02-26 17:36:00,35957.0,35957.0,35954.0,35954.0,2
TMF,202604,2026-02-26 17:37:00,35954.0,35954.0,35952.0,35952.0,3
TMF,202604,2026-02-26 17:38:00,35952.0,35966.0,35952.0,35965.0,11
TMF,202604,2026-02-26 17:39:00,35965.0,35965.0,35965.0,35965.0,1
TMF,202604,2026-02-26 17:40:00,35957.0,35960.0,35957.0,35960.0,2
TMF,202604,2026-02-26 17:41:00,35960.0,35960.0,35960.0,35960.0,1
TMF,202604,2026-02-26 17:42:00,35960.0,35960.0,35957.0,35957.0,4
TMF,202604,2026-02-26 17:43:00,35957.0,35957.0,35957.0,35957.0,5
TMF,202604,2026-02-26 17:44:00,35954.0,35954.0,35954.0,35954.0,1
TMF,202604,2026-02-26 17:45:00,35951.0,35963.0,35950.0,35960.0,12
TMF,202604,2026-02-26 17:46:00,35959.0,35965.0,35958.0,35965.0,8
TMF,202604,2026-02-26 17:47:00,35969.0,35971.0,35965.0,35967.0,10
TMF,202604,2026-02-26 17:48:00,35971.0,35971.0,35971.0,35971.0,2
TMF,202604,2026-02-26 17:49:00,35967.0,35967.0,35965.0,35967.0,5
TMF,202604,2026-02-26 17:50:00,35962.0,35962.0,35958.0,35958.0,10
TMF,202604,2026-02-26 17:51:00,35960.0,35965.0,35960.0,35965.0,3
TMF,202604,2026-02-26 17:52:00,35965.0,35965.0,35962.0,35962.0,4
TMF,202604,2026-02-26 17:53:00,35955.0,35955.0,35950.0,35952.0,4
TMF,202604,2026-02-26 17:54:00,35950.0,35950.0,35941.0,35941.0,5
TMF,202604,2026-02-26 17:56:00,35933.0,35936.0,35930.0,35930.0,12
TMF,202604,2026-02-26 17:57:00,35930.0,35935.0,35926.0,35930.0,24
TMF,202604,2026-02-26 17:58:00,35928.0,35928.0,35928.0,35928.0,2
TMF,202604,2026-02-26 17:59:00,35928.0,35929.0,35928.0,35929.0,2
TMF,202604,2026-02-26 18:00:00,35928.0,35928.0,35920.0,35920.0,6
TMF,202604,2026-02-26 18:01:00,35918.0,35928.0,35918.0,35928.0,5
TMF,202604,2026-02-26 18:02:00,35922.0,35922.0,35920.0,35920.0,2
TMF,202604,2026-02-26 18:04:00,35920.0,35920.0,35920.0,35920.0,2
TMF,202604,2026-02-26 18:05:00,35921.0,35921.0,35910.0,35910.0,20
TMF,202604,2026-02-26 18:06:00,35904.0,35918.0,35904.0,35917.0,12
TMF,202604,2026-02-26 18:08:00,35919.0,35919.0,35917.0,35917.0,2
TMF,202604,2026-02-26 18:09:00,35916.0,35917.0,35915.0,35917.0,5
TMF,202604,2026-02-26 18:10:00,35911.0,35920.0,35910.0,35920.0,3
TMF,202604,2026-02-26 18:12:00,35911.0,35911.0,35910.0,35910.0,3
TMF,202604,2026-02-26 18:13:00,35911.0,35915.0,35910.0,35913.0,4
TMF,202604,2026-02-26 18:14:00,35912.0,35912.0,35912.0,35912.0,1
TMF,202604,2026-02-26 18:15:00,35915.0,35916.0,35915.0,35916.0,2
TMF,202604,2026-02-26 18:16:00,35910.0,35910.0,35906.0,35906.0,6
TMF,202604,2026-02-26 18:17:00,35906.0,35906.0,35906.0,35906.0,1
TMF,202604,2026-02-26 18:18:00,35906.0,35910.0,35890.0,35893.0,24
TMF,202604,2026-02-26 18:19:00,35892.0,35892.0,35881.0,35881.0,6
TMF,202604,2026-02-26 18:20:00,35885.0,35885.0,35868.0,35873.0,18
TMF,202604,2026-02-26 18:21:00,35889.0,35891.0,35887.0,35888.0,11
TMF,202604,2026-02-26 18:22:00,35881.0,35881.0,35877.0,35879.0,6
TMF,202604,2026-02-26 18:23:00,35876.0,35876.0,35871.0,35873.0,18
TMF,202604,2026-02-26 18:24:00,35874.0,35877.0,35870.0,35876.0,17
TMF,202604,2026-02-26 18:25:00,35877.0,35885.0,35877.0,35882.0,11
TMF,202604,2026-02-26 18:26:00,35881.0,35881.0,35878.0,35878.0,3
TMF,202604,2026-02-26 18:27:00,35870.0,35870.0,35864.0,35869.0,11
TMF,202604,2026-02-26 18:28:00,35872.0,35872.0,35869.0,35869.0,2
TMF,202604,2026-02-26 18:29:00,35868.0,35871.0,35868.0,35871.0,5
TMF,202604,2026-02-26 18:30:00,35866.0,35866.0,35854.0,35860.0,16
TMF,202604,2026-02-26 18:31:00,35888.0,35889.0,35888.0,35889.0,2
TMF,202604,2026-02-26 18:32:00,35895.0,35895.0,35885.0,35885.0,12
TMF,202604,2026-02-26 18:33:00,35890.0,35890.0,35886.0,35890.0,4
TMF,202604,2026-02-26 18:34:00,35895.0,35897.0,35895.0,35895.0,5
TMF,202604,2026-02-26 18:35:00,35893.0,35903.0,35890.0,35901.0,13
TMF,202604,2026-02-26 18:36:00,35901.0,35901.0,35894.0,35894.0,2
TMF,202604,2026-02-26 18:37:00,35889.0,35889.0,35888.0,35889.0,8
TMF,202604,2026-02-26 18:38:00,35885.0,35889.0,35881.0,35889.0,4
TMF,202604,2026-02-26 18:39:00,35900.0,35907.0,35900.0,35903.0,6
TMF,202604,2026-02-26 18:40:00,35903.0,35907.0,35900.0,35903.0,7
TMF,202604,2026-02-26 18:42:00,35895.0,35895.0,35891.0,35891.0,2
TMF,202604,2026-02-26 18:45:00,35895.0,35895.0,35893.0,35893.0,2
TMF,202604,2026-02-26 18:46:00,35895.0,35895.0,35895.0,35895.0,1
TMF,202604,2026-02-26 18:47:00,35895.0,35895.0,35895.0,35895.0,1
TMF,202604,2026-02-26 18:48:00,35894.0,35901.0,35894.0,35901.0,3
TMF,202604,2026-02-26 18:49:00,35898.0,35898.0,35897.0,35897.0,2
TMF,202604,2026-02-26 18:50:00,35891.0,35891.0,35875.0,35875.0,15
TMF,202604,2026-02-26 18:52:00,35880.0,35888.0,35880.0,35885.0,3
TMF,202604,2026-02-26 18:53:00,35885.0,35885.0,35885.0,35885.0,1
TMF,202604,2026-02-26 18:54:00,35885.0,35885.0,35881.0,35881.0,2
TMF,202604,2026-02-26 18:55:00,35871.0,35871.0,35858.0,35862.0,14
TMF,202604,2026-02-26 18:56:00,35866.0,35866.0,35858.0,35858.0,5
TMF,202604,2026-02-26 18:57:00,35855.0,35855.0,35835.0,35839.0,43
TMF,202604,2026-02-26 18:58:00,35837.0,35837.0,35814.0,35816.0,61
TMF,202604,2026-02-26 18:59:00,35818.0,35823.0,35802.0,35811.0,31
TMF,202604,2026-02-26 19:00:00,35808.0,35830.0,35805.0,35826.0,20
TMF,202604,2026-02-26 19:01:00,35836.0,35850.0,35836.0,35850.0,7
TMF,202604,2026-02-26 19:02:00,35849.0,35849.0,35830.0,35837.0,10
TMF,202604,2026-02-26 19:03:00,35831.0,35831.0,35820.0,35820.0,11
TMF,202604,2026-02-26 19:04:00,35828.0,35828.0,35822.0,35828.0,5
TMF,202604,2026-02-26 19:05:00,35849.0,35850.0,35849.0,35850.0,3
TMF,202604,2026-02-26 19:06:00,35846.0,35846.0,35846.0,35846.0,2
TMF,202604,2026-02-26 19:07:00,35855.0,35855.0,35855.0,35855.0,3
TMF,202604,2026-02-26 19:08:00,35854.0,35861.0,35853.0,35861.0,6
TMF,202604,2026-02-26 19:09:00,35864.0,35864.0,35857.0,35857.0,7
TMF,202604,2026-02-26 19:10:00,35865.0,35865.0,35865.0,35865.0,2
TMF,202604,2026-02-26 19:11:00,35865.0,35865.0,35850.0,35861.0,12
TMF,202604,2026-02-26 19:12:00,35856.0,35856.0,35856.0,35856.0,1
TMF,202604,2026-02-26 19:13:00,35857.0,35863.0,35857.0,35858.0,3
TMF,202604,2026-02-26 19:14:00,35858.0,35863.0,35858.0,35863.0,2
TMF,202604,2026-02-26 19:15:00,35857.0,35863.0,35855.0,35855.0,4
TMF,202604,2026-02-26 19:16:00,35860.0,35861.0,35855.0,35861.0,6
TMF,202604,2026-02-26 19:17:00,35858.0,35858.0,35855.0,35855.0,3
TMF,202604,2026-02-26 19:18:00,35858.0,35858.0,35847.0,35847.0,7
TMF,202604,2026-02-26 19:19:00,35858.0,35865.0,35858.0,35862.0,5
TMF,202604,2026-02-26 19:20:00,35861.0,35864.0,35859.0,35859.0,4
TMF,202604,2026-02-26 19:21:00,35858.0,35858.0,35852.0,35854.0,5
TMF,202604,2026-02-26 19:22:00,35854.0,35854.0,35844.0,35844.0,6
TMF,202604,2026-02-26 19:23:00,35847.0,35847.0,35847.0,35847.0,2
TMF,202604,2026-02-26 19:24:00,35845.0,35845.0,35842.0,35842.0,3
TMF,202604,2026-02-26 19:25:00,35852.0,35865.0,35852.0,35860.0,4
TMF,202604,2026-02-26 19:26:00,35856.0,35856.0,35856.0,35856.0,1
TMF,202604,2026-02-26 19:27:00,35855.0,35855.0,35855.0,35855.0,5
TMF,202604,2026-02-26 19:28:00,35855.0,35855.0,35851.0,35851.0,2
TMF,202604,2026-02-26 19:29:00,35843.0,35843.0,35842.0,35842.0,4
TMF,202604,2026-02-26 19:30:00,35840.0,35842.0,35840.0,35842.0,10
TMF,202604,2026-02-26 19:31:00,35844.0,35847.0,35844.0,35847.0,3
TMF,202604,2026-02-26 19:32:00,35844.0,35844.0,35840.0,35844.0,6
TMF,202604,2026-02-26 19:33:00,35844.0,35844.0,35844.0,35844.0,1
TMF,202604,2026-02-26 19:34:00,35850.0,35854.0,35850.0,35854.0,3
TMF,202604,2026-02-26 19:35:00,35853.0,35853.0,35853.0,35853.0,1
TMF,202604,2026-02-26 19:36:00,35854.0,35854.0,35854.0,35854.0,2
TMF,202604,2026-02-26 19:37:00,35854.0,35856.0,35854.0,35856.0,3
TMF,202604,2026-02-26 19:38:00,35862.0,35863.0,35862.0,35863.0,3
TMF,202604,2026-02-26 19:39:00,35865.0,35865.0,35865.0,35865.0,1
TMF,202604,2026-02-26 19:40:00,35863.0,35866.0,35863.0,35866.0,3
TMF,202604,2026-02-26 19:41:00,35870.0,35870.0,35863.0,35863.0,4
TMF,202604,2026-02-26 19:42:00,35862.0,35862.0,35857.0,35857.0,5
TMF,202604,2026-02-26 19:43:00,35854.0,35854.0,35852.0,35852.0,2
TMF,202604,2026-02-26 19:44:00,35850.0,35850.0,35849.0,35849.0,5
TMF,202604,2026-02-26 19:45:00,35846.0,35850.0,35842.0,35850.0,8
TMF,202604,2026-02-26 19:46:00,35853.0,35853.0,35840.0,35846.0,7
TMF,202604,2026-02-26 19:47:00,35845.0,35845.0,35839.0,35839.0,5
TMF,202604,2026-02-26 19:48:00,35840.0,35840.0,35840.0,35840.0,1
TMF,202604,2026-02-26 19:49:00,35840.0,35850.0,35840.0,35850.0,4
TMF,202604,2026-02-26 19:50:00,35847.0,35852.0,35847.0,35852.0,2
TMF,202604,2026-02-26 19:53:00,35852.0,35852.0,35852.0,35852.0,2
TMF,202604,2026-02-26 19:54:00,35847.0,35847.0,35838.0,35838.0,6
TMF,202604,2026-02-26 19:56:00,35849.0,35850.0,35849.0,35850.0,2
TMF,202604,2026-02-26 19:57:00,35855.0,35856.0,35855.0,35856.0,6
TMF,202604,2026-02-26 19:58:00,35856.0,35856.0,35856.0,35856.0,1
TMF,202604,2026-02-26 19:59:00,35851.0,35851.0,35844.0,35844.0,5
TMF,202604,2026-02-26 20:00:00,35844.0,35845.0,35844.0,35845.0,2
TMF,202604,2026-02-26 20:01:00,35850.0,35850.0,35842.0,35842.0,3
TMF,202604,2026-02-26 20:02:00,35845.0,35848.0,35836.0,35848.0,8
TMF,202604,2026-02-26 20:03:00,35851.0,35851.0,35851.0,35851.0,1
TMF,202604,2026-02-26 20:04:00,35855.0,35855.0,35850.0,35850.0,4
TMF,202604,2026-02-26 20:05:00,35848.0,35848.0,35848.0,35848.0,1
TMF,202604,2026-02-26 20:07:00,35848.0,35848.0,35848.0,35848.0,1
TMF,202604,2026-02-26 20:08:00,35848.0,35848.0,35848.0,35848.0,1
TMF,202604,2026-02-26 20:09:00,35845.0,35845.0,35845.0,35845.0,1
TMF,202604,2026-02-26 20:10:00,35848.0,35850.0,35847.0,35847.0,3
TMF,202604,2026-02-26 20:11:00,35856.0,35856.0,35853.0,35853.0,3
TMF,202604,2026-02-26 20:12:00,35849.0,35849.0,35849.0,35849.0,8
TMF,202604,2026-02-26 20:13:00,35847.0,35847.0,35842.0,35842.0,4
TMF,202604,2026-02-26 20:14:00,35844.0,35844.0,35842.0,35842.0,3
TMF,202604,2026-02-26 20:15:00,35847.0,35847.0,35847.0,35847.0,1
TMF,202604,2026-02-26 20:17:00,35857.0,35857.0,35854.0,35854.0,4
TMF,202604,2026-02-26 20:18:00,35866.0,35867.0,35866.0,35867.0,4
TMF,202604,2026-02-26 20:19:00,35861.0,35861.0,35850.0,35852.0,7
TMF,202604,2026-02-26 20:21:00,35860.0,35860.0,35859.0,35859.0,2
TMF,202604,2026-02-26 20:22:00,35869.0,35870.0,35867.0,35867.0,3
TMF,202604,2026-02-26 20:23:00,35873.0,35873.0,35873.0,35873.0,1
TMF,202604,2026-02-26 20:24:00,35869.0,35869.0,35869.0,35869.0,1
TMF,202604,2026-02-26 20:25:00,35867.0,35867.0,35866.0,35866.0,3
TMF,202604,2026-02-26 20:26:00,35863.0,35863.0,35862.0,35862.0,3
TMF,202604,2026-02-26 20:28:00,35871.0,35871.0,35871.0,35871.0,2
TMF,202604,2026-02-26 20:29:00,35873.0,35892.0,35873.0,35892.0,8
TMF,202604,2026-02-26 20:30:00,35888.0,35893.0,35888.0,35893.0,3
TMF,202604,2026-02-26 20:31:00,35888.0,35900.0,35888.0,35888.0,9
TMF,202604,2026-02-26 20:32:00,35887.0,35891.0,35886.0,35891.0,4
TMF,202604,2026-02-26 20:33:00,35897.0,35897.0,35891.0,35891.0,2
TMF,202604,2026-02-26 20:34:00,35896.0,35896.0,35896.0,35896.0,1
TMF,202604,2026-02-26 20:35:00,35888.0,35888.0,35883.0,35883.0,4
TMF,202604,2026-02-26 20:36:00,35880.0,35880.0,35880.0,35880.0,2
TMF,202604,2026-02-26 20:37:00,35878.0,35878.0,35854.0,35854.0,16
TMF,202604,2026-02-26 20:38:00,35863.0,35863.0,35861.0,35861.0,4
TMF,202604,2026-02-26 20:39:00,35860.0,35860.0,35860.0,35860.0,1
TMF,202604,2026-02-26 20:40:00,35863.0,35871.0,35863.0,35867.0,4
TMF,202604,2026-02-26 20:41:00,35865.0,35865.0,35862.0,35862.0,4
TMF,202604,2026-02-26 20:42:00,35869.0,35880.0,35869.0,35880.0,4
TMF,202604,2026-02-26 20:43:00,35880.0,35880.0,35875.0,35876.0,4
TMF,202604,2026-02-26 20:45:00,35870.0,35870.0,35847.0,35847.0,11
TMF,202604,2026-02-26 20:46:00,35849.0,35851.0,35836.0,35847.0,19
TMF,202604,2026-02-26 20:47:00,35844.0,35844.0,35835.0,35835.0,8
TMF,202604,2026-02-26 20:48:00,35847.0,35849.0,35847.0,35849.0,3
TMF,202604,2026-02-26 20:49:00,35850.0,35850.0,35844.0,35844.0,2
TMF,202604,2026-02-26 20:50:00,35844.0,35852.0,35844.0,35852.0,2
TMF,202604,2026-02-26 20:51:00,35840.0,35840.0,35830.0,35830.0,11
TMF,202604,2026-02-26 20:52:00,35830.0,35840.0,35826.0,35827.0,11
TMF,202604,2026-02-26 20:53:00,35825.0,35834.0,35822.0,35834.0,5
TMF,202604,2026-02-26 20:55:00,35830.0,35830.0,35830.0,35830.0,2
TMF,202604,2026-02-26 20:56:00,35836.0,35842.0,35835.0,35838.0,4
TMF,202604,2026-02-26 20:57:00,35829.0,35829.0,35815.0,35815.0,10
TMF,202604,2026-02-26 20:58:00,35815.0,35816.0,35815.0,35816.0,6
TMF,202604,2026-02-26 20:59:00,35817.0,35817.0,35814.0,35814.0,16
TMF,202604,2026-02-26 21:00:00,35822.0,35842.0,35822.0,35840.0,4
TMF,202604,2026-02-26 21:01:00,35838.0,35844.0,35833.0,35844.0,11
TMF,202604,2026-02-26 21:02:00,35835.0,35835.0,35835.0,35835.0,1
TMF,202604,2026-02-26 21:03:00,35837.0,35845.0,35837.0,35845.0,5
TMF,202604,2026-02-26 21:04:00,35837.0,35837.0,35826.0,35826.0,8
TMF,202604,2026-02-26 21:05:00,35828.0,35832.0,35828.0,35832.0,2
TMF,202604,2026-02-26 21:06:00,35838.0,35838.0,35836.0,35836.0,3
TMF,202604,2026-02-26 21:08:00,35845.0,35845.0,35841.0,35841.0,3
TMF,202604,2026-02-26 21:09:00,35844.0,35844.0,35833.0,35833.0,5
TMF,202604,2026-02-26 21:10:00,35847.0,35847.0,35847.0,35847.0,1
TMF,202604,2026-02-26 21:11:00,35839.0,35839.0,35835.0,35835.0,6
TMF,202604,2026-02-26 21:12:00,35847.0,35847.0,35847.0,35847.0,3
TMF,202604,2026-02-26 21:13:00,35849.0,35850.0,35846.0,35846.0,9
TMF,202604,2026-02-26 21:14:00,35848.0,35848.0,35848.0,35848.0,1
TMF,202604,2026-02-26 21:15:00,35845.0,35845.0,35843.0,35843.0,3
TMF,202604,2026-02-26 21:16:00,35844.0,35844.0,35844.0,35844.0,4
TMF,202604,2026-02-26 21:17:00,35843.0,35843.0,35843.0,35843.0,1
TMF,202604,2026-02-26 21:18:00,35841.0,35845.0,35835.0,35835.0,7
TMF,202604,2026-02-26 21:19:00,35830.0,35830.0,35829.0,35829.0,6
TMF,202604,2026-02-26 21:20:00,35830.0,35830.0,35828.0,35828.0,4
TMF,202604,2026-02-26 21:22:00,35837.0,35837.0,35837.0,35837.0,1
TMF,202604,2026-02-26 21:23:00,35834.0,35835.0,35834.0,35835.0,6
TMF,202604,2026-02-26 21:24:00,35833.0,35833.0,35828.0,35830.0,5
TMF,202604,2026-02-26 21:25:00,35828.0,35828.0,35828.0,35828.0,4
TMF,202604,2026-02-26 21:26:00,35830.0,35834.0,35830.0,35834.0,2
TMF,202604,2026-02-26 21:27:00,35836.0,35841.0,35836.0,35841.0,3
TMF,202604,2026-02-26 21:28:00,35855.0,35873.0,35855.0,35865.0,5
TMF,202604,2026-02-26 21:29:00,35863.0,35865.0,35863.0,35865.0,2
TMF,202604,2026-02-26 21:30:00,35854.0,35854.0,35854.0,35854.0,1
TMF,202604,2026-02-26 21:31:00,35857.0,35869.0,35857.0,35860.0,13
TMF,202604,2026-02-26 21:32:00,35858.0,35858.0,35856.0,35857.0,6
TMF,202604,2026-02-26 21:33:00,35860.0,35861.0,35857.0,35857.0,9
TMF,202604,2026-02-26 21:34:00,35852.0,35852.0,35846.0,35846.0,4
TMF,202604,2026-02-26 21:35:00,35846.0,35846.0,35843.0,35843.0,3
TMF,202604,2026-02-26 21:36:00,35844.0,35845.0,35844.0,35845.0,2
TMF,202604,2026-02-26 21:37:00,35845.0,35845.0,35840.0,35840.0,12
TMF,202604,2026-02-26 21:38:00,35840.0,35840.0,35840.0,35840.0,3
TMF,202604,2026-02-26 21:39:00,35836.0,35844.0,35834.0,35834.0,7
TMF,202604,2026-02-26 21:40:00,35829.0,35830.0,35829.0,35830.0,2
TMF,202604,2026-02-26 21:42:00,35825.0,35835.0,35825.0,35835.0,2
TMF,202604,2026-02-26 21:43:00,35826.0,35826.0,35825.0,35825.0,7
TMF,202604,2026-02-26 21:44:00,35821.0,35821.0,35809.0,35810.0,27
TMF,202604,2026-02-26 21:45:00,35810.0,35810.0,35810.0,35810.0,1
TMF,202604,2026-02-26 21:46:00,35812.0,35837.0,35812.0,35837.0,5
TMF,202604,2026-02-26 21:47:00,35837.0,35837.0,35832.0,35832.0,2
TMF,202604,2026-02-26 21:49:00,35832.0,35832.0,35832.0,35832.0,1
TMF,202604,2026-02-26 21:50:00,35825.0,35825.0,35820.0,35820.0,3
TMF,202604,2026-02-26 21:51:00,35815.0,35815.0,35809.0,35809.0,4
TMF,202604,2026-02-26 21:52:00,35812.0,35815.0,35781.0,35787.0,77
TMF,202604,2026-02-26 21:53:00,35790.0,35793.0,35780.0,35780.0,20
TMF,202604,2026-02-26 21:54:00,35782.0,35782.0,35768.0,35772.0,31
TMF,202604,2026-02-26 21:55:00,35771.0,35774.0,35758.0,35763.0,29
TMF,202604,2026-02-26 21:56:00,35767.0,35778.0,35757.0,35757.0,28
TMF,202604,2026-02-26 21:57:00,35761.0,35772.0,35761.0,35766.0,15
TMF,202604,2026-02-26 21:58:00,35767.0,35783.0,35767.0,35783.0,9
TMF,202604,2026-02-26 21:59:00,35770.0,35770.0,35758.0,35758.0,12
TMF,202604,2026-02-26 22:00:00,35757.0,35780.0,35738.0,35776.0,59
TMF,202604,2026-02-26 22:01:00,35776.0,35785.0,35772.0,35785.0,11
TMF,202604,2026-02-26 22:02:00,35788.0,35789.0,35788.0,35789.0,3
TMF,202604,2026-02-26 22:03:00,35798.0,35798.0,35791.0,35798.0,6
TMF,202604,2026-02-26 22:04:00,35792.0,35793.0,35792.0,35793.0,2
TMF,202604,2026-02-26 22:05:00,35794.0,35794.0,35783.0,35783.0,15
TMF,202604,2026-02-26 22:06:00,35780.0,35780.0,35778.0,35778.0,3
TMF,202604,2026-02-26 22:07:00,35778.0,35787.0,35777.0,35787.0,7
TMF,202604,2026-02-26 22:08:00,35777.0,35777.0,35750.0,35756.0,33
TMF,202604,2026-02-26 22:09:00,35754.0,35754.0,35741.0,35741.0,14
TMF,202604,2026-02-26 22:10:00,35738.0,35745.0,35733.0,35737.0,23
TMF,202604,2026-02-26 22:11:00,35735.0,35764.0,35735.0,35761.0,8
TMF,202604,2026-02-26 22:12:00,35760.0,35764.0,35760.0,35764.0,2
TMF,202604,2026-02-26 22:13:00,35764.0,35764.0,35759.0,35759.0,7
TMF,202604,2026-02-26 22:14:00,35765.0,35765.0,35765.0,35765.0,2
TMF,202604,2026-02-26 22:15:00,35766.0,35773.0,35766.0,35773.0,8
TMF,202604,2026-02-26 22:16:00,35768.0,35769.0,35762.0,35762.0,8
TMF,202604,2026-02-26 22:17:00,35764.0,35773.0,35764.0,35773.0,5
TMF,202604,2026-02-26 22:18:00,35769.0,35769.0,35764.0,35764.0,2
TMF,202604,2026-02-26 22:19:00,35774.0,35783.0,35774.0,35783.0,5
TMF,202604,2026-02-26 22:20:00,35783.0,35783.0,35772.0,35772.0,6
TMF,202604,2026-02-26 22:21:00,35772.0,35772.0,35765.0,35765.0,3
TMF,202604,2026-02-26 22:22:00,35769.0,35769.0,35763.0,35766.0,6
TMF,202604,2026-02-26 22:24:00,35766.0,35766.0,35760.0,35760.0,3
TMF,202604,2026-02-26 22:25:00,35766.0,35766.0,35766.0,35766.0,1
TMF,202604,2026-02-26 22:26:00,35762.0,35762.0,35758.0,35758.0,2
TMF,202604,2026-02-26 22:27:00,35753.0,35753.0,35727.0,35728.0,20
TMF,202604,2026-02-26 22:28:00,35739.0,35742.0,35735.0,35742.0,7
TMF,202604,2026-02-26 22:29:00,35742.0,35742.0,35716.0,35718.0,77
TMF,202604,2026-02-26 22:30:00,35715.0,35720.0,35658.0,35658.0,148
TMF,202604,2026-02-26 22:31:00,35657.0,35700.0,35625.0,35678.0,164
TMF,202604,2026-02-26 22:32:00,35686.0,35686.0,35637.0,35637.0,44
TMF,202604,2026-02-26 22:33:00,35640.0,35660.0,35617.0,35634.0,135
TMF,202604,2026-02-26 22:34:00,35627.0,35629.0,35604.0,35616.0,91
TMF,202604,2026-02-26 22:35:00,35624.0,35664.0,35624.0,35641.0,91
TMF,202604,2026-02-26 22:36:00,35640.0,35640.0,35586.0,35594.0,145
TMF,202604,2026-02-26 22:37:00,35596.0,35622.0,35595.0,35622.0,30
TMF,202604,2026-02-26 22:38:00,35636.0,35646.0,35607.0,35608.0,61
TMF,202604,2026-02-26 22:39:00,35617.0,35639.0,35617.0,35618.0,42
TMF,202604,2026-02-26 22:40:00,35610.0,35610.0,35567.0,35567.0,159
TMF,202604,2026-02-26 22:41:00,35571.0,35588.0,35565.0,35577.0,61
TMF,202604,2026-02-26 22:42:00,35568.0,35594.0,35550.0,35550.0,81
TMF,202604,2026-02-26 22:43:00,35546.0,35561.0,35527.0,35528.0,80
TMF,202604,2026-02-26 22:44:00,35538.0,35542.0,35518.0,35542.0,66
TMF,202604,2026-02-26 22:45:00,35530.0,35542.0,35478.0,35489.0,158
TMF,202604,2026-02-26 22:46:00,35482.0,35549.0,35475.0,35544.0,63
TMF,202604,2026-02-26 22:47:00,35544.0,35544.0,35491.0,35507.0,99
TMF,202604,2026-02-26 22:48:00,35505.0,35512.0,35462.0,35475.0,119
TMF,202604,2026-02-26 22:49:00,35470.0,35495.0,35466.0,35495.0,44
TMF,202604,2026-02-26 22:50:00,35486.0,35504.0,35463.0,35466.0,102
TMF,202604,2026-02-26 22:51:00,35462.0,35465.0,35407.0,35412.0,249
TMF,202604,2026-02-26 22:52:00,35412.0,35412.0,35367.0,35367.0,222
TMF,202604,2026-02-26 22:53:00,35365.0,35421.0,35360.0,35421.0,72
TMF,202604,2026-02-26 22:54:00,35400.0,35416.0,35374.0,35415.0,53
TMF,202604,2026-02-26 22:55:00,35415.0,35438.0,35402.0,35402.0,65
TMF,202604,2026-02-26 22:56:00,35405.0,35412.0,35380.0,35386.0,62
TMF,202604,2026-02-26 22:57:00,35380.0,35381.0,35354.0,35363.0,59
TMF,202604,2026-02-26 22:58:00,35360.0,35372.0,35341.0,35359.0,75
TMF,202604,2026-02-26 22:59:00,35355.0,35392.0,35353.0,35366.0,43
TMF,202604,2026-02-26 23:00:00,35360.0,35410.0,35355.0,35372.0,68
TMF,202604,2026-02-26 23:01:00,35372.0,35375.0,35303.0,35330.0,118
TMF,202604,2026-02-26 23:02:00,35330.0,35360.0,35329.0,35356.0,106
TMF,202604,2026-02-26 23:03:00,35364.0,35402.0,35364.0,35392.0,50
TMF,202604,2026-02-26 23:04:00,35387.0,35427.0,35387.0,35415.0,53
TMF,202604,2026-02-26 23:05:00,35417.0,35417.0,35371.0,35386.0,53
TMF,202604,2026-02-26 23:06:00,35386.0,35404.0,35376.0,35404.0,20
TMF,202604,2026-02-26 23:07:00,35392.0,35394.0,35372.0,35392.0,13
TMF,202604,2026-02-26 23:08:00,35390.0,35391.0,35376.0,35378.0,12
TMF,202604,2026-02-26 23:09:00,35388.0,35388.0,35337.0,35348.0,52
TMF,202604,2026-02-26 23:10:00,35376.0,35385.0,35364.0,35383.0,19
TMF,202604,2026-02-26 23:11:00,35381.0,35385.0,35355.0,35355.0,31
TMF,202604,2026-02-26 23:12:00,35350.0,35350.0,35256.0,35268.0,218
TMF,202604,2026-02-26 23:13:00,35269.0,35276.0,35250.0,35259.0,88
TMF,202604,2026-02-26 23:14:00,35258.0,35260.0,35208.0,35218.0,138
TMF,202604,2026-02-26 23:15:00,35215.0,35217.0,35168.0,35193.0,164
TMF,202604,2026-02-26 23:16:00,35189.0,35205.0,35140.0,35170.0,132
TMF,202604,2026-02-26 23:17:00,35168.0,35199.0,35168.0,35185.0,76
TMF,202604,2026-02-26 23:18:00,35177.0,35177.0,35153.0,35161.0,73
TMF,202604,2026-02-26 23:19:00,35163.0,35163.0,35125.0,35133.0,86
TMF,202604,2026-02-26 23:20:00,35140.0,35149.0,35100.0,35101.0,135
TMF,202604,2026-02-26 23:21:00,35100.0,35120.0,35060.0,35060.0,185
TMF,202604,2026-02-26 23:22:00,35055.0,35062.0,35015.0,35040.0,113
TMF,202604,2026-02-26 23:23:00,35040.0,35080.0,35027.0,35076.0,91
TMF,202604,2026-02-26 23:24:00,35080.0,35087.0,35027.0,35050.0,94
TMF,202604,2026-02-26 23:25:00,35053.0,35074.0,35035.0,35052.0,66
TMF,202604,2026-02-26 23:26:00,35062.0,35166.0,35060.0,35148.0,122
TMF,202604,2026-02-26 23:27:00,35142.0,35142.0,35040.0,35042.0,85
TMF,202604,2026-02-26 23:28:00,35050.0,35090.0,35039.0,35070.0,94
TMF,202604,2026-02-26 23:29:00,35063.0,35100.0,35060.0,35089.0,39
TMF,202604,2026-02-26 23:30:00,35090.0,35110.0,35068.0,35096.0,56
TMF,202604,2026-02-26 23:31:00,35095.0,35120.0,35076.0,35111.0,37
TMF,202604,2026-02-26 23:32:00,35109.0,35114.0,35078.0,35084.0,56
TMF,202604,2026-02-26 23:33:00,35081.0,35111.0,35080.0,35105.0,32
TMF,202604,2026-02-26 23:34:00,35085.0,35085.0,35057.0,35067.0,33
TMF,202604,2026-02-26 23:35:00,35071.0,35118.0,35071.0,35118.0,28
TMF,202604,2026-02-26 23:36:00,35108.0,35121.0,35086.0,35110.0,35
TMF,202604,2026-02-26 23:37:00,35111.0,35157.0,35110.0,35157.0,40
TMF,202604,2026-02-26 23:38:00,35157.0,35213.0,35144.0,35213.0,84
TMF,202604,2026-02-26 23:39:00,35210.0,35215.0,35194.0,35215.0,84
TMF,202604,2026-02-26 23:40:00,35215.0,35256.0,35215.0,35231.0,91
TMF,202604,2026-02-26 23:41:00,35229.0,35231.0,35196.0,35224.0,55
TMF,202604,2026-02-26 23:42:00,35225.0,35231.0,35181.0,35196.0,71
TMF,202604,2026-02-26 23:43:00,35200.0,35233.0,35200.0,35228.0,31
TMF,202604,2026-02-26 23:44:00,35226.0,35226.0,35210.0,35220.0,16
TMF,202604,2026-02-26 23:45:00,35224.0,35259.0,35224.0,35250.0,50
TMF,202604,2026-02-26 23:46:00,35257.0,35272.0,35208.0,35216.0,62
TMF,202604,2026-02-26 23:47:00,35216.0,35238.0,35206.0,35238.0,19
TMF,202604,2026-02-26 23:48:00,35236.0,35268.0,35236.0,35265.0,28
TMF,202604,2026-02-26 23:49:00,35266.0,35267.0,35248.0,35252.0,18
TMF,202604,2026-02-26 23:50:00,35250.0,35250.0,35233.0,35241.0,37
TMF,202604,2026-02-26 23:51:00,35238.0,35241.0,35222.0,35230.0,21
TMF,202604,2026-02-26 23:52:00,35238.0,35266.0,35238.0,35253.0,30
TMF,202604,2026-02-26 23:53:00,35250.0,35254.0,35234.0,35240.0,14
TMF,202604,2026-02-26 23:54:00,35244.0,35259.0,35235.0,35248.0,23
TMF,202604,2026-02-26 23:55:00,35250.0,35250.0,35228.0,35240.0,15
TMF,202604,2026-02-26 23:56:00,35230.0,35231.0,35198.0,35198.0,44
TMF,202604,2026-02-26 23:57:00,35199.0,35234.0,35198.0,35234.0,20
TMF,202604,2026-02-26 23:58:00,35238.0,35238.0,35225.0,35230.0,22
TMF,202604,2026-02-26 23:59:00,35225.0,35225.0,35202.0,35202.0,9
TMF,202604,2026-02-27 00:00:00,35221.0,35230.0,35221.0,35230.0,13
TMF,202604,2026-02-27 00:01:00,35235.0,35237.0,35217.0,35217.0,14
TMF,202604,2026-02-27 00:02:00,35218.0,35218.0,35200.0,35218.0,24
TMF,202604,2026-02-27 00:03:00,35221.0,35237.0,35210.0,35210.0,20
TMF,202604,2026-02-27 00:04:00,35215.0,35221.0,35210.0,35221.0,15
TMF,202604,2026-02-27 00:05:00,35230.0,35233.0,35219.0,35219.0,6
TMF,202604,2026-02-27 00:06:00,35211.0,35211.0,35170.0,35191.0,46
TMF,202604,2026-02-27 00:07:00,35185.0,35207.0,35178.0,35198.0,39
TMF,202604,2026-02-27 00:08:00,35195.0,35207.0,35192.0,35206.0,17
TMF,202604,2026-02-27 00:09:00,35209.0,35216.0,35199.0,35202.0,21
TMF,202604,2026-02-27 00:10:00,35209.0,35209.0,35184.0,35184.0,22
TMF,202604,2026-02-27 00:11:00,35190.0,35210.0,35190.0,35210.0,8
TMF,202604,2026-02-27 00:12:00,35210.0,35221.0,35208.0,35209.0,11
TMF,202604,2026-02-27 00:13:00,35200.0,35205.0,35194.0,35196.0,12
TMF,202604,2026-02-27 00:14:00,35190.0,35208.0,35189.0,35203.0,10
TMF,202604,2026-02-27 00:15:00,35211.0,35221.0,35204.0,35221.0,8
TMF,202604,2026-02-27 00:16:00,35221.0,35245.0,35221.0,35245.0,22
TMF,202604,2026-02-27 00:17:00,35236.0,35248.0,35228.0,35230.0,14
TMF,202604,2026-02-27 00:18:00,35232.0,35243.0,35232.0,35243.0,15
TMF,202604,2026-02-27 00:19:00,35241.0,35247.0,35235.0,35235.0,13
TMF,202604,2026-02-27 00:20:00,35240.0,35245.0,35234.0,35245.0,7
TMF,202604,2026-02-27 00:21:00,35249.0,35253.0,35249.0,35250.0,13
TMF,202604,2026-02-27 00:22:00,35250.0,35302.0,35250.0,35298.0,68
TMF,202604,2026-02-27 00:23:00,35293.0,35294.0,35284.0,35290.0,15
TMF,202604,2026-02-27 00:24:00,35297.0,35317.0,35288.0,35317.0,36
TMF,202604,2026-02-27 00:25:00,35318.0,35348.0,35300.0,35348.0,43
TMF,202604,2026-02-27 00:26:00,35346.0,35348.0,35322.0,35325.0,25
TMF,202604,2026-02-27 00:27:00,35332.0,35332.0,35295.0,35308.0,32
TMF,202604,2026-02-27 00:28:00,35312.0,35312.0,35305.0,35312.0,11
TMF,202604,2026-02-27 00:29:00,35308.0,35308.0,35279.0,35279.0,22
TMF,202604,2026-02-27 00:30:00,35288.0,35288.0,35278.0,35286.0,11
TMF,202604,2026-02-27 00:31:00,35286.0,35288.0,35264.0,35264.0,10
TMF,202604,2026-02-27 00:32:00,35272.0,35290.0,35270.0,35290.0,9
TMF,202604,2026-02-27 00:33:00,35280.0,35283.0,35272.0,35283.0,6
TMF,202604,2026-02-27 00:34:00,35280.0,35280.0,35276.0,35280.0,5
TMF,202604,2026-02-27 00:35:00,35286.0,35289.0,35273.0,35278.0,12
TMF,202604,2026-02-27 00:36:00,35273.0,35273.0,35225.0,35225.0,37
TMF,202604,2026-02-27 00:37:00,35229.0,35232.0,35205.0,35205.0,45
TMF,202604,2026-02-27 00:38:00,35204.0,35220.0,35195.0,35220.0,35
TMF,202604,2026-02-27 00:39:00,35223.0,35223.0,35210.0,35222.0,10
TMF,202604,2026-02-27 00:40:00,35221.0,35223.0,35205.0,35218.0,24
TMF,202604,2026-02-27 00:41:00,35220.0,35234.0,35220.0,35225.0,15
TMF,202604,2026-02-27 00:42:00,35227.0,35227.0,35225.0,35225.0,2
TMF,202604,2026-02-27 00:43:00,35220.0,35220.0,35194.0,35194.0,23
TMF,202604,2026-02-27 00:44:00,35194.0,35194.0,35135.0,35139.0,78
TMF,202604,2026-02-27 00:45:00,35138.0,35157.0,35130.0,35132.0,35
TMF,202604,2026-02-27 00:46:00,35129.0,35129.0,35103.0,35122.0,44
TMF,202604,2026-02-27 00:47:00,35121.0,35162.0,35121.0,35142.0,17
TMF,202604,2026-02-27 00:48:00,35143.0,35161.0,35133.0,35160.0,14
TMF,202604,2026-02-27 00:49:00,35154.0,35160.0,35151.0,35152.0,13
TMF,202604,2026-02-27 00:50:00,35160.0,35160.0,35135.0,35137.0,22
TMF,202604,2026-02-27 00:51:00,35131.0,35147.0,35129.0,35133.0,18
TMF,202604,2026-02-27 00:52:00,35134.0,35134.0,35120.0,35122.0,16
TMF,202604,2026-02-27 00:53:00,35120.0,35120.0,35093.0,35109.0,66
TMF,202604,2026-02-27 00:54:00,35105.0,35110.0,35083.0,35091.0,67
TMF,202604,2026-02-27 00:55:00,35091.0,35096.0,35084.0,35089.0,20
TMF,202604,2026-02-27 00:56:00,35086.0,35104.0,35084.0,35085.0,22
TMF,202604,2026-02-27 00:57:00,35085.0,35085.0,35064.0,35068.0,99
TMF,202604,2026-02-27 00:58:00,35061.0,35074.0,35055.0,35068.0,20
TMF,202604,2026-02-27 00:59:00,35079.0,35080.0,35068.0,35068.0,8
TMF,202604,2026-02-27 01:00:00,35083.0,35119.0,35083.0,35105.0,38
TMF,202604,2026-02-27 01:01:00,35108.0,35130.0,35108.0,35118.0,18
TMF,202604,2026-02-27 01:02:00,35125.0,35129.0,35118.0,35118.0,8
TMF,202604,2026-02-27 01:03:00,35120.0,35145.0,35118.0,35142.0,26
TMF,202604,2026-02-27 01:04:00,35139.0,35155.0,35137.0,35154.0,22
TMF,202604,2026-02-27 01:05:00,35148.0,35183.0,35148.0,35183.0,37
TMF,202604,2026-02-27 01:06:00,35178.0,35190.0,35171.0,35171.0,19
TMF,202604,2026-02-27 01:07:00,35170.0,35182.0,35165.0,35170.0,7
TMF,202604,2026-02-27 01:08:00,35183.0,35183.0,35167.0,35167.0,11
TMF,202604,2026-02-27 01:09:00,35165.0,35165.0,35131.0,35131.0,14
TMF,202604,2026-02-27 01:10:00,35131.0,35150.0,35131.0,35150.0,10
TMF,202604,2026-02-27 01:11:00,35145.0,35162.0,35145.0,35158.0,13
TMF,202604,2026-02-27 01:12:00,35160.0,35160.0,35158.0,35160.0,3
TMF,202604,2026-02-27 01:13:00,35164.0,35166.0,35150.0,35150.0,9
TMF,202604,2026-02-27 01:14:00,35150.0,35150.0,35110.0,35110.0,27
TMF,202604,2026-02-27 01:15:00,35113.0,35122.0,35108.0,35112.0,13
TMF,202604,2026-02-27 01:16:00,35105.0,35116.0,35105.0,35116.0,24
TMF,202604,2026-02-27 01:17:00,35116.0,35125.0,35116.0,35125.0,6
TMF,202604,2026-02-27 01:18:00,35151.0,35151.0,35151.0,35151.0,1
TMF,202604,2026-02-27 01:19:00,35151.0,35160.0,35150.0,35150.0,5
TMF,202604,2026-02-27 01:21:00,35139.0,35139.0,35139.0,35139.0,1
TMF,202604,2026-02-27 01:22:00,35138.0,35139.0,35120.0,35120.0,23
TMF,202604,2026-02-27 01:23:00,35121.0,35123.0,35112.0,35114.0,40
TMF,202604,2026-02-27 01:24:00,35122.0,35141.0,35122.0,35141.0,9
TMF,202604,2026-02-27 01:25:00,35131.0,35136.0,35131.0,35131.0,4
TMF,202604,2026-02-27 01:26:00,35135.0,35142.0,35135.0,35142.0,5
TMF,202604,2026-02-27 01:27:00,35140.0,35140.0,35139.0,35140.0,4
TMF,202604,2026-02-27 01:28:00,35140.0,35140.0,35128.0,35128.0,8
TMF,202604,2026-02-27 01:29:00,35132.0,35132.0,35132.0,35132.0,2
TMF,202604,2026-02-27 01:30:00,35123.0,35123.0,35118.0,35123.0,4
TMF,202604,2026-02-27 01:31:00,35120.0,35140.0,35120.0,35140.0,7
TMF,202604,2026-02-27 01:32:00,35149.0,35175.0,35149.0,35175.0,7
TMF,202604,2026-02-27 01:33:00,35180.0,35190.0,35180.0,35190.0,28
TMF,202604,2026-02-27 01:34:00,35195.0,35198.0,35190.0,35190.0,3
TMF,202604,2026-02-27 01:35:00,35188.0,35188.0,35158.0,35158.0,17
TMF,202604,2026-02-27 01:36:00,35155.0,35157.0,35122.0,35141.0,15
TMF,202604,2026-02-27 01:37:00,35131.0,35132.0,35114.0,35114.0,20
TMF,202604,2026-02-27 01:38:00,35111.0,35128.0,35105.0,35128.0,8
TMF,202604,2026-02-27 01:39:00,35128.0,35134.0,35128.0,35134.0,5
TMF,202604,2026-02-27 01:40:00,35130.0,35134.0,35130.0,35134.0,2
TMF,202604,2026-02-27 01:41:00,35138.0,35138.0,35122.0,35122.0,11
TMF,202604,2026-02-27 01:42:00,35121.0,35130.0,35121.0,35125.0,12
TMF,202604,2026-02-27 01:43:00,35125.0,35125.0,35119.0,35120.0,6
TMF,202604,2026-02-27 01:44:00,35118.0,35118.0,35110.0,35110.0,9
TMF,202604,2026-02-27 01:45:00,35110.0,35113.0,35108.0,35113.0,10
TMF,202604,2026-02-27 01:46:00,35113.0,35115.0,35101.0,35104.0,10
TMF,202604,2026-02-27 01:47:00,35111.0,35123.0,35110.0,35110.0,12
TMF,202604,2026-02-27 01:48:00,35106.0,35108.0,35106.0,35108.0,3
TMF,202604,2026-02-27 01:49:00,35102.0,35105.0,35081.0,35082.0,35
TMF,202604,2026-02-27 01:50:00,35090.0,35098.0,35077.0,35080.0,27
TMF,202604,2026-02-27 01:51:00,35090.0,35107.0,35089.0,35106.0,12
TMF,202604,2026-02-27 01:52:00,35109.0,35133.0,35109.0,35133.0,12
TMF,202604,2026-02-27 01:53:00,35124.0,35134.0,35124.0,35131.0,3
TMF,202604,2026-02-27 01:54:00,35133.0,35141.0,35132.0,35140.0,12
TMF,202604,2026-02-27 01:55:00,35127.0,35127.0,35115.0,35115.0,4
TMF,202604,2026-02-27 01:56:00,35113.0,35113.0,35113.0,35113.0,2
TMF,202604,2026-02-27 01:57:00,35112.0,35116.0,35110.0,35112.0,9
TMF,202604,2026-02-27 01:58:00,35110.0,35111.0,35110.0,35110.0,3
TMF,202604,2026-02-27 01:59:00,35114.0,35117.0,35114.0,35117.0,3
TMF,202604,2026-02-27 02:00:00,35115.0,35117.0,35109.0,35109.0,8
TMF,202604,2026-02-27 02:01:00,35101.0,35106.0,35095.0,35106.0,6
TMF,202604,2026-02-27 02:02:00,35111.0,35111.0,35110.0,35110.0,2
TMF,202604,2026-02-27 02:03:00,35103.0,35103.0,35088.0,35088.0,9
TMF,202604,2026-02-27 02:04:00,35095.0,35100.0,35090.0,35100.0,7
TMF,202604,2026-02-27 02:05:00,35110.0,35110.0,35105.0,35105.0,6
TMF,202604,2026-02-27 02:06:00,35100.0,35101.0,35092.0,35100.0,9
TMF,202604,2026-02-27 02:07:00,35090.0,35092.0,35089.0,35089.0,5
TMF,202604,2026-02-27 02:08:00,35098.0,35098.0,35070.0,35077.0,22
TMF,202604,2026-02-27 02:09:00,35084.0,35085.0,35083.0,35083.0,4
TMF,202604,2026-02-27 02:10:00,35101.0,35101.0,35101.0,35101.0,1
TMF,202604,2026-02-27 02:11:00,35114.0,35129.0,35114.0,35129.0,4
TMF,202604,2026-02-27 02:12:00,35128.0,35128.0,35121.0,35123.0,4
TMF,202604,2026-02-27 02:13:00,35119.0,35129.0,35119.0,35129.0,3
TMF,202604,2026-02-27 02:14:00,35129.0,35129.0,35129.0,35129.0,2
TMF,202604,2026-02-27 02:15:00,35124.0,35124.0,35112.0,35112.0,4
TMF,202604,2026-02-27 02:16:00,35112.0,35112.0,35112.0,35112.0,3
TMF,202604,2026-02-27 02:17:00,35128.0,35142.0,35128.0,35142.0,5
TMF,202604,2026-02-27 02:18:00,35150.0,35157.0,35145.0,35157.0,10
TMF,202604,2026-02-27 02:19:00,35152.0,35155.0,35152.0,35155.0,5
TMF,202604,2026-02-27 02:20:00,35150.0,35150.0,35139.0,35139.0,4
TMF,202604,2026-02-27 02:21:00,35143.0,35146.0,35120.0,35120.0,9
TMF,202604,2026-02-27 02:23:00,35135.0,35135.0,35135.0,35135.0,2
TMF,202604,2026-02-27 02:24:00,35131.0,35131.0,35131.0,35131.0,2
TMF,202604,2026-02-27 02:25:00,35142.0,35142.0,35142.0,35142.0,1
TMF,202604,2026-02-27 02:26:00,35145.0,35150.0,35145.0,35150.0,2
TMF,202604,2026-02-27 02:27:00,35155.0,35155.0,35144.0,35144.0,3
TMF,202604,2026-02-27 02:28:00,35144.0,35144.0,35141.0,35141.0,2
TMF,202604,2026-02-27 02:29:00,35140.0,35140.0,35140.0,35140.0,3
TMF,202604,2026-02-27 02:30:00,35131.0,35137.0,35130.0,35137.0,9
TMF,202604,2026-02-27 02:31:00,35134.0,35142.0,35130.0,35130.0,6
TMF,202604,2026-02-27 02:32:00,35144.0,35144.0,35142.0,35142.0,2
TMF,202604,2026-02-27 02:33:00,35144.0,35180.0,35144.0,35180.0,14
TMF,202604,2026-02-27 02:34:00,35180.0,35217.0,35180.0,35204.0,19
TMF,202604,2026-02-27 02:35:00,35215.0,35219.0,35197.0,35197.0,10
TMF,202604,2026-02-27 02:36:00,35206.0,35258.0,35206.0,35250.0,54
TMF,202604,2026-02-27 02:37:00,35256.0,35256.0,35242.0,35245.0,6
TMF,202604,2026-02-27 02:38:00,35248.0,35255.0,35228.0,35255.0,11
TMF,202604,2026-02-27 02:39:00,35260.0,35268.0,35260.0,35268.0,9
TMF,202604,2026-02-27 02:40:00,35264.0,35267.0,35250.0,35250.0,9
TMF,202604,2026-02-27 02:41:00,35249.0,35255.0,35249.0,35251.0,5
TMF,202604,2026-02-27 02:42:00,35247.0,35247.0,35227.0,35227.0,2
TMF,202604,2026-02-27 02:43:00,35240.0,35250.0,35240.0,35250.0,3
TMF,202604,2026-02-27 02:44:00,35241.0,35241.0,35241.0,35241.0,2
TMF,202604,2026-02-27 02:45:00,35233.0,35251.0,35233.0,35251.0,8
TMF,202604,2026-02-27 02:46:00,35248.0,35248.0,35229.0,35229.0,8
TMF,202604,2026-02-27 02:48:00,35210.0,35210.0,35197.0,35197.0,9
TMF,202604,2026-02-27 02:49:00,35190.0,35201.0,35189.0,35201.0,12
TMF,202604,2026-02-27 02:50:00,35212.0,35213.0,35197.0,35200.0,7
TMF,202604,2026-02-27 02:51:00,35192.0,35202.0,35191.0,35201.0,6
TMF,202604,2026-02-27 02:52:00,35201.0,35201.0,35201.0,35201.0,1
TMF,202604,2026-02-27 02:53:00,35212.0,35223.0,35212.0,35213.0,6
TMF,202604,2026-02-27 02:54:00,35213.0,35213.0,35213.0,35213.0,3
TMF,202604,2026-02-27 02:55:00,35207.0,35207.0,35207.0,35207.0,1
TMF,202604,2026-02-27 02:56:00,35207.0,35208.0,35207.0,35208.0,2
TMF,202604,2026-02-27 02:58:00,35224.0,35224.0,35224.0,35224.0,1
TMF,202604,2026-02-27 02:59:00,35220.0,35220.0,35220.0,35220.0,1
TMF,202604,2026-02-27 03:00:00,35219.0,35219.0,35207.0,35207.0,3
TMF,202604,2026-02-27 03:01:00,35222.0,35222.0,35222.0,35222.0,1
TMF,202604,2026-02-27 03:02:00,35222.0,35222.0,35222.0,35222.0,1
TMF,202604,2026-02-27 03:03:00,35226.0,35239.0,35226.0,35239.0,3
TMF,202604,2026-02-27 03:04:00,35243.0,35250.0,35243.0,35250.0,5
TMF,202604,2026-02-27 03:05:00,35241.0,35242.0,35241.0,35241.0,6
TMF,202604,2026-02-27 03:06:00,35242.0,35242.0,35241.0,35241.0,2
TMF,202604,2026-02-27 03:08:00,35250.0,35250.0,35250.0,35250.0,2
TMF,202604,2026-02-27 03:09:00,35250.0,35250.0,35250.0,35250.0,1
TMF,202604,2026-02-27 03:10:00,35260.0,35279.0,35260.0,35277.0,23
TMF,202604,2026-02-27 03:11:00,35270.0,35270.0,35260.0,35270.0,5
TMF,202604,2026-02-27 03:12:00,35269.0,35269.0,35269.0,35269.0,1
TMF,202604,2026-02-27 03:13:00,35262.0,35272.0,35262.0,35272.0,9
TMF,202604,2026-02-27 03:14:00,35277.0,35277.0,35270.0,35272.0,5
TMF,202604,2026-02-27 03:15:00,35278.0,35280.0,35275.0,35275.0,8
TMF,202604,2026-02-27 03:16:00,35277.0,35290.0,35277.0,35282.0,9
TMF,202604,2026-02-27 03:17:00,35282.0,35282.0,35282.0,35282.0,1
TMF,202604,2026-02-27 03:18:00,35291.0,35295.0,35276.0,35276.0,5
TMF,202604,2026-02-27 03:19:00,35270.0,35270.0,35267.0,35267.0,3
TMF,202604,2026-02-27 03:20:00,35273.0,35273.0,35273.0,35273.0,1
TMF,202604,2026-02-27 03:21:00,35273.0,35273.0,35273.0,35273.0,1
TMF,202604,2026-02-27 03:22:00,35270.0,35271.0,35268.0,35271.0,3
TMF,202604,2026-02-27 03:24:00,35278.0,35286.0,35278.0,35286.0,4
TMF,202604,2026-02-27 03:25:00,35280.0,35280.0,35270.0,35270.0,4
TMF,202604,2026-02-27 03:26:00,35265.0,35265.0,35257.0,35260.0,4
TMF,202604,2026-02-27 03:27:00,35262.0,35262.0,35252.0,35252.0,3
TMF,202604,2026-02-27 03:28:00,35251.0,35251.0,35240.0,35251.0,11
TMF,202604,2026-02-27 03:30:00,35243.0,35245.0,35240.0,35245.0,4
TMF,202604,2026-02-27 03:31:00,35253.0,35253.0,35252.0,35252.0,4
TMF,202604,2026-02-27 03:32:00,35257.0,35269.0,35257.0,35269.0,3
TMF,202604,2026-02-27 03:33:00,35260.0,35260.0,35260.0,35260.0,3
TMF,202604,2026-02-27 03:34:00,35270.0,35270.0,35270.0,35270.0,3
TMF,202604,2026-02-27 03:35:00,35268.0,35268.0,35268.0,35268.0,1
TMF,202604,2026-02-27 03:36:00,35254.0,35254.0,35253.0,35253.0,4
TMF,202604,2026-02-27 03:37:00,35255.0,35255.0,35255.0,35255.0,1
TMF,202604,2026-02-27 03:39:00,35241.0,35246.0,35240.0,35240.0,3
TMF,202604,2026-02-27 03:40:00,35246.0,35246.0,35246.0,35246.0,1
TMF,202604,2026-02-27 03:41:00,35249.0,35249.0,35249.0,35249.0,3
TMF,202604,2026-02-27 03:42:00,35255.0,35255.0,35255.0,35255.0,1
TMF,202604,2026-02-27 03:45:00,35254.0,35255.0,35254.0,35255.0,7
TMF,202604,2026-02-27 03:46:00,35268.0,35268.0,35267.0,35267.0,2
TMF,202604,2026-02-27 03:47:00,35269.0,35280.0,35269.0,35280.0,4
TMF,202604,2026-02-27 03:48:00,35283.0,35283.0,35280.0,35280.0,2
TMF,202604,2026-02-27 03:51:00,35254.0,35255.0,35254.0,35255.0,2
TMF,202604,2026-02-27 03:55:00,35280.0,35280.0,35280.0,35280.0,2
TMF,202604,2026-02-27 03:56:00,35283.0,35283.0,35282.0,35282.0,3
TMF,202604,2026-02-27 03:57:00,35276.0,35276.0,35276.0,35276.0,1
TMF,202604,2026-02-27 03:58:00,35276.0,35276.0,35276.0,35276.0,2
TMF,202604,2026-02-27 03:59:00,35260.0,35260.0,35260.0,35260.0,1
TMF,202604,2026-02-27 04:00:00,35253.0,35253.0,35250.0,35250.0,2
TMF,202604,2026-02-27 04:01:00,35260.0,35260.0,35260.0,35260.0,1
TMF,202604,2026-02-27 04:03:00,35266.0,35271.0,35266.0,35271.0,2
TMF,202604,2026-02-27 04:05:00,35277.0,35280.0,35277.0,35280.0,2
TMF,202604,2026-02-27 04:06:00,35285.0,35288.0,35280.0,35280.0,6
TMF,202604,2026-02-27 04:07:00,35288.0,35288.0,35288.0,35288.0,2
TMF,202604,2026-02-27 04:08:00,35270.0,35272.0,35262.0,35272.0,3
TMF,202604,2026-02-27 04:09:00,35260.0,35260.0,35250.0,35250.0,4
TMF,202604,2026-02-27 04:10:00,35249.0,35249.0,35249.0,35249.0,1
TMF,202604,2026-02-27 04:11:00,35248.0,35248.0,35248.0,35248.0,1
TMF,202604,2026-02-27 04:12:00,35248.0,35248.0,35248.0,35248.0,1
TMF,202604,2026-02-27 04:13:00,35248.0,35248.0,35237.0,35237.0,2
TMF,202604,2026-02-27 04:14:00,35235.0,35235.0,35235.0,35235.0,1
TMF,202604,2026-02-27 04:15:00,35226.0,35226.0,35222.0,35222.0,2
TMF,202604,2026-02-27 04:16:00,35220.0,35228.0,35212.0,35225.0,7
TMF,202604,2026-02-27 04:18:00,35237.0,35247.0,35237.0,35247.0,2
TMF,202604,2026-02-27 04:20:00,35244.0,35244.0,35244.0,35244.0,1
TMF,202604,2026-02-27 04:21:00,35232.0,35232.0,35232.0,35232.0,1
TMF,202604,2026-02-27 04:23:00,35230.0,35230.0,35228.0,35228.0,4
TMF,202604,2026-02-27 04:25:00,35230.0,35230.0,35218.0,35218.0,5
TMF,202604,2026-02-27 04:27:00,35225.0,35226.0,35225.0,35226.0,2
TMF,202604,2026-02-27 04:28:00,35225.0,35225.0,35222.0,35222.0,3
TMF,202604,2026-02-27 04:30:00,35222.0,35226.0,35222.0,35226.0,6
TMF,202604,2026-02-27 04:31:00,35222.0,35230.0,35222.0,35229.0,4
TMF,202604,2026-02-27 04:32:00,35242.0,35242.0,35242.0,35242.0,1
TMF,202604,2026-02-27 04:33:00,35242.0,35242.0,35242.0,35242.0,1
TMF,202604,2026-02-27 04:34:00,35242.0,35250.0,35239.0,35250.0,8
TMF,202604,2026-02-27 04:35:00,35250.0,35251.0,35245.0,35245.0,34
TMF,202604,2026-02-27 04:36:00,35246.0,35248.0,35245.0,35248.0,4
TMF,202604,2026-02-27 04:37:00,35245.0,35245.0,35245.0,35245.0,1
TMF,202604,2026-02-27 04:39:00,35239.0,35245.0,35239.0,35245.0,2
TMF,202604,2026-02-27 04:40:00,35244.0,35244.0,35244.0,35244.0,1
TMF,202604,2026-02-27 04:41:00,35238.0,35238.0,35238.0,35238.0,1
TMF,202604,2026-02-27 04:42:00,35235.0,35235.0,35235.0,35235.0,1
TMF,202604,2026-02-27 04:43:00,35235.0,35235.0,35235.0,35235.0,1
TMF,202604,2026-02-27 04:45:00,35242.0,35242.0,35242.0,35242.0,1
TMF,202604,2026-02-27 04:46:00,35236.0,35236.0,35230.0,35230.0,4
TMF,202604,2026-02-27 04:48:00,35225.0,35225.0,35220.0,35225.0,5
TMF,202604,2026-02-27 04:49:00,35230.0,35230.0,35228.0,35228.0,2
TMF,202604,2026-02-27 04:50:00,35234.0,35234.0,35223.0,35223.0,3
TMF,202604,2026-02-27 04:51:00,35228.0,35228.0,35220.0,35220.0,3
TMF,202604,2026-02-27 04:53:00,35212.0,35212.0,35212.0,35212.0,1
TMF,202604,2026-02-27 04:54:00,35214.0,35220.0,35214.0,35220.0,9
TMF,202604,2026-02-27 04:55:00,35223.0,35228.0,35222.0,35228.0,6
TMF,202604,2026-02-27 04:56:00,35221.0,35221.0,35212.0,35212.0,5
TMF,202604,2026-02-27 04:57:00,35215.0,35215.0,35207.0,35209.0,14
TMF,202604,2026-02-27 04:58:00,35212.0,35212.0,35207.0,35207.0,8
TMF,202604,2026-02-27 04:59:00,35203.0,35205.0,35194.0,35194.0,13
TMF,202605,2026-02-26 15:00:00,35888.0,35900.0,35888.0,35900.0,6
TMF,202605,2026-02-26 15:01:00,35900.0,35900.0,35900.0,35900.0,1
TMF,202605,2026-02-26 15:05:00,35886.0,35886.0,35886.0,35886.0,1
TMF,202605,2026-02-26 15:06:00,35888.0,35888.0,35888.0,35888.0,1
TMF,202605,2026-02-26 15:12:00,35882.0,35882.0,35882.0,35882.0,1
TMF,202605,2026-02-26 15:14:00,35888.0,35888.0,35888.0,35888.0,1
TMF,202605,2026-02-26 15:18:00,35918.0,35918.0,35915.0,35915.0,2
TMF,202605,2026-02-26 15:22:00,35904.0,35904.0,35904.0,35904.0,1
TMF,202605,2026-02-26 15:23:00,35900.0,35900.0,35900.0,35900.0,1
TMF,202605,2026-02-26 15:26:00,35892.0,35892.0,35892.0,35892.0,1
TMF,202605,2026-02-26 15:28:00,35912.0,35920.0,35912.0,35920.0,2
TMF,202605,2026-02-26 15:31:00,35928.0,35928.0,35928.0,35928.0,1
TMF,202605,2026-02-26 15:32:00,35930.0,35930.0,35930.0,35930.0,1
TMF,202605,2026-02-26 15:33:00,35945.0,35950.0,35945.0,35950.0,3
TMF,202605,2026-02-26 15:34:00,35947.0,35947.0,35943.0,35943.0,3
TMF,202605,2026-02-26 15:36:00,35955.0,35955.0,35949.0,35949.0,2
TMF,202605,2026-02-26 15:37:00,35958.0,35958.0,35958.0,35958.0,1
TMF,202605,2026-02-26 15:40:00,35957.0,35957.0,35957.0,35957.0,1
TMF,202605,2026-02-26 15:41:00,35958.0,35960.0,35958.0,35960.0,6
TMF,202605,2026-02-26 15:42:00,35966.0,36000.0,35966.0,36000.0,7
TMF,202605,2026-02-26 15:43:00,36000.0,36001.0,36000.0,36001.0,3
TMF,202605,2026-02-26 15:44:00,36000.0,36000.0,36000.0,36000.0,2
TMF,202605,2026-02-26 15:49:00,35981.0,35982.0,35981.0,35982.0,2
TMF,202605,2026-02-26 15:51:00,35974.0,35974.0,35974.0,35974.0,1
TMF,202605,2026-02-26 15:53:00,35974.0,35986.0,35974.0,35986.0,2
TMF,202605,2026-02-26 15:55:00,35976.0,35976.0,35976.0,35976.0,1
TMF,202605,2026-02-26 15:57:00,35991.0,35991.0,35990.0,35990.0,2
TMF,202605,2026-02-26 15:59:00,35988.0,35988.0,35983.0,35983.0,4
TMF,202605,2026-02-26 16:02:00,35983.0,35983.0,35983.0,35983.0,1
TMF,202605,2026-02-26 16:04:00,35983.0,35983.0,35983.0,35983.0,1
TMF,202605,2026-02-26 16:05:00,36000.0,36000.0,36000.0,36000.0,3
TMF,202605,2026-02-26 16:06:00,36000.0,36003.0,36000.0,36003.0,2
TMF,202605,2026-02-26 16:08:00,36003.0,36003.0,36003.0,36003.0,4
TMF,202605,2026-02-26 16:11:00,36001.0,36001.0,36000.0,36000.0,2
TMF,202605,2026-02-26 16:12:00,36015.0,36015.0,36015.0,36015.0,1
TMF,202605,2026-02-26 16:16:00,36021.0,36021.0,36021.0,36021.0,1
TMF,202605,2026-02-26 16:18:00,36033.0,36033.0,36033.0,36033.0,1
TMF,202605,2026-02-26 16:20:00,36060.0,36060.0,36056.0,36056.0,3
TMF,202605,2026-02-26 16:22:00,36062.0,36062.0,36055.0,36055.0,4
TMF,202605,2026-02-26 16:23:00,36053.0,36053.0,36052.0,36052.0,3
TMF,202605,2026-02-26 16:25:00,36050.0,36050.0,36037.0,36037.0,3
TMF,202605,2026-02-26 16:27:00,36036.0,36040.0,36036.0,36040.0,2
TMF,202605,2026-02-26 16:28:00,36035.0,36035.0,36035.0,36035.0,1
TMF,202605,2026-02-26 16:29:00,36030.0,36030.0,36030.0,36030.0,1
TMF,202605,2026-02-26 16:30:00,36021.0,36021.0,36021.0,36021.0,1
TMF,202605,2026-02-26 16:31:00,36021.0,36021.0,36014.0,36014.0,2
TMF,202605,2026-02-26 16:32:00,36014.0,36014.0,36013.0,36013.0,2
TMF,202605,2026-02-26 16:33:00,36005.0,36005.0,36005.0,36005.0,1
TMF,202605,2026-02-26 16:38:00,35994.0,35994.0,35994.0,35994.0,2
TMF,202605,2026-02-26 16:39:00,35994.0,35994.0,35994.0,35994.0,1
TMF,202605,2026-02-26 16:44:00,35999.0,35999.0,35999.0,35999.0,1
TMF,202605,2026-02-26 16:45:00,35999.0,35999.0,35999.0,35999.0,1
TMF,202605,2026-02-26 16:49:00,35995.0,35995.0,35995.0,35995.0,1
TMF,202605,2026-02-26 16:50:00,35995.0,35995.0,35995.0,35995.0,1
TMF,202605,2026-02-26 16:51:00,35990.0,35990.0,35990.0,35990.0,1
TMF,202605,2026-02-26 16:55:00,35980.0,35980.0,35980.0,35980.0,1
TMF,202605,2026-02-26 16:56:00,35981.0,35981.0,35980.0,35980.0,3
TMF,202605,2026-02-26 17:05:00,36008.0,36008.0,36008.0,36008.0,1
TMF,202605,2026-02-26 17:11:00,36025.0,36030.0,36025.0,36030.0,2
TMF,202605,2026-02-26 17:13:00,36048.0,36048.0,36048.0,36048.0,1
TMF,202605,2026-02-26 17:15:00,36070.0,36074.0,36070.0,36074.0,3
TMF,202605,2026-02-26 17:16:00,36064.0,36064.0,36064.0,36064.0,1
TMF,202605,2026-02-26 17:18:00,36033.0,36033.0,36033.0,36033.0,1
TMF,202605,2026-02-26 17:21:00,36034.0,36034.0,36034.0,36034.0,1
TMF,202605,2026-02-26 17:27:00,36060.0,36066.0,36060.0,36066.0,3
TMF,202605,2026-02-26 17:31:00,36078.0,36078.0,36078.0,36078.0,1
TMF,202605,2026-02-26 17:32:00,36078.0,36078.0,36078.0,36078.0,1
TMF,202605,2026-02-26 17:37:00,36070.0,36070.0,36070.0,36070.0,2
TMF,202605,2026-02-26 17:38:00,36078.0,36078.0,36078.0,36078.0,1
TMF,202605,2026-02-26 17:43:00,36078.0,36078.0,36078.0,36078.0,1
TMF,202605,2026-02-26 17:51:00,36078.0,36078.0,36078.0,36078.0,2
TMF,202605,2026-02-26 17:52:00,36080.0,36080.0,36080.0,36080.0,1
TMF,202605,2026-02-26 17:53:00,36078.0,36078.0,36078.0,36078.0,1
TMF,202605,2026-02-26 17:55:00,36060.0,36060.0,36060.0,36060.0,1
TMF,202605,2026-02-26 17:57:00,36051.0,36051.0,36051.0,36051.0,2
TMF,202605,2026-02-26 18:05:00,36038.0,36038.0,36038.0,36038.0,1
TMF,202605,2026-02-26 18:09:00,36038.0,36038.0,36038.0,36038.0,1
TMF,202605,2026-02-26 18:16:00,36028.0,36028.0,36028.0,36028.0,1
TMF,202605,2026-02-26 18:19:00,36000.0,36000.0,36000.0,36000.0,1
TMF,202605,2026-02-26 18:20:00,36000.0,36000.0,35990.0,35990.0,2
TMF,202605,2026-02-26 18:21:00,35997.0,35997.0,35997.0,35997.0,1
TMF,202605,2026-02-26 18:23:00,35984.0,35987.0,35984.0,35987.0,2
TMF,202605,2026-02-26 18:24:00,35992.0,35992.0,35992.0,35992.0,1
TMF,202605,2026-02-26 18:27:00,35988.0,35988.0,35984.0,35984.0,2
TMF,202605,2026-02-26 18:28:00,35984.0,35984.0,35984.0,35984.0,5
TMF,202605,2026-02-26 18:30:00,35980.0,35980.0,35977.0,35977.0,3
TMF,202605,2026-02-26 18:31:00,36000.0,36000.0,36000.0,36000.0,1
TMF,202605,2026-02-26 18:33:00,36005.0,36005.0,36005.0,36005.0,1
TMF,202605,2026-02-26 18:38:00,36005.0,36005.0,36005.0,36005.0,6
TMF,202605,2026-02-26 18:55:00,35986.0,35986.0,35977.0,35977.0,2
TMF,202605,2026-02-26 18:56:00,35976.0,35976.0,35976.0,35976.0,1
TMF,202605,2026-02-26 18:57:00,35966.0,35966.0,35952.0,35952.0,4
TMF,202605,2026-02-26 18:58:00,35950.0,35950.0,35935.0,35935.0,8
TMF,202605,2026-02-26 18:59:00,35935.0,35935.0,35925.0,35925.0,2
TMF,202605,2026-02-26 19:00:00,35943.0,35943.0,35943.0,35943.0,5
TMF,202605,2026-02-26 19:01:00,35957.0,35957.0,35957.0,35957.0,1
TMF,202605,2026-02-26 19:05:00,35957.0,35957.0,35957.0,35957.0,2
TMF,202605,2026-02-26 19:07:00,35972.0,35972.0,35972.0,35972.0,1
TMF,202605,2026-02-26 19:08:00,35975.0,35976.0,35975.0,35976.0,2
TMF,202605,2026-02-26 19:25:00,35980.0,35980.0,35980.0,35980.0,2
TMF,202605,2026-02-26 19:26:00,35979.0,35979.0,35979.0,35979.0,1
TMF,202605,2026-02-26 19:34:00,35974.0,35974.0,35974.0,35974.0,1
TMF,202605,2026-02-26 19:38:00,35979.0,35979.0,35979.0,35979.0,1
TMF,202605,2026-02-26 19:44:00,35971.0,35971.0,35971.0,35971.0,1
TMF,202605,2026-02-26 19:50:00,35970.0,35970.0,35970.0,35970.0,1
TMF,202605,2026-02-26 19:51:00,35976.0,35976.0,35976.0,35976.0,1
TMF,202605,2026-02-26 19:54:00,35963.0,35963.0,35963.0,35963.0,1
TMF,202605,2026-02-26 20:02:00,35963.0,35963.0,35963.0,35963.0,1
TMF,202605,2026-02-26 20:05:00,35963.0,35963.0,35963.0,35963.0,1
TMF,202605,2026-02-26 20:19:00,35980.0,35980.0,35967.0,35967.0,2
TMF,202605,2026-02-26 20:20:00,35975.0,35975.0,35975.0,35975.0,1
TMF,202605,2026-02-26 20:22:00,35981.0,35981.0,35981.0,35981.0,1
TMF,202605,2026-02-26 20:29:00,35999.0,35999.0,35999.0,35999.0,1
TMF,202605,2026-02-26 20:32:00,36011.0,36011.0,36011.0,36011.0,1
TMF,202605,2026-02-26 20:37:00,35981.0,35981.0,35981.0,35981.0,1
TMF,202605,2026-02-26 20:45:00,35975.0,35975.0,35973.0,35973.0,2
TMF,202605,2026-02-26 20:51:00,35950.0,35950.0,35950.0,35950.0,1
TMF,202605,2026-02-26 20:57:00,35946.0,35946.0,35940.0,35940.0,2
TMF,202605,2026-02-26 21:04:00,35950.0,35950.0,35948.0,35948.0,2
TMF,202605,2026-02-26 21:09:00,35960.0,35960.0,35960.0,35960.0,1
TMF,202605,2026-02-26 21:19:00,35950.0,35950.0,35950.0,35950.0,2
TMF,202605,2026-02-26 21:24:00,35951.0,35951.0,35950.0,35950.0,2
TMF,202605,2026-02-26 21:26:00,35950.0,35950.0,35950.0,35950.0,1
TMF,202605,2026-02-26 21:39:00,35955.0,35955.0,35955.0,35955.0,2
TMF,202605,2026-02-26 21:40:00,35951.0,35951.0,35946.0,35946.0,6
TMF,202605,2026-02-26 21:42:00,35944.0,35944.0,35944.0,35944.0,2
TMF,202605,2026-02-26 21:44:00,35942.0,35942.0,35926.0,35926.0,11
TMF,202605,2026-02-26 21:45:00,35930.0,35930.0,35930.0,35930.0,1
TMF,202605,2026-02-26 21:46:00,35945.0,35945.0,35945.0,35945.0,1
TMF,202605,2026-02-26 21:52:00,35929.0,35929.0,35906.0,35906.0,15
TMF,202605,2026-02-26 21:53:00,35904.0,35904.0,35904.0,35904.0,1
TMF,202605,2026-02-26 21:54:00,35903.0,35903.0,35892.0,35892.0,16
TMF,202605,2026-02-26 21:55:00,35892.0,35892.0,35880.0,35880.0,14
TMF,202605,2026-02-26 21:56:00,35880.0,35880.0,35878.0,35878.0,4
TMF,202605,2026-02-26 22:00:00,35876.0,35896.0,35860.0,35896.0,12
TMF,202605,2026-02-26 22:02:00,35912.0,35912.0,35912.0,35912.0,1
TMF,202605,2026-02-26 22:06:00,35908.0,35908.0,35905.0,35905.0,2
TMF,202605,2026-02-26 22:08:00,35874.0,35874.0,35874.0,35874.0,2
TMF,202605,2026-02-26 22:09:00,35883.0,35883.0,35882.0,35882.0,2
TMF,202605,2026-02-26 22:10:00,35860.0,35860.0,35854.0,35854.0,6
TMF,202605,2026-02-26 22:11:00,35872.0,35887.0,35872.0,35886.0,4
TMF,202605,2026-02-26 22:27:00,35880.0,35880.0,35850.0,35850.0,11
TMF,202605,2026-02-26 22:29:00,35868.0,35868.0,35844.0,35844.0,7
TMF,202605,2026-02-26 22:30:00,35842.0,35842.0,35782.0,35782.0,45
TMF,202605,2026-02-26 22:31:00,35780.0,35800.0,35754.0,35800.0,23
TMF,202605,2026-02-26 22:32:00,35800.0,35800.0,35765.0,35765.0,4
TMF,202605,2026-02-26 22:33:00,35752.0,35771.0,35748.0,35771.0,10
TMF,202605,2026-02-26 22:34:00,35750.0,35750.0,35734.0,35749.0,15
TMF,202605,2026-02-26 22:35:00,35780.0,35780.0,35780.0,35780.0,1
TMF,202605,2026-02-26 22:36:00,35773.0,35773.0,35716.0,35716.0,21
TMF,202605,2026-02-26 22:37:00,35720.0,35750.0,35720.0,35750.0,6
TMF,202605,2026-02-26 22:38:00,35755.0,35760.0,35755.0,35760.0,2
TMF,202605,2026-02-26 22:39:00,35764.0,35764.0,35764.0,35764.0,1
TMF,202605,2026-02-26 22:40:00,35723.0,35723.0,35694.0,35694.0,19
TMF,202605,2026-02-26 22:41:00,35694.0,35711.0,35690.0,35711.0,6
TMF,202605,2026-02-26 22:42:00,35692.0,35692.0,35676.0,35676.0,13
TMF,202605,2026-02-26 22:43:00,35674.0,35692.0,35654.0,35658.0,23
TMF,202605,2026-02-26 22:44:00,35652.0,35652.0,35648.0,35648.0,3
TMF,202605,2026-02-26 22:45:00,35646.0,35646.0,35604.0,35604.0,31
TMF,202605,2026-02-26 22:46:00,35627.0,35666.0,35627.0,35666.0,7
TMF,202605,2026-02-26 22:47:00,35660.0,35660.0,35624.0,35624.0,5
TMF,202605,2026-02-26 22:48:00,35624.0,35624.0,35595.0,35595.0,13
TMF,202605,2026-02-26 22:49:00,35594.0,35622.0,35585.0,35622.0,14
TMF,202605,2026-02-26 22:50:00,35590.0,35590.0,35590.0,35590.0,1
TMF,202605,2026-02-26 22:51:00,35586.0,35586.0,35538.0,35538.0,47
TMF,202605,2026-02-26 22:52:00,35536.0,35536.0,35494.0,35494.0,38
TMF,202605,2026-02-26 22:53:00,35492.0,35518.0,35490.0,35518.0,4
TMF,202605,2026-02-26 22:54:00,35500.0,35530.0,35500.0,35530.0,6
TMF,202605,2026-02-26 22:55:00,35548.0,35553.0,35535.0,35543.0,8
TMF,202605,2026-02-26 22:56:00,35529.0,35529.0,35529.0,35529.0,1
TMF,202605,2026-02-26 22:57:00,35501.0,35501.0,35480.0,35480.0,16
TMF,202605,2026-02-26 22:58:00,35480.0,35480.0,35468.0,35479.0,12
TMF,202605,2026-02-26 22:59:00,35507.0,35507.0,35500.0,35500.0,6
TMF,202605,2026-02-26 23:00:00,35480.0,35530.0,35480.0,35530.0,8
TMF,202605,2026-02-26 23:01:00,35471.0,35471.0,35432.0,35438.0,25
TMF,202605,2026-02-26 23:02:00,35465.0,35488.0,35465.0,35488.0,12
TMF,202605,2026-02-26 23:04:00,35550.0,35550.0,35550.0,35550.0,1
TMF,202605,2026-02-26 23:05:00,35503.0,35503.0,35500.0,35500.0,4
TMF,202605,2026-02-26 23:06:00,35500.0,35523.0,35500.0,35523.0,2
TMF,202605,2026-02-26 23:07:00,35500.0,35500.0,35500.0,35500.0,6
TMF,202605,2026-02-26 23:08:00,35510.0,35510.0,35500.0,35500.0,4
TMF,202605,2026-02-26 23:09:00,35475.0,35475.0,35465.0,35465.0,3
TMF,202605,2026-02-26 23:10:00,35500.0,35500.0,35500.0,35500.0,3
TMF,202605,2026-02-26 23:11:00,35482.0,35482.0,35480.0,35480.0,2
TMF,202605,2026-02-26 23:12:00,35461.0,35461.0,35392.0,35392.0,46
TMF,202605,2026-02-26 23:13:00,35390.0,35391.0,35380.0,35385.0,24
TMF,202605,2026-02-26 23:14:00,35385.0,35385.0,35339.0,35339.0,32
TMF,202605,2026-02-26 23:15:00,35338.0,35338.0,35296.0,35312.0,32
TMF,202605,2026-02-26 23:16:00,35324.0,35324.0,35270.0,35283.0,21
TMF,202605,2026-02-26 23:17:00,35300.0,35313.0,35300.0,35313.0,4
TMF,202605,2026-02-26 23:18:00,35300.0,35300.0,35275.0,35275.0,3
TMF,202605,2026-02-26 23:19:00,35270.0,35270.0,35254.0,35254.0,13
TMF,202605,2026-02-26 23:20:00,35265.0,35265.0,35228.0,35228.0,19
TMF,202605,2026-02-26 23:21:00,35228.0,35230.0,35186.0,35186.0,34
TMF,202605,2026-02-26 23:22:00,35194.0,35194.0,35148.0,35166.0,29
TMF,202605,2026-02-26 23:23:00,35165.0,35177.0,35165.0,35177.0,4
TMF,202605,2026-02-26 23:24:00,35180.0,35180.0,35163.0,35163.0,5
TMF,202605,2026-02-26 23:26:00,35237.0,35237.0,35237.0,35237.0,8
TMF,202605,2026-02-26 23:27:00,35247.0,35255.0,35180.0,35180.0,11
TMF,202605,2026-02-26 23:28:00,35190.0,35190.0,35180.0,35180.0,3
TMF,202605,2026-02-26 23:29:00,35229.0,35229.0,35229.0,35229.0,1
TMF,202605,2026-02-26 23:30:00,35225.0,35225.0,35209.0,35209.0,2
TMF,202605,2026-02-26 23:31:00,35235.0,35235.0,35235.0,35235.0,2
TMF,202605,2026-02-26 23:32:00,35235.0,35235.0,35235.0,35235.0,1
TMF,202605,2026-02-26 23:33:00,35224.0,35224.0,35224.0,35224.0,1
TMF,202605,2026-02-26 23:34:00,35204.0,35204.0,35200.0,35200.0,2
TMF,202605,2026-02-26 23:35:00,35230.0,35235.0,35230.0,35235.0,4
TMF,202605,2026-02-26 23:36:00,35242.0,35242.0,35242.0,35242.0,1
TMF,202605,2026-02-26 23:37:00,35249.0,35249.0,35249.0,35249.0,1
TMF,202605,2026-02-26 23:38:00,35335.0,35335.0,35335.0,35335.0,1
TMF,202605,2026-02-26 23:39:00,35326.0,35345.0,35326.0,35345.0,5
TMF,202605,2026-02-26 23:40:00,35360.0,35385.0,35360.0,35360.0,10
TMF,202605,2026-02-26 23:41:00,35338.0,35338.0,35338.0,35338.0,1
TMF,202605,2026-02-26 23:43:00,35333.0,35354.0,35333.0,35354.0,4
TMF,202605,2026-02-26 23:44:00,35348.0,35350.0,35348.0,35350.0,3
TMF,202605,2026-02-26 23:45:00,35368.0,35375.0,35365.0,35375.0,6
TMF,202605,2026-02-26 23:46:00,35375.0,35375.0,35365.0,35365.0,2
TMF,202605,2026-02-26 23:48:00,35397.0,35397.0,35397.0,35397.0,1
TMF,202605,2026-02-26 23:49:00,35397.0,35397.0,35397.0,35397.0,1
TMF,202605,2026-02-26 23:50:00,35382.0,35382.0,35365.0,35365.0,2
TMF,202605,2026-02-26 23:53:00,35379.0,35379.0,35366.0,35366.0,3
TMF,202605,2026-02-26 23:55:00,35365.0,35365.0,35365.0,35365.0,1
TMF,202605,2026-02-26 23:56:00,35330.0,35330.0,35330.0,35330.0,1
TMF,202605,2026-02-26 23:57:00,35337.0,35337.0,35337.0,35337.0,1
TMF,202605,2026-02-26 23:58:00,35365.0,35365.0,35362.0,35362.0,2
TMF,202605,2026-02-26 23:59:00,35331.0,35331.0,35331.0,35331.0,1
TMF,202605,2026-02-27 00:00:00,35349.0,35349.0,35349.0,35349.0,1
TMF,202605,2026-02-27 00:02:00,35328.0,35342.0,35328.0,35342.0,3
TMF,202605,2026-02-27 00:03:00,35345.0,35345.0,35345.0,35345.0,1
TMF,202605,2026-02-27 00:05:00,35350.0,35350.0,35345.0,35345.0,2
TMF,202605,2026-02-27 00:06:00,35339.0,35339.0,35304.0,35304.0,2
TMF,202605,2026-02-27 00:07:00,35318.0,35318.0,35318.0,35318.0,1
TMF,202605,2026-02-27 00:08:00,35318.0,35330.0,35318.0,35330.0,5
TMF,202605,2026-02-27 00:10:00,35314.0,35314.0,35314.0,35314.0,1
TMF,202605,2026-02-27 00:19:00,35374.0,35374.0,35374.0,35374.0,1
TMF,202605,2026-02-27 00:20:00,35366.0,35366.0,35366.0,35366.0,1
TMF,202605,2026-02-27 00:21:00,35378.0,35380.0,35377.0,35377.0,3
TMF,202605,2026-02-27 00:22:00,35388.0,35425.0,35388.0,35425.0,3
TMF,202605,2026-02-27 00:23:00,35425.0,35425.0,35423.0,35423.0,4
TMF,202605,2026-02-27 00:25:00,35431.0,35467.0,35431.0,35467.0,8
TMF,202605,2026-02-27 00:26:00,35460.0,35460.0,35450.0,35450.0,4
TMF,202605,2026-02-27 00:27:00,35430.0,35430.0,35430.0,35430.0,1
TMF,202605,2026-02-27 00:31:00,35400.0,35400.0,35400.0,35400.0,3
TMF,202605,2026-02-27 00:36:00,35371.0,35371.0,35360.0,35360.0,2
TMF,202605,2026-02-27 00:40:00,35335.0,35335.0,35335.0,35335.0,1
TMF,202605,2026-02-27 00:41:00,35360.0,35360.0,35360.0,35360.0,1
TMF,202605,2026-02-27 00:43:00,35325.0,35325.0,35320.0,35320.0,4
TMF,202605,2026-02-27 00:44:00,35317.0,35317.0,35270.0,35270.0,6
TMF,202605,2026-02-27 00:45:00,35271.0,35271.0,35258.0,35258.0,2
TMF,202605,2026-02-27 00:46:00,35250.0,35250.0,35233.0,35233.0,7
TMF,202605,2026-02-27 00:51:00,35254.0,35254.0,35254.0,35254.0,1
TMF,202605,2026-02-27 00:53:00,35233.0,35233.0,35225.0,35225.0,5
TMF,202605,2026-02-27 00:54:00,35218.0,35218.0,35218.0,35218.0,1
TMF,202605,2026-02-27 00:56:00,35219.0,35219.0,35218.0,35218.0,2
TMF,202605,2026-02-27 00:57:00,35202.0,35202.0,35200.0,35200.0,13
TMF,202605,2026-02-27 00:58:00,35191.0,35191.0,35186.0,35186.0,2
TMF,202605,2026-02-27 01:00:00,35246.0,35246.0,35246.0,35246.0,1
TMF,202605,2026-02-27 01:05:00,35300.0,35300.0,35300.0,35300.0,1
TMF,202605,2026-02-27 01:17:00,35263.0,35263.0,35263.0,35263.0,1
TMF,202605,2026-02-27 01:18:00,35262.0,35262.0,35262.0,35262.0,1
TMF,202605,2026-02-27 01:22:00,35255.0,35255.0,35255.0,35255.0,1
TMF,202605,2026-02-27 01:32:00,35296.0,35296.0,35296.0,35296.0,1
TMF,202605,2026-02-27 01:33:00,35321.0,35321.0,35321.0,35321.0,1
TMF,202605,2026-02-27 01:35:00,35287.0,35287.0,35287.0,35287.0,1
TMF,202605,2026-02-27 01:36:00,35280.0,35280.0,35280.0,35280.0,1
TMF,202605,2026-02-27 01:43:00,35250.0,35250.0,35250.0,35250.0,1
TMF,202605,2026-02-27 01:48:00,35242.0,35242.0,35242.0,35242.0,1
TMF,202605,2026-02-27 01:49:00,35215.0,35215.0,35215.0,35215.0,1
TMF,202605,2026-02-27 01:52:00,35268.0,35268.0,35268.0,35268.0,1
TMF,202605,2026-02-27 02:08:00,35210.0,35210.0,35210.0,35210.0,1
TMF,202605,2026-02-27 02:18:00,35277.0,35277.0,35277.0,35277.0,1
TMF,202605,2026-02-27 02:28:00,35280.0,35280.0,35274.0,35274.0,2
TMF,202605,2026-02-27 02:33:00,35299.0,35300.0,35299.0,35300.0,3
TMF,202605,2026-02-27 02:34:00,35333.0,35333.0,35333.0,35333.0,1
TMF,202605,2026-02-27 02:36:00,35343.0,35380.0,35343.0,35380.0,4
TMF,202605,2026-02-27 02:48:00,35351.0,35351.0,35351.0,35351.0,1
TMF,202605,2026-02-27 02:50:00,35342.0,35343.0,35342.0,35343.0,2
TMF,202605,2026-02-27 02:52:00,35343.0,35343.0,35343.0,35343.0,1
TMF,202605,2026-02-27 02:55:00,35343.0,35343.0,35343.0,35343.0,2
TMF,202605,2026-02-27 03:01:00,35351.0,35351.0,35351.0,35351.0,2
TMF,202605,2026-02-27 03:21:00,35408.0,35408.0,35408.0,35408.0,1
TMF,202605,2026-02-27 03:23:00,35406.0,35406.0,35406.0,35406.0,1
TMF,202605,2026-02-27 03:43:00,35392.0,35392.0,35392.0,35392.0,1
TMF,202605,2026-02-27 03:47:00,35406.0,35406.0,35406.0,35406.0,4
TMF,202605,2026-02-27 03:49:00,35406.0,35406.0,35406.0,35406.0,1
TMF,202605,2026-02-27 03:53:00,35406.0,35406.0,35406.0,35406.0,1
TMF,202605,2026-02-27 04:05:00,35406.0,35406.0,35406.0,35406.0,1
TMF,202605,2026-02-27 04:15:00,35357.0,35357.0,35357.0,35357.0,1
TMF,202605,2026-02-27 04:16:00,35348.0,35348.0,35347.0,35347.0,2
TMF,202605,2026-02-27 04:23:00,35360.0,35360.0,35360.0,35360.0,1
TMF,202605,2026-02-27 04:29:00,35340.0,35340.0,35338.0,35338.0,2
TMF,202605,2026-02-27 04:34:00,35375.0,35375.0,35375.0,35375.0,1
TMF,202605,2026-02-27 04:35:00,35374.0,35374.0,35374.0,35374.0,2
TMF,202605,2026-02-27 04:40:00,35366.0,35366.0,35366.0,35366.0,1
TMF,202605,2026-02-27 04:44:00,35371.0,35371.0,35371.0,35371.0,3
TMF,202605,2026-02-27 04:52:00,35348.0,35348.0,35348.0,35348.0,1
TMF,202605,2026-02-27 04:54:00,35348.0,35348.0,35348.0,35348.0,2
TMF,202606,2026-02-26 15:00:00,35900.0,35900.0,35900.0,35900.0,1
TMF,202606,2026-02-26 15:02:00,35916.0,35916.0,35916.0,35916.0,1
TMF,202606,2026-02-26 15:05:00,35917.0,35917.0,35916.0,35916.0,13
TMF,202606,2026-02-26 15:09:00,35911.0,35911.0,35911.0,35911.0,1
TMF,202606,2026-02-26 15:11:00,35911.0,35911.0,35911.0,35911.0,1
TMF,202606,2026-02-26 15:13:00,35906.0,35911.0,35906.0,35911.0,2
TMF,202606,2026-02-26 15:18:00,35950.0,35950.0,35950.0,35950.0,1
TMF,202606,2026-02-26 15:19:00,35950.0,35950.0,35950.0,35950.0,3
TMF,202606,2026-02-26 15:20:00,35938.0,35938.0,35938.0,35938.0,1
TMF,202606,2026-02-26 15:22:00,35940.0,35940.0,35940.0,35940.0,1
TMF,202606,2026-02-26 15:23:00,35940.0,35940.0,35940.0,35940.0,1
TMF,202606,2026-02-26 15:28:00,35950.0,35950.0,35950.0,35950.0,2
TMF,202606,2026-02-26 15:30:00,35950.0,35950.0,35950.0,35950.0,1
TMF,202606,2026-02-26 15:33:00,35980.0,35988.0,35980.0,35988.0,3
TMF,202606,2026-02-26 15:34:00,35995.0,35995.0,35995.0,35995.0,1
TMF,202606,2026-02-26 15:38:00,35997.0,35997.0,35997.0,35997.0,1
TMF,202606,2026-02-26 15:39:00,35980.0,35980.0,35980.0,35980.0,1
TMF,202606,2026-02-26 15:40:00,35983.0,35983.0,35983.0,35983.0,1
TMF,202606,2026-02-26 15:42:00,36000.0,36000.0,36000.0,36000.0,4
TMF,202606,2026-02-26 15:44:00,36050.0,36053.0,36050.0,36050.0,3
TMF,202606,2026-02-26 15:45:00,36039.0,36039.0,36039.0,36039.0,1
TMF,202606,2026-02-26 15:47:00,36036.0,36036.0,36036.0,36036.0,1
TMF,202606,2026-02-26 15:48:00,36030.0,36030.0,36020.0,36020.0,5
TMF,202606,2026-02-26 15:51:00,36019.0,36019.0,36019.0,36019.0,1
TMF,202606,2026-02-26 15:53:00,36018.0,36020.0,36018.0,36020.0,2
TMF,202606,2026-02-26 15:55:00,36020.0,36020.0,36020.0,36020.0,1
TMF,202606,2026-02-26 15:56:00,36011.0,36011.0,36011.0,36011.0,1
TMF,202606,2026-02-26 16:00:00,36011.0,36011.0,36010.0,36010.0,3
TMF,202606,2026-02-26 16:01:00,36003.0,36026.0,36003.0,36026.0,2
TMF,202606,2026-02-26 16:02:00,36026.0,36026.0,36026.0,36026.0,1
TMF,202606,2026-02-26 16:03:00,36026.0,36026.0,36026.0,36026.0,1
TMF,202606,2026-02-26 16:05:00,36030.0,36039.0,36030.0,36039.0,2
TMF,202606,2026-02-26 16:06:00,36037.0,36050.0,36037.0,36045.0,10
TMF,202606,2026-02-26 16:07:00,36047.0,36047.0,36047.0,36047.0,1
TMF,202606,2026-02-26 16:09:00,36046.0,36046.0,36046.0,36046.0,1
TMF,202606,2026-02-26 16:11:00,36035.0,36035.0,36035.0,36035.0,3
TMF,202606,2026-02-26 16:14:00,36050.0,36063.0,36044.0,36044.0,6
TMF,202606,2026-02-26 16:15:00,36058.0,36058.0,36058.0,36058.0,2
TMF,202606,2026-02-26 16:16:00,36076.0,36076.0,36076.0,36076.0,2
TMF,202606,2026-02-26 16:18:00,36076.0,36076.0,36076.0,36076.0,2
TMF,202606,2026-02-26 16:19:00,36098.0,36101.0,36098.0,36100.0,15
TMF,202606,2026-02-26 16:20:00,36098.0,36099.0,36098.0,36099.0,2
TMF,202606,2026-02-26 16:21:00,36100.0,36100.0,36100.0,36100.0,2
TMF,202606,2026-02-26 16:22:00,36100.0,36100.0,36099.0,36099.0,2
TMF,202606,2026-02-26 16:24:00,36080.0,36080.0,36080.0,36080.0,4
TMF,202606,2026-02-26 16:25:00,36092.0,36092.0,36092.0,36092.0,1
TMF,202606,2026-02-26 16:27:00,36076.0,36076.0,36065.0,36065.0,3
TMF,202606,2026-02-26 16:29:00,36072.0,36072.0,36072.0,36072.0,1
TMF,202606,2026-02-26 16:30:00,36051.0,36051.0,36051.0,36051.0,1
TMF,202606,2026-02-26 16:33:00,36040.0,36040.0,36040.0,36040.0,2
TMF,202606,2026-02-26 16:37:00,36020.0,36020.0,36017.0,36017.0,2
TMF,202606,2026-02-26 16:38:00,36014.0,36014.0,36014.0,36014.0,3
TMF,202606,2026-02-26 16:43:00,36021.0,36021.0,36021.0,36021.0,1
TMF,202606,2026-02-26 16:44:00,36039.0,36039.0,36039.0,36039.0,1
TMF,202606,2026-02-26 16:47:00,36034.0,36034.0,36034.0,36034.0,1
TMF,202606,2026-02-26 16:51:00,36024.0,36024.0,36020.0,36020.0,2
TMF,202606,2026-02-26 16:52:00,36014.0,36014.0,36014.0,36014.0,6
TMF,202606,2026-02-26 16:53:00,36023.0,36023.0,36023.0,36023.0,1
TMF,202606,2026-02-26 16:59:00,36023.0,36023.0,36023.0,36023.0,1
TMF,202606,2026-02-26 17:05:00,36036.0,36036.0,36036.0,36036.0,1
TMF,202606,2026-02-26 17:07:00,36038.0,36038.0,36038.0,36038.0,1
TMF,202606,2026-02-26 17:09:00,36054.0,36054.0,36054.0,36054.0,1
TMF,202606,2026-02-26 17:14:00,36096.0,36098.0,36096.0,36098.0,6
TMF,202606,2026-02-26 17:15:00,36100.0,36105.0,36100.0,36102.0,3
TMF,202606,2026-02-26 17:16:00,36075.0,36099.0,36075.0,36099.0,2
TMF,202606,2026-02-26 17:17:00,36092.0,36095.0,36092.0,36095.0,3
TMF,202606,2026-02-26 17:18:00,36076.0,36076.0,36076.0,36076.0,1
TMF,202606,2026-02-26 17:22:00,36077.0,36077.0,36077.0,36077.0,1
TMF,202606,2026-02-26 17:23:00,36077.0,36077.0,36077.0,36077.0,1
TMF,202606,2026-02-26 17:26:00,36099.0,36099.0,36099.0,36099.0,1
TMF,202606,2026-02-26 17:27:00,36099.0,36105.0,36099.0,36105.0,4
TMF,202606,2026-02-26 17:31:00,36120.0,36120.0,36120.0,36120.0,3
TMF,202606,2026-02-26 17:32:00,36120.0,36120.0,36120.0,36120.0,1
TMF,202606,2026-02-26 17:35:00,36116.0,36116.0,36112.0,36112.0,2
TMF,202606,2026-02-26 17:36:00,36118.0,36118.0,36118.0,36118.0,1
TMF,202606,2026-02-26 17:37:00,36117.0,36117.0,36117.0,36117.0,1
TMF,202606,2026-02-26 17:38:00,36127.0,36127.0,36127.0,36127.0,1
TMF,202606,2026-02-26 17:51:00,36115.0,36115.0,36115.0,36115.0,1
TMF,202606,2026-02-26 18:05:00,36067.0,36067.0,36064.0,36064.0,3
TMF,202606,2026-02-26 18:08:00,36068.0,36068.0,36068.0,36068.0,1
TMF,202606,2026-02-26 18:16:00,36062.0,36062.0,36060.0,36060.0,2
TMF,202606,2026-02-26 18:17:00,36058.0,36058.0,36058.0,36058.0,1
TMF,202606,2026-02-26 18:18:00,36050.0,36050.0,36050.0,36050.0,1
TMF,202606,2026-02-26 18:19:00,36042.0,36042.0,36039.0,36039.0,6
TMF,202606,2026-02-26 18:27:00,36020.0,36020.0,36019.0,36019.0,2
TMF,202606,2026-02-26 18:30:00,36010.0,36010.0,36010.0,36010.0,1
TMF,202606,2026-02-26 18:33:00,36040.0,36040.0,36040.0,36040.0,1
TMF,202606,2026-02-26 18:37:00,36040.0,36040.0,36034.0,36034.0,2
TMF,202606,2026-02-26 18:44:00,36040.0,36040.0,36040.0,36040.0,4
TMF,202606,2026-02-26 18:50:00,36036.0,36036.0,36030.0,36030.0,6
TMF,202606,2026-02-26 18:57:00,36010.0,36010.0,35988.0,35998.0,11
TMF,202606,2026-02-26 18:58:00,35988.0,35988.0,35980.0,35980.0,2
TMF,202606,2026-02-26 18:59:00,35964.0,35964.0,35960.0,35960.0,2
TMF,202606,2026-02-26 19:02:00,35980.0,35980.0,35980.0,35980.0,1
TMF,202606,2026-02-26 19:12:00,36010.0,36010.0,36010.0,36010.0,1
TMF,202606,2026-02-26 19:18:00,36000.0,36000.0,36000.0,36000.0,1
TMF,202606,2026-02-26 19:24:00,36000.0,36000.0,36000.0,36000.0,1
TMF,202606,2026-02-26 19:25:00,36000.0,36000.0,36000.0,36000.0,1
TMF,202606,2026-02-26 19:45:00,36000.0,36000.0,36000.0,36000.0,1
TMF,202606,2026-02-26 19:48:00,36000.0,36000.0,36000.0,36000.0,4
TMF,202606,2026-02-26 19:51:00,36011.0,36011.0,36011.0,36011.0,1
TMF,202606,2026-02-26 19:59:00,36009.0,36009.0,36009.0,36009.0,1
TMF,202606,2026-02-26 20:11:00,35994.0,35994.0,35994.0,35994.0,1
TMF,202606,2026-02-26 20:23:00,36015.0,36015.0,36015.0,36015.0,1
TMF,202606,2026-02-26 20:24:00,36026.0,36026.0,36026.0,36026.0,1
TMF,202606,2026-02-26 20:33:00,36042.0,36042.0,36042.0,36042.0,1
TMF,202606,2026-02-26 20:35:00,36046.0,36046.0,36042.0,36042.0,21
TMF,202606,2026-02-26 20:45:00,36010.0,36010.0,36010.0,36010.0,1
TMF,202606,2026-02-26 20:46:00,35993.0,35993.0,35993.0,35993.0,1
TMF,202606,2026-02-26 20:47:00,35993.0,35993.0,35993.0,35993.0,1
TMF,202606,2026-02-26 20:51:00,35990.0,35990.0,35990.0,35990.0,1
TMF,202606,2026-02-26 20:52:00,35985.0,35985.0,35985.0,35985.0,1
TMF,202606,2026-02-26 20:58:00,35973.0,35973.0,35973.0,35973.0,1
TMF,202606,2026-02-26 20:59:00,35976.0,35976.0,35976.0,35976.0,1
TMF,202606,2026-02-26 21:01:00,35980.0,35995.0,35980.0,35995.0,2
TMF,202606,2026-02-26 21:03:00,35995.0,35998.0,35995.0,35998.0,2
TMF,202606,2026-02-26 21:07:00,35988.0,35998.0,35988.0,35998.0,2
TMF,202606,2026-02-26 21:12:00,35998.0,35998.0,35998.0,35998.0,1
TMF,202606,2026-02-26 21:28:00,35998.0,36031.0,35998.0,36031.0,2
TMF,202606,2026-02-26 21:42:00,35978.0,35978.0,35978.0,35978.0,1
TMF,202606,2026-02-26 21:44:00,35976.0,35976.0,35962.0,35970.0,8
TMF,202606,2026-02-26 21:52:00,35957.0,35957.0,35945.0,35945.0,4
TMF,202606,2026-02-26 21:55:00,35922.0,35922.0,35907.0,35907.0,2
TMF,202606,2026-02-26 22:00:00,35908.0,35908.0,35900.0,35900.0,7
TMF,202606,2026-02-26 22:01:00,35925.0,35944.0,35925.0,35944.0,3
TMF,202606,2026-02-26 22:05:00,35944.0,35944.0,35944.0,35944.0,1
TMF,202606,2026-02-26 22:09:00,35903.0,35903.0,35903.0,35903.0,1
TMF,202606,2026-02-26 22:10:00,35888.0,35901.0,35888.0,35901.0,2
TMF,202606,2026-02-26 22:12:00,35920.0,35920.0,35920.0,35920.0,1
TMF,202606,2026-02-26 22:25:00,35929.0,35929.0,35929.0,35929.0,1
TMF,202606,2026-02-26 22:27:00,35900.0,35900.0,35888.0,35888.0,10
TMF,202606,2026-02-26 22:30:00,35880.0,35880.0,35826.0,35829.0,9
TMF,202606,2026-02-26 22:31:00,35810.0,35810.0,35800.0,35800.0,8
TMF,202606,2026-02-26 22:32:00,35830.0,35830.0,35800.0,35800.0,14
TMF,202606,2026-02-26 22:33:00,35799.0,35799.0,35799.0,35799.0,1
TMF,202606,2026-02-26 22:34:00,35790.0,35790.0,35780.0,35780.0,5
TMF,202606,2026-02-26 22:35:00,35790.0,35820.0,35790.0,35808.0,12
TMF,202606,2026-02-26 22:36:00,35773.0,35773.0,35755.0,35755.0,13
TMF,202606,2026-02-26 22:37:00,35760.0,35760.0,35760.0,35760.0,1
TMF,202606,2026-02-26 22:38:00,35798.0,35799.0,35779.0,35779.0,4
TMF,202606,2026-02-26 22:39:00,35790.0,35805.0,35790.0,35805.0,5
TMF,202606,2026-02-26 22:40:00,35770.0,35770.0,35750.0,35750.0,11
TMF,202606,2026-02-26 22:41:00,35750.0,35750.0,35740.0,35740.0,2
TMF,202606,2026-02-26 22:42:00,35730.0,35730.0,35725.0,35725.0,3
TMF,202606,2026-02-26 22:43:00,35720.0,35720.0,35700.0,35700.0,9
TMF,202606,2026-02-26 22:44:00,35700.0,35700.0,35700.0,35700.0,6
TMF,202606,2026-02-26 22:45:00,35690.0,35690.0,35644.0,35644.0,11
TMF,202606,2026-02-26 22:46:00,35693.0,35705.0,35693.0,35705.0,6
TMF,202606,2026-02-26 22:47:00,35667.0,35677.0,35667.0,35677.0,3
TMF,202606,2026-02-26 22:48:00,35662.0,35670.0,35644.0,35644.0,8
TMF,202606,2026-02-26 22:49:00,35638.0,35640.0,35633.0,35633.0,8
TMF,202606,2026-02-26 22:50:00,35658.0,35670.0,35633.0,35633.0,8
TMF,202606,2026-02-26 22:51:00,35630.0,35630.0,35600.0,35615.0,10
TMF,202606,2026-02-26 22:52:00,35570.0,35570.0,35550.0,35553.0,7
TMF,202606,2026-02-26 22:53:00,35553.0,35588.0,35553.0,35585.0,9
TMF,202606,2026-02-26 22:54:00,35578.0,35580.0,35572.0,35580.0,8
TMF,202606,2026-02-26 22:55:00,35600.0,35600.0,35570.0,35570.0,7
TMF,202606,2026-02-26 22:56:00,35566.0,35566.0,35566.0,35566.0,1
TMF,202606,2026-02-26 22:57:00,35540.0,35540.0,35540.0,35540.0,1
TMF,202606,2026-02-26 22:58:00,35512.0,35530.0,35512.0,35530.0,7
TMF,202606,2026-02-26 22:59:00,35540.0,35552.0,35540.0,35540.0,3
TMF,202606,2026-02-26 23:00:00,35521.0,35555.0,35521.0,35555.0,3
TMF,202606,2026-02-26 23:01:00,35518.0,35518.0,35480.0,35480.0,11
TMF,202606,2026-02-26 23:02:00,35500.0,35515.0,35500.0,35515.0,2
TMF,202606,2026-02-26 23:04:00,35583.0,35584.0,35583.0,35584.0,3
TMF,202606,2026-02-26 23:05:00,35532.0,35532.0,35532.0,35532.0,1
TMF,202606,2026-02-26 23:06:00,35566.0,35566.0,35544.0,35544.0,3
TMF,202606,2026-02-26 23:07:00,35566.0,35566.0,35550.0,35550.0,3
TMF,202606,2026-02-26 23:08:00,35550.0,35550.0,35550.0,35550.0,1
TMF,202606,2026-02-26 23:09:00,35511.0,35511.0,35511.0,35511.0,1
TMF,202606,2026-02-26 23:10:00,35550.0,35550.0,35550.0,35550.0,3
TMF,202606,2026-02-26 23:12:00,35510.0,35510.0,35425.0,35425.0,9
TMF,202606,2026-02-26 23:13:00,35425.0,35439.0,35425.0,35439.0,3
TMF,202606,2026-02-26 23:14:00,35414.0,35414.0,35400.0,35400.0,10
TMF,202606,2026-02-26 23:15:00,35391.0,35391.0,35345.0,35357.0,12
TMF,202606,2026-02-26 23:16:00,35357.0,35357.0,35316.0,35329.0,11
TMF,202606,2026-02-26 23:17:00,35360.0,35379.0,35354.0,35364.0,5
TMF,202606,2026-02-26 23:18:00,35331.0,35337.0,35331.0,35334.0,17
TMF,202606,2026-02-26 23:19:00,35314.0,35323.0,35300.0,35308.0,9
TMF,202606,2026-02-26 23:20:00,35308.0,35308.0,35270.0,35270.0,8
TMF,202606,2026-02-26 23:21:00,35264.0,35285.0,35252.0,35258.0,11
TMF,202606,2026-02-26 23:22:00,35229.0,35229.0,35200.0,35225.0,18
TMF,202606,2026-02-26 23:23:00,35200.0,35221.0,35193.0,35199.0,20
TMF,202606,2026-02-26 23:24:00,35250.0,35250.0,35199.0,35199.0,10
TMF,202606,2026-02-26 23:25:00,35241.0,35241.0,35241.0,35241.0,1
TMF,202606,2026-02-26 23:26:00,35290.0,35309.0,35290.0,35300.0,7
TMF,202606,2026-02-26 23:27:00,35302.0,35302.0,35256.0,35258.0,5
TMF,202606,2026-02-26 23:28:00,35215.0,35215.0,35215.0,35215.0,2
TMF,202606,2026-02-26 23:29:00,35233.0,35274.0,35233.0,35274.0,3
TMF,202606,2026-02-26 23:30:00,35251.0,35252.0,35243.0,35252.0,9
TMF,202606,2026-02-26 23:31:00,35256.0,35256.0,35250.0,35250.0,3
TMF,202606,2026-02-26 23:32:00,35288.0,35288.0,35264.0,35264.0,6
TMF,202606,2026-02-26 23:34:00,35250.0,35250.0,35231.0,35231.0,4
TMF,202606,2026-02-26 23:35:00,35260.0,35260.0,35260.0,35260.0,1
TMF,202606,2026-02-26 23:36:00,35270.0,35270.0,35248.0,35266.0,12
TMF,202606,2026-02-26 23:38:00,35326.0,35326.0,35326.0,35326.0,1
TMF,202606,2026-02-26 23:40:00,35400.0,35407.0,35400.0,35407.0,3
TMF,202606,2026-02-26 23:41:00,35400.0,35400.0,35379.0,35379.0,3
TMF,202606,2026-02-26 23:42:00,35400.0,35400.0,35400.0,35400.0,1
TMF,202606,2026-02-26 23:43:00,35379.0,35407.0,35379.0,35407.0,8
TMF,202606,2026-02-26 23:44:00,35400.0,35400.0,35388.0,35388.0,2
TMF,202606,2026-02-26 23:46:00,35388.0,35388.0,35387.0,35387.0,4
TMF,202606,2026-02-26 23:50:00,35411.0,35411.0,35411.0,35411.0,1
TMF,202606,2026-02-26 23:51:00,35411.0,35411.0,35411.0,35411.0,18
TMF,202606,2026-02-26 23:52:00,35420.0,35421.0,35420.0,35420.0,4
TMF,202606,2026-02-26 23:55:00,35419.0,35419.0,35414.0,35415.0,3
TMF,202606,2026-02-26 23:56:00,35401.0,35401.0,35401.0,35401.0,1
TMF,202606,2026-02-26 23:57:00,35400.0,35401.0,35400.0,35401.0,4
TMF,202606,2026-02-26 23:58:00,35411.0,35411.0,35411.0,35411.0,2
TMF,202606,2026-02-27 00:02:00,35382.0,35382.0,35382.0,35382.0,1
TMF,202606,2026-02-27 00:03:00,35391.0,35400.0,35391.0,35400.0,2
TMF,202606,2026-02-27 00:06:00,35380.0,35382.0,35352.0,35352.0,5
TMF,202606,2026-02-27 00:10:00,35370.0,35370.0,35370.0,35370.0,1
TMF,202606,2026-02-27 00:11:00,35362.0,35362.0,35360.0,35360.0,2
TMF,202606,2026-02-27 00:21:00,35435.0,35435.0,35434.0,35434.0,2
TMF,202606,2026-02-27 00:22:00,35460.0,35482.0,35460.0,35482.0,2
TMF,202606,2026-02-27 00:23:00,35475.0,35475.0,35460.0,35460.0,3
TMF,202606,2026-02-27 00:24:00,35472.0,35488.0,35472.0,35488.0,2
TMF,202606,2026-02-27 00:25:00,35490.0,35515.0,35488.0,35515.0,7
TMF,202606,2026-02-27 00:26:00,35500.0,35500.0,35500.0,35500.0,1
TMF,202606,2026-02-27 00:27:00,35480.0,35480.0,35480.0,35480.0,1
TMF,202606,2026-02-27 00:29:00,35476.0,35476.0,35476.0,35476.0,1
TMF,202606,2026-02-27 00:33:00,35467.0,35467.0,35460.0,35460.0,3
TMF,202606,2026-02-27 00:36:00,35420.0,35420.0,35420.0,35420.0,1
TMF,202606,2026-02-27 00:37:00,35408.0,35408.0,35388.0,35388.0,3
TMF,202606,2026-02-27 00:40:00,35388.0,35388.0,35388.0,35388.0,1
TMF,202606,2026-02-27 00:42:00,35388.0,35388.0,35388.0,35388.0,4
TMF,202606,2026-02-27 00:44:00,35360.0,35360.0,35360.0,35360.0,1
TMF,202606,2026-02-27 00:45:00,35321.0,35321.0,35301.0,35301.0,3
TMF,202606,2026-02-27 00:46:00,35300.0,35300.0,35280.0,35280.0,10
TMF,202606,2026-02-27 00:48:00,35308.0,35314.0,35308.0,35314.0,4
TMF,202606,2026-02-27 00:51:00,35300.0,35300.0,35300.0,35300.0,1
TMF,202606,2026-02-27 00:52:00,35300.0,35300.0,35300.0,35300.0,1
TMF,202606,2026-02-27 00:53:00,35280.0,35280.0,35266.0,35266.0,5
TMF,202606,2026-02-27 00:54:00,35266.0,35266.0,35266.0,35266.0,1
TMF,202606,2026-02-27 00:55:00,35256.0,35256.0,35256.0,35256.0,1
TMF,202606,2026-02-27 00:56:00,35250.0,35266.0,35250.0,35266.0,9
TMF,202606,2026-02-27 00:57:00,35260.0,35260.0,35245.0,35245.0,6
TMF,202606,2026-02-27 00:58:00,35230.0,35230.0,35230.0,35230.0,2
TMF,202606,2026-02-27 00:59:00,35250.0,35250.0,35247.0,35247.0,2
TMF,202606,2026-02-27 01:00:00,35245.0,35280.0,35245.0,35280.0,8
TMF,202606,2026-02-27 01:01:00,35288.0,35288.0,35288.0,35288.0,1
TMF,202606,2026-02-27 01:02:00,35288.0,35288.0,35288.0,35288.0,2
TMF,202606,2026-02-27 01:03:00,35300.0,35310.0,35300.0,35310.0,5
TMF,202606,2026-02-27 01:04:00,35315.0,35315.0,35315.0,35315.0,1
TMF,202606,2026-02-27 01:05:00,35319.0,35319.0,35319.0,35319.0,1
TMF,202606,2026-02-27 01:08:00,35340.0,35341.0,35340.0,35341.0,3
TMF,202606,2026-02-27 01:14:00,35330.0,35330.0,35330.0,35330.0,1
TMF,202606,2026-02-27 01:17:00,35306.0,35306.0,35306.0,35306.0,1
TMF,202606,2026-02-27 01:18:00,35300.0,35300.0,35300.0,35300.0,1
TMF,202606,2026-02-27 01:27:00,35317.0,35317.0,35317.0,35317.0,1
TMF,202606,2026-02-27 01:29:00,35300.0,35300.0,35300.0,35300.0,1
TMF,202606,2026-02-27 01:32:00,35326.0,35338.0,35326.0,35338.0,2
TMF,202606,2026-02-27 01:35:00,35338.0,35338.0,35338.0,35338.0,1
TMF,202606,2026-02-27 01:36:00,35319.0,35319.0,35319.0,35319.0,1
TMF,202606,2026-02-27 01:49:00,35268.0,35268.0,35240.0,35240.0,4
TMF,202606,2026-02-27 01:51:00,35268.0,35268.0,35268.0,35268.0,1
TMF,202606,2026-02-27 01:55:00,35300.0,35300.0,35300.0,35300.0,3
TMF,202606,2026-02-27 02:03:00,35249.0,35249.0,35249.0,35249.0,3
TMF,202606,2026-02-27 02:14:00,35300.0,35300.0,35300.0,35300.0,5
TMF,202606,2026-02-27 02:19:00,35303.0,35303.0,35303.0,35303.0,3
TMF,202606,2026-02-27 02:22:00,35303.0,35303.0,35303.0,35303.0,1
TMF,202606,2026-02-27 02:31:00,35299.0,35299.0,35299.0,35299.0,1
TMF,202606,2026-02-27 02:36:00,35400.0,35400.0,35400.0,35400.0,1
TMF,202606,2026-02-27 02:40:00,35410.0,35410.0,35410.0,35410.0,1
TMF,202606,2026-02-27 02:44:00,35374.0,35374.0,35373.0,35373.0,3
TMF,202606,2026-02-27 02:45:00,35407.0,35407.0,35407.0,35407.0,2
TMF,202606,2026-02-27 02:48:00,35388.0,35388.0,35388.0,35388.0,2
TMF,202606,2026-02-27 02:49:00,35356.0,35356.0,35356.0,35356.0,1
TMF,202606,2026-02-27 03:02:00,35376.0,35376.0,35376.0,35376.0,1
TMF,202606,2026-02-27 03:09:00,35404.0,35404.0,35404.0,35404.0,1
TMF,202606,2026-02-27 03:10:00,35432.0,35432.0,35432.0,35432.0,5
TMF,202606,2026-02-27 03:11:00,35443.0,35443.0,35443.0,35443.0,1
TMF,202606,2026-02-27 03:14:00,35432.0,35432.0,35432.0,35432.0,1
TMF,202606,2026-02-27 03:16:00,35440.0,35440.0,35440.0,35440.0,1
TMF,202606,2026-02-27 03:32:00,35424.0,35424.0,35424.0,35424.0,1
TMF,202606,2026-02-27 03:47:00,35430.0,35440.0,35430.0,35440.0,2
TMF,202606,2026-02-27 03:50:00,35440.0,35440.0,35440.0,35440.0,1
TMF,202606,2026-02-27 04:14:00,35406.0,35406.0,35406.0,35406.0,1
TMF,202606,2026-02-27 04:18:00,35400.0,35400.0,35400.0,35400.0,1
TMF,202606,2026-02-27 04:19:00,35405.0,35405.0,35405.0,35405.0,1
TMF,202606,2026-02-27 04:28:00,35387.0,35387.0,35387.0,35387.0,3
TMF,202606,2026-02-27 04:52:00,35387.0,35387.0,35387.0,35387.0,1
TMF,202606,2026-02-27 04:53:00,35387.0,35387.0,35387.0,35387.0,1
TMF,202606,2026-02-27 04:54:00,35387.0,35387.0,35387.0,35387.0,1
TMF,202606,2026-02-27 04:57:00,35392.0,35392.0,35392.0,35392.0,1
TMF,202606,2026-02-27 04:58:00,35388.0,35388.0,35388.0,35388.0,1
TMF,202609,2026-02-26 15:00:00,35799.0,35810.0,35799.0,35805.0,4
TMF,202609,2026-02-26 15:05:00,35812.0,35812.0,35812.0,35812.0,1
TMF,202609,2026-02-26 15:09:00,35810.0,35810.0,35805.0,35805.0,7
TMF,202609,2026-02-26 15:18:00,35850.0,35850.0,35850.0,35850.0,2
TMF,202609,2026-02-26 15:19:00,35850.0,35850.0,35850.0,35850.0,1
TMF,202609,2026-02-26 15:28:00,35850.0,35850.0,35850.0,35850.0,1
TMF,202609,2026-02-26 15:30:00,35850.0,35850.0,35850.0,35850.0,1
TMF,202609,2026-02-26 15:32:00,35860.0,35860.0,35860.0,35860.0,1
TMF,202609,2026-02-26 15:33:00,35886.0,35886.0,35886.0,35886.0,3
TMF,202609,2026-02-26 15:35:00,35885.0,35885.0,35885.0,35885.0,1
TMF,202609,2026-02-26 15:36:00,35885.0,35888.0,35885.0,35888.0,5
TMF,202609,2026-02-26 15:39:00,35870.0,35870.0,35870.0,35870.0,1
TMF,202609,2026-02-26 15:42:00,35896.0,35910.0,35896.0,35910.0,3
TMF,202609,2026-02-26 15:43:00,35929.0,35929.0,35929.0,35929.0,1
TMF,202609,2026-02-26 15:44:00,35937.0,35937.0,35937.0,35937.0,2
TMF,202609,2026-02-26 15:47:00,35930.0,35930.0,35930.0,35930.0,1
TMF,202609,2026-02-26 15:49:00,35910.0,35915.0,35910.0,35915.0,3
TMF,202609,2026-02-26 15:51:00,35914.0,35914.0,35914.0,35914.0,1
TMF,202609,2026-02-26 15:52:00,35900.0,35900.0,35900.0,35900.0,1
TMF,202609,2026-02-26 15:53:00,35914.0,35914.0,35914.0,35914.0,1
TMF,202609,2026-02-26 15:55:00,35925.0,35925.0,35925.0,35925.0,1
TMF,202609,2026-02-26 15:56:00,35909.0,35909.0,35909.0,35909.0,1
TMF,202609,2026-02-26 15:58:00,35920.0,35920.0,35920.0,35920.0,1
TMF,202609,2026-02-26 16:00:00,35920.0,35920.0,35920.0,35920.0,1
TMF,202609,2026-02-26 16:02:00,35920.0,35920.0,35920.0,35920.0,1
TMF,202609,2026-02-26 16:05:00,35920.0,35920.0,35920.0,35920.0,1
TMF,202609,2026-02-26 16:06:00,35944.0,35947.0,35944.0,35947.0,2
TMF,202609,2026-02-26 16:11:00,35924.0,35924.0,35923.0,35923.0,2
TMF,202609,2026-02-26 16:12:00,35927.0,35927.0,35927.0,35927.0,1
TMF,202609,2026-02-26 16:16:00,35949.0,35960.0,35949.0,35960.0,9
TMF,202609,2026-02-26 16:21:00,35999.0,35999.0,35999.0,35999.0,1
TMF,202609,2026-02-26 16:26:00,35967.0,35967.0,35967.0,35967.0,1
TMF,202609,2026-02-26 16:28:00,35968.0,35968.0,35968.0,35968.0,5
TMF,202609,2026-02-26 16:29:00,35965.0,35965.0,35960.0,35960.0,5
TMF,202609,2026-02-26 16:37:00,35927.0,35927.0,35926.0,35926.0,2
TMF,202609,2026-02-26 16:38:00,35922.0,35922.0,35922.0,35922.0,1
TMF,202609,2026-02-26 16:40:00,35918.0,35918.0,35918.0,35918.0,1
TMF,202609,2026-02-26 16:45:00,35930.0,35930.0,35930.0,35930.0,1
TMF,202609,2026-02-26 16:47:00,35930.0,35930.0,35930.0,35930.0,1
TMF,202609,2026-02-26 16:49:00,35930.0,35930.0,35930.0,35930.0,1
TMF,202609,2026-02-26 16:51:00,35921.0,35921.0,35920.0,35920.0,2
TMF,202609,2026-02-26 16:53:00,35913.0,35913.0,35911.0,35911.0,2
TMF,202609,2026-02-26 17:08:00,35944.0,35944.0,35944.0,35944.0,1
TMF,202609,2026-02-26 17:09:00,35950.0,35950.0,35950.0,35950.0,1
TMF,202609,2026-02-26 17:10:00,35950.0,35950.0,35950.0,35950.0,1
TMF,202609,2026-02-26 17:12:00,35970.0,35970.0,35970.0,35970.0,1
TMF,202609,2026-02-26 17:14:00,35990.0,35990.0,35978.0,35978.0,2
TMF,202609,2026-02-26 17:15:00,36000.0,36000.0,35993.0,35993.0,12
TMF,202609,2026-02-26 17:17:00,35970.0,35970.0,35970.0,35970.0,1
TMF,202609,2026-02-26 17:18:00,35950.0,35950.0,35950.0,35950.0,1
TMF,202609,2026-02-26 17:29:00,36010.0,36010.0,36010.0,36010.0,1
TMF,202609,2026-02-26 17:35:00,36000.0,36000.0,35991.0,35991.0,3
TMF,202609,2026-02-26 17:43:00,36000.0,36000.0,36000.0,36000.0,2
TMF,202609,2026-02-26 17:47:00,36026.0,36026.0,36026.0,36026.0,4
TMF,202609,2026-02-26 17:53:00,36000.0,36000.0,36000.0,36000.0,1
TMF,202609,2026-02-26 17:54:00,35990.0,35990.0,35990.0,35990.0,1
TMF,202609,2026-02-26 17:57:00,35976.0,35976.0,35976.0,35976.0,1
TMF,202609,2026-02-26 18:09:00,35960.0,35960.0,35960.0,35960.0,1
TMF,202609,2026-02-26 18:12:00,35960.0,35960.0,35960.0,35960.0,1
TMF,202609,2026-02-26 18:14:00,35965.0,35965.0,35965.0,35965.0,1
TMF,202609,2026-02-26 18:16:00,35965.0,35965.0,35965.0,35965.0,1
TMF,202609,2026-02-26 18:18:00,35949.0,35949.0,35949.0,35949.0,1
TMF,202609,2026-02-26 18:22:00,35938.0,35938.0,35938.0,35938.0,1
TMF,202609,2026-02-26 18:25:00,35933.0,35933.0,35933.0,35933.0,1
TMF,202609,2026-02-26 18:26:00,35930.0,35930.0,35920.0,35920.0,3
TMF,202609,2026-02-26 18:29:00,35920.0,35920.0,35920.0,35920.0,1
TMF,202609,2026-02-26 18:30:00,35920.0,35920.0,35920.0,35920.0,1
TMF,202609,2026-02-26 18:43:00,35935.0,35935.0,35934.0,35934.0,4
TMF,202609,2026-02-26 18:44:00,35937.0,35937.0,35935.0,35935.0,4
TMF,202609,2026-02-26 18:50:00,35932.0,35932.0,35932.0,35932.0,1
TMF,202609,2026-02-26 18:57:00,35902.0,35902.0,35890.0,35890.0,6
TMF,202609,2026-02-26 19:00:00,35850.0,35850.0,35850.0,35850.0,1
TMF,202609,2026-02-26 19:03:00,35868.0,35868.0,35868.0,35868.0,1
TMF,202609,2026-02-26 19:11:00,35902.0,35902.0,35902.0,35902.0,10
TMF,202609,2026-02-26 19:15:00,35910.0,35910.0,35910.0,35910.0,1
TMF,202609,2026-02-26 19:25:00,35915.0,35915.0,35915.0,35915.0,1
TMF,202609,2026-02-26 19:34:00,35904.0,35904.0,35904.0,35904.0,1
TMF,202609,2026-02-26 19:46:00,35900.0,35900.0,35900.0,35900.0,1
TMF,202609,2026-02-26 19:47:00,35898.0,35900.0,35898.0,35900.0,8
TMF,202609,2026-02-26 20:16:00,35900.0,35900.0,35900.0,35900.0,1
TMF,202609,2026-02-26 20:18:00,35910.0,35910.0,35910.0,35910.0,1
TMF,202609,2026-02-26 20:21:00,35910.0,35910.0,35910.0,35910.0,1
TMF,202609,2026-02-26 20:29:00,35926.0,35926.0,35926.0,35926.0,1
TMF,202609,2026-02-26 20:31:00,35945.0,35945.0,35945.0,35945.0,1
TMF,202609,2026-02-26 20:33:00,35942.0,35942.0,35933.0,35933.0,3
TMF,202609,2026-02-26 20:36:00,35933.0,35933.0,35933.0,35933.0,4
TMF,202609,2026-02-26 20:37:00,35933.0,35933.0,35920.0,35922.0,4
TMF,202609,2026-02-26 20:38:00,35915.0,35915.0,35915.0,35915.0,4
TMF,202609,2026-02-26 20:39:00,35915.0,35915.0,35915.0,35915.0,1
TMF,202609,2026-02-26 20:40:00,35915.0,35915.0,35915.0,35915.0,1
TMF,202609,2026-02-26 20:41:00,35915.0,35915.0,35915.0,35915.0,2
TMF,202609,2026-02-26 20:45:00,35915.0,35915.0,35915.0,35915.0,2
TMF,202609,2026-02-26 20:46:00,35895.0,35903.0,35895.0,35903.0,2
TMF,202609,2026-02-26 20:49:00,35903.0,35903.0,35903.0,35903.0,2
TMF,202609,2026-02-26 20:51:00,35888.0,35890.0,35888.0,35890.0,2
TMF,202609,2026-02-26 20:52:00,35890.0,35890.0,35885.0,35886.0,3
TMF,202609,2026-02-26 20:53:00,35886.0,35886.0,35886.0,35886.0,1
TMF,202609,2026-02-26 20:55:00,35886.0,35886.0,35886.0,35886.0,2
TMF,202609,2026-02-26 20:57:00,35882.0,35882.0,35882.0,35882.0,1
TMF,202609,2026-02-26 20:58:00,35877.0,35877.0,35877.0,35877.0,1
TMF,202609,2026-02-26 21:00:00,35877.0,35877.0,35877.0,35877.0,1
TMF,202609,2026-02-26 21:40:00,35877.0,35877.0,35877.0,35877.0,1
TMF,202609,2026-02-26 21:44:00,35866.0,35866.0,35860.0,35860.0,3
TMF,202609,2026-02-26 21:52:00,35850.0,35850.0,35843.0,35843.0,2
TMF,202609,2026-02-26 21:54:00,35833.0,35833.0,35820.0,35820.0,3
TMF,202609,2026-02-26 21:58:00,35830.0,35830.0,35830.0,35830.0,1
TMF,202609,2026-02-26 22:00:00,35800.0,35800.0,35800.0,35800.0,7
TMF,202609,2026-02-26 22:02:00,35840.0,35840.0,35840.0,35840.0,1
TMF,202609,2026-02-26 22:07:00,35833.0,35833.0,35833.0,35833.0,1
TMF,202609,2026-02-26 22:20:00,35833.0,35833.0,35833.0,35833.0,1
TMF,202609,2026-02-26 22:29:00,35777.0,35777.0,35777.0,35777.0,1
TMF,202609,2026-02-26 22:30:00,35766.0,35766.0,35720.0,35720.0,13
TMF,202609,2026-02-26 22:31:00,35700.0,35732.0,35693.0,35728.0,11
TMF,202609,2026-02-26 22:33:00,35684.0,35684.0,35684.0,35684.0,3
TMF,202609,2026-02-26 22:34:00,35672.0,35672.0,35670.0,35670.0,6
TMF,202609,2026-02-26 22:36:00,35666.0,35666.0,35650.0,35650.0,5
TMF,202609,2026-02-26 22:38:00,35700.0,35700.0,35700.0,35700.0,1
TMF,202609,2026-02-26 22:41:00,35625.0,35625.0,35625.0,35625.0,1
TMF,202609,2026-02-26 22:42:00,35620.0,35620.0,35620.0,35620.0,2
TMF,202609,2026-02-26 22:43:00,35600.0,35600.0,35598.0,35598.0,5
TMF,202609,2026-02-26 22:44:00,35587.0,35587.0,35587.0,35587.0,1
TMF,202609,2026-02-26 22:45:00,35550.0,35550.0,35543.0,35543.0,2
TMF,202609,2026-02-26 22:47:00,35587.0,35587.0,35587.0,35587.0,1
TMF,202609,2026-02-26 22:48:00,35549.0,35549.0,35549.0,35549.0,1
TMF,202609,2026-02-26 22:49:00,35525.0,35525.0,35521.0,35521.0,3
TMF,202609,2026-02-26 22:50:00,35523.0,35523.0,35523.0,35523.0,1
TMF,202609,2026-02-26 22:51:00,35521.0,35521.0,35488.0,35504.0,16
TMF,202609,2026-02-26 22:52:00,35480.0,35482.0,35440.0,35446.0,11
TMF,202609,2026-02-26 22:53:00,35455.0,35455.0,35455.0,35455.0,1
TMF,202609,2026-02-26 22:57:00,35425.0,35427.0,35412.0,35412.0,4
TMF,202609,2026-02-26 22:59:00,35448.0,35448.0,35448.0,35448.0,1
TMF,202609,2026-02-26 23:00:00,35412.0,35412.0,35412.0,35412.0,1
TMF,202609,2026-02-26 23:01:00,35425.0,35436.0,35370.0,35370.0,10
TMF,202609,2026-02-26 23:02:00,35400.0,35400.0,35400.0,35400.0,2
TMF,202609,2026-02-26 23:04:00,35489.0,35489.0,35489.0,35489.0,2
TMF,202609,2026-02-26 23:09:00,35413.0,35413.0,35400.0,35400.0,5
TMF,202609,2026-02-26 23:10:00,35412.0,35412.0,35412.0,35412.0,1
TMF,202609,2026-02-26 23:12:00,35412.0,35412.0,35332.0,35332.0,9
TMF,202609,2026-02-26 23:13:00,35320.0,35320.0,35320.0,35320.0,1
TMF,202609,2026-02-26 23:14:00,35300.0,35300.0,35300.0,35300.0,3
TMF,202609,2026-02-26 23:15:00,35270.0,35270.0,35250.0,35250.0,4
TMF,202609,2026-02-26 23:16:00,35238.0,35238.0,35233.0,35233.0,2
TMF,202609,2026-02-26 23:17:00,35238.0,35238.0,35238.0,35238.0,1
TMF,202609,2026-02-26 23:19:00,35215.0,35215.0,35200.0,35200.0,10
TMF,202609,2026-02-26 23:20:00,35187.0,35187.0,35180.0,35180.0,3
TMF,202609,2026-02-26 23:21:00,35166.0,35166.0,35125.0,35125.0,5
TMF,202609,2026-02-26 23:22:00,35100.0,35100.0,35072.0,35100.0,4
TMF,202609,2026-02-26 23:23:00,35077.0,35077.0,35077.0,35077.0,1
TMF,202609,2026-02-26 23:24:00,35090.0,35090.0,35090.0,35090.0,1
TMF,202609,2026-02-26 23:26:00,35179.0,35210.0,35179.0,35210.0,3
TMF,202609,2026-02-26 23:27:00,35193.0,35193.0,35137.0,35137.0,4
TMF,202609,2026-02-26 23:28:00,35118.0,35118.0,35116.0,35116.0,2
TMF,202609,2026-02-26 23:30:00,35145.0,35145.0,35145.0,35145.0,1
TMF,202609,2026-02-26 23:32:00,35157.0,35157.0,35145.0,35145.0,6
TMF,202609,2026-02-26 23:34:00,35138.0,35138.0,35138.0,35138.0,1
TMF,202609,2026-02-26 23:39:00,35260.0,35260.0,35260.0,35260.0,1
TMF,202609,2026-02-26 23:40:00,35290.0,35320.0,35290.0,35320.0,4
TMF,202609,2026-02-26 23:41:00,35280.0,35280.0,35280.0,35280.0,1
TMF,202609,2026-02-26 23:42:00,35292.0,35292.0,35292.0,35292.0,2
TMF,202609,2026-02-26 23:43:00,35276.0,35292.0,35276.0,35292.0,2
TMF,202609,2026-02-26 23:51:00,35292.0,35292.0,35292.0,35292.0,1
TMF,202609,2026-02-26 23:55:00,35300.0,35300.0,35300.0,35300.0,1
TMF,202609,2026-02-27 00:00:00,35292.0,35292.0,35292.0,35292.0,1
TMF,202609,2026-02-27 00:01:00,35285.0,35285.0,35285.0,35285.0,1
TMF,202609,2026-02-27 00:03:00,35286.0,35286.0,35286.0,35286.0,3
TMF,202609,2026-02-27 00:04:00,35287.0,35287.0,35287.0,35287.0,1
TMF,202609,2026-02-27 00:06:00,35260.0,35260.0,35260.0,35260.0,1
TMF,202609,2026-02-27 00:10:00,35260.0,35260.0,35260.0,35260.0,1
TMF,202609,2026-02-27 00:22:00,35338.0,35360.0,35338.0,35360.0,2
TMF,202609,2026-02-27 00:24:00,35361.0,35361.0,35361.0,35361.0,3
TMF,202609,2026-02-27 00:25:00,35387.0,35387.0,35387.0,35387.0,4
TMF,202609,2026-02-27 00:39:00,35282.0,35282.0,35282.0,35282.0,1
TMF,202609,2026-02-27 00:43:00,35260.0,35260.0,35260.0,35260.0,1
TMF,202609,2026-02-27 00:44:00,35250.0,35250.0,35200.0,35200.0,3
TMF,202609,2026-02-27 00:45:00,35192.0,35192.0,35192.0,35192.0,1
TMF,202609,2026-02-27 00:46:00,35180.0,35180.0,35180.0,35180.0,1
TMF,202609,2026-02-27 00:51:00,35201.0,35201.0,35201.0,35201.0,3
TMF,202609,2026-02-27 00:53:00,35158.0,35158.0,35158.0,35158.0,3
TMF,202609,2026-02-27 00:54:00,35150.0,35150.0,35150.0,35150.0,1
TMF,202609,2026-02-27 01:23:00,35179.0,35179.0,35179.0,35179.0,1
TMF,202609,2026-02-27 01:36:00,35188.0,35188.0,35188.0,35188.0,1
TMF,202609,2026-02-27 01:37:00,35186.0,35186.0,35179.0,35179.0,3
TMF,202609,2026-02-27 01:38:00,35179.0,35179.0,35179.0,35179.0,2
TMF,202609,2026-02-27 01:59:00,35185.0,35186.0,35185.0,35186.0,2
TMF,202609,2026-02-27 02:07:00,35150.0,35150.0,35150.0,35150.0,1
TMF,202609,2026-02-27 02:10:00,35150.0,35150.0,35150.0,35150.0,1
TMF,202609,2026-02-27 02:12:00,35185.0,35185.0,35185.0,35185.0,1
TMF,202609,2026-02-27 02:17:00,35185.0,35185.0,35185.0,35185.0,1
TMF,202609,2026-02-27 02:36:00,35300.0,35300.0,35300.0,35300.0,1
TMF,202609,2026-02-27 02:45:00,35300.0,35300.0,35300.0,35300.0,1
TMF,202609,2026-02-27 02:48:00,35250.0,35250.0,35250.0,35250.0,1
TMF,202609,2026-02-27 03:03:00,35299.0,35299.0,35299.0,35299.0,1
TMF,202609,2026-02-27 03:09:00,35310.0,35310.0,35310.0,35310.0,1
TMF,202609,2026-02-27 03:17:00,35349.0,35349.0,35349.0,35349.0,1
TMF,202609,2026-02-27 03:20:00,35341.0,35343.0,35341.0,35343.0,2
TMF,202609,2026-02-27 03:28:00,35303.0,35303.0,35303.0,35303.0,1
TMF,202609,2026-02-27 03:40:00,35300.0,35300.0,35300.0,35300.0,1
TMF,202609,2026-02-27 03:49:00,35337.0,35337.0,35337.0,35337.0,1
TMF,202609,2026-02-27 03:58:00,35337.0,35337.0,35337.0,35337.0,1
TMF,202609,2026-02-27 04:14:00,35300.0,35300.0,35300.0,35300.0,1
TMF,202609,2026-02-27 04:32:00,35294.0,35294.0,35294.0,35294.0,1
TMF,202609,2026-02-27 04:39:00,35316.0,35316.0,35316.0,35316.0,1
TMF,202609,2026-02-27 04:51:00,35292.0,35292.0,35292.0,35292.0,1
TMF,202609,2026-02-27 04:58:00,35277.0,35277.0,35277.0,35277.0,1
TMF,202612,2026-02-26 15:00:00,36096.0,36100.0,36096.0,36100.0,4
TMF,202612,2026-02-26 15:12:00,36086.0,36086.0,36086.0,36086.0,1
TMF,202612,2026-02-26 15:33:00,36150.0,36168.0,36150.0,36168.0,3
TMF,202612,2026-02-26 15:42:00,36168.0,36191.0,36168.0,36191.0,6
TMF,202612,2026-02-26 15:43:00,36200.0,36200.0,36200.0,36200.0,2
TMF,202612,2026-02-26 15:44:00,36210.0,36210.0,36210.0,36210.0,1
TMF,202612,2026-02-26 15:45:00,36205.0,36205.0,36205.0,36205.0,1
TMF,202612,2026-02-26 15:49:00,36200.0,36200.0,36200.0,36200.0,1
TMF,202612,2026-02-26 15:50:00,36193.0,36193.0,36193.0,36193.0,1
TMF,202612,2026-02-26 15:51:00,36165.0,36165.0,36165.0,36165.0,1
TMF,202612,2026-02-26 15:53:00,36173.0,36173.0,36173.0,36173.0,1
TMF,202612,2026-02-26 15:56:00,36198.0,36198.0,36198.0,36198.0,1
TMF,202612,2026-02-26 16:01:00,36188.0,36188.0,36188.0,36188.0,1
TMF,202612,2026-02-26 16:06:00,36208.0,36211.0,36208.0,36211.0,2
TMF,202612,2026-02-26 16:14:00,36209.0,36211.0,36209.0,36211.0,4
TMF,202612,2026-02-26 16:18:00,36240.0,36240.0,36240.0,36240.0,1
TMF,202612,2026-02-26 16:19:00,36250.0,36250.0,36250.0,36250.0,3
TMF,202612,2026-02-26 16:20:00,36267.0,36267.0,36267.0,36267.0,1
TMF,202612,2026-02-26 16:22:00,36270.0,36270.0,36270.0,36270.0,1
TMF,202612,2026-02-26 16:23:00,36257.0,36257.0,36257.0,36257.0,1
TMF,202612,2026-02-26 16:30:00,36225.0,36225.0,36225.0,36225.0,1
TMF,202612,2026-02-26 16:32:00,36214.0,36214.0,36214.0,36214.0,1
TMF,202612,2026-02-26 16:37:00,36195.0,36195.0,36195.0,36195.0,1
TMF,202612,2026-02-26 16:38:00,36188.0,36188.0,36188.0,36188.0,1
TMF,202612,2026-02-26 16:40:00,36182.0,36182.0,36182.0,36182.0,1
TMF,202612,2026-02-26 17:04:00,36215.0,36217.0,36215.0,36217.0,2
TMF,202612,2026-02-26 17:15:00,36260.0,36266.0,36260.0,36266.0,3
TMF,202612,2026-02-26 17:17:00,36240.0,36240.0,36240.0,36240.0,1
TMF,202612,2026-02-26 17:47:00,36280.0,36280.0,36269.0,36269.0,2
TMF,202612,2026-02-26 17:54:00,36269.0,36269.0,36269.0,36269.0,1
TMF,202612,2026-02-26 17:56:00,36258.0,36258.0,36258.0,36258.0,1
TMF,202612,2026-02-26 17:57:00,36254.0,36254.0,36254.0,36254.0,1
TMF,202612,2026-02-26 18:01:00,36230.0,36230.0,36230.0,36230.0,1
TMF,202612,2026-02-26 18:02:00,36229.0,36229.0,36229.0,36229.0,1
TMF,202612,2026-02-26 18:03:00,36221.0,36221.0,36221.0,36221.0,1
TMF,202612,2026-02-26 18:16:00,36225.0,36225.0,36225.0,36225.0,1
TMF,202612,2026-02-26 18:18:00,36223.0,36223.0,36223.0,36223.0,2
TMF,202612,2026-02-26 18:28:00,36180.0,36180.0,36180.0,36180.0,1
TMF,202612,2026-02-26 18:31:00,36190.0,36190.0,36190.0,36190.0,1
TMF,202612,2026-02-26 18:50:00,36188.0,36188.0,36188.0,36188.0,1
TMF,202612,2026-02-26 18:57:00,36166.0,36166.0,36161.0,36161.0,2
TMF,202612,2026-02-26 18:58:00,36145.0,36145.0,36145.0,36145.0,1
TMF,202612,2026-02-26 19:01:00,36145.0,36145.0,36145.0,36145.0,1
TMF,202612,2026-02-26 19:03:00,36145.0,36145.0,36145.0,36145.0,3
TMF,202612,2026-02-26 19:11:00,36185.0,36185.0,36185.0,36185.0,5
TMF,202612,2026-02-26 19:12:00,36182.0,36185.0,36182.0,36185.0,7
TMF,202612,2026-02-26 19:15:00,36188.0,36188.0,36188.0,36188.0,1
TMF,202612,2026-02-26 19:28:00,36157.0,36157.0,36157.0,36157.0,1
TMF,202612,2026-02-26 19:33:00,36175.0,36175.0,36175.0,36175.0,1
TMF,202612,2026-02-26 19:43:00,36175.0,36175.0,36175.0,36175.0,1
TMF,202612,2026-02-26 19:56:00,36175.0,36180.0,36175.0,36180.0,4
TMF,202612,2026-02-26 20:02:00,36155.0,36155.0,36155.0,36155.0,1
TMF,202612,2026-02-26 20:29:00,36200.0,36200.0,36200.0,36200.0,10
TMF,202612,2026-02-26 20:31:00,36206.0,36206.0,36206.0,36206.0,1
TMF,202612,2026-02-26 20:46:00,36166.0,36166.0,36166.0,36166.0,2
TMF,202612,2026-02-26 20:47:00,36156.0,36156.0,36156.0,36156.0,1
TMF,202612,2026-02-26 20:52:00,36155.0,36155.0,36155.0,36155.0,1
TMF,202612,2026-02-26 21:41:00,36140.0,36140.0,36140.0,36140.0,1
TMF,202612,2026-02-26 21:44:00,36130.0,36130.0,36130.0,36130.0,1
TMF,202612,2026-02-26 21:52:00,36126.0,36126.0,36126.0,36126.0,1
TMF,202612,2026-02-26 21:53:00,36120.0,36120.0,36120.0,36120.0,1
TMF,202612,2026-02-26 21:54:00,36100.0,36100.0,36100.0,36100.0,2
TMF,202612,2026-02-26 21:56:00,36090.0,36090.0,36090.0,36090.0,1
TMF,202612,2026-02-26 21:58:00,36090.0,36090.0,36090.0,36090.0,1
TMF,202612,2026-02-26 22:00:00,36066.0,36100.0,36065.0,36100.0,4
TMF,202612,2026-02-26 22:10:00,36050.0,36050.0,36050.0,36050.0,1
TMF,202612,2026-02-26 22:11:00,36066.0,36066.0,36066.0,36066.0,1
TMF,202612,2026-02-26 22:13:00,36067.0,36067.0,36067.0,36067.0,1
TMF,202612,2026-02-26 22:15:00,36100.0,36100.0,36100.0,36100.0,1
TMF,202612,2026-02-26 22:29:00,36050.0,36050.0,36050.0,36050.0,1
TMF,202612,2026-02-26 22:30:00,36004.0,36004.0,36000.0,36000.0,5
TMF,202612,2026-02-26 22:31:00,35971.0,35971.0,35971.0,35971.0,1
TMF,202612,2026-02-26 22:32:00,35970.0,35970.0,35970.0,35970.0,1
TMF,202612,2026-02-26 22:34:00,35950.0,35950.0,35947.0,35947.0,4
TMF,202612,2026-02-26 22:36:00,35965.0,35965.0,35930.0,35930.0,3
TMF,202612,2026-02-26 22:40:00,35930.0,35930.0,35900.0,35900.0,3
TMF,202612,2026-02-26 22:41:00,35900.0,35900.0,35900.0,35900.0,1
TMF,202612,2026-02-26 22:42:00,35888.0,35888.0,35888.0,35888.0,2
TMF,202612,2026-02-26 22:43:00,35863.0,35863.0,35863.0,35863.0,1
TMF,202612,2026-02-26 22:44:00,35828.0,35828.0,35828.0,35828.0,1
TMF,202612,2026-02-26 22:45:00,35842.0,35842.0,35812.0,35812.0,4
TMF,202612,2026-02-26 22:46:00,35810.0,35810.0,35810.0,35810.0,1
TMF,202612,2026-02-26 22:48:00,35832.0,35832.0,35800.0,35800.0,4
TMF,202612,2026-02-26 22:49:00,35800.0,35800.0,35800.0,35800.0,1
TMF,202612,2026-02-26 22:50:00,35780.0,35780.0,35780.0,35780.0,1
TMF,202612,2026-02-26 22:51:00,35774.0,35774.0,35722.0,35722.0,10
TMF,202612,2026-02-26 22:52:00,35722.0,35722.0,35710.0,35710.0,5
TMF,202612,2026-02-26 22:53:00,35701.0,35706.0,35700.0,35706.0,6
TMF,202612,2026-02-26 22:56:00,35720.0,35720.0,35720.0,35720.0,1
TMF,202612,2026-02-26 22:58:00,35688.0,35688.0,35688.0,35688.0,1
TMF,202612,2026-02-26 23:01:00,35688.0,35688.0,35658.0,35658.0,5
TMF,202612,2026-02-26 23:03:00,35710.0,35710.0,35710.0,35710.0,5
TMF,202612,2026-02-26 23:04:00,35730.0,35750.0,35730.0,35750.0,2
TMF,202612,2026-02-26 23:08:00,35726.0,35726.0,35726.0,35726.0,1
TMF,202612,2026-02-26 23:09:00,35700.0,35700.0,35700.0,35700.0,1
TMF,202612,2026-02-26 23:10:00,35678.0,35720.0,35677.0,35720.0,4
TMF,202612,2026-02-26 23:11:00,35695.0,35695.0,35695.0,35695.0,1
TMF,202612,2026-02-26 23:12:00,35625.0,35625.0,35601.0,35601.0,3
TMF,202612,2026-02-26 23:13:00,35600.0,35600.0,35600.0,35600.0,5
TMF,202612,2026-02-26 23:14:00,35580.0,35580.0,35580.0,35580.0,1
TMF,202612,2026-02-26 23:16:00,35510.0,35510.0,35486.0,35486.0,15
TMF,202612,2026-02-26 23:18:00,35500.0,35500.0,35500.0,35500.0,3
TMF,202612,2026-02-26 23:19:00,35486.0,35486.0,35486.0,35486.0,1
TMF,202612,2026-02-26 23:20:00,35460.0,35460.0,35450.0,35450.0,9
TMF,202612,2026-02-26 23:21:00,35401.0,35401.0,35400.0,35400.0,4
TMF,202612,2026-02-26 23:22:00,35400.0,35400.0,35366.0,35366.0,8
TMF,202612,2026-02-26 23:23:00,35386.0,35389.0,35386.0,35389.0,3
TMF,202612,2026-02-26 23:27:00,35400.0,35400.0,35400.0,35400.0,3
TMF,202612,2026-02-26 23:29:00,35400.0,35400.0,35400.0,35400.0,1
TMF,202612,2026-02-26 23:40:00,35600.0,35600.0,35600.0,35600.0,1
TMF,202612,2026-02-26 23:42:00,35555.0,35555.0,35550.0,35550.0,2
TMF,202612,2026-02-26 23:44:00,35567.0,35567.0,35567.0,35567.0,1
TMF,202612,2026-02-26 23:45:00,35580.0,35580.0,35580.0,35580.0,1
TMF,202612,2026-02-26 23:48:00,35580.0,35601.0,35580.0,35601.0,2
TMF,202612,2026-02-26 23:50:00,35600.0,35600.0,35600.0,35600.0,1
TMF,202612,2026-02-26 23:51:00,35595.0,35595.0,35595.0,35595.0,1
TMF,202612,2026-02-27 00:11:00,35536.0,35536.0,35535.0,35535.0,3
TMF,202612,2026-02-27 00:22:00,35613.0,35626.0,35613.0,35626.0,3
TMF,202612,2026-02-27 00:24:00,35638.0,35638.0,35638.0,35638.0,1
TMF,202612,2026-02-27 00:38:00,35547.0,35547.0,35547.0,35547.0,1
TMF,202612,2026-02-27 00:44:00,35510.0,35510.0,35500.0,35500.0,5
TMF,202612,2026-02-27 00:53:00,35450.0,35450.0,35450.0,35450.0,1
TMF,202612,2026-02-27 00:54:00,35435.0,35435.0,35435.0,35435.0,1
TMF,202612,2026-02-27 00:58:00,35405.0,35405.0,35400.0,35400.0,5
TMF,202612,2026-02-27 01:05:00,35503.0,35503.0,35503.0,35503.0,1
TMF,202612,2026-02-27 01:09:00,35492.0,35492.0,35492.0,35492.0,1
TMF,202612,2026-02-27 01:11:00,35489.0,35489.0,35489.0,35489.0,1
TMF,202612,2026-02-27 01:14:00,35481.0,35481.0,35480.0,35480.0,3
TMF,202612,2026-02-27 01:37:00,35460.0,35460.0,35460.0,35460.0,2
TMF,202612,2026-02-27 01:45:00,35460.0,35460.0,35460.0,35460.0,3
TMF,202612,2026-02-27 01:49:00,35460.0,35460.0,35450.0,35450.0,2
TMF,202612,2026-02-27 02:07:00,35427.0,35427.0,35427.0,35427.0,1
TMF,202612,2026-02-27 02:39:00,35600.0,35600.0,35600.0,35600.0,2
TMF,202612,2026-02-27 03:10:00,35600.0,35600.0,35600.0,35600.0,3
TMF,202612,2026-02-27 04:51:00,35579.0,35579.0,35579.0,35579.0,1
TMF,202612,2026-02-27 04:53:00,35537.0,35537.0,35537.0,35537.0,1
TX,202603,2026-02-26 15:00:00,35638.0,35698.0,35637.0,35682.0,390
TX,202603,2026-02-26 15:01:00,35683.0,35685.0,35670.0,35673.0,165
TX,202603,2026-02-26 15:02:00,35673.0,35675.0,35658.0,35664.0,135
TX,202603,2026-02-26 15:03:00,35663.0,35672.0,35656.0,35656.0,94
TX,202603,2026-02-26 15:04:00,35659.0,35664.0,35654.0,35661.0,70
TX,202603,2026-02-26 15:05:00,35663.0,35675.0,35663.0,35675.0,75
TX,202603,2026-02-26 15:06:00,35675.0,35675.0,35667.0,35667.0,48
TX,202603,2026-02-26 15:07:00,35670.0,35670.0,35665.0,35667.0,27
TX,202603,2026-02-26 15:08:00,35665.0,35670.0,35662.0,35667.0,34
TX,202603,2026-02-26 15:09:00,35667.0,35668.0,35645.0,35651.0,86
TX,202603,2026-02-26 15:10:00,35655.0,35658.0,35648.0,35648.0,54
TX,202603,2026-02-26 15:11:00,35649.0,35666.0,35649.0,35664.0,44
TX,202603,2026-02-26 15:12:00,35664.0,35665.0,35656.0,35661.0,20
TX,202603,2026-02-26 15:13:00,35660.0,35664.0,35659.0,35664.0,22
TX,202603,2026-02-26 15:14:00,35662.0,35692.0,35661.0,35689.0,108
TX,202603,2026-02-26 15:15:00,35687.0,35695.0,35684.0,35690.0,91
TX,202603,2026-02-26 15:16:00,35690.0,35696.0,35687.0,35696.0,43
TX,202603,2026-02-26 15:17:00,35696.0,35696.0,35691.0,35696.0,32
TX,202603,2026-02-26 15:18:00,35697.0,35703.0,35692.0,35693.0,105
TX,202603,2026-02-26 15:19:00,35691.0,35698.0,35691.0,35698.0,31
TX,202603,2026-02-26 15:20:00,35693.0,35698.0,35693.0,35693.0,13
TX,202603,2026-02-26 15:21:00,35692.0,35692.0,35688.0,35690.0,21
TX,202603,2026-02-26 15:22:00,35691.0,35699.0,35690.0,35699.0,27
TX,202603,2026-02-26 15:23:00,35699.0,35699.0,35678.0,35681.0,69
TX,202603,2026-02-26 15:24:00,35679.0,35685.0,35678.0,35684.0,37
TX,202603,2026-02-26 15:25:00,35681.0,35686.0,35681.0,35682.0,26
TX,202603,2026-02-26 15:26:00,35684.0,35684.0,35673.0,35681.0,48
TX,202603,2026-02-26 15:27:00,35682.0,35692.0,35682.0,35690.0,22
TX,202603,2026-02-26 15:28:00,35693.0,35708.0,35690.0,35705.0,114
TX,202603,2026-02-26 15:29:00,35706.0,35706.0,35695.0,35702.0,45
TX,202603,2026-02-26 15:30:00,35703.0,35708.0,35700.0,35708.0,43
TX,202603,2026-02-26 15:31:00,35705.0,35710.0,35699.0,35710.0,60
TX,202603,2026-02-26 15:32:00,35710.0,35730.0,35710.0,35728.0,176
TX,202603,2026-02-26 15:33:00,35727.0,35744.0,35722.0,35739.0,96
TX,202603,2026-02-26 15:34:00,35735.0,35738.0,35728.0,35733.0,75
TX,202603,2026-02-26 15:35:00,35732.0,35737.0,35732.0,35734.0,63
TX,202603,2026-02-26 15:36:00,35734.0,35744.0,35734.0,35736.0,47
TX,202603,2026-02-26 15:37:00,35740.0,35746.0,35735.0,35735.0,77
TX,202603,2026-02-26 15:38:00,35734.0,35738.0,35727.0,35729.0,62
TX,202603,2026-02-26 15:39:00,35727.0,35731.0,35724.0,35731.0,42
TX,202603,2026-02-26 15:40:00,35732.0,35743.0,35732.0,35739.0,34
TX,202603,2026-02-26 15:41:00,35741.0,35749.0,35740.0,35748.0,38
TX,202603,2026-02-26 15:42:00,35747.0,35785.0,35747.0,35782.0,463
TX,202603,2026-02-26 15:43:00,35782.0,35794.0,35781.0,35788.0,174
TX,202603,2026-02-26 15:44:00,35788.0,35796.0,35780.0,35780.0,146
TX,202603,2026-02-26 15:45:00,35779.0,35783.0,35773.0,35781.0,89
TX,202603,2026-02-26 15:46:00,35781.0,35792.0,35780.0,35780.0,58
TX,202603,2026-02-26 15:47:00,35779.0,35779.0,35769.0,35773.0,93
TX,202603,2026-02-26 15:48:00,35772.0,35778.0,35761.0,35761.0,91
TX,202603,2026-02-26 15:49:00,35760.0,35774.0,35760.0,35770.0,43
TX,202603,2026-02-26 15:50:00,35770.0,35770.0,35756.0,35758.0,68
TX,202603,2026-02-26 15:51:00,35758.0,35762.0,35754.0,35761.0,47
TX,202603,2026-02-26 15:52:00,35761.0,35761.0,35755.0,35756.0,11
TX,202603,2026-02-26 15:53:00,35760.0,35775.0,35760.0,35770.0,54
TX,202603,2026-02-26 15:54:00,35771.0,35773.0,35770.0,35770.0,46
TX,202603,2026-02-26 15:55:00,35771.0,35779.0,35763.0,35764.0,104
TX,202603,2026-02-26 15:56:00,35766.0,35773.0,35763.0,35773.0,30
TX,202603,2026-02-26 15:57:00,35775.0,35783.0,35775.0,35779.0,48
TX,202603,2026-02-26 15:58:00,35779.0,35782.0,35774.0,35774.0,47
TX,202603,2026-02-26 15:59:00,35772.0,35773.0,35763.0,35770.0,30
TX,202603,2026-02-26 16:00:00,35766.0,35771.0,35754.0,35754.0,91
TX,202603,2026-02-26 16:01:00,35753.0,35780.0,35753.0,35775.0,66
TX,202603,2026-02-26 16:02:00,35773.0,35775.0,35765.0,35765.0,32
TX,202603,2026-02-26 16:03:00,35770.0,35779.0,35769.0,35777.0,26
TX,202603,2026-02-26 16:04:00,35777.0,35780.0,35771.0,35772.0,25
TX,202603,2026-02-26 16:05:00,35779.0,35786.0,35775.0,35783.0,47
TX,202603,2026-02-26 16:06:00,35780.0,35803.0,35780.0,35791.0,271
TX,202603,2026-02-26 16:07:00,35794.0,35800.0,35788.0,35788.0,90
TX,202603,2026-02-26 16:08:00,35787.0,35795.0,35783.0,35791.0,39
TX,202603,2026-02-26 16:09:00,35788.0,35794.0,35783.0,35793.0,39
TX,202603,2026-02-26 16:10:00,35792.0,35796.0,35785.0,35787.0,58
TX,202603,2026-02-26 16:11:00,35786.0,35795.0,35777.0,35794.0,56
TX,202603,2026-02-26 16:12:00,35793.0,35796.0,35788.0,35790.0,39
TX,202603,2026-02-26 16:13:00,35788.0,35788.0,35780.0,35788.0,31
TX,202603,2026-02-26 16:14:00,35790.0,35806.0,35790.0,35801.0,105
TX,202603,2026-02-26 16:15:00,35802.0,35803.0,35796.0,35801.0,42
TX,202603,2026-02-26 16:16:00,35803.0,35820.0,35800.0,35815.0,147
TX,202603,2026-02-26 16:17:00,35815.0,35820.0,35812.0,35815.0,85
TX,202603,2026-02-26 16:18:00,35818.0,35839.0,35817.0,35839.0,150
TX,202603,2026-02-26 16:19:00,35839.0,35846.0,35839.0,35844.0,110
TX,202603,2026-02-26 16:20:00,35840.0,35848.0,35837.0,35847.0,77
TX,202603,2026-02-26 16:21:00,35845.0,35855.0,35843.0,35853.0,185
TX,202603,2026-02-26 16:22:00,35854.0,35854.0,35835.0,35835.0,170
TX,202603,2026-02-26 16:23:00,35836.0,35837.0,35828.0,35831.0,80
TX,202603,2026-02-26 16:24:00,35829.0,35833.0,35826.0,35831.0,51
TX,202603,2026-02-26 16:25:00,35829.0,35835.0,35827.0,35830.0,44
TX,202603,2026-02-26 16:26:00,35832.0,35834.0,35825.0,35825.0,49
TX,202603,2026-02-26 16:27:00,35825.0,35828.0,35816.0,35820.0,66
TX,202603,2026-02-26 16:28:00,35820.0,35822.0,35815.0,35818.0,36
TX,202603,2026-02-26 16:29:00,35816.0,35816.0,35807.0,35809.0,106
TX,202603,2026-02-26 16:30:00,35812.0,35813.0,35804.0,35810.0,80
TX,202603,2026-02-26 16:31:00,35810.0,35810.0,35793.0,35797.0,156
TX,202603,2026-02-26 16:32:00,35795.0,35802.0,35791.0,35799.0,72
TX,202603,2026-02-26 16:33:00,35798.0,35800.0,35780.0,35786.0,80
TX,202603,2026-02-26 16:34:00,35786.0,35792.0,35778.0,35791.0,70
TX,202603,2026-02-26 16:35:00,35793.0,35801.0,35793.0,35795.0,66
TX,202603,2026-02-26 16:36:00,35795.0,35795.0,35782.0,35790.0,45
TX,202603,2026-02-26 16:37:00,35788.0,35789.0,35772.0,35773.0,65
TX,202603,2026-02-26 16:38:00,35776.0,35780.0,35769.0,35778.0,71
TX,202603,2026-02-26 16:39:00,35780.0,35782.0,35777.0,35780.0,21
TX,202603,2026-02-26 16:40:00,35781.0,35781.0,35764.0,35766.0,61
TX,202603,2026-02-26 16:41:00,35767.0,35770.0,35765.0,35767.0,20
TX,202603,2026-02-26 16:42:00,35769.0,35774.0,35768.0,35770.0,37
TX,202603,2026-02-26 16:43:00,35772.0,35780.0,35771.0,35773.0,29
TX,202603,2026-02-26 16:44:00,35776.0,35784.0,35776.0,35784.0,27
TX,202603,2026-02-26 16:45:00,35782.0,35787.0,35780.0,35787.0,38
TX,202603,2026-02-26 16:46:00,35785.0,35785.0,35776.0,35783.0,25
TX,202603,2026-02-26 16:47:00,35785.0,35785.0,35772.0,35774.0,52
TX,202603,2026-02-26 16:48:00,35778.0,35784.0,35776.0,35782.0,13
TX,202603,2026-02-26 16:49:00,35784.0,35784.0,35782.0,35782.0,13
TX,202603,2026-02-26 16:50:00,35782.0,35783.0,35774.0,35774.0,37
TX,202603,2026-02-26 16:51:00,35774.0,35777.0,35768.0,35772.0,20
TX,202603,2026-02-26 16:52:00,35770.0,35771.0,35766.0,35766.0,19
TX,202603,2026-02-26 16:53:00,35765.0,35771.0,35760.0,35770.0,65
TX,202603,2026-02-26 16:54:00,35770.0,35773.0,35764.0,35764.0,25
TX,202603,2026-02-26 16:55:00,35762.0,35770.0,35760.0,35770.0,29
TX,202603,2026-02-26 16:56:00,35770.0,35780.0,35767.0,35780.0,25
TX,202603,2026-02-26 16:57:00,35776.0,35782.0,35775.0,35782.0,44
TX,202603,2026-02-26 16:58:00,35780.0,35780.0,35771.0,35771.0,25
TX,202603,2026-02-26 16:59:00,35770.0,35770.0,35767.0,35767.0,13
TX,202603,2026-02-26 17:00:00,35766.0,35784.0,35764.0,35782.0,44
TX,202603,2026-02-26 17:01:00,35776.0,35787.0,35776.0,35782.0,22
TX,202603,2026-02-26 17:02:00,35780.0,35784.0,35776.0,35777.0,15
TX,202603,2026-02-26 17:03:00,35778.0,35783.0,35776.0,35783.0,13
TX,202603,2026-02-26 17:04:00,35787.0,35789.0,35786.0,35786.0,16
TX,202603,2026-02-26 17:05:00,35784.0,35800.0,35784.0,35792.0,66
TX,202603,2026-02-26 17:06:00,35792.0,35805.0,35792.0,35798.0,52
TX,202603,2026-02-26 17:07:00,35798.0,35800.0,35794.0,35795.0,16
TX,202603,2026-02-26 17:08:00,35795.0,35806.0,35791.0,35806.0,24
TX,202603,2026-02-26 17:09:00,35806.0,35808.0,35803.0,35806.0,33
TX,202603,2026-02-26 17:10:00,35805.0,35805.0,35798.0,35799.0,27
TX,202603,2026-02-26 17:11:00,35802.0,35820.0,35802.0,35820.0,79
TX,202603,2026-02-26 17:12:00,35820.0,35834.0,35818.0,35830.0,88
TX,202603,2026-02-26 17:13:00,35830.0,35841.0,35827.0,35841.0,114
TX,202603,2026-02-26 17:14:00,35838.0,35846.0,35835.0,35843.0,49
TX,202603,2026-02-26 17:15:00,35845.0,35867.0,35838.0,35838.0,335
TX,202603,2026-02-26 17:16:00,35838.0,35844.0,35831.0,35837.0,73
TX,202603,2026-02-26 17:17:00,35837.0,35839.0,35818.0,35818.0,65
TX,202603,2026-02-26 17:18:00,35820.0,35821.0,35805.0,35818.0,88
TX,202603,2026-02-26 17:19:00,35819.0,35822.0,35815.0,35815.0,32
TX,202603,2026-02-26 17:20:00,35815.0,35823.0,35813.0,35823.0,18
TX,202603,2026-02-26 17:21:00,35824.0,35838.0,35824.0,35835.0,57
TX,202603,2026-02-26 17:22:00,35835.0,35835.0,35827.0,35828.0,43
TX,202603,2026-02-26 17:23:00,35827.0,35833.0,35827.0,35832.0,18
TX,202603,2026-02-26 17:24:00,35833.0,35834.0,35828.0,35828.0,33
TX,202603,2026-02-26 17:25:00,35826.0,35838.0,35826.0,35838.0,62
TX,202603,2026-02-26 17:26:00,35838.0,35848.0,35837.0,35844.0,71
TX,202603,2026-02-26 17:27:00,35845.0,35863.0,35845.0,35855.0,152
TX,202603,2026-02-26 17:28:00,35857.0,35862.0,35853.0,35861.0,56
TX,202603,2026-02-26 17:29:00,35862.0,35866.0,35859.0,35862.0,74
TX,202603,2026-02-26 17:30:00,35858.0,35860.0,35851.0,35860.0,116
TX,202603,2026-02-26 17:31:00,35862.0,35875.0,35861.0,35862.0,159
TX,202603,2026-02-26 17:32:00,35863.0,35866.0,35855.0,35863.0,65
TX,202603,2026-02-26 17:33:00,35862.0,35869.0,35860.0,35862.0,48
TX,202603,2026-02-26 17:34:00,35862.0,35863.0,35855.0,35855.0,44
TX,202603,2026-02-26 17:35:00,35855.0,35865.0,35848.0,35864.0,54
TX,202603,2026-02-26 17:36:00,35864.0,35864.0,35857.0,35857.0,25
TX,202603,2026-02-26 17:37:00,35852.0,35858.0,35851.0,35858.0,18
TX,202603,2026-02-26 17:38:00,35858.0,35870.0,35858.0,35868.0,36
TX,202603,2026-02-26 17:39:00,35868.0,35869.0,35860.0,35866.0,29
TX,202603,2026-02-26 17:40:00,35866.0,35868.0,35863.0,35863.0,13
TX,202603,2026-02-26 17:41:00,35865.0,35866.0,35864.0,35864.0,9
TX,202603,2026-02-26 17:42:00,35864.0,35868.0,35862.0,35862.0,18
TX,202603,2026-02-26 17:43:00,35863.0,35863.0,35857.0,35863.0,19
TX,202603,2026-02-26 17:44:00,35865.0,35867.0,35858.0,35858.0,24
TX,202603,2026-02-26 17:45:00,35861.0,35869.0,35858.0,35868.0,22
TX,202603,2026-02-26 17:46:00,35867.0,35878.0,35863.0,35876.0,71
TX,202603,2026-02-26 17:47:00,35875.0,35877.0,35872.0,35874.0,21
TX,202603,2026-02-26 17:48:00,35874.0,35879.0,35872.0,35875.0,45
TX,202603,2026-02-26 17:49:00,35870.0,35872.0,35868.0,35872.0,30
TX,202603,2026-02-26 17:50:00,35872.0,35872.0,35860.0,35862.0,44
TX,202603,2026-02-26 17:51:00,35862.0,35871.0,35861.0,35871.0,34
TX,202603,2026-02-26 17:52:00,35870.0,35872.0,35864.0,35864.0,47
TX,202603,2026-02-26 17:53:00,35863.0,35864.0,35851.0,35855.0,68
TX,202603,2026-02-26 17:54:00,35854.0,35854.0,35843.0,35847.0,116
TX,202603,2026-02-26 17:55:00,35847.0,35847.0,35835.0,35839.0,50
TX,202603,2026-02-26 17:56:00,35840.0,35840.0,35831.0,35831.0,83
TX,202603,2026-02-26 17:57:00,35830.0,35841.0,35828.0,35834.0,70
TX,202603,2026-02-26 17:58:00,35834.0,35835.0,35830.0,35832.0,29
TX,202603,2026-02-26 17:59:00,35832.0,35834.0,35830.0,35830.0,19
TX,202603,2026-02-26 18:00:00,35830.0,35835.0,35822.0,35822.0,65
TX,202603,2026-02-26 18:01:00,35823.0,35829.0,35821.0,35829.0,27
TX,202603,2026-02-26 18:02:00,35827.0,35830.0,35822.0,35822.0,42
TX,202603,2026-02-26 18:03:00,35821.0,35825.0,35821.0,35824.0,23
TX,202603,2026-02-26 18:04:00,35824.0,35825.0,35821.0,35824.0,21
TX,202603,2026-02-26 18:05:00,35824.0,35827.0,35809.0,35809.0,95
TX,202603,2026-02-26 18:06:00,35808.0,35823.0,35808.0,35823.0,33
TX,202603,2026-02-26 18:07:00,35824.0,35828.0,35824.0,35825.0,42
TX,202603,2026-02-26 18:08:00,35825.0,35825.0,35820.0,35820.0,35
TX,202603,2026-02-26 18:09:00,35818.0,35823.0,35817.0,35821.0,14
TX,202603,2026-02-26 18:10:00,35815.0,35826.0,35814.0,35824.0,52
TX,202603,2026-02-26 18:11:00,35824.0,35827.0,35819.0,35819.0,27
TX,202603,2026-02-26 18:12:00,35817.0,35820.0,35813.0,35813.0,24
TX,202603,2026-02-26 18:13:00,35815.0,35817.0,35813.0,35817.0,15
TX,202603,2026-02-26 18:14:00,35818.0,35818.0,35809.0,35812.0,28
TX,202603,2026-02-26 18:15:00,35813.0,35819.0,35813.0,35817.0,32
TX,202603,2026-02-26 18:16:00,35818.0,35818.0,35806.0,35808.0,39
TX,202603,2026-02-26 18:17:00,35806.0,35813.0,35805.0,35812.0,25
TX,202603,2026-02-26 18:18:00,35812.0,35813.0,35790.0,35790.0,138
TX,202603,2026-02-26 18:19:00,35794.0,35794.0,35780.0,35787.0,113
TX,202603,2026-02-26 18:20:00,35787.0,35788.0,35770.0,35788.0,143
TX,202603,2026-02-26 18:21:00,35788.0,35791.0,35783.0,35787.0,48
TX,202603,2026-02-26 18:22:00,35787.0,35787.0,35775.0,35777.0,67
TX,202603,2026-02-26 18:23:00,35776.0,35776.0,35770.0,35776.0,47
TX,202603,2026-02-26 18:24:00,35775.0,35779.0,35770.0,35778.0,35
TX,202603,2026-02-26 18:25:00,35778.0,35788.0,35777.0,35778.0,55
TX,202603,2026-02-26 18:26:00,35777.0,35781.0,35776.0,35779.0,27
TX,202603,2026-02-26 18:27:00,35779.0,35779.0,35765.0,35767.0,104
TX,202603,2026-02-26 18:28:00,35766.0,35775.0,35765.0,35774.0,60
TX,202603,2026-02-26 18:29:00,35774.0,35775.0,35769.0,35770.0,38
TX,202603,2026-02-26 18:30:00,35770.0,35770.0,35754.0,35767.0,121
TX,202603,2026-02-26 18:31:00,35770.0,35794.0,35770.0,35790.0,63
TX,202603,2026-02-26 18:32:00,35792.0,35794.0,35783.0,35791.0,82
TX,202603,2026-02-26 18:33:00,35793.0,35795.0,35789.0,35794.0,27
TX,202603,2026-02-26 18:34:00,35795.0,35799.0,35794.0,35795.0,28
TX,202603,2026-02-26 18:35:00,35794.0,35803.0,35790.0,35800.0,53
TX,202603,2026-02-26 18:36:00,35798.0,35800.0,35793.0,35793.0,48
TX,202603,2026-02-26 18:37:00,35791.0,35794.0,35786.0,35786.0,31
TX,202603,2026-02-26 18:38:00,35785.0,35792.0,35783.0,35792.0,38
TX,202603,2026-02-26 18:39:00,35796.0,35803.0,35794.0,35802.0,36
TX,202603,2026-02-26 18:40:00,35800.0,35806.0,35799.0,35799.0,51
TX,202603,2026-02-26 18:41:00,35800.0,35800.0,35797.0,35797.0,10
TX,202603,2026-02-26 18:42:00,35797.0,35800.0,35792.0,35798.0,23
TX,202603,2026-02-26 18:43:00,35799.0,35799.0,35794.0,35794.0,6
TX,202603,2026-02-26 18:44:00,35794.0,35800.0,35793.0,35795.0,14
TX,202603,2026-02-26 18:45:00,35794.0,35795.0,35793.0,35793.0,8
TX,202603,2026-02-26 18:46:00,35793.0,35798.0,35793.0,35796.0,7
TX,202603,2026-02-26 18:47:00,35795.0,35798.0,35795.0,35798.0,4
TX,202603,2026-02-26 18:48:00,35796.0,35803.0,35794.0,35796.0,48
TX,202603,2026-02-26 18:49:00,35796.0,35796.0,35792.0,35792.0,6
TX,202603,2026-02-26 18:50:00,35791.0,35792.0,35774.0,35774.0,55
TX,202603,2026-02-26 18:51:00,35780.0,35782.0,35775.0,35778.0,63
TX,202603,2026-02-26 18:52:00,35777.0,35792.0,35777.0,35787.0,17
TX,202603,2026-02-26 18:53:00,35786.0,35787.0,35781.0,35781.0,12
TX,202603,2026-02-26 18:54:00,35785.0,35785.0,35777.0,35777.0,13
TX,202603,2026-02-26 18:55:00,35775.0,35775.0,35754.0,35763.0,87
TX,202603,2026-02-26 18:56:00,35766.0,35766.0,35761.0,35763.0,15
TX,202603,2026-02-26 18:57:00,35764.0,35764.0,35731.0,35736.0,273
TX,202603,2026-02-26 18:58:00,35736.0,35736.0,35712.0,35717.0,260
TX,202603,2026-02-26 18:59:00,35719.0,35722.0,35703.0,35708.0,108
TX,202603,2026-02-26 19:00:00,35711.0,35738.0,35706.0,35735.0,199
TX,202603,2026-02-26 19:01:00,35733.0,35755.0,35733.0,35753.0,62
TX,202603,2026-02-26 19:02:00,35751.0,35752.0,35736.0,35742.0,64
TX,202603,2026-02-26 19:03:00,35736.0,35736.0,35723.0,35727.0,30
TX,202603,2026-02-26 19:04:00,35726.0,35733.0,35723.0,35733.0,24
TX,202603,2026-02-26 19:05:00,35737.0,35752.0,35737.0,35752.0,32
TX,202603,2026-02-26 19:06:00,35753.0,35754.0,35746.0,35746.0,23
TX,202603,2026-02-26 19:07:00,35742.0,35758.0,35742.0,35755.0,47
TX,202603,2026-02-26 19:08:00,35755.0,35762.0,35755.0,35760.0,33
TX,202603,2026-02-26 19:09:00,35762.0,35765.0,35758.0,35758.0,52
TX,202603,2026-02-26 19:10:00,35760.0,35772.0,35760.0,35769.0,49
TX,202603,2026-02-26 19:11:00,35773.0,35773.0,35753.0,35760.0,44
TX,202603,2026-02-26 19:12:00,35758.0,35765.0,35756.0,35757.0,58
TX,202603,2026-02-26 19:13:00,35758.0,35761.0,35758.0,35758.0,15
TX,202603,2026-02-26 19:14:00,35758.0,35766.0,35757.0,35762.0,27
TX,202603,2026-02-26 19:15:00,35761.0,35761.0,35755.0,35760.0,10
TX,202603,2026-02-26 19:16:00,35758.0,35762.0,35756.0,35757.0,20
TX,202603,2026-02-26 19:17:00,35756.0,35762.0,35755.0,35762.0,17
TX,202603,2026-02-26 19:18:00,35763.0,35763.0,35745.0,35748.0,67
TX,202603,2026-02-26 19:19:00,35749.0,35767.0,35749.0,35762.0,27
TX,202603,2026-02-26 19:20:00,35760.0,35764.0,35754.0,35756.0,17
TX,202603,2026-02-26 19:21:00,35757.0,35758.0,35752.0,35753.0,21
TX,202603,2026-02-26 19:22:00,35753.0,35753.0,35741.0,35745.0,36
TX,202603,2026-02-26 19:23:00,35751.0,35755.0,35747.0,35748.0,9
TX,202603,2026-02-26 19:24:00,35745.0,35750.0,35744.0,35750.0,8
TX,202603,2026-02-26 19:25:00,35755.0,35769.0,35755.0,35762.0,31
TX,202603,2026-02-26 19:26:00,35756.0,35762.0,35754.0,35762.0,8
TX,202603,2026-02-26 19:27:00,35761.0,35762.0,35755.0,35755.0,20
TX,202603,2026-02-26 19:28:00,35751.0,35757.0,35750.0,35750.0,9
TX,202603,2026-02-26 19:29:00,35749.0,35749.0,35742.0,35742.0,11
TX,202603,2026-02-26 19:30:00,35741.0,35747.0,35738.0,35745.0,24
TX,202603,2026-02-26 19:31:00,35745.0,35748.0,35743.0,35744.0,7
TX,202603,2026-02-26 19:32:00,35743.0,35747.0,35741.0,35744.0,19
TX,202603,2026-02-26 19:33:00,35745.0,35748.0,35742.0,35748.0,4
TX,202603,2026-02-26 19:34:00,35750.0,35755.0,35750.0,35755.0,21
TX,202603,2026-02-26 19:35:00,35756.0,35761.0,35752.0,35753.0,21
TX,202603,2026-02-26 19:36:00,35752.0,35752.0,35751.0,35751.0,3
TX,202603,2026-02-26 19:37:00,35755.0,35758.0,35752.0,35758.0,13
TX,202603,2026-02-26 19:38:00,35761.0,35766.0,35761.0,35766.0,24
TX,202603,2026-02-26 19:39:00,35767.0,35769.0,35762.0,35764.0,25
TX,202603,2026-02-26 19:40:00,35764.0,35771.0,35763.0,35771.0,32
TX,202603,2026-02-26 19:41:00,35768.0,35768.0,35763.0,35765.0,19
TX,202603,2026-02-26 19:42:00,35763.0,35763.0,35754.0,35758.0,24
TX,202603,2026-02-26 19:43:00,35756.0,35756.0,35752.0,35752.0,6
TX,202603,2026-02-26 19:44:00,35750.0,35752.0,35748.0,35748.0,28
TX,202603,2026-02-26 19:45:00,35747.0,35755.0,35743.0,35752.0,34
TX,202603,2026-02-26 19:46:00,35752.0,35752.0,35738.0,35745.0,30
TX,202603,2026-02-26 19:47:00,35744.0,35745.0,35740.0,35743.0,14
TX,202603,2026-02-26 19:48:00,35745.0,35748.0,35740.0,35740.0,8
TX,202603,2026-02-26 19:49:00,35745.0,35754.0,35745.0,35754.0,12
TX,202603,2026-02-26 19:50:00,35751.0,35757.0,35750.0,35753.0,9
TX,202603,2026-02-26 19:51:00,35755.0,35761.0,35753.0,35761.0,17
TX,202603,2026-02-26 19:52:00,35760.0,35760.0,35757.0,35759.0,10
TX,202603,2026-02-26 19:53:00,35757.0,35757.0,35753.0,35753.0,8
TX,202603,2026-02-26 19:54:00,35754.0,35754.0,35739.0,35744.0,42
TX,202603,2026-02-26 19:55:00,35747.0,35749.0,35745.0,35748.0,6
TX,202603,2026-02-26 19:56:00,35751.0,35754.0,35750.0,35750.0,12
TX,202603,2026-02-26 19:57:00,35752.0,35763.0,35752.0,35762.0,19
TX,202603,2026-02-26 19:58:00,35761.0,35766.0,35757.0,35757.0,19
TX,202603,2026-02-26 19:59:00,35754.0,35754.0,35742.0,35743.0,18
TX,202603,2026-02-26 20:00:00,35749.0,35756.0,35746.0,35756.0,22
TX,202603,2026-02-26 20:01:00,35749.0,35756.0,35745.0,35745.0,21
TX,202603,2026-02-26 20:02:00,35742.0,35753.0,35736.0,35753.0,50
TX,202603,2026-02-26 20:03:00,35754.0,35756.0,35750.0,35750.0,8
TX,202603,2026-02-26 20:04:00,35756.0,35759.0,35750.0,35750.0,34
TX,202603,2026-02-26 20:05:00,35750.0,35752.0,35743.0,35743.0,21
TX,202603,2026-02-26 20:06:00,35742.0,35745.0,35740.0,35745.0,21
TX,202603,2026-02-26 20:07:00,35746.0,35749.0,35746.0,35748.0,10
TX,202603,2026-02-26 20:08:00,35748.0,35749.0,35747.0,35747.0,3
TX,202603,2026-02-26 20:09:00,35747.0,35748.0,35739.0,35743.0,22
TX,202603,2026-02-26 20:10:00,35745.0,35752.0,35745.0,35752.0,45
TX,202603,2026-02-26 20:11:00,35754.0,35755.0,35754.0,35755.0,4
TX,202603,2026-02-26 20:12:00,35751.0,35752.0,35746.0,35746.0,15
TX,202603,2026-02-26 20:13:00,35747.0,35747.0,35741.0,35742.0,41
TX,202603,2026-02-26 20:14:00,35743.0,35743.0,35740.0,35741.0,8
TX,202603,2026-02-26 20:15:00,35741.0,35750.0,35741.0,35749.0,16
TX,202603,2026-02-26 20:16:00,35751.0,35751.0,35746.0,35746.0,13
TX,202603,2026-02-26 20:17:00,35746.0,35759.0,35746.0,35759.0,43
TX,202603,2026-02-26 20:18:00,35759.0,35773.0,35759.0,35769.0,57
TX,202603,2026-02-26 20:19:00,35765.0,35766.0,35746.0,35748.0,37
TX,202603,2026-02-26 20:20:00,35753.0,35762.0,35753.0,35760.0,30
TX,202603,2026-02-26 20:21:00,35757.0,35766.0,35757.0,35766.0,13
TX,202603,2026-02-26 20:22:00,35766.0,35766.0,35763.0,35763.0,15
TX,202603,2026-02-26 20:23:00,35763.0,35772.0,35763.0,35770.0,56
TX,202603,2026-02-26 20:24:00,35770.0,35770.0,35764.0,35765.0,9
TX,202603,2026-02-26 20:25:00,35767.0,35767.0,35763.0,35763.0,8
TX,202603,2026-02-26 20:26:00,35763.0,35770.0,35760.0,35769.0,12
TX,202603,2026-02-26 20:27:00,35769.0,35772.0,35769.0,35769.0,15
TX,202603,2026-02-26 20:28:00,35765.0,35767.0,35765.0,35767.0,17
TX,202603,2026-02-26 20:29:00,35767.0,35791.0,35767.0,35790.0,95
TX,202603,2026-02-26 20:30:00,35791.0,35792.0,35783.0,35789.0,76
TX,202603,2026-02-26 20:31:00,35788.0,35798.0,35784.0,35787.0,53
TX,202603,2026-02-26 20:32:00,35789.0,35793.0,35785.0,35793.0,27
TX,202603,2026-02-26 20:33:00,35796.0,35796.0,35788.0,35792.0,35
TX,202603,2026-02-26 20:34:00,35789.0,35798.0,35786.0,35798.0,46
TX,202603,2026-02-26 20:35:00,35794.0,35796.0,35782.0,35782.0,51
TX,202603,2026-02-26 20:36:00,35783.0,35785.0,35774.0,35777.0,36
TX,202603,2026-02-26 20:37:00,35776.0,35776.0,35755.0,35756.0,60
TX,202603,2026-02-26 20:38:00,35757.0,35764.0,35756.0,35760.0,23
TX,202603,2026-02-26 20:39:00,35759.0,35762.0,35759.0,35760.0,7
TX,202603,2026-02-26 20:40:00,35762.0,35771.0,35762.0,35765.0,15
TX,202603,2026-02-26 20:41:00,35766.0,35766.0,35762.0,35762.0,22
TX,202603,2026-02-26 20:42:00,35770.0,35780.0,35767.0,35780.0,25
TX,202603,2026-02-26 20:43:00,35780.0,35780.0,35772.0,35772.0,16
TX,202603,2026-02-26 20:44:00,35772.0,35773.0,35772.0,35773.0,4
TX,202603,2026-02-26 20:45:00,35772.0,35772.0,35745.0,35745.0,87
TX,202603,2026-02-26 20:46:00,35745.0,35751.0,35735.0,35747.0,89
TX,202603,2026-02-26 20:47:00,35746.0,35748.0,35735.0,35740.0,85
TX,202603,2026-02-26 20:48:00,35747.0,35750.0,35745.0,35746.0,31
TX,202603,2026-02-26 20:49:00,35750.0,35751.0,35745.0,35747.0,23
TX,202603,2026-02-26 20:50:00,35746.0,35750.0,35735.0,35735.0,115
TX,202603,2026-02-26 20:51:00,35735.0,35740.0,35728.0,35728.0,50
TX,202603,2026-02-26 20:52:00,35728.0,35739.0,35723.0,35728.0,43
TX,202603,2026-02-26 20:53:00,35727.0,35738.0,35726.0,35734.0,26
TX,202603,2026-02-26 20:54:00,35732.0,35736.0,35732.0,35732.0,6
TX,202603,2026-02-26 20:55:00,35733.0,35733.0,35726.0,35726.0,19
TX,202603,2026-02-26 20:56:00,35726.0,35738.0,35725.0,35731.0,37
TX,202603,2026-02-26 20:57:00,35731.0,35731.0,35717.0,35718.0,35
TX,202603,2026-02-26 20:58:00,35717.0,35724.0,35715.0,35716.0,41
TX,202603,2026-02-26 20:59:00,35716.0,35719.0,35713.0,35717.0,35
TX,202603,2026-02-26 21:00:00,35715.0,35738.0,35715.0,35736.0,59
TX,202603,2026-02-26 21:01:00,35736.0,35746.0,35731.0,35745.0,52
TX,202603,2026-02-26 21:02:00,35744.0,35745.0,35735.0,35739.0,25
TX,202603,2026-02-26 21:03:00,35740.0,35750.0,35739.0,35743.0,25
TX,202603,2026-02-26 21:04:00,35739.0,35740.0,35727.0,35729.0,47
TX,202603,2026-02-26 21:05:00,35728.0,35735.0,35728.0,35735.0,20
TX,202603,2026-02-26 21:06:00,35737.0,35745.0,35737.0,35738.0,16
TX,202603,2026-02-26 21:07:00,35736.0,35746.0,35736.0,35744.0,35
TX,202603,2026-02-26 21:08:00,35744.0,35745.0,35737.0,35740.0,13
TX,202603,2026-02-26 21:09:00,35745.0,35745.0,35735.0,35742.0,30
TX,202603,2026-02-26 21:10:00,35738.0,35744.0,35735.0,35742.0,19
TX,202603,2026-02-26 21:11:00,35740.0,35743.0,35734.0,35743.0,15
TX,202603,2026-02-26 21:12:00,35742.0,35749.0,35742.0,35749.0,11
TX,202603,2026-02-26 21:13:00,35749.0,35752.0,35746.0,35746.0,23
TX,202603,2026-02-26 21:14:00,35745.0,35750.0,35745.0,35750.0,16
TX,202603,2026-02-26 21:15:00,35747.0,35747.0,35743.0,35744.0,12
TX,202603,2026-02-26 21:16:00,35746.0,35747.0,35743.0,35743.0,7
TX,202603,2026-02-26 21:17:00,35743.0,35747.0,35742.0,35743.0,14
TX,202603,2026-02-26 21:18:00,35746.0,35749.0,35731.0,35735.0,36
TX,202603,2026-02-26 21:19:00,35739.0,35740.0,35729.0,35729.0,23
TX,202603,2026-02-26 21:20:00,35730.0,35731.0,35725.0,35728.0,30
TX,202603,2026-02-26 21:21:00,35728.0,35740.0,35728.0,35740.0,24
TX,202603,2026-02-26 21:22:00,35736.0,35736.0,35735.0,35735.0,2
TX,202603,2026-02-26 21:23:00,35737.0,35737.0,35730.0,35730.0,20
TX,202603,2026-02-26 21:24:00,35730.0,35730.0,35728.0,35730.0,11
TX,202603,2026-02-26 21:25:00,35731.0,35731.0,35725.0,35725.0,15
TX,202603,2026-02-26 21:26:00,35730.0,35730.0,35729.0,35730.0,10
TX,202603,2026-02-26 21:27:00,35738.0,35749.0,35738.0,35748.0,16
TX,202603,2026-02-26 21:28:00,35747.0,35770.0,35747.0,35761.0,82
TX,202603,2026-02-26 21:29:00,35763.0,35766.0,35762.0,35762.0,25
TX,202603,2026-02-26 21:30:00,35762.0,35765.0,35751.0,35751.0,33
TX,202603,2026-02-26 21:31:00,35751.0,35767.0,35751.0,35757.0,22
TX,202603,2026-02-26 21:32:00,35754.0,35761.0,35754.0,35757.0,28
TX,202603,2026-02-26 21:33:00,35756.0,35759.0,35756.0,35756.0,7
TX,202603,2026-02-26 21:34:00,35759.0,35760.0,35742.0,35749.0,46
TX,202603,2026-02-26 21:35:00,35747.0,35747.0,35734.0,35739.0,37
TX,202603,2026-02-26 21:36:00,35743.0,35747.0,35743.0,35744.0,11
TX,202603,2026-02-26 21:37:00,35741.0,35742.0,35740.0,35741.0,4
TX,202603,2026-02-26 21:38:00,35739.0,35740.0,35737.0,35737.0,9
TX,202603,2026-02-26 21:39:00,35741.0,35741.0,35732.0,35732.0,11
TX,202603,2026-02-26 21:40:00,35732.0,35732.0,35726.0,35730.0,41
TX,202603,2026-02-26 21:41:00,35730.0,35730.0,35728.0,35730.0,6
TX,202603,2026-02-26 21:42:00,35730.0,35732.0,35722.0,35729.0,44
TX,202603,2026-02-26 21:43:00,35728.0,35728.0,35725.0,35726.0,15
TX,202603,2026-02-26 21:44:00,35723.0,35723.0,35705.0,35707.0,146
TX,202603,2026-02-26 21:45:00,35708.0,35718.0,35707.0,35714.0,51
TX,202603,2026-02-26 21:46:00,35719.0,35737.0,35719.0,35735.0,33
TX,202603,2026-02-26 21:47:00,35736.0,35737.0,35730.0,35733.0,26
TX,202603,2026-02-26 21:48:00,35731.0,35741.0,35729.0,35738.0,24
TX,202603,2026-02-26 21:49:00,35737.0,35737.0,35727.0,35729.0,33
TX,202603,2026-02-26 21:50:00,35728.0,35728.0,35717.0,35717.0,26
TX,202603,2026-02-26 21:51:00,35717.0,35718.0,35709.0,35710.0,30
TX,202603,2026-02-26 21:52:00,35712.0,35716.0,35683.0,35688.0,330
TX,202603,2026-02-26 21:53:00,35691.0,35696.0,35682.0,35685.0,104
TX,202603,2026-02-26 21:54:00,35685.0,35686.0,35666.0,35670.0,284
TX,202603,2026-02-26 21:55:00,35672.0,35678.0,35656.0,35663.0,138
TX,202603,2026-02-26 21:56:00,35662.0,35674.0,35654.0,35658.0,190
TX,202603,2026-02-26 21:57:00,35663.0,35675.0,35659.0,35670.0,111
TX,202603,2026-02-26 21:58:00,35668.0,35681.0,35665.0,35673.0,68
TX,202603,2026-02-26 21:59:00,35673.0,35673.0,35656.0,35656.0,88
TX,202603,2026-02-26 22:00:00,35656.0,35682.0,35635.0,35669.0,335
TX,202603,2026-02-26 22:01:00,35673.0,35683.0,35669.0,35683.0,67
TX,202603,2026-02-26 22:02:00,35683.0,35698.0,35683.0,35696.0,108
TX,202603,2026-02-26 22:03:00,35699.0,35699.0,35691.0,35693.0,35
TX,202603,2026-02-26 22:04:00,35695.0,35696.0,35691.0,35693.0,16
TX,202603,2026-02-26 22:05:00,35695.0,35695.0,35680.0,35680.0,45
TX,202603,2026-02-26 22:06:00,35682.0,35685.0,35674.0,35674.0,25
TX,202603,2026-02-26 22:07:00,35674.0,35682.0,35673.0,35676.0,38
TX,202603,2026-02-26 22:08:00,35675.0,35675.0,35645.0,35654.0,252
TX,202603,2026-02-26 22:09:00,35656.0,35658.0,35636.0,35636.0,100
TX,202603,2026-02-26 22:10:00,35636.0,35645.0,35626.0,35638.0,208
TX,202603,2026-02-26 22:11:00,35638.0,35665.0,35638.0,35659.0,66
TX,202603,2026-02-26 22:12:00,35658.0,35667.0,35657.0,35663.0,32
TX,202603,2026-02-26 22:13:00,35661.0,35663.0,35658.0,35660.0,16
TX,202603,2026-02-26 22:14:00,35660.0,35667.0,35656.0,35666.0,29
TX,202603,2026-02-26 22:15:00,35667.0,35676.0,35661.0,35672.0,58
TX,202603,2026-02-26 22:16:00,35672.0,35673.0,35660.0,35661.0,37
TX,202603,2026-02-26 22:17:00,35664.0,35675.0,35664.0,35675.0,20
TX,202603,2026-02-26 22:18:00,35670.0,35670.0,35663.0,35668.0,9
TX,202603,2026-02-26 22:19:00,35670.0,35682.0,35670.0,35682.0,31
TX,202603,2026-02-26 22:20:00,35680.0,35682.0,35668.0,35668.0,43
TX,202603,2026-02-26 22:21:00,35668.0,35668.0,35665.0,35666.0,16
TX,202603,2026-02-26 22:22:00,35664.0,35671.0,35663.0,35666.0,21
TX,202603,2026-02-26 22:23:00,35664.0,35664.0,35658.0,35660.0,25
TX,202603,2026-02-26 22:24:00,35665.0,35665.0,35657.0,35660.0,17
TX,202603,2026-02-26 22:25:00,35662.0,35669.0,35662.0,35665.0,24
TX,202603,2026-02-26 22:26:00,35665.0,35665.0,35658.0,35658.0,10
TX,202603,2026-02-26 22:27:00,35656.0,35656.0,35623.0,35633.0,175
TX,202603,2026-02-26 22:28:00,35631.0,35642.0,35626.0,35642.0,61
TX,202603,2026-02-26 22:29:00,35640.0,35645.0,35620.0,35620.0,78
TX,202603,2026-02-26 22:30:00,35620.0,35625.0,35553.0,35560.0,961
TX,202603,2026-02-26 22:31:00,35556.0,35596.0,35522.0,35577.0,670
TX,202603,2026-02-26 22:32:00,35579.0,35585.0,35527.0,35531.0,330
TX,202603,2026-02-26 22:33:00,35536.0,35558.0,35515.0,35527.0,371
TX,202603,2026-02-26 22:34:00,35524.0,35532.0,35506.0,35519.0,351
TX,202603,2026-02-26 22:35:00,35520.0,35563.0,35520.0,35544.0,318
TX,202603,2026-02-26 22:36:00,35540.0,35544.0,35481.0,35500.0,542
TX,202603,2026-02-26 22:37:00,35500.0,35532.0,35495.0,35529.0,306
TX,202603,2026-02-26 22:38:00,35531.0,35547.0,35503.0,35505.0,235
TX,202603,2026-02-26 22:39:00,35509.0,35542.0,35506.0,35508.0,202
TX,202603,2026-02-26 22:40:00,35509.0,35510.0,35461.0,35467.0,524
TX,202603,2026-02-26 22:41:00,35467.0,35490.0,35459.0,35468.0,300
TX,202603,2026-02-26 22:42:00,35470.0,35496.0,35442.0,35447.0,455
TX,202603,2026-02-26 22:43:00,35451.0,35461.0,35422.0,35434.0,360
TX,202603,2026-02-26 22:44:00,35437.0,35445.0,35416.0,35429.0,285
TX,202603,2026-02-26 22:45:00,35427.0,35438.0,35369.0,35380.0,632
TX,202603,2026-02-26 22:46:00,35377.0,35444.0,35372.0,35438.0,407
TX,202603,2026-02-26 22:47:00,35438.0,35439.0,35391.0,35407.0,225
TX,202603,2026-02-26 22:48:00,35405.0,35408.0,35365.0,35368.0,280
TX,202603,2026-02-26 22:49:00,35368.0,35389.0,35356.0,35387.0,416
TX,202603,2026-02-26 22:50:00,35387.0,35404.0,35359.0,35363.0,259
TX,202603,2026-02-26 22:51:00,35357.0,35357.0,35307.0,35311.0,832
TX,202603,2026-02-26 22:52:00,35310.0,35312.0,35255.0,35262.0,884
TX,202603,2026-02-26 22:53:00,35262.0,35321.0,35258.0,35306.0,550
TX,202603,2026-02-26 22:54:00,35304.0,35313.0,35266.0,35307.0,304
TX,202603,2026-02-26 22:55:00,35311.0,35335.0,35293.0,35293.0,432
TX,202603,2026-02-26 22:56:00,35294.0,35306.0,35272.0,35279.0,191
TX,202603,2026-02-26 22:57:00,35280.0,35280.0,35247.0,35253.0,351
TX,202603,2026-02-26 22:58:00,35256.0,35266.0,35235.0,35256.0,262
TX,202603,2026-02-26 22:59:00,35252.0,35290.0,35246.0,35253.0,232
TX,202603,2026-02-26 23:00:00,35255.0,35307.0,35243.0,35266.0,579
TX,202603,2026-02-26 23:01:00,35267.0,35281.0,35197.0,35225.0,685
TX,202603,2026-02-26 23:02:00,35229.0,35263.0,35220.0,35255.0,397
TX,202603,2026-02-26 23:03:00,35252.0,35304.0,35247.0,35284.0,451
TX,202603,2026-02-26 23:04:00,35283.0,35322.0,35275.0,35306.0,440
TX,202603,2026-02-26 23:05:00,35306.0,35307.0,35263.0,35281.0,295
TX,202603,2026-02-26 23:06:00,35277.0,35296.0,35261.0,35285.0,226
TX,202603,2026-02-26 23:07:00,35283.0,35298.0,35263.0,35280.0,215
TX,202603,2026-02-26 23:08:00,35273.0,35283.0,35263.0,35272.0,169
TX,202603,2026-02-26 23:09:00,35278.0,35283.0,35227.0,35249.0,410
TX,202603,2026-02-26 23:10:00,35253.0,35280.0,35250.0,35269.0,195
TX,202603,2026-02-26 23:11:00,35274.0,35280.0,35246.0,35246.0,181
TX,202603,2026-02-26 23:12:00,35245.0,35245.0,35150.0,35159.0,900
TX,202603,2026-02-26 23:13:00,35158.0,35166.0,35143.0,35155.0,335
TX,202603,2026-02-26 23:14:00,35152.0,35159.0,35102.0,35111.0,471
TX,202603,2026-02-26 23:15:00,35112.0,35113.0,35059.0,35097.0,816
TX,202603,2026-02-26 23:16:00,35086.0,35097.0,35030.0,35062.0,676
TX,202603,2026-02-26 23:17:00,35060.0,35096.0,35050.0,35076.0,449
TX,202603,2026-02-26 23:18:00,35078.0,35078.0,35047.0,35053.0,309
TX,202603,2026-02-26 23:19:00,35061.0,35063.0,35017.0,35025.0,548
TX,202603,2026-02-26 23:20:00,35029.0,35048.0,34988.0,34993.0,990
TX,202603,2026-02-26 23:21:00,34995.0,35019.0,34945.0,34948.0,676
TX,202603,2026-02-26 23:22:00,34947.0,34961.0,34910.0,34936.0,786
TX,202603,2026-02-26 23:23:00,34933.0,34970.0,34916.0,34969.0,588
TX,202603,2026-02-26 23:24:00,34970.0,34976.0,34915.0,34938.0,460
TX,202603,2026-02-26 23:25:00,34939.0,34969.0,34925.0,34951.0,336
TX,202603,2026-02-26 23:26:00,34949.0,35057.0,34949.0,35035.0,990
TX,202603,2026-02-26 23:27:00,35032.0,35033.0,34928.0,34936.0,589
TX,202603,2026-02-26 23:28:00,34936.0,34980.0,34925.0,34956.0,383
TX,202603,2026-02-26 23:29:00,34962.0,34995.0,34948.0,34977.0,305
TX,202603,2026-02-26 23:30:00,34975.0,35005.0,34956.0,34983.0,372
TX,202603,2026-02-26 23:31:00,34982.0,35015.0,34966.0,34997.0,322
TX,202603,2026-02-26 23:32:00,34999.0,35010.0,34968.0,34974.0,229
TX,202603,2026-02-26 23:33:00,34973.0,35001.0,34968.0,34993.0,142
TX,202603,2026-02-26 23:34:00,34990.0,34990.0,34945.0,34960.0,287
TX,202603,2026-02-26 23:35:00,34959.0,35012.0,34958.0,35007.0,311
TX,202603,2026-02-26 23:36:00,35002.0,35012.0,34977.0,35009.0,191
TX,202603,2026-02-26 23:37:00,35007.0,35047.0,34998.0,35045.0,312
TX,202603,2026-02-26 23:38:00,35049.0,35111.0,35030.0,35104.0,565
TX,202603,2026-02-26 23:39:00,35103.0,35112.0,35082.0,35108.0,454
TX,202603,2026-02-26 23:40:00,35110.0,35150.0,35108.0,35120.0,744
TX,202603,2026-02-26 23:41:00,35120.0,35125.0,35088.0,35113.0,448
TX,202603,2026-02-26 23:42:00,35114.0,35122.0,35068.0,35088.0,454
TX,202603,2026-02-26 23:43:00,35091.0,35129.0,35091.0,35120.0,191
TX,202603,2026-02-26 23:44:00,35114.0,35122.0,35102.0,35108.0,112
TX,202603,2026-02-26 23:45:00,35112.0,35150.0,35108.0,35144.0,285
TX,202603,2026-02-26 23:46:00,35144.0,35166.0,35095.0,35098.0,490
TX,202603,2026-02-26 23:47:00,35100.0,35135.0,35098.0,35135.0,215
TX,202603,2026-02-26 23:48:00,35133.0,35160.0,35122.0,35155.0,236
TX,202603,2026-02-26 23:49:00,35154.0,35159.0,35137.0,35142.0,213
TX,202603,2026-02-26 23:50:00,35140.0,35146.0,35124.0,35133.0,198
TX,202603,2026-02-26 23:51:00,35131.0,35135.0,35116.0,35117.0,161
TX,202603,2026-02-26 23:52:00,35117.0,35164.0,35116.0,35150.0,213
TX,202603,2026-02-26 23:53:00,35147.0,35150.0,35123.0,35131.0,90
TX,202603,2026-02-26 23:54:00,35132.0,35148.0,35128.0,35143.0,108
TX,202603,2026-02-26 23:55:00,35142.0,35146.0,35118.0,35128.0,178
TX,202603,2026-02-26 23:56:00,35130.0,35130.0,35088.0,35089.0,286
TX,202603,2026-02-26 23:57:00,35089.0,35130.0,35088.0,35128.0,191
TX,202603,2026-02-26 23:58:00,35128.0,35134.0,35120.0,35125.0,137
TX,202603,2026-02-26 23:59:00,35123.0,35124.0,35091.0,35100.0,82
TX,202603,2026-02-27 00:00:00,35105.0,35125.0,35096.0,35125.0,153
TX,202603,2026-02-27 00:01:00,35124.0,35129.0,35102.0,35105.0,134
TX,202603,2026-02-27 00:02:00,35110.0,35114.0,35086.0,35110.0,142
TX,202603,2026-02-27 00:03:00,35115.0,35131.0,35103.0,35106.0,148
TX,202603,2026-02-27 00:04:00,35107.0,35122.0,35102.0,35122.0,83
TX,202603,2026-02-27 00:05:00,35120.0,35128.0,35106.0,35109.0,81
TX,202603,2026-02-27 00:06:00,35107.0,35110.0,35060.0,35079.0,279
TX,202603,2026-02-27 00:07:00,35075.0,35100.0,35067.0,35087.0,150
TX,202603,2026-02-27 00:08:00,35086.0,35106.0,35078.0,35101.0,60
TX,202603,2026-02-27 00:09:00,35110.0,35110.0,35086.0,35090.0,57
TX,202603,2026-02-27 00:10:00,35096.0,35099.0,35077.0,35081.0,53
TX,202603,2026-02-27 00:11:00,35082.0,35103.0,35081.0,35096.0,70
TX,202603,2026-02-27 00:12:00,35100.0,35118.0,35098.0,35101.0,156
TX,202603,2026-02-27 00:13:00,35101.0,35101.0,35082.0,35088.0,98
TX,202603,2026-02-27 00:14:00,35088.0,35099.0,35079.0,35098.0,98
TX,202603,2026-02-27 00:15:00,35098.0,35119.0,35093.0,35117.0,107
TX,202603,2026-02-27 00:16:00,35116.0,35136.0,35110.0,35136.0,195
TX,202603,2026-02-27 00:17:00,35135.0,35140.0,35117.0,35128.0,157
TX,202603,2026-02-27 00:18:00,35128.0,35142.0,35126.0,35141.0,89
TX,202603,2026-02-27 00:19:00,35136.0,35142.0,35124.0,35127.0,91
TX,202603,2026-02-27 00:20:00,35125.0,35138.0,35123.0,35138.0,73
TX,202603,2026-02-27 00:21:00,35140.0,35153.0,35138.0,35143.0,130
TX,202603,2026-02-27 00:22:00,35142.0,35198.0,35142.0,35197.0,483
TX,202603,2026-02-27 00:23:00,35195.0,35197.0,35174.0,35182.0,236
TX,202603,2026-02-27 00:24:00,35182.0,35215.0,35179.0,35215.0,275
TX,202603,2026-02-27 00:25:00,35212.0,35241.0,35192.0,35240.0,353
TX,202603,2026-02-27 00:26:00,35242.0,35245.0,35212.0,35222.0,328
TX,202603,2026-02-27 00:27:00,35220.0,35220.0,35188.0,35201.0,259
TX,202603,2026-02-27 00:28:00,35203.0,35208.0,35197.0,35204.0,81
TX,202603,2026-02-27 00:29:00,35199.0,35200.0,35166.0,35176.0,191
TX,202603,2026-02-27 00:30:00,35173.0,35191.0,35167.0,35184.0,125
TX,202603,2026-02-27 00:31:00,35184.0,35185.0,35155.0,35161.0,134
TX,202603,2026-02-27 00:32:00,35163.0,35187.0,35163.0,35181.0,64
TX,202603,2026-02-27 00:33:00,35182.0,35185.0,35168.0,35176.0,64
TX,202603,2026-02-27 00:34:00,35179.0,35179.0,35166.0,35174.0,35
TX,202603,2026-02-27 00:35:00,35176.0,35185.0,35168.0,35168.0,55
TX,202603,2026-02-27 00:36:00,35166.0,35166.0,35120.0,35120.0,249
TX,202603,2026-02-27 00:37:00,35122.0,35130.0,35102.0,35105.0,250
TX,202603,2026-02-27 00:38:00,35108.0,35114.0,35084.0,35110.0,272
TX,202603,2026-02-27 00:39:00,35111.0,35115.0,35102.0,35115.0,98
TX,202603,2026-02-27 00:40:00,35111.0,35118.0,35098.0,35109.0,162
TX,202603,2026-02-27 00:41:00,35115.0,35130.0,35115.0,35124.0,222
TX,202603,2026-02-27 00:42:00,35117.0,35120.0,35106.0,35112.0,94
TX,202603,2026-02-27 00:43:00,35109.0,35110.0,35080.0,35089.0,154
TX,202603,2026-02-27 00:44:00,35085.0,35085.0,35027.0,35034.0,382
TX,202603,2026-02-27 00:45:00,35036.0,35048.0,35019.0,35022.0,276
TX,202603,2026-02-27 00:46:00,35022.0,35031.0,34993.0,35015.0,341
TX,202603,2026-02-27 00:47:00,35014.0,35059.0,35013.0,35039.0,187
TX,202603,2026-02-27 00:48:00,35034.0,35055.0,35022.0,35053.0,119
TX,202603,2026-02-27 00:49:00,35056.0,35057.0,35040.0,35043.0,118
TX,202603,2026-02-27 00:50:00,35046.0,35061.0,35024.0,35024.0,171
TX,202603,2026-02-27 00:51:00,35028.0,35043.0,35018.0,35024.0,155
TX,202603,2026-02-27 00:52:00,35024.0,35031.0,35008.0,35008.0,95
TX,202603,2026-02-27 00:53:00,35007.0,35014.0,34984.0,34999.0,219
TX,202603,2026-02-27 00:54:00,35000.0,35001.0,34976.0,34978.0,128
TX,202603,2026-02-27 00:55:00,34979.0,34989.0,34973.0,34977.0,115
TX,202603,2026-02-27 00:56:00,34978.0,35002.0,34972.0,34973.0,112
TX,202603,2026-02-27 00:57:00,34973.0,34976.0,34955.0,34956.0,289
TX,202603,2026-02-27 00:58:00,34957.0,34971.0,34946.0,34960.0,223
TX,202603,2026-02-27 00:59:00,34957.0,34976.0,34957.0,34964.0,87
TX,202603,2026-02-27 01:00:00,34968.0,35012.0,34968.0,35002.0,423
TX,202603,2026-02-27 01:01:00,34998.0,35020.0,34994.0,35000.0,191
TX,202603,2026-02-27 01:02:00,35000.0,35021.0,35000.0,35008.0,69
TX,202603,2026-02-27 01:03:00,35008.0,35040.0,35008.0,35035.0,136
TX,202603,2026-02-27 01:04:00,35035.0,35050.0,35028.0,35047.0,131
TX,202603,2026-02-27 01:05:00,35042.0,35075.0,35042.0,35075.0,241
TX,202603,2026-02-27 01:06:00,35074.0,35085.0,35063.0,35067.0,130
TX,202603,2026-02-27 01:07:00,35064.0,35080.0,35060.0,35076.0,128
TX,202603,2026-02-27 01:08:00,35072.0,35077.0,35060.0,35064.0,141
TX,202603,2026-02-27 01:09:00,35063.0,35067.0,35022.0,35022.0,204
TX,202603,2026-02-27 01:10:00,35026.0,35053.0,35023.0,35040.0,67
TX,202603,2026-02-27 01:11:00,35038.0,35057.0,35035.0,35052.0,105
TX,202603,2026-02-27 01:12:00,35053.0,35062.0,35044.0,35059.0,107
TX,202603,2026-02-27 01:13:00,35057.0,35057.0,35040.0,35042.0,58
TX,202603,2026-02-27 01:14:00,35042.0,35046.0,35001.0,35001.0,209
TX,202603,2026-02-27 01:15:00,35005.0,35014.0,35000.0,35003.0,164
TX,202603,2026-02-27 01:16:00,35001.0,35010.0,34998.0,35003.0,81
TX,202603,2026-02-27 01:17:00,35009.0,35025.0,35009.0,35025.0,72
TX,202603,2026-02-27 01:18:00,35025.0,35047.0,35017.0,35040.0,117
TX,202603,2026-02-27 01:19:00,35044.0,35058.0,35038.0,35042.0,84
TX,202603,2026-02-27 01:20:00,35040.0,35040.0,35030.0,35039.0,33
TX,202603,2026-02-27 01:21:00,35036.0,35042.0,35025.0,35031.0,40
TX,202603,2026-02-27 01:22:00,35025.0,35040.0,35013.0,35014.0,156
TX,202603,2026-02-27 01:23:00,35016.0,35016.0,35005.0,35007.0,82
TX,202603,2026-02-27 01:24:00,35010.0,35030.0,35010.0,35026.0,52
TX,202603,2026-02-27 01:25:00,35028.0,35035.0,35023.0,35026.0,31
TX,202603,2026-02-27 01:26:00,35022.0,35037.0,35022.0,35030.0,21
TX,202603,2026-02-27 01:27:00,35027.0,35035.0,35027.0,35032.0,30
TX,202603,2026-02-27 01:28:00,35030.0,35032.0,35019.0,35020.0,59
TX,202603,2026-02-27 01:29:00,35018.0,35026.0,35018.0,35022.0,19
TX,202603,2026-02-27 01:30:00,35018.0,35026.0,35005.0,35013.0,66
TX,202603,2026-02-27 01:31:00,35013.0,35038.0,35013.0,35034.0,39
TX,202603,2026-02-27 01:32:00,35038.0,35070.0,35038.0,35070.0,134
TX,202603,2026-02-27 01:33:00,35070.0,35094.0,35070.0,35085.0,208
TX,202603,2026-02-27 01:34:00,35087.0,35095.0,35076.0,35079.0,134
TX,202603,2026-02-27 01:35:00,35076.0,35079.0,35049.0,35049.0,139
TX,202603,2026-02-27 01:36:00,35053.0,35053.0,35017.0,35030.0,109
TX,202603,2026-02-27 01:37:00,35027.0,35029.0,35000.0,35003.0,83
TX,202603,2026-02-27 01:38:00,35002.0,35019.0,35002.0,35017.0,45
TX,202603,2026-02-27 01:39:00,35015.0,35029.0,35012.0,35025.0,43
TX,202603,2026-02-27 01:40:00,35026.0,35043.0,35026.0,35035.0,43
TX,202603,2026-02-27 01:41:00,35035.0,35037.0,35010.0,35013.0,150
TX,202603,2026-02-27 01:42:00,35013.0,35020.0,35012.0,35016.0,39
TX,202603,2026-02-27 01:43:00,35015.0,35016.0,35004.0,35011.0,80
TX,202603,2026-02-27 01:44:00,35009.0,35012.0,34998.0,35008.0,66
TX,202603,2026-02-27 01:45:00,35007.0,35010.0,34994.0,35010.0,82
TX,202603,2026-02-27 01:46:00,35008.0,35009.0,34995.0,34999.0,43
TX,202603,2026-02-27 01:47:00,35003.0,35018.0,34997.0,34997.0,84
TX,202603,2026-02-27 01:48:00,35005.0,35007.0,34997.0,35000.0,51
TX,202603,2026-02-27 01:49:00,34998.0,34998.0,34973.0,34983.0,186
TX,202603,2026-02-27 01:50:00,34985.0,34993.0,34967.0,34987.0,97
TX,202603,2026-02-27 01:51:00,34986.0,35009.0,34986.0,35005.0,59
TX,202603,2026-02-27 01:52:00,35007.0,35028.0,35005.0,35028.0,93
TX,202603,2026-02-27 01:53:00,35027.0,35029.0,35021.0,35024.0,37
TX,202603,2026-02-27 01:54:00,35024.0,35043.0,35024.0,35035.0,95
TX,202603,2026-02-27 01:55:00,35034.0,35034.0,35006.0,35011.0,65
TX,202603,2026-02-27 01:56:00,35012.0,35014.0,35006.0,35007.0,23
TX,202603,2026-02-27 01:57:00,35007.0,35007.0,35000.0,35003.0,40
TX,202603,2026-02-27 01:58:00,35000.0,35006.0,34997.0,35004.0,29
TX,202603,2026-02-27 01:59:00,35005.0,35016.0,35002.0,35002.0,61
TX,202603,2026-02-27 02:00:00,35005.0,35012.0,34993.0,34996.0,55
TX,202603,2026-02-27 02:01:00,34990.0,34999.0,34983.0,34991.0,30
TX,202603,2026-02-27 02:02:00,34991.0,35010.0,34985.0,34995.0,32
TX,202603,2026-02-27 02:03:00,34989.0,34989.0,34980.0,34983.0,29
TX,202603,2026-02-27 02:04:00,34983.0,35000.0,34983.0,34991.0,21
TX,202603,2026-02-27 02:05:00,34993.0,35006.0,34993.0,34995.0,35
TX,202603,2026-02-27 02:06:00,34994.0,34999.0,34985.0,34985.0,26
TX,202603,2026-02-27 02:07:00,34983.0,34992.0,34981.0,34988.0,18
TX,202603,2026-02-27 02:08:00,34985.0,34990.0,34962.0,34988.0,173
TX,202603,2026-02-27 02:09:00,34987.0,34993.0,34970.0,34989.0,89
TX,202603,2026-02-27 02:10:00,34993.0,35011.0,34993.0,35009.0,80
TX,202603,2026-02-27 02:11:00,35008.0,35026.0,34993.0,35023.0,142
TX,202603,2026-02-27 02:12:00,35023.0,35023.0,35006.0,35010.0,60
TX,202603,2026-02-27 02:13:00,35010.0,35026.0,35010.0,35020.0,48
TX,202603,2026-02-27 02:14:00,35020.0,35022.0,35013.0,35019.0,19
TX,202603,2026-02-27 02:15:00,35015.0,35015.0,35001.0,35010.0,42
TX,202603,2026-02-27 02:16:00,35009.0,35009.0,34994.0,35009.0,34
TX,202603,2026-02-27 02:17:00,35007.0,35042.0,35006.0,35038.0,205
TX,202603,2026-02-27 02:18:00,35036.0,35050.0,35035.0,35047.0,65
TX,202603,2026-02-27 02:19:00,35045.0,35053.0,35039.0,35051.0,61
TX,202603,2026-02-27 02:20:00,35048.0,35049.0,35037.0,35041.0,32
TX,202603,2026-02-27 02:21:00,35042.0,35042.0,35018.0,35018.0,50
TX,202603,2026-02-27 02:22:00,35020.0,35032.0,35019.0,35032.0,20
TX,202603,2026-02-27 02:23:00,35031.0,35031.0,35011.0,35019.0,46
TX,202603,2026-02-27 02:24:00,35021.0,35038.0,35021.0,35038.0,36
TX,202603,2026-02-27 02:25:00,35037.0,35042.0,35034.0,35040.0,55
TX,202603,2026-02-27 02:26:00,35039.0,35048.0,35037.0,35045.0,53
TX,202603,2026-02-27 02:27:00,35048.0,35051.0,35038.0,35038.0,20
TX,202603,2026-02-27 02:28:00,35037.0,35040.0,35034.0,35035.0,14
TX,202603,2026-02-27 02:29:00,35035.0,35039.0,35027.0,35027.0,24
TX,202603,2026-02-27 02:30:00,35023.0,35032.0,35023.0,35028.0,32
TX,202603,2026-02-27 02:31:00,35023.0,35036.0,35016.0,35035.0,48
TX,202603,2026-02-27 02:32:00,35031.0,35040.0,35031.0,35040.0,25
TX,202603,2026-02-27 02:33:00,35044.0,35075.0,35040.0,35070.0,167
TX,202603,2026-02-27 02:34:00,35071.0,35114.0,35067.0,35109.0,324
TX,202603,2026-02-27 02:35:00,35113.0,35116.0,35094.0,35100.0,75
TX,202603,2026-02-27 02:36:00,35099.0,35155.0,35099.0,35142.0,266
TX,202603,2026-02-27 02:37:00,35153.0,35153.0,35129.0,35139.0,184
TX,202603,2026-02-27 02:38:00,35138.0,35157.0,35122.0,35148.0,111
TX,202603,2026-02-27 02:39:00,35152.0,35173.0,35152.0,35165.0,103
TX,202603,2026-02-27 02:40:00,35163.0,35167.0,35140.0,35146.0,102
TX,202603,2026-02-27 02:41:00,35145.0,35155.0,35145.0,35148.0,127
TX,202603,2026-02-27 02:42:00,35147.0,35147.0,35125.0,35130.0,180
TX,202603,2026-02-27 02:43:00,35130.0,35154.0,35127.0,35145.0,100
TX,202603,2026-02-27 02:44:00,35145.0,35145.0,35111.0,35112.0,124
TX,202603,2026-02-27 02:45:00,35114.0,35151.0,35114.0,35147.0,89
TX,202603,2026-02-27 02:46:00,35148.0,35148.0,35124.0,35124.0,34
TX,202603,2026-02-27 02:47:00,35125.0,35127.0,35116.0,35118.0,31
TX,202603,2026-02-27 02:48:00,35118.0,35121.0,35077.0,35083.0,118
TX,202603,2026-02-27 02:49:00,35084.0,35102.0,35071.0,35102.0,76
TX,202603,2026-02-27 02:50:00,35100.0,35105.0,35090.0,35090.0,42
TX,202603,2026-02-27 02:51:00,35090.0,35100.0,35083.0,35091.0,30
TX,202603,2026-02-27 02:52:00,35095.0,35113.0,35094.0,35107.0,41
TX,202603,2026-02-27 02:53:00,35109.0,35121.0,35108.0,35108.0,28
TX,202603,2026-02-27 02:54:00,35109.0,35112.0,35103.0,35108.0,29
TX,202603,2026-02-27 02:55:00,35109.0,35111.0,35097.0,35106.0,36
TX,202603,2026-02-27 02:56:00,35104.0,35123.0,35101.0,35120.0,24
TX,202603,2026-02-27 02:57:00,35120.0,35121.0,35113.0,35113.0,25
TX,202603,2026-02-27 02:58:00,35119.0,35122.0,35115.0,35119.0,36
TX,202603,2026-02-27 02:59:00,35118.0,35121.0,35115.0,35121.0,21
TX,202603,2026-02-27 03:00:00,35121.0,35122.0,35107.0,35114.0,47
TX,202603,2026-02-27 03:01:00,35119.0,35125.0,35119.0,35121.0,17
TX,202603,2026-02-27 03:02:00,35123.0,35130.0,35118.0,35124.0,33
TX,202603,2026-02-27 03:03:00,35125.0,35146.0,35123.0,35142.0,58
TX,202603,2026-02-27 03:04:00,35139.0,35151.0,35137.0,35144.0,64
TX,202603,2026-02-27 03:05:00,35142.0,35146.0,35136.0,35144.0,33
TX,202603,2026-02-27 03:06:00,35142.0,35145.0,35139.0,35142.0,18
TX,202603,2026-02-27 03:07:00,35145.0,35145.0,35138.0,35143.0,15
TX,202603,2026-02-27 03:08:00,35142.0,35149.0,35141.0,35145.0,40
TX,202603,2026-02-27 03:09:00,35145.0,35154.0,35141.0,35150.0,43
TX,202603,2026-02-27 03:10:00,35151.0,35180.0,35148.0,35171.0,115
TX,202603,2026-02-27 03:11:00,35174.0,35182.0,35160.0,35165.0,66
TX,202603,2026-02-27 03:12:00,35165.0,35169.0,35157.0,35167.0,49
TX,202603,2026-02-27 03:13:00,35167.0,35180.0,35163.0,35180.0,46
TX,202603,2026-02-27 03:14:00,35180.0,35181.0,35170.0,35174.0,39
TX,202603,2026-02-27 03:15:00,35176.0,35183.0,35173.0,35179.0,29
TX,202603,2026-02-27 03:16:00,35180.0,35194.0,35176.0,35177.0,100
TX,202603,2026-02-27 03:17:00,35176.0,35187.0,35176.0,35184.0,40
TX,202603,2026-02-27 03:18:00,35182.0,35194.0,35170.0,35171.0,56
TX,202603,2026-02-27 03:19:00,35172.0,35172.0,35160.0,35166.0,60
TX,202603,2026-02-27 03:20:00,35168.0,35175.0,35168.0,35175.0,38
TX,202603,2026-02-27 03:21:00,35171.0,35178.0,35170.0,35174.0,29
TX,202603,2026-02-27 03:22:00,35174.0,35175.0,35164.0,35170.0,25
TX,202603,2026-02-27 03:23:00,35170.0,35174.0,35168.0,35172.0,14
TX,202603,2026-02-27 03:24:00,35171.0,35184.0,35171.0,35184.0,32
TX,202603,2026-02-27 03:25:00,35178.0,35178.0,35166.0,35166.0,25
TX,202603,2026-02-27 03:26:00,35164.0,35165.0,35148.0,35163.0,62
TX,202603,2026-02-27 03:27:00,35162.0,35162.0,35149.0,35152.0,27
TX,202603,2026-02-27 03:28:00,35151.0,35153.0,35142.0,35148.0,26
TX,202603,2026-02-27 03:29:00,35149.0,35154.0,35137.0,35143.0,39
TX,202603,2026-02-27 03:30:00,35149.0,35152.0,35138.0,35145.0,20
TX,202603,2026-02-27 03:31:00,35149.0,35154.0,35149.0,35154.0,25
TX,202603,2026-02-27 03:32:00,35157.0,35168.0,35157.0,35165.0,32
TX,202603,2026-02-27 03:33:00,35165.0,35165.0,35161.0,35161.0,10
TX,202603,2026-02-27 03:34:00,35164.0,35172.0,35164.0,35170.0,22
TX,202603,2026-02-27 03:35:00,35172.0,35172.0,35163.0,35163.0,13
TX,202603,2026-02-27 03:36:00,35166.0,35166.0,35151.0,35157.0,30
TX,202603,2026-02-27 03:37:00,35159.0,35160.0,35155.0,35155.0,15
TX,202603,2026-02-27 03:38:00,35154.0,35157.0,35142.0,35143.0,26
TX,202603,2026-02-27 03:39:00,35142.0,35144.0,35138.0,35143.0,14
TX,202603,2026-02-27 03:40:00,35142.0,35142.0,35140.0,35141.0,8
TX,202603,2026-02-27 03:41:00,35152.0,35153.0,35150.0,35153.0,24
TX,202603,2026-02-27 03:42:00,35154.0,35160.0,35152.0,35152.0,16
TX,202603,2026-02-27 03:43:00,35149.0,35152.0,35145.0,35150.0,6
TX,202603,2026-02-27 03:44:00,35150.0,35155.0,35150.0,35155.0,13
TX,202603,2026-02-27 03:45:00,35155.0,35167.0,35155.0,35167.0,23
TX,202603,2026-02-27 03:46:00,35168.0,35171.0,35168.0,35170.0,12
TX,202603,2026-02-27 03:47:00,35172.0,35186.0,35171.0,35186.0,69
TX,202603,2026-02-27 03:48:00,35187.0,35190.0,35174.0,35175.0,40
TX,202603,2026-02-27 03:49:00,35173.0,35176.0,35166.0,35166.0,14
TX,202603,2026-02-27 03:50:00,35169.0,35169.0,35151.0,35156.0,22
TX,202603,2026-02-27 03:51:00,35153.0,35161.0,35153.0,35161.0,21
TX,202603,2026-02-27 03:52:00,35167.0,35171.0,35164.0,35171.0,18
TX,202603,2026-02-27 03:53:00,35171.0,35176.0,35168.0,35169.0,26
TX,202603,2026-02-27 03:54:00,35165.0,35174.0,35165.0,35174.0,23
TX,202603,2026-02-27 03:55:00,35172.0,35188.0,35172.0,35185.0,65
TX,202603,2026-02-27 03:56:00,35184.0,35188.0,35178.0,35178.0,19
TX,202603,2026-02-27 03:57:00,35180.0,35182.0,35177.0,35178.0,21
TX,202603,2026-02-27 03:58:00,35176.0,35177.0,35161.0,35161.0,28
TX,202603,2026-02-27 03:59:00,35161.0,35162.0,35156.0,35157.0,25
TX,202603,2026-02-27 04:00:00,35155.0,35159.0,35146.0,35154.0,60
TX,202603,2026-02-27 04:01:00,35158.0,35161.0,35153.0,35161.0,26
TX,202603,2026-02-27 04:02:00,35164.0,35170.0,35164.0,35169.0,14
TX,202603,2026-02-27 04:03:00,35168.0,35182.0,35168.0,35181.0,34
TX,202603,2026-02-27 04:04:00,35174.0,35183.0,35174.0,35182.0,16
TX,202603,2026-02-27 04:05:00,35181.0,35185.0,35179.0,35184.0,24
TX,202603,2026-02-27 04:06:00,35181.0,35190.0,35181.0,35188.0,45
TX,202603,2026-02-27 04:07:00,35189.0,35189.0,35171.0,35171.0,37
TX,202603,2026-02-27 04:08:00,35171.0,35172.0,35162.0,35163.0,12
TX,202603,2026-02-27 04:09:00,35162.0,35165.0,35147.0,35147.0,47
TX,202603,2026-02-27 04:10:00,35146.0,35151.0,35140.0,35150.0,28
TX,202603,2026-02-27 04:11:00,35152.0,35160.0,35145.0,35145.0,40
TX,202603,2026-02-27 04:12:00,35150.0,35153.0,35146.0,35147.0,16
TX,202603,2026-02-27 04:13:00,35147.0,35147.0,35136.0,35140.0,41
TX,202603,2026-02-27 04:14:00,35141.0,35145.0,35130.0,35130.0,21
TX,202603,2026-02-27 04:15:00,35131.0,35132.0,35119.0,35121.0,48
TX,202603,2026-02-27 04:16:00,35116.0,35125.0,35114.0,35124.0,32
TX,202603,2026-02-27 04:17:00,35129.0,35133.0,35129.0,35131.0,6
TX,202603,2026-02-27 04:18:00,35131.0,35147.0,35130.0,35147.0,19
TX,202603,2026-02-27 04:19:00,35144.0,35152.0,35144.0,35146.0,10
TX,202603,2026-02-27 04:20:00,35147.0,35148.0,35145.0,35148.0,5
TX,202603,2026-02-27 04:21:00,35139.0,35139.0,35128.0,35133.0,15
TX,202603,2026-02-27 04:22:00,35132.0,35138.0,35132.0,35137.0,7
TX,202603,2026-02-27 04:23:00,35133.0,35133.0,35119.0,35119.0,27
TX,202603,2026-02-27 04:24:00,35118.0,35124.0,35117.0,35118.0,32
TX,202603,2026-02-27 04:25:00,35122.0,35125.0,35111.0,35111.0,48
TX,202603,2026-02-27 04:26:00,35113.0,35123.0,35113.0,35120.0,14
TX,202603,2026-02-27 04:27:00,35121.0,35121.0,35118.0,35119.0,5
TX,202603,2026-02-27 04:28:00,35121.0,35121.0,35107.0,35107.0,17
TX,202603,2026-02-27 04:29:00,35109.0,35109.0,35099.0,35105.0,49
TX,202603,2026-02-27 04:30:00,35107.0,35122.0,35107.0,35122.0,44
TX,202603,2026-02-27 04:31:00,35118.0,35131.0,35118.0,35130.0,39
TX,202603,2026-02-27 04:32:00,35130.0,35140.0,35128.0,35140.0,15
TX,202603,2026-02-27 04:33:00,35140.0,35145.0,35140.0,35145.0,17
TX,202603,2026-02-27 04:34:00,35142.0,35152.0,35140.0,35152.0,30
TX,202603,2026-02-27 04:35:00,35153.0,35155.0,35150.0,35153.0,33
TX,202603,2026-02-27 04:36:00,35155.0,35155.0,35150.0,35152.0,17
TX,202603,2026-02-27 04:37:00,35146.0,35146.0,35136.0,35137.0,22
TX,202603,2026-02-27 04:38:00,35134.0,35145.0,35134.0,35143.0,20
TX,202603,2026-02-27 04:39:00,35143.0,35147.0,35143.0,35143.0,14
TX,202603,2026-02-27 04:40:00,35142.0,35147.0,35140.0,35140.0,14
TX,202603,2026-02-27 04:41:00,35138.0,35140.0,35133.0,35133.0,14
TX,202603,2026-02-27 04:42:00,35134.0,35137.0,35127.0,35136.0,22
TX,202603,2026-02-27 04:43:00,35133.0,35139.0,35129.0,35129.0,18
TX,202603,2026-02-27 04:44:00,35130.0,35145.0,35129.0,35144.0,34
TX,202603,2026-02-27 04:45:00,35143.0,35149.0,35141.0,35142.0,61
TX,202603,2026-02-27 04:46:00,35140.0,35140.0,35124.0,35125.0,36
TX,202603,2026-02-27 04:47:00,35124.0,35132.0,35122.0,35123.0,30
TX,202603,2026-02-27 04:48:00,35122.0,35124.0,35116.0,35124.0,65
TX,202603,2026-02-27 04:49:00,35124.0,35132.0,35123.0,35130.0,15
TX,202603,2026-02-27 04:50:00,35131.0,35142.0,35123.0,35128.0,64
TX,202603,2026-02-27 04:51:00,35127.0,35128.0,35120.0,35123.0,31
TX,202603,2026-02-27 04:52:00,35121.0,35121.0,35113.0,35117.0,43
TX,202603,2026-02-27 04:53:00,35117.0,35118.0,35110.0,35115.0,27
TX,202603,2026-02-27 04:54:00,35114.0,35124.0,35114.0,35124.0,47
TX,202603,2026-02-27 04:55:00,35120.0,35132.0,35115.0,35128.0,75
TX,202603,2026-02-27 04:56:00,35126.0,35126.0,35115.0,35115.0,24
TX,202603,2026-02-27 04:57:00,35116.0,35117.0,35108.0,35108.0,23
TX,202603,2026-02-27 04:58:00,35112.0,35113.0,35100.0,35106.0,40
TX,202603,2026-02-27 04:59:00,35102.0,35107.0,35082.0,35086.0,85
TX,202603/202604,2026-02-26 21:58:00,98.0,98.0,98.0,98.0,2
TX,202603/202604,2026-02-26 23:12:00,104.0,104.0,104.0,104.0,10
TX,202603/202604,2026-02-26 23:13:00,104.0,104.0,104.0,104.0,2
TX,202603/202604,2026-02-26 23:15:00,105.0,105.0,105.0,105.0,4
TX,202603/202604,2026-02-26 23:26:00,105.0,105.0,105.0,105.0,2
TX,202603/202604,2026-02-27 01:35:00,106.0,106.0,106.0,106.0,2
TX,202603/202604,2026-02-27 01:43:00,106.0,106.0,106.0,106.0,2
TX,202604,2026-02-26 15:00:00,35793.0,35793.0,35788.0,35788.0,2
TX,202604,2026-02-26 15:05:00,35770.0,35770.0,35770.0,35770.0,3
TX,202604,2026-02-26 15:10:00,35749.0,35749.0,35749.0,35749.0,1
TX,202604,2026-02-26 15:11:00,35755.0,35755.0,35755.0,35755.0,1
TX,202604,2026-02-26 15:14:00,35766.0,35776.0,35766.0,35776.0,2
TX,202604,2026-02-26 15:15:00,35780.0,35788.0,35779.0,35788.0,3
TX,202604,2026-02-26 15:16:00,35790.0,35793.0,35790.0,35793.0,4
TX,202604,2026-02-26 15:18:00,35800.0,35800.0,35800.0,35800.0,1
TX,202604,2026-02-26 15:22:00,35790.0,35790.0,35790.0,35790.0,1
TX,202604,2026-02-26 15:23:00,35785.0,35785.0,35780.0,35781.0,3
TX,202604,2026-02-26 15:24:00,35782.0,35782.0,35782.0,35782.0,1
TX,202604,2026-02-26 15:25:00,35781.0,35781.0,35781.0,35781.0,3
TX,202604,2026-02-26 15:27:00,35783.0,35783.0,35783.0,35783.0,2
TX,202604,2026-02-26 15:28:00,35800.0,35800.0,35800.0,35800.0,1
TX,202604,2026-02-26 15:29:00,35793.0,35793.0,35793.0,35793.0,2
TX,202604,2026-02-26 15:33:00,35834.0,35834.0,35834.0,35834.0,1
TX,202604,2026-02-26 15:34:00,35830.0,35830.0,35830.0,35830.0,1
TX,202604,2026-02-26 15:38:00,35830.0,35831.0,35830.0,35831.0,2
TX,202604,2026-02-26 15:40:00,35833.0,35833.0,35833.0,35833.0,1
TX,202604,2026-02-26 15:41:00,35842.0,35842.0,35842.0,35842.0,1
TX,202604,2026-02-26 15:42:00,35852.0,35852.0,35852.0,35852.0,1
TX,202604,2026-02-26 15:43:00,35888.0,35888.0,35888.0,35888.0,3
TX,202604,2026-02-26 15:44:00,35890.0,35890.0,35890.0,35890.0,1
TX,202604,2026-02-26 15:45:00,35872.0,35872.0,35872.0,35872.0,1
TX,202604,2026-02-26 15:46:00,35887.0,35887.0,35887.0,35887.0,1
TX,202604,2026-02-26 15:47:00,35868.0,35868.0,35868.0,35868.0,1
TX,202604,2026-02-26 15:48:00,35863.0,35863.0,35863.0,35863.0,1
TX,202604,2026-02-26 15:50:00,35856.0,35856.0,35856.0,35856.0,5
TX,202604,2026-02-26 15:53:00,35867.0,35867.0,35867.0,35867.0,1
TX,202604,2026-02-26 15:57:00,35880.0,35882.0,35880.0,35882.0,5
TX,202604,2026-02-26 15:58:00,35878.0,35879.0,35878.0,35879.0,5
TX,202604,2026-02-26 16:01:00,35868.0,35868.0,35868.0,35868.0,2
TX,202604,2026-02-26 16:03:00,35868.0,35868.0,35868.0,35868.0,1
TX,202604,2026-02-26 16:05:00,35880.0,35880.0,35880.0,35880.0,1
TX,202604,2026-02-26 16:06:00,35885.0,35885.0,35883.0,35883.0,3
TX,202604,2026-02-26 16:09:00,35880.0,35880.0,35880.0,35880.0,1
TX,202604,2026-02-26 16:10:00,35887.0,35887.0,35887.0,35887.0,1
TX,202604,2026-02-26 16:14:00,35896.0,35899.0,35896.0,35899.0,2
TX,202604,2026-02-26 16:16:00,35899.0,35904.0,35899.0,35904.0,5
TX,202604,2026-02-26 16:17:00,35911.0,35911.0,35911.0,35911.0,1
TX,202604,2026-02-26 16:18:00,35920.0,35928.0,35920.0,35928.0,3
TX,202604,2026-02-26 16:19:00,35938.0,35938.0,35938.0,35938.0,1
TX,202604,2026-02-26 16:21:00,35945.0,35946.0,35945.0,35946.0,3
TX,202604,2026-02-26 16:22:00,35942.0,35942.0,35942.0,35942.0,1
TX,202604,2026-02-26 16:23:00,35928.0,35928.0,35928.0,35928.0,1
TX,202604,2026-02-26 16:26:00,35930.0,35930.0,35926.0,35926.0,2
TX,202604,2026-02-26 16:28:00,35914.0,35914.0,35914.0,35914.0,1
TX,202604,2026-02-26 16:31:00,35895.0,35895.0,35895.0,35895.0,1
TX,202604,2026-02-26 16:33:00,35888.0,35888.0,35888.0,35888.0,10
TX,202604,2026-02-26 16:35:00,35888.0,35888.0,35888.0,35888.0,1
TX,202604,2026-02-26 16:37:00,35880.0,35880.0,35873.0,35873.0,4
TX,202604,2026-02-26 16:42:00,35871.0,35871.0,35871.0,35871.0,2
TX,202604,2026-02-26 16:43:00,35871.0,35871.0,35871.0,35871.0,6
TX,202604,2026-02-26 16:58:00,35873.0,35876.0,35873.0,35876.0,2
TX,202604,2026-02-26 17:01:00,35881.0,35881.0,35881.0,35881.0,1
TX,202604,2026-02-26 17:02:00,35875.0,35875.0,35875.0,35875.0,1
TX,202604,2026-02-26 17:04:00,35883.0,35883.0,35883.0,35883.0,1
TX,202604,2026-02-26 17:05:00,35885.0,35885.0,35885.0,35885.0,1
TX,202604,2026-02-26 17:09:00,35902.0,35902.0,35902.0,35902.0,2
TX,202604,2026-02-26 17:12:00,35925.0,35925.0,35925.0,35925.0,1
TX,202604,2026-02-26 17:13:00,35935.0,35935.0,35935.0,35935.0,1
TX,202604,2026-02-26 17:14:00,35939.0,35939.0,35939.0,35939.0,1
TX,202604,2026-02-26 17:16:00,35934.0,35935.0,35934.0,35935.0,3
TX,202604,2026-02-26 17:17:00,35919.0,35919.0,35919.0,35919.0,1
TX,202604,2026-02-26 17:30:00,35953.0,35953.0,35953.0,35953.0,2
TX,202604,2026-02-26 17:31:00,35968.0,35968.0,35968.0,35968.0,2
TX,202604,2026-02-26 17:32:00,35957.0,35958.0,35957.0,35958.0,5
TX,202604,2026-02-26 17:33:00,35958.0,35960.0,35958.0,35960.0,3
TX,202604,2026-02-26 17:34:00,35953.0,35953.0,35953.0,35953.0,1
TX,202604,2026-02-26 17:38:00,35960.0,35962.0,35960.0,35962.0,2
TX,202604,2026-02-26 17:40:00,35962.0,35962.0,35962.0,35962.0,1
TX,202604,2026-02-26 17:46:00,35965.0,35965.0,35965.0,35965.0,1
TX,202604,2026-02-26 17:49:00,35965.0,35965.0,35965.0,35965.0,2
TX,202604,2026-02-26 17:50:00,35960.0,35960.0,35960.0,35960.0,2
TX,202604,2026-02-26 17:52:00,35966.0,35966.0,35966.0,35966.0,1
TX,202604,2026-02-26 17:53:00,35962.0,35962.0,35950.0,35950.0,3
TX,202604,2026-02-26 17:54:00,35941.0,35941.0,35941.0,35941.0,1
TX,202604,2026-02-26 17:56:00,35931.0,35931.0,35930.0,35930.0,2
TX,202604,2026-02-26 18:01:00,35924.0,35924.0,35924.0,35924.0,1
TX,202604,2026-02-26 18:02:00,35924.0,35925.0,35921.0,35921.0,5
TX,202604,2026-02-26 18:03:00,35916.0,35916.0,35916.0,35916.0,1
TX,202604,2026-02-26 18:06:00,35916.0,35916.0,35916.0,35916.0,1
TX,202604,2026-02-26 18:11:00,35916.0,35916.0,35916.0,35916.0,1
TX,202604,2026-02-26 18:12:00,35911.0,35911.0,35911.0,35911.0,1
TX,202604,2026-02-26 18:15:00,35917.0,35917.0,35917.0,35917.0,2
TX,202604,2026-02-26 18:18:00,35900.0,35900.0,35900.0,35900.0,1
TX,202604,2026-02-26 18:19:00,35890.0,35890.0,35890.0,35890.0,1
TX,202604,2026-02-26 18:24:00,35870.0,35870.0,35870.0,35870.0,1
TX,202604,2026-02-26 18:25:00,35875.0,35875.0,35875.0,35875.0,1
TX,202604,2026-02-26 18:28:00,35868.0,35868.0,35868.0,35868.0,1
TX,202604,2026-02-26 18:30:00,35853.0,35853.0,35853.0,35853.0,1
TX,202604,2026-02-26 18:32:00,35887.0,35887.0,35887.0,35887.0,1
TX,202604,2026-02-26 18:36:00,35892.0,35892.0,35892.0,35892.0,1
TX,202604,2026-02-26 18:39:00,35894.0,35894.0,35894.0,35894.0,3
TX,202604,2026-02-26 18:45:00,35890.0,35890.0,35890.0,35890.0,2
TX,202604,2026-02-26 18:55:00,35855.0,35855.0,35851.0,35851.0,3
TX,202604,2026-02-26 18:57:00,35850.0,35850.0,35845.0,35845.0,2
TX,202604,2026-02-26 18:58:00,35829.0,35829.0,35820.0,35820.0,2
TX,202604,2026-02-26 18:59:00,35821.0,35821.0,35812.0,35812.0,3
TX,202604,2026-02-26 19:00:00,35820.0,35830.0,35820.0,35830.0,4
TX,202604,2026-02-26 19:09:00,35863.0,35863.0,35863.0,35863.0,1
TX,202604,2026-02-26 19:19:00,35860.0,35862.0,35860.0,35862.0,2
TX,202604,2026-02-26 20:02:00,35838.0,35838.0,35838.0,35838.0,1
TX,202604,2026-02-26 20:05:00,35845.0,35845.0,35845.0,35845.0,1
TX,202604,2026-02-26 20:10:00,35845.0,35845.0,35845.0,35845.0,2
TX,202604,2026-02-26 20:16:00,35846.0,35846.0,35846.0,35846.0,1
TX,202604,2026-02-26 20:20:00,35855.0,35855.0,35855.0,35855.0,1
TX,202604,2026-02-26 20:21:00,35862.0,35862.0,35862.0,35862.0,1
TX,202604,2026-02-26 20:30:00,35887.0,35887.0,35887.0,35887.0,2
TX,202604,2026-02-26 20:31:00,35890.0,35890.0,35890.0,35890.0,1
TX,202604,2026-02-26 20:35:00,35889.0,35889.0,35889.0,35889.0,1
TX,202604,2026-02-26 20:37:00,35868.0,35868.0,35868.0,35868.0,1
TX,202604,2026-02-26 20:39:00,35857.0,35857.0,35857.0,35857.0,1
TX,202604,2026-02-26 20:42:00,35868.0,35868.0,35868.0,35868.0,1
TX,202604,2026-02-26 20:50:00,35838.0,35838.0,35838.0,35838.0,1
TX,202604,2026-02-26 20:51:00,35828.0,35828.0,35828.0,35828.0,1
TX,202604,2026-02-26 20:55:00,35825.0,35825.0,35825.0,35825.0,1
TX,202604,2026-02-26 20:56:00,35834.0,35834.0,35834.0,35834.0,1
TX,202604,2026-02-26 20:57:00,35818.0,35818.0,35818.0,35818.0,2
TX,202604,2026-02-26 20:58:00,35814.0,35814.0,35814.0,35814.0,1
TX,202604,2026-02-26 21:00:00,35833.0,35833.0,35833.0,35833.0,2
TX,202604,2026-02-26 21:03:00,35845.0,35845.0,35845.0,35845.0,1
TX,202604,2026-02-26 21:07:00,35842.0,35842.0,35842.0,35842.0,1
TX,202604,2026-02-26 21:09:00,35836.0,35836.0,35836.0,35836.0,1
TX,202604,2026-02-26 21:11:00,35834.0,35834.0,35834.0,35834.0,1
TX,202604,2026-02-26 21:15:00,35842.0,35842.0,35842.0,35842.0,1
TX,202604,2026-02-26 21:18:00,35837.0,35837.0,35837.0,35837.0,1
TX,202604,2026-02-26 21:19:00,35830.0,35830.0,35830.0,35830.0,1
TX,202604,2026-02-26 21:33:00,35858.0,35858.0,35858.0,35858.0,1
TX,202604,2026-02-26 21:40:00,35830.0,35830.0,35830.0,35830.0,1
TX,202604,2026-02-26 21:42:00,35829.0,35829.0,35829.0,35829.0,2
TX,202604,2026-02-26 21:44:00,35820.0,35821.0,35806.0,35806.0,22
TX,202604,2026-02-26 21:48:00,35836.0,35836.0,35836.0,35836.0,1
TX,202604,2026-02-26 21:51:00,35812.0,35812.0,35812.0,35812.0,1
TX,202604,2026-02-26 21:52:00,35806.0,35806.0,35800.0,35800.0,4
TX,202604,2026-02-26 21:54:00,35779.0,35779.0,35779.0,35779.0,1
TX,202604,2026-02-26 21:55:00,35776.0,35776.0,35757.0,35759.0,8
TX,202604,2026-02-26 21:56:00,35770.0,35770.0,35755.0,35755.0,11
TX,202604,2026-02-26 22:00:00,35753.0,35780.0,35747.0,35780.0,9
TX,202604,2026-02-26 22:01:00,35768.0,35780.0,35768.0,35780.0,3
TX,202604,2026-02-26 22:03:00,35792.0,35792.0,35792.0,35792.0,1
TX,202604,2026-02-26 22:08:00,35756.0,35762.0,35756.0,35762.0,2
TX,202604,2026-02-26 22:10:00,35732.0,35746.0,35732.0,35735.0,3
TX,202604,2026-02-26 22:15:00,35766.0,35766.0,35766.0,35766.0,2
TX,202604,2026-02-26 22:16:00,35761.0,35761.0,35761.0,35761.0,1
TX,202604,2026-02-26 22:29:00,35738.0,35738.0,35728.0,35728.0,2
TX,202604,2026-02-26 22:30:00,35700.0,35700.0,35700.0,35700.0,1
TX,202604,2026-02-26 22:31:00,35653.0,35680.0,35631.0,35680.0,7
TX,202604,2026-02-26 22:32:00,35680.0,35680.0,35680.0,35680.0,3
TX,202604,2026-02-26 22:33:00,35640.0,35640.0,35634.0,35634.0,2
TX,202604,2026-02-26 22:34:00,35621.0,35621.0,35621.0,35621.0,1
TX,202604,2026-02-26 22:35:00,35621.0,35660.0,35621.0,35660.0,7
TX,202604,2026-02-26 22:36:00,35634.0,35634.0,35599.0,35599.0,16
TX,202604,2026-02-26 22:40:00,35588.0,35588.0,35566.0,35572.0,9
TX,202604,2026-02-26 22:41:00,35572.0,35572.0,35572.0,35572.0,1
TX,202604,2026-02-26 22:42:00,35572.0,35572.0,35548.0,35548.0,6
TX,202604,2026-02-26 22:43:00,35538.0,35538.0,35528.0,35528.0,4
TX,202604,2026-02-26 22:44:00,35524.0,35524.0,35524.0,35524.0,1
TX,202604,2026-02-26 22:45:00,35501.0,35501.0,35500.0,35500.0,3
TX,202604,2026-02-26 22:46:00,35499.0,35500.0,35499.0,35500.0,3
TX,202604,2026-02-26 22:47:00,35517.0,35517.0,35506.0,35506.0,5
TX,202604,2026-02-26 22:48:00,35480.0,35480.0,35480.0,35480.0,1
TX,202604,2026-02-26 22:49:00,35470.0,35470.0,35470.0,35470.0,3
TX,202604,2026-02-26 22:51:00,35458.0,35458.0,35435.0,35435.0,8
TX,202604,2026-02-26 22:52:00,35410.0,35410.0,35368.0,35368.0,8
TX,202604,2026-02-26 22:56:00,35387.0,35387.0,35386.0,35387.0,5
TX,202604,2026-02-26 22:57:00,35368.0,35368.0,35351.0,35359.0,3
TX,202604,2026-02-26 22:58:00,35348.0,35348.0,35342.0,35342.0,5
TX,202604,2026-02-26 22:59:00,35392.0,35392.0,35390.0,35390.0,2
TX,202604,2026-02-26 23:00:00,35398.0,35398.0,35370.0,35370.0,2
TX,202604,2026-02-26 23:01:00,35342.0,35342.0,35301.0,35301.0,5
TX,202604,2026-02-26 23:05:00,35374.0,35374.0,35374.0,35374.0,2
TX,202604,2026-02-26 23:08:00,35383.0,35383.0,35383.0,35383.0,1
TX,202604,2026-02-26 23:12:00,35305.0,35305.0,35254.0,35254.0,15
TX,202604,2026-02-26 23:13:00,35254.0,35267.0,35250.0,35267.0,4
TX,202604,2026-02-26 23:14:00,35247.0,35247.0,35242.0,35242.0,2
TX,202604,2026-02-26 23:15:00,35200.0,35200.0,35169.0,35169.0,23
TX,202604,2026-02-26 23:16:00,35185.0,35185.0,35157.0,35157.0,4
TX,202604,2026-02-26 23:17:00,35187.0,35187.0,35187.0,35187.0,1
TX,202604,2026-02-26 23:18:00,35154.0,35169.0,35154.0,35169.0,2
TX,202604,2026-02-26 23:19:00,35150.0,35150.0,35137.0,35137.0,2
TX,202604,2026-02-26 23:20:00,35144.0,35150.0,35100.0,35100.0,12
TX,202604,2026-02-26 23:21:00,35092.0,35097.0,35050.0,35050.0,5
TX,202604,2026-02-26 23:24:00,35055.0,35055.0,35026.0,35026.0,2
TX,202604,2026-02-26 23:25:00,35046.0,35059.0,35046.0,35059.0,3
TX,202604,2026-02-26 23:26:00,35100.0,35115.0,35100.0,35115.0,2
TX,202604,2026-02-26 23:27:00,35047.0,35047.0,35047.0,35047.0,1
TX,202604,2026-02-26 23:28:00,35072.0,35072.0,35032.0,35032.0,3
TX,202604,2026-02-26 23:29:00,35095.0,35095.0,35095.0,35095.0,1
TX,202604,2026-02-26 23:30:00,35065.0,35095.0,35065.0,35095.0,3
TX,202604,2026-02-26 23:31:00,35081.0,35115.0,35081.0,35115.0,2
TX,202604,2026-02-26 23:32:00,35105.0,35109.0,35082.0,35082.0,22
TX,202604,2026-02-26 23:35:00,35100.0,35100.0,35083.0,35083.0,3
TX,202604,2026-02-26 23:36:00,35108.0,35112.0,35090.0,35112.0,13
TX,202604,2026-02-26 23:38:00,35152.0,35210.0,35152.0,35210.0,7
TX,202604,2026-02-26 23:39:00,35191.0,35210.0,35191.0,35210.0,13
TX,202604,2026-02-26 23:40:00,35218.0,35249.0,35218.0,35236.0,6
TX,202604,2026-02-26 23:41:00,35200.0,35202.0,35200.0,35202.0,2
TX,202604,2026-02-26 23:42:00,35202.0,35202.0,35178.0,35178.0,2
TX,202604,2026-02-26 23:43:00,35218.0,35218.0,35218.0,35218.0,1
TX,202604,2026-02-26 23:44:00,35211.0,35211.0,35211.0,35211.0,2
TX,202604,2026-02-26 23:45:00,35233.0,35254.0,35233.0,35254.0,2
TX,202604,2026-02-26 23:46:00,35251.0,35255.0,35210.0,35210.0,14
TX,202604,2026-02-26 23:47:00,35215.0,35215.0,35215.0,35215.0,1
TX,202604,2026-02-26 23:49:00,35248.0,35256.0,35248.0,35256.0,6
TX,202604,2026-02-26 23:50:00,35251.0,35251.0,35251.0,35251.0,1
TX,202604,2026-02-26 23:51:00,35232.0,35232.0,35229.0,35229.0,6
TX,202604,2026-02-26 23:56:00,35215.0,35215.0,35215.0,35215.0,1
TX,202604,2026-02-26 23:58:00,35238.0,35238.0,35238.0,35238.0,1
TX,202604,2026-02-26 23:59:00,35200.0,35200.0,35200.0,35200.0,1
TX,202604,2026-02-27 00:06:00,35178.0,35178.0,35178.0,35178.0,1
TX,202604,2026-02-27 00:07:00,35191.0,35191.0,35191.0,35191.0,1
TX,202604,2026-02-27 00:09:00,35205.0,35205.0,35205.0,35205.0,2
TX,202604,2026-02-27 00:14:00,35191.0,35191.0,35191.0,35191.0,1
TX,202604,2026-02-27 00:16:00,35228.0,35228.0,35228.0,35228.0,1
TX,202604,2026-02-27 00:22:00,35288.0,35288.0,35288.0,35288.0,1
TX,202604,2026-02-27 00:25:00,35311.0,35333.0,35311.0,35333.0,2
TX,202604,2026-02-27 00:26:00,35348.0,35348.0,35334.0,35334.0,2
TX,202604,2026-02-27 00:30:00,35292.0,35292.0,35292.0,35292.0,1
TX,202604,2026-02-27 00:36:00,35268.0,35268.0,35268.0,35268.0,2
TX,202604,2026-02-27 00:43:00,35188.0,35188.0,35188.0,35188.0,1
TX,202604,2026-02-27 00:46:00,35111.0,35111.0,35100.0,35100.0,3
TX,202604,2026-02-27 00:47:00,35156.0,35156.0,35156.0,35156.0,1
TX,202604,2026-02-27 00:49:00,35154.0,35154.0,35154.0,35154.0,1
TX,202604,2026-02-27 00:53:00,35100.0,35100.0,35100.0,35100.0,1
TX,202604,2026-02-27 00:59:00,35070.0,35070.0,35070.0,35070.0,1
TX,202604,2026-02-27 01:05:00,35156.0,35156.0,35156.0,35156.0,1
TX,202604,2026-02-27 01:09:00,35150.0,35153.0,35150.0,35153.0,2
TX,202604,2026-02-27 01:10:00,35148.0,35148.0,35148.0,35148.0,1
TX,202604,2026-02-27 01:14:00,35111.0,35111.0,35111.0,35111.0,1
TX,202604,2026-02-27 01:32:00,35145.0,35145.0,35143.0,35143.0,2
TX,202604,2026-02-27 01:34:00,35190.0,35190.0,35190.0,35190.0,1
TX,202604,2026-02-27 01:39:00,35116.0,35116.0,35116.0,35116.0,1
TX,202604,2026-02-27 01:43:00,35118.0,35118.0,35118.0,35118.0,2
TX,202604,2026-02-27 01:49:00,35100.0,35100.0,35085.0,35085.0,2
TX,202604,2026-02-27 01:50:00,35085.0,35085.0,35085.0,35085.0,1
TX,202604,2026-02-27 01:58:00,35100.0,35100.0,35100.0,35100.0,1
TX,202604,2026-02-27 02:08:00,35070.0,35070.0,35070.0,35070.0,1
TX,202604,2026-02-27 02:11:00,35110.0,35110.0,35110.0,35110.0,1
TX,202604,2026-02-27 02:15:00,35110.0,35110.0,35110.0,35110.0,1
TX,202604,2026-02-27 02:17:00,35131.0,35131.0,35131.0,35131.0,2
TX,202604,2026-02-27 02:19:00,35154.0,35154.0,35154.0,35154.0,2
TX,202604,2026-02-27 02:33:00,35157.0,35157.0,35157.0,35157.0,1
TX,202604,2026-02-27 02:34:00,35182.0,35220.0,35182.0,35220.0,2
TX,202604,2026-02-27 02:35:00,35203.0,35203.0,35203.0,35203.0,1
TX,202604,2026-02-27 02:36:00,35208.0,35261.0,35208.0,35261.0,4
TX,202604,2026-02-27 02:38:00,35230.0,35230.0,35230.0,35230.0,3
TX,202604,2026-02-27 02:39:00,35279.0,35279.0,35271.0,35271.0,2
TX,202604,2026-02-27 02:40:00,35269.0,35269.0,35269.0,35269.0,1
TX,202604,2026-02-27 02:42:00,35234.0,35234.0,35234.0,35234.0,1
TX,202604,2026-02-27 02:44:00,35234.0,35234.0,35234.0,35234.0,1
TX,202604,2026-02-27 03:13:00,35282.0,35282.0,35282.0,35282.0,1
TX,202604,2026-02-27 03:30:00,35250.0,35250.0,35250.0,35250.0,2
TX,202604,2026-02-27 03:36:00,35257.0,35257.0,35254.0,35254.0,2
TX,202604,2026-02-27 03:38:00,35250.0,35250.0,35250.0,35250.0,1
TX,202604,2026-02-27 03:50:00,35265.0,35265.0,35260.0,35260.0,9
TX,202604,2026-02-27 03:51:00,35268.0,35268.0,35268.0,35268.0,1
TX,202604,2026-02-27 03:54:00,35270.0,35270.0,35270.0,35270.0,1
TX,202604,2026-02-27 03:55:00,35290.0,35290.0,35290.0,35290.0,2
TX,202604,2026-02-27 03:57:00,35285.0,35285.0,35285.0,35285.0,1
TX,202604,2026-02-27 03:58:00,35280.0,35280.0,35270.0,35270.0,2
TX,202604,2026-02-27 04:00:00,35256.0,35256.0,35256.0,35256.0,1
TX,202604,2026-02-27 04:05:00,35287.0,35287.0,35287.0,35287.0,1
TX,202604,2026-02-27 04:06:00,35289.0,35289.0,35284.0,35284.0,4
TX,202604,2026-02-27 04:07:00,35280.0,35280.0,35280.0,35280.0,2
TX,202604,2026-02-27 04:10:00,35251.0,35251.0,35251.0,35251.0,1
TX,202604,2026-02-27 04:13:00,35250.0,35250.0,35250.0,35250.0,4
TX,202604,2026-02-27 04:14:00,35245.0,35245.0,35240.0,35240.0,6
TX,202604,2026-02-27 04:25:00,35228.0,35228.0,35228.0,35228.0,1
TX,202604,2026-02-27 04:35:00,35252.0,35252.0,35252.0,35252.0,1
TX,202604,2026-02-27 04:38:00,35246.0,35246.0,35244.0,35244.0,2
TX,202604,2026-02-27 04:41:00,35246.0,35246.0,35246.0,35246.0,1
TX,202604,2026-02-27 04:42:00,35229.0,35229.0,35229.0,35229.0,1
TX,202604,2026-02-27 04:43:00,35235.0,35235.0,35235.0,35235.0,1
TX,202604,2026-02-27 04:45:00,35247.0,35247.0,35247.0,35247.0,1
TX,202604,2026-02-27 04:51:00,35230.0,35230.0,35230.0,35230.0,1
TX,202604,2026-02-27 04:58:00,35211.0,35211.0,35201.0,35201.0,9
TX,202604,2026-02-27 04:59:00,35200.0,35200.0,35199.0,35199.0,4
TX,202605,2026-02-26 15:05:00,35888.0,35888.0,35888.0,35888.0,1
TX,202605,2026-02-26 22:10:00,35860.0,35860.0,35860.0,35860.0,1
TX,202605,2026-02-26 22:27:00,35860.0,35860.0,35860.0,35860.0,6
TX,202605,2026-02-26 22:31:00,35760.0,35760.0,35760.0,35760.0,1
TX,202605,2026-02-26 22:36:00,35750.0,35750.0,35730.0,35730.0,3
TX,202605,2026-02-26 22:40:00,35696.0,35696.0,35696.0,35696.0,1
TX,202605,2026-02-26 22:42:00,35717.0,35717.0,35717.0,35717.0,1
TX,202605,2026-02-26 22:44:00,35656.0,35656.0,35656.0,35656.0,1
TX,202605,2026-02-26 22:45:00,35630.0,35630.0,35630.0,35630.0,1
TX,202605,2026-02-26 22:47:00,35634.0,35634.0,35630.0,35630.0,10
TX,202605,2026-02-26 22:57:00,35485.0,35485.0,35485.0,35485.0,1
TX,202605,2026-02-26 23:05:00,35500.0,35500.0,35500.0,35500.0,1
TX,202605,2026-02-26 23:06:00,35506.0,35506.0,35506.0,35506.0,1
TX,202605,2026-02-26 23:13:00,35375.0,35375.0,35375.0,35375.0,1
TX,202605,2026-02-26 23:15:00,35300.0,35300.0,35300.0,35300.0,1
TX,202605,2026-02-26 23:16:00,35283.0,35283.0,35283.0,35283.0,1
TX,202605,2026-02-26 23:17:00,35315.0,35316.0,35315.0,35316.0,2
TX,202605,2026-02-26 23:27:00,35210.0,35210.0,35210.0,35210.0,1
TX,202605,2026-02-27 00:06:00,35300.0,35300.0,35300.0,35300.0,1
TX,202605,2026-02-27 00:37:00,35340.0,35340.0,35340.0,35340.0,2
TX,202605,2026-02-27 00:44:00,35300.0,35300.0,35300.0,35300.0,1
TX,202605,2026-02-27 00:57:00,35200.0,35200.0,35200.0,35200.0,2
TX,202605,2026-02-27 02:08:00,35200.0,35200.0,35200.0,35200.0,1
TX,202605,2026-02-27 02:36:00,35370.0,35370.0,35370.0,35370.0,1
TX,202605,2026-02-27 02:39:00,35400.0,35400.0,35400.0,35400.0,1
TX,202605,2026-02-27 04:14:00,35368.0,35368.0,35368.0,35368.0,1
TX,202605,2026-02-27 04:16:00,35350.0,35350.0,35350.0,35350.0,1
TX,202605,2026-02-27 04:59:00,35328.0,35328.0,35328.0,35328.0,1
TX,202606,2026-02-26 15:11:00,35912.0,35912.0,35912.0,35912.0,1
TX,202606,2026-02-26 15:14:00,35923.0,35923.0,35923.0,35923.0,1
TX,202606,2026-02-26 15:45:00,36028.0,36028.0,36028.0,36028.0,1
TX,202606,2026-02-26 15:47:00,36025.0,36025.0,36025.0,36025.0,1
TX,202606,2026-02-26 15:57:00,36034.0,36034.0,36034.0,36034.0,1
TX,202606,2026-02-26 17:54:00,36100.0,36100.0,36100.0,36100.0,1
TX,202606,2026-02-26 18:05:00,36064.0,36064.0,36064.0,36064.0,1
TX,202606,2026-02-26 18:18:00,36052.0,36052.0,36052.0,36052.0,1
TX,202606,2026-02-26 20:59:00,35971.0,35971.0,35970.0,35970.0,2
TX,202606,2026-02-26 21:28:00,36003.0,36003.0,36003.0,36003.0,1
TX,202606,2026-02-26 21:29:00,36015.0,36015.0,36015.0,36015.0,1
TX,202606,2026-02-26 21:34:00,36009.0,36009.0,36009.0,36009.0,1
TX,202606,2026-02-26 21:44:00,35966.0,35966.0,35966.0,35966.0,1
TX,202606,2026-02-26 21:58:00,35927.0,35927.0,35927.0,35927.0,1
TX,202606,2026-02-26 22:00:00,35906.0,35906.0,35906.0,35906.0,1
TX,202606,2026-02-26 22:09:00,35902.0,35902.0,35902.0,35902.0,1
TX,202606,2026-02-26 22:30:00,35831.0,35831.0,35825.0,35825.0,11
TX,202606,2026-02-26 22:31:00,35806.0,35806.0,35800.0,35800.0,16
TX,202606,2026-02-26 22:33:00,35786.0,35802.0,35786.0,35802.0,2
TX,202606,2026-02-26 22:34:00,35784.0,35785.0,35784.0,35785.0,10
TX,202606,2026-02-26 22:35:00,35816.0,35816.0,35816.0,35816.0,10
TX,202606,2026-02-26 22:36:00,35809.0,35809.0,35756.0,35756.0,16
TX,202606,2026-02-26 22:40:00,35773.0,35773.0,35752.0,35752.0,6
TX,202606,2026-02-26 22:43:00,35701.0,35701.0,35701.0,35701.0,1
TX,202606,2026-02-26 22:51:00,35607.0,35607.0,35607.0,35607.0,1
TX,202606,2026-02-26 22:57:00,35536.0,35536.0,35536.0,35536.0,1
TX,202606,2026-02-26 23:01:00,35501.0,35501.0,35501.0,35501.0,1
TX,202606,2026-02-26 23:12:00,35480.0,35480.0,35450.0,35450.0,2
TX,202606,2026-02-26 23:21:00,35251.0,35251.0,35251.0,35251.0,1
TX,202606,2026-02-26 23:24:00,35226.0,35226.0,35226.0,35226.0,1
TX,202606,2026-02-26 23:28:00,35225.0,35226.0,35225.0,35226.0,2
TX,202606,2026-02-27 00:24:00,35469.0,35469.0,35469.0,35469.0,2
TX,202606,2026-02-27 00:31:00,35451.0,35451.0,35451.0,35451.0,1
TX,202606,2026-02-27 00:37:00,35400.0,35400.0,35400.0,35400.0,1
TX,202606,2026-02-27 01:27:00,35314.0,35314.0,35314.0,35314.0,1
TX,202609,2026-02-26 16:23:00,35980.0,35980.0,35980.0,35980.0,1
TX,202609,2026-02-26 16:27:00,35970.0,35970.0,35970.0,35970.0,1
TX,202609,2026-02-26 17:35:00,35995.0,35995.0,35995.0,35995.0,1
TX,202609,2026-02-26 19:15:00,35905.0,35905.0,35905.0,35905.0,1
TX,202609,2026-02-26 19:18:00,35900.0,35900.0,35900.0,35900.0,1
TX,202609,2026-02-26 19:22:00,35895.0,35895.0,35895.0,35895.0,1
TX,202609,2026-02-26 19:30:00,35890.0,35890.0,35890.0,35890.0,1
TX,202609,2026-02-26 22:31:00,35708.0,35708.0,35708.0,35708.0,1
TX,202609,2026-02-26 22:33:00,35697.0,35697.0,35697.0,35697.0,1
TX,202609,2026-02-26 22:34:00,35680.0,35680.0,35680.0,35680.0,1
TX,202609,2026-02-26 22:36:00,35690.0,35690.0,35668.0,35668.0,3
TX,202609,2026-02-26 22:47:00,35560.0,35560.0,35560.0,35560.0,1
TX,202609,2026-02-26 22:48:00,35533.0,35533.0,35533.0,35533.0,1
TX,202609,2026-02-26 22:51:00,35482.0,35482.0,35482.0,35482.0,1
TX,202609,2026-02-26 23:16:00,35222.0,35222.0,35222.0,35222.0,1
TX,202609,2026-02-26 23:19:00,35198.0,35198.0,35198.0,35198.0,1
TX,202609,2026-02-26 23:36:00,35160.0,35160.0,35160.0,35160.0,1
TX,202609,2026-02-26 23:37:00,35182.0,35182.0,35182.0,35182.0,1
TX,202609,2026-02-27 00:53:00,35176.0,35176.0,35176.0,35176.0,1
TX,202609,2026-02-27 01:01:00,35182.0,35182.0,35182.0,35182.0,1
TX,202609,2026-02-27 01:43:00,35180.0,35180.0,35180.0,35180.0,1
TX,202609,2026-02-27 01:49:00,35150.0,35150.0,35150.0,35150.0,1
TX,202609,2026-02-27 02:01:00,35160.0,35160.0,35160.0,35160.0,1
TX,202609,2026-02-27 02:08:00,35150.0,35150.0,35150.0,35150.0,1
TX,202609,2026-02-27 02:33:00,35220.0,35220.0,35220.0,35220.0,1
TX,202609,2026-02-27 02:34:00,35250.0,35250.0,35250.0,35250.0,1
TX,202609,2026-02-27 02:36:00,35300.0,35300.0,35300.0,35300.0,1
TX,202609,2026-02-27 03:16:00,35350.0,35350.0,35350.0,35350.0,1
TX,202609,2026-02-27 04:28:00,35280.0,35280.0,35280.0,35280.0,1
TX,202609,2026-02-27 04:49:00,35295.0,35295.0,35295.0,35295.0,1
TX,202609,2026-02-27 04:52:00,35288.0,35288.0,35288.0,35288.0,1
TX,202612,2026-02-26 17:35:00,36263.0,36263.0,36263.0,36263.0,1
TX,202612,2026-02-26 22:09:00,36080.0,36080.0,36080.0,36080.0,1
TX,202612,2026-02-26 22:10:00,36065.0,36065.0,36065.0,36065.0,1
TX,202612,2026-02-26 22:27:00,36070.0,36070.0,36065.0,36065.0,4
TX,202612,2026-02-26 22:29:00,36060.0,36060.0,36060.0,36060.0,1
TX,202612,2026-02-26 22:36:00,35930.0,35930.0,35930.0,35930.0,1
TX,202612,2026-02-26 22:42:00,35900.0,35900.0,35900.0,35900.0,1
TX,202612,2026-02-26 22:51:00,35790.0,35790.0,35790.0,35790.0,1
TX,202612,2026-02-26 23:01:00,35655.0,35655.0,35655.0,35655.0,1
TX,202612,2026-02-26 23:37:00,35489.0,35496.0,35489.0,35496.0,3
TX,202612,2026-02-27 01:58:00,35424.0,35424.0,35424.0,35424.0,1
UDF,202603,2026-02-26 15:03:00,49447.0,49447.0,49447.0,49447.0,1
UDF,202603,2026-02-26 15:05:00,49447.0,49447.0,49447.0,49447.0,1
UDF,202603,2026-02-26 15:58:00,49440.0,49440.0,49440.0,49440.0,1
UDF,202603,2026-02-26 15:59:00,49431.0,49431.0,49431.0,49431.0,1
UDF,202603,2026-02-26 16:04:00,49427.0,49427.0,49427.0,49427.0,1
UDF,202603,2026-02-26 16:05:00,49435.0,49435.0,49435.0,49435.0,1
UDF,202603,2026-02-26 16:16:00,49445.0,49445.0,49445.0,49445.0,3
UDF,202603,2026-02-26 16:17:00,49440.0,49440.0,49440.0,49440.0,2
UDF,202603,2026-02-26 16:56:00,49456.0,49456.0,49456.0,49456.0,1
UDF,202603,2026-02-26 17:37:00,49498.0,49498.0,49498.0,49498.0,1
UDF,202603,2026-02-26 17:38:00,49499.0,49499.0,49499.0,49499.0,1
UDF,202603,2026-02-26 18:33:00,49493.0,49493.0,49493.0,49493.0,1
UDF,202603,2026-02-26 19:00:00,49493.0,49493.0,49493.0,49493.0,1
UDF,202603,2026-02-26 19:24:00,49495.0,49495.0,49495.0,49495.0,1
UDF,202603,2026-02-26 20:10:00,49551.0,49551.0,49551.0,49551.0,1
UDF,202603,2026-02-26 20:27:00,49577.0,49577.0,49577.0,49577.0,1
UDF,202603,2026-02-26 20:29:00,49572.0,49572.0,49572.0,49572.0,1
UDF,202603,2026-02-26 20:33:00,49577.0,49577.0,49577.0,49577.0,1
UDF,202603,2026-02-26 20:34:00,49584.0,49584.0,49584.0,49584.0,1
UDF,202603,2026-02-26 20:39:00,49579.0,49579.0,49579.0,49579.0,1
UDF,202603,2026-02-26 20:40:00,49591.0,49591.0,49591.0,49591.0,1
UDF,202603,2026-02-26 20:41:00,49600.0,49601.0,49600.0,49601.0,2
UDF,202603,2026-02-26 20:46:00,49601.0,49610.0,49601.0,49609.0,4
UDF,202603,2026-02-26 20:48:00,49609.0,49615.0,49609.0,49615.0,2
UDF,202603,2026-02-26 20:52:00,49619.0,49619.0,49619.0,49619.0,1
UDF,202603,2026-02-26 20:58:00,49615.0,49615.0,49615.0,49615.0,1
UDF,202603,2026-02-26 21:08:00,49650.0,49650.0,49650.0,49650.0,3
UDF,202603,2026-02-26 21:09:00,49672.0,49672.0,49672.0,49672.0,1
UDF,202603,2026-02-26 21:51:00,49642.0,49642.0,49642.0,49642.0,1
UDF,202603,2026-02-26 21:58:00,49650.0,49650.0,49650.0,49650.0,1
UDF,202603,2026-02-26 22:01:00,49650.0,49650.0,49650.0,49650.0,1
UDF,202603,2026-02-26 22:20:00,49685.0,49690.0,49685.0,49690.0,2
UDF,202603,2026-02-26 22:21:00,49701.0,49701.0,49701.0,49701.0,1
UDF,202603,2026-02-26 22:22:00,49701.0,49701.0,49701.0,49701.0,1
UDF,202603,2026-02-26 22:23:00,49701.0,49701.0,49701.0,49701.0,1
UDF,202603,2026-02-26 22:29:00,49732.0,49732.0,49732.0,49732.0,2
UDF,202603,2026-02-26 22:31:00,49734.0,49734.0,49734.0,49734.0,1
UDF,202603,2026-02-26 22:32:00,49776.0,49789.0,49776.0,49789.0,14
UDF,202603,2026-02-26 22:34:00,49766.0,49796.0,49766.0,49796.0,4
UDF,202603,2026-02-26 22:36:00,49819.0,49820.0,49819.0,49820.0,3
UDF,202603,2026-02-26 22:41:00,49792.0,49797.0,49792.0,49797.0,3
UDF,202603,2026-02-26 22:42:00,49748.0,49748.0,49748.0,49748.0,3
UDF,202603,2026-02-26 22:43:00,49716.0,49716.0,49716.0,49716.0,1
UDF,202603,2026-02-26 22:44:00,49702.0,49702.0,49702.0,49702.0,1
UDF,202603,2026-02-26 22:47:00,49710.0,49710.0,49710.0,49710.0,1
UDF,202603,2026-02-26 22:50:00,49722.0,49722.0,49710.0,49710.0,3
UDF,202603,2026-02-26 22:53:00,49742.0,49742.0,49742.0,49742.0,1
UDF,202603,2026-02-26 23:00:00,49695.0,49695.0,49672.0,49672.0,2
UDF,202603,2026-02-26 23:02:00,49643.0,49643.0,49494.0,49637.0,8
UDF,202603,2026-02-26 23:06:00,49650.0,49650.0,49650.0,49650.0,1
UDF,202603,2026-02-26 23:08:00,49615.0,49615.0,49610.0,49610.0,5
UDF,202603,2026-02-26 23:09:00,49610.0,49620.0,49610.0,49620.0,2
UDF,202603,2026-02-26 23:10:00,49598.0,49598.0,49598.0,49598.0,1
UDF,202603,2026-02-26 23:13:00,49598.0,49598.0,49598.0,49598.0,1
UDF,202603,2026-02-26 23:14:00,49579.0,49579.0,49579.0,49579.0,1
UDF,202603,2026-02-26 23:15:00,49525.0,49525.0,49525.0,49525.0,2
UDF,202603,2026-02-26 23:16:00,49520.0,49520.0,49488.0,49488.0,2
UDF,202603,2026-02-26 23:17:00,49477.0,49477.0,49477.0,49477.0,1
UDF,202603,2026-02-26 23:20:00,49468.0,49468.0,49458.0,49458.0,3
UDF,202603,2026-02-26 23:21:00,49384.0,49384.0,49384.0,49384.0,1
UDF,202603,2026-02-26 23:22:00,49350.0,49350.0,49333.0,49333.0,2
UDF,202603,2026-02-26 23:24:00,49325.0,49325.0,49325.0,49325.0,2
UDF,202603,2026-02-26 23:26:00,49372.0,49372.0,49372.0,49372.0,6
UDF,202603,2026-02-26 23:27:00,49301.0,49301.0,49295.0,49295.0,2
UDF,202603,2026-02-26 23:28:00,49295.0,49295.0,49287.0,49287.0,2
UDF,202603,2026-02-26 23:29:00,49319.0,49319.0,49319.0,49319.0,1
UDF,202603,2026-02-26 23:32:00,49348.0,49348.0,49348.0,49348.0,1
UDF,202603,2026-02-26 23:38:00,49447.0,49447.0,49447.0,49447.0,1
UDF,202603,2026-02-26 23:39:00,49450.0,49450.0,49450.0,49450.0,2
UDF,202603,2026-02-26 23:40:00,49488.0,49488.0,49477.0,49478.0,6
UDF,202603,2026-02-26 23:41:00,49488.0,49488.0,49488.0,49488.0,1
UDF,202603,2026-02-26 23:43:00,49475.0,49500.0,49475.0,49493.0,5
UDF,202603,2026-02-26 23:44:00,49501.0,49501.0,49481.0,49481.0,2
UDF,202603,2026-02-26 23:45:00,49523.0,49523.0,49523.0,49523.0,1
UDF,202603,2026-02-26 23:46:00,49526.0,49526.0,49526.0,49526.0,2
UDF,202603,2026-02-26 23:54:00,49586.0,49586.0,49586.0,49586.0,1
UDF,202603,2026-02-26 23:56:00,49590.0,49590.0,49590.0,49590.0,1
UDF,202603,2026-02-26 23:57:00,49600.0,49600.0,49600.0,49600.0,1
UDF,202603,2026-02-26 23:59:00,49624.0,49670.0,49618.0,49618.0,6
UDF,202603,2026-02-27 00:19:00,49563.0,49563.0,49563.0,49563.0,1
UDF,202603,2026-02-27 00:32:00,49555.0,49555.0,49555.0,49555.0,1
UDF,202603,2026-02-27 00:45:00,49400.0,49400.0,49400.0,49400.0,1
UDF,202603,2026-02-27 00:47:00,49366.0,49366.0,49366.0,49366.0,1
UDF,202603,2026-02-27 00:54:00,49400.0,49400.0,49400.0,49400.0,2
UDF,202603,2026-02-27 01:02:00,49357.0,49357.0,49352.0,49352.0,3
UDF,202603,2026-02-27 01:04:00,49341.0,49341.0,49341.0,49341.0,1
UDF,202603,2026-02-27 01:07:00,49373.0,49373.0,49373.0,49373.0,1
UDF,202603,2026-02-27 01:25:00,49380.0,49380.0,49380.0,49380.0,3
UDF,202603,2026-02-27 01:26:00,49377.0,49377.0,49377.0,49377.0,3
UDF,202603,2026-02-27 01:27:00,49373.0,49373.0,49373.0,49373.0,4
UDF,202603,2026-02-27 01:33:00,49383.0,49383.0,49383.0,49383.0,1
UDF,202603,2026-02-27 01:35:00,49364.0,49364.0,49364.0,49364.0,3
UDF,202603,2026-02-27 01:44:00,49310.0,49310.0,49310.0,49310.0,1
UDF,202603,2026-02-27 02:08:00,49306.0,49306.0,49306.0,49306.0,2
UDF,202603,2026-02-27 02:12:00,49334.0,49334.0,49334.0,49334.0,1
UDF,202603,2026-02-27 02:18:00,49360.0,49360.0,49360.0,49360.0,1
UDF,202603,2026-02-27 02:33:00,49401.0,49402.0,49401.0,49402.0,5
UDF,202603,2026-02-27 02:34:00,49460.0,49460.0,49460.0,49460.0,4
UDF,202603,2026-02-27 04:06:00,49600.0,49600.0,49600.0,49600.0,1
UDF,202603,2026-02-27 04:50:00,49500.0,49500.0,49500.0,49500.0,1
UDF,202606,2026-02-26 15:03:00,49777.0,49777.0,49777.0,49777.0,1
UDF,202606,2026-02-26 15:58:00,49770.0,49770.0,49770.0,49770.0,1
UDF,202606,2026-02-26 20:31:00,49909.0,49909.0,49909.0,49909.0,1
UDF,202606,2026-02-26 20:38:00,49899.0,49905.0,49899.0,49905.0,2
UDF,202606,2026-02-26 22:32:00,50098.0,50098.0,50098.0,50098.0,1
UDF,202606,2026-02-26 23:10:00,49920.0,49920.0,49920.0,49920.0,1
UDF,202606,2026-02-26 23:40:00,49823.0,49825.0,49815.0,49825.0,8
UDF,202606,2026-02-26 23:41:00,49825.0,49825.0,49825.0,49825.0,1
UDF,202606,2026-02-26 23:43:00,49838.0,49840.0,49838.0,49839.0,4
UDF,202606,2026-02-26 23:44:00,49851.0,49851.0,49831.0,49832.0,3
UDF,202606,2026-02-26 23:59:00,50000.0,50000.0,50000.0,50000.0,1
UDF,202606,2026-02-27 00:47:00,49700.0,49700.0,49700.0,49700.0,1
UNF,202603,2026-02-26 15:00:00,25346.0,25346.0,25346.0,25346.0,2
UNF,202603,2026-02-26 15:01:00,25350.0,25354.0,25350.0,25354.0,2
UNF,202603,2026-02-26 15:04:00,25346.0,25346.0,25346.0,25346.0,1
UNF,202603,2026-02-26 15:07:00,25356.0,25359.0,25356.0,25358.0,3
UNF,202603,2026-02-26 15:08:00,25360.0,25360.0,25360.0,25360.0,2
UNF,202603,2026-02-26 15:09:00,25360.0,25360.0,25360.0,25360.0,2
UNF,202603,2026-02-26 15:13:00,25358.0,25358.0,25358.0,25358.0,1
UNF,202603,2026-02-26 15:14:00,25356.0,25356.0,25350.0,25350.0,4
UNF,202603,2026-02-26 15:16:00,25358.0,25358.0,25358.0,25358.0,1
UNF,202603,2026-02-26 15:21:00,25370.0,25370.0,25370.0,25370.0,2
UNF,202603,2026-02-26 15:23:00,25357.0,25357.0,25357.0,25357.0,1
UNF,202603,2026-02-26 15:34:00,25359.0,25361.0,25357.0,25361.0,3
UNF,202603,2026-02-26 15:40:00,25363.0,25363.0,25362.0,25362.0,3
UNF,202603,2026-02-26 15:49:00,25365.0,25365.0,25365.0,25365.0,1
UNF,202603,2026-02-26 15:56:00,25370.0,25370.0,25370.0,25370.0,1
UNF,202603,2026-02-26 16:00:00,25367.0,25368.0,25367.0,25368.0,2
UNF,202603,2026-02-26 16:01:00,25367.0,25367.0,25367.0,25367.0,2
UNF,202603,2026-02-26 16:02:00,25367.0,25367.0,25367.0,25367.0,1
UNF,202603,2026-02-26 16:08:00,25368.0,25368.0,25368.0,25368.0,1
UNF,202603,2026-02-26 16:12:00,25376.0,25376.0,25376.0,25376.0,1
UNF,202603,2026-02-26 16:20:00,25389.0,25389.0,25389.0,25389.0,12
UNF,202603,2026-02-26 16:21:00,25400.0,25400.0,25400.0,25400.0,2
UNF,202603,2026-02-26 16:23:00,25390.0,25390.0,25390.0,25390.0,5
UNF,202603,2026-02-26 16:25:00,25380.0,25380.0,25379.0,25379.0,11
UNF,202603,2026-02-26 16:26:00,25385.0,25385.0,25384.0,25384.0,3
UNF,202603,2026-02-26 16:27:00,25385.0,25385.0,25385.0,25385.0,3
UNF,202603,2026-02-26 16:31:00,25377.0,25377.0,25377.0,25377.0,1
UNF,202603,2026-02-26 16:32:00,25375.0,25375.0,25375.0,25375.0,1
UNF,202603,2026-02-26 16:33:00,25370.0,25370.0,25370.0,25370.0,3
UNF,202603,2026-02-26 16:36:00,25375.0,25375.0,25375.0,25375.0,4
UNF,202603,2026-02-26 16:41:00,25358.0,25358.0,25358.0,25358.0,1
UNF,202603,2026-02-26 16:42:00,25358.0,25365.0,25358.0,25365.0,6
UNF,202603,2026-02-26 16:47:00,25359.0,25359.0,25350.0,25350.0,2
UNF,202603,2026-02-26 16:48:00,25352.0,25354.0,25352.0,25354.0,2
UNF,202603,2026-02-26 16:53:00,25366.0,25366.0,25366.0,25366.0,2
UNF,202603,2026-02-26 16:56:00,25366.0,25366.0,25366.0,25366.0,3
UNF,202603,2026-02-26 17:13:00,25388.0,25388.0,25388.0,25388.0,1
UNF,202603,2026-02-26 17:18:00,25378.0,25378.0,25378.0,25378.0,1
UNF,202603,2026-02-26 17:56:00,25382.0,25382.0,25382.0,25382.0,2
UNF,202603,2026-02-26 18:18:00,25390.0,25390.0,25390.0,25390.0,1
UNF,202603,2026-02-26 18:22:00,25394.0,25394.0,25394.0,25394.0,2
UNF,202603,2026-02-26 18:23:00,25382.0,25382.0,25382.0,25382.0,1
UNF,202603,2026-02-26 18:26:00,25381.0,25381.0,25381.0,25381.0,1
UNF,202603,2026-02-26 18:27:00,25381.0,25381.0,25380.0,25380.0,2
UNF,202603,2026-02-26 18:34:00,25372.0,25374.0,25372.0,25374.0,4
UNF,202603,2026-02-26 18:43:00,25385.0,25385.0,25385.0,25385.0,3
UNF,202603,2026-02-26 18:50:00,25372.0,25372.0,25372.0,25372.0,1
UNF,202603,2026-02-26 18:54:00,25370.0,25370.0,25370.0,25370.0,3
UNF,202603,2026-02-26 18:58:00,25361.0,25361.0,25361.0,25361.0,1
UNF,202603,2026-02-26 19:03:00,25360.0,25360.0,25360.0,25360.0,3
UNF,202603,2026-02-26 19:04:00,25365.0,25365.0,25365.0,25365.0,1
UNF,202603,2026-02-26 19:05:00,25366.0,25366.0,25366.0,25366.0,1
UNF,202603,2026-02-26 19:15:00,25366.0,25366.0,25366.0,25366.0,1
UNF,202603,2026-02-26 19:23:00,25374.0,25374.0,25374.0,25374.0,1
UNF,202603,2026-02-26 19:25:00,25378.0,25378.0,25378.0,25378.0,1
UNF,202603,2026-02-26 19:31:00,25377.0,25377.0,25377.0,25377.0,1
UNF,202603,2026-02-26 19:33:00,25370.0,25370.0,25370.0,25370.0,2
UNF,202603,2026-02-26 19:37:00,25375.0,25375.0,25375.0,25375.0,1
UNF,202603,2026-02-26 19:46:00,25358.0,25358.0,25358.0,25358.0,3
UNF,202603,2026-02-26 19:47:00,25358.0,25358.0,25357.0,25357.0,5
UNF,202603,2026-02-26 19:49:00,25357.0,25357.0,25357.0,25357.0,1
UNF,202603,2026-02-26 20:03:00,25383.0,25391.0,25383.0,25391.0,2
UNF,202603,2026-02-26 20:08:00,25385.0,25385.0,25385.0,25385.0,1
UNF,202603,2026-02-26 20:45:00,25386.0,25386.0,25386.0,25386.0,1
UNF,202603,2026-02-26 21:05:00,25376.0,25376.0,25376.0,25376.0,1
UNF,202603,2026-02-26 21:11:00,25380.0,25380.0,25380.0,25380.0,1
UNF,202603,2026-02-26 21:19:00,25399.0,25399.0,25395.0,25395.0,2
UNF,202603,2026-02-26 21:21:00,25400.0,25400.0,25400.0,25400.0,1
UNF,202603,2026-02-26 21:27:00,25403.0,25403.0,25403.0,25403.0,1
UNF,202603,2026-02-26 21:33:00,25416.0,25416.0,25416.0,25416.0,2
UNF,202603,2026-02-26 21:34:00,25416.0,25416.0,25416.0,25416.0,1
UNF,202603,2026-02-26 21:39:00,25413.0,25413.0,25413.0,25413.0,2
UNF,202603,2026-02-26 21:41:00,25405.0,25408.0,25405.0,25405.0,3
UNF,202603,2026-02-26 21:43:00,25400.0,25400.0,25400.0,25400.0,1
UNF,202603,2026-02-26 21:44:00,25400.0,25400.0,25400.0,25400.0,1
UNF,202603,2026-02-26 21:46:00,25405.0,25405.0,25405.0,25405.0,4
UNF,202603,2026-02-26 21:52:00,25401.0,25401.0,25401.0,25401.0,2
UNF,202603,2026-02-26 21:54:00,25405.0,25405.0,25402.0,25402.0,8
UNF,202603,2026-02-26 21:56:00,25396.0,25396.0,25396.0,25396.0,2
UNF,202603,2026-02-26 21:58:00,25398.0,25400.0,25398.0,25400.0,4
UNF,202603,2026-02-26 22:00:00,25400.0,25401.0,25400.0,25401.0,5
UNF,202603,2026-02-26 22:06:00,25393.0,25393.0,25393.0,25393.0,2
UNF,202603,2026-02-26 22:09:00,25390.0,25390.0,25390.0,25390.0,1
UNF,202603,2026-02-26 22:10:00,25386.0,25386.0,25386.0,25386.0,1
UNF,202603,2026-02-26 22:11:00,25382.0,25382.0,25382.0,25382.0,1
UNF,202603,2026-02-26 22:18:00,25380.0,25380.0,25380.0,25380.0,1
UNF,202603,2026-02-26 22:20:00,25382.0,25382.0,25382.0,25382.0,3
UNF,202603,2026-02-26 22:27:00,25368.0,25368.0,25360.0,25360.0,4
UNF,202603,2026-02-26 22:29:00,25328.0,25328.0,25327.0,25327.0,2
UNF,202603,2026-02-26 22:30:00,25326.0,25326.0,25280.0,25280.0,9
UNF,202603,2026-02-26 22:31:00,25280.0,25315.0,25280.0,25315.0,2
UNF,202603,2026-02-26 22:32:00,25315.0,25315.0,25312.0,25312.0,2
UNF,202603,2026-02-26 22:35:00,25273.0,25273.0,25266.0,25266.0,2
UNF,202603,2026-02-26 22:36:00,25254.0,25254.0,25240.0,25240.0,6
UNF,202603,2026-02-26 22:37:00,25241.0,25241.0,25241.0,25241.0,3
UNF,202603,2026-02-26 22:38:00,25253.0,25269.0,25253.0,25269.0,10
UNF,202603,2026-02-26 22:39:00,25300.0,25301.0,25300.0,25301.0,6
UNF,202603,2026-02-26 22:40:00,25280.0,25280.0,25280.0,25280.0,1
UNF,202603,2026-02-26 22:42:00,25258.0,25300.0,25258.0,25300.0,7
UNF,202603,2026-02-26 22:44:00,25251.0,25260.0,25251.0,25260.0,3
UNF,202603,2026-02-26 22:45:00,25260.0,25260.0,25253.0,25258.0,3
UNF,202603,2026-02-26 22:46:00,25250.0,25260.0,25224.0,25250.0,16
UNF,202603,2026-02-26 22:47:00,25260.0,25260.0,25255.0,25255.0,3
UNF,202603,2026-02-26 22:48:00,25238.0,25250.0,25238.0,25250.0,7
UNF,202603,2026-02-26 22:49:00,25228.0,25228.0,25228.0,25228.0,3
UNF,202603,2026-02-26 22:51:00,25230.0,25230.0,25220.0,25220.0,5
UNF,202603,2026-02-26 22:52:00,25213.0,25213.0,25213.0,25213.0,4
UNF,202603,2026-02-26 22:53:00,25206.0,25210.0,25192.0,25210.0,8
UNF,202603,2026-02-26 22:54:00,25219.0,25219.0,25219.0,25219.0,2
UNF,202603,2026-02-26 22:55:00,25221.0,25240.0,25221.0,25240.0,8
UNF,202603,2026-02-26 22:56:00,25228.0,25228.0,25228.0,25228.0,3
UNF,202603,2026-02-26 22:57:00,25220.0,25220.0,25216.0,25216.0,3
UNF,202603,2026-02-26 22:58:00,25202.0,25210.0,25200.0,25210.0,7
UNF,202603,2026-02-26 22:59:00,25197.0,25208.0,25197.0,25201.0,4
UNF,202603,2026-02-26 23:00:00,25199.0,25199.0,25189.0,25189.0,7
UNF,202603,2026-02-26 23:01:00,25187.0,25187.0,25150.0,25162.0,12
UNF,202603,2026-02-26 23:04:00,25180.0,25180.0,25180.0,25180.0,1
UNF,202603,2026-02-26 23:05:00,25161.0,25161.0,25161.0,25161.0,1
UNF,202603,2026-02-26 23:06:00,25184.0,25184.0,25184.0,25184.0,1
UNF,202603,2026-02-26 23:07:00,25178.0,25178.0,25178.0,25178.0,1
UNF,202603,2026-02-26 23:09:00,25160.0,25160.0,25160.0,25160.0,2
UNF,202603,2026-02-26 23:12:00,25161.0,25161.0,25107.0,25107.0,17
UNF,202603,2026-02-26 23:13:00,25122.0,25122.0,25122.0,25122.0,1
UNF,202603,2026-02-26 23:14:00,25102.0,25102.0,25081.0,25081.0,9
UNF,202603,2026-02-26 23:15:00,25063.0,25063.0,25050.0,25050.0,6
UNF,202603,2026-02-26 23:16:00,25030.0,25030.0,25030.0,25030.0,1
UNF,202603,2026-02-26 23:17:00,25030.0,25030.0,25004.0,25004.0,2
UNF,202603,2026-02-26 23:18:00,25004.0,25004.0,24993.0,24993.0,6
UNF,202603,2026-02-26 23:20:00,24952.0,24952.0,24952.0,24952.0,1
UNF,202603,2026-02-26 23:21:00,24950.0,24950.0,24930.0,24930.0,3
UNF,202603,2026-02-26 23:22:00,24934.0,24934.0,24934.0,24934.0,1
UNF,202603,2026-02-26 23:23:00,24942.0,24943.0,24942.0,24943.0,4
UNF,202603,2026-02-26 23:24:00,24925.0,24925.0,24912.0,24912.0,3
UNF,202603,2026-02-26 23:25:00,24945.0,24945.0,24945.0,24945.0,1
UNF,202603,2026-02-26 23:26:00,24968.0,24974.0,24960.0,24960.0,10
UNF,202603,2026-02-26 23:27:00,24962.0,24962.0,24943.0,24943.0,2
UNF,202603,2026-02-26 23:28:00,24941.0,24941.0,24900.0,24900.0,7
UNF,202603,2026-02-26 23:29:00,24925.0,24925.0,24925.0,24925.0,1
UNF,202603,2026-02-26 23:30:00,24925.0,24925.0,24925.0,24925.0,1
UNF,202603,2026-02-26 23:33:00,24905.0,24921.0,24905.0,24921.0,12
UNF,202603,2026-02-26 23:34:00,24900.0,24900.0,24887.0,24887.0,8
UNF,202603,2026-02-26 23:35:00,24898.0,24905.0,24898.0,24905.0,11
UNF,202603,2026-02-26 23:36:00,24925.0,24928.0,24911.0,24911.0,5
UNF,202603,2026-02-26 23:37:00,24928.0,24931.0,24928.0,24931.0,8
UNF,202603,2026-02-26 23:38:00,24958.0,24958.0,24958.0,24958.0,5
UNF,202603,2026-02-26 23:39:00,24987.0,24987.0,24987.0,24987.0,4
UNF,202603,2026-02-26 23:40:00,24983.0,25007.0,24983.0,25007.0,7
UNF,202603,2026-02-26 23:41:00,25000.0,25000.0,25000.0,25000.0,6
UNF,202603,2026-02-26 23:42:00,24988.0,24988.0,24988.0,24988.0,3
UNF,202603,2026-02-26 23:44:00,25006.0,25006.0,25006.0,25006.0,3
UNF,202603,2026-02-26 23:45:00,25010.0,25010.0,25010.0,25010.0,1
UNF,202603,2026-02-26 23:47:00,25013.0,25013.0,25013.0,25013.0,1
UNF,202603,2026-02-26 23:49:00,25030.0,25030.0,25030.0,25030.0,1
UNF,202603,2026-02-26 23:52:00,25008.0,25030.0,25008.0,25030.0,7
UNF,202603,2026-02-27 00:03:00,25026.0,25026.0,25026.0,25026.0,1
UNF,202603,2026-02-27 00:05:00,25044.0,25044.0,25044.0,25044.0,1
UNF,202603,2026-02-27 00:12:00,25050.0,25050.0,25044.0,25044.0,3
UNF,202603,2026-02-27 00:13:00,25045.0,25045.0,25045.0,25045.0,2
UNF,202603,2026-02-27 00:15:00,25060.0,25070.0,25060.0,25070.0,2
UNF,202603,2026-02-27 00:18:00,25056.0,25056.0,25056.0,25056.0,6
UNF,202603,2026-02-27 00:19:00,25053.0,25053.0,25053.0,25053.0,4
UNF,202603,2026-02-27 00:20:00,25047.0,25047.0,25046.0,25046.0,11
UNF,202603,2026-02-27 00:21:00,25049.0,25049.0,25049.0,25049.0,10
UNF,202603,2026-02-27 00:23:00,25060.0,25060.0,25060.0,25060.0,1
UNF,202603,2026-02-27 00:25:00,25066.0,25071.0,25066.0,25071.0,2
UNF,202603,2026-02-27 00:26:00,25075.0,25077.0,25075.0,25077.0,14
UNF,202603,2026-02-27 00:27:00,25086.0,25086.0,25086.0,25086.0,1
UNF,202603,2026-02-27 00:30:00,25073.0,25073.0,25073.0,25073.0,1
UNF,202603,2026-02-27 00:32:00,25069.0,25069.0,25069.0,25069.0,9
UNF,202603,2026-02-27 00:41:00,25040.0,25040.0,25040.0,25040.0,1
UNF,202603,2026-02-27 00:43:00,25030.0,25030.0,25030.0,25030.0,1
UNF,202603,2026-02-27 00:45:00,25000.0,25000.0,25000.0,25000.0,1
UNF,202603,2026-02-27 00:55:00,24988.0,24988.0,24981.0,24981.0,7
UNF,202603,2026-02-27 00:57:00,24970.0,24970.0,24970.0,24970.0,1
UNF,202603,2026-02-27 01:04:00,25011.0,25011.0,25011.0,25011.0,1
UNF,202603,2026-02-27 01:06:00,25023.0,25023.0,25023.0,25023.0,1
UNF,202603,2026-02-27 01:07:00,25010.0,25010.0,25010.0,25010.0,1
UNF,202603,2026-02-27 01:16:00,24969.0,24969.0,24969.0,24969.0,1
UNF,202603,2026-02-27 01:17:00,24968.0,24968.0,24968.0,24968.0,2
UNF,202603,2026-02-27 01:18:00,24983.0,24983.0,24983.0,24983.0,1
UNF,202603,2026-02-27 01:30:00,24977.0,24977.0,24977.0,24977.0,3
UNF,202603,2026-02-27 01:32:00,25000.0,25000.0,25000.0,25000.0,1
UNF,202603,2026-02-27 01:38:00,24958.0,24961.0,24958.0,24960.0,4
UNF,202603,2026-02-27 01:39:00,24965.0,24965.0,24965.0,24965.0,1
UNF,202603,2026-02-27 01:40:00,24970.0,24970.0,24961.0,24961.0,6
UNF,202603,2026-02-27 01:45:00,24951.0,24951.0,24951.0,24951.0,5
UNF,202603,2026-02-27 01:47:00,24950.0,24950.0,24950.0,24950.0,1
UNF,202603,2026-02-27 01:49:00,24943.0,24943.0,24935.0,24935.0,2
UNF,202603,2026-02-27 01:54:00,24964.0,24964.0,24964.0,24964.0,1
UNF,202603,2026-02-27 02:01:00,24949.0,24949.0,24949.0,24949.0,5
UNF,202603,2026-02-27 02:02:00,24944.0,24944.0,24944.0,24944.0,10
UNF,202603,2026-02-27 02:03:00,24937.0,24937.0,24926.0,24926.0,10
UNF,202603,2026-02-27 02:08:00,24916.0,24916.0,24905.0,24905.0,11
UNF,202603,2026-02-27 02:09:00,24909.0,24920.0,24909.0,24920.0,6
UNF,202603,2026-02-27 02:11:00,24930.0,24930.0,24930.0,24930.0,14
UNF,202603,2026-02-27 02:16:00,24905.0,24905.0,24905.0,24905.0,15
UNF,202603,2026-02-27 02:18:00,24938.0,24940.0,24938.0,24940.0,10
UNF,202603,2026-02-27 02:25:00,24941.0,24941.0,24941.0,24941.0,5
UNF,202603,2026-02-27 02:29:00,24903.0,24903.0,24900.0,24900.0,6
UNF,202603,2026-02-27 02:33:00,24941.0,24959.0,24941.0,24959.0,21
UNF,202603,2026-02-27 02:34:00,24965.0,24965.0,24965.0,24965.0,5
UNF,202603,2026-02-27 02:36:00,25000.0,25000.0,25000.0,25000.0,1
UNF,202603,2026-02-27 02:40:00,25000.0,25000.0,25000.0,25000.0,1
UNF,202603,2026-02-27 02:44:00,25000.0,25000.0,25000.0,25000.0,2
UNF,202603,2026-02-27 02:45:00,25038.0,25038.0,25038.0,25038.0,4
UNF,202603,2026-02-27 02:48:00,25018.0,25018.0,25018.0,25018.0,2
UNF,202603,2026-02-27 02:53:00,25018.0,25018.0,25018.0,25018.0,6
UNF,202603,2026-02-27 03:02:00,25014.0,25014.0,25014.0,25014.0,2
UNF,202603,2026-02-27 03:08:00,25050.0,25050.0,25050.0,25050.0,2
UNF,202603,2026-02-27 03:09:00,25061.0,25065.0,25061.0,25065.0,6
UNF,202603,2026-02-27 03:10:00,25065.0,25067.0,25065.0,25067.0,4
UNF,202603,2026-02-27 03:15:00,25067.0,25067.0,25067.0,25067.0,12
UNF,202603,2026-02-27 03:24:00,25098.0,25098.0,25098.0,25098.0,1
UNF,202603,2026-02-27 03:55:00,25100.0,25100.0,25100.0,25100.0,4
UNF,202603,2026-02-27 04:14:00,25050.0,25050.0,25050.0,25050.0,1
UNF,202603,2026-02-27 04:24:00,25001.0,25001.0,25001.0,25001.0,1
UNF,202603,2026-02-27 04:47:00,25001.0,25001.0,25001.0,25001.0,1
UNF,202603,2026-02-27 04:52:00,25000.0,25044.0,25000.0,25044.0,2
UNF,202603,2026-02-27 04:54:00,25068.0,25068.0,25068.0,25068.0,1
UNF,202603,2026-02-27 04:57:00,25075.0,25075.0,25075.0,25075.0,1
UNF,202603,2026-02-27 04:59:00,25099.0,25099.0,25099.0,25099.0,2
UNF,202603/202606,2026-02-27 03:15:00,222.0,222.0,222.0,222.0,2
UNF,202606,2026-02-26 16:03:00,25598.0,25598.0,25598.0,25598.0,1
UNF,202606,2026-02-26 16:05:00,25602.0,25602.0,25602.0,25602.0,1
UNF,202606,2026-02-26 17:31:00,25625.0,25625.0,25625.0,25625.0,1
UNF,202606,2026-02-26 18:51:00,25600.0,25600.0,25600.0,25600.0,1
UNF,202606,2026-02-26 19:47:00,25593.0,25593.0,25593.0,25593.0,2
UNF,202606,2026-02-26 21:34:00,25647.0,25647.0,25647.0,25647.0,1
UNF,202606,2026-02-26 21:39:00,25644.0,25644.0,25644.0,25644.0,1
UNF,202606,2026-02-26 22:53:00,25427.0,25427.0,25427.0,25427.0,1
UNF,202606,2026-02-26 22:57:00,25465.0,25465.0,25465.0,25465.0,1
UNF,202606,2026-02-26 23:00:00,25430.0,25430.0,25430.0,25430.0,2
UNF,202606,2026-02-26 23:04:00,25412.0,25412.0,25412.0,25412.0,1
UNF,202606,2026-02-26 23:08:00,25405.0,25415.0,25405.0,25407.0,7
UNF,202606,2026-02-26 23:09:00,25412.0,25412.0,25412.0,25412.0,1
UNF,202606,2026-02-26 23:13:00,25352.0,25352.0,25352.0,25352.0,1
UNF,202606,2026-02-26 23:18:00,25223.0,25223.0,25223.0,25223.0,1
UNF,202606,2026-02-26 23:21:00,25181.0,25181.0,25181.0,25181.0,1
UNF,202606,2026-02-26 23:33:00,25150.0,25150.0,25150.0,25150.0,2
UNF,202606,2026-02-26 23:35:00,25130.0,25130.0,25130.0,25130.0,20
UNF,202606,2026-02-26 23:36:00,25150.0,25150.0,25150.0,25150.0,3
UNF,202606,2026-02-26 23:37:00,25150.0,25150.0,25150.0,25150.0,15
UNF,202606,2026-02-26 23:46:00,25257.0,25257.0,25257.0,25257.0,1
UNF,202606,2026-02-26 23:52:00,25230.0,25230.0,25230.0,25230.0,20
UNF,202606,2026-02-27 00:20:00,25274.0,25274.0,25274.0,25274.0,3
UNF,202606,2026-02-27 00:49:00,25254.0,25254.0,25254.0,25254.0,1
UNF,202606,2026-02-27 00:50:00,25257.0,25257.0,25257.0,25257.0,1
UNF,202606,2026-02-27 01:18:00,25205.0,25205.0,25205.0,25205.0,10
XAF,202603,2026-02-26 23:15:00,0.709,0.709,0.709,0.709,2
XAF,202603,2026-02-26 23:16:00,0.7087,0.7087,0.7087,0.7087,1
XAF,202603,2026-02-26 23:17:00,0.7084,0.7084,0.7084,0.7084,1
XAF,202603,2026-02-26 23:20:00,0.7081,0.7081,0.7081,0.7081,1
XAF,202603,2026-02-26 23:21:00,0.7078,0.7078,0.7078,0.7078,1
XAF,202603,2026-02-26 23:28:00,0.707,0.707,0.707,0.707,2
XJF,202603,2026-02-27 00:47:00,155.92,155.92,155.92,155.92,3
ZEF,202603,2026-02-26 15:00:00,2218.7,2218.7,2218.7,2218.7,1
ZEF,202603,2026-02-26 15:05:00,2214.55,2214.55,2214.55,2214.55,1
ZEF,202603,2026-02-26 15:09:00,2211.0,2211.0,2211.0,2211.0,1
ZEF,202603,2026-02-26 15:12:00,2212.65,2212.65,2212.65,2212.65,1
ZEF,202603,2026-02-26 15:15:00,2213.8,2214.0,2213.8,2214.0,2
ZEF,202603,2026-02-26 15:18:00,2214.35,2214.35,2214.35,2214.35,1
ZEF,202603,2026-02-26 15:21:00,2214.35,2214.35,2214.35,2214.35,1
ZEF,202603,2026-02-26 15:22:00,2214.25,2214.95,2214.25,2214.95,2
ZEF,202603,2026-02-26 15:23:00,2213.85,2213.85,2213.05,2213.05,4
ZEF,202603,2026-02-26 15:26:00,2214.0,2214.0,2214.0,2214.0,1
ZEF,202603,2026-02-26 15:28:00,2214.15,2214.15,2214.15,2214.15,1
ZEF,202603,2026-02-26 15:30:00,2214.55,2214.55,2214.55,2214.55,1
ZEF,202603,2026-02-26 15:32:00,2216.1,2217.0,2216.1,2216.8,4
ZEF,202603,2026-02-26 15:33:00,2217.6,2217.6,2217.6,2217.6,1
ZEF,202603,2026-02-26 15:34:00,2218.45,2218.45,2218.45,2218.45,2
ZEF,202603,2026-02-26 15:35:00,2218.5,2218.5,2218.5,2218.5,2
ZEF,202603,2026-02-26 15:38:00,2218.1,2218.1,2218.0,2218.0,3
ZEF,202603,2026-02-26 15:40:00,2216.2,2216.2,2216.15,2216.15,4
ZEF,202603,2026-02-26 15:41:00,2219.35,2219.65,2219.35,2219.65,20
ZEF,202603,2026-02-26 15:42:00,2219.7,2221.0,2219.7,2221.0,4
ZEF,202603,2026-02-26 15:43:00,2222.0,2222.0,2222.0,2222.0,3
ZEF,202603,2026-02-26 15:53:00,2220.75,2220.75,2220.75,2220.75,1
ZEF,202603,2026-02-26 15:54:00,2220.75,2220.75,2220.75,2220.75,1
ZEF,202603,2026-02-26 15:55:00,2221.05,2221.05,2220.5,2220.5,2
ZEF,202603,2026-02-26 15:57:00,2221.0,2221.0,2221.0,2221.0,1
ZEF,202603,2026-02-26 16:06:00,2220.95,2221.0,2220.95,2221.0,2
ZEF,202603,2026-02-26 16:11:00,2220.2,2220.2,2220.2,2220.2,1
ZEF,202603,2026-02-26 16:15:00,2220.9,2221.0,2220.75,2221.0,9
ZEF,202603,2026-02-26 16:16:00,2221.8,2222.0,2221.8,2222.0,11
ZEF,202603,2026-02-26 16:19:00,2224.05,2225.0,2224.05,2224.95,10
ZEF,202603,2026-02-26 16:20:00,2224.5,2224.5,2224.5,2224.5,1
ZEF,202603,2026-02-26 16:22:00,2224.0,2224.0,2223.5,2223.5,2
ZEF,202603,2026-02-26 16:25:00,2222.65,2222.65,2222.65,2222.65,5
ZEF,202603,2026-02-26 16:26:00,2223.25,2223.25,2223.25,2223.25,1
ZEF,202603,2026-02-26 16:34:00,2219.0,2220.95,2219.0,2220.95,3
ZEF,202603,2026-02-26 16:35:00,2220.55,2220.55,2220.55,2220.55,1
ZEF,202603,2026-02-26 16:37:00,2219.55,2219.55,2219.25,2219.25,9
ZEF,202603,2026-02-26 16:40:00,2219.3,2219.3,2218.9,2218.9,3
ZEF,202603,2026-02-26 16:51:00,2218.5,2218.5,2218.2,2218.2,2
ZEF,202603,2026-02-26 16:53:00,2217.95,2217.95,2217.95,2217.95,1
ZEF,202603,2026-02-26 17:01:00,2220.1,2220.1,2220.1,2220.1,1
ZEF,202603,2026-02-26 17:08:00,2221.5,2221.5,2221.5,2221.5,1
ZEF,202603,2026-02-26 17:11:00,2222.0,2222.0,2222.0,2222.0,2
ZEF,202603,2026-02-26 17:12:00,2222.95,2222.95,2222.95,2222.95,1
ZEF,202603,2026-02-26 17:13:00,2223.6,2223.6,2223.6,2223.6,1
ZEF,202603,2026-02-26 17:15:00,2224.4,2225.0,2224.4,2225.0,5
ZEF,202603,2026-02-26 17:16:00,2222.8,2222.8,2222.8,2222.8,1
ZEF,202603,2026-02-26 17:20:00,2221.2,2221.2,2221.2,2221.2,2
ZEF,202603,2026-02-26 17:22:00,2222.85,2222.85,2222.85,2222.85,1
ZEF,202603,2026-02-26 17:26:00,2223.0,2223.45,2223.0,2223.1,24
ZEF,202603,2026-02-26 17:27:00,2223.55,2223.55,2223.45,2223.45,4
ZEF,202603,2026-02-26 17:30:00,2224.8,2224.8,2224.0,2224.0,2
ZEF,202603,2026-02-26 17:31:00,2224.45,2224.45,2224.45,2224.45,1
ZEF,202603,2026-02-26 17:32:00,2224.5,2224.5,2223.6,2223.85,21
ZEF,202603,2026-02-26 17:33:00,2223.75,2224.0,2223.75,2224.0,2
ZEF,202603,2026-02-26 17:34:00,2223.45,2223.45,2222.9,2222.95,3
ZEF,202603,2026-02-26 17:35:00,2223.15,2223.15,2223.15,2223.15,1
ZEF,202603,2026-02-26 17:37:00,2223.45,2223.45,2223.15,2223.15,3
ZEF,202603,2026-02-26 17:42:00,2224.0,2225.2,2224.0,2225.2,13
ZEF,202603,2026-02-26 17:44:00,2224.55,2224.55,2224.4,2224.4,2
ZEF,202603,2026-02-26 17:47:00,2225.0,2225.0,2225.0,2225.0,1
ZEF,202603,2026-02-26 17:50:00,2224.5,2224.5,2224.5,2224.5,1
ZEF,202603,2026-02-26 17:51:00,2224.85,2224.85,2224.85,2224.85,1
ZEF,202603,2026-02-26 17:56:00,2222.2,2222.2,2221.55,2221.55,13
ZEF,202603,2026-02-26 17:58:00,2221.65,2221.65,2221.65,2221.65,1
ZEF,202603,2026-02-26 18:00:00,2221.85,2222.9,2221.45,2222.9,9
ZEF,202603,2026-02-26 18:05:00,2221.4,2221.4,2220.6,2220.6,5
ZEF,202603,2026-02-26 18:06:00,2220.6,2220.7,2220.6,2220.7,2
ZEF,202603,2026-02-26 18:07:00,2220.8,2220.8,2220.7,2220.7,6
ZEF,202603,2026-02-26 18:08:00,2221.15,2221.15,2221.15,2221.15,1
ZEF,202603,2026-02-26 18:09:00,2221.15,2221.15,2221.15,2221.15,1
ZEF,202603,2026-02-26 18:12:00,2220.2,2220.2,2220.2,2220.2,1
ZEF,202603,2026-02-26 18:13:00,2220.35,2220.45,2220.35,2220.45,4
ZEF,202603,2026-02-26 18:15:00,2220.25,2220.25,2220.25,2220.25,1
ZEF,202603,2026-02-26 18:16:00,2220.0,2220.0,2220.0,2220.0,1
ZEF,202603,2026-02-26 18:17:00,2219.9,2219.9,2219.9,2219.9,1
ZEF,202603,2026-02-26 18:18:00,2219.9,2219.9,2219.9,2219.9,1
ZEF,202603,2026-02-26 18:19:00,2219.35,2219.35,2219.35,2219.35,1
ZEF,202603,2026-02-26 18:20:00,2218.25,2218.25,2217.6,2218.1,4
ZEF,202603,2026-02-26 18:22:00,2218.05,2218.05,2218.05,2218.05,1
ZEF,202603,2026-02-26 18:24:00,2217.85,2218.1,2217.75,2218.1,3
ZEF,202603,2026-02-26 18:27:00,2217.7,2217.7,2217.2,2217.2,3
ZEF,202603,2026-02-26 18:28:00,2217.25,2217.5,2217.25,2217.5,3
ZEF,202603,2026-02-26 18:30:00,2216.55,2216.55,2216.55,2216.55,1
ZEF,202603,2026-02-26 18:31:00,2216.55,2217.6,2216.55,2217.6,2
ZEF,202603,2026-02-26 18:38:00,2218.1,2218.5,2218.1,2218.4,3
ZEF,202603,2026-02-26 18:43:00,2218.55,2218.55,2218.55,2218.55,1
ZEF,202603,2026-02-26 18:46:00,2218.75,2218.75,2218.75,2218.75,1
ZEF,202603,2026-02-26 18:48:00,2218.15,2218.15,2218.15,2218.15,1
ZEF,202603,2026-02-26 18:50:00,2217.5,2217.5,2217.5,2217.5,1
ZEF,202603,2026-02-26 18:55:00,2216.2,2216.2,2216.2,2216.2,1
ZEF,202603,2026-02-26 18:57:00,2214.45,2215.1,2214.45,2215.1,3
ZEF,202603,2026-02-26 18:58:00,2214.35,2214.35,2213.4,2213.4,7
ZEF,202603,2026-02-26 18:59:00,2213.0,2213.0,2212.55,2212.55,4
ZEF,202603,2026-02-26 19:00:00,2213.55,2214.0,2213.5,2214.0,5
ZEF,202603,2026-02-26 19:04:00,2213.4,2213.4,2213.4,2213.4,1
ZEF,202603,2026-02-26 19:05:00,2215.15,2215.15,2215.15,2215.15,1
ZEF,202603,2026-02-26 19:08:00,2215.3,2215.3,2215.3,2215.3,1
ZEF,202603,2026-02-26 19:10:00,2216.25,2216.25,2216.25,2216.25,1
ZEF,202603,2026-02-26 19:18:00,2216.0,2216.0,2215.45,2215.45,2
ZEF,202603,2026-02-26 19:19:00,2215.35,2215.35,2215.35,2215.35,1
ZEF,202603,2026-02-26 19:30:00,2214.5,2214.5,2214.2,2214.2,2
ZEF,202603,2026-02-26 19:31:00,2214.5,2214.5,2214.5,2214.5,1
ZEF,202603,2026-02-26 19:38:00,2215.8,2215.85,2215.8,2215.85,2
ZEF,202603,2026-02-26 19:42:00,2216.0,2216.0,2216.0,2216.0,1
ZEF,202603,2026-02-26 19:44:00,2214.65,2214.65,2214.65,2214.65,1
ZEF,202603,2026-02-26 19:46:00,2214.45,2214.45,2214.45,2214.45,1
ZEF,202603,2026-02-26 19:50:00,2214.5,2214.5,2214.5,2214.5,1
ZEF,202603,2026-02-26 19:54:00,2214.5,2214.5,2213.85,2213.85,5
ZEF,202603,2026-02-26 19:56:00,2214.3,2214.3,2214.3,2214.3,1
ZEF,202603,2026-02-26 19:59:00,2214.5,2214.5,2214.5,2214.5,1
ZEF,202603,2026-02-26 20:00:00,2214.1,2214.1,2214.1,2214.1,1
ZEF,202603,2026-02-26 20:02:00,2213.55,2214.2,2213.55,2214.2,3
ZEF,202603,2026-02-26 20:06:00,2214.0,2214.0,2213.95,2213.95,2
ZEF,202603,2026-02-26 20:07:00,2214.1,2214.1,2214.1,2214.1,1
ZEF,202603,2026-02-26 20:11:00,2214.55,2214.55,2214.55,2214.55,1
ZEF,202603,2026-02-26 20:14:00,2214.5,2214.5,2214.5,2214.5,1
ZEF,202603,2026-02-26 20:15:00,2214.35,2214.75,2214.35,2214.75,8
ZEF,202603,2026-02-26 20:19:00,2216.3,2216.3,2216.25,2216.25,2
ZEF,202603,2026-02-26 20:20:00,2215.85,2215.85,2215.85,2215.85,1
ZEF,202603,2026-02-26 20:22:00,2215.85,2215.85,2215.8,2215.8,2
ZEF,202603,2026-02-26 20:27:00,2216.35,2216.35,2216.35,2216.35,1
ZEF,202603,2026-02-26 20:29:00,2216.7,2216.7,2216.7,2216.7,1
ZEF,202603,2026-02-26 20:30:00,2218.5,2218.5,2218.5,2218.5,3
ZEF,202603,2026-02-26 20:32:00,2218.5,2218.5,2218.5,2218.5,1
ZEF,202603,2026-02-26 20:33:00,2218.5,2218.5,2218.5,2218.5,1
ZEF,202603,2026-02-26 20:35:00,2219.0,2219.2,2218.35,2218.35,10
ZEF,202603,2026-02-26 20:37:00,2216.5,2216.5,2216.5,2216.5,1
ZEF,202603,2026-02-26 20:42:00,2218.0,2218.0,2218.0,2218.0,1
ZEF,202603,2026-02-26 20:46:00,2215.65,2215.65,2215.65,2215.65,1
ZEF,202603,2026-02-26 20:47:00,2215.1,2215.1,2215.1,2215.1,1
ZEF,202603,2026-02-26 20:49:00,2215.55,2215.55,2215.55,2215.55,1
ZEF,202603,2026-02-26 20:50:00,2215.6,2215.6,2215.6,2215.6,1
ZEF,202603,2026-02-26 20:52:00,2214.85,2214.85,2214.75,2214.75,2
ZEF,202603,2026-02-26 20:53:00,2214.95,2214.95,2214.95,2214.95,1
ZEF,202603,2026-02-26 20:56:00,2214.7,2214.7,2214.7,2214.7,1
ZEF,202603,2026-02-26 20:57:00,2214.55,2214.55,2214.55,2214.55,1
ZEF,202603,2026-02-26 21:04:00,2215.0,2215.0,2215.0,2215.0,1
ZEF,202603,2026-02-26 21:07:00,2216.2,2216.2,2216.2,2216.2,1
ZEF,202603,2026-02-26 21:23:00,2216.4,2216.4,2216.4,2216.4,1
ZEF,202603,2026-02-26 21:27:00,2216.3,2216.45,2215.05,2215.05,10
ZEF,202603,2026-02-26 21:28:00,2217.6,2217.6,2217.6,2217.6,1
ZEF,202603,2026-02-26 21:34:00,2217.0,2217.0,2217.0,2217.0,1
ZEF,202603,2026-02-26 21:44:00,2214.0,2214.0,2213.45,2213.45,11
ZEF,202603,2026-02-26 21:52:00,2213.4,2213.4,2212.0,2212.0,7
ZEF,202603,2026-02-26 21:55:00,2212.0,2212.0,2211.0,2211.0,2
ZEF,202603,2026-02-26 21:59:00,2210.55,2210.55,2210.25,2210.45,6
ZEF,202603,2026-02-26 22:00:00,2210.0,2210.55,2209.25,2209.25,18
ZEF,202603,2026-02-26 22:02:00,2213.1,2214.25,2211.95,2211.95,12
ZEF,202603,2026-02-26 22:04:00,2212.1,2212.15,2212.1,2212.15,2
ZEF,202603,2026-02-26 22:06:00,2212.6,2212.6,2212.6,2212.6,1
ZEF,202603,2026-02-26 22:08:00,2212.0,2212.0,2212.0,2212.0,2
ZEF,202603,2026-02-26 22:10:00,2210.0,2210.0,2210.0,2210.0,1
ZEF,202603,2026-02-26 22:12:00,2210.35,2210.35,2210.35,2210.35,1
ZEF,202603,2026-02-26 22:15:00,2212.3,2212.3,2212.3,2212.3,1
ZEF,202603,2026-02-26 22:21:00,2212.0,2212.0,2212.0,2212.0,2
ZEF,202603,2026-02-26 22:27:00,2210.1,2210.1,2210.1,2210.1,1
ZEF,202603,2026-02-26 22:29:00,2209.8,2209.8,2209.8,2209.8,1
ZEF,202603,2026-02-26 22:30:00,2208.75,2208.75,2204.3,2204.35,55
ZEF,202603,2026-02-26 22:31:00,2204.3,2205.6,2203.0,2205.6,7
ZEF,202603,2026-02-26 22:32:00,2203.0,2203.0,2203.0,2203.0,1
ZEF,202603,2026-02-26 22:33:00,2203.0,2203.0,2202.55,2202.55,2
ZEF,202603,2026-02-26 22:34:00,2201.65,2201.65,2201.65,2201.65,1
ZEF,202603,2026-02-26 22:35:00,2202.6,2202.65,2202.6,2202.65,2
ZEF,202603,2026-02-26 22:36:00,2200.35,2200.35,2199.6,2199.6,10
ZEF,202603,2026-02-26 22:38:00,2199.85,2199.85,2199.6,2199.6,10
ZEF,202603,2026-02-26 22:39:00,2200.5,2200.5,2200.5,2200.5,2
ZEF,202603,2026-02-26 22:40:00,2197.95,2197.95,2196.0,2196.0,5
ZEF,202603,2026-02-26 22:41:00,2196.05,2198.05,2196.0,2198.05,4
ZEF,202603,2026-02-26 22:42:00,2195.0,2195.0,2195.0,2195.0,2
ZEF,202603,2026-02-26 22:43:00,2193.0,2193.0,2192.3,2192.3,10
ZEF,202603,2026-02-26 22:44:00,2192.3,2192.3,2192.3,2192.3,1
ZEF,202603,2026-02-26 22:45:00,2191.95,2191.95,2187.35,2187.35,29
ZEF,202603,2026-02-26 22:46:00,2189.7,2189.95,2189.7,2189.95,4
ZEF,202603,2026-02-26 22:49:00,2187.75,2190.0,2187.75,2190.0,4
ZEF,202603,2026-02-26 22:51:00,2185.35,2185.35,2182.0,2182.0,37
ZEF,202603,2026-02-26 22:52:00,2182.0,2182.0,2178.8,2178.8,14
ZEF,202603,2026-02-26 22:53:00,2180.95,2182.5,2179.8,2182.5,13
ZEF,202603,2026-02-26 22:54:00,2182.5,2182.5,2181.6,2181.6,3
ZEF,202603,2026-02-26 22:55:00,2184.7,2184.7,2184.7,2184.7,2
ZEF,202603,2026-02-26 22:56:00,2181.65,2181.65,2181.0,2181.0,6
ZEF,202603,2026-02-26 22:57:00,2181.7,2181.75,2179.1,2179.1,14
ZEF,202603,2026-02-26 22:59:00,2179.1,2182.05,2179.1,2179.8,6
ZEF,202603,2026-02-26 23:00:00,2181.1,2182.1,2180.0,2180.05,5
ZEF,202603,2026-02-26 23:01:00,2180.35,2180.35,2177.0,2178.8,10
ZEF,202603,2026-02-26 23:02:00,2176.8,2179.0,2176.8,2179.0,4
ZEF,202603,2026-02-26 23:03:00,2180.0,2181.0,2179.9,2179.9,3
ZEF,202603,2026-02-26 23:04:00,2183.45,2183.45,2183.45,2183.45,1
ZEF,202603,2026-02-26 23:06:00,2181.6,2181.6,2181.6,2181.6,1
ZEF,202603,2026-02-26 23:07:00,2181.25,2181.25,2181.25,2181.25,1
ZEF,202603,2026-02-26 23:09:00,2179.25,2179.25,2178.6,2178.6,2
ZEF,202603,2026-02-26 23:12:00,2178.6,2178.6,2172.0,2172.0,6
ZEF,202603,2026-02-26 23:13:00,2171.0,2171.0,2171.0,2171.0,1
ZEF,202603,2026-02-26 23:14:00,2170.0,2170.0,2168.8,2168.8,5
ZEF,202603,2026-02-26 23:15:00,2168.0,2168.0,2165.3,2165.3,5
ZEF,202603,2026-02-26 23:16:00,2166.25,2166.95,2164.45,2164.95,7
ZEF,202603,2026-02-26 23:17:00,2165.0,2165.05,2165.0,2165.05,4
ZEF,202603,2026-02-26 23:18:00,2164.0,2164.0,2164.0,2164.0,1
ZEF,202603,2026-02-26 23:19:00,2164.1,2164.1,2163.0,2163.0,3
ZEF,202603,2026-02-26 23:20:00,2163.95,2164.25,2157.4,2159.55,28
ZEF,202603,2026-02-26 23:21:00,2157.0,2159.6,2155.35,2157.35,69
ZEF,202603,2026-02-26 23:22:00,2154.6,2154.6,2150.75,2154.55,64
ZEF,202603,2026-02-26 23:23:00,2153.4,2154.9,2153.25,2154.9,17
ZEF,202603,2026-02-26 23:24:00,2154.9,2156.4,2153.8,2153.8,6
ZEF,202603,2026-02-26 23:25:00,2153.5,2153.5,2153.5,2153.5,2
ZEF,202603,2026-02-26 23:26:00,2157.55,2160.0,2157.55,2160.0,12
ZEF,202603,2026-02-26 23:27:00,2159.9,2159.9,2155.65,2155.65,7
ZEF,202603,2026-02-26 23:28:00,2155.0,2157.6,2153.85,2153.85,24
ZEF,202603,2026-02-26 23:29:00,2155.05,2156.8,2155.05,2156.8,2
ZEF,202603,2026-02-26 23:30:00,2156.55,2157.9,2155.15,2157.9,7
ZEF,202603,2026-02-26 23:31:00,2156.55,2158.75,2156.55,2158.75,4
ZEF,202603,2026-02-26 23:32:00,2158.65,2158.65,2157.7,2157.7,2
ZEF,202603,2026-02-26 23:33:00,2156.25,2158.2,2156.25,2158.2,3
ZEF,202603,2026-02-26 23:34:00,2156.3,2156.7,2155.15,2155.15,5
ZEF,202603,2026-02-26 23:35:00,2155.15,2158.8,2155.15,2158.8,2
ZEF,202603,2026-02-26 23:36:00,2158.5,2158.5,2157.65,2157.65,2
ZEF,202603,2026-02-26 23:37:00,2160.0,2160.0,2160.0,2160.0,1
ZEF,202603,2026-02-26 23:38:00,2163.3,2165.5,2163.3,2165.5,3
ZEF,202603,2026-02-26 23:39:00,2165.0,2166.9,2165.0,2166.9,5
ZEF,202603,2026-02-26 23:40:00,2168.15,2168.15,2166.95,2166.95,2
ZEF,202603,2026-02-26 23:41:00,2166.95,2171.4,2166.95,2169.25,37
ZEF,202603,2026-02-26 23:42:00,2169.95,2171.05,2166.65,2166.95,41
ZEF,202603,2026-02-26 23:43:00,2169.55,2171.0,2168.8,2170.45,45
ZEF,202603,2026-02-26 23:45:00,2173.1,2173.1,2173.1,2173.1,1
ZEF,202603,2026-02-26 23:46:00,2173.1,2173.1,2171.2,2171.2,10
ZEF,202603,2026-02-26 23:47:00,2172.7,2174.2,2172.7,2174.2,2
ZEF,202603,2026-02-26 23:49:00,2175.05,2175.05,2175.05,2175.05,1
ZEF,202603,2026-02-26 23:50:00,2172.8,2172.8,2172.8,2172.8,1
ZEF,202603,2026-02-26 23:51:00,2173.0,2173.0,2173.0,2173.0,1
ZEF,202603,2026-02-26 23:52:00,2174.0,2174.05,2171.6,2171.6,4
ZEF,202603,2026-02-26 23:53:00,2174.05,2174.05,2174.05,2174.05,1
ZEF,202603,2026-02-27 00:03:00,2171.1,2171.1,2171.05,2171.05,2
ZEF,202603,2026-02-27 00:06:00,2169.0,2169.0,2169.0,2169.0,2
ZEF,202603,2026-02-27 00:07:00,2169.0,2171.4,2169.0,2171.4,2
ZEF,202603,2026-02-27 00:19:00,2174.6,2174.6,2174.6,2174.6,2
ZEF,202603,2026-02-27 00:21:00,2173.4,2173.4,2173.4,2173.4,1
ZEF,202603,2026-02-27 00:22:00,2176.0,2176.0,2176.0,2176.0,2
ZEF,202603,2026-02-27 00:24:00,2177.0,2177.0,2177.0,2177.0,1
ZEF,202603,2026-02-27 00:25:00,2177.8,2177.8,2177.8,2177.8,1
ZEF,202603,2026-02-27 00:26:00,2179.2,2179.35,2179.2,2179.35,2
ZEF,202603,2026-02-27 00:27:00,2177.0,2177.0,2177.0,2177.0,1
ZEF,202603,2026-02-27 00:29:00,2174.0,2174.0,2174.0,2174.0,1
ZEF,202603,2026-02-27 00:36:00,2172.25,2172.25,2172.25,2172.25,1
ZEF,202603,2026-02-27 00:37:00,2171.5,2171.5,2171.5,2171.5,1
ZEF,202603,2026-02-27 00:41:00,2171.1,2171.1,2171.1,2171.1,1
ZEF,202603,2026-02-27 00:44:00,2166.8,2166.8,2166.8,2166.8,1
ZEF,202603,2026-02-27 00:46:00,2162.0,2163.5,2162.0,2163.5,3
ZEF,202603,2026-02-27 00:48:00,2163.5,2163.5,2163.5,2163.5,1
ZEF,202603,2026-02-27 00:50:00,2166.0,2166.0,2163.5,2163.5,6
ZEF,202603,2026-02-27 00:53:00,2161.35,2161.35,2161.2,2161.2,3
ZEF,202603,2026-02-27 00:54:00,2160.75,2160.75,2160.75,2160.75,1
ZEF,202603,2026-02-27 00:55:00,2160.55,2160.55,2160.55,2160.55,1
ZEF,202603,2026-02-27 00:56:00,2160.0,2160.2,2160.0,2160.2,2
ZEF,202603,2026-02-27 00:57:00,2159.3,2159.3,2158.9,2158.9,2
ZEF,202603,2026-02-27 00:58:00,2158.3,2158.3,2158.3,2158.3,1
ZEF,202603,2026-02-27 01:02:00,2162.6,2162.6,2159.75,2159.75,3
ZEF,202603,2026-02-27 01:03:00,2163.65,2163.65,2163.65,2163.65,1
ZEF,202603,2026-02-27 01:04:00,2164.2,2164.2,2164.2,2164.2,1
ZEF,202603,2026-02-27 01:05:00,2166.7,2166.7,2165.0,2165.0,10
ZEF,202603,2026-02-27 01:06:00,2166.15,2166.15,2166.15,2166.15,1
ZEF,202603,2026-02-27 01:07:00,2164.7,2164.7,2164.7,2164.7,1
ZEF,202603,2026-02-27 01:08:00,2164.7,2164.7,2164.7,2164.7,1
ZEF,202603,2026-02-27 01:09:00,2163.5,2163.5,2163.5,2163.5,1
ZEF,202603,2026-02-27 01:12:00,2163.5,2163.5,2163.5,2163.5,1
ZEF,202603,2026-02-27 01:14:00,2161.6,2161.6,2161.6,2161.6,1
ZEF,202603,2026-02-27 01:15:00,2160.7,2160.7,2160.7,2160.7,1
ZEF,202603,2026-02-27 01:16:00,2161.2,2161.2,2161.2,2161.2,1
ZEF,202603,2026-02-27 01:19:00,2163.8,2163.8,2163.8,2163.8,1
ZEF,202603,2026-02-27 01:22:00,2162.85,2162.85,2162.85,2162.85,1
ZEF,202603,2026-02-27 01:24:00,2162.75,2162.8,2162.75,2162.8,9
ZEF,202603,2026-02-27 01:25:00,2162.95,2163.2,2162.95,2163.2,2
ZEF,202603,2026-02-27 01:26:00,2162.85,2163.1,2162.85,2163.1,2
ZEF,202603,2026-02-27 01:28:00,2163.2,2163.2,2162.7,2162.7,6
ZEF,202603,2026-02-27 01:29:00,2163.05,2163.05,2163.05,2163.05,1
ZEF,202603,2026-02-27 01:30:00,2162.15,2162.15,2160.45,2160.45,3
ZEF,202603,2026-02-27 01:31:00,2163.0,2163.0,2163.0,2163.0,1
ZEF,202603,2026-02-27 01:33:00,2166.0,2167.0,2166.0,2167.0,3
ZEF,202603,2026-02-27 01:34:00,2166.9,2166.9,2166.9,2166.9,1
ZEF,202603,2026-02-27 01:35:00,2165.8,2166.8,2165.8,2166.8,2
ZEF,202603,2026-02-27 01:36:00,2163.65,2163.65,2163.65,2163.65,1
ZEF,202603,2026-02-27 01:45:00,2163.7,2163.7,2163.7,2163.7,1
ZEF,202603,2026-02-27 01:49:00,2161.5,2161.5,2161.5,2161.5,1
ZEF,202603,2026-02-27 01:54:00,2165.6,2165.6,2164.4,2164.4,6
ZEF,202603,2026-02-27 02:01:00,2161.15,2161.15,2161.15,2161.15,1
ZEF,202603,2026-02-27 02:02:00,2161.2,2161.2,2161.2,2161.2,1
ZEF,202603,2026-02-27 02:03:00,2161.0,2161.0,2161.0,2161.0,1
ZEF,202603,2026-02-27 02:06:00,2161.0,2161.0,2161.0,2161.0,1
ZEF,202603,2026-02-27 02:08:00,2160.8,2161.0,2160.0,2161.0,3
ZEF,202603,2026-02-27 02:09:00,2160.65,2160.65,2160.65,2160.65,1
ZEF,202603,2026-02-27 02:10:00,2161.7,2161.7,2161.7,2161.7,2
ZEF,202603,2026-02-27 02:11:00,2163.0,2163.4,2163.0,2163.4,2
ZEF,202603,2026-02-27 02:12:00,2163.6,2163.6,2163.6,2163.6,1
ZEF,202603,2026-02-27 02:16:00,2162.7,2162.7,2162.7,2162.7,1
ZEF,202603,2026-02-27 02:33:00,2166.0,2166.0,2166.0,2166.0,1
ZEF,202603,2026-02-27 02:37:00,2170.15,2170.15,2170.15,2170.15,1
ZEF,202603,2026-02-27 02:42:00,2171.4,2171.4,2171.4,2171.4,1
ZEF,202603,2026-02-27 02:44:00,2170.0,2170.0,2169.8,2169.8,2
ZEF,202603,2026-02-27 02:50:00,2167.45,2167.45,2167.45,2167.45,1
ZEF,202603,2026-02-27 03:10:00,2174.0,2174.0,2174.0,2174.0,1
ZEF,202603,2026-02-27 03:12:00,2174.85,2174.85,2174.85,2174.85,1
ZEF,202603,2026-02-27 03:16:00,2175.3,2175.5,2175.3,2175.5,2
ZEF,202603,2026-02-27 03:19:00,2174.0,2174.0,2174.0,2174.0,1
ZEF,202603,2026-02-27 03:35:00,2175.0,2175.0,2175.0,2175.0,7
ZEF,202603,2026-02-27 04:34:00,2173.5,2173.5,2173.5,2173.5,1
ZEF,202603,2026-02-27 04:35:00,2173.5,2173.5,2173.5,2173.5,1
ZEF,202603,2026-02-27 04:53:00,2171.5,2171.5,2171.5,2171.5,1
ZEF,202603,2026-02-27 04:56:00,2172.0,2172.0,2171.5,2171.5,4
ZEF,202603,2026-02-27 04:57:00,2171.4,2171.4,2171.4,2171.4,2
ZEF,202603,2026-02-27 04:58:00,2171.0,2171.4,2171.0,2171.4,3
ZEF,202603,2026-02-27 04:59:00,2172.25,2172.3,2172.25,2172.3,5
ZEF,202604,2026-02-26 15:41:00,2226.4,2226.85,2226.4,2226.85,6
ZEF,202604,2026-02-26 21:23:00,2223.6,2223.6,2223.6,2223.6,1
ZEF,202604,2026-02-26 23:23:00,2159.45,2159.45,2159.45,2159.45,1
ZEF,202604,2026-02-26 23:50:00,2180.0,2180.0,2180.0,2180.0,1
ZEF,202604,2026-02-27 01:30:00,2166.45,2166.45,2166.45,2166.45,1
ZFF,202603,2026-02-26 15:30:00,2614.8,2614.8,2614.8,2614.8,1
ZFF,202603,2026-02-26 15:33:00,2616.2,2616.2,2616.2,2616.2,1
ZFF,202603,2026-02-26 15:45:00,2617.0,2617.0,2617.0,2617.0,1
ZFF,202603,2026-02-26 15:46:00,2616.0,2616.0,2616.0,2616.0,2
ZFF,202603,2026-02-26 16:04:00,2617.0,2617.0,2617.0,2617.0,1
ZFF,202603,2026-02-26 16:19:00,2617.8,2617.8,2617.8,2617.8,1
ZFF,202603,2026-02-26 16:54:00,2617.0,2617.0,2617.0,2617.0,1
ZFF,202603,2026-02-26 17:29:00,2617.6,2617.6,2617.6,2617.6,1
ZFF,202603,2026-02-26 17:37:00,2618.2,2618.2,2618.2,2618.2,1
ZFF,202603,2026-02-26 18:57:00,2616.6,2616.6,2616.6,2616.6,2
ZFF,202603,2026-02-26 22:31:00,2612.6,2612.6,2612.6,2612.6,1
ZFF,202603,2026-02-26 22:35:00,2612.6,2612.6,2612.6,2612.6,1
ZFF,202603,2026-02-26 22:37:00,2612.0,2612.0,2612.0,2612.0,1
ZFF,202603,2026-02-26 22:38:00,2612.0,2612.0,2612.0,2612.0,1
ZFF,202603,2026-02-26 22:54:00,2610.0,2610.0,2610.0,2610.0,1
ZFF,202603,2026-02-26 22:57:00,2608.8,2608.8,2608.8,2608.8,1
ZFF,202603,2026-02-26 22:58:00,2608.0,2608.2,2608.0,2608.2,2
ZFF,202603,2026-02-26 23:14:00,2606.4,2606.4,2606.2,2606.2,3
ZFF,202603,2026-02-26 23:15:00,2606.2,2606.2,2606.2,2606.2,2
ZFF,202603,2026-02-26 23:16:00,2605.0,2605.0,2605.0,2605.0,1
ZFF,202603,2026-02-26 23:17:00,2605.0,2605.4,2605.0,2605.4,2
ZFF,202603,2026-02-26 23:18:00,2605.0,2605.0,2605.0,2605.0,1
ZFF,202603,2026-02-26 23:21:00,2604.0,2604.2,2603.8,2604.2,4
ZFF,202603,2026-02-26 23:22:00,2603.6,2603.6,2603.2,2603.2,2
ZFF,202603,2026-02-26 23:26:00,2604.4,2604.4,2604.4,2604.4,1
ZFF,202603,2026-02-26 23:29:00,2604.8,2604.8,2604.8,2604.8,1
ZFF,202603,2026-02-26 23:35:00,2604.0,2604.0,2604.0,2604.0,1
ZFF,202603,2026-02-26 23:38:00,2605.2,2605.2,2605.2,2605.2,2
ZFF,202603,2026-02-26 23:45:00,2606.2,2606.2,2606.2,2606.2,1
ZFF,202603,2026-02-26 23:54:00,2605.8,2605.8,2605.8,2605.8,1
ZFF,202603,2026-02-26 23:56:00,2605.6,2605.6,2605.2,2605.2,3
ZFF,202603,2026-02-26 23:59:00,2605.4,2605.4,2605.4,2605.4,1
ZFF,202603,2026-02-27 00:03:00,2605.6,2605.6,2605.6,2605.6,2
ZFF,202603,2026-02-27 00:38:00,2606.4,2606.4,2606.4,2606.4,1
ZFF,202603,2026-02-27 00:44:00,2604.2,2604.2,2604.2,2604.2,1
ZFF,202603,2026-02-27 00:45:00,2604.2,2604.2,2604.2,2604.2,1
ZFF,202603,2026-02-27 00:55:00,2604.0,2604.0,2604.0,2604.0,1
ZFF,202603,2026-02-27 00:56:00,2603.8,2603.8,2603.8,2603.8,1
ZFF,202603,2026-02-27 01:12:00,2600.6,2600.6,2600.6,2600.6,1
ZFF,202603,2026-02-27 01:13:00,2600.2,2600.2,2600.2,2600.2,1
ZFF,202603,2026-02-27 01:14:00,2600.0,2600.0,2600.0,2600.0,1
ZFF,202603,2026-02-27 01:21:00,2599.4,2599.4,2599.4,2599.4,1
ZFF,202603,2026-02-27 01:47:00,2595.8,2595.8,2595.8,2595.8,1
ZFF,202603,2026-02-27 03:19:00,2602.0,2602.0,2602.0,2602.0,1
ZFF,202603,2026-02-27 03:38:00,2603.4,2603.4,2603.4,2603.4,1
ZFF,202603,2026-02-27 04:29:00,2603.6,2603.6,2603.6,2603.6,1
ZFF,202603,2026-02-27 04:31:00,2604.0,2604.0,2604.0,2604.0,1
ZFF,202603,2026-02-27 04:50:00,2607.2,2607.2,2607.2,2607.2,1
ZFF,202603,2026-02-27 04:54:00,2596.0,2596.0,2595.0,2595.0,4
ZFF,202603,2026-02-27 04:56:00,2594.0,2594.0,2586.0,2586.0,7
ZFF,202603,2026-02-27 04:59:00,2586.2,2586.2,2586.2,2586.2,1
