symbol,exp_month,time,open,high,low,close,volume
BRF,202608,2026-06-18 15:19:00,2465.0,2465.0,2465.0,2465.0,2
BRF,202608,2026-06-18 17:24:00,2474.5,2474.5,2474.5,2474.5,1
BRF,202608,2026-06-18 21:09:00,2465.0,2465.0,2465.0,2465.0,1
BRF,202608,2026-06-18 21:11:00,2456.0,2456.0,2456.0,2456.0,1
BRF,202608,2026-06-18 21:14:00,2463.0,2463.0,2463.0,2463.0,1
BRF,202608,2026-06-18 21:15:00,2466.0,2466.0,2466.0,2466.0,1
BRF,202608,2026-06-18 21:38:00,2456.0,2456.0,2456.0,2456.0,1
BRF,202608,2026-06-18 21:56:00,2448.0,2448.0,2448.0,2448.0,1
BRF,202608,2026-06-18 23:38:00,2459.0,2459.0,2459.0,2459.0,1
BRF,202608,2026-06-19 00:21:00,2465.5,2465.5,2465.5,2465.5,1
BRF,202609,2026-06-18 15:03:00,2445.0,2445.0,2445.0,2445.0,1
BRF,202609,2026-06-18 15:34:00,2452.0,2452.0,2452.0,2452.0,1
BRF,202609,2026-06-18 21:38:00,2450.0,2450.0,2450.0,2450.0,1
BRF,202609,2026-06-18 23:38:00,2453.0,2453.0,2453.0,2453.0,1
BRF,202609,2026-06-18 23:43:00,2451.5,2451.5,2451.5,2451.5,1
CCF,202607,2026-06-18 17:25:00,152.5,152.5,151.5,151.5,221
CCF,202607,2026-06-18 17:26:00,151.5,153.0,151.5,153.0,122
CCF,202607,2026-06-18 17:27:00,152.5,153.0,152.5,153.0,52
CCF,202607,2026-06-18 17:28:00,153.0,153.0,153.0,153.0,116
CCF,202607,2026-06-18 17:29:00,153.0,154.0,153.0,153.5,100
CCF,202607,2026-06-18 17:30:00,153.5,153.5,153.0,153.5,182
CCF,202607,2026-06-18 17:31:00,153.5,153.5,153.0,153.5,40
CCF,202607,2026-06-18 17:32:00,153.5,153.5,153.0,153.0,65
CCF,202607,2026-06-18 17:33:00,153.0,153.5,153.0,153.5,18
CCF,202607,2026-06-18 17:34:00,153.5,153.5,153.5,153.5,34
CCF,202607,2026-06-18 17:35:00,153.5,153.5,152.5,153.0,235
CCF,202607,2026-06-18 17:36:00,153.0,153.5,153.0,153.0,40
CCF,202607,2026-06-18 17:37:00,153.0,153.0,153.0,153.0,32
CCF,202607,2026-06-18 17:38:00,153.0,153.0,153.0,153.0,11
CCF,202607,2026-06-18 17:39:00,153.0,153.5,153.0,153.5,35
CCF,202607,2026-06-18 17:40:00,153.0,153.5,153.0,153.5,2
CCF,202607,2026-06-18 17:41:00,153.0,153.0,153.0,153.0,60
CCF,202607,2026-06-18 17:42:00,153.0,153.0,153.0,153.0,24
CCF,202607,2026-06-18 17:43:00,153.0,153.0,153.0,153.0,52
CCF,202607,2026-06-18 17:45:00,153.0,153.0,153.0,153.0,7
CCF,202607,2026-06-18 17:46:00,153.0,153.0,153.0,153.0,10
CCF,202607,2026-06-18 17:47:00,152.5,153.0,152.5,153.0,16
CCF,202607,2026-06-18 17:48:00,153.0,153.0,153.0,153.0,6
CCF,202607,2026-06-18 17:49:00,153.0,153.0,153.0,153.0,3
CCF,202607,2026-06-18 17:50:00,153.0,153.5,153.0,153.5,34
CCF,202607,2026-06-18 17:51:00,153.5,153.5,153.0,153.5,8
CCF,202607,2026-06-18 17:52:00,153.5,153.5,153.5,153.5,42
CCF,202607,2026-06-18 17:53:00,153.0,153.5,153.0,153.5,5
CCF,202607,2026-06-18 17:54:00,153.0,153.5,153.0,153.5,8
CCF,202607,2026-06-18 17:55:00,153.5,153.5,153.5,153.5,1
CCF,202607,2026-06-18 17:56:00,153.5,153.5,153.5,153.5,15
CCF,202607,2026-06-18 17:57:00,153.5,153.5,153.5,153.5,47
CCF,202607,2026-06-18 17:58:00,153.5,153.5,153.5,153.5,13
CCF,202607,2026-06-18 17:59:00,153.5,153.5,153.5,153.5,2
CCF,202607,2026-06-18 18:00:00,153.5,153.5,153.5,153.5,10
CCF,202607,2026-06-18 18:01:00,153.5,153.5,153.0,153.0,78
CCF,202607,2026-06-18 18:02:00,153.5,153.5,153.5,153.5,1
CCF,202607,2026-06-18 18:03:00,153.5,153.5,153.5,153.5,15
CCF,202607,2026-06-18 18:04:00,153.5,153.5,153.5,153.5,10
CCF,202607,2026-06-18 18:05:00,153.5,153.5,153.5,153.5,1
CCF,202607,2026-06-18 18:07:00,153.5,153.5,153.5,153.5,15
CCF,202607,2026-06-18 18:08:00,153.5,153.5,153.0,153.0,4
CCF,202607,2026-06-18 18:10:00,153.5,153.5,153.0,153.5,3
CCF,202607,2026-06-18 18:11:00,153.5,153.5,153.5,153.5,3
CCF,202607,2026-06-18 18:12:00,153.5,153.5,153.0,153.0,17
CCF,202607,2026-06-18 18:13:00,153.0,153.5,153.0,153.5,4
CCF,202607,2026-06-18 18:14:00,153.0,153.5,153.0,153.5,10
CCF,202607,2026-06-18 18:15:00,153.5,153.5,153.5,153.5,3
CCF,202607,2026-06-18 18:16:00,153.5,153.5,153.0,153.5,8
CCF,202607,2026-06-18 18:17:00,153.5,153.5,153.5,153.5,4
CCF,202607,2026-06-18 18:18:00,153.5,153.5,153.5,153.5,9
CCF,202607,2026-06-18 18:19:00,153.5,153.5,153.5,153.5,2
CCF,202607,2026-06-18 18:20:00,153.5,153.5,153.0,153.0,8
CCF,202607,2026-06-18 18:21:00,153.0,153.0,153.0,153.0,1
CCF,202607,2026-06-18 18:22:00,153.0,153.0,153.0,153.0,1
CCF,202607,2026-06-18 18:23:00,153.0,153.0,153.0,153.0,2
CCF,202607,2026-06-18 18:24:00,153.0,153.5,153.0,153.5,10
CCF,202607,2026-06-18 18:25:00,153.5,153.5,153.5,153.5,3
CCF,202607,2026-06-18 18:26:00,153.0,153.0,153.0,153.0,1
CCF,202607,2026-06-18 18:28:00,153.5,153.5,153.5,153.5,9
CCF,202607,2026-06-18 18:30:00,153.5,153.5,153.5,153.5,1
CCF,202607,2026-06-18 18:32:00,153.5,153.5,153.5,153.5,2
CCF,202607,2026-06-18 18:33:00,153.5,153.5,153.5,153.5,3
CCF,202607,2026-06-18 18:34:00,153.0,153.0,153.0,153.0,4
CCF,202607,2026-06-18 18:35:00,153.0,153.0,153.0,153.0,194
CCF,202607,2026-06-18 18:36:00,153.0,153.0,153.0,153.0,2
CCF,202607,2026-06-18 18:37:00,153.0,153.0,153.0,153.0,2
CCF,202607,2026-06-18 18:38:00,153.0,153.0,153.0,153.0,3
CCF,202607,2026-06-18 18:39:00,153.0,153.0,153.0,153.0,41
CCF,202607,2026-06-18 18:40:00,153.0,153.5,153.0,153.0,23
CCF,202607,2026-06-18 18:41:00,153.5,153.5,153.0,153.0,4
CCF,202607,2026-06-18 18:42:00,153.0,153.0,153.0,153.0,14
CCF,202607,2026-06-18 18:43:00,152.5,153.0,152.5,152.5,8
CCF,202607,2026-06-18 18:46:00,152.5,152.5,152.5,152.5,15
CCF,202607,2026-06-18 18:47:00,152.5,152.5,152.5,152.5,5
CCF,202607,2026-06-18 18:48:00,153.0,153.0,153.0,153.0,1
CCF,202607,2026-06-18 18:49:00,153.0,153.0,153.0,153.0,7
CCF,202607,2026-06-18 18:50:00,153.0,153.0,153.0,153.0,24
CCF,202607,2026-06-18 18:51:00,153.0,153.0,153.0,153.0,26
CCF,202607,2026-06-18 18:52:00,153.0,153.0,153.0,153.0,5
CCF,202607,2026-06-18 18:54:00,152.5,153.0,152.5,153.0,14
CCF,202607,2026-06-18 18:55:00,153.0,153.0,153.0,153.0,1
CCF,202607,2026-06-18 18:59:00,153.0,153.0,153.0,153.0,4
CCF,202607,2026-06-18 19:01:00,153.0,153.0,152.5,152.5,2
CCF,202607,2026-06-18 19:04:00,153.0,153.0,153.0,153.0,12
CCF,202607,2026-06-18 19:05:00,153.0,153.0,152.5,153.0,4
CCF,202607,2026-06-18 19:06:00,153.0,153.0,153.0,153.0,16
CCF,202607,2026-06-18 19:07:00,153.0,153.0,152.5,153.0,18
CCF,202607,2026-06-18 19:08:00,153.0,153.0,153.0,153.0,31
CCF,202607,2026-06-18 19:09:00,153.0,153.0,153.0,153.0,8
CCF,202607,2026-06-18 19:10:00,153.0,153.0,153.0,153.0,7
CCF,202607,2026-06-18 19:11:00,153.0,153.0,153.0,153.0,1
CCF,202607,2026-06-18 19:13:00,152.5,153.0,152.5,153.0,4
CCF,202607,2026-06-18 19:14:00,153.0,153.0,153.0,153.0,7
CCF,202607,2026-06-18 19:15:00,153.0,153.0,153.0,153.0,6
CCF,202607,2026-06-18 19:16:00,153.0,153.0,153.0,153.0,1
CCF,202607,2026-06-18 19:18:00,153.0,153.0,153.0,153.0,2
CCF,202607,2026-06-18 19:20:00,153.0,153.0,153.0,153.0,1
CCF,202607,2026-06-18 19:22:00,152.5,152.5,152.5,152.5,6
CCF,202607,2026-06-18 19:23:00,153.0,153.0,153.0,153.0,4
CCF,202607,2026-06-18 19:24:00,153.0,153.0,153.0,153.0,4
CCF,202607,2026-06-18 19:25:00,153.0,153.0,153.0,153.0,1
CCF,202607,2026-06-18 19:26:00,153.0,153.0,153.0,153.0,3
CCF,202607,2026-06-18 19:27:00,153.0,153.0,153.0,153.0,5
CCF,202607,2026-06-18 19:30:00,153.0,153.0,153.0,153.0,2
CCF,202607,2026-06-18 19:31:00,153.0,153.0,153.0,153.0,7
CCF,202607,2026-06-18 19:33:00,153.0,153.0,153.0,153.0,1
CCF,202607,2026-06-18 19:34:00,153.0,153.0,153.0,153.0,14
CCF,202607,2026-06-18 19:35:00,153.0,153.0,153.0,153.0,1
CCF,202607,2026-06-18 19:37:00,152.5,152.5,152.5,152.5,11
CCF,202607,2026-06-18 19:38:00,153.0,153.0,153.0,153.0,3
CCF,202607,2026-06-18 19:39:00,152.5,152.5,152.5,152.5,80
CCF,202607,2026-06-18 19:40:00,152.5,153.0,152.5,152.5,111
CCF,202607,2026-06-18 19:41:00,153.0,153.0,153.0,153.0,92
CCF,202607,2026-06-18 19:42:00,153.0,153.5,153.0,153.0,15
CCF,202607,2026-06-18 19:43:00,153.0,153.0,153.0,153.0,8
CCF,202607,2026-06-18 19:44:00,153.0,153.0,153.0,153.0,26
CCF,202607,2026-06-18 19:45:00,152.5,153.0,152.5,153.0,106
CCF,202607,2026-06-18 19:48:00,152.5,152.5,152.5,152.5,1
CCF,202607,2026-06-18 19:49:00,152.5,152.5,152.5,152.5,12
CCF,202607,2026-06-18 19:50:00,152.5,152.5,152.5,152.5,6
CCF,202607,2026-06-18 19:51:00,152.5,152.5,152.5,152.5,2
CCF,202607,2026-06-18 19:53:00,152.5,152.5,152.5,152.5,1
CCF,202607,2026-06-18 19:54:00,152.5,152.5,152.5,152.5,3
CCF,202607,2026-06-18 19:55:00,152.5,152.5,152.5,152.5,1
CCF,202607,2026-06-18 19:57:00,153.0,153.0,152.5,152.5,10
CCF,202607,2026-06-18 19:59:00,152.5,152.5,152.5,152.5,1
CCF,202607,2026-06-18 20:00:00,152.5,153.0,152.5,152.5,8
CCF,202607,2026-06-18 20:02:00,152.5,152.5,152.5,152.5,3
CCF,202607,2026-06-18 20:03:00,152.5,152.5,152.5,152.5,1
CCF,202607,2026-06-18 20:05:00,153.0,153.0,152.5,152.5,2
CCF,202607,2026-06-18 20:09:00,153.0,153.0,153.0,153.0,2
CCF,202607,2026-06-18 20:11:00,153.0,153.0,152.5,152.5,2
CCF,202607,2026-06-18 20:13:00,153.0,153.0,153.0,153.0,1
CCF,202607,2026-06-18 20:15:00,153.0,153.0,153.0,153.0,88
CCF,202607,2026-06-18 20:17:00,153.0,153.0,153.0,153.0,6
CCF,202607,2026-06-18 20:18:00,153.5,153.5,153.5,153.5,3
CCF,202607,2026-06-18 20:19:00,153.5,153.5,153.5,153.5,1
CCF,202607,2026-06-18 20:20:00,153.5,153.5,153.5,153.5,6
CCF,202607,2026-06-18 20:21:00,153.5,153.5,153.5,153.5,12
CCF,202607,2026-06-18 20:22:00,153.0,153.0,153.0,153.0,6
CCF,202607,2026-06-18 20:23:00,153.0,153.0,153.0,153.0,2
CCF,202607,2026-06-18 20:24:00,153.5,153.5,153.5,153.5,106
CCF,202607,2026-06-18 20:25:00,153.5,153.5,153.5,153.5,6
CCF,202607,2026-06-18 20:27:00,153.5,153.5,153.5,153.5,2
CCF,202607,2026-06-18 20:29:00,153.5,153.5,153.5,153.5,25
CCF,202607,2026-06-18 20:30:00,153.5,153.5,153.5,153.5,6
CCF,202607,2026-06-18 20:31:00,153.5,153.5,153.5,153.5,47
CCF,202607,2026-06-18 20:32:00,153.5,154.0,153.5,154.0,11
CCF,202607,2026-06-18 20:34:00,154.0,154.0,154.0,154.0,1
CCF,202607,2026-06-18 20:35:00,154.0,154.0,154.0,154.0,1
CCF,202607,2026-06-18 20:37:00,154.0,154.0,154.0,154.0,1
CCF,202607,2026-06-18 20:39:00,154.0,154.0,154.0,154.0,3
CCF,202607,2026-06-18 20:41:00,154.0,154.0,154.0,154.0,242
CCF,202607,2026-06-18 20:42:00,154.0,154.0,154.0,154.0,5
CCF,202607,2026-06-18 20:43:00,154.0,154.0,154.0,154.0,8
CCF,202607,2026-06-18 20:44:00,154.0,154.0,154.0,154.0,9
CCF,202607,2026-06-18 20:46:00,154.5,154.5,154.5,154.5,5
CCF,202607,2026-06-18 20:47:00,154.0,154.0,154.0,154.0,1
CCF,202607,2026-06-18 20:48:00,154.0,154.5,154.0,154.5,4
CCF,202607,2026-06-18 20:49:00,154.0,154.0,154.0,154.0,1
CCF,202607,2026-06-18 20:50:00,154.0,154.0,154.0,154.0,2
CCF,202607,2026-06-18 20:51:00,154.0,154.0,154.0,154.0,66
CCF,202607,2026-06-18 20:52:00,154.0,154.0,153.5,153.5,138
CCF,202607,2026-06-18 20:53:00,153.5,153.5,153.5,153.5,2
CCF,202607,2026-06-18 20:54:00,154.0,154.0,154.0,154.0,7
CCF,202607,2026-06-18 20:55:00,154.0,154.0,154.0,154.0,3
CCF,202607,2026-06-18 20:56:00,154.0,154.0,154.0,154.0,36
CCF,202607,2026-06-18 20:59:00,154.0,154.0,154.0,154.0,7
CCF,202607,2026-06-18 21:00:00,154.0,154.0,154.0,154.0,20
CCF,202607,2026-06-18 21:01:00,154.0,154.0,154.0,154.0,12
CCF,202607,2026-06-18 21:02:00,154.0,154.5,154.0,154.0,23
CCF,202607,2026-06-18 21:03:00,154.0,154.0,154.0,154.0,6
CCF,202607,2026-06-18 21:04:00,154.0,154.0,154.0,154.0,14
CCF,202607,2026-06-18 21:05:00,154.0,154.0,154.0,154.0,12
CCF,202607,2026-06-18 21:06:00,154.0,154.0,154.0,154.0,10
CCF,202607,2026-06-18 21:07:00,154.0,154.0,154.0,154.0,1
CCF,202607,2026-06-18 21:08:00,154.0,154.5,154.0,154.0,15
CCF,202607,2026-06-18 21:09:00,154.0,154.0,154.0,154.0,4
CCF,202607,2026-06-18 21:10:00,154.0,154.0,154.0,154.0,22
CCF,202607,2026-06-18 21:11:00,153.5,154.0,153.5,154.0,7
CCF,202607,2026-06-18 21:12:00,154.0,154.0,154.0,154.0,3
CCF,202607,2026-06-18 21:13:00,154.0,154.0,154.0,154.0,13
CCF,202607,2026-06-18 21:17:00,154.0,154.0,154.0,154.0,54
CCF,202607,2026-06-18 21:18:00,154.5,154.5,154.0,154.0,4
CCF,202607,2026-06-18 21:19:00,154.0,154.0,154.0,154.0,1
CCF,202607,2026-06-18 21:21:00,154.0,154.0,154.0,154.0,80
CCF,202607,2026-06-18 21:22:00,154.0,154.0,154.0,154.0,2
CCF,202607,2026-06-18 21:23:00,153.5,153.5,153.5,153.5,1
CCF,202607,2026-06-18 21:24:00,154.0,154.0,154.0,154.0,2
CCF,202607,2026-06-18 21:25:00,154.0,154.0,154.0,154.0,4
CCF,202607,2026-06-18 21:26:00,154.0,154.0,154.0,154.0,1
CCF,202607,2026-06-18 21:27:00,154.0,154.0,153.5,153.5,2
CCF,202607,2026-06-18 21:28:00,154.0,154.0,153.5,154.0,26
CCF,202607,2026-06-18 21:29:00,154.0,154.0,153.5,154.0,11
CCF,202607,2026-06-18 21:30:00,153.5,153.5,152.0,152.5,462
CCF,202607,2026-06-18 21:31:00,152.5,153.0,152.5,153.0,124
CCF,202607,2026-06-18 21:32:00,153.0,153.5,153.0,153.0,120
CCF,202607,2026-06-18 21:33:00,153.5,153.5,153.0,153.5,26
CCF,202607,2026-06-18 21:34:00,153.5,153.5,152.0,152.5,272
CCF,202607,2026-06-18 21:35:00,152.5,153.0,152.5,153.0,24
CCF,202607,2026-06-18 21:36:00,152.5,152.5,152.5,152.5,84
CCF,202607,2026-06-18 21:37:00,152.5,152.5,152.0,152.5,123
CCF,202607,2026-06-18 21:38:00,153.0,153.0,153.0,153.0,19
CCF,202607,2026-06-18 21:39:00,153.0,153.0,153.0,153.0,72
CCF,202607,2026-06-18 21:40:00,153.0,153.0,152.5,153.0,81
CCF,202607,2026-06-18 21:41:00,153.0,153.0,153.0,153.0,54
CCF,202607,2026-06-18 21:42:00,153.0,153.5,153.0,153.5,7
CCF,202607,2026-06-18 21:43:00,153.5,153.5,153.0,153.0,32
CCF,202607,2026-06-18 21:44:00,152.5,152.5,152.5,152.5,4
CCF,202607,2026-06-18 21:45:00,152.5,153.0,152.5,153.0,7
CCF,202607,2026-06-18 21:46:00,153.0,153.5,153.0,153.0,46
CCF,202607,2026-06-18 21:47:00,153.0,153.0,153.0,153.0,18
CCF,202607,2026-06-18 21:48:00,153.0,153.0,153.0,153.0,91
CCF,202607,2026-06-18 21:49:00,153.0,153.0,153.0,153.0,1
CCF,202607,2026-06-18 21:50:00,153.0,153.0,153.0,153.0,1
CCF,202607,2026-06-18 21:52:00,153.0,153.0,153.0,153.0,4
CCF,202607,2026-06-18 21:53:00,153.0,153.0,153.0,153.0,73
CCF,202607,2026-06-18 21:54:00,153.0,153.0,153.0,153.0,8
CCF,202607,2026-06-18 21:55:00,153.0,153.0,152.5,152.5,21
CCF,202607,2026-06-18 21:56:00,152.5,153.0,152.5,153.0,26
CCF,202607,2026-06-18 21:57:00,153.0,153.0,152.5,152.5,49
CCF,202607,2026-06-18 21:58:00,152.5,152.5,152.5,152.5,114
CCF,202607,2026-06-18 21:59:00,152.5,152.5,152.5,152.5,5
CCF,202607,2026-06-18 22:00:00,153.0,153.0,153.0,153.0,10
CCF,202607,2026-06-18 22:01:00,153.0,153.0,152.5,152.5,2
CCF,202607,2026-06-18 22:02:00,152.5,152.5,152.5,152.5,1
CCF,202607,2026-06-18 22:03:00,153.0,153.0,153.0,153.0,3
CCF,202607,2026-06-18 22:04:00,153.0,153.0,153.0,153.0,74
CCF,202607,2026-06-18 22:05:00,153.0,153.0,153.0,153.0,31
CCF,202607,2026-06-18 22:06:00,153.0,153.0,153.0,153.0,9
CCF,202607,2026-06-18 22:07:00,153.0,153.0,153.0,153.0,17
CCF,202607,2026-06-18 22:08:00,153.0,153.0,153.0,153.0,6
CCF,202607,2026-06-18 22:09:00,153.0,153.0,153.0,153.0,4
CCF,202607,2026-06-18 22:10:00,153.0,153.0,153.0,153.0,5
CCF,202607,2026-06-18 22:11:00,153.0,153.0,153.0,153.0,4
CCF,202607,2026-06-18 22:12:00,153.0,153.0,153.0,153.0,15
CCF,202607,2026-06-18 22:13:00,153.0,153.0,153.0,153.0,1
CCF,202607,2026-06-18 22:16:00,153.0,153.5,153.0,153.5,85
CCF,202607,2026-06-18 22:17:00,153.5,154.0,153.5,154.0,76
CCF,202607,2026-06-18 22:18:00,154.0,154.0,154.0,154.0,4
CCF,202607,2026-06-18 22:19:00,154.0,154.0,154.0,154.0,27
CCF,202607,2026-06-18 22:20:00,153.5,153.5,153.5,153.5,100
CCF,202607,2026-06-18 22:21:00,153.5,153.5,153.5,153.5,99
CCF,202607,2026-06-18 22:22:00,153.5,153.5,153.5,153.5,8
CCF,202607,2026-06-18 22:23:00,153.5,153.5,153.5,153.5,2
CCF,202607,2026-06-18 22:24:00,153.5,153.5,153.5,153.5,2
CCF,202607,2026-06-18 22:25:00,153.5,153.5,153.5,153.5,3
CCF,202607,2026-06-18 22:26:00,153.5,153.5,153.5,153.5,2
CCF,202607,2026-06-18 22:27:00,153.5,153.5,153.0,153.5,20
CCF,202607,2026-06-18 22:28:00,153.5,153.5,153.0,153.5,164
CCF,202607,2026-06-18 22:29:00,153.5,153.5,153.5,153.5,7
CCF,202607,2026-06-18 22:30:00,153.0,153.0,153.0,153.0,113
CCF,202607,2026-06-18 22:31:00,153.0,153.0,153.0,153.0,27
CCF,202607,2026-06-18 22:32:00,153.0,153.0,153.0,153.0,57
CCF,202607,2026-06-18 22:33:00,152.5,153.0,152.5,153.0,7
CCF,202607,2026-06-18 22:34:00,153.0,153.5,153.0,153.0,11
CCF,202607,2026-06-18 22:35:00,153.0,153.0,153.0,153.0,5
CCF,202607,2026-06-18 22:38:00,153.5,153.5,153.5,153.5,5
CCF,202607,2026-06-18 22:39:00,153.0,153.0,153.0,153.0,1
CCF,202607,2026-06-18 22:40:00,153.5,153.5,153.5,153.5,1
CCF,202607,2026-06-18 22:41:00,153.5,153.5,153.5,153.5,1
CCF,202607,2026-06-18 22:42:00,153.5,153.5,153.0,153.0,8
CCF,202607,2026-06-18 22:43:00,153.5,153.5,153.5,153.5,4
CCF,202607,2026-06-18 22:44:00,153.5,153.5,153.5,153.5,2
CCF,202607,2026-06-18 22:45:00,153.5,153.5,153.5,153.5,1
CCF,202607,2026-06-18 22:46:00,153.5,153.5,153.5,153.5,2
CCF,202607,2026-06-18 22:47:00,153.0,153.0,153.0,153.0,45
CCF,202607,2026-06-18 22:50:00,153.0,153.0,153.0,153.0,1
CCF,202607,2026-06-18 22:51:00,153.0,153.5,153.0,153.5,2
CCF,202607,2026-06-18 22:52:00,153.5,153.5,153.5,153.5,165
CCF,202607,2026-06-18 22:53:00,153.5,153.5,153.5,153.5,6
CCF,202607,2026-06-18 22:54:00,153.5,154.0,153.5,154.0,8
CCF,202607,2026-06-18 22:55:00,154.0,154.0,154.0,154.0,3
CCF,202607,2026-06-18 22:56:00,154.0,154.0,154.0,154.0,5
CCF,202607,2026-06-18 22:57:00,154.0,154.0,154.0,154.0,137
CCF,202607,2026-06-18 22:58:00,154.0,154.5,154.0,154.0,8
CCF,202607,2026-06-18 22:59:00,154.0,154.0,154.0,154.0,27
CCF,202607,2026-06-18 23:00:00,154.0,154.0,154.0,154.0,45
CCF,202607,2026-06-18 23:01:00,154.0,154.5,154.0,154.0,44
CCF,202607,2026-06-18 23:02:00,153.5,154.0,153.5,154.0,38
CCF,202607,2026-06-18 23:03:00,153.5,154.0,153.5,153.5,4
CCF,202607,2026-06-18 23:04:00,154.0,154.0,154.0,154.0,27
CCF,202607,2026-06-18 23:05:00,154.0,154.0,154.0,154.0,4
CCF,202607,2026-06-18 23:06:00,154.0,154.0,154.0,154.0,1
CCF,202607,2026-06-18 23:07:00,154.0,154.0,154.0,154.0,19
CCF,202607,2026-06-18 23:08:00,154.0,154.0,154.0,154.0,1
CCF,202607,2026-06-18 23:09:00,154.5,154.5,154.5,154.5,21
CCF,202607,2026-06-18 23:10:00,154.5,154.5,154.5,154.5,5
CCF,202607,2026-06-18 23:11:00,154.5,154.5,154.0,154.0,2
CCF,202607,2026-06-18 23:12:00,154.5,154.5,154.5,154.5,101
CCF,202607,2026-06-18 23:13:00,154.5,154.5,154.5,154.5,16
CCF,202607,2026-06-18 23:15:00,154.5,154.5,154.0,154.0,8
CCF,202607,2026-06-18 23:16:00,154.0,154.0,154.0,154.0,140
CCF,202607,2026-06-18 23:19:00,153.5,153.5,153.5,153.5,3
CCF,202607,2026-06-18 23:22:00,153.5,153.5,153.5,153.5,1
CCF,202607,2026-06-18 23:23:00,153.5,153.5,153.5,153.5,4
CCF,202607,2026-06-18 23:24:00,153.5,154.0,153.5,153.5,150
CCF,202607,2026-06-18 23:26:00,153.5,153.5,153.5,153.5,2
CCF,202607,2026-06-18 23:27:00,153.5,153.5,153.5,153.5,1
CCF,202607,2026-06-18 23:29:00,154.0,154.0,154.0,154.0,3
CCF,202607,2026-06-18 23:30:00,153.5,153.5,153.5,153.5,1
CCF,202607,2026-06-18 23:31:00,153.5,153.5,153.5,153.5,1
CCF,202607,2026-06-18 23:32:00,153.5,153.5,153.5,153.5,13
CCF,202607,2026-06-18 23:33:00,153.5,153.5,153.0,153.0,157
CCF,202607,2026-06-18 23:34:00,153.0,153.0,153.0,153.0,4
CCF,202607,2026-06-18 23:35:00,153.0,153.5,153.0,153.5,4
CCF,202607,2026-06-18 23:37:00,153.5,153.5,153.5,153.5,2
CCF,202607,2026-06-18 23:38:00,153.0,153.5,153.0,153.0,41
CCF,202607,2026-06-18 23:39:00,153.0,153.0,152.5,153.0,236
CCF,202607,2026-06-18 23:40:00,153.0,153.5,153.0,153.5,2
CCF,202607,2026-06-18 23:41:00,153.5,153.5,153.0,153.0,68
CCF,202607,2026-06-18 23:42:00,153.0,153.5,153.0,153.5,35
CCF,202607,2026-06-18 23:43:00,153.0,153.0,153.0,153.0,23
CCF,202607,2026-06-18 23:44:00,153.0,153.5,153.0,153.0,52
CCF,202607,2026-06-18 23:45:00,153.0,153.0,153.0,153.0,15
CCF,202607,2026-06-18 23:46:00,153.0,153.0,153.0,153.0,1
CCF,202607,2026-06-18 23:47:00,153.0,153.5,153.0,153.5,78
CCF,202607,2026-06-18 23:48:00,153.5,153.5,153.5,153.5,3
CCF,202607,2026-06-18 23:49:00,153.0,153.0,153.0,153.0,2
CCF,202607,2026-06-18 23:50:00,153.5,153.5,153.5,153.5,5
CCF,202607,2026-06-18 23:51:00,153.5,153.5,153.5,153.5,6
CCF,202607,2026-06-18 23:52:00,153.0,153.5,153.0,153.0,11
CCF,202607,2026-06-18 23:53:00,153.5,153.5,153.5,153.5,59
CCF,202607,2026-06-18 23:54:00,153.5,153.5,153.5,153.5,6
CCF,202607,2026-06-18 23:55:00,153.5,153.5,153.5,153.5,10
CCF,202607,2026-06-18 23:56:00,153.5,153.5,153.5,153.5,11
CCF,202607,2026-06-18 23:57:00,153.5,153.5,153.5,153.5,2
CCF,202607,2026-06-19 00:00:00,154.0,154.0,153.5,153.5,2
CCF,202607,2026-06-19 00:01:00,153.5,153.5,153.5,153.5,1
CCF,202607,2026-06-19 00:03:00,153.5,153.5,153.5,153.5,1
CCF,202607,2026-06-19 00:05:00,154.0,154.0,154.0,154.0,2
CCF,202607,2026-06-19 00:06:00,154.0,154.0,154.0,154.0,3
CCF,202607,2026-06-19 00:07:00,154.0,154.0,153.5,153.5,2
CCF,202607,2026-06-19 00:08:00,153.5,153.5,153.5,153.5,1
CCF,202607,2026-06-19 00:09:00,153.5,154.0,153.5,154.0,3
CCF,202607,2026-06-19 00:10:00,154.0,154.0,154.0,154.0,2
CCF,202607,2026-06-19 00:11:00,154.0,154.0,154.0,154.0,3
CCF,202607,2026-06-19 00:12:00,154.0,154.0,154.0,154.0,1
CCF,202607,2026-06-19 00:14:00,154.0,154.0,154.0,154.0,2
CCF,202607,2026-06-19 00:16:00,153.5,153.5,153.5,153.5,3
CCF,202607,2026-06-19 00:17:00,153.5,154.0,153.5,153.5,31
CCF,202607,2026-06-19 00:18:00,153.5,153.5,153.5,153.5,81
CCF,202607,2026-06-19 00:19:00,153.5,153.5,153.5,153.5,2
CCF,202607,2026-06-19 00:20:00,153.5,153.5,153.5,153.5,1
CCF,202607,2026-06-19 00:21:00,153.5,154.0,153.5,154.0,33
CCF,202607,2026-06-19 00:22:00,154.0,154.0,154.0,154.0,3
CCF,202607,2026-06-19 00:23:00,154.0,154.0,154.0,154.0,2
CCF,202607,2026-06-19 00:24:00,154.0,154.0,154.0,154.0,3
CCF,202607,2026-06-19 00:25:00,153.5,153.5,153.5,153.5,56
CCF,202607,2026-06-19 00:26:00,153.5,153.5,153.5,153.5,1
CCF,202607,2026-06-19 00:27:00,153.5,153.5,153.5,153.5,2
CCF,202607,2026-06-19 00:28:00,154.0,154.0,154.0,154.0,230
CCF,202607,2026-06-19 00:29:00,154.0,154.0,154.0,154.0,8
CCF,202607,2026-06-19 00:30:00,154.0,154.5,154.0,154.5,14
CCF,202607,2026-06-19 00:31:00,154.5,154.5,154.5,154.5,2
CCF,202607,2026-06-19 00:32:00,154.5,154.5,154.5,154.5,1
CCF,202607,2026-06-19 00:33:00,154.5,154.5,154.5,154.5,1
CCF,202607,2026-06-19 00:35:00,154.5,154.5,154.5,154.5,1
CCF,202607,2026-06-19 00:36:00,154.5,154.5,154.0,154.0,4
CCF,202607,2026-06-19 00:37:00,154.5,154.5,154.5,154.5,158
CCF,202607,2026-06-19 00:39:00,154.5,154.5,154.5,154.5,5
CCF,202607,2026-06-19 00:40:00,154.5,154.5,154.5,154.5,4
CCF,202607,2026-06-19 00:41:00,154.5,154.5,154.5,154.5,26
CCF,202607,2026-06-19 00:42:00,154.5,154.5,154.5,154.5,49
CCF,202607,2026-06-19 00:43:00,154.5,154.5,154.5,154.5,7
CCF,202607,2026-06-19 00:44:00,154.5,154.5,154.5,154.5,1
CCF,202607,2026-06-19 00:46:00,154.5,154.5,154.5,154.5,1
CCF,202607,2026-06-19 00:47:00,154.0,154.5,154.0,154.5,2
CCF,202607,2026-06-19 00:49:00,154.0,154.0,154.0,154.0,1
CCF,202607,2026-06-19 00:50:00,154.5,154.5,154.5,154.5,2
CCF,202607,2026-06-19 00:53:00,154.0,154.0,154.0,154.0,1
CCF,202607,2026-06-19 00:55:00,154.0,154.0,154.0,154.0,3
CCF,202607,2026-06-19 00:56:00,154.0,154.5,154.0,154.5,6
CCF,202607,2026-06-19 00:57:00,154.5,154.5,154.5,154.5,1
CCF,202607,2026-06-19 00:59:00,154.5,154.5,154.5,154.5,11
CCF,202607,2026-06-19 01:00:00,154.5,154.5,154.5,154.5,6
CCF,202607,2026-06-19 01:02:00,154.5,154.5,154.5,154.5,3
CCF,202607,2026-06-19 01:07:00,154.5,154.5,154.5,154.5,4
CCF,202607,2026-06-19 01:08:00,154.5,154.5,154.5,154.5,9
CCF,202607,2026-06-19 01:09:00,154.5,154.5,154.5,154.5,4
CCF,202607,2026-06-19 01:10:00,154.5,154.5,154.5,154.5,26
CCF,202607,2026-06-19 01:13:00,155.0,155.0,155.0,155.0,29
CCF,202607,2026-06-19 01:14:00,155.0,155.0,154.5,154.5,5
CCF,202607,2026-06-19 01:15:00,154.5,154.5,154.5,154.5,1
CCF,202607,2026-06-19 01:16:00,155.0,155.0,155.0,155.0,6
CCF,202607,2026-06-19 01:17:00,154.5,154.5,154.5,154.5,1
CCF,202607,2026-06-19 01:18:00,155.0,155.0,155.0,155.0,3
CCF,202607,2026-06-19 01:19:00,155.0,155.5,155.0,155.5,96
CCF,202607,2026-06-19 01:20:00,155.5,155.5,155.5,155.5,114
CCF,202607,2026-06-19 01:21:00,155.5,155.5,155.5,155.5,9
CCF,202607,2026-06-19 01:22:00,155.5,155.5,155.0,155.5,29
CCF,202607,2026-06-19 01:23:00,155.5,155.5,155.5,155.5,29
CCF,202607,2026-06-19 01:24:00,155.5,156.0,155.5,155.5,15
CCF,202607,2026-06-19 01:25:00,155.5,155.5,155.5,155.5,3
CCF,202607,2026-06-19 01:26:00,155.5,155.5,155.5,155.5,2
CCF,202607,2026-06-19 01:27:00,155.5,155.5,155.5,155.5,50
CCF,202607,2026-06-19 01:28:00,155.5,155.5,155.5,155.5,22
CCF,202607,2026-06-19 01:29:00,155.5,155.5,155.5,155.5,12
CCF,202607,2026-06-19 01:30:00,155.5,155.5,155.5,155.5,37
CCF,202607,2026-06-19 01:31:00,155.5,155.5,155.5,155.5,3
CCF,202607,2026-06-19 01:34:00,155.5,155.5,155.5,155.5,41
CCF,202607,2026-06-19 01:35:00,155.0,155.0,155.0,155.0,1
CCF,202607,2026-06-19 01:36:00,155.5,155.5,155.5,155.5,2
CCF,202607,2026-06-19 01:37:00,155.5,155.5,155.5,155.5,29
CCF,202607,2026-06-19 01:38:00,155.5,156.0,155.5,155.5,10
CCF,202607,2026-06-19 01:39:00,155.5,155.5,155.5,155.5,5
CCF,202607,2026-06-19 01:40:00,155.5,155.5,155.5,155.5,9
CCF,202607,2026-06-19 01:41:00,155.5,155.5,155.5,155.5,4
CCF,202607,2026-06-19 01:42:00,155.5,155.5,155.5,155.5,5
CCF,202607,2026-06-19 01:44:00,155.5,155.5,155.5,155.5,1
CCF,202607,2026-06-19 01:46:00,155.5,155.5,155.5,155.5,5
CCF,202607,2026-06-19 01:47:00,155.5,155.5,155.5,155.5,3
CCF,202607,2026-06-19 01:48:00,155.5,155.5,155.5,155.5,4
CCF,202607,2026-06-19 01:49:00,155.5,155.5,155.5,155.5,2
CCF,202607,2026-06-19 01:50:00,155.5,155.5,155.5,155.5,6
CCF,202607,2026-06-19 01:51:00,155.5,155.5,155.5,155.5,1
CCF,202607,2026-06-19 01:52:00,155.5,155.5,155.5,155.5,30
CCF,202607,2026-06-19 01:53:00,155.5,155.5,155.5,155.5,8
CCF,202607,2026-06-19 01:54:00,155.5,155.5,155.5,155.5,36
CCF,202607,2026-06-19 01:55:00,155.5,155.5,155.5,155.5,4
CCF,202607,2026-06-19 01:56:00,155.0,155.0,155.0,155.0,104
CCF,202607,2026-06-19 01:57:00,155.0,155.0,155.0,155.0,2
CCF,202607,2026-06-19 01:58:00,155.0,155.0,155.0,155.0,54
CCF,202607,2026-06-19 01:59:00,155.0,155.0,155.0,155.0,9
CCF,202607,2026-06-19 02:00:00,155.0,155.0,155.0,155.0,4
CCF,202607,2026-06-19 02:01:00,155.0,155.0,155.0,155.0,10
CCF,202607,2026-06-19 02:03:00,155.0,155.0,155.0,155.0,1
CCF,202607,2026-06-19 02:04:00,155.0,155.0,155.0,155.0,1
CCF,202607,2026-06-19 02:05:00,155.0,155.0,155.0,155.0,2
CCF,202607,2026-06-19 02:07:00,155.0,155.0,155.0,155.0,1
CCF,202607,2026-06-19 02:08:00,155.0,155.0,155.0,155.0,34
CCF,202607,2026-06-19 02:10:00,155.0,155.0,155.0,155.0,11
CCF,202607,2026-06-19 02:11:00,155.0,155.0,155.0,155.0,3
CCF,202607,2026-06-19 02:12:00,154.5,154.5,154.5,154.5,100
CCF,202607,2026-06-19 02:13:00,154.5,154.5,154.5,154.5,1
CCF,202607,2026-06-19 02:14:00,155.0,155.0,155.0,155.0,1
CCF,202607,2026-06-19 02:16:00,155.0,155.0,155.0,155.0,2
CCF,202607,2026-06-19 02:18:00,155.0,155.0,155.0,155.0,1
CCF,202607,2026-06-19 02:20:00,155.0,155.0,155.0,155.0,3
CCF,202607,2026-06-19 02:25:00,155.0,155.0,155.0,155.0,1
CCF,202607,2026-06-19 02:26:00,155.0,155.0,155.0,155.0,4
CCF,202607,2026-06-19 02:28:00,155.0,155.0,155.0,155.0,2
CCF,202607,2026-06-19 02:29:00,155.0,155.0,155.0,155.0,2
CCF,202607,2026-06-19 02:30:00,155.0,155.0,155.0,155.0,1
CCF,202607,2026-06-19 02:32:00,155.0,155.0,155.0,155.0,1
CCF,202607,2026-06-19 02:33:00,155.0,155.0,155.0,155.0,8
CCF,202607,2026-06-19 02:39:00,155.0,155.0,155.0,155.0,20
CCF,202607,2026-06-19 02:40:00,154.5,154.5,154.5,154.5,108
CCF,202607,2026-06-19 02:41:00,154.5,154.5,154.0,154.0,68
CCF,202607,2026-06-19 02:42:00,154.0,154.5,154.0,154.5,37
CCF,202607,2026-06-19 02:44:00,154.5,154.5,154.5,154.5,1
CCF,202607,2026-06-19 02:45:00,154.5,154.5,154.5,154.5,6
CCF,202607,2026-06-19 02:48:00,154.5,154.5,154.5,154.5,1
CCF,202607,2026-06-19 02:51:00,154.5,154.5,154.5,154.5,1
CCF,202607,2026-06-19 02:52:00,155.0,155.0,155.0,155.0,1
CCF,202607,2026-06-19 02:53:00,155.0,155.0,155.0,155.0,26
CCF,202607,2026-06-19 02:54:00,155.0,155.0,155.0,155.0,2
CCF,202607,2026-06-19 02:55:00,154.5,154.5,154.5,154.5,1
CCF,202607,2026-06-19 02:57:00,154.5,154.5,154.5,154.5,1
CCF,202607,2026-06-19 02:59:00,154.5,154.5,154.5,154.5,2
CCF,202607,2026-06-19 03:01:00,155.0,155.0,155.0,155.0,1
CCF,202607,2026-06-19 03:02:00,154.5,154.5,154.5,154.5,31
CCF,202607,2026-06-19 03:03:00,154.5,154.5,154.5,154.5,2
CCF,202607,2026-06-19 03:06:00,154.5,154.5,154.5,154.5,20
CCF,202607,2026-06-19 03:07:00,154.5,154.5,154.5,154.5,13
CCF,202607,2026-06-19 03:08:00,154.5,154.5,154.5,154.5,4
CCF,202607,2026-06-19 03:09:00,154.5,154.5,154.5,154.5,2
CCF,202607,2026-06-19 03:10:00,154.5,154.5,154.5,154.5,1
CCF,202607,2026-06-19 03:12:00,154.5,154.5,154.5,154.5,37
CCF,202607,2026-06-19 03:13:00,154.5,154.5,154.5,154.5,3
CCF,202607,2026-06-19 03:14:00,154.5,155.0,154.5,155.0,2
CCF,202607,2026-06-19 03:19:00,155.0,155.0,155.0,155.0,3
CCF,202607,2026-06-19 03:21:00,154.5,154.5,154.5,154.5,2
CCF,202607,2026-06-19 03:22:00,155.0,155.0,155.0,155.0,34
CCF,202607,2026-06-19 03:23:00,155.0,155.0,155.0,155.0,1
CCF,202607,2026-06-19 03:24:00,155.0,155.0,155.0,155.0,10
CCF,202607,2026-06-19 03:28:00,154.5,154.5,154.5,154.5,4
CCF,202607,2026-06-19 03:33:00,155.0,155.0,155.0,155.0,12
CCF,202607,2026-06-19 03:34:00,155.0,155.0,155.0,155.0,56
CCF,202607,2026-06-19 03:35:00,155.0,155.0,155.0,155.0,8
CCF,202607,2026-06-19 03:37:00,155.5,155.5,155.5,155.5,10
CCF,202607,2026-06-19 03:38:00,155.5,155.5,155.5,155.5,35
CCF,202607,2026-06-19 03:39:00,155.5,155.5,155.5,155.5,61
CCF,202607,2026-06-19 03:40:00,155.5,155.5,155.5,155.5,32
CCF,202607,2026-06-19 03:45:00,156.0,156.0,156.0,156.0,31
CCF,202607,2026-06-19 03:46:00,156.0,156.0,156.0,156.0,27
CCF,202607,2026-06-19 03:47:00,156.0,156.0,156.0,156.0,62
CCF,202607,2026-06-19 03:48:00,156.0,156.5,156.0,156.0,14
CCF,202607,2026-06-19 03:49:00,156.0,156.0,156.0,156.0,2
CCF,202607,2026-06-19 03:50:00,156.0,156.5,156.0,156.5,135
CCF,202607,2026-06-19 03:51:00,156.5,156.5,156.5,156.5,36
CCF,202607,2026-06-19 03:52:00,156.5,156.5,156.5,156.5,9
CCF,202607,2026-06-19 03:53:00,156.5,156.5,156.5,156.5,4
CCF,202607,2026-06-19 03:54:00,156.5,156.5,156.5,156.5,2
CCF,202607,2026-06-19 03:55:00,156.5,156.5,156.5,156.5,2
CCF,202607,2026-06-19 03:56:00,156.0,156.5,156.0,156.0,32
CCF,202607,2026-06-19 03:57:00,156.5,156.5,156.5,156.5,23
CCF,202607,2026-06-19 03:58:00,156.5,157.0,156.5,156.5,31
CCF,202607,2026-06-19 03:59:00,156.5,156.5,156.5,156.5,3
CCF,202607,2026-06-19 04:02:00,156.5,156.5,156.5,156.5,2
CCF,202607,2026-06-19 04:05:00,156.5,156.5,156.5,156.5,1
CCF,202607,2026-06-19 04:06:00,156.5,156.5,156.0,156.0,5
CCF,202607,2026-06-19 04:07:00,156.5,156.5,156.5,156.5,1
CCF,202607,2026-06-19 04:09:00,156.5,156.5,156.5,156.5,1
CCF,202607,2026-06-19 04:10:00,156.5,156.5,156.5,156.5,3
CCF,202607,2026-06-19 04:11:00,156.5,156.5,156.5,156.5,3
CCF,202607,2026-06-19 04:12:00,156.5,156.5,156.5,156.5,1
CCF,202607,2026-06-19 04:13:00,156.5,156.5,156.5,156.5,8
CCF,202607,2026-06-19 04:14:00,156.5,156.5,156.5,156.5,5
CCF,202607,2026-06-19 04:16:00,156.5,156.5,156.5,156.5,8
CCF,202607,2026-06-19 04:19:00,156.5,156.5,156.5,156.5,2
CCF,202607,2026-06-19 04:20:00,156.5,156.5,156.5,156.5,1
CCF,202607,2026-06-19 04:21:00,156.5,156.5,156.5,156.5,6
CCF,202607,2026-06-19 04:22:00,156.5,156.5,156.5,156.5,3
CCF,202607,2026-06-19 04:23:00,156.5,156.5,156.5,156.5,1
CCF,202607,2026-06-19 04:24:00,156.5,156.5,156.5,156.5,3
CCF,202607,2026-06-19 04:25:00,156.5,156.5,156.5,156.5,2
CCF,202607,2026-06-19 04:26:00,156.5,156.5,156.5,156.5,2
CCF,202607,2026-06-19 04:27:00,156.5,156.5,156.5,156.5,6
CCF,202607,2026-06-19 04:28:00,156.5,156.5,156.5,156.5,4
CCF,202607,2026-06-19 04:29:00,157.0,157.0,157.0,157.0,2
CCF,202607,2026-06-19 04:30:00,157.0,157.0,157.0,157.0,1
CCF,202607,2026-06-19 04:31:00,157.0,157.0,157.0,157.0,1
CCF,202607,2026-06-19 04:32:00,156.5,156.5,156.5,156.5,2
CCF,202607,2026-06-19 04:35:00,156.5,156.5,156.5,156.5,2
CCF,202607,2026-06-19 04:36:00,156.5,156.5,156.5,156.5,3
CCF,202607,2026-06-19 04:37:00,156.5,156.5,156.5,156.5,1
CCF,202607,2026-06-19 04:38:00,157.0,157.0,157.0,157.0,4
CCF,202607,2026-06-19 04:39:00,157.0,157.0,157.0,157.0,98
CCF,202607,2026-06-19 04:40:00,157.0,157.0,157.0,157.0,12
CCF,202607,2026-06-19 04:41:00,157.0,157.5,157.0,157.5,3
CCF,202607,2026-06-19 04:42:00,157.0,157.5,157.0,157.5,12
CCF,202607,2026-06-19 04:43:00,157.0,157.0,157.0,157.0,2
CCF,202607,2026-06-19 04:44:00,157.0,157.0,157.0,157.0,2
CCF,202607,2026-06-19 04:45:00,157.0,157.5,157.0,157.0,17
CCF,202607,2026-06-19 04:46:00,157.0,157.0,157.0,157.0,9
CCF,202607,2026-06-19 04:47:00,157.0,157.0,157.0,157.0,4
CCF,202607,2026-06-19 04:48:00,157.0,157.0,157.0,157.0,3
CCF,202607,2026-06-19 04:49:00,156.5,156.5,156.5,156.5,1
CCF,202607,2026-06-19 04:50:00,156.5,157.0,156.5,157.0,7
CCF,202607,2026-06-19 04:51:00,156.5,157.0,156.5,157.0,9
CCF,202607,2026-06-19 04:52:00,157.0,157.0,156.5,157.0,4
CCF,202607,2026-06-19 04:53:00,157.0,157.5,157.0,157.5,29
CCF,202607,2026-06-19 04:54:00,157.5,157.5,157.5,157.5,12
CCF,202607,2026-06-19 04:55:00,157.5,157.5,157.0,157.0,63
CCF,202607,2026-06-19 04:56:00,157.0,157.0,157.0,157.0,38
CCF,202607,2026-06-19 04:57:00,157.0,157.0,157.0,157.0,13
CCF,202607,2026-06-19 04:58:00,157.0,157.0,157.0,157.0,28
CCF,202607,2026-06-19 04:59:00,157.0,157.0,157.0,157.0,7
CCF,202607/202608,2026-06-18 17:25:00,1.11,1.11,1.11,1.11,100
CCF,202607/202608,2026-06-18 17:26:00,1.12,1.14,1.12,1.14,204
CCF,202607/202608,2026-06-18 17:27:00,1.14,1.14,1.13,1.13,8
CCF,202607/202608,2026-06-18 17:30:00,1.15,1.15,1.15,1.15,4
CCF,202607/202608,2026-06-18 17:31:00,1.15,1.15,1.14,1.14,4
CCF,202607/202608,2026-06-18 17:36:00,1.15,1.15,1.15,1.15,10
CCF,202607/202608,2026-06-18 20:33:00,1.15,1.15,1.15,1.15,8
CCF,202607/202608,2026-06-18 23:05:00,1.15,1.15,1.15,1.15,2
CCF,202607/202608,2026-06-18 23:42:00,1.15,1.15,1.15,1.15,2
CCF,202607/202608,2026-06-18 23:44:00,1.15,1.15,1.15,1.15,2
CCF,202607/202608,2026-06-19 00:19:00,1.15,1.15,1.15,1.15,2
CCF,202607/202608,2026-06-19 00:25:00,1.15,1.15,1.15,1.15,2
CCF,202607/202608,2026-06-19 01:57:00,1.15,1.15,1.15,1.15,2
CCF,202607/202608,2026-06-19 02:00:00,1.15,1.15,1.15,1.15,2
CCF,202607/202609,2026-06-18 17:27:00,2.06,2.06,2.06,2.06,60
CCF,202607/202609,2026-06-18 17:35:00,2.09,2.1,2.09,2.1,64
CCF,202607/202609,2026-06-18 17:40:00,2.12,2.12,2.11,2.12,14
CCF,202607/202609,2026-06-18 17:41:00,2.12,2.12,2.12,2.12,2
CCF,202607/202609,2026-06-18 17:42:00,2.12,2.12,2.12,2.12,2
CCF,202607/202609,2026-06-18 17:46:00,2.12,2.12,2.12,2.12,26
CCF,202607/202609,2026-06-19 00:50:00,2.12,2.12,2.12,2.12,2
CCF,202607/202612,2026-06-18 17:34:00,3.33,3.33,3.33,3.33,6
CCF,202607/202612,2026-06-18 17:40:00,3.33,3.34,3.32,3.32,108
CCF,202607/202612,2026-06-18 17:41:00,3.32,3.32,3.32,3.32,6
CCF,202607/202612,2026-06-18 17:42:00,3.32,3.32,3.32,3.32,8
CCF,202607/202703,2026-06-18 17:25:00,4.51,4.51,4.51,4.51,60
CCF,202608,2026-06-18 18:20:00,154.0,154.0,154.0,154.0,1
CCF,202608,2026-06-18 18:26:00,154.0,154.0,154.0,154.0,1
CCF,202608,2026-06-18 18:34:00,154.0,154.0,154.0,154.0,1
CCF,202608,2026-06-18 18:43:00,154.0,154.0,154.0,154.0,2
CCF,202608,2026-06-18 19:01:00,154.0,154.0,154.0,154.0,1
CCF,202608,2026-06-18 19:39:00,154.0,154.0,154.0,154.0,3
CCF,202608,2026-06-18 19:42:00,154.5,154.5,154.5,154.5,1
CCF,202608,2026-06-18 19:45:00,154.5,154.5,154.5,154.5,1
CCF,202608,2026-06-18 20:11:00,154.0,154.0,154.0,154.0,1
CCF,202608,2026-06-18 20:18:00,154.5,154.5,154.5,154.5,1
CCF,202608,2026-06-18 20:32:00,155.0,155.0,155.0,155.0,1
CCF,202608,2026-06-18 20:46:00,155.5,156.0,155.5,156.0,2
CCF,202608,2026-06-18 20:48:00,156.0,156.0,156.0,156.0,1
CCF,202608,2026-06-18 20:52:00,155.0,155.0,155.0,155.0,1
CCF,202608,2026-06-18 20:54:00,155.5,155.5,155.5,155.5,2
CCF,202608,2026-06-18 21:02:00,156.0,156.0,156.0,156.0,1
CCF,202608,2026-06-18 21:08:00,155.5,155.5,155.5,155.5,1
CCF,202608,2026-06-18 21:11:00,155.0,155.0,155.0,155.0,1
CCF,202608,2026-06-18 21:30:00,154.0,154.0,153.5,153.5,3
CCF,202608,2026-06-18 21:34:00,153.5,153.5,153.5,153.5,2
CCF,202608,2026-06-18 21:37:00,153.5,153.5,153.5,153.5,1
CCF,202608,2026-06-18 21:40:00,153.5,153.5,153.5,153.5,2
CCF,202608,2026-06-18 21:42:00,154.5,154.5,154.5,154.5,1
CCF,202608,2026-06-18 21:44:00,154.0,154.0,154.0,154.0,1
CCF,202608,2026-06-18 21:45:00,154.0,154.0,154.0,154.0,1
CCF,202608,2026-06-18 21:54:00,154.5,154.5,154.5,154.5,2
CCF,202608,2026-06-18 21:55:00,154.0,154.0,154.0,154.0,2
CCF,202608,2026-06-18 22:06:00,154.0,154.0,154.0,154.0,1
CCF,202608,2026-06-18 22:27:00,154.5,154.5,154.5,154.5,1
CCF,202608,2026-06-18 22:33:00,154.0,154.0,154.0,154.0,1
CCF,202608,2026-06-18 22:52:00,154.5,154.5,154.5,154.5,3
CCF,202608,2026-06-18 22:54:00,155.0,155.0,155.0,155.0,1
CCF,202608,2026-06-18 22:58:00,155.5,155.5,155.5,155.5,1
CCF,202608,2026-06-18 23:01:00,155.5,155.5,155.5,155.5,2
CCF,202608,2026-06-18 23:02:00,155.5,155.5,155.5,155.5,1
CCF,202608,2026-06-18 23:03:00,155.0,155.0,155.0,155.0,2
CCF,202608,2026-06-18 23:04:00,155.0,155.0,155.0,155.0,1
CCF,202608,2026-06-18 23:09:00,155.5,155.5,155.5,155.5,2
CCF,202608,2026-06-18 23:11:00,155.5,155.5,155.5,155.5,1
CCF,202608,2026-06-18 23:12:00,155.5,155.5,155.5,155.5,3
CCF,202608,2026-06-18 23:15:00,155.5,155.5,155.5,155.5,1
CCF,202608,2026-06-18 23:19:00,155.0,155.0,155.0,155.0,3
CCF,202608,2026-06-18 23:22:00,155.0,155.0,155.0,155.0,1
CCF,202608,2026-06-18 23:23:00,155.0,155.0,155.0,155.0,1
CCF,202608,2026-06-18 23:29:00,155.0,155.0,155.0,155.0,2
CCF,202608,2026-06-18 23:32:00,155.0,155.0,155.0,155.0,1
CCF,202608,2026-06-18 23:33:00,154.5,154.5,154.5,154.5,3
CCF,202608,2026-06-18 23:35:00,154.5,154.5,154.5,154.5,2
CCF,202608,2026-06-18 23:38:00,154.5,154.5,154.5,154.5,3
CCF,202608,2026-06-18 23:39:00,154.0,154.0,154.0,154.0,4
CCF,202608,2026-06-18 23:40:00,154.5,154.5,154.5,154.5,1
CCF,202608,2026-06-18 23:41:00,154.5,154.5,154.5,154.5,1
CCF,202608,2026-06-18 23:44:00,154.5,154.5,154.5,154.5,2
CCF,202608,2026-06-18 23:47:00,154.5,154.5,154.5,154.5,1
CCF,202608,2026-06-19 00:00:00,155.0,155.0,155.0,155.0,1
CCF,202608,2026-06-19 00:05:00,155.0,155.0,155.0,155.0,2
CCF,202608,2026-06-19 00:06:00,155.0,155.0,155.0,155.0,1
CCF,202608,2026-06-19 00:07:00,155.0,155.0,155.0,155.0,1
CCF,202608,2026-06-19 00:08:00,155.0,155.0,155.0,155.0,1
CCF,202608,2026-06-19 00:09:00,155.0,155.0,155.0,155.0,1
CCF,202608,2026-06-19 00:11:00,155.5,155.5,155.5,155.5,1
CCF,202608,2026-06-19 00:16:00,155.0,155.0,155.0,155.0,3
CCF,202608,2026-06-19 00:21:00,155.0,155.0,155.0,155.0,1
CCF,202608,2026-06-19 00:25:00,155.0,155.0,155.0,155.0,2
CCF,202608,2026-06-19 00:28:00,155.0,155.0,155.0,155.0,1
CCF,202608,2026-06-19 00:30:00,155.5,155.5,155.5,155.5,3
CCF,202608,2026-06-19 00:31:00,155.5,155.5,155.5,155.5,3
CCF,202608,2026-06-19 00:32:00,155.5,155.5,155.5,155.5,1
CCF,202608,2026-06-19 00:33:00,155.5,155.5,155.5,155.5,2
CCF,202608,2026-06-19 00:36:00,155.5,155.5,155.5,155.5,2
CCF,202608,2026-06-19 00:37:00,155.5,155.5,155.5,155.5,1
CCF,202608,2026-06-19 00:49:00,155.0,155.0,155.0,155.0,1
CCF,202608,2026-06-19 01:13:00,156.0,156.0,156.0,156.0,1
CCF,202608,2026-06-19 01:19:00,156.5,156.5,156.5,156.5,1
CCF,202608,2026-06-19 01:36:00,156.5,156.5,156.5,156.5,1
CCF,202608,2026-06-19 02:12:00,156.0,156.0,156.0,156.0,1
CCF,202608,2026-06-19 02:41:00,155.5,155.5,155.5,155.5,1
CCF,202608,2026-06-19 02:42:00,155.5,155.5,155.5,155.5,1
CCF,202608,2026-06-19 03:37:00,156.5,156.5,156.5,156.5,1
CCF,202608,2026-06-19 03:45:00,157.0,157.0,157.0,157.0,1
CCF,202608,2026-06-19 03:58:00,158.0,158.0,158.0,158.0,1
CCF,202608,2026-06-19 03:59:00,158.0,158.0,158.0,158.0,1
CCF,202608,2026-06-19 04:48:00,158.0,158.0,158.0,158.0,1
CCF,202608,2026-06-19 04:50:00,158.0,158.0,158.0,158.0,1
CCF,202608,2026-06-19 04:51:00,158.0,158.0,158.0,158.0,1
CCF,202609,2026-06-18 17:29:00,155.5,156.0,155.5,156.0,16
CCF,202609,2026-06-18 17:30:00,155.5,155.5,155.5,155.5,8
CCF,202609,2026-06-18 17:32:00,155.5,155.5,155.5,155.5,6
CCF,202609,2026-06-18 17:33:00,155.5,155.5,155.5,155.5,4
CCF,202609,2026-06-18 17:35:00,155.5,155.5,155.5,155.5,6
CCF,202609,2026-06-18 17:36:00,155.5,155.5,155.0,155.0,5
CCF,202609,2026-06-18 17:37:00,155.0,155.0,155.0,155.0,7
CCF,202609,2026-06-18 17:39:00,155.5,155.5,155.5,155.5,5
CCF,202609,2026-06-18 17:40:00,155.5,155.5,155.5,155.5,1
CCF,202609,2026-06-18 17:45:00,155.0,155.0,155.0,155.0,2
CCF,202609,2026-06-18 17:46:00,155.0,155.0,155.0,155.0,3
CCF,202609,2026-06-18 17:50:00,155.5,155.5,155.5,155.5,1
CCF,202609,2026-06-18 20:18:00,155.5,155.5,155.5,155.5,1
CCF,202609,2026-06-18 21:30:00,155.0,155.0,155.0,155.0,1
CCF,202609,2026-06-19 00:39:00,156.5,156.5,156.5,156.5,1
CCF,202609,2026-06-19 04:02:00,159.0,159.0,159.0,159.0,1
CCF,202612,2026-06-18 17:41:00,156.5,156.5,156.5,156.5,4
CCF,202612,2026-06-18 17:43:00,156.5,156.5,156.5,156.5,1
CCF,202612,2026-06-18 21:55:00,156.0,156.0,156.0,156.0,1
CDF,202607,2026-06-18 17:25:00,2445.0,2445.0,2440.0,2445.0,9
CDF,202607,2026-06-18 17:28:00,2445.0,2445.0,2445.0,2445.0,1
CDF,202607,2026-06-18 17:29:00,2445.0,2445.0,2445.0,2445.0,3
CDF,202607,2026-06-18 17:31:00,2445.0,2445.0,2445.0,2445.0,1
CDF,202607,2026-06-18 17:34:00,2445.0,2445.0,2445.0,2445.0,2
CDF,202607,2026-06-18 17:37:00,2445.0,2445.0,2445.0,2445.0,1
CDF,202607,2026-06-18 17:39:00,2445.0,2445.0,2445.0,2445.0,1
CDF,202607,2026-06-18 17:40:00,2445.0,2445.0,2445.0,2445.0,3
CDF,202607,2026-06-18 17:41:00,2445.0,2445.0,2445.0,2445.0,1
CDF,202607,2026-06-18 17:44:00,2445.0,2445.0,2445.0,2445.0,1
CDF,202607,2026-06-18 17:48:00,2445.0,2445.0,2445.0,2445.0,1
CDF,202607,2026-06-18 17:50:00,2445.0,2445.0,2445.0,2445.0,3
CDF,202607,2026-06-18 17:51:00,2445.0,2445.0,2445.0,2445.0,17
CDF,202607,2026-06-18 17:54:00,2445.0,2445.0,2445.0,2445.0,1
CDF,202607,2026-06-18 17:56:00,2450.0,2450.0,2450.0,2450.0,10
CDF,202607,2026-06-18 17:57:00,2450.0,2450.0,2450.0,2450.0,1
CDF,202607,2026-06-18 18:00:00,2450.0,2450.0,2450.0,2450.0,1
CDF,202607,2026-06-18 18:01:00,2450.0,2450.0,2450.0,2450.0,2
CDF,202607,2026-06-18 18:04:00,2445.0,2445.0,2445.0,2445.0,2
CDF,202607,2026-06-18 18:10:00,2445.0,2445.0,2445.0,2445.0,3
CDF,202607,2026-06-18 18:11:00,2445.0,2445.0,2445.0,2445.0,2
CDF,202607,2026-06-18 18:24:00,2445.0,2445.0,2445.0,2445.0,2
CDF,202607,2026-06-18 18:31:00,2450.0,2450.0,2450.0,2450.0,5
CDF,202607,2026-06-18 18:36:00,2445.0,2445.0,2445.0,2445.0,66
CDF,202607,2026-06-18 18:37:00,2445.0,2445.0,2445.0,2445.0,23
CDF,202607,2026-06-18 18:39:00,2445.0,2445.0,2445.0,2445.0,1
CDF,202607,2026-06-18 18:40:00,2440.0,2440.0,2440.0,2440.0,1
CDF,202607,2026-06-18 18:52:00,2445.0,2445.0,2445.0,2445.0,4
CDF,202607,2026-06-18 18:53:00,2445.0,2445.0,2445.0,2445.0,2
CDF,202607,2026-06-18 18:57:00,2445.0,2445.0,2445.0,2445.0,2
CDF,202607,2026-06-18 18:58:00,2445.0,2445.0,2445.0,2445.0,5
CDF,202607,2026-06-18 18:59:00,2445.0,2445.0,2445.0,2445.0,4
CDF,202607,2026-06-18 19:00:00,2440.0,2440.0,2440.0,2440.0,3
CDF,202607,2026-06-18 19:07:00,2440.0,2440.0,2440.0,2440.0,5
CDF,202607,2026-06-18 19:08:00,2440.0,2440.0,2440.0,2440.0,2
CDF,202607,2026-06-18 19:09:00,2440.0,2440.0,2440.0,2440.0,61
CDF,202607,2026-06-18 19:10:00,2440.0,2440.0,2440.0,2440.0,3
CDF,202607,2026-06-18 19:11:00,2435.0,2435.0,2435.0,2435.0,5
CDF,202607,2026-06-18 19:20:00,2440.0,2440.0,2440.0,2440.0,1
CDF,202607,2026-06-18 19:22:00,2440.0,2440.0,2440.0,2440.0,2
CDF,202607,2026-06-18 19:25:00,2440.0,2440.0,2440.0,2440.0,11
CDF,202607,2026-06-18 19:27:00,2440.0,2440.0,2440.0,2440.0,7
CDF,202607,2026-06-18 19:28:00,2440.0,2440.0,2440.0,2440.0,1
CDF,202607,2026-06-18 19:31:00,2440.0,2440.0,2440.0,2440.0,5
CDF,202607,2026-06-18 19:36:00,2440.0,2440.0,2440.0,2440.0,2
CDF,202607,2026-06-18 19:38:00,2440.0,2440.0,2440.0,2440.0,10
CDF,202607,2026-06-18 19:44:00,2440.0,2440.0,2440.0,2440.0,5
CDF,202607,2026-06-18 19:48:00,2440.0,2440.0,2440.0,2440.0,1
CDF,202607,2026-06-18 19:50:00,2440.0,2440.0,2440.0,2440.0,1
CDF,202607,2026-06-18 19:51:00,2440.0,2440.0,2440.0,2440.0,4
CDF,202607,2026-06-18 19:53:00,2440.0,2440.0,2440.0,2440.0,1
CDF,202607,2026-06-18 20:00:00,2440.0,2440.0,2440.0,2440.0,1
CDF,202607,2026-06-18 20:19:00,2440.0,2440.0,2440.0,2440.0,5
CDF,202607,2026-06-18 20:30:00,2445.0,2445.0,2445.0,2445.0,58
CDF,202607,2026-06-18 20:32:00,2445.0,2445.0,2445.0,2445.0,2
CDF,202607,2026-06-18 20:33:00,2445.0,2445.0,2445.0,2445.0,4
CDF,202607,2026-06-18 20:34:00,2445.0,2445.0,2445.0,2445.0,2
CDF,202607,2026-06-18 20:37:00,2445.0,2445.0,2445.0,2445.0,1
CDF,202607,2026-06-18 20:38:00,2445.0,2445.0,2445.0,2445.0,1
CDF,202607,2026-06-18 20:39:00,2445.0,2445.0,2445.0,2445.0,1
CDF,202607,2026-06-18 20:44:00,2445.0,2445.0,2445.0,2445.0,5
CDF,202607,2026-06-18 20:45:00,2445.0,2445.0,2445.0,2445.0,1
CDF,202607,2026-06-18 20:46:00,2445.0,2445.0,2445.0,2445.0,1
CDF,202607,2026-06-18 20:51:00,2445.0,2445.0,2445.0,2445.0,11
CDF,202607,2026-06-18 20:53:00,2445.0,2445.0,2445.0,2445.0,5
CDF,202607,2026-06-18 20:54:00,2445.0,2445.0,2445.0,2445.0,1
CDF,202607,2026-06-18 20:55:00,2445.0,2445.0,2445.0,2445.0,1
CDF,202607,2026-06-18 21:08:00,2445.0,2445.0,2445.0,2445.0,5
CDF,202607,2026-06-18 21:15:00,2450.0,2450.0,2450.0,2450.0,1
CDF,202607,2026-06-18 21:16:00,2445.0,2445.0,2445.0,2445.0,2
CDF,202607,2026-06-18 21:20:00,2450.0,2450.0,2450.0,2450.0,1
CDF,202607,2026-06-18 21:21:00,2450.0,2455.0,2450.0,2450.0,56
CDF,202607,2026-06-18 21:22:00,2450.0,2450.0,2450.0,2450.0,3
CDF,202607,2026-06-18 21:23:00,2450.0,2450.0,2450.0,2450.0,3
CDF,202607,2026-06-18 21:24:00,2450.0,2450.0,2450.0,2450.0,1
CDF,202607,2026-06-18 21:28:00,2450.0,2450.0,2450.0,2450.0,9
CDF,202607,2026-06-18 21:30:00,2455.0,2460.0,2455.0,2460.0,40
CDF,202607,2026-06-18 21:31:00,2460.0,2460.0,2460.0,2460.0,1
CDF,202607,2026-06-18 21:32:00,2455.0,2460.0,2455.0,2460.0,52
CDF,202607,2026-06-18 21:33:00,2465.0,2465.0,2465.0,2465.0,11
CDF,202607,2026-06-18 21:34:00,2460.0,2460.0,2460.0,2460.0,41
CDF,202607,2026-06-18 21:35:00,2460.0,2460.0,2460.0,2460.0,4
CDF,202607,2026-06-18 21:36:00,2460.0,2460.0,2460.0,2460.0,1
CDF,202607,2026-06-18 21:37:00,2460.0,2465.0,2460.0,2465.0,31
CDF,202607,2026-06-18 21:38:00,2465.0,2465.0,2465.0,2465.0,26
CDF,202607,2026-06-18 21:39:00,2465.0,2465.0,2465.0,2465.0,13
CDF,202607,2026-06-18 21:40:00,2465.0,2465.0,2465.0,2465.0,7
CDF,202607,2026-06-18 21:41:00,2465.0,2465.0,2465.0,2465.0,22
CDF,202607,2026-06-18 21:42:00,2465.0,2470.0,2465.0,2470.0,65
CDF,202607,2026-06-18 21:43:00,2470.0,2470.0,2470.0,2470.0,9
CDF,202607,2026-06-18 21:45:00,2470.0,2470.0,2470.0,2470.0,24
CDF,202607,2026-06-18 21:46:00,2470.0,2470.0,2470.0,2470.0,6
CDF,202607,2026-06-18 21:47:00,2470.0,2475.0,2470.0,2475.0,22
CDF,202607,2026-06-18 21:48:00,2470.0,2470.0,2470.0,2470.0,15
CDF,202607,2026-06-18 21:49:00,2470.0,2470.0,2465.0,2470.0,6
CDF,202607,2026-06-18 21:50:00,2470.0,2470.0,2470.0,2470.0,10
CDF,202607,2026-06-18 21:51:00,2470.0,2475.0,2470.0,2475.0,4
CDF,202607,2026-06-18 21:54:00,2475.0,2475.0,2470.0,2470.0,13
CDF,202607,2026-06-18 21:55:00,2470.0,2470.0,2470.0,2470.0,11
CDF,202607,2026-06-18 21:56:00,2470.0,2470.0,2470.0,2470.0,5
CDF,202607,2026-06-18 21:57:00,2470.0,2470.0,2470.0,2470.0,15
CDF,202607,2026-06-18 21:58:00,2470.0,2470.0,2470.0,2470.0,2
CDF,202607,2026-06-18 21:59:00,2465.0,2470.0,2465.0,2470.0,24
CDF,202607,2026-06-18 22:00:00,2470.0,2470.0,2470.0,2470.0,6
CDF,202607,2026-06-18 22:02:00,2470.0,2470.0,2470.0,2470.0,3
CDF,202607,2026-06-18 22:03:00,2470.0,2470.0,2470.0,2470.0,91
CDF,202607,2026-06-18 22:04:00,2470.0,2475.0,2470.0,2475.0,8
CDF,202607,2026-06-18 22:05:00,2470.0,2470.0,2470.0,2470.0,13
CDF,202607,2026-06-18 22:06:00,2470.0,2470.0,2470.0,2470.0,7
CDF,202607,2026-06-18 22:08:00,2470.0,2470.0,2470.0,2470.0,11
CDF,202607,2026-06-18 22:10:00,2475.0,2475.0,2475.0,2475.0,2
CDF,202607,2026-06-18 22:11:00,2470.0,2475.0,2470.0,2470.0,14
CDF,202607,2026-06-18 22:13:00,2470.0,2470.0,2470.0,2470.0,9
CDF,202607,2026-06-18 22:14:00,2470.0,2470.0,2470.0,2470.0,12
CDF,202607,2026-06-18 22:16:00,2470.0,2470.0,2470.0,2470.0,14
CDF,202607,2026-06-18 22:23:00,2475.0,2475.0,2475.0,2475.0,55
CDF,202607,2026-06-18 22:24:00,2475.0,2475.0,2475.0,2475.0,20
CDF,202607,2026-06-18 22:25:00,2475.0,2475.0,2475.0,2475.0,3
CDF,202607,2026-06-18 22:26:00,2475.0,2480.0,2475.0,2475.0,25
CDF,202607,2026-06-18 22:27:00,2475.0,2475.0,2475.0,2475.0,23
CDF,202607,2026-06-18 22:32:00,2470.0,2470.0,2470.0,2470.0,2
CDF,202607,2026-06-18 22:33:00,2470.0,2470.0,2470.0,2470.0,3
CDF,202607,2026-06-18 22:34:00,2470.0,2470.0,2470.0,2470.0,9
CDF,202607,2026-06-18 22:36:00,2475.0,2475.0,2470.0,2475.0,32
CDF,202607,2026-06-18 22:37:00,2475.0,2475.0,2475.0,2475.0,2
CDF,202607,2026-06-18 22:38:00,2475.0,2475.0,2475.0,2475.0,1
CDF,202607,2026-06-18 22:39:00,2475.0,2475.0,2475.0,2475.0,1
CDF,202607,2026-06-18 22:40:00,2475.0,2475.0,2475.0,2475.0,5
CDF,202607,2026-06-18 22:43:00,2475.0,2475.0,2475.0,2475.0,3
CDF,202607,2026-06-18 22:44:00,2475.0,2475.0,2475.0,2475.0,18
CDF,202607,2026-06-18 22:45:00,2475.0,2475.0,2475.0,2475.0,10
CDF,202607,2026-06-18 22:49:00,2480.0,2480.0,2480.0,2480.0,3
CDF,202607,2026-06-18 22:50:00,2480.0,2480.0,2480.0,2480.0,6
CDF,202607,2026-06-18 22:51:00,2480.0,2480.0,2480.0,2480.0,5
CDF,202607,2026-06-18 22:52:00,2480.0,2480.0,2480.0,2480.0,11
CDF,202607,2026-06-18 22:53:00,2480.0,2480.0,2480.0,2480.0,20
CDF,202607,2026-06-18 22:58:00,2480.0,2480.0,2480.0,2480.0,10
CDF,202607,2026-06-18 22:59:00,2480.0,2480.0,2480.0,2480.0,1
CDF,202607,2026-06-18 23:02:00,2475.0,2480.0,2475.0,2475.0,57
CDF,202607,2026-06-18 23:03:00,2475.0,2475.0,2475.0,2475.0,4
CDF,202607,2026-06-18 23:05:00,2475.0,2475.0,2475.0,2475.0,4
CDF,202607,2026-06-18 23:09:00,2475.0,2480.0,2475.0,2480.0,32
CDF,202607,2026-06-18 23:11:00,2480.0,2480.0,2480.0,2480.0,1
CDF,202607,2026-06-18 23:14:00,2480.0,2480.0,2480.0,2480.0,1
CDF,202607,2026-06-18 23:15:00,2480.0,2480.0,2480.0,2480.0,1
CDF,202607,2026-06-18 23:20:00,2480.0,2480.0,2480.0,2480.0,1
CDF,202607,2026-06-18 23:21:00,2480.0,2480.0,2480.0,2480.0,2
CDF,202607,2026-06-18 23:23:00,2475.0,2475.0,2475.0,2475.0,1
CDF,202607,2026-06-18 23:25:00,2480.0,2480.0,2480.0,2480.0,1
CDF,202607,2026-06-18 23:28:00,2475.0,2475.0,2475.0,2475.0,44
CDF,202607,2026-06-18 23:29:00,2475.0,2475.0,2475.0,2475.0,5
CDF,202607,2026-06-18 23:30:00,2475.0,2475.0,2475.0,2475.0,1
CDF,202607,2026-06-18 23:31:00,2475.0,2475.0,2475.0,2475.0,10
CDF,202607,2026-06-18 23:32:00,2475.0,2475.0,2475.0,2475.0,1
CDF,202607,2026-06-18 23:33:00,2475.0,2475.0,2475.0,2475.0,10
CDF,202607,2026-06-18 23:34:00,2475.0,2475.0,2475.0,2475.0,1
CDF,202607,2026-06-18 23:36:00,2470.0,2470.0,2470.0,2470.0,1
CDF,202607,2026-06-18 23:41:00,2475.0,2475.0,2475.0,2475.0,11
CDF,202607,2026-06-18 23:42:00,2475.0,2475.0,2475.0,2475.0,5
CDF,202607,2026-06-18 23:44:00,2475.0,2475.0,2475.0,2475.0,21
CDF,202607,2026-06-18 23:46:00,2475.0,2475.0,2475.0,2475.0,23
CDF,202607,2026-06-18 23:47:00,2475.0,2475.0,2475.0,2475.0,1
CDF,202607,2026-06-18 23:53:00,2480.0,2480.0,2480.0,2480.0,2
CDF,202607,2026-06-18 23:56:00,2475.0,2475.0,2475.0,2475.0,5
CDF,202607,2026-06-18 23:57:00,2480.0,2480.0,2480.0,2480.0,4
CDF,202607,2026-06-18 23:58:00,2480.0,2480.0,2480.0,2480.0,4
CDF,202607,2026-06-18 23:59:00,2480.0,2480.0,2480.0,2480.0,1
CDF,202607,2026-06-19 00:00:00,2480.0,2480.0,2480.0,2480.0,35
CDF,202607,2026-06-19 00:01:00,2480.0,2480.0,2480.0,2480.0,2
CDF,202607,2026-06-19 00:02:00,2480.0,2480.0,2480.0,2480.0,1
CDF,202607,2026-06-19 00:06:00,2480.0,2480.0,2480.0,2480.0,1
CDF,202607,2026-06-19 00:09:00,2480.0,2480.0,2480.0,2480.0,3
CDF,202607,2026-06-19 00:10:00,2480.0,2480.0,2480.0,2480.0,34
CDF,202607,2026-06-19 00:12:00,2485.0,2485.0,2485.0,2485.0,1
CDF,202607,2026-06-19 00:14:00,2480.0,2480.0,2480.0,2480.0,19
CDF,202607,2026-06-19 00:15:00,2480.0,2480.0,2480.0,2480.0,7
CDF,202607,2026-06-19 00:16:00,2480.0,2480.0,2480.0,2480.0,5
CDF,202607,2026-06-19 00:17:00,2480.0,2480.0,2480.0,2480.0,1
CDF,202607,2026-06-19 00:18:00,2480.0,2480.0,2480.0,2480.0,1
CDF,202607,2026-06-19 00:19:00,2480.0,2480.0,2480.0,2480.0,6
CDF,202607,2026-06-19 00:22:00,2485.0,2485.0,2485.0,2485.0,1
CDF,202607,2026-06-19 00:23:00,2480.0,2480.0,2480.0,2480.0,1
CDF,202607,2026-06-19 00:24:00,2485.0,2485.0,2485.0,2485.0,5
CDF,202607,2026-06-19 00:25:00,2485.0,2485.0,2485.0,2485.0,1
CDF,202607,2026-06-19 00:28:00,2485.0,2485.0,2485.0,2485.0,5
CDF,202607,2026-06-19 00:29:00,2485.0,2485.0,2485.0,2485.0,6
CDF,202607,2026-06-19 00:33:00,2485.0,2485.0,2485.0,2485.0,52
CDF,202607,2026-06-19 00:38:00,2485.0,2485.0,2485.0,2485.0,10
CDF,202607,2026-06-19 00:39:00,2485.0,2485.0,2485.0,2485.0,3
CDF,202607,2026-06-19 00:41:00,2485.0,2485.0,2485.0,2485.0,2
CDF,202607,2026-06-19 00:42:00,2485.0,2485.0,2485.0,2485.0,1
CDF,202607,2026-06-19 00:52:00,2480.0,2480.0,2480.0,2480.0,15
CDF,202607,2026-06-19 00:59:00,2485.0,2485.0,2485.0,2485.0,1
CDF,202607,2026-06-19 01:00:00,2485.0,2485.0,2480.0,2480.0,3
CDF,202607,2026-06-19 01:05:00,2485.0,2490.0,2485.0,2490.0,40
CDF,202607,2026-06-19 01:07:00,2490.0,2490.0,2490.0,2490.0,1
CDF,202607,2026-06-19 01:09:00,2490.0,2490.0,2490.0,2490.0,10
CDF,202607,2026-06-19 01:13:00,2490.0,2490.0,2490.0,2490.0,1
CDF,202607,2026-06-19 01:14:00,2490.0,2490.0,2490.0,2490.0,1
CDF,202607,2026-06-19 01:16:00,2490.0,2490.0,2490.0,2490.0,28
CDF,202607,2026-06-19 01:18:00,2495.0,2495.0,2495.0,2495.0,1
CDF,202607,2026-06-19 01:21:00,2495.0,2495.0,2495.0,2495.0,6
CDF,202607,2026-06-19 01:26:00,2495.0,2495.0,2495.0,2495.0,1
CDF,202607,2026-06-19 01:27:00,2495.0,2495.0,2495.0,2495.0,25
CDF,202607,2026-06-19 01:28:00,2495.0,2495.0,2495.0,2495.0,5
CDF,202607,2026-06-19 01:29:00,2495.0,2495.0,2495.0,2495.0,1
CDF,202607,2026-06-19 01:30:00,2495.0,2495.0,2495.0,2495.0,21
CDF,202607,2026-06-19 01:31:00,2495.0,2495.0,2495.0,2495.0,1
CDF,202607,2026-06-19 01:32:00,2495.0,2495.0,2495.0,2495.0,9
CDF,202607,2026-06-19 01:33:00,2495.0,2495.0,2495.0,2495.0,14
CDF,202607,2026-06-19 01:34:00,2495.0,2495.0,2495.0,2495.0,4
CDF,202607,2026-06-19 01:40:00,2495.0,2495.0,2495.0,2495.0,11
CDF,202607,2026-06-19 01:41:00,2495.0,2495.0,2495.0,2495.0,2
CDF,202607,2026-06-19 01:42:00,2500.0,2500.0,2495.0,2500.0,3
CDF,202607,2026-06-19 01:43:00,2495.0,2495.0,2495.0,2495.0,6
CDF,202607,2026-06-19 01:44:00,2495.0,2495.0,2495.0,2495.0,5
CDF,202607,2026-06-19 01:46:00,2495.0,2495.0,2495.0,2495.0,2
CDF,202607,2026-06-19 01:55:00,2500.0,2500.0,2500.0,2500.0,1
CDF,202607,2026-06-19 01:59:00,2495.0,2495.0,2495.0,2495.0,4
CDF,202607,2026-06-19 02:03:00,2495.0,2495.0,2495.0,2495.0,2
CDF,202607,2026-06-19 02:04:00,2495.0,2495.0,2495.0,2495.0,4
CDF,202607,2026-06-19 02:05:00,2495.0,2500.0,2495.0,2500.0,3
CDF,202607,2026-06-19 02:19:00,2500.0,2500.0,2500.0,2500.0,33
CDF,202607,2026-06-19 02:20:00,2500.0,2500.0,2500.0,2500.0,1
CDF,202607,2026-06-19 02:22:00,2500.0,2500.0,2500.0,2500.0,34
CDF,202607,2026-06-19 02:23:00,2500.0,2500.0,2500.0,2500.0,4
CDF,202607,2026-06-19 02:24:00,2495.0,2495.0,2495.0,2495.0,2
CDF,202607,2026-06-19 02:32:00,2495.0,2495.0,2495.0,2495.0,37
CDF,202607,2026-06-19 02:38:00,2500.0,2500.0,2500.0,2500.0,1
CDF,202607,2026-06-19 02:41:00,2500.0,2500.0,2500.0,2500.0,1
CDF,202607,2026-06-19 02:42:00,2500.0,2500.0,2500.0,2500.0,2
CDF,202607,2026-06-19 02:46:00,2500.0,2500.0,2500.0,2500.0,1
CDF,202607,2026-06-19 02:49:00,2500.0,2500.0,2500.0,2500.0,7
CDF,202607,2026-06-19 02:50:00,2500.0,2500.0,2500.0,2500.0,2
CDF,202607,2026-06-19 02:52:00,2500.0,2500.0,2500.0,2500.0,7
CDF,202607,2026-06-19 02:53:00,2500.0,2500.0,2500.0,2500.0,1
CDF,202607,2026-06-19 02:55:00,2500.0,2500.0,2500.0,2500.0,4
CDF,202607,2026-06-19 03:01:00,2500.0,2500.0,2500.0,2500.0,4
CDF,202607,2026-06-19 03:02:00,2500.0,2500.0,2500.0,2500.0,3
CDF,202607,2026-06-19 03:09:00,2500.0,2500.0,2500.0,2500.0,3
CDF,202607,2026-06-19 03:10:00,2500.0,2500.0,2500.0,2500.0,3
CDF,202607,2026-06-19 03:15:00,2500.0,2500.0,2500.0,2500.0,13
CDF,202607,2026-06-19 03:17:00,2500.0,2500.0,2500.0,2500.0,14
CDF,202607,2026-06-19 03:18:00,2500.0,2500.0,2500.0,2500.0,7
CDF,202607,2026-06-19 03:20:00,2500.0,2500.0,2500.0,2500.0,9
CDF,202607,2026-06-19 03:22:00,2500.0,2500.0,2500.0,2500.0,1
CDF,202607,2026-06-19 03:23:00,2500.0,2500.0,2500.0,2500.0,3
CDF,202607,2026-06-19 03:26:00,2495.0,2495.0,2495.0,2495.0,1
CDF,202607,2026-06-19 03:31:00,2500.0,2500.0,2500.0,2500.0,1
CDF,202607,2026-06-19 03:32:00,2500.0,2500.0,2500.0,2500.0,4
CDF,202607,2026-06-19 03:33:00,2500.0,2500.0,2500.0,2500.0,13
CDF,202607,2026-06-19 03:34:00,2500.0,2500.0,2500.0,2500.0,1
CDF,202607,2026-06-19 03:35:00,2500.0,2500.0,2500.0,2500.0,5
CDF,202607,2026-06-19 03:38:00,2500.0,2500.0,2500.0,2500.0,2
CDF,202607,2026-06-19 03:39:00,2500.0,2500.0,2500.0,2500.0,9
CDF,202607,2026-06-19 03:41:00,2505.0,2505.0,2505.0,2505.0,1
CDF,202607,2026-06-19 03:47:00,2505.0,2505.0,2505.0,2505.0,7
CDF,202607,2026-06-19 03:50:00,2505.0,2505.0,2505.0,2505.0,11
CDF,202607,2026-06-19 03:51:00,2505.0,2505.0,2505.0,2505.0,52
CDF,202607,2026-06-19 03:54:00,2505.0,2505.0,2505.0,2505.0,10
CDF,202607,2026-06-19 03:58:00,2505.0,2505.0,2505.0,2505.0,1
CDF,202607,2026-06-19 03:59:00,2505.0,2505.0,2505.0,2505.0,2
CDF,202607,2026-06-19 04:00:00,2500.0,2500.0,2500.0,2500.0,1
CDF,202607,2026-06-19 04:12:00,2505.0,2505.0,2505.0,2505.0,1
CDF,202607,2026-06-19 04:18:00,2505.0,2505.0,2505.0,2505.0,1
CDF,202607,2026-06-19 04:26:00,2505.0,2505.0,2505.0,2505.0,1
CDF,202607,2026-06-19 04:28:00,2505.0,2505.0,2505.0,2505.0,10
CDF,202607,2026-06-19 04:31:00,2505.0,2505.0,2505.0,2505.0,10
CDF,202607,2026-06-19 04:36:00,2505.0,2505.0,2505.0,2505.0,1
CDF,202607,2026-06-19 04:37:00,2505.0,2505.0,2505.0,2505.0,1
CDF,202607,2026-06-19 04:38:00,2505.0,2505.0,2505.0,2505.0,1
CDF,202607,2026-06-19 04:51:00,2505.0,2505.0,2505.0,2505.0,20
CDF,202607,2026-06-19 04:54:00,2505.0,2505.0,2505.0,2505.0,2
CDF,202607,2026-06-19 04:55:00,2505.0,2505.0,2505.0,2505.0,1
CDF,202607,2026-06-19 04:57:00,2505.0,2505.0,2505.0,2505.0,1
CDF,202607,2026-06-19 04:59:00,2500.0,2500.0,2500.0,2500.0,1
CDF,202607/202608,2026-06-18 17:30:00,20.0,20.0,20.0,20.0,2
CDF,202607/202608,2026-06-18 17:48:00,20.0,20.0,20.0,20.0,2
CDF,202607/202608,2026-06-18 17:49:00,20.0,20.0,20.0,20.0,4
CDF,202607/202608,2026-06-18 17:51:00,19.99,19.99,19.99,19.99,2
CDF,202607/202608,2026-06-18 17:58:00,19.99,19.99,19.99,19.99,2
CDF,202607/202608,2026-06-18 18:04:00,20.0,20.0,20.0,20.0,4
CDF,202607/202608,2026-06-18 18:20:00,20.0,20.0,20.0,20.0,2
CDF,202607/202608,2026-06-18 18:21:00,20.01,20.01,20.01,20.01,60
CDF,202607/202608,2026-06-18 18:39:00,20.01,20.01,20.01,20.01,8
CDF,202607/202608,2026-06-18 18:46:00,20.01,20.01,20.01,20.01,2
CDF,202607/202608,2026-06-18 19:10:00,20.01,20.01,20.01,20.01,8
CDF,202607/202608,2026-06-18 19:24:00,20.01,20.01,20.01,20.01,4
CDF,202607/202608,2026-06-18 19:26:00,20.01,20.01,20.01,20.01,2
CDF,202607/202608,2026-06-18 20:00:00,20.01,20.01,20.01,20.01,2
CDF,202607/202608,2026-06-18 20:32:00,19.99,19.99,19.99,19.99,4
CDF,202607/202608,2026-06-18 20:48:00,20.01,20.01,20.01,20.01,14
CDF,202607/202608,2026-06-18 20:51:00,20.31,20.31,20.31,20.31,10
CDF,202607/202608,2026-06-18 21:07:00,20.31,20.31,20.31,20.31,10
CDF,202607/202608,2026-06-18 21:22:00,20.3,20.3,20.3,20.3,2
CDF,202607/202608,2026-06-18 21:35:00,20.31,20.31,20.31,20.31,2
CDF,202607/202608,2026-06-18 21:39:00,20.31,20.31,20.31,20.31,2
CDF,202607/202608,2026-06-18 21:41:00,20.31,20.31,20.31,20.31,4
CDF,202607/202608,2026-06-18 21:42:00,20.31,20.31,20.31,20.31,8
CDF,202607/202608,2026-06-18 21:43:00,20.31,20.31,20.31,20.31,2
CDF,202607/202608,2026-06-18 21:44:00,20.31,20.31,20.31,20.31,2
CDF,202607/202608,2026-06-18 21:55:00,20.51,20.51,20.51,20.51,4
CDF,202607/202608,2026-06-18 21:56:00,20.51,20.51,20.51,20.51,2
CDF,202607/202608,2026-06-18 21:57:00,20.51,20.51,20.51,20.51,2
CDF,202607/202608,2026-06-18 21:58:00,20.51,20.51,20.51,20.51,2
CDF,202607/202608,2026-06-18 22:03:00,20.51,20.51,20.51,20.51,2
CDF,202607/202608,2026-06-18 22:05:00,20.51,20.51,20.51,20.51,2
CDF,202607/202608,2026-06-18 22:07:00,20.51,20.51,20.51,20.51,2
CDF,202607/202608,2026-06-18 22:10:00,20.51,20.51,20.51,20.51,2
CDF,202607/202608,2026-06-18 22:11:00,20.51,20.51,20.51,20.51,2
CDF,202607/202608,2026-06-18 22:12:00,20.51,20.51,20.51,20.51,2
CDF,202607/202608,2026-06-18 22:14:00,20.51,20.51,20.51,20.51,2
CDF,202607/202608,2026-06-18 22:15:00,20.51,20.51,20.51,20.51,2
CDF,202607/202608,2026-06-18 22:25:00,20.51,20.51,20.51,20.51,4
CDF,202607/202608,2026-06-18 22:26:00,20.51,20.51,20.51,20.51,4
CDF,202607/202608,2026-06-18 22:27:00,20.5,20.5,20.5,20.5,12
CDF,202607/202608,2026-06-18 22:28:00,20.51,20.51,20.51,20.51,2
CDF,202607/202608,2026-06-18 22:29:00,20.51,20.51,20.51,20.51,4
CDF,202607/202608,2026-06-18 22:33:00,20.51,20.51,20.51,20.51,2
CDF,202607/202608,2026-06-18 22:36:00,20.5,20.5,20.5,20.5,4
CDF,202607/202608,2026-06-18 22:37:00,20.5,20.5,20.5,20.5,2
CDF,202607/202608,2026-06-18 22:44:00,20.5,20.5,20.5,20.5,4
CDF,202607/202608,2026-06-18 22:46:00,20.51,20.51,20.51,20.51,2
CDF,202607/202608,2026-06-18 22:50:00,20.51,20.51,20.51,20.51,4
CDF,202607/202608,2026-06-18 22:51:00,20.51,20.51,20.51,20.51,4
CDF,202607/202608,2026-06-18 22:54:00,20.51,20.51,20.51,20.51,4
CDF,202607/202608,2026-06-18 22:59:00,20.51,20.51,20.51,20.51,4
CDF,202607/202608,2026-06-18 23:05:00,20.5,20.5,20.5,20.5,2
CDF,202607/202608,2026-06-18 23:11:00,20.51,20.51,20.51,20.51,2
CDF,202607/202608,2026-06-18 23:13:00,20.51,20.51,20.51,20.51,8
CDF,202607/202608,2026-06-18 23:14:00,20.51,20.51,20.51,20.51,4
CDF,202607/202608,2026-06-18 23:21:00,20.5,20.5,20.5,20.5,2
CDF,202607/202608,2026-06-18 23:23:00,20.51,20.51,20.51,20.51,4
CDF,202607/202608,2026-06-18 23:29:00,20.51,20.51,20.5,20.5,4
CDF,202607/202608,2026-06-18 23:34:00,20.51,20.51,20.51,20.51,2
CDF,202607/202608,2026-06-19 01:29:00,20.5,20.5,20.5,20.5,2
CDF,202607/202608,2026-06-19 02:01:00,20.5,20.5,20.5,20.5,2
CDF,202607/202608,2026-06-19 03:51:00,20.5,20.5,20.5,20.5,2
CDF,202607/202609,2026-06-18 23:01:00,40.5,40.5,40.5,40.5,4
CDF,202607/202609,2026-06-19 03:17:00,40.51,40.51,40.51,40.51,2
CDF,202607/202612,2026-06-18 20:56:00,100.31,100.31,100.31,100.31,2
CDF,202608,2026-06-18 17:51:00,2465.0,2465.0,2465.0,2465.0,3
CDF,202608,2026-06-18 17:53:00,2465.0,2465.0,2465.0,2465.0,1
CDF,202608,2026-06-18 18:36:00,2465.0,2465.0,2465.0,2465.0,1
CDF,202608,2026-06-18 18:37:00,2465.0,2465.0,2465.0,2465.0,5
CDF,202608,2026-06-18 19:09:00,2460.0,2460.0,2460.0,2460.0,6
CDF,202608,2026-06-18 19:23:00,2460.0,2460.0,2460.0,2460.0,2
CDF,202608,2026-06-18 19:24:00,2460.0,2460.0,2460.0,2460.0,1
CDF,202608,2026-06-18 19:25:00,2460.0,2460.0,2460.0,2460.0,1
CDF,202608,2026-06-18 19:48:00,2460.0,2460.0,2460.0,2460.0,1
CDF,202608,2026-06-18 19:53:00,2460.0,2460.0,2460.0,2460.0,1
CDF,202608,2026-06-18 20:30:00,2465.0,2465.0,2465.0,2465.0,3
CDF,202608,2026-06-18 20:31:00,2465.0,2465.0,2465.0,2465.0,1
CDF,202608,2026-06-18 20:35:00,2465.0,2465.0,2465.0,2465.0,3
CDF,202608,2026-06-18 20:51:00,2465.0,2465.0,2465.0,2465.0,10
CDF,202608,2026-06-18 21:08:00,2465.0,2465.0,2465.0,2465.0,5
CDF,202608,2026-06-18 21:15:00,2470.0,2470.0,2470.0,2470.0,1
CDF,202608,2026-06-18 21:20:00,2470.0,2470.0,2470.0,2470.0,1
CDF,202608,2026-06-18 21:21:00,2470.0,2470.0,2470.0,2470.0,4
CDF,202608,2026-06-18 21:22:00,2470.0,2470.0,2470.0,2470.0,2
CDF,202608,2026-06-18 21:30:00,2480.0,2480.0,2480.0,2480.0,1
CDF,202608,2026-06-18 21:31:00,2480.0,2480.0,2480.0,2480.0,1
CDF,202608,2026-06-18 21:32:00,2480.0,2480.0,2480.0,2480.0,1
CDF,202608,2026-06-18 21:33:00,2485.0,2485.0,2485.0,2485.0,3
CDF,202608,2026-06-18 21:34:00,2485.0,2485.0,2480.0,2480.0,3
CDF,202608,2026-06-18 21:37:00,2485.0,2485.0,2485.0,2485.0,4
CDF,202608,2026-06-18 21:38:00,2485.0,2485.0,2485.0,2485.0,1
CDF,202608,2026-06-18 21:40:00,2485.0,2485.0,2485.0,2485.0,3
CDF,202608,2026-06-18 21:42:00,2490.0,2490.0,2490.0,2490.0,6
CDF,202608,2026-06-18 21:43:00,2490.0,2490.0,2490.0,2490.0,2
CDF,202608,2026-06-18 21:45:00,2490.0,2490.0,2490.0,2490.0,2
CDF,202608,2026-06-18 21:47:00,2495.0,2495.0,2490.0,2490.0,4
CDF,202608,2026-06-18 21:51:00,2495.0,2495.0,2495.0,2495.0,2
CDF,202608,2026-06-18 21:54:00,2495.0,2495.0,2495.0,2495.0,1
CDF,202608,2026-06-18 21:57:00,2490.0,2490.0,2490.0,2490.0,1
CDF,202608,2026-06-18 22:03:00,2490.0,2490.0,2490.0,2490.0,1
CDF,202608,2026-06-18 22:04:00,2495.0,2495.0,2495.0,2495.0,6
CDF,202608,2026-06-18 22:10:00,2495.0,2495.0,2495.0,2495.0,2
CDF,202608,2026-06-18 22:11:00,2495.0,2495.0,2495.0,2495.0,2
CDF,202608,2026-06-18 22:17:00,2495.0,2495.0,2495.0,2495.0,5
CDF,202608,2026-06-18 22:21:00,2495.0,2495.0,2495.0,2495.0,1
CDF,202608,2026-06-18 22:26:00,2500.0,2500.0,2500.0,2500.0,5
CDF,202608,2026-06-18 22:28:00,2495.0,2495.0,2495.0,2495.0,2
CDF,202608,2026-06-18 22:32:00,2495.0,2495.0,2495.0,2495.0,1
CDF,202608,2026-06-18 22:49:00,2500.0,2500.0,2500.0,2500.0,3
CDF,202608,2026-06-18 22:51:00,2500.0,2500.0,2500.0,2500.0,1
CDF,202608,2026-06-18 22:52:00,2500.0,2500.0,2500.0,2500.0,1
CDF,202608,2026-06-18 22:53:00,2500.0,2500.0,2500.0,2500.0,1
CDF,202608,2026-06-18 22:54:00,2500.0,2500.0,2500.0,2500.0,1
CDF,202608,2026-06-18 22:58:00,2500.0,2500.0,2500.0,2500.0,3
CDF,202608,2026-06-18 23:09:00,2500.0,2500.0,2500.0,2500.0,6
CDF,202608,2026-06-18 23:10:00,2500.0,2500.0,2500.0,2500.0,1
CDF,202608,2026-06-18 23:14:00,2500.0,2500.0,2500.0,2500.0,1
CDF,202608,2026-06-18 23:15:00,2500.0,2500.0,2500.0,2500.0,1
CDF,202608,2026-06-18 23:16:00,2500.0,2500.0,2500.0,2500.0,1
CDF,202608,2026-06-18 23:20:00,2500.0,2500.0,2500.0,2500.0,1
CDF,202608,2026-06-18 23:25:00,2500.0,2500.0,2500.0,2500.0,1
CDF,202608,2026-06-18 23:32:00,2495.0,2495.0,2495.0,2495.0,1
CDF,202608,2026-06-18 23:33:00,2495.0,2495.0,2495.0,2495.0,1
CDF,202608,2026-06-19 00:23:00,2500.0,2500.0,2500.0,2500.0,1
CDF,202608,2026-06-19 00:24:00,2505.0,2505.0,2505.0,2505.0,4
CDF,202608,2026-06-19 00:25:00,2505.0,2505.0,2505.0,2505.0,1
CDF,202608,2026-06-19 00:28:00,2505.0,2505.0,2505.0,2505.0,1
CDF,202608,2026-06-19 00:59:00,2505.0,2505.0,2505.0,2505.0,1
CDF,202608,2026-06-19 01:00:00,2505.0,2505.0,2505.0,2505.0,1
CDF,202608,2026-06-19 01:05:00,2510.0,2510.0,2510.0,2510.0,2
CDF,202608,2026-06-19 01:09:00,2510.0,2510.0,2510.0,2510.0,1
CDF,202608,2026-06-19 02:03:00,2515.0,2515.0,2515.0,2515.0,1
CDF,202608,2026-06-19 02:35:00,2525.0,2525.0,2520.0,2520.0,2
CDF,202608,2026-06-19 02:38:00,2525.0,2525.0,2525.0,2525.0,1
CDF,202608,2026-06-19 02:46:00,2525.0,2525.0,2525.0,2525.0,1
CDF,202608,2026-06-19 02:55:00,2525.0,2525.0,2525.0,2525.0,1
CDF,202608,2026-06-19 02:56:00,2525.0,2525.0,2525.0,2525.0,2
CDF,202608,2026-06-19 03:02:00,2520.0,2520.0,2520.0,2520.0,1
CDF,202608,2026-06-19 03:15:00,2520.0,2520.0,2520.0,2520.0,2
CDF,202608,2026-06-19 03:28:00,2520.0,2520.0,2520.0,2520.0,1
CDF,202608,2026-06-19 03:41:00,2525.0,2525.0,2525.0,2525.0,1
CDF,202608,2026-06-19 03:47:00,2525.0,2525.0,2525.0,2525.0,1
CDF,202608,2026-06-19 03:57:00,2525.0,2525.0,2525.0,2525.0,1
CDF,202608,2026-06-19 04:12:00,2530.0,2530.0,2530.0,2530.0,1
CDF,202608,2026-06-19 04:49:00,2525.0,2525.0,2525.0,2525.0,1
CDF,202608/202609,2026-06-18 22:27:00,19.99,19.99,19.99,19.99,12
CDF,202608/202609,2026-06-18 22:36:00,19.99,19.99,19.99,19.99,4
CDF,202608/202609,2026-06-18 22:43:00,19.99,19.99,19.99,19.99,2
CDF,202608/202609,2026-06-18 23:01:00,19.99,19.99,19.99,19.99,2
CDF,202608/202609,2026-06-19 03:51:00,19.99,19.99,19.99,19.99,2
CDF,202608/202612,2026-06-18 22:37:00,79.99,79.99,79.99,79.99,2
CDF,202608/202612,2026-06-18 22:44:00,79.99,79.99,79.99,79.99,2
CDF,202609,2026-06-18 21:21:00,2495.0,2495.0,2495.0,2495.0,1
CDF,202609,2026-06-18 21:30:00,2495.0,2495.0,2495.0,2495.0,1
CDF,202609,2026-06-18 21:47:00,2510.0,2515.0,2510.0,2515.0,2
CDF,202609,2026-06-18 22:04:00,2515.0,2515.0,2515.0,2515.0,1
CDF,202609,2026-06-18 22:10:00,2515.0,2515.0,2515.0,2515.0,1
CDF,202609,2026-06-18 22:11:00,2510.0,2515.0,2510.0,2515.0,4
CDF,202609,2026-06-18 22:23:00,2515.0,2515.0,2515.0,2515.0,1
CDF,202609,2026-06-18 22:27:00,2515.0,2515.0,2515.0,2515.0,10
CDF,202609,2026-06-18 22:36:00,2515.0,2515.0,2515.0,2515.0,2
CDF,202609,2026-06-18 22:43:00,2515.0,2515.0,2515.0,2515.0,1
CDF,202609,2026-06-18 22:50:00,2520.0,2520.0,2520.0,2520.0,1
CDF,202609,2026-06-18 22:51:00,2520.0,2520.0,2520.0,2520.0,1
CDF,202609,2026-06-18 23:02:00,2520.0,2520.0,2520.0,2520.0,1
CDF,202609,2026-06-18 23:09:00,2520.0,2520.0,2520.0,2520.0,2
CDF,202609,2026-06-19 00:12:00,2525.0,2525.0,2525.0,2525.0,1
CDF,202609,2026-06-19 00:22:00,2525.0,2525.0,2525.0,2525.0,1
CDF,202609,2026-06-19 00:24:00,2525.0,2525.0,2525.0,2525.0,1
CDF,202609,2026-06-19 00:28:00,2525.0,2525.0,2525.0,2525.0,1
CDF,202609,2026-06-19 01:00:00,2525.0,2525.0,2525.0,2525.0,1
CDF,202609,2026-06-19 01:09:00,2530.0,2530.0,2530.0,2530.0,2
CDF,202609,2026-06-19 01:18:00,2535.0,2535.0,2535.0,2535.0,1
CDF,202609,2026-06-19 01:42:00,2540.0,2540.0,2540.0,2540.0,1
CDF,202609,2026-06-19 01:55:00,2540.0,2540.0,2540.0,2540.0,1
CDF,202609,2026-06-19 02:05:00,2540.0,2540.0,2540.0,2540.0,1
CDF,202609,2026-06-19 02:19:00,2540.0,2540.0,2540.0,2540.0,1
CDF,202609,2026-06-19 02:32:00,2540.0,2540.0,2540.0,2540.0,2
CDF,202609,2026-06-19 02:35:00,2540.0,2540.0,2540.0,2540.0,1
CDF,202609,2026-06-19 03:03:00,2540.0,2540.0,2540.0,2540.0,1
CDF,202609,2026-06-19 03:15:00,2540.0,2540.0,2540.0,2540.0,1
CDF,202609,2026-06-19 03:26:00,2540.0,2540.0,2540.0,2540.0,1
CDF,202609,2026-06-19 03:50:00,2545.0,2545.0,2545.0,2545.0,2
CDF,202609,2026-06-19 03:51:00,2545.0,2545.0,2545.0,2545.0,1
CDF,202609,2026-06-19 03:58:00,2550.0,2550.0,2550.0,2550.0,1
CDF,202609,2026-06-19 04:00:00,2545.0,2545.0,2545.0,2545.0,1
CDF,202612,2026-06-18 21:16:00,2545.0,2545.0,2545.0,2545.0,1
CDF,202612,2026-06-18 21:32:00,2555.0,2555.0,2555.0,2555.0,1
CDF,202612,2026-06-18 21:47:00,2575.0,2575.0,2575.0,2575.0,1
CDF,202612,2026-06-18 21:59:00,2575.0,2575.0,2575.0,2575.0,1
CDF,202612,2026-06-18 22:36:00,2575.0,2575.0,2575.0,2575.0,4
CDF,202612,2026-06-18 22:37:00,2575.0,2575.0,2575.0,2575.0,1
CDF,202612,2026-06-18 22:44:00,2575.0,2575.0,2575.0,2575.0,1
CDF,202612,2026-06-18 23:09:00,2585.0,2585.0,2585.0,2585.0,1
CDF,202612,2026-06-19 00:12:00,2585.0,2590.0,2585.0,2590.0,2
CDF,202612,2026-06-19 00:14:00,2585.0,2585.0,2585.0,2585.0,1
CDF,202612,2026-06-19 01:05:00,2590.0,2590.0,2590.0,2590.0,1
CDF,202612,2026-06-19 01:07:00,2590.0,2590.0,2590.0,2590.0,1
CDF,202612,2026-06-19 01:18:00,2600.0,2600.0,2600.0,2600.0,1
CDF,202612,2026-06-19 01:42:00,2600.0,2600.0,2600.0,2600.0,1
F1F,202606,2026-06-19 00:08:00,10400.0,10400.0,10400.0,10400.0,1
F1F,202609,2026-06-18 16:04:00,10487.0,10487.0,10487.0,10487.0,3
F1F,202609,2026-06-18 16:16:00,10481.0,10481.0,10481.0,10481.0,1
F1F,202609,2026-06-18 21:24:00,10461.0,10461.0,10461.0,10461.0,16
F1F,202609,2026-06-18 22:46:00,10448.0,10448.0,10448.0,10448.0,1
F1F,202609,2026-06-19 00:08:00,10450.0,10450.0,10450.0,10450.0,1
M1F,202607,2026-06-18 15:35:00,37353.0,37353.0,37353.0,37353.0,1
M1F,202607,2026-06-18 16:17:00,37428.0,37428.0,37428.0,37428.0,1
M1F,202607,2026-06-18 16:56:00,37373.0,37373.0,37373.0,37373.0,1
M1F,202607,2026-06-18 17:28:00,37420.0,37420.0,37420.0,37420.0,1
M1F,202607,2026-06-18 17:47:00,37433.0,37433.0,37432.0,37432.0,11
M1F,202607,2026-06-18 17:48:00,37422.0,37422.0,37422.0,37422.0,5
M1F,202607,2026-06-18 17:51:00,37477.0,37487.0,37477.0,37487.0,20
M1F,202607,2026-06-18 17:52:00,37487.0,37487.0,37487.0,37487.0,1
M1F,202607,2026-06-18 17:54:00,37466.0,37466.0,37466.0,37466.0,1
M1F,202607,2026-06-18 17:55:00,37470.0,37470.0,37462.0,37462.0,2
M1F,202607,2026-06-18 17:56:00,37474.0,37474.0,37474.0,37474.0,1
M1F,202607,2026-06-18 18:01:00,37478.0,37478.0,37478.0,37478.0,5
M1F,202607,2026-06-18 18:23:00,37452.0,37452.0,37452.0,37452.0,3
M1F,202607,2026-06-18 18:25:00,37460.0,37460.0,37460.0,37460.0,5
M1F,202607,2026-06-18 18:27:00,37438.0,37438.0,37438.0,37438.0,5
M1F,202607,2026-06-18 18:31:00,37439.0,37439.0,37439.0,37439.0,1
M1F,202607,2026-06-18 18:33:00,37388.0,37388.0,37376.0,37376.0,20
M1F,202607,2026-06-18 18:37:00,37368.0,37368.0,37368.0,37368.0,1
M1F,202607,2026-06-18 19:00:00,37370.0,37370.0,37370.0,37370.0,10
M1F,202607,2026-06-18 19:03:00,37381.0,37381.0,37381.0,37381.0,9
M1F,202607,2026-06-18 19:06:00,37323.0,37323.0,37323.0,37323.0,10
M1F,202607,2026-06-18 19:15:00,37366.0,37366.0,37366.0,37366.0,1
M1F,202607,2026-06-18 19:18:00,37341.0,37341.0,37335.0,37335.0,10
M1F,202607,2026-06-18 19:19:00,37333.0,37333.0,37333.0,37333.0,5
M1F,202607,2026-06-18 19:22:00,37327.0,37327.0,37315.0,37315.0,10
M1F,202607,2026-06-18 19:25:00,37359.0,37359.0,37349.0,37349.0,6
M1F,202607,2026-06-18 19:26:00,37345.0,37348.0,37345.0,37348.0,8
M1F,202607,2026-06-18 19:28:00,37326.0,37326.0,37326.0,37326.0,5
M1F,202607,2026-06-18 19:31:00,37349.0,37349.0,37349.0,37349.0,10
M1F,202607,2026-06-18 19:34:00,37320.0,37320.0,37320.0,37320.0,1
M1F,202607,2026-06-18 19:38:00,37316.0,37316.0,37307.0,37307.0,10
M1F,202607,2026-06-18 19:39:00,37320.0,37320.0,37320.0,37320.0,1
M1F,202607,2026-06-18 19:40:00,37291.0,37291.0,37291.0,37291.0,5
M1F,202607,2026-06-18 19:43:00,37337.0,37337.0,37337.0,37337.0,3
M1F,202607,2026-06-18 19:50:00,37297.0,37297.0,37296.0,37296.0,10
M1F,202607,2026-06-18 19:51:00,37329.0,37333.0,37326.0,37333.0,19
M1F,202607,2026-06-18 19:56:00,37318.0,37318.0,37317.0,37317.0,10
M1F,202607,2026-06-18 20:00:00,37349.0,37406.0,37349.0,37406.0,14
M1F,202607,2026-06-18 20:01:00,37417.0,37417.0,37417.0,37417.0,1
M1F,202607,2026-06-18 20:19:00,37431.0,37431.0,37430.0,37430.0,9
M1F,202607,2026-06-18 20:21:00,37470.0,37470.0,37470.0,37470.0,5
M1F,202607,2026-06-18 20:25:00,37480.0,37480.0,37480.0,37480.0,5
M1F,202607,2026-06-18 20:29:00,37452.0,37452.0,37452.0,37452.0,5
M1F,202607,2026-06-18 20:31:00,37473.0,37478.0,37473.0,37478.0,2
M1F,202607,2026-06-18 20:32:00,37486.0,37486.0,37469.0,37469.0,8
M1F,202607,2026-06-18 20:33:00,37444.0,37444.0,37444.0,37444.0,5
M1F,202607,2026-06-18 20:36:00,37479.0,37492.0,37479.0,37492.0,10
M1F,202607,2026-06-18 20:39:00,37470.0,37470.0,37470.0,37470.0,1
M1F,202607,2026-06-18 20:45:00,37482.0,37482.0,37482.0,37482.0,5
M1F,202607,2026-06-18 20:52:00,37459.0,37459.0,37459.0,37459.0,5
M1F,202607,2026-06-18 20:53:00,37429.0,37429.0,37429.0,37429.0,5
M1F,202607,2026-06-18 20:55:00,37454.0,37454.0,37454.0,37454.0,5
M1F,202607,2026-06-18 20:57:00,37499.0,37525.0,37499.0,37525.0,15
M1F,202607,2026-06-18 20:58:00,37502.0,37502.0,37502.0,37502.0,5
M1F,202607,2026-06-18 21:00:00,37496.0,37496.0,37484.0,37484.0,11
M1F,202607,2026-06-18 21:08:00,37453.0,37453.0,37453.0,37453.0,1
M1F,202607,2026-06-18 21:15:00,37468.0,37468.0,37468.0,37468.0,5
M1F,202607,2026-06-18 21:16:00,37472.0,37472.0,37472.0,37472.0,4
M1F,202607,2026-06-18 21:19:00,37473.0,37473.0,37473.0,37473.0,5
M1F,202607,2026-06-18 21:21:00,37479.0,37479.0,37479.0,37479.0,5
M1F,202607,2026-06-18 21:23:00,37498.0,37498.0,37498.0,37498.0,5
M1F,202607,2026-06-18 21:24:00,37458.0,37458.0,37458.0,37458.0,5
M1F,202607,2026-06-18 21:25:00,37483.0,37483.0,37483.0,37483.0,5
M1F,202607,2026-06-18 21:26:00,37477.0,37477.0,37473.0,37473.0,10
M1F,202607,2026-06-18 21:27:00,37501.0,37501.0,37501.0,37501.0,5
M1F,202607,2026-06-18 21:28:00,37520.0,37535.0,37512.0,37535.0,15
M1F,202607,2026-06-18 21:29:00,37539.0,37539.0,37539.0,37539.0,2
M1F,202607,2026-06-18 21:30:00,37574.0,37574.0,37464.0,37474.0,16
M1F,202607,2026-06-18 21:32:00,37505.0,37505.0,37505.0,37505.0,5
M1F,202607,2026-06-18 21:35:00,37427.0,37427.0,37427.0,37427.0,1
M1F,202607,2026-06-18 21:36:00,37416.0,37416.0,37416.0,37416.0,1
M1F,202607,2026-06-18 21:37:00,37393.0,37393.0,37393.0,37393.0,1
M1F,202607,2026-06-18 21:38:00,37369.0,37391.0,37365.0,37391.0,3
M1F,202607,2026-06-18 21:40:00,37379.0,37379.0,37379.0,37379.0,1
M1F,202607,2026-06-18 21:42:00,37358.0,37358.0,37358.0,37358.0,1
M1F,202607,2026-06-18 21:43:00,37354.0,37354.0,37329.0,37329.0,10
M1F,202607,2026-06-18 21:44:00,37324.0,37324.0,37324.0,37324.0,1
M1F,202607,2026-06-18 21:45:00,37342.0,37342.0,37342.0,37342.0,1
M1F,202607,2026-06-18 21:49:00,37311.0,37311.0,37311.0,37311.0,1
M1F,202607,2026-06-18 21:53:00,37318.0,37318.0,37318.0,37318.0,1
M1F,202607,2026-06-18 22:07:00,37332.0,37340.0,37332.0,37340.0,2
M1F,202607,2026-06-18 22:08:00,37346.0,37346.0,37346.0,37346.0,2
M1F,202607,2026-06-18 22:09:00,37340.0,37340.0,37340.0,37340.0,1
M1F,202607,2026-06-18 22:10:00,37358.0,37371.0,37358.0,37371.0,10
M1F,202607,2026-06-18 22:11:00,37388.0,37388.0,37388.0,37388.0,1
M1F,202607,2026-06-18 22:12:00,37418.0,37418.0,37400.0,37406.0,4
M1F,202607,2026-06-18 22:14:00,37431.0,37455.0,37431.0,37455.0,3
M1F,202607,2026-06-18 22:15:00,37451.0,37453.0,37444.0,37453.0,4
M1F,202607,2026-06-18 22:16:00,37479.0,37487.0,37479.0,37487.0,2
M1F,202607,2026-06-18 22:18:00,37509.0,37509.0,37509.0,37509.0,1
M1F,202607,2026-06-18 22:23:00,37523.0,37524.0,37520.0,37524.0,7
M1F,202607,2026-06-18 22:24:00,37548.0,37554.0,37546.0,37554.0,5
M1F,202607,2026-06-18 22:25:00,37540.0,37540.0,37540.0,37540.0,1
M1F,202607,2026-06-18 22:26:00,37544.0,37544.0,37544.0,37544.0,1
M1F,202607,2026-06-18 22:27:00,37537.0,37552.0,37537.0,37552.0,7
M1F,202607,2026-06-18 22:34:00,37539.0,37539.0,37539.0,37539.0,1
M1F,202607,2026-06-18 22:40:00,37554.0,37554.0,37554.0,37554.0,2
M1F,202607,2026-06-18 22:42:00,37526.0,37526.0,37525.0,37525.0,10
M1F,202607,2026-06-18 22:55:00,37499.0,37499.0,37499.0,37499.0,9
M1F,202607,2026-06-18 22:56:00,37502.0,37502.0,37502.0,37502.0,1
M1F,202607,2026-06-18 23:09:00,37512.0,37512.0,37512.0,37512.0,5
M1F,202607,2026-06-18 23:10:00,37515.0,37515.0,37515.0,37515.0,5
M1F,202607,2026-06-18 23:12:00,37529.0,37529.0,37529.0,37529.0,5
M1F,202607,2026-06-18 23:19:00,37467.0,37467.0,37467.0,37467.0,1
M1F,202607,2026-06-18 23:29:00,37536.0,37537.0,37533.0,37533.0,4
M1F,202607,2026-06-19 00:00:00,37535.0,37535.0,37535.0,37535.0,1
M1F,202607,2026-06-19 00:02:00,37584.0,37599.0,37584.0,37599.0,4
M1F,202607,2026-06-19 00:04:00,37594.0,37598.0,37594.0,37598.0,2
M1F,202607,2026-06-19 00:07:00,37563.0,37563.0,37563.0,37563.0,5
M1F,202607,2026-06-19 00:12:00,37560.0,37560.0,37560.0,37560.0,8
M1F,202607,2026-06-19 00:51:00,37640.0,37640.0,37640.0,37640.0,5
M1F,202607,2026-06-19 01:20:00,37690.0,37690.0,37690.0,37690.0,1
M1F,202607,2026-06-19 01:26:00,37681.0,37681.0,37681.0,37681.0,5
M1F,202607,2026-06-19 01:30:00,37708.0,37708.0,37708.0,37708.0,3
M1F,202607,2026-06-19 01:48:00,37711.0,37711.0,37711.0,37711.0,1
M1F,202607,2026-06-19 01:49:00,37706.0,37706.0,37706.0,37706.0,3
M1F,202607,2026-06-19 02:15:00,37700.0,37700.0,37700.0,37700.0,1
M1F,202607,2026-06-19 02:32:00,37650.0,37650.0,37650.0,37650.0,1
M1F,202607,2026-06-19 03:18:00,37602.0,37602.0,37602.0,37602.0,5
M1F,202607,2026-06-19 03:35:00,37642.0,37642.0,37642.0,37642.0,1
M1F,202607,2026-06-19 03:49:00,37718.0,37718.0,37718.0,37718.0,1
M1F,202607,2026-06-19 03:50:00,37679.0,37679.0,37679.0,37679.0,5
M1F,202607,2026-06-19 03:51:00,37649.0,37649.0,37649.0,37649.0,1
M1F,202607,2026-06-19 03:52:00,37652.0,37652.0,37652.0,37652.0,5
M1F,202607,2026-06-19 03:57:00,37640.0,37640.0,37640.0,37640.0,1
M1F,202607,2026-06-19 04:34:00,37699.0,37699.0,37699.0,37699.0,1
M1F,202607,2026-06-19 04:42:00,37698.0,37698.0,37698.0,37698.0,1
M1F,202607,2026-06-19 04:59:00,37670.0,37670.0,37670.0,37670.0,1
M1F,202608,2026-06-18 15:04:00,37340.0,37340.0,37340.0,37340.0,4
M1F,202608,2026-06-18 17:47:00,37487.0,37487.0,37478.0,37478.0,11
M1F,202608,2026-06-18 17:51:00,37533.0,37542.0,37533.0,37542.0,20
M1F,202608,2026-06-18 17:55:00,37510.0,37527.0,37510.0,37527.0,2
M1F,202608,2026-06-18 18:04:00,37531.0,37531.0,37531.0,37531.0,5
M1F,202608,2026-06-18 18:25:00,37507.0,37515.0,37507.0,37515.0,9
M1F,202608,2026-06-18 18:27:00,37493.0,37493.0,37493.0,37493.0,5
M1F,202608,2026-06-18 18:31:00,37484.0,37497.0,37484.0,37497.0,11
M1F,202608,2026-06-18 18:33:00,37434.0,37434.0,37434.0,37434.0,5
M1F,202608,2026-06-18 18:34:00,37444.0,37444.0,37444.0,37444.0,5
M1F,202608,2026-06-18 18:35:00,37440.0,37440.0,37440.0,37440.0,10
M1F,202608,2026-06-18 19:00:00,37426.0,37426.0,37426.0,37426.0,10
M1F,202608,2026-06-18 19:03:00,37438.0,37438.0,37438.0,37438.0,10
M1F,202608,2026-06-18 19:05:00,37393.0,37393.0,37384.0,37384.0,19
M1F,202608,2026-06-18 19:15:00,37406.0,37406.0,37406.0,37406.0,1
M1F,202608,2026-06-18 19:18:00,37396.0,37400.0,37396.0,37400.0,11
M1F,202608,2026-06-18 19:22:00,37382.0,37382.0,37371.0,37371.0,10
M1F,202608,2026-06-18 19:25:00,37415.0,37419.0,37415.0,37419.0,6
M1F,202608,2026-06-18 19:26:00,37401.0,37401.0,37401.0,37401.0,5
M1F,202608,2026-06-18 19:28:00,37381.0,37381.0,37381.0,37381.0,5
M1F,202608,2026-06-18 19:31:00,37403.0,37403.0,37403.0,37403.0,5
M1F,202608,2026-06-18 19:38:00,37371.0,37371.0,37351.0,37351.0,11
M1F,202608,2026-06-18 19:40:00,37346.0,37346.0,37346.0,37346.0,5
M1F,202608,2026-06-18 19:43:00,37392.0,37392.0,37392.0,37392.0,5
M1F,202608,2026-06-18 19:50:00,37352.0,37352.0,37352.0,37352.0,10
M1F,202608,2026-06-18 19:51:00,37384.0,37389.0,37384.0,37389.0,20
M1F,202608,2026-06-18 20:00:00,37401.0,37481.0,37401.0,37481.0,4
M1F,202608,2026-06-18 20:01:00,37462.0,37462.0,37462.0,37462.0,1
M1F,202608,2026-06-18 20:19:00,37486.0,37486.0,37486.0,37486.0,10
M1F,202608,2026-06-18 20:20:00,37527.0,37527.0,37527.0,37527.0,5
M1F,202608,2026-06-18 20:25:00,37535.0,37535.0,37535.0,37535.0,5
M1F,202608,2026-06-18 20:31:00,37518.0,37518.0,37518.0,37518.0,2
M1F,202608,2026-06-18 20:32:00,37533.0,37533.0,37533.0,37533.0,5
M1F,202608,2026-06-18 20:33:00,37500.0,37500.0,37500.0,37500.0,5
M1F,202608,2026-06-18 20:36:00,37542.0,37548.0,37542.0,37548.0,10
M1F,202608,2026-06-18 20:39:00,37540.0,37540.0,37540.0,37540.0,1
M1F,202608,2026-06-18 20:45:00,37537.0,37537.0,37537.0,37537.0,5
M1F,202608,2026-06-18 20:46:00,37542.0,37542.0,37542.0,37542.0,5
M1F,202608,2026-06-18 20:47:00,37538.0,37538.0,37538.0,37538.0,5
M1F,202608,2026-06-18 20:50:00,37523.0,37523.0,37523.0,37523.0,5
M1F,202608,2026-06-18 20:54:00,37483.0,37483.0,37483.0,37483.0,5
M1F,202608,2026-06-18 20:57:00,37570.0,37580.0,37570.0,37580.0,10
M1F,202608,2026-06-18 20:58:00,37557.0,37557.0,37557.0,37557.0,5
M1F,202608,2026-06-18 21:00:00,37541.0,37545.0,37539.0,37539.0,11
M1F,202608,2026-06-18 21:08:00,37518.0,37518.0,37518.0,37518.0,1
M1F,202608,2026-06-18 21:15:00,37523.0,37523.0,37523.0,37523.0,5
M1F,202608,2026-06-18 21:19:00,37528.0,37528.0,37528.0,37528.0,5
M1F,202608,2026-06-18 21:21:00,37534.0,37534.0,37534.0,37534.0,5
M1F,202608,2026-06-18 21:29:00,37579.0,37579.0,37574.0,37574.0,2
M1F,202608,2026-06-18 21:30:00,37639.0,37639.0,37475.0,37499.0,16
M1F,202608,2026-06-18 21:58:00,37374.0,37374.0,37374.0,37374.0,5
M1F,202608,2026-06-18 22:00:00,37401.0,37401.0,37401.0,37401.0,5
M1F,202608,2026-06-18 22:01:00,37409.0,37409.0,37409.0,37409.0,5
M1F,202608,2026-06-18 22:03:00,37414.0,37414.0,37414.0,37414.0,5
M1F,202608,2026-06-18 22:06:00,37412.0,37412.0,37396.0,37396.0,10
M1F,202608,2026-06-18 22:10:00,37398.0,37398.0,37398.0,37398.0,5
M1F,202608,2026-06-18 22:22:00,37576.0,37576.0,37576.0,37576.0,5
M1F,202608,2026-06-18 22:23:00,37582.0,37582.0,37582.0,37582.0,5
M1F,202608,2026-06-18 22:27:00,37592.0,37592.0,37592.0,37592.0,7
M1F,202608,2026-06-18 22:35:00,37603.0,37603.0,37603.0,37603.0,3
M1F,202608,2026-06-18 22:37:00,37635.0,37635.0,37635.0,37635.0,5
M1F,202608,2026-06-18 22:38:00,37624.0,37624.0,37618.0,37618.0,10
M1F,202608,2026-06-18 22:42:00,37581.0,37581.0,37581.0,37581.0,5
M1F,202608,2026-06-18 22:55:00,37555.0,37556.0,37555.0,37556.0,10
M1F,202608,2026-06-18 23:00:00,37559.0,37559.0,37559.0,37559.0,5
M1F,202608,2026-06-18 23:09:00,37567.0,37567.0,37567.0,37567.0,5
M1F,202608,2026-06-18 23:10:00,37570.0,37570.0,37570.0,37570.0,5
M1F,202608,2026-06-18 23:12:00,37584.0,37584.0,37584.0,37584.0,5
M1F,202608,2026-06-19 01:44:00,37757.0,37757.0,37757.0,37757.0,1
MTX,202606W4,2026-06-18 15:01:00,46590.0,46590.0,46590.0,46590.0,2
MTX,202606W4,2026-06-18 15:07:00,46645.0,46645.0,46645.0,46645.0,1
MTX,202606W4,2026-06-18 16:14:00,46771.0,46771.0,46771.0,46771.0,1
MTX,202606W4,2026-06-18 16:22:00,46771.0,46771.0,46771.0,46771.0,1
MTX,202606W4,2026-06-18 16:24:00,46760.0,46760.0,46760.0,46760.0,1
MTX,202606W4,2026-06-18 16:25:00,46760.0,46760.0,46760.0,46760.0,2
MTX,202606W4,2026-06-18 16:37:00,46775.0,46775.0,46775.0,46775.0,1
MTX,202606W4,2026-06-18 16:40:00,46781.0,46781.0,46781.0,46781.0,1
MTX,202606W4,2026-06-18 16:48:00,46801.0,46835.0,46801.0,46835.0,7
MTX,202606W4,2026-06-18 16:49:00,46750.0,46750.0,46750.0,46750.0,1
MTX,202606W4,2026-06-18 16:50:00,46746.0,46746.0,46734.0,46734.0,4
MTX,202606W4,2026-06-18 16:51:00,46734.0,46735.0,46734.0,46735.0,2
MTX,202606W4,2026-06-18 16:54:00,46735.0,46735.0,46735.0,46735.0,1
MTX,202606W4,2026-06-18 17:30:00,46720.0,46720.0,46720.0,46720.0,1
MTX,202606W4,2026-06-18 17:38:00,46753.0,46753.0,46731.0,46731.0,2
MTX,202606W4,2026-06-18 18:57:00,46736.0,46736.0,46736.0,46736.0,1
MTX,202606W4,2026-06-18 19:13:00,46670.0,46670.0,46670.0,46670.0,1
MTX,202606W4,2026-06-18 20:27:00,46760.0,46760.0,46760.0,46760.0,1
MTX,202606W4,2026-06-18 20:28:00,46732.0,46732.0,46732.0,46732.0,1
MTX,202606W4,2026-06-18 21:04:00,46790.0,46790.0,46790.0,46790.0,1
MTX,202606W4,2026-06-18 21:30:00,46935.0,46935.0,46935.0,46935.0,1
MTX,202606W4,2026-06-18 21:44:00,46950.0,46950.0,46950.0,46950.0,1
MTX,202606W4,2026-06-18 21:45:00,46953.0,46953.0,46953.0,46953.0,1
MTX,202606W4,2026-06-18 21:57:00,46953.0,46953.0,46953.0,46953.0,2
MTX,202606W4,2026-06-18 23:17:00,47104.0,47104.0,47104.0,47104.0,1
MTX,202606W4,2026-06-19 00:22:00,47215.0,47215.0,47215.0,47215.0,1
MTX,202606W4,2026-06-19 00:26:00,47187.0,47187.0,47187.0,47187.0,1
MTX,202606W4,2026-06-19 00:50:00,47173.0,47173.0,47173.0,47173.0,1
MTX,202606W4,2026-06-19 01:16:00,47273.0,47273.0,47273.0,47273.0,1
MTX,202606W4,2026-06-19 01:41:00,47328.0,47328.0,47328.0,47328.0,1
MTX,202606W4,2026-06-19 02:28:00,47457.0,47457.0,47457.0,47457.0,2
MTX,202606W4,2026-06-19 04:59:00,47371.0,47371.0,47371.0,47371.0,1
MTX,202606W4/202607,2026-06-18 16:48:00,73.0,180.0,73.0,155.0,20
MTX,202606W4/202607,2026-06-18 19:59:00,114.0,114.0,114.0,114.0,2
MTX,202606W4/202607,2026-06-18 20:00:00,114.0,114.0,114.0,114.0,4
MTX,202606W4/202607,2026-06-19 01:22:00,81.0,81.0,81.0,81.0,2
MTX,202607,2026-06-18 15:00:00,46765.0,46815.0,46741.0,46780.0,1328
MTX,202607,2026-06-18 15:01:00,46781.0,46805.0,46766.0,46775.0,590
MTX,202607,2026-06-18 15:02:00,46778.0,46832.0,46768.0,46818.0,410
MTX,202607,2026-06-18 15:03:00,46819.0,46823.0,46804.0,46809.0,331
MTX,202607,2026-06-18 15:04:00,46812.0,46839.0,46802.0,46826.0,339
MTX,202607,2026-06-18 15:05:00,46826.0,46844.0,46815.0,46842.0,277
MTX,202607,2026-06-18 15:06:00,46841.0,46870.0,46831.0,46860.0,443
MTX,202607,2026-06-18 15:07:00,46858.0,46860.0,46843.0,46847.0,238
MTX,202607,2026-06-18 15:08:00,46848.0,46852.0,46830.0,46846.0,244
MTX,202607,2026-06-18 15:09:00,46848.0,46870.0,46839.0,46869.0,239
MTX,202607,2026-06-18 15:10:00,46868.0,46870.0,46837.0,46848.0,182
MTX,202607,2026-06-18 15:11:00,46848.0,46855.0,46836.0,46850.0,117
MTX,202607,2026-06-18 15:12:00,46854.0,46858.0,46817.0,46819.0,279
MTX,202607,2026-06-18 15:13:00,46819.0,46823.0,46797.0,46799.0,284
MTX,202607,2026-06-18 15:14:00,46802.0,46808.0,46790.0,46808.0,168
MTX,202607,2026-06-18 15:15:00,46808.0,46822.0,46806.0,46819.0,140
MTX,202607,2026-06-18 15:16:00,46820.0,46821.0,46796.0,46797.0,154
MTX,202607,2026-06-18 15:17:00,46798.0,46802.0,46772.0,46773.0,247
MTX,202607,2026-06-18 15:18:00,46773.0,46804.0,46773.0,46804.0,136
MTX,202607,2026-06-18 15:19:00,46804.0,46814.0,46788.0,46790.0,129
MTX,202607,2026-06-18 15:20:00,46796.0,46803.0,46772.0,46780.0,149
MTX,202607,2026-06-18 15:21:00,46782.0,46790.0,46770.0,46774.0,126
MTX,202607,2026-06-18 15:22:00,46773.0,46795.0,46773.0,46785.0,69
MTX,202607,2026-06-18 15:23:00,46782.0,46817.0,46782.0,46817.0,92
MTX,202607,2026-06-18 15:24:00,46818.0,46824.0,46806.0,46818.0,178
MTX,202607,2026-06-18 15:25:00,46818.0,46835.0,46816.0,46825.0,190
MTX,202607,2026-06-18 15:26:00,46826.0,46848.0,46816.0,46845.0,216
MTX,202607,2026-06-18 15:27:00,46845.0,46850.0,46836.0,46845.0,123
MTX,202607,2026-06-18 15:28:00,46843.0,46854.0,46840.0,46846.0,106
MTX,202607,2026-06-18 15:29:00,46845.0,46850.0,46835.0,46836.0,94
MTX,202607,2026-06-18 15:30:00,46838.0,46843.0,46789.0,46802.0,231
MTX,202607,2026-06-18 15:31:00,46804.0,46806.0,46796.0,46799.0,106
MTX,202607,2026-06-18 15:32:00,46796.0,46808.0,46791.0,46797.0,107
MTX,202607,2026-06-18 15:33:00,46803.0,46804.0,46789.0,46801.0,87
MTX,202607,2026-06-18 15:34:00,46799.0,46822.0,46796.0,46818.0,71
MTX,202607,2026-06-18 15:35:00,46820.0,46821.0,46804.0,46810.0,44
MTX,202607,2026-06-18 15:36:00,46808.0,46834.0,46808.0,46832.0,94
MTX,202607,2026-06-18 15:37:00,46832.0,46842.0,46830.0,46833.0,88
MTX,202607,2026-06-18 15:38:00,46831.0,46831.0,46813.0,46828.0,85
MTX,202607,2026-06-18 15:39:00,46828.0,46833.0,46811.0,46833.0,58
MTX,202607,2026-06-18 15:40:00,46832.0,46838.0,46820.0,46820.0,74
MTX,202607,2026-06-18 15:41:00,46822.0,46830.0,46820.0,46830.0,33
MTX,202607,2026-06-18 15:42:00,46825.0,46825.0,46809.0,46817.0,73
MTX,202607,2026-06-18 15:43:00,46817.0,46822.0,46810.0,46810.0,35
MTX,202607,2026-06-18 15:44:00,46810.0,46821.0,46809.0,46821.0,74
MTX,202607,2026-06-18 15:45:00,46820.0,46824.0,46813.0,46817.0,49
MTX,202607,2026-06-18 15:46:00,46820.0,46823.0,46813.0,46815.0,49
MTX,202607,2026-06-18 15:47:00,46812.0,46817.0,46800.0,46807.0,121
MTX,202607,2026-06-18 15:48:00,46810.0,46811.0,46790.0,46801.0,102
MTX,202607,2026-06-18 15:49:00,46799.0,46810.0,46797.0,46808.0,63
MTX,202607,2026-06-18 15:50:00,46810.0,46818.0,46805.0,46818.0,51
MTX,202607,2026-06-18 15:51:00,46817.0,46820.0,46802.0,46805.0,56
MTX,202607,2026-06-18 15:52:00,46807.0,46825.0,46807.0,46825.0,54
MTX,202607,2026-06-18 15:53:00,46825.0,46834.0,46812.0,46827.0,87
MTX,202607,2026-06-18 15:54:00,46824.0,46827.0,46817.0,46826.0,48
MTX,202607,2026-06-18 15:55:00,46823.0,46824.0,46817.0,46824.0,38
MTX,202607,2026-06-18 15:56:00,46823.0,46834.0,46822.0,46830.0,63
MTX,202607,2026-06-18 15:57:00,46830.0,46833.0,46826.0,46829.0,23
MTX,202607,2026-06-18 15:58:00,46830.0,46874.0,46824.0,46869.0,440
MTX,202607,2026-06-18 15:59:00,46871.0,46888.0,46870.0,46887.0,578
MTX,202607,2026-06-18 16:00:00,46887.0,46934.0,46871.0,46917.0,915
MTX,202607,2026-06-18 16:01:00,46921.0,46933.0,46904.0,46933.0,323
MTX,202607,2026-06-18 16:02:00,46929.0,46939.0,46923.0,46933.0,259
MTX,202607,2026-06-18 16:03:00,46931.0,46933.0,46888.0,46894.0,226
MTX,202607,2026-06-18 16:04:00,46894.0,46910.0,46890.0,46900.0,119
MTX,202607,2026-06-18 16:05:00,46900.0,46937.0,46891.0,46927.0,264
MTX,202607,2026-06-18 16:06:00,46926.0,46926.0,46906.0,46912.0,135
MTX,202607,2026-06-18 16:07:00,46916.0,46983.0,46912.0,46972.0,584
MTX,202607,2026-06-18 16:08:00,46971.0,46979.0,46957.0,46977.0,342
MTX,202607,2026-06-18 16:09:00,46974.0,46990.0,46970.0,46984.0,290
MTX,202607,2026-06-18 16:10:00,46982.0,46989.0,46966.0,46966.0,216
MTX,202607,2026-06-18 16:11:00,46965.0,46969.0,46955.0,46963.0,156
MTX,202607,2026-06-18 16:12:00,46964.0,46965.0,46941.0,46949.0,178
MTX,202607,2026-06-18 16:13:00,46950.0,46950.0,46926.0,46928.0,176
MTX,202607,2026-06-18 16:14:00,46927.0,46934.0,46914.0,46921.0,211
MTX,202607,2026-06-18 16:15:00,46920.0,46932.0,46909.0,46912.0,162
MTX,202607,2026-06-18 16:16:00,46912.0,46920.0,46912.0,46920.0,65
MTX,202607,2026-06-18 16:17:00,46918.0,46924.0,46907.0,46915.0,89
MTX,202607,2026-06-18 16:18:00,46915.0,46922.0,46900.0,46905.0,199
MTX,202607,2026-06-18 16:19:00,46904.0,46917.0,46897.0,46900.0,106
MTX,202607,2026-06-18 16:20:00,46903.0,46910.0,46890.0,46893.0,118
MTX,202607,2026-06-18 16:21:00,46891.0,46896.0,46858.0,46877.0,419
MTX,202607,2026-06-18 16:22:00,46876.0,46885.0,46867.0,46880.0,138
MTX,202607,2026-06-18 16:23:00,46881.0,46885.0,46868.0,46873.0,128
MTX,202607,2026-06-18 16:24:00,46873.0,46878.0,46865.0,46878.0,144
MTX,202607,2026-06-18 16:25:00,46879.0,46887.0,46874.0,46875.0,106
MTX,202607,2026-06-18 16:26:00,46873.0,46883.0,46862.0,46880.0,93
MTX,202607,2026-06-18 16:27:00,46879.0,46888.0,46872.0,46888.0,95
MTX,202607,2026-06-18 16:28:00,46887.0,46890.0,46881.0,46888.0,122
MTX,202607,2026-06-18 16:29:00,46888.0,46888.0,46866.0,46870.0,144
MTX,202607,2026-06-18 16:30:00,46874.0,46888.0,46870.0,46885.0,108
MTX,202607,2026-06-18 16:31:00,46883.0,46883.0,46861.0,46870.0,141
MTX,202607,2026-06-18 16:32:00,46873.0,46891.0,46863.0,46879.0,133
MTX,202607,2026-06-18 16:33:00,46880.0,46896.0,46869.0,46887.0,117
MTX,202607,2026-06-18 16:34:00,46888.0,46893.0,46873.0,46878.0,81
MTX,202607,2026-06-18 16:35:00,46880.0,46883.0,46861.0,46870.0,123
MTX,202607,2026-06-18 16:36:00,46873.0,46892.0,46873.0,46892.0,80
MTX,202607,2026-06-18 16:37:00,46892.0,46897.0,46881.0,46895.0,109
MTX,202607,2026-06-18 16:38:00,46896.0,46903.0,46889.0,46901.0,155
MTX,202607,2026-06-18 16:39:00,46901.0,46920.0,46901.0,46910.0,196
MTX,202607,2026-06-18 16:40:00,46911.0,46914.0,46905.0,46905.0,107
MTX,202607,2026-06-18 16:41:00,46907.0,46924.0,46904.0,46921.0,137
MTX,202607,2026-06-18 16:42:00,46925.0,46925.0,46915.0,46923.0,82
MTX,202607,2026-06-18 16:43:00,46921.0,46927.0,46905.0,46914.0,124
MTX,202607,2026-06-18 16:44:00,46913.0,46913.0,46897.0,46902.0,91
MTX,202607,2026-06-18 16:45:00,46901.0,46904.0,46895.0,46895.0,63
MTX,202607,2026-06-18 16:46:00,46895.0,46899.0,46882.0,46894.0,90
MTX,202607,2026-06-18 16:47:00,46894.0,46904.0,46878.0,46878.0,109
MTX,202607,2026-06-18 16:48:00,46880.0,46899.0,46880.0,46899.0,72
MTX,202607,2026-06-18 16:49:00,46900.0,46915.0,46895.0,46907.0,60
MTX,202607,2026-06-18 16:50:00,46904.0,46907.0,46895.0,46900.0,49
MTX,202607,2026-06-18 16:51:00,46898.0,46898.0,46885.0,46888.0,48
MTX,202607,2026-06-18 16:52:00,46888.0,46893.0,46850.0,46857.0,276
MTX,202607,2026-06-18 16:53:00,46856.0,46869.0,46853.0,46859.0,134
MTX,202607,2026-06-18 16:54:00,46858.0,46865.0,46850.0,46860.0,101
MTX,202607,2026-06-18 16:55:00,46861.0,46870.0,46844.0,46846.0,165
MTX,202607,2026-06-18 16:56:00,46849.0,46855.0,46800.0,46800.0,362
MTX,202607,2026-06-18 16:57:00,46802.0,46813.0,46780.0,46806.0,505
MTX,202607,2026-06-18 16:58:00,46803.0,46818.0,46798.0,46813.0,224
MTX,202607,2026-06-18 16:59:00,46813.0,46816.0,46803.0,46811.0,134
MTX,202607,2026-06-18 17:00:00,46811.0,46816.0,46768.0,46787.0,721
MTX,202607,2026-06-18 17:01:00,46785.0,46796.0,46775.0,46789.0,150
MTX,202607,2026-06-18 17:02:00,46791.0,46822.0,46791.0,46821.0,237
MTX,202607,2026-06-18 17:03:00,46823.0,46841.0,46815.0,46830.0,241
MTX,202607,2026-06-18 17:04:00,46828.0,46845.0,46828.0,46845.0,87
MTX,202607,2026-06-18 17:05:00,46844.0,46853.0,46833.0,46851.0,111
MTX,202607,2026-06-18 17:06:00,46851.0,46854.0,46838.0,46838.0,80
MTX,202607,2026-06-18 17:07:00,46846.0,46879.0,46845.0,46873.0,259
MTX,202607,2026-06-18 17:08:00,46870.0,46875.0,46859.0,46863.0,89
MTX,202607,2026-06-18 17:09:00,46863.0,46873.0,46850.0,46850.0,96
MTX,202607,2026-06-18 17:10:00,46849.0,46851.0,46825.0,46826.0,140
MTX,202607,2026-06-18 17:11:00,46825.0,46827.0,46808.0,46809.0,118
MTX,202607,2026-06-18 17:12:00,46811.0,46817.0,46797.0,46805.0,151
MTX,202607,2026-06-18 17:13:00,46808.0,46841.0,46808.0,46838.0,78
MTX,202607,2026-06-18 17:14:00,46838.0,46839.0,46818.0,46822.0,79
MTX,202607,2026-06-18 17:15:00,46821.0,46858.0,46821.0,46855.0,118
MTX,202607,2026-06-18 17:16:00,46850.0,46852.0,46827.0,46827.0,66
MTX,202607,2026-06-18 17:17:00,46831.0,46849.0,46827.0,46841.0,94
MTX,202607,2026-06-18 17:18:00,46842.0,46842.0,46827.0,46835.0,42
MTX,202607,2026-06-18 17:19:00,46833.0,46835.0,46826.0,46826.0,38
MTX,202607,2026-06-18 17:20:00,46826.0,46837.0,46822.0,46824.0,56
MTX,202607,2026-06-18 17:21:00,46827.0,46845.0,46825.0,46845.0,51
MTX,202607,2026-06-18 17:22:00,46845.0,46862.0,46845.0,46852.0,88
MTX,202607,2026-06-18 17:23:00,46852.0,46856.0,46831.0,46835.0,47
MTX,202607,2026-06-18 17:24:00,46834.0,46841.0,46820.0,46833.0,82
MTX,202607,2026-06-18 17:25:00,46832.0,46857.0,46832.0,46848.0,51
MTX,202607,2026-06-18 17:26:00,46849.0,46852.0,46836.0,46836.0,28
MTX,202607,2026-06-18 17:27:00,46836.0,46843.0,46831.0,46840.0,23
MTX,202607,2026-06-18 17:28:00,46837.0,46847.0,46837.0,46840.0,28
MTX,202607,2026-06-18 17:29:00,46840.0,46842.0,46833.0,46837.0,28
MTX,202607,2026-06-18 17:30:00,46832.0,46846.0,46826.0,46827.0,94
MTX,202607,2026-06-18 17:31:00,46822.0,46827.0,46816.0,46821.0,61
MTX,202607,2026-06-18 17:32:00,46821.0,46835.0,46821.0,46835.0,28
MTX,202607,2026-06-18 17:33:00,46839.0,46845.0,46822.0,46824.0,91
MTX,202607,2026-06-18 17:34:00,46823.0,46831.0,46813.0,46814.0,59
MTX,202607,2026-06-18 17:35:00,46816.0,46832.0,46815.0,46830.0,38
MTX,202607,2026-06-18 17:36:00,46828.0,46836.0,46827.0,46828.0,40
MTX,202607,2026-06-18 17:37:00,46833.0,46863.0,46833.0,46858.0,120
MTX,202607,2026-06-18 17:38:00,46861.0,46871.0,46859.0,46868.0,113
MTX,202607,2026-06-18 17:39:00,46866.0,46883.0,46866.0,46883.0,181
MTX,202607,2026-06-18 17:40:00,46884.0,46885.0,46868.0,46877.0,90
MTX,202607,2026-06-18 17:41:00,46879.0,46880.0,46871.0,46880.0,41
MTX,202607,2026-06-18 17:42:00,46878.0,46880.0,46873.0,46875.0,51
MTX,202607,2026-06-18 17:43:00,46874.0,46885.0,46865.0,46885.0,82
MTX,202607,2026-06-18 17:44:00,46884.0,46891.0,46880.0,46880.0,116
MTX,202607,2026-06-18 17:45:00,46879.0,46886.0,46876.0,46880.0,59
MTX,202607,2026-06-18 17:46:00,46877.0,46885.0,46872.0,46876.0,29
MTX,202607,2026-06-18 17:47:00,46875.0,46887.0,46875.0,46876.0,54
MTX,202607,2026-06-18 17:48:00,46876.0,46885.0,46874.0,46882.0,34
MTX,202607,2026-06-18 17:49:00,46884.0,46898.0,46882.0,46892.0,145
MTX,202607,2026-06-18 17:50:00,46889.0,46909.0,46888.0,46908.0,198
MTX,202607,2026-06-18 17:51:00,46907.0,46932.0,46905.0,46920.0,344
MTX,202607,2026-06-18 17:52:00,46919.0,46922.0,46907.0,46908.0,94
MTX,202607,2026-06-18 17:53:00,46908.0,46915.0,46903.0,46908.0,68
MTX,202607,2026-06-18 17:54:00,46911.0,46913.0,46898.0,46905.0,90
MTX,202607,2026-06-18 17:55:00,46902.0,46924.0,46902.0,46915.0,79
MTX,202607,2026-06-18 17:56:00,46915.0,46943.0,46911.0,46934.0,220
MTX,202607,2026-06-18 17:57:00,46933.0,46933.0,46924.0,46926.0,56
MTX,202607,2026-06-18 17:58:00,46928.0,46933.0,46922.0,46927.0,74
MTX,202607,2026-06-18 17:59:00,46926.0,46931.0,46917.0,46924.0,74
MTX,202607,2026-06-18 18:00:00,46926.0,46928.0,46910.0,46913.0,104
MTX,202607,2026-06-18 18:01:00,46911.0,46921.0,46907.0,46917.0,62
MTX,202607,2026-06-18 18:02:00,46915.0,46917.0,46902.0,46904.0,56
MTX,202607,2026-06-18 18:03:00,46902.0,46917.0,46902.0,46917.0,45
MTX,202607,2026-06-18 18:04:00,46918.0,46920.0,46905.0,46913.0,40
MTX,202607,2026-06-18 18:05:00,46913.0,46928.0,46908.0,46921.0,76
MTX,202607,2026-06-18 18:06:00,46916.0,46920.0,46903.0,46912.0,59
MTX,202607,2026-06-18 18:07:00,46911.0,46916.0,46903.0,46904.0,42
MTX,202607,2026-06-18 18:08:00,46908.0,46908.0,46888.0,46892.0,126
MTX,202607,2026-06-18 18:09:00,46894.0,46895.0,46887.0,46892.0,55
MTX,202607,2026-06-18 18:10:00,46891.0,46896.0,46888.0,46889.0,58
MTX,202607,2026-06-18 18:11:00,46887.0,46889.0,46878.0,46885.0,83
MTX,202607,2026-06-18 18:12:00,46885.0,46892.0,46885.0,46889.0,34
MTX,202607,2026-06-18 18:13:00,46890.0,46908.0,46888.0,46906.0,75
MTX,202607,2026-06-18 18:14:00,46905.0,46919.0,46902.0,46913.0,70
MTX,202607,2026-06-18 18:15:00,46912.0,46923.0,46912.0,46916.0,78
MTX,202607,2026-06-18 18:16:00,46916.0,46918.0,46912.0,46917.0,25
MTX,202607,2026-06-18 18:17:00,46912.0,46912.0,46906.0,46909.0,28
MTX,202607,2026-06-18 18:18:00,46907.0,46909.0,46897.0,46902.0,47
MTX,202607,2026-06-18 18:19:00,46909.0,46914.0,46905.0,46908.0,25
MTX,202607,2026-06-18 18:20:00,46908.0,46914.0,46904.0,46911.0,24
MTX,202607,2026-06-18 18:21:00,46911.0,46912.0,46904.0,46905.0,17
MTX,202607,2026-06-18 18:22:00,46904.0,46906.0,46899.0,46900.0,31
MTX,202607,2026-06-18 18:23:00,46899.0,46900.0,46891.0,46898.0,43
MTX,202607,2026-06-18 18:24:00,46898.0,46900.0,46887.0,46898.0,52
MTX,202607,2026-06-18 18:25:00,46897.0,46909.0,46895.0,46906.0,41
MTX,202607,2026-06-18 18:26:00,46907.0,46909.0,46901.0,46902.0,34
MTX,202607,2026-06-18 18:27:00,46902.0,46903.0,46891.0,46894.0,27
MTX,202607,2026-06-18 18:28:00,46893.0,46902.0,46893.0,46894.0,19
MTX,202607,2026-06-18 18:29:00,46900.0,46910.0,46900.0,46903.0,32
MTX,202607,2026-06-18 18:30:00,46908.0,46922.0,46907.0,46907.0,99
MTX,202607,2026-06-18 18:31:00,46908.0,46914.0,46906.0,46907.0,29
MTX,202607,2026-06-18 18:32:00,46911.0,46911.0,46901.0,46901.0,32
MTX,202607,2026-06-18 18:33:00,46900.0,46900.0,46859.0,46868.0,247
MTX,202607,2026-06-18 18:34:00,46870.0,46881.0,46869.0,46875.0,64
MTX,202607,2026-06-18 18:35:00,46875.0,46878.0,46870.0,46877.0,66
MTX,202607,2026-06-18 18:36:00,46874.0,46874.0,46851.0,46858.0,121
MTX,202607,2026-06-18 18:37:00,46857.0,46862.0,46842.0,46846.0,121
MTX,202607,2026-06-18 18:38:00,46848.0,46862.0,46848.0,46857.0,64
MTX,202607,2026-06-18 18:39:00,46857.0,46861.0,46853.0,46861.0,51
MTX,202607,2026-06-18 18:40:00,46860.0,46864.0,46855.0,46864.0,51
MTX,202607,2026-06-18 18:41:00,46865.0,46867.0,46850.0,46855.0,55
MTX,202607,2026-06-18 18:42:00,46855.0,46858.0,46842.0,46842.0,76
MTX,202607,2026-06-18 18:43:00,46842.0,46847.0,46814.0,46829.0,211
MTX,202607,2026-06-18 18:44:00,46832.0,46836.0,46812.0,46817.0,146
MTX,202607,2026-06-18 18:45:00,46816.0,46827.0,46808.0,46822.0,168
MTX,202607,2026-06-18 18:46:00,46824.0,46824.0,46797.0,46807.0,283
MTX,202607,2026-06-18 18:47:00,46810.0,46825.0,46810.0,46817.0,108
MTX,202607,2026-06-18 18:48:00,46819.0,46827.0,46812.0,46819.0,136
MTX,202607,2026-06-18 18:49:00,46818.0,46831.0,46816.0,46823.0,73
MTX,202607,2026-06-18 18:50:00,46824.0,46832.0,46820.0,46827.0,68
MTX,202607,2026-06-18 18:51:00,46828.0,46838.0,46827.0,46830.0,77
MTX,202607,2026-06-18 18:52:00,46831.0,46831.0,46823.0,46830.0,72
MTX,202607,2026-06-18 18:53:00,46832.0,46833.0,46821.0,46830.0,52
MTX,202607,2026-06-18 18:54:00,46827.0,46827.0,46818.0,46820.0,81
MTX,202607,2026-06-18 18:55:00,46820.0,46831.0,46819.0,46828.0,64
MTX,202607,2026-06-18 18:56:00,46828.0,46834.0,46825.0,46831.0,36
MTX,202607,2026-06-18 18:57:00,46830.0,46841.0,46829.0,46832.0,64
MTX,202607,2026-06-18 18:58:00,46832.0,46840.0,46830.0,46833.0,85
MTX,202607,2026-06-18 18:59:00,46835.0,46846.0,46835.0,46839.0,61
MTX,202607,2026-06-18 19:00:00,46839.0,46859.0,46831.0,46843.0,144
MTX,202607,2026-06-18 19:01:00,46844.0,46858.0,46840.0,46858.0,48
MTX,202607,2026-06-18 19:02:00,46858.0,46861.0,46847.0,46854.0,76
MTX,202607,2026-06-18 19:03:00,46852.0,46861.0,46848.0,46861.0,81
MTX,202607,2026-06-18 19:04:00,46861.0,46863.0,46848.0,46850.0,59
MTX,202607,2026-06-18 19:05:00,46854.0,46854.0,46818.0,46823.0,130
MTX,202607,2026-06-18 19:06:00,46827.0,46827.0,46800.0,46810.0,163
MTX,202607,2026-06-18 19:07:00,46811.0,46830.0,46809.0,46827.0,129
MTX,202607,2026-06-18 19:08:00,46825.0,46834.0,46823.0,46823.0,62
MTX,202607,2026-06-18 19:09:00,46826.0,46826.0,46778.0,46793.0,387
MTX,202607,2026-06-18 19:10:00,46794.0,46802.0,46787.0,46788.0,139
MTX,202607,2026-06-18 19:11:00,46790.0,46793.0,46777.0,46789.0,154
MTX,202607,2026-06-18 19:12:00,46790.0,46807.0,46789.0,46799.0,115
MTX,202607,2026-06-18 19:13:00,46799.0,46804.0,46785.0,46789.0,68
MTX,202607,2026-06-18 19:14:00,46790.0,46814.0,46788.0,46813.0,72
MTX,202607,2026-06-18 19:15:00,46813.0,46815.0,46798.0,46806.0,54
MTX,202607,2026-06-18 19:16:00,46806.0,46806.0,46795.0,46806.0,78
MTX,202607,2026-06-18 19:17:00,46802.0,46805.0,46788.0,46793.0,74
MTX,202607,2026-06-18 19:18:00,46793.0,46794.0,46782.0,46787.0,63
MTX,202607,2026-06-18 19:19:00,46790.0,46792.0,46776.0,46787.0,86
MTX,202607,2026-06-18 19:20:00,46787.0,46805.0,46782.0,46798.0,97
MTX,202607,2026-06-18 19:21:00,46799.0,46799.0,46778.0,46791.0,110
MTX,202607,2026-06-18 19:22:00,46790.0,46800.0,46786.0,46790.0,48
MTX,202607,2026-06-18 19:23:00,46793.0,46798.0,46788.0,46788.0,71
MTX,202607,2026-06-18 19:24:00,46789.0,46808.0,46786.0,46806.0,80
MTX,202607,2026-06-18 19:25:00,46807.0,46830.0,46805.0,46830.0,181
MTX,202607,2026-06-18 19:26:00,46829.0,46830.0,46821.0,46829.0,78
MTX,202607,2026-06-18 19:27:00,46829.0,46833.0,46819.0,46823.0,105
MTX,202607,2026-06-18 19:28:00,46822.0,46831.0,46809.0,46810.0,63
MTX,202607,2026-06-18 19:29:00,46813.0,46825.0,46813.0,46825.0,51
MTX,202607,2026-06-18 19:30:00,46823.0,46831.0,46817.0,46818.0,46
MTX,202607,2026-06-18 19:31:00,46817.0,46839.0,46816.0,46839.0,132
MTX,202607,2026-06-18 19:32:00,46838.0,46839.0,46824.0,46827.0,66
MTX,202607,2026-06-18 19:33:00,46826.0,46828.0,46803.0,46809.0,71
MTX,202607,2026-06-18 19:34:00,46809.0,46819.0,46795.0,46806.0,51
MTX,202607,2026-06-18 19:35:00,46810.0,46820.0,46799.0,46800.0,45
MTX,202607,2026-06-18 19:36:00,46801.0,46805.0,46797.0,46800.0,39
MTX,202607,2026-06-18 19:37:00,46800.0,46806.0,46785.0,46789.0,126
MTX,202607,2026-06-18 19:38:00,46788.0,46789.0,46735.0,46762.0,756
MTX,202607,2026-06-18 19:39:00,46762.0,46766.0,46750.0,46752.0,155
MTX,202607,2026-06-18 19:40:00,46751.0,46760.0,46731.0,46743.0,266
MTX,202607,2026-06-18 19:41:00,46743.0,46758.0,46736.0,46755.0,199
MTX,202607,2026-06-18 19:42:00,46758.0,46768.0,46752.0,46756.0,125
MTX,202607,2026-06-18 19:43:00,46757.0,46784.0,46757.0,46781.0,156
MTX,202607,2026-06-18 19:44:00,46780.0,46803.0,46779.0,46790.0,164
MTX,202607,2026-06-18 19:45:00,46790.0,46797.0,46785.0,46791.0,68
MTX,202607,2026-06-18 19:46:00,46791.0,46793.0,46778.0,46783.0,87
MTX,202607,2026-06-18 19:47:00,46784.0,46788.0,46764.0,46765.0,105
MTX,202607,2026-06-18 19:48:00,46768.0,46773.0,46766.0,46771.0,57
MTX,202607,2026-06-18 19:49:00,46768.0,46770.0,46756.0,46764.0,79
MTX,202607,2026-06-18 19:50:00,46767.0,46777.0,46750.0,46777.0,106
MTX,202607,2026-06-18 19:51:00,46778.0,46802.0,46775.0,46792.0,140
MTX,202607,2026-06-18 19:52:00,46795.0,46815.0,46789.0,46812.0,160
MTX,202607,2026-06-18 19:53:00,46810.0,46825.0,46803.0,46813.0,186
MTX,202607,2026-06-18 19:54:00,46814.0,46817.0,46806.0,46808.0,58
MTX,202607,2026-06-18 19:55:00,46809.0,46810.0,46793.0,46804.0,87
MTX,202607,2026-06-18 19:56:00,46806.0,46807.0,46799.0,46803.0,39
MTX,202607,2026-06-18 19:57:00,46804.0,46814.0,46803.0,46814.0,65
MTX,202607,2026-06-18 19:58:00,46813.0,46823.0,46810.0,46818.0,111
MTX,202607,2026-06-18 19:59:00,46819.0,46832.0,46817.0,46830.0,106
MTX,202607,2026-06-18 20:00:00,46830.0,46833.0,46805.0,46817.0,140
MTX,202607,2026-06-18 20:01:00,46817.0,46821.0,46810.0,46815.0,41
MTX,202607,2026-06-18 20:02:00,46817.0,46819.0,46804.0,46808.0,50
MTX,202607,2026-06-18 20:03:00,46807.0,46835.0,46804.0,46834.0,115
MTX,202607,2026-06-18 20:04:00,46832.0,46839.0,46823.0,46833.0,100
MTX,202607,2026-06-18 20:05:00,46831.0,46832.0,46820.0,46820.0,57
MTX,202607,2026-06-18 20:06:00,46826.0,46832.0,46817.0,46830.0,43
MTX,202607,2026-06-18 20:07:00,46829.0,46832.0,46814.0,46831.0,40
MTX,202607,2026-06-18 20:08:00,46827.0,46844.0,46826.0,46831.0,94
MTX,202607,2026-06-18 20:09:00,46831.0,46831.0,46824.0,46824.0,28
MTX,202607,2026-06-18 20:10:00,46825.0,46854.0,46824.0,46849.0,200
MTX,202607,2026-06-18 20:11:00,46848.0,46860.0,46842.0,46850.0,115
MTX,202607,2026-06-18 20:12:00,46849.0,46862.0,46844.0,46859.0,90
MTX,202607,2026-06-18 20:13:00,46858.0,46865.0,46855.0,46863.0,105
MTX,202607,2026-06-18 20:14:00,46861.0,46867.0,46856.0,46867.0,85
MTX,202607,2026-06-18 20:15:00,46867.0,46874.0,46856.0,46858.0,194
MTX,202607,2026-06-18 20:16:00,46858.0,46862.0,46840.0,46846.0,101
MTX,202607,2026-06-18 20:17:00,46846.0,46853.0,46841.0,46848.0,66
MTX,202607,2026-06-18 20:18:00,46845.0,46854.0,46842.0,46850.0,64
MTX,202607,2026-06-18 20:19:00,46847.0,46858.0,46842.0,46856.0,71
MTX,202607,2026-06-18 20:20:00,46857.0,46883.0,46856.0,46879.0,165
MTX,202607,2026-06-18 20:21:00,46879.0,46885.0,46865.0,46881.0,116
MTX,202607,2026-06-18 20:22:00,46881.0,46890.0,46873.0,46873.0,146
MTX,202607,2026-06-18 20:23:00,46875.0,46875.0,46862.0,46862.0,52
MTX,202607,2026-06-18 20:24:00,46862.0,46887.0,46862.0,46886.0,96
MTX,202607,2026-06-18 20:25:00,46888.0,46894.0,46886.0,46890.0,80
MTX,202607,2026-06-18 20:26:00,46887.0,46889.0,46870.0,46882.0,100
MTX,202607,2026-06-18 20:27:00,46878.0,46878.0,46870.0,46870.0,31
MTX,202607,2026-06-18 20:28:00,46870.0,46874.0,46870.0,46871.0,40
MTX,202607,2026-06-18 20:29:00,46870.0,46886.0,46863.0,46875.0,113
MTX,202607,2026-06-18 20:30:00,46878.0,46892.0,46875.0,46888.0,143
MTX,202607,2026-06-18 20:31:00,46888.0,46905.0,46882.0,46898.0,227
MTX,202607,2026-06-18 20:32:00,46898.0,46900.0,46887.0,46892.0,71
MTX,202607,2026-06-18 20:33:00,46892.0,46894.0,46881.0,46883.0,50
MTX,202607,2026-06-18 20:34:00,46881.0,46888.0,46875.0,46883.0,71
MTX,202607,2026-06-18 20:35:00,46881.0,46904.0,46881.0,46904.0,112
MTX,202607,2026-06-18 20:36:00,46903.0,46923.0,46900.0,46911.0,253
MTX,202607,2026-06-18 20:37:00,46914.0,46914.0,46900.0,46908.0,63
MTX,202607,2026-06-18 20:38:00,46907.0,46913.0,46892.0,46903.0,81
MTX,202607,2026-06-18 20:39:00,46902.0,46902.0,46891.0,46893.0,53
MTX,202607,2026-06-18 20:40:00,46893.0,46903.0,46893.0,46900.0,69
MTX,202607,2026-06-18 20:41:00,46900.0,46903.0,46894.0,46900.0,55
MTX,202607,2026-06-18 20:42:00,46896.0,46925.0,46896.0,46924.0,191
MTX,202607,2026-06-18 20:43:00,46923.0,46924.0,46904.0,46910.0,82
MTX,202607,2026-06-18 20:44:00,46910.0,46911.0,46892.0,46899.0,87
MTX,202607,2026-06-18 20:45:00,46902.0,46916.0,46898.0,46908.0,75
MTX,202607,2026-06-18 20:46:00,46903.0,46915.0,46902.0,46912.0,38
MTX,202607,2026-06-18 20:47:00,46910.0,46913.0,46906.0,46908.0,37
MTX,202607,2026-06-18 20:48:00,46906.0,46916.0,46895.0,46895.0,101
MTX,202607,2026-06-18 20:49:00,46895.0,46911.0,46891.0,46905.0,119
MTX,202607,2026-06-18 20:50:00,46904.0,46904.0,46891.0,46893.0,57
MTX,202607,2026-06-18 20:51:00,46893.0,46896.0,46884.0,46890.0,115
MTX,202607,2026-06-18 20:52:00,46893.0,46894.0,46877.0,46880.0,113
MTX,202607,2026-06-18 20:53:00,46881.0,46893.0,46879.0,46893.0,69
MTX,202607,2026-06-18 20:54:00,46893.0,46898.0,46883.0,46896.0,67
MTX,202607,2026-06-18 20:55:00,46896.0,46913.0,46896.0,46902.0,120
MTX,202607,2026-06-18 20:56:00,46902.0,46912.0,46900.0,46905.0,41
MTX,202607,2026-06-18 20:57:00,46909.0,46976.0,46908.0,46966.0,777
MTX,202607,2026-06-18 20:58:00,46966.0,46967.0,46944.0,46952.0,226
MTX,202607,2026-06-18 20:59:00,46950.0,46954.0,46936.0,46946.0,163
MTX,202607,2026-06-18 21:00:00,46940.0,46949.0,46935.0,46941.0,154
MTX,202607,2026-06-18 21:01:00,46942.0,46943.0,46911.0,46916.0,167
MTX,202607,2026-06-18 21:02:00,46918.0,46928.0,46915.0,46926.0,105
MTX,202607,2026-06-18 21:03:00,46922.0,46931.0,46908.0,46909.0,119
MTX,202607,2026-06-18 21:04:00,46909.0,46913.0,46900.0,46907.0,91
MTX,202607,2026-06-18 21:05:00,46906.0,46915.0,46900.0,46911.0,121
MTX,202607,2026-06-18 21:06:00,46913.0,46926.0,46900.0,46909.0,94
MTX,202607,2026-06-18 21:07:00,46913.0,46917.0,46907.0,46909.0,52
MTX,202607,2026-06-18 21:08:00,46912.0,46921.0,46907.0,46920.0,76
MTX,202607,2026-06-18 21:09:00,46920.0,46936.0,46920.0,46921.0,108
MTX,202607,2026-06-18 21:10:00,46924.0,46939.0,46915.0,46936.0,107
MTX,202607,2026-06-18 21:11:00,46936.0,46948.0,46925.0,46948.0,135
MTX,202607,2026-06-18 21:12:00,46944.0,46944.0,46930.0,46937.0,76
MTX,202607,2026-06-18 21:13:00,46936.0,46942.0,46933.0,46936.0,39
MTX,202607,2026-06-18 21:14:00,46935.0,46938.0,46924.0,46933.0,88
MTX,202607,2026-06-18 21:15:00,46933.0,46945.0,46930.0,46937.0,110
MTX,202607,2026-06-18 21:16:00,46938.0,46942.0,46935.0,46941.0,49
MTX,202607,2026-06-18 21:17:00,46941.0,46953.0,46937.0,46940.0,91
MTX,202607,2026-06-18 21:18:00,46941.0,46959.0,46938.0,46955.0,111
MTX,202607,2026-06-18 21:19:00,46951.0,46951.0,46942.0,46942.0,80
MTX,202607,2026-06-18 21:20:00,46941.0,46953.0,46938.0,46945.0,62
MTX,202607,2026-06-18 21:21:00,46947.0,46958.0,46942.0,46945.0,124
MTX,202607,2026-06-18 21:22:00,46943.0,46951.0,46940.0,46947.0,53
MTX,202607,2026-06-18 21:23:00,46945.0,46955.0,46937.0,46953.0,78
MTX,202607,2026-06-18 21:24:00,46952.0,46952.0,46920.0,46926.0,137
MTX,202607,2026-06-18 21:25:00,46927.0,46955.0,46927.0,46938.0,172
MTX,202607,2026-06-18 21:26:00,46942.0,46963.0,46936.0,46954.0,122
MTX,202607,2026-06-18 21:27:00,46952.0,46978.0,46947.0,46976.0,274
MTX,202607,2026-06-18 21:28:00,46972.0,47020.0,46958.0,46996.0,1180
MTX,202607,2026-06-18 21:29:00,46997.0,47003.0,46974.0,46982.0,313
MTX,202607,2026-06-18 21:30:00,46979.0,47079.0,46960.0,47028.0,1615
MTX,202607,2026-06-18 21:31:00,47029.0,47088.0,47002.0,47088.0,935
MTX,202607,2026-06-18 21:32:00,47088.0,47112.0,47073.0,47110.0,1007
MTX,202607,2026-06-18 21:33:00,47112.0,47142.0,47106.0,47110.0,878
MTX,202607,2026-06-18 21:34:00,47113.0,47121.0,47057.0,47059.0,860
MTX,202607,2026-06-18 21:35:00,47063.0,47108.0,47051.0,47088.0,688
MTX,202607,2026-06-18 21:36:00,47086.0,47112.0,47060.0,47063.0,524
MTX,202607,2026-06-18 21:37:00,47066.0,47100.0,47046.0,47089.0,570
MTX,202607,2026-06-18 21:38:00,47091.0,47115.0,47084.0,47098.0,470
MTX,202607,2026-06-18 21:39:00,47096.0,47128.0,47085.0,47116.0,514
MTX,202607,2026-06-18 21:40:00,47115.0,47133.0,47083.0,47125.0,509
MTX,202607,2026-06-18 21:41:00,47122.0,47139.0,47109.0,47130.0,481
MTX,202607,2026-06-18 21:42:00,47125.0,47150.0,47115.0,47145.0,535
MTX,202607,2026-06-18 21:43:00,47148.0,47149.0,47079.0,47087.0,523
MTX,202607,2026-06-18 21:44:00,47086.0,47095.0,47058.0,47063.0,563
MTX,202607,2026-06-18 21:45:00,47067.0,47121.0,47067.0,47104.0,512
MTX,202607,2026-06-18 21:46:00,47102.0,47126.0,47084.0,47115.0,379
MTX,202607,2026-06-18 21:47:00,47112.0,47113.0,47083.0,47098.0,242
MTX,202607,2026-06-18 21:48:00,47100.0,47115.0,47084.0,47086.0,280
MTX,202607,2026-06-18 21:49:00,47089.0,47143.0,47087.0,47140.0,430
MTX,202607,2026-06-18 21:50:00,47137.0,47141.0,47107.0,47127.0,396
MTX,202607,2026-06-18 21:51:00,47127.0,47137.0,47108.0,47127.0,281
MTX,202607,2026-06-18 21:52:00,47127.0,47135.0,47116.0,47128.0,159
MTX,202607,2026-06-18 21:53:00,47128.0,47136.0,47124.0,47131.0,174
MTX,202607,2026-06-18 21:54:00,47130.0,47131.0,47081.0,47094.0,426
MTX,202607,2026-06-18 21:55:00,47096.0,47124.0,47086.0,47105.0,292
MTX,202607,2026-06-18 21:56:00,47109.0,47121.0,47096.0,47104.0,182
MTX,202607,2026-06-18 21:57:00,47105.0,47106.0,47066.0,47069.0,477
MTX,202607,2026-06-18 21:58:00,47074.0,47087.0,47061.0,47069.0,320
MTX,202607,2026-06-18 21:59:00,47071.0,47119.0,47057.0,47116.0,442
MTX,202607,2026-06-18 22:00:00,47116.0,47128.0,47088.0,47125.0,454
MTX,202607,2026-06-18 22:01:00,47127.0,47142.0,47113.0,47118.0,485
MTX,202607,2026-06-18 22:02:00,47119.0,47145.0,47119.0,47145.0,241
MTX,202607,2026-06-18 22:03:00,47140.0,47175.0,47137.0,47170.0,1004
MTX,202607,2026-06-18 22:04:00,47170.0,47175.0,47157.0,47165.0,375
MTX,202607,2026-06-18 22:05:00,47163.0,47164.0,47130.0,47139.0,374
MTX,202607,2026-06-18 22:06:00,47138.0,47177.0,47136.0,47170.0,369
MTX,202607,2026-06-18 22:07:00,47170.0,47180.0,47159.0,47180.0,303
MTX,202607,2026-06-18 22:08:00,47174.0,47175.0,47145.0,47170.0,218
MTX,202607,2026-06-18 22:09:00,47165.0,47185.0,47163.0,47173.0,299
MTX,202607,2026-06-18 22:10:00,47172.0,47177.0,47149.0,47153.0,222
MTX,202607,2026-06-18 22:11:00,47152.0,47161.0,47141.0,47148.0,244
MTX,202607,2026-06-18 22:12:00,47149.0,47161.0,47140.0,47144.0,173
MTX,202607,2026-06-18 22:13:00,47149.0,47156.0,47124.0,47128.0,317
MTX,202607,2026-06-18 22:14:00,47130.0,47148.0,47121.0,47148.0,190
MTX,202607,2026-06-18 22:15:00,47144.0,47151.0,47118.0,47137.0,247
MTX,202607,2026-06-18 22:16:00,47137.0,47175.0,47135.0,47173.0,339
MTX,202607,2026-06-18 22:17:00,47168.0,47181.0,47160.0,47180.0,260
MTX,202607,2026-06-18 22:18:00,47179.0,47193.0,47172.0,47192.0,310
MTX,202607,2026-06-18 22:19:00,47190.0,47208.0,47180.0,47198.0,517
MTX,202607,2026-06-18 22:20:00,47199.0,47203.0,47186.0,47194.0,343
MTX,202607,2026-06-18 22:21:00,47195.0,47214.0,47192.0,47202.0,356
MTX,202607,2026-06-18 22:22:00,47205.0,47218.0,47195.0,47217.0,309
MTX,202607,2026-06-18 22:23:00,47216.0,47258.0,47215.0,47258.0,753
MTX,202607,2026-06-18 22:24:00,47258.0,47271.0,47254.0,47270.0,468
MTX,202607,2026-06-18 22:25:00,47269.0,47270.0,47251.0,47265.0,391
MTX,202607,2026-06-18 22:26:00,47267.0,47268.0,47237.0,47240.0,387
MTX,202607,2026-06-18 22:27:00,47237.0,47253.0,47234.0,47238.0,295
MTX,202607,2026-06-18 22:28:00,47238.0,47240.0,47210.0,47215.0,437
MTX,202607,2026-06-18 22:29:00,47215.0,47234.0,47206.0,47216.0,321
MTX,202607,2026-06-18 22:30:00,47213.0,47233.0,47183.0,47191.0,715
MTX,202607,2026-06-18 22:31:00,47193.0,47226.0,47191.0,47215.0,326
MTX,202607,2026-06-18 22:32:00,47218.0,47224.0,47183.0,47193.0,305
MTX,202607,2026-06-18 22:33:00,47188.0,47221.0,47188.0,47219.0,196
MTX,202607,2026-06-18 22:34:00,47215.0,47236.0,47211.0,47235.0,216
MTX,202607,2026-06-18 22:35:00,47233.0,47239.0,47221.0,47236.0,255
MTX,202607,2026-06-18 22:36:00,47231.0,47266.0,47224.0,47259.0,408
MTX,202607,2026-06-18 22:37:00,47260.0,47282.0,47252.0,47279.0,454
MTX,202607,2026-06-18 22:38:00,47279.0,47279.0,47257.0,47261.0,341
MTX,202607,2026-06-18 22:39:00,47263.0,47263.0,47250.0,47250.0,171
MTX,202607,2026-06-18 22:40:00,47252.0,47258.0,47241.0,47245.0,162
MTX,202607,2026-06-18 22:41:00,47247.0,47248.0,47228.0,47232.0,205
MTX,202607,2026-06-18 22:42:00,47234.0,47249.0,47232.0,47244.0,134
MTX,202607,2026-06-18 22:43:00,47245.0,47260.0,47237.0,47250.0,146
MTX,202607,2026-06-18 22:44:00,47248.0,47259.0,47245.0,47248.0,124
MTX,202607,2026-06-18 22:45:00,47246.0,47268.0,47245.0,47263.0,203
MTX,202607,2026-06-18 22:46:00,47264.0,47284.0,47262.0,47281.0,284
MTX,202607,2026-06-18 22:47:00,47278.0,47294.0,47268.0,47288.0,323
MTX,202607,2026-06-18 22:48:00,47284.0,47294.0,47276.0,47290.0,235
MTX,202607,2026-06-18 22:49:00,47287.0,47288.0,47274.0,47286.0,145
MTX,202607,2026-06-18 22:50:00,47285.0,47286.0,47261.0,47265.0,201
MTX,202607,2026-06-18 22:51:00,47267.0,47270.0,47250.0,47256.0,219
MTX,202607,2026-06-18 22:52:00,47258.0,47278.0,47257.0,47258.0,183
MTX,202607,2026-06-18 22:53:00,47258.0,47263.0,47250.0,47257.0,137
MTX,202607,2026-06-18 22:54:00,47260.0,47272.0,47260.0,47264.0,79
MTX,202607,2026-06-18 22:55:00,47264.0,47270.0,47254.0,47254.0,104
MTX,202607,2026-06-18 22:56:00,47255.0,47265.0,47238.0,47261.0,273
MTX,202607,2026-06-18 22:57:00,47262.0,47271.0,47260.0,47271.0,115
MTX,202607,2026-06-18 22:58:00,47270.0,47294.0,47267.0,47293.0,310
MTX,202607,2026-06-18 22:59:00,47291.0,47292.0,47258.0,47262.0,216
MTX,202607,2026-06-18 23:00:00,47263.0,47269.0,47242.0,47254.0,362
MTX,202607,2026-06-18 23:01:00,47250.0,47257.0,47240.0,47243.0,178
MTX,202607,2026-06-18 23:02:00,47241.0,47247.0,47225.0,47229.0,319
MTX,202607,2026-06-18 23:03:00,47230.0,47242.0,47226.0,47242.0,188
MTX,202607,2026-06-18 23:04:00,47242.0,47267.0,47242.0,47260.0,226
MTX,202607,2026-06-18 23:05:00,47258.0,47261.0,47241.0,47243.0,114
MTX,202607,2026-06-18 23:06:00,47246.0,47253.0,47235.0,47253.0,117
MTX,202607,2026-06-18 23:07:00,47252.0,47257.0,47236.0,47257.0,73
MTX,202607,2026-06-18 23:08:00,47255.0,47274.0,47248.0,47272.0,219
MTX,202607,2026-06-18 23:09:00,47267.0,47271.0,47257.0,47265.0,92
MTX,202607,2026-06-18 23:10:00,47267.0,47272.0,47246.0,47266.0,140
MTX,202607,2026-06-18 23:11:00,47267.0,47273.0,47263.0,47268.0,65
MTX,202607,2026-06-18 23:12:00,47266.0,47267.0,47254.0,47260.0,88
MTX,202607,2026-06-18 23:13:00,47260.0,47260.0,47247.0,47260.0,87
MTX,202607,2026-06-18 23:14:00,47259.0,47265.0,47230.0,47230.0,181
MTX,202607,2026-06-18 23:15:00,47231.0,47253.0,47231.0,47249.0,175
MTX,202607,2026-06-18 23:16:00,47249.0,47257.0,47245.0,47247.0,67
MTX,202607,2026-06-18 23:17:00,47245.0,47248.0,47228.0,47233.0,100
MTX,202607,2026-06-18 23:18:00,47233.0,47245.0,47231.0,47233.0,90
MTX,202607,2026-06-18 23:19:00,47232.0,47232.0,47205.0,47222.0,358
MTX,202607,2026-06-18 23:20:00,47224.0,47260.0,47220.0,47246.0,222
MTX,202607,2026-06-18 23:21:00,47245.0,47252.0,47237.0,47240.0,103
MTX,202607,2026-06-18 23:22:00,47241.0,47241.0,47220.0,47220.0,118
MTX,202607,2026-06-18 23:23:00,47221.0,47234.0,47204.0,47231.0,235
MTX,202607,2026-06-18 23:24:00,47228.0,47240.0,47212.0,47214.0,138
MTX,202607,2026-06-18 23:25:00,47216.0,47234.0,47216.0,47222.0,94
MTX,202607,2026-06-18 23:26:00,47227.0,47235.0,47220.0,47229.0,82
MTX,202607,2026-06-18 23:27:00,47230.0,47250.0,47223.0,47247.0,152
MTX,202607,2026-06-18 23:28:00,47246.0,47248.0,47214.0,47220.0,174
MTX,202607,2026-06-18 23:29:00,47220.0,47222.0,47190.0,47199.0,425
MTX,202607,2026-06-18 23:30:00,47196.0,47227.0,47196.0,47227.0,245
MTX,202607,2026-06-18 23:31:00,47226.0,47235.0,47219.0,47221.0,142
MTX,202607,2026-06-18 23:32:00,47218.0,47219.0,47195.0,47196.0,181
MTX,202607,2026-06-18 23:33:00,47201.0,47208.0,47182.0,47191.0,315
MTX,202607,2026-06-18 23:34:00,47191.0,47220.0,47191.0,47205.0,169
MTX,202607,2026-06-18 23:35:00,47201.0,47203.0,47170.0,47176.0,339
MTX,202607,2026-06-18 23:36:00,47177.0,47178.0,47152.0,47168.0,476
MTX,202607,2026-06-18 23:37:00,47168.0,47185.0,47154.0,47183.0,243
MTX,202607,2026-06-18 23:38:00,47184.0,47193.0,47135.0,47136.0,464
MTX,202607,2026-06-18 23:39:00,47141.0,47190.0,47135.0,47185.0,321
MTX,202607,2026-06-18 23:40:00,47184.0,47198.0,47172.0,47192.0,209
MTX,202607,2026-06-18 23:41:00,47192.0,47222.0,47189.0,47209.0,346
MTX,202607,2026-06-18 23:42:00,47211.0,47224.0,47205.0,47211.0,170
MTX,202607,2026-06-18 23:43:00,47216.0,47217.0,47194.0,47211.0,143
MTX,202607,2026-06-18 23:44:00,47206.0,47219.0,47195.0,47213.0,132
MTX,202607,2026-06-18 23:45:00,47214.0,47214.0,47186.0,47205.0,164
MTX,202607,2026-06-18 23:46:00,47205.0,47209.0,47195.0,47200.0,83
MTX,202607,2026-06-18 23:47:00,47203.0,47222.0,47198.0,47219.0,169
MTX,202607,2026-06-18 23:48:00,47220.0,47220.0,47201.0,47217.0,76
MTX,202607,2026-06-18 23:49:00,47217.0,47240.0,47217.0,47238.0,400
MTX,202607,2026-06-18 23:50:00,47237.0,47246.0,47236.0,47237.0,170
MTX,202607,2026-06-18 23:51:00,47240.0,47244.0,47232.0,47234.0,131
MTX,202607,2026-06-18 23:52:00,47232.0,47258.0,47231.0,47250.0,220
MTX,202607,2026-06-18 23:53:00,47248.0,47268.0,47246.0,47255.0,268
MTX,202607,2026-06-18 23:54:00,47252.0,47254.0,47233.0,47236.0,167
MTX,202607,2026-06-18 23:55:00,47235.0,47252.0,47235.0,47247.0,78
MTX,202607,2026-06-18 23:56:00,47250.0,47259.0,47242.0,47254.0,127
MTX,202607,2026-06-18 23:57:00,47253.0,47271.0,47249.0,47271.0,168
MTX,202607,2026-06-18 23:58:00,47271.0,47277.0,47264.0,47274.0,208
MTX,202607,2026-06-18 23:59:00,47271.0,47275.0,47261.0,47270.0,91
MTX,202607,2026-06-19 00:00:00,47270.0,47328.0,47270.0,47319.0,1423
MTX,202607,2026-06-19 00:01:00,47319.0,47325.0,47306.0,47314.0,277
MTX,202607,2026-06-19 00:02:00,47313.0,47338.0,47306.0,47327.0,493
MTX,202607,2026-06-19 00:03:00,47329.0,47340.0,47317.0,47338.0,247
MTX,202607,2026-06-19 00:04:00,47338.0,47348.0,47321.0,47325.0,260
MTX,202607,2026-06-19 00:05:00,47322.0,47339.0,47314.0,47337.0,233
MTX,202607,2026-06-19 00:06:00,47335.0,47341.0,47327.0,47332.0,162
MTX,202607,2026-06-19 00:07:00,47331.0,47332.0,47300.0,47324.0,283
MTX,202607,2026-06-19 00:08:00,47325.0,47330.0,47300.0,47304.0,195
MTX,202607,2026-06-19 00:09:00,47302.0,47318.0,47294.0,47312.0,259
MTX,202607,2026-06-19 00:10:00,47310.0,47311.0,47295.0,47300.0,102
MTX,202607,2026-06-19 00:11:00,47300.0,47330.0,47299.0,47326.0,165
MTX,202607,2026-06-19 00:12:00,47325.0,47329.0,47310.0,47329.0,100
MTX,202607,2026-06-19 00:13:00,47325.0,47329.0,47316.0,47328.0,83
MTX,202607,2026-06-19 00:14:00,47329.0,47338.0,47322.0,47330.0,127
MTX,202607,2026-06-19 00:15:00,47333.0,47336.0,47311.0,47320.0,138
MTX,202607,2026-06-19 00:16:00,47320.0,47325.0,47313.0,47313.0,82
MTX,202607,2026-06-19 00:17:00,47314.0,47337.0,47314.0,47332.0,105
MTX,202607,2026-06-19 00:18:00,47332.0,47333.0,47313.0,47321.0,97
MTX,202607,2026-06-19 00:19:00,47317.0,47328.0,47306.0,47327.0,119
MTX,202607,2026-06-19 00:20:00,47323.0,47340.0,47321.0,47340.0,151
MTX,202607,2026-06-19 00:21:00,47337.0,47367.0,47336.0,47364.0,685
MTX,202607,2026-06-19 00:22:00,47362.0,47366.0,47351.0,47353.0,210
MTX,202607,2026-06-19 00:23:00,47354.0,47367.0,47354.0,47361.0,150
MTX,202607,2026-06-19 00:24:00,47361.0,47368.0,47356.0,47359.0,176
MTX,202607,2026-06-19 00:25:00,47360.0,47372.0,47345.0,47357.0,286
MTX,202607,2026-06-19 00:26:00,47358.0,47369.0,47354.0,47363.0,116
MTX,202607,2026-06-19 00:27:00,47360.0,47366.0,47350.0,47351.0,77
MTX,202607,2026-06-19 00:28:00,47350.0,47358.0,47348.0,47354.0,75
MTX,202607,2026-06-19 00:29:00,47354.0,47354.0,47346.0,47350.0,82
MTX,202607,2026-06-19 00:30:00,47350.0,47360.0,47338.0,47357.0,141
MTX,202607,2026-06-19 00:31:00,47351.0,47363.0,47346.0,47361.0,80
MTX,202607,2026-06-19 00:32:00,47362.0,47362.0,47350.0,47360.0,74
MTX,202607,2026-06-19 00:33:00,47359.0,47371.0,47355.0,47361.0,137
MTX,202607,2026-06-19 00:34:00,47360.0,47377.0,47360.0,47374.0,120
MTX,202607,2026-06-19 00:35:00,47377.0,47382.0,47360.0,47361.0,176
MTX,202607,2026-06-19 00:36:00,47363.0,47370.0,47356.0,47370.0,124
MTX,202607,2026-06-19 00:37:00,47370.0,47386.0,47366.0,47380.0,178
MTX,202607,2026-06-19 00:38:00,47379.0,47379.0,47365.0,47373.0,83
MTX,202607,2026-06-19 00:39:00,47376.0,47386.0,47374.0,47376.0,110
MTX,202607,2026-06-19 00:40:00,47374.0,47374.0,47362.0,47364.0,85
MTX,202607,2026-06-19 00:41:00,47364.0,47379.0,47364.0,47369.0,68
MTX,202607,2026-06-19 00:42:00,47370.0,47380.0,47367.0,47379.0,64
MTX,202607,2026-06-19 00:43:00,47377.0,47387.0,47377.0,47387.0,69
MTX,202607,2026-06-19 00:44:00,47383.0,47388.0,47374.0,47374.0,80
MTX,202607,2026-06-19 00:45:00,47374.0,47388.0,47367.0,47386.0,95
MTX,202607,2026-06-19 00:46:00,47382.0,47382.0,47369.0,47369.0,80
MTX,202607,2026-06-19 00:47:00,47370.0,47379.0,47363.0,47375.0,89
MTX,202607,2026-06-19 00:48:00,47371.0,47378.0,47370.0,47370.0,41
MTX,202607,2026-06-19 00:49:00,47374.0,47381.0,47368.0,47370.0,66
MTX,202607,2026-06-19 00:50:00,47369.0,47369.0,47345.0,47350.0,217
MTX,202607,2026-06-19 00:51:00,47349.0,47353.0,47342.0,47351.0,126
MTX,202607,2026-06-19 00:52:00,47350.0,47359.0,47349.0,47356.0,73
MTX,202607,2026-06-19 00:53:00,47356.0,47364.0,47345.0,47348.0,68
MTX,202607,2026-06-19 00:54:00,47346.0,47355.0,47332.0,47332.0,162
MTX,202607,2026-06-19 00:55:00,47336.0,47338.0,47321.0,47324.0,196
MTX,202607,2026-06-19 00:56:00,47326.0,47340.0,47324.0,47337.0,117
MTX,202607,2026-06-19 00:57:00,47336.0,47355.0,47335.0,47354.0,124
MTX,202607,2026-06-19 00:58:00,47355.0,47356.0,47346.0,47351.0,75
MTX,202607,2026-06-19 00:59:00,47352.0,47363.0,47352.0,47361.0,106
MTX,202607,2026-06-19 01:00:00,47363.0,47367.0,47335.0,47335.0,122
MTX,202607,2026-06-19 01:01:00,47335.0,47344.0,47330.0,47339.0,109
MTX,202607,2026-06-19 01:02:00,47339.0,47354.0,47339.0,47354.0,50
MTX,202607,2026-06-19 01:03:00,47351.0,47361.0,47347.0,47350.0,77
MTX,202607,2026-06-19 01:04:00,47351.0,47371.0,47350.0,47366.0,86
MTX,202607,2026-06-19 01:05:00,47367.0,47419.0,47363.0,47412.0,618
MTX,202607,2026-06-19 01:06:00,47409.0,47420.0,47404.0,47416.0,277
MTX,202607,2026-06-19 01:07:00,47417.0,47420.0,47409.0,47415.0,115
MTX,202607,2026-06-19 01:08:00,47418.0,47438.0,47412.0,47438.0,291
MTX,202607,2026-06-19 01:09:00,47438.0,47448.0,47430.0,47439.0,295
MTX,202607,2026-06-19 01:10:00,47434.0,47443.0,47430.0,47435.0,129
MTX,202607,2026-06-19 01:11:00,47434.0,47442.0,47426.0,47442.0,113
MTX,202607,2026-06-19 01:12:00,47441.0,47448.0,47437.0,47440.0,120
MTX,202607,2026-06-19 01:13:00,47440.0,47454.0,47437.0,47448.0,209
MTX,202607,2026-06-19 01:14:00,47448.0,47454.0,47443.0,47448.0,114
MTX,202607,2026-06-19 01:15:00,47447.0,47449.0,47431.0,47442.0,125
MTX,202607,2026-06-19 01:16:00,47441.0,47474.0,47441.0,47474.0,226
MTX,202607,2026-06-19 01:17:00,47474.0,47477.0,47465.0,47471.0,227
MTX,202607,2026-06-19 01:18:00,47469.0,47474.0,47462.0,47472.0,162
MTX,202607,2026-06-19 01:19:00,47471.0,47474.0,47468.0,47474.0,80
MTX,202607,2026-06-19 01:20:00,47474.0,47478.0,47465.0,47471.0,135
MTX,202607,2026-06-19 01:21:00,47471.0,47483.0,47466.0,47466.0,187
MTX,202607,2026-06-19 01:22:00,47467.0,47469.0,47455.0,47469.0,146
MTX,202607,2026-06-19 01:23:00,47467.0,47486.0,47463.0,47481.0,124
MTX,202607,2026-06-19 01:24:00,47480.0,47483.0,47468.0,47468.0,95
MTX,202607,2026-06-19 01:25:00,47467.0,47469.0,47463.0,47466.0,50
MTX,202607,2026-06-19 01:26:00,47463.0,47474.0,47460.0,47468.0,100
MTX,202607,2026-06-19 01:27:00,47468.0,47475.0,47463.0,47472.0,54
MTX,202607,2026-06-19 01:28:00,47475.0,47479.0,47468.0,47469.0,57
MTX,202607,2026-06-19 01:29:00,47473.0,47481.0,47473.0,47479.0,64
MTX,202607,2026-06-19 01:30:00,47480.0,47492.0,47477.0,47486.0,221
MTX,202607,2026-06-19 01:31:00,47486.0,47521.0,47485.0,47504.0,500
MTX,202607,2026-06-19 01:32:00,47505.0,47511.0,47501.0,47502.0,228
MTX,202607,2026-06-19 01:33:00,47504.0,47510.0,47498.0,47500.0,147
MTX,202607,2026-06-19 01:34:00,47502.0,47517.0,47497.0,47506.0,166
MTX,202607,2026-06-19 01:35:00,47508.0,47528.0,47502.0,47525.0,230
MTX,202607,2026-06-19 01:36:00,47523.0,47539.0,47517.0,47534.0,162
MTX,202607,2026-06-19 01:37:00,47533.0,47533.0,47516.0,47525.0,158
MTX,202607,2026-06-19 01:38:00,47525.0,47534.0,47522.0,47531.0,67
MTX,202607,2026-06-19 01:39:00,47532.0,47533.0,47512.0,47515.0,217
MTX,202607,2026-06-19 01:40:00,47519.0,47531.0,47507.0,47515.0,173
MTX,202607,2026-06-19 01:41:00,47516.0,47540.0,47514.0,47532.0,126
MTX,202607,2026-06-19 01:42:00,47531.0,47539.0,47527.0,47531.0,114
MTX,202607,2026-06-19 01:43:00,47530.0,47537.0,47528.0,47532.0,35
MTX,202607,2026-06-19 01:44:00,47529.0,47548.0,47527.0,47540.0,149
MTX,202607,2026-06-19 01:45:00,47542.0,47547.0,47539.0,47541.0,88
MTX,202607,2026-06-19 01:46:00,47543.0,47543.0,47521.0,47530.0,171
MTX,202607,2026-06-19 01:47:00,47533.0,47540.0,47528.0,47536.0,69
MTX,202607,2026-06-19 01:48:00,47536.0,47546.0,47536.0,47546.0,104
MTX,202607,2026-06-19 01:49:00,47543.0,47549.0,47530.0,47535.0,73
MTX,202607,2026-06-19 01:50:00,47535.0,47537.0,47526.0,47535.0,65
MTX,202607,2026-06-19 01:51:00,47534.0,47538.0,47527.0,47531.0,39
MTX,202607,2026-06-19 01:52:00,47534.0,47550.0,47534.0,47546.0,80
MTX,202607,2026-06-19 01:53:00,47545.0,47552.0,47542.0,47548.0,93
MTX,202607,2026-06-19 01:54:00,47545.0,47550.0,47530.0,47533.0,138
MTX,202607,2026-06-19 01:55:00,47534.0,47537.0,47522.0,47522.0,79
MTX,202607,2026-06-19 01:56:00,47522.0,47532.0,47520.0,47529.0,59
MTX,202607,2026-06-19 01:57:00,47530.0,47534.0,47529.0,47534.0,30
MTX,202607,2026-06-19 01:58:00,47534.0,47539.0,47512.0,47514.0,128
MTX,202607,2026-06-19 01:59:00,47515.0,47526.0,47515.0,47523.0,58
MTX,202607,2026-06-19 02:00:00,47525.0,47543.0,47517.0,47524.0,118
MTX,202607,2026-06-19 02:01:00,47526.0,47537.0,47523.0,47530.0,43
MTX,202607,2026-06-19 02:02:00,47530.0,47546.0,47530.0,47541.0,72
MTX,202607,2026-06-19 02:03:00,47538.0,47538.0,47500.0,47509.0,214
MTX,202607,2026-06-19 02:04:00,47508.0,47528.0,47504.0,47516.0,85
MTX,202607,2026-06-19 02:05:00,47515.0,47537.0,47512.0,47533.0,52
MTX,202607,2026-06-19 02:06:00,47533.0,47533.0,47521.0,47523.0,33
MTX,202607,2026-06-19 02:07:00,47523.0,47533.0,47523.0,47533.0,27
MTX,202607,2026-06-19 02:08:00,47534.0,47555.0,47532.0,47545.0,260
MTX,202607,2026-06-19 02:09:00,47545.0,47549.0,47538.0,47542.0,48
MTX,202607,2026-06-19 02:10:00,47540.0,47555.0,47538.0,47548.0,91
MTX,202607,2026-06-19 02:11:00,47550.0,47563.0,47548.0,47553.0,190
MTX,202607,2026-06-19 02:12:00,47553.0,47560.0,47540.0,47558.0,118
MTX,202607,2026-06-19 02:13:00,47554.0,47561.0,47543.0,47546.0,71
MTX,202607,2026-06-19 02:14:00,47547.0,47555.0,47541.0,47541.0,37
MTX,202607,2026-06-19 02:15:00,47540.0,47546.0,47530.0,47544.0,122
MTX,202607,2026-06-19 02:16:00,47546.0,47547.0,47538.0,47542.0,32
MTX,202607,2026-06-19 02:17:00,47539.0,47553.0,47537.0,47547.0,46
MTX,202607,2026-06-19 02:18:00,47544.0,47560.0,47538.0,47560.0,51
MTX,202607,2026-06-19 02:19:00,47559.0,47567.0,47558.0,47558.0,116
MTX,202607,2026-06-19 02:20:00,47557.0,47560.0,47542.0,47543.0,57
MTX,202607,2026-06-19 02:21:00,47550.0,47556.0,47550.0,47553.0,45
MTX,202607,2026-06-19 02:22:00,47553.0,47570.0,47553.0,47563.0,125
MTX,202607,2026-06-19 02:23:00,47564.0,47566.0,47550.0,47555.0,44
MTX,202607,2026-06-19 02:24:00,47557.0,47558.0,47544.0,47550.0,68
MTX,202607,2026-06-19 02:25:00,47551.0,47559.0,47550.0,47554.0,45
MTX,202607,2026-06-19 02:26:00,47557.0,47557.0,47547.0,47547.0,36
MTX,202607,2026-06-19 02:27:00,47547.0,47555.0,47544.0,47547.0,45
MTX,202607,2026-06-19 02:28:00,47546.0,47546.0,47522.0,47530.0,124
MTX,202607,2026-06-19 02:29:00,47531.0,47531.0,47523.0,47525.0,55
MTX,202607,2026-06-19 02:30:00,47524.0,47526.0,47512.0,47520.0,102
MTX,202607,2026-06-19 02:31:00,47516.0,47525.0,47504.0,47514.0,82
MTX,202607,2026-06-19 02:32:00,47516.0,47522.0,47490.0,47498.0,189
MTX,202607,2026-06-19 02:33:00,47496.0,47517.0,47492.0,47511.0,82
MTX,202607,2026-06-19 02:34:00,47518.0,47526.0,47509.0,47509.0,53
MTX,202607,2026-06-19 02:35:00,47510.0,47518.0,47507.0,47518.0,18
MTX,202607,2026-06-19 02:36:00,47516.0,47523.0,47506.0,47510.0,50
MTX,202607,2026-06-19 02:37:00,47511.0,47518.0,47507.0,47507.0,29
MTX,202607,2026-06-19 02:38:00,47510.0,47514.0,47501.0,47504.0,56
MTX,202607,2026-06-19 02:39:00,47502.0,47516.0,47501.0,47508.0,56
MTX,202607,2026-06-19 02:40:00,47507.0,47518.0,47506.0,47515.0,36
MTX,202607,2026-06-19 02:41:00,47514.0,47528.0,47513.0,47526.0,62
MTX,202607,2026-06-19 02:42:00,47524.0,47530.0,47511.0,47511.0,74
MTX,202607,2026-06-19 02:43:00,47516.0,47518.0,47514.0,47518.0,24
MTX,202607,2026-06-19 02:44:00,47520.0,47520.0,47512.0,47513.0,18
MTX,202607,2026-06-19 02:45:00,47516.0,47522.0,47507.0,47520.0,48
MTX,202607,2026-06-19 02:46:00,47520.0,47525.0,47511.0,47513.0,28
MTX,202607,2026-06-19 02:47:00,47513.0,47521.0,47513.0,47519.0,15
MTX,202607,2026-06-19 02:48:00,47523.0,47538.0,47523.0,47528.0,73
MTX,202607,2026-06-19 02:49:00,47527.0,47535.0,47526.0,47534.0,22
MTX,202607,2026-06-19 02:50:00,47535.0,47538.0,47525.0,47528.0,44
MTX,202607,2026-06-19 02:51:00,47526.0,47527.0,47519.0,47522.0,24
MTX,202607,2026-06-19 02:52:00,47526.0,47549.0,47526.0,47543.0,111
MTX,202607,2026-06-19 02:53:00,47542.0,47545.0,47539.0,47540.0,35
MTX,202607,2026-06-19 02:54:00,47540.0,47542.0,47534.0,47534.0,30
MTX,202607,2026-06-19 02:55:00,47533.0,47544.0,47531.0,47544.0,36
MTX,202607,2026-06-19 02:56:00,47543.0,47544.0,47534.0,47539.0,22
MTX,202607,2026-06-19 02:57:00,47535.0,47537.0,47528.0,47528.0,32
MTX,202607,2026-06-19 02:58:00,47525.0,47541.0,47525.0,47541.0,24
MTX,202607,2026-06-19 02:59:00,47541.0,47541.0,47530.0,47530.0,10
MTX,202607,2026-06-19 03:00:00,47530.0,47537.0,47519.0,47525.0,74
MTX,202607,2026-06-19 03:01:00,47524.0,47524.0,47509.0,47509.0,63
MTX,202607,2026-06-19 03:02:00,47507.0,47512.0,47450.0,47453.0,536
MTX,202607,2026-06-19 03:03:00,47453.0,47463.0,47447.0,47462.0,254
MTX,202607,2026-06-19 03:04:00,47462.0,47483.0,47458.0,47479.0,114
MTX,202607,2026-06-19 03:05:00,47475.0,47485.0,47471.0,47481.0,59
MTX,202607,2026-06-19 03:06:00,47485.0,47487.0,47478.0,47482.0,23
MTX,202607,2026-06-19 03:07:00,47485.0,47496.0,47485.0,47486.0,49
MTX,202607,2026-06-19 03:08:00,47489.0,47493.0,47485.0,47491.0,42
MTX,202607,2026-06-19 03:09:00,47494.0,47500.0,47481.0,47483.0,60
MTX,202607,2026-06-19 03:10:00,47483.0,47490.0,47461.0,47470.0,110
MTX,202607,2026-06-19 03:11:00,47477.0,47477.0,47458.0,47467.0,60
MTX,202607,2026-06-19 03:12:00,47460.0,47473.0,47456.0,47461.0,67
MTX,202607,2026-06-19 03:13:00,47462.0,47474.0,47462.0,47474.0,27
MTX,202607,2026-06-19 03:14:00,47477.0,47484.0,47464.0,47464.0,46
MTX,202607,2026-06-19 03:15:00,47471.0,47478.0,47456.0,47464.0,74
MTX,202607,2026-06-19 03:16:00,47465.0,47482.0,47460.0,47479.0,67
MTX,202607,2026-06-19 03:17:00,47478.0,47506.0,47478.0,47506.0,103
MTX,202607,2026-06-19 03:18:00,47505.0,47507.0,47467.0,47493.0,194
MTX,202607,2026-06-19 03:19:00,47496.0,47535.0,47490.0,47533.0,123
MTX,202607,2026-06-19 03:20:00,47535.0,47535.0,47519.0,47523.0,66
MTX,202607,2026-06-19 03:21:00,47524.0,47524.0,47513.0,47521.0,50
MTX,202607,2026-06-19 03:22:00,47523.0,47531.0,47521.0,47529.0,56
MTX,202607,2026-06-19 03:23:00,47529.0,47530.0,47507.0,47508.0,50
MTX,202607,2026-06-19 03:24:00,47507.0,47507.0,47492.0,47493.0,56
MTX,202607,2026-06-19 03:25:00,47494.0,47500.0,47479.0,47484.0,53
MTX,202607,2026-06-19 03:26:00,47485.0,47501.0,47482.0,47498.0,55
MTX,202607,2026-06-19 03:27:00,47495.0,47504.0,47492.0,47494.0,52
MTX,202607,2026-06-19 03:28:00,47492.0,47502.0,47486.0,47490.0,59
MTX,202607,2026-06-19 03:29:00,47490.0,47503.0,47490.0,47491.0,32
MTX,202607,2026-06-19 03:30:00,47489.0,47493.0,47475.0,47484.0,77
MTX,202607,2026-06-19 03:31:00,47487.0,47496.0,47485.0,47485.0,22
MTX,202607,2026-06-19 03:32:00,47494.0,47500.0,47487.0,47497.0,29
MTX,202607,2026-06-19 03:33:00,47498.0,47520.0,47494.0,47516.0,50
MTX,202607,2026-06-19 03:34:00,47517.0,47521.0,47509.0,47514.0,63
MTX,202607,2026-06-19 03:35:00,47515.0,47526.0,47515.0,47525.0,35
MTX,202607,2026-06-19 03:36:00,47523.0,47530.0,47520.0,47520.0,38
MTX,202607,2026-06-19 03:37:00,47524.0,47528.0,47519.0,47524.0,19
MTX,202607,2026-06-19 03:38:00,47524.0,47532.0,47520.0,47532.0,59
MTX,202607,2026-06-19 03:39:00,47530.0,47543.0,47527.0,47542.0,80
MTX,202607,2026-06-19 03:40:00,47543.0,47552.0,47536.0,47551.0,148
MTX,202607,2026-06-19 03:41:00,47552.0,47564.0,47550.0,47559.0,107
MTX,202607,2026-06-19 03:42:00,47559.0,47564.0,47549.0,47549.0,53
MTX,202607,2026-06-19 03:43:00,47549.0,47560.0,47546.0,47560.0,24
MTX,202607,2026-06-19 03:44:00,47560.0,47585.0,47559.0,47579.0,234
MTX,202607,2026-06-19 03:45:00,47575.0,47594.0,47575.0,47589.0,161
MTX,202607,2026-06-19 03:46:00,47592.0,47594.0,47577.0,47585.0,78
MTX,202607,2026-06-19 03:47:00,47590.0,47602.0,47589.0,47595.0,159
MTX,202607,2026-06-19 03:48:00,47596.0,47604.0,47591.0,47604.0,96
MTX,202607,2026-06-19 03:49:00,47600.0,47605.0,47588.0,47605.0,67
MTX,202607,2026-06-19 03:50:00,47598.0,47606.0,47573.0,47592.0,149
MTX,202607,2026-06-19 03:51:00,47590.0,47617.0,47590.0,47612.0,128
MTX,202607,2026-06-19 03:52:00,47611.0,47618.0,47607.0,47610.0,58
MTX,202607,2026-06-19 03:53:00,47610.0,47616.0,47600.0,47605.0,58
MTX,202607,2026-06-19 03:54:00,47608.0,47614.0,47585.0,47596.0,120
MTX,202607,2026-06-19 03:55:00,47592.0,47599.0,47576.0,47588.0,82
MTX,202607,2026-06-19 03:56:00,47585.0,47585.0,47560.0,47570.0,115
MTX,202607,2026-06-19 03:57:00,47568.0,47585.0,47555.0,47575.0,67
MTX,202607,2026-06-19 03:58:00,47574.0,47593.0,47568.0,47575.0,67
MTX,202607,2026-06-19 03:59:00,47573.0,47573.0,47541.0,47547.0,138
MTX,202607,2026-06-19 04:00:00,47547.0,47551.0,47500.0,47527.0,493
MTX,202607,2026-06-19 04:01:00,47527.0,47543.0,47518.0,47543.0,138
MTX,202607,2026-06-19 04:02:00,47538.0,47543.0,47533.0,47539.0,34
MTX,202607,2026-06-19 04:03:00,47539.0,47547.0,47535.0,47542.0,34
MTX,202607,2026-06-19 04:04:00,47543.0,47543.0,47527.0,47530.0,83
MTX,202607,2026-06-19 04:05:00,47533.0,47534.0,47517.0,47527.0,49
MTX,202607,2026-06-19 04:06:00,47530.0,47534.0,47529.0,47533.0,21
MTX,202607,2026-06-19 04:07:00,47531.0,47545.0,47531.0,47544.0,18
MTX,202607,2026-06-19 04:08:00,47544.0,47556.0,47541.0,47553.0,41
MTX,202607,2026-06-19 04:09:00,47552.0,47552.0,47543.0,47545.0,42
MTX,202607,2026-06-19 04:10:00,47546.0,47549.0,47536.0,47544.0,46
MTX,202607,2026-06-19 04:11:00,47543.0,47550.0,47543.0,47549.0,16
MTX,202607,2026-06-19 04:12:00,47549.0,47555.0,47549.0,47554.0,25
MTX,202607,2026-06-19 04:13:00,47554.0,47562.0,47554.0,47560.0,33
MTX,202607,2026-06-19 04:14:00,47563.0,47572.0,47562.0,47570.0,56
MTX,202607,2026-06-19 04:15:00,47566.0,47570.0,47564.0,47565.0,26
MTX,202607,2026-06-19 04:16:00,47564.0,47578.0,47564.0,47577.0,47
MTX,202607,2026-06-19 04:17:00,47574.0,47574.0,47567.0,47572.0,33
MTX,202607,2026-06-19 04:18:00,47570.0,47573.0,47567.0,47570.0,21
MTX,202607,2026-06-19 04:19:00,47570.0,47581.0,47570.0,47581.0,42
MTX,202607,2026-06-19 04:20:00,47582.0,47590.0,47578.0,47585.0,95
MTX,202607,2026-06-19 04:21:00,47585.0,47588.0,47577.0,47586.0,20
MTX,202607,2026-06-19 04:22:00,47586.0,47588.0,47580.0,47580.0,18
MTX,202607,2026-06-19 04:23:00,47587.0,47590.0,47585.0,47590.0,19
MTX,202607,2026-06-19 04:24:00,47592.0,47593.0,47590.0,47592.0,14
MTX,202607,2026-06-19 04:25:00,47593.0,47595.0,47587.0,47587.0,29
MTX,202607,2026-06-19 04:26:00,47589.0,47589.0,47585.0,47588.0,10
MTX,202607,2026-06-19 04:27:00,47587.0,47587.0,47580.0,47581.0,38
MTX,202607,2026-06-19 04:28:00,47581.0,47584.0,47577.0,47579.0,19
MTX,202607,2026-06-19 04:29:00,47580.0,47580.0,47575.0,47576.0,18
MTX,202607,2026-06-19 04:30:00,47576.0,47580.0,47572.0,47579.0,73
MTX,202607,2026-06-19 04:31:00,47577.0,47581.0,47575.0,47581.0,21
MTX,202607,2026-06-19 04:32:00,47582.0,47583.0,47576.0,47581.0,32
MTX,202607,2026-06-19 04:33:00,47581.0,47586.0,47581.0,47582.0,23
MTX,202607,2026-06-19 04:34:00,47583.0,47587.0,47582.0,47582.0,6
MTX,202607,2026-06-19 04:35:00,47582.0,47587.0,47574.0,47587.0,35
MTX,202607,2026-06-19 04:36:00,47588.0,47588.0,47581.0,47586.0,14
MTX,202607,2026-06-19 04:37:00,47586.0,47588.0,47580.0,47588.0,31
MTX,202607,2026-06-19 04:38:00,47590.0,47590.0,47587.0,47588.0,9
MTX,202607,2026-06-19 04:39:00,47589.0,47590.0,47586.0,47590.0,16
MTX,202607,2026-06-19 04:40:00,47589.0,47596.0,47589.0,47596.0,44
MTX,202607,2026-06-19 04:41:00,47595.0,47595.0,47582.0,47583.0,66
MTX,202607,2026-06-19 04:42:00,47584.0,47587.0,47583.0,47584.0,22
MTX,202607,2026-06-19 04:43:00,47582.0,47583.0,47569.0,47569.0,109
MTX,202607,2026-06-19 04:44:00,47568.0,47568.0,47565.0,47566.0,33
MTX,202607,2026-06-19 04:45:00,47566.0,47566.0,47530.0,47544.0,210
MTX,202607,2026-06-19 04:46:00,47550.0,47556.0,47545.0,47553.0,31
MTX,202607,2026-06-19 04:47:00,47550.0,47552.0,47544.0,47549.0,21
MTX,202607,2026-06-19 04:48:00,47546.0,47549.0,47546.0,47548.0,8
MTX,202607,2026-06-19 04:49:00,47547.0,47553.0,47542.0,47552.0,41
MTX,202607,2026-06-19 04:50:00,47550.0,47554.0,47540.0,47552.0,83
MTX,202607,2026-06-19 04:51:00,47553.0,47555.0,47548.0,47550.0,42
MTX,202607,2026-06-19 04:52:00,47548.0,47553.0,47548.0,47550.0,22
MTX,202607,2026-06-19 04:53:00,47549.0,47552.0,47543.0,47543.0,38
MTX,202607,2026-06-19 04:54:00,47543.0,47546.0,47538.0,47544.0,62
MTX,202607,2026-06-19 04:55:00,47544.0,47548.0,47542.0,47543.0,34
MTX,202607,2026-06-19 04:56:00,47544.0,47550.0,47544.0,47549.0,30
MTX,202607,2026-06-19 04:57:00,47549.0,47550.0,47543.0,47546.0,46
MTX,202607,2026-06-19 04:58:00,47546.0,47564.0,47545.0,47558.0,78
MTX,202607,2026-06-19 04:59:00,47556.0,47588.0,47555.0,47588.0,110
MTX,202607/202608,2026-06-18 19:55:00,234.0,234.0,234.0,234.0,2
MTX,202607/202608,2026-06-18 21:39:00,227.0,227.0,227.0,227.0,8
MTX,202607/202608,2026-06-18 21:41:00,224.0,224.0,224.0,224.0,8
MTX,202607/202608,2026-06-18 22:09:00,224.0,224.0,224.0,224.0,6
MTX,202607/202608,2026-06-18 22:12:00,229.0,229.0,229.0,229.0,2
MTX,202607/202608,2026-06-18 22:18:00,225.0,225.0,225.0,225.0,8
MTX,202607/202608,2026-06-18 22:24:00,223.0,223.0,223.0,223.0,4
MTX,202607/202608,2026-06-18 22:25:00,224.0,224.0,224.0,224.0,8
MTX,202607/202608,2026-06-18 23:32:00,224.0,224.0,224.0,224.0,4
MTX,202607/202608,2026-06-19 00:02:00,224.0,224.0,224.0,224.0,8
MTX,202607/202608,2026-06-19 00:03:00,224.0,224.0,224.0,224.0,8
MTX,202607/202608,2026-06-19 00:23:00,224.0,224.0,224.0,224.0,6
MTX,202607/202608,2026-06-19 00:35:00,226.0,226.0,226.0,226.0,8
MTX,202607/202608,2026-06-19 00:44:00,226.0,226.0,226.0,226.0,2
MTX,202607/202608,2026-06-19 01:09:00,225.0,225.0,225.0,225.0,8
MTX,202607/202608,2026-06-19 01:10:00,225.0,225.0,225.0,225.0,8
MTX,202607/202608,2026-06-19 01:32:00,226.0,226.0,226.0,226.0,8
MTX,202607/202608,2026-06-19 02:11:00,225.0,225.0,225.0,225.0,8
MTX,202607/202608,2026-06-19 03:51:00,225.0,225.0,225.0,225.0,8
MTX,202607W1,2026-06-18 15:07:00,46750.0,46750.0,46750.0,46750.0,1
MTX,202607W1,2026-06-18 15:30:00,46696.0,46696.0,46696.0,46696.0,1
MTX,202607W1,2026-06-18 19:12:00,46698.0,46698.0,46698.0,46698.0,1
MTX,202607W1,2026-06-18 19:19:00,46694.0,46694.0,46694.0,46694.0,1
MTX,202607W1,2026-06-18 19:22:00,46491.0,46491.0,46486.0,46486.0,2
MTX,202608,2026-06-18 15:00:00,46998.0,47026.0,46972.0,47026.0,8
MTX,202608,2026-06-18 15:01:00,47008.0,47028.0,46998.0,47000.0,5
MTX,202608,2026-06-18 15:02:00,47031.0,47056.0,47031.0,47056.0,2
MTX,202608,2026-06-18 15:03:00,47042.0,47042.0,47040.0,47040.0,6
MTX,202608,2026-06-18 15:04:00,47030.0,47056.0,47030.0,47056.0,8
MTX,202608,2026-06-18 15:05:00,47058.0,47061.0,47056.0,47061.0,4
MTX,202608,2026-06-18 15:06:00,47069.0,47090.0,47069.0,47085.0,8
MTX,202608,2026-06-18 15:07:00,47079.0,47079.0,47069.0,47073.0,7
MTX,202608,2026-06-18 15:08:00,47066.0,47070.0,47065.0,47070.0,8
MTX,202608,2026-06-18 15:09:00,47076.0,47088.0,47071.0,47088.0,14
MTX,202608,2026-06-18 15:10:00,47089.0,47089.0,47065.0,47065.0,10
MTX,202608,2026-06-18 15:11:00,47068.0,47078.0,47065.0,47078.0,5
MTX,202608,2026-06-18 15:12:00,47080.0,47080.0,47047.0,47047.0,16
MTX,202608,2026-06-18 15:13:00,47042.0,47046.0,47042.0,47046.0,3
MTX,202608,2026-06-18 15:14:00,47020.0,47021.0,47019.0,47019.0,7
MTX,202608,2026-06-18 15:15:00,47034.0,47046.0,47034.0,47046.0,6
MTX,202608,2026-06-18 15:16:00,47030.0,47030.0,47030.0,47030.0,1
MTX,202608,2026-06-18 15:17:00,47021.0,47025.0,47002.0,47002.0,7
MTX,202608,2026-06-18 15:18:00,47001.0,47024.0,47001.0,47024.0,4
MTX,202608,2026-06-18 15:19:00,47024.0,47024.0,47024.0,47024.0,4
MTX,202608,2026-06-18 15:20:00,47024.0,47024.0,47012.0,47012.0,2
MTX,202608,2026-06-18 15:21:00,47012.0,47012.0,46998.0,47008.0,13
MTX,202608,2026-06-18 15:22:00,47016.0,47016.0,47013.0,47014.0,3
MTX,202608,2026-06-18 15:23:00,47020.0,47045.0,47020.0,47045.0,4
MTX,202608,2026-06-18 15:24:00,47037.0,47037.0,47037.0,47037.0,1
MTX,202608,2026-06-18 15:25:00,47050.0,47050.0,47050.0,47050.0,3
MTX,202608,2026-06-18 15:26:00,47060.0,47072.0,47060.0,47072.0,8
MTX,202608,2026-06-18 15:27:00,47071.0,47071.0,47071.0,47071.0,1
MTX,202608,2026-06-18 15:28:00,47071.0,47072.0,47067.0,47067.0,3
MTX,202608,2026-06-18 15:29:00,47065.0,47065.0,47065.0,47065.0,1
MTX,202608,2026-06-18 15:30:00,47058.0,47058.0,47022.0,47022.0,8
MTX,202608,2026-06-18 15:31:00,47025.0,47032.0,47025.0,47032.0,3
MTX,202608,2026-06-18 15:32:00,47027.0,47032.0,47019.0,47019.0,4
MTX,202608,2026-06-18 15:34:00,47035.0,47035.0,47035.0,47035.0,1
MTX,202608,2026-06-18 15:36:00,47042.0,47042.0,47042.0,47042.0,1
MTX,202608,2026-06-18 15:37:00,47060.0,47060.0,47054.0,47054.0,3
MTX,202608,2026-06-18 15:39:00,47050.0,47050.0,47050.0,47050.0,1
MTX,202608,2026-06-18 15:40:00,47046.0,47046.0,47046.0,47046.0,4
MTX,202608,2026-06-18 15:42:00,47047.0,47047.0,47039.0,47039.0,2
MTX,202608,2026-06-18 15:43:00,47040.0,47040.0,47040.0,47040.0,2
MTX,202608,2026-06-18 15:47:00,47031.0,47031.0,47030.0,47030.0,4
MTX,202608,2026-06-18 15:48:00,47020.0,47020.0,47019.0,47019.0,2
MTX,202608,2026-06-18 15:49:00,47023.0,47023.0,47023.0,47023.0,1
MTX,202608,2026-06-18 15:50:00,47039.0,47039.0,47039.0,47039.0,1
MTX,202608,2026-06-18 15:53:00,47051.0,47052.0,47051.0,47052.0,3
MTX,202608,2026-06-18 15:56:00,47051.0,47052.0,47051.0,47052.0,4
MTX,202608,2026-06-18 15:57:00,47052.0,47052.0,47052.0,47052.0,1
MTX,202608,2026-06-18 15:58:00,47058.0,47092.0,47058.0,47092.0,19
MTX,202608,2026-06-18 15:59:00,47094.0,47103.0,47094.0,47102.0,14
MTX,202608,2026-06-18 16:00:00,47108.0,47159.0,47096.0,47155.0,30
MTX,202608,2026-06-18 16:01:00,47139.0,47143.0,47131.0,47141.0,19
MTX,202608,2026-06-18 16:02:00,47158.0,47161.0,47147.0,47155.0,17
MTX,202608,2026-06-18 16:03:00,47141.0,47142.0,47119.0,47119.0,8
MTX,202608,2026-06-18 16:04:00,47114.0,47114.0,47114.0,47114.0,1
MTX,202608,2026-06-18 16:05:00,47116.0,47158.0,47116.0,47146.0,25
MTX,202608,2026-06-18 16:06:00,47139.0,47147.0,47137.0,47137.0,9
MTX,202608,2026-06-18 16:07:00,47155.0,47199.0,47155.0,47199.0,18
MTX,202608,2026-06-18 16:08:00,47180.0,47195.0,47179.0,47195.0,14
MTX,202608,2026-06-18 16:09:00,47197.0,47213.0,47197.0,47209.0,11
MTX,202608,2026-06-18 16:10:00,47205.0,47209.0,47190.0,47194.0,18
MTX,202608,2026-06-18 16:11:00,47190.0,47190.0,47180.0,47180.0,7
MTX,202608,2026-06-18 16:12:00,47180.0,47180.0,47173.0,47173.0,2
MTX,202608,2026-06-18 16:13:00,47162.0,47162.0,47155.0,47155.0,3
MTX,202608,2026-06-18 16:14:00,47151.0,47151.0,47142.0,47146.0,7
MTX,202608,2026-06-18 16:15:00,47147.0,47147.0,47138.0,47138.0,4
MTX,202608,2026-06-18 16:16:00,47141.0,47141.0,47141.0,47141.0,1
MTX,202608,2026-06-18 16:17:00,47144.0,47144.0,47138.0,47138.0,3
MTX,202608,2026-06-18 16:18:00,47138.0,47138.0,47129.0,47129.0,5
MTX,202608,2026-06-18 16:19:00,47129.0,47138.0,47125.0,47125.0,5
MTX,202608,2026-06-18 16:20:00,47132.0,47132.0,47115.0,47115.0,5
MTX,202608,2026-06-18 16:21:00,47111.0,47111.0,47085.0,47085.0,23
MTX,202608,2026-06-18 16:22:00,47095.0,47095.0,47095.0,47095.0,1
MTX,202608,2026-06-18 16:23:00,47096.0,47096.0,47095.0,47095.0,2
MTX,202608,2026-06-18 16:24:00,47095.0,47095.0,47093.0,47094.0,5
MTX,202608,2026-06-18 16:25:00,47104.0,47106.0,47099.0,47099.0,4
MTX,202608,2026-06-18 16:26:00,47092.0,47100.0,47090.0,47100.0,4
MTX,202608,2026-06-18 16:29:00,47100.0,47100.0,47097.0,47097.0,6
MTX,202608,2026-06-18 16:30:00,47113.0,47113.0,47113.0,47113.0,1
MTX,202608,2026-06-18 16:31:00,47093.0,47100.0,47089.0,47098.0,7
MTX,202608,2026-06-18 16:32:00,47098.0,47115.0,47089.0,47115.0,5
MTX,202608,2026-06-18 16:33:00,47119.0,47123.0,47119.0,47119.0,5
MTX,202608,2026-06-18 16:34:00,47099.0,47099.0,47099.0,47099.0,1
MTX,202608,2026-06-18 16:37:00,47115.0,47115.0,47112.0,47112.0,4
MTX,202608,2026-06-18 16:38:00,47121.0,47126.0,47120.0,47126.0,5
MTX,202608,2026-06-18 16:39:00,47130.0,47136.0,47130.0,47136.0,4
MTX,202608,2026-06-18 16:40:00,47137.0,47137.0,47137.0,47137.0,1
MTX,202608,2026-06-18 16:41:00,47135.0,47140.0,47135.0,47140.0,2
MTX,202608,2026-06-18 16:43:00,47140.0,47140.0,47137.0,47137.0,3
MTX,202608,2026-06-18 16:44:00,47133.0,47133.0,47129.0,47129.0,2
MTX,202608,2026-06-18 16:48:00,47120.0,47120.0,47120.0,47120.0,1
MTX,202608,2026-06-18 16:49:00,47129.0,47135.0,47129.0,47135.0,3
MTX,202608,2026-06-18 16:50:00,47127.0,47127.0,47127.0,47127.0,1
MTX,202608,2026-06-18 16:51:00,47120.0,47120.0,47120.0,47120.0,1
MTX,202608,2026-06-18 16:52:00,47100.0,47100.0,47080.0,47080.0,9
MTX,202608,2026-06-18 16:53:00,47088.0,47088.0,47082.0,47082.0,5
MTX,202608,2026-06-18 16:54:00,47087.0,47087.0,47087.0,47087.0,1
MTX,202608,2026-06-18 16:55:00,47078.0,47078.0,47072.0,47072.0,6
MTX,202608,2026-06-18 16:56:00,47071.0,47071.0,47031.0,47031.0,14
MTX,202608,2026-06-18 16:57:00,47020.0,47030.0,47011.0,47011.0,5
MTX,202608,2026-06-18 16:58:00,47036.0,47046.0,47036.0,47046.0,12
MTX,202608,2026-06-18 16:59:00,47030.0,47038.0,47030.0,47034.0,6
MTX,202608,2026-06-18 17:00:00,47037.0,47037.0,46998.0,46998.0,17
MTX,202608,2026-06-18 17:01:00,47011.0,47020.0,47011.0,47020.0,5
MTX,202608,2026-06-18 17:02:00,47025.0,47040.0,47021.0,47040.0,5
MTX,202608,2026-06-18 17:03:00,47050.0,47059.0,47050.0,47059.0,3
MTX,202608,2026-06-18 17:04:00,47068.0,47068.0,47068.0,47068.0,1
MTX,202608,2026-06-18 17:05:00,47078.0,47078.0,47078.0,47078.0,1
MTX,202608,2026-06-18 17:06:00,47070.0,47070.0,47065.0,47065.0,3
MTX,202608,2026-06-18 17:07:00,47070.0,47100.0,47070.0,47100.0,8
MTX,202608,2026-06-18 17:10:00,47070.0,47070.0,47070.0,47070.0,1
MTX,202608,2026-06-18 17:11:00,47050.0,47050.0,47050.0,47050.0,2
MTX,202608,2026-06-18 17:12:00,47035.0,47035.0,47035.0,47035.0,1
MTX,202608,2026-06-18 17:13:00,47060.0,47060.0,47060.0,47060.0,1
MTX,202608,2026-06-18 17:14:00,47062.0,47062.0,47050.0,47050.0,2
MTX,202608,2026-06-18 17:18:00,47057.0,47057.0,47057.0,47057.0,1
MTX,202608,2026-06-18 17:20:00,47050.0,47050.0,47050.0,47050.0,1
MTX,202608,2026-06-18 17:21:00,47062.0,47062.0,47062.0,47062.0,1
MTX,202608,2026-06-18 17:22:00,47078.0,47078.0,47078.0,47078.0,1
MTX,202608,2026-06-18 17:24:00,47050.0,47050.0,47050.0,47050.0,1
MTX,202608,2026-06-18 17:29:00,47062.0,47062.0,47062.0,47062.0,2
MTX,202608,2026-06-18 17:30:00,47060.0,47060.0,47060.0,47060.0,3
MTX,202608,2026-06-18 17:31:00,47052.0,47052.0,47050.0,47050.0,2
MTX,202608,2026-06-18 17:32:00,47054.0,47060.0,47054.0,47060.0,2
MTX,202608,2026-06-18 17:33:00,47072.0,47072.0,47072.0,47072.0,2
MTX,202608,2026-06-18 17:37:00,47085.0,47085.0,47085.0,47085.0,1
MTX,202608,2026-06-18 17:38:00,47097.0,47101.0,47097.0,47101.0,2
MTX,202608,2026-06-18 17:39:00,47104.0,47106.0,47104.0,47106.0,3
MTX,202608,2026-06-18 17:40:00,47111.0,47111.0,47098.0,47098.0,4
MTX,202608,2026-06-18 17:43:00,47096.0,47112.0,47096.0,47112.0,3
MTX,202608,2026-06-18 17:45:00,47107.0,47107.0,47107.0,47107.0,1
MTX,202608,2026-06-18 17:46:00,47105.0,47105.0,47105.0,47105.0,1
MTX,202608,2026-06-18 17:49:00,47120.0,47120.0,47120.0,47120.0,2
MTX,202608,2026-06-18 17:50:00,47137.0,47137.0,47137.0,47137.0,1
MTX,202608,2026-06-18 17:51:00,47140.0,47153.0,47140.0,47149.0,8
MTX,202608,2026-06-18 17:52:00,47142.0,47142.0,47142.0,47142.0,1
MTX,202608,2026-06-18 17:53:00,47136.0,47139.0,47132.0,47132.0,6
MTX,202608,2026-06-18 17:55:00,47142.0,47142.0,47142.0,47142.0,2
MTX,202608,2026-06-18 17:56:00,47160.0,47166.0,47160.0,47166.0,3
MTX,202608,2026-06-18 17:57:00,47155.0,47155.0,47154.0,47155.0,6
MTX,202608,2026-06-18 17:58:00,47155.0,47158.0,47155.0,47158.0,4
MTX,202608,2026-06-18 18:00:00,47153.0,47153.0,47137.0,47137.0,2
MTX,202608,2026-06-18 18:02:00,47139.0,47139.0,47139.0,47139.0,1
MTX,202608,2026-06-18 18:04:00,47133.0,47133.0,47133.0,47133.0,1
MTX,202608,2026-06-18 18:05:00,47152.0,47152.0,47151.0,47151.0,2
MTX,202608,2026-06-18 18:06:00,47138.0,47138.0,47138.0,47138.0,1
MTX,202608,2026-06-18 18:08:00,47120.0,47120.0,47120.0,47120.0,3
MTX,202608,2026-06-18 18:09:00,47113.0,47113.0,47113.0,47113.0,1
MTX,202608,2026-06-18 18:10:00,47121.0,47121.0,47121.0,47121.0,1
MTX,202608,2026-06-18 18:13:00,47132.0,47132.0,47132.0,47132.0,1
MTX,202608,2026-06-18 18:18:00,47130.0,47130.0,47130.0,47130.0,1
MTX,202608,2026-06-18 18:22:00,47130.0,47130.0,47126.0,47126.0,3
MTX,202608,2026-06-18 18:26:00,47132.0,47132.0,47132.0,47132.0,1
MTX,202608,2026-06-18 18:29:00,47130.0,47130.0,47130.0,47130.0,1
MTX,202608,2026-06-18 18:30:00,47140.0,47140.0,47140.0,47140.0,1
MTX,202608,2026-06-18 18:33:00,47108.0,47108.0,47090.0,47098.0,7
MTX,202608,2026-06-18 18:35:00,47104.0,47104.0,47096.0,47103.0,7
MTX,202608,2026-06-18 18:36:00,47090.0,47091.0,47085.0,47091.0,3
MTX,202608,2026-06-18 18:37:00,47081.0,47081.0,47074.0,47074.0,5
MTX,202608,2026-06-18 18:38:00,47077.0,47084.0,47077.0,47084.0,2
MTX,202608,2026-06-18 18:42:00,47075.0,47075.0,47070.0,47070.0,3
MTX,202608,2026-06-18 18:43:00,47061.0,47061.0,47050.0,47057.0,10
MTX,202608,2026-06-18 18:44:00,47055.0,47056.0,47041.0,47049.0,4
MTX,202608,2026-06-18 18:45:00,47056.0,47057.0,47041.0,47048.0,4
MTX,202608,2026-06-18 18:46:00,47050.0,47050.0,47038.0,47038.0,2
MTX,202608,2026-06-18 18:49:00,47050.0,47050.0,47050.0,47050.0,1
MTX,202608,2026-06-18 18:50:00,47060.0,47060.0,47060.0,47060.0,1
MTX,202608,2026-06-18 18:53:00,47060.0,47060.0,47060.0,47060.0,2
MTX,202608,2026-06-18 18:54:00,47057.0,47057.0,47049.0,47049.0,4
MTX,202608,2026-06-18 18:56:00,47054.0,47054.0,47054.0,47054.0,1
MTX,202608,2026-06-18 18:59:00,47069.0,47075.0,47069.0,47070.0,5
MTX,202608,2026-06-18 19:00:00,47073.0,47073.0,47073.0,47073.0,1
MTX,202608,2026-06-18 19:02:00,47080.0,47080.0,47080.0,47080.0,1
MTX,202608,2026-06-18 19:03:00,47087.0,47087.0,47087.0,47087.0,1
MTX,202608,2026-06-18 19:04:00,47086.0,47086.0,47079.0,47079.0,3
MTX,202608,2026-06-18 19:05:00,47074.0,47074.0,47074.0,47074.0,1
MTX,202608,2026-06-18 19:06:00,47049.0,47049.0,47035.0,47042.0,12
MTX,202608,2026-06-18 19:07:00,47045.0,47060.0,47045.0,47060.0,2
MTX,202608,2026-06-18 19:08:00,47063.0,47063.0,47062.0,47062.0,2
MTX,202608,2026-06-18 19:09:00,47030.0,47030.0,47010.0,47017.0,13
MTX,202608,2026-06-18 19:10:00,47022.0,47025.0,47018.0,47019.0,8
MTX,202608,2026-06-18 19:11:00,47010.0,47018.0,47010.0,47014.0,5
MTX,202608,2026-06-18 19:12:00,47032.0,47032.0,47032.0,47032.0,1
MTX,202608,2026-06-18 19:13:00,47025.0,47025.0,47021.0,47021.0,2
MTX,202608,2026-06-18 19:14:00,47022.0,47028.0,47022.0,47028.0,3
MTX,202608,2026-06-18 19:15:00,47046.0,47046.0,47040.0,47040.0,2
MTX,202608,2026-06-18 19:16:00,47031.0,47039.0,47031.0,47039.0,2
MTX,202608,2026-06-18 19:17:00,47027.0,47027.0,47016.0,47016.0,7
MTX,202608,2026-06-18 19:18:00,47017.0,47017.0,47015.0,47015.0,3
MTX,202608,2026-06-18 19:19:00,47015.0,47016.0,47009.0,47009.0,5
MTX,202608,2026-06-18 19:20:00,47018.0,47030.0,47018.0,47030.0,2
MTX,202608,2026-06-18 19:21:00,47026.0,47026.0,47009.0,47012.0,12
MTX,202608,2026-06-18 19:22:00,47014.0,47020.0,47014.0,47020.0,4
MTX,202608,2026-06-18 19:23:00,47026.0,47026.0,47026.0,47026.0,1
MTX,202608,2026-06-18 19:24:00,47026.0,47029.0,47026.0,47029.0,2
MTX,202608,2026-06-18 19:25:00,47040.0,47060.0,47040.0,47060.0,5
MTX,202608,2026-06-18 19:27:00,47061.0,47061.0,47055.0,47055.0,3
MTX,202608,2026-06-18 19:29:00,47041.0,47042.0,47041.0,47042.0,2
MTX,202608,2026-06-18 19:30:00,47052.0,47052.0,47052.0,47052.0,1
MTX,202608,2026-06-18 19:32:00,47057.0,47057.0,47055.0,47055.0,2
MTX,202608,2026-06-18 19:33:00,47038.0,47038.0,47038.0,47038.0,1
MTX,202608,2026-06-18 19:34:00,47043.0,47043.0,47043.0,47043.0,2
MTX,202608,2026-06-18 19:35:00,47042.0,47042.0,47042.0,47042.0,1
MTX,202608,2026-06-18 19:37:00,47020.0,47020.0,47020.0,47020.0,1
MTX,202608,2026-06-18 19:38:00,47000.0,47000.0,46970.0,46970.0,26
MTX,202608,2026-06-18 19:39:00,46990.0,46990.0,46989.0,46989.0,2
MTX,202608,2026-06-18 19:40:00,46981.0,46982.0,46968.0,46979.0,18
MTX,202608,2026-06-18 19:41:00,46977.0,46979.0,46977.0,46979.0,2
MTX,202608,2026-06-18 19:42:00,46995.0,46995.0,46988.0,46991.0,4
MTX,202608,2026-06-18 19:43:00,47000.0,47009.0,47000.0,47009.0,3
MTX,202608,2026-06-18 19:44:00,47024.0,47025.0,47024.0,47025.0,2
MTX,202608,2026-06-18 19:45:00,47026.0,47026.0,47020.0,47025.0,3
MTX,202608,2026-06-18 19:46:00,47027.0,47027.0,47020.0,47020.0,2
MTX,202608,2026-06-18 19:47:00,47001.0,47004.0,47000.0,47000.0,3
MTX,202608,2026-06-18 19:48:00,46999.0,47002.0,46999.0,46999.0,8
MTX,202608,2026-06-18 19:50:00,46988.0,46999.0,46988.0,46999.0,3
MTX,202608,2026-06-18 19:51:00,47020.0,47022.0,47019.0,47021.0,10
MTX,202608,2026-06-18 19:52:00,47046.0,47046.0,47046.0,47046.0,1
MTX,202608,2026-06-18 19:53:00,47049.0,47049.0,47049.0,47049.0,1
MTX,202608,2026-06-18 19:54:00,47044.0,47044.0,47044.0,47044.0,1
MTX,202608,2026-06-18 20:00:00,47048.0,47048.0,47043.0,47043.0,8
MTX,202608,2026-06-18 20:03:00,47057.0,47062.0,47057.0,47062.0,4
MTX,202608,2026-06-18 20:04:00,47060.0,47060.0,47060.0,47060.0,1
MTX,202608,2026-06-18 20:06:00,47048.0,47048.0,47048.0,47048.0,1
MTX,202608,2026-06-18 20:07:00,47054.0,47055.0,47054.0,47055.0,2
MTX,202608,2026-06-18 20:08:00,47063.0,47070.0,47063.0,47070.0,5
MTX,202608,2026-06-18 20:09:00,47064.0,47064.0,47064.0,47064.0,1
MTX,202608,2026-06-18 20:10:00,47070.0,47082.0,47070.0,47082.0,4
MTX,202608,2026-06-18 20:11:00,47082.0,47084.0,47082.0,47084.0,2
MTX,202608,2026-06-18 20:12:00,47083.0,47083.0,47082.0,47082.0,2
MTX,202608,2026-06-18 20:13:00,47089.0,47089.0,47089.0,47089.0,2
MTX,202608,2026-06-18 20:15:00,47095.0,47105.0,47095.0,47095.0,13
MTX,202608,2026-06-18 20:16:00,47085.0,47085.0,47085.0,47085.0,1
MTX,202608,2026-06-18 20:17:00,47080.0,47080.0,47080.0,47080.0,1
MTX,202608,2026-06-18 20:18:00,47076.0,47085.0,47076.0,47085.0,7
MTX,202608,2026-06-18 20:20:00,47110.0,47110.0,47110.0,47110.0,8
MTX,202608,2026-06-18 20:21:00,47110.0,47110.0,47108.0,47108.0,3
MTX,202608,2026-06-18 20:22:00,47120.0,47122.0,47109.0,47109.0,3
MTX,202608,2026-06-18 20:24:00,47109.0,47109.0,47109.0,47109.0,1
MTX,202608,2026-06-18 20:25:00,47120.0,47120.0,47120.0,47120.0,1
MTX,202608,2026-06-18 20:26:00,47110.0,47112.0,47109.0,47112.0,6
MTX,202608,2026-06-18 20:28:00,47102.0,47102.0,47102.0,47102.0,1
MTX,202608,2026-06-18 20:29:00,47100.0,47115.0,47100.0,47115.0,3
MTX,202608,2026-06-18 20:30:00,47112.0,47120.0,47108.0,47108.0,9
MTX,202608,2026-06-18 20:31:00,47120.0,47132.0,47120.0,47132.0,14
MTX,202608,2026-06-18 20:32:00,47123.0,47123.0,47123.0,47123.0,1
MTX,202608,2026-06-18 20:33:00,47117.0,47121.0,47117.0,47121.0,2
MTX,202608,2026-06-18 20:35:00,47120.0,47132.0,47120.0,47132.0,4
MTX,202608,2026-06-18 20:36:00,47133.0,47152.0,47133.0,47149.0,13
MTX,202608,2026-06-18 20:37:00,47140.0,47140.0,47138.0,47138.0,2
MTX,202608,2026-06-18 20:38:00,47135.0,47135.0,47135.0,47135.0,1
MTX,202608,2026-06-18 20:42:00,47135.0,47155.0,47135.0,47155.0,7
MTX,202608,2026-06-18 20:43:00,47154.0,47154.0,47154.0,47154.0,1
MTX,202608,2026-06-18 20:44:00,47129.0,47129.0,47127.0,47127.0,2
MTX,202608,2026-06-18 20:45:00,47134.0,47134.0,47134.0,47134.0,1
MTX,202608,2026-06-18 20:46:00,47149.0,47149.0,47149.0,47149.0,1
MTX,202608,2026-06-18 20:47:00,47140.0,47140.0,47140.0,47140.0,1
MTX,202608,2026-06-18 20:48:00,47130.0,47130.0,47130.0,47130.0,1
MTX,202608,2026-06-18 20:50:00,47128.0,47131.0,47125.0,47125.0,4
MTX,202608,2026-06-18 20:51:00,47120.0,47122.0,47117.0,47120.0,5
MTX,202608,2026-06-18 20:52:00,47111.0,47111.0,47111.0,47111.0,1
MTX,202608,2026-06-18 20:53:00,47119.0,47125.0,47119.0,47125.0,2
MTX,202608,2026-06-18 20:54:00,47127.0,47129.0,47127.0,47129.0,3
MTX,202608,2026-06-18 20:55:00,47144.0,47144.0,47144.0,47144.0,1
MTX,202608,2026-06-18 20:57:00,47150.0,47200.0,47150.0,47200.0,43
MTX,202608,2026-06-18 20:58:00,47187.0,47187.0,47181.0,47181.0,5
MTX,202608,2026-06-18 20:59:00,47181.0,47181.0,47169.0,47172.0,5
MTX,202608,2026-06-18 21:00:00,47168.0,47168.0,47168.0,47168.0,2
MTX,202608,2026-06-18 21:02:00,47149.0,47150.0,47149.0,47150.0,2
MTX,202608,2026-06-18 21:03:00,47150.0,47150.0,47150.0,47150.0,1
MTX,202608,2026-06-18 21:04:00,47138.0,47138.0,47135.0,47135.0,6
MTX,202608,2026-06-18 21:05:00,47133.0,47140.0,47133.0,47140.0,4
MTX,202608,2026-06-18 21:06:00,47143.0,47143.0,47143.0,47143.0,1
MTX,202608,2026-06-18 21:07:00,47143.0,47146.0,47143.0,47146.0,4
MTX,202608,2026-06-18 21:08:00,47145.0,47146.0,47145.0,47146.0,3
MTX,202608,2026-06-18 21:09:00,47157.0,47160.0,47155.0,47155.0,8
MTX,202608,2026-06-18 21:10:00,47155.0,47166.0,47155.0,47166.0,4
MTX,202608,2026-06-18 21:11:00,47168.0,47168.0,47168.0,47168.0,2
MTX,202608,2026-06-18 21:13:00,47167.0,47167.0,47167.0,47167.0,1
MTX,202608,2026-06-18 21:15:00,47172.0,47172.0,47172.0,47172.0,1
MTX,202608,2026-06-18 21:17:00,47170.0,47170.0,47170.0,47170.0,1
MTX,202608,2026-06-18 21:18:00,47175.0,47186.0,47175.0,47186.0,3
MTX,202608,2026-06-18 21:19:00,47184.0,47184.0,47184.0,47184.0,1
MTX,202608,2026-06-18 21:20:00,47172.0,47173.0,47172.0,47173.0,2
MTX,202608,2026-06-18 21:21:00,47173.0,47173.0,47173.0,47173.0,1
MTX,202608,2026-06-18 21:22:00,47180.0,47180.0,47180.0,47180.0,1
MTX,202608,2026-06-18 21:23:00,47180.0,47180.0,47180.0,47180.0,1
MTX,202608,2026-06-18 21:24:00,47180.0,47180.0,47161.0,47161.0,4
MTX,202608,2026-06-18 21:25:00,47179.0,47179.0,47179.0,47179.0,1
MTX,202608,2026-06-18 21:26:00,47179.0,47195.0,47179.0,47195.0,17
MTX,202608,2026-06-18 21:27:00,47191.0,47202.0,47185.0,47202.0,9
MTX,202608,2026-06-18 21:28:00,47202.0,47240.0,47202.0,47227.0,36
MTX,202608,2026-06-18 21:29:00,47218.0,47218.0,47215.0,47215.0,7
MTX,202608,2026-06-18 21:30:00,47211.0,47303.0,47200.0,47256.0,69
MTX,202608,2026-06-18 21:31:00,47238.0,47318.0,47238.0,47318.0,18
MTX,202608,2026-06-18 21:32:00,47320.0,47337.0,47312.0,47337.0,23
MTX,202608,2026-06-18 21:33:00,47350.0,47366.0,47342.0,47342.0,19
MTX,202608,2026-06-18 21:34:00,47339.0,47343.0,47291.0,47291.0,21
MTX,202608,2026-06-18 21:35:00,47284.0,47304.0,47282.0,47304.0,3
MTX,202608,2026-06-18 21:36:00,47307.0,47338.0,47287.0,47320.0,19
MTX,202608,2026-06-18 21:37:00,47285.0,47320.0,47282.0,47320.0,17
MTX,202608,2026-06-18 21:38:00,47320.0,47344.0,47317.0,47317.0,7
MTX,202608,2026-06-18 21:39:00,47317.0,47355.0,47317.0,47346.0,18
MTX,202608,2026-06-18 21:40:00,47352.0,47352.0,47317.0,47349.0,13
MTX,202608,2026-06-18 21:41:00,47343.0,47360.0,47343.0,47353.0,21
MTX,202608,2026-06-18 21:42:00,47353.0,47370.0,47353.0,47370.0,14
MTX,202608,2026-06-18 21:43:00,47362.0,47363.0,47304.0,47310.0,14
MTX,202608,2026-06-18 21:44:00,47304.0,47304.0,47288.0,47288.0,7
MTX,202608,2026-06-18 21:45:00,47309.0,47344.0,47309.0,47326.0,8
MTX,202608,2026-06-18 21:46:00,47326.0,47350.0,47326.0,47350.0,2
MTX,202608,2026-06-18 21:47:00,47320.0,47331.0,47318.0,47318.0,4
MTX,202608,2026-06-18 21:48:00,47336.0,47336.0,47320.0,47327.0,3
MTX,202608,2026-06-18 21:49:00,47327.0,47365.0,47327.0,47365.0,24
MTX,202608,2026-06-18 21:50:00,47359.0,47363.0,47339.0,47358.0,13
MTX,202608,2026-06-18 21:51:00,47358.0,47358.0,47339.0,47349.0,12
MTX,202608,2026-06-18 21:52:00,47355.0,47360.0,47355.0,47360.0,6
MTX,202608,2026-06-18 21:53:00,47360.0,47365.0,47359.0,47365.0,7
MTX,202608,2026-06-18 21:54:00,47340.0,47340.0,47319.0,47319.0,3
MTX,202608,2026-06-18 21:55:00,47350.0,47350.0,47315.0,47315.0,6
MTX,202608,2026-06-18 21:56:00,47329.0,47329.0,47329.0,47329.0,2
MTX,202608,2026-06-18 21:57:00,47308.0,47308.0,47300.0,47305.0,11
MTX,202608,2026-06-18 21:58:00,47305.0,47307.0,47305.0,47307.0,2
MTX,202608,2026-06-18 21:59:00,47290.0,47336.0,47290.0,47336.0,6
MTX,202608,2026-06-18 22:00:00,47347.0,47354.0,47330.0,47354.0,14
MTX,202608,2026-06-18 22:01:00,47360.0,47366.0,47340.0,47340.0,13
MTX,202608,2026-06-18 22:02:00,47360.0,47370.0,47358.0,47370.0,6
MTX,202608,2026-06-18 22:03:00,47372.0,47395.0,47372.0,47393.0,17
MTX,202608,2026-06-18 22:04:00,47387.0,47398.0,47387.0,47387.0,8
MTX,202608,2026-06-18 22:05:00,47383.0,47385.0,47377.0,47377.0,5
MTX,202608,2026-06-18 22:06:00,47390.0,47402.0,47390.0,47392.0,13
MTX,202608,2026-06-18 22:07:00,47398.0,47399.0,47392.0,47392.0,8
MTX,202608,2026-06-18 22:08:00,47399.0,47399.0,47380.0,47380.0,6
MTX,202608,2026-06-18 22:09:00,47400.0,47408.0,47400.0,47400.0,6
MTX,202608,2026-06-18 22:10:00,47390.0,47390.0,47380.0,47380.0,7
MTX,202608,2026-06-18 22:11:00,47370.0,47370.0,47370.0,47370.0,1
MTX,202608,2026-06-18 22:12:00,47386.0,47386.0,47370.0,47370.0,3
MTX,202608,2026-06-18 22:13:00,47369.0,47372.0,47360.0,47360.0,7
MTX,202608,2026-06-18 22:14:00,47357.0,47357.0,47357.0,47357.0,3
MTX,202608,2026-06-18 22:15:00,47360.0,47360.0,47348.0,47356.0,6
MTX,202608,2026-06-18 22:16:00,47386.0,47400.0,47386.0,47400.0,4
MTX,202608,2026-06-18 22:17:00,47400.0,47405.0,47400.0,47405.0,9
MTX,202608,2026-06-18 22:18:00,47406.0,47416.0,47405.0,47416.0,8
MTX,202608,2026-06-18 22:19:00,47416.0,47420.0,47412.0,47420.0,15
MTX,202608,2026-06-18 22:20:00,47422.0,47424.0,47415.0,47424.0,11
MTX,202608,2026-06-18 22:21:00,47423.0,47430.0,47423.0,47430.0,3
MTX,202608,2026-06-18 22:22:00,47428.0,47438.0,47424.0,47438.0,8
MTX,202608,2026-06-18 22:23:00,47440.0,47479.0,47440.0,47479.0,24
MTX,202608,2026-06-18 22:24:00,47480.0,47495.0,47480.0,47492.0,22
MTX,202608,2026-06-18 22:25:00,47490.0,47490.0,47478.0,47489.0,21
MTX,202608,2026-06-18 22:26:00,47488.0,47489.0,47466.0,47466.0,16
MTX,202608,2026-06-18 22:27:00,47460.0,47476.0,47458.0,47467.0,12
MTX,202608,2026-06-18 22:28:00,47452.0,47452.0,47437.0,47437.0,10
MTX,202608,2026-06-18 22:29:00,47450.0,47450.0,47450.0,47450.0,3
MTX,202608,2026-06-18 22:30:00,47453.0,47453.0,47416.0,47428.0,8
MTX,202608,2026-06-18 22:31:00,47422.0,47452.0,47420.0,47452.0,5
MTX,202608,2026-06-18 22:32:00,47432.0,47432.0,47409.0,47409.0,6
MTX,202608,2026-06-18 22:34:00,47445.0,47445.0,47442.0,47443.0,4
MTX,202608,2026-06-18 22:36:00,47456.0,47490.0,47456.0,47490.0,7
MTX,202608,2026-06-18 22:37:00,47490.0,47501.0,47490.0,47501.0,27
MTX,202608,2026-06-18 22:38:00,47499.0,47499.0,47489.0,47489.0,9
MTX,202608,2026-06-18 22:39:00,47479.0,47488.0,47477.0,47477.0,5
MTX,202608,2026-06-18 22:40:00,47478.0,47478.0,47470.0,47470.0,4
MTX,202608,2026-06-18 22:41:00,47470.0,47470.0,47456.0,47456.0,10
MTX,202608,2026-06-18 22:42:00,47465.0,47476.0,47465.0,47465.0,3
MTX,202608,2026-06-18 22:43:00,47478.0,47485.0,47467.0,47467.0,11
MTX,202608,2026-06-18 22:44:00,47478.0,47485.0,47478.0,47485.0,2
MTX,202608,2026-06-18 22:45:00,47484.0,47490.0,47484.0,47490.0,2
MTX,202608,2026-06-18 22:46:00,47499.0,47505.0,47497.0,47505.0,12
MTX,202608,2026-06-18 22:47:00,47501.0,47515.0,47501.0,47510.0,15
MTX,202608,2026-06-18 22:48:00,47519.0,47519.0,47508.0,47514.0,6
MTX,202608,2026-06-18 22:49:00,47514.0,47514.0,47508.0,47508.0,6
MTX,202608,2026-06-18 22:50:00,47508.0,47508.0,47494.0,47494.0,7
MTX,202608,2026-06-18 22:51:00,47490.0,47499.0,47479.0,47479.0,8
MTX,202608,2026-06-18 22:52:00,47493.0,47501.0,47493.0,47497.0,5
MTX,202608,2026-06-18 22:53:00,47491.0,47491.0,47480.0,47481.0,3
MTX,202608,2026-06-18 22:54:00,47497.0,47497.0,47496.0,47496.0,3
MTX,202608,2026-06-18 22:55:00,47496.0,47496.0,47482.0,47482.0,8
MTX,202608,2026-06-18 22:56:00,47489.0,47491.0,47466.0,47491.0,11
MTX,202608,2026-06-18 22:57:00,47493.0,47500.0,47493.0,47500.0,8
MTX,202608,2026-06-18 22:58:00,47500.0,47520.0,47500.0,47520.0,11
MTX,202608,2026-06-18 22:59:00,47518.0,47518.0,47498.0,47498.0,2
MTX,202608,2026-06-18 23:00:00,47485.0,47485.0,47476.0,47484.0,5
MTX,202608,2026-06-18 23:01:00,47480.0,47481.0,47471.0,47472.0,10
MTX,202608,2026-06-18 23:02:00,47466.0,47466.0,47460.0,47460.0,8
MTX,202608,2026-06-18 23:03:00,47463.0,47463.0,47454.0,47457.0,3
MTX,202608,2026-06-18 23:04:00,47486.0,47486.0,47486.0,47486.0,3
MTX,202608,2026-06-18 23:06:00,47470.0,47474.0,47470.0,47474.0,3
MTX,202608,2026-06-18 23:07:00,47471.0,47473.0,47471.0,47473.0,2
MTX,202608,2026-06-18 23:08:00,47490.0,47500.0,47490.0,47500.0,9
MTX,202608,2026-06-18 23:09:00,47490.0,47490.0,47490.0,47490.0,1
MTX,202608,2026-06-18 23:11:00,47500.0,47500.0,47500.0,47500.0,1
MTX,202608,2026-06-18 23:12:00,47493.0,47493.0,47485.0,47485.0,7
MTX,202608,2026-06-18 23:13:00,47480.0,47480.0,47480.0,47480.0,5
MTX,202608,2026-06-18 23:14:00,47470.0,47474.0,47470.0,47474.0,4
MTX,202608,2026-06-18 23:15:00,47461.0,47461.0,47461.0,47461.0,1
MTX,202608,2026-06-18 23:16:00,47474.0,47474.0,47474.0,47474.0,1
MTX,202608,2026-06-18 23:17:00,47469.0,47469.0,47469.0,47469.0,1
MTX,202608,2026-06-18 23:19:00,47456.0,47456.0,47438.0,47438.0,7
MTX,202608,2026-06-18 23:23:00,47442.0,47442.0,47429.0,47429.0,8
MTX,202608,2026-06-18 23:26:00,47453.0,47453.0,47453.0,47453.0,1
MTX,202608,2026-06-18 23:28:00,47444.0,47444.0,47444.0,47444.0,3
MTX,202608,2026-06-18 23:29:00,47439.0,47439.0,47423.0,47423.0,11
MTX,202608,2026-06-18 23:30:00,47437.0,47443.0,47437.0,47443.0,2
MTX,202608,2026-06-18 23:31:00,47453.0,47453.0,47453.0,47453.0,1
MTX,202608,2026-06-18 23:32:00,47432.0,47432.0,47427.0,47427.0,4
MTX,202608,2026-06-18 23:33:00,47423.0,47423.0,47409.0,47409.0,5
MTX,202608,2026-06-18 23:34:00,47439.0,47439.0,47436.0,47436.0,2
MTX,202608,2026-06-18 23:35:00,47420.0,47420.0,47400.0,47400.0,20
MTX,202608,2026-06-18 23:36:00,47401.0,47401.0,47383.0,47393.0,8
MTX,202608,2026-06-18 23:37:00,47400.0,47404.0,47385.0,47404.0,6
MTX,202608,2026-06-18 23:38:00,47410.0,47410.0,47375.0,47376.0,11
MTX,202608,2026-06-18 23:39:00,47388.0,47410.0,47388.0,47410.0,3
MTX,202608,2026-06-18 23:40:00,47413.0,47420.0,47404.0,47411.0,6
MTX,202608,2026-06-18 23:41:00,47435.0,47449.0,47435.0,47449.0,3
MTX,202608,2026-06-18 23:42:00,47447.0,47452.0,47447.0,47448.0,5
MTX,202608,2026-06-18 23:43:00,47447.0,47448.0,47424.0,47424.0,3
MTX,202608,2026-06-18 23:44:00,47425.0,47428.0,47425.0,47428.0,2
MTX,202608,2026-06-18 23:45:00,47425.0,47425.0,47425.0,47425.0,2
MTX,202608,2026-06-18 23:49:00,47450.0,47465.0,47450.0,47454.0,4
MTX,202608,2026-06-18 23:51:00,47459.0,47459.0,47459.0,47459.0,2
MTX,202608,2026-06-18 23:52:00,47478.0,47483.0,47478.0,47483.0,4
MTX,202608,2026-06-18 23:53:00,47482.0,47487.0,47482.0,47487.0,4
MTX,202608,2026-06-18 23:54:00,47469.0,47469.0,47466.0,47466.0,5
MTX,202608,2026-06-18 23:56:00,47471.0,47471.0,47471.0,47471.0,1
MTX,202608,2026-06-18 23:57:00,47473.0,47486.0,47473.0,47486.0,3
MTX,202608,2026-06-18 23:58:00,47498.0,47505.0,47497.0,47504.0,12
MTX,202608,2026-06-18 23:59:00,47499.0,47499.0,47499.0,47499.0,1
MTX,202608,2026-06-19 00:00:00,47507.0,47552.0,47507.0,47544.0,28
MTX,202608,2026-06-19 00:01:00,47548.0,47548.0,47538.0,47541.0,16
MTX,202608,2026-06-19 00:02:00,47541.0,47558.0,47541.0,47555.0,27
MTX,202608,2026-06-19 00:03:00,47551.0,47560.0,47551.0,47560.0,6
MTX,202608,2026-06-19 00:04:00,47573.0,47573.0,47560.0,47560.0,8
MTX,202608,2026-06-19 00:06:00,47560.0,47560.0,47560.0,47560.0,6
MTX,202608,2026-06-19 00:07:00,47551.0,47551.0,47538.0,47551.0,7
MTX,202608,2026-06-19 00:08:00,47555.0,47555.0,47555.0,47555.0,1
MTX,202608,2026-06-19 00:09:00,47535.0,47541.0,47535.0,47541.0,4
MTX,202608,2026-06-19 00:10:00,47539.0,47539.0,47533.0,47533.0,2
MTX,202608,2026-06-19 00:11:00,47537.0,47552.0,47537.0,47552.0,15
MTX,202608,2026-06-19 00:12:00,47537.0,47552.0,47535.0,47552.0,6
MTX,202608,2026-06-19 00:14:00,47560.0,47560.0,47552.0,47552.0,7
MTX,202608,2026-06-19 00:17:00,47552.0,47560.0,47552.0,47560.0,4
MTX,202608,2026-06-19 00:18:00,47550.0,47550.0,47550.0,47550.0,2
MTX,202608,2026-06-19 00:19:00,47535.0,47551.0,47535.0,47551.0,2
MTX,202608,2026-06-19 00:20:00,47557.0,47560.0,47556.0,47556.0,4
MTX,202608,2026-06-19 00:21:00,47570.0,47590.0,47570.0,47590.0,24
MTX,202608,2026-06-19 00:22:00,47590.0,47590.0,47589.0,47590.0,8
MTX,202608,2026-06-19 00:23:00,47590.0,47590.0,47590.0,47590.0,9
MTX,202608,2026-06-19 00:24:00,47589.0,47589.0,47588.0,47588.0,4
MTX,202608,2026-06-19 00:25:00,47596.0,47596.0,47596.0,47596.0,2
MTX,202608,2026-06-19 00:26:00,47587.0,47592.0,47587.0,47591.0,3
MTX,202608,2026-06-19 00:27:00,47584.0,47589.0,47580.0,47580.0,7
MTX,202608,2026-06-19 00:28:00,47582.0,47582.0,47579.0,47579.0,3
MTX,202608,2026-06-19 00:30:00,47572.0,47575.0,47569.0,47575.0,5
MTX,202608,2026-06-19 00:31:00,47584.0,47588.0,47584.0,47588.0,3
MTX,202608,2026-06-19 00:33:00,47593.0,47599.0,47588.0,47588.0,7
MTX,202608,2026-06-19 00:34:00,47588.0,47605.0,47588.0,47605.0,9
MTX,202608,2026-06-19 00:35:00,47607.0,47607.0,47594.0,47594.0,6
MTX,202608,2026-06-19 00:36:00,47588.0,47588.0,47587.0,47587.0,2
MTX,202608,2026-06-19 00:37:00,47610.0,47616.0,47607.0,47616.0,4
MTX,202608,2026-06-19 00:38:00,47600.0,47600.0,47598.0,47598.0,2
MTX,202608,2026-06-19 00:40:00,47600.0,47600.0,47592.0,47595.0,3
MTX,202608,2026-06-19 00:41:00,47602.0,47602.0,47600.0,47600.0,2
MTX,202608,2026-06-19 00:44:00,47599.0,47600.0,47599.0,47600.0,2
MTX,202608,2026-06-19 00:46:00,47600.0,47600.0,47600.0,47600.0,1
MTX,202608,2026-06-19 00:48:00,47604.0,47604.0,47604.0,47604.0,1
MTX,202608,2026-06-19 00:49:00,47603.0,47603.0,47603.0,47603.0,1
MTX,202608,2026-06-19 00:50:00,47595.0,47595.0,47580.0,47580.0,3
MTX,202608,2026-06-19 00:51:00,47571.0,47575.0,47569.0,47575.0,4
MTX,202608,2026-06-19 00:53:00,47591.0,47591.0,47591.0,47591.0,1
MTX,202608,2026-06-19 00:54:00,47570.0,47574.0,47564.0,47564.0,5
MTX,202608,2026-06-19 00:55:00,47556.0,47556.0,47550.0,47550.0,4
MTX,202608,2026-06-19 00:58:00,47585.0,47585.0,47585.0,47585.0,1
MTX,202608,2026-06-19 00:59:00,47585.0,47589.0,47585.0,47589.0,2
MTX,202608,2026-06-19 01:00:00,47588.0,47588.0,47588.0,47588.0,1
MTX,202608,2026-06-19 01:01:00,47569.0,47569.0,47568.0,47568.0,2
MTX,202608,2026-06-19 01:03:00,47580.0,47580.0,47580.0,47580.0,1
MTX,202608,2026-06-19 01:05:00,47598.0,47642.0,47598.0,47641.0,29
MTX,202608,2026-06-19 01:06:00,47640.0,47640.0,47640.0,47640.0,2
MTX,202608,2026-06-19 01:07:00,47640.0,47640.0,47640.0,47640.0,3
MTX,202608,2026-06-19 01:08:00,47645.0,47650.0,47645.0,47650.0,4
MTX,202608,2026-06-19 01:09:00,47666.0,47676.0,47658.0,47658.0,7
MTX,202608,2026-06-19 01:11:00,47660.0,47660.0,47654.0,47660.0,4
MTX,202608,2026-06-19 01:14:00,47669.0,47678.0,47669.0,47678.0,2
MTX,202608,2026-06-19 01:15:00,47661.0,47661.0,47659.0,47659.0,5
MTX,202608,2026-06-19 01:16:00,47679.0,47688.0,47679.0,47688.0,3
MTX,202608,2026-06-19 01:17:00,47699.0,47702.0,47699.0,47702.0,5
MTX,202608,2026-06-19 01:18:00,47690.0,47695.0,47688.0,47695.0,3
MTX,202608,2026-06-19 01:20:00,47700.0,47700.0,47699.0,47699.0,2
MTX,202608,2026-06-19 01:21:00,47701.0,47703.0,47700.0,47700.0,4
MTX,202608,2026-06-19 01:22:00,47688.0,47688.0,47688.0,47688.0,1
MTX,202608,2026-06-19 01:23:00,47690.0,47702.0,47689.0,47702.0,3
MTX,202608,2026-06-19 01:25:00,47691.0,47691.0,47691.0,47691.0,1
MTX,202608,2026-06-19 01:27:00,47689.0,47700.0,47689.0,47700.0,2
MTX,202608,2026-06-19 01:29:00,47703.0,47703.0,47700.0,47700.0,8
MTX,202608,2026-06-19 01:30:00,47713.0,47713.0,47713.0,47713.0,3
MTX,202608,2026-06-19 01:31:00,47708.0,47742.0,47708.0,47736.0,13
MTX,202608,2026-06-19 01:32:00,47734.0,47734.0,47733.0,47733.0,2
MTX,202608,2026-06-19 01:33:00,47725.0,47734.0,47725.0,47729.0,3
MTX,202608,2026-06-19 01:34:00,47739.0,47740.0,47738.0,47740.0,3
MTX,202608,2026-06-19 01:36:00,47756.0,47762.0,47754.0,47762.0,5
MTX,202608,2026-06-19 01:37:00,47756.0,47758.0,47756.0,47758.0,10
MTX,202608,2026-06-19 01:39:00,47755.0,47755.0,47742.0,47742.0,4
MTX,202608,2026-06-19 01:40:00,47742.0,47750.0,47742.0,47750.0,2
MTX,202608,2026-06-19 01:43:00,47758.0,47758.0,47758.0,47758.0,1
MTX,202608,2026-06-19 01:44:00,47768.0,47769.0,47768.0,47769.0,2
MTX,202608,2026-06-19 01:45:00,47771.0,47772.0,47769.0,47769.0,4
MTX,202608,2026-06-19 01:46:00,47769.0,47769.0,47750.0,47750.0,11
MTX,202608,2026-06-19 01:50:00,47761.0,47761.0,47761.0,47761.0,1
MTX,202608,2026-06-19 01:51:00,47761.0,47761.0,47761.0,47761.0,1
MTX,202608,2026-06-19 01:53:00,47777.0,47779.0,47777.0,47779.0,5
MTX,202608,2026-06-19 01:54:00,47765.0,47765.0,47761.0,47761.0,2
MTX,202608,2026-06-19 01:56:00,47750.0,47750.0,47750.0,47750.0,1
MTX,202608,2026-06-19 01:58:00,47747.0,47750.0,47744.0,47744.0,10
MTX,202608,2026-06-19 01:59:00,47748.0,47750.0,47748.0,47750.0,3
MTX,202608,2026-06-19 02:00:00,47760.0,47760.0,47745.0,47745.0,2
MTX,202608,2026-06-19 02:01:00,47749.0,47749.0,47749.0,47749.0,2
MTX,202608,2026-06-19 02:03:00,47749.0,47749.0,47730.0,47730.0,6
MTX,202608,2026-06-19 02:04:00,47750.0,47750.0,47750.0,47750.0,2
MTX,202608,2026-06-19 02:07:00,47756.0,47756.0,47756.0,47756.0,1
MTX,202608,2026-06-19 02:08:00,47757.0,47780.0,47757.0,47780.0,3
MTX,202608,2026-06-19 02:09:00,47769.0,47770.0,47769.0,47770.0,2
MTX,202608,2026-06-19 02:10:00,47780.0,47780.0,47780.0,47780.0,1
MTX,202608,2026-06-19 02:11:00,47780.0,47788.0,47780.0,47785.0,11
MTX,202608,2026-06-19 02:13:00,47774.0,47774.0,47774.0,47774.0,1
MTX,202608,2026-06-19 02:14:00,47780.0,47780.0,47780.0,47780.0,1
MTX,202608,2026-06-19 02:15:00,47761.0,47766.0,47759.0,47766.0,5
MTX,202608,2026-06-19 02:17:00,47777.0,47777.0,47777.0,47777.0,2
MTX,202608,2026-06-19 02:18:00,47775.0,47775.0,47775.0,47775.0,2
MTX,202608,2026-06-19 02:24:00,47775.0,47775.0,47775.0,47775.0,1
MTX,202608,2026-06-19 02:25:00,47779.0,47779.0,47779.0,47779.0,2
MTX,202608,2026-06-19 02:26:00,47777.0,47777.0,47777.0,47777.0,2
MTX,202608,2026-06-19 02:27:00,47781.0,47781.0,47779.0,47779.0,2
MTX,202608,2026-06-19 02:28:00,47760.0,47760.0,47754.0,47754.0,3
MTX,202608,2026-06-19 02:31:00,47742.0,47742.0,47738.0,47738.0,3
MTX,202608,2026-06-19 02:32:00,47730.0,47730.0,47723.0,47723.0,2
MTX,202608,2026-06-19 02:38:00,47730.0,47730.0,47730.0,47730.0,1
MTX,202608,2026-06-19 02:42:00,47755.0,47755.0,47755.0,47755.0,2
MTX,202608,2026-06-19 02:44:00,47749.0,47749.0,47749.0,47749.0,1
MTX,202608,2026-06-19 02:46:00,47749.0,47749.0,47749.0,47749.0,1
MTX,202608,2026-06-19 02:52:00,47772.0,47772.0,47772.0,47772.0,1
MTX,202608,2026-06-19 02:53:00,47766.0,47766.0,47766.0,47766.0,1
MTX,202608,2026-06-19 02:54:00,47765.0,47765.0,47765.0,47765.0,1
MTX,202608,2026-06-19 02:58:00,47759.0,47759.0,47758.0,47758.0,4
MTX,202608,2026-06-19 03:01:00,47740.0,47740.0,47740.0,47740.0,1
MTX,202608,2026-06-19 03:02:00,47730.0,47730.0,47689.0,47689.0,21
MTX,202608,2026-06-19 03:03:00,47688.0,47688.0,47679.0,47680.0,7
MTX,202608,2026-06-19 03:04:00,47705.0,47710.0,47705.0,47710.0,2
MTX,202608,2026-06-19 03:05:00,47705.0,47712.0,47705.0,47712.0,3
MTX,202608,2026-06-19 03:06:00,47710.0,47710.0,47710.0,47710.0,1
MTX,202608,2026-06-19 03:07:00,47725.0,47727.0,47725.0,47727.0,7
MTX,202608,2026-06-19 03:08:00,47721.0,47722.0,47721.0,47722.0,4
MTX,202608,2026-06-19 03:10:00,47696.0,47696.0,47696.0,47696.0,1
MTX,202608,2026-06-19 03:13:00,47696.0,47696.0,47696.0,47696.0,1
MTX,202608,2026-06-19 03:15:00,47690.0,47690.0,47690.0,47690.0,1
MTX,202608,2026-06-19 03:17:00,47712.0,47716.0,47712.0,47716.0,2
MTX,202608,2026-06-19 03:18:00,47705.0,47724.0,47705.0,47724.0,5
MTX,202608,2026-06-19 03:24:00,47730.0,47730.0,47724.0,47724.0,2
MTX,202608,2026-06-19 03:25:00,47715.0,47715.0,47715.0,47715.0,1
MTX,202608,2026-06-19 03:30:00,47711.0,47712.0,47711.0,47712.0,2
MTX,202608,2026-06-19 03:31:00,47720.0,47720.0,47720.0,47720.0,1
MTX,202608,2026-06-19 03:32:00,47725.0,47725.0,47724.0,47724.0,2
MTX,202608,2026-06-19 03:36:00,47750.0,47750.0,47750.0,47750.0,1
MTX,202608,2026-06-19 03:37:00,47749.0,47749.0,47749.0,47749.0,1
MTX,202608,2026-06-19 03:39:00,47770.0,47770.0,47770.0,47770.0,1
MTX,202608,2026-06-19 03:40:00,47777.0,47778.0,47776.0,47776.0,5
MTX,202608,2026-06-19 03:41:00,47788.0,47791.0,47788.0,47791.0,3
MTX,202608,2026-06-19 03:42:00,47788.0,47788.0,47783.0,47788.0,4
MTX,202608,2026-06-19 03:44:00,47799.0,47812.0,47799.0,47812.0,8
MTX,202608,2026-06-19 03:45:00,47812.0,47820.0,47812.0,47820.0,3
MTX,202608,2026-06-19 03:46:00,47821.0,47821.0,47811.0,47811.0,4
MTX,202608,2026-06-19 03:47:00,47823.0,47823.0,47823.0,47823.0,2
MTX,202608,2026-06-19 03:48:00,47829.0,47829.0,47824.0,47824.0,3
MTX,202608,2026-06-19 03:50:00,47830.0,47832.0,47810.0,47810.0,4
MTX,202608,2026-06-19 03:51:00,47835.0,47835.0,47835.0,47835.0,1
MTX,202608,2026-06-19 03:54:00,47831.0,47831.0,47831.0,47831.0,1
MTX,202608,2026-06-19 03:55:00,47810.0,47813.0,47809.0,47813.0,3
MTX,202608,2026-06-19 03:56:00,47815.0,47815.0,47800.0,47800.0,4
MTX,202608,2026-06-19 03:57:00,47788.0,47788.0,47788.0,47788.0,1
MTX,202608,2026-06-19 03:58:00,47805.0,47819.0,47792.0,47819.0,8
MTX,202608,2026-06-19 03:59:00,47783.0,47785.0,47771.0,47771.0,4
MTX,202608,2026-06-19 04:00:00,47750.0,47761.0,47750.0,47761.0,4
MTX,202608,2026-06-19 04:01:00,47751.0,47751.0,47751.0,47751.0,1
MTX,202608,2026-06-19 04:04:00,47761.0,47761.0,47761.0,47761.0,1
MTX,202608,2026-06-19 04:05:00,47756.0,47761.0,47756.0,47761.0,4
MTX,202608,2026-06-19 04:13:00,47787.0,47787.0,47787.0,47787.0,1
MTX,202608,2026-06-19 04:14:00,47793.0,47793.0,47793.0,47793.0,1
MTX,202608,2026-06-19 04:19:00,47804.0,47804.0,47804.0,47804.0,1
MTX,202608,2026-06-19 04:20:00,47809.0,47816.0,47809.0,47816.0,2
MTX,202608,2026-06-19 04:25:00,47821.0,47821.0,47817.0,47817.0,3
MTX,202608,2026-06-19 04:26:00,47810.0,47810.0,47810.0,47810.0,1
MTX,202608,2026-06-19 04:27:00,47808.0,47808.0,47808.0,47808.0,1
MTX,202608,2026-06-19 04:35:00,47805.0,47815.0,47805.0,47815.0,5
MTX,202608,2026-06-19 04:38:00,47812.0,47812.0,47812.0,47812.0,2
MTX,202608,2026-06-19 04:40:00,47820.0,47820.0,47820.0,47820.0,1
MTX,202608,2026-06-19 04:43:00,47811.0,47811.0,47800.0,47800.0,2
MTX,202608,2026-06-19 04:45:00,47782.0,47782.0,47763.0,47763.0,4
MTX,202608,2026-06-19 04:51:00,47784.0,47784.0,47781.0,47781.0,5
MTX,202608,2026-06-19 04:53:00,47780.0,47782.0,47780.0,47782.0,2
MTX,202608,2026-06-19 04:54:00,47774.0,47774.0,47764.0,47764.0,11
MTX,202608,2026-06-19 04:55:00,47769.0,47769.0,47769.0,47769.0,2
MTX,202608,2026-06-19 04:57:00,47774.0,47774.0,47774.0,47774.0,1
MTX,202608,2026-06-19 04:59:00,47794.0,47810.0,47780.0,47810.0,13
MTX,202609,2026-06-18 15:00:00,47222.0,47222.0,47222.0,47222.0,1
MTX,202609,2026-06-18 15:01:00,47222.0,47222.0,47222.0,47222.0,1
MTX,202609,2026-06-18 15:02:00,47237.0,47237.0,47237.0,47237.0,1
MTX,202609,2026-06-18 15:03:00,47237.0,47237.0,47237.0,47237.0,2
MTX,202609,2026-06-18 15:04:00,47237.0,47237.0,47237.0,47237.0,1
MTX,202609,2026-06-18 15:05:00,47255.0,47257.0,47255.0,47257.0,5
MTX,202609,2026-06-18 15:10:00,47287.0,47287.0,47284.0,47284.0,7
MTX,202609,2026-06-18 15:12:00,47257.0,47257.0,47257.0,47257.0,1
MTX,202609,2026-06-18 15:13:00,47235.0,47235.0,47235.0,47235.0,1
MTX,202609,2026-06-18 15:14:00,47225.0,47225.0,47225.0,47225.0,2
MTX,202609,2026-06-18 15:26:00,47265.0,47274.0,47265.0,47274.0,3
MTX,202609,2026-06-18 15:34:00,47241.0,47241.0,47241.0,47241.0,1
MTX,202609,2026-06-18 15:44:00,47242.0,47242.0,47242.0,47242.0,1
MTX,202609,2026-06-18 15:50:00,47245.0,47245.0,47245.0,47245.0,1
MTX,202609,2026-06-18 15:59:00,47302.0,47315.0,47302.0,47315.0,3
MTX,202609,2026-06-18 16:00:00,47316.0,47331.0,47304.0,47304.0,3
MTX,202609,2026-06-18 16:01:00,47350.0,47350.0,47350.0,47350.0,1
MTX,202609,2026-06-18 16:04:00,47324.0,47324.0,47324.0,47324.0,1
MTX,202609,2026-06-18 16:05:00,47350.0,47351.0,47350.0,47351.0,3
MTX,202609,2026-06-18 16:06:00,47356.0,47356.0,47356.0,47356.0,1
MTX,202609,2026-06-18 16:07:00,47365.0,47400.0,47365.0,47400.0,2
MTX,202609,2026-06-18 16:08:00,47389.0,47400.0,47389.0,47400.0,2
MTX,202609,2026-06-18 16:14:00,47350.0,47350.0,47350.0,47350.0,1
MTX,202609,2026-06-18 16:15:00,47345.0,47345.0,47345.0,47345.0,1
MTX,202609,2026-06-18 16:18:00,47340.0,47340.0,47340.0,47340.0,2
MTX,202609,2026-06-18 16:21:00,47300.0,47300.0,47300.0,47300.0,3
MTX,202609,2026-06-18 16:36:00,47316.0,47316.0,47316.0,47316.0,1
MTX,202609,2026-06-18 16:38:00,47326.0,47326.0,47326.0,47326.0,2
MTX,202609,2026-06-18 16:41:00,47342.0,47348.0,47342.0,47348.0,2
MTX,202609,2026-06-18 16:43:00,47341.0,47341.0,47341.0,47341.0,3
MTX,202609,2026-06-18 16:55:00,47280.0,47280.0,47280.0,47280.0,1
MTX,202609,2026-06-18 16:57:00,47218.0,47218.0,47218.0,47218.0,1
MTX,202609,2026-06-18 17:00:00,47218.0,47218.0,47218.0,47218.0,1
MTX,202609,2026-06-18 17:14:00,47255.0,47255.0,47255.0,47255.0,1
MTX,202609,2026-06-18 17:33:00,47262.0,47262.0,47255.0,47255.0,2
MTX,202609,2026-06-18 17:51:00,47340.0,47343.0,47340.0,47343.0,2
MTX,202609,2026-06-18 17:55:00,47343.0,47343.0,47343.0,47343.0,4
MTX,202609,2026-06-18 17:56:00,47343.0,47343.0,47343.0,47343.0,2
MTX,202609,2026-06-18 18:00:00,47343.0,47343.0,47343.0,47343.0,2
MTX,202609,2026-06-18 18:06:00,47342.0,47342.0,47342.0,47342.0,1
MTX,202609,2026-06-18 18:33:00,47299.0,47299.0,47299.0,47299.0,1
MTX,202609,2026-06-18 18:37:00,47284.0,47284.0,47280.0,47280.0,2
MTX,202609,2026-06-18 18:43:00,47255.0,47255.0,47255.0,47255.0,1
MTX,202609,2026-06-18 18:46:00,47230.0,47230.0,47230.0,47230.0,4
MTX,202609,2026-06-18 19:34:00,47230.0,47230.0,47230.0,47230.0,1
MTX,202609,2026-06-18 19:38:00,47201.0,47201.0,47201.0,47201.0,1
MTX,202609,2026-06-18 19:40:00,47183.0,47183.0,47166.0,47166.0,3
MTX,202609,2026-06-18 19:57:00,47239.0,47239.0,47239.0,47239.0,1
MTX,202609,2026-06-18 20:15:00,47303.0,47303.0,47303.0,47303.0,1
MTX,202609,2026-06-18 20:20:00,47303.0,47303.0,47303.0,47303.0,1
MTX,202609,2026-06-18 20:31:00,47331.0,47331.0,47331.0,47331.0,1
MTX,202609,2026-06-18 20:36:00,47350.0,47350.0,47350.0,47350.0,1
MTX,202609,2026-06-18 20:42:00,47350.0,47350.0,47350.0,47350.0,1
MTX,202609,2026-06-18 20:48:00,47336.0,47336.0,47336.0,47336.0,1
MTX,202609,2026-06-18 20:55:00,47336.0,47336.0,47336.0,47336.0,1
MTX,202609,2026-06-18 20:57:00,47350.0,47385.0,47350.0,47385.0,4
MTX,202609,2026-06-18 21:24:00,47365.0,47365.0,47365.0,47365.0,1
MTX,202609,2026-06-18 21:29:00,47415.0,47415.0,47415.0,47415.0,1
MTX,202609,2026-06-18 21:30:00,47400.0,47500.0,47400.0,47500.0,6
MTX,202609,2026-06-18 21:31:00,47488.0,47488.0,47488.0,47488.0,1
MTX,202609,2026-06-18 21:32:00,47526.0,47526.0,47518.0,47518.0,2
MTX,202609,2026-06-18 21:33:00,47555.0,47568.0,47555.0,47568.0,6
MTX,202609,2026-06-18 21:34:00,47503.0,47503.0,47503.0,47503.0,1
MTX,202609,2026-06-18 21:37:00,47528.0,47528.0,47528.0,47528.0,1
MTX,202609,2026-06-18 21:38:00,47525.0,47525.0,47525.0,47525.0,1
MTX,202609,2026-06-18 21:42:00,47550.0,47550.0,47550.0,47550.0,1
MTX,202609,2026-06-18 21:43:00,47550.0,47553.0,47517.0,47517.0,4
MTX,202609,2026-06-18 21:44:00,47500.0,47500.0,47500.0,47500.0,2
MTX,202609,2026-06-18 21:47:00,47519.0,47519.0,47516.0,47516.0,2
MTX,202609,2026-06-18 21:48:00,47518.0,47518.0,47518.0,47518.0,1
MTX,202609,2026-06-18 21:54:00,47519.0,47523.0,47519.0,47523.0,2
MTX,202609,2026-06-18 21:57:00,47514.0,47514.0,47500.0,47500.0,2
MTX,202609,2026-06-18 21:58:00,47509.0,47509.0,47500.0,47500.0,2
MTX,202609,2026-06-18 21:59:00,47534.0,47553.0,47534.0,47553.0,2
MTX,202609,2026-06-18 22:01:00,47559.0,47559.0,47559.0,47559.0,1
MTX,202609,2026-06-18 22:02:00,47573.0,47573.0,47573.0,47573.0,1
MTX,202609,2026-06-18 22:03:00,47576.0,47600.0,47576.0,47600.0,4
MTX,202609,2026-06-18 22:04:00,47601.0,47601.0,47601.0,47601.0,1
MTX,202609,2026-06-18 22:06:00,47601.0,47601.0,47601.0,47601.0,4
MTX,202609,2026-06-18 22:07:00,47605.0,47605.0,47601.0,47601.0,3
MTX,202609,2026-06-18 22:08:00,47586.0,47586.0,47586.0,47586.0,1
MTX,202609,2026-06-18 22:11:00,47580.0,47580.0,47580.0,47580.0,1
MTX,202609,2026-06-18 22:12:00,47578.0,47578.0,47578.0,47578.0,1
MTX,202609,2026-06-18 22:13:00,47578.0,47578.0,47578.0,47578.0,1
MTX,202609,2026-06-18 22:14:00,47578.0,47578.0,47578.0,47578.0,1
MTX,202609,2026-06-18 22:15:00,47584.0,47584.0,47584.0,47584.0,1
MTX,202609,2026-06-18 22:18:00,47620.0,47620.0,47620.0,47620.0,1
MTX,202609,2026-06-18 22:20:00,47620.0,47620.0,47620.0,47620.0,1
MTX,202609,2026-06-18 22:21:00,47630.0,47634.0,47630.0,47634.0,3
MTX,202609,2026-06-18 22:22:00,47630.0,47641.0,47630.0,47641.0,2
MTX,202609,2026-06-18 22:23:00,47646.0,47650.0,47646.0,47650.0,3
MTX,202609,2026-06-18 22:26:00,47694.0,47694.0,47675.0,47675.0,5
MTX,202609,2026-06-18 22:27:00,47678.0,47678.0,47678.0,47678.0,1
MTX,202609,2026-06-18 22:29:00,47652.0,47652.0,47650.0,47650.0,5
MTX,202609,2026-06-18 22:30:00,47650.0,47650.0,47645.0,47645.0,4
MTX,202609,2026-06-18 22:31:00,47645.0,47646.0,47645.0,47646.0,5
MTX,202609,2026-06-18 22:32:00,47646.0,47646.0,47646.0,47646.0,4
MTX,202609,2026-06-18 22:33:00,47646.0,47646.0,47646.0,47646.0,1
MTX,202609,2026-06-18 22:37:00,47700.0,47700.0,47700.0,47700.0,3
MTX,202609,2026-06-18 22:45:00,47687.0,47687.0,47687.0,47687.0,1
MTX,202609,2026-06-18 22:46:00,47694.0,47710.0,47693.0,47710.0,3
MTX,202609,2026-06-18 22:48:00,47722.0,47722.0,47722.0,47722.0,1
MTX,202609,2026-06-18 22:49:00,47708.0,47708.0,47708.0,47708.0,1
MTX,202609,2026-06-18 22:50:00,47708.0,47708.0,47708.0,47708.0,1
MTX,202609,2026-06-18 22:53:00,47688.0,47688.0,47688.0,47688.0,1
MTX,202609,2026-06-18 22:55:00,47693.0,47693.0,47693.0,47693.0,1
MTX,202609,2026-06-18 22:59:00,47713.0,47713.0,47713.0,47713.0,1
MTX,202609,2026-06-18 23:06:00,47671.0,47671.0,47671.0,47671.0,1
MTX,202609,2026-06-18 23:15:00,47668.0,47668.0,47668.0,47668.0,1
MTX,202609,2026-06-18 23:28:00,47666.0,47666.0,47666.0,47666.0,1
MTX,202609,2026-06-18 23:33:00,47620.0,47620.0,47618.0,47618.0,2
MTX,202609,2026-06-18 23:35:00,47618.0,47618.0,47618.0,47618.0,1
MTX,202609,2026-06-18 23:38:00,47623.0,47623.0,47570.0,47570.0,3
MTX,202609,2026-06-18 23:50:00,47674.0,47674.0,47674.0,47674.0,2
MTX,202609,2026-06-18 23:52:00,47677.0,47677.0,47677.0,47677.0,2
MTX,202609,2026-06-18 23:58:00,47700.0,47700.0,47700.0,47700.0,1
MTX,202609,2026-06-19 00:00:00,47708.0,47733.0,47708.0,47733.0,2
MTX,202609,2026-06-19 00:02:00,47758.0,47766.0,47758.0,47766.0,3
MTX,202609,2026-06-19 00:04:00,47769.0,47769.0,47769.0,47769.0,1
MTX,202609,2026-06-19 00:05:00,47766.0,47766.0,47764.0,47764.0,2
MTX,202609,2026-06-19 00:06:00,47768.0,47768.0,47768.0,47768.0,1
MTX,202609,2026-06-19 00:07:00,47740.0,47740.0,47733.0,47733.0,2
MTX,202609,2026-06-19 00:21:00,47777.0,47788.0,47777.0,47786.0,5
MTX,202609,2026-06-19 00:22:00,47786.0,47786.0,47786.0,47786.0,1
MTX,202609,2026-06-19 00:25:00,47799.0,47799.0,47799.0,47799.0,1
MTX,202609,2026-06-19 00:27:00,47798.0,47798.0,47798.0,47798.0,1
MTX,202609,2026-06-19 00:33:00,47796.0,47796.0,47796.0,47796.0,1
MTX,202609,2026-06-19 00:34:00,47800.0,47800.0,47800.0,47800.0,3
MTX,202609,2026-06-19 00:37:00,47800.0,47800.0,47800.0,47800.0,9
MTX,202609,2026-06-19 00:46:00,47807.0,47807.0,47807.0,47807.0,1
MTX,202609,2026-06-19 00:49:00,47796.0,47796.0,47796.0,47796.0,1
MTX,202609,2026-06-19 00:50:00,47780.0,47780.0,47780.0,47780.0,1
MTX,202609,2026-06-19 00:54:00,47770.0,47770.0,47770.0,47770.0,1
MTX,202609,2026-06-19 00:57:00,47770.0,47770.0,47770.0,47770.0,1
MTX,202609,2026-06-19 01:05:00,47803.0,47845.0,47803.0,47845.0,3
MTX,202609,2026-06-19 01:07:00,47852.0,47852.0,47840.0,47840.0,2
MTX,202609,2026-06-19 01:09:00,47873.0,47873.0,47873.0,47873.0,1
MTX,202609,2026-06-19 01:12:00,47877.0,47877.0,47877.0,47877.0,1
MTX,202609,2026-06-19 01:16:00,47876.0,47876.0,47876.0,47876.0,1
MTX,202609,2026-06-19 01:17:00,47900.0,47900.0,47900.0,47900.0,2
MTX,202609,2026-06-19 01:19:00,47900.0,47900.0,47900.0,47900.0,1
MTX,202609,2026-06-19 01:20:00,47907.0,47907.0,47907.0,47907.0,1
MTX,202609,2026-06-19 01:21:00,47906.0,47906.0,47906.0,47906.0,1
MTX,202609,2026-06-19 01:25:00,47901.0,47901.0,47901.0,47901.0,1
MTX,202609,2026-06-19 01:28:00,47901.0,47906.0,47891.0,47906.0,3
MTX,202609,2026-06-19 01:32:00,47942.0,47942.0,47942.0,47942.0,1
MTX,202609,2026-06-19 01:35:00,47945.0,47945.0,47945.0,47945.0,1
MTX,202609,2026-06-19 01:39:00,47945.0,47945.0,47945.0,47945.0,1
MTX,202609,2026-06-19 01:54:00,47963.0,47963.0,47963.0,47963.0,1
MTX,202609,2026-06-19 02:00:00,47963.0,47963.0,47963.0,47963.0,1
MTX,202609,2026-06-19 02:02:00,47967.0,47967.0,47967.0,47967.0,1
MTX,202609,2026-06-19 02:03:00,47966.0,47966.0,47966.0,47966.0,1
MTX,202609,2026-06-19 02:08:00,47966.0,47966.0,47966.0,47966.0,1
MTX,202609,2026-06-19 02:15:00,47972.0,47972.0,47968.0,47968.0,2
MTX,202609,2026-06-19 02:19:00,47988.0,47996.0,47988.0,47996.0,3
MTX,202609,2026-06-19 02:24:00,47990.0,47990.0,47990.0,47990.0,1
MTX,202609,2026-06-19 02:28:00,47976.0,47976.0,47976.0,47976.0,1
MTX,202609,2026-06-19 02:36:00,47956.0,47956.0,47956.0,47956.0,1
MTX,202609,2026-06-19 02:48:00,47950.0,47956.0,47950.0,47956.0,2
MTX,202609,2026-06-19 03:11:00,47897.0,47897.0,47896.0,47896.0,4
MTX,202609,2026-06-19 03:44:00,47990.0,48000.0,47990.0,48000.0,7
MTX,202609,2026-06-19 03:50:00,48011.0,48011.0,48011.0,48011.0,1
MTX,202609,2026-06-19 03:51:00,48036.0,48036.0,48036.0,48036.0,1
MTX,202609,2026-06-19 04:04:00,47958.0,47958.0,47958.0,47958.0,1
MTX,202609,2026-06-19 04:50:00,47975.0,47983.0,47975.0,47983.0,3
MTX,202609,2026-06-19 04:51:00,47981.0,47981.0,47981.0,47981.0,1
MTX,202609,2026-06-19 04:54:00,47974.0,47974.0,47974.0,47974.0,1
MTX,202609,2026-06-19 04:59:00,47999.0,47999.0,47999.0,47999.0,1
MTX,202612,2026-06-18 15:12:00,47881.0,47881.0,47881.0,47881.0,1
MTX,202612,2026-06-18 15:26:00,47888.0,47888.0,47888.0,47888.0,1
MTX,202612,2026-06-18 15:37:00,47888.0,47888.0,47888.0,47888.0,1
MTX,202612,2026-06-18 15:54:00,47874.0,47874.0,47874.0,47874.0,1
MTX,202612,2026-06-18 16:02:00,47983.0,47983.0,47980.0,47980.0,2
MTX,202612,2026-06-18 16:07:00,47988.0,48000.0,47988.0,48000.0,14
MTX,202612,2026-06-18 16:08:00,48022.0,48022.0,48022.0,48022.0,1
MTX,202612,2026-06-18 16:09:00,48035.0,48035.0,48035.0,48035.0,1
MTX,202612,2026-06-18 16:24:00,47920.0,47920.0,47920.0,47920.0,1
MTX,202612,2026-06-18 16:30:00,47926.0,47926.0,47926.0,47926.0,1
MTX,202612,2026-06-18 16:55:00,47900.0,47900.0,47900.0,47900.0,1
MTX,202612,2026-06-18 16:56:00,47874.0,47874.0,47874.0,47874.0,1
MTX,202612,2026-06-18 17:56:00,47990.0,47990.0,47990.0,47990.0,1
MTX,202612,2026-06-18 19:38:00,47800.0,47800.0,47800.0,47800.0,1
MTX,202612,2026-06-18 19:58:00,47872.0,47872.0,47871.0,47871.0,2
MTX,202612,2026-06-18 20:00:00,47876.0,47877.0,47876.0,47877.0,2
MTX,202612,2026-06-18 20:26:00,47939.0,47939.0,47939.0,47939.0,1
MTX,202612,2026-06-18 20:57:00,47990.0,47990.0,47990.0,47990.0,1
MTX,202612,2026-06-18 21:05:00,47971.0,47971.0,47971.0,47971.0,1
MTX,202612,2026-06-18 21:28:00,48058.0,48058.0,48058.0,48058.0,1
MTX,202612,2026-06-18 21:30:00,48099.0,48099.0,48099.0,48099.0,1
MTX,202612,2026-06-18 21:32:00,48164.0,48164.0,48164.0,48164.0,1
MTX,202612,2026-06-18 21:33:00,48198.0,48198.0,48197.0,48197.0,2
MTX,202612,2026-06-18 21:34:00,48168.0,48168.0,48168.0,48168.0,1
MTX,202612,2026-06-18 21:42:00,48199.0,48203.0,48199.0,48203.0,4
MTX,202612,2026-06-18 21:43:00,48196.0,48196.0,48190.0,48190.0,2
MTX,202612,2026-06-18 21:50:00,48205.0,48205.0,48190.0,48190.0,2
MTX,202612,2026-06-18 22:03:00,48243.0,48243.0,48243.0,48243.0,1
MTX,202612,2026-06-18 22:14:00,48190.0,48190.0,48190.0,48190.0,1
MTX,202612,2026-06-18 22:19:00,48266.0,48266.0,48266.0,48266.0,1
MTX,202612,2026-06-18 22:23:00,48299.0,48300.0,48299.0,48300.0,3
MTX,202612,2026-06-18 22:31:00,48261.0,48261.0,48261.0,48261.0,1
MTX,202612,2026-06-18 22:32:00,48261.0,48261.0,48261.0,48261.0,2
MTX,202612,2026-06-18 22:33:00,48261.0,48261.0,48261.0,48261.0,1
MTX,202612,2026-06-18 22:36:00,48302.0,48302.0,48302.0,48302.0,1
MTX,202612,2026-06-18 22:37:00,48328.0,48328.0,48328.0,48328.0,1
MTX,202612,2026-06-18 22:47:00,48332.0,48359.0,48332.0,48359.0,2
MTX,202612,2026-06-18 22:49:00,48340.0,48340.0,48340.0,48340.0,1
MTX,202612,2026-06-18 22:59:00,48336.0,48336.0,48336.0,48336.0,1
MTX,202612,2026-06-18 23:06:00,48313.0,48313.0,48313.0,48313.0,1
MTX,202612,2026-06-18 23:20:00,48299.0,48299.0,48299.0,48299.0,1
MTX,202612,2026-06-18 23:37:00,48230.0,48230.0,48230.0,48230.0,2
MTX,202612,2026-06-18 23:53:00,48326.0,48326.0,48326.0,48326.0,1
MTX,202612,2026-06-18 23:57:00,48330.0,48330.0,48330.0,48330.0,1
MTX,202612,2026-06-19 00:00:00,48366.0,48366.0,48366.0,48366.0,1
MTX,202612,2026-06-19 00:02:00,48389.0,48389.0,48389.0,48389.0,1
MTX,202612,2026-06-19 00:04:00,48399.0,48399.0,48399.0,48399.0,1
MTX,202612,2026-06-19 00:19:00,48385.0,48385.0,48385.0,48385.0,1
MTX,202612,2026-06-19 00:20:00,48388.0,48388.0,48388.0,48388.0,1
MTX,202612,2026-06-19 00:22:00,48416.0,48416.0,48416.0,48416.0,1
MTX,202612,2026-06-19 00:25:00,48415.0,48415.0,48415.0,48415.0,2
MTX,202612,2026-06-19 00:35:00,48435.0,48435.0,48435.0,48435.0,2
MTX,202612,2026-06-19 01:08:00,48477.0,48488.0,48477.0,48488.0,2
MTX,202612,2026-06-19 01:09:00,48499.0,48499.0,48499.0,48499.0,1
MTX,202612,2026-06-19 01:10:00,48489.0,48489.0,48486.0,48486.0,2
MTX,202612,2026-06-19 01:16:00,48506.0,48506.0,48506.0,48506.0,1
MTX,202612,2026-06-19 01:18:00,48518.0,48518.0,48518.0,48518.0,1
MTX,202612,2026-06-19 01:44:00,48599.0,48599.0,48599.0,48599.0,1
MTX,202612,2026-06-19 02:11:00,48608.0,48608.0,48608.0,48608.0,1
MTX,202612,2026-06-19 02:33:00,48565.0,48565.0,48565.0,48565.0,1
MTX,202612,2026-06-19 02:42:00,48592.0,48592.0,48592.0,48592.0,1
MTX,202612,2026-06-19 02:43:00,48585.0,48585.0,48585.0,48585.0,1
MTX,202612,2026-06-19 03:03:00,48520.0,48520.0,48520.0,48520.0,1
MTX,202612,2026-06-19 03:33:00,48567.0,48567.0,48567.0,48567.0,1
MTX,202612,2026-06-19 04:11:00,48600.0,48600.0,48600.0,48600.0,1
MTX,202612,2026-06-19 04:49:00,48623.0,48623.0,48623.0,48623.0,1
MTX,202612,2026-06-19 04:54:00,48614.0,48614.0,48614.0,48614.0,1
MTX,202703,2026-06-18 15:53:00,48677.0,48677.0,48677.0,48677.0,1
MTX,202703,2026-06-18 21:29:00,48848.0,48848.0,48848.0,48848.0,1
MTX,202703,2026-06-18 22:28:00,49076.0,49076.0,49076.0,49076.0,1
MTX,202703,2026-06-18 22:35:00,49091.0,49091.0,49091.0,49091.0,1
MTX,202703,2026-06-18 22:47:00,49138.0,49138.0,49138.0,49138.0,2
MTX,202703,2026-06-18 22:50:00,49142.0,49142.0,49136.0,49136.0,3
MTX,202703,2026-06-18 22:58:00,49129.0,49129.0,49129.0,49129.0,1
MTX,202703,2026-06-18 23:01:00,49105.0,49105.0,49105.0,49105.0,1
MTX,202703,2026-06-18 23:38:00,49000.0,49000.0,49000.0,49000.0,1
MTX,202703,2026-06-19 00:21:00,49200.0,49200.0,49200.0,49200.0,1
MTX,202703,2026-06-19 01:16:00,49293.0,49314.0,49292.0,49314.0,3
MTX,202703,2026-06-19 02:08:00,49400.0,49400.0,49400.0,49400.0,1
MTX,202703,2026-06-19 02:22:00,49412.0,49412.0,49412.0,49412.0,1
MTX,202706,2026-06-18 16:14:00,49581.0,49581.0,49581.0,49581.0,2
MTX,202706,2026-06-18 16:29:00,49563.0,49563.0,49563.0,49563.0,1
MTX,202706,2026-06-18 21:33:00,49800.0,49800.0,49800.0,49800.0,1
MTX,202706,2026-06-18 23:41:00,49896.0,49896.0,49896.0,49896.0,1
MTX,202706,2026-06-18 23:43:00,49883.0,49883.0,49883.0,49883.0,1
MTX,202706,2026-06-19 00:00:00,50000.0,50020.0,50000.0,50020.0,3
MTX,202706,2026-06-19 00:24:00,50055.0,50082.0,50055.0,50082.0,2
MTX,202706,2026-06-19 01:16:00,50180.0,50180.0,50180.0,50180.0,1
MTX,202706,2026-06-19 03:02:00,50180.0,50180.0,50180.0,50180.0,1
NYF,202607,2026-06-18 17:25:00,108.7,108.75,108.65,108.75,14
NYF,202607,2026-06-18 17:26:00,108.7,108.7,108.7,108.7,9
NYF,202607,2026-06-18 17:28:00,108.7,108.7,108.7,108.7,3
NYF,202607,2026-06-18 17:29:00,108.7,108.7,108.65,108.7,8
NYF,202607,2026-06-18 17:30:00,108.65,108.65,108.65,108.65,3
NYF,202607,2026-06-18 17:31:00,108.65,108.65,108.6,108.6,10
NYF,202607,2026-06-18 17:32:00,108.6,108.6,108.6,108.6,4
NYF,202607,2026-06-18 17:33:00,108.6,108.6,108.6,108.6,2
NYF,202607,2026-06-18 17:34:00,108.6,108.6,108.6,108.6,5
NYF,202607,2026-06-18 17:35:00,108.6,108.6,108.6,108.6,8
NYF,202607,2026-06-18 17:36:00,108.65,108.65,108.65,108.65,1
NYF,202607,2026-06-18 17:37:00,108.65,108.65,108.65,108.65,6
NYF,202607,2026-06-18 17:38:00,108.7,108.7,108.7,108.7,2
NYF,202607,2026-06-18 17:40:00,108.7,108.7,108.7,108.7,7
NYF,202607,2026-06-18 17:41:00,108.7,108.7,108.7,108.7,2
NYF,202607,2026-06-18 17:42:00,108.7,108.7,108.7,108.7,1
NYF,202607,2026-06-18 17:43:00,108.7,108.7,108.7,108.7,3
NYF,202607,2026-06-18 17:45:00,108.75,108.8,108.75,108.8,12
NYF,202607,2026-06-18 17:46:00,108.75,108.8,108.75,108.8,4
NYF,202607,2026-06-18 17:48:00,108.8,108.8,108.8,108.8,2
NYF,202607,2026-06-18 17:49:00,108.8,108.8,108.8,108.8,5
NYF,202607,2026-06-18 17:51:00,108.85,108.85,108.85,108.85,6
NYF,202607,2026-06-18 17:55:00,108.85,108.85,108.85,108.85,5
NYF,202607,2026-06-18 17:56:00,108.85,108.85,108.85,108.85,9
NYF,202607,2026-06-18 17:57:00,108.85,108.85,108.85,108.85,1
NYF,202607,2026-06-18 17:58:00,108.85,108.85,108.85,108.85,1
NYF,202607,2026-06-18 17:59:00,108.85,108.85,108.85,108.85,1
NYF,202607,2026-06-18 18:00:00,108.85,108.85,108.8,108.8,9
NYF,202607,2026-06-18 18:01:00,108.8,108.8,108.8,108.8,6
NYF,202607,2026-06-18 18:03:00,108.85,108.85,108.85,108.85,1
NYF,202607,2026-06-18 18:04:00,108.85,108.85,108.85,108.85,2
NYF,202607,2026-06-18 18:05:00,108.8,108.8,108.8,108.8,1
NYF,202607,2026-06-18 18:06:00,108.8,108.8,108.8,108.8,4
NYF,202607,2026-06-18 18:09:00,108.75,108.75,108.75,108.75,1
NYF,202607,2026-06-18 18:10:00,108.8,108.8,108.8,108.8,6
NYF,202607,2026-06-18 18:11:00,108.85,108.85,108.85,108.85,36
NYF,202607,2026-06-18 18:12:00,108.85,108.85,108.85,108.85,2
NYF,202607,2026-06-18 18:15:00,108.9,108.9,108.9,108.9,6
NYF,202607,2026-06-18 18:16:00,108.9,108.9,108.9,108.9,2
NYF,202607,2026-06-18 18:17:00,108.9,108.9,108.9,108.9,3
NYF,202607,2026-06-18 18:18:00,108.9,108.9,108.9,108.9,6
NYF,202607,2026-06-18 18:19:00,108.9,108.95,108.9,108.95,3
NYF,202607,2026-06-18 18:20:00,108.9,108.9,108.9,108.9,4
NYF,202607,2026-06-18 18:21:00,108.9,108.9,108.9,108.9,2
NYF,202607,2026-06-18 18:22:00,108.9,108.9,108.9,108.9,1
NYF,202607,2026-06-18 18:25:00,108.9,108.9,108.9,108.9,4
NYF,202607,2026-06-18 18:32:00,108.9,108.9,108.9,108.9,1
NYF,202607,2026-06-18 18:33:00,108.85,108.85,108.85,108.85,6
NYF,202607,2026-06-18 18:37:00,108.8,108.8,108.8,108.8,1
NYF,202607,2026-06-18 18:38:00,108.8,108.8,108.8,108.8,1
NYF,202607,2026-06-18 18:42:00,108.8,108.8,108.8,108.8,25
NYF,202607,2026-06-18 18:43:00,108.75,108.75,108.75,108.75,4
NYF,202607,2026-06-18 18:45:00,108.75,108.75,108.75,108.75,2
NYF,202607,2026-06-18 18:46:00,108.75,108.75,108.75,108.75,2
NYF,202607,2026-06-18 18:47:00,108.75,108.75,108.75,108.75,1
NYF,202607,2026-06-18 18:50:00,108.8,108.8,108.8,108.8,5
NYF,202607,2026-06-18 18:53:00,108.8,108.8,108.8,108.8,7
NYF,202607,2026-06-18 18:55:00,108.8,108.8,108.8,108.8,1
NYF,202607,2026-06-18 18:56:00,108.8,108.8,108.8,108.8,5
NYF,202607,2026-06-18 19:00:00,108.8,108.85,108.8,108.8,9
NYF,202607,2026-06-18 19:01:00,108.8,108.8,108.8,108.8,2
NYF,202607,2026-06-18 19:04:00,108.85,108.85,108.85,108.85,1
NYF,202607,2026-06-18 19:05:00,108.8,108.8,108.8,108.8,1
NYF,202607,2026-06-18 19:06:00,108.75,108.75,108.75,108.75,8
NYF,202607,2026-06-18 19:09:00,108.75,108.75,108.7,108.7,13
NYF,202607,2026-06-18 19:13:00,108.7,108.7,108.65,108.65,2
NYF,202607,2026-06-18 19:14:00,108.7,108.7,108.7,108.7,10
NYF,202607,2026-06-18 19:15:00,108.7,108.7,108.7,108.7,4
NYF,202607,2026-06-18 19:17:00,108.7,108.7,108.7,108.7,1
NYF,202607,2026-06-18 19:18:00,108.65,108.65,108.65,108.65,6
NYF,202607,2026-06-18 19:19:00,108.65,108.65,108.65,108.65,12
NYF,202607,2026-06-18 19:21:00,108.65,108.65,108.65,108.65,3
NYF,202607,2026-06-18 19:23:00,108.65,108.65,108.65,108.65,1
NYF,202607,2026-06-18 19:24:00,108.65,108.65,108.65,108.65,6
NYF,202607,2026-06-18 19:25:00,108.7,108.7,108.7,108.7,14
NYF,202607,2026-06-18 19:26:00,108.75,108.75,108.75,108.75,3
NYF,202607,2026-06-18 19:27:00,108.75,108.75,108.75,108.75,5
NYF,202607,2026-06-18 19:32:00,108.75,108.75,108.75,108.75,1
NYF,202607,2026-06-18 19:33:00,108.7,108.7,108.7,108.7,1
NYF,202607,2026-06-18 19:37:00,108.65,108.65,108.65,108.65,4
NYF,202607,2026-06-18 19:38:00,108.6,108.6,108.55,108.6,16
NYF,202607,2026-06-18 19:39:00,108.6,108.6,108.6,108.6,21
NYF,202607,2026-06-18 19:40:00,108.6,108.6,108.6,108.6,6
NYF,202607,2026-06-18 19:42:00,108.6,108.6,108.6,108.6,14
NYF,202607,2026-06-18 19:43:00,108.65,108.65,108.65,108.65,2
NYF,202607,2026-06-18 19:46:00,108.65,108.65,108.65,108.65,1
NYF,202607,2026-06-18 19:47:00,108.65,108.65,108.65,108.65,4
NYF,202607,2026-06-18 19:50:00,108.6,108.65,108.6,108.65,2
NYF,202607,2026-06-18 19:51:00,108.7,108.7,108.7,108.7,3
NYF,202607,2026-06-18 19:52:00,108.7,108.7,108.7,108.7,2
NYF,202607,2026-06-18 19:53:00,108.7,108.7,108.7,108.7,1
NYF,202607,2026-06-18 19:55:00,108.7,108.7,108.7,108.7,1
NYF,202607,2026-06-18 19:59:00,108.75,108.75,108.75,108.75,14
NYF,202607,2026-06-18 20:00:00,108.75,108.75,108.7,108.7,10
NYF,202607,2026-06-18 20:02:00,108.75,108.75,108.75,108.75,1
NYF,202607,2026-06-18 20:03:00,108.75,108.75,108.75,108.75,3
NYF,202607,2026-06-18 20:05:00,108.75,108.75,108.75,108.75,1
NYF,202607,2026-06-18 20:06:00,108.75,108.75,108.75,108.75,1
NYF,202607,2026-06-18 20:07:00,108.75,108.75,108.75,108.75,1
NYF,202607,2026-06-18 20:08:00,108.75,108.75,108.75,108.75,8
NYF,202607,2026-06-18 20:15:00,108.8,108.8,108.8,108.8,12
NYF,202607,2026-06-18 20:18:00,108.8,108.8,108.8,108.8,5
NYF,202607,2026-06-18 20:22:00,108.85,108.85,108.85,108.85,1
NYF,202607,2026-06-18 20:23:00,108.8,108.8,108.8,108.8,2
NYF,202607,2026-06-18 20:26:00,108.8,108.8,108.8,108.8,2
NYF,202607,2026-06-18 20:27:00,108.8,108.8,108.8,108.8,2
NYF,202607,2026-06-18 20:29:00,108.85,108.85,108.85,108.85,7
NYF,202607,2026-06-18 20:32:00,108.9,108.9,108.9,108.9,1
NYF,202607,2026-06-18 20:34:00,108.85,108.85,108.85,108.85,14
NYF,202607,2026-06-18 20:35:00,108.9,108.9,108.9,108.9,14
NYF,202607,2026-06-18 20:36:00,108.95,108.95,108.95,108.95,4
NYF,202607,2026-06-18 20:37:00,108.95,108.95,108.95,108.95,1
NYF,202607,2026-06-18 20:39:00,108.9,108.9,108.9,108.9,3
NYF,202607,2026-06-18 20:42:00,108.9,108.95,108.9,108.95,3
NYF,202607,2026-06-18 20:44:00,108.9,108.9,108.9,108.9,2
NYF,202607,2026-06-18 20:45:00,108.9,108.9,108.9,108.9,2
NYF,202607,2026-06-18 20:47:00,108.9,108.9,108.9,108.9,2
NYF,202607,2026-06-18 20:49:00,108.9,108.9,108.9,108.9,2
NYF,202607,2026-06-18 20:51:00,108.9,108.9,108.9,108.9,4
NYF,202607,2026-06-18 20:52:00,108.85,108.85,108.85,108.85,3
NYF,202607,2026-06-18 20:53:00,108.85,108.85,108.85,108.85,2
NYF,202607,2026-06-18 20:54:00,108.85,108.85,108.85,108.85,2
NYF,202607,2026-06-18 20:55:00,108.9,108.9,108.9,108.9,4
NYF,202607,2026-06-18 20:56:00,108.95,108.95,108.95,108.95,1
NYF,202607,2026-06-18 20:57:00,108.9,109.0,108.9,109.0,28
NYF,202607,2026-06-18 20:58:00,109.0,109.0,108.95,108.95,7
NYF,202607,2026-06-18 21:01:00,108.95,108.95,108.9,108.9,4
NYF,202607,2026-06-18 21:02:00,108.9,108.9,108.9,108.9,1
NYF,202607,2026-06-18 21:04:00,108.9,108.9,108.9,108.9,1
NYF,202607,2026-06-18 21:05:00,108.9,108.9,108.9,108.9,3
NYF,202607,2026-06-18 21:06:00,108.9,108.9,108.9,108.9,1
NYF,202607,2026-06-18 21:07:00,108.9,108.9,108.9,108.9,1
NYF,202607,2026-06-18 21:09:00,108.95,108.95,108.95,108.95,6
NYF,202607,2026-06-18 21:10:00,108.9,108.95,108.9,108.95,7
NYF,202607,2026-06-18 21:13:00,109.0,109.0,109.0,109.0,1
NYF,202607,2026-06-18 21:14:00,109.0,109.0,108.95,108.95,4
NYF,202607,2026-06-18 21:16:00,108.95,108.95,108.95,108.95,2
NYF,202607,2026-06-18 21:18:00,109.0,109.0,109.0,109.0,5
NYF,202607,2026-06-18 21:19:00,109.0,109.0,109.0,109.0,7
NYF,202607,2026-06-18 21:20:00,108.95,108.95,108.95,108.95,3
NYF,202607,2026-06-18 21:21:00,108.95,109.0,108.95,109.0,4
NYF,202607,2026-06-18 21:22:00,109.0,109.0,109.0,109.0,1
NYF,202607,2026-06-18 21:23:00,109.0,109.0,109.0,109.0,8
NYF,202607,2026-06-18 21:24:00,109.0,109.0,109.0,109.0,3
NYF,202607,2026-06-18 21:25:00,109.0,109.0,109.0,109.0,3
NYF,202607,2026-06-18 21:26:00,109.05,109.05,109.05,109.05,5
NYF,202607,2026-06-18 21:27:00,109.05,109.05,109.05,109.05,11
NYF,202607,2026-06-18 21:28:00,109.1,109.15,109.1,109.1,11
NYF,202607,2026-06-18 21:29:00,109.1,109.1,109.1,109.1,1
NYF,202607,2026-06-18 21:30:00,109.05,109.25,109.05,109.2,66
NYF,202607,2026-06-18 21:31:00,109.15,109.3,109.15,109.3,27
NYF,202607,2026-06-18 21:32:00,109.3,109.35,109.3,109.35,26
NYF,202607,2026-06-18 21:33:00,109.4,109.45,109.4,109.45,33
NYF,202607,2026-06-18 21:34:00,109.4,109.4,109.3,109.3,23
NYF,202607,2026-06-18 21:35:00,109.3,109.4,109.3,109.35,5
NYF,202607,2026-06-18 21:36:00,109.3,109.4,109.3,109.35,19
NYF,202607,2026-06-18 21:37:00,109.3,109.35,109.3,109.35,8
NYF,202607,2026-06-18 21:38:00,109.4,109.45,109.4,109.4,20
NYF,202607,2026-06-18 21:39:00,109.45,109.45,109.4,109.45,16
NYF,202607,2026-06-18 21:40:00,109.35,109.4,109.3,109.4,12
NYF,202607,2026-06-18 21:41:00,109.45,109.45,109.45,109.45,8
NYF,202607,2026-06-18 21:42:00,109.5,109.5,109.5,109.5,21
NYF,202607,2026-06-18 21:43:00,109.5,109.5,109.4,109.4,17
NYF,202607,2026-06-18 21:44:00,109.4,109.4,109.4,109.4,7
NYF,202607,2026-06-18 21:45:00,109.4,109.45,109.4,109.45,10
NYF,202607,2026-06-18 21:46:00,109.4,109.4,109.4,109.4,2
NYF,202607,2026-06-18 21:47:00,109.4,109.45,109.4,109.4,5
NYF,202607,2026-06-18 21:48:00,109.4,109.45,109.4,109.4,16
NYF,202607,2026-06-18 21:49:00,109.4,109.5,109.4,109.5,26
NYF,202607,2026-06-18 21:50:00,109.5,109.5,109.45,109.5,11
NYF,202607,2026-06-18 21:51:00,109.5,109.5,109.45,109.45,4
NYF,202607,2026-06-18 21:52:00,109.5,109.5,109.5,109.5,2
NYF,202607,2026-06-18 21:53:00,109.5,109.55,109.5,109.5,4
NYF,202607,2026-06-18 21:54:00,109.45,109.45,109.45,109.45,3
NYF,202607,2026-06-18 21:55:00,109.45,109.45,109.45,109.45,4
NYF,202607,2026-06-18 21:56:00,109.45,109.45,109.45,109.45,18
NYF,202607,2026-06-18 21:57:00,109.4,109.4,109.4,109.4,15
NYF,202607,2026-06-18 21:58:00,109.4,109.4,109.4,109.4,1
NYF,202607,2026-06-18 21:59:00,109.4,109.4,109.4,109.4,5
NYF,202607,2026-06-18 22:00:00,109.45,109.5,109.45,109.5,7
NYF,202607,2026-06-18 22:01:00,109.5,109.5,109.5,109.5,20
NYF,202607,2026-06-18 22:02:00,109.5,109.5,109.5,109.5,8
NYF,202607,2026-06-18 22:03:00,109.55,109.6,109.5,109.6,28
NYF,202607,2026-06-18 22:04:00,109.6,109.6,109.6,109.6,4
NYF,202607,2026-06-18 22:05:00,109.55,109.55,109.55,109.55,5
NYF,202607,2026-06-18 22:06:00,109.55,109.6,109.55,109.6,15
NYF,202607,2026-06-18 22:07:00,109.6,109.6,109.6,109.6,6
NYF,202607,2026-06-18 22:08:00,109.6,109.6,109.55,109.55,3
NYF,202607,2026-06-18 22:09:00,109.6,109.65,109.6,109.65,13
NYF,202607,2026-06-18 22:10:00,109.65,109.65,109.6,109.6,10
NYF,202607,2026-06-18 22:11:00,109.6,109.6,109.6,109.6,3
NYF,202607,2026-06-18 22:12:00,109.55,109.6,109.55,109.6,10
NYF,202607,2026-06-18 22:13:00,109.55,109.55,109.5,109.5,11
NYF,202607,2026-06-18 22:14:00,109.5,109.5,109.5,109.5,8
NYF,202607,2026-06-18 22:15:00,109.5,109.5,109.5,109.5,2
NYF,202607,2026-06-18 22:16:00,109.5,109.55,109.5,109.55,8
NYF,202607,2026-06-18 22:17:00,109.6,109.65,109.6,109.65,17
NYF,202607,2026-06-18 22:18:00,109.65,109.7,109.65,109.65,15
NYF,202607,2026-06-18 22:19:00,109.65,109.7,109.65,109.7,8
NYF,202607,2026-06-18 22:20:00,109.7,109.7,109.7,109.7,1
NYF,202607,2026-06-18 22:21:00,109.7,109.7,109.7,109.7,10
NYF,202607,2026-06-18 22:23:00,109.75,109.85,109.75,109.85,23
NYF,202607,2026-06-18 22:24:00,109.85,109.85,109.85,109.85,34
NYF,202607,2026-06-18 22:25:00,109.85,109.85,109.8,109.85,15
NYF,202607,2026-06-18 22:26:00,109.85,109.85,109.8,109.8,15
NYF,202607,2026-06-18 22:27:00,109.8,109.8,109.8,109.8,3
NYF,202607,2026-06-18 22:28:00,109.75,109.75,109.75,109.75,13
NYF,202607,2026-06-18 22:29:00,109.75,109.8,109.75,109.8,12
NYF,202607,2026-06-18 22:30:00,109.75,109.75,109.65,109.75,20
NYF,202607,2026-06-18 22:31:00,109.75,109.8,109.75,109.8,3
NYF,202607,2026-06-18 22:32:00,109.8,109.8,109.7,109.7,4
NYF,202607,2026-06-18 22:33:00,109.75,109.75,109.75,109.75,1
NYF,202607,2026-06-18 22:34:00,109.75,109.75,109.75,109.75,1
NYF,202607,2026-06-18 22:35:00,109.75,109.75,109.75,109.75,3
NYF,202607,2026-06-18 22:36:00,109.75,109.85,109.75,109.85,16
NYF,202607,2026-06-18 22:37:00,109.85,109.85,109.85,109.85,6
NYF,202607,2026-06-18 22:38:00,109.85,109.85,109.85,109.85,1
NYF,202607,2026-06-18 22:39:00,109.85,109.85,109.85,109.85,1
NYF,202607,2026-06-18 22:40:00,109.8,109.8,109.8,109.8,1
NYF,202607,2026-06-18 22:41:00,109.8,109.8,109.8,109.8,6
NYF,202607,2026-06-18 22:42:00,109.8,109.8,109.8,109.8,2
NYF,202607,2026-06-18 22:43:00,109.85,109.85,109.85,109.85,3
NYF,202607,2026-06-18 22:46:00,109.9,109.9,109.85,109.9,19
NYF,202607,2026-06-18 22:47:00,109.9,109.95,109.9,109.95,9
NYF,202607,2026-06-18 22:48:00,109.95,109.95,109.95,109.95,9
NYF,202607,2026-06-18 22:49:00,109.95,109.95,109.95,109.95,1
NYF,202607,2026-06-18 22:50:00,109.95,109.95,109.95,109.95,23
NYF,202607,2026-06-18 22:51:00,109.95,109.95,109.9,109.9,10
NYF,202607,2026-06-18 22:52:00,109.95,109.95,109.95,109.95,4
NYF,202607,2026-06-18 22:54:00,109.95,109.95,109.95,109.95,4
NYF,202607,2026-06-18 22:56:00,109.9,109.9,109.9,109.9,30
NYF,202607,2026-06-18 22:58:00,109.9,109.95,109.9,109.95,15
NYF,202607,2026-06-18 22:59:00,109.95,109.95,109.95,109.95,4
NYF,202607,2026-06-18 23:00:00,109.9,109.9,109.9,109.9,9
NYF,202607,2026-06-18 23:01:00,109.9,109.9,109.9,109.9,9
NYF,202607,2026-06-18 23:02:00,109.85,109.85,109.85,109.85,16
NYF,202607,2026-06-18 23:03:00,109.85,109.85,109.85,109.85,6
NYF,202607,2026-06-18 23:04:00,109.9,109.9,109.9,109.9,5
NYF,202607,2026-06-18 23:06:00,109.9,109.9,109.9,109.9,1
NYF,202607,2026-06-18 23:07:00,109.9,109.9,109.9,109.9,2
NYF,202607,2026-06-18 23:11:00,109.9,109.9,109.9,109.9,5
NYF,202607,2026-06-18 23:12:00,109.9,109.9,109.9,109.9,9
NYF,202607,2026-06-18 23:14:00,109.9,109.9,109.9,109.9,1
NYF,202607,2026-06-18 23:16:00,109.9,109.9,109.9,109.9,2
NYF,202607,2026-06-18 23:17:00,109.9,109.9,109.9,109.9,1
NYF,202607,2026-06-18 23:19:00,109.85,109.85,109.85,109.85,28
NYF,202607,2026-06-18 23:20:00,109.85,109.9,109.85,109.9,10
NYF,202607,2026-06-18 23:22:00,109.85,109.85,109.85,109.85,5
NYF,202607,2026-06-18 23:23:00,109.85,109.85,109.85,109.85,4
NYF,202607,2026-06-18 23:25:00,109.85,109.85,109.85,109.85,3
NYF,202607,2026-06-18 23:26:00,109.85,109.85,109.8,109.8,3
NYF,202607,2026-06-18 23:27:00,109.8,109.85,109.8,109.85,3
NYF,202607,2026-06-18 23:28:00,109.85,109.85,109.8,109.8,10
NYF,202607,2026-06-18 23:29:00,109.8,109.8,109.75,109.75,16
NYF,202607,2026-06-18 23:30:00,109.8,109.8,109.8,109.8,3
NYF,202607,2026-06-18 23:31:00,109.8,109.8,109.8,109.8,2
NYF,202607,2026-06-18 23:32:00,109.8,109.8,109.8,109.8,2
NYF,202607,2026-06-18 23:33:00,109.75,109.75,109.7,109.7,29
NYF,202607,2026-06-18 23:34:00,109.7,109.8,109.7,109.8,14
NYF,202607,2026-06-18 23:35:00,109.7,109.7,109.65,109.65,17
NYF,202607,2026-06-18 23:36:00,109.6,109.6,109.6,109.6,2
NYF,202607,2026-06-18 23:37:00,109.65,109.65,109.65,109.65,4
NYF,202607,2026-06-18 23:38:00,109.7,109.7,109.6,109.6,21
NYF,202607,2026-06-18 23:39:00,109.6,109.6,109.6,109.6,1
NYF,202607,2026-06-18 23:40:00,109.7,109.7,109.7,109.7,5
NYF,202607,2026-06-18 23:41:00,109.75,109.75,109.75,109.75,8
NYF,202607,2026-06-18 23:42:00,109.75,109.75,109.75,109.75,6
NYF,202607,2026-06-18 23:43:00,109.75,109.75,109.75,109.75,1
NYF,202607,2026-06-18 23:44:00,109.75,109.75,109.75,109.75,1
NYF,202607,2026-06-18 23:46:00,109.75,109.75,109.75,109.75,2
NYF,202607,2026-06-18 23:49:00,109.8,109.8,109.8,109.8,6
NYF,202607,2026-06-18 23:50:00,109.8,109.8,109.8,109.8,8
NYF,202607,2026-06-18 23:51:00,109.85,109.85,109.8,109.8,4
NYF,202607,2026-06-18 23:52:00,109.85,109.85,109.85,109.85,6
NYF,202607,2026-06-18 23:53:00,109.85,109.85,109.85,109.85,3
NYF,202607,2026-06-18 23:54:00,109.85,109.85,109.85,109.85,7
NYF,202607,2026-06-18 23:55:00,109.85,109.85,109.85,109.85,1
NYF,202607,2026-06-18 23:56:00,109.85,109.85,109.85,109.85,2
NYF,202607,2026-06-18 23:57:00,109.85,109.9,109.85,109.9,7
NYF,202607,2026-06-19 00:00:00,109.9,109.95,109.9,109.95,41
NYF,202607,2026-06-19 00:01:00,109.95,109.95,109.95,109.95,4
NYF,202607,2026-06-19 00:02:00,109.95,110.0,109.95,110.0,8
NYF,202607,2026-06-19 00:03:00,109.95,109.95,109.95,109.95,2
NYF,202607,2026-06-19 00:04:00,110.0,110.0,109.95,109.95,26
NYF,202607,2026-06-19 00:05:00,109.95,109.95,109.95,109.95,5
NYF,202607,2026-06-19 00:07:00,109.9,109.9,109.9,109.9,3
NYF,202607,2026-06-19 00:11:00,109.95,109.95,109.95,109.95,2
NYF,202607,2026-06-19 00:13:00,109.95,109.95,109.95,109.95,2
NYF,202607,2026-06-19 00:15:00,109.95,109.95,109.95,109.95,4
NYF,202607,2026-06-19 00:16:00,109.95,109.95,109.95,109.95,3
NYF,202607,2026-06-19 00:17:00,109.95,109.95,109.95,109.95,1
NYF,202607,2026-06-19 00:18:00,110.0,110.0,109.95,109.95,2
NYF,202607,2026-06-19 00:19:00,109.95,109.95,109.95,109.95,3
NYF,202607,2026-06-19 00:20:00,110.0,110.0,110.0,110.0,16
NYF,202607,2026-06-19 00:22:00,110.0,110.0,110.0,110.0,1
NYF,202607,2026-06-19 00:23:00,110.05,110.05,110.05,110.05,14
NYF,202607,2026-06-19 00:24:00,110.05,110.1,110.05,110.1,4
NYF,202607,2026-06-19 00:25:00,110.05,110.05,110.0,110.05,5
NYF,202607,2026-06-19 00:26:00,110.1,110.1,110.1,110.1,2
NYF,202607,2026-06-19 00:27:00,110.1,110.1,110.1,110.1,1
NYF,202607,2026-06-19 00:28:00,110.05,110.05,110.05,110.05,12
NYF,202607,2026-06-19 00:29:00,110.05,110.05,110.05,110.05,2
NYF,202607,2026-06-19 00:30:00,110.05,110.05,110.05,110.05,1
NYF,202607,2026-06-19 00:31:00,110.1,110.1,110.1,110.1,9
NYF,202607,2026-06-19 00:32:00,110.1,110.1,110.1,110.1,10
NYF,202607,2026-06-19 00:33:00,110.1,110.1,110.1,110.1,3
NYF,202607,2026-06-19 00:37:00,110.15,110.15,110.15,110.15,7
NYF,202607,2026-06-19 00:38:00,110.15,110.15,110.15,110.15,5
NYF,202607,2026-06-19 00:39:00,110.15,110.15,110.15,110.15,1
NYF,202607,2026-06-19 00:40:00,110.1,110.1,110.1,110.1,10
NYF,202607,2026-06-19 00:42:00,110.15,110.15,110.15,110.15,1
NYF,202607,2026-06-19 00:43:00,110.15,110.15,110.15,110.15,2
NYF,202607,2026-06-19 00:45:00,110.15,110.15,110.15,110.15,17
NYF,202607,2026-06-19 00:46:00,110.15,110.15,110.15,110.15,1
NYF,202607,2026-06-19 00:50:00,110.1,110.1,110.1,110.1,14
NYF,202607,2026-06-19 00:51:00,110.05,110.05,110.05,110.05,2
NYF,202607,2026-06-19 00:52:00,110.1,110.1,110.1,110.1,1
NYF,202607,2026-06-19 00:56:00,110.05,110.05,110.05,110.05,1
NYF,202607,2026-06-19 00:58:00,110.05,110.05,110.05,110.05,1
NYF,202607,2026-06-19 01:00:00,110.05,110.05,110.05,110.05,2
NYF,202607,2026-06-19 01:01:00,110.0,110.0,110.0,110.0,1
NYF,202607,2026-06-19 01:04:00,110.0,110.0,110.0,110.0,1
NYF,202607,2026-06-19 01:05:00,110.1,110.2,110.1,110.2,10
NYF,202607,2026-06-19 01:06:00,110.2,110.2,110.2,110.2,3
NYF,202607,2026-06-19 01:07:00,110.15,110.15,110.15,110.15,5
NYF,202607,2026-06-19 01:08:00,110.15,110.2,110.15,110.2,14
NYF,202607,2026-06-19 01:09:00,110.25,110.25,110.25,110.25,1
NYF,202607,2026-06-19 01:11:00,110.25,110.25,110.25,110.25,15
NYF,202607,2026-06-19 01:12:00,110.25,110.25,110.25,110.25,9
NYF,202607,2026-06-19 01:13:00,110.25,110.25,110.25,110.25,4
NYF,202607,2026-06-19 01:14:00,110.3,110.3,110.3,110.3,1
NYF,202607,2026-06-19 01:15:00,110.3,110.3,110.3,110.3,2
NYF,202607,2026-06-19 01:16:00,110.3,110.3,110.3,110.3,4
NYF,202607,2026-06-19 01:17:00,110.35,110.35,110.3,110.3,3
NYF,202607,2026-06-19 01:18:00,110.35,110.35,110.35,110.35,2
NYF,202607,2026-06-19 01:21:00,110.35,110.35,110.35,110.35,2
NYF,202607,2026-06-19 01:23:00,110.35,110.35,110.35,110.35,1
NYF,202607,2026-06-19 01:24:00,110.35,110.35,110.35,110.35,1
NYF,202607,2026-06-19 01:25:00,110.35,110.35,110.35,110.35,1
NYF,202607,2026-06-19 01:26:00,110.35,110.35,110.35,110.35,1
NYF,202607,2026-06-19 01:27:00,110.35,110.35,110.35,110.35,7
NYF,202607,2026-06-19 01:28:00,110.35,110.35,110.35,110.35,1
NYF,202607,2026-06-19 01:29:00,110.35,110.35,110.35,110.35,1
NYF,202607,2026-06-19 01:31:00,110.4,110.45,110.4,110.45,32
NYF,202607,2026-06-19 01:32:00,110.45,110.45,110.45,110.45,4
NYF,202607,2026-06-19 01:33:00,110.45,110.45,110.45,110.45,3
NYF,202607,2026-06-19 01:34:00,110.45,110.45,110.45,110.45,1
NYF,202607,2026-06-19 01:35:00,110.45,110.45,110.45,110.45,1
NYF,202607,2026-06-19 01:36:00,110.5,110.5,110.5,110.5,8
NYF,202607,2026-06-19 01:38:00,110.5,110.5,110.5,110.5,2
NYF,202607,2026-06-19 01:39:00,110.45,110.45,110.45,110.45,4
NYF,202607,2026-06-19 01:40:00,110.45,110.45,110.45,110.45,1
NYF,202607,2026-06-19 01:41:00,110.45,110.45,110.45,110.45,1
NYF,202607,2026-06-19 01:44:00,110.5,110.5,110.5,110.5,11
NYF,202607,2026-06-19 01:45:00,110.5,110.5,110.5,110.5,2
NYF,202607,2026-06-19 01:46:00,110.45,110.45,110.45,110.45,4
NYF,202607,2026-06-19 01:48:00,110.5,110.5,110.5,110.5,4
NYF,202607,2026-06-19 01:49:00,110.5,110.5,110.5,110.5,1
NYF,202607,2026-06-19 01:50:00,110.5,110.5,110.5,110.5,5
NYF,202607,2026-06-19 01:52:00,110.5,110.5,110.5,110.5,1
NYF,202607,2026-06-19 01:53:00,110.5,110.5,110.5,110.5,1
NYF,202607,2026-06-19 01:55:00,110.45,110.45,110.45,110.45,1
NYF,202607,2026-06-19 02:04:00,110.45,110.45,110.45,110.45,1
NYF,202607,2026-06-19 02:08:00,110.5,110.5,110.5,110.5,1
NYF,202607,2026-06-19 02:09:00,110.5,110.5,110.5,110.5,1
NYF,202607,2026-06-19 02:11:00,110.55,110.55,110.55,110.55,2
NYF,202607,2026-06-19 02:13:00,110.55,110.6,110.55,110.6,8
NYF,202607,2026-06-19 02:15:00,110.5,110.5,110.5,110.5,2
NYF,202607,2026-06-19 02:20:00,110.55,110.55,110.55,110.55,1
NYF,202607,2026-06-19 02:22:00,110.6,110.6,110.6,110.6,1
NYF,202607,2026-06-19 02:25:00,110.6,110.6,110.6,110.6,2
NYF,202607,2026-06-19 02:26:00,110.6,110.6,110.6,110.6,2
NYF,202607,2026-06-19 02:28:00,110.55,110.55,110.55,110.55,1
NYF,202607,2026-06-19 02:30:00,110.5,110.5,110.5,110.5,2
NYF,202607,2026-06-19 02:32:00,110.5,110.5,110.45,110.45,2
NYF,202607,2026-06-19 02:34:00,110.55,110.55,110.55,110.55,3
NYF,202607,2026-06-19 02:35:00,110.55,110.55,110.55,110.55,2
NYF,202607,2026-06-19 02:37:00,110.5,110.5,110.5,110.5,2
NYF,202607,2026-06-19 02:38:00,110.5,110.5,110.5,110.5,4
NYF,202607,2026-06-19 02:43:00,110.5,110.5,110.5,110.5,1
NYF,202607,2026-06-19 02:48:00,110.5,110.5,110.5,110.5,1
NYF,202607,2026-06-19 02:52:00,110.55,110.55,110.55,110.55,2
NYF,202607,2026-06-19 03:00:00,110.55,110.55,110.55,110.55,1
NYF,202607,2026-06-19 03:01:00,110.5,110.5,110.5,110.5,1
NYF,202607,2026-06-19 03:02:00,110.45,110.45,110.4,110.4,10
NYF,202607,2026-06-19 03:03:00,110.4,110.4,110.4,110.4,3
NYF,202607,2026-06-19 03:08:00,110.5,110.5,110.5,110.5,1
NYF,202607,2026-06-19 03:10:00,110.45,110.45,110.45,110.45,4
NYF,202607,2026-06-19 03:17:00,110.55,110.55,110.55,110.55,1
NYF,202607,2026-06-19 03:18:00,110.55,110.55,110.5,110.5,2
NYF,202607,2026-06-19 03:23:00,110.55,110.55,110.55,110.55,2
NYF,202607,2026-06-19 03:27:00,110.55,110.55,110.55,110.55,2
NYF,202607,2026-06-19 03:39:00,110.6,110.6,110.6,110.6,2
NYF,202607,2026-06-19 03:41:00,110.6,110.6,110.6,110.6,3
NYF,202607,2026-06-19 03:44:00,110.65,110.65,110.65,110.65,3
NYF,202607,2026-06-19 03:45:00,110.7,110.7,110.7,110.7,2
NYF,202607,2026-06-19 03:46:00,110.7,110.7,110.7,110.7,1
NYF,202607,2026-06-19 03:47:00,110.7,110.7,110.7,110.7,18
NYF,202607,2026-06-19 03:49:00,110.75,110.75,110.75,110.75,3
NYF,202607,2026-06-19 03:50:00,110.75,110.75,110.75,110.75,2
NYF,202607,2026-06-19 03:51:00,110.8,110.9,110.8,110.8,11
NYF,202607,2026-06-19 03:52:00,110.85,110.85,110.85,110.85,1
NYF,202607,2026-06-19 03:54:00,110.8,110.8,110.8,110.8,3
NYF,202607,2026-06-19 03:57:00,110.75,110.75,110.75,110.75,1
NYF,202607,2026-06-19 03:59:00,110.7,110.7,110.7,110.7,4
NYF,202607,2026-06-19 04:00:00,110.65,110.65,110.65,110.65,1
NYF,202607,2026-06-19 04:01:00,110.6,110.6,110.6,110.6,1
NYF,202607,2026-06-19 04:04:00,110.65,110.65,110.65,110.65,1
NYF,202607,2026-06-19 04:07:00,110.65,110.65,110.65,110.65,1
NYF,202607,2026-06-19 04:19:00,110.75,110.75,110.75,110.75,1
NYF,202607,2026-06-19 04:23:00,110.8,110.8,110.8,110.8,1
NYF,202607,2026-06-19 04:24:00,110.8,110.8,110.8,110.8,1
NYF,202607,2026-06-19 04:27:00,110.8,110.8,110.8,110.8,1
NYF,202607,2026-06-19 04:30:00,110.8,110.8,110.8,110.8,1
NYF,202607,2026-06-19 04:40:00,110.8,110.8,110.8,110.8,9
NYF,202607,2026-06-19 04:45:00,110.75,110.75,110.7,110.7,9
NYF,202607,2026-06-19 04:54:00,110.7,110.7,110.7,110.7,1
NYF,202607,2026-06-19 04:56:00,110.7,110.75,110.7,110.75,2
NYF,202607,2026-06-19 04:57:00,110.75,110.75,110.75,110.75,2
NYF,202607,2026-06-19 04:58:00,110.7,110.7,110.7,110.7,1
NYF,202607,2026-06-19 04:59:00,110.7,110.7,110.5,110.5,12
NYF,202607/202608,2026-06-18 17:25:00,0.56,0.56,0.56,0.56,30
NYF,202607/202608,2026-06-18 17:46:00,0.56,0.56,0.56,0.56,30
NYF,202607/202608,2026-06-18 18:13:00,0.56,0.56,0.56,0.56,2
NYF,202607/202608,2026-06-18 20:11:00,0.56,0.56,0.56,0.56,6
NYF,202607/202608,2026-06-18 21:03:00,0.54,0.54,0.54,0.54,64
NYF,202608,2026-06-18 17:29:00,109.2,109.2,109.2,109.2,2
NYF,202608,2026-06-18 17:53:00,109.4,109.4,109.4,109.4,1
NYF,202608,2026-06-18 17:54:00,109.4,109.4,109.4,109.4,1
NYF,202608,2026-06-18 19:38:00,109.2,109.2,109.2,109.2,1
NYF,202608,2026-06-18 19:51:00,109.2,109.2,109.2,109.2,1
NYF,202608,2026-06-18 21:32:00,109.85,109.85,109.85,109.85,1
NYF,202608,2026-06-18 22:18:00,110.2,110.25,110.2,110.25,20
NYF,202608,2026-06-18 22:29:00,110.3,110.3,110.3,110.3,1
NYF,202608,2026-06-18 22:30:00,110.25,110.25,110.25,110.25,1
NYF,202608,2026-06-18 23:28:00,110.4,110.4,110.4,110.4,10
NYF,202608,2026-06-18 23:31:00,110.35,110.35,110.35,110.35,1
NYF,202608,2026-06-18 23:33:00,110.3,110.3,110.3,110.3,1
NYF,202608,2026-06-18 23:42:00,110.25,110.25,110.25,110.25,1
NYF,202608,2026-06-19 00:02:00,110.5,110.5,110.5,110.5,1
NYF,202608,2026-06-19 00:22:00,110.6,110.6,110.6,110.6,1
NYF,202608,2026-06-19 01:18:00,110.95,110.95,110.95,110.95,1
NYF,202608,2026-06-19 01:21:00,110.85,110.85,110.85,110.85,1
NYF,202608,2026-06-19 03:02:00,111.0,111.0,111.0,111.0,1
NYF,202609,2026-06-18 17:28:00,109.3,109.4,109.3,109.4,2
NYF,202609,2026-06-18 18:20:00,109.5,109.5,109.5,109.5,1
QFF,202607,2026-06-18 17:25:00,2445.0,2445.0,2440.0,2445.0,67
QFF,202607,2026-06-18 17:26:00,2445.0,2445.0,2445.0,2445.0,12
QFF,202607,2026-06-18 17:27:00,2445.0,2445.0,2445.0,2445.0,11
QFF,202607,2026-06-18 17:28:00,2440.0,2445.0,2440.0,2445.0,25
QFF,202607,2026-06-18 17:29:00,2445.0,2445.0,2440.0,2440.0,10
QFF,202607,2026-06-18 17:30:00,2440.0,2440.0,2440.0,2440.0,10
QFF,202607,2026-06-18 17:32:00,2440.0,2440.0,2440.0,2440.0,22
QFF,202607,2026-06-18 17:33:00,2445.0,2445.0,2440.0,2440.0,8
QFF,202607,2026-06-18 17:34:00,2440.0,2440.0,2440.0,2440.0,11
QFF,202607,2026-06-18 17:35:00,2440.0,2440.0,2440.0,2440.0,12
QFF,202607,2026-06-18 17:36:00,2440.0,2445.0,2440.0,2445.0,6
QFF,202607,2026-06-18 17:37:00,2445.0,2445.0,2440.0,2445.0,37
QFF,202607,2026-06-18 17:38:00,2445.0,2445.0,2445.0,2445.0,21
QFF,202607,2026-06-18 17:39:00,2445.0,2445.0,2445.0,2445.0,3
QFF,202607,2026-06-18 17:40:00,2445.0,2445.0,2445.0,2445.0,2
QFF,202607,2026-06-18 17:41:00,2445.0,2445.0,2440.0,2440.0,9
QFF,202607,2026-06-18 17:42:00,2445.0,2445.0,2445.0,2445.0,2
QFF,202607,2026-06-18 17:43:00,2445.0,2445.0,2445.0,2445.0,23
QFF,202607,2026-06-18 17:44:00,2445.0,2445.0,2445.0,2445.0,1
QFF,202607,2026-06-18 17:45:00,2445.0,2445.0,2445.0,2445.0,1
QFF,202607,2026-06-18 17:46:00,2445.0,2445.0,2445.0,2445.0,5
QFF,202607,2026-06-18 17:47:00,2445.0,2445.0,2440.0,2440.0,3
QFF,202607,2026-06-18 17:48:00,2440.0,2440.0,2440.0,2440.0,4
QFF,202607,2026-06-18 17:49:00,2445.0,2445.0,2445.0,2445.0,16
QFF,202607,2026-06-18 17:50:00,2445.0,2445.0,2445.0,2445.0,13
QFF,202607,2026-06-18 17:51:00,2445.0,2445.0,2445.0,2445.0,93
QFF,202607,2026-06-18 17:52:00,2445.0,2450.0,2445.0,2450.0,2
QFF,202607,2026-06-18 17:53:00,2450.0,2450.0,2445.0,2445.0,16
QFF,202607,2026-06-18 17:54:00,2445.0,2450.0,2445.0,2445.0,14
QFF,202607,2026-06-18 17:55:00,2445.0,2445.0,2445.0,2445.0,19
QFF,202607,2026-06-18 17:56:00,2445.0,2445.0,2445.0,2445.0,3
QFF,202607,2026-06-18 17:59:00,2445.0,2445.0,2445.0,2445.0,3
QFF,202607,2026-06-18 18:00:00,2445.0,2445.0,2445.0,2445.0,3
QFF,202607,2026-06-18 18:01:00,2450.0,2450.0,2450.0,2450.0,2
QFF,202607,2026-06-18 18:03:00,2450.0,2450.0,2445.0,2445.0,46
QFF,202607,2026-06-18 18:04:00,2445.0,2445.0,2445.0,2445.0,2
QFF,202607,2026-06-18 18:05:00,2450.0,2450.0,2445.0,2445.0,3
QFF,202607,2026-06-18 18:06:00,2450.0,2450.0,2450.0,2450.0,1
QFF,202607,2026-06-18 18:07:00,2445.0,2445.0,2445.0,2445.0,2
QFF,202607,2026-06-18 18:08:00,2450.0,2450.0,2450.0,2450.0,1
QFF,202607,2026-06-18 18:09:00,2450.0,2450.0,2450.0,2450.0,1
QFF,202607,2026-06-18 18:10:00,2445.0,2445.0,2445.0,2445.0,6
QFF,202607,2026-06-18 18:12:00,2450.0,2450.0,2450.0,2450.0,3
QFF,202607,2026-06-18 18:13:00,2450.0,2450.0,2450.0,2450.0,1
QFF,202607,2026-06-18 18:14:00,2450.0,2450.0,2450.0,2450.0,1
QFF,202607,2026-06-18 18:16:00,2450.0,2450.0,2450.0,2450.0,2
QFF,202607,2026-06-18 18:18:00,2450.0,2450.0,2450.0,2450.0,2
QFF,202607,2026-06-18 18:19:00,2450.0,2450.0,2450.0,2450.0,5
QFF,202607,2026-06-18 18:20:00,2450.0,2450.0,2450.0,2450.0,7
QFF,202607,2026-06-18 18:21:00,2450.0,2450.0,2450.0,2450.0,2
QFF,202607,2026-06-18 18:22:00,2445.0,2445.0,2445.0,2445.0,5
QFF,202607,2026-06-18 18:23:00,2445.0,2445.0,2445.0,2445.0,3
QFF,202607,2026-06-18 18:24:00,2445.0,2445.0,2445.0,2445.0,2
QFF,202607,2026-06-18 18:25:00,2445.0,2445.0,2445.0,2445.0,2
QFF,202607,2026-06-18 18:26:00,2445.0,2445.0,2445.0,2445.0,3
QFF,202607,2026-06-18 18:27:00,2445.0,2445.0,2445.0,2445.0,4
QFF,202607,2026-06-18 18:28:00,2445.0,2450.0,2445.0,2445.0,7
QFF,202607,2026-06-18 18:30:00,2445.0,2445.0,2445.0,2445.0,4
QFF,202607,2026-06-18 18:31:00,2445.0,2450.0,2445.0,2450.0,4
QFF,202607,2026-06-18 18:33:00,2445.0,2450.0,2445.0,2450.0,3
QFF,202607,2026-06-18 18:35:00,2445.0,2445.0,2445.0,2445.0,3
QFF,202607,2026-06-18 18:36:00,2445.0,2445.0,2445.0,2445.0,128
QFF,202607,2026-06-18 18:37:00,2445.0,2445.0,2445.0,2445.0,33
QFF,202607,2026-06-18 18:38:00,2445.0,2445.0,2445.0,2445.0,37
QFF,202607,2026-06-18 18:40:00,2445.0,2445.0,2445.0,2445.0,1
QFF,202607,2026-06-18 18:43:00,2445.0,2445.0,2445.0,2445.0,102
QFF,202607,2026-06-18 18:44:00,2445.0,2445.0,2445.0,2445.0,1
QFF,202607,2026-06-18 18:45:00,2440.0,2440.0,2440.0,2440.0,1
QFF,202607,2026-06-18 18:46:00,2445.0,2445.0,2445.0,2445.0,4
QFF,202607,2026-06-18 18:48:00,2445.0,2445.0,2445.0,2445.0,2
QFF,202607,2026-06-18 18:51:00,2440.0,2440.0,2440.0,2440.0,3
QFF,202607,2026-06-18 18:53:00,2440.0,2440.0,2440.0,2440.0,7
QFF,202607,2026-06-18 18:54:00,2440.0,2440.0,2440.0,2440.0,1
QFF,202607,2026-06-18 18:55:00,2445.0,2445.0,2445.0,2445.0,1
QFF,202607,2026-06-18 18:56:00,2445.0,2445.0,2440.0,2440.0,3
QFF,202607,2026-06-18 18:59:00,2445.0,2445.0,2445.0,2445.0,48
QFF,202607,2026-06-18 19:00:00,2445.0,2445.0,2445.0,2445.0,6
QFF,202607,2026-06-18 19:03:00,2445.0,2445.0,2445.0,2445.0,1
QFF,202607,2026-06-18 19:05:00,2445.0,2445.0,2445.0,2445.0,2
QFF,202607,2026-06-18 19:09:00,2440.0,2440.0,2440.0,2440.0,93
QFF,202607,2026-06-18 19:10:00,2440.0,2440.0,2440.0,2440.0,55
QFF,202607,2026-06-18 19:11:00,2440.0,2440.0,2440.0,2440.0,160
QFF,202607,2026-06-18 19:13:00,2440.0,2440.0,2435.0,2435.0,6
QFF,202607,2026-06-18 19:14:00,2440.0,2440.0,2440.0,2440.0,68
QFF,202607,2026-06-18 19:15:00,2440.0,2440.0,2440.0,2440.0,17
QFF,202607,2026-06-18 19:17:00,2440.0,2440.0,2440.0,2440.0,1
QFF,202607,2026-06-18 19:18:00,2435.0,2440.0,2435.0,2440.0,3
QFF,202607,2026-06-18 19:19:00,2440.0,2440.0,2440.0,2440.0,6
QFF,202607,2026-06-18 19:21:00,2440.0,2440.0,2440.0,2440.0,2
QFF,202607,2026-06-18 19:24:00,2440.0,2440.0,2435.0,2435.0,6
QFF,202607,2026-06-18 19:25:00,2440.0,2440.0,2440.0,2440.0,24
QFF,202607,2026-06-18 19:27:00,2440.0,2440.0,2440.0,2440.0,2
QFF,202607,2026-06-18 19:31:00,2445.0,2445.0,2445.0,2445.0,1
QFF,202607,2026-06-18 19:32:00,2445.0,2445.0,2445.0,2445.0,4
QFF,202607,2026-06-18 19:35:00,2445.0,2445.0,2445.0,2445.0,2
QFF,202607,2026-06-18 19:36:00,2440.0,2440.0,2440.0,2440.0,5
QFF,202607,2026-06-18 19:37:00,2440.0,2440.0,2440.0,2440.0,4
QFF,202607,2026-06-18 19:38:00,2440.0,2440.0,2435.0,2435.0,58
QFF,202607,2026-06-18 19:39:00,2440.0,2440.0,2440.0,2440.0,19
QFF,202607,2026-06-18 19:40:00,2440.0,2440.0,2440.0,2440.0,4
QFF,202607,2026-06-18 19:42:00,2440.0,2440.0,2440.0,2440.0,4
QFF,202607,2026-06-18 19:43:00,2440.0,2440.0,2440.0,2440.0,76
QFF,202607,2026-06-18 19:45:00,2440.0,2440.0,2440.0,2440.0,5
QFF,202607,2026-06-18 19:47:00,2440.0,2440.0,2440.0,2440.0,5
QFF,202607,2026-06-18 19:48:00,2440.0,2440.0,2440.0,2440.0,23
QFF,202607,2026-06-18 19:49:00,2440.0,2440.0,2440.0,2440.0,11
QFF,202607,2026-06-18 19:50:00,2440.0,2440.0,2440.0,2440.0,3
QFF,202607,2026-06-18 19:51:00,2440.0,2440.0,2440.0,2440.0,4
QFF,202607,2026-06-18 19:52:00,2440.0,2440.0,2440.0,2440.0,5
QFF,202607,2026-06-18 19:53:00,2440.0,2440.0,2440.0,2440.0,1
QFF,202607,2026-06-18 19:56:00,2445.0,2445.0,2445.0,2445.0,10
QFF,202607,2026-06-18 19:57:00,2445.0,2445.0,2445.0,2445.0,3
QFF,202607,2026-06-18 19:58:00,2445.0,2445.0,2445.0,2445.0,2
QFF,202607,2026-06-18 19:59:00,2445.0,2445.0,2440.0,2440.0,3
QFF,202607,2026-06-18 20:08:00,2440.0,2440.0,2440.0,2440.0,20
QFF,202607,2026-06-18 20:13:00,2440.0,2440.0,2440.0,2440.0,2
QFF,202607,2026-06-18 20:15:00,2440.0,2440.0,2440.0,2440.0,1
QFF,202607,2026-06-18 20:19:00,2445.0,2445.0,2445.0,2445.0,2
QFF,202607,2026-06-18 20:21:00,2445.0,2445.0,2445.0,2445.0,1
QFF,202607,2026-06-18 20:22:00,2445.0,2445.0,2445.0,2445.0,1
QFF,202607,2026-06-18 20:23:00,2445.0,2445.0,2445.0,2445.0,2
QFF,202607,2026-06-18 20:24:00,2445.0,2445.0,2445.0,2445.0,1
QFF,202607,2026-06-18 20:25:00,2445.0,2445.0,2445.0,2445.0,1
QFF,202607,2026-06-18 20:26:00,2445.0,2445.0,2445.0,2445.0,6
QFF,202607,2026-06-18 20:27:00,2445.0,2445.0,2445.0,2445.0,1
QFF,202607,2026-06-18 20:28:00,2445.0,2445.0,2445.0,2445.0,4
QFF,202607,2026-06-18 20:29:00,2445.0,2445.0,2445.0,2445.0,3
QFF,202607,2026-06-18 20:30:00,2445.0,2445.0,2445.0,2445.0,184
QFF,202607,2026-06-18 20:33:00,2445.0,2445.0,2445.0,2445.0,6
QFF,202607,2026-06-18 20:34:00,2445.0,2445.0,2445.0,2445.0,50
QFF,202607,2026-06-18 20:35:00,2445.0,2445.0,2445.0,2445.0,2
QFF,202607,2026-06-18 20:38:00,2445.0,2445.0,2445.0,2445.0,1
QFF,202607,2026-06-18 20:39:00,2445.0,2445.0,2445.0,2445.0,1
QFF,202607,2026-06-18 20:42:00,2445.0,2445.0,2445.0,2445.0,2
QFF,202607,2026-06-18 20:43:00,2445.0,2445.0,2445.0,2445.0,1
QFF,202607,2026-06-18 20:44:00,2445.0,2450.0,2445.0,2445.0,7
QFF,202607,2026-06-18 20:45:00,2445.0,2445.0,2445.0,2445.0,2
QFF,202607,2026-06-18 20:46:00,2445.0,2445.0,2445.0,2445.0,2
QFF,202607,2026-06-18 20:47:00,2445.0,2445.0,2445.0,2445.0,1
QFF,202607,2026-06-18 20:48:00,2445.0,2445.0,2445.0,2445.0,4
QFF,202607,2026-06-18 20:50:00,2445.0,2445.0,2445.0,2445.0,2
QFF,202607,2026-06-18 20:51:00,2445.0,2445.0,2445.0,2445.0,1
QFF,202607,2026-06-18 20:52:00,2445.0,2450.0,2445.0,2450.0,2
QFF,202607,2026-06-18 20:55:00,2450.0,2450.0,2450.0,2450.0,1
QFF,202607,2026-06-18 20:56:00,2450.0,2450.0,2450.0,2450.0,1
QFF,202607,2026-06-18 20:57:00,2450.0,2450.0,2450.0,2450.0,23
QFF,202607,2026-06-18 20:59:00,2450.0,2450.0,2445.0,2450.0,12
QFF,202607,2026-06-18 21:00:00,2450.0,2450.0,2450.0,2450.0,3
QFF,202607,2026-06-18 21:02:00,2445.0,2445.0,2445.0,2445.0,1
QFF,202607,2026-06-18 21:03:00,2445.0,2445.0,2445.0,2445.0,2
QFF,202607,2026-06-18 21:04:00,2445.0,2445.0,2445.0,2445.0,8
QFF,202607,2026-06-18 21:05:00,2450.0,2450.0,2450.0,2450.0,3
QFF,202607,2026-06-18 21:06:00,2445.0,2445.0,2445.0,2445.0,5
QFF,202607,2026-06-18 21:07:00,2450.0,2450.0,2450.0,2450.0,1
QFF,202607,2026-06-18 21:09:00,2450.0,2450.0,2450.0,2450.0,3
QFF,202607,2026-06-18 21:10:00,2445.0,2445.0,2445.0,2445.0,10
QFF,202607,2026-06-18 21:11:00,2445.0,2445.0,2445.0,2445.0,2
QFF,202607,2026-06-18 21:14:00,2445.0,2445.0,2445.0,2445.0,6
QFF,202607,2026-06-18 21:15:00,2445.0,2445.0,2445.0,2445.0,1
QFF,202607,2026-06-18 21:16:00,2450.0,2450.0,2450.0,2450.0,1
QFF,202607,2026-06-18 21:17:00,2450.0,2450.0,2450.0,2450.0,2
QFF,202607,2026-06-18 21:18:00,2450.0,2450.0,2445.0,2450.0,3
QFF,202607,2026-06-18 21:19:00,2450.0,2450.0,2450.0,2450.0,1
QFF,202607,2026-06-18 21:20:00,2450.0,2450.0,2450.0,2450.0,2
QFF,202607,2026-06-18 21:21:00,2450.0,2450.0,2450.0,2450.0,154
QFF,202607,2026-06-18 21:22:00,2450.0,2450.0,2450.0,2450.0,23
QFF,202607,2026-06-18 21:23:00,2450.0,2450.0,2445.0,2445.0,8
QFF,202607,2026-06-18 21:24:00,2450.0,2450.0,2445.0,2450.0,4
QFF,202607,2026-06-18 21:25:00,2445.0,2450.0,2445.0,2450.0,11
QFF,202607,2026-06-18 21:26:00,2450.0,2450.0,2450.0,2450.0,5
QFF,202607,2026-06-18 21:27:00,2450.0,2450.0,2445.0,2450.0,84
QFF,202607,2026-06-18 21:28:00,2450.0,2450.0,2450.0,2450.0,184
QFF,202607,2026-06-18 21:29:00,2450.0,2455.0,2450.0,2455.0,14
QFF,202607,2026-06-18 21:30:00,2455.0,2455.0,2455.0,2455.0,326
QFF,202607,2026-06-18 21:31:00,2455.0,2460.0,2455.0,2455.0,24
QFF,202607,2026-06-18 21:32:00,2455.0,2465.0,2455.0,2465.0,280
QFF,202607,2026-06-18 21:33:00,2465.0,2465.0,2460.0,2465.0,31
QFF,202607,2026-06-18 21:34:00,2460.0,2465.0,2455.0,2460.0,132
QFF,202607,2026-06-18 21:35:00,2455.0,2460.0,2455.0,2460.0,99
QFF,202607,2026-06-18 21:36:00,2460.0,2460.0,2460.0,2460.0,22
QFF,202607,2026-06-18 21:37:00,2460.0,2465.0,2460.0,2460.0,84
QFF,202607,2026-06-18 21:38:00,2465.0,2470.0,2465.0,2465.0,226
QFF,202607,2026-06-18 21:39:00,2465.0,2470.0,2465.0,2465.0,80
QFF,202607,2026-06-18 21:40:00,2465.0,2465.0,2460.0,2460.0,20
QFF,202607,2026-06-18 21:41:00,2465.0,2470.0,2465.0,2465.0,69
QFF,202607,2026-06-18 21:42:00,2465.0,2470.0,2465.0,2470.0,75
QFF,202607,2026-06-18 21:43:00,2470.0,2470.0,2465.0,2470.0,11
QFF,202607,2026-06-18 21:44:00,2465.0,2470.0,2465.0,2465.0,19
QFF,202607,2026-06-18 21:45:00,2465.0,2470.0,2465.0,2470.0,9
QFF,202607,2026-06-18 21:46:00,2470.0,2470.0,2465.0,2470.0,41
QFF,202607,2026-06-18 21:47:00,2470.0,2470.0,2465.0,2470.0,110
QFF,202607,2026-06-18 21:48:00,2470.0,2475.0,2470.0,2470.0,153
QFF,202607,2026-06-18 21:49:00,2470.0,2475.0,2465.0,2475.0,70
QFF,202607,2026-06-18 21:50:00,2470.0,2475.0,2470.0,2470.0,79
QFF,202607,2026-06-18 21:51:00,2470.0,2470.0,2470.0,2470.0,82
QFF,202607,2026-06-18 21:52:00,2470.0,2470.0,2470.0,2470.0,8
QFF,202607,2026-06-18 21:53:00,2470.0,2470.0,2470.0,2470.0,10
QFF,202607,2026-06-18 21:54:00,2470.0,2470.0,2465.0,2470.0,60
QFF,202607,2026-06-18 21:55:00,2470.0,2475.0,2470.0,2470.0,75
QFF,202607,2026-06-18 21:56:00,2470.0,2475.0,2470.0,2475.0,6
QFF,202607,2026-06-18 21:57:00,2470.0,2470.0,2470.0,2470.0,38
QFF,202607,2026-06-18 21:58:00,2470.0,2470.0,2465.0,2465.0,6
QFF,202607,2026-06-18 21:59:00,2465.0,2465.0,2465.0,2465.0,11
QFF,202607,2026-06-18 22:00:00,2470.0,2470.0,2470.0,2470.0,9
QFF,202607,2026-06-18 22:01:00,2470.0,2470.0,2470.0,2470.0,71
QFF,202607,2026-06-18 22:02:00,2470.0,2470.0,2470.0,2470.0,28
QFF,202607,2026-06-18 22:03:00,2470.0,2470.0,2470.0,2470.0,69
QFF,202607,2026-06-18 22:04:00,2470.0,2475.0,2470.0,2470.0,61
QFF,202607,2026-06-18 22:05:00,2475.0,2475.0,2470.0,2470.0,134
QFF,202607,2026-06-18 22:06:00,2470.0,2475.0,2470.0,2475.0,20
QFF,202607,2026-06-18 22:07:00,2470.0,2475.0,2470.0,2475.0,8
QFF,202607,2026-06-18 22:08:00,2475.0,2475.0,2470.0,2470.0,45
QFF,202607,2026-06-18 22:09:00,2470.0,2475.0,2470.0,2475.0,13
QFF,202607,2026-06-18 22:10:00,2475.0,2475.0,2470.0,2470.0,12
QFF,202607,2026-06-18 22:11:00,2470.0,2475.0,2470.0,2475.0,39
QFF,202607,2026-06-18 22:12:00,2470.0,2470.0,2470.0,2470.0,13
QFF,202607,2026-06-18 22:13:00,2470.0,2470.0,2470.0,2470.0,73
QFF,202607,2026-06-18 22:14:00,2470.0,2470.0,2465.0,2470.0,20
QFF,202607,2026-06-18 22:15:00,2470.0,2470.0,2470.0,2470.0,6
QFF,202607,2026-06-18 22:16:00,2465.0,2470.0,2465.0,2470.0,18
QFF,202607,2026-06-18 22:17:00,2470.0,2470.0,2465.0,2470.0,45
QFF,202607,2026-06-18 22:18:00,2475.0,2475.0,2470.0,2475.0,14
QFF,202607,2026-06-18 22:19:00,2475.0,2475.0,2475.0,2475.0,14
QFF,202607,2026-06-18 22:20:00,2475.0,2475.0,2475.0,2475.0,8
QFF,202607,2026-06-18 22:21:00,2475.0,2475.0,2475.0,2475.0,18
QFF,202607,2026-06-18 22:22:00,2475.0,2475.0,2470.0,2470.0,3
QFF,202607,2026-06-18 22:23:00,2470.0,2475.0,2470.0,2475.0,151
QFF,202607,2026-06-18 22:24:00,2475.0,2475.0,2475.0,2475.0,168
QFF,202607,2026-06-18 22:25:00,2475.0,2475.0,2475.0,2475.0,46
QFF,202607,2026-06-18 22:26:00,2475.0,2480.0,2475.0,2475.0,45
QFF,202607,2026-06-18 22:27:00,2475.0,2475.0,2475.0,2475.0,42
QFF,202607,2026-06-18 22:28:00,2470.0,2475.0,2470.0,2475.0,5
QFF,202607,2026-06-18 22:29:00,2475.0,2475.0,2475.0,2475.0,1
QFF,202607,2026-06-18 22:30:00,2470.0,2475.0,2470.0,2475.0,13
QFF,202607,2026-06-18 22:31:00,2475.0,2475.0,2475.0,2475.0,3
QFF,202607,2026-06-18 22:32:00,2475.0,2475.0,2475.0,2475.0,6
QFF,202607,2026-06-18 22:33:00,2475.0,2475.0,2475.0,2475.0,7
QFF,202607,2026-06-18 22:34:00,2470.0,2475.0,2470.0,2475.0,6
QFF,202607,2026-06-18 22:35:00,2475.0,2475.0,2475.0,2475.0,85
QFF,202607,2026-06-18 22:36:00,2475.0,2475.0,2475.0,2475.0,58
QFF,202607,2026-06-18 22:37:00,2475.0,2475.0,2475.0,2475.0,25
QFF,202607,2026-06-18 22:38:00,2475.0,2480.0,2475.0,2480.0,34
QFF,202607,2026-06-18 22:39:00,2475.0,2475.0,2475.0,2475.0,42
QFF,202607,2026-06-18 22:40:00,2475.0,2475.0,2470.0,2475.0,17
QFF,202607,2026-06-18 22:41:00,2475.0,2475.0,2475.0,2475.0,26
QFF,202607,2026-06-18 22:42:00,2475.0,2475.0,2475.0,2475.0,20
QFF,202607,2026-06-18 22:43:00,2475.0,2475.0,2475.0,2475.0,41
QFF,202607,2026-06-18 22:44:00,2475.0,2475.0,2475.0,2475.0,30
QFF,202607,2026-06-18 22:45:00,2475.0,2475.0,2475.0,2475.0,10
QFF,202607,2026-06-18 22:46:00,2475.0,2475.0,2475.0,2475.0,3
QFF,202607,2026-06-18 22:47:00,2480.0,2480.0,2475.0,2480.0,8
QFF,202607,2026-06-18 22:48:00,2480.0,2480.0,2480.0,2480.0,7
QFF,202607,2026-06-18 22:49:00,2480.0,2480.0,2475.0,2480.0,10
QFF,202607,2026-06-18 22:50:00,2480.0,2480.0,2475.0,2475.0,24
QFF,202607,2026-06-18 22:51:00,2480.0,2480.0,2475.0,2475.0,7
QFF,202607,2026-06-18 22:52:00,2475.0,2475.0,2475.0,2475.0,11
QFF,202607,2026-06-18 22:53:00,2475.0,2475.0,2475.0,2475.0,2
QFF,202607,2026-06-18 22:54:00,2475.0,2475.0,2475.0,2475.0,8
QFF,202607,2026-06-18 22:55:00,2475.0,2475.0,2475.0,2475.0,8
QFF,202607,2026-06-18 22:56:00,2480.0,2480.0,2480.0,2480.0,11
QFF,202607,2026-06-18 22:57:00,2480.0,2480.0,2480.0,2480.0,9
QFF,202607,2026-06-18 22:58:00,2480.0,2480.0,2475.0,2480.0,136
QFF,202607,2026-06-18 22:59:00,2475.0,2475.0,2475.0,2475.0,1
QFF,202607,2026-06-18 23:01:00,2480.0,2480.0,2480.0,2480.0,11
QFF,202607,2026-06-18 23:02:00,2475.0,2480.0,2475.0,2475.0,104
QFF,202607,2026-06-18 23:03:00,2475.0,2475.0,2475.0,2475.0,24
QFF,202607,2026-06-18 23:04:00,2475.0,2475.0,2475.0,2475.0,2
QFF,202607,2026-06-18 23:05:00,2475.0,2475.0,2475.0,2475.0,4
QFF,202607,2026-06-18 23:06:00,2475.0,2475.0,2475.0,2475.0,1
QFF,202607,2026-06-18 23:07:00,2475.0,2475.0,2475.0,2475.0,7
QFF,202607,2026-06-18 23:09:00,2480.0,2480.0,2480.0,2480.0,4
QFF,202607,2026-06-18 23:10:00,2480.0,2480.0,2475.0,2475.0,11
QFF,202607,2026-06-18 23:11:00,2480.0,2480.0,2480.0,2480.0,4
QFF,202607,2026-06-18 23:12:00,2480.0,2480.0,2480.0,2480.0,4
QFF,202607,2026-06-18 23:13:00,2480.0,2480.0,2475.0,2475.0,13
QFF,202607,2026-06-18 23:14:00,2480.0,2480.0,2480.0,2480.0,7
QFF,202607,2026-06-18 23:15:00,2480.0,2480.0,2475.0,2480.0,21
QFF,202607,2026-06-18 23:16:00,2480.0,2480.0,2480.0,2480.0,5
QFF,202607,2026-06-18 23:17:00,2480.0,2480.0,2480.0,2480.0,1
QFF,202607,2026-06-18 23:18:00,2475.0,2480.0,2475.0,2480.0,2
QFF,202607,2026-06-18 23:19:00,2475.0,2480.0,2475.0,2475.0,9
QFF,202607,2026-06-18 23:20:00,2475.0,2480.0,2475.0,2480.0,3
QFF,202607,2026-06-18 23:21:00,2475.0,2475.0,2475.0,2475.0,2
QFF,202607,2026-06-18 23:22:00,2475.0,2475.0,2475.0,2475.0,3
QFF,202607,2026-06-18 23:23:00,2480.0,2480.0,2480.0,2480.0,5
QFF,202607,2026-06-18 23:24:00,2475.0,2475.0,2475.0,2475.0,2
QFF,202607,2026-06-18 23:25:00,2475.0,2475.0,2475.0,2475.0,1
QFF,202607,2026-06-18 23:26:00,2475.0,2475.0,2475.0,2475.0,1
QFF,202607,2026-06-18 23:27:00,2480.0,2480.0,2475.0,2475.0,2
QFF,202607,2026-06-18 23:28:00,2475.0,2475.0,2475.0,2475.0,66
QFF,202607,2026-06-18 23:29:00,2475.0,2480.0,2475.0,2475.0,162
QFF,202607,2026-06-18 23:30:00,2475.0,2480.0,2470.0,2475.0,36
QFF,202607,2026-06-18 23:31:00,2480.0,2480.0,2475.0,2475.0,22
QFF,202607,2026-06-18 23:32:00,2475.0,2475.0,2475.0,2475.0,9
QFF,202607,2026-06-18 23:33:00,2475.0,2475.0,2470.0,2475.0,5
QFF,202607,2026-06-18 23:34:00,2475.0,2475.0,2475.0,2475.0,41
QFF,202607,2026-06-18 23:35:00,2475.0,2475.0,2470.0,2470.0,4
QFF,202607,2026-06-18 23:36:00,2470.0,2475.0,2470.0,2470.0,8
QFF,202607,2026-06-18 23:37:00,2470.0,2470.0,2470.0,2470.0,1
QFF,202607,2026-06-18 23:39:00,2470.0,2470.0,2470.0,2470.0,11
QFF,202607,2026-06-18 23:41:00,2475.0,2475.0,2475.0,2475.0,18
QFF,202607,2026-06-18 23:42:00,2475.0,2475.0,2475.0,2475.0,37
QFF,202607,2026-06-18 23:43:00,2475.0,2475.0,2475.0,2475.0,21
QFF,202607,2026-06-18 23:44:00,2475.0,2475.0,2475.0,2475.0,21
QFF,202607,2026-06-18 23:45:00,2475.0,2475.0,2475.0,2475.0,2
QFF,202607,2026-06-18 23:46:00,2475.0,2475.0,2475.0,2475.0,9
QFF,202607,2026-06-18 23:47:00,2475.0,2475.0,2475.0,2475.0,2
QFF,202607,2026-06-18 23:48:00,2475.0,2480.0,2475.0,2480.0,3
QFF,202607,2026-06-18 23:50:00,2480.0,2480.0,2480.0,2480.0,10
QFF,202607,2026-06-18 23:51:00,2480.0,2480.0,2480.0,2480.0,2
QFF,202607,2026-06-18 23:53:00,2475.0,2475.0,2475.0,2475.0,1
QFF,202607,2026-06-18 23:56:00,2480.0,2480.0,2480.0,2480.0,1
QFF,202607,2026-06-18 23:57:00,2480.0,2480.0,2480.0,2480.0,1
QFF,202607,2026-06-18 23:58:00,2480.0,2480.0,2480.0,2480.0,4
QFF,202607,2026-06-18 23:59:00,2480.0,2480.0,2480.0,2480.0,3
QFF,202607,2026-06-19 00:00:00,2480.0,2480.0,2480.0,2480.0,312
QFF,202607,2026-06-19 00:01:00,2480.0,2480.0,2475.0,2480.0,76
QFF,202607,2026-06-19 00:02:00,2480.0,2480.0,2480.0,2480.0,9
QFF,202607,2026-06-19 00:03:00,2480.0,2480.0,2480.0,2480.0,3
QFF,202607,2026-06-19 00:04:00,2480.0,2480.0,2480.0,2480.0,11
QFF,202607,2026-06-19 00:05:00,2480.0,2480.0,2480.0,2480.0,20
QFF,202607,2026-06-19 00:06:00,2480.0,2485.0,2480.0,2485.0,7
QFF,202607,2026-06-19 00:07:00,2485.0,2485.0,2485.0,2485.0,4
QFF,202607,2026-06-19 00:08:00,2480.0,2480.0,2480.0,2480.0,1
QFF,202607,2026-06-19 00:09:00,2480.0,2480.0,2480.0,2480.0,110
QFF,202607,2026-06-19 00:10:00,2485.0,2485.0,2480.0,2480.0,20
QFF,202607,2026-06-19 00:11:00,2480.0,2480.0,2480.0,2480.0,9
QFF,202607,2026-06-19 00:12:00,2485.0,2485.0,2480.0,2480.0,11
QFF,202607,2026-06-19 00:13:00,2480.0,2485.0,2480.0,2485.0,12
QFF,202607,2026-06-19 00:14:00,2480.0,2480.0,2480.0,2480.0,3
QFF,202607,2026-06-19 00:15:00,2480.0,2480.0,2480.0,2480.0,49
QFF,202607,2026-06-19 00:16:00,2485.0,2485.0,2480.0,2480.0,33
QFF,202607,2026-06-19 00:17:00,2480.0,2485.0,2480.0,2480.0,73
QFF,202607,2026-06-19 00:19:00,2480.0,2480.0,2480.0,2480.0,26
QFF,202607,2026-06-19 00:20:00,2480.0,2480.0,2480.0,2480.0,1
QFF,202607,2026-06-19 00:22:00,2480.0,2480.0,2480.0,2480.0,2
QFF,202607,2026-06-19 00:23:00,2485.0,2485.0,2485.0,2485.0,4
QFF,202607,2026-06-19 00:24:00,2485.0,2485.0,2485.0,2485.0,6
QFF,202607,2026-06-19 00:25:00,2485.0,2485.0,2485.0,2485.0,8
QFF,202607,2026-06-19 00:26:00,2485.0,2485.0,2485.0,2485.0,1
QFF,202607,2026-06-19 00:27:00,2485.0,2485.0,2485.0,2485.0,3
QFF,202607,2026-06-19 00:28:00,2485.0,2485.0,2480.0,2480.0,2
QFF,202607,2026-06-19 00:29:00,2485.0,2485.0,2485.0,2485.0,1
QFF,202607,2026-06-19 00:32:00,2485.0,2485.0,2485.0,2485.0,11
QFF,202607,2026-06-19 00:33:00,2485.0,2485.0,2485.0,2485.0,144
QFF,202607,2026-06-19 00:34:00,2485.0,2485.0,2485.0,2485.0,44
QFF,202607,2026-06-19 00:35:00,2485.0,2485.0,2485.0,2485.0,9
QFF,202607,2026-06-19 00:36:00,2485.0,2485.0,2480.0,2480.0,6
QFF,202607,2026-06-19 00:37:00,2480.0,2485.0,2480.0,2485.0,13
QFF,202607,2026-06-19 00:38:00,2485.0,2485.0,2480.0,2480.0,6
QFF,202607,2026-06-19 00:39:00,2485.0,2485.0,2485.0,2485.0,4
QFF,202607,2026-06-19 00:40:00,2485.0,2485.0,2485.0,2485.0,1
QFF,202607,2026-06-19 00:41:00,2480.0,2480.0,2480.0,2480.0,2
QFF,202607,2026-06-19 00:42:00,2485.0,2485.0,2485.0,2485.0,2
QFF,202607,2026-06-19 00:43:00,2485.0,2485.0,2485.0,2485.0,15
QFF,202607,2026-06-19 00:44:00,2485.0,2485.0,2485.0,2485.0,1
QFF,202607,2026-06-19 00:45:00,2485.0,2485.0,2485.0,2485.0,11
QFF,202607,2026-06-19 00:46:00,2485.0,2485.0,2485.0,2485.0,3
QFF,202607,2026-06-19 00:47:00,2485.0,2485.0,2485.0,2485.0,2
QFF,202607,2026-06-19 00:48:00,2485.0,2485.0,2485.0,2485.0,1
QFF,202607,2026-06-19 00:49:00,2485.0,2485.0,2485.0,2485.0,1
QFF,202607,2026-06-19 00:50:00,2485.0,2485.0,2485.0,2485.0,1
QFF,202607,2026-06-19 00:51:00,2485.0,2485.0,2480.0,2480.0,7
QFF,202607,2026-06-19 00:54:00,2480.0,2480.0,2480.0,2480.0,1
QFF,202607,2026-06-19 00:55:00,2480.0,2480.0,2480.0,2480.0,1
QFF,202607,2026-06-19 00:56:00,2480.0,2480.0,2480.0,2480.0,2
QFF,202607,2026-06-19 00:57:00,2485.0,2485.0,2480.0,2480.0,3
QFF,202607,2026-06-19 00:58:00,2480.0,2480.0,2480.0,2480.0,4
QFF,202607,2026-06-19 00:59:00,2480.0,2485.0,2480.0,2485.0,31
QFF,202607,2026-06-19 01:00:00,2480.0,2480.0,2480.0,2480.0,3
QFF,202607,2026-06-19 01:01:00,2480.0,2480.0,2480.0,2480.0,1
QFF,202607,2026-06-19 01:02:00,2485.0,2485.0,2485.0,2485.0,1
QFF,202607,2026-06-19 01:04:00,2485.0,2485.0,2485.0,2485.0,12
QFF,202607,2026-06-19 01:05:00,2485.0,2485.0,2485.0,2485.0,86
QFF,202607,2026-06-19 01:06:00,2485.0,2485.0,2485.0,2485.0,11
QFF,202607,2026-06-19 01:07:00,2485.0,2485.0,2485.0,2485.0,2
QFF,202607,2026-06-19 01:08:00,2485.0,2490.0,2485.0,2485.0,29
QFF,202607,2026-06-19 01:09:00,2490.0,2490.0,2490.0,2490.0,27
QFF,202607,2026-06-19 01:10:00,2490.0,2490.0,2490.0,2490.0,1
QFF,202607,2026-06-19 01:11:00,2490.0,2490.0,2485.0,2485.0,3
QFF,202607,2026-06-19 01:13:00,2485.0,2485.0,2485.0,2485.0,3
QFF,202607,2026-06-19 01:14:00,2490.0,2490.0,2490.0,2490.0,4
QFF,202607,2026-06-19 01:15:00,2490.0,2490.0,2485.0,2490.0,12
QFF,202607,2026-06-19 01:16:00,2490.0,2490.0,2490.0,2490.0,256
QFF,202607,2026-06-19 01:17:00,2490.0,2495.0,2490.0,2495.0,58
QFF,202607,2026-06-19 01:18:00,2495.0,2495.0,2490.0,2495.0,6
QFF,202607,2026-06-19 01:19:00,2495.0,2495.0,2490.0,2495.0,7
QFF,202607,2026-06-19 01:20:00,2495.0,2495.0,2495.0,2495.0,2
QFF,202607,2026-06-19 01:21:00,2495.0,2495.0,2495.0,2495.0,5
QFF,202607,2026-06-19 01:22:00,2495.0,2495.0,2490.0,2490.0,9
QFF,202607,2026-06-19 01:23:00,2490.0,2490.0,2490.0,2490.0,1
QFF,202607,2026-06-19 01:24:00,2490.0,2495.0,2490.0,2495.0,6
QFF,202607,2026-06-19 01:25:00,2490.0,2495.0,2490.0,2495.0,2
QFF,202607,2026-06-19 01:27:00,2495.0,2495.0,2495.0,2495.0,3
QFF,202607,2026-06-19 01:28:00,2490.0,2490.0,2490.0,2490.0,1
QFF,202607,2026-06-19 01:30:00,2495.0,2495.0,2490.0,2490.0,8
QFF,202607,2026-06-19 01:31:00,2495.0,2495.0,2495.0,2495.0,30
QFF,202607,2026-06-19 01:32:00,2495.0,2495.0,2490.0,2495.0,42
QFF,202607,2026-06-19 01:33:00,2495.0,2495.0,2495.0,2495.0,4
QFF,202607,2026-06-19 01:34:00,2495.0,2495.0,2495.0,2495.0,80
QFF,202607,2026-06-19 01:35:00,2495.0,2500.0,2495.0,2495.0,261
QFF,202607,2026-06-19 01:36:00,2495.0,2500.0,2495.0,2500.0,43
QFF,202607,2026-06-19 01:37:00,2495.0,2495.0,2495.0,2495.0,37
QFF,202607,2026-06-19 01:38:00,2490.0,2495.0,2490.0,2495.0,13
QFF,202607,2026-06-19 01:39:00,2495.0,2495.0,2495.0,2495.0,1
QFF,202607,2026-06-19 01:40:00,2495.0,2495.0,2495.0,2495.0,10
QFF,202607,2026-06-19 01:41:00,2495.0,2495.0,2495.0,2495.0,21
QFF,202607,2026-06-19 01:43:00,2495.0,2495.0,2495.0,2495.0,4
QFF,202607,2026-06-19 01:44:00,2495.0,2495.0,2495.0,2495.0,16
QFF,202607,2026-06-19 01:45:00,2495.0,2495.0,2495.0,2495.0,13
QFF,202607,2026-06-19 01:46:00,2495.0,2495.0,2495.0,2495.0,1
QFF,202607,2026-06-19 01:47:00,2495.0,2495.0,2495.0,2495.0,73
QFF,202607,2026-06-19 01:48:00,2495.0,2495.0,2495.0,2495.0,6
QFF,202607,2026-06-19 01:49:00,2495.0,2495.0,2495.0,2495.0,2
QFF,202607,2026-06-19 01:50:00,2495.0,2495.0,2495.0,2495.0,18
QFF,202607,2026-06-19 01:51:00,2500.0,2500.0,2500.0,2500.0,1
QFF,202607,2026-06-19 01:52:00,2500.0,2500.0,2495.0,2495.0,8
QFF,202607,2026-06-19 01:54:00,2500.0,2500.0,2500.0,2500.0,1
QFF,202607,2026-06-19 01:55:00,2500.0,2500.0,2500.0,2500.0,2
QFF,202607,2026-06-19 01:56:00,2495.0,2500.0,2495.0,2495.0,19
QFF,202607,2026-06-19 01:57:00,2495.0,2495.0,2495.0,2495.0,23
QFF,202607,2026-06-19 01:59:00,2495.0,2495.0,2495.0,2495.0,25
QFF,202607,2026-06-19 02:00:00,2495.0,2495.0,2495.0,2495.0,3
QFF,202607,2026-06-19 02:01:00,2495.0,2495.0,2495.0,2495.0,6
QFF,202607,2026-06-19 02:02:00,2495.0,2500.0,2495.0,2495.0,7
QFF,202607,2026-06-19 02:03:00,2495.0,2495.0,2495.0,2495.0,31
QFF,202607,2026-06-19 02:04:00,2495.0,2495.0,2495.0,2495.0,5
QFF,202607,2026-06-19 02:05:00,2495.0,2495.0,2495.0,2495.0,9
QFF,202607,2026-06-19 02:06:00,2495.0,2495.0,2495.0,2495.0,5
QFF,202607,2026-06-19 02:07:00,2495.0,2495.0,2495.0,2495.0,3
QFF,202607,2026-06-19 02:08:00,2500.0,2500.0,2500.0,2500.0,1
QFF,202607,2026-06-19 02:10:00,2500.0,2500.0,2500.0,2500.0,1
QFF,202607,2026-06-19 02:12:00,2495.0,2495.0,2495.0,2495.0,1
QFF,202607,2026-06-19 02:15:00,2495.0,2495.0,2495.0,2495.0,1
QFF,202607,2026-06-19 02:16:00,2495.0,2495.0,2495.0,2495.0,1
QFF,202607,2026-06-19 02:17:00,2495.0,2495.0,2495.0,2495.0,1
QFF,202607,2026-06-19 02:18:00,2495.0,2495.0,2495.0,2495.0,1
QFF,202607,2026-06-19 02:19:00,2495.0,2495.0,2495.0,2495.0,3
QFF,202607,2026-06-19 02:20:00,2500.0,2500.0,2500.0,2500.0,2
QFF,202607,2026-06-19 02:21:00,2500.0,2500.0,2500.0,2500.0,7
QFF,202607,2026-06-19 02:23:00,2500.0,2500.0,2500.0,2500.0,1
QFF,202607,2026-06-19 02:25:00,2500.0,2500.0,2500.0,2500.0,14
QFF,202607,2026-06-19 02:26:00,2500.0,2500.0,2500.0,2500.0,2
QFF,202607,2026-06-19 02:27:00,2500.0,2500.0,2500.0,2500.0,7
QFF,202607,2026-06-19 02:29:00,2495.0,2495.0,2495.0,2495.0,32
QFF,202607,2026-06-19 02:30:00,2495.0,2495.0,2490.0,2495.0,136
QFF,202607,2026-06-19 02:31:00,2495.0,2495.0,2490.0,2495.0,18
QFF,202607,2026-06-19 02:32:00,2495.0,2495.0,2495.0,2495.0,3
QFF,202607,2026-06-19 02:33:00,2495.0,2495.0,2495.0,2495.0,23
QFF,202607,2026-06-19 02:34:00,2495.0,2495.0,2490.0,2490.0,24
QFF,202607,2026-06-19 02:35:00,2495.0,2495.0,2495.0,2495.0,43
QFF,202607,2026-06-19 02:36:00,2495.0,2495.0,2495.0,2495.0,1
QFF,202607,2026-06-19 02:38:00,2500.0,2500.0,2500.0,2500.0,1
QFF,202607,2026-06-19 02:39:00,2495.0,2495.0,2495.0,2495.0,1
QFF,202607,2026-06-19 02:40:00,2495.0,2495.0,2495.0,2495.0,2
QFF,202607,2026-06-19 02:41:00,2500.0,2500.0,2495.0,2495.0,3
QFF,202607,2026-06-19 02:43:00,2495.0,2495.0,2495.0,2495.0,2
QFF,202607,2026-06-19 02:44:00,2495.0,2495.0,2495.0,2495.0,2
QFF,202607,2026-06-19 02:45:00,2495.0,2495.0,2495.0,2495.0,1
QFF,202607,2026-06-19 02:48:00,2495.0,2495.0,2495.0,2495.0,1
QFF,202607,2026-06-19 02:49:00,2495.0,2495.0,2495.0,2495.0,2
QFF,202607,2026-06-19 02:51:00,2500.0,2500.0,2495.0,2495.0,3
QFF,202607,2026-06-19 02:52:00,2500.0,2500.0,2500.0,2500.0,1
QFF,202607,2026-06-19 02:54:00,2495.0,2500.0,2495.0,2500.0,22
QFF,202607,2026-06-19 02:56:00,2500.0,2500.0,2500.0,2500.0,21
QFF,202607,2026-06-19 02:57:00,2500.0,2500.0,2500.0,2500.0,15
QFF,202607,2026-06-19 02:58:00,2500.0,2500.0,2500.0,2500.0,20
QFF,202607,2026-06-19 02:59:00,2500.0,2500.0,2500.0,2500.0,3
QFF,202607,2026-06-19 03:00:00,2500.0,2500.0,2500.0,2500.0,5
QFF,202607,2026-06-19 03:01:00,2500.0,2500.0,2495.0,2495.0,5
QFF,202607,2026-06-19 03:02:00,2495.0,2495.0,2495.0,2495.0,2
QFF,202607,2026-06-19 03:03:00,2495.0,2500.0,2495.0,2500.0,19
QFF,202607,2026-06-19 03:04:00,2495.0,2495.0,2495.0,2495.0,10
QFF,202607,2026-06-19 03:05:00,2500.0,2500.0,2500.0,2500.0,4
QFF,202607,2026-06-19 03:06:00,2500.0,2500.0,2500.0,2500.0,1
QFF,202607,2026-06-19 03:08:00,2500.0,2500.0,2500.0,2500.0,1
QFF,202607,2026-06-19 03:09:00,2495.0,2500.0,2495.0,2500.0,33
QFF,202607,2026-06-19 03:10:00,2500.0,2500.0,2500.0,2500.0,1
QFF,202607,2026-06-19 03:11:00,2495.0,2495.0,2495.0,2495.0,5
QFF,202607,2026-06-19 03:12:00,2495.0,2495.0,2495.0,2495.0,6
QFF,202607,2026-06-19 03:13:00,2495.0,2500.0,2495.0,2500.0,9
QFF,202607,2026-06-19 03:14:00,2500.0,2500.0,2500.0,2500.0,10
QFF,202607,2026-06-19 03:15:00,2495.0,2495.0,2495.0,2495.0,10
QFF,202607,2026-06-19 03:19:00,2500.0,2500.0,2500.0,2500.0,8
QFF,202607,2026-06-19 03:20:00,2500.0,2500.0,2500.0,2500.0,29
QFF,202607,2026-06-19 03:22:00,2500.0,2500.0,2500.0,2500.0,41
QFF,202607,2026-06-19 03:24:00,2500.0,2500.0,2500.0,2500.0,10
QFF,202607,2026-06-19 03:25:00,2500.0,2500.0,2500.0,2500.0,1
QFF,202607,2026-06-19 03:27:00,2500.0,2500.0,2495.0,2495.0,6
QFF,202607,2026-06-19 03:29:00,2500.0,2500.0,2500.0,2500.0,4
QFF,202607,2026-06-19 03:30:00,2500.0,2500.0,2500.0,2500.0,3
QFF,202607,2026-06-19 03:31:00,2500.0,2500.0,2500.0,2500.0,2
QFF,202607,2026-06-19 03:32:00,2500.0,2500.0,2500.0,2500.0,1
QFF,202607,2026-06-19 03:33:00,2500.0,2500.0,2500.0,2500.0,2
QFF,202607,2026-06-19 03:35:00,2495.0,2495.0,2495.0,2495.0,1
QFF,202607,2026-06-19 03:36:00,2500.0,2500.0,2500.0,2500.0,1
QFF,202607,2026-06-19 03:37:00,2500.0,2500.0,2500.0,2500.0,1
QFF,202607,2026-06-19 03:38:00,2500.0,2500.0,2495.0,2495.0,3
QFF,202607,2026-06-19 03:39:00,2500.0,2500.0,2500.0,2500.0,20
QFF,202607,2026-06-19 03:40:00,2500.0,2500.0,2500.0,2500.0,18
QFF,202607,2026-06-19 03:41:00,2500.0,2500.0,2500.0,2500.0,149
QFF,202607,2026-06-19 03:42:00,2500.0,2500.0,2500.0,2500.0,4
QFF,202607,2026-06-19 03:43:00,2500.0,2500.0,2500.0,2500.0,11
QFF,202607,2026-06-19 03:44:00,2500.0,2500.0,2500.0,2500.0,110
QFF,202607,2026-06-19 03:45:00,2500.0,2500.0,2500.0,2500.0,2
QFF,202607,2026-06-19 03:47:00,2505.0,2505.0,2500.0,2500.0,4
QFF,202607,2026-06-19 03:48:00,2505.0,2505.0,2505.0,2505.0,1
QFF,202607,2026-06-19 03:49:00,2505.0,2505.0,2505.0,2505.0,4
QFF,202607,2026-06-19 03:50:00,2505.0,2505.0,2500.0,2500.0,6
QFF,202607,2026-06-19 03:51:00,2500.0,2505.0,2500.0,2505.0,23
QFF,202607,2026-06-19 03:52:00,2505.0,2505.0,2505.0,2505.0,26
QFF,202607,2026-06-19 03:53:00,2505.0,2505.0,2505.0,2505.0,2
QFF,202607,2026-06-19 03:54:00,2505.0,2505.0,2505.0,2505.0,45
QFF,202607,2026-06-19 03:55:00,2505.0,2505.0,2505.0,2505.0,1
QFF,202607,2026-06-19 03:56:00,2505.0,2505.0,2505.0,2505.0,3
QFF,202607,2026-06-19 03:57:00,2505.0,2505.0,2500.0,2505.0,3
QFF,202607,2026-06-19 03:58:00,2500.0,2500.0,2500.0,2500.0,2
QFF,202607,2026-06-19 04:00:00,2500.0,2500.0,2500.0,2500.0,3
QFF,202607,2026-06-19 04:01:00,2500.0,2500.0,2500.0,2500.0,4
QFF,202607,2026-06-19 04:02:00,2500.0,2500.0,2500.0,2500.0,3
QFF,202607,2026-06-19 04:03:00,2500.0,2500.0,2500.0,2500.0,5
QFF,202607,2026-06-19 04:04:00,2505.0,2505.0,2500.0,2500.0,9
QFF,202607,2026-06-19 04:05:00,2500.0,2505.0,2500.0,2505.0,7
QFF,202607,2026-06-19 04:07:00,2500.0,2500.0,2500.0,2500.0,4
QFF,202607,2026-06-19 04:08:00,2500.0,2500.0,2500.0,2500.0,3
QFF,202607,2026-06-19 04:09:00,2500.0,2500.0,2500.0,2500.0,2
QFF,202607,2026-06-19 04:10:00,2505.0,2505.0,2505.0,2505.0,1
QFF,202607,2026-06-19 04:11:00,2505.0,2505.0,2505.0,2505.0,2
QFF,202607,2026-06-19 04:12:00,2500.0,2505.0,2500.0,2500.0,3
QFF,202607,2026-06-19 04:14:00,2505.0,2505.0,2505.0,2505.0,2
QFF,202607,2026-06-19 04:16:00,2505.0,2505.0,2505.0,2505.0,3
QFF,202607,2026-06-19 04:18:00,2505.0,2505.0,2505.0,2505.0,1
QFF,202607,2026-06-19 04:20:00,2505.0,2505.0,2505.0,2505.0,1
QFF,202607,2026-06-19 04:21:00,2500.0,2500.0,2500.0,2500.0,1
QFF,202607,2026-06-19 04:22:00,2505.0,2505.0,2505.0,2505.0,1
QFF,202607,2026-06-19 04:25:00,2505.0,2505.0,2500.0,2500.0,3
QFF,202607,2026-06-19 04:27:00,2500.0,2500.0,2500.0,2500.0,1
QFF,202607,2026-06-19 04:30:00,2500.0,2500.0,2500.0,2500.0,1
QFF,202607,2026-06-19 04:32:00,2500.0,2500.0,2500.0,2500.0,1
QFF,202607,2026-06-19 04:33:00,2505.0,2505.0,2505.0,2505.0,4
QFF,202607,2026-06-19 04:34:00,2505.0,2505.0,2505.0,2505.0,2
QFF,202607,2026-06-19 04:35:00,2505.0,2505.0,2505.0,2505.0,1
QFF,202607,2026-06-19 04:36:00,2505.0,2505.0,2505.0,2505.0,3
QFF,202607,2026-06-19 04:37:00,2505.0,2505.0,2505.0,2505.0,2
QFF,202607,2026-06-19 04:38:00,2505.0,2505.0,2505.0,2505.0,2
QFF,202607,2026-06-19 04:39:00,2505.0,2505.0,2505.0,2505.0,2
QFF,202607,2026-06-19 04:41:00,2505.0,2505.0,2500.0,2500.0,27
QFF,202607,2026-06-19 04:42:00,2500.0,2505.0,2500.0,2505.0,2
QFF,202607,2026-06-19 04:43:00,2505.0,2505.0,2505.0,2505.0,1
QFF,202607,2026-06-19 04:44:00,2505.0,2505.0,2505.0,2505.0,2
QFF,202607,2026-06-19 04:45:00,2505.0,2505.0,2505.0,2505.0,1
QFF,202607,2026-06-19 04:46:00,2500.0,2500.0,2500.0,2500.0,5
QFF,202607,2026-06-19 04:47:00,2500.0,2500.0,2500.0,2500.0,3
QFF,202607,2026-06-19 04:48:00,2500.0,2505.0,2500.0,2505.0,70
QFF,202607,2026-06-19 04:49:00,2500.0,2505.0,2500.0,2505.0,2
QFF,202607,2026-06-19 04:51:00,2505.0,2505.0,2505.0,2505.0,1
QFF,202607,2026-06-19 04:52:00,2500.0,2505.0,2500.0,2505.0,3
QFF,202607,2026-06-19 04:53:00,2505.0,2505.0,2500.0,2500.0,7
QFF,202607,2026-06-19 04:54:00,2500.0,2500.0,2500.0,2500.0,3
QFF,202607,2026-06-19 04:56:00,2500.0,2505.0,2500.0,2505.0,17
QFF,202607,2026-06-19 04:57:00,2500.0,2505.0,2500.0,2505.0,8
QFF,202607,2026-06-19 04:58:00,2505.0,2505.0,2500.0,2500.0,31
QFF,202607,2026-06-19 04:59:00,2505.0,2505.0,2500.0,2505.0,57
QFF,202607/202608,2026-06-18 18:54:00,20.01,20.01,20.01,20.01,16
QFF,202607/202608,2026-06-18 19:13:00,20.01,20.01,20.01,20.01,22
QFF,202607/202608,2026-06-18 20:39:00,20.01,20.01,20.01,20.01,2
QFF,202607/202608,2026-06-18 20:49:00,20.01,20.01,20.01,20.01,2
QFF,202607/202608,2026-06-18 20:57:00,20.31,20.31,20.31,20.31,8
QFF,202607/202608,2026-06-18 21:36:00,20.31,20.31,20.31,20.31,100
QFF,202607/202608,2026-06-18 21:39:00,20.31,20.31,20.31,20.31,12
QFF,202607/202608,2026-06-18 21:41:00,20.31,20.31,20.31,20.31,20
QFF,202607/202608,2026-06-18 21:47:00,20.31,20.31,20.31,20.31,40
QFF,202607/202608,2026-06-18 21:55:00,20.51,20.51,20.51,20.51,4
QFF,202607/202608,2026-06-18 21:58:00,20.51,20.51,20.51,20.51,40
QFF,202607/202608,2026-06-18 22:04:00,20.51,20.51,20.51,20.51,2
QFF,202607/202608,2026-06-18 22:30:00,20.51,20.51,20.51,20.51,2
QFF,202607/202608,2026-06-18 22:36:00,20.51,20.51,20.51,20.51,2
QFF,202607/202608,2026-06-18 23:04:00,20.51,20.51,20.51,20.51,20
QFF,202607/202608,2026-06-18 23:05:00,20.51,20.51,20.51,20.51,40
QFF,202607/202608,2026-06-18 23:11:00,20.5,20.51,20.5,20.51,42
QFF,202607/202608,2026-06-18 23:17:00,20.51,20.51,20.51,20.51,20
QFF,202607/202608,2026-06-19 00:23:00,20.51,20.51,20.51,20.51,74
QFF,202607/202609,2026-06-18 23:43:00,40.5,40.5,40.5,40.5,4
QFF,202607/202609,2026-06-19 02:26:00,40.51,40.51,40.51,40.51,16
QFF,202607/202609,2026-06-19 04:59:00,40.51,40.51,40.51,40.51,40
QFF,202607/202612,2026-06-18 21:48:00,100.51,100.51,100.51,100.51,40
QFF,202607/202612,2026-06-18 22:13:00,100.51,102.99,100.51,102.99,6
QFF,202607/202612,2026-06-18 22:22:00,100.51,100.51,100.51,100.51,2
QFF,202608,2026-06-18 17:25:00,2465.0,2465.0,2465.0,2465.0,1
QFF,202608,2026-06-18 17:34:00,2460.0,2460.0,2460.0,2460.0,2
QFF,202608,2026-06-18 17:36:00,2465.0,2465.0,2465.0,2465.0,1
QFF,202608,2026-06-18 17:44:00,2465.0,2465.0,2465.0,2465.0,2
QFF,202608,2026-06-18 17:51:00,2465.0,2465.0,2465.0,2465.0,1
QFF,202608,2026-06-18 18:38:00,2465.0,2465.0,2465.0,2465.0,21
QFF,202608,2026-06-18 18:40:00,2465.0,2465.0,2465.0,2465.0,1
QFF,202608,2026-06-18 18:48:00,2460.0,2460.0,2460.0,2460.0,1
QFF,202608,2026-06-18 18:51:00,2460.0,2460.0,2460.0,2460.0,6
QFF,202608,2026-06-18 19:11:00,2460.0,2460.0,2460.0,2460.0,31
QFF,202608,2026-06-18 19:16:00,2460.0,2460.0,2460.0,2460.0,2
QFF,202608,2026-06-18 19:17:00,2460.0,2460.0,2460.0,2460.0,2
QFF,202608,2026-06-18 19:24:00,2460.0,2460.0,2460.0,2460.0,4
QFF,202608,2026-06-18 19:25:00,2460.0,2460.0,2460.0,2460.0,1
QFF,202608,2026-06-18 19:26:00,2460.0,2460.0,2460.0,2460.0,1
QFF,202608,2026-06-18 19:38:00,2460.0,2460.0,2460.0,2460.0,2
QFF,202608,2026-06-18 19:44:00,2460.0,2460.0,2460.0,2460.0,2
QFF,202608,2026-06-18 19:47:00,2460.0,2460.0,2460.0,2460.0,2
QFF,202608,2026-06-18 19:48:00,2460.0,2460.0,2460.0,2460.0,2
QFF,202608,2026-06-18 19:50:00,2460.0,2460.0,2460.0,2460.0,3
QFF,202608,2026-06-18 19:51:00,2460.0,2460.0,2460.0,2460.0,1
QFF,202608,2026-06-18 19:52:00,2460.0,2460.0,2460.0,2460.0,1
QFF,202608,2026-06-18 20:30:00,2465.0,2465.0,2465.0,2465.0,29
QFF,202608,2026-06-18 20:34:00,2470.0,2470.0,2470.0,2470.0,1
QFF,202608,2026-06-18 20:36:00,2470.0,2470.0,2470.0,2470.0,1
QFF,202608,2026-06-18 20:37:00,2470.0,2470.0,2470.0,2470.0,2
QFF,202608,2026-06-18 20:39:00,2470.0,2470.0,2470.0,2470.0,1
QFF,202608,2026-06-18 20:44:00,2470.0,2470.0,2470.0,2470.0,1
QFF,202608,2026-06-18 20:52:00,2470.0,2470.0,2470.0,2470.0,1
QFF,202608,2026-06-18 20:55:00,2470.0,2470.0,2470.0,2470.0,1
QFF,202608,2026-06-18 20:56:00,2470.0,2470.0,2470.0,2470.0,1
QFF,202608,2026-06-18 20:57:00,2470.0,2470.0,2470.0,2470.0,23
QFF,202608,2026-06-18 20:58:00,2470.0,2470.0,2470.0,2470.0,1
QFF,202608,2026-06-18 20:59:00,2470.0,2470.0,2470.0,2470.0,8
QFF,202608,2026-06-18 21:02:00,2470.0,2470.0,2470.0,2470.0,1
QFF,202608,2026-06-18 21:09:00,2470.0,2470.0,2470.0,2470.0,1
QFF,202608,2026-06-18 21:21:00,2470.0,2470.0,2470.0,2470.0,20
QFF,202608,2026-06-18 21:23:00,2470.0,2470.0,2470.0,2470.0,1
QFF,202608,2026-06-18 21:24:00,2470.0,2470.0,2470.0,2470.0,1
QFF,202608,2026-06-18 21:25:00,2470.0,2470.0,2470.0,2470.0,2
QFF,202608,2026-06-18 21:27:00,2470.0,2470.0,2470.0,2470.0,2
QFF,202608,2026-06-18 21:29:00,2475.0,2475.0,2475.0,2475.0,5
QFF,202608,2026-06-18 21:30:00,2475.0,2480.0,2475.0,2480.0,10
QFF,202608,2026-06-18 21:32:00,2480.0,2485.0,2475.0,2485.0,9
QFF,202608,2026-06-18 21:33:00,2485.0,2485.0,2485.0,2485.0,11
QFF,202608,2026-06-18 21:34:00,2485.0,2485.0,2480.0,2480.0,7
QFF,202608,2026-06-18 21:35:00,2480.0,2480.0,2475.0,2480.0,9
QFF,202608,2026-06-18 21:36:00,2480.0,2480.0,2480.0,2480.0,1
QFF,202608,2026-06-18 21:37:00,2480.0,2485.0,2480.0,2485.0,6
QFF,202608,2026-06-18 21:38:00,2485.0,2490.0,2485.0,2490.0,4
QFF,202608,2026-06-18 21:39:00,2485.0,2490.0,2485.0,2490.0,5
QFF,202608,2026-06-18 21:40:00,2490.0,2490.0,2485.0,2485.0,4
QFF,202608,2026-06-18 21:41:00,2485.0,2490.0,2485.0,2490.0,12
QFF,202608,2026-06-18 21:42:00,2490.0,2490.0,2490.0,2490.0,17
QFF,202608,2026-06-18 21:43:00,2490.0,2490.0,2490.0,2490.0,3
QFF,202608,2026-06-18 21:44:00,2490.0,2490.0,2490.0,2490.0,14
QFF,202608,2026-06-18 21:45:00,2490.0,2490.0,2490.0,2490.0,7
QFF,202608,2026-06-18 21:46:00,2490.0,2490.0,2490.0,2490.0,9
QFF,202608,2026-06-18 21:47:00,2490.0,2490.0,2490.0,2490.0,20
QFF,202608,2026-06-18 21:48:00,2490.0,2495.0,2490.0,2495.0,7
QFF,202608,2026-06-18 21:49:00,2490.0,2495.0,2490.0,2495.0,2
QFF,202608,2026-06-18 21:50:00,2495.0,2495.0,2495.0,2495.0,2
QFF,202608,2026-06-18 21:51:00,2490.0,2490.0,2490.0,2490.0,1
QFF,202608,2026-06-18 21:54:00,2495.0,2495.0,2490.0,2490.0,4
QFF,202608,2026-06-18 21:55:00,2490.0,2495.0,2490.0,2490.0,3
QFF,202608,2026-06-18 21:56:00,2495.0,2495.0,2495.0,2495.0,1
QFF,202608,2026-06-18 21:57:00,2490.0,2490.0,2490.0,2490.0,4
QFF,202608,2026-06-18 21:58:00,2490.0,2490.0,2490.0,2490.0,3
QFF,202608,2026-06-18 21:59:00,2490.0,2490.0,2490.0,2490.0,1
QFF,202608,2026-06-18 22:00:00,2490.0,2490.0,2490.0,2490.0,2
QFF,202608,2026-06-18 22:04:00,2495.0,2495.0,2495.0,2495.0,9
QFF,202608,2026-06-18 22:05:00,2495.0,2495.0,2495.0,2495.0,2
QFF,202608,2026-06-18 22:06:00,2495.0,2495.0,2495.0,2495.0,5
QFF,202608,2026-06-18 22:08:00,2495.0,2495.0,2495.0,2495.0,3
QFF,202608,2026-06-18 22:09:00,2495.0,2495.0,2495.0,2495.0,1
QFF,202608,2026-06-18 22:10:00,2495.0,2495.0,2495.0,2495.0,2
QFF,202608,2026-06-18 22:11:00,2495.0,2495.0,2495.0,2495.0,6
QFF,202608,2026-06-18 22:14:00,2495.0,2495.0,2490.0,2490.0,2
QFF,202608,2026-06-18 22:16:00,2490.0,2490.0,2490.0,2490.0,2
QFF,202608,2026-06-18 22:17:00,2490.0,2495.0,2490.0,2495.0,6
QFF,202608,2026-06-18 22:18:00,2495.0,2495.0,2495.0,2495.0,7
QFF,202608,2026-06-18 22:20:00,2495.0,2495.0,2495.0,2495.0,1
QFF,202608,2026-06-18 22:26:00,2500.0,2500.0,2500.0,2500.0,5
QFF,202608,2026-06-18 22:27:00,2500.0,2500.0,2500.0,2500.0,2
QFF,202608,2026-06-18 22:29:00,2500.0,2500.0,2500.0,2500.0,1
QFF,202608,2026-06-18 22:36:00,2500.0,2500.0,2500.0,2500.0,1
QFF,202608,2026-06-18 22:38:00,2500.0,2500.0,2500.0,2500.0,2
QFF,202608,2026-06-18 22:46:00,2500.0,2500.0,2500.0,2500.0,3
QFF,202608,2026-06-18 22:47:00,2500.0,2500.0,2500.0,2500.0,2
QFF,202608,2026-06-18 22:48:00,2500.0,2500.0,2500.0,2500.0,1
QFF,202608,2026-06-18 22:49:00,2500.0,2500.0,2500.0,2500.0,1
QFF,202608,2026-06-18 22:50:00,2500.0,2500.0,2500.0,2500.0,13
QFF,202608,2026-06-18 22:51:00,2500.0,2500.0,2500.0,2500.0,4
QFF,202608,2026-06-18 22:52:00,2500.0,2500.0,2500.0,2500.0,3
QFF,202608,2026-06-18 22:56:00,2500.0,2500.0,2500.0,2500.0,11
QFF,202608,2026-06-18 22:57:00,2500.0,2500.0,2500.0,2500.0,2
QFF,202608,2026-06-18 22:58:00,2500.0,2500.0,2500.0,2500.0,2
QFF,202608,2026-06-18 22:59:00,2500.0,2500.0,2500.0,2500.0,2
QFF,202608,2026-06-18 23:01:00,2500.0,2500.0,2500.0,2500.0,1
QFF,202608,2026-06-18 23:02:00,2500.0,2500.0,2500.0,2500.0,1
QFF,202608,2026-06-18 23:03:00,2500.0,2500.0,2500.0,2500.0,1
QFF,202608,2026-06-18 23:04:00,2500.0,2500.0,2500.0,2500.0,1
QFF,202608,2026-06-18 23:05:00,2500.0,2500.0,2500.0,2500.0,1
QFF,202608,2026-06-18 23:09:00,2500.0,2500.0,2500.0,2500.0,4
QFF,202608,2026-06-18 23:10:00,2500.0,2500.0,2500.0,2500.0,7
QFF,202608,2026-06-18 23:11:00,2500.0,2500.0,2500.0,2500.0,23
QFF,202608,2026-06-18 23:12:00,2500.0,2500.0,2500.0,2500.0,4
QFF,202608,2026-06-18 23:13:00,2500.0,2500.0,2500.0,2500.0,3
QFF,202608,2026-06-18 23:14:00,2500.0,2500.0,2500.0,2500.0,8
QFF,202608,2026-06-18 23:15:00,2500.0,2500.0,2500.0,2500.0,3
QFF,202608,2026-06-18 23:19:00,2500.0,2500.0,2500.0,2500.0,2
QFF,202608,2026-06-18 23:21:00,2500.0,2500.0,2500.0,2500.0,1
QFF,202608,2026-06-18 23:24:00,2500.0,2500.0,2500.0,2500.0,1
QFF,202608,2026-06-18 23:30:00,2500.0,2500.0,2500.0,2500.0,2
QFF,202608,2026-06-18 23:31:00,2500.0,2500.0,2500.0,2500.0,1
QFF,202608,2026-06-18 23:33:00,2495.0,2495.0,2495.0,2495.0,2
QFF,202608,2026-06-18 23:35:00,2495.0,2495.0,2495.0,2495.0,3
QFF,202608,2026-06-18 23:36:00,2495.0,2495.0,2495.0,2495.0,10
QFF,202608,2026-06-18 23:48:00,2500.0,2500.0,2500.0,2500.0,1
QFF,202608,2026-06-18 23:50:00,2500.0,2500.0,2500.0,2500.0,6
QFF,202608,2026-06-18 23:51:00,2500.0,2500.0,2500.0,2500.0,2
QFF,202608,2026-06-18 23:56:00,2500.0,2500.0,2500.0,2500.0,1
QFF,202608,2026-06-18 23:57:00,2500.0,2500.0,2500.0,2500.0,1
QFF,202608,2026-06-18 23:58:00,2500.0,2500.0,2500.0,2500.0,4
QFF,202608,2026-06-18 23:59:00,2500.0,2500.0,2500.0,2500.0,4
QFF,202608,2026-06-19 00:00:00,2500.0,2500.0,2500.0,2500.0,26
QFF,202608,2026-06-19 00:01:00,2500.0,2500.0,2500.0,2500.0,1
QFF,202608,2026-06-19 00:04:00,2505.0,2505.0,2505.0,2505.0,2
QFF,202608,2026-06-19 00:10:00,2505.0,2505.0,2505.0,2505.0,1
QFF,202608,2026-06-19 00:13:00,2505.0,2505.0,2505.0,2505.0,5
QFF,202608,2026-06-19 00:16:00,2505.0,2505.0,2505.0,2505.0,2
QFF,202608,2026-06-19 00:17:00,2505.0,2505.0,2505.0,2505.0,12
QFF,202608,2026-06-19 00:19:00,2505.0,2505.0,2505.0,2505.0,2
QFF,202608,2026-06-19 00:21:00,2505.0,2505.0,2505.0,2505.0,1
QFF,202608,2026-06-19 00:22:00,2505.0,2505.0,2505.0,2505.0,2
QFF,202608,2026-06-19 00:23:00,2505.0,2505.0,2505.0,2505.0,4
QFF,202608,2026-06-19 00:25:00,2505.0,2505.0,2505.0,2505.0,1
QFF,202608,2026-06-19 00:28:00,2505.0,2505.0,2505.0,2505.0,1
QFF,202608,2026-06-19 00:32:00,2505.0,2505.0,2505.0,2505.0,1
QFF,202608,2026-06-19 00:34:00,2505.0,2505.0,2505.0,2505.0,1
QFF,202608,2026-06-19 00:35:00,2505.0,2505.0,2505.0,2505.0,2
QFF,202608,2026-06-19 00:39:00,2505.0,2505.0,2505.0,2505.0,1
QFF,202608,2026-06-19 00:40:00,2505.0,2505.0,2505.0,2505.0,2
QFF,202608,2026-06-19 00:42:00,2505.0,2505.0,2505.0,2505.0,2
QFF,202608,2026-06-19 00:51:00,2505.0,2505.0,2505.0,2505.0,1
QFF,202608,2026-06-19 00:54:00,2505.0,2505.0,2505.0,2505.0,1
QFF,202608,2026-06-19 00:59:00,2505.0,2505.0,2505.0,2505.0,3
QFF,202608,2026-06-19 01:00:00,2505.0,2505.0,2505.0,2505.0,1
QFF,202608,2026-06-19 01:08:00,2510.0,2510.0,2510.0,2510.0,2
QFF,202608,2026-06-19 01:09:00,2510.0,2510.0,2510.0,2510.0,3
QFF,202608,2026-06-19 01:17:00,2515.0,2515.0,2515.0,2515.0,1
QFF,202608,2026-06-19 01:18:00,2515.0,2515.0,2515.0,2515.0,2
QFF,202608,2026-06-19 01:22:00,2515.0,2515.0,2515.0,2515.0,2
QFF,202608,2026-06-19 01:27:00,2515.0,2515.0,2515.0,2515.0,1
QFF,202608,2026-06-19 01:30:00,2515.0,2515.0,2515.0,2515.0,3
QFF,202608,2026-06-19 01:31:00,2515.0,2515.0,2515.0,2515.0,1
QFF,202608,2026-06-19 01:35:00,2520.0,2520.0,2520.0,2520.0,1
QFF,202608,2026-06-19 01:36:00,2520.0,2520.0,2520.0,2520.0,1
QFF,202608,2026-06-19 01:45:00,2520.0,2520.0,2520.0,2520.0,1
QFF,202608,2026-06-19 01:46:00,2515.0,2515.0,2515.0,2515.0,2
QFF,202608,2026-06-19 01:47:00,2515.0,2515.0,2515.0,2515.0,3
QFF,202608,2026-06-19 02:13:00,2520.0,2520.0,2520.0,2520.0,3
QFF,202608,2026-06-19 02:16:00,2520.0,2520.0,2520.0,2520.0,5
QFF,202608,2026-06-19 02:29:00,2520.0,2520.0,2520.0,2520.0,3
QFF,202608,2026-06-19 02:32:00,2520.0,2520.0,2520.0,2520.0,1
QFF,202608,2026-06-19 02:39:00,2520.0,2520.0,2520.0,2520.0,1
QFF,202608,2026-06-19 03:01:00,2520.0,2520.0,2520.0,2520.0,1
QFF,202608,2026-06-19 03:02:00,2520.0,2520.0,2520.0,2520.0,2
QFF,202608,2026-06-19 03:24:00,2520.0,2520.0,2520.0,2520.0,1
QFF,202608,2026-06-19 03:34:00,2520.0,2520.0,2520.0,2520.0,1
QFF,202608,2026-06-19 03:38:00,2520.0,2520.0,2520.0,2520.0,1
QFF,202608,2026-06-19 03:47:00,2525.0,2525.0,2525.0,2525.0,2
QFF,202608,2026-06-19 03:48:00,2525.0,2525.0,2525.0,2525.0,1
QFF,202608,2026-06-19 03:49:00,2525.0,2525.0,2525.0,2525.0,5
QFF,202608,2026-06-19 03:50:00,2525.0,2525.0,2525.0,2525.0,1
QFF,202608,2026-06-19 03:56:00,2525.0,2525.0,2525.0,2525.0,1
QFF,202608,2026-06-19 04:01:00,2525.0,2525.0,2525.0,2525.0,1
QFF,202608,2026-06-19 04:25:00,2525.0,2525.0,2525.0,2525.0,1
QFF,202608,2026-06-19 04:27:00,2525.0,2525.0,2525.0,2525.0,1
QFF,202608,2026-06-19 04:30:00,2520.0,2520.0,2520.0,2520.0,1
QFF,202608,2026-06-19 04:41:00,2525.0,2525.0,2525.0,2525.0,2
QFF,202608,2026-06-19 04:51:00,2530.0,2530.0,2530.0,2530.0,1
QFF,202608,2026-06-19 04:52:00,2525.0,2525.0,2525.0,2525.0,2
QFF,202608,2026-06-19 04:53:00,2525.0,2525.0,2525.0,2525.0,1
QFF,202608,2026-06-19 04:56:00,2525.0,2525.0,2525.0,2525.0,1
QFF,202608,2026-06-19 04:57:00,2525.0,2525.0,2525.0,2525.0,5
QFF,202608,2026-06-19 04:58:00,2525.0,2525.0,2525.0,2525.0,1
QFF,202608/202609,2026-06-18 20:56:00,19.99,19.99,19.99,19.99,4
QFF,202608/202609,2026-06-18 23:04:00,20.01,20.01,20.01,20.01,20
QFF,202608/202612,2026-06-18 20:53:00,79.99,79.99,79.99,79.99,10
QFF,202608/202612,2026-06-18 20:55:00,79.99,79.99,79.99,79.99,26
QFF,202609,2026-06-18 17:25:00,2475.0,2475.0,2475.0,2475.0,1
QFF,202609,2026-06-18 17:30:00,2480.0,2480.0,2480.0,2480.0,1
QFF,202609,2026-06-18 17:32:00,2475.0,2475.0,2475.0,2475.0,1
QFF,202609,2026-06-18 17:33:00,2480.0,2480.0,2480.0,2480.0,1
QFF,202609,2026-06-18 17:34:00,2475.0,2475.0,2475.0,2475.0,2
QFF,202609,2026-06-18 17:36:00,2480.0,2480.0,2480.0,2480.0,2
QFF,202609,2026-06-18 17:37:00,2480.0,2480.0,2480.0,2480.0,6
QFF,202609,2026-06-18 17:39:00,2480.0,2480.0,2480.0,2480.0,1
QFF,202609,2026-06-18 17:42:00,2480.0,2480.0,2480.0,2480.0,1
QFF,202609,2026-06-18 17:48:00,2480.0,2480.0,2480.0,2480.0,1
QFF,202609,2026-06-18 17:52:00,2485.0,2485.0,2485.0,2485.0,1
QFF,202609,2026-06-18 17:53:00,2485.0,2485.0,2485.0,2485.0,3
QFF,202609,2026-06-18 17:54:00,2485.0,2485.0,2485.0,2485.0,2
QFF,202609,2026-06-18 17:58:00,2485.0,2485.0,2485.0,2485.0,3
QFF,202609,2026-06-18 17:59:00,2485.0,2485.0,2485.0,2485.0,1
QFF,202609,2026-06-18 18:01:00,2485.0,2485.0,2485.0,2485.0,3
QFF,202609,2026-06-18 18:06:00,2485.0,2485.0,2485.0,2485.0,1
QFF,202609,2026-06-18 18:16:00,2485.0,2485.0,2485.0,2485.0,1
QFF,202609,2026-06-18 18:19:00,2485.0,2485.0,2485.0,2485.0,1
QFF,202609,2026-06-18 18:22:00,2485.0,2485.0,2485.0,2485.0,1
QFF,202609,2026-06-18 18:37:00,2485.0,2485.0,2485.0,2485.0,6
QFF,202609,2026-06-18 18:38:00,2485.0,2485.0,2485.0,2485.0,3
QFF,202609,2026-06-18 18:39:00,2485.0,2485.0,2485.0,2485.0,1
QFF,202609,2026-06-18 18:42:00,2485.0,2485.0,2485.0,2485.0,1
QFF,202609,2026-06-18 18:43:00,2485.0,2485.0,2485.0,2485.0,1
QFF,202609,2026-06-18 18:45:00,2485.0,2485.0,2485.0,2485.0,1
QFF,202609,2026-06-18 18:47:00,2485.0,2485.0,2485.0,2485.0,4
QFF,202609,2026-06-18 19:10:00,2480.0,2480.0,2480.0,2480.0,1
QFF,202609,2026-06-18 19:11:00,2480.0,2480.0,2480.0,2480.0,2
QFF,202609,2026-06-18 19:13:00,2480.0,2480.0,2480.0,2480.0,2
QFF,202609,2026-06-18 19:14:00,2480.0,2480.0,2480.0,2480.0,3
QFF,202609,2026-06-18 19:18:00,2480.0,2480.0,2480.0,2480.0,3
QFF,202609,2026-06-18 19:21:00,2480.0,2480.0,2480.0,2480.0,2
QFF,202609,2026-06-18 19:31:00,2480.0,2480.0,2480.0,2480.0,1
QFF,202609,2026-06-18 19:35:00,2480.0,2480.0,2480.0,2480.0,1
QFF,202609,2026-06-18 19:39:00,2475.0,2475.0,2475.0,2475.0,7
QFF,202609,2026-06-18 19:41:00,2475.0,2475.0,2475.0,2475.0,1
QFF,202609,2026-06-18 19:42:00,2475.0,2475.0,2475.0,2475.0,4
QFF,202609,2026-06-18 19:43:00,2475.0,2475.0,2475.0,2475.0,5
QFF,202609,2026-06-18 19:47:00,2475.0,2475.0,2475.0,2475.0,1
QFF,202609,2026-06-18 19:50:00,2475.0,2475.0,2475.0,2475.0,1
QFF,202609,2026-06-18 19:51:00,2475.0,2475.0,2475.0,2475.0,1
QFF,202609,2026-06-18 19:52:00,2480.0,2480.0,2480.0,2480.0,20
QFF,202609,2026-06-18 19:53:00,2475.0,2475.0,2475.0,2475.0,1
QFF,202609,2026-06-18 19:56:00,2480.0,2480.0,2480.0,2480.0,10
QFF,202609,2026-06-18 19:57:00,2480.0,2480.0,2480.0,2480.0,3
QFF,202609,2026-06-18 19:58:00,2480.0,2480.0,2480.0,2480.0,3
QFF,202609,2026-06-18 19:59:00,2480.0,2480.0,2480.0,2480.0,1
QFF,202609,2026-06-18 20:14:00,2480.0,2480.0,2480.0,2480.0,1
QFF,202609,2026-06-18 20:15:00,2480.0,2480.0,2480.0,2480.0,1
QFF,202609,2026-06-18 20:16:00,2480.0,2480.0,2480.0,2480.0,1
QFF,202609,2026-06-18 20:19:00,2480.0,2480.0,2480.0,2480.0,2
QFF,202609,2026-06-18 20:21:00,2480.0,2480.0,2480.0,2480.0,1
QFF,202609,2026-06-18 20:22:00,2480.0,2480.0,2480.0,2480.0,1
QFF,202609,2026-06-18 20:23:00,2480.0,2480.0,2480.0,2480.0,2
QFF,202609,2026-06-18 20:24:00,2480.0,2480.0,2480.0,2480.0,1
QFF,202609,2026-06-18 20:25:00,2480.0,2480.0,2480.0,2480.0,2
QFF,202609,2026-06-18 20:26:00,2480.0,2480.0,2480.0,2480.0,7
QFF,202609,2026-06-18 20:27:00,2480.0,2480.0,2480.0,2480.0,1
QFF,202609,2026-06-18 20:28:00,2480.0,2480.0,2480.0,2480.0,3
QFF,202609,2026-06-18 20:33:00,2480.0,2480.0,2480.0,2480.0,5
QFF,202609,2026-06-18 20:34:00,2485.0,2485.0,2485.0,2485.0,1
QFF,202609,2026-06-18 20:36:00,2485.0,2485.0,2485.0,2485.0,1
QFF,202609,2026-06-18 20:37:00,2485.0,2485.0,2485.0,2485.0,1
QFF,202609,2026-06-18 20:39:00,2485.0,2485.0,2485.0,2485.0,1
QFF,202609,2026-06-18 20:44:00,2485.0,2485.0,2485.0,2485.0,1
QFF,202609,2026-06-18 20:59:00,2490.0,2490.0,2490.0,2490.0,1
QFF,202609,2026-06-18 21:00:00,2490.0,2490.0,2490.0,2490.0,3
QFF,202609,2026-06-18 21:03:00,2485.0,2485.0,2485.0,2485.0,2
QFF,202609,2026-06-18 21:05:00,2490.0,2490.0,2490.0,2490.0,3
QFF,202609,2026-06-18 21:07:00,2490.0,2490.0,2490.0,2490.0,1
QFF,202609,2026-06-18 21:09:00,2490.0,2490.0,2490.0,2490.0,3
QFF,202609,2026-06-18 21:14:00,2485.0,2485.0,2485.0,2485.0,5
QFF,202609,2026-06-18 21:16:00,2490.0,2490.0,2490.0,2490.0,1
QFF,202609,2026-06-18 21:17:00,2490.0,2490.0,2490.0,2490.0,2
QFF,202609,2026-06-18 21:18:00,2490.0,2490.0,2490.0,2490.0,1
QFF,202609,2026-06-18 21:21:00,2490.0,2490.0,2490.0,2490.0,13
QFF,202609,2026-06-18 21:25:00,2490.0,2490.0,2490.0,2490.0,1
QFF,202609,2026-06-18 21:26:00,2490.0,2490.0,2490.0,2490.0,10
QFF,202609,2026-06-18 21:27:00,2490.0,2490.0,2490.0,2490.0,2
QFF,202609,2026-06-18 21:30:00,2495.0,2495.0,2495.0,2495.0,25
QFF,202609,2026-06-18 21:31:00,2500.0,2500.0,2500.0,2500.0,2
QFF,202609,2026-06-18 21:32:00,2500.0,2505.0,2500.0,2505.0,21
QFF,202609,2026-06-18 21:33:00,2505.0,2505.0,2505.0,2505.0,11
QFF,202609,2026-06-18 21:34:00,2500.0,2505.0,2500.0,2505.0,11
QFF,202609,2026-06-18 21:37:00,2500.0,2500.0,2500.0,2500.0,1
QFF,202609,2026-06-18 21:38:00,2505.0,2505.0,2505.0,2505.0,25
QFF,202609,2026-06-18 21:39:00,2505.0,2505.0,2505.0,2505.0,2
QFF,202609,2026-06-18 21:40:00,2505.0,2505.0,2505.0,2505.0,5
QFF,202609,2026-06-18 21:42:00,2505.0,2505.0,2505.0,2505.0,3
QFF,202609,2026-06-18 21:43:00,2505.0,2505.0,2505.0,2505.0,4
QFF,202609,2026-06-18 21:45:00,2505.0,2505.0,2505.0,2505.0,1
QFF,202609,2026-06-18 21:48:00,2510.0,2510.0,2510.0,2510.0,7
QFF,202609,2026-06-18 21:49:00,2510.0,2510.0,2510.0,2510.0,16
QFF,202609,2026-06-18 21:50:00,2510.0,2510.0,2510.0,2510.0,1
QFF,202609,2026-06-18 21:51:00,2510.0,2510.0,2510.0,2510.0,3
QFF,202609,2026-06-18 21:54:00,2510.0,2510.0,2510.0,2510.0,13
QFF,202609,2026-06-18 21:56:00,2515.0,2515.0,2515.0,2515.0,4
QFF,202609,2026-06-18 21:57:00,2515.0,2515.0,2515.0,2515.0,2
QFF,202609,2026-06-18 21:58:00,2510.0,2510.0,2510.0,2510.0,5
QFF,202609,2026-06-18 21:59:00,2510.0,2510.0,2510.0,2510.0,10
QFF,202609,2026-06-18 22:02:00,2510.0,2510.0,2510.0,2510.0,5
QFF,202609,2026-06-18 22:04:00,2515.0,2515.0,2515.0,2515.0,24
QFF,202609,2026-06-18 22:05:00,2515.0,2515.0,2510.0,2515.0,26
QFF,202609,2026-06-18 22:06:00,2515.0,2515.0,2515.0,2515.0,1
QFF,202609,2026-06-18 22:07:00,2515.0,2515.0,2515.0,2515.0,4
QFF,202609,2026-06-18 22:08:00,2515.0,2515.0,2515.0,2515.0,10
QFF,202609,2026-06-18 22:09:00,2515.0,2520.0,2515.0,2520.0,2
QFF,202609,2026-06-18 22:10:00,2515.0,2515.0,2515.0,2515.0,1
QFF,202609,2026-06-18 22:11:00,2515.0,2515.0,2515.0,2515.0,2
QFF,202609,2026-06-18 22:15:00,2515.0,2515.0,2515.0,2515.0,4
QFF,202609,2026-06-18 22:17:00,2510.0,2510.0,2510.0,2510.0,1
QFF,202609,2026-06-18 22:18:00,2515.0,2515.0,2515.0,2515.0,2
QFF,202609,2026-06-18 22:19:00,2515.0,2520.0,2515.0,2520.0,4
QFF,202609,2026-06-18 22:21:00,2520.0,2520.0,2520.0,2520.0,4
QFF,202609,2026-06-18 22:22:00,2515.0,2515.0,2515.0,2515.0,2
QFF,202609,2026-06-18 22:23:00,2515.0,2515.0,2515.0,2515.0,3
QFF,202609,2026-06-18 22:24:00,2520.0,2520.0,2520.0,2520.0,14
QFF,202609,2026-06-18 22:28:00,2515.0,2515.0,2515.0,2515.0,1
QFF,202609,2026-06-18 22:30:00,2515.0,2515.0,2515.0,2515.0,3
QFF,202609,2026-06-18 22:31:00,2515.0,2515.0,2515.0,2515.0,1
QFF,202609,2026-06-18 22:32:00,2515.0,2515.0,2515.0,2515.0,1
QFF,202609,2026-06-18 22:33:00,2520.0,2520.0,2520.0,2520.0,1
QFF,202609,2026-06-18 22:34:00,2520.0,2520.0,2520.0,2520.0,1
QFF,202609,2026-06-18 22:43:00,2515.0,2515.0,2515.0,2515.0,1
QFF,202609,2026-06-18 22:44:00,2515.0,2515.0,2515.0,2515.0,10
QFF,202609,2026-06-18 22:45:00,2515.0,2520.0,2515.0,2520.0,2
QFF,202609,2026-06-18 22:47:00,2520.0,2520.0,2520.0,2520.0,5
QFF,202609,2026-06-18 22:48:00,2520.0,2520.0,2520.0,2520.0,5
QFF,202609,2026-06-18 22:49:00,2520.0,2520.0,2520.0,2520.0,3
QFF,202609,2026-06-18 22:50:00,2520.0,2520.0,2520.0,2520.0,1
QFF,202609,2026-06-18 22:57:00,2520.0,2520.0,2520.0,2520.0,6
QFF,202609,2026-06-18 22:58:00,2520.0,2520.0,2520.0,2520.0,19
QFF,202609,2026-06-18 23:02:00,2520.0,2520.0,2520.0,2520.0,11
QFF,202609,2026-06-18 23:14:00,2520.0,2520.0,2520.0,2520.0,1
QFF,202609,2026-06-18 23:23:00,2520.0,2520.0,2520.0,2520.0,1
QFF,202609,2026-06-18 23:25:00,2520.0,2520.0,2520.0,2520.0,3
QFF,202609,2026-06-18 23:37:00,2515.0,2515.0,2515.0,2515.0,1
QFF,202609,2026-06-18 23:38:00,2515.0,2515.0,2515.0,2515.0,1
QFF,202609,2026-06-18 23:39:00,2515.0,2515.0,2515.0,2515.0,11
QFF,202609,2026-06-18 23:50:00,2520.0,2520.0,2520.0,2520.0,1
QFF,202609,2026-06-19 00:00:00,2520.0,2520.0,2520.0,2520.0,36
QFF,202609,2026-06-19 00:05:00,2525.0,2525.0,2520.0,2520.0,2
QFF,202609,2026-06-19 00:06:00,2525.0,2525.0,2525.0,2525.0,4
QFF,202609,2026-06-19 00:07:00,2525.0,2525.0,2525.0,2525.0,4
QFF,202609,2026-06-19 00:10:00,2525.0,2525.0,2525.0,2525.0,1
QFF,202609,2026-06-19 00:12:00,2525.0,2525.0,2525.0,2525.0,7
QFF,202609,2026-06-19 00:13:00,2525.0,2525.0,2525.0,2525.0,3
QFF,202609,2026-06-19 00:17:00,2525.0,2525.0,2525.0,2525.0,2
QFF,202609,2026-06-19 00:23:00,2525.0,2525.0,2525.0,2525.0,1
QFF,202609,2026-06-19 00:28:00,2525.0,2525.0,2525.0,2525.0,2
QFF,202609,2026-06-19 00:36:00,2525.0,2525.0,2525.0,2525.0,1
QFF,202609,2026-06-19 00:37:00,2525.0,2525.0,2525.0,2525.0,2
QFF,202609,2026-06-19 00:38:00,2525.0,2525.0,2525.0,2525.0,2
QFF,202609,2026-06-19 00:41:00,2525.0,2525.0,2525.0,2525.0,3
QFF,202609,2026-06-19 00:45:00,2525.0,2525.0,2525.0,2525.0,4
QFF,202609,2026-06-19 00:46:00,2525.0,2525.0,2525.0,2525.0,3
QFF,202609,2026-06-19 00:47:00,2525.0,2525.0,2525.0,2525.0,2
QFF,202609,2026-06-19 00:57:00,2525.0,2525.0,2525.0,2525.0,1
QFF,202609,2026-06-19 00:59:00,2525.0,2525.0,2525.0,2525.0,3
QFF,202609,2026-06-19 01:09:00,2530.0,2530.0,2530.0,2530.0,17
QFF,202609,2026-06-19 01:10:00,2530.0,2530.0,2530.0,2530.0,1
QFF,202609,2026-06-19 01:11:00,2530.0,2530.0,2530.0,2530.0,6
QFF,202609,2026-06-19 01:13:00,2530.0,2530.0,2530.0,2530.0,2
QFF,202609,2026-06-19 01:15:00,2530.0,2530.0,2530.0,2530.0,5
QFF,202609,2026-06-19 01:18:00,2535.0,2535.0,2535.0,2535.0,1
QFF,202609,2026-06-19 01:19:00,2535.0,2535.0,2535.0,2535.0,3
QFF,202609,2026-06-19 01:20:00,2535.0,2535.0,2535.0,2535.0,2
QFF,202609,2026-06-19 01:21:00,2535.0,2535.0,2535.0,2535.0,5
QFF,202609,2026-06-19 01:22:00,2535.0,2535.0,2535.0,2535.0,3
QFF,202609,2026-06-19 01:23:00,2535.0,2535.0,2535.0,2535.0,1
QFF,202609,2026-06-19 01:24:00,2535.0,2535.0,2535.0,2535.0,1
QFF,202609,2026-06-19 01:25:00,2535.0,2535.0,2535.0,2535.0,1
QFF,202609,2026-06-19 01:27:00,2535.0,2535.0,2535.0,2535.0,1
QFF,202609,2026-06-19 01:28:00,2535.0,2535.0,2535.0,2535.0,1
QFF,202609,2026-06-19 01:31:00,2535.0,2535.0,2535.0,2535.0,17
QFF,202609,2026-06-19 01:32:00,2535.0,2535.0,2535.0,2535.0,1
QFF,202609,2026-06-19 01:34:00,2535.0,2535.0,2535.0,2535.0,5
QFF,202609,2026-06-19 01:35:00,2535.0,2535.0,2535.0,2535.0,9
QFF,202609,2026-06-19 01:38:00,2535.0,2535.0,2535.0,2535.0,2
QFF,202609,2026-06-19 01:42:00,2535.0,2535.0,2535.0,2535.0,3
QFF,202609,2026-06-19 01:55:00,2540.0,2540.0,2540.0,2540.0,2
QFF,202609,2026-06-19 01:56:00,2540.0,2540.0,2540.0,2540.0,3
QFF,202609,2026-06-19 01:58:00,2540.0,2540.0,2540.0,2540.0,1
QFF,202609,2026-06-19 02:09:00,2540.0,2540.0,2540.0,2540.0,1
QFF,202609,2026-06-19 02:20:00,2540.0,2540.0,2540.0,2540.0,5
QFF,202609,2026-06-19 02:23:00,2540.0,2540.0,2540.0,2540.0,5
QFF,202609,2026-06-19 02:25:00,2540.0,2540.0,2540.0,2540.0,1
QFF,202609,2026-06-19 02:27:00,2540.0,2540.0,2540.0,2540.0,1
QFF,202609,2026-06-19 02:29:00,2540.0,2540.0,2540.0,2540.0,11
QFF,202609,2026-06-19 02:30:00,2535.0,2535.0,2535.0,2535.0,1
QFF,202609,2026-06-19 02:31:00,2535.0,2535.0,2535.0,2535.0,1
QFF,202609,2026-06-19 02:34:00,2535.0,2535.0,2535.0,2535.0,1
QFF,202609,2026-06-19 02:38:00,2540.0,2540.0,2540.0,2540.0,1
QFF,202609,2026-06-19 02:40:00,2540.0,2540.0,2540.0,2540.0,3
QFF,202609,2026-06-19 02:41:00,2540.0,2540.0,2540.0,2540.0,1
QFF,202609,2026-06-19 02:52:00,2540.0,2540.0,2540.0,2540.0,1
QFF,202609,2026-06-19 02:58:00,2540.0,2540.0,2540.0,2540.0,1
QFF,202609,2026-06-19 03:05:00,2540.0,2540.0,2540.0,2540.0,3
QFF,202609,2026-06-19 03:06:00,2540.0,2540.0,2540.0,2540.0,1
QFF,202609,2026-06-19 03:08:00,2545.0,2545.0,2545.0,2545.0,1
QFF,202609,2026-06-19 03:27:00,2535.0,2535.0,2535.0,2535.0,1
QFF,202609,2026-06-19 03:34:00,2535.0,2535.0,2535.0,2535.0,1
QFF,202609,2026-06-19 03:35:00,2535.0,2535.0,2535.0,2535.0,1
QFF,202609,2026-06-19 03:45:00,2540.0,2540.0,2540.0,2540.0,1
QFF,202609,2026-06-19 03:49:00,2545.0,2545.0,2545.0,2545.0,1
QFF,202609,2026-06-19 03:50:00,2545.0,2545.0,2545.0,2545.0,5
QFF,202609,2026-06-19 03:51:00,2545.0,2545.0,2545.0,2545.0,17
QFF,202609,2026-06-19 04:01:00,2545.0,2545.0,2545.0,2545.0,1
QFF,202609,2026-06-19 04:04:00,2545.0,2545.0,2545.0,2545.0,1
QFF,202609,2026-06-19 04:25:00,2545.0,2545.0,2545.0,2545.0,2
QFF,202609,2026-06-19 04:33:00,2545.0,2545.0,2545.0,2545.0,1
QFF,202609,2026-06-19 04:52:00,2545.0,2545.0,2545.0,2545.0,1
QFF,202612,2026-06-18 17:52:00,2545.0,2545.0,2545.0,2545.0,1
QFF,202612,2026-06-18 17:59:00,2545.0,2545.0,2545.0,2545.0,1
QFF,202612,2026-06-18 19:25:00,2545.0,2545.0,2545.0,2545.0,1
QFF,202612,2026-06-18 19:39:00,2540.0,2540.0,2540.0,2540.0,1
QFF,202612,2026-06-18 20:14:00,2545.0,2545.0,2545.0,2545.0,1
QFF,202612,2026-06-18 20:37:00,2545.0,2545.0,2545.0,2545.0,1
QFF,202612,2026-06-18 20:41:00,2545.0,2545.0,2545.0,2545.0,1
QFF,202612,2026-06-18 20:44:00,2545.0,2545.0,2545.0,2545.0,2
QFF,202612,2026-06-18 20:50:00,2545.0,2545.0,2545.0,2545.0,2
QFF,202612,2026-06-18 20:59:00,2545.0,2545.0,2545.0,2545.0,3
QFF,202612,2026-06-18 21:10:00,2545.0,2545.0,2545.0,2545.0,10
QFF,202612,2026-06-18 21:18:00,2550.0,2550.0,2550.0,2550.0,1
QFF,202612,2026-06-18 21:19:00,2550.0,2550.0,2550.0,2550.0,1
QFF,202612,2026-06-18 21:20:00,2550.0,2550.0,2550.0,2550.0,2
QFF,202612,2026-06-18 21:21:00,2550.0,2550.0,2550.0,2550.0,10
QFF,202612,2026-06-18 21:25:00,2555.0,2555.0,2555.0,2555.0,1
QFF,202612,2026-06-18 21:27:00,2550.0,2550.0,2550.0,2550.0,1
QFF,202612,2026-06-18 21:30:00,2555.0,2555.0,2555.0,2555.0,10
QFF,202612,2026-06-18 21:32:00,2555.0,2560.0,2555.0,2560.0,10
QFF,202612,2026-06-18 21:38:00,2560.0,2565.0,2560.0,2565.0,4
QFF,202612,2026-06-18 21:39:00,2565.0,2565.0,2565.0,2565.0,4
QFF,202612,2026-06-18 21:40:00,2565.0,2565.0,2565.0,2565.0,1
QFF,202612,2026-06-18 21:41:00,2565.0,2565.0,2565.0,2565.0,4
QFF,202612,2026-06-18 21:42:00,2565.0,2565.0,2565.0,2565.0,1
QFF,202612,2026-06-18 21:48:00,2565.0,2565.0,2565.0,2565.0,3
QFF,202612,2026-06-18 21:49:00,2570.0,2570.0,2570.0,2570.0,18
QFF,202612,2026-06-18 21:50:00,2575.0,2575.0,2575.0,2575.0,1
QFF,202612,2026-06-18 21:54:00,2575.0,2575.0,2570.0,2570.0,7
QFF,202612,2026-06-18 21:57:00,2570.0,2570.0,2570.0,2570.0,3
QFF,202612,2026-06-18 21:58:00,2575.0,2575.0,2575.0,2575.0,1
QFF,202612,2026-06-18 21:59:00,2570.0,2570.0,2570.0,2570.0,1
QFF,202612,2026-06-18 22:01:00,2570.0,2570.0,2570.0,2570.0,2
QFF,202612,2026-06-18 22:04:00,2575.0,2575.0,2575.0,2575.0,3
QFF,202612,2026-06-18 22:05:00,2575.0,2575.0,2575.0,2575.0,14
QFF,202612,2026-06-18 22:07:00,2575.0,2575.0,2575.0,2575.0,1
QFF,202612,2026-06-18 22:08:00,2575.0,2575.0,2575.0,2575.0,6
QFF,202612,2026-06-18 22:11:00,2575.0,2575.0,2575.0,2575.0,1
QFF,202612,2026-06-18 22:15:00,2575.0,2575.0,2575.0,2575.0,1
QFF,202612,2026-06-18 22:25:00,2580.0,2580.0,2580.0,2580.0,2
QFF,202612,2026-06-18 22:30:00,2575.0,2580.0,2575.0,2580.0,9
QFF,202612,2026-06-18 22:32:00,2575.0,2575.0,2575.0,2575.0,1
QFF,202612,2026-06-18 22:34:00,2575.0,2575.0,2575.0,2575.0,4
QFF,202612,2026-06-18 22:36:00,2575.0,2575.0,2575.0,2575.0,1
QFF,202612,2026-06-18 22:37:00,2580.0,2580.0,2580.0,2580.0,3
QFF,202612,2026-06-18 22:38:00,2580.0,2580.0,2580.0,2580.0,1
QFF,202612,2026-06-18 22:40:00,2575.0,2575.0,2575.0,2575.0,2
QFF,202612,2026-06-18 22:44:00,2575.0,2575.0,2575.0,2575.0,1
QFF,202612,2026-06-18 22:47:00,2580.0,2580.0,2580.0,2580.0,2
QFF,202612,2026-06-18 22:48:00,2580.0,2580.0,2580.0,2580.0,2
QFF,202612,2026-06-18 22:49:00,2580.0,2580.0,2575.0,2580.0,7
QFF,202612,2026-06-18 22:50:00,2580.0,2580.0,2580.0,2580.0,2
QFF,202612,2026-06-18 22:51:00,2580.0,2580.0,2580.0,2580.0,6
QFF,202612,2026-06-18 22:52:00,2580.0,2580.0,2580.0,2580.0,2
QFF,202612,2026-06-18 22:54:00,2580.0,2580.0,2580.0,2580.0,3
QFF,202612,2026-06-18 22:57:00,2580.0,2580.0,2580.0,2580.0,2
QFF,202612,2026-06-18 22:59:00,2580.0,2580.0,2580.0,2580.0,2
QFF,202612,2026-06-18 23:00:00,2580.0,2580.0,2580.0,2580.0,2
QFF,202612,2026-06-18 23:01:00,2580.0,2580.0,2580.0,2580.0,2
QFF,202612,2026-06-18 23:02:00,2580.0,2580.0,2580.0,2580.0,2
QFF,202612,2026-06-18 23:05:00,2580.0,2580.0,2580.0,2580.0,2
QFF,202612,2026-06-18 23:11:00,2580.0,2580.0,2580.0,2580.0,1
QFF,202612,2026-06-18 23:12:00,2580.0,2580.0,2580.0,2580.0,1
QFF,202612,2026-06-18 23:13:00,2580.0,2580.0,2580.0,2580.0,2
QFF,202612,2026-06-18 23:14:00,2580.0,2580.0,2580.0,2580.0,4
QFF,202612,2026-06-18 23:15:00,2580.0,2580.0,2580.0,2580.0,1
QFF,202612,2026-06-18 23:16:00,2580.0,2580.0,2580.0,2580.0,1
QFF,202612,2026-06-18 23:17:00,2580.0,2580.0,2580.0,2580.0,1
QFF,202612,2026-06-18 23:18:00,2580.0,2580.0,2580.0,2580.0,2
QFF,202612,2026-06-18 23:20:00,2580.0,2580.0,2580.0,2580.0,2
QFF,202612,2026-06-18 23:23:00,2580.0,2580.0,2580.0,2580.0,5
QFF,202612,2026-06-18 23:27:00,2580.0,2580.0,2580.0,2580.0,1
QFF,202612,2026-06-18 23:29:00,2580.0,2580.0,2580.0,2580.0,1
QFF,202612,2026-06-18 23:30:00,2575.0,2575.0,2575.0,2575.0,4
QFF,202612,2026-06-18 23:33:00,2575.0,2575.0,2575.0,2575.0,1
QFF,202612,2026-06-18 23:36:00,2575.0,2575.0,2575.0,2575.0,4
QFF,202612,2026-06-18 23:37:00,2575.0,2575.0,2575.0,2575.0,3
QFF,202612,2026-06-18 23:41:00,2575.0,2575.0,2575.0,2575.0,1
QFF,202612,2026-06-18 23:44:00,2575.0,2575.0,2575.0,2575.0,1
QFF,202612,2026-06-18 23:50:00,2580.0,2580.0,2580.0,2580.0,3
QFF,202612,2026-06-18 23:53:00,2580.0,2580.0,2580.0,2580.0,1
QFF,202612,2026-06-18 23:58:00,2580.0,2580.0,2580.0,2580.0,1
QFF,202612,2026-06-19 00:00:00,2580.0,2580.0,2580.0,2580.0,6
QFF,202612,2026-06-19 00:01:00,2580.0,2580.0,2580.0,2580.0,1
QFF,202612,2026-06-19 00:04:00,2585.0,2585.0,2585.0,2585.0,1
QFF,202612,2026-06-19 00:12:00,2585.0,2585.0,2585.0,2585.0,7
QFF,202612,2026-06-19 00:13:00,2585.0,2585.0,2585.0,2585.0,3
QFF,202612,2026-06-19 00:15:00,2585.0,2585.0,2585.0,2585.0,1
QFF,202612,2026-06-19 00:24:00,2585.0,2585.0,2585.0,2585.0,1
QFF,202612,2026-06-19 00:28:00,2585.0,2585.0,2585.0,2585.0,1
QFF,202612,2026-06-19 00:29:00,2585.0,2585.0,2585.0,2585.0,1
QFF,202612,2026-06-19 00:32:00,2590.0,2590.0,2590.0,2590.0,1
QFF,202612,2026-06-19 00:33:00,2590.0,2590.0,2590.0,2590.0,1
QFF,202612,2026-06-19 00:37:00,2585.0,2585.0,2585.0,2585.0,1
QFF,202612,2026-06-19 00:39:00,2585.0,2585.0,2585.0,2585.0,1
QFF,202612,2026-06-19 00:40:00,2590.0,2590.0,2590.0,2590.0,3
QFF,202612,2026-06-19 00:51:00,2585.0,2585.0,2585.0,2585.0,2
QFF,202612,2026-06-19 00:59:00,2585.0,2585.0,2585.0,2585.0,1
QFF,202612,2026-06-19 01:02:00,2585.0,2585.0,2585.0,2585.0,1
QFF,202612,2026-06-19 01:04:00,2585.0,2585.0,2585.0,2585.0,1
QFF,202612,2026-06-19 01:05:00,2590.0,2590.0,2590.0,2590.0,10
QFF,202612,2026-06-19 01:08:00,2590.0,2590.0,2590.0,2590.0,2
QFF,202612,2026-06-19 01:09:00,2590.0,2590.0,2590.0,2590.0,7
QFF,202612,2026-06-19 01:11:00,2590.0,2590.0,2590.0,2590.0,2
QFF,202612,2026-06-19 01:13:00,2590.0,2590.0,2590.0,2590.0,1
QFF,202612,2026-06-19 01:17:00,2595.0,2595.0,2595.0,2595.0,5
QFF,202612,2026-06-19 01:18:00,2595.0,2595.0,2595.0,2595.0,2
QFF,202612,2026-06-19 01:20:00,2595.0,2595.0,2595.0,2595.0,1
QFF,202612,2026-06-19 01:25:00,2595.0,2595.0,2595.0,2595.0,1
QFF,202612,2026-06-19 01:27:00,2595.0,2595.0,2595.0,2595.0,1
QFF,202612,2026-06-19 01:31:00,2595.0,2595.0,2595.0,2595.0,2
QFF,202612,2026-06-19 01:32:00,2595.0,2595.0,2595.0,2595.0,17
QFF,202612,2026-06-19 01:33:00,2595.0,2595.0,2595.0,2595.0,3
QFF,202612,2026-06-19 01:34:00,2595.0,2595.0,2595.0,2595.0,5
QFF,202612,2026-06-19 01:35:00,2595.0,2600.0,2595.0,2600.0,9
QFF,202612,2026-06-19 01:36:00,2595.0,2595.0,2595.0,2595.0,6
QFF,202612,2026-06-19 01:51:00,2600.0,2600.0,2600.0,2600.0,1
QFF,202612,2026-06-19 01:52:00,2600.0,2600.0,2600.0,2600.0,1
QFF,202612,2026-06-19 01:54:00,2600.0,2600.0,2600.0,2600.0,1
QFF,202612,2026-06-19 01:56:00,2600.0,2600.0,2600.0,2600.0,2
QFF,202612,2026-06-19 02:02:00,2600.0,2600.0,2600.0,2600.0,1
QFF,202612,2026-06-19 02:08:00,2600.0,2600.0,2600.0,2600.0,2
QFF,202612,2026-06-19 02:10:00,2600.0,2600.0,2600.0,2600.0,1
QFF,202612,2026-06-19 02:20:00,2600.0,2600.0,2600.0,2600.0,2
QFF,202612,2026-06-19 02:21:00,2600.0,2600.0,2600.0,2600.0,7
QFF,202612,2026-06-19 02:23:00,2600.0,2600.0,2600.0,2600.0,2
QFF,202612,2026-06-19 02:25:00,2600.0,2600.0,2600.0,2600.0,1
QFF,202612,2026-06-19 02:40:00,2600.0,2600.0,2600.0,2600.0,2
QFF,202612,2026-06-19 02:50:00,2595.0,2595.0,2595.0,2595.0,1
QFF,202612,2026-06-19 03:43:00,2595.0,2595.0,2595.0,2595.0,1
QFF,202612,2026-06-19 03:47:00,2600.0,2600.0,2600.0,2600.0,2
QFF,202612,2026-06-19 03:48:00,2600.0,2600.0,2600.0,2600.0,2
QFF,202612,2026-06-19 03:49:00,2600.0,2600.0,2600.0,2600.0,3
QFF,202612,2026-06-19 03:54:00,2605.0,2605.0,2605.0,2605.0,4
QFF,202612,2026-06-19 04:08:00,2600.0,2600.0,2600.0,2600.0,1
QFF,202612,2026-06-19 04:30:00,2595.0,2595.0,2595.0,2595.0,1
QFF,202612,2026-06-19 04:48:00,2600.0,2600.0,2600.0,2600.0,1
QFF,202612,2026-06-19 04:51:00,2605.0,2605.0,2605.0,2605.0,1
QFF,202612/202703,2026-06-18 22:13:00,95.01,95.01,95.01,95.01,8
QFF,202612/202703,2026-06-18 23:35:00,90.0,90.0,90.0,90.0,20
QFF,202703,2026-06-18 18:36:00,2630.0,2630.0,2630.0,2630.0,1
QFF,202703,2026-06-18 21:38:00,2650.0,2650.0,2650.0,2650.0,2
QFF,202703,2026-06-18 21:45:00,2655.0,2655.0,2655.0,2655.0,1
QFF,202703,2026-06-18 21:46:00,2655.0,2655.0,2655.0,2655.0,1
QFF,202703,2026-06-18 21:47:00,2655.0,2660.0,2655.0,2660.0,4
QFF,202703,2026-06-18 21:50:00,2660.0,2660.0,2660.0,2660.0,1
QFF,202703,2026-06-18 21:53:00,2660.0,2660.0,2660.0,2660.0,1
QFF,202703,2026-06-18 22:01:00,2665.0,2665.0,2665.0,2665.0,3
QFF,202703,2026-06-18 22:05:00,2670.0,2670.0,2670.0,2670.0,11
QFF,202703,2026-06-18 22:07:00,2670.0,2670.0,2670.0,2670.0,1
QFF,202703,2026-06-18 22:08:00,2670.0,2670.0,2670.0,2670.0,9
QFF,202703,2026-06-18 22:13:00,2670.0,2670.0,2670.0,2670.0,4
QFF,202703,2026-06-18 22:25:00,2670.0,2670.0,2670.0,2670.0,1
QFF,202703,2026-06-18 22:36:00,2665.0,2665.0,2665.0,2665.0,8
QFF,202703,2026-06-18 22:38:00,2670.0,2670.0,2670.0,2670.0,3
QFF,202703,2026-06-18 22:42:00,2670.0,2670.0,2670.0,2670.0,1
QFF,202703,2026-06-18 22:56:00,2670.0,2670.0,2670.0,2670.0,1
QFF,202703,2026-06-18 22:57:00,2670.0,2675.0,2670.0,2675.0,2
QFF,202703,2026-06-18 23:02:00,2670.0,2670.0,2670.0,2670.0,1
QFF,202703,2026-06-18 23:19:00,2670.0,2670.0,2670.0,2670.0,1
QFF,202703,2026-06-18 23:48:00,2670.0,2670.0,2670.0,2670.0,1
QFF,202703,2026-06-18 23:57:00,2670.0,2670.0,2670.0,2670.0,1
QFF,202703,2026-06-19 00:04:00,2675.0,2675.0,2670.0,2675.0,4
QFF,202703,2026-06-19 00:05:00,2675.0,2675.0,2675.0,2675.0,1
QFF,202703,2026-06-19 00:06:00,2670.0,2670.0,2670.0,2670.0,2
QFF,202703,2026-06-19 00:12:00,2680.0,2680.0,2680.0,2680.0,3
QFF,202703,2026-06-19 00:23:00,2675.0,2675.0,2675.0,2675.0,1
QFF,202703,2026-06-19 00:39:00,2675.0,2675.0,2675.0,2675.0,1
QFF,202703,2026-06-19 01:06:00,2680.0,2680.0,2680.0,2680.0,3
QFF,202703,2026-06-19 01:08:00,2680.0,2680.0,2680.0,2680.0,2
QFF,202703,2026-06-19 01:17:00,2685.0,2685.0,2685.0,2685.0,4
QFF,202703,2026-06-19 01:33:00,2685.0,2685.0,2685.0,2685.0,4
QFF,202703,2026-06-19 01:34:00,2685.0,2685.0,2685.0,2685.0,4
QFF,202703,2026-06-19 01:35:00,2690.0,2690.0,2690.0,2690.0,3
QFF,202703,2026-06-19 01:38:00,2690.0,2690.0,2690.0,2690.0,1
QFF,202703,2026-06-19 01:51:00,2690.0,2690.0,2690.0,2690.0,1
QFF,202703,2026-06-19 01:52:00,2690.0,2690.0,2690.0,2690.0,1
QFF,202703,2026-06-19 01:54:00,2690.0,2690.0,2690.0,2690.0,1
QFF,202703,2026-06-19 02:08:00,2695.0,2695.0,2695.0,2695.0,1
QFF,202703,2026-06-19 02:23:00,2695.0,2695.0,2695.0,2695.0,1
QFF,202703,2026-06-19 03:43:00,2690.0,2690.0,2690.0,2690.0,1
QFF,202703,2026-06-19 03:49:00,2695.0,2695.0,2695.0,2695.0,2
QFF,202703,2026-06-19 03:54:00,2695.0,2695.0,2695.0,2695.0,1
RTF,202607,2026-06-18 17:26:00,6.7551,6.7551,6.7551,6.7551,27
RTF,202612,2026-06-18 19:32:00,6.6936,6.6936,6.6936,6.6936,1
RTF,202612,2026-06-18 19:46:00,6.6946,6.6946,6.6946,6.6946,3
RZF,202607,2026-06-18 17:25:00,27.17,27.17,27.17,27.17,1
RZF,202607,2026-06-18 17:26:00,27.2,27.2,27.2,27.2,1
RZF,202607,2026-06-18 17:27:00,27.23,27.23,27.23,27.23,1
RZF,202607,2026-06-18 17:37:00,27.24,27.24,27.24,27.24,1
RZF,202607,2026-06-18 17:57:00,27.21,27.21,27.21,27.21,1
RZF,202607,2026-06-18 18:01:00,27.2,27.2,27.13,27.15,4
RZF,202607,2026-06-18 18:21:00,27.17,27.17,27.17,27.17,2
RZF,202607,2026-06-18 18:29:00,27.18,27.18,27.18,27.18,1
RZF,202607,2026-06-18 18:32:00,27.2,27.2,27.2,27.2,1
RZF,202607,2026-06-18 19:02:00,27.23,27.23,27.23,27.23,1
RZF,202607,2026-06-18 20:12:00,27.23,27.23,27.23,27.23,1
RZF,202607,2026-06-18 20:15:00,27.23,27.23,27.23,27.23,2
RZF,202607,2026-06-18 20:21:00,27.22,27.23,27.22,27.23,2
RZF,202607,2026-06-18 20:25:00,27.24,27.24,27.24,27.24,1
RZF,202607,2026-06-18 20:42:00,27.25,27.25,27.25,27.25,2
RZF,202607,2026-06-18 21:15:00,27.21,27.21,27.21,27.21,2
RZF,202607,2026-06-18 21:17:00,27.21,27.21,27.21,27.21,2
RZF,202607,2026-06-18 21:19:00,27.22,27.22,27.22,27.22,4
RZF,202607,2026-06-18 21:26:00,27.22,27.22,27.22,27.22,1
RZF,202607,2026-06-18 21:41:00,27.21,27.21,27.21,27.21,1
RZF,202607,2026-06-18 21:45:00,27.21,27.21,27.21,27.21,1
RZF,202607,2026-06-18 21:49:00,27.22,27.22,27.22,27.22,1
RZF,202607,2026-06-18 21:53:00,27.22,27.22,27.22,27.22,3
RZF,202607,2026-06-18 21:59:00,27.22,27.22,27.22,27.22,1
RZF,202607,2026-06-18 22:00:00,27.21,27.21,27.21,27.21,4
RZF,202607,2026-06-18 22:12:00,27.2,27.2,27.2,27.2,1
RZF,202607,2026-06-18 22:27:00,27.2,27.2,27.2,27.2,2
RZF,202607,2026-06-18 22:37:00,27.18,27.18,27.18,27.18,1
RZF,202607,2026-06-18 22:46:00,27.17,27.17,27.17,27.17,1
RZF,202607,2026-06-19 00:02:00,27.18,27.18,27.18,27.18,1
RZF,202607,2026-06-19 00:05:00,27.16,27.16,27.16,27.16,4
RZF,202607,2026-06-19 00:06:00,27.14,27.14,27.14,27.14,1
RZF,202607,2026-06-19 00:32:00,27.16,27.16,27.16,27.16,1
RZF,202607,2026-06-19 00:55:00,27.14,27.14,27.13,27.13,7
RZF,202607,2026-06-19 03:02:00,27.13,27.13,27.13,27.13,4
RZF,202607,2026-06-19 03:38:00,27.12,27.12,27.12,27.12,6
RZF,202608,2026-06-18 17:47:00,27.28,27.28,27.28,27.28,1
RZF,202608,2026-06-18 17:48:00,27.28,27.28,27.28,27.28,1
RZF,202608,2026-06-18 18:01:00,27.26,27.26,27.26,27.26,1
RZF,202608,2026-06-18 18:29:00,27.24,27.24,27.24,27.24,1
RZF,202608,2026-06-18 20:20:00,27.3,27.3,27.3,27.3,1
RZF,202608,2026-06-18 21:15:00,27.27,27.27,27.27,27.27,2
RZF,202608,2026-06-18 21:17:00,27.27,27.27,27.27,27.27,2
RZF,202608,2026-06-18 21:19:00,27.28,27.28,27.28,27.28,4
RZF,202608,2026-06-18 22:00:00,27.26,27.26,27.26,27.26,5
RZF,202608,2026-06-18 23:35:00,27.24,27.24,27.24,27.24,8
RZF,202608,2026-06-19 00:02:00,27.23,27.23,27.23,27.23,1
RZF,202608,2026-06-19 00:05:00,27.21,27.21,27.21,27.21,4
RZF,202608,2026-06-19 00:55:00,27.2,27.2,27.19,27.19,7
RZF,202608,2026-06-19 03:02:00,27.18,27.18,27.18,27.18,4
RZF,202608,2026-06-19 03:38:00,27.17,27.17,27.17,27.17,2
RZF,202609,2026-06-18 17:26:00,27.35,27.35,27.35,27.35,1
RZF,202609,2026-06-18 17:27:00,27.38,27.38,27.38,27.38,1
RZF,202609,2026-06-18 17:29:00,27.39,27.39,27.39,27.39,1
RZF,202609,2026-06-18 17:37:00,27.39,27.39,27.39,27.39,1
RZF,202609,2026-06-18 18:01:00,27.3,27.3,27.3,27.3,2
RZF,202609,2026-06-18 18:04:00,27.3,27.3,27.3,27.3,1
RZF,202609,2026-06-18 18:21:00,27.32,27.32,27.32,27.32,2
RZF,202609,2026-06-18 18:29:00,27.33,27.33,27.33,27.33,1
RZF,202609,2026-06-18 18:32:00,27.35,27.35,27.35,27.35,1
RZF,202609,2026-06-18 18:41:00,27.35,27.35,27.35,27.35,5
RZF,202609,2026-06-18 18:56:00,27.33,27.33,27.33,27.33,1
RZF,202609,2026-06-18 19:02:00,27.38,27.38,27.38,27.38,1
RZF,202609,2026-06-18 20:09:00,27.36,27.36,27.36,27.36,1
RZF,202609,2026-06-18 20:12:00,27.38,27.38,27.38,27.38,1
RZF,202609,2026-06-18 20:15:00,27.38,27.38,27.38,27.38,2
RZF,202609,2026-06-18 20:21:00,27.37,27.38,27.37,27.38,2
RZF,202609,2026-06-18 20:24:00,27.39,27.39,27.39,27.39,1
RZF,202609,2026-06-18 20:25:00,27.39,27.39,27.39,27.39,5
RZF,202609,2026-06-18 20:42:00,27.4,27.4,27.4,27.4,4
RZF,202609,2026-06-18 20:50:00,27.39,27.39,27.39,27.39,3
RZF,202609,2026-06-18 21:15:00,27.37,27.37,27.37,27.37,2
RZF,202609,2026-06-18 21:17:00,27.37,27.37,27.37,27.37,2
RZF,202609,2026-06-18 21:45:00,27.37,27.37,27.37,27.37,1
RZF,202609,2026-06-18 21:53:00,27.38,27.38,27.38,27.38,2
RZF,202609,2026-06-18 22:00:00,27.37,27.37,27.37,27.37,1
RZF,202609,2026-06-18 22:12:00,27.34,27.34,27.34,27.34,1
RZF,202609,2026-06-18 22:37:00,27.32,27.32,27.32,27.32,3
RZF,202609,2026-06-18 22:38:00,27.32,27.32,27.32,27.32,3
RZF,202609,2026-06-18 22:59:00,27.32,27.32,27.32,27.32,1
RZF,202609,2026-06-18 23:35:00,27.35,27.35,27.35,27.35,8
RZF,202609,2026-06-19 00:32:00,27.32,27.32,27.32,27.32,2
RZF,202609,2026-06-19 00:48:00,27.3,27.3,27.3,27.3,1
RZF,202609,2026-06-19 00:52:00,27.3,27.3,27.3,27.3,1
RZF,202609,2026-06-19 00:55:00,27.3,27.3,27.3,27.3,4
RZF,202609,2026-06-19 03:38:00,27.28,27.28,27.28,27.28,2
RZF,202612,2026-06-18 17:26:00,27.69,27.69,27.69,27.69,1
RZF,202612,2026-06-18 17:27:00,27.72,27.72,27.72,27.72,2
RZF,202612,2026-06-18 17:29:00,27.66,27.66,27.66,27.66,1
RZF,202612,2026-06-18 17:37:00,27.67,27.67,27.67,27.67,1
RZF,202612,2026-06-18 18:04:00,27.54,27.54,27.54,27.54,1
RZF,202612,2026-06-18 20:24:00,27.67,27.67,27.67,27.67,1
RZF,202612,2026-06-18 22:37:00,27.56,27.56,27.56,27.56,3
RZF,202612,2026-06-18 22:38:00,27.55,27.55,27.55,27.55,3
RZF,202612,2026-06-18 22:59:00,27.54,27.54,27.54,27.54,1
RZF,202612,2026-06-19 00:32:00,27.53,27.53,27.53,27.53,1
RZF,202612,2026-06-19 02:01:00,27.51,27.51,27.51,27.51,1
RZF,202703,2026-06-18 17:28:00,27.92,27.92,27.92,27.92,1
RZF,202703,2026-06-18 19:02:00,27.91,27.91,27.91,27.91,1
RZF,202703,2026-06-19 02:01:00,27.79,27.79,27.79,27.79,1
SOF,202607,2026-06-18 15:09:00,16845.0,16845.0,16845.0,16845.0,2
SOF,202607,2026-06-18 15:22:00,16811.0,16811.0,16811.0,16811.0,1
SOF,202607,2026-06-18 15:38:00,16828.0,16828.0,16828.0,16828.0,1
SOF,202607,2026-06-18 15:49:00,16824.0,16824.0,16824.0,16824.0,2
SOF,202607,2026-06-18 16:47:00,16851.0,16851.0,16851.0,16851.0,2
SOF,202607,2026-06-18 16:56:00,16824.0,16824.0,16824.0,16824.0,1
SOF,202607,2026-06-18 17:34:00,16834.0,16834.0,16834.0,16834.0,1
SOF,202607,2026-06-18 17:46:00,16863.0,16863.0,16863.0,16863.0,1
SOF,202607,2026-06-18 20:02:00,16831.0,16831.0,16831.0,16831.0,2
SOF,202607,2026-06-18 21:34:00,16939.0,16939.0,16939.0,16939.0,2
SOF,202607,2026-06-18 21:40:00,16946.0,16946.0,16946.0,16946.0,1
SOF,202607,2026-06-18 22:03:00,16950.0,16963.0,16950.0,16963.0,2
SOF,202607,2026-06-18 22:04:00,16958.0,16958.0,16958.0,16958.0,1
SOF,202607,2026-06-18 23:02:00,17014.0,17014.0,17014.0,17014.0,1
SOF,202607,2026-06-19 00:09:00,17050.0,17050.0,17050.0,17050.0,6
SOF,202607,2026-06-19 00:37:00,17079.0,17079.0,17079.0,17079.0,1
SOF,202607,2026-06-19 00:48:00,17079.0,17079.0,17079.0,17079.0,1
SOF,202607,2026-06-19 01:50:00,17142.0,17142.0,17142.0,17142.0,1
SOF,202607,2026-06-19 02:48:00,17142.0,17142.0,17142.0,17142.0,1
SOF,202607,2026-06-19 02:58:00,17139.0,17139.0,17139.0,17139.0,1
SOF,202607,2026-06-19 03:17:00,17122.0,17122.0,17122.0,17122.0,2
SOF,202607,2026-06-19 03:18:00,17115.0,17115.0,17115.0,17115.0,6
SOF,202607,2026-06-19 03:51:00,17165.0,17165.0,17165.0,17165.0,1
SOF,202607,2026-06-19 04:32:00,17155.0,17155.0,17155.0,17155.0,2
SOF,202607,2026-06-19 04:50:00,17137.0,17137.0,17137.0,17137.0,2
SOF,202607,2026-06-19 04:54:00,17133.0,17133.0,17133.0,17133.0,2
SOF,202608,2026-06-18 15:09:00,16940.0,16940.0,16940.0,16940.0,2
SOF,202608,2026-06-18 16:47:00,16952.0,16952.0,16952.0,16952.0,2
SOF,202608,2026-06-18 17:47:00,16971.0,16971.0,16971.0,16971.0,6
SOF,202608,2026-06-18 17:51:00,16990.0,16990.0,16990.0,16990.0,5
SOF,202608,2026-06-18 17:52:00,16990.0,16990.0,16990.0,16990.0,1
SOF,202608,2026-06-18 21:34:00,17044.0,17044.0,17044.0,17044.0,2
SOF,202608,2026-06-18 21:55:00,17026.0,17026.0,17026.0,17026.0,8
SOF,202608,2026-06-18 21:57:00,17020.0,17020.0,17020.0,17020.0,1
SPF,202606,2026-06-18 15:31:00,7487.5,7487.5,7487.5,7487.5,4
SPF,202609,2026-06-18 15:31:00,7562.0,7562.0,7562.0,7562.0,4
SPF,202609,2026-06-18 21:37:00,7530.0,7540.0,7530.0,7540.0,2
SPF,202609,2026-06-18 21:38:00,7535.0,7535.0,7535.0,7535.0,1
SRF,202607,2026-06-18 17:25:00,108.65,108.9,108.65,108.8,19
SRF,202607,2026-06-18 17:26:00,108.8,108.8,108.7,108.7,16
SRF,202607,2026-06-18 17:27:00,108.7,108.7,108.7,108.7,10
SRF,202607,2026-06-18 17:28:00,108.75,108.75,108.65,108.65,21
SRF,202607,2026-06-18 17:29:00,108.7,108.7,108.65,108.65,12
SRF,202607,2026-06-18 17:30:00,108.65,108.65,108.65,108.65,6
SRF,202607,2026-06-18 17:31:00,108.65,108.65,108.6,108.6,9
SRF,202607,2026-06-18 17:32:00,108.65,108.65,108.65,108.65,3
SRF,202607,2026-06-18 17:33:00,108.65,108.65,108.6,108.65,8
SRF,202607,2026-06-18 17:34:00,108.65,108.65,108.65,108.65,4
SRF,202607,2026-06-18 17:35:00,108.65,108.65,108.6,108.6,23
SRF,202607,2026-06-18 17:36:00,108.6,108.6,108.6,108.6,1
SRF,202607,2026-06-18 17:37:00,108.65,108.7,108.65,108.65,7
SRF,202607,2026-06-18 17:38:00,108.7,108.7,108.7,108.7,2
SRF,202607,2026-06-18 17:39:00,108.75,108.75,108.75,108.75,3
SRF,202607,2026-06-18 17:40:00,108.75,108.75,108.75,108.75,2
SRF,202607,2026-06-18 17:41:00,108.75,108.75,108.75,108.75,3
SRF,202607,2026-06-18 17:42:00,108.75,108.75,108.75,108.75,1
SRF,202607,2026-06-18 17:43:00,108.75,108.75,108.7,108.7,3
SRF,202607,2026-06-18 17:45:00,108.7,108.75,108.7,108.7,4
SRF,202607,2026-06-18 17:46:00,108.7,108.75,108.7,108.75,9
SRF,202607,2026-06-18 17:48:00,108.75,108.75,108.75,108.75,3
SRF,202607,2026-06-18 17:49:00,108.75,108.8,108.75,108.8,22
SRF,202607,2026-06-18 17:50:00,108.8,108.8,108.8,108.8,2
SRF,202607,2026-06-18 17:51:00,108.85,108.85,108.85,108.85,46
SRF,202607,2026-06-18 17:52:00,108.85,108.85,108.8,108.8,3
SRF,202607,2026-06-18 17:53:00,108.8,108.85,108.8,108.85,43
SRF,202607,2026-06-18 17:54:00,108.8,108.85,108.8,108.8,7
SRF,202607,2026-06-18 17:56:00,108.85,108.9,108.85,108.9,10
SRF,202607,2026-06-18 17:57:00,108.9,108.9,108.9,108.9,2
SRF,202607,2026-06-18 17:58:00,108.85,108.85,108.85,108.85,2
SRF,202607,2026-06-18 18:00:00,108.85,108.85,108.85,108.85,8
SRF,202607,2026-06-18 18:01:00,108.85,108.9,108.85,108.85,4
SRF,202607,2026-06-18 18:02:00,108.85,108.85,108.85,108.85,4
SRF,202607,2026-06-18 18:03:00,108.85,108.85,108.8,108.85,7
SRF,202607,2026-06-18 18:04:00,108.85,108.85,108.8,108.8,3
SRF,202607,2026-06-18 18:05:00,108.85,108.85,108.85,108.85,1
SRF,202607,2026-06-18 18:06:00,108.85,108.85,108.85,108.85,5
SRF,202607,2026-06-18 18:07:00,108.8,108.8,108.8,108.8,3
SRF,202607,2026-06-18 18:09:00,108.85,108.85,108.8,108.8,7
SRF,202607,2026-06-18 18:10:00,108.8,108.8,108.8,108.8,2
SRF,202607,2026-06-18 18:11:00,108.8,108.85,108.8,108.8,16
SRF,202607,2026-06-18 18:13:00,108.85,108.85,108.85,108.85,1
SRF,202607,2026-06-18 18:14:00,108.85,108.9,108.85,108.9,7
SRF,202607,2026-06-18 18:18:00,108.85,108.85,108.85,108.85,3
SRF,202607,2026-06-18 18:20:00,108.9,108.9,108.9,108.9,3
SRF,202607,2026-06-18 18:22:00,108.9,108.9,108.9,108.9,1
SRF,202607,2026-06-18 18:25:00,108.85,108.85,108.85,108.85,1
SRF,202607,2026-06-18 18:27:00,108.85,108.85,108.85,108.85,2
SRF,202607,2026-06-18 18:28:00,108.85,108.85,108.85,108.85,2
SRF,202607,2026-06-18 18:29:00,108.85,108.9,108.85,108.9,3
SRF,202607,2026-06-18 18:30:00,108.9,108.9,108.9,108.9,3
SRF,202607,2026-06-18 18:31:00,108.85,108.85,108.85,108.85,1
SRF,202607,2026-06-18 18:33:00,108.85,108.85,108.85,108.85,4
SRF,202607,2026-06-18 18:34:00,108.85,108.85,108.85,108.85,2
SRF,202607,2026-06-18 18:36:00,108.85,108.85,108.8,108.8,4
SRF,202607,2026-06-18 18:37:00,108.8,108.8,108.8,108.8,3
SRF,202607,2026-06-18 18:38:00,108.8,108.8,108.8,108.8,1
SRF,202607,2026-06-18 18:40:00,108.8,108.8,108.8,108.8,2
SRF,202607,2026-06-18 18:41:00,108.8,108.8,108.8,108.8,2
SRF,202607,2026-06-18 18:42:00,108.8,108.8,108.8,108.8,3
SRF,202607,2026-06-18 18:43:00,108.8,108.8,108.75,108.75,4
SRF,202607,2026-06-18 18:44:00,108.75,108.75,108.75,108.75,7
SRF,202607,2026-06-18 18:45:00,108.75,108.75,108.75,108.75,1
SRF,202607,2026-06-18 18:46:00,108.75,108.8,108.75,108.75,8
SRF,202607,2026-06-18 18:47:00,108.7,108.7,108.7,108.7,2
SRF,202607,2026-06-18 18:48:00,108.75,108.8,108.75,108.8,5
SRF,202607,2026-06-18 18:49:00,108.75,108.75,108.75,108.75,7
SRF,202607,2026-06-18 18:50:00,108.75,108.8,108.75,108.8,12
SRF,202607,2026-06-18 18:51:00,108.8,108.8,108.75,108.8,3
SRF,202607,2026-06-18 18:52:00,108.8,108.8,108.8,108.8,2
SRF,202607,2026-06-18 18:53:00,108.75,108.75,108.75,108.75,1
SRF,202607,2026-06-18 18:54:00,108.75,108.75,108.75,108.75,2
SRF,202607,2026-06-18 18:55:00,108.75,108.75,108.75,108.75,3
SRF,202607,2026-06-18 18:56:00,108.75,108.75,108.75,108.75,1
SRF,202607,2026-06-18 18:57:00,108.75,108.75,108.75,108.75,3
SRF,202607,2026-06-18 18:58:00,108.75,108.8,108.75,108.8,5
SRF,202607,2026-06-18 19:00:00,108.75,108.8,108.75,108.8,11
SRF,202607,2026-06-18 19:01:00,108.8,108.8,108.8,108.8,1
SRF,202607,2026-06-18 19:02:00,108.85,108.85,108.85,108.85,4
SRF,202607,2026-06-18 19:03:00,108.85,108.85,108.85,108.85,1
SRF,202607,2026-06-18 19:05:00,108.8,108.8,108.8,108.8,9
SRF,202607,2026-06-18 19:06:00,108.8,108.8,108.75,108.75,18
SRF,202607,2026-06-18 19:07:00,108.75,108.75,108.75,108.75,3
SRF,202607,2026-06-18 19:08:00,108.75,108.75,108.75,108.75,1
SRF,202607,2026-06-18 19:09:00,108.75,108.75,108.7,108.7,22
SRF,202607,2026-06-18 19:10:00,108.7,108.7,108.65,108.65,4
SRF,202607,2026-06-18 19:11:00,108.65,108.65,108.65,108.65,15
SRF,202607,2026-06-18 19:12:00,108.65,108.7,108.65,108.7,5
SRF,202607,2026-06-18 19:13:00,108.7,108.7,108.65,108.65,3
SRF,202607,2026-06-18 19:14:00,108.65,108.65,108.65,108.65,9
SRF,202607,2026-06-18 19:15:00,108.65,108.7,108.65,108.7,3
SRF,202607,2026-06-18 19:18:00,108.65,108.65,108.65,108.65,1
SRF,202607,2026-06-18 19:21:00,108.65,108.65,108.65,108.65,6
SRF,202607,2026-06-18 19:22:00,108.65,108.65,108.65,108.65,8
SRF,202607,2026-06-18 19:23:00,108.65,108.65,108.65,108.65,3
SRF,202607,2026-06-18 19:24:00,108.65,108.65,108.65,108.65,6
SRF,202607,2026-06-18 19:25:00,108.65,108.7,108.65,108.7,12
SRF,202607,2026-06-18 19:26:00,108.7,108.7,108.7,108.7,6
SRF,202607,2026-06-18 19:28:00,108.7,108.7,108.7,108.7,1
SRF,202607,2026-06-18 19:29:00,108.7,108.7,108.7,108.7,8
SRF,202607,2026-06-18 19:30:00,108.7,108.7,108.7,108.7,1
SRF,202607,2026-06-18 19:32:00,108.7,108.75,108.7,108.75,4
SRF,202607,2026-06-18 19:33:00,108.75,108.75,108.7,108.7,8
SRF,202607,2026-06-18 19:34:00,108.7,108.7,108.7,108.7,3
SRF,202607,2026-06-18 19:35:00,108.7,108.7,108.7,108.7,2
SRF,202607,2026-06-18 19:36:00,108.65,108.65,108.65,108.65,1
SRF,202607,2026-06-18 19:37:00,108.65,108.65,108.65,108.65,9
SRF,202607,2026-06-18 19:38:00,108.6,108.6,108.6,108.6,21
SRF,202607,2026-06-18 19:39:00,108.6,108.6,108.55,108.6,19
SRF,202607,2026-06-18 19:40:00,108.6,108.6,108.55,108.55,34
SRF,202607,2026-06-18 19:41:00,108.55,108.55,108.55,108.55,3
SRF,202607,2026-06-18 19:42:00,108.6,108.6,108.6,108.6,3
SRF,202607,2026-06-18 19:43:00,108.6,108.6,108.6,108.6,1
SRF,202607,2026-06-18 19:44:00,108.6,108.65,108.6,108.65,3
SRF,202607,2026-06-18 19:45:00,108.7,108.7,108.7,108.7,3
SRF,202607,2026-06-18 19:46:00,108.7,108.7,108.7,108.7,1
SRF,202607,2026-06-18 19:47:00,108.65,108.65,108.65,108.65,7
SRF,202607,2026-06-18 19:48:00,108.6,108.6,108.6,108.6,6
SRF,202607,2026-06-18 19:50:00,108.6,108.6,108.6,108.6,2
SRF,202607,2026-06-18 19:51:00,108.6,108.6,108.6,108.6,2
SRF,202607,2026-06-18 19:52:00,108.75,108.75,108.75,108.75,2
SRF,202607,2026-06-18 19:53:00,108.75,108.75,108.75,108.75,3
SRF,202607,2026-06-18 19:54:00,108.75,108.75,108.75,108.75,6
SRF,202607,2026-06-18 19:56:00,108.75,108.75,108.75,108.75,4
SRF,202607,2026-06-18 19:57:00,108.75,108.75,108.75,108.75,2
SRF,202607,2026-06-18 19:58:00,108.75,108.8,108.75,108.8,3
SRF,202607,2026-06-18 19:59:00,108.75,108.75,108.75,108.75,1
SRF,202607,2026-06-18 20:00:00,108.75,108.75,108.7,108.7,11
SRF,202607,2026-06-18 20:01:00,108.75,108.75,108.75,108.75,2
SRF,202607,2026-06-18 20:02:00,108.7,108.7,108.7,108.7,1
SRF,202607,2026-06-18 20:03:00,108.75,108.75,108.75,108.75,1
SRF,202607,2026-06-18 20:04:00,108.75,108.75,108.75,108.75,1
SRF,202607,2026-06-18 20:06:00,108.7,108.7,108.7,108.7,1
SRF,202607,2026-06-18 20:07:00,108.75,108.75,108.75,108.75,2
SRF,202607,2026-06-18 20:08:00,108.7,108.7,108.7,108.7,2
SRF,202607,2026-06-18 20:10:00,108.75,108.8,108.75,108.8,2
SRF,202607,2026-06-18 20:11:00,108.8,108.8,108.8,108.8,1
SRF,202607,2026-06-18 20:12:00,108.8,108.8,108.8,108.8,3
SRF,202607,2026-06-18 20:13:00,108.8,108.8,108.8,108.8,5
SRF,202607,2026-06-18 20:14:00,108.85,108.85,108.85,108.85,3
SRF,202607,2026-06-18 20:15:00,108.8,108.8,108.8,108.8,8
SRF,202607,2026-06-18 20:16:00,108.8,108.8,108.8,108.8,3
SRF,202607,2026-06-18 20:17:00,108.75,108.75,108.75,108.75,5
SRF,202607,2026-06-18 20:18:00,108.75,108.75,108.75,108.75,10
SRF,202607,2026-06-18 20:20:00,108.8,108.8,108.75,108.8,8
SRF,202607,2026-06-18 20:21:00,108.75,108.8,108.75,108.8,3
SRF,202607,2026-06-18 20:22:00,108.8,108.8,108.8,108.8,2
SRF,202607,2026-06-18 20:23:00,108.8,108.8,108.8,108.8,3
SRF,202607,2026-06-18 20:24:00,108.8,108.8,108.8,108.8,2
SRF,202607,2026-06-18 20:25:00,108.8,108.8,108.8,108.8,4
SRF,202607,2026-06-18 20:26:00,108.8,108.8,108.8,108.8,1
SRF,202607,2026-06-18 20:27:00,108.8,108.8,108.8,108.8,3
SRF,202607,2026-06-18 20:28:00,108.85,108.85,108.85,108.85,1
SRF,202607,2026-06-18 20:29:00,108.85,108.85,108.8,108.8,4
SRF,202607,2026-06-18 20:30:00,108.85,108.85,108.85,108.85,12
SRF,202607,2026-06-18 20:31:00,108.9,108.9,108.9,108.9,13
SRF,202607,2026-06-18 20:32:00,108.9,108.9,108.9,108.9,4
SRF,202607,2026-06-18 20:33:00,108.85,108.85,108.85,108.85,1
SRF,202607,2026-06-18 20:34:00,108.85,108.85,108.85,108.85,4
SRF,202607,2026-06-18 20:35:00,108.9,108.9,108.9,108.9,7
SRF,202607,2026-06-18 20:36:00,108.9,108.95,108.85,108.95,9
SRF,202607,2026-06-18 20:37:00,108.95,108.95,108.95,108.95,1
SRF,202607,2026-06-18 20:38:00,108.95,108.95,108.95,108.95,1
SRF,202607,2026-06-18 20:39:00,108.9,108.9,108.85,108.85,4
SRF,202607,2026-06-18 20:41:00,108.9,108.9,108.9,108.9,2
SRF,202607,2026-06-18 20:43:00,108.9,108.9,108.9,108.9,1
SRF,202607,2026-06-18 20:44:00,108.9,108.9,108.9,108.9,1
SRF,202607,2026-06-18 20:45:00,108.9,108.9,108.9,108.9,2
SRF,202607,2026-06-18 20:46:00,108.85,108.85,108.85,108.85,1
SRF,202607,2026-06-18 20:48:00,108.9,108.9,108.9,108.9,2
SRF,202607,2026-06-18 20:51:00,108.85,108.85,108.85,108.85,1
SRF,202607,2026-06-18 20:52:00,108.85,108.9,108.85,108.9,3
SRF,202607,2026-06-18 20:54:00,108.9,108.9,108.9,108.9,1
SRF,202607,2026-06-18 20:55:00,108.95,108.95,108.95,108.95,1
SRF,202607,2026-06-18 20:57:00,108.95,109.0,108.95,109.0,69
SRF,202607,2026-06-18 20:58:00,109.0,109.0,109.0,109.0,5
SRF,202607,2026-06-18 20:59:00,109.0,109.0,108.95,108.95,4
SRF,202607,2026-06-18 21:00:00,108.95,109.0,108.95,108.95,4
SRF,202607,2026-06-18 21:01:00,108.95,108.95,108.9,108.9,8
SRF,202607,2026-06-18 21:02:00,108.9,108.9,108.9,108.9,9
SRF,202607,2026-06-18 21:03:00,108.95,108.95,108.95,108.95,4
SRF,202607,2026-06-18 21:04:00,108.9,108.9,108.85,108.85,11
SRF,202607,2026-06-18 21:05:00,108.9,108.9,108.9,108.9,5
SRF,202607,2026-06-18 21:06:00,108.95,108.95,108.95,108.95,3
SRF,202607,2026-06-18 21:07:00,108.9,108.9,108.9,108.9,1
SRF,202607,2026-06-18 21:08:00,108.95,108.95,108.95,108.95,1
SRF,202607,2026-06-18 21:09:00,108.95,108.95,108.95,108.95,17
SRF,202607,2026-06-18 21:10:00,108.95,108.95,108.9,108.95,10
SRF,202607,2026-06-18 21:11:00,109.0,109.0,109.0,109.0,21
SRF,202607,2026-06-18 21:12:00,108.95,109.0,108.95,108.95,14
SRF,202607,2026-06-18 21:13:00,108.95,109.05,108.95,109.05,14
SRF,202607,2026-06-18 21:14:00,109.0,109.0,109.0,109.0,1
SRF,202607,2026-06-18 21:15:00,109.0,109.05,108.95,109.0,11
SRF,202607,2026-06-18 21:17:00,109.0,109.0,109.0,109.0,2
SRF,202607,2026-06-18 21:18:00,109.05,109.05,109.05,109.05,11
SRF,202607,2026-06-18 21:19:00,109.05,109.05,109.05,109.05,1
SRF,202607,2026-06-18 21:20:00,109.0,109.0,109.0,109.0,8
SRF,202607,2026-06-18 21:21:00,109.0,109.0,109.0,109.0,3
SRF,202607,2026-06-18 21:22:00,109.0,109.0,109.0,109.0,3
SRF,202607,2026-06-18 21:23:00,109.0,109.0,109.0,109.0,11
SRF,202607,2026-06-18 21:24:00,109.05,109.05,109.0,109.0,6
SRF,202607,2026-06-18 21:26:00,109.05,109.05,109.0,109.0,5
SRF,202607,2026-06-18 21:27:00,109.05,109.05,109.05,109.05,2
SRF,202607,2026-06-18 21:28:00,109.1,109.15,109.1,109.1,18
SRF,202607,2026-06-18 21:29:00,109.1,109.1,109.1,109.1,11
SRF,202607,2026-06-18 21:30:00,109.05,109.35,109.05,109.2,104
SRF,202607,2026-06-18 21:31:00,109.2,109.25,109.15,109.25,23
SRF,202607,2026-06-18 21:32:00,109.3,109.3,109.3,109.3,29
SRF,202607,2026-06-18 21:33:00,109.35,109.45,109.35,109.4,37
SRF,202607,2026-06-18 21:34:00,109.4,109.4,109.25,109.25,27
SRF,202607,2026-06-18 21:35:00,109.2,109.4,109.2,109.3,37
SRF,202607,2026-06-18 21:36:00,109.3,109.4,109.3,109.35,19
SRF,202607,2026-06-18 21:37:00,109.3,109.4,109.3,109.35,25
SRF,202607,2026-06-18 21:38:00,109.4,109.5,109.35,109.4,33
SRF,202607,2026-06-18 21:39:00,109.35,109.45,109.35,109.45,22
SRF,202607,2026-06-18 21:40:00,109.45,109.45,109.4,109.45,27
SRF,202607,2026-06-18 21:41:00,109.45,109.5,109.45,109.5,8
SRF,202607,2026-06-18 21:42:00,109.45,109.55,109.45,109.55,54
SRF,202607,2026-06-18 21:43:00,109.5,109.55,109.4,109.4,16
SRF,202607,2026-06-18 21:44:00,109.45,109.45,109.35,109.45,22
SRF,202607,2026-06-18 21:45:00,109.4,109.45,109.4,109.4,21
SRF,202607,2026-06-18 21:46:00,109.45,109.45,109.45,109.45,3
SRF,202607,2026-06-18 21:47:00,109.45,109.45,109.45,109.45,4
SRF,202607,2026-06-18 21:48:00,109.45,109.45,109.4,109.45,5
SRF,202607,2026-06-18 21:49:00,109.45,109.5,109.45,109.5,23
SRF,202607,2026-06-18 21:50:00,109.5,109.5,109.45,109.5,22
SRF,202607,2026-06-18 21:51:00,109.5,109.5,109.5,109.5,10
SRF,202607,2026-06-18 21:52:00,109.5,109.55,109.5,109.55,30
SRF,202607,2026-06-18 21:53:00,109.55,109.55,109.5,109.55,23
SRF,202607,2026-06-18 21:54:00,109.55,109.55,109.45,109.45,32
SRF,202607,2026-06-18 21:55:00,109.45,109.5,109.4,109.4,16
SRF,202607,2026-06-18 21:56:00,109.45,109.45,109.45,109.45,5
SRF,202607,2026-06-18 21:57:00,109.4,109.4,109.3,109.3,21
SRF,202607,2026-06-18 21:58:00,109.35,109.35,109.3,109.35,17
SRF,202607,2026-06-18 21:59:00,109.35,109.4,109.35,109.4,11
SRF,202607,2026-06-18 22:00:00,109.45,109.55,109.45,109.55,22
SRF,202607,2026-06-18 22:01:00,109.55,109.55,109.5,109.5,6
SRF,202607,2026-06-18 22:02:00,109.5,109.55,109.5,109.55,4
SRF,202607,2026-06-18 22:03:00,109.55,109.55,109.55,109.55,12
SRF,202607,2026-06-18 22:04:00,109.55,109.65,109.55,109.6,34
SRF,202607,2026-06-18 22:05:00,109.6,109.6,109.6,109.6,10
SRF,202607,2026-06-18 22:06:00,109.6,109.6,109.6,109.6,6
SRF,202607,2026-06-18 22:07:00,109.6,109.65,109.6,109.65,8
SRF,202607,2026-06-18 22:08:00,109.65,109.65,109.6,109.6,15
SRF,202607,2026-06-18 22:09:00,109.65,109.7,109.65,109.65,19
SRF,202607,2026-06-18 22:10:00,109.65,109.65,109.6,109.6,4
SRF,202607,2026-06-18 22:11:00,109.6,109.6,109.55,109.55,10
SRF,202607,2026-06-18 22:12:00,109.55,109.55,109.55,109.55,4
SRF,202607,2026-06-18 22:13:00,109.5,109.5,109.5,109.5,6
SRF,202607,2026-06-18 22:14:00,109.5,109.5,109.45,109.45,6
SRF,202607,2026-06-18 22:15:00,109.45,109.5,109.45,109.45,7
SRF,202607,2026-06-18 22:16:00,109.5,109.55,109.5,109.55,6
SRF,202607,2026-06-18 22:17:00,109.55,109.6,109.55,109.6,7
SRF,202607,2026-06-18 22:18:00,109.6,109.65,109.6,109.65,21
SRF,202607,2026-06-18 22:19:00,109.7,109.7,109.65,109.7,6
SRF,202607,2026-06-18 22:20:00,109.7,109.7,109.65,109.65,9
SRF,202607,2026-06-18 22:21:00,109.65,109.65,109.65,109.65,2
SRF,202607,2026-06-18 22:22:00,109.65,109.65,109.65,109.65,2
SRF,202607,2026-06-18 22:23:00,109.65,109.8,109.65,109.8,74
SRF,202607,2026-06-18 22:24:00,109.85,109.85,109.85,109.85,14
SRF,202607,2026-06-18 22:25:00,109.8,109.9,109.8,109.9,24
SRF,202607,2026-06-18 22:26:00,109.85,109.9,109.8,109.8,22
SRF,202607,2026-06-18 22:27:00,109.8,109.8,109.75,109.8,12
SRF,202607,2026-06-18 22:28:00,109.8,109.8,109.7,109.7,19
SRF,202607,2026-06-18 22:29:00,109.75,109.75,109.7,109.75,44
SRF,202607,2026-06-18 22:30:00,109.75,109.75,109.65,109.7,13
SRF,202607,2026-06-18 22:31:00,109.65,109.8,109.65,109.8,14
SRF,202607,2026-06-18 22:32:00,109.8,109.8,109.7,109.7,7
SRF,202607,2026-06-18 22:33:00,109.7,109.7,109.7,109.7,3
SRF,202607,2026-06-18 22:34:00,109.75,109.8,109.75,109.8,5
SRF,202607,2026-06-18 22:35:00,109.75,109.8,109.75,109.8,3
SRF,202607,2026-06-18 22:36:00,109.8,109.85,109.8,109.85,3
SRF,202607,2026-06-18 22:37:00,109.85,109.9,109.85,109.9,22
SRF,202607,2026-06-18 22:38:00,109.9,109.9,109.9,109.9,14
SRF,202607,2026-06-18 22:39:00,109.9,109.9,109.85,109.85,13
SRF,202607,2026-06-18 22:40:00,109.8,109.8,109.75,109.8,18
SRF,202607,2026-06-18 22:41:00,109.8,109.8,109.8,109.8,1
SRF,202607,2026-06-18 22:42:00,109.8,109.85,109.75,109.85,10
SRF,202607,2026-06-18 22:43:00,109.85,109.85,109.85,109.85,5
SRF,202607,2026-06-18 22:44:00,109.9,109.9,109.85,109.9,5
SRF,202607,2026-06-18 22:45:00,109.9,109.9,109.9,109.9,3
SRF,202607,2026-06-18 22:46:00,109.9,109.95,109.9,109.95,9
SRF,202607,2026-06-18 22:47:00,109.95,109.95,109.95,109.95,13
SRF,202607,2026-06-18 22:48:00,109.95,109.95,109.95,109.95,22
SRF,202607,2026-06-18 22:49:00,109.95,109.95,109.95,109.95,2
SRF,202607,2026-06-18 22:50:00,109.95,109.95,109.95,109.95,3
SRF,202607,2026-06-18 22:51:00,109.9,109.95,109.9,109.95,3
SRF,202607,2026-06-18 22:52:00,109.9,109.95,109.9,109.95,25
SRF,202607,2026-06-18 22:53:00,109.95,109.95,109.95,109.95,4
SRF,202607,2026-06-18 22:54:00,109.95,109.95,109.95,109.95,9
SRF,202607,2026-06-18 22:55:00,109.95,109.95,109.9,109.9,11
SRF,202607,2026-06-18 22:56:00,109.9,109.9,109.9,109.9,17
SRF,202607,2026-06-18 22:57:00,109.85,109.85,109.85,109.85,1
SRF,202607,2026-06-18 22:58:00,109.9,109.9,109.9,109.9,5
SRF,202607,2026-06-18 22:59:00,109.95,109.95,109.9,109.9,2
SRF,202607,2026-06-18 23:00:00,109.9,109.9,109.9,109.9,1
SRF,202607,2026-06-18 23:01:00,109.9,109.9,109.85,109.85,11
SRF,202607,2026-06-18 23:02:00,109.85,109.85,109.85,109.85,1
SRF,202607,2026-06-18 23:03:00,109.85,109.85,109.85,109.85,5
SRF,202607,2026-06-18 23:04:00,109.85,109.85,109.85,109.85,1
SRF,202607,2026-06-18 23:05:00,109.9,109.9,109.85,109.85,9
SRF,202607,2026-06-18 23:06:00,109.9,109.9,109.85,109.85,4
SRF,202607,2026-06-18 23:07:00,109.9,109.9,109.9,109.9,1
SRF,202607,2026-06-18 23:08:00,109.9,109.9,109.9,109.9,12
SRF,202607,2026-06-18 23:10:00,109.9,109.9,109.9,109.9,2
SRF,202607,2026-06-18 23:11:00,109.9,109.9,109.9,109.9,1
SRF,202607,2026-06-18 23:13:00,109.9,109.9,109.85,109.85,17
SRF,202607,2026-06-18 23:14:00,109.85,109.9,109.85,109.9,3
SRF,202607,2026-06-18 23:15:00,109.85,109.85,109.85,109.85,1
SRF,202607,2026-06-18 23:16:00,109.85,109.85,109.85,109.85,1
SRF,202607,2026-06-18 23:18:00,109.85,109.85,109.85,109.85,1
SRF,202607,2026-06-18 23:19:00,109.85,109.85,109.85,109.85,15
SRF,202607,2026-06-18 23:20:00,109.85,109.9,109.85,109.9,2
SRF,202607,2026-06-18 23:21:00,109.9,109.9,109.85,109.85,2
SRF,202607,2026-06-18 23:22:00,109.85,109.85,109.85,109.85,4
SRF,202607,2026-06-18 23:23:00,109.85,109.85,109.85,109.85,2
SRF,202607,2026-06-18 23:24:00,109.85,109.85,109.8,109.8,5
SRF,202607,2026-06-18 23:25:00,109.8,109.8,109.8,109.8,1
SRF,202607,2026-06-18 23:26:00,109.8,109.85,109.8,109.85,3
SRF,202607,2026-06-18 23:27:00,109.85,109.85,109.85,109.85,2
SRF,202607,2026-06-18 23:29:00,109.8,109.8,109.75,109.8,35
SRF,202607,2026-06-18 23:30:00,109.8,109.85,109.8,109.85,4
SRF,202607,2026-06-18 23:32:00,109.85,109.85,109.8,109.8,10
SRF,202607,2026-06-18 23:33:00,109.75,109.75,109.7,109.7,22
SRF,202607,2026-06-18 23:34:00,109.75,109.75,109.75,109.75,1
SRF,202607,2026-06-18 23:35:00,109.75,109.75,109.7,109.7,4
SRF,202607,2026-06-18 23:36:00,109.7,109.7,109.65,109.65,16
SRF,202607,2026-06-18 23:37:00,109.65,109.7,109.65,109.7,10
SRF,202607,2026-06-18 23:38:00,109.7,109.7,109.6,109.6,9
SRF,202607,2026-06-18 23:39:00,109.6,109.7,109.6,109.7,12
SRF,202607,2026-06-18 23:40:00,109.7,109.7,109.65,109.65,8
SRF,202607,2026-06-18 23:41:00,109.65,109.75,109.65,109.75,14
SRF,202607,2026-06-18 23:42:00,109.7,109.75,109.7,109.75,5
SRF,202607,2026-06-18 23:43:00,109.75,109.75,109.75,109.75,4
SRF,202607,2026-06-18 23:44:00,109.75,109.75,109.7,109.7,4
SRF,202607,2026-06-18 23:45:00,109.7,109.75,109.7,109.75,3
SRF,202607,2026-06-18 23:46:00,109.7,109.7,109.7,109.7,3
SRF,202607,2026-06-18 23:49:00,109.8,109.8,109.8,109.8,3
SRF,202607,2026-06-18 23:50:00,109.8,109.85,109.8,109.85,5
SRF,202607,2026-06-18 23:51:00,109.85,109.85,109.85,109.85,1
SRF,202607,2026-06-18 23:52:00,109.85,109.85,109.85,109.85,13
SRF,202607,2026-06-18 23:53:00,109.85,109.9,109.85,109.9,9
SRF,202607,2026-06-18 23:54:00,109.85,109.85,109.85,109.85,6
SRF,202607,2026-06-18 23:55:00,109.8,109.85,109.8,109.85,4
SRF,202607,2026-06-18 23:56:00,109.85,109.9,109.85,109.9,7
SRF,202607,2026-06-18 23:57:00,109.9,109.9,109.9,109.9,12
SRF,202607,2026-06-18 23:58:00,109.9,109.9,109.9,109.9,2
SRF,202607,2026-06-19 00:00:00,109.95,110.0,109.9,110.0,39
SRF,202607,2026-06-19 00:01:00,109.95,110.0,109.95,109.95,7
SRF,202607,2026-06-19 00:02:00,109.95,110.0,109.95,109.95,7
SRF,202607,2026-06-19 00:03:00,110.0,110.0,110.0,110.0,2
SRF,202607,2026-06-19 00:04:00,110.0,110.05,110.0,110.0,89
SRF,202607,2026-06-19 00:05:00,110.0,110.0,110.0,110.0,9
SRF,202607,2026-06-19 00:06:00,110.0,110.0,110.0,110.0,1
SRF,202607,2026-06-19 00:07:00,110.0,110.0,110.0,110.0,5
SRF,202607,2026-06-19 00:09:00,109.95,109.95,109.95,109.95,8
SRF,202607,2026-06-19 00:10:00,109.95,109.95,109.95,109.95,2
SRF,202607,2026-06-19 00:12:00,109.95,109.95,109.95,109.95,2
SRF,202607,2026-06-19 00:14:00,109.95,110.0,109.95,110.0,5
SRF,202607,2026-06-19 00:17:00,110.0,110.0,110.0,110.0,3
SRF,202607,2026-06-19 00:19:00,110.0,110.0,109.95,109.95,9
SRF,202607,2026-06-19 00:20:00,110.0,110.0,110.0,110.0,14
SRF,202607,2026-06-19 00:21:00,110.05,110.1,110.05,110.05,9
SRF,202607,2026-06-19 00:22:00,110.05,110.1,110.05,110.1,8
SRF,202607,2026-06-19 00:23:00,110.1,110.1,110.1,110.1,6
SRF,202607,2026-06-19 00:24:00,110.1,110.1,110.1,110.1,4
SRF,202607,2026-06-19 00:25:00,110.1,110.1,110.1,110.1,4
SRF,202607,2026-06-19 00:26:00,110.05,110.05,110.05,110.05,2
SRF,202607,2026-06-19 00:27:00,110.1,110.1,110.05,110.1,11
SRF,202607,2026-06-19 00:31:00,110.05,110.05,110.05,110.05,1
SRF,202607,2026-06-19 00:32:00,110.05,110.05,110.05,110.05,1
SRF,202607,2026-06-19 00:34:00,110.1,110.1,110.1,110.1,2
SRF,202607,2026-06-19 00:35:00,110.1,110.15,110.1,110.15,3
SRF,202607,2026-06-19 00:36:00,110.1,110.1,110.1,110.1,2
SRF,202607,2026-06-19 00:37:00,110.1,110.1,110.1,110.1,18
SRF,202607,2026-06-19 00:38:00,110.1,110.1,110.1,110.1,13
SRF,202607,2026-06-19 00:39:00,110.1,110.15,110.1,110.15,4
SRF,202607,2026-06-19 00:41:00,110.1,110.1,110.1,110.1,1
SRF,202607,2026-06-19 00:42:00,110.1,110.1,110.1,110.1,1
SRF,202607,2026-06-19 00:43:00,110.15,110.15,110.15,110.15,1
SRF,202607,2026-06-19 00:44:00,110.15,110.15,110.15,110.15,2
SRF,202607,2026-06-19 00:45:00,110.1,110.15,110.1,110.15,4
SRF,202607,2026-06-19 00:46:00,110.15,110.15,110.15,110.15,1
SRF,202607,2026-06-19 00:47:00,110.15,110.15,110.15,110.15,1
SRF,202607,2026-06-19 00:48:00,110.1,110.1,110.1,110.1,2
SRF,202607,2026-06-19 00:49:00,110.1,110.1,110.1,110.1,6
SRF,202607,2026-06-19 00:50:00,110.1,110.1,110.05,110.05,16
SRF,202607,2026-06-19 00:52:00,110.05,110.05,110.05,110.05,1
SRF,202607,2026-06-19 00:53:00,110.05,110.05,110.0,110.0,4
SRF,202607,2026-06-19 00:54:00,110.0,110.0,110.0,110.0,6
SRF,202607,2026-06-19 00:55:00,110.0,110.0,110.0,110.0,8
SRF,202607,2026-06-19 00:56:00,110.0,110.0,110.0,110.0,1
SRF,202607,2026-06-19 00:57:00,110.0,110.0,110.0,110.0,2
SRF,202607,2026-06-19 00:59:00,110.05,110.05,110.0,110.0,4
SRF,202607,2026-06-19 01:02:00,110.0,110.0,110.0,110.0,1
SRF,202607,2026-06-19 01:03:00,110.1,110.1,110.05,110.05,2
SRF,202607,2026-06-19 01:05:00,110.1,110.2,110.1,110.2,17
SRF,202607,2026-06-19 01:06:00,110.2,110.2,110.2,110.2,11
SRF,202607,2026-06-19 01:07:00,110.2,110.2,110.2,110.2,2
SRF,202607,2026-06-19 01:08:00,110.2,110.2,110.15,110.2,9
SRF,202607,2026-06-19 01:09:00,110.25,110.25,110.2,110.2,10
SRF,202607,2026-06-19 01:11:00,110.25,110.25,110.25,110.25,3
SRF,202607,2026-06-19 01:14:00,110.3,110.3,110.3,110.3,3
SRF,202607,2026-06-19 01:15:00,110.3,110.3,110.3,110.3,1
SRF,202607,2026-06-19 01:16:00,110.25,110.3,110.25,110.3,9
SRF,202607,2026-06-19 01:18:00,110.35,110.35,110.35,110.35,4
SRF,202607,2026-06-19 01:19:00,110.35,110.35,110.35,110.35,3
SRF,202607,2026-06-19 01:20:00,110.35,110.35,110.35,110.35,1
SRF,202607,2026-06-19 01:21:00,110.35,110.35,110.3,110.3,3
SRF,202607,2026-06-19 01:22:00,110.35,110.35,110.35,110.35,3
SRF,202607,2026-06-19 01:26:00,110.35,110.35,110.35,110.35,2
SRF,202607,2026-06-19 01:28:00,110.35,110.35,110.3,110.3,3
SRF,202607,2026-06-19 01:30:00,110.35,110.4,110.35,110.4,15
SRF,202607,2026-06-19 01:31:00,110.45,110.45,110.45,110.45,6
SRF,202607,2026-06-19 01:32:00,110.45,110.45,110.45,110.45,5
SRF,202607,2026-06-19 01:33:00,110.45,110.45,110.45,110.45,1
SRF,202607,2026-06-19 01:34:00,110.45,110.45,110.45,110.45,6
SRF,202607,2026-06-19 01:35:00,110.45,110.45,110.45,110.45,4
SRF,202607,2026-06-19 01:36:00,110.5,110.5,110.5,110.5,20
SRF,202607,2026-06-19 01:37:00,110.5,110.5,110.5,110.5,1
SRF,202607,2026-06-19 01:38:00,110.5,110.5,110.5,110.5,5
SRF,202607,2026-06-19 01:40:00,110.5,110.5,110.5,110.5,1
SRF,202607,2026-06-19 01:41:00,110.5,110.5,110.45,110.45,6
SRF,202607,2026-06-19 01:42:00,110.5,110.5,110.5,110.5,5
SRF,202607,2026-06-19 01:44:00,110.5,110.5,110.5,110.5,1
SRF,202607,2026-06-19 01:46:00,110.5,110.5,110.45,110.45,6
SRF,202607,2026-06-19 01:47:00,110.5,110.5,110.5,110.5,11
SRF,202607,2026-06-19 01:48:00,110.5,110.55,110.5,110.5,3
SRF,202607,2026-06-19 01:49:00,110.55,110.55,110.55,110.55,1
SRF,202607,2026-06-19 01:51:00,110.55,110.55,110.55,110.55,1
SRF,202607,2026-06-19 01:52:00,110.5,110.5,110.5,110.5,1
SRF,202607,2026-06-19 01:53:00,110.5,110.5,110.5,110.5,6
SRF,202607,2026-06-19 01:54:00,110.6,110.6,110.6,110.6,3
SRF,202607,2026-06-19 01:55:00,110.55,110.55,110.55,110.55,1
SRF,202607,2026-06-19 01:56:00,110.55,110.55,110.5,110.5,3
SRF,202607,2026-06-19 01:59:00,110.5,110.5,110.5,110.5,2
SRF,202607,2026-06-19 02:00:00,110.5,110.5,110.5,110.5,1
SRF,202607,2026-06-19 02:01:00,110.5,110.5,110.5,110.5,1
SRF,202607,2026-06-19 02:02:00,110.5,110.5,110.5,110.5,4
SRF,202607,2026-06-19 02:04:00,110.45,110.45,110.45,110.45,4
SRF,202607,2026-06-19 02:05:00,110.5,110.5,110.5,110.5,1
SRF,202607,2026-06-19 02:07:00,110.5,110.5,110.5,110.5,1
SRF,202607,2026-06-19 02:08:00,110.55,110.55,110.5,110.5,7
SRF,202607,2026-06-19 02:10:00,110.5,110.5,110.5,110.5,4
SRF,202607,2026-06-19 02:11:00,110.55,110.6,110.55,110.6,12
SRF,202607,2026-06-19 02:12:00,110.6,110.6,110.55,110.55,3
SRF,202607,2026-06-19 02:13:00,110.6,110.6,110.6,110.6,3
SRF,202607,2026-06-19 02:15:00,110.55,110.55,110.5,110.5,6
SRF,202607,2026-06-19 02:18:00,110.6,110.6,110.6,110.6,2
SRF,202607,2026-06-19 02:19:00,110.65,110.65,110.65,110.65,4
SRF,202607,2026-06-19 02:20:00,110.6,110.6,110.55,110.55,9
SRF,202607,2026-06-19 02:21:00,110.6,110.6,110.6,110.6,4
SRF,202607,2026-06-19 02:22:00,110.6,110.6,110.6,110.6,12
SRF,202607,2026-06-19 02:24:00,110.6,110.65,110.6,110.65,3
SRF,202607,2026-06-19 02:27:00,110.6,110.6,110.6,110.6,6
SRF,202607,2026-06-19 02:28:00,110.55,110.55,110.55,110.55,6
SRF,202607,2026-06-19 02:29:00,110.5,110.5,110.5,110.5,3
SRF,202607,2026-06-19 02:30:00,110.45,110.45,110.45,110.45,1
SRF,202607,2026-06-19 02:31:00,110.45,110.45,110.45,110.45,5
SRF,202607,2026-06-19 02:32:00,110.45,110.45,110.45,110.45,2
SRF,202607,2026-06-19 02:33:00,110.45,110.45,110.45,110.45,2
SRF,202607,2026-06-19 02:34:00,110.5,110.55,110.5,110.55,3
SRF,202607,2026-06-19 02:35:00,110.55,110.55,110.55,110.55,1
SRF,202607,2026-06-19 02:36:00,110.55,110.55,110.55,110.55,1
SRF,202607,2026-06-19 02:39:00,110.55,110.55,110.55,110.55,5
SRF,202607,2026-06-19 02:41:00,110.55,110.55,110.55,110.55,4
SRF,202607,2026-06-19 02:42:00,110.55,110.55,110.55,110.55,3
SRF,202607,2026-06-19 02:43:00,110.5,110.5,110.5,110.5,3
SRF,202607,2026-06-19 02:44:00,110.5,110.5,110.5,110.5,6
SRF,202607,2026-06-19 02:45:00,110.55,110.55,110.5,110.5,2
SRF,202607,2026-06-19 02:47:00,110.55,110.55,110.55,110.55,2
SRF,202607,2026-06-19 02:48:00,110.55,110.55,110.55,110.55,1
SRF,202607,2026-06-19 02:49:00,110.55,110.55,110.55,110.55,1
SRF,202607,2026-06-19 02:52:00,110.55,110.6,110.55,110.6,3
SRF,202607,2026-06-19 02:53:00,110.6,110.6,110.6,110.6,2
SRF,202607,2026-06-19 02:54:00,110.6,110.6,110.6,110.6,1
SRF,202607,2026-06-19 02:57:00,110.6,110.6,110.6,110.6,6
SRF,202607,2026-06-19 03:00:00,110.6,110.6,110.6,110.6,1
SRF,202607,2026-06-19 03:01:00,110.55,110.55,110.5,110.5,4
SRF,202607,2026-06-19 03:02:00,110.5,110.5,110.4,110.4,12
SRF,202607,2026-06-19 03:03:00,110.4,110.4,110.4,110.4,1
SRF,202607,2026-06-19 03:04:00,110.45,110.45,110.45,110.45,1
SRF,202607,2026-06-19 03:05:00,110.5,110.5,110.5,110.5,1
SRF,202607,2026-06-19 03:06:00,110.5,110.5,110.5,110.5,12
SRF,202607,2026-06-19 03:08:00,110.55,110.55,110.55,110.55,1
SRF,202607,2026-06-19 03:10:00,110.5,110.5,110.5,110.5,6
SRF,202607,2026-06-19 03:11:00,110.4,110.4,110.4,110.4,1
SRF,202607,2026-06-19 03:14:00,110.45,110.5,110.4,110.4,3
SRF,202607,2026-06-19 03:15:00,110.5,110.5,110.45,110.5,3
SRF,202607,2026-06-19 03:16:00,110.45,110.45,110.4,110.4,10
SRF,202607,2026-06-19 03:18:00,110.5,110.5,110.45,110.45,10
SRF,202607,2026-06-19 03:19:00,110.45,110.55,110.45,110.55,9
SRF,202607,2026-06-19 03:21:00,110.55,110.6,110.55,110.6,3
SRF,202607,2026-06-19 03:22:00,110.6,110.6,110.6,110.6,1
SRF,202607,2026-06-19 03:23:00,110.55,110.55,110.55,110.55,8
SRF,202607,2026-06-19 03:24:00,110.5,110.5,110.5,110.5,1
SRF,202607,2026-06-19 03:25:00,110.45,110.45,110.45,110.45,3
SRF,202607,2026-06-19 03:30:00,110.45,110.5,110.45,110.5,6
SRF,202607,2026-06-19 03:31:00,110.55,110.55,110.5,110.5,5
SRF,202607,2026-06-19 03:33:00,110.55,110.55,110.55,110.55,1
SRF,202607,2026-06-19 03:34:00,110.6,110.6,110.6,110.6,1
SRF,202607,2026-06-19 03:35:00,110.6,110.6,110.6,110.6,1
SRF,202607,2026-06-19 03:38:00,110.55,110.55,110.55,110.55,5
SRF,202607,2026-06-19 03:39:00,110.6,110.6,110.6,110.6,2
SRF,202607,2026-06-19 03:40:00,110.55,110.65,110.55,110.65,8
SRF,202607,2026-06-19 03:41:00,110.65,110.65,110.55,110.55,8
SRF,202607,2026-06-19 03:42:00,110.6,110.6,110.6,110.6,3
SRF,202607,2026-06-19 03:44:00,110.65,110.7,110.65,110.7,10
SRF,202607,2026-06-19 03:45:00,110.7,110.75,110.7,110.75,9
SRF,202607,2026-06-19 03:46:00,110.75,110.75,110.75,110.75,1
SRF,202607,2026-06-19 03:47:00,110.75,110.75,110.75,110.75,1
SRF,202607,2026-06-19 03:48:00,110.8,110.8,110.7,110.7,6
SRF,202607,2026-06-19 03:49:00,110.7,110.7,110.7,110.7,2
SRF,202607,2026-06-19 03:50:00,110.75,110.75,110.75,110.75,7
SRF,202607,2026-06-19 03:51:00,110.8,110.8,110.8,110.8,7
SRF,202607,2026-06-19 03:52:00,110.8,110.85,110.8,110.85,8
SRF,202607,2026-06-19 03:54:00,110.8,110.8,110.8,110.8,1
SRF,202607,2026-06-19 03:55:00,110.8,110.8,110.8,110.8,7
SRF,202607,2026-06-19 03:56:00,110.75,110.75,110.75,110.75,2
SRF,202607,2026-06-19 03:57:00,110.75,110.75,110.75,110.75,1
SRF,202607,2026-06-19 03:58:00,110.75,110.75,110.75,110.75,4
SRF,202607,2026-06-19 03:59:00,110.75,110.75,110.7,110.7,10
SRF,202607,2026-06-19 04:00:00,110.65,110.65,110.6,110.6,4
SRF,202607,2026-06-19 04:05:00,110.65,110.65,110.65,110.65,3
SRF,202607,2026-06-19 04:06:00,110.7,110.7,110.7,110.7,1
SRF,202607,2026-06-19 04:07:00,110.7,110.7,110.7,110.7,2
SRF,202607,2026-06-19 04:09:00,110.7,110.7,110.7,110.7,1
SRF,202607,2026-06-19 04:10:00,110.7,110.7,110.7,110.7,3
SRF,202607,2026-06-19 04:11:00,110.65,110.65,110.65,110.65,2
SRF,202607,2026-06-19 04:12:00,110.65,110.65,110.65,110.65,2
SRF,202607,2026-06-19 04:14:00,110.7,110.7,110.7,110.7,2
SRF,202607,2026-06-19 04:19:00,110.7,110.7,110.7,110.7,2
SRF,202607,2026-06-19 04:20:00,110.75,110.75,110.75,110.75,11
SRF,202607,2026-06-19 04:22:00,110.8,110.8,110.8,110.8,1
SRF,202607,2026-06-19 04:23:00,110.8,110.8,110.8,110.8,3
SRF,202607,2026-06-19 04:24:00,110.8,110.8,110.8,110.8,2
SRF,202607,2026-06-19 04:26:00,110.8,110.8,110.8,110.8,5
SRF,202607,2026-06-19 04:27:00,110.75,110.75,110.75,110.75,2
SRF,202607,2026-06-19 04:28:00,110.75,110.75,110.75,110.75,2
SRF,202607,2026-06-19 04:29:00,110.7,110.7,110.7,110.7,5
SRF,202607,2026-06-19 04:31:00,110.8,110.8,110.75,110.75,4
SRF,202607,2026-06-19 04:33:00,110.75,110.75,110.75,110.75,3
SRF,202607,2026-06-19 04:34:00,110.75,110.75,110.75,110.75,2
SRF,202607,2026-06-19 04:35:00,110.8,110.8,110.8,110.8,2
SRF,202607,2026-06-19 04:37:00,110.8,110.8,110.8,110.8,1
SRF,202607,2026-06-19 04:38:00,110.75,110.75,110.75,110.75,1
SRF,202607,2026-06-19 04:42:00,110.8,110.8,110.8,110.8,1
SRF,202607,2026-06-19 04:45:00,110.75,110.75,110.75,110.75,8
SRF,202607,2026-06-19 04:46:00,110.75,110.75,110.75,110.75,2
SRF,202607,2026-06-19 04:47:00,110.75,110.75,110.75,110.75,2
SRF,202607,2026-06-19 04:48:00,110.75,110.75,110.75,110.75,1
SRF,202607,2026-06-19 04:50:00,110.75,110.75,110.75,110.75,1
SRF,202607,2026-06-19 04:51:00,110.75,110.75,110.75,110.75,1
SRF,202607,2026-06-19 04:52:00,110.75,110.75,110.75,110.75,2
SRF,202607,2026-06-19 04:53:00,110.75,110.75,110.75,110.75,2
SRF,202607,2026-06-19 04:54:00,110.75,110.75,110.75,110.75,5
SRF,202607,2026-06-19 04:55:00,110.75,110.75,110.75,110.75,3
SRF,202607,2026-06-19 04:56:00,110.7,110.8,110.7,110.8,7
SRF,202607,2026-06-19 04:57:00,110.75,110.75,110.7,110.75,3
SRF,202607,2026-06-19 04:58:00,110.75,110.8,110.75,110.8,6
SRF,202607,2026-06-19 04:59:00,110.8,110.85,110.65,110.85,30
SRF,202607/202608,2026-06-18 21:43:00,0.54,0.54,0.54,0.54,8
SRF,202608,2026-06-18 17:27:00,109.2,109.2,109.2,109.2,1
SRF,202608,2026-06-18 17:32:00,109.15,109.15,109.15,109.15,1
SRF,202608,2026-06-18 17:50:00,109.35,109.35,109.35,109.35,1
SRF,202608,2026-06-18 17:53:00,109.35,109.35,109.35,109.35,2
SRF,202608,2026-06-18 18:06:00,109.35,109.35,109.35,109.35,1
SRF,202608,2026-06-18 18:13:00,109.35,109.35,109.35,109.35,1
SRF,202608,2026-06-18 18:33:00,109.4,109.4,109.4,109.4,2
SRF,202608,2026-06-18 18:36:00,109.45,109.45,109.45,109.45,1
SRF,202608,2026-06-18 18:43:00,109.35,109.35,109.35,109.35,3
SRF,202608,2026-06-18 18:46:00,109.35,109.35,109.35,109.35,1
SRF,202608,2026-06-18 19:00:00,109.3,109.3,109.3,109.3,1
SRF,202608,2026-06-18 19:06:00,109.35,109.35,109.35,109.35,1
SRF,202608,2026-06-18 19:10:00,109.2,109.2,109.2,109.2,1
SRF,202608,2026-06-18 19:20:00,109.25,109.25,109.25,109.25,1
SRF,202608,2026-06-18 19:21:00,109.25,109.25,109.25,109.25,1
SRF,202608,2026-06-18 19:34:00,109.25,109.25,109.25,109.25,1
SRF,202608,2026-06-18 19:37:00,109.2,109.2,109.2,109.2,1
SRF,202608,2026-06-18 19:38:00,109.15,109.15,109.15,109.15,4
SRF,202608,2026-06-18 19:39:00,109.15,109.15,109.15,109.15,1
SRF,202608,2026-06-18 20:06:00,109.25,109.25,109.25,109.25,1
SRF,202608,2026-06-18 20:16:00,109.35,109.35,109.35,109.35,1
SRF,202608,2026-06-18 20:19:00,109.35,109.35,109.35,109.35,1
SRF,202608,2026-06-18 20:28:00,109.45,109.45,109.45,109.45,1
SRF,202608,2026-06-18 20:39:00,109.35,109.35,109.35,109.35,2
SRF,202608,2026-06-18 20:55:00,109.45,109.45,109.45,109.45,1
SRF,202608,2026-06-18 20:57:00,109.45,109.45,109.45,109.45,1
SRF,202608,2026-06-18 21:02:00,109.45,109.45,109.45,109.45,4
SRF,202608,2026-06-18 21:11:00,109.6,109.6,109.6,109.6,4
SRF,202608,2026-06-18 21:17:00,109.6,109.6,109.6,109.6,3
SRF,202608,2026-06-18 21:19:00,109.6,109.6,109.6,109.6,1
SRF,202608,2026-06-18 21:31:00,109.8,109.8,109.8,109.8,1
SRF,202608,2026-06-18 21:32:00,109.8,109.8,109.8,109.8,1
SRF,202608,2026-06-18 21:33:00,109.9,109.95,109.9,109.95,2
SRF,202608,2026-06-18 21:35:00,109.8,109.8,109.8,109.8,2
SRF,202608,2026-06-18 21:36:00,109.9,109.9,109.9,109.9,1
SRF,202608,2026-06-18 21:37:00,109.9,109.9,109.9,109.9,3
SRF,202608,2026-06-18 21:38:00,110.0,110.0,110.0,110.0,9
SRF,202608,2026-06-18 21:43:00,110.0,110.05,110.0,110.0,4
SRF,202608,2026-06-18 21:44:00,109.95,109.95,109.95,109.95,1
SRF,202608,2026-06-18 21:47:00,110.0,110.0,110.0,110.0,2
SRF,202608,2026-06-18 21:49:00,110.1,110.1,110.1,110.1,1
SRF,202608,2026-06-18 21:51:00,110.1,110.1,110.1,110.1,1
SRF,202608,2026-06-18 21:55:00,110.0,110.0,110.0,110.0,1
SRF,202608,2026-06-18 21:56:00,110.05,110.05,110.05,110.05,2
SRF,202608,2026-06-18 21:57:00,110.0,110.0,109.9,109.9,3
SRF,202608,2026-06-18 21:58:00,109.9,109.9,109.9,109.9,2
SRF,202608,2026-06-18 21:59:00,109.9,109.9,109.9,109.9,4
SRF,202608,2026-06-18 22:02:00,110.1,110.1,110.1,110.1,2
SRF,202608,2026-06-18 22:03:00,110.1,110.1,110.1,110.1,2
SRF,202608,2026-06-18 22:04:00,110.15,110.15,110.15,110.15,4
SRF,202608,2026-06-18 22:06:00,110.15,110.15,110.15,110.15,1
SRF,202608,2026-06-18 22:07:00,110.25,110.25,110.25,110.25,3
SRF,202608,2026-06-18 22:08:00,110.2,110.2,110.2,110.2,1
SRF,202608,2026-06-18 22:13:00,110.1,110.1,110.1,110.1,1
SRF,202608,2026-06-18 22:15:00,110.0,110.0,110.0,110.0,2
SRF,202608,2026-06-18 22:17:00,110.1,110.1,110.1,110.1,4
SRF,202608,2026-06-18 22:18:00,110.1,110.25,110.1,110.25,12
SRF,202608,2026-06-18 22:21:00,110.25,110.25,110.25,110.25,1
SRF,202608,2026-06-18 22:23:00,110.25,110.25,110.25,110.25,1
SRF,202608,2026-06-18 22:24:00,110.35,110.35,110.35,110.35,1
SRF,202608,2026-06-18 22:27:00,110.35,110.35,110.35,110.35,1
SRF,202608,2026-06-18 22:28:00,110.25,110.25,110.25,110.25,1
SRF,202608,2026-06-18 22:35:00,110.3,110.35,110.3,110.35,4
SRF,202608,2026-06-18 22:44:00,110.45,110.45,110.45,110.45,1
SRF,202608,2026-06-18 22:46:00,110.45,110.45,110.45,110.45,1
SRF,202608,2026-06-18 22:47:00,110.5,110.5,110.5,110.5,1
SRF,202608,2026-06-18 22:51:00,110.5,110.5,110.5,110.5,1
SRF,202608,2026-06-18 22:55:00,110.45,110.45,110.45,110.45,6
SRF,202608,2026-06-18 23:00:00,110.45,110.45,110.45,110.45,2
SRF,202608,2026-06-18 23:01:00,110.4,110.4,110.4,110.4,1
SRF,202608,2026-06-18 23:03:00,110.4,110.4,110.4,110.4,1
SRF,202608,2026-06-18 23:10:00,110.5,110.5,110.5,110.5,1
SRF,202608,2026-06-18 23:13:00,110.45,110.45,110.45,110.45,1
SRF,202608,2026-06-18 23:19:00,110.4,110.4,110.4,110.4,1
SRF,202608,2026-06-18 23:23:00,110.4,110.4,110.4,110.4,1
SRF,202608,2026-06-18 23:29:00,110.35,110.35,110.35,110.35,7
SRF,202608,2026-06-18 23:30:00,110.3,110.35,110.3,110.35,2
SRF,202608,2026-06-18 23:33:00,110.3,110.3,110.3,110.3,1
SRF,202608,2026-06-18 23:38:00,110.2,110.2,110.2,110.2,3
SRF,202608,2026-06-18 23:39:00,110.15,110.15,110.15,110.15,4
SRF,202608,2026-06-18 23:43:00,110.35,110.35,110.35,110.35,1
SRF,202608,2026-06-18 23:59:00,110.45,110.45,110.45,110.45,1
SRF,202608,2026-06-19 00:00:00,110.5,110.5,110.5,110.5,5
SRF,202608,2026-06-19 00:07:00,110.55,110.55,110.55,110.55,1
SRF,202608,2026-06-19 00:19:00,110.55,110.55,110.55,110.55,1
SRF,202608,2026-06-19 00:32:00,110.65,110.65,110.65,110.65,1
SRF,202608,2026-06-19 00:50:00,110.6,110.6,110.6,110.6,2
SRF,202608,2026-06-19 00:55:00,110.55,110.55,110.55,110.55,2
SRF,202608,2026-06-19 01:05:00,110.7,110.7,110.7,110.7,1
SRF,202608,2026-06-19 01:16:00,110.8,110.8,110.8,110.8,1
SRF,202608,2026-06-19 01:31:00,110.95,110.95,110.95,110.95,1
SRF,202608,2026-06-19 01:54:00,111.1,111.1,111.1,111.1,1
SRF,202608,2026-06-19 02:08:00,111.1,111.1,111.1,111.1,1
SRF,202608,2026-06-19 02:12:00,111.2,111.2,111.2,111.2,1
SRF,202608,2026-06-19 02:17:00,111.15,111.15,111.15,111.15,1
SRF,202608,2026-06-19 02:36:00,111.1,111.1,111.1,111.1,1
SRF,202608,2026-06-19 02:43:00,111.1,111.1,111.1,111.1,1
SRF,202608,2026-06-19 02:54:00,111.1,111.1,111.1,111.1,1
SRF,202608,2026-06-19 03:01:00,111.1,111.1,111.1,111.1,1
SRF,202608,2026-06-19 03:02:00,111.0,111.0,111.0,111.0,1
SRF,202608,2026-06-19 03:14:00,111.0,111.0,111.0,111.0,1
SRF,202608,2026-06-19 03:24:00,111.05,111.05,111.05,111.05,1
SRF,202608,2026-06-19 03:45:00,111.25,111.25,111.25,111.25,1
SRF,202608,2026-06-19 03:48:00,111.3,111.3,111.3,111.3,1
SRF,202608,2026-06-19 03:56:00,111.3,111.3,111.3,111.3,1
SRF,202608,2026-06-19 04:11:00,111.2,111.2,111.2,111.2,1
SRF,202608,2026-06-19 04:12:00,111.25,111.25,111.25,111.25,1
SRF,202608,2026-06-19 04:29:00,111.3,111.3,111.3,111.3,1
SRF,202608,2026-06-19 04:35:00,111.4,111.4,111.4,111.4,1
SRF,202608,2026-06-19 04:45:00,111.35,111.35,111.35,111.35,2
SRF,202608,2026-06-19 04:53:00,111.35,111.35,111.35,111.35,2
SRF,202608,2026-06-19 04:59:00,111.35,111.4,111.25,111.4,7
SRF,202609,2026-06-18 17:53:00,109.6,109.6,109.6,109.6,1
SRF,202609,2026-06-18 17:54:00,109.6,109.6,109.6,109.6,1
SRF,202609,2026-06-18 19:59:00,109.65,109.65,109.65,109.65,1
SRF,202609,2026-06-18 20:00:00,109.65,109.65,109.65,109.65,1
SRF,202609,2026-06-18 21:35:00,110.6,110.6,110.6,110.6,1
SRF,202609,2026-06-18 21:49:00,110.5,110.5,110.5,110.5,1
SRF,202609,2026-06-18 22:09:00,110.7,110.7,110.7,110.7,1
SRF,202609,2026-06-18 22:15:00,110.5,110.5,110.5,110.5,1
SRF,202609,2026-06-18 22:19:00,110.65,110.65,110.65,110.65,1
SRF,202609,2026-06-18 22:23:00,110.7,110.7,110.7,110.7,1
SRF,202609,2026-06-18 22:25:00,110.85,110.85,110.85,110.85,2
SRF,202609,2026-06-18 22:33:00,111.15,111.15,111.15,111.15,2
SRF,202609,2026-06-18 22:42:00,111.2,111.2,111.2,111.2,1
SRF,202609,2026-06-18 22:48:00,111.05,111.05,111.05,111.05,1
SRF,202609,2026-06-18 23:02:00,111.1,111.1,111.1,111.1,1
SRF,202609,2026-06-18 23:04:00,110.85,110.85,110.85,110.85,2
SRF,202609,2026-06-18 23:11:00,110.9,110.9,110.9,110.9,1
SRF,202609,2026-06-18 23:39:00,110.9,110.9,110.9,110.9,3
SRF,202609,2026-06-19 00:49:00,111.1,111.1,111.05,111.05,5
SRF,202609,2026-06-19 01:33:00,111.6,111.6,111.6,111.6,1
SRF,202609,2026-06-19 01:59:00,111.65,111.65,111.65,111.65,1
SRF,202609,2026-06-19 02:57:00,111.6,111.6,111.6,111.6,1
SRF,202609,2026-06-19 03:41:00,111.65,111.65,111.65,111.65,2
SRF,202609,2026-06-19 03:44:00,111.65,111.65,111.65,111.65,2
SRF,202612,2026-06-18 18:23:00,112.0,112.0,112.0,112.0,1
SRF,202612,2026-06-18 20:40:00,112.0,112.0,112.0,112.0,1
SRF,202612,2026-06-18 23:09:00,113.0,113.0,113.0,113.0,1
SRF,202612,2026-06-18 23:41:00,113.0,113.0,113.0,113.0,1
SRF,202612,2026-06-19 00:00:00,112.5,113.0,112.5,113.0,2
SRF,202612,2026-06-19 02:16:00,113.5,113.5,113.5,113.5,1
SRF,202703,2026-06-19 02:16:00,115.0,115.0,115.0,115.0,1
SRF,202703,2026-06-19 02:50:00,114.5,114.5,114.5,114.5,1
SXF,202606,2026-06-18 15:06:00,13833.0,13833.0,13833.0,13833.0,1
SXF,202606,2026-06-18 15:08:00,13835.0,13844.5,13835.0,13844.5,4
SXF,202606,2026-06-18 16:03:00,13922.5,13922.5,13922.5,13922.5,1
SXF,202606,2026-06-18 16:53:00,13930.0,13930.0,13930.0,13930.0,10
SXF,202606,2026-06-18 18:12:00,13950.5,13950.5,13950.5,13950.5,4
SXF,202606,2026-06-18 18:20:00,13950.5,13950.5,13950.5,13950.5,1
SXF,202606,2026-06-18 19:12:00,13920.0,13920.0,13920.0,13920.0,1
SXF,202606,2026-06-18 19:23:00,13950.5,13950.5,13950.5,13950.5,9
SXF,202606,2026-06-18 20:49:00,13998.0,14000.0,13998.0,14000.0,20
SXF,202606/202609,2026-06-18 18:30:00,242.0,242.0,242.0,242.0,2
SXF,202606/202609,2026-06-18 19:20:00,199.0,199.0,199.0,199.0,20
SXF,202606/202609,2026-06-18 20:02:00,300.0,300.0,300.0,300.0,2
SXF,202606/202609,2026-06-18 20:54:00,259.0,259.0,259.0,259.0,4
SXF,202606/202609,2026-06-18 20:59:00,265.0,265.0,265.0,265.0,6
SXF,202606/202609,2026-06-18 21:00:00,250.0,250.0,250.0,250.0,20
SXF,202606/202609,2026-06-18 21:15:00,255.0,255.0,255.0,255.0,20
SXF,202606/202609,2026-06-18 21:16:00,255.0,255.0,249.0,249.0,20
SXF,202606/202609,2026-06-18 21:18:00,251.0,251.0,245.0,245.0,20
SXF,202606/202609,2026-06-18 21:23:00,269.0,269.0,235.0,235.0,20
SXF,202609,2026-06-18 15:05:00,14067.5,14067.5,14067.5,14067.5,1
SXF,202609,2026-06-18 15:07:00,14063.5,14063.5,14063.5,14063.5,1
SXF,202609,2026-06-18 15:08:00,14080.0,14080.0,14079.5,14079.5,4
SXF,202609,2026-06-18 15:18:00,14078.0,14078.0,14078.0,14078.0,1
SXF,202609,2026-06-18 19:12:00,14135.0,14135.0,14135.0,14135.0,1
SXF,202609,2026-06-18 19:58:00,14185.0,14185.0,14185.0,14185.0,1
SXF,202609,2026-06-18 20:40:00,14200.0,14200.0,14200.0,14200.0,1
SXF,202609,2026-06-18 20:59:00,14268.0,14268.0,14268.0,14268.0,1
SXF,202609,2026-06-18 21:13:00,14304.0,14304.0,14304.0,14304.0,1
SXF,202609,2026-06-18 21:14:00,14310.0,14310.0,14310.0,14310.0,1
SXF,202609,2026-06-18 21:44:00,14200.0,14200.0,14200.0,14200.0,1
SXF,202609,2026-06-18 21:45:00,14201.0,14201.0,14201.0,14201.0,1
SXF,202609,2026-06-18 21:53:00,14300.0,14300.0,14300.0,14300.0,1
SXF,202609,2026-06-18 21:58:00,14299.0,14299.0,14299.0,14299.0,1
SXF,202609,2026-06-18 22:06:00,14345.0,14350.0,14345.0,14350.0,2
SXF,202609,2026-06-18 22:13:00,14320.0,14320.0,14320.0,14320.0,1
SXF,202609,2026-06-18 22:18:00,14340.0,14388.0,14340.0,14388.0,6
SXF,202609,2026-06-18 22:19:00,14465.0,14465.0,14465.0,14465.0,1
SXF,202609,2026-06-18 22:25:00,14450.0,14455.5,14450.0,14455.5,2
SXF,202609,2026-06-18 22:28:00,14391.0,14391.0,14391.0,14391.0,1
SXF,202609,2026-06-18 22:31:00,14399.0,14399.0,14399.0,14399.0,1
SXF,202609,2026-06-18 22:45:00,14410.0,14410.0,14410.0,14410.0,1
SXF,202609,2026-06-18 22:46:00,14441.0,14441.0,14441.0,14441.0,1
SXF,202609,2026-06-18 22:48:00,14460.0,14465.0,14460.0,14465.0,2
SXF,202609,2026-06-18 23:00:00,14488.0,14488.0,14488.0,14488.0,1
SXF,202609,2026-06-18 23:14:00,14475.0,14475.0,14475.0,14475.0,1
SXF,202609,2026-06-18 23:23:00,14493.0,14500.0,14493.0,14500.0,4
SXF,202609,2026-06-18 23:36:00,14470.0,14470.0,14470.0,14470.0,10
SXF,202609,2026-06-18 23:40:00,14440.0,14440.0,14440.0,14440.0,1
SXF,202609,2026-06-18 23:51:00,14410.0,14410.0,14410.0,14410.0,1
SXF,202609,2026-06-19 00:01:00,14444.0,14444.0,14444.0,14444.0,1
SXF,202609,2026-06-19 00:03:00,14470.0,14470.0,14470.0,14470.0,8
SXF,202609,2026-06-19 00:10:00,14500.0,14500.0,14500.0,14500.0,8
SXF,202609,2026-06-19 00:15:00,14515.0,14515.0,14515.0,14515.0,1
SXF,202609,2026-06-19 00:20:00,14520.0,14520.0,14520.0,14520.0,1
SXF,202609,2026-06-19 00:48:00,14555.0,14555.0,14555.0,14555.0,1
SXF,202609,2026-06-19 00:50:00,14560.0,14560.0,14560.0,14560.0,1
SXF,202609,2026-06-19 01:26:00,14600.0,14600.0,14600.0,14600.0,4
SXF,202609,2026-06-19 01:40:00,14600.0,14600.0,14600.0,14600.0,1
SXF,202609,2026-06-19 03:21:00,14600.0,14600.0,14600.0,14600.0,1
TE,202607,2026-06-18 15:02:00,3019.3,3019.3,3019.3,3019.3,2
TE,202607,2026-06-18 16:07:00,3023.6,3023.6,3023.6,3023.6,1
TE,202607,2026-06-18 16:23:00,3023.15,3023.15,3023.15,3023.15,1
TE,202607,2026-06-18 16:53:00,3023.2,3023.2,3023.2,3023.2,1
TE,202607,2026-06-18 17:43:00,3022.05,3022.05,3022.05,3022.05,1
TE,202607,2026-06-18 17:47:00,3024.65,3025.45,3024.65,3025.45,6
TE,202607,2026-06-18 17:53:00,3029.5,3029.5,3029.5,3029.5,1
TE,202607,2026-06-18 18:11:00,3029.05,3029.05,3029.05,3029.05,1
TE,202607,2026-06-18 18:36:00,3025.4,3025.4,3025.4,3025.4,1
TE,202607,2026-06-18 18:37:00,3025.4,3025.4,3024.6,3024.6,2
TE,202607,2026-06-18 19:09:00,3020.1,3020.1,3020.1,3020.1,1
TE,202607,2026-06-18 20:29:00,3027.15,3028.3,3027.15,3028.3,5
TE,202607,2026-06-18 20:31:00,3030.65,3030.65,3030.65,3030.65,1
TE,202607,2026-06-18 20:42:00,3031.45,3031.45,3031.45,3031.45,1
TE,202607,2026-06-18 20:57:00,3034.2,3036.15,3034.2,3036.15,2
TE,202607,2026-06-18 21:04:00,3034.2,3034.2,3034.2,3034.2,1
TE,202607,2026-06-18 21:37:00,3044.3,3044.3,3044.3,3044.3,1
TE,202607,2026-06-18 21:57:00,3051.55,3051.55,3051.55,3051.55,1
TE,202607,2026-06-18 22:11:00,3056.1,3056.1,3056.1,3056.1,1
TE,202607,2026-06-18 22:23:00,3059.2,3059.2,3059.2,3059.2,1
TE,202607,2026-06-19 00:00:00,3066.75,3066.75,3066.75,3066.75,1
TE,202607,2026-06-19 00:07:00,3070.85,3070.85,3070.85,3070.85,1
TE,202607,2026-06-19 01:16:00,3079.2,3079.2,3079.2,3079.2,1
TE,202607,2026-06-19 01:31:00,3083.15,3083.15,3083.15,3083.15,1
TE,202607,2026-06-19 02:11:00,3089.0,3089.0,3089.0,3089.0,1
TE,202607,2026-06-19 02:30:00,3084.95,3084.95,3084.95,3084.95,1
TE,202607,2026-06-19 02:55:00,3086.0,3086.0,3086.0,3086.0,1
TE,202607,2026-06-19 03:02:00,3085.95,3085.95,3085.0,3085.0,5
TE,202607,2026-06-19 03:22:00,3088.0,3088.0,3088.0,3088.0,1
TE,202607,2026-06-19 04:03:00,3080.65,3080.65,3080.65,3080.65,1
TE,202607,2026-06-19 04:09:00,3085.0,3085.0,3085.0,3085.0,1
TE,202607,2026-06-19 04:16:00,3082.6,3082.6,3082.6,3082.6,1
TE,202607,2026-06-19 04:47:00,3090.0,3090.0,3090.0,3090.0,1
TF,202607,2026-06-18 16:21:00,3217.0,3217.0,3217.0,3217.0,1
TF,202607,2026-06-18 16:22:00,3208.0,3208.0,3208.0,3208.0,1
TF,202607,2026-06-18 17:17:00,3212.0,3212.0,3212.0,3212.0,1
TF,202607,2026-06-18 17:21:00,3212.0,3212.0,3212.0,3212.0,1
TF,202607,2026-06-18 18:33:00,3210.2,3210.2,3210.2,3210.2,1
TF,202607,2026-06-18 19:37:00,3208.0,3208.0,3208.0,3208.0,1
TF,202607,2026-06-18 21:35:00,3215.0,3215.0,3215.0,3215.0,1
TF,202607,2026-06-18 22:39:00,3216.0,3216.0,3216.0,3216.0,1
TF,202607,2026-06-18 22:40:00,3216.0,3216.0,3216.0,3216.0,1
TF,202607,2026-06-18 23:15:00,3217.0,3217.0,3217.0,3217.0,1
TF,202607,2026-06-18 23:40:00,3204.0,3204.0,3204.0,3204.0,1
TF,202607,2026-06-19 00:38:00,3225.0,3225.0,3225.0,3225.0,2
TF,202607,2026-06-19 04:31:00,3225.0,3225.0,3225.0,3225.0,1
TF,202607,2026-06-19 04:49:00,3211.4,3211.4,3211.4,3211.4,1
TF,202608,2026-06-18 21:35:00,3208.0,3208.0,3208.0,3208.0,1
TGF,202606,2026-06-18 21:47:00,16000.0,16000.0,16000.0,16000.0,1
TGF,202606,2026-06-18 21:49:00,16001.5,16001.5,16001.5,16001.5,2
TGF,202606,2026-06-18 23:33:00,16020.5,16020.5,16020.5,16020.5,1
TGF,202606,2026-06-19 01:26:00,16255.0,16255.0,16255.0,16255.0,1
TGF,202606,2026-06-19 03:20:00,16150.0,16150.0,16150.0,16150.0,1
TGF,202608,2026-06-19 01:26:00,16400.0,16400.0,16380.0,16380.0,2
TGF,202608,2026-06-19 01:27:00,16375.0,16375.0,16375.0,16375.0,1
TGF,202608,2026-06-19 03:20:00,16300.0,16300.0,16300.0,16300.0,1
TJF,202607,2026-06-18 18:47:00,4088.0,4088.0,4088.0,4088.0,1
TJF,202607,2026-06-18 19:08:00,4083.25,4083.25,4083.25,4083.25,1
TJF,202607,2026-06-18 19:45:00,4081.5,4081.5,4081.5,4081.5,1
TJF,202607,2026-06-18 20:45:00,4094.5,4094.5,4094.5,4094.5,1
TJF,202607,2026-06-18 21:04:00,4096.75,4096.75,4096.75,4096.75,11
TJF,202607,2026-06-18 21:12:00,4096.75,4096.75,4096.75,4096.75,11
TJF,202607,2026-06-18 21:20:00,4096.0,4096.0,4096.0,4096.0,1
TJF,202607,2026-06-18 21:30:00,4101.25,4101.25,4101.25,4101.25,1
TJF,202607,2026-06-18 21:53:00,4098.5,4098.5,4098.5,4098.5,11
TJF,202607,2026-06-18 22:15:00,4092.75,4092.75,4092.75,4092.75,1
TJF,202607,2026-06-18 22:23:00,4099.25,4099.25,4099.25,4099.25,1
TJF,202607,2026-06-18 22:38:00,4095.25,4095.25,4095.25,4095.25,1
TJF,202607,2026-06-18 23:21:00,4098.25,4098.25,4098.25,4098.25,1
TJF,202607,2026-06-18 23:27:00,4100.0,4100.0,4100.0,4100.0,1
TJF,202607,2026-06-19 00:52:00,4103.0,4103.0,4103.0,4103.0,1
TJF,202608,2026-06-18 21:04:00,4097.25,4097.25,4097.25,4097.25,11
TJF,202608,2026-06-18 21:21:00,4097.25,4097.25,4097.25,4097.25,1
TJF,202608,2026-06-18 21:32:00,4098.75,4098.75,4098.75,4098.75,11
TJF,202608,2026-06-18 21:53:00,4099.0,4099.0,4099.0,4099.0,11
TJF,202608,2026-06-18 22:48:00,4092.0,4092.0,4092.0,4092.0,1
TJF,202608,2026-06-19 00:04:00,4104.75,4104.75,4104.75,4104.75,1
TJF,202608,2026-06-19 00:08:00,4105.0,4105.0,4105.0,4105.0,1
TMF,202607,2026-06-18 15:00:00,46770.0,46812.0,46742.0,46780.0,1721
TMF,202607,2026-06-18 15:01:00,46780.0,46806.0,46765.0,46777.0,658
TMF,202607,2026-06-18 15:02:00,46776.0,46829.0,46767.0,46816.0,612
TMF,202607,2026-06-18 15:03:00,46817.0,46823.0,46804.0,46806.0,501
TMF,202607,2026-06-18 15:04:00,46807.0,46837.0,46801.0,46822.0,452
TMF,202607,2026-06-18 15:05:00,46824.0,46839.0,46814.0,46835.0,428
TMF,202607,2026-06-18 15:06:00,46835.0,46868.0,46829.0,46859.0,837
TMF,202607,2026-06-18 15:07:00,46855.0,46860.0,46840.0,46848.0,377
TMF,202607,2026-06-18 15:08:00,46847.0,46853.0,46827.0,46843.0,442
TMF,202607,2026-06-18 15:09:00,46843.0,46870.0,46836.0,46865.0,398
TMF,202607,2026-06-18 15:10:00,46865.0,46870.0,46835.0,46843.0,293
TMF,202607,2026-06-18 15:11:00,46846.0,46852.0,46835.0,46851.0,224
TMF,202607,2026-06-18 15:12:00,46849.0,46856.0,46817.0,46817.0,384
TMF,202607,2026-06-18 15:13:00,46819.0,46824.0,46797.0,46798.0,513
TMF,202607,2026-06-18 15:14:00,46802.0,46808.0,46790.0,46807.0,345
TMF,202607,2026-06-18 15:15:00,46807.0,46822.0,46807.0,46818.0,270
TMF,202607,2026-06-18 15:16:00,46820.0,46822.0,46796.0,46796.0,273
TMF,202607,2026-06-18 15:17:00,46800.0,46801.0,46770.0,46777.0,338
TMF,202607,2026-06-18 15:18:00,46772.0,46804.0,46772.0,46803.0,310
TMF,202607,2026-06-18 15:19:00,46803.0,46814.0,46794.0,46794.0,244
TMF,202607,2026-06-18 15:20:00,46795.0,46804.0,46773.0,46781.0,232
TMF,202607,2026-06-18 15:21:00,46783.0,46790.0,46772.0,46776.0,190
TMF,202607,2026-06-18 15:22:00,46780.0,46792.0,46773.0,46783.0,365
TMF,202607,2026-06-18 15:23:00,46785.0,46814.0,46781.0,46814.0,230
TMF,202607,2026-06-18 15:24:00,46815.0,46822.0,46807.0,46817.0,232
TMF,202607,2026-06-18 15:25:00,46819.0,46835.0,46815.0,46822.0,340
TMF,202607,2026-06-18 15:26:00,46822.0,46846.0,46822.0,46844.0,299
TMF,202607,2026-06-18 15:27:00,46843.0,46847.0,46836.0,46841.0,164
TMF,202607,2026-06-18 15:28:00,46842.0,46852.0,46838.0,46841.0,242
TMF,202607,2026-06-18 15:29:00,46842.0,46847.0,46834.0,46837.0,151
TMF,202607,2026-06-18 15:30:00,46835.0,46837.0,46795.0,46800.0,423
TMF,202607,2026-06-18 15:31:00,46800.0,46807.0,46797.0,46798.0,186
TMF,202607,2026-06-18 15:32:00,46799.0,46806.0,46793.0,46800.0,168
TMF,202607,2026-06-18 15:33:00,46800.0,46808.0,46788.0,46801.0,201
TMF,202607,2026-06-18 15:34:00,46799.0,46820.0,46795.0,46817.0,150
TMF,202607,2026-06-18 15:35:00,46820.0,46825.0,46803.0,46812.0,98
TMF,202607,2026-06-18 15:36:00,46808.0,46835.0,46807.0,46833.0,149
TMF,202607,2026-06-18 15:37:00,46832.0,46840.0,46829.0,46833.0,180
TMF,202607,2026-06-18 15:38:00,46832.0,46832.0,46813.0,46827.0,127
TMF,202607,2026-06-18 15:39:00,46825.0,46833.0,46812.0,46828.0,91
TMF,202607,2026-06-18 15:40:00,46831.0,46838.0,46821.0,46824.0,101
TMF,202607,2026-06-18 15:41:00,46822.0,46828.0,46818.0,46828.0,69
TMF,202607,2026-06-18 15:42:00,46827.0,46828.0,46807.0,46820.0,112
TMF,202607,2026-06-18 15:43:00,46815.0,46820.0,46808.0,46810.0,90
TMF,202607,2026-06-18 15:44:00,46808.0,46824.0,46805.0,46824.0,121
TMF,202607,2026-06-18 15:45:00,46816.0,46821.0,46811.0,46818.0,55
TMF,202607,2026-06-18 15:46:00,46818.0,46823.0,46810.0,46813.0,70
TMF,202607,2026-06-18 15:47:00,46812.0,46815.0,46796.0,46808.0,194
TMF,202607,2026-06-18 15:48:00,46807.0,46810.0,46790.0,46797.0,174
TMF,202607,2026-06-18 15:49:00,46798.0,46811.0,46796.0,46808.0,75
TMF,202607,2026-06-18 15:50:00,46807.0,46817.0,46803.0,46817.0,87
TMF,202607,2026-06-18 15:51:00,46817.0,46819.0,46802.0,46805.0,74
TMF,202607,2026-06-18 15:52:00,46805.0,46824.0,46802.0,46822.0,101
TMF,202607,2026-06-18 15:53:00,46822.0,46830.0,46814.0,46824.0,102
TMF,202607,2026-06-18 15:54:00,46821.0,46825.0,46815.0,46824.0,59
TMF,202607,2026-06-18 15:55:00,46820.0,46822.0,46811.0,46822.0,58
TMF,202607,2026-06-18 15:56:00,46822.0,46833.0,46819.0,46830.0,143
TMF,202607,2026-06-18 15:57:00,46830.0,46831.0,46824.0,46830.0,84
TMF,202607,2026-06-18 15:58:00,46829.0,46868.0,46825.0,46866.0,540
TMF,202607,2026-06-18 15:59:00,46867.0,46885.0,46862.0,46885.0,694
TMF,202607,2026-06-18 16:00:00,46885.0,46930.0,46871.0,46919.0,1420
TMF,202607,2026-06-18 16:01:00,46919.0,46930.0,46902.0,46926.0,536
TMF,202607,2026-06-18 16:02:00,46925.0,46936.0,46921.0,46933.0,491
TMF,202607,2026-06-18 16:03:00,46930.0,46933.0,46890.0,46898.0,441
TMF,202607,2026-06-18 16:04:00,46896.0,46909.0,46891.0,46899.0,239
TMF,202607,2026-06-18 16:05:00,46900.0,46936.0,46891.0,46928.0,399
TMF,202607,2026-06-18 16:06:00,46927.0,46927.0,46902.0,46912.0,201
TMF,202607,2026-06-18 16:07:00,46913.0,46978.0,46911.0,46967.0,966
TMF,202607,2026-06-18 16:08:00,46966.0,46975.0,46955.0,46973.0,520
TMF,202607,2026-06-18 16:09:00,46973.0,46988.0,46967.0,46983.0,527
TMF,202607,2026-06-18 16:10:00,46983.0,46986.0,46965.0,46966.0,354
TMF,202607,2026-06-18 16:11:00,46967.0,46968.0,46955.0,46960.0,305
TMF,202607,2026-06-18 16:12:00,46960.0,46962.0,46940.0,46949.0,357
TMF,202607,2026-06-18 16:13:00,46947.0,46950.0,46926.0,46930.0,306
TMF,202607,2026-06-18 16:14:00,46929.0,46934.0,46912.0,46921.0,314
TMF,202607,2026-06-18 16:15:00,46921.0,46933.0,46911.0,46912.0,291
TMF,202607,2026-06-18 16:16:00,46913.0,46922.0,46911.0,46920.0,146
TMF,202607,2026-06-18 16:17:00,46919.0,46923.0,46910.0,46915.0,171
TMF,202607,2026-06-18 16:18:00,46914.0,46927.0,46903.0,46905.0,275
TMF,202607,2026-06-18 16:19:00,46907.0,46918.0,46900.0,46907.0,233
TMF,202607,2026-06-18 16:20:00,46908.0,46911.0,46892.0,46895.0,227
TMF,202607,2026-06-18 16:21:00,46893.0,46897.0,46861.0,46876.0,737
TMF,202607,2026-06-18 16:22:00,46877.0,46887.0,46866.0,46881.0,256
TMF,202607,2026-06-18 16:23:00,46881.0,46888.0,46869.0,46871.0,221
TMF,202607,2026-06-18 16:24:00,46873.0,46880.0,46866.0,46880.0,147
TMF,202607,2026-06-18 16:25:00,46879.0,46889.0,46875.0,46876.0,216
TMF,202607,2026-06-18 16:26:00,46875.0,46884.0,46863.0,46881.0,171
TMF,202607,2026-06-18 16:27:00,46882.0,46889.0,46871.0,46889.0,133
TMF,202607,2026-06-18 16:28:00,46888.0,46895.0,46884.0,46887.0,180
TMF,202607,2026-06-18 16:29:00,46887.0,46890.0,46867.0,46873.0,197
TMF,202607,2026-06-18 16:30:00,46873.0,46890.0,46870.0,46889.0,150
TMF,202607,2026-06-18 16:31:00,46885.0,46885.0,46863.0,46872.0,139
TMF,202607,2026-06-18 16:32:00,46872.0,46892.0,46863.0,46878.0,177
TMF,202607,2026-06-18 16:33:00,46876.0,46904.0,46871.0,46890.0,233
TMF,202607,2026-06-18 16:34:00,46891.0,46898.0,46875.0,46881.0,165
TMF,202607,2026-06-18 16:35:00,46882.0,46885.0,46863.0,46871.0,202
TMF,202607,2026-06-18 16:36:00,46870.0,46892.0,46870.0,46889.0,88
TMF,202607,2026-06-18 16:37:00,46892.0,46898.0,46882.0,46894.0,131
TMF,202607,2026-06-18 16:38:00,46895.0,46906.0,46891.0,46903.0,152
TMF,202607,2026-06-18 16:39:00,46905.0,46920.0,46901.0,46914.0,274
TMF,202607,2026-06-18 16:40:00,46914.0,46915.0,46906.0,46910.0,142
TMF,202607,2026-06-18 16:41:00,46908.0,46927.0,46905.0,46925.0,193
TMF,202607,2026-06-18 16:42:00,46926.0,46926.0,46915.0,46924.0,157
TMF,202607,2026-06-18 16:43:00,46923.0,46926.0,46906.0,46910.0,173
TMF,202607,2026-06-18 16:44:00,46912.0,46917.0,46896.0,46901.0,175
TMF,202607,2026-06-18 16:45:00,46900.0,46905.0,46896.0,46896.0,81
TMF,202607,2026-06-18 16:46:00,46895.0,46900.0,46884.0,46896.0,141
TMF,202607,2026-06-18 16:47:00,46893.0,46903.0,46875.0,46876.0,171
TMF,202607,2026-06-18 16:48:00,46879.0,46898.0,46879.0,46898.0,90
TMF,202607,2026-06-18 16:49:00,46898.0,46917.0,46891.0,46910.0,121
TMF,202607,2026-06-18 16:50:00,46909.0,46910.0,46897.0,46898.0,73
TMF,202607,2026-06-18 16:51:00,46898.0,46898.0,46885.0,46885.0,63
TMF,202607,2026-06-18 16:52:00,46886.0,46892.0,46850.0,46853.0,461
TMF,202607,2026-06-18 16:53:00,46855.0,46871.0,46853.0,46856.0,226
TMF,202607,2026-06-18 16:54:00,46855.0,46867.0,46852.0,46860.0,202
TMF,202607,2026-06-18 16:55:00,46860.0,46869.0,46845.0,46847.0,336
TMF,202607,2026-06-18 16:56:00,46847.0,46856.0,46802.0,46802.0,588
TMF,202607,2026-06-18 16:57:00,46804.0,46814.0,46781.0,46808.0,870
TMF,202607,2026-06-18 16:58:00,46809.0,46821.0,46801.0,46819.0,445
TMF,202607,2026-06-18 16:59:00,46820.0,46825.0,46811.0,46824.0,181
TMF,202607,2026-06-18 17:00:00,46821.0,46828.0,46778.0,46792.0,869
TMF,202607,2026-06-18 17:01:00,46795.0,46806.0,46786.0,46801.0,319
TMF,202607,2026-06-18 17:02:00,46799.0,46827.0,46798.0,46827.0,297
TMF,202607,2026-06-18 17:03:00,46828.0,46845.0,46823.0,46836.0,298
TMF,202607,2026-06-18 17:04:00,46835.0,46848.0,46834.0,46848.0,190
TMF,202607,2026-06-18 17:05:00,46846.0,46855.0,46836.0,46855.0,220
TMF,202607,2026-06-18 17:06:00,46855.0,46855.0,46840.0,46843.0,186
TMF,202607,2026-06-18 17:07:00,46843.0,46882.0,46843.0,46875.0,521
TMF,202607,2026-06-18 17:08:00,46876.0,46880.0,46862.0,46863.0,238
TMF,202607,2026-06-18 17:09:00,46865.0,46876.0,46852.0,46855.0,152
TMF,202607,2026-06-18 17:10:00,46851.0,46854.0,46826.0,46826.0,257
TMF,202607,2026-06-18 17:11:00,46827.0,46831.0,46810.0,46815.0,257
TMF,202607,2026-06-18 17:12:00,46812.0,46818.0,46800.0,46809.0,234
TMF,202607,2026-06-18 17:13:00,46808.0,46845.0,46808.0,46841.0,212
TMF,202607,2026-06-18 17:14:00,46841.0,46842.0,46820.0,46827.0,130
TMF,202607,2026-06-18 17:15:00,46826.0,46862.0,46826.0,46853.0,213
TMF,202607,2026-06-18 17:16:00,46858.0,46858.0,46830.0,46836.0,155
TMF,202607,2026-06-18 17:17:00,46832.0,46854.0,46830.0,46846.0,53
TMF,202607,2026-06-18 17:18:00,46846.0,46849.0,46824.0,46836.0,103
TMF,202607,2026-06-18 17:19:00,46836.0,46837.0,46829.0,46829.0,73
TMF,202607,2026-06-18 17:20:00,46828.0,46840.0,46820.0,46825.0,102
TMF,202607,2026-06-18 17:21:00,46828.0,46846.0,46827.0,46844.0,52
TMF,202607,2026-06-18 17:22:00,46845.0,46863.0,46845.0,46855.0,230
TMF,202607,2026-06-18 17:23:00,46855.0,46858.0,46833.0,46839.0,101
TMF,202607,2026-06-18 17:24:00,46835.0,46843.0,46822.0,46835.0,95
TMF,202607,2026-06-18 17:25:00,46834.0,46856.0,46834.0,46850.0,85
TMF,202607,2026-06-18 17:26:00,46850.0,46852.0,46832.0,46837.0,79
TMF,202607,2026-06-18 17:27:00,46840.0,46843.0,46836.0,46841.0,27
TMF,202607,2026-06-18 17:28:00,46840.0,46850.0,46840.0,46842.0,39
TMF,202607,2026-06-18 17:29:00,46840.0,46846.0,46836.0,46837.0,44
TMF,202607,2026-06-18 17:30:00,46837.0,46850.0,46828.0,46830.0,175
TMF,202607,2026-06-18 17:31:00,46828.0,46831.0,46820.0,46821.0,115
TMF,202607,2026-06-18 17:32:00,46821.0,46838.0,46821.0,46838.0,62
TMF,202607,2026-06-18 17:33:00,46836.0,46845.0,46825.0,46825.0,77
TMF,202607,2026-06-18 17:34:00,46825.0,46834.0,46816.0,46816.0,94
TMF,202607,2026-06-18 17:35:00,46821.0,46832.0,46816.0,46827.0,70
TMF,202607,2026-06-18 17:36:00,46826.0,46834.0,46826.0,46826.0,64
TMF,202607,2026-06-18 17:37:00,46833.0,46861.0,46833.0,46858.0,211
TMF,202607,2026-06-18 17:38:00,46860.0,46872.0,46860.0,46868.0,239
TMF,202607,2026-06-18 17:39:00,46870.0,46886.0,46870.0,46886.0,258
TMF,202607,2026-06-18 17:40:00,46886.0,46887.0,46871.0,46879.0,150
TMF,202607,2026-06-18 17:41:00,46880.0,46881.0,46873.0,46878.0,100
TMF,202607,2026-06-18 17:42:00,46881.0,46882.0,46872.0,46876.0,68
TMF,202607,2026-06-18 17:43:00,46878.0,46886.0,46866.0,46886.0,129
TMF,202607,2026-06-18 17:44:00,46884.0,46891.0,46880.0,46880.0,165
TMF,202607,2026-06-18 17:45:00,46880.0,46886.0,46878.0,46880.0,72
TMF,202607,2026-06-18 17:46:00,46880.0,46885.0,46874.0,46879.0,95
TMF,202607,2026-06-18 17:47:00,46876.0,46887.0,46873.0,46877.0,142
TMF,202607,2026-06-18 17:48:00,46876.0,46885.0,46874.0,46883.0,54
TMF,202607,2026-06-18 17:49:00,46884.0,46899.0,46882.0,46894.0,192
TMF,202607,2026-06-18 17:50:00,46893.0,46909.0,46890.0,46909.0,265
TMF,202607,2026-06-18 17:51:00,46909.0,46930.0,46905.0,46920.0,452
TMF,202607,2026-06-18 17:52:00,46917.0,46920.0,46905.0,46905.0,160
TMF,202607,2026-06-18 17:53:00,46904.0,46911.0,46900.0,46906.0,148
TMF,202607,2026-06-18 17:54:00,46906.0,46910.0,46895.0,46908.0,108
TMF,202607,2026-06-18 17:55:00,46902.0,46922.0,46901.0,46917.0,118
TMF,202607,2026-06-18 17:56:00,46914.0,46938.0,46910.0,46930.0,250
TMF,202607,2026-06-18 17:57:00,46930.0,46932.0,46922.0,46927.0,142
TMF,202607,2026-06-18 17:58:00,46928.0,46932.0,46920.0,46925.0,140
TMF,202607,2026-06-18 17:59:00,46925.0,46928.0,46915.0,46925.0,104
TMF,202607,2026-06-18 18:00:00,46925.0,46926.0,46910.0,46910.0,142
TMF,202607,2026-06-18 18:01:00,46911.0,46922.0,46905.0,46915.0,122
TMF,202607,2026-06-18 18:02:00,46915.0,46916.0,46901.0,46902.0,100
TMF,202607,2026-06-18 18:03:00,46902.0,46915.0,46902.0,46914.0,86
TMF,202607,2026-06-18 18:04:00,46916.0,46919.0,46903.0,46911.0,73
TMF,202607,2026-06-18 18:05:00,46910.0,46926.0,46906.0,46918.0,122
TMF,202607,2026-06-18 18:06:00,46921.0,46921.0,46901.0,46912.0,100
TMF,202607,2026-06-18 18:07:00,46908.0,46912.0,46902.0,46902.0,44
TMF,202607,2026-06-18 18:08:00,46903.0,46905.0,46885.0,46888.0,191
TMF,202607,2026-06-18 18:09:00,46888.0,46895.0,46883.0,46888.0,135
TMF,202607,2026-06-18 18:10:00,46890.0,46895.0,46886.0,46889.0,60
TMF,202607,2026-06-18 18:11:00,46886.0,46888.0,46879.0,46883.0,132
TMF,202607,2026-06-18 18:12:00,46882.0,46892.0,46882.0,46887.0,40
TMF,202607,2026-06-18 18:13:00,46889.0,46910.0,46888.0,46905.0,111
TMF,202607,2026-06-18 18:14:00,46908.0,46919.0,46905.0,46914.0,109
TMF,202607,2026-06-18 18:15:00,46914.0,46920.0,46912.0,46915.0,103
TMF,202607,2026-06-18 18:16:00,46915.0,46918.0,46912.0,46912.0,55
TMF,202607,2026-06-18 18:17:00,46914.0,46915.0,46905.0,46905.0,46
TMF,202607,2026-06-18 18:18:00,46906.0,46907.0,46898.0,46905.0,68
TMF,202607,2026-06-18 18:19:00,46905.0,46912.0,46902.0,46905.0,61
TMF,202607,2026-06-18 18:20:00,46908.0,46913.0,46902.0,46908.0,38
TMF,202607,2026-06-18 18:21:00,46906.0,46911.0,46902.0,46905.0,29
TMF,202607,2026-06-18 18:22:00,46906.0,46908.0,46895.0,46897.0,46
TMF,202607,2026-06-18 18:23:00,46895.0,46897.0,46890.0,46895.0,65
TMF,202607,2026-06-18 18:24:00,46895.0,46899.0,46887.0,46897.0,94
TMF,202607,2026-06-18 18:25:00,46893.0,46910.0,46893.0,46905.0,79
TMF,202607,2026-06-18 18:26:00,46909.0,46909.0,46901.0,46902.0,36
TMF,202607,2026-06-18 18:27:00,46901.0,46904.0,46891.0,46893.0,47
TMF,202607,2026-06-18 18:28:00,46892.0,46900.0,46891.0,46895.0,30
TMF,202607,2026-06-18 18:29:00,46893.0,46908.0,46891.0,46902.0,65
TMF,202607,2026-06-18 18:30:00,46903.0,46920.0,46903.0,46907.0,115
TMF,202607,2026-06-18 18:31:00,46910.0,46915.0,46904.0,46905.0,53
TMF,202607,2026-06-18 18:32:00,46907.0,46909.0,46900.0,46900.0,46
TMF,202607,2026-06-18 18:33:00,46899.0,46899.0,46856.0,46865.0,367
TMF,202607,2026-06-18 18:34:00,46865.0,46883.0,46864.0,46873.0,129
TMF,202607,2026-06-18 18:35:00,46875.0,46879.0,46866.0,46874.0,126
TMF,202607,2026-06-18 18:36:00,46873.0,46874.0,46853.0,46856.0,153
TMF,202607,2026-06-18 18:37:00,46856.0,46860.0,46845.0,46845.0,230
TMF,202607,2026-06-18 18:38:00,46851.0,46865.0,46851.0,46860.0,132
TMF,202607,2026-06-18 18:39:00,46862.0,46862.0,46853.0,46861.0,67
TMF,202607,2026-06-18 18:40:00,46857.0,46865.0,46856.0,46863.0,86
TMF,202607,2026-06-18 18:41:00,46864.0,46870.0,46853.0,46854.0,144
TMF,202607,2026-06-18 18:42:00,46856.0,46860.0,46840.0,46840.0,156
TMF,202607,2026-06-18 18:43:00,46850.0,46850.0,46816.0,46833.0,358
TMF,202607,2026-06-18 18:44:00,46832.0,46838.0,46814.0,46816.0,230
TMF,202607,2026-06-18 18:45:00,46817.0,46829.0,46809.0,46826.0,221
TMF,202607,2026-06-18 18:46:00,46826.0,46826.0,46797.0,46810.0,557
TMF,202607,2026-06-18 18:47:00,46812.0,46825.0,46810.0,46818.0,190
TMF,202607,2026-06-18 18:48:00,46819.0,46828.0,46812.0,46820.0,213
TMF,202607,2026-06-18 18:49:00,46820.0,46833.0,46817.0,46824.0,156
TMF,202607,2026-06-18 18:50:00,46826.0,46833.0,46823.0,46828.0,117
TMF,202607,2026-06-18 18:51:00,46828.0,46839.0,46825.0,46834.0,180
TMF,202607,2026-06-18 18:52:00,46832.0,46832.0,46825.0,46832.0,102
TMF,202607,2026-06-18 18:53:00,46832.0,46833.0,46821.0,46829.0,106
TMF,202607,2026-06-18 18:54:00,46827.0,46829.0,46818.0,46820.0,106
TMF,202607,2026-06-18 18:55:00,46820.0,46830.0,46820.0,46825.0,88
TMF,202607,2026-06-18 18:56:00,46830.0,46837.0,46827.0,46835.0,89
TMF,202607,2026-06-18 18:57:00,46835.0,46844.0,46830.0,46833.0,141
TMF,202607,2026-06-18 18:58:00,46832.0,46842.0,46831.0,46837.0,106
TMF,202607,2026-06-18 18:59:00,46837.0,46848.0,46834.0,46839.0,138
TMF,202607,2026-06-18 19:00:00,46840.0,46861.0,46835.0,46849.0,319
TMF,202607,2026-06-18 19:01:00,46844.0,46859.0,46840.0,46859.0,78
TMF,202607,2026-06-18 19:02:00,46859.0,46859.0,46846.0,46853.0,92
TMF,202607,2026-06-18 19:03:00,46853.0,46863.0,46847.0,46863.0,102
TMF,202607,2026-06-18 19:04:00,46862.0,46863.0,46847.0,46850.0,79
TMF,202607,2026-06-18 19:05:00,46848.0,46854.0,46818.0,46823.0,243
TMF,202607,2026-06-18 19:06:00,46824.0,46827.0,46801.0,46805.0,351
TMF,202607,2026-06-18 19:07:00,46810.0,46830.0,46808.0,46824.0,141
TMF,202607,2026-06-18 19:08:00,46823.0,46831.0,46820.0,46822.0,67
TMF,202607,2026-06-18 19:09:00,46826.0,46826.0,46780.0,46796.0,530
TMF,202607,2026-06-18 19:10:00,46792.0,46803.0,46788.0,46788.0,221
TMF,202607,2026-06-18 19:11:00,46790.0,46794.0,46779.0,46790.0,308
TMF,202607,2026-06-18 19:12:00,46788.0,46809.0,46788.0,46800.0,178
TMF,202607,2026-06-18 19:13:00,46803.0,46805.0,46786.0,46791.0,130
TMF,202607,2026-06-18 19:14:00,46791.0,46814.0,46789.0,46810.0,142
TMF,202607,2026-06-18 19:15:00,46814.0,46815.0,46795.0,46805.0,186
TMF,202607,2026-06-18 19:16:00,46804.0,46810.0,46793.0,46810.0,121
TMF,202607,2026-06-18 19:17:00,46809.0,46809.0,46790.0,46800.0,91
TMF,202607,2026-06-18 19:18:00,46795.0,46797.0,46783.0,46793.0,129
TMF,202607,2026-06-18 19:19:00,46794.0,46794.0,46780.0,46789.0,163
TMF,202607,2026-06-18 19:20:00,46785.0,46805.0,46782.0,46804.0,177
TMF,202607,2026-06-18 19:21:00,46800.0,46800.0,46779.0,46790.0,142
TMF,202607,2026-06-18 19:22:00,46790.0,46800.0,46788.0,46793.0,99
TMF,202607,2026-06-18 19:23:00,46794.0,46800.0,46790.0,46793.0,99
TMF,202607,2026-06-18 19:24:00,46793.0,46806.0,46788.0,46806.0,130
TMF,202607,2026-06-18 19:25:00,46807.0,46834.0,46805.0,46828.0,300
TMF,202607,2026-06-18 19:26:00,46828.0,46833.0,46824.0,46829.0,152
TMF,202607,2026-06-18 19:27:00,46829.0,46837.0,46820.0,46824.0,173
TMF,202607,2026-06-18 19:28:00,46823.0,46830.0,46811.0,46811.0,93
TMF,202607,2026-06-18 19:29:00,46811.0,46826.0,46811.0,46826.0,48
TMF,202607,2026-06-18 19:30:00,46826.0,46829.0,46815.0,46822.0,75
TMF,202607,2026-06-18 19:31:00,46818.0,46840.0,46817.0,46839.0,175
TMF,202607,2026-06-18 19:32:00,46837.0,46841.0,46825.0,46833.0,130
TMF,202607,2026-06-18 19:33:00,46834.0,46834.0,46801.0,46808.0,156
TMF,202607,2026-06-18 19:34:00,46807.0,46819.0,46797.0,46809.0,118
TMF,202607,2026-06-18 19:35:00,46809.0,46820.0,46801.0,46801.0,65
TMF,202607,2026-06-18 19:36:00,46803.0,46804.0,46797.0,46801.0,63
TMF,202607,2026-06-18 19:37:00,46801.0,46804.0,46785.0,46793.0,196
TMF,202607,2026-06-18 19:38:00,46791.0,46792.0,46735.0,46767.0,1340
TMF,202607,2026-06-18 19:39:00,46763.0,46766.0,46750.0,46753.0,267
TMF,202607,2026-06-18 19:40:00,46755.0,46760.0,46731.0,46744.0,524
TMF,202607,2026-06-18 19:41:00,46742.0,46757.0,46736.0,46752.0,316
TMF,202607,2026-06-18 19:42:00,46757.0,46768.0,46753.0,46757.0,308
TMF,202607,2026-06-18 19:43:00,46757.0,46786.0,46755.0,46786.0,271
TMF,202607,2026-06-18 19:44:00,46785.0,46800.0,46782.0,46790.0,297
TMF,202607,2026-06-18 19:45:00,46789.0,46796.0,46785.0,46789.0,120
TMF,202607,2026-06-18 19:46:00,46789.0,46794.0,46778.0,46784.0,108
TMF,202607,2026-06-18 19:47:00,46781.0,46785.0,46762.0,46764.0,226
TMF,202607,2026-06-18 19:48:00,46765.0,46776.0,46763.0,46770.0,90
TMF,202607,2026-06-18 19:49:00,46769.0,46770.0,46760.0,46765.0,100
TMF,202607,2026-06-18 19:50:00,46764.0,46780.0,46750.0,46780.0,214
TMF,202607,2026-06-18 19:51:00,46780.0,46800.0,46774.0,46795.0,297
TMF,202607,2026-06-18 19:52:00,46797.0,46815.0,46791.0,46811.0,280
TMF,202607,2026-06-18 19:53:00,46810.0,46824.0,46804.0,46816.0,229
TMF,202607,2026-06-18 19:54:00,46814.0,46817.0,46807.0,46810.0,89
TMF,202607,2026-06-18 19:55:00,46812.0,46813.0,46795.0,46804.0,130
TMF,202607,2026-06-18 19:56:00,46803.0,46807.0,46793.0,46800.0,81
TMF,202607,2026-06-18 19:57:00,46804.0,46813.0,46800.0,46811.0,95
TMF,202607,2026-06-18 19:58:00,46811.0,46824.0,46808.0,46823.0,166
TMF,202607,2026-06-18 19:59:00,46822.0,46832.0,46818.0,46832.0,167
TMF,202607,2026-06-18 20:00:00,46831.0,46833.0,46805.0,46820.0,193
TMF,202607,2026-06-18 20:01:00,46819.0,46822.0,46810.0,46818.0,106
TMF,202607,2026-06-18 20:02:00,46818.0,46819.0,46805.0,46807.0,99
TMF,202607,2026-06-18 20:03:00,46808.0,46835.0,46808.0,46833.0,187
TMF,202607,2026-06-18 20:04:00,46834.0,46839.0,46821.0,46830.0,157
TMF,202607,2026-06-18 20:05:00,46831.0,46833.0,46820.0,46826.0,121
TMF,202607,2026-06-18 20:06:00,46820.0,46832.0,46817.0,46831.0,69
TMF,202607,2026-06-18 20:07:00,46829.0,46832.0,46815.0,46830.0,76
TMF,202607,2026-06-18 20:08:00,46827.0,46845.0,46825.0,46830.0,220
TMF,202607,2026-06-18 20:09:00,46834.0,46834.0,46824.0,46826.0,49
TMF,202607,2026-06-18 20:10:00,46824.0,46856.0,46822.0,46852.0,347
TMF,202607,2026-06-18 20:11:00,46852.0,46860.0,46846.0,46854.0,202
TMF,202607,2026-06-18 20:12:00,46854.0,46859.0,46843.0,46855.0,155
TMF,202607,2026-06-18 20:13:00,46854.0,46865.0,46854.0,46861.0,195
TMF,202607,2026-06-18 20:14:00,46860.0,46868.0,46857.0,46865.0,132
TMF,202607,2026-06-18 20:15:00,46867.0,46875.0,46858.0,46860.0,277
TMF,202607,2026-06-18 20:16:00,46860.0,46860.0,46836.0,46845.0,227
TMF,202607,2026-06-18 20:17:00,46844.0,46852.0,46842.0,46846.0,95
TMF,202607,2026-06-18 20:18:00,46845.0,46855.0,46840.0,46848.0,84
TMF,202607,2026-06-18 20:19:00,46852.0,46860.0,46842.0,46853.0,108
TMF,202607,2026-06-18 20:20:00,46853.0,46885.0,46853.0,46880.0,316
TMF,202607,2026-06-18 20:21:00,46880.0,46885.0,46866.0,46881.0,191
TMF,202607,2026-06-18 20:22:00,46880.0,46891.0,46875.0,46877.0,314
TMF,202607,2026-06-18 20:23:00,46879.0,46879.0,46866.0,46866.0,113
TMF,202607,2026-06-18 20:24:00,46867.0,46888.0,46864.0,46888.0,140
TMF,202607,2026-06-18 20:25:00,46888.0,46895.0,46885.0,46889.0,206
TMF,202607,2026-06-18 20:26:00,46888.0,46890.0,46872.0,46882.0,107
TMF,202607,2026-06-18 20:27:00,46882.0,46883.0,46870.0,46870.0,59
TMF,202607,2026-06-18 20:28:00,46870.0,46877.0,46870.0,46870.0,69
TMF,202607,2026-06-18 20:29:00,46872.0,46886.0,46861.0,46876.0,196
TMF,202607,2026-06-18 20:30:00,46875.0,46893.0,46872.0,46890.0,208
TMF,202607,2026-06-18 20:31:00,46890.0,46906.0,46885.0,46898.0,401
TMF,202607,2026-06-18 20:32:00,46898.0,46903.0,46887.0,46890.0,157
TMF,202607,2026-06-18 20:33:00,46890.0,46897.0,46880.0,46880.0,132
TMF,202607,2026-06-18 20:34:00,46880.0,46886.0,46875.0,46882.0,130
TMF,202607,2026-06-18 20:35:00,46882.0,46904.0,46879.0,46904.0,173
TMF,202607,2026-06-18 20:36:00,46903.0,46925.0,46899.0,46910.0,539
TMF,202607,2026-06-18 20:37:00,46914.0,46916.0,46900.0,46906.0,166
TMF,202607,2026-06-18 20:38:00,46908.0,46911.0,46890.0,46903.0,154
TMF,202607,2026-06-18 20:39:00,46900.0,46901.0,46891.0,46892.0,93
TMF,202607,2026-06-18 20:40:00,46894.0,46900.0,46893.0,46898.0,104
TMF,202607,2026-06-18 20:41:00,46898.0,46902.0,46892.0,46898.0,111
TMF,202607,2026-06-18 20:42:00,46896.0,46923.0,46895.0,46923.0,300
TMF,202607,2026-06-18 20:43:00,46922.0,46922.0,46899.0,46905.0,146
TMF,202607,2026-06-18 20:44:00,46907.0,46908.0,46893.0,46896.0,134
TMF,202607,2026-06-18 20:45:00,46898.0,46914.0,46896.0,46907.0,113
TMF,202607,2026-06-18 20:46:00,46903.0,46915.0,46901.0,46910.0,112
TMF,202607,2026-06-18 20:47:00,46913.0,46914.0,46904.0,46904.0,44
TMF,202607,2026-06-18 20:48:00,46904.0,46914.0,46893.0,46894.0,150
TMF,202607,2026-06-18 20:49:00,46893.0,46910.0,46888.0,46905.0,218
TMF,202607,2026-06-18 20:50:00,46904.0,46905.0,46889.0,46891.0,117
TMF,202607,2026-06-18 20:51:00,46892.0,46894.0,46882.0,46889.0,188
TMF,202607,2026-06-18 20:52:00,46890.0,46895.0,46875.0,46879.0,240
TMF,202607,2026-06-18 20:53:00,46879.0,46890.0,46876.0,46888.0,125
TMF,202607,2026-06-18 20:54:00,46890.0,46894.0,46881.0,46894.0,90
TMF,202607,2026-06-18 20:55:00,46894.0,46914.0,46894.0,46902.0,209
TMF,202607,2026-06-18 20:56:00,46903.0,46910.0,46901.0,46908.0,107
TMF,202607,2026-06-18 20:57:00,46907.0,46973.0,46907.0,46968.0,1283
TMF,202607,2026-06-18 20:58:00,46969.0,46969.0,46944.0,46951.0,440
TMF,202607,2026-06-18 20:59:00,46951.0,46953.0,46936.0,46944.0,287
TMF,202607,2026-06-18 21:00:00,46944.0,46950.0,46935.0,46941.0,215
TMF,202607,2026-06-18 21:01:00,46943.0,46943.0,46912.0,46914.0,265
TMF,202607,2026-06-18 21:02:00,46917.0,46928.0,46913.0,46926.0,199
TMF,202607,2026-06-18 21:03:00,46927.0,46932.0,46911.0,46912.0,168
TMF,202607,2026-06-18 21:04:00,46913.0,46919.0,46901.0,46906.0,189
TMF,202607,2026-06-18 21:05:00,46908.0,46913.0,46901.0,46911.0,167
TMF,202607,2026-06-18 21:06:00,46910.0,46929.0,46901.0,46912.0,184
TMF,202607,2026-06-18 21:07:00,46913.0,46920.0,46908.0,46912.0,95
TMF,202607,2026-06-18 21:08:00,46912.0,46922.0,46908.0,46922.0,127
TMF,202607,2026-06-18 21:09:00,46922.0,46935.0,46920.0,46923.0,200
TMF,202607,2026-06-18 21:10:00,46923.0,46939.0,46915.0,46939.0,170
TMF,202607,2026-06-18 21:11:00,46938.0,46948.0,46929.0,46944.0,202
TMF,202607,2026-06-18 21:12:00,46943.0,46945.0,46928.0,46937.0,92
TMF,202607,2026-06-18 21:13:00,46935.0,46941.0,46935.0,46937.0,78
TMF,202607,2026-06-18 21:14:00,46937.0,46937.0,46925.0,46933.0,92
TMF,202607,2026-06-18 21:15:00,46934.0,46946.0,46930.0,46939.0,171
TMF,202607,2026-06-18 21:16:00,46937.0,46944.0,46936.0,46944.0,68
TMF,202607,2026-06-18 21:17:00,46941.0,46950.0,46937.0,46942.0,188
TMF,202607,2026-06-18 21:18:00,46944.0,46960.0,46939.0,46955.0,229
TMF,202607,2026-06-18 21:19:00,46955.0,46955.0,46943.0,46943.0,119
TMF,202607,2026-06-18 21:20:00,46943.0,46953.0,46940.0,46947.0,89
TMF,202607,2026-06-18 21:21:00,46948.0,46960.0,46940.0,46944.0,170
TMF,202607,2026-06-18 21:22:00,46945.0,46950.0,46940.0,46946.0,87
TMF,202607,2026-06-18 21:23:00,46945.0,46959.0,46937.0,46949.0,116
TMF,202607,2026-06-18 21:24:00,46953.0,46953.0,46921.0,46925.0,192
TMF,202607,2026-06-18 21:25:00,46929.0,46955.0,46929.0,46936.0,238
TMF,202607,2026-06-18 21:26:00,46940.0,46963.0,46934.0,46950.0,202
TMF,202607,2026-06-18 21:27:00,46948.0,46976.0,46944.0,46973.0,292
TMF,202607,2026-06-18 21:28:00,46973.0,47018.0,46957.0,46995.0,2152
TMF,202607,2026-06-18 21:29:00,46993.0,46998.0,46972.0,46985.0,482
TMF,202607,2026-06-18 21:30:00,46983.0,47076.0,46960.0,47027.0,2435
TMF,202607,2026-06-18 21:31:00,47027.0,47085.0,47008.0,47084.0,1506
TMF,202607,2026-06-18 21:32:00,47085.0,47110.0,47069.0,47109.0,1601
TMF,202607,2026-06-18 21:33:00,47107.0,47139.0,47104.0,47108.0,1541
TMF,202607,2026-06-18 21:34:00,47110.0,47119.0,47056.0,47066.0,1339
TMF,202607,2026-06-18 21:35:00,47062.0,47107.0,47055.0,47090.0,958
TMF,202607,2026-06-18 21:36:00,47088.0,47112.0,47060.0,47064.0,927
TMF,202607,2026-06-18 21:37:00,47063.0,47099.0,47046.0,47087.0,867
TMF,202607,2026-06-18 21:38:00,47089.0,47114.0,47086.0,47097.0,712
TMF,202607,2026-06-18 21:39:00,47094.0,47128.0,47083.0,47117.0,900
TMF,202607,2026-06-18 21:40:00,47117.0,47134.0,47081.0,47122.0,837
TMF,202607,2026-06-18 21:41:00,47118.0,47139.0,47106.0,47124.0,665
TMF,202607,2026-06-18 21:42:00,47129.0,47150.0,47114.0,47144.0,803
TMF,202607,2026-06-18 21:43:00,47145.0,47148.0,47080.0,47088.0,1044
TMF,202607,2026-06-18 21:44:00,47091.0,47097.0,47055.0,47067.0,923
TMF,202607,2026-06-18 21:45:00,47067.0,47120.0,47065.0,47104.0,763
TMF,202607,2026-06-18 21:46:00,47101.0,47125.0,47084.0,47112.0,595
TMF,202607,2026-06-18 21:47:00,47112.0,47113.0,47084.0,47100.0,332
TMF,202607,2026-06-18 21:48:00,47098.0,47114.0,47083.0,47085.0,340
TMF,202607,2026-06-18 21:49:00,47089.0,47141.0,47087.0,47140.0,646
TMF,202607,2026-06-18 21:50:00,47139.0,47142.0,47108.0,47127.0,605
TMF,202607,2026-06-18 21:51:00,47128.0,47136.0,47111.0,47130.0,353
TMF,202607,2026-06-18 21:52:00,47126.0,47134.0,47114.0,47128.0,266
TMF,202607,2026-06-18 21:53:00,47130.0,47136.0,47125.0,47129.0,278
TMF,202607,2026-06-18 21:54:00,47128.0,47131.0,47084.0,47097.0,598
TMF,202607,2026-06-18 21:55:00,47100.0,47123.0,47086.0,47104.0,428
TMF,202607,2026-06-18 21:56:00,47110.0,47119.0,47095.0,47100.0,257
TMF,202607,2026-06-18 21:57:00,47103.0,47104.0,47068.0,47071.0,640
TMF,202607,2026-06-18 21:58:00,47070.0,47088.0,47064.0,47071.0,682
TMF,202607,2026-06-18 21:59:00,47069.0,47119.0,47060.0,47119.0,736
TMF,202607,2026-06-18 22:00:00,47117.0,47128.0,47090.0,47128.0,643
TMF,202607,2026-06-18 22:01:00,47127.0,47140.0,47112.0,47115.0,652
TMF,202607,2026-06-18 22:02:00,47116.0,47143.0,47115.0,47143.0,459
TMF,202607,2026-06-18 22:03:00,47143.0,47173.0,47135.0,47170.0,1369
TMF,202607,2026-06-18 22:04:00,47166.0,47173.0,47155.0,47158.0,582
TMF,202607,2026-06-18 22:05:00,47158.0,47160.0,47127.0,47140.0,598
TMF,202607,2026-06-18 22:06:00,47137.0,47175.0,47137.0,47168.0,757
TMF,202607,2026-06-18 22:07:00,47168.0,47180.0,47157.0,47175.0,529
TMF,202607,2026-06-18 22:08:00,47174.0,47175.0,47144.0,47166.0,383
TMF,202607,2026-06-18 22:09:00,47165.0,47186.0,47160.0,47170.0,476
TMF,202607,2026-06-18 22:10:00,47172.0,47177.0,47151.0,47156.0,475
TMF,202607,2026-06-18 22:11:00,47154.0,47160.0,47141.0,47150.0,465
TMF,202607,2026-06-18 22:12:00,47148.0,47159.0,47140.0,47146.0,401
TMF,202607,2026-06-18 22:13:00,47147.0,47157.0,47126.0,47130.0,442
TMF,202607,2026-06-18 22:14:00,47133.0,47149.0,47122.0,47149.0,340
TMF,202607,2026-06-18 22:15:00,47147.0,47154.0,47120.0,47132.0,463
TMF,202607,2026-06-18 22:16:00,47133.0,47172.0,47133.0,47172.0,550
TMF,202607,2026-06-18 22:17:00,47167.0,47179.0,47160.0,47179.0,337
TMF,202607,2026-06-18 22:18:00,47179.0,47194.0,47170.0,47188.0,500
TMF,202607,2026-06-18 22:19:00,47191.0,47208.0,47178.0,47198.0,945
TMF,202607,2026-06-18 22:20:00,47194.0,47200.0,47185.0,47193.0,564
TMF,202607,2026-06-18 22:21:00,47192.0,47211.0,47192.0,47203.0,554
TMF,202607,2026-06-18 22:22:00,47202.0,47219.0,47193.0,47219.0,518
TMF,202607,2026-06-18 22:23:00,47216.0,47257.0,47215.0,47255.0,1262
TMF,202607,2026-06-18 22:24:00,47255.0,47271.0,47252.0,47270.0,821
TMF,202607,2026-06-18 22:25:00,47269.0,47271.0,47250.0,47264.0,736
TMF,202607,2026-06-18 22:26:00,47265.0,47267.0,47235.0,47235.0,581
TMF,202607,2026-06-18 22:27:00,47237.0,47252.0,47232.0,47234.0,491
TMF,202607,2026-06-18 22:28:00,47234.0,47240.0,47211.0,47216.0,723
TMF,202607,2026-06-18 22:29:00,47215.0,47236.0,47208.0,47217.0,428
TMF,202607,2026-06-18 22:30:00,47215.0,47233.0,47186.0,47195.0,966
TMF,202607,2026-06-18 22:31:00,47196.0,47226.0,47194.0,47220.0,402
TMF,202607,2026-06-18 22:32:00,47219.0,47225.0,47186.0,47195.0,424
TMF,202607,2026-06-18 22:33:00,47194.0,47222.0,47189.0,47217.0,360
TMF,202607,2026-06-18 22:34:00,47216.0,47235.0,47212.0,47234.0,368
TMF,202607,2026-06-18 22:35:00,47232.0,47240.0,47221.0,47231.0,309
TMF,202607,2026-06-18 22:36:00,47230.0,47265.0,47224.0,47258.0,646
TMF,202607,2026-06-18 22:37:00,47255.0,47280.0,47250.0,47277.0,732
TMF,202607,2026-06-18 22:38:00,47275.0,47277.0,47254.0,47263.0,430
TMF,202607,2026-06-18 22:39:00,47262.0,47262.0,47247.0,47248.0,289
TMF,202607,2026-06-18 22:40:00,47249.0,47256.0,47241.0,47242.0,310
TMF,202607,2026-06-18 22:41:00,47242.0,47245.0,47226.0,47232.0,372
TMF,202607,2026-06-18 22:42:00,47232.0,47249.0,47230.0,47242.0,188
TMF,202607,2026-06-18 22:43:00,47243.0,47259.0,47236.0,47246.0,250
TMF,202607,2026-06-18 22:44:00,47246.0,47261.0,47242.0,47249.0,205
TMF,202607,2026-06-18 22:45:00,47248.0,47268.0,47247.0,47263.0,299
TMF,202607,2026-06-18 22:46:00,47265.0,47280.0,47262.0,47278.0,417
TMF,202607,2026-06-18 22:47:00,47278.0,47291.0,47268.0,47285.0,642
TMF,202607,2026-06-18 22:48:00,47282.0,47291.0,47276.0,47284.0,380
TMF,202607,2026-06-18 22:49:00,47286.0,47286.0,47273.0,47281.0,201
TMF,202607,2026-06-18 22:50:00,47282.0,47282.0,47260.0,47263.0,337
TMF,202607,2026-06-18 22:51:00,47263.0,47268.0,47250.0,47256.0,412
TMF,202607,2026-06-18 22:52:00,47260.0,47274.0,47256.0,47256.0,234
TMF,202607,2026-06-18 22:53:00,47256.0,47264.0,47250.0,47259.0,258
TMF,202607,2026-06-18 22:54:00,47259.0,47271.0,47256.0,47261.0,174
TMF,202607,2026-06-18 22:55:00,47263.0,47270.0,47254.0,47255.0,149
TMF,202607,2026-06-18 22:56:00,47254.0,47263.0,47238.0,47261.0,473
TMF,202607,2026-06-18 22:57:00,47263.0,47269.0,47257.0,47266.0,146
TMF,202607,2026-06-18 22:58:00,47270.0,47295.0,47267.0,47293.0,562
TMF,202607,2026-06-18 22:59:00,47292.0,47293.0,47259.0,47262.0,255
TMF,202607,2026-06-18 23:00:00,47260.0,47270.0,47242.0,47251.0,528
TMF,202607,2026-06-18 23:01:00,47250.0,47256.0,47240.0,47241.0,256
TMF,202607,2026-06-18 23:02:00,47240.0,47245.0,47225.0,47227.0,445
TMF,202607,2026-06-18 23:03:00,47227.0,47244.0,47225.0,47244.0,375
TMF,202607,2026-06-18 23:04:00,47241.0,47267.0,47240.0,47260.0,310
TMF,202607,2026-06-18 23:05:00,47257.0,47260.0,47241.0,47243.0,164
TMF,202607,2026-06-18 23:06:00,47245.0,47251.0,47233.0,47251.0,181
TMF,202607,2026-06-18 23:07:00,47250.0,47255.0,47236.0,47252.0,146
TMF,202607,2026-06-18 23:08:00,47252.0,47274.0,47248.0,47272.0,248
TMF,202607,2026-06-18 23:09:00,47270.0,47273.0,47255.0,47264.0,145
TMF,202607,2026-06-18 23:10:00,47263.0,47269.0,47250.0,47262.0,154
TMF,202607,2026-06-18 23:11:00,47265.0,47272.0,47260.0,47267.0,162
TMF,202607,2026-06-18 23:12:00,47266.0,47269.0,47256.0,47257.0,108
TMF,202607,2026-06-18 23:13:00,47260.0,47261.0,47245.0,47258.0,156
TMF,202607,2026-06-18 23:14:00,47259.0,47264.0,47229.0,47229.0,299
TMF,202607,2026-06-18 23:15:00,47229.0,47254.0,47229.0,47249.0,231
TMF,202607,2026-06-18 23:16:00,47249.0,47259.0,47244.0,47246.0,130
TMF,202607,2026-06-18 23:17:00,47244.0,47246.0,47230.0,47231.0,163
TMF,202607,2026-06-18 23:18:00,47234.0,47247.0,47231.0,47235.0,135
TMF,202607,2026-06-18 23:19:00,47233.0,47233.0,47207.0,47223.0,641
TMF,202607,2026-06-18 23:20:00,47223.0,47259.0,47219.0,47246.0,346
TMF,202607,2026-06-18 23:21:00,47244.0,47252.0,47238.0,47240.0,152
TMF,202607,2026-06-18 23:22:00,47241.0,47243.0,47220.0,47221.0,212
TMF,202607,2026-06-18 23:23:00,47222.0,47234.0,47206.0,47231.0,364
TMF,202607,2026-06-18 23:24:00,47228.0,47240.0,47211.0,47214.0,185
TMF,202607,2026-06-18 23:25:00,47217.0,47233.0,47215.0,47222.0,121
TMF,202607,2026-06-18 23:26:00,47230.0,47235.0,47220.0,47230.0,105
TMF,202607,2026-06-18 23:27:00,47228.0,47250.0,47225.0,47248.0,237
TMF,202607,2026-06-18 23:28:00,47249.0,47250.0,47215.0,47220.0,277
TMF,202607,2026-06-18 23:29:00,47218.0,47224.0,47191.0,47195.0,867
TMF,202607,2026-06-18 23:30:00,47199.0,47227.0,47196.0,47227.0,347
TMF,202607,2026-06-18 23:31:00,47227.0,47235.0,47219.0,47220.0,187
TMF,202607,2026-06-18 23:32:00,47218.0,47220.0,47195.0,47200.0,294
TMF,202607,2026-06-18 23:33:00,47202.0,47208.0,47182.0,47190.0,531
TMF,202607,2026-06-18 23:34:00,47194.0,47219.0,47194.0,47201.0,266
TMF,202607,2026-06-18 23:35:00,47201.0,47201.0,47172.0,47175.0,484
TMF,202607,2026-06-18 23:36:00,47176.0,47178.0,47154.0,47166.0,675
TMF,202607,2026-06-18 23:37:00,47169.0,47185.0,47156.0,47184.0,408
TMF,202607,2026-06-18 23:38:00,47185.0,47192.0,47140.0,47140.0,762
TMF,202607,2026-06-18 23:39:00,47140.0,47188.0,47139.0,47185.0,504
TMF,202607,2026-06-18 23:40:00,47184.0,47197.0,47172.0,47186.0,332
TMF,202607,2026-06-18 23:41:00,47188.0,47223.0,47187.0,47208.0,605
TMF,202607,2026-06-18 23:42:00,47210.0,47225.0,47208.0,47214.0,236
TMF,202607,2026-06-18 23:43:00,47215.0,47220.0,47194.0,47213.0,255
TMF,202607,2026-06-18 23:44:00,47208.0,47220.0,47197.0,47214.0,187
TMF,202607,2026-06-18 23:45:00,47215.0,47215.0,47188.0,47205.0,209
TMF,202607,2026-06-18 23:46:00,47207.0,47210.0,47196.0,47203.0,128
TMF,202607,2026-06-18 23:47:00,47205.0,47221.0,47198.0,47219.0,286
TMF,202607,2026-06-18 23:48:00,47220.0,47220.0,47204.0,47214.0,102
TMF,202607,2026-06-18 23:49:00,47217.0,47240.0,47217.0,47238.0,482
TMF,202607,2026-06-18 23:50:00,47237.0,47247.0,47237.0,47239.0,307
TMF,202607,2026-06-18 23:51:00,47239.0,47245.0,47233.0,47233.0,150
TMF,202607,2026-06-18 23:52:00,47234.0,47257.0,47232.0,47251.0,381
TMF,202607,2026-06-18 23:53:00,47250.0,47270.0,47247.0,47255.0,403
TMF,202607,2026-06-18 23:54:00,47254.0,47254.0,47235.0,47238.0,193
TMF,202607,2026-06-18 23:55:00,47238.0,47252.0,47238.0,47250.0,113
TMF,202607,2026-06-18 23:56:00,47249.0,47258.0,47244.0,47253.0,140
TMF,202607,2026-06-18 23:57:00,47249.0,47270.0,47249.0,47269.0,250
TMF,202607,2026-06-18 23:58:00,47270.0,47275.0,47264.0,47269.0,226
TMF,202607,2026-06-18 23:59:00,47270.0,47273.0,47260.0,47270.0,188
TMF,202607,2026-06-19 00:00:00,47270.0,47333.0,47269.0,47318.0,2370
TMF,202607,2026-06-19 00:01:00,47319.0,47323.0,47305.0,47310.0,540
TMF,202607,2026-06-19 00:02:00,47313.0,47338.0,47304.0,47328.0,561
TMF,202607,2026-06-19 00:03:00,47328.0,47338.0,47315.0,47336.0,347
TMF,202607,2026-06-19 00:04:00,47335.0,47349.0,47320.0,47328.0,531
TMF,202607,2026-06-19 00:05:00,47326.0,47338.0,47313.0,47332.0,291
TMF,202607,2026-06-19 00:06:00,47336.0,47340.0,47325.0,47332.0,197
TMF,202607,2026-06-19 00:07:00,47331.0,47331.0,47300.0,47323.0,327
TMF,202607,2026-06-19 00:08:00,47325.0,47329.0,47301.0,47303.0,282
TMF,202607,2026-06-19 00:09:00,47302.0,47316.0,47295.0,47308.0,355
TMF,202607,2026-06-19 00:10:00,47308.0,47313.0,47298.0,47302.0,153
TMF,202607,2026-06-19 00:11:00,47301.0,47337.0,47300.0,47327.0,406
TMF,202607,2026-06-19 00:12:00,47324.0,47330.0,47314.0,47326.0,172
TMF,202607,2026-06-19 00:13:00,47326.0,47331.0,47319.0,47330.0,98
TMF,202607,2026-06-19 00:14:00,47328.0,47338.0,47324.0,47333.0,194
TMF,202607,2026-06-19 00:15:00,47335.0,47337.0,47314.0,47327.0,151
TMF,202607,2026-06-19 00:16:00,47322.0,47326.0,47315.0,47316.0,96
TMF,202607,2026-06-19 00:17:00,47315.0,47338.0,47315.0,47334.0,191
TMF,202607,2026-06-19 00:18:00,47334.0,47334.0,47313.0,47317.0,160
TMF,202607,2026-06-19 00:19:00,47319.0,47327.0,47306.0,47327.0,156
TMF,202607,2026-06-19 00:20:00,47324.0,47342.0,47323.0,47338.0,231
TMF,202607,2026-06-19 00:21:00,47335.0,47366.0,47333.0,47362.0,834
TMF,202607,2026-06-19 00:22:00,47362.0,47365.0,47350.0,47352.0,213
TMF,202607,2026-06-19 00:23:00,47353.0,47368.0,47352.0,47365.0,184
TMF,202607,2026-06-19 00:24:00,47365.0,47370.0,47356.0,47363.0,189
TMF,202607,2026-06-19 00:25:00,47360.0,47370.0,47344.0,47358.0,274
TMF,202607,2026-06-19 00:26:00,47358.0,47368.0,47352.0,47366.0,160
TMF,202607,2026-06-19 00:27:00,47361.0,47366.0,47351.0,47356.0,117
TMF,202607,2026-06-19 00:28:00,47358.0,47360.0,47350.0,47355.0,87
TMF,202607,2026-06-19 00:29:00,47353.0,47354.0,47347.0,47351.0,109
TMF,202607,2026-06-19 00:30:00,47349.0,47363.0,47340.0,47353.0,238
TMF,202607,2026-06-19 00:31:00,47355.0,47361.0,47348.0,47360.0,106
TMF,202607,2026-06-19 00:32:00,47360.0,47362.0,47351.0,47360.0,78
TMF,202607,2026-06-19 00:33:00,47360.0,47369.0,47355.0,47358.0,193
TMF,202607,2026-06-19 00:34:00,47362.0,47376.0,47357.0,47375.0,229
TMF,202607,2026-06-19 00:35:00,47375.0,47385.0,47362.0,47363.0,514
TMF,202607,2026-06-19 00:36:00,47364.0,47370.0,47358.0,47370.0,128
TMF,202607,2026-06-19 00:37:00,47372.0,47387.0,47368.0,47380.0,175
TMF,202607,2026-06-19 00:38:00,47380.0,47380.0,47366.0,47375.0,147
TMF,202607,2026-06-19 00:39:00,47375.0,47386.0,47374.0,47379.0,130
TMF,202607,2026-06-19 00:40:00,47379.0,47379.0,47363.0,47365.0,143
TMF,202607,2026-06-19 00:41:00,47368.0,47381.0,47368.0,47372.0,113
TMF,202607,2026-06-19 00:42:00,47368.0,47379.0,47368.0,47378.0,95
TMF,202607,2026-06-19 00:43:00,47376.0,47385.0,47375.0,47385.0,129
TMF,202607,2026-06-19 00:44:00,47384.0,47387.0,47373.0,47374.0,117
TMF,202607,2026-06-19 00:45:00,47375.0,47386.0,47368.0,47383.0,181
TMF,202607,2026-06-19 00:46:00,47383.0,47385.0,47369.0,47369.0,78
TMF,202607,2026-06-19 00:47:00,47370.0,47378.0,47363.0,47375.0,143
TMF,202607,2026-06-19 00:48:00,47374.0,47377.0,47370.0,47374.0,35
TMF,202607,2026-06-19 00:49:00,47373.0,47380.0,47368.0,47372.0,88
TMF,202607,2026-06-19 00:50:00,47370.0,47370.0,47346.0,47349.0,313
TMF,202607,2026-06-19 00:51:00,47347.0,47356.0,47343.0,47350.0,211
TMF,202607,2026-06-19 00:52:00,47349.0,47359.0,47347.0,47357.0,110
TMF,202607,2026-06-19 00:53:00,47356.0,47364.0,47343.0,47348.0,133
TMF,202607,2026-06-19 00:54:00,47346.0,47351.0,47330.0,47332.0,229
TMF,202607,2026-06-19 00:55:00,47331.0,47339.0,47321.0,47325.0,287
TMF,202607,2026-06-19 00:56:00,47326.0,47344.0,47323.0,47336.0,210
TMF,202607,2026-06-19 00:57:00,47341.0,47360.0,47336.0,47352.0,159
TMF,202607,2026-06-19 00:58:00,47356.0,47358.0,47347.0,47353.0,64
TMF,202607,2026-06-19 00:59:00,47353.0,47363.0,47349.0,47361.0,153
TMF,202607,2026-06-19 01:00:00,47362.0,47365.0,47336.0,47338.0,153
TMF,202607,2026-06-19 01:01:00,47336.0,47345.0,47332.0,47337.0,89
TMF,202607,2026-06-19 01:02:00,47337.0,47357.0,47337.0,47357.0,77
TMF,202607,2026-06-19 01:03:00,47356.0,47362.0,47351.0,47352.0,60
TMF,202607,2026-06-19 01:04:00,47353.0,47372.0,47352.0,47368.0,118
TMF,202607,2026-06-19 01:05:00,47367.0,47417.0,47367.0,47406.0,1017
TMF,202607,2026-06-19 01:06:00,47409.0,47420.0,47404.0,47420.0,410
TMF,202607,2026-06-19 01:07:00,47420.0,47422.0,47410.0,47417.0,267
TMF,202607,2026-06-19 01:08:00,47418.0,47438.0,47416.0,47438.0,362
TMF,202607,2026-06-19 01:09:00,47439.0,47447.0,47430.0,47436.0,352
TMF,202607,2026-06-19 01:10:00,47435.0,47442.0,47430.0,47435.0,196
TMF,202607,2026-06-19 01:11:00,47435.0,47442.0,47422.0,47438.0,177
TMF,202607,2026-06-19 01:12:00,47440.0,47446.0,47435.0,47440.0,219
TMF,202607,2026-06-19 01:13:00,47438.0,47453.0,47435.0,47448.0,327
TMF,202607,2026-06-19 01:14:00,47448.0,47454.0,47442.0,47451.0,160
TMF,202607,2026-06-19 01:15:00,47448.0,47449.0,47430.0,47440.0,185
TMF,202607,2026-06-19 01:16:00,47438.0,47472.0,47438.0,47469.0,352
TMF,202607,2026-06-19 01:17:00,47472.0,47474.0,47462.0,47468.0,232
TMF,202607,2026-06-19 01:18:00,47467.0,47472.0,47462.0,47469.0,191
TMF,202607,2026-06-19 01:19:00,47471.0,47471.0,47466.0,47471.0,114
TMF,202607,2026-06-19 01:20:00,47472.0,47477.0,47464.0,47470.0,191
TMF,202607,2026-06-19 01:21:00,47470.0,47481.0,47465.0,47468.0,306
TMF,202607,2026-06-19 01:22:00,47466.0,47468.0,47455.0,47466.0,184
TMF,202607,2026-06-19 01:23:00,47466.0,47484.0,47462.0,47477.0,176
TMF,202607,2026-06-19 01:24:00,47476.0,47482.0,47468.0,47471.0,154
TMF,202607,2026-06-19 01:25:00,47468.0,47469.0,47461.0,47465.0,67
TMF,202607,2026-06-19 01:26:00,47464.0,47472.0,47460.0,47466.0,100
TMF,202607,2026-06-19 01:27:00,47466.0,47474.0,47460.0,47474.0,82
TMF,202607,2026-06-19 01:28:00,47472.0,47477.0,47467.0,47470.0,66
TMF,202607,2026-06-19 01:29:00,47473.0,47479.0,47471.0,47479.0,55
TMF,202607,2026-06-19 01:30:00,47478.0,47491.0,47477.0,47488.0,327
TMF,202607,2026-06-19 01:31:00,47487.0,47515.0,47486.0,47503.0,788
TMF,202607,2026-06-19 01:32:00,47500.0,47508.0,47500.0,47502.0,202
TMF,202607,2026-06-19 01:33:00,47503.0,47507.0,47497.0,47498.0,215
TMF,202607,2026-06-19 01:34:00,47498.0,47515.0,47495.0,47505.0,233
TMF,202607,2026-06-19 01:35:00,47504.0,47525.0,47500.0,47523.0,293
TMF,202607,2026-06-19 01:36:00,47522.0,47539.0,47518.0,47531.0,321
TMF,202607,2026-06-19 01:37:00,47531.0,47534.0,47516.0,47521.0,232
TMF,202607,2026-06-19 01:38:00,47524.0,47532.0,47521.0,47530.0,99
TMF,202607,2026-06-19 01:39:00,47532.0,47532.0,47511.0,47516.0,173
TMF,202607,2026-06-19 01:40:00,47517.0,47528.0,47508.0,47516.0,187
TMF,202607,2026-06-19 01:41:00,47515.0,47537.0,47512.0,47532.0,206
TMF,202607,2026-06-19 01:42:00,47533.0,47537.0,47526.0,47533.0,133
TMF,202607,2026-06-19 01:43:00,47533.0,47536.0,47527.0,47528.0,112
TMF,202607,2026-06-19 01:44:00,47531.0,47548.0,47526.0,47541.0,236
TMF,202607,2026-06-19 01:45:00,47540.0,47548.0,47540.0,47545.0,162
TMF,202607,2026-06-19 01:46:00,47544.0,47544.0,47522.0,47532.0,236
TMF,202607,2026-06-19 01:47:00,47534.0,47542.0,47528.0,47534.0,112
TMF,202607,2026-06-19 01:48:00,47535.0,47546.0,47534.0,47544.0,90
TMF,202607,2026-06-19 01:49:00,47544.0,47549.0,47531.0,47535.0,158
TMF,202607,2026-06-19 01:50:00,47536.0,47539.0,47528.0,47536.0,100
TMF,202607,2026-06-19 01:51:00,47533.0,47537.0,47527.0,47531.0,61
TMF,202607,2026-06-19 01:52:00,47533.0,47549.0,47533.0,47548.0,92
TMF,202607,2026-06-19 01:53:00,47545.0,47550.0,47540.0,47549.0,101
TMF,202607,2026-06-19 01:54:00,47545.0,47550.0,47531.0,47534.0,94
TMF,202607,2026-06-19 01:55:00,47530.0,47540.0,47523.0,47523.0,93
TMF,202607,2026-06-19 01:56:00,47522.0,47530.0,47518.0,47529.0,134
TMF,202607,2026-06-19 01:57:00,47529.0,47533.0,47527.0,47533.0,56
TMF,202607,2026-06-19 01:58:00,47532.0,47538.0,47513.0,47515.0,193
TMF,202607,2026-06-19 01:59:00,47517.0,47525.0,47516.0,47521.0,82
TMF,202607,2026-06-19 02:00:00,47525.0,47539.0,47514.0,47519.0,164
TMF,202607,2026-06-19 02:01:00,47521.0,47535.0,47521.0,47530.0,67
TMF,202607,2026-06-19 02:02:00,47528.0,47547.0,47528.0,47541.0,148
TMF,202607,2026-06-19 02:03:00,47537.0,47538.0,47500.0,47508.0,237
TMF,202607,2026-06-19 02:04:00,47509.0,47527.0,47508.0,47515.0,102
TMF,202607,2026-06-19 02:05:00,47517.0,47537.0,47513.0,47529.0,108
TMF,202607,2026-06-19 02:06:00,47528.0,47530.0,47520.0,47522.0,35
TMF,202607,2026-06-19 02:07:00,47524.0,47532.0,47524.0,47532.0,53
TMF,202607,2026-06-19 02:08:00,47535.0,47555.0,47530.0,47544.0,409
TMF,202607,2026-06-19 02:09:00,47546.0,47548.0,47537.0,47540.0,79
TMF,202607,2026-06-19 02:10:00,47541.0,47552.0,47539.0,47550.0,112
TMF,202607,2026-06-19 02:11:00,47551.0,47561.0,47547.0,47550.0,203
TMF,202607,2026-06-19 02:12:00,47549.0,47556.0,47538.0,47554.0,106
TMF,202607,2026-06-19 02:13:00,47554.0,47558.0,47541.0,47543.0,76
TMF,202607,2026-06-19 02:14:00,47544.0,47551.0,47538.0,47538.0,69
TMF,202607,2026-06-19 02:15:00,47539.0,47542.0,47525.0,47540.0,134
TMF,202607,2026-06-19 02:16:00,47542.0,47545.0,47534.0,47542.0,67
TMF,202607,2026-06-19 02:17:00,47539.0,47550.0,47534.0,47545.0,64
TMF,202607,2026-06-19 02:18:00,47545.0,47556.0,47538.0,47556.0,88
TMF,202607,2026-06-19 02:19:00,47557.0,47567.0,47556.0,47560.0,279
TMF,202607,2026-06-19 02:20:00,47556.0,47556.0,47543.0,47546.0,95
TMF,202607,2026-06-19 02:21:00,47545.0,47559.0,47545.0,47557.0,49
TMF,202607,2026-06-19 02:22:00,47556.0,47568.0,47552.0,47566.0,130
TMF,202607,2026-06-19 02:23:00,47565.0,47565.0,47550.0,47558.0,62
TMF,202607,2026-06-19 02:24:00,47558.0,47558.0,47542.0,47548.0,119
TMF,202607,2026-06-19 02:25:00,47550.0,47559.0,47550.0,47552.0,65
TMF,202607,2026-06-19 02:26:00,47556.0,47556.0,47546.0,47546.0,37
TMF,202607,2026-06-19 02:27:00,47546.0,47554.0,47544.0,47547.0,42
TMF,202607,2026-06-19 02:28:00,47550.0,47550.0,47522.0,47528.0,195
TMF,202607,2026-06-19 02:29:00,47532.0,47532.0,47525.0,47525.0,81
TMF,202607,2026-06-19 02:30:00,47525.0,47525.0,47512.0,47521.0,175
TMF,202607,2026-06-19 02:31:00,47519.0,47528.0,47506.0,47517.0,185
TMF,202607,2026-06-19 02:32:00,47517.0,47523.0,47492.0,47498.0,285
TMF,202607,2026-06-19 02:33:00,47500.0,47517.0,47494.0,47515.0,152
TMF,202607,2026-06-19 02:34:00,47515.0,47525.0,47515.0,47516.0,101
TMF,202607,2026-06-19 02:35:00,47510.0,47517.0,47507.0,47516.0,61
TMF,202607,2026-06-19 02:36:00,47515.0,47523.0,47505.0,47507.0,67
TMF,202607,2026-06-19 02:37:00,47509.0,47516.0,47506.0,47507.0,36
TMF,202607,2026-06-19 02:38:00,47507.0,47512.0,47501.0,47502.0,77
TMF,202607,2026-06-19 02:39:00,47504.0,47515.0,47501.0,47506.0,69
TMF,202607,2026-06-19 02:40:00,47506.0,47518.0,47504.0,47510.0,71
TMF,202607,2026-06-19 02:41:00,47515.0,47535.0,47512.0,47525.0,99
TMF,202607,2026-06-19 02:42:00,47526.0,47533.0,47511.0,47517.0,70
TMF,202607,2026-06-19 02:43:00,47515.0,47519.0,47515.0,47516.0,35
TMF,202607,2026-06-19 02:44:00,47519.0,47520.0,47513.0,47515.0,19
TMF,202607,2026-06-19 02:45:00,47515.0,47525.0,47507.0,47520.0,49
TMF,202607,2026-06-19 02:46:00,47520.0,47525.0,47510.0,47516.0,35
TMF,202607,2026-06-19 02:47:00,47521.0,47526.0,47515.0,47517.0,27
TMF,202607,2026-06-19 02:48:00,47520.0,47535.0,47520.0,47527.0,88
TMF,202607,2026-06-19 02:49:00,47528.0,47535.0,47525.0,47535.0,45
TMF,202607,2026-06-19 02:50:00,47533.0,47536.0,47522.0,47525.0,72
TMF,202607,2026-06-19 02:51:00,47527.0,47528.0,47519.0,47523.0,39
TMF,202607,2026-06-19 02:52:00,47523.0,47549.0,47523.0,47544.0,127
TMF,202607,2026-06-19 02:53:00,47544.0,47546.0,47539.0,47542.0,36
TMF,202607,2026-06-19 02:54:00,47540.0,47542.0,47534.0,47536.0,58
TMF,202607,2026-06-19 02:55:00,47535.0,47542.0,47531.0,47539.0,43
TMF,202607,2026-06-19 02:56:00,47537.0,47542.0,47535.0,47535.0,34
TMF,202607,2026-06-19 02:57:00,47534.0,47534.0,47525.0,47525.0,44
TMF,202607,2026-06-19 02:58:00,47526.0,47539.0,47526.0,47538.0,63
TMF,202607,2026-06-19 02:59:00,47539.0,47540.0,47530.0,47531.0,46
TMF,202607,2026-06-19 03:00:00,47531.0,47536.0,47516.0,47523.0,127
TMF,202607,2026-06-19 03:01:00,47523.0,47524.0,47505.0,47506.0,123
TMF,202607,2026-06-19 03:02:00,47505.0,47508.0,47453.0,47453.0,566
TMF,202607,2026-06-19 03:03:00,47454.0,47468.0,47445.0,47465.0,388
TMF,202607,2026-06-19 03:04:00,47465.0,47487.0,47459.0,47484.0,149
TMF,202607,2026-06-19 03:05:00,47480.0,47482.0,47473.0,47480.0,105
TMF,202607,2026-06-19 03:06:00,47479.0,47486.0,47477.0,47481.0,61
TMF,202607,2026-06-19 03:07:00,47481.0,47497.0,47481.0,47491.0,87
TMF,202607,2026-06-19 03:08:00,47496.0,47497.0,47486.0,47495.0,49
TMF,202607,2026-06-19 03:09:00,47493.0,47504.0,47483.0,47485.0,85
TMF,202607,2026-06-19 03:10:00,47485.0,47489.0,47461.0,47474.0,132
TMF,202607,2026-06-19 03:11:00,47475.0,47479.0,47461.0,47467.0,105
TMF,202607,2026-06-19 03:12:00,47462.0,47478.0,47460.0,47460.0,67
TMF,202607,2026-06-19 03:13:00,47466.0,47474.0,47465.0,47469.0,44
TMF,202607,2026-06-19 03:14:00,47474.0,47487.0,47466.0,47475.0,80
TMF,202607,2026-06-19 03:15:00,47472.0,47480.0,47460.0,47468.0,101
TMF,202607,2026-06-19 03:16:00,47468.0,47480.0,47465.0,47480.0,59
TMF,202607,2026-06-19 03:17:00,47480.0,47508.0,47479.0,47507.0,151
TMF,202607,2026-06-19 03:18:00,47509.0,47511.0,47471.0,47497.0,189
TMF,202607,2026-06-19 03:19:00,47492.0,47536.0,47492.0,47532.0,143
TMF,202607,2026-06-19 03:20:00,47536.0,47536.0,47520.0,47528.0,137
TMF,202607,2026-06-19 03:21:00,47528.0,47528.0,47516.0,47523.0,36
TMF,202607,2026-06-19 03:22:00,47522.0,47534.0,47521.0,47533.0,64
TMF,202607,2026-06-19 03:23:00,47533.0,47533.0,47512.0,47512.0,64
TMF,202607,2026-06-19 03:24:00,47511.0,47515.0,47493.0,47494.0,65
TMF,202607,2026-06-19 03:25:00,47498.0,47500.0,47480.0,47489.0,93
TMF,202607,2026-06-19 03:26:00,47488.0,47504.0,47484.0,47501.0,64
TMF,202607,2026-06-19 03:27:00,47500.0,47508.0,47495.0,47500.0,46
TMF,202607,2026-06-19 03:28:00,47496.0,47500.0,47489.0,47494.0,32
TMF,202607,2026-06-19 03:29:00,47494.0,47508.0,47491.0,47497.0,48
TMF,202607,2026-06-19 03:30:00,47494.0,47499.0,47474.0,47486.0,112
TMF,202607,2026-06-19 03:31:00,47488.0,47500.0,47485.0,47492.0,44
TMF,202607,2026-06-19 03:32:00,47494.0,47503.0,47492.0,47503.0,44
TMF,202607,2026-06-19 03:33:00,47502.0,47522.0,47495.0,47521.0,88
TMF,202607,2026-06-19 03:34:00,47518.0,47523.0,47512.0,47519.0,77
TMF,202607,2026-06-19 03:35:00,47519.0,47528.0,47519.0,47528.0,62
TMF,202607,2026-06-19 03:36:00,47528.0,47530.0,47520.0,47521.0,52
TMF,202607,2026-06-19 03:37:00,47520.0,47528.0,47519.0,47526.0,47
TMF,202607,2026-06-19 03:38:00,47524.0,47530.0,47520.0,47527.0,71
TMF,202607,2026-06-19 03:39:00,47530.0,47544.0,47527.0,47543.0,160
TMF,202607,2026-06-19 03:40:00,47540.0,47550.0,47536.0,47550.0,147
TMF,202607,2026-06-19 03:41:00,47550.0,47560.0,47546.0,47558.0,174
TMF,202607,2026-06-19 03:42:00,47557.0,47563.0,47546.0,47546.0,109
TMF,202607,2026-06-19 03:43:00,47547.0,47559.0,47542.0,47559.0,52
TMF,202607,2026-06-19 03:44:00,47556.0,47582.0,47556.0,47571.0,310
TMF,202607,2026-06-19 03:45:00,47574.0,47594.0,47571.0,47590.0,268
TMF,202607,2026-06-19 03:46:00,47590.0,47593.0,47583.0,47586.0,94
TMF,202607,2026-06-19 03:47:00,47589.0,47600.0,47589.0,47592.0,162
TMF,202607,2026-06-19 03:48:00,47594.0,47603.0,47589.0,47599.0,335
TMF,202607,2026-06-19 03:49:00,47596.0,47602.0,47587.0,47600.0,83
TMF,202607,2026-06-19 03:50:00,47600.0,47605.0,47575.0,47590.0,198
TMF,202607,2026-06-19 03:51:00,47593.0,47616.0,47590.0,47613.0,200
TMF,202607,2026-06-19 03:52:00,47610.0,47619.0,47606.0,47609.0,104
TMF,202607,2026-06-19 03:53:00,47608.0,47616.0,47597.0,47607.0,157
TMF,202607,2026-06-19 03:54:00,47606.0,47612.0,47587.0,47595.0,103
TMF,202607,2026-06-19 03:55:00,47592.0,47596.0,47578.0,47587.0,205
TMF,202607,2026-06-19 03:56:00,47585.0,47585.0,47560.0,47567.0,154
TMF,202607,2026-06-19 03:57:00,47570.0,47586.0,47556.0,47579.0,151
TMF,202607,2026-06-19 03:58:00,47578.0,47595.0,47569.0,47572.0,255
TMF,202607,2026-06-19 03:59:00,47577.0,47581.0,47546.0,47553.0,254
TMF,202607,2026-06-19 04:00:00,47554.0,47555.0,47501.0,47531.0,425
TMF,202607,2026-06-19 04:01:00,47528.0,47545.0,47523.0,47541.0,237
TMF,202607,2026-06-19 04:02:00,47539.0,47545.0,47535.0,47541.0,42
TMF,202607,2026-06-19 04:03:00,47542.0,47548.0,47538.0,47545.0,56
TMF,202607,2026-06-19 04:04:00,47545.0,47545.0,47529.0,47531.0,142
TMF,202607,2026-06-19 04:05:00,47528.0,47532.0,47520.0,47527.0,129
TMF,202607,2026-06-19 04:06:00,47530.0,47535.0,47527.0,47535.0,32
TMF,202607,2026-06-19 04:07:00,47538.0,47549.0,47535.0,47547.0,66
TMF,202607,2026-06-19 04:08:00,47548.0,47557.0,47544.0,47557.0,85
TMF,202607,2026-06-19 04:09:00,47555.0,47555.0,47544.0,47544.0,64
TMF,202607,2026-06-19 04:10:00,47548.0,47555.0,47536.0,47543.0,85
TMF,202607,2026-06-19 04:11:00,47546.0,47552.0,47546.0,47552.0,28
TMF,202607,2026-06-19 04:12:00,47553.0,47558.0,47551.0,47555.0,34
TMF,202607,2026-06-19 04:13:00,47555.0,47564.0,47555.0,47563.0,63
TMF,202607,2026-06-19 04:14:00,47564.0,47575.0,47564.0,47572.0,73
TMF,202607,2026-06-19 04:15:00,47570.0,47573.0,47564.0,47568.0,52
TMF,202607,2026-06-19 04:16:00,47566.0,47582.0,47566.0,47579.0,98
TMF,202607,2026-06-19 04:17:00,47579.0,47580.0,47570.0,47572.0,55
TMF,202607,2026-06-19 04:18:00,47573.0,47573.0,47570.0,47570.0,22
TMF,202607,2026-06-19 04:19:00,47570.0,47583.0,47569.0,47582.0,40
TMF,202607,2026-06-19 04:20:00,47581.0,47595.0,47578.0,47589.0,116
TMF,202607,2026-06-19 04:21:00,47587.0,47589.0,47582.0,47588.0,35
TMF,202607,2026-06-19 04:22:00,47586.0,47590.0,47585.0,47585.0,47
TMF,202607,2026-06-19 04:23:00,47584.0,47594.0,47583.0,47592.0,38
TMF,202607,2026-06-19 04:24:00,47592.0,47597.0,47591.0,47592.0,70
TMF,202607,2026-06-19 04:25:00,47593.0,47596.0,47588.0,47588.0,57
TMF,202607,2026-06-19 04:26:00,47589.0,47592.0,47586.0,47590.0,36
TMF,202607,2026-06-19 04:27:00,47589.0,47590.0,47582.0,47585.0,58
TMF,202607,2026-06-19 04:28:00,47583.0,47584.0,47581.0,47581.0,63
TMF,202607,2026-06-19 04:29:00,47581.0,47582.0,47576.0,47577.0,42
TMF,202607,2026-06-19 04:30:00,47577.0,47583.0,47577.0,47582.0,43
TMF,202607,2026-06-19 04:31:00,47580.0,47584.0,47577.0,47583.0,37
TMF,202607,2026-06-19 04:32:00,47582.0,47585.0,47581.0,47585.0,31
TMF,202607,2026-06-19 04:33:00,47585.0,47590.0,47582.0,47588.0,65
TMF,202607,2026-06-19 04:34:00,47589.0,47589.0,47585.0,47585.0,26
TMF,202607,2026-06-19 04:35:00,47585.0,47591.0,47576.0,47591.0,96
TMF,202607,2026-06-19 04:36:00,47592.0,47592.0,47588.0,47589.0,11
TMF,202607,2026-06-19 04:37:00,47588.0,47592.0,47584.0,47590.0,54
TMF,202607,2026-06-19 04:38:00,47590.0,47594.0,47590.0,47591.0,28
TMF,202607,2026-06-19 04:39:00,47590.0,47591.0,47588.0,47590.0,32
TMF,202607,2026-06-19 04:40:00,47590.0,47598.0,47588.0,47596.0,59
TMF,202607,2026-06-19 04:41:00,47597.0,47598.0,47587.0,47587.0,72
TMF,202607,2026-06-19 04:42:00,47588.0,47589.0,47585.0,47587.0,53
TMF,202607,2026-06-19 04:43:00,47586.0,47586.0,47566.0,47569.0,143
TMF,202607,2026-06-19 04:44:00,47568.0,47575.0,47565.0,47570.0,43
TMF,202607,2026-06-19 04:45:00,47572.0,47572.0,47535.0,47554.0,292
TMF,202607,2026-06-19 04:46:00,47554.0,47560.0,47554.0,47557.0,44
TMF,202607,2026-06-19 04:47:00,47556.0,47556.0,47548.0,47549.0,70
TMF,202607,2026-06-19 04:48:00,47551.0,47553.0,47547.0,47550.0,61
TMF,202607,2026-06-19 04:49:00,47550.0,47558.0,47548.0,47553.0,73
TMF,202607,2026-06-19 04:50:00,47553.0,47558.0,47546.0,47557.0,120
TMF,202607,2026-06-19 04:51:00,47556.0,47560.0,47553.0,47554.0,64
TMF,202607,2026-06-19 04:52:00,47554.0,47559.0,47551.0,47555.0,50
TMF,202607,2026-06-19 04:53:00,47553.0,47557.0,47548.0,47549.0,133
TMF,202607,2026-06-19 04:54:00,47551.0,47555.0,47542.0,47549.0,193
TMF,202607,2026-06-19 04:55:00,47555.0,47556.0,47546.0,47550.0,124
TMF,202607,2026-06-19 04:56:00,47552.0,47554.0,47548.0,47552.0,73
TMF,202607,2026-06-19 04:57:00,47554.0,47556.0,47543.0,47550.0,150
TMF,202607,2026-06-19 04:58:00,47550.0,47570.0,47547.0,47570.0,101
TMF,202607,2026-06-19 04:59:00,47570.0,47580.0,47555.0,47579.0,253
TMF,202607/202608,2026-06-18 15:10:00,231.0,231.0,231.0,231.0,6
TMF,202607/202608,2026-06-18 19:45:00,227.0,227.0,227.0,227.0,2
TMF,202607/202608,2026-06-18 21:26:00,227.0,227.0,227.0,227.0,2
TMF,202608,2026-06-18 15:00:00,47000.0,47033.0,46987.0,47006.0,59
TMF,202608,2026-06-18 15:01:00,47008.0,47026.0,46991.0,47008.0,44
TMF,202608,2026-06-18 15:02:00,47003.0,47055.0,47000.0,47037.0,44
TMF,202608,2026-06-18 15:03:00,47049.0,47049.0,47034.0,47034.0,42
TMF,202608,2026-06-18 15:04:00,47034.0,47059.0,47034.0,47053.0,17
TMF,202608,2026-06-18 15:05:00,47050.0,47065.0,47046.0,47065.0,22
TMF,202608,2026-06-18 15:06:00,47060.0,47094.0,47060.0,47087.0,39
TMF,202608,2026-06-18 15:07:00,47078.0,47086.0,47072.0,47075.0,24
TMF,202608,2026-06-18 15:08:00,47075.0,47075.0,47052.0,47062.0,32
TMF,202608,2026-06-18 15:09:00,47070.0,47099.0,47063.0,47095.0,24
TMF,202608,2026-06-18 15:10:00,47092.0,47092.0,47069.0,47070.0,13
TMF,202608,2026-06-18 15:11:00,47070.0,47080.0,47066.0,47075.0,14
TMF,202608,2026-06-18 15:12:00,47080.0,47080.0,47047.0,47047.0,24
TMF,202608,2026-06-18 15:13:00,47047.0,47048.0,47030.0,47030.0,21
TMF,202608,2026-06-18 15:14:00,47021.0,47031.0,47015.0,47031.0,11
TMF,202608,2026-06-18 15:15:00,47045.0,47048.0,47038.0,47048.0,4
TMF,202608,2026-06-18 15:16:00,47048.0,47048.0,47023.0,47023.0,9
TMF,202608,2026-06-18 15:17:00,47023.0,47026.0,47001.0,47001.0,35
TMF,202608,2026-06-18 15:18:00,47002.0,47033.0,47002.0,47033.0,17
TMF,202608,2026-06-18 15:19:00,47035.0,47043.0,47020.0,47020.0,17
TMF,202608,2026-06-18 15:20:00,47021.0,47021.0,47000.0,47013.0,23
TMF,202608,2026-06-18 15:21:00,47008.0,47012.0,47000.0,47008.0,9
TMF,202608,2026-06-18 15:22:00,47009.0,47009.0,47004.0,47006.0,7
TMF,202608,2026-06-18 15:23:00,47016.0,47040.0,47015.0,47040.0,4
TMF,202608,2026-06-18 15:24:00,47045.0,47046.0,47041.0,47041.0,16
TMF,202608,2026-06-18 15:25:00,47045.0,47065.0,47045.0,47047.0,22
TMF,202608,2026-06-18 15:26:00,47060.0,47070.0,47060.0,47070.0,11
TMF,202608,2026-06-18 15:27:00,47076.0,47076.0,47062.0,47069.0,6
TMF,202608,2026-06-18 15:28:00,47069.0,47076.0,47069.0,47075.0,12
TMF,202608,2026-06-18 15:29:00,47069.0,47074.0,47067.0,47067.0,5
TMF,202608,2026-06-18 15:30:00,47063.0,47063.0,47020.0,47027.0,17
TMF,202608,2026-06-18 15:31:00,47030.0,47030.0,47024.0,47025.0,5
TMF,202608,2026-06-18 15:32:00,47031.0,47031.0,47017.0,47017.0,3
TMF,202608,2026-06-18 15:33:00,47031.0,47031.0,47013.0,47025.0,6
TMF,202608,2026-06-18 15:34:00,47029.0,47040.0,47029.0,47040.0,5
TMF,202608,2026-06-18 15:35:00,47049.0,47049.0,47035.0,47035.0,6
TMF,202608,2026-06-18 15:36:00,47041.0,47060.0,47041.0,47060.0,7
TMF,202608,2026-06-18 15:37:00,47064.0,47064.0,47058.0,47058.0,2
TMF,202608,2026-06-18 15:38:00,47058.0,47058.0,47047.0,47048.0,6
TMF,202608,2026-06-18 15:39:00,47047.0,47051.0,47034.0,47051.0,3
TMF,202608,2026-06-18 15:40:00,47062.0,47062.0,47050.0,47050.0,3
TMF,202608,2026-06-18 15:41:00,47056.0,47056.0,47056.0,47056.0,1
TMF,202608,2026-06-18 15:42:00,47056.0,47056.0,47036.0,47050.0,5
TMF,202608,2026-06-18 15:43:00,47045.0,47045.0,47038.0,47038.0,4
TMF,202608,2026-06-18 15:44:00,47032.0,47044.0,47032.0,47044.0,6
TMF,202608,2026-06-18 15:45:00,47044.0,47044.0,47040.0,47040.0,9
TMF,202608,2026-06-18 15:47:00,47038.0,47038.0,47031.0,47031.0,3
TMF,202608,2026-06-18 15:48:00,47038.0,47038.0,47020.0,47021.0,3
TMF,202608,2026-06-18 15:50:00,47031.0,47040.0,47031.0,47040.0,4
TMF,202608,2026-06-18 15:51:00,47041.0,47041.0,47038.0,47039.0,3
TMF,202608,2026-06-18 15:52:00,47039.0,47044.0,47039.0,47044.0,4
TMF,202608,2026-06-18 15:53:00,47041.0,47050.0,47041.0,47050.0,9
TMF,202608,2026-06-18 15:54:00,47051.0,47051.0,47051.0,47051.0,1
TMF,202608,2026-06-18 15:55:00,47050.0,47050.0,47050.0,47050.0,1
TMF,202608,2026-06-18 15:56:00,47043.0,47054.0,47043.0,47054.0,2
TMF,202608,2026-06-18 15:57:00,47055.0,47055.0,47055.0,47055.0,1
TMF,202608,2026-06-18 15:58:00,47056.0,47094.0,47056.0,47094.0,22
TMF,202608,2026-06-18 15:59:00,47090.0,47109.0,47090.0,47109.0,44
TMF,202608,2026-06-18 16:00:00,47109.0,47153.0,47100.0,47145.0,54
TMF,202608,2026-06-18 16:01:00,47140.0,47154.0,47131.0,47147.0,30
TMF,202608,2026-06-18 16:02:00,47152.0,47158.0,47144.0,47156.0,31
TMF,202608,2026-06-18 16:03:00,47150.0,47150.0,47111.0,47120.0,9
TMF,202608,2026-06-18 16:04:00,47123.0,47137.0,47120.0,47128.0,12
TMF,202608,2026-06-18 16:05:00,47122.0,47155.0,47118.0,47150.0,17
TMF,202608,2026-06-18 16:06:00,47143.0,47143.0,47139.0,47141.0,4
TMF,202608,2026-06-18 16:07:00,47132.0,47198.0,47132.0,47198.0,56
TMF,202608,2026-06-18 16:08:00,47188.0,47199.0,47180.0,47191.0,28
TMF,202608,2026-06-18 16:09:00,47190.0,47210.0,47190.0,47209.0,43
TMF,202608,2026-06-18 16:10:00,47204.0,47205.0,47191.0,47191.0,17
TMF,202608,2026-06-18 16:11:00,47194.0,47194.0,47179.0,47180.0,9
TMF,202608,2026-06-18 16:12:00,47180.0,47180.0,47164.0,47170.0,14
TMF,202608,2026-06-18 16:13:00,47170.0,47170.0,47155.0,47158.0,6
TMF,202608,2026-06-18 16:14:00,47158.0,47158.0,47137.0,47145.0,16
TMF,202608,2026-06-18 16:15:00,47149.0,47159.0,47136.0,47136.0,14
TMF,202608,2026-06-18 16:16:00,47136.0,47142.0,47136.0,47142.0,3
TMF,202608,2026-06-18 16:17:00,47142.0,47143.0,47136.0,47143.0,12
TMF,202608,2026-06-18 16:18:00,47140.0,47145.0,47126.0,47126.0,11
TMF,202608,2026-06-18 16:19:00,47130.0,47137.0,47125.0,47125.0,6
TMF,202608,2026-06-18 16:20:00,47125.0,47126.0,47117.0,47117.0,14
TMF,202608,2026-06-18 16:21:00,47116.0,47116.0,47087.0,47100.0,21
TMF,202608,2026-06-18 16:22:00,47102.0,47105.0,47098.0,47100.0,8
TMF,202608,2026-06-18 16:23:00,47110.0,47110.0,47099.0,47099.0,10
TMF,202608,2026-06-18 16:24:00,47095.0,47100.0,47095.0,47100.0,8
TMF,202608,2026-06-18 16:25:00,47100.0,47113.0,47100.0,47113.0,16
TMF,202608,2026-06-18 16:26:00,47101.0,47110.0,47090.0,47110.0,4
TMF,202608,2026-06-18 16:27:00,47100.0,47100.0,47099.0,47099.0,8
TMF,202608,2026-06-18 16:28:00,47113.0,47118.0,47110.0,47115.0,16
TMF,202608,2026-06-18 16:29:00,47108.0,47108.0,47095.0,47098.0,15
TMF,202608,2026-06-18 16:30:00,47103.0,47115.0,47096.0,47105.0,7
TMF,202608,2026-06-18 16:31:00,47105.0,47105.0,47092.0,47092.0,19
TMF,202608,2026-06-18 16:32:00,47092.0,47109.0,47091.0,47109.0,11
TMF,202608,2026-06-18 16:33:00,47103.0,47121.0,47103.0,47118.0,4
TMF,202608,2026-06-18 16:34:00,47112.0,47112.0,47103.0,47103.0,23
TMF,202608,2026-06-18 16:35:00,47104.0,47104.0,47090.0,47090.0,12
TMF,202608,2026-06-18 16:36:00,47103.0,47117.0,47103.0,47117.0,6
TMF,202608,2026-06-18 16:37:00,47117.0,47122.0,47108.0,47122.0,14
TMF,202608,2026-06-18 16:38:00,47119.0,47128.0,47119.0,47128.0,6
TMF,202608,2026-06-18 16:39:00,47132.0,47140.0,47132.0,47138.0,17
TMF,202608,2026-06-18 16:40:00,47140.0,47140.0,47131.0,47131.0,4
TMF,202608,2026-06-18 16:41:00,47145.0,47149.0,47145.0,47149.0,2
TMF,202608,2026-06-18 16:42:00,47149.0,47149.0,47145.0,47148.0,3
TMF,202608,2026-06-18 16:43:00,47148.0,47148.0,47138.0,47148.0,18
TMF,202608,2026-06-18 16:44:00,47133.0,47133.0,47126.0,47126.0,8
TMF,202608,2026-06-18 16:45:00,47126.0,47126.0,47125.0,47125.0,3
TMF,202608,2026-06-18 16:46:00,47121.0,47121.0,47111.0,47116.0,11
TMF,202608,2026-06-18 16:47:00,47116.0,47116.0,47106.0,47106.0,12
TMF,202608,2026-06-18 16:48:00,47106.0,47115.0,47106.0,47115.0,4
TMF,202608,2026-06-18 16:49:00,47124.0,47137.0,47124.0,47137.0,3
TMF,202608,2026-06-18 16:50:00,47135.0,47135.0,47125.0,47125.0,6
TMF,202608,2026-06-18 16:51:00,47119.0,47119.0,47115.0,47115.0,5
TMF,202608,2026-06-18 16:52:00,47115.0,47115.0,47077.0,47077.0,41
TMF,202608,2026-06-18 16:53:00,47089.0,47095.0,47080.0,47080.0,6
TMF,202608,2026-06-18 16:54:00,47076.0,47085.0,47073.0,47085.0,34
TMF,202608,2026-06-18 16:55:00,47090.0,47095.0,47076.0,47076.0,7
TMF,202608,2026-06-18 16:56:00,47076.0,47076.0,47031.0,47037.0,44
TMF,202608,2026-06-18 16:57:00,47036.0,47036.0,47010.0,47010.0,23
TMF,202608,2026-06-18 16:58:00,47039.0,47046.0,47029.0,47038.0,8
TMF,202608,2026-06-18 16:59:00,47049.0,47049.0,47038.0,47049.0,5
TMF,202608,2026-06-18 17:00:00,47035.0,47035.0,47005.0,47005.0,26
TMF,202608,2026-06-18 17:01:00,47023.0,47026.0,47012.0,47020.0,19
TMF,202608,2026-06-18 17:02:00,47039.0,47048.0,47039.0,47048.0,14
TMF,202608,2026-06-18 17:03:00,47054.0,47070.0,47054.0,47063.0,9
TMF,202608,2026-06-18 17:04:00,47069.0,47071.0,47066.0,47069.0,4
TMF,202608,2026-06-18 17:05:00,47069.0,47077.0,47069.0,47077.0,11
TMF,202608,2026-06-18 17:06:00,47075.0,47079.0,47065.0,47065.0,12
TMF,202608,2026-06-18 17:07:00,47079.0,47100.0,47079.0,47100.0,9
TMF,202608,2026-06-18 17:08:00,47106.0,47106.0,47083.0,47083.0,10
TMF,202608,2026-06-18 17:09:00,47095.0,47095.0,47080.0,47080.0,8
TMF,202608,2026-06-18 17:10:00,47071.0,47071.0,47053.0,47063.0,8
TMF,202608,2026-06-18 17:11:00,47055.0,47055.0,47038.0,47038.0,8
TMF,202608,2026-06-18 17:12:00,47038.0,47038.0,47036.0,47036.0,5
TMF,202608,2026-06-18 17:13:00,47048.0,47068.0,47048.0,47068.0,5
TMF,202608,2026-06-18 17:15:00,47068.0,47087.0,47068.0,47087.0,5
TMF,202608,2026-06-18 17:16:00,47058.0,47058.0,47058.0,47058.0,1
TMF,202608,2026-06-18 17:17:00,47058.0,47065.0,47058.0,47065.0,2
TMF,202608,2026-06-18 17:18:00,47065.0,47065.0,47055.0,47055.0,3
TMF,202608,2026-06-18 17:20:00,47051.0,47055.0,47051.0,47051.0,5
TMF,202608,2026-06-18 17:21:00,47065.0,47065.0,47065.0,47065.0,1
TMF,202608,2026-06-18 17:22:00,47068.0,47077.0,47068.0,47077.0,2
TMF,202608,2026-06-18 17:23:00,47086.0,47086.0,47068.0,47068.0,3
TMF,202608,2026-06-18 17:24:00,47056.0,47060.0,47056.0,47060.0,3
TMF,202608,2026-06-18 17:25:00,47063.0,47085.0,47061.0,47077.0,9
TMF,202608,2026-06-18 17:26:00,47079.0,47079.0,47064.0,47064.0,5
TMF,202608,2026-06-18 17:28:00,47079.0,47079.0,47073.0,47073.0,2
TMF,202608,2026-06-18 17:29:00,47064.0,47064.0,47064.0,47064.0,3
TMF,202608,2026-06-18 17:30:00,47063.0,47063.0,47059.0,47059.0,6
TMF,202608,2026-06-18 17:31:00,47055.0,47056.0,47050.0,47050.0,13
TMF,202608,2026-06-18 17:32:00,47050.0,47065.0,47050.0,47065.0,3
TMF,202608,2026-06-18 17:33:00,47065.0,47065.0,47065.0,47065.0,1
TMF,202608,2026-06-18 17:34:00,47058.0,47058.0,47047.0,47047.0,4
TMF,202608,2026-06-18 17:35:00,47042.0,47051.0,47042.0,47051.0,3
TMF,202608,2026-06-18 17:36:00,47052.0,47058.0,47052.0,47058.0,5
TMF,202608,2026-06-18 17:37:00,47077.0,47088.0,47077.0,47088.0,9
TMF,202608,2026-06-18 17:38:00,47095.0,47095.0,47095.0,47095.0,4
TMF,202608,2026-06-18 17:39:00,47099.0,47107.0,47099.0,47107.0,6
TMF,202608,2026-06-18 17:40:00,47100.0,47100.0,47100.0,47100.0,7
TMF,202608,2026-06-18 17:41:00,47104.0,47104.0,47100.0,47100.0,5
TMF,202608,2026-06-18 17:42:00,47110.0,47111.0,47102.0,47102.0,5
TMF,202608,2026-06-18 17:43:00,47102.0,47111.0,47098.0,47111.0,5
TMF,202608,2026-06-18 17:44:00,47117.0,47118.0,47111.0,47111.0,7
TMF,202608,2026-06-18 17:45:00,47111.0,47111.0,47111.0,47111.0,1
TMF,202608,2026-06-18 17:46:00,47110.0,47110.0,47110.0,47110.0,2
TMF,202608,2026-06-18 17:47:00,47105.0,47105.0,47102.0,47102.0,2
TMF,202608,2026-06-18 17:48:00,47105.0,47105.0,47105.0,47105.0,1
TMF,202608,2026-06-18 17:49:00,47120.0,47120.0,47120.0,47120.0,5
TMF,202608,2026-06-18 17:50:00,47125.0,47132.0,47125.0,47132.0,10
TMF,202608,2026-06-18 17:51:00,47130.0,47150.0,47130.0,47148.0,13
TMF,202608,2026-06-18 17:52:00,47141.0,47141.0,47130.0,47130.0,6
TMF,202608,2026-06-18 17:53:00,47130.0,47134.0,47130.0,47134.0,3
TMF,202608,2026-06-18 17:54:00,47129.0,47135.0,47129.0,47135.0,4
TMF,202608,2026-06-18 17:55:00,47131.0,47148.0,47131.0,47148.0,2
TMF,202608,2026-06-18 17:56:00,47146.0,47160.0,47146.0,47160.0,4
TMF,202608,2026-06-18 17:57:00,47152.0,47158.0,47152.0,47158.0,2
TMF,202608,2026-06-18 17:58:00,47150.0,47155.0,47148.0,47155.0,6
TMF,202608,2026-06-18 17:59:00,47145.0,47145.0,47142.0,47142.0,2
TMF,202608,2026-06-18 18:00:00,47142.0,47142.0,47142.0,47142.0,1
TMF,202608,2026-06-18 18:01:00,47142.0,47145.0,47142.0,47145.0,4
TMF,202608,2026-06-18 18:02:00,47136.0,47136.0,47125.0,47125.0,5
TMF,202608,2026-06-18 18:04:00,47130.0,47134.0,47130.0,47134.0,2
TMF,202608,2026-06-18 18:05:00,47140.0,47150.0,47135.0,47150.0,3
TMF,202608,2026-06-18 18:08:00,47125.0,47127.0,47115.0,47118.0,9
TMF,202608,2026-06-18 18:09:00,47118.0,47118.0,47110.0,47110.0,4
TMF,202608,2026-06-18 18:10:00,47113.0,47114.0,47113.0,47114.0,2
TMF,202608,2026-06-18 18:11:00,47113.0,47113.0,47113.0,47113.0,1
TMF,202608,2026-06-18 18:12:00,47113.0,47118.0,47113.0,47118.0,2
TMF,202608,2026-06-18 18:13:00,47116.0,47136.0,47116.0,47136.0,7
TMF,202608,2026-06-18 18:14:00,47142.0,47142.0,47142.0,47142.0,1
TMF,202608,2026-06-18 18:15:00,47140.0,47148.0,47140.0,47148.0,4
TMF,202608,2026-06-18 18:16:00,47148.0,47148.0,47140.0,47140.0,2
TMF,202608,2026-06-18 18:17:00,47140.0,47140.0,47130.0,47133.0,4
TMF,202608,2026-06-18 18:18:00,47130.0,47130.0,47130.0,47130.0,3
TMF,202608,2026-06-18 18:19:00,47131.0,47138.0,47131.0,47138.0,4
TMF,202608,2026-06-18 18:20:00,47138.0,47138.0,47138.0,47138.0,2
TMF,202608,2026-06-18 18:21:00,47138.0,47138.0,47138.0,47138.0,1
TMF,202608,2026-06-18 18:22:00,47131.0,47131.0,47131.0,47131.0,1
TMF,202608,2026-06-18 18:24:00,47129.0,47129.0,47127.0,47127.0,2
TMF,202608,2026-06-18 18:26:00,47136.0,47136.0,47136.0,47136.0,2
TMF,202608,2026-06-18 18:27:00,47127.0,47127.0,47127.0,47127.0,2
TMF,202608,2026-06-18 18:29:00,47126.0,47126.0,47126.0,47126.0,1
TMF,202608,2026-06-18 18:30:00,47145.0,47145.0,47140.0,47140.0,5
TMF,202608,2026-06-18 18:31:00,47139.0,47139.0,47136.0,47136.0,2
TMF,202608,2026-06-18 18:33:00,47128.0,47128.0,47088.0,47088.0,20
TMF,202608,2026-06-18 18:34:00,47092.0,47102.0,47092.0,47102.0,5
TMF,202608,2026-06-18 18:35:00,47100.0,47100.0,47099.0,47099.0,6
TMF,202608,2026-06-18 18:36:00,47087.0,47087.0,47087.0,47087.0,2
TMF,202608,2026-06-18 18:37:00,47087.0,47087.0,47078.0,47078.0,4
TMF,202608,2026-06-18 18:38:00,47081.0,47087.0,47081.0,47087.0,3
TMF,202608,2026-06-18 18:39:00,47080.0,47080.0,47080.0,47080.0,1
TMF,202608,2026-06-18 18:40:00,47091.0,47091.0,47091.0,47091.0,1
TMF,202608,2026-06-18 18:41:00,47088.0,47088.0,47085.0,47085.0,3
TMF,202608,2026-06-18 18:42:00,47083.0,47083.0,47071.0,47071.0,8
TMF,202608,2026-06-18 18:43:00,47071.0,47071.0,47047.0,47062.0,20
TMF,202608,2026-06-18 18:44:00,47068.0,47068.0,47047.0,47047.0,10
TMF,202608,2026-06-18 18:45:00,47053.0,47053.0,47042.0,47052.0,13
TMF,202608,2026-06-18 18:46:00,47056.0,47056.0,47030.0,47039.0,9
TMF,202608,2026-06-18 18:47:00,47048.0,47048.0,47048.0,47048.0,2
TMF,202608,2026-06-18 18:48:00,47048.0,47048.0,47048.0,47048.0,1
TMF,202608,2026-06-18 18:49:00,47049.0,47055.0,47048.0,47055.0,4
TMF,202608,2026-06-18 18:50:00,47059.0,47059.0,47059.0,47059.0,1
TMF,202608,2026-06-18 18:51:00,47064.0,47067.0,47064.0,47065.0,3
TMF,202608,2026-06-18 18:52:00,47059.0,47059.0,47059.0,47059.0,1
TMF,202608,2026-06-18 18:53:00,47060.0,47060.0,47055.0,47055.0,3
TMF,202608,2026-06-18 18:54:00,47050.0,47050.0,47050.0,47050.0,1
TMF,202608,2026-06-18 18:55:00,47060.0,47062.0,47060.0,47062.0,4
TMF,202608,2026-06-18 18:57:00,47066.0,47066.0,47066.0,47066.0,1
TMF,202608,2026-06-18 18:58:00,47066.0,47066.0,47066.0,47066.0,1
TMF,202608,2026-06-18 18:59:00,47066.0,47066.0,47066.0,47066.0,2
TMF,202608,2026-06-18 19:00:00,47073.0,47073.0,47061.0,47061.0,5
TMF,202608,2026-06-18 19:02:00,47080.0,47090.0,47080.0,47090.0,3
TMF,202608,2026-06-18 19:03:00,47090.0,47090.0,47090.0,47090.0,2
TMF,202608,2026-06-18 19:04:00,47085.0,47090.0,47080.0,47080.0,5
TMF,202608,2026-06-18 19:05:00,47077.0,47077.0,47050.0,47050.0,13
TMF,202608,2026-06-18 19:06:00,47049.0,47049.0,47030.0,47030.0,34
TMF,202608,2026-06-18 19:07:00,47040.0,47055.0,47034.0,47052.0,30
TMF,202608,2026-06-18 19:08:00,47053.0,47056.0,47053.0,47056.0,4
TMF,202608,2026-06-18 19:09:00,47038.0,47038.0,47011.0,47011.0,12
TMF,202608,2026-06-18 19:10:00,47022.0,47022.0,47022.0,47022.0,1
TMF,202608,2026-06-18 19:11:00,47023.0,47023.0,47008.0,47010.0,15
TMF,202608,2026-06-18 19:12:00,47014.0,47039.0,47014.0,47039.0,2
TMF,202608,2026-06-18 19:13:00,47027.0,47027.0,47017.0,47017.0,2
TMF,202608,2026-06-18 19:14:00,47034.0,47036.0,47034.0,47036.0,2
TMF,202608,2026-06-18 19:15:00,47036.0,47036.0,47030.0,47030.0,2
TMF,202608,2026-06-18 19:16:00,47040.0,47040.0,47027.0,47033.0,7
TMF,202608,2026-06-18 19:17:00,47020.0,47020.0,47017.0,47017.0,2
TMF,202608,2026-06-18 19:18:00,47017.0,47018.0,47017.0,47018.0,3
TMF,202608,2026-06-18 19:19:00,47020.0,47020.0,47013.0,47018.0,5
TMF,202608,2026-06-18 19:20:00,47018.0,47024.0,47018.0,47024.0,4
TMF,202608,2026-06-18 19:21:00,47025.0,47027.0,47010.0,47015.0,11
TMF,202608,2026-06-18 19:22:00,47020.0,47025.0,47020.0,47025.0,3
TMF,202608,2026-06-18 19:23:00,47025.0,47025.0,47025.0,47025.0,1
TMF,202608,2026-06-18 19:24:00,47025.0,47037.0,47021.0,47037.0,7
TMF,202608,2026-06-18 19:25:00,47046.0,47050.0,47046.0,47050.0,6
TMF,202608,2026-06-18 19:26:00,47053.0,47060.0,47053.0,47060.0,4
TMF,202608,2026-06-18 19:27:00,47056.0,47056.0,47056.0,47056.0,2
TMF,202608,2026-06-18 19:28:00,47059.0,47059.0,47050.0,47050.0,2
TMF,202608,2026-06-18 19:29:00,47049.0,47049.0,47049.0,47049.0,5
TMF,202608,2026-06-18 19:30:00,47053.0,47053.0,47048.0,47048.0,2
TMF,202608,2026-06-18 19:31:00,47060.0,47070.0,47055.0,47070.0,9
TMF,202608,2026-06-18 19:33:00,47056.0,47056.0,47036.0,47036.0,5
TMF,202608,2026-06-18 19:34:00,47041.0,47041.0,47040.0,47040.0,2
TMF,202608,2026-06-18 19:35:00,47043.0,47043.0,47038.0,47038.0,3
TMF,202608,2026-06-18 19:36:00,47037.0,47037.0,47037.0,47037.0,1
TMF,202608,2026-06-18 19:37:00,47030.0,47030.0,47017.0,47017.0,9
TMF,202608,2026-06-18 19:38:00,47016.0,47016.0,46970.0,46998.0,81
TMF,202608,2026-06-18 19:39:00,46991.0,46994.0,46983.0,46990.0,30
TMF,202608,2026-06-18 19:40:00,46985.0,46992.0,46967.0,46980.0,14
TMF,202608,2026-06-18 19:41:00,46977.0,46980.0,46975.0,46980.0,7
TMF,202608,2026-06-18 19:42:00,46988.0,46997.0,46986.0,46990.0,8
TMF,202608,2026-06-18 19:43:00,46998.0,47018.0,46998.0,47018.0,7
TMF,202608,2026-06-18 19:44:00,47020.0,47025.0,47020.0,47025.0,3
TMF,202608,2026-06-18 19:45:00,47020.0,47022.0,47013.0,47015.0,5
TMF,202608,2026-06-18 19:46:00,47015.0,47015.0,47015.0,47015.0,1
TMF,202608,2026-06-18 19:47:00,47010.0,47010.0,46994.0,47005.0,4
TMF,202608,2026-06-18 19:48:00,46997.0,46997.0,46997.0,46997.0,1
TMF,202608,2026-06-18 19:49:00,46995.0,46995.0,46988.0,46988.0,9
TMF,202608,2026-06-18 19:50:00,46985.0,47006.0,46985.0,47006.0,3
TMF,202608,2026-06-18 19:51:00,47012.0,47029.0,47006.0,47029.0,4
TMF,202608,2026-06-18 19:52:00,47029.0,47031.0,47029.0,47031.0,2
TMF,202608,2026-06-18 19:53:00,47050.0,47054.0,47035.0,47041.0,9
TMF,202608,2026-06-18 19:55:00,47040.0,47040.0,47032.0,47032.0,3
TMF,202608,2026-06-18 19:56:00,47032.0,47032.0,47032.0,47032.0,1
TMF,202608,2026-06-18 19:57:00,47033.0,47043.0,47033.0,47039.0,4
TMF,202608,2026-06-18 19:58:00,47045.0,47045.0,47045.0,47045.0,2
TMF,202608,2026-06-18 19:59:00,47064.0,47066.0,47060.0,47060.0,6
TMF,202608,2026-06-18 20:00:00,47066.0,47066.0,47051.0,47051.0,2
TMF,202608,2026-06-18 20:01:00,47051.0,47051.0,47044.0,47044.0,4
TMF,202608,2026-06-18 20:02:00,47040.0,47040.0,47040.0,47040.0,1
TMF,202608,2026-06-18 20:03:00,47050.0,47070.0,47050.0,47070.0,3
TMF,202608,2026-06-18 20:04:00,47070.0,47070.0,47058.0,47058.0,4
TMF,202608,2026-06-18 20:05:00,47065.0,47065.0,47060.0,47060.0,4
TMF,202608,2026-06-18 20:06:00,47052.0,47067.0,47052.0,47067.0,2
TMF,202608,2026-06-18 20:07:00,47049.0,47049.0,47049.0,47049.0,2
TMF,202608,2026-06-18 20:08:00,47068.0,47068.0,47068.0,47068.0,1
TMF,202608,2026-06-18 20:09:00,47056.0,47059.0,47056.0,47059.0,3
TMF,202608,2026-06-18 20:10:00,47066.0,47085.0,47066.0,47085.0,9
TMF,202608,2026-06-18 20:11:00,47085.0,47095.0,47078.0,47095.0,9
TMF,202608,2026-06-18 20:12:00,47090.0,47090.0,47077.0,47086.0,5
TMF,202608,2026-06-18 20:13:00,47094.0,47094.0,47088.0,47088.0,2
TMF,202608,2026-06-18 20:14:00,47095.0,47100.0,47095.0,47100.0,4
TMF,202608,2026-06-18 20:15:00,47099.0,47100.0,47095.0,47095.0,10
TMF,202608,2026-06-18 20:16:00,47090.0,47090.0,47071.0,47071.0,10
TMF,202608,2026-06-18 20:17:00,47083.0,47084.0,47076.0,47076.0,4
TMF,202608,2026-06-18 20:18:00,47084.0,47084.0,47080.0,47080.0,2
TMF,202608,2026-06-18 20:19:00,47075.0,47087.0,47075.0,47087.0,5
TMF,202608,2026-06-18 20:20:00,47094.0,47111.0,47094.0,47111.0,14
TMF,202608,2026-06-18 20:21:00,47111.0,47120.0,47111.0,47115.0,9
TMF,202608,2026-06-18 20:22:00,47117.0,47121.0,47111.0,47118.0,13
TMF,202608,2026-06-18 20:23:00,47110.0,47110.0,47100.0,47100.0,5
TMF,202608,2026-06-18 20:24:00,47099.0,47100.0,47099.0,47100.0,2
TMF,202608,2026-06-18 20:25:00,47120.0,47122.0,47120.0,47122.0,6
TMF,202608,2026-06-18 20:26:00,47124.0,47124.0,47109.0,47109.0,6
TMF,202608,2026-06-18 20:27:00,47104.0,47108.0,47104.0,47108.0,4
TMF,202608,2026-06-18 20:28:00,47108.0,47108.0,47105.0,47105.0,3
TMF,202608,2026-06-18 20:29:00,47091.0,47110.0,47091.0,47110.0,2
TMF,202608,2026-06-18 20:30:00,47110.0,47120.0,47110.0,47120.0,10
TMF,202608,2026-06-18 20:31:00,47121.0,47136.0,47118.0,47136.0,16
TMF,202608,2026-06-18 20:32:00,47122.0,47122.0,47120.0,47120.0,2
TMF,202608,2026-06-18 20:33:00,47119.0,47119.0,47113.0,47113.0,2
TMF,202608,2026-06-18 20:34:00,47113.0,47114.0,47107.0,47109.0,5
TMF,202608,2026-06-18 20:35:00,47114.0,47128.0,47114.0,47128.0,4
TMF,202608,2026-06-18 20:36:00,47136.0,47152.0,47132.0,47152.0,23
TMF,202608,2026-06-18 20:37:00,47140.0,47140.0,47140.0,47140.0,1
TMF,202608,2026-06-18 20:38:00,47140.0,47140.0,47130.0,47130.0,5
TMF,202608,2026-06-18 20:39:00,47130.0,47130.0,47130.0,47130.0,3
TMF,202608,2026-06-18 20:40:00,47130.0,47130.0,47130.0,47130.0,1
TMF,202608,2026-06-18 20:41:00,47130.0,47130.0,47125.0,47125.0,3
TMF,202608,2026-06-18 20:42:00,47136.0,47150.0,47136.0,47150.0,7
TMF,202608,2026-06-18 20:43:00,47144.0,47144.0,47135.0,47135.0,3
TMF,202608,2026-06-18 20:44:00,47135.0,47135.0,47126.0,47126.0,3
TMF,202608,2026-06-18 20:46:00,47138.0,47138.0,47136.0,47136.0,2
TMF,202608,2026-06-18 20:47:00,47136.0,47136.0,47136.0,47136.0,2
TMF,202608,2026-06-18 20:48:00,47136.0,47136.0,47128.0,47128.0,3
TMF,202608,2026-06-18 20:49:00,47126.0,47132.0,47125.0,47132.0,6
TMF,202608,2026-06-18 20:50:00,47130.0,47130.0,47123.0,47124.0,3
TMF,202608,2026-06-18 20:51:00,47120.0,47120.0,47112.0,47112.0,7
TMF,202608,2026-06-18 20:52:00,47120.0,47123.0,47107.0,47107.0,10
TMF,202608,2026-06-18 20:53:00,47112.0,47118.0,47108.0,47118.0,8
TMF,202608,2026-06-18 20:54:00,47119.0,47120.0,47119.0,47120.0,5
TMF,202608,2026-06-18 20:55:00,47124.0,47144.0,47124.0,47144.0,9
TMF,202608,2026-06-18 20:56:00,47138.0,47140.0,47135.0,47135.0,9
TMF,202608,2026-06-18 20:57:00,47135.0,47200.0,47135.0,47200.0,112
TMF,202608,2026-06-18 20:58:00,47179.0,47179.0,47179.0,47179.0,3
TMF,202608,2026-06-18 20:59:00,47186.0,47186.0,47170.0,47177.0,7
TMF,202608,2026-06-18 21:00:00,47170.0,47179.0,47168.0,47170.0,12
TMF,202608,2026-06-18 21:01:00,47165.0,47172.0,47150.0,47153.0,10
TMF,202608,2026-06-18 21:02:00,47153.0,47153.0,47148.0,47148.0,2
TMF,202608,2026-06-18 21:03:00,47153.0,47158.0,47144.0,47144.0,7
TMF,202608,2026-06-18 21:04:00,47143.0,47143.0,47135.0,47135.0,8
TMF,202608,2026-06-18 21:05:00,47135.0,47141.0,47135.0,47141.0,4
TMF,202608,2026-06-18 21:06:00,47140.0,47150.0,47140.0,47150.0,3
TMF,202608,2026-06-18 21:07:00,47146.0,47146.0,47142.0,47142.0,2
TMF,202608,2026-06-18 21:08:00,47142.0,47142.0,47140.0,47140.0,3
TMF,202608,2026-06-18 21:09:00,47160.0,47160.0,47150.0,47150.0,3
TMF,202608,2026-06-18 21:10:00,47158.0,47160.0,47150.0,47160.0,3
TMF,202608,2026-06-18 21:11:00,47169.0,47170.0,47169.0,47169.0,3
TMF,202608,2026-06-18 21:12:00,47177.0,47177.0,47161.0,47166.0,8
TMF,202608,2026-06-18 21:13:00,47172.0,47172.0,47172.0,47172.0,1
TMF,202608,2026-06-18 21:14:00,47165.0,47165.0,47160.0,47160.0,4
TMF,202608,2026-06-18 21:15:00,47163.0,47170.0,47163.0,47170.0,6
TMF,202608,2026-06-18 21:16:00,47170.0,47170.0,47170.0,47170.0,3
TMF,202608,2026-06-18 21:17:00,47173.0,47178.0,47168.0,47168.0,9
TMF,202608,2026-06-18 21:18:00,47186.0,47186.0,47184.0,47184.0,2
TMF,202608,2026-06-18 21:19:00,47183.0,47183.0,47182.0,47182.0,2
TMF,202608,2026-06-18 21:20:00,47181.0,47181.0,47172.0,47174.0,11
TMF,202608,2026-06-18 21:21:00,47181.0,47184.0,47180.0,47180.0,5
TMF,202608,2026-06-18 21:23:00,47172.0,47184.0,47170.0,47179.0,17
TMF,202608,2026-06-18 21:24:00,47180.0,47181.0,47151.0,47164.0,13
TMF,202608,2026-06-18 21:25:00,47184.0,47184.0,47184.0,47184.0,1
TMF,202608,2026-06-18 21:26:00,47176.0,47188.0,47167.0,47167.0,6
TMF,202608,2026-06-18 21:27:00,47188.0,47200.0,47188.0,47200.0,14
TMF,202608,2026-06-18 21:28:00,47196.0,47238.0,47196.0,47227.0,63
TMF,202608,2026-06-18 21:29:00,47226.0,47226.0,47210.0,47210.0,17
TMF,202608,2026-06-18 21:30:00,47200.0,47301.0,47187.0,47252.0,147
TMF,202608,2026-06-18 21:31:00,47250.0,47309.0,47240.0,47309.0,66
TMF,202608,2026-06-18 21:32:00,47310.0,47338.0,47299.0,47331.0,54
TMF,202608,2026-06-18 21:33:00,47334.0,47365.0,47330.0,47330.0,59
TMF,202608,2026-06-18 21:34:00,47340.0,47340.0,47285.0,47290.0,60
TMF,202608,2026-06-18 21:35:00,47288.0,47329.0,47283.0,47311.0,56
TMF,202608,2026-06-18 21:36:00,47319.0,47338.0,47291.0,47300.0,30
TMF,202608,2026-06-18 21:37:00,47290.0,47320.0,47280.0,47309.0,26
TMF,202608,2026-06-18 21:38:00,47320.0,47343.0,47318.0,47318.0,33
TMF,202608,2026-06-18 21:39:00,47324.0,47353.0,47322.0,47349.0,50
TMF,202608,2026-06-18 21:40:00,47350.0,47355.0,47316.0,47350.0,39
TMF,202608,2026-06-18 21:41:00,47343.0,47365.0,47343.0,47353.0,29
TMF,202608,2026-06-18 21:42:00,47353.0,47373.0,47345.0,47372.0,23
TMF,202608,2026-06-18 21:43:00,47372.0,47372.0,47310.0,47318.0,36
TMF,202608,2026-06-18 21:44:00,47310.0,47318.0,47290.0,47291.0,56
TMF,202608,2026-06-18 21:45:00,47299.0,47349.0,47299.0,47332.0,28
TMF,202608,2026-06-18 21:46:00,47339.0,47350.0,47313.0,47330.0,35
TMF,202608,2026-06-18 21:47:00,47330.0,47342.0,47310.0,47327.0,14
TMF,202608,2026-06-18 21:48:00,47338.0,47340.0,47320.0,47322.0,11
TMF,202608,2026-06-18 21:49:00,47321.0,47365.0,47320.0,47365.0,24
TMF,202608,2026-06-18 21:50:00,47359.0,47370.0,47332.0,47361.0,17
TMF,202608,2026-06-18 21:51:00,47359.0,47360.0,47350.0,47350.0,13
TMF,202608,2026-06-18 21:52:00,47349.0,47358.0,47339.0,47355.0,13
TMF,202608,2026-06-18 21:53:00,47350.0,47359.0,47350.0,47355.0,14
TMF,202608,2026-06-18 21:54:00,47355.0,47355.0,47317.0,47317.0,20
TMF,202608,2026-06-18 21:55:00,47330.0,47330.0,47315.0,47328.0,20
TMF,202608,2026-06-18 21:56:00,47335.0,47341.0,47326.0,47328.0,20
TMF,202608,2026-06-18 21:57:00,47328.0,47328.0,47299.0,47317.0,42
TMF,202608,2026-06-18 21:58:00,47312.0,47312.0,47288.0,47295.0,20
TMF,202608,2026-06-18 21:59:00,47295.0,47340.0,47290.0,47324.0,21
TMF,202608,2026-06-18 22:00:00,47345.0,47355.0,47330.0,47355.0,7
TMF,202608,2026-06-18 22:01:00,47359.0,47368.0,47345.0,47345.0,20
TMF,202608,2026-06-18 22:02:00,47350.0,47369.0,47350.0,47369.0,14
TMF,202608,2026-06-18 22:03:00,47369.0,47395.0,47364.0,47394.0,56
TMF,202608,2026-06-18 22:04:00,47389.0,47396.0,47384.0,47385.0,27
TMF,202608,2026-06-18 22:05:00,47385.0,47385.0,47362.0,47362.0,25
TMF,202608,2026-06-18 22:06:00,47368.0,47400.0,47368.0,47398.0,18
TMF,202608,2026-06-18 22:07:00,47390.0,47405.0,47387.0,47405.0,43
TMF,202608,2026-06-18 22:08:00,47404.0,47404.0,47386.0,47388.0,15
TMF,202608,2026-06-18 22:09:00,47400.0,47408.0,47393.0,47395.0,26
TMF,202608,2026-06-18 22:10:00,47395.0,47395.0,47378.0,47378.0,24
TMF,202608,2026-06-18 22:11:00,47371.0,47382.0,47371.0,47382.0,19
TMF,202608,2026-06-18 22:12:00,47373.0,47385.0,47370.0,47377.0,5
TMF,202608,2026-06-18 22:13:00,47377.0,47380.0,47357.0,47357.0,22
TMF,202608,2026-06-18 22:14:00,47357.0,47369.0,47353.0,47369.0,8
TMF,202608,2026-06-18 22:15:00,47375.0,47375.0,47347.0,47347.0,11
TMF,202608,2026-06-18 22:16:00,47378.0,47397.0,47378.0,47397.0,8
TMF,202608,2026-06-18 22:17:00,47395.0,47403.0,47390.0,47403.0,13
TMF,202608,2026-06-18 22:18:00,47403.0,47415.0,47398.0,47414.0,13
TMF,202608,2026-06-18 22:19:00,47415.0,47431.0,47410.0,47425.0,49
TMF,202608,2026-06-18 22:20:00,47418.0,47425.0,47408.0,47414.0,17
TMF,202608,2026-06-18 22:21:00,47418.0,47439.0,47417.0,47429.0,25
TMF,202608,2026-06-18 22:22:00,47433.0,47444.0,47424.0,47444.0,13
TMF,202608,2026-06-18 22:23:00,47444.0,47479.0,47442.0,47479.0,49
TMF,202608,2026-06-18 22:24:00,47480.0,47495.0,47480.0,47495.0,35
TMF,202608,2026-06-18 22:25:00,47495.0,47496.0,47474.0,47489.0,24
TMF,202608,2026-06-18 22:26:00,47488.0,47495.0,47466.0,47466.0,29
TMF,202608,2026-06-18 22:27:00,47465.0,47470.0,47464.0,47464.0,13
TMF,202608,2026-06-18 22:28:00,47460.0,47462.0,47444.0,47445.0,35
TMF,202608,2026-06-18 22:29:00,47445.0,47456.0,47438.0,47438.0,13
TMF,202608,2026-06-18 22:30:00,47449.0,47450.0,47417.0,47418.0,22
TMF,202608,2026-06-18 22:31:00,47420.0,47452.0,47420.0,47444.0,20
TMF,202608,2026-06-18 22:32:00,47446.0,47447.0,47411.0,47419.0,20
TMF,202608,2026-06-18 22:33:00,47424.0,47449.0,47419.0,47449.0,19
TMF,202608,2026-06-18 22:34:00,47441.0,47464.0,47439.0,47464.0,22
TMF,202608,2026-06-18 22:35:00,47460.0,47469.0,47452.0,47469.0,15
TMF,202608,2026-06-18 22:36:00,47457.0,47488.0,47457.0,47488.0,15
TMF,202608,2026-06-18 22:37:00,47489.0,47502.0,47484.0,47499.0,56
TMF,202608,2026-06-18 22:38:00,47496.0,47499.0,47485.0,47488.0,22
TMF,202608,2026-06-18 22:39:00,47494.0,47494.0,47470.0,47474.0,17
TMF,202608,2026-06-18 22:40:00,47479.0,47479.0,47468.0,47469.0,7
TMF,202608,2026-06-18 22:41:00,47468.0,47474.0,47455.0,47455.0,22
TMF,202608,2026-06-18 22:42:00,47455.0,47465.0,47455.0,47465.0,3
TMF,202608,2026-06-18 22:43:00,47465.0,47480.0,47465.0,47473.0,13
TMF,202608,2026-06-18 22:44:00,47477.0,47481.0,47477.0,47479.0,8
TMF,202608,2026-06-18 22:45:00,47478.0,47496.0,47478.0,47484.0,8
TMF,202608,2026-06-18 22:46:00,47495.0,47503.0,47495.0,47501.0,25
TMF,202608,2026-06-18 22:47:00,47504.0,47518.0,47498.0,47509.0,38
TMF,202608,2026-06-18 22:48:00,47508.0,47510.0,47507.0,47510.0,8
TMF,202608,2026-06-18 22:49:00,47510.0,47513.0,47503.0,47512.0,13
TMF,202608,2026-06-18 22:50:00,47509.0,47512.0,47489.0,47489.0,21
TMF,202608,2026-06-18 22:51:00,47489.0,47489.0,47475.0,47483.0,31
TMF,202608,2026-06-18 22:52:00,47480.0,47495.0,47480.0,47485.0,8
TMF,202608,2026-06-18 22:53:00,47484.0,47484.0,47478.0,47478.0,12
TMF,202608,2026-06-18 22:54:00,47482.0,47492.0,47482.0,47492.0,3
TMF,202608,2026-06-18 22:55:00,47492.0,47496.0,47483.0,47483.0,7
TMF,202608,2026-06-18 22:56:00,47482.0,47483.0,47467.0,47475.0,22
TMF,202608,2026-06-18 22:57:00,47487.0,47489.0,47482.0,47487.0,8
TMF,202608,2026-06-18 22:58:00,47500.0,47515.0,47500.0,47514.0,16
TMF,202608,2026-06-18 22:59:00,47515.0,47518.0,47490.0,47490.0,29
TMF,202608,2026-06-18 23:00:00,47488.0,47488.0,47470.0,47480.0,14
TMF,202608,2026-06-18 23:01:00,47476.0,47478.0,47468.0,47468.0,6
TMF,202608,2026-06-18 23:02:00,47462.0,47470.0,47456.0,47456.0,15
TMF,202608,2026-06-18 23:03:00,47462.0,47467.0,47455.0,47467.0,7
TMF,202608,2026-06-18 23:04:00,47470.0,47493.0,47470.0,47477.0,14
TMF,202608,2026-06-18 23:05:00,47480.0,47480.0,47469.0,47469.0,6
TMF,202608,2026-06-18 23:06:00,47467.0,47472.0,47460.0,47472.0,7
TMF,202608,2026-06-18 23:07:00,47478.0,47479.0,47478.0,47479.0,2
TMF,202608,2026-06-18 23:08:00,47479.0,47497.0,47478.0,47497.0,13
TMF,202608,2026-06-18 23:09:00,47496.0,47496.0,47489.0,47494.0,12
TMF,202608,2026-06-18 23:10:00,47489.0,47489.0,47482.0,47486.0,7
TMF,202608,2026-06-18 23:11:00,47494.0,47494.0,47488.0,47488.0,4
TMF,202608,2026-06-18 23:12:00,47488.0,47488.0,47483.0,47486.0,6
TMF,202608,2026-06-18 23:13:00,47482.0,47485.0,47470.0,47480.0,7
TMF,202608,2026-06-18 23:14:00,47480.0,47480.0,47460.0,47460.0,11
TMF,202608,2026-06-18 23:15:00,47460.0,47473.0,47460.0,47473.0,7
TMF,202608,2026-06-18 23:16:00,47473.0,47485.0,47473.0,47473.0,19
TMF,202608,2026-06-18 23:17:00,47472.0,47472.0,47462.0,47463.0,8
TMF,202608,2026-06-18 23:18:00,47462.0,47466.0,47462.0,47466.0,8
TMF,202608,2026-06-18 23:19:00,47460.0,47460.0,47435.0,47450.0,27
TMF,202608,2026-06-18 23:20:00,47460.0,47476.0,47460.0,47476.0,23
TMF,202608,2026-06-18 23:21:00,47469.0,47469.0,47469.0,47469.0,2
TMF,202608,2026-06-18 23:22:00,47464.0,47464.0,47451.0,47451.0,12
TMF,202608,2026-06-18 23:23:00,47451.0,47451.0,47440.0,47450.0,7
TMF,202608,2026-06-18 23:24:00,47465.0,47465.0,47448.0,47448.0,9
TMF,202608,2026-06-18 23:25:00,47437.0,47460.0,47437.0,47460.0,30
TMF,202608,2026-06-18 23:26:00,47453.0,47453.0,47450.0,47450.0,4
TMF,202608,2026-06-18 23:27:00,47459.0,47470.0,47459.0,47470.0,4
TMF,202608,2026-06-18 23:28:00,47470.0,47470.0,47447.0,47447.0,24
TMF,202608,2026-06-18 23:29:00,47442.0,47443.0,47422.0,47422.0,21
TMF,202608,2026-06-18 23:30:00,47437.0,47446.0,47436.0,47446.0,7
TMF,202608,2026-06-18 23:31:00,47462.0,47462.0,47448.0,47448.0,2
TMF,202608,2026-06-18 23:32:00,47450.0,47450.0,47424.0,47429.0,8
TMF,202608,2026-06-18 23:33:00,47427.0,47428.0,47414.0,47415.0,21
TMF,202608,2026-06-18 23:34:00,47421.0,47449.0,47421.0,47430.0,15
TMF,202608,2026-06-18 23:35:00,47420.0,47420.0,47405.0,47410.0,15
TMF,202608,2026-06-18 23:36:00,47411.0,47411.0,47387.0,47392.0,38
TMF,202608,2026-06-18 23:37:00,47400.0,47412.0,47389.0,47412.0,15
TMF,202608,2026-06-18 23:38:00,47419.0,47420.0,47378.0,47378.0,26
TMF,202608,2026-06-18 23:39:00,47378.0,47417.0,47378.0,47414.0,18
TMF,202608,2026-06-18 23:40:00,47418.0,47430.0,47412.0,47413.0,10
TMF,202608,2026-06-18 23:41:00,47420.0,47456.0,47420.0,47445.0,12
TMF,202608,2026-06-18 23:42:00,47444.0,47450.0,47444.0,47450.0,8
TMF,202608,2026-06-18 23:43:00,47436.0,47437.0,47426.0,47437.0,4
TMF,202608,2026-06-18 23:44:00,47443.0,47443.0,47443.0,47443.0,1
TMF,202608,2026-06-18 23:45:00,47437.0,47437.0,47437.0,47437.0,1
TMF,202608,2026-06-18 23:46:00,47437.0,47443.0,47437.0,47443.0,2
TMF,202608,2026-06-18 23:47:00,47440.0,47448.0,47439.0,47448.0,10
TMF,202608,2026-06-18 23:48:00,47445.0,47445.0,47440.0,47440.0,2
TMF,202608,2026-06-18 23:49:00,47448.0,47470.0,47448.0,47470.0,8
TMF,202608,2026-06-18 23:50:00,47467.0,47478.0,47467.0,47478.0,8
TMF,202608,2026-06-18 23:51:00,47469.0,47475.0,47469.0,47475.0,3
TMF,202608,2026-06-18 23:52:00,47475.0,47480.0,47475.0,47480.0,12
TMF,202608,2026-06-18 23:53:00,47482.0,47497.0,47482.0,47497.0,7
TMF,202608,2026-06-18 23:54:00,47487.0,47487.0,47473.0,47473.0,4
TMF,202608,2026-06-18 23:55:00,47468.0,47483.0,47468.0,47483.0,3
TMF,202608,2026-06-18 23:56:00,47481.0,47488.0,47481.0,47487.0,6
TMF,202608,2026-06-18 23:57:00,47490.0,47498.0,47490.0,47495.0,8
TMF,202608,2026-06-18 23:58:00,47499.0,47502.0,47495.0,47502.0,26
TMF,202608,2026-06-18 23:59:00,47493.0,47494.0,47490.0,47492.0,5
TMF,202608,2026-06-19 00:00:00,47500.0,47555.0,47500.0,47540.0,114
TMF,202608,2026-06-19 00:01:00,47546.0,47548.0,47533.0,47540.0,21
TMF,202608,2026-06-19 00:02:00,47545.0,47560.0,47533.0,47560.0,31
TMF,202608,2026-06-19 00:03:00,47555.0,47563.0,47545.0,47563.0,21
TMF,202608,2026-06-19 00:04:00,47563.0,47578.0,47547.0,47551.0,29
TMF,202608,2026-06-19 00:05:00,47547.0,47564.0,47538.0,47556.0,23
TMF,202608,2026-06-19 00:06:00,47565.0,47565.0,47554.0,47560.0,10
TMF,202608,2026-06-19 00:07:00,47551.0,47559.0,47530.0,47559.0,18
TMF,202608,2026-06-19 00:08:00,47559.0,47559.0,47533.0,47533.0,36
TMF,202608,2026-06-19 00:09:00,47528.0,47538.0,47525.0,47537.0,17
TMF,202608,2026-06-19 00:10:00,47535.0,47535.0,47526.0,47527.0,12
TMF,202608,2026-06-19 00:11:00,47528.0,47559.0,47528.0,47550.0,30
TMF,202608,2026-06-19 00:12:00,47547.0,47553.0,47547.0,47553.0,5
TMF,202608,2026-06-19 00:13:00,47545.0,47553.0,47545.0,47553.0,4
TMF,202608,2026-06-19 00:14:00,47559.0,47563.0,47555.0,47558.0,15
TMF,202608,2026-06-19 00:15:00,47565.0,47567.0,47549.0,47556.0,22
TMF,202608,2026-06-19 00:17:00,47550.0,47563.0,47550.0,47563.0,6
TMF,202608,2026-06-19 00:18:00,47564.0,47565.0,47553.0,47553.0,15
TMF,202608,2026-06-19 00:19:00,47549.0,47549.0,47541.0,47545.0,7
TMF,202608,2026-06-19 00:20:00,47563.0,47565.0,47561.0,47565.0,7
TMF,202608,2026-06-19 00:21:00,47567.0,47592.0,47567.0,47590.0,39
TMF,202608,2026-06-19 00:22:00,47589.0,47592.0,47580.0,47581.0,13
TMF,202608,2026-06-19 00:23:00,47585.0,47592.0,47580.0,47592.0,8
TMF,202608,2026-06-19 00:24:00,47588.0,47593.0,47587.0,47588.0,18
TMF,202608,2026-06-19 00:25:00,47585.0,47585.0,47575.0,47580.0,9
TMF,202608,2026-06-19 00:26:00,47586.0,47592.0,47586.0,47590.0,7
TMF,202608,2026-06-19 00:27:00,47589.0,47589.0,47584.0,47584.0,9
TMF,202608,2026-06-19 00:28:00,47580.0,47588.0,47580.0,47588.0,9
TMF,202608,2026-06-19 00:29:00,47586.0,47586.0,47581.0,47582.0,9
TMF,202608,2026-06-19 00:30:00,47580.0,47586.0,47575.0,47582.0,59
TMF,202608,2026-06-19 00:31:00,47586.0,47590.0,47582.0,47590.0,7
TMF,202608,2026-06-19 00:32:00,47588.0,47590.0,47585.0,47586.0,8
TMF,202608,2026-06-19 00:33:00,47584.0,47594.0,47584.0,47593.0,5
TMF,202608,2026-06-19 00:34:00,47590.0,47600.0,47590.0,47600.0,40
TMF,202608,2026-06-19 00:35:00,47603.0,47609.0,47595.0,47597.0,24
TMF,202608,2026-06-19 00:36:00,47590.0,47595.0,47590.0,47595.0,3
TMF,202608,2026-06-19 00:37:00,47609.0,47616.0,47609.0,47615.0,11
TMF,202608,2026-06-19 00:38:00,47612.0,47612.0,47600.0,47600.0,11
TMF,202608,2026-06-19 00:39:00,47607.0,47610.0,47607.0,47610.0,7
TMF,202608,2026-06-19 00:40:00,47598.0,47598.0,47598.0,47598.0,6
TMF,202608,2026-06-19 00:41:00,47605.0,47605.0,47602.0,47602.0,6
TMF,202608,2026-06-19 00:42:00,47605.0,47609.0,47605.0,47609.0,10
TMF,202608,2026-06-19 00:43:00,47609.0,47614.0,47609.0,47613.0,4
TMF,202608,2026-06-19 00:44:00,47614.0,47615.0,47607.0,47607.0,9
TMF,202608,2026-06-19 00:45:00,47600.0,47607.0,47599.0,47607.0,7
TMF,202608,2026-06-19 00:46:00,47613.0,47613.0,47604.0,47604.0,3
TMF,202608,2026-06-19 00:47:00,47603.0,47606.0,47598.0,47606.0,7
TMF,202608,2026-06-19 00:48:00,47600.0,47600.0,47599.0,47600.0,3
TMF,202608,2026-06-19 00:49:00,47605.0,47609.0,47605.0,47609.0,2
TMF,202608,2026-06-19 00:50:00,47606.0,47606.0,47585.0,47585.0,10
TMF,202608,2026-06-19 00:51:00,47580.0,47582.0,47575.0,47580.0,15
TMF,202608,2026-06-19 00:53:00,47586.0,47596.0,47580.0,47580.0,4
TMF,202608,2026-06-19 00:54:00,47576.0,47580.0,47564.0,47564.0,14
TMF,202608,2026-06-19 00:55:00,47565.0,47565.0,47552.0,47552.0,5
TMF,202608,2026-06-19 00:56:00,47550.0,47569.0,47550.0,47569.0,13
TMF,202608,2026-06-19 00:57:00,47564.0,47580.0,47564.0,47580.0,3
TMF,202608,2026-06-19 00:59:00,47579.0,47581.0,47579.0,47581.0,5
TMF,202608,2026-06-19 01:00:00,47595.0,47595.0,47567.0,47571.0,13
TMF,202608,2026-06-19 01:01:00,47571.0,47571.0,47571.0,47571.0,2
TMF,202608,2026-06-19 01:02:00,47577.0,47577.0,47577.0,47577.0,1
TMF,202608,2026-06-19 01:03:00,47590.0,47593.0,47577.0,47577.0,11
TMF,202608,2026-06-19 01:04:00,47578.0,47596.0,47577.0,47596.0,8
TMF,202608,2026-06-19 01:05:00,47597.0,47638.0,47597.0,47635.0,52
TMF,202608,2026-06-19 01:06:00,47632.0,47645.0,47632.0,47645.0,6
TMF,202608,2026-06-19 01:07:00,47641.0,47649.0,47641.0,47647.0,16
TMF,202608,2026-06-19 01:08:00,47649.0,47666.0,47649.0,47666.0,26
TMF,202608,2026-06-19 01:09:00,47666.0,47676.0,47656.0,47662.0,29
TMF,202608,2026-06-19 01:10:00,47656.0,47665.0,47656.0,47664.0,15
TMF,202608,2026-06-19 01:11:00,47650.0,47659.0,47646.0,47658.0,17
TMF,202608,2026-06-19 01:12:00,47665.0,47669.0,47665.0,47666.0,11
TMF,202608,2026-06-19 01:13:00,47663.0,47676.0,47663.0,47673.0,9
TMF,202608,2026-06-19 01:14:00,47673.0,47676.0,47672.0,47676.0,10
TMF,202608,2026-06-19 01:15:00,47676.0,47676.0,47660.0,47664.0,18
TMF,202608,2026-06-19 01:16:00,47666.0,47696.0,47666.0,47696.0,33
TMF,202608,2026-06-19 01:17:00,47695.0,47697.0,47690.0,47695.0,6
TMF,202608,2026-06-19 01:18:00,47692.0,47695.0,47689.0,47689.0,13
TMF,202608,2026-06-19 01:19:00,47690.0,47695.0,47690.0,47695.0,6
TMF,202608,2026-06-19 01:20:00,47696.0,47699.0,47689.0,47695.0,13
TMF,202608,2026-06-19 01:21:00,47692.0,47704.0,47689.0,47691.0,36
TMF,202608,2026-06-19 01:22:00,47693.0,47693.0,47678.0,47690.0,24
TMF,202608,2026-06-19 01:23:00,47693.0,47711.0,47687.0,47700.0,16
TMF,202608,2026-06-19 01:24:00,47705.0,47705.0,47700.0,47702.0,11
TMF,202608,2026-06-19 01:25:00,47694.0,47694.0,47690.0,47690.0,3
TMF,202608,2026-06-19 01:26:00,47690.0,47695.0,47684.0,47695.0,6
TMF,202608,2026-06-19 01:27:00,47696.0,47696.0,47688.0,47691.0,6
TMF,202608,2026-06-19 01:28:00,47703.0,47703.0,47696.0,47700.0,5
TMF,202608,2026-06-19 01:29:00,47701.0,47705.0,47701.0,47705.0,3
TMF,202608,2026-06-19 01:30:00,47709.0,47715.0,47708.0,47712.0,13
TMF,202608,2026-06-19 01:31:00,47715.0,47742.0,47713.0,47725.0,25
TMF,202608,2026-06-19 01:32:00,47729.0,47733.0,47727.0,47727.0,9
TMF,202608,2026-06-19 01:33:00,47727.0,47733.0,47724.0,47730.0,13
TMF,202608,2026-06-19 01:34:00,47725.0,47740.0,47724.0,47733.0,12
TMF,202608,2026-06-19 01:35:00,47730.0,47748.0,47730.0,47744.0,15
TMF,202608,2026-06-19 01:36:00,47744.0,47766.0,47744.0,47764.0,32
TMF,202608,2026-06-19 01:37:00,47757.0,47757.0,47744.0,47744.0,13
TMF,202608,2026-06-19 01:38:00,47744.0,47757.0,47744.0,47757.0,8
TMF,202608,2026-06-19 01:39:00,47757.0,47757.0,47740.0,47740.0,12
TMF,202608,2026-06-19 01:40:00,47740.0,47745.0,47737.0,47740.0,8
TMF,202608,2026-06-19 01:41:00,47740.0,47755.0,47740.0,47755.0,5
TMF,202608,2026-06-19 01:42:00,47758.0,47764.0,47758.0,47761.0,5
TMF,202608,2026-06-19 01:43:00,47758.0,47765.0,47758.0,47762.0,9
TMF,202608,2026-06-19 01:44:00,47758.0,47768.0,47758.0,47768.0,7
TMF,202608,2026-06-19 01:45:00,47768.0,47775.0,47768.0,47770.0,5
TMF,202608,2026-06-19 01:46:00,47768.0,47768.0,47750.0,47754.0,13
TMF,202608,2026-06-19 01:47:00,47761.0,47761.0,47761.0,47761.0,1
TMF,202608,2026-06-19 01:48:00,47763.0,47763.0,47761.0,47761.0,4
TMF,202608,2026-06-19 01:49:00,47770.0,47772.0,47760.0,47760.0,7
TMF,202608,2026-06-19 01:50:00,47760.0,47760.0,47760.0,47760.0,5
TMF,202608,2026-06-19 01:51:00,47760.0,47760.0,47760.0,47760.0,3
TMF,202608,2026-06-19 01:52:00,47763.0,47774.0,47762.0,47774.0,9
TMF,202608,2026-06-19 01:53:00,47770.0,47774.0,47770.0,47774.0,4
TMF,202608,2026-06-19 01:54:00,47773.0,47774.0,47767.0,47767.0,6
TMF,202608,2026-06-19 01:55:00,47759.0,47760.0,47753.0,47753.0,5
TMF,202608,2026-06-19 01:56:00,47752.0,47756.0,47750.0,47755.0,8
TMF,202608,2026-06-19 01:57:00,47760.0,47760.0,47758.0,47758.0,2
TMF,202608,2026-06-19 01:58:00,47765.0,47765.0,47746.0,47747.0,13
TMF,202608,2026-06-19 01:59:00,47745.0,47748.0,47744.0,47745.0,4
TMF,202608,2026-06-19 02:00:00,47755.0,47759.0,47745.0,47751.0,9
TMF,202608,2026-06-19 02:01:00,47744.0,47751.0,47744.0,47751.0,6
TMF,202608,2026-06-19 02:02:00,47761.0,47761.0,47761.0,47761.0,2
TMF,202608,2026-06-19 02:03:00,47761.0,47761.0,47740.0,47740.0,6
TMF,202608,2026-06-19 02:04:00,47740.0,47741.0,47740.0,47741.0,3
TMF,202608,2026-06-19 02:05:00,47740.0,47750.0,47740.0,47750.0,2
TMF,202608,2026-06-19 02:06:00,47752.0,47756.0,47752.0,47756.0,8
TMF,202608,2026-06-19 02:07:00,47755.0,47761.0,47755.0,47761.0,8
TMF,202608,2026-06-19 02:08:00,47770.0,47783.0,47770.0,47775.0,25
TMF,202608,2026-06-19 02:09:00,47767.0,47767.0,47767.0,47767.0,1
TMF,202608,2026-06-19 02:10:00,47765.0,47776.0,47764.0,47776.0,22
TMF,202608,2026-06-19 02:11:00,47776.0,47780.0,47776.0,47777.0,10
TMF,202608,2026-06-19 02:12:00,47770.0,47780.0,47770.0,47780.0,12
TMF,202608,2026-06-19 02:13:00,47787.0,47787.0,47777.0,47782.0,5
TMF,202608,2026-06-19 02:14:00,47770.0,47770.0,47770.0,47770.0,2
TMF,202608,2026-06-19 02:15:00,47770.0,47770.0,47761.0,47762.0,14
TMF,202608,2026-06-19 02:16:00,47767.0,47767.0,47767.0,47767.0,1
TMF,202608,2026-06-19 02:17:00,47767.0,47770.0,47767.0,47770.0,4
TMF,202608,2026-06-19 02:18:00,47770.0,47777.0,47770.0,47777.0,6
TMF,202608,2026-06-19 02:19:00,47784.0,47789.0,47784.0,47789.0,9
TMF,202608,2026-06-19 02:20:00,47782.0,47782.0,47776.0,47776.0,5
TMF,202608,2026-06-19 02:22:00,47793.0,47795.0,47793.0,47795.0,4
TMF,202608,2026-06-19 02:23:00,47785.0,47785.0,47784.0,47784.0,5
TMF,202608,2026-06-19 02:24:00,47786.0,47786.0,47776.0,47777.0,15
TMF,202608,2026-06-19 02:25:00,47783.0,47783.0,47782.0,47782.0,5
TMF,202608,2026-06-19 02:26:00,47779.0,47781.0,47778.0,47778.0,6
TMF,202608,2026-06-19 02:27:00,47778.0,47778.0,47777.0,47777.0,4
TMF,202608,2026-06-19 02:28:00,47770.0,47770.0,47756.0,47756.0,4
TMF,202608,2026-06-19 02:30:00,47750.0,47750.0,47744.0,47744.0,4
TMF,202608,2026-06-19 02:31:00,47750.0,47750.0,47741.0,47741.0,3
TMF,202608,2026-06-19 02:32:00,47740.0,47749.0,47726.0,47726.0,5
TMF,202608,2026-06-19 02:33:00,47730.0,47736.0,47726.0,47736.0,5
TMF,202608,2026-06-19 02:34:00,47743.0,47750.0,47743.0,47750.0,2
TMF,202608,2026-06-19 02:35:00,47740.0,47743.0,47740.0,47743.0,3
TMF,202608,2026-06-19 02:36:00,47748.0,47748.0,47740.0,47740.0,2
TMF,202608,2026-06-19 02:38:00,47735.0,47735.0,47735.0,47735.0,1
TMF,202608,2026-06-19 02:39:00,47735.0,47740.0,47735.0,47740.0,3
TMF,202608,2026-06-19 02:40:00,47735.0,47746.0,47735.0,47746.0,3
TMF,202608,2026-06-19 02:41:00,47748.0,47761.0,47748.0,47761.0,4
TMF,202608,2026-06-19 02:42:00,47760.0,47760.0,47750.0,47750.0,4
TMF,202608,2026-06-19 02:43:00,47740.0,47740.0,47740.0,47740.0,1
TMF,202608,2026-06-19 02:44:00,47740.0,47740.0,47740.0,47740.0,1
TMF,202608,2026-06-19 02:45:00,47740.0,47740.0,47740.0,47740.0,2
TMF,202608,2026-06-19 02:46:00,47750.0,47750.0,47750.0,47750.0,4
TMF,202608,2026-06-19 02:48:00,47744.0,47762.0,47743.0,47762.0,6
TMF,202608,2026-06-19 02:49:00,47760.0,47767.0,47760.0,47767.0,3
TMF,202608,2026-06-19 02:50:00,47766.0,47766.0,47760.0,47760.0,2
TMF,202608,2026-06-19 02:51:00,47751.0,47751.0,47751.0,47751.0,1
TMF,202608,2026-06-19 02:52:00,47771.0,47777.0,47771.0,47777.0,4
TMF,202608,2026-06-19 02:54:00,47772.0,47772.0,47772.0,47772.0,1
TMF,202608,2026-06-19 02:57:00,47764.0,47764.0,47760.0,47760.0,4
TMF,202608,2026-06-19 02:58:00,47757.0,47757.0,47757.0,47757.0,1
TMF,202608,2026-06-19 02:59:00,47758.0,47769.0,47758.0,47769.0,2
TMF,202608,2026-06-19 03:00:00,47755.0,47755.0,47750.0,47753.0,6
TMF,202608,2026-06-19 03:01:00,47736.0,47736.0,47736.0,47736.0,1
TMF,202608,2026-06-19 03:02:00,47735.0,47735.0,47678.0,47678.0,22
TMF,202608,2026-06-19 03:03:00,47679.0,47693.0,47679.0,47682.0,5
TMF,202608,2026-06-19 03:04:00,47686.0,47710.0,47686.0,47710.0,7
TMF,202608,2026-06-19 03:05:00,47705.0,47705.0,47698.0,47698.0,2
TMF,202608,2026-06-19 03:06:00,47712.0,47712.0,47712.0,47712.0,3
TMF,202608,2026-06-19 03:07:00,47720.0,47721.0,47717.0,47721.0,3
TMF,202608,2026-06-19 03:09:00,47719.0,47719.0,47712.0,47717.0,4
TMF,202608,2026-06-19 03:10:00,47700.0,47702.0,47698.0,47702.0,6
TMF,202608,2026-06-19 03:11:00,47700.0,47700.0,47698.0,47698.0,2
TMF,202608,2026-06-19 03:12:00,47698.0,47698.0,47698.0,47698.0,2
TMF,202608,2026-06-19 03:13:00,47700.0,47700.0,47694.0,47694.0,3
TMF,202608,2026-06-19 03:15:00,47695.0,47702.0,47694.0,47694.0,7
TMF,202608,2026-06-19 03:16:00,47705.0,47710.0,47702.0,47710.0,4
TMF,202608,2026-06-19 03:17:00,47709.0,47709.0,47708.0,47708.0,2
TMF,202608,2026-06-19 03:18:00,47733.0,47734.0,47708.0,47720.0,6
TMF,202608,2026-06-19 03:19:00,47741.0,47750.0,47741.0,47750.0,4
TMF,202608,2026-06-19 03:20:00,47755.0,47758.0,47755.0,47758.0,3
TMF,202608,2026-06-19 03:21:00,47752.0,47753.0,47752.0,47753.0,2
TMF,202608,2026-06-19 03:22:00,47759.0,47765.0,47759.0,47765.0,3
TMF,202608,2026-06-19 03:23:00,47764.0,47764.0,47744.0,47744.0,3
TMF,202608,2026-06-19 03:24:00,47740.0,47740.0,47726.0,47726.0,7
TMF,202608,2026-06-19 03:25:00,47724.0,47724.0,47720.0,47720.0,3
TMF,202608,2026-06-19 03:26:00,47715.0,47715.0,47715.0,47715.0,1
TMF,202608,2026-06-19 03:29:00,47730.0,47730.0,47727.0,47727.0,2
TMF,202608,2026-06-19 03:30:00,47728.0,47728.0,47707.0,47707.0,10
TMF,202608,2026-06-19 03:31:00,47722.0,47728.0,47722.0,47728.0,2
TMF,202608,2026-06-19 03:32:00,47730.0,47730.0,47730.0,47730.0,1
TMF,202608,2026-06-19 03:33:00,47730.0,47740.0,47719.0,47740.0,5
TMF,202608,2026-06-19 03:34:00,47745.0,47748.0,47745.0,47748.0,2
TMF,202608,2026-06-19 03:35:00,47750.0,47750.0,47750.0,47750.0,2
TMF,202608,2026-06-19 03:36:00,47750.0,47750.0,47750.0,47750.0,5
TMF,202608,2026-06-19 03:37:00,47743.0,47752.0,47743.0,47752.0,5
TMF,202608,2026-06-19 03:39:00,47758.0,47765.0,47758.0,47765.0,6
TMF,202608,2026-06-19 03:40:00,47770.0,47775.0,47770.0,47775.0,4
TMF,202608,2026-06-19 03:41:00,47775.0,47787.0,47775.0,47787.0,9
TMF,202608,2026-06-19 03:42:00,47787.0,47788.0,47787.0,47788.0,8
TMF,202608,2026-06-19 03:44:00,47788.0,47803.0,47788.0,47800.0,31
TMF,202608,2026-06-19 03:45:00,47800.0,47815.0,47800.0,47815.0,15
TMF,202608,2026-06-19 03:46:00,47819.0,47819.0,47815.0,47819.0,6
TMF,202608,2026-06-19 03:47:00,47817.0,47824.0,47817.0,47824.0,8
TMF,202608,2026-06-19 03:48:00,47820.0,47827.0,47818.0,47827.0,10
TMF,202608,2026-06-19 03:49:00,47827.0,47827.0,47827.0,47827.0,1
TMF,202608,2026-06-19 03:50:00,47830.0,47831.0,47804.0,47804.0,11
TMF,202608,2026-06-19 03:51:00,47835.0,47840.0,47828.0,47840.0,5
TMF,202608,2026-06-19 03:52:00,47840.0,47840.0,47834.0,47834.0,3
TMF,202608,2026-06-19 03:53:00,47838.0,47839.0,47834.0,47839.0,5
TMF,202608,2026-06-19 03:54:00,47836.0,47836.0,47817.0,47817.0,3
TMF,202608,2026-06-19 03:55:00,47817.0,47828.0,47810.0,47819.0,11
TMF,202608,2026-06-19 03:56:00,47810.0,47810.0,47799.0,47799.0,13
TMF,202608,2026-06-19 03:57:00,47795.0,47810.0,47787.0,47810.0,9
TMF,202608,2026-06-19 03:58:00,47810.0,47820.0,47802.0,47802.0,8
TMF,202608,2026-06-19 03:59:00,47794.0,47794.0,47776.0,47776.0,11
TMF,202608,2026-06-19 04:00:00,47750.0,47769.0,47744.0,47744.0,7
TMF,202608,2026-06-19 04:01:00,47751.0,47751.0,47751.0,47751.0,1
TMF,202608,2026-06-19 04:02:00,47768.0,47769.0,47768.0,47769.0,3
TMF,202608,2026-06-19 04:03:00,47771.0,47779.0,47771.0,47774.0,6
TMF,202608,2026-06-19 04:04:00,47770.0,47770.0,47760.0,47760.0,2
TMF,202608,2026-06-19 04:05:00,47755.0,47755.0,47755.0,47755.0,2
TMF,202608,2026-06-19 04:06:00,47755.0,47768.0,47755.0,47768.0,4
TMF,202608,2026-06-19 04:07:00,47771.0,47771.0,47771.0,47771.0,3
TMF,202608,2026-06-19 04:08:00,47779.0,47779.0,47776.0,47776.0,3
TMF,202608,2026-06-19 04:10:00,47779.0,47779.0,47774.0,47774.0,14
TMF,202608,2026-06-19 04:12:00,47776.0,47786.0,47776.0,47786.0,5
TMF,202608,2026-06-19 04:13:00,47786.0,47786.0,47786.0,47786.0,1
TMF,202608,2026-06-19 04:14:00,47800.0,47802.0,47800.0,47802.0,3
TMF,202608,2026-06-19 04:15:00,47802.0,47802.0,47801.0,47801.0,2
TMF,202608,2026-06-19 04:16:00,47801.0,47807.0,47801.0,47807.0,3
TMF,202608,2026-06-19 04:17:00,47806.0,47807.0,47806.0,47807.0,2
TMF,202608,2026-06-19 04:19:00,47800.0,47814.0,47800.0,47814.0,6
TMF,202608,2026-06-19 04:20:00,47822.0,47825.0,47813.0,47825.0,9
TMF,202608,2026-06-19 04:21:00,47820.0,47821.0,47820.0,47821.0,2
TMF,202608,2026-06-19 04:24:00,47821.0,47822.0,47820.0,47820.0,5
TMF,202608,2026-06-19 04:25:00,47818.0,47829.0,47818.0,47829.0,5
TMF,202608,2026-06-19 04:27:00,47823.0,47823.0,47815.0,47815.0,4
TMF,202608,2026-06-19 04:28:00,47813.0,47813.0,47806.0,47806.0,5
TMF,202608,2026-06-19 04:29:00,47806.0,47807.0,47806.0,47807.0,3
TMF,202608,2026-06-19 04:30:00,47808.0,47808.0,47808.0,47808.0,4
TMF,202608,2026-06-19 04:31:00,47805.0,47814.0,47805.0,47814.0,4
TMF,202608,2026-06-19 04:32:00,47818.0,47818.0,47817.0,47817.0,2
TMF,202608,2026-06-19 04:33:00,47817.0,47822.0,47817.0,47822.0,3
TMF,202608,2026-06-19 04:34:00,47820.0,47820.0,47818.0,47818.0,5
TMF,202608,2026-06-19 04:35:00,47817.0,47817.0,47809.0,47810.0,11
TMF,202608,2026-06-19 04:36:00,47814.0,47814.0,47814.0,47814.0,1
TMF,202608,2026-06-19 04:37:00,47814.0,47815.0,47814.0,47814.0,10
TMF,202608,2026-06-19 04:38:00,47815.0,47816.0,47815.0,47816.0,4
TMF,202608,2026-06-19 04:39:00,47825.0,47825.0,47823.0,47824.0,3
TMF,202608,2026-06-19 04:40:00,47826.0,47828.0,47825.0,47828.0,3
TMF,202608,2026-06-19 04:41:00,47830.0,47830.0,47821.0,47821.0,6
TMF,202608,2026-06-19 04:42:00,47821.0,47823.0,47819.0,47821.0,5
TMF,202608,2026-06-19 04:43:00,47818.0,47818.0,47800.0,47800.0,12
TMF,202608,2026-06-19 04:44:00,47800.0,47800.0,47795.0,47795.0,2
TMF,202608,2026-06-19 04:45:00,47790.0,47790.0,47770.0,47774.0,15
TMF,202608,2026-06-19 04:46:00,47780.0,47792.0,47780.0,47781.0,3
TMF,202608,2026-06-19 04:47:00,47777.0,47781.0,47775.0,47776.0,7
TMF,202608,2026-06-19 04:48:00,47785.0,47786.0,47774.0,47774.0,9
TMF,202608,2026-06-19 04:49:00,47786.0,47790.0,47776.0,47779.0,17
TMF,202608,2026-06-19 04:50:00,47785.0,47791.0,47778.0,47778.0,8
TMF,202608,2026-06-19 04:51:00,47791.0,47791.0,47788.0,47791.0,14
TMF,202608,2026-06-19 04:53:00,47785.0,47788.0,47785.0,47787.0,5
TMF,202608,2026-06-19 04:54:00,47780.0,47785.0,47776.0,47776.0,18
TMF,202608,2026-06-19 04:55:00,47785.0,47786.0,47785.0,47785.0,3
TMF,202608,2026-06-19 04:56:00,47780.0,47780.0,47780.0,47780.0,4
TMF,202608,2026-06-19 04:57:00,47780.0,47785.0,47779.0,47785.0,8
TMF,202608,2026-06-19 04:58:00,47785.0,47793.0,47785.0,47793.0,5
TMF,202608,2026-06-19 04:59:00,47794.0,47815.0,47790.0,47815.0,21
TMF,202608/202609,2026-06-19 00:44:00,192.0,192.0,192.0,192.0,2
TMF,202609,2026-06-18 15:00:00,47199.0,47230.0,47199.0,47200.0,10
TMF,202609,2026-06-18 15:01:00,47207.0,47221.0,47200.0,47200.0,7
TMF,202609,2026-06-18 15:02:00,47204.0,47233.0,47200.0,47224.0,15
TMF,202609,2026-06-18 15:03:00,47242.0,47242.0,47242.0,47242.0,1
TMF,202609,2026-06-18 15:04:00,47240.0,47252.0,47240.0,47252.0,15
TMF,202609,2026-06-18 15:05:00,47244.0,47270.0,47244.0,47270.0,10
TMF,202609,2026-06-18 15:06:00,47272.0,47281.0,47272.0,47281.0,4
TMF,202609,2026-06-18 15:07:00,47284.0,47286.0,47274.0,47277.0,10
TMF,202609,2026-06-18 15:08:00,47274.0,47274.0,47274.0,47274.0,1
TMF,202609,2026-06-18 15:09:00,47272.0,47297.0,47272.0,47297.0,3
TMF,202609,2026-06-18 15:10:00,47278.0,47278.0,47272.0,47272.0,2
TMF,202609,2026-06-18 15:12:00,47260.0,47260.0,47251.0,47251.0,5
TMF,202609,2026-06-18 15:13:00,47248.0,47248.0,47240.0,47240.0,2
TMF,202609,2026-06-18 15:14:00,47228.0,47236.0,47216.0,47216.0,4
TMF,202609,2026-06-18 15:15:00,47240.0,47248.0,47240.0,47248.0,2
TMF,202609,2026-06-18 15:16:00,47247.0,47247.0,47247.0,47247.0,1
TMF,202609,2026-06-18 15:17:00,47220.0,47220.0,47208.0,47208.0,2
TMF,202609,2026-06-18 15:18:00,47211.0,47220.0,47211.0,47220.0,3
TMF,202609,2026-06-18 15:19:00,47229.0,47229.0,47229.0,47229.0,1
TMF,202609,2026-06-18 15:21:00,47205.0,47205.0,47205.0,47205.0,1
TMF,202609,2026-06-18 15:22:00,47205.0,47227.0,47205.0,47227.0,2
TMF,202609,2026-06-18 15:23:00,47227.0,47238.0,47227.0,47238.0,4
TMF,202609,2026-06-18 15:25:00,47250.0,47250.0,47250.0,47250.0,1
TMF,202609,2026-06-18 15:26:00,47270.0,47281.0,47270.0,47281.0,2
TMF,202609,2026-06-18 15:30:00,47244.0,47244.0,47244.0,47244.0,1
TMF,202609,2026-06-18 15:33:00,47233.0,47233.0,47233.0,47233.0,2
TMF,202609,2026-06-18 15:34:00,47242.0,47242.0,47242.0,47242.0,1
TMF,202609,2026-06-18 15:35:00,47250.0,47250.0,47250.0,47250.0,1
TMF,202609,2026-06-18 15:36:00,47245.0,47245.0,47245.0,47245.0,1
TMF,202609,2026-06-18 15:39:00,47245.0,47245.0,47245.0,47245.0,2
TMF,202609,2026-06-18 15:42:00,47245.0,47252.0,47245.0,47252.0,2
TMF,202609,2026-06-18 15:46:00,47245.0,47245.0,47245.0,47245.0,1
TMF,202609,2026-06-18 15:49:00,47230.0,47230.0,47228.0,47228.0,3
TMF,202609,2026-06-18 15:58:00,47270.0,47294.0,47270.0,47294.0,8
TMF,202609,2026-06-18 15:59:00,47298.0,47301.0,47297.0,47301.0,10
TMF,202609,2026-06-18 16:00:00,47310.0,47335.0,47310.0,47335.0,12
TMF,202609,2026-06-18 16:02:00,47350.0,47357.0,47350.0,47356.0,13
TMF,202609,2026-06-18 16:03:00,47351.0,47351.0,47329.0,47329.0,3
TMF,202609,2026-06-18 16:04:00,47317.0,47317.0,47317.0,47317.0,1
TMF,202609,2026-06-18 16:05:00,47320.0,47352.0,47320.0,47344.0,4
TMF,202609,2026-06-18 16:06:00,47350.0,47350.0,47327.0,47327.0,7
TMF,202609,2026-06-18 16:07:00,47355.0,47400.0,47353.0,47400.0,18
TMF,202609,2026-06-18 16:08:00,47399.0,47400.0,47399.0,47400.0,2
TMF,202609,2026-06-18 16:09:00,47410.0,47413.0,47410.0,47413.0,3
TMF,202609,2026-06-18 16:10:00,47410.0,47411.0,47400.0,47400.0,8
TMF,202609,2026-06-18 16:12:00,47380.0,47380.0,47370.0,47370.0,4
TMF,202609,2026-06-18 16:13:00,47364.0,47364.0,47352.0,47352.0,6
TMF,202609,2026-06-18 16:14:00,47350.0,47350.0,47350.0,47350.0,1
TMF,202609,2026-06-18 16:15:00,47350.0,47350.0,47350.0,47350.0,1
TMF,202609,2026-06-18 16:16:00,47347.0,47347.0,47347.0,47347.0,1
TMF,202609,2026-06-18 16:17:00,47341.0,47344.0,47341.0,47344.0,2
TMF,202609,2026-06-18 16:18:00,47345.0,47345.0,47338.0,47338.0,3
TMF,202609,2026-06-18 16:19:00,47330.0,47330.0,47330.0,47330.0,1
TMF,202609,2026-06-18 16:21:00,47308.0,47308.0,47300.0,47300.0,3
TMF,202609,2026-06-18 16:22:00,47300.0,47300.0,47300.0,47300.0,1
TMF,202609,2026-06-18 16:23:00,47316.0,47316.0,47316.0,47316.0,2
TMF,202609,2026-06-18 16:24:00,47306.0,47306.0,47306.0,47306.0,1
TMF,202609,2026-06-18 16:25:00,47306.0,47316.0,47306.0,47316.0,2
TMF,202609,2026-06-18 16:28:00,47316.0,47316.0,47316.0,47316.0,1
TMF,202609,2026-06-18 16:31:00,47315.0,47315.0,47307.0,47307.0,2
TMF,202609,2026-06-18 16:33:00,47306.0,47306.0,47306.0,47306.0,1
TMF,202609,2026-06-18 16:34:00,47306.0,47306.0,47306.0,47306.0,1
TMF,202609,2026-06-18 16:36:00,47306.0,47306.0,47306.0,47306.0,1
TMF,202609,2026-06-18 16:37:00,47311.0,47311.0,47311.0,47311.0,1
TMF,202609,2026-06-18 16:38:00,47320.0,47320.0,47320.0,47320.0,1
TMF,202609,2026-06-18 16:40:00,47341.0,47341.0,47341.0,47341.0,1
TMF,202609,2026-06-18 16:42:00,47358.0,47358.0,47358.0,47358.0,1
TMF,202609,2026-06-18 16:43:00,47347.0,47347.0,47340.0,47340.0,2
TMF,202609,2026-06-18 16:45:00,47320.0,47320.0,47320.0,47320.0,1
TMF,202609,2026-06-18 16:46:00,47318.0,47318.0,47318.0,47318.0,1
TMF,202609,2026-06-18 16:47:00,47312.0,47312.0,47312.0,47312.0,1
TMF,202609,2026-06-18 16:48:00,47302.0,47312.0,47302.0,47312.0,2
TMF,202609,2026-06-18 16:49:00,47332.0,47332.0,47332.0,47332.0,1
TMF,202609,2026-06-18 16:52:00,47298.0,47298.0,47287.0,47287.0,5
TMF,202609,2026-06-18 16:53:00,47287.0,47287.0,47287.0,47287.0,1
TMF,202609,2026-06-18 16:55:00,47296.0,47296.0,47296.0,47296.0,1
TMF,202609,2026-06-18 16:56:00,47265.0,47265.0,47250.0,47250.0,4
TMF,202609,2026-06-18 16:57:00,47236.0,47236.0,47217.0,47217.0,4
TMF,202609,2026-06-18 17:00:00,47243.0,47243.0,47217.0,47217.0,3
TMF,202609,2026-06-18 17:01:00,47220.0,47220.0,47220.0,47220.0,2
TMF,202609,2026-06-18 17:04:00,47254.0,47254.0,47254.0,47254.0,1
TMF,202609,2026-06-18 17:05:00,47275.0,47278.0,47275.0,47278.0,2
TMF,202609,2026-06-18 17:09:00,47292.0,47305.0,47292.0,47305.0,2
TMF,202609,2026-06-18 17:11:00,47250.0,47250.0,47250.0,47250.0,1
TMF,202609,2026-06-18 17:12:00,47236.0,47236.0,47236.0,47236.0,1
TMF,202609,2026-06-18 17:25:00,47258.0,47258.0,47258.0,47258.0,1
TMF,202609,2026-06-18 17:31:00,47246.0,47246.0,47246.0,47246.0,1
TMF,202609,2026-06-18 17:35:00,47246.0,47246.0,47246.0,47246.0,1
TMF,202609,2026-06-18 17:39:00,47298.0,47310.0,47298.0,47310.0,5
TMF,202609,2026-06-18 17:42:00,47314.0,47314.0,47314.0,47314.0,1
TMF,202609,2026-06-18 17:44:00,47314.0,47314.0,47314.0,47314.0,1
TMF,202609,2026-06-18 17:45:00,47314.0,47314.0,47314.0,47314.0,2
TMF,202609,2026-06-18 17:47:00,47317.0,47318.0,47317.0,47318.0,2
TMF,202609,2026-06-18 17:49:00,47318.0,47325.0,47318.0,47325.0,4
TMF,202609,2026-06-18 17:50:00,47322.0,47333.0,47322.0,47333.0,7
TMF,202609,2026-06-18 17:52:00,47341.0,47341.0,47341.0,47341.0,2
TMF,202609,2026-06-18 17:56:00,47359.0,47360.0,47359.0,47360.0,2
TMF,202609,2026-06-18 17:58:00,47364.0,47364.0,47364.0,47364.0,1
TMF,202609,2026-06-18 18:04:00,47344.0,47344.0,47344.0,47344.0,2
TMF,202609,2026-06-18 18:06:00,47336.0,47336.0,47336.0,47336.0,2
TMF,202609,2026-06-18 18:15:00,47344.0,47344.0,47344.0,47344.0,1
TMF,202609,2026-06-18 18:16:00,47339.0,47339.0,47339.0,47339.0,1
TMF,202609,2026-06-18 18:20:00,47338.0,47338.0,47338.0,47338.0,1
TMF,202609,2026-06-18 18:22:00,47330.0,47330.0,47330.0,47330.0,1
TMF,202609,2026-06-18 18:25:00,47330.0,47330.0,47330.0,47330.0,1
TMF,202609,2026-06-18 18:30:00,47345.0,47345.0,47345.0,47345.0,1
TMF,202609,2026-06-18 18:33:00,47312.0,47312.0,47298.0,47298.0,7
TMF,202609,2026-06-18 18:34:00,47304.0,47304.0,47304.0,47304.0,1
TMF,202609,2026-06-18 18:37:00,47292.0,47292.0,47273.0,47273.0,3
TMF,202609,2026-06-18 18:38:00,47288.0,47288.0,47288.0,47288.0,1
TMF,202609,2026-06-18 18:42:00,47274.0,47274.0,47274.0,47274.0,1
TMF,202609,2026-06-18 18:43:00,47268.0,47268.0,47250.0,47250.0,2
TMF,202609,2026-06-18 18:44:00,47246.0,47246.0,47245.0,47245.0,4
TMF,202609,2026-06-18 18:45:00,47243.0,47243.0,47243.0,47243.0,1
TMF,202609,2026-06-18 18:46:00,47238.0,47238.0,47237.0,47237.0,3
TMF,202609,2026-06-18 18:47:00,47250.0,47250.0,47250.0,47250.0,1
TMF,202609,2026-06-18 18:52:00,47263.0,47263.0,47263.0,47263.0,1
TMF,202609,2026-06-18 19:04:00,47278.0,47278.0,47278.0,47278.0,1
TMF,202609,2026-06-18 19:05:00,47260.0,47260.0,47260.0,47260.0,1
TMF,202609,2026-06-18 19:09:00,47230.0,47230.0,47218.0,47218.0,4
TMF,202609,2026-06-18 19:19:00,47216.0,47216.0,47216.0,47216.0,1
TMF,202609,2026-06-18 19:20:00,47227.0,47227.0,47227.0,47227.0,1
TMF,202609,2026-06-18 19:21:00,47212.0,47212.0,47212.0,47212.0,1
TMF,202609,2026-06-18 19:22:00,47214.0,47214.0,47214.0,47214.0,1
TMF,202609,2026-06-18 19:25:00,47232.0,47232.0,47232.0,47232.0,1
TMF,202609,2026-06-18 19:34:00,47233.0,47233.0,47233.0,47233.0,1
TMF,202609,2026-06-18 19:37:00,47229.0,47229.0,47229.0,47229.0,1
TMF,202609,2026-06-18 19:38:00,47215.0,47215.0,47176.0,47176.0,20
TMF,202609,2026-06-18 19:39:00,47182.0,47182.0,47182.0,47182.0,1
TMF,202609,2026-06-18 19:40:00,47169.0,47169.0,47168.0,47168.0,2
TMF,202609,2026-06-18 19:43:00,47198.0,47205.0,47198.0,47205.0,5
TMF,202609,2026-06-18 19:44:00,47218.0,47218.0,47218.0,47218.0,1
TMF,202609,2026-06-18 19:47:00,47200.0,47200.0,47200.0,47200.0,1
TMF,202609,2026-06-18 19:48:00,47200.0,47200.0,47200.0,47200.0,1
TMF,202609,2026-06-18 19:53:00,47233.0,47236.0,47233.0,47236.0,2
TMF,202609,2026-06-18 19:57:00,47236.0,47236.0,47236.0,47236.0,1
TMF,202609,2026-06-18 19:59:00,47256.0,47260.0,47256.0,47260.0,3
TMF,202609,2026-06-18 20:00:00,47248.0,47248.0,47248.0,47248.0,1
TMF,202609,2026-06-18 20:04:00,47266.0,47268.0,47266.0,47268.0,2
TMF,202609,2026-06-18 20:08:00,47272.0,47272.0,47263.0,47263.0,8
TMF,202609,2026-06-18 20:13:00,47286.0,47286.0,47286.0,47286.0,1
TMF,202609,2026-06-18 20:15:00,47291.0,47298.0,47291.0,47298.0,3
TMF,202609,2026-06-18 20:16:00,47293.0,47293.0,47287.0,47287.0,2
TMF,202609,2026-06-18 20:17:00,47283.0,47283.0,47283.0,47283.0,1
TMF,202609,2026-06-18 20:20:00,47300.0,47300.0,47300.0,47300.0,1
TMF,202609,2026-06-18 20:22:00,47315.0,47316.0,47315.0,47316.0,2
TMF,202609,2026-06-18 20:24:00,47316.0,47316.0,47316.0,47316.0,2
TMF,202609,2026-06-18 20:26:00,47316.0,47316.0,47316.0,47316.0,1
TMF,202609,2026-06-18 20:29:00,47310.0,47310.0,47310.0,47310.0,1
TMF,202609,2026-06-18 20:30:00,47316.0,47320.0,47316.0,47320.0,2
TMF,202609,2026-06-18 20:31:00,47328.0,47328.0,47328.0,47328.0,1
TMF,202609,2026-06-18 20:34:00,47322.0,47322.0,47322.0,47322.0,1
TMF,202609,2026-06-18 20:36:00,47330.0,47348.0,47330.0,47348.0,4
TMF,202609,2026-06-18 20:41:00,47330.0,47330.0,47330.0,47330.0,1
TMF,202609,2026-06-18 20:42:00,47353.0,47353.0,47353.0,47353.0,2
TMF,202609,2026-06-18 20:57:00,47351.0,47400.0,47351.0,47400.0,28
TMF,202609,2026-06-18 20:58:00,47392.0,47394.0,47391.0,47392.0,9
TMF,202609,2026-06-18 21:01:00,47352.0,47352.0,47352.0,47352.0,1
TMF,202609,2026-06-18 21:02:00,47352.0,47352.0,47352.0,47352.0,1
TMF,202609,2026-06-18 21:09:00,47352.0,47352.0,47352.0,47352.0,1
TMF,202609,2026-06-18 21:11:00,47365.0,47365.0,47365.0,47365.0,1
TMF,202609,2026-06-18 21:15:00,47383.0,47383.0,47383.0,47383.0,4
TMF,202609,2026-06-18 21:18:00,47383.0,47383.0,47383.0,47383.0,1
TMF,202609,2026-06-18 21:19:00,47385.0,47385.0,47385.0,47385.0,1
TMF,202609,2026-06-18 21:21:00,47385.0,47385.0,47385.0,47385.0,1
TMF,202609,2026-06-18 21:22:00,47382.0,47382.0,47382.0,47382.0,1
TMF,202609,2026-06-18 21:24:00,47365.0,47365.0,47365.0,47365.0,1
TMF,202609,2026-06-18 21:26:00,47388.0,47392.0,47379.0,47379.0,7
TMF,202609,2026-06-18 21:27:00,47400.0,47400.0,47400.0,47400.0,1
TMF,202609,2026-06-18 21:28:00,47400.0,47436.0,47400.0,47436.0,14
TMF,202609,2026-06-18 21:29:00,47433.0,47434.0,47408.0,47410.0,14
TMF,202609,2026-06-18 21:30:00,47400.0,47500.0,47400.0,47500.0,19
TMF,202609,2026-06-18 21:31:00,47473.0,47511.0,47473.0,47511.0,16
TMF,202609,2026-06-18 21:32:00,47520.0,47536.0,47520.0,47536.0,4
TMF,202609,2026-06-18 21:33:00,47543.0,47563.0,47540.0,47540.0,20
TMF,202609,2026-06-18 21:34:00,47505.0,47505.0,47505.0,47505.0,5
TMF,202609,2026-06-18 21:35:00,47520.0,47520.0,47520.0,47520.0,2
TMF,202609,2026-06-18 21:36:00,47520.0,47540.0,47502.0,47502.0,4
TMF,202609,2026-06-18 21:37:00,47499.0,47500.0,47499.0,47500.0,2
TMF,202609,2026-06-18 21:39:00,47550.0,47550.0,47550.0,47550.0,2
TMF,202609,2026-06-18 21:40:00,47551.0,47551.0,47551.0,47551.0,1
TMF,202609,2026-06-18 21:41:00,47559.0,47563.0,47559.0,47563.0,4
TMF,202609,2026-06-18 21:42:00,47569.0,47569.0,47569.0,47569.0,2
TMF,202609,2026-06-18 21:43:00,47544.0,47544.0,47544.0,47544.0,1
TMF,202609,2026-06-18 21:44:00,47520.0,47520.0,47500.0,47500.0,12
TMF,202609,2026-06-18 21:45:00,47501.0,47525.0,47501.0,47517.0,3
TMF,202609,2026-06-18 21:48:00,47519.0,47541.0,47513.0,47532.0,6
TMF,202609,2026-06-18 21:49:00,47532.0,47570.0,47532.0,47570.0,4
TMF,202609,2026-06-18 21:50:00,47568.0,47568.0,47558.0,47558.0,3
TMF,202609,2026-06-18 21:51:00,47558.0,47558.0,47558.0,47558.0,1
TMF,202609,2026-06-18 21:52:00,47566.0,47566.0,47566.0,47566.0,1
TMF,202609,2026-06-18 21:54:00,47556.0,47556.0,47525.0,47525.0,5
TMF,202609,2026-06-18 21:57:00,47527.0,47527.0,47505.0,47505.0,9
TMF,202609,2026-06-18 21:58:00,47500.0,47505.0,47500.0,47505.0,3
TMF,202609,2026-06-18 21:59:00,47508.0,47508.0,47508.0,47508.0,2
TMF,202609,2026-06-18 22:00:00,47550.0,47550.0,47550.0,47550.0,1
TMF,202609,2026-06-18 22:01:00,47556.0,47568.0,47540.0,47540.0,9
TMF,202609,2026-06-18 22:02:00,47575.0,47575.0,47575.0,47575.0,1
TMF,202609,2026-06-18 22:03:00,47575.0,47588.0,47575.0,47588.0,9
TMF,202609,2026-06-18 22:04:00,47588.0,47600.0,47578.0,47585.0,12
TMF,202609,2026-06-18 22:05:00,47568.0,47568.0,47568.0,47568.0,2
TMF,202609,2026-06-18 22:06:00,47600.0,47600.0,47600.0,47600.0,2
TMF,202609,2026-06-18 22:07:00,47600.0,47606.0,47600.0,47606.0,2
TMF,202609,2026-06-18 22:08:00,47606.0,47606.0,47592.0,47592.0,3
TMF,202609,2026-06-18 22:09:00,47598.0,47608.0,47598.0,47608.0,3
TMF,202609,2026-06-18 22:10:00,47600.0,47600.0,47582.0,47582.0,2
TMF,202609,2026-06-18 22:11:00,47582.0,47582.0,47582.0,47582.0,1
TMF,202609,2026-06-18 22:12:00,47582.0,47582.0,47582.0,47582.0,4
TMF,202609,2026-06-18 22:13:00,47570.0,47570.0,47570.0,47570.0,2
TMF,202609,2026-06-18 22:14:00,47561.0,47561.0,47561.0,47561.0,1
TMF,202609,2026-06-18 22:16:00,47607.0,47607.0,47600.0,47600.0,2
TMF,202609,2026-06-18 22:17:00,47598.0,47600.0,47598.0,47600.0,5
TMF,202609,2026-06-18 22:18:00,47600.0,47600.0,47600.0,47600.0,1
TMF,202609,2026-06-18 22:19:00,47617.0,47630.0,47607.0,47630.0,6
TMF,202609,2026-06-18 22:20:00,47636.0,47639.0,47636.0,47639.0,5
TMF,202609,2026-06-18 22:21:00,47639.0,47639.0,47639.0,47639.0,1
TMF,202609,2026-06-18 22:22:00,47643.0,47649.0,47636.0,47649.0,3
TMF,202609,2026-06-18 22:23:00,47649.0,47689.0,47649.0,47689.0,18
TMF,202609,2026-06-18 22:24:00,47698.0,47698.0,47698.0,47698.0,8
TMF,202609,2026-06-18 22:25:00,47698.0,47698.0,47698.0,47698.0,3
TMF,202609,2026-06-18 22:26:00,47690.0,47690.0,47678.0,47678.0,4
TMF,202609,2026-06-18 22:27:00,47664.0,47688.0,47661.0,47688.0,4
TMF,202609,2026-06-18 22:28:00,47662.0,47662.0,47648.0,47648.0,7
TMF,202609,2026-06-18 22:29:00,47648.0,47648.0,47648.0,47648.0,3
TMF,202609,2026-06-18 22:30:00,47638.0,47638.0,47615.0,47615.0,5
TMF,202609,2026-06-18 22:32:00,47644.0,47644.0,47630.0,47630.0,3
TMF,202609,2026-06-18 22:33:00,47640.0,47640.0,47640.0,47640.0,1
TMF,202609,2026-06-18 22:36:00,47688.0,47688.0,47688.0,47688.0,1
TMF,202609,2026-06-18 22:37:00,47684.0,47700.0,47684.0,47700.0,11
TMF,202609,2026-06-18 22:38:00,47700.0,47700.0,47700.0,47700.0,2
TMF,202609,2026-06-18 22:39:00,47688.0,47688.0,47688.0,47688.0,2
TMF,202609,2026-06-18 22:40:00,47685.0,47685.0,47683.0,47683.0,2
TMF,202609,2026-06-18 22:41:00,47668.0,47668.0,47655.0,47655.0,2
TMF,202609,2026-06-18 22:42:00,47668.0,47668.0,47668.0,47668.0,2
TMF,202609,2026-06-18 22:43:00,47683.0,47684.0,47683.0,47684.0,3
TMF,202609,2026-06-18 22:44:00,47670.0,47670.0,47670.0,47670.0,1
TMF,202609,2026-06-18 22:45:00,47680.0,47680.0,47680.0,47680.0,1
TMF,202609,2026-06-18 22:46:00,47700.0,47700.0,47700.0,47700.0,2
TMF,202609,2026-06-18 22:47:00,47708.0,47722.0,47708.0,47722.0,3
TMF,202609,2026-06-18 22:48:00,47723.0,47723.0,47720.0,47722.0,9
TMF,202609,2026-06-18 22:49:00,47710.0,47710.0,47710.0,47710.0,1
TMF,202609,2026-06-18 22:50:00,47700.0,47700.0,47700.0,47700.0,1
TMF,202609,2026-06-18 22:52:00,47700.0,47700.0,47700.0,47700.0,1
TMF,202609,2026-06-18 22:53:00,47690.0,47690.0,47690.0,47690.0,1
TMF,202609,2026-06-18 22:56:00,47680.0,47680.0,47674.0,47674.0,5
TMF,202609,2026-06-18 22:58:00,47703.0,47720.0,47703.0,47720.0,8
TMF,202609,2026-06-18 22:59:00,47707.0,47707.0,47700.0,47700.0,2
TMF,202609,2026-06-18 23:00:00,47688.0,47688.0,47683.0,47683.0,3
TMF,202609,2026-06-18 23:01:00,47680.0,47683.0,47680.0,47683.0,2
TMF,202609,2026-06-18 23:02:00,47670.0,47670.0,47664.0,47667.0,3
TMF,202609,2026-06-18 23:04:00,47681.0,47681.0,47681.0,47681.0,1
TMF,202609,2026-06-18 23:06:00,47679.0,47679.0,47679.0,47679.0,1
TMF,202609,2026-06-18 23:07:00,47675.0,47675.0,47675.0,47675.0,3
TMF,202609,2026-06-18 23:12:00,47694.0,47694.0,47690.0,47690.0,2
TMF,202609,2026-06-18 23:14:00,47676.0,47676.0,47675.0,47675.0,2
TMF,202609,2026-06-18 23:16:00,47683.0,47683.0,47683.0,47683.0,1
TMF,202609,2026-06-18 23:17:00,47666.0,47666.0,47666.0,47666.0,1
TMF,202609,2026-06-18 23:18:00,47657.0,47657.0,47657.0,47657.0,1
TMF,202609,2026-06-18 23:19:00,47657.0,47657.0,47648.0,47648.0,6
TMF,202609,2026-06-18 23:20:00,47660.0,47681.0,47660.0,47681.0,2
TMF,202609,2026-06-18 23:21:00,47679.0,47679.0,47679.0,47679.0,1
TMF,202609,2026-06-18 23:22:00,47670.0,47670.0,47660.0,47660.0,2
TMF,202609,2026-06-18 23:23:00,47650.0,47655.0,47646.0,47655.0,3
TMF,202609,2026-06-18 23:24:00,47660.0,47660.0,47660.0,47660.0,1
TMF,202609,2026-06-18 23:28:00,47670.0,47670.0,47670.0,47670.0,1
TMF,202609,2026-06-18 23:29:00,47646.0,47646.0,47630.0,47630.0,4
TMF,202609,2026-06-18 23:32:00,47630.0,47630.0,47630.0,47630.0,1
TMF,202609,2026-06-18 23:33:00,47619.0,47619.0,47619.0,47619.0,1
TMF,202609,2026-06-18 23:36:00,47601.0,47601.0,47600.0,47600.0,4
TMF,202609,2026-06-18 23:37:00,47600.0,47600.0,47600.0,47600.0,1
TMF,202609,2026-06-18 23:38:00,47590.0,47590.0,47583.0,47583.0,4
TMF,202609,2026-06-18 23:39:00,47578.0,47578.0,47578.0,47578.0,1
TMF,202609,2026-06-18 23:43:00,47636.0,47636.0,47624.0,47624.0,5
TMF,202609,2026-06-18 23:45:00,47640.0,47640.0,47640.0,47640.0,1
TMF,202609,2026-06-18 23:47:00,47656.0,47656.0,47656.0,47656.0,1
TMF,202609,2026-06-18 23:49:00,47656.0,47656.0,47656.0,47656.0,2
TMF,202609,2026-06-18 23:52:00,47681.0,47681.0,47681.0,47681.0,2
TMF,202609,2026-06-18 23:53:00,47688.0,47688.0,47688.0,47688.0,1
TMF,202609,2026-06-19 00:00:00,47708.0,47754.0,47708.0,47751.0,20
TMF,202609,2026-06-19 00:01:00,47738.0,47738.0,47738.0,47738.0,1
TMF,202609,2026-06-19 00:02:00,47751.0,47751.0,47751.0,47751.0,7
TMF,202609,2026-06-19 00:03:00,47751.0,47751.0,47751.0,47751.0,1
TMF,202609,2026-06-19 00:04:00,47767.0,47767.0,47767.0,47767.0,3
TMF,202609,2026-06-19 00:05:00,47762.0,47763.0,47760.0,47760.0,6
TMF,202609,2026-06-19 00:07:00,47760.0,47760.0,47760.0,47760.0,1
TMF,202609,2026-06-19 00:09:00,47732.0,47732.0,47732.0,47732.0,1
TMF,202609,2026-06-19 00:11:00,47750.0,47750.0,47750.0,47750.0,1
TMF,202609,2026-06-19 00:13:00,47760.0,47763.0,47760.0,47763.0,3
TMF,202609,2026-06-19 00:14:00,47763.0,47763.0,47763.0,47763.0,2
TMF,202609,2026-06-19 00:15:00,47763.0,47763.0,47763.0,47763.0,1
TMF,202609,2026-06-19 00:17:00,47763.0,47763.0,47763.0,47763.0,1
TMF,202609,2026-06-19 00:19:00,47755.0,47755.0,47755.0,47755.0,1
TMF,202609,2026-06-19 00:20:00,47755.0,47763.0,47755.0,47763.0,3
TMF,202609,2026-06-19 00:21:00,47777.0,47777.0,47777.0,47777.0,5
TMF,202609,2026-06-19 00:22:00,47796.0,47796.0,47793.0,47793.0,7
TMF,202609,2026-06-19 00:28:00,47793.0,47793.0,47793.0,47793.0,1
TMF,202609,2026-06-19 00:29:00,47790.0,47790.0,47790.0,47790.0,3
TMF,202609,2026-06-19 00:30:00,47779.0,47785.0,47779.0,47785.0,2
TMF,202609,2026-06-19 00:31:00,47784.0,47784.0,47784.0,47784.0,1
TMF,202609,2026-06-19 00:34:00,47796.0,47798.0,47796.0,47798.0,2
TMF,202609,2026-06-19 00:35:00,47800.0,47818.0,47800.0,47818.0,9
TMF,202609,2026-06-19 00:37:00,47818.0,47818.0,47818.0,47818.0,2
TMF,202609,2026-06-19 00:38:00,47811.0,47811.0,47811.0,47811.0,1
TMF,202609,2026-06-19 00:40:00,47811.0,47811.0,47811.0,47811.0,1
TMF,202609,2026-06-19 00:41:00,47806.0,47806.0,47806.0,47806.0,1
TMF,202609,2026-06-19 00:43:00,47806.0,47806.0,47806.0,47806.0,1
TMF,202609,2026-06-19 00:44:00,47806.0,47820.0,47806.0,47820.0,2
TMF,202609,2026-06-19 00:48:00,47795.0,47795.0,47795.0,47795.0,2
TMF,202609,2026-06-19 00:49:00,47810.0,47810.0,47810.0,47810.0,1
TMF,202609,2026-06-19 00:50:00,47788.0,47788.0,47788.0,47788.0,1
TMF,202609,2026-06-19 00:51:00,47784.0,47784.0,47784.0,47784.0,1
TMF,202609,2026-06-19 00:54:00,47780.0,47780.0,47780.0,47780.0,1
TMF,202609,2026-06-19 00:56:00,47777.0,47777.0,47777.0,47777.0,1
TMF,202609,2026-06-19 01:05:00,47820.0,47823.0,47820.0,47823.0,3
TMF,202609,2026-06-19 01:06:00,47850.0,47850.0,47850.0,47850.0,5
TMF,202609,2026-06-19 01:08:00,47850.0,47854.0,47850.0,47854.0,5
TMF,202609,2026-06-19 01:09:00,47862.0,47870.0,47862.0,47870.0,8
TMF,202609,2026-06-19 01:12:00,47870.0,47870.0,47870.0,47870.0,7
TMF,202609,2026-06-19 01:13:00,47870.0,47870.0,47870.0,47870.0,2
TMF,202609,2026-06-19 01:14:00,47880.0,47888.0,47880.0,47888.0,2
TMF,202609,2026-06-19 01:15:00,47876.0,47879.0,47876.0,47879.0,5
TMF,202609,2026-06-19 01:16:00,47888.0,47890.0,47888.0,47890.0,10
TMF,202609,2026-06-19 01:19:00,47899.0,47899.0,47899.0,47899.0,5
TMF,202609,2026-06-19 01:21:00,47899.0,47900.0,47899.0,47900.0,4
TMF,202609,2026-06-19 01:23:00,47900.0,47900.0,47900.0,47900.0,1
TMF,202609,2026-06-19 01:24:00,47911.0,47912.0,47911.0,47912.0,5
TMF,202609,2026-06-19 01:25:00,47886.0,47886.0,47886.0,47886.0,1
TMF,202609,2026-06-19 01:29:00,47908.0,47908.0,47908.0,47908.0,1
TMF,202609,2026-06-19 01:31:00,47920.0,47940.0,47920.0,47940.0,14
TMF,202609,2026-06-19 01:32:00,47940.0,47940.0,47940.0,47940.0,2
TMF,202609,2026-06-19 01:35:00,47940.0,47940.0,47940.0,47940.0,2
TMF,202609,2026-06-19 01:36:00,47946.0,47969.0,47946.0,47969.0,19
TMF,202609,2026-06-19 01:39:00,47963.0,47963.0,47963.0,47963.0,1
TMF,202609,2026-06-19 01:44:00,47963.0,47963.0,47963.0,47963.0,1
TMF,202609,2026-06-19 01:45:00,47963.0,47963.0,47963.0,47963.0,1
TMF,202609,2026-06-19 01:47:00,47966.0,47967.0,47966.0,47967.0,3
TMF,202609,2026-06-19 01:48:00,47978.0,47978.0,47978.0,47978.0,1
TMF,202609,2026-06-19 01:49:00,47978.0,47978.0,47967.0,47967.0,4
TMF,202609,2026-06-19 01:50:00,47946.0,47946.0,47946.0,47946.0,1
TMF,202609,2026-06-19 01:51:00,47967.0,47967.0,47967.0,47967.0,1
TMF,202609,2026-06-19 01:53:00,47963.0,47963.0,47963.0,47963.0,1
TMF,202609,2026-06-19 01:59:00,47945.0,47945.0,47945.0,47945.0,2
TMF,202609,2026-06-19 02:03:00,47940.0,47940.0,47940.0,47940.0,1
TMF,202609,2026-06-19 02:04:00,47940.0,47940.0,47940.0,47940.0,1
TMF,202609,2026-06-19 02:08:00,47986.0,47986.0,47986.0,47986.0,1
TMF,202609,2026-06-19 02:13:00,47987.0,47987.0,47987.0,47987.0,1
TMF,202609,2026-06-19 02:16:00,47977.0,47977.0,47977.0,47977.0,1
TMF,202609,2026-06-19 02:18:00,47959.0,47960.0,47959.0,47960.0,2
TMF,202609,2026-06-19 02:22:00,47984.0,47984.0,47984.0,47984.0,1
TMF,202609,2026-06-19 02:27:00,47980.0,47980.0,47980.0,47980.0,2
TMF,202609,2026-06-19 02:31:00,47940.0,47940.0,47940.0,47940.0,1
TMF,202609,2026-06-19 02:32:00,47930.0,47930.0,47920.0,47920.0,3
TMF,202609,2026-06-19 02:41:00,47950.0,47950.0,47942.0,47942.0,2
TMF,202609,2026-06-19 02:44:00,47931.0,47931.0,47931.0,47931.0,1
TMF,202609,2026-06-19 02:46:00,47950.0,47950.0,47950.0,47950.0,1
TMF,202609,2026-06-19 02:57:00,47961.0,47961.0,47961.0,47961.0,2
TMF,202609,2026-06-19 03:02:00,47925.0,47925.0,47900.0,47900.0,3
TMF,202609,2026-06-19 03:09:00,47920.0,47920.0,47920.0,47920.0,2
TMF,202609,2026-06-19 03:10:00,47910.0,47910.0,47910.0,47910.0,2
TMF,202609,2026-06-19 03:12:00,47900.0,47900.0,47900.0,47900.0,1
TMF,202609,2026-06-19 03:16:00,47900.0,47900.0,47900.0,47900.0,1
TMF,202609,2026-06-19 03:18:00,47909.0,47909.0,47909.0,47909.0,1
TMF,202609,2026-06-19 03:19:00,47950.0,47956.0,47950.0,47956.0,2
TMF,202609,2026-06-19 03:30:00,47916.0,47916.0,47910.0,47910.0,3
TMF,202609,2026-06-19 03:33:00,47918.0,47918.0,47917.0,47917.0,2
TMF,202609,2026-06-19 03:34:00,47938.0,47938.0,47938.0,47938.0,1
TMF,202609,2026-06-19 03:39:00,47956.0,47962.0,47956.0,47962.0,2
TMF,202609,2026-06-19 03:41:00,47976.0,47976.0,47976.0,47976.0,1
TMF,202609,2026-06-19 03:42:00,47987.0,47987.0,47987.0,47987.0,5
TMF,202609,2026-06-19 03:44:00,47987.0,48000.0,47987.0,48000.0,16
TMF,202609,2026-06-19 03:45:00,48000.0,48000.0,48000.0,48000.0,9
TMF,202609,2026-06-19 03:46:00,48018.0,48018.0,48018.0,48018.0,1
TMF,202609,2026-06-19 03:48:00,48024.0,48024.0,48024.0,48024.0,1
TMF,202609,2026-06-19 03:49:00,48025.0,48030.0,48025.0,48030.0,4
TMF,202609,2026-06-19 03:50:00,48027.0,48027.0,48016.0,48016.0,2
TMF,202609,2026-06-19 03:52:00,48033.0,48033.0,48033.0,48033.0,1
TMF,202609,2026-06-19 03:56:00,48005.0,48005.0,48000.0,48000.0,4
TMF,202609,2026-06-19 03:58:00,48005.0,48005.0,48005.0,48005.0,6
TMF,202609,2026-06-19 04:00:00,47950.0,47950.0,47950.0,47950.0,1
TMF,202609,2026-06-19 04:01:00,47965.0,47965.0,47965.0,47965.0,1
TMF,202609,2026-06-19 04:20:00,48006.0,48006.0,48006.0,48006.0,1
TMF,202609,2026-06-19 04:29:00,48006.0,48006.0,48006.0,48006.0,1
TMF,202609,2026-06-19 04:43:00,48001.0,48001.0,48000.0,48000.0,3
TMF,202609,2026-06-19 04:48:00,47985.0,47985.0,47985.0,47985.0,1
TMF,202609,2026-06-19 04:50:00,47971.0,47971.0,47970.0,47970.0,2
TMF,202609,2026-06-19 04:51:00,47970.0,47970.0,47970.0,47970.0,2
TMF,202609,2026-06-19 04:53:00,47971.0,47971.0,47971.0,47971.0,1
TMF,202609,2026-06-19 04:54:00,47971.0,47972.0,47971.0,47972.0,2
TMF,202609,2026-06-19 04:58:00,47985.0,47985.0,47985.0,47985.0,1
TMF,202609,2026-06-19 04:59:00,47985.0,47985.0,47985.0,47985.0,1
TMF,202612,2026-06-18 15:00:00,47814.0,47814.0,47814.0,47814.0,1
TMF,202612,2026-06-18 15:01:00,47821.0,47821.0,47821.0,47821.0,1
TMF,202612,2026-06-18 15:02:00,47850.0,47850.0,47850.0,47850.0,3
TMF,202612,2026-06-18 15:03:00,47872.0,47872.0,47872.0,47872.0,1
TMF,202612,2026-06-18 15:04:00,47889.0,47889.0,47889.0,47889.0,1
TMF,202612,2026-06-18 15:05:00,47881.0,47881.0,47881.0,47881.0,2
TMF,202612,2026-06-18 15:06:00,47889.0,47900.0,47889.0,47900.0,6
TMF,202612,2026-06-18 15:08:00,47888.0,47896.0,47888.0,47896.0,3
TMF,202612,2026-06-18 15:10:00,47894.0,47894.0,47894.0,47894.0,1
TMF,202612,2026-06-18 15:12:00,47881.0,47881.0,47881.0,47881.0,1
TMF,202612,2026-06-18 15:15:00,47864.0,47864.0,47864.0,47864.0,1
TMF,202612,2026-06-18 15:19:00,47864.0,47864.0,47864.0,47864.0,1
TMF,202612,2026-06-18 15:22:00,47853.0,47854.0,47853.0,47853.0,9
TMF,202612,2026-06-18 15:24:00,47880.0,47880.0,47880.0,47880.0,1
TMF,202612,2026-06-18 15:26:00,47881.0,47885.0,47881.0,47885.0,7
TMF,202612,2026-06-18 15:27:00,47900.0,47900.0,47900.0,47900.0,1
TMF,202612,2026-06-18 15:30:00,47885.0,47885.0,47885.0,47885.0,2
TMF,202612,2026-06-18 15:37:00,47885.0,47885.0,47885.0,47885.0,1
TMF,202612,2026-06-18 15:38:00,47900.0,47900.0,47900.0,47900.0,1
TMF,202612,2026-06-18 15:40:00,47888.0,47888.0,47888.0,47888.0,1
TMF,202612,2026-06-18 15:48:00,47847.0,47847.0,47847.0,47847.0,1
TMF,202612,2026-06-18 15:49:00,47839.0,47863.0,47839.0,47862.0,4
TMF,202612,2026-06-18 15:50:00,47861.0,47861.0,47859.0,47859.0,4
TMF,202612,2026-06-18 15:51:00,47858.0,47858.0,47857.0,47857.0,2
TMF,202612,2026-06-18 15:53:00,47880.0,47880.0,47878.0,47878.0,2
TMF,202612,2026-06-18 15:58:00,47885.0,47910.0,47885.0,47910.0,7
TMF,202612,2026-06-18 15:59:00,47920.0,47920.0,47920.0,47920.0,1
TMF,202612,2026-06-18 16:00:00,47958.0,47960.0,47958.0,47960.0,11
TMF,202612,2026-06-18 16:03:00,47974.0,47991.0,47960.0,47960.0,5
TMF,202612,2026-06-18 16:05:00,47953.0,47953.0,47947.0,47947.0,2
TMF,202612,2026-06-18 16:06:00,47980.0,47980.0,47980.0,47980.0,2
TMF,202612,2026-06-18 16:07:00,47980.0,48005.0,47980.0,48005.0,10
TMF,202612,2026-06-18 16:10:00,48006.0,48006.0,48005.0,48005.0,17
TMF,202612,2026-06-18 16:11:00,48005.0,48005.0,48005.0,48005.0,3
TMF,202612,2026-06-18 16:12:00,48002.0,48002.0,48000.0,48000.0,7
TMF,202612,2026-06-18 16:13:00,47989.0,47989.0,47983.0,47983.0,8
TMF,202612,2026-06-18 16:16:00,47952.0,47952.0,47949.0,47949.0,3
TMF,202612,2026-06-18 16:18:00,47952.0,47952.0,47952.0,47952.0,2
TMF,202612,2026-06-18 16:20:00,47947.0,47947.0,47947.0,47947.0,1
TMF,202612,2026-06-18 16:21:00,47941.0,47941.0,47913.0,47913.0,2
TMF,202612,2026-06-18 16:22:00,47916.0,47916.0,47916.0,47916.0,1
TMF,202612,2026-06-18 16:23:00,47932.0,47932.0,47932.0,47932.0,1
TMF,202612,2026-06-18 16:26:00,47920.0,47930.0,47920.0,47930.0,2
TMF,202612,2026-06-18 16:34:00,47920.0,47920.0,47915.0,47915.0,5
TMF,202612,2026-06-18 16:39:00,47973.0,47973.0,47973.0,47973.0,1
TMF,202612,2026-06-18 16:44:00,47962.0,47962.0,47962.0,47962.0,2
TMF,202612,2026-06-18 16:45:00,47964.0,47965.0,47950.0,47950.0,3
TMF,202612,2026-06-18 16:47:00,47944.0,47944.0,47944.0,47944.0,1
TMF,202612,2026-06-18 16:49:00,47945.0,47945.0,47945.0,47945.0,1
TMF,202612,2026-06-18 16:52:00,47915.0,47915.0,47906.0,47906.0,4
TMF,202612,2026-06-18 16:55:00,47900.0,47900.0,47900.0,47900.0,1
TMF,202612,2026-06-18 16:56:00,47895.0,47895.0,47858.0,47858.0,6
TMF,202612,2026-06-18 17:00:00,47850.0,47850.0,47850.0,47850.0,2
TMF,202612,2026-06-18 17:02:00,47878.0,47878.0,47878.0,47878.0,1
TMF,202612,2026-06-18 17:05:00,47898.0,47898.0,47898.0,47898.0,1
TMF,202612,2026-06-18 17:08:00,47935.0,47942.0,47935.0,47942.0,5
TMF,202612,2026-06-18 17:10:00,47904.0,47904.0,47904.0,47904.0,1
TMF,202612,2026-06-18 17:22:00,47900.0,47900.0,47900.0,47900.0,1
TMF,202612,2026-06-18 17:31:00,47880.0,47880.0,47880.0,47880.0,1
TMF,202612,2026-06-18 17:39:00,47920.0,47920.0,47920.0,47920.0,1
TMF,202612,2026-06-18 17:43:00,47930.0,47930.0,47930.0,47930.0,1
TMF,202612,2026-06-18 17:44:00,47935.0,47936.0,47935.0,47936.0,2
TMF,202612,2026-06-18 17:50:00,47940.0,47950.0,47940.0,47950.0,2
TMF,202612,2026-06-18 17:51:00,47960.0,47960.0,47960.0,47960.0,1
TMF,202612,2026-06-18 17:55:00,47960.0,47960.0,47960.0,47960.0,5
TMF,202612,2026-06-18 17:58:00,47961.0,47961.0,47960.0,47960.0,2
TMF,202612,2026-06-18 17:59:00,47966.0,47966.0,47966.0,47966.0,1
TMF,202612,2026-06-18 18:00:00,47966.0,47966.0,47966.0,47966.0,2
TMF,202612,2026-06-18 18:02:00,47946.0,47946.0,47946.0,47946.0,1
TMF,202612,2026-06-18 18:04:00,47954.0,47954.0,47950.0,47950.0,4
TMF,202612,2026-06-18 18:09:00,47949.0,47949.0,47949.0,47949.0,1
TMF,202612,2026-06-18 18:11:00,47940.0,47940.0,47940.0,47940.0,3
TMF,202612,2026-06-18 18:13:00,47948.0,47949.0,47948.0,47949.0,2
TMF,202612,2026-06-18 18:23:00,47948.0,47948.0,47948.0,47948.0,1
TMF,202612,2026-06-18 18:29:00,47970.0,47970.0,47970.0,47970.0,1
TMF,202612,2026-06-18 18:33:00,47935.0,47935.0,47935.0,47935.0,1
TMF,202612,2026-06-18 18:38:00,47900.0,47900.0,47900.0,47900.0,1
TMF,202612,2026-06-18 18:41:00,47911.0,47911.0,47907.0,47907.0,2
TMF,202612,2026-06-18 18:42:00,47902.0,47902.0,47902.0,47902.0,1
TMF,202612,2026-06-18 18:43:00,47892.0,47892.0,47886.0,47886.0,3
TMF,202612,2026-06-18 18:46:00,47859.0,47859.0,47858.0,47858.0,7
TMF,202612,2026-06-18 18:48:00,47861.0,47870.0,47861.0,47870.0,7
TMF,202612,2026-06-18 19:00:00,47906.0,47906.0,47906.0,47906.0,2
TMF,202612,2026-06-18 19:04:00,47906.0,47906.0,47906.0,47906.0,1
TMF,202612,2026-06-18 19:06:00,47872.0,47872.0,47867.0,47867.0,3
TMF,202612,2026-06-18 19:09:00,47860.0,47860.0,47860.0,47860.0,1
TMF,202612,2026-06-18 19:11:00,47835.0,47835.0,47835.0,47835.0,5
TMF,202612,2026-06-18 19:14:00,47860.0,47860.0,47860.0,47860.0,5
TMF,202612,2026-06-18 19:24:00,47850.0,47850.0,47850.0,47850.0,2
TMF,202612,2026-06-18 19:25:00,47854.0,47860.0,47847.0,47860.0,9
TMF,202612,2026-06-18 19:33:00,47880.0,47880.0,47862.0,47862.0,2
TMF,202612,2026-06-18 19:38:00,47840.0,47840.0,47788.0,47805.0,11
TMF,202612,2026-06-18 19:39:00,47805.0,47805.0,47805.0,47805.0,1
TMF,202612,2026-06-18 19:41:00,47806.0,47806.0,47805.0,47805.0,7
TMF,202612,2026-06-18 19:42:00,47831.0,47831.0,47831.0,47831.0,1
TMF,202612,2026-06-18 19:44:00,47862.0,47862.0,47862.0,47862.0,1
TMF,202612,2026-06-18 19:47:00,47832.0,47832.0,47832.0,47832.0,1
TMF,202612,2026-06-18 19:48:00,47830.0,47830.0,47830.0,47830.0,1
TMF,202612,2026-06-18 19:51:00,47848.0,47860.0,47848.0,47860.0,4
TMF,202612,2026-06-18 19:59:00,47897.0,47897.0,47897.0,47897.0,1
TMF,202612,2026-06-18 20:03:00,47897.0,47897.0,47897.0,47897.0,10
TMF,202612,2026-06-18 20:12:00,47921.0,47921.0,47921.0,47921.0,3
TMF,202612,2026-06-18 20:15:00,47921.0,47946.0,47921.0,47946.0,4
TMF,202612,2026-06-18 20:16:00,47917.0,47917.0,47917.0,47917.0,1
TMF,202612,2026-06-18 20:17:00,47917.0,47917.0,47917.0,47917.0,1
TMF,202612,2026-06-18 20:19:00,47920.0,47920.0,47920.0,47920.0,1
TMF,202612,2026-06-18 20:26:00,47929.0,47929.0,47929.0,47929.0,1
TMF,202612,2026-06-18 20:29:00,47958.0,47958.0,47958.0,47958.0,1
TMF,202612,2026-06-18 20:30:00,47959.0,47959.0,47959.0,47959.0,1
TMF,202612,2026-06-18 20:32:00,47978.0,47978.0,47978.0,47978.0,1
TMF,202612,2026-06-18 20:33:00,47955.0,47955.0,47955.0,47955.0,1
TMF,202612,2026-06-18 20:36:00,47987.0,47987.0,47987.0,47987.0,1
TMF,202612,2026-06-18 20:42:00,47982.0,47985.0,47982.0,47985.0,3
TMF,202612,2026-06-18 20:48:00,47985.0,47985.0,47985.0,47985.0,1
TMF,202612,2026-06-18 20:49:00,47962.0,47962.0,47962.0,47962.0,1
TMF,202612,2026-06-18 20:55:00,47973.0,47973.0,47973.0,47973.0,1
TMF,202612,2026-06-18 20:57:00,47993.0,48002.0,47993.0,48002.0,10
TMF,202612,2026-06-18 20:59:00,48000.0,48000.0,48000.0,48000.0,2
TMF,202612,2026-06-18 21:00:00,48000.0,48000.0,48000.0,48000.0,1
TMF,202612,2026-06-18 21:12:00,48005.0,48005.0,48005.0,48005.0,1
TMF,202612,2026-06-18 21:14:00,48005.0,48005.0,48005.0,48005.0,1
TMF,202612,2026-06-18 21:16:00,48005.0,48005.0,48005.0,48005.0,1
TMF,202612,2026-06-18 21:17:00,48009.0,48010.0,48009.0,48010.0,2
TMF,202612,2026-06-18 21:18:00,48021.0,48021.0,48021.0,48021.0,2
TMF,202612,2026-06-18 21:24:00,48000.0,48000.0,48000.0,48000.0,1
TMF,202612,2026-06-18 21:26:00,48023.0,48026.0,48001.0,48001.0,3
TMF,202612,2026-06-18 21:27:00,48001.0,48001.0,48001.0,48001.0,1
TMF,202612,2026-06-18 21:28:00,48050.0,48078.0,48043.0,48076.0,7
TMF,202612,2026-06-18 21:29:00,48061.0,48062.0,48061.0,48062.0,2
TMF,202612,2026-06-18 21:30:00,48044.0,48088.0,48044.0,48088.0,8
TMF,202612,2026-06-18 21:31:00,48070.0,48070.0,48070.0,48070.0,1
TMF,202612,2026-06-18 21:32:00,48159.0,48177.0,48159.0,48177.0,5
TMF,202612,2026-06-18 21:33:00,48186.0,48186.0,48174.0,48174.0,3
TMF,202612,2026-06-18 21:35:00,48166.0,48166.0,48166.0,48166.0,1
TMF,202612,2026-06-18 21:36:00,48173.0,48173.0,48167.0,48168.0,4
TMF,202612,2026-06-18 21:37:00,48119.0,48167.0,48119.0,48167.0,3
TMF,202612,2026-06-18 21:38:00,48160.0,48168.0,48160.0,48168.0,6
TMF,202612,2026-06-18 21:39:00,48174.0,48184.0,48174.0,48184.0,6
TMF,202612,2026-06-18 21:40:00,48153.0,48153.0,48143.0,48143.0,2
TMF,202612,2026-06-18 21:42:00,48184.0,48215.0,48184.0,48200.0,10
TMF,202612,2026-06-18 21:43:00,48186.0,48186.0,48183.0,48183.0,2
TMF,202612,2026-06-18 21:44:00,48138.0,48138.0,48132.0,48132.0,2
TMF,202612,2026-06-18 21:45:00,48134.0,48150.0,48134.0,48150.0,2
TMF,202612,2026-06-18 21:46:00,48157.0,48157.0,48157.0,48157.0,3
TMF,202612,2026-06-18 21:49:00,48187.0,48200.0,48187.0,48200.0,4
TMF,202612,2026-06-18 21:50:00,48200.0,48200.0,48200.0,48200.0,1
TMF,202612,2026-06-18 21:51:00,48210.0,48210.0,48210.0,48210.0,1
TMF,202612,2026-06-18 21:52:00,48209.0,48209.0,48206.0,48206.0,3
TMF,202612,2026-06-18 21:53:00,48210.0,48210.0,48210.0,48210.0,1
TMF,202612,2026-06-18 21:54:00,48200.0,48200.0,48200.0,48200.0,1
TMF,202612,2026-06-18 21:57:00,48150.0,48150.0,48150.0,48150.0,1
TMF,202612,2026-06-18 21:58:00,48150.0,48150.0,48150.0,48150.0,1
TMF,202612,2026-06-18 21:59:00,48150.0,48150.0,48150.0,48150.0,2
TMF,202612,2026-06-18 22:00:00,48191.0,48192.0,48191.0,48192.0,2
TMF,202612,2026-06-18 22:03:00,48215.0,48220.0,48215.0,48220.0,3
TMF,202612,2026-06-18 22:04:00,48249.0,48249.0,48249.0,48249.0,2
TMF,202612,2026-06-18 22:06:00,48248.0,48248.0,48248.0,48248.0,2
TMF,202612,2026-06-18 22:07:00,48248.0,48248.0,48248.0,48248.0,3
TMF,202612,2026-06-18 22:10:00,48223.0,48223.0,48223.0,48223.0,1
TMF,202612,2026-06-18 22:11:00,48212.0,48212.0,48212.0,48212.0,2
TMF,202612,2026-06-18 22:15:00,48173.0,48173.0,48173.0,48173.0,1
TMF,202612,2026-06-18 22:16:00,48230.0,48230.0,48230.0,48230.0,1
TMF,202612,2026-06-18 22:18:00,48248.0,48250.0,48248.0,48250.0,3
TMF,202612,2026-06-18 22:19:00,48255.0,48265.0,48238.0,48265.0,7
TMF,202612,2026-06-18 22:20:00,48236.0,48236.0,48236.0,48236.0,1
TMF,202612,2026-06-18 22:21:00,48269.0,48269.0,48269.0,48269.0,1
TMF,202612,2026-06-18 22:22:00,48269.0,48269.0,48269.0,48269.0,1
TMF,202612,2026-06-18 22:23:00,48288.0,48300.0,48288.0,48300.0,16
TMF,202612,2026-06-18 22:24:00,48307.0,48326.0,48307.0,48326.0,4
TMF,202612,2026-06-18 22:26:00,48307.0,48307.0,48307.0,48307.0,4
TMF,202612,2026-06-18 22:30:00,48270.0,48270.0,48269.0,48269.0,11
TMF,202612,2026-06-18 22:32:00,48269.0,48280.0,48269.0,48280.0,2
TMF,202612,2026-06-18 22:34:00,48280.0,48280.0,48280.0,48280.0,1
TMF,202612,2026-06-18 22:36:00,48280.0,48322.0,48280.0,48322.0,2
TMF,202612,2026-06-18 22:37:00,48304.0,48304.0,48304.0,48304.0,1
TMF,202612,2026-06-18 22:41:00,48304.0,48304.0,48304.0,48304.0,1
TMF,202612,2026-06-18 22:50:00,48317.0,48317.0,48317.0,48317.0,1
TMF,202612,2026-06-18 22:52:00,48319.0,48319.0,48319.0,48319.0,1
TMF,202612,2026-06-18 22:53:00,48319.0,48319.0,48319.0,48319.0,1
TMF,202612,2026-06-18 22:55:00,48319.0,48319.0,48319.0,48319.0,1
TMF,202612,2026-06-18 22:56:00,48310.0,48310.0,48307.0,48307.0,6
TMF,202612,2026-06-18 22:58:00,48342.0,48353.0,48327.0,48353.0,5
TMF,202612,2026-06-18 23:01:00,48331.0,48331.0,48307.0,48307.0,2
TMF,202612,2026-06-18 23:02:00,48295.0,48295.0,48295.0,48295.0,1
TMF,202612,2026-06-18 23:03:00,48312.0,48313.0,48312.0,48313.0,2
TMF,202612,2026-06-18 23:04:00,48304.0,48304.0,48304.0,48304.0,1
TMF,202612,2026-06-18 23:06:00,48304.0,48304.0,48304.0,48304.0,6
TMF,202612,2026-06-18 23:08:00,48314.0,48314.0,48314.0,48314.0,1
TMF,202612,2026-06-18 23:14:00,48305.0,48305.0,48298.0,48298.0,3
TMF,202612,2026-06-18 23:19:00,48300.0,48300.0,48298.0,48298.0,7
TMF,202612,2026-06-18 23:21:00,48299.0,48299.0,48299.0,48299.0,1
TMF,202612,2026-06-18 23:22:00,48298.0,48298.0,48298.0,48298.0,5
TMF,202612,2026-06-18 23:29:00,48298.0,48298.0,48298.0,48298.0,1
TMF,202612,2026-06-18 23:32:00,48284.0,48284.0,48284.0,48284.0,1
TMF,202612,2026-06-18 23:35:00,48268.0,48268.0,48268.0,48268.0,1
TMF,202612,2026-06-18 23:36:00,48255.0,48255.0,48236.0,48236.0,6
TMF,202612,2026-06-18 23:37:00,48257.0,48257.0,48257.0,48257.0,2
TMF,202612,2026-06-18 23:38:00,48257.0,48257.0,48257.0,48257.0,2
TMF,202612,2026-06-18 23:39:00,48257.0,48257.0,48257.0,48257.0,2
TMF,202612,2026-06-18 23:41:00,48275.0,48312.0,48275.0,48312.0,4
TMF,202612,2026-06-18 23:49:00,48288.0,48288.0,48288.0,48288.0,1
TMF,202612,2026-06-18 23:50:00,48300.0,48300.0,48300.0,48300.0,1
TMF,202612,2026-06-18 23:57:00,48327.0,48327.0,48327.0,48327.0,1
TMF,202612,2026-06-18 23:59:00,48327.0,48327.0,48327.0,48327.0,1
TMF,202612,2026-06-19 00:00:00,48346.0,48387.0,48346.0,48387.0,20
TMF,202612,2026-06-19 00:01:00,48362.0,48362.0,48362.0,48362.0,1
TMF,202612,2026-06-19 00:02:00,48388.0,48388.0,48380.0,48380.0,2
TMF,202612,2026-06-19 00:04:00,48399.0,48399.0,48399.0,48399.0,1
TMF,202612,2026-06-19 00:07:00,48383.0,48383.0,48383.0,48383.0,1
TMF,202612,2026-06-19 00:08:00,48375.0,48375.0,48375.0,48375.0,1
TMF,202612,2026-06-19 00:09:00,48362.0,48362.0,48362.0,48362.0,1
TMF,202612,2026-06-19 00:11:00,48380.0,48380.0,48380.0,48380.0,1
TMF,202612,2026-06-19 00:12:00,48380.0,48406.0,48380.0,48406.0,3
TMF,202612,2026-06-19 00:15:00,48416.0,48416.0,48416.0,48416.0,1
TMF,202612,2026-06-19 00:21:00,48416.0,48416.0,48416.0,48416.0,2
TMF,202612,2026-06-19 00:22:00,48408.0,48408.0,48407.0,48407.0,2
TMF,202612,2026-06-19 00:35:00,48469.0,48470.0,48469.0,48470.0,2
TMF,202612,2026-06-19 00:39:00,48470.0,48470.0,48470.0,48470.0,1
TMF,202612,2026-06-19 00:46:00,48460.0,48460.0,48460.0,48460.0,1
TMF,202612,2026-06-19 00:49:00,48460.0,48460.0,48460.0,48460.0,1
TMF,202612,2026-06-19 00:50:00,48450.0,48450.0,48440.0,48440.0,3
TMF,202612,2026-06-19 00:51:00,48440.0,48440.0,48440.0,48440.0,1
TMF,202612,2026-06-19 00:56:00,48422.0,48422.0,48422.0,48422.0,1
TMF,202612,2026-06-19 00:57:00,48451.0,48460.0,48451.0,48460.0,10
TMF,202612,2026-06-19 01:00:00,48441.0,48441.0,48441.0,48441.0,1
TMF,202612,2026-06-19 01:05:00,48470.0,48470.0,48460.0,48460.0,2
TMF,202612,2026-06-19 01:08:00,48476.0,48484.0,48476.0,48484.0,4
TMF,202612,2026-06-19 01:12:00,48487.0,48487.0,48484.0,48484.0,10
TMF,202612,2026-06-19 01:16:00,48491.0,48500.0,48491.0,48500.0,11
TMF,202612,2026-06-19 01:18:00,48520.0,48520.0,48520.0,48520.0,1
TMF,202612,2026-06-19 01:20:00,48530.0,48530.0,48530.0,48530.0,1
TMF,202612,2026-06-19 01:30:00,48529.0,48529.0,48529.0,48529.0,1
TMF,202612,2026-06-19 01:47:00,48569.0,48569.0,48569.0,48569.0,1
TMF,202612,2026-06-19 02:01:00,48573.0,48573.0,48573.0,48573.0,1
TMF,202612,2026-06-19 02:11:00,48599.0,48600.0,48599.0,48600.0,8
TMF,202612,2026-06-19 02:19:00,48598.0,48600.0,48598.0,48600.0,6
TMF,202612,2026-06-19 02:22:00,48600.0,48600.0,48600.0,48600.0,1
TMF,202612,2026-06-19 02:23:00,48607.0,48608.0,48607.0,48608.0,2
TMF,202612,2026-06-19 02:32:00,48601.0,48601.0,48601.0,48601.0,1
TMF,202612,2026-06-19 02:33:00,48580.0,48580.0,48580.0,48580.0,5
TMF,202612,2026-06-19 02:36:00,48617.0,48617.0,48617.0,48617.0,1
TMF,202612,2026-06-19 02:41:00,48621.0,48621.0,48621.0,48621.0,1
TMF,202612,2026-06-19 02:42:00,48620.0,48620.0,48608.0,48608.0,5
TMF,202612,2026-06-19 02:43:00,48608.0,48608.0,48600.0,48600.0,5
TMF,202612,2026-06-19 02:59:00,48598.0,48598.0,48598.0,48598.0,1
TMF,202612,2026-06-19 03:26:00,48590.0,48590.0,48590.0,48590.0,1
TMF,202612,2026-06-19 03:41:00,48592.0,48592.0,48592.0,48592.0,1
TMF,202612,2026-06-19 03:43:00,48598.0,48598.0,48597.0,48597.0,2
TMF,202612,2026-06-19 03:45:00,48630.0,48630.0,48630.0,48630.0,5
TMF,202612,2026-06-19 03:56:00,48676.0,48676.0,48669.0,48669.0,2
TMF,202612,2026-06-19 04:00:00,48636.0,48636.0,48602.0,48602.0,4
TMF,202612,2026-06-19 04:04:00,48638.0,48638.0,48638.0,48638.0,1
TMF,202612,2026-06-19 04:56:00,48645.0,48645.0,48645.0,48645.0,1
TMF,202612,2026-06-19 04:59:00,48615.0,48615.0,48615.0,48615.0,1
TMF,202703,2026-06-18 15:05:00,48674.0,48674.0,48674.0,48674.0,1
TMF,202703,2026-06-18 15:06:00,48707.0,48707.0,48707.0,48707.0,1
TMF,202703,2026-06-18 15:07:00,48710.0,48710.0,48710.0,48710.0,1
TMF,202703,2026-06-18 15:08:00,48700.0,48700.0,48700.0,48700.0,2
TMF,202703,2026-06-18 15:10:00,48701.0,48701.0,48700.0,48700.0,3
TMF,202703,2026-06-18 15:14:00,48650.0,48650.0,48650.0,48650.0,1
TMF,202703,2026-06-18 15:15:00,48649.0,48649.0,48649.0,48649.0,1
TMF,202703,2026-06-18 15:17:00,48649.0,48649.0,48649.0,48649.0,2
TMF,202703,2026-06-18 15:19:00,48649.0,48649.0,48649.0,48649.0,2
TMF,202703,2026-06-18 15:22:00,48649.0,48649.0,48649.0,48649.0,1
TMF,202703,2026-06-18 15:28:00,48700.0,48700.0,48700.0,48700.0,2
TMF,202703,2026-06-18 15:30:00,48652.0,48652.0,48652.0,48652.0,1
TMF,202703,2026-06-18 15:33:00,48649.0,48649.0,48649.0,48649.0,1
TMF,202703,2026-06-18 15:49:00,48660.0,48660.0,48660.0,48660.0,1
TMF,202703,2026-06-18 15:51:00,48682.0,48682.0,48663.0,48663.0,6
TMF,202703,2026-06-18 15:52:00,48664.0,48664.0,48664.0,48664.0,1
TMF,202703,2026-06-18 15:53:00,48687.0,48688.0,48687.0,48688.0,2
TMF,202703,2026-06-18 16:00:00,48750.0,48756.0,48750.0,48755.0,3
TMF,202703,2026-06-18 16:03:00,48756.0,48756.0,48756.0,48756.0,1
TMF,202703,2026-06-18 16:06:00,48756.0,48756.0,48756.0,48756.0,1
TMF,202703,2026-06-18 16:07:00,48800.0,48800.0,48800.0,48800.0,2
TMF,202703,2026-06-18 16:08:00,48801.0,48807.0,48801.0,48807.0,2
TMF,202703,2026-06-18 16:10:00,48824.0,48824.0,48823.0,48823.0,2
TMF,202703,2026-06-18 16:11:00,48822.0,48822.0,48818.0,48818.0,6
TMF,202703,2026-06-18 16:18:00,48766.0,48766.0,48766.0,48766.0,1
TMF,202703,2026-06-18 16:35:00,48741.0,48741.0,48741.0,48741.0,1
TMF,202703,2026-06-18 16:39:00,48766.0,48766.0,48766.0,48766.0,4
TMF,202703,2026-06-18 16:44:00,48766.0,48766.0,48766.0,48766.0,2
TMF,202703,2026-06-18 16:50:00,48766.0,48766.0,48766.0,48766.0,1
TMF,202703,2026-06-18 16:52:00,48720.0,48720.0,48715.0,48715.0,3
TMF,202703,2026-06-18 16:56:00,48715.0,48715.0,48700.0,48700.0,3
TMF,202703,2026-06-18 16:57:00,48650.0,48650.0,48650.0,48650.0,1
TMF,202703,2026-06-18 17:28:00,48715.0,48715.0,48715.0,48715.0,1
TMF,202703,2026-06-18 17:35:00,48687.0,48687.0,48687.0,48687.0,1
TMF,202703,2026-06-18 17:41:00,48751.0,48751.0,48751.0,48751.0,1
TMF,202703,2026-06-18 17:51:00,48769.0,48769.0,48769.0,48769.0,1
TMF,202703,2026-06-18 17:53:00,48772.0,48772.0,48772.0,48772.0,1
TMF,202703,2026-06-18 18:10:00,48747.0,48747.0,48747.0,48747.0,1
TMF,202703,2026-06-18 18:13:00,48743.0,48745.0,48743.0,48745.0,2
TMF,202703,2026-06-18 18:20:00,48753.0,48753.0,48753.0,48753.0,1
TMF,202703,2026-06-18 18:32:00,48763.0,48763.0,48763.0,48763.0,1
TMF,202703,2026-06-18 18:34:00,48727.0,48731.0,48727.0,48731.0,2
TMF,202703,2026-06-18 18:36:00,48709.0,48709.0,48709.0,48709.0,1
TMF,202703,2026-06-18 18:37:00,48707.0,48714.0,48707.0,48714.0,2
TMF,202703,2026-06-18 18:48:00,48668.0,48669.0,48668.0,48669.0,2
TMF,202703,2026-06-18 18:49:00,48670.0,48672.0,48670.0,48672.0,3
TMF,202703,2026-06-18 18:52:00,48675.0,48675.0,48674.0,48674.0,2
TMF,202703,2026-06-18 19:06:00,48674.0,48674.0,48674.0,48674.0,1
TMF,202703,2026-06-18 19:40:00,48600.0,48600.0,48600.0,48600.0,2
TMF,202703,2026-06-18 20:08:00,48696.0,48696.0,48696.0,48696.0,1
TMF,202703,2026-06-18 20:31:00,48751.0,48751.0,48751.0,48751.0,1
TMF,202703,2026-06-18 20:34:00,48730.0,48730.0,48730.0,48730.0,1
TMF,202703,2026-06-18 20:57:00,48780.0,48800.0,48780.0,48800.0,2
TMF,202703,2026-06-18 21:16:00,48800.0,48800.0,48800.0,48800.0,1
TMF,202703,2026-06-18 21:28:00,48840.0,48850.0,48840.0,48850.0,3
TMF,202703,2026-06-18 21:30:00,48888.0,48900.0,48888.0,48900.0,9
TMF,202703,2026-06-18 21:32:00,48950.0,48950.0,48950.0,48950.0,2
TMF,202703,2026-06-18 21:33:00,48970.0,48992.0,48970.0,48992.0,2
TMF,202703,2026-06-18 21:35:00,48940.0,48940.0,48940.0,48940.0,1
TMF,202703,2026-06-18 21:36:00,48940.0,48940.0,48940.0,48940.0,3
TMF,202703,2026-06-18 21:37:00,48940.0,48940.0,48940.0,48940.0,2
TMF,202703,2026-06-18 21:40:00,48955.0,48970.0,48943.0,48943.0,4
TMF,202703,2026-06-18 21:41:00,48980.0,48980.0,48980.0,48980.0,1
TMF,202703,2026-06-18 21:43:00,49000.0,49000.0,48940.0,48940.0,2
TMF,202703,2026-06-18 21:50:00,48979.0,48979.0,48974.0,48974.0,3
TMF,202703,2026-06-18 21:51:00,49000.0,49000.0,49000.0,49000.0,2
TMF,202703,2026-06-18 22:01:00,48985.0,48985.0,48985.0,48985.0,2
TMF,202703,2026-06-18 22:03:00,49000.0,49013.0,49000.0,49013.0,4
TMF,202703,2026-06-18 22:04:00,49013.0,49013.0,49013.0,49013.0,1
TMF,202703,2026-06-18 22:05:00,48994.0,48994.0,48994.0,48994.0,2
TMF,202703,2026-06-18 22:08:00,49020.0,49020.0,49020.0,49020.0,1
TMF,202703,2026-06-18 22:11:00,49018.0,49018.0,49018.0,49018.0,1
TMF,202703,2026-06-18 22:13:00,48996.0,48996.0,48996.0,48996.0,1
TMF,202703,2026-06-18 22:14:00,48981.0,48981.0,48981.0,48981.0,2
TMF,202703,2026-06-18 22:15:00,48981.0,48981.0,48980.0,48980.0,2
TMF,202703,2026-06-18 22:16:00,48980.0,48980.0,48980.0,48980.0,2
TMF,202703,2026-06-18 22:19:00,49048.0,49050.0,49048.0,49050.0,2
TMF,202703,2026-06-18 22:21:00,49050.0,49050.0,49050.0,49050.0,1
TMF,202703,2026-06-18 22:22:00,49050.0,49064.0,49050.0,49064.0,2
TMF,202703,2026-06-18 22:23:00,49068.0,49068.0,49068.0,49068.0,1
TMF,202703,2026-06-18 22:26:00,49106.0,49106.0,49106.0,49106.0,1
TMF,202703,2026-06-18 22:28:00,49076.0,49076.0,49076.0,49076.0,2
TMF,202703,2026-06-18 22:29:00,49076.0,49076.0,49068.0,49068.0,20
TMF,202703,2026-06-18 22:30:00,49068.0,49068.0,49056.0,49056.0,2
TMF,202703,2026-06-18 22:36:00,49098.0,49098.0,49098.0,49098.0,1
TMF,202703,2026-06-18 22:41:00,49098.0,49098.0,49098.0,49098.0,2
TMF,202703,2026-06-18 22:42:00,49098.0,49098.0,49098.0,49098.0,2
TMF,202703,2026-06-18 22:45:00,49114.0,49115.0,49114.0,49115.0,2
TMF,202703,2026-06-18 22:51:00,49124.0,49124.0,49118.0,49118.0,5
TMF,202703,2026-06-18 22:59:00,49134.0,49134.0,49134.0,49134.0,1
TMF,202703,2026-06-18 23:02:00,49089.0,49089.0,49089.0,49089.0,1
TMF,202703,2026-06-18 23:04:00,49109.0,49109.0,49109.0,49109.0,1
TMF,202703,2026-06-18 23:11:00,49142.0,49142.0,49142.0,49142.0,3
TMF,202703,2026-06-18 23:14:00,49108.0,49108.0,49096.0,49096.0,18
TMF,202703,2026-06-18 23:19:00,49088.0,49088.0,49088.0,49088.0,1
TMF,202703,2026-06-18 23:29:00,49068.0,49068.0,49068.0,49068.0,1
TMF,202703,2026-06-18 23:36:00,49039.0,49039.0,49039.0,49039.0,1
TMF,202703,2026-06-18 23:38:00,49049.0,49049.0,49049.0,49049.0,1
TMF,202703,2026-06-18 23:52:00,49110.0,49110.0,49110.0,49110.0,1
TMF,202703,2026-06-18 23:57:00,49123.0,49123.0,49123.0,49123.0,1
TMF,202703,2026-06-19 00:00:00,49148.0,49158.0,49148.0,49158.0,5
TMF,202703,2026-06-19 00:02:00,49174.0,49193.0,49174.0,49193.0,2
TMF,202703,2026-06-19 00:07:00,49178.0,49178.0,49178.0,49178.0,1
TMF,202703,2026-06-19 00:09:00,49158.0,49158.0,49158.0,49158.0,1
TMF,202703,2026-06-19 00:21:00,49193.0,49200.0,49193.0,49200.0,2
TMF,202703,2026-06-19 00:29:00,49200.0,49200.0,49200.0,49200.0,2
TMF,202703,2026-06-19 00:34:00,49224.0,49224.0,49224.0,49224.0,1
TMF,202703,2026-06-19 00:39:00,49230.0,49230.0,49230.0,49230.0,1
TMF,202703,2026-06-19 00:50:00,49232.0,49232.0,49230.0,49230.0,3
TMF,202703,2026-06-19 00:55:00,49199.0,49199.0,49199.0,49199.0,1
TMF,202703,2026-06-19 01:11:00,49283.0,49283.0,49283.0,49283.0,1
TMF,202703,2026-06-19 01:16:00,49320.0,49320.0,49320.0,49320.0,1
TMF,202703,2026-06-19 01:18:00,49346.0,49346.0,49346.0,49346.0,1
TMF,202703,2026-06-19 01:36:00,49387.0,49387.0,49387.0,49387.0,1
TMF,202703,2026-06-19 01:40:00,49387.0,49387.0,49387.0,49387.0,3
TMF,202703,2026-06-19 02:03:00,49387.0,49387.0,49387.0,49387.0,1
TMF,202703,2026-06-19 02:08:00,49400.0,49400.0,49400.0,49400.0,1
TMF,202703,2026-06-19 02:38:00,49387.0,49387.0,49387.0,49387.0,1
TMF,202703,2026-06-19 02:43:00,49385.0,49385.0,49385.0,49385.0,1
TMF,202703,2026-06-19 03:02:00,49358.0,49358.0,49358.0,49358.0,2
TMF,202703,2026-06-19 03:54:00,49479.0,49479.0,49479.0,49479.0,1
TMF,202703,2026-06-19 03:55:00,49468.0,49468.0,49468.0,49468.0,1
TMF,202703,2026-06-19 03:58:00,49460.0,49460.0,49460.0,49460.0,1
TMF,202703,2026-06-19 04:03:00,49428.0,49428.0,49428.0,49428.0,1
TMF,202703,2026-06-19 04:21:00,49471.0,49471.0,49471.0,49471.0,2
TMF,202703,2026-06-19 04:34:00,49469.0,49469.0,49469.0,49469.0,1
TMF,202703,2026-06-19 04:57:00,49400.0,49400.0,49400.0,49400.0,1
TMF,202703,2026-06-19 04:58:00,49410.0,49410.0,49410.0,49410.0,1
TMF,202706,2026-06-18 15:02:00,49469.0,49470.0,49469.0,49470.0,5
TMF,202706,2026-06-18 15:06:00,49500.0,49500.0,49500.0,49500.0,1
TMF,202706,2026-06-18 15:12:00,49500.0,49500.0,49500.0,49500.0,3
TMF,202706,2026-06-18 15:13:00,49500.0,49500.0,49500.0,49500.0,2
TMF,202706,2026-06-18 15:27:00,49500.0,49500.0,49500.0,49500.0,1
TMF,202706,2026-06-18 15:45:00,49509.0,49509.0,49509.0,49509.0,1
TMF,202706,2026-06-18 16:09:00,49650.0,49650.0,49650.0,49650.0,1
TMF,202706,2026-06-18 16:11:00,49650.0,49650.0,49650.0,49650.0,1
TMF,202706,2026-06-18 16:13:00,49620.0,49620.0,49619.0,49619.0,3
TMF,202706,2026-06-18 16:14:00,49608.0,49608.0,49601.0,49603.0,7
TMF,202706,2026-06-18 16:15:00,49604.0,49604.0,49600.0,49600.0,5
TMF,202706,2026-06-18 16:18:00,49590.0,49590.0,49588.0,49588.0,7
TMF,202706,2026-06-18 16:21:00,49558.0,49558.0,49558.0,49558.0,12
TMF,202706,2026-06-18 16:46:00,49590.0,49591.0,49590.0,49591.0,2
TMF,202706,2026-06-18 16:56:00,49509.0,49509.0,49509.0,49509.0,1
TMF,202706,2026-06-18 17:02:00,49513.0,49513.0,49513.0,49513.0,1
TMF,202706,2026-06-18 17:15:00,49513.0,49513.0,49513.0,49513.0,1
TMF,202706,2026-06-18 17:20:00,49517.0,49517.0,49517.0,49517.0,1
TMF,202706,2026-06-18 17:24:00,49517.0,49517.0,49517.0,49517.0,1
TMF,202706,2026-06-18 17:30:00,49517.0,49517.0,49517.0,49517.0,1
TMF,202706,2026-06-18 17:53:00,49570.0,49570.0,49570.0,49570.0,1
TMF,202706,2026-06-18 18:09:00,49597.0,49597.0,49597.0,49597.0,1
TMF,202706,2026-06-18 18:11:00,49592.0,49592.0,49592.0,49592.0,1
TMF,202706,2026-06-18 18:14:00,49586.0,49586.0,49586.0,49586.0,1
TMF,202706,2026-06-18 18:19:00,49606.0,49606.0,49600.0,49600.0,2
TMF,202706,2026-06-18 18:38:00,49567.0,49570.0,49567.0,49570.0,2
TMF,202706,2026-06-18 18:39:00,49573.0,49576.0,49573.0,49576.0,2
TMF,202706,2026-06-18 18:43:00,49517.0,49517.0,49510.0,49510.0,3
TMF,202706,2026-06-18 18:52:00,49519.0,49519.0,49519.0,49519.0,2
TMF,202706,2026-06-18 19:04:00,49585.0,49585.0,49585.0,49585.0,1
TMF,202706,2026-06-18 19:38:00,49460.0,49460.0,49460.0,49460.0,1
TMF,202706,2026-06-18 20:25:00,49578.0,49578.0,49578.0,49578.0,1
TMF,202706,2026-06-18 20:36:00,49585.0,49585.0,49585.0,49585.0,5
TMF,202706,2026-06-18 20:39:00,49585.0,49585.0,49585.0,49585.0,2
TMF,202706,2026-06-18 20:57:00,49640.0,49640.0,49640.0,49640.0,1
TMF,202706,2026-06-18 21:02:00,49593.0,49593.0,49593.0,49593.0,1
TMF,202706,2026-06-18 21:04:00,49620.0,49620.0,49620.0,49620.0,1
TMF,202706,2026-06-18 21:30:00,49758.0,49758.0,49758.0,49758.0,2
TMF,202706,2026-06-18 21:31:00,49753.0,49753.0,49702.0,49702.0,2
TMF,202706,2026-06-18 21:32:00,49758.0,49759.0,49758.0,49759.0,3
TMF,202706,2026-06-18 21:33:00,49800.0,49808.0,49800.0,49808.0,2
TMF,202706,2026-06-18 21:36:00,49800.0,49800.0,49800.0,49800.0,2
TMF,202706,2026-06-18 21:40:00,49800.0,49800.0,49800.0,49800.0,1
TMF,202706,2026-06-18 21:42:00,49820.0,49820.0,49820.0,49820.0,1
TMF,202706,2026-06-18 21:43:00,49800.0,49800.0,49800.0,49800.0,1
TMF,202706,2026-06-18 21:51:00,49820.0,49820.0,49820.0,49820.0,1
TMF,202706,2026-06-18 21:57:00,49800.0,49800.0,49800.0,49800.0,2
TMF,202706,2026-06-18 22:05:00,49812.0,49812.0,49812.0,49812.0,1
TMF,202706,2026-06-18 22:06:00,49891.0,49891.0,49891.0,49891.0,1
TMF,202706,2026-06-18 22:07:00,49891.0,49891.0,49891.0,49891.0,2
TMF,202706,2026-06-18 22:12:00,49880.0,49880.0,49880.0,49880.0,1
TMF,202706,2026-06-18 22:16:00,49850.0,49850.0,49850.0,49850.0,1
TMF,202706,2026-06-18 22:18:00,49855.0,49855.0,49855.0,49855.0,1
TMF,202706,2026-06-18 22:21:00,49900.0,49900.0,49900.0,49900.0,1
TMF,202706,2026-06-18 22:23:00,49900.0,49903.0,49900.0,49903.0,2
TMF,202706,2026-06-18 22:25:00,49950.0,49950.0,49950.0,49950.0,1
TMF,202706,2026-06-18 22:26:00,49950.0,49950.0,49950.0,49950.0,4
TMF,202706,2026-06-18 22:27:00,49950.0,49950.0,49938.0,49938.0,7
TMF,202706,2026-06-18 22:28:00,49926.0,49926.0,49926.0,49926.0,5
TMF,202706,2026-06-18 22:30:00,49903.0,49903.0,49900.0,49900.0,13
TMF,202706,2026-06-18 22:37:00,49950.0,49950.0,49950.0,49950.0,1
TMF,202706,2026-06-18 22:47:00,49996.0,49996.0,49996.0,49996.0,1
TMF,202706,2026-06-18 23:03:00,49950.0,49950.0,49950.0,49950.0,1
TMF,202706,2026-06-18 23:11:00,49942.0,49942.0,49942.0,49942.0,3
TMF,202706,2026-06-18 23:14:00,49908.0,49908.0,49903.0,49903.0,17
TMF,202706,2026-06-18 23:35:00,49903.0,49903.0,49903.0,49903.0,2
TMF,202706,2026-06-19 00:00:00,49988.0,50002.0,49988.0,50002.0,10
TMF,202706,2026-06-19 01:20:00,50139.0,50139.0,50139.0,50139.0,1
TMF,202706,2026-06-19 02:52:00,50202.0,50202.0,50202.0,50202.0,1
TMF,202706,2026-06-19 04:05:00,50250.0,50250.0,50250.0,50250.0,1
TMF,202706,2026-06-19 04:36:00,50259.0,50259.0,50259.0,50259.0,1
TMF,202706,2026-06-19 04:40:00,50262.0,50262.0,50262.0,50262.0,1
TX,202607,2026-06-18 15:00:00,46751.0,46809.0,46729.0,46777.0,374
TX,202607,2026-06-18 15:01:00,46775.0,46808.0,46766.0,46775.0,116
TX,202607,2026-06-18 15:02:00,46783.0,46829.0,46770.0,46810.0,149
TX,202607,2026-06-18 15:03:00,46816.0,46825.0,46805.0,46809.0,90
TX,202607,2026-06-18 15:04:00,46805.0,46842.0,46802.0,46827.0,93
TX,202607,2026-06-18 15:05:00,46824.0,46844.0,46813.0,46839.0,83
TX,202607,2026-06-18 15:06:00,46838.0,46872.0,46830.0,46860.0,171
TX,202607,2026-06-18 15:07:00,46860.0,46860.0,46843.0,46852.0,64
TX,202607,2026-06-18 15:08:00,46846.0,46850.0,46827.0,46845.0,83
TX,202607,2026-06-18 15:09:00,46844.0,46871.0,46840.0,46870.0,67
TX,202607,2026-06-18 15:10:00,46864.0,46864.0,46838.0,46852.0,57
TX,202607,2026-06-18 15:11:00,46850.0,46855.0,46838.0,46852.0,66
TX,202607,2026-06-18 15:12:00,46858.0,46858.0,46815.0,46817.0,64
TX,202607,2026-06-18 15:13:00,46814.0,46822.0,46796.0,46796.0,109
TX,202607,2026-06-18 15:14:00,46801.0,46804.0,46790.0,46803.0,63
TX,202607,2026-06-18 15:15:00,46809.0,46823.0,46807.0,46816.0,68
TX,202607,2026-06-18 15:16:00,46820.0,46821.0,46797.0,46798.0,55
TX,202607,2026-06-18 15:17:00,46797.0,46800.0,46771.0,46771.0,69
TX,202607,2026-06-18 15:18:00,46776.0,46803.0,46775.0,46803.0,57
TX,202607,2026-06-18 15:19:00,46805.0,46812.0,46790.0,46790.0,34
TX,202607,2026-06-18 15:20:00,46798.0,46803.0,46772.0,46777.0,52
TX,202607,2026-06-18 15:21:00,46782.0,46783.0,46770.0,46775.0,65
TX,202607,2026-06-18 15:22:00,46775.0,46794.0,46775.0,46784.0,33
TX,202607,2026-06-18 15:23:00,46785.0,46815.0,46785.0,46815.0,22
TX,202607,2026-06-18 15:24:00,46816.0,46822.0,46805.0,46817.0,57
TX,202607,2026-06-18 15:25:00,46819.0,46832.0,46818.0,46821.0,70
TX,202607,2026-06-18 15:26:00,46822.0,46847.0,46822.0,46847.0,56
TX,202607,2026-06-18 15:27:00,46846.0,46848.0,46840.0,46841.0,30
TX,202607,2026-06-18 15:28:00,46840.0,46853.0,46840.0,46845.0,50
TX,202607,2026-06-18 15:29:00,46847.0,46848.0,46837.0,46837.0,25
TX,202607,2026-06-18 15:30:00,46839.0,46843.0,46795.0,46801.0,62
TX,202607,2026-06-18 15:31:00,46801.0,46805.0,46796.0,46796.0,37
TX,202607,2026-06-18 15:32:00,46800.0,46805.0,46790.0,46797.0,29
TX,202607,2026-06-18 15:33:00,46801.0,46808.0,46788.0,46797.0,22
TX,202607,2026-06-18 15:34:00,46803.0,46817.0,46803.0,46817.0,4
TX,202607,2026-06-18 15:35:00,46817.0,46818.0,46809.0,46810.0,20
TX,202607,2026-06-18 15:36:00,46810.0,46835.0,46810.0,46829.0,27
TX,202607,2026-06-18 15:37:00,46835.0,46842.0,46832.0,46838.0,20
TX,202607,2026-06-18 15:38:00,46830.0,46830.0,46815.0,46825.0,25
TX,202607,2026-06-18 15:39:00,46825.0,46835.0,46812.0,46835.0,78
TX,202607,2026-06-18 15:40:00,46836.0,46837.0,46826.0,46826.0,45
TX,202607,2026-06-18 15:41:00,46824.0,46828.0,46824.0,46828.0,6
TX,202607,2026-06-18 15:42:00,46824.0,46824.0,46812.0,46821.0,50
TX,202607,2026-06-18 15:43:00,46821.0,46821.0,46809.0,46809.0,26
TX,202607,2026-06-18 15:44:00,46813.0,46820.0,46808.0,46820.0,12
TX,202607,2026-06-18 15:45:00,46820.0,46821.0,46815.0,46815.0,14
TX,202607,2026-06-18 15:46:00,46820.0,46821.0,46813.0,46813.0,6
TX,202607,2026-06-18 15:47:00,46813.0,46813.0,46800.0,46812.0,28
TX,202607,2026-06-18 15:48:00,46809.0,46809.0,46790.0,46802.0,22
TX,202607,2026-06-18 15:49:00,46802.0,46810.0,46802.0,46806.0,14
TX,202607,2026-06-18 15:50:00,46808.0,46815.0,46808.0,46815.0,5
TX,202607,2026-06-18 15:51:00,46815.0,46822.0,46803.0,46803.0,25
TX,202607,2026-06-18 15:52:00,46808.0,46826.0,46808.0,46825.0,17
TX,202607,2026-06-18 15:53:00,46822.0,46833.0,46814.0,46826.0,22
TX,202607,2026-06-18 15:54:00,46824.0,46830.0,46817.0,46825.0,15
TX,202607,2026-06-18 15:55:00,46820.0,46821.0,46816.0,46820.0,9
TX,202607,2026-06-18 15:56:00,46828.0,46833.0,46825.0,46826.0,14
TX,202607,2026-06-18 15:57:00,46831.0,46831.0,46827.0,46827.0,8
TX,202607,2026-06-18 15:58:00,46827.0,46870.0,46827.0,46867.0,124
TX,202607,2026-06-18 15:59:00,46870.0,46885.0,46870.0,46885.0,122
TX,202607,2026-06-18 16:00:00,46885.0,46932.0,46871.0,46925.0,290
TX,202607,2026-06-18 16:01:00,46922.0,46930.0,46909.0,46930.0,77
TX,202607,2026-06-18 16:02:00,46929.0,46938.0,46924.0,46933.0,78
TX,202607,2026-06-18 16:03:00,46933.0,46935.0,46888.0,46892.0,74
TX,202607,2026-06-18 16:04:00,46895.0,46906.0,46889.0,46900.0,32
TX,202607,2026-06-18 16:05:00,46897.0,46934.0,46894.0,46928.0,70
TX,202607,2026-06-18 16:06:00,46925.0,46925.0,46906.0,46911.0,35
TX,202607,2026-06-18 16:07:00,46916.0,46984.0,46913.0,46974.0,242
TX,202607,2026-06-18 16:08:00,46973.0,46981.0,46960.0,46976.0,102
TX,202607,2026-06-18 16:09:00,46975.0,46990.0,46972.0,46985.0,101
TX,202607,2026-06-18 16:10:00,46980.0,46988.0,46966.0,46970.0,66
TX,202607,2026-06-18 16:11:00,46967.0,46968.0,46957.0,46964.0,31
TX,202607,2026-06-18 16:12:00,46962.0,46962.0,46947.0,46953.0,46
TX,202607,2026-06-18 16:13:00,46950.0,46950.0,46928.0,46928.0,45
TX,202607,2026-06-18 16:14:00,46927.0,46932.0,46911.0,46919.0,60
TX,202607,2026-06-18 16:15:00,46925.0,46932.0,46911.0,46913.0,51
TX,202607,2026-06-18 16:16:00,46913.0,46920.0,46913.0,46920.0,11
TX,202607,2026-06-18 16:17:00,46915.0,46925.0,46910.0,46914.0,35
TX,202607,2026-06-18 16:18:00,46916.0,46925.0,46900.0,46904.0,53
TX,202607,2026-06-18 16:19:00,46907.0,46914.0,46896.0,46901.0,54
TX,202607,2026-06-18 16:20:00,46905.0,46906.0,46889.0,46889.0,31
TX,202607,2026-06-18 16:21:00,46888.0,46888.0,46856.0,46872.0,122
TX,202607,2026-06-18 16:22:00,46880.0,46880.0,46865.0,46874.0,24
TX,202607,2026-06-18 16:23:00,46881.0,46881.0,46865.0,46868.0,35
TX,202607,2026-06-18 16:24:00,46871.0,46877.0,46864.0,46871.0,22
TX,202607,2026-06-18 16:25:00,46874.0,46887.0,46872.0,46872.0,29
TX,202607,2026-06-18 16:26:00,46872.0,46880.0,46860.0,46880.0,25
TX,202607,2026-06-18 16:27:00,46879.0,46886.0,46869.0,46886.0,22
TX,202607,2026-06-18 16:28:00,46886.0,46888.0,46880.0,46884.0,14
TX,202607,2026-06-18 16:29:00,46884.0,46884.0,46864.0,46868.0,43
TX,202607,2026-06-18 16:30:00,46874.0,46888.0,46871.0,46888.0,36
TX,202607,2026-06-18 16:31:00,46881.0,46881.0,46861.0,46875.0,25
TX,202607,2026-06-18 16:32:00,46871.0,46891.0,46865.0,46875.0,33
TX,202607,2026-06-18 16:33:00,46871.0,46897.0,46871.0,46888.0,28
TX,202607,2026-06-18 16:34:00,46888.0,46893.0,46872.0,46877.0,28
TX,202607,2026-06-18 16:35:00,46872.0,46872.0,46860.0,46865.0,37
TX,202607,2026-06-18 16:36:00,46870.0,46890.0,46870.0,46888.0,12
TX,202607,2026-06-18 16:37:00,46892.0,46897.0,46881.0,46895.0,39
TX,202607,2026-06-18 16:38:00,46895.0,46903.0,46893.0,46898.0,21
TX,202607,2026-06-18 16:39:00,46902.0,46920.0,46901.0,46910.0,81
TX,202607,2026-06-18 16:40:00,46908.0,46909.0,46905.0,46905.0,14
TX,202607,2026-06-18 16:41:00,46905.0,46922.0,46905.0,46920.0,65
TX,202607,2026-06-18 16:42:00,46923.0,46925.0,46915.0,46922.0,36
TX,202607,2026-06-18 16:43:00,46920.0,46928.0,46909.0,46913.0,61
TX,202607,2026-06-18 16:44:00,46912.0,46914.0,46899.0,46905.0,31
TX,202607,2026-06-18 16:45:00,46900.0,46901.0,46893.0,46893.0,15
TX,202607,2026-06-18 16:46:00,46896.0,46897.0,46883.0,46897.0,26
TX,202607,2026-06-18 16:47:00,46888.0,46888.0,46878.0,46879.0,20
TX,202607,2026-06-18 16:48:00,46883.0,46891.0,46883.0,46890.0,28
TX,202607,2026-06-18 16:49:00,46892.0,46910.0,46892.0,46903.0,17
TX,202607,2026-06-18 16:50:00,46905.0,46905.0,46896.0,46896.0,11
TX,202607,2026-06-18 16:51:00,46896.0,46896.0,46885.0,46885.0,18
TX,202607,2026-06-18 16:52:00,46886.0,46890.0,46846.0,46846.0,115
TX,202607,2026-06-18 16:53:00,46853.0,46866.0,46850.0,46852.0,60
TX,202607,2026-06-18 16:54:00,46854.0,46864.0,46849.0,46863.0,38
TX,202607,2026-06-18 16:55:00,46861.0,46868.0,46844.0,46850.0,48
TX,202607,2026-06-18 16:56:00,46850.0,46852.0,46801.0,46801.0,98
TX,202607,2026-06-18 16:57:00,46801.0,46810.0,46782.0,46804.0,171
TX,202607,2026-06-18 16:58:00,46806.0,46816.0,46796.0,46812.0,48
TX,202607,2026-06-18 16:59:00,46811.0,46819.0,46805.0,46813.0,30
TX,202607,2026-06-18 17:00:00,46811.0,46813.0,46770.0,46785.0,162
TX,202607,2026-06-18 17:01:00,46783.0,46795.0,46775.0,46787.0,55
TX,202607,2026-06-18 17:02:00,46793.0,46823.0,46793.0,46823.0,89
TX,202607,2026-06-18 17:03:00,46824.0,46840.0,46821.0,46830.0,47
TX,202607,2026-06-18 17:04:00,46838.0,46844.0,46831.0,46843.0,48
TX,202607,2026-06-18 17:05:00,46842.0,46851.0,46839.0,46851.0,29
TX,202607,2026-06-18 17:06:00,46851.0,46851.0,46841.0,46841.0,34
TX,202607,2026-06-18 17:07:00,46849.0,46877.0,46847.0,46869.0,85
TX,202607,2026-06-18 17:08:00,46869.0,46875.0,46862.0,46862.0,31
TX,202607,2026-06-18 17:09:00,46860.0,46871.0,46849.0,46849.0,22
TX,202607,2026-06-18 17:10:00,46848.0,46849.0,46827.0,46827.0,36
TX,202607,2026-06-18 17:11:00,46825.0,46825.0,46809.0,46809.0,29
TX,202607,2026-06-18 17:12:00,46813.0,46816.0,46796.0,46803.0,63
TX,202607,2026-06-18 17:13:00,46815.0,46838.0,46815.0,46836.0,16
TX,202607,2026-06-18 17:14:00,46833.0,46833.0,46817.0,46817.0,42
TX,202607,2026-06-18 17:15:00,46838.0,46852.0,46836.0,46849.0,19
TX,202607,2026-06-18 17:16:00,46848.0,46848.0,46827.0,46830.0,17
TX,202607,2026-06-18 17:17:00,46830.0,46846.0,46828.0,46841.0,19
TX,202607,2026-06-18 17:18:00,46837.0,46838.0,46826.0,46834.0,23
TX,202607,2026-06-18 17:19:00,46832.0,46832.0,46829.0,46829.0,6
TX,202607,2026-06-18 17:20:00,46825.0,46836.0,46823.0,46828.0,14
TX,202607,2026-06-18 17:21:00,46828.0,46844.0,46828.0,46843.0,23
TX,202607,2026-06-18 17:22:00,46845.0,46861.0,46845.0,46855.0,21
TX,202607,2026-06-18 17:23:00,46854.0,46856.0,46835.0,46835.0,19
TX,202607,2026-06-18 17:24:00,46830.0,46830.0,46820.0,46827.0,11
TX,202607,2026-06-18 17:25:00,46833.0,46855.0,46833.0,46847.0,16
TX,202607,2026-06-18 17:26:00,46847.0,46848.0,46839.0,46839.0,5
TX,202607,2026-06-18 17:27:00,46838.0,46839.0,46837.0,46839.0,4
TX,202607,2026-06-18 17:28:00,46841.0,46847.0,46840.0,46840.0,8
TX,202607,2026-06-18 17:29:00,46842.0,46842.0,46832.0,46832.0,12
TX,202607,2026-06-18 17:30:00,46831.0,46842.0,46827.0,46827.0,35
TX,202607,2026-06-18 17:31:00,46825.0,46825.0,46818.0,46818.0,15
TX,202607,2026-06-18 17:32:00,46822.0,46832.0,46822.0,46832.0,7
TX,202607,2026-06-18 17:33:00,46841.0,46841.0,46824.0,46824.0,14
TX,202607,2026-06-18 17:34:00,46825.0,46825.0,46815.0,46815.0,11
TX,202607,2026-06-18 17:35:00,46815.0,46825.0,46811.0,46825.0,11
TX,202607,2026-06-18 17:36:00,46825.0,46834.0,46825.0,46827.0,21
TX,202607,2026-06-18 17:37:00,46839.0,46863.0,46839.0,46857.0,23
TX,202607,2026-06-18 17:38:00,46863.0,46870.0,46863.0,46867.0,31
TX,202607,2026-06-18 17:39:00,46869.0,46883.0,46869.0,46881.0,52
TX,202607,2026-06-18 17:40:00,46884.0,46885.0,46870.0,46874.0,32
TX,202607,2026-06-18 17:41:00,46877.0,46878.0,46872.0,46878.0,9
TX,202607,2026-06-18 17:42:00,46878.0,46880.0,46873.0,46875.0,17
TX,202607,2026-06-18 17:43:00,46876.0,46885.0,46864.0,46885.0,34
TX,202607,2026-06-18 17:44:00,46884.0,46893.0,46878.0,46878.0,34
TX,202607,2026-06-18 17:45:00,46879.0,46883.0,46879.0,46880.0,18
TX,202607,2026-06-18 17:46:00,46881.0,46881.0,46870.0,46880.0,13
TX,202607,2026-06-18 17:47:00,46877.0,46886.0,46877.0,46879.0,13
TX,202607,2026-06-18 17:48:00,46875.0,46884.0,46875.0,46884.0,7
TX,202607,2026-06-18 17:49:00,46885.0,46898.0,46885.0,46891.0,49
TX,202607,2026-06-18 17:50:00,46889.0,46909.0,46888.0,46909.0,62
TX,202607,2026-06-18 17:51:00,46907.0,46933.0,46905.0,46916.0,99
TX,202607,2026-06-18 17:52:00,46920.0,46920.0,46911.0,46911.0,10
TX,202607,2026-06-18 17:53:00,46908.0,46910.0,46902.0,46908.0,14
TX,202607,2026-06-18 17:54:00,46908.0,46912.0,46899.0,46909.0,43
TX,202607,2026-06-18 17:55:00,46910.0,46924.0,46910.0,46915.0,35
TX,202607,2026-06-18 17:56:00,46914.0,46943.0,46911.0,46934.0,62
TX,202607,2026-06-18 17:57:00,46931.0,46931.0,46925.0,46930.0,15
TX,202607,2026-06-18 17:58:00,46928.0,46931.0,46923.0,46931.0,16
TX,202607,2026-06-18 17:59:00,46929.0,46930.0,46920.0,46921.0,19
TX,202607,2026-06-18 18:00:00,46923.0,46928.0,46912.0,46912.0,37
TX,202607,2026-06-18 18:01:00,46915.0,46920.0,46910.0,46913.0,16
TX,202607,2026-06-18 18:02:00,46914.0,46914.0,46901.0,46907.0,13
TX,202607,2026-06-18 18:03:00,46906.0,46915.0,46906.0,46915.0,8
TX,202607,2026-06-18 18:04:00,46920.0,46920.0,46906.0,46917.0,14
TX,202607,2026-06-18 18:05:00,46916.0,46926.0,46910.0,46924.0,17
TX,202607,2026-06-18 18:06:00,46916.0,46916.0,46905.0,46911.0,22
TX,202607,2026-06-18 18:07:00,46915.0,46917.0,46903.0,46903.0,21
TX,202607,2026-06-18 18:08:00,46902.0,46903.0,46888.0,46894.0,23
TX,202607,2026-06-18 18:09:00,46892.0,46896.0,46886.0,46895.0,17
TX,202607,2026-06-18 18:10:00,46895.0,46896.0,46889.0,46890.0,24
TX,202607,2026-06-18 18:11:00,46887.0,46887.0,46883.0,46887.0,18
TX,202607,2026-06-18 18:12:00,46888.0,46892.0,46888.0,46890.0,12
TX,202607,2026-06-18 18:13:00,46893.0,46910.0,46893.0,46906.0,24
TX,202607,2026-06-18 18:14:00,46909.0,46919.0,46909.0,46914.0,17
TX,202607,2026-06-18 18:15:00,46913.0,46923.0,46913.0,46917.0,24
TX,202607,2026-06-18 18:16:00,46914.0,46920.0,46914.0,46920.0,7
TX,202607,2026-06-18 18:17:00,46913.0,46913.0,46907.0,46909.0,13
TX,202607,2026-06-18 18:18:00,46903.0,46907.0,46897.0,46900.0,18
TX,202607,2026-06-18 18:19:00,46908.0,46913.0,46905.0,46907.0,11
TX,202607,2026-06-18 18:20:00,46907.0,46913.0,46907.0,46910.0,12
TX,202607,2026-06-18 18:21:00,46912.0,46912.0,46905.0,46905.0,10
TX,202607,2026-06-18 18:22:00,46904.0,46904.0,46900.0,46900.0,2
TX,202607,2026-06-18 18:23:00,46898.0,46898.0,46889.0,46898.0,14
TX,202607,2026-06-18 18:24:00,46893.0,46900.0,46888.0,46900.0,52
TX,202607,2026-06-18 18:25:00,46898.0,46910.0,46895.0,46909.0,34
TX,202607,2026-06-18 18:26:00,46907.0,46907.0,46901.0,46904.0,8
TX,202607,2026-06-18 18:27:00,46903.0,46903.0,46893.0,46894.0,8
TX,202607,2026-06-18 18:28:00,46892.0,46900.0,46892.0,46892.0,5
TX,202607,2026-06-18 18:29:00,46900.0,46908.0,46900.0,46906.0,10
TX,202607,2026-06-18 18:30:00,46906.0,46920.0,46906.0,46907.0,28
TX,202607,2026-06-18 18:31:00,46909.0,46915.0,46906.0,46908.0,10
TX,202607,2026-06-18 18:32:00,46909.0,46910.0,46901.0,46901.0,10
TX,202607,2026-06-18 18:33:00,46889.0,46890.0,46860.0,46867.0,142
TX,202607,2026-06-18 18:34:00,46868.0,46879.0,46868.0,46876.0,26
TX,202607,2026-06-18 18:35:00,46876.0,46876.0,46870.0,46876.0,18
TX,202607,2026-06-18 18:36:00,46871.0,46871.0,46854.0,46856.0,76
TX,202607,2026-06-18 18:37:00,46858.0,46862.0,46846.0,46846.0,17
TX,202607,2026-06-18 18:38:00,46848.0,46861.0,46848.0,46855.0,13
TX,202607,2026-06-18 18:39:00,46857.0,46857.0,46851.0,46856.0,12
TX,202607,2026-06-18 18:40:00,46857.0,46865.0,46856.0,46865.0,16
TX,202607,2026-06-18 18:41:00,46862.0,46863.0,46850.0,46850.0,20
TX,202607,2026-06-18 18:42:00,46851.0,46851.0,46841.0,46841.0,29
TX,202607,2026-06-18 18:43:00,46841.0,46844.0,46814.0,46830.0,82
TX,202607,2026-06-18 18:44:00,46830.0,46833.0,46811.0,46815.0,40
TX,202607,2026-06-18 18:45:00,46813.0,46827.0,46805.0,46817.0,69
TX,202607,2026-06-18 18:46:00,46823.0,46823.0,46794.0,46803.0,174
TX,202607,2026-06-18 18:47:00,46810.0,46819.0,46807.0,46814.0,28
TX,202607,2026-06-18 18:48:00,46816.0,46822.0,46810.0,46816.0,34
TX,202607,2026-06-18 18:49:00,46815.0,46827.0,46815.0,46822.0,36
TX,202607,2026-06-18 18:50:00,46822.0,46829.0,46821.0,46826.0,21
TX,202607,2026-06-18 18:51:00,46827.0,46835.0,46825.0,46830.0,23
TX,202607,2026-06-18 18:52:00,46825.0,46825.0,46821.0,46823.0,19
TX,202607,2026-06-18 18:53:00,46830.0,46833.0,46818.0,46818.0,24
TX,202607,2026-06-18 18:54:00,46824.0,46824.0,46815.0,46815.0,21
TX,202607,2026-06-18 18:55:00,46817.0,46828.0,46817.0,46823.0,17
TX,202607,2026-06-18 18:56:00,46824.0,46830.0,46824.0,46830.0,10
TX,202607,2026-06-18 18:57:00,46828.0,46839.0,46827.0,46828.0,27
TX,202607,2026-06-18 18:58:00,46827.0,46833.0,46827.0,46832.0,8
TX,202607,2026-06-18 18:59:00,46834.0,46841.0,46832.0,46832.0,23
TX,202607,2026-06-18 19:00:00,46834.0,46856.0,46827.0,46834.0,65
TX,202607,2026-06-18 19:01:00,46838.0,46857.0,46837.0,46857.0,21
TX,202607,2026-06-18 19:02:00,46854.0,46857.0,46845.0,46850.0,17
TX,202607,2026-06-18 19:03:00,46850.0,46862.0,46844.0,46862.0,21
TX,202607,2026-06-18 19:04:00,46860.0,46861.0,46848.0,46848.0,22
TX,202607,2026-06-18 19:05:00,46852.0,46852.0,46816.0,46823.0,28
TX,202607,2026-06-18 19:06:00,46824.0,46824.0,46800.0,46809.0,53
TX,202607,2026-06-18 19:07:00,46809.0,46828.0,46809.0,46823.0,27
TX,202607,2026-06-18 19:08:00,46826.0,46830.0,46824.0,46827.0,15
TX,202607,2026-06-18 19:09:00,46825.0,46825.0,46777.0,46793.0,114
TX,202607,2026-06-18 19:10:00,46797.0,46802.0,46787.0,46787.0,76
TX,202607,2026-06-18 19:11:00,46787.0,46792.0,46777.0,46785.0,73
TX,202607,2026-06-18 19:12:00,46795.0,46806.0,46794.0,46799.0,37
TX,202607,2026-06-18 19:13:00,46797.0,46799.0,46785.0,46785.0,27
TX,202607,2026-06-18 19:14:00,46791.0,46815.0,46787.0,46813.0,25
TX,202607,2026-06-18 19:15:00,46811.0,46814.0,46802.0,46806.0,8
TX,202607,2026-06-18 19:16:00,46803.0,46807.0,46799.0,46801.0,11
TX,202607,2026-06-18 19:17:00,46805.0,46805.0,46790.0,46790.0,14
TX,202607,2026-06-18 19:18:00,46790.0,46790.0,46780.0,46789.0,23
TX,202607,2026-06-18 19:19:00,46791.0,46793.0,46777.0,46788.0,41
TX,202607,2026-06-18 19:20:00,46791.0,46800.0,46788.0,46800.0,15
TX,202607,2026-06-18 19:21:00,46791.0,46791.0,46777.0,46787.0,37
TX,202607,2026-06-18 19:22:00,46791.0,46791.0,46787.0,46787.0,5
TX,202607,2026-06-18 19:23:00,46790.0,46797.0,46781.0,46791.0,22
TX,202607,2026-06-18 19:24:00,46786.0,46804.0,46781.0,46804.0,40
TX,202607,2026-06-18 19:25:00,46805.0,46828.0,46805.0,46827.0,45
TX,202607,2026-06-18 19:26:00,46822.0,46829.0,46820.0,46825.0,24
TX,202607,2026-06-18 19:27:00,46829.0,46833.0,46818.0,46820.0,31
TX,202607,2026-06-18 19:28:00,46822.0,46827.0,46811.0,46811.0,8
TX,202607,2026-06-18 19:29:00,46817.0,46822.0,46813.0,46819.0,11
TX,202607,2026-06-18 19:30:00,46823.0,46828.0,46818.0,46819.0,13
TX,202607,2026-06-18 19:31:00,46820.0,46839.0,46818.0,46839.0,25
TX,202607,2026-06-18 19:32:00,46835.0,46835.0,46825.0,46825.0,13
TX,202607,2026-06-18 19:33:00,46828.0,46828.0,46811.0,46811.0,36
TX,202607,2026-06-18 19:34:00,46810.0,46817.0,46795.0,46810.0,19
TX,202607,2026-06-18 19:35:00,46810.0,46821.0,46800.0,46800.0,15
TX,202607,2026-06-18 19:36:00,46798.0,46800.0,46798.0,46800.0,9
TX,202607,2026-06-18 19:37:00,46800.0,46800.0,46784.0,46789.0,14
TX,202607,2026-06-18 19:38:00,46789.0,46790.0,46738.0,46763.0,202
TX,202607,2026-06-18 19:39:00,46761.0,46766.0,46750.0,46752.0,66
TX,202607,2026-06-18 19:40:00,46751.0,46763.0,46733.0,46743.0,148
TX,202607,2026-06-18 19:41:00,46742.0,46758.0,46739.0,46755.0,168
TX,202607,2026-06-18 19:42:00,46760.0,46768.0,46750.0,46754.0,40
TX,202607,2026-06-18 19:43:00,46759.0,46784.0,46758.0,46784.0,28
TX,202607,2026-06-18 19:44:00,46784.0,46800.0,46784.0,46791.0,32
TX,202607,2026-06-18 19:45:00,46794.0,46797.0,46785.0,46791.0,36
TX,202607,2026-06-18 19:46:00,46790.0,46791.0,46777.0,46778.0,21
TX,202607,2026-06-18 19:47:00,46785.0,46785.0,46765.0,46768.0,22
TX,202607,2026-06-18 19:48:00,46770.0,46773.0,46770.0,46771.0,17
TX,202607,2026-06-18 19:49:00,46767.0,46770.0,46760.0,46767.0,21
TX,202607,2026-06-18 19:50:00,46768.0,46777.0,46753.0,46777.0,40
TX,202607,2026-06-18 19:51:00,46779.0,46801.0,46775.0,46794.0,50
TX,202607,2026-06-18 19:52:00,46793.0,46812.0,46790.0,46810.0,44
TX,202607,2026-06-18 19:53:00,46815.0,46823.0,46804.0,46810.0,24
TX,202607,2026-06-18 19:54:00,46815.0,46815.0,46808.0,46808.0,13
TX,202607,2026-06-18 19:55:00,46809.0,46809.0,46797.0,46809.0,10
TX,202607,2026-06-18 19:56:00,46805.0,46806.0,46799.0,46799.0,15
TX,202607,2026-06-18 19:57:00,46810.0,46815.0,46806.0,46815.0,15
TX,202607,2026-06-18 19:58:00,46810.0,46825.0,46810.0,46823.0,40
TX,202607,2026-06-18 19:59:00,46820.0,46833.0,46819.0,46831.0,44
TX,202607,2026-06-18 20:00:00,46832.0,46836.0,46806.0,46821.0,62
TX,202607,2026-06-18 20:01:00,46818.0,46818.0,46812.0,46817.0,14
TX,202607,2026-06-18 20:02:00,46815.0,46815.0,46806.0,46806.0,11
TX,202607,2026-06-18 20:03:00,46816.0,46837.0,46816.0,46837.0,34
TX,202607,2026-06-18 20:04:00,46837.0,46842.0,46826.0,46833.0,38
TX,202607,2026-06-18 20:05:00,46834.0,46834.0,46823.0,46823.0,25
TX,202607,2026-06-18 20:06:00,46821.0,46835.0,46820.0,46831.0,14
TX,202607,2026-06-18 20:07:00,46824.0,46833.0,46817.0,46832.0,15
TX,202607,2026-06-18 20:08:00,46830.0,46847.0,46828.0,46830.0,38
TX,202607,2026-06-18 20:09:00,46834.0,46834.0,46828.0,46828.0,9
TX,202607,2026-06-18 20:10:00,46824.0,46856.0,46824.0,46853.0,73
TX,202607,2026-06-18 20:11:00,46852.0,46862.0,46848.0,46852.0,37
TX,202607,2026-06-18 20:12:00,46850.0,46863.0,46847.0,46860.0,22
TX,202607,2026-06-18 20:13:00,46860.0,46866.0,46854.0,46859.0,50
TX,202607,2026-06-18 20:14:00,46855.0,46867.0,46855.0,46866.0,37
TX,202607,2026-06-18 20:15:00,46867.0,46874.0,46860.0,46861.0,58
TX,202607,2026-06-18 20:16:00,46858.0,46858.0,46840.0,46847.0,32
TX,202607,2026-06-18 20:17:00,46847.0,46855.0,46842.0,46842.0,20
TX,202607,2026-06-18 20:18:00,46846.0,46858.0,46843.0,46851.0,21
TX,202607,2026-06-18 20:19:00,46846.0,46862.0,46843.0,46862.0,17
TX,202607,2026-06-18 20:20:00,46862.0,46884.0,46862.0,46877.0,56
TX,202607,2026-06-18 20:21:00,46882.0,46885.0,46866.0,46885.0,46
TX,202607,2026-06-18 20:22:00,46885.0,46892.0,46874.0,46875.0,45
TX,202607,2026-06-18 20:23:00,46875.0,46875.0,46865.0,46865.0,14
TX,202607,2026-06-18 20:24:00,46867.0,46888.0,46865.0,46886.0,31
TX,202607,2026-06-18 20:25:00,46890.0,46893.0,46887.0,46891.0,30
TX,202607,2026-06-18 20:26:00,46888.0,46890.0,46871.0,46880.0,25
TX,202607,2026-06-18 20:27:00,46879.0,46879.0,46870.0,46870.0,15
TX,202607,2026-06-18 20:28:00,46871.0,46876.0,46871.0,46871.0,14
TX,202607,2026-06-18 20:29:00,46872.0,46890.0,46863.0,46882.0,71
TX,202607,2026-06-18 20:30:00,46882.0,46893.0,46876.0,46891.0,59
TX,202607,2026-06-18 20:31:00,46887.0,46905.0,46886.0,46900.0,91
TX,202607,2026-06-18 20:32:00,46900.0,46901.0,46891.0,46891.0,21
TX,202607,2026-06-18 20:33:00,46890.0,46890.0,46883.0,46885.0,10
TX,202607,2026-06-18 20:34:00,46880.0,46886.0,46877.0,46886.0,18
TX,202607,2026-06-18 20:35:00,46885.0,46905.0,46885.0,46904.0,37
TX,202607,2026-06-18 20:36:00,46902.0,46926.0,46901.0,46914.0,71
TX,202607,2026-06-18 20:37:00,46911.0,46913.0,46904.0,46913.0,11
TX,202607,2026-06-18 20:38:00,46911.0,46911.0,46894.0,46903.0,19
TX,202607,2026-06-18 20:39:00,46895.0,46900.0,46893.0,46895.0,22
TX,202607,2026-06-18 20:40:00,46900.0,46902.0,46896.0,46899.0,13
TX,202607,2026-06-18 20:41:00,46904.0,46904.0,46895.0,46900.0,14
TX,202607,2026-06-18 20:42:00,46900.0,46927.0,46900.0,46925.0,78
TX,202607,2026-06-18 20:43:00,46927.0,46927.0,46909.0,46909.0,34
TX,202607,2026-06-18 20:44:00,46911.0,46912.0,46895.0,46899.0,32
TX,202607,2026-06-18 20:45:00,46901.0,46919.0,46896.0,46906.0,28
TX,202607,2026-06-18 20:46:00,46907.0,46910.0,46903.0,46910.0,6
TX,202607,2026-06-18 20:47:00,46916.0,46916.0,46907.0,46907.0,4
TX,202607,2026-06-18 20:48:00,46906.0,46918.0,46894.0,46894.0,46
TX,202607,2026-06-18 20:49:00,46894.0,46912.0,46892.0,46906.0,38
TX,202607,2026-06-18 20:50:00,46902.0,46902.0,46892.0,46896.0,17
TX,202607,2026-06-18 20:51:00,46896.0,46897.0,46887.0,46893.0,25
TX,202607,2026-06-18 20:52:00,46896.0,46896.0,46877.0,46881.0,56
TX,202607,2026-06-18 20:53:00,46880.0,46893.0,46878.0,46892.0,49
TX,202607,2026-06-18 20:54:00,46892.0,46898.0,46886.0,46898.0,12
TX,202607,2026-06-18 20:55:00,46900.0,46914.0,46899.0,46902.0,34
TX,202607,2026-06-18 20:56:00,46903.0,46912.0,46900.0,46912.0,10
TX,202607,2026-06-18 20:57:00,46912.0,46977.0,46912.0,46971.0,338
TX,202607,2026-06-18 20:58:00,46963.0,46963.0,46946.0,46952.0,48
TX,202607,2026-06-18 20:59:00,46950.0,46952.0,46938.0,46945.0,58
TX,202607,2026-06-18 21:00:00,46945.0,46949.0,46936.0,46943.0,54
TX,202607,2026-06-18 21:01:00,46941.0,46941.0,46914.0,46914.0,79
TX,202607,2026-06-18 21:02:00,46918.0,46930.0,46915.0,46926.0,55
TX,202607,2026-06-18 21:03:00,46925.0,46932.0,46909.0,46909.0,34
TX,202607,2026-06-18 21:04:00,46911.0,46918.0,46904.0,46905.0,35
TX,202607,2026-06-18 21:05:00,46909.0,46913.0,46898.0,46911.0,79
TX,202607,2026-06-18 21:06:00,46914.0,46925.0,46900.0,46914.0,51
TX,202607,2026-06-18 21:07:00,46914.0,46917.0,46906.0,46906.0,11
TX,202607,2026-06-18 21:08:00,46911.0,46923.0,46908.0,46923.0,15
TX,202607,2026-06-18 21:09:00,46924.0,46936.0,46920.0,46920.0,61
TX,202607,2026-06-18 21:10:00,46921.0,46938.0,46918.0,46938.0,30
TX,202607,2026-06-18 21:11:00,46936.0,46947.0,46931.0,46947.0,68
TX,202607,2026-06-18 21:12:00,46945.0,46945.0,46933.0,46940.0,19
TX,202607,2026-06-18 21:13:00,46941.0,46942.0,46934.0,46936.0,13
TX,202607,2026-06-18 21:14:00,46936.0,46938.0,46926.0,46931.0,29
TX,202607,2026-06-18 21:15:00,46935.0,46947.0,46935.0,46936.0,60
TX,202607,2026-06-18 21:16:00,46940.0,46945.0,46936.0,46945.0,17
TX,202607,2026-06-18 21:17:00,46945.0,46951.0,46939.0,46939.0,37
TX,202607,2026-06-18 21:18:00,46942.0,46960.0,46942.0,46954.0,39
TX,202607,2026-06-18 21:19:00,46953.0,46953.0,46945.0,46945.0,28
TX,202607,2026-06-18 21:20:00,46946.0,46952.0,46940.0,46946.0,28
TX,202607,2026-06-18 21:21:00,46949.0,46958.0,46942.0,46942.0,29
TX,202607,2026-06-18 21:22:00,46942.0,46950.0,46942.0,46950.0,14
TX,202607,2026-06-18 21:23:00,46942.0,46955.0,46936.0,46950.0,25
TX,202607,2026-06-18 21:24:00,46947.0,46947.0,46924.0,46926.0,33
TX,202607,2026-06-18 21:25:00,46930.0,46953.0,46930.0,46944.0,108
TX,202607,2026-06-18 21:26:00,46943.0,46966.0,46935.0,46950.0,76
TX,202607,2026-06-18 21:27:00,46950.0,46976.0,46950.0,46976.0,61
TX,202607,2026-06-18 21:28:00,46967.0,47019.0,46963.0,46994.0,428
TX,202607,2026-06-18 21:29:00,46998.0,46999.0,46974.0,46983.0,92
TX,202607,2026-06-18 21:30:00,46980.0,47079.0,46962.0,47024.0,605
TX,202607,2026-06-18 21:31:00,47035.0,47086.0,47010.0,47084.0,231
TX,202607,2026-06-18 21:32:00,47087.0,47112.0,47079.0,47112.0,274
TX,202607,2026-06-18 21:33:00,47111.0,47142.0,47107.0,47116.0,246
TX,202607,2026-06-18 21:34:00,47120.0,47122.0,47053.0,47064.0,258
TX,202607,2026-06-18 21:35:00,47063.0,47106.0,47051.0,47090.0,246
TX,202607,2026-06-18 21:36:00,47085.0,47111.0,47060.0,47065.0,216
TX,202607,2026-06-18 21:37:00,47063.0,47101.0,47047.0,47086.0,272
TX,202607,2026-06-18 21:38:00,47091.0,47116.0,47088.0,47092.0,165
TX,202607,2026-06-18 21:39:00,47096.0,47130.0,47087.0,47114.0,169
TX,202607,2026-06-18 21:40:00,47116.0,47135.0,47084.0,47123.0,139
TX,202607,2026-06-18 21:41:00,47123.0,47141.0,47113.0,47129.0,120
TX,202607,2026-06-18 21:42:00,47126.0,47150.0,47114.0,47149.0,224
TX,202607,2026-06-18 21:43:00,47148.0,47148.0,47078.0,47088.0,140
TX,202607,2026-06-18 21:44:00,47084.0,47092.0,47058.0,47065.0,214
TX,202607,2026-06-18 21:45:00,47067.0,47120.0,47067.0,47095.0,191
TX,202607,2026-06-18 21:46:00,47104.0,47126.0,47082.0,47118.0,108
TX,202607,2026-06-18 21:47:00,47112.0,47112.0,47084.0,47102.0,73
TX,202607,2026-06-18 21:48:00,47101.0,47115.0,47083.0,47087.0,69
TX,202607,2026-06-18 21:49:00,47086.0,47147.0,47086.0,47142.0,190
TX,202607,2026-06-18 21:50:00,47139.0,47142.0,47108.0,47131.0,93
TX,202607,2026-06-18 21:51:00,47127.0,47139.0,47110.0,47130.0,105
TX,202607,2026-06-18 21:52:00,47126.0,47135.0,47116.0,47129.0,179
TX,202607,2026-06-18 21:53:00,47131.0,47138.0,47125.0,47132.0,138
TX,202607,2026-06-18 21:54:00,47132.0,47133.0,47082.0,47091.0,128
TX,202607,2026-06-18 21:55:00,47098.0,47122.0,47087.0,47102.0,97
TX,202607,2026-06-18 21:56:00,47109.0,47120.0,47096.0,47104.0,42
TX,202607,2026-06-18 21:57:00,47095.0,47095.0,47066.0,47069.0,162
TX,202607,2026-06-18 21:58:00,47070.0,47084.0,47061.0,47067.0,75
TX,202607,2026-06-18 21:59:00,47072.0,47116.0,47058.0,47115.0,136
TX,202607,2026-06-18 22:00:00,47119.0,47130.0,47090.0,47130.0,187
TX,202607,2026-06-18 22:01:00,47128.0,47142.0,47117.0,47121.0,182
TX,202607,2026-06-18 22:02:00,47117.0,47145.0,47117.0,47145.0,132
TX,202607,2026-06-18 22:03:00,47145.0,47176.0,47138.0,47175.0,380
TX,202607,2026-06-18 22:04:00,47172.0,47175.0,47157.0,47163.0,78
TX,202607,2026-06-18 22:05:00,47155.0,47162.0,47130.0,47136.0,83
TX,202607,2026-06-18 22:06:00,47143.0,47178.0,47143.0,47171.0,116
TX,202607,2026-06-18 22:07:00,47168.0,47180.0,47158.0,47177.0,113
TX,202607,2026-06-18 22:08:00,47167.0,47171.0,47146.0,47170.0,109
TX,202607,2026-06-18 22:09:00,47167.0,47187.0,47165.0,47173.0,108
TX,202607,2026-06-18 22:10:00,47175.0,47179.0,47150.0,47151.0,90
TX,202607,2026-06-18 22:11:00,47153.0,47158.0,47141.0,47150.0,44
TX,202607,2026-06-18 22:12:00,47145.0,47160.0,47139.0,47139.0,79
TX,202607,2026-06-18 22:13:00,47144.0,47157.0,47122.0,47125.0,88
TX,202607,2026-06-18 22:14:00,47126.0,47146.0,47120.0,47146.0,55
TX,202607,2026-06-18 22:15:00,47144.0,47151.0,47116.0,47135.0,68
TX,202607,2026-06-18 22:16:00,47133.0,47174.0,47133.0,47168.0,135
TX,202607,2026-06-18 22:17:00,47167.0,47180.0,47165.0,47180.0,80
TX,202607,2026-06-18 22:18:00,47181.0,47194.0,47173.0,47193.0,107
TX,202607,2026-06-18 22:19:00,47192.0,47210.0,47181.0,47195.0,176
TX,202607,2026-06-18 22:20:00,47196.0,47203.0,47188.0,47195.0,83
TX,202607,2026-06-18 22:21:00,47198.0,47217.0,47194.0,47207.0,76
TX,202607,2026-06-18 22:22:00,47205.0,47220.0,47196.0,47216.0,80
TX,202607,2026-06-18 22:23:00,47219.0,47260.0,47218.0,47260.0,268
TX,202607,2026-06-18 22:24:00,47260.0,47274.0,47257.0,47274.0,158
TX,202607,2026-06-18 22:25:00,47271.0,47274.0,47254.0,47271.0,120
TX,202607,2026-06-18 22:26:00,47271.0,47274.0,47237.0,47240.0,128
TX,202607,2026-06-18 22:27:00,47239.0,47254.0,47235.0,47235.0,130
TX,202607,2026-06-18 22:28:00,47239.0,47242.0,47210.0,47215.0,160
TX,202607,2026-06-18 22:29:00,47218.0,47236.0,47208.0,47220.0,102
TX,202607,2026-06-18 22:30:00,47212.0,47237.0,47184.0,47194.0,310
TX,202607,2026-06-18 22:31:00,47193.0,47225.0,47192.0,47215.0,57
TX,202607,2026-06-18 22:32:00,47219.0,47224.0,47183.0,47184.0,50
TX,202607,2026-06-18 22:33:00,47191.0,47220.0,47186.0,47212.0,63
TX,202607,2026-06-18 22:34:00,47214.0,47232.0,47211.0,47230.0,90
TX,202607,2026-06-18 22:35:00,47233.0,47238.0,47220.0,47234.0,66
TX,202607,2026-06-18 22:36:00,47231.0,47267.0,47224.0,47260.0,106
TX,202607,2026-06-18 22:37:00,47259.0,47284.0,47254.0,47279.0,157
TX,202607,2026-06-18 22:38:00,47277.0,47278.0,47255.0,47268.0,71
TX,202607,2026-06-18 22:39:00,47264.0,47264.0,47249.0,47253.0,51
TX,202607,2026-06-18 22:40:00,47252.0,47258.0,47245.0,47245.0,42
TX,202607,2026-06-18 22:41:00,47244.0,47244.0,47228.0,47231.0,66
TX,202607,2026-06-18 22:42:00,47240.0,47248.0,47232.0,47244.0,40
TX,202607,2026-06-18 22:43:00,47241.0,47258.0,47238.0,47248.0,53
TX,202607,2026-06-18 22:44:00,47249.0,47262.0,47245.0,47250.0,70
TX,202607,2026-06-18 22:45:00,47253.0,47266.0,47250.0,47266.0,54
TX,202607,2026-06-18 22:46:00,47266.0,47282.0,47262.0,47282.0,62
TX,202607,2026-06-18 22:47:00,47278.0,47295.0,47272.0,47284.0,88
TX,202607,2026-06-18 22:48:00,47285.0,47296.0,47276.0,47290.0,63
TX,202607,2026-06-18 22:49:00,47285.0,47287.0,47276.0,47286.0,50
TX,202607,2026-06-18 22:50:00,47281.0,47287.0,47260.0,47268.0,90
TX,202607,2026-06-18 22:51:00,47260.0,47268.0,47249.0,47253.0,110
TX,202607,2026-06-18 22:52:00,47258.0,47275.0,47258.0,47259.0,46
TX,202607,2026-06-18 22:53:00,47253.0,47261.0,47249.0,47255.0,42
TX,202607,2026-06-18 22:54:00,47259.0,47270.0,47259.0,47265.0,48
TX,202607,2026-06-18 22:55:00,47264.0,47269.0,47252.0,47252.0,65
TX,202607,2026-06-18 22:56:00,47254.0,47260.0,47238.0,47260.0,56
TX,202607,2026-06-18 22:57:00,47261.0,47270.0,47259.0,47270.0,52
TX,202607,2026-06-18 22:58:00,47268.0,47292.0,47268.0,47290.0,85
TX,202607,2026-06-18 22:59:00,47291.0,47291.0,47258.0,47259.0,32
TX,202607,2026-06-18 23:00:00,47263.0,47268.0,47242.0,47253.0,144
TX,202607,2026-06-18 23:01:00,47250.0,47255.0,47238.0,47238.0,66
TX,202607,2026-06-18 23:02:00,47242.0,47244.0,47224.0,47232.0,94
TX,202607,2026-06-18 23:03:00,47229.0,47240.0,47225.0,47240.0,86
TX,202607,2026-06-18 23:04:00,47241.0,47265.0,47241.0,47261.0,64
TX,202607,2026-06-18 23:05:00,47256.0,47258.0,47243.0,47243.0,28
TX,202607,2026-06-18 23:06:00,47246.0,47251.0,47235.0,47251.0,30
TX,202607,2026-06-18 23:07:00,47254.0,47255.0,47239.0,47255.0,25
TX,202607,2026-06-18 23:08:00,47255.0,47274.0,47255.0,47274.0,81
TX,202607,2026-06-18 23:09:00,47273.0,47273.0,47262.0,47265.0,62
TX,202607,2026-06-18 23:10:00,47265.0,47271.0,47253.0,47268.0,56
TX,202607,2026-06-18 23:11:00,47269.0,47271.0,47265.0,47270.0,22
TX,202607,2026-06-18 23:12:00,47265.0,47265.0,47256.0,47257.0,23
TX,202607,2026-06-18 23:13:00,47258.0,47260.0,47248.0,47260.0,35
TX,202607,2026-06-18 23:14:00,47261.0,47261.0,47228.0,47234.0,103
TX,202607,2026-06-18 23:15:00,47230.0,47252.0,47230.0,47252.0,65
TX,202607,2026-06-18 23:16:00,47248.0,47257.0,47248.0,47251.0,13
TX,202607,2026-06-18 23:17:00,47249.0,47249.0,47230.0,47238.0,54
TX,202607,2026-06-18 23:18:00,47236.0,47242.0,47230.0,47232.0,33
TX,202607,2026-06-18 23:19:00,47230.0,47230.0,47207.0,47225.0,99
TX,202607,2026-06-18 23:20:00,47222.0,47258.0,47220.0,47247.0,55
TX,202607,2026-06-18 23:21:00,47250.0,47250.0,47239.0,47239.0,16
TX,202607,2026-06-18 23:22:00,47240.0,47240.0,47219.0,47219.0,38
TX,202607,2026-06-18 23:23:00,47223.0,47230.0,47206.0,47230.0,52
TX,202607,2026-06-18 23:24:00,47232.0,47240.0,47210.0,47213.0,29
TX,202607,2026-06-18 23:25:00,47218.0,47230.0,47215.0,47223.0,34
TX,202607,2026-06-18 23:26:00,47232.0,47232.0,47221.0,47227.0,20
TX,202607,2026-06-18 23:27:00,47229.0,47250.0,47227.0,47246.0,65
TX,202607,2026-06-18 23:28:00,47246.0,47246.0,47213.0,47214.0,47
TX,202607,2026-06-18 23:29:00,47215.0,47220.0,47188.0,47196.0,151
TX,202607,2026-06-18 23:30:00,47200.0,47226.0,47198.0,47223.0,94
TX,202607,2026-06-18 23:31:00,47227.0,47237.0,47223.0,47223.0,33
TX,202607,2026-06-18 23:32:00,47220.0,47220.0,47195.0,47200.0,65
TX,202607,2026-06-18 23:33:00,47198.0,47201.0,47182.0,47192.0,101
TX,202607,2026-06-18 23:34:00,47193.0,47215.0,47193.0,47203.0,65
TX,202607,2026-06-18 23:35:00,47200.0,47203.0,47169.0,47173.0,183
TX,202607,2026-06-18 23:36:00,47175.0,47175.0,47151.0,47168.0,126
TX,202607,2026-06-18 23:37:00,47168.0,47184.0,47155.0,47182.0,63
TX,202607,2026-06-18 23:38:00,47185.0,47191.0,47136.0,47142.0,184
TX,202607,2026-06-18 23:39:00,47137.0,47189.0,47132.0,47185.0,105
TX,202607,2026-06-18 23:40:00,47187.0,47200.0,47173.0,47192.0,64
TX,202607,2026-06-18 23:41:00,47191.0,47220.0,47191.0,47212.0,102
TX,202607,2026-06-18 23:42:00,47211.0,47222.0,47207.0,47210.0,52
TX,202607,2026-06-18 23:43:00,47212.0,47212.0,47194.0,47206.0,25
TX,202607,2026-06-18 23:44:00,47205.0,47217.0,47199.0,47212.0,53
TX,202607,2026-06-18 23:45:00,47210.0,47211.0,47185.0,47204.0,61
TX,202607,2026-06-18 23:46:00,47208.0,47209.0,47192.0,47196.0,25
TX,202607,2026-06-18 23:47:00,47200.0,47221.0,47198.0,47219.0,49
TX,202607,2026-06-18 23:48:00,47216.0,47216.0,47204.0,47209.0,23
TX,202607,2026-06-18 23:49:00,47217.0,47240.0,47217.0,47239.0,87
TX,202607,2026-06-18 23:50:00,47239.0,47246.0,47238.0,47239.0,52
TX,202607,2026-06-18 23:51:00,47238.0,47244.0,47234.0,47235.0,45
TX,202607,2026-06-18 23:52:00,47238.0,47255.0,47238.0,47250.0,66
TX,202607,2026-06-18 23:53:00,47247.0,47268.0,47244.0,47254.0,111
TX,202607,2026-06-18 23:54:00,47252.0,47253.0,47236.0,47236.0,26
TX,202607,2026-06-18 23:55:00,47238.0,47251.0,47236.0,47248.0,29
TX,202607,2026-06-18 23:56:00,47246.0,47263.0,47243.0,47255.0,65
TX,202607,2026-06-18 23:57:00,47253.0,47272.0,47253.0,47272.0,87
TX,202607,2026-06-18 23:58:00,47273.0,47278.0,47266.0,47275.0,48
TX,202607,2026-06-18 23:59:00,47273.0,47275.0,47263.0,47274.0,18
TX,202607,2026-06-19 00:00:00,47273.0,47327.0,47273.0,47319.0,472
TX,202607,2026-06-19 00:01:00,47319.0,47328.0,47308.0,47315.0,72
TX,202607,2026-06-19 00:02:00,47319.0,47340.0,47307.0,47331.0,81
TX,202607,2026-06-19 00:03:00,47326.0,47340.0,47320.0,47340.0,83
TX,202607,2026-06-19 00:04:00,47341.0,47350.0,47320.0,47323.0,95
TX,202607,2026-06-19 00:05:00,47327.0,47340.0,47315.0,47339.0,105
TX,202607,2026-06-19 00:06:00,47332.0,47341.0,47328.0,47328.0,47
TX,202607,2026-06-19 00:07:00,47331.0,47333.0,47300.0,47321.0,104
TX,202607,2026-06-19 00:08:00,47325.0,47331.0,47302.0,47302.0,47
TX,202607,2026-06-19 00:09:00,47301.0,47311.0,47293.0,47308.0,79
TX,202607,2026-06-19 00:10:00,47309.0,47311.0,47299.0,47299.0,33
TX,202607,2026-06-19 00:11:00,47301.0,47330.0,47301.0,47325.0,62
TX,202607,2026-06-19 00:12:00,47323.0,47330.0,47309.0,47329.0,65
TX,202607,2026-06-19 00:13:00,47324.0,47332.0,47318.0,47331.0,28
TX,202607,2026-06-19 00:14:00,47332.0,47341.0,47324.0,47333.0,57
TX,202607,2026-06-19 00:15:00,47333.0,47335.0,47315.0,47321.0,39
TX,202607,2026-06-19 00:16:00,47320.0,47320.0,47315.0,47318.0,8
TX,202607,2026-06-19 00:17:00,47318.0,47340.0,47318.0,47340.0,33
TX,202607,2026-06-19 00:18:00,47335.0,47338.0,47318.0,47318.0,40
TX,202607,2026-06-19 00:19:00,47318.0,47323.0,47310.0,47323.0,28
TX,202607,2026-06-19 00:20:00,47330.0,47341.0,47330.0,47340.0,49
TX,202607,2026-06-19 00:21:00,47340.0,47368.0,47340.0,47366.0,159
TX,202607,2026-06-19 00:22:00,47366.0,47366.0,47356.0,47356.0,23
TX,202607,2026-06-19 00:23:00,47356.0,47369.0,47355.0,47363.0,44
TX,202607,2026-06-19 00:24:00,47363.0,47370.0,47358.0,47367.0,73
TX,202607,2026-06-19 00:25:00,47360.0,47374.0,47347.0,47358.0,89
TX,202607,2026-06-19 00:26:00,47359.0,47371.0,47357.0,47367.0,16
TX,202607,2026-06-19 00:27:00,47365.0,47367.0,47351.0,47358.0,18
TX,202607,2026-06-19 00:28:00,47350.0,47362.0,47350.0,47355.0,12
TX,202607,2026-06-19 00:29:00,47351.0,47355.0,47348.0,47350.0,31
TX,202607,2026-06-19 00:30:00,47351.0,47365.0,47339.0,47360.0,28
TX,202607,2026-06-19 00:31:00,47353.0,47361.0,47350.0,47361.0,32
TX,202607,2026-06-19 00:32:00,47358.0,47361.0,47355.0,47361.0,11
TX,202607,2026-06-19 00:33:00,47365.0,47373.0,47359.0,47361.0,68
TX,202607,2026-06-19 00:34:00,47359.0,47378.0,47359.0,47375.0,41
TX,202607,2026-06-19 00:35:00,47378.0,47382.0,47360.0,47363.0,99
TX,202607,2026-06-19 00:36:00,47363.0,47370.0,47356.0,47370.0,12
TX,202607,2026-06-19 00:37:00,47368.0,47388.0,47368.0,47386.0,39
TX,202607,2026-06-19 00:38:00,47379.0,47379.0,47365.0,47376.0,28
TX,202607,2026-06-19 00:39:00,47373.0,47386.0,47373.0,47377.0,20
TX,202607,2026-06-19 00:40:00,47374.0,47375.0,47365.0,47365.0,21
TX,202607,2026-06-19 00:41:00,47368.0,47379.0,47365.0,47369.0,33
TX,202607,2026-06-19 00:42:00,47371.0,47380.0,47370.0,47380.0,24
TX,202607,2026-06-19 00:43:00,47380.0,47386.0,47380.0,47386.0,18
TX,202607,2026-06-19 00:44:00,47387.0,47388.0,47374.0,47375.0,36
TX,202607,2026-06-19 00:45:00,47377.0,47390.0,47368.0,47390.0,50
TX,202607,2026-06-19 00:46:00,47384.0,47384.0,47371.0,47371.0,19
TX,202607,2026-06-19 00:47:00,47369.0,47377.0,47363.0,47372.0,35
TX,202607,2026-06-19 00:48:00,47376.0,47376.0,47371.0,47374.0,18
TX,202607,2026-06-19 00:49:00,47377.0,47381.0,47370.0,47370.0,23
TX,202607,2026-06-19 00:50:00,47368.0,47369.0,47346.0,47350.0,85
TX,202607,2026-06-19 00:51:00,47348.0,47355.0,47344.0,47351.0,45
TX,202607,2026-06-19 00:52:00,47350.0,47362.0,47350.0,47357.0,20
TX,202607,2026-06-19 00:53:00,47355.0,47365.0,47346.0,47346.0,24
TX,202607,2026-06-19 00:54:00,47344.0,47351.0,47332.0,47332.0,61
TX,202607,2026-06-19 00:55:00,47333.0,47338.0,47323.0,47325.0,74
TX,202607,2026-06-19 00:56:00,47328.0,47341.0,47326.0,47340.0,38
TX,202607,2026-06-19 00:57:00,47336.0,47356.0,47336.0,47354.0,27
TX,202607,2026-06-19 00:58:00,47359.0,47360.0,47348.0,47354.0,11
TX,202607,2026-06-19 00:59:00,47354.0,47364.0,47354.0,47364.0,41
TX,202607,2026-06-19 01:00:00,47364.0,47366.0,47336.0,47336.0,43
TX,202607,2026-06-19 01:01:00,47337.0,47346.0,47335.0,47339.0,35
TX,202607,2026-06-19 01:02:00,47343.0,47356.0,47343.0,47356.0,22
TX,202607,2026-06-19 01:03:00,47355.0,47363.0,47351.0,47351.0,21
TX,202607,2026-06-19 01:04:00,47353.0,47370.0,47353.0,47367.0,45
TX,202607,2026-06-19 01:05:00,47367.0,47419.0,47367.0,47409.0,183
TX,202607,2026-06-19 01:06:00,47411.0,47425.0,47406.0,47420.0,93
TX,202607,2026-06-19 01:07:00,47420.0,47422.0,47411.0,47416.0,25
TX,202607,2026-06-19 01:08:00,47420.0,47437.0,47420.0,47436.0,40
TX,202607,2026-06-19 01:09:00,47439.0,47448.0,47433.0,47437.0,39
TX,202607,2026-06-19 01:10:00,47431.0,47445.0,47431.0,47438.0,41
TX,202607,2026-06-19 01:11:00,47433.0,47443.0,47428.0,47442.0,34
TX,202607,2026-06-19 01:12:00,47442.0,47450.0,47435.0,47440.0,41
TX,202607,2026-06-19 01:13:00,47438.0,47455.0,47438.0,47450.0,25
TX,202607,2026-06-19 01:14:00,47447.0,47456.0,47446.0,47449.0,24
TX,202607,2026-06-19 01:15:00,47449.0,47449.0,47433.0,47444.0,25
TX,202607,2026-06-19 01:16:00,47442.0,47473.0,47441.0,47473.0,57
TX,202607,2026-06-19 01:17:00,47470.0,47475.0,47467.0,47470.0,32
TX,202607,2026-06-19 01:18:00,47467.0,47470.0,47461.0,47468.0,20
TX,202607,2026-06-19 01:19:00,47469.0,47474.0,47469.0,47472.0,9
TX,202607,2026-06-19 01:20:00,47476.0,47476.0,47465.0,47471.0,27
TX,202607,2026-06-19 01:21:00,47470.0,47480.0,47467.0,47467.0,65
TX,202607,2026-06-19 01:22:00,47463.0,47465.0,47456.0,47465.0,30
TX,202607,2026-06-19 01:23:00,47465.0,47484.0,47462.0,47481.0,30
TX,202607,2026-06-19 01:24:00,47481.0,47485.0,47467.0,47467.0,25
TX,202607,2026-06-19 01:25:00,47465.0,47469.0,47462.0,47462.0,9
TX,202607,2026-06-19 01:26:00,47460.0,47470.0,47457.0,47467.0,12
TX,202607,2026-06-19 01:27:00,47470.0,47470.0,47463.0,47465.0,15
TX,202607,2026-06-19 01:28:00,47475.0,47478.0,47471.0,47471.0,7
TX,202607,2026-06-19 01:29:00,47474.0,47480.0,47473.0,47480.0,18
TX,202607,2026-06-19 01:30:00,47480.0,47493.0,47477.0,47488.0,63
TX,202607,2026-06-19 01:31:00,47488.0,47520.0,47488.0,47505.0,149
TX,202607,2026-06-19 01:32:00,47503.0,47512.0,47503.0,47507.0,22
TX,202607,2026-06-19 01:33:00,47503.0,47512.0,47500.0,47501.0,49
TX,202607,2026-06-19 01:34:00,47500.0,47516.0,47497.0,47509.0,52
TX,202607,2026-06-19 01:35:00,47505.0,47524.0,47501.0,47522.0,33
TX,202607,2026-06-19 01:36:00,47524.0,47538.0,47518.0,47532.0,63
TX,202607,2026-06-19 01:37:00,47531.0,47532.0,47516.0,47525.0,30
TX,202607,2026-06-19 01:38:00,47525.0,47534.0,47525.0,47534.0,17
TX,202607,2026-06-19 01:39:00,47533.0,47533.0,47510.0,47516.0,45
TX,202607,2026-06-19 01:40:00,47519.0,47530.0,47506.0,47513.0,39
TX,202607,2026-06-19 01:41:00,47513.0,47538.0,47513.0,47533.0,39
TX,202607,2026-06-19 01:42:00,47536.0,47537.0,47526.0,47537.0,33
TX,202607,2026-06-19 01:43:00,47530.0,47532.0,47527.0,47527.0,13
TX,202607,2026-06-19 01:44:00,47527.0,47546.0,47526.0,47541.0,52
TX,202607,2026-06-19 01:45:00,47543.0,47545.0,47541.0,47542.0,33
TX,202607,2026-06-19 01:46:00,47541.0,47541.0,47518.0,47523.0,29
TX,202607,2026-06-19 01:47:00,47534.0,47539.0,47530.0,47532.0,14
TX,202607,2026-06-19 01:48:00,47542.0,47544.0,47542.0,47543.0,6
TX,202607,2026-06-19 01:49:00,47543.0,47548.0,47532.0,47533.0,30
TX,202607,2026-06-19 01:50:00,47533.0,47537.0,47525.0,47535.0,24
TX,202607,2026-06-19 01:51:00,47530.0,47534.0,47527.0,47532.0,19
TX,202607,2026-06-19 01:52:00,47534.0,47545.0,47534.0,47545.0,8
TX,202607,2026-06-19 01:53:00,47543.0,47549.0,47543.0,47546.0,21
TX,202607,2026-06-19 01:54:00,47546.0,47547.0,47530.0,47530.0,20
TX,202607,2026-06-19 01:55:00,47531.0,47541.0,47522.0,47522.0,33
TX,202607,2026-06-19 01:56:00,47523.0,47530.0,47518.0,47524.0,31
TX,202607,2026-06-19 01:57:00,47530.0,47532.0,47527.0,47531.0,12
TX,202607,2026-06-19 01:58:00,47532.0,47540.0,47514.0,47514.0,53
TX,202607,2026-06-19 01:59:00,47514.0,47522.0,47514.0,47522.0,7
TX,202607,2026-06-19 02:00:00,47527.0,47540.0,47515.0,47524.0,36
TX,202607,2026-06-19 02:01:00,47523.0,47536.0,47523.0,47528.0,20
TX,202607,2026-06-19 02:02:00,47529.0,47545.0,47529.0,47543.0,25
TX,202607,2026-06-19 02:03:00,47539.0,47539.0,47500.0,47507.0,57
TX,202607,2026-06-19 02:04:00,47509.0,47524.0,47508.0,47521.0,12
TX,202607,2026-06-19 02:05:00,47520.0,47536.0,47518.0,47527.0,23
TX,202607,2026-06-19 02:06:00,47525.0,47525.0,47520.0,47520.0,9
TX,202607,2026-06-19 02:07:00,47527.0,47533.0,47527.0,47533.0,4
TX,202607,2026-06-19 02:08:00,47532.0,47554.0,47532.0,47547.0,65
TX,202607,2026-06-19 02:09:00,47546.0,47546.0,47536.0,47539.0,12
TX,202607,2026-06-19 02:10:00,47538.0,47550.0,47538.0,47550.0,5
TX,202607,2026-06-19 02:11:00,47550.0,47559.0,47550.0,47550.0,31
TX,202607,2026-06-19 02:12:00,47549.0,47558.0,47540.0,47552.0,11
TX,202607,2026-06-19 02:13:00,47550.0,47550.0,47544.0,47544.0,6
TX,202607,2026-06-19 02:14:00,47550.0,47550.0,47540.0,47540.0,5
TX,202607,2026-06-19 02:15:00,47538.0,47545.0,47530.0,47543.0,28
TX,202607,2026-06-19 02:16:00,47541.0,47545.0,47538.0,47540.0,15
TX,202607,2026-06-19 02:17:00,47536.0,47550.0,47533.0,47545.0,30
TX,202607,2026-06-19 02:18:00,47545.0,47557.0,47540.0,47556.0,29
TX,202607,2026-06-19 02:19:00,47560.0,47565.0,47557.0,47558.0,32
TX,202607,2026-06-19 02:20:00,47556.0,47560.0,47539.0,47544.0,28
TX,202607,2026-06-19 02:21:00,47548.0,47552.0,47548.0,47552.0,6
TX,202607,2026-06-19 02:22:00,47556.0,47569.0,47556.0,47563.0,24
TX,202607,2026-06-19 02:23:00,47566.0,47566.0,47546.0,47549.0,21
TX,202607,2026-06-19 02:24:00,47558.0,47558.0,47543.0,47545.0,17
TX,202607,2026-06-19 02:25:00,47551.0,47557.0,47551.0,47551.0,14
TX,202607,2026-06-19 02:26:00,47555.0,47557.0,47548.0,47549.0,16
TX,202607,2026-06-19 02:27:00,47548.0,47548.0,47543.0,47544.0,7
TX,202607,2026-06-19 02:28:00,47543.0,47543.0,47520.0,47528.0,67
TX,202607,2026-06-19 02:29:00,47523.0,47530.0,47522.0,47525.0,17
TX,202607,2026-06-19 02:30:00,47523.0,47523.0,47511.0,47521.0,47
TX,202607,2026-06-19 02:31:00,47515.0,47520.0,47506.0,47506.0,24
TX,202607,2026-06-19 02:32:00,47517.0,47520.0,47488.0,47497.0,74
TX,202607,2026-06-19 02:33:00,47496.0,47512.0,47491.0,47511.0,28
TX,202607,2026-06-19 02:34:00,47516.0,47522.0,47510.0,47510.0,18
TX,202607,2026-06-19 02:35:00,47507.0,47517.0,47506.0,47517.0,9
TX,202607,2026-06-19 02:36:00,47513.0,47523.0,47503.0,47509.0,24
TX,202607,2026-06-19 02:37:00,47515.0,47515.0,47509.0,47510.0,10
TX,202607,2026-06-19 02:38:00,47506.0,47511.0,47500.0,47500.0,17
TX,202607,2026-06-19 02:39:00,47506.0,47512.0,47506.0,47506.0,7
TX,202607,2026-06-19 02:40:00,47512.0,47516.0,47509.0,47511.0,21
TX,202607,2026-06-19 02:41:00,47510.0,47527.0,47510.0,47524.0,13
TX,202607,2026-06-19 02:42:00,47526.0,47528.0,47512.0,47514.0,17
TX,202607,2026-06-19 02:43:00,47512.0,47517.0,47512.0,47517.0,9
TX,202607,2026-06-19 02:44:00,47516.0,47516.0,47512.0,47512.0,4
TX,202607,2026-06-19 02:45:00,47513.0,47522.0,47506.0,47518.0,19
TX,202607,2026-06-19 02:46:00,47518.0,47525.0,47513.0,47513.0,7
TX,202607,2026-06-19 02:47:00,47518.0,47519.0,47516.0,47516.0,3
TX,202607,2026-06-19 02:48:00,47517.0,47536.0,47517.0,47525.0,35
TX,202607,2026-06-19 02:49:00,47529.0,47531.0,47529.0,47530.0,8
TX,202607,2026-06-19 02:50:00,47531.0,47533.0,47524.0,47525.0,16
TX,202607,2026-06-19 02:51:00,47524.0,47524.0,47518.0,47518.0,13
TX,202607,2026-06-19 02:52:00,47527.0,47547.0,47527.0,47542.0,33
TX,202607,2026-06-19 02:53:00,47541.0,47541.0,47537.0,47540.0,11
TX,202607,2026-06-19 02:54:00,47540.0,47540.0,47533.0,47533.0,22
TX,202607,2026-06-19 02:55:00,47532.0,47533.0,47531.0,47533.0,6
TX,202607,2026-06-19 02:56:00,47542.0,47542.0,47531.0,47539.0,6
TX,202607,2026-06-19 02:57:00,47535.0,47535.0,47526.0,47526.0,18
TX,202607,2026-06-19 02:58:00,47530.0,47540.0,47529.0,47539.0,8
TX,202607,2026-06-19 02:59:00,47536.0,47536.0,47529.0,47529.0,9
TX,202607,2026-06-19 03:00:00,47525.0,47533.0,47517.0,47522.0,29
TX,202607,2026-06-19 03:01:00,47523.0,47523.0,47508.0,47509.0,16
TX,202607,2026-06-19 03:02:00,47509.0,47509.0,47450.0,47450.0,152
TX,202607,2026-06-19 03:03:00,47455.0,47462.0,47447.0,47461.0,77
TX,202607,2026-06-19 03:04:00,47461.0,47483.0,47458.0,47479.0,16
TX,202607,2026-06-19 03:05:00,47474.0,47481.0,47471.0,47476.0,17
TX,202607,2026-06-19 03:06:00,47480.0,47487.0,47475.0,47481.0,24
TX,202607,2026-06-19 03:07:00,47487.0,47494.0,47484.0,47490.0,15
TX,202607,2026-06-19 03:08:00,47494.0,47494.0,47484.0,47490.0,12
TX,202607,2026-06-19 03:09:00,47495.0,47500.0,47487.0,47489.0,36
TX,202607,2026-06-19 03:10:00,47483.0,47490.0,47465.0,47475.0,39
TX,202607,2026-06-19 03:11:00,47481.0,47481.0,47461.0,47461.0,34
TX,202607,2026-06-19 03:12:00,47462.0,47474.0,47456.0,47458.0,51
TX,202607,2026-06-19 03:13:00,47466.0,47471.0,47462.0,47470.0,7
TX,202607,2026-06-19 03:14:00,47478.0,47484.0,47465.0,47470.0,24
TX,202607,2026-06-19 03:15:00,47474.0,47476.0,47458.0,47463.0,26
TX,202607,2026-06-19 03:16:00,47464.0,47480.0,47460.0,47480.0,36
TX,202607,2026-06-19 03:17:00,47478.0,47503.0,47478.0,47503.0,27
TX,202607,2026-06-19 03:18:00,47504.0,47507.0,47470.0,47496.0,95
TX,202607,2026-06-19 03:19:00,47496.0,47538.0,47496.0,47538.0,47
TX,202607,2026-06-19 03:20:00,47531.0,47532.0,47518.0,47523.0,21
TX,202607,2026-06-19 03:21:00,47521.0,47523.0,47512.0,47522.0,25
TX,202607,2026-06-19 03:22:00,47525.0,47532.0,47525.0,47532.0,13
TX,202607,2026-06-19 03:23:00,47531.0,47531.0,47510.0,47510.0,19
TX,202607,2026-06-19 03:24:00,47508.0,47514.0,47495.0,47495.0,29
TX,202607,2026-06-19 03:25:00,47496.0,47501.0,47480.0,47486.0,10
TX,202607,2026-06-19 03:26:00,47486.0,47497.0,47486.0,47497.0,8
TX,202607,2026-06-19 03:27:00,47496.0,47502.0,47493.0,47494.0,19
TX,202607,2026-06-19 03:28:00,47493.0,47500.0,47488.0,47494.0,12
TX,202607,2026-06-19 03:29:00,47495.0,47500.0,47490.0,47490.0,6
TX,202607,2026-06-19 03:30:00,47488.0,47492.0,47477.0,47478.0,28
TX,202607,2026-06-19 03:31:00,47487.0,47499.0,47483.0,47490.0,10
TX,202607,2026-06-19 03:32:00,47490.0,47500.0,47487.0,47499.0,14
TX,202607,2026-06-19 03:33:00,47500.0,47521.0,47498.0,47516.0,23
TX,202607,2026-06-19 03:34:00,47515.0,47519.0,47509.0,47515.0,11
TX,202607,2026-06-19 03:35:00,47518.0,47525.0,47518.0,47525.0,12
TX,202607,2026-06-19 03:36:00,47525.0,47528.0,47518.0,47518.0,21
TX,202607,2026-06-19 03:37:00,47519.0,47528.0,47519.0,47521.0,11
TX,202607,2026-06-19 03:38:00,47522.0,47530.0,47520.0,47530.0,14
TX,202607,2026-06-19 03:39:00,47531.0,47545.0,47528.0,47545.0,37
TX,202607,2026-06-19 03:40:00,47541.0,47553.0,47539.0,47552.0,55
TX,202607,2026-06-19 03:41:00,47550.0,47562.0,47550.0,47561.0,41
TX,202607,2026-06-19 03:42:00,47564.0,47565.0,47548.0,47548.0,32
TX,202607,2026-06-19 03:43:00,47548.0,47567.0,47546.0,47567.0,33
TX,202607,2026-06-19 03:44:00,47562.0,47585.0,47562.0,47579.0,79
TX,202607,2026-06-19 03:45:00,47578.0,47594.0,47578.0,47593.0,76
TX,202607,2026-06-19 03:46:00,47593.0,47594.0,47584.0,47589.0,34
TX,202607,2026-06-19 03:47:00,47590.0,47604.0,47590.0,47600.0,58
TX,202607,2026-06-19 03:48:00,47598.0,47605.0,47593.0,47605.0,33
TX,202607,2026-06-19 03:49:00,47602.0,47605.0,47592.0,47605.0,31
TX,202607,2026-06-19 03:50:00,47606.0,47607.0,47577.0,47588.0,58
TX,202607,2026-06-19 03:51:00,47592.0,47616.0,47592.0,47609.0,58
TX,202607,2026-06-19 03:52:00,47608.0,47620.0,47604.0,47610.0,39
TX,202607,2026-06-19 03:53:00,47613.0,47615.0,47602.0,47607.0,20
TX,202607,2026-06-19 03:54:00,47611.0,47611.0,47590.0,47595.0,101
TX,202607,2026-06-19 03:55:00,47589.0,47595.0,47578.0,47595.0,27
TX,202607,2026-06-19 03:56:00,47584.0,47584.0,47561.0,47572.0,34
TX,202607,2026-06-19 03:57:00,47568.0,47585.0,47558.0,47581.0,25
TX,202607,2026-06-19 03:58:00,47581.0,47592.0,47571.0,47571.0,38
TX,202607,2026-06-19 03:59:00,47564.0,47564.0,47540.0,47544.0,58
TX,202607,2026-06-19 04:00:00,47550.0,47550.0,47503.0,47525.0,143
TX,202607,2026-06-19 04:01:00,47534.0,47540.0,47514.0,47538.0,51
TX,202607,2026-06-19 04:02:00,47543.0,47546.0,47535.0,47535.0,7
TX,202607,2026-06-19 04:03:00,47542.0,47547.0,47542.0,47547.0,8
TX,202607,2026-06-19 04:04:00,47542.0,47542.0,47530.0,47530.0,22
TX,202607,2026-06-19 04:05:00,47533.0,47533.0,47523.0,47525.0,17
TX,202607,2026-06-19 04:06:00,47532.0,47533.0,47532.0,47533.0,7
TX,202607,2026-06-19 04:07:00,47537.0,47546.0,47537.0,47545.0,23
TX,202607,2026-06-19 04:08:00,47546.0,47553.0,47546.0,47553.0,14
TX,202607,2026-06-19 04:09:00,47552.0,47552.0,47548.0,47548.0,5
TX,202607,2026-06-19 04:10:00,47544.0,47544.0,47538.0,47538.0,7
TX,202607,2026-06-19 04:11:00,47542.0,47548.0,47542.0,47548.0,2
TX,202607,2026-06-19 04:12:00,47552.0,47554.0,47550.0,47554.0,8
TX,202607,2026-06-19 04:13:00,47552.0,47560.0,47552.0,47560.0,8
TX,202607,2026-06-19 04:14:00,47565.0,47571.0,47561.0,47568.0,9
TX,202607,2026-06-19 04:15:00,47565.0,47566.0,47561.0,47563.0,5
TX,202607,2026-06-19 04:16:00,47569.0,47572.0,47569.0,47572.0,8
TX,202607,2026-06-19 04:17:00,47572.0,47574.0,47567.0,47569.0,16
TX,202607,2026-06-19 04:18:00,47573.0,47573.0,47568.0,47568.0,5
TX,202607,2026-06-19 04:19:00,47572.0,47580.0,47569.0,47580.0,20
TX,202607,2026-06-19 04:20:00,47581.0,47593.0,47580.0,47593.0,17
TX,202607,2026-06-19 04:21:00,47587.0,47587.0,47587.0,47587.0,2
TX,202607,2026-06-19 04:22:00,47587.0,47587.0,47582.0,47582.0,10
TX,202607,2026-06-19 04:23:00,47588.0,47590.0,47588.0,47590.0,7
TX,202607,2026-06-19 04:24:00,47591.0,47596.0,47591.0,47595.0,3
TX,202607,2026-06-19 04:25:00,47596.0,47596.0,47587.0,47587.0,10
TX,202607,2026-06-19 04:26:00,47592.0,47592.0,47585.0,47588.0,10
TX,202607,2026-06-19 04:27:00,47588.0,47588.0,47585.0,47585.0,12
TX,202607,2026-06-19 04:28:00,47583.0,47583.0,47580.0,47580.0,3
TX,202607,2026-06-19 04:29:00,47580.0,47582.0,47580.0,47582.0,4
TX,202607,2026-06-19 04:30:00,47581.0,47583.0,47577.0,47579.0,8
TX,202607,2026-06-19 04:31:00,47579.0,47579.0,47577.0,47579.0,8
TX,202607,2026-06-19 04:32:00,47580.0,47583.0,47578.0,47583.0,8
TX,202607,2026-06-19 04:33:00,47583.0,47587.0,47578.0,47587.0,13
TX,202607,2026-06-19 04:34:00,47588.0,47591.0,47583.0,47584.0,9
TX,202607,2026-06-19 04:35:00,47580.0,47587.0,47577.0,47587.0,20
TX,202607,2026-06-19 04:37:00,47584.0,47588.0,47583.0,47588.0,8
TX,202607,2026-06-19 04:38:00,47588.0,47594.0,47588.0,47590.0,7
TX,202607,2026-06-19 04:39:00,47591.0,47592.0,47591.0,47592.0,3
TX,202607,2026-06-19 04:40:00,47592.0,47597.0,47586.0,47596.0,26
TX,202607,2026-06-19 04:41:00,47596.0,47601.0,47585.0,47588.0,24
TX,202607,2026-06-19 04:42:00,47588.0,47591.0,47583.0,47583.0,37
TX,202607,2026-06-19 04:43:00,47582.0,47582.0,47568.0,47568.0,29
TX,202607,2026-06-19 04:44:00,47567.0,47567.0,47564.0,47564.0,4
TX,202607,2026-06-19 04:45:00,47565.0,47565.0,47520.0,47547.0,113
TX,202607,2026-06-19 04:46:00,47552.0,47552.0,47543.0,47549.0,8
TX,202607,2026-06-19 04:47:00,47549.0,47549.0,47543.0,47548.0,12
TX,202607,2026-06-19 04:49:00,47548.0,47550.0,47540.0,47550.0,18
TX,202607,2026-06-19 04:50:00,47554.0,47554.0,47537.0,47552.0,24
TX,202607,2026-06-19 04:51:00,47547.0,47550.0,47545.0,47550.0,14
TX,202607,2026-06-19 04:52:00,47550.0,47550.0,47549.0,47549.0,10
TX,202607,2026-06-19 04:53:00,47549.0,47550.0,47541.0,47541.0,24
TX,202607,2026-06-19 04:54:00,47540.0,47545.0,47537.0,47542.0,32
TX,202607,2026-06-19 04:55:00,47545.0,47547.0,47540.0,47543.0,25
TX,202607,2026-06-19 04:56:00,47544.0,47545.0,47540.0,47545.0,5
TX,202607,2026-06-19 04:57:00,47545.0,47548.0,47537.0,47539.0,38
TX,202607,2026-06-19 04:58:00,47543.0,47558.0,47543.0,47558.0,9
TX,202607,2026-06-19 04:59:00,47552.0,47574.0,47545.0,47565.0,37
TX,202608,2026-06-18 15:01:00,47020.0,47020.0,47020.0,47020.0,1
TX,202608,2026-06-18 15:02:00,47050.0,47050.0,47050.0,47050.0,1
TX,202608,2026-06-18 15:06:00,47080.0,47080.0,47080.0,47080.0,2
TX,202608,2026-06-18 15:12:00,47046.0,47046.0,47046.0,47046.0,1
TX,202608,2026-06-18 15:13:00,47033.0,47033.0,47033.0,47033.0,1
TX,202608,2026-06-18 15:26:00,47056.0,47069.0,47056.0,47061.0,5
TX,202608,2026-06-18 15:30:00,47037.0,47037.0,47037.0,47037.0,1
TX,202608,2026-06-18 15:39:00,47044.0,47048.0,47044.0,47048.0,3
TX,202608,2026-06-18 15:53:00,47050.0,47050.0,47050.0,47050.0,1
TX,202608,2026-06-18 15:58:00,47080.0,47080.0,47080.0,47080.0,1
TX,202608,2026-06-18 16:00:00,47130.0,47130.0,47130.0,47130.0,1
TX,202608,2026-06-18 16:02:00,47155.0,47155.0,47155.0,47155.0,1
TX,202608,2026-06-18 16:04:00,47121.0,47121.0,47121.0,47121.0,1
TX,202608,2026-06-18 16:05:00,47155.0,47155.0,47155.0,47155.0,1
TX,202608,2026-06-18 16:06:00,47134.0,47134.0,47134.0,47134.0,1
TX,202608,2026-06-18 16:07:00,47200.0,47200.0,47200.0,47200.0,2
TX,202608,2026-06-18 16:09:00,47200.0,47200.0,47200.0,47200.0,1
TX,202608,2026-06-18 16:38:00,47119.0,47119.0,47119.0,47119.0,1
TX,202608,2026-06-18 16:52:00,47090.0,47090.0,47090.0,47090.0,1
TX,202608,2026-06-18 16:56:00,47060.0,47060.0,47060.0,47060.0,1
TX,202608,2026-06-18 16:58:00,47041.0,47041.0,47041.0,47041.0,1
TX,202608,2026-06-18 17:00:00,47010.0,47010.0,47007.0,47007.0,2
TX,202608,2026-06-18 17:07:00,47088.0,47088.0,47088.0,47088.0,1
TX,202608,2026-06-18 17:20:00,47064.0,47064.0,47064.0,47064.0,1
TX,202608,2026-06-18 17:50:00,47137.0,47137.0,47137.0,47137.0,3
TX,202608,2026-06-18 17:51:00,47137.0,47137.0,47137.0,47137.0,2
TX,202608,2026-06-18 17:52:00,47142.0,47142.0,47142.0,47142.0,2
TX,202608,2026-06-18 17:59:00,47155.0,47155.0,47155.0,47155.0,1
TX,202608,2026-06-18 18:01:00,47140.0,47140.0,47140.0,47140.0,1
TX,202608,2026-06-18 18:08:00,47126.0,47126.0,47126.0,47126.0,1
TX,202608,2026-06-18 18:15:00,47150.0,47150.0,47150.0,47150.0,1
TX,202608,2026-06-18 18:16:00,47151.0,47151.0,47151.0,47151.0,1
TX,202608,2026-06-18 18:36:00,47094.0,47094.0,47094.0,47094.0,1
TX,202608,2026-06-18 19:00:00,47082.0,47082.0,47082.0,47082.0,1
TX,202608,2026-06-18 19:05:00,47083.0,47083.0,47083.0,47083.0,1
TX,202608,2026-06-18 19:09:00,47037.0,47037.0,47020.0,47020.0,2
TX,202608,2026-06-18 19:21:00,47021.0,47021.0,47021.0,47021.0,1
TX,202608,2026-06-18 19:27:00,47060.0,47060.0,47060.0,47060.0,1
TX,202608,2026-06-18 19:38:00,47000.0,47000.0,47000.0,47000.0,1
TX,202608,2026-06-18 19:43:00,47000.0,47000.0,47000.0,47000.0,2
TX,202608,2026-06-18 19:47:00,47000.0,47003.0,47000.0,47003.0,2
TX,202608,2026-06-18 19:52:00,47035.0,47035.0,47035.0,47035.0,1
TX,202608,2026-06-18 19:53:00,47050.0,47050.0,47050.0,47050.0,2
TX,202608,2026-06-18 20:01:00,47050.0,47050.0,47050.0,47050.0,1
TX,202608,2026-06-18 20:04:00,47065.0,47065.0,47065.0,47065.0,1
TX,202608,2026-06-18 20:05:00,47060.0,47060.0,47060.0,47060.0,1
TX,202608,2026-06-18 20:06:00,47060.0,47060.0,47060.0,47060.0,3
TX,202608,2026-06-18 20:08:00,47072.0,47072.0,47072.0,47072.0,1
TX,202608,2026-06-18 20:17:00,47075.0,47075.0,47075.0,47075.0,1
TX,202608,2026-06-18 20:28:00,47100.0,47100.0,47100.0,47100.0,1
TX,202608,2026-06-18 20:30:00,47122.0,47122.0,47122.0,47122.0,1
TX,202608,2026-06-18 20:32:00,47124.0,47124.0,47124.0,47124.0,1
TX,202608,2026-06-18 20:33:00,47124.0,47124.0,47124.0,47124.0,4
TX,202608,2026-06-18 20:48:00,47139.0,47139.0,47122.0,47122.0,2
TX,202608,2026-06-18 20:57:00,47163.0,47208.0,47163.0,47208.0,2
TX,202608,2026-06-18 21:03:00,47159.0,47160.0,47159.0,47160.0,2
TX,202608,2026-06-18 21:07:00,47147.0,47147.0,47147.0,47147.0,1
TX,202608,2026-06-18 21:14:00,47163.0,47163.0,47163.0,47163.0,1
TX,202608,2026-06-18 21:28:00,47213.0,47213.0,47213.0,47213.0,1
TX,202608,2026-06-18 21:30:00,47250.0,47250.0,47250.0,47250.0,4
TX,202608,2026-06-18 21:35:00,47282.0,47282.0,47282.0,47282.0,2
TX,202608,2026-06-18 21:37:00,47289.0,47310.0,47289.0,47310.0,3
TX,202608,2026-06-18 21:38:00,47325.0,47325.0,47325.0,47325.0,6
TX,202608,2026-06-18 21:40:00,47360.0,47360.0,47330.0,47330.0,2
TX,202608,2026-06-18 21:43:00,47307.0,47307.0,47304.0,47304.0,4
TX,202608,2026-06-18 21:56:00,47329.0,47329.0,47329.0,47329.0,1
TX,202608,2026-06-18 22:03:00,47380.0,47388.0,47380.0,47388.0,2
TX,202608,2026-06-18 22:06:00,47392.0,47392.0,47391.0,47391.0,2
TX,202608,2026-06-18 22:22:00,47442.0,47443.0,47442.0,47443.0,3
TX,202608,2026-06-18 22:23:00,47466.0,47475.0,47466.0,47475.0,2
TX,202608,2026-06-18 22:24:00,47488.0,47488.0,47488.0,47488.0,1
TX,202608,2026-06-18 22:26:00,47486.0,47486.0,47486.0,47486.0,1
TX,202608,2026-06-18 22:29:00,47452.0,47452.0,47452.0,47452.0,1
TX,202608,2026-06-18 22:32:00,47436.0,47436.0,47436.0,47436.0,1
TX,202608,2026-06-18 22:33:00,47436.0,47436.0,47436.0,47436.0,1
TX,202608,2026-06-18 22:37:00,47500.0,47500.0,47500.0,47500.0,1
TX,202608,2026-06-18 22:45:00,47486.0,47486.0,47486.0,47486.0,1
TX,202608,2026-06-18 22:46:00,47495.0,47497.0,47495.0,47497.0,2
TX,202608,2026-06-18 22:48:00,47505.0,47505.0,47505.0,47505.0,1
TX,202608,2026-06-18 22:51:00,47491.0,47491.0,47491.0,47491.0,1
TX,202608,2026-06-18 23:00:00,47483.0,47485.0,47470.0,47485.0,5
TX,202608,2026-06-18 23:02:00,47460.0,47460.0,47460.0,47460.0,1
TX,202608,2026-06-18 23:05:00,47476.0,47476.0,47476.0,47476.0,1
TX,202608,2026-06-18 23:08:00,47476.0,47476.0,47476.0,47476.0,1
TX,202608,2026-06-18 23:14:00,47458.0,47458.0,47458.0,47458.0,1
TX,202608,2026-06-18 23:19:00,47452.0,47452.0,47452.0,47452.0,1
TX,202608,2026-06-18 23:27:00,47471.0,47471.0,47471.0,47471.0,1
TX,202608,2026-06-18 23:35:00,47400.0,47400.0,47400.0,47400.0,1
TX,202608,2026-06-18 23:37:00,47394.0,47394.0,47394.0,47394.0,1
TX,202608,2026-06-18 23:38:00,47376.0,47376.0,47376.0,47376.0,2
TX,202608,2026-06-18 23:41:00,47447.0,47447.0,47447.0,47447.0,1
TX,202608,2026-06-18 23:47:00,47436.0,47436.0,47436.0,47436.0,1
TX,202608,2026-06-19 00:00:00,47550.0,47550.0,47550.0,47550.0,1
TX,202608,2026-06-19 00:04:00,47574.0,47574.0,47574.0,47574.0,1
TX,202608,2026-06-19 00:21:00,47574.0,47580.0,47574.0,47580.0,3
TX,202608,2026-06-19 00:30:00,47568.0,47568.0,47568.0,47568.0,1
TX,202608,2026-06-19 00:34:00,47600.0,47600.0,47600.0,47600.0,1
TX,202608,2026-06-19 01:14:00,47683.0,47683.0,47683.0,47683.0,1
TX,202608,2026-06-19 01:24:00,47697.0,47697.0,47697.0,47697.0,1
TX,202608,2026-06-19 01:36:00,47750.0,47750.0,47750.0,47750.0,1
TX,202608,2026-06-19 02:00:00,47750.0,47750.0,47750.0,47750.0,1
TX,202608,2026-06-19 03:44:00,47799.0,47800.0,47799.0,47800.0,2
TX,202608,2026-06-19 03:45:00,47816.0,47816.0,47816.0,47816.0,1
TX,202608,2026-06-19 04:20:00,47816.0,47816.0,47816.0,47816.0,1
TX,202608,2026-06-19 04:41:00,47810.0,47810.0,47810.0,47810.0,2
TX,202608,2026-06-19 04:43:00,47810.0,47810.0,47810.0,47810.0,1
TX,202608,2026-06-19 04:45:00,47780.0,47780.0,47763.0,47763.0,2
TX,202608,2026-06-19 04:56:00,47765.0,47765.0,47765.0,47765.0,1
TX,202608,2026-06-19 04:59:00,47792.0,47792.0,47792.0,47792.0,1
TX,202609,2026-06-18 15:08:00,47253.0,47253.0,47253.0,47253.0,1
TX,202609,2026-06-18 15:12:00,47260.0,47260.0,47260.0,47260.0,1
TX,202609,2026-06-18 15:40:00,47260.0,47260.0,47260.0,47260.0,1
TX,202609,2026-06-18 15:41:00,47250.0,47250.0,47250.0,47250.0,1
TX,202609,2026-06-18 15:47:00,47240.0,47240.0,47240.0,47240.0,1
TX,202609,2026-06-18 15:48:00,47235.0,47235.0,47235.0,47235.0,1
TX,202609,2026-06-18 16:02:00,47360.0,47360.0,47360.0,47360.0,1
TX,202609,2026-06-18 16:21:00,47300.0,47300.0,47300.0,47300.0,1
TX,202609,2026-06-18 16:56:00,47260.0,47260.0,47260.0,47260.0,1
TX,202609,2026-06-18 17:51:00,47360.0,47360.0,47360.0,47360.0,1
TX,202609,2026-06-18 17:56:00,47360.0,47360.0,47360.0,47360.0,1
TX,202609,2026-06-18 18:37:00,47280.0,47280.0,47280.0,47280.0,1
TX,202609,2026-06-18 19:38:00,47200.0,47200.0,47200.0,47200.0,1
TX,202609,2026-06-18 19:40:00,47174.0,47174.0,47174.0,47174.0,1
TX,202609,2026-06-18 19:41:00,47180.0,47180.0,47180.0,47180.0,1
TX,202609,2026-06-18 20:29:00,47295.0,47295.0,47295.0,47295.0,1
TX,202609,2026-06-18 20:36:00,47350.0,47350.0,47350.0,47350.0,1
TX,202609,2026-06-18 20:57:00,47360.0,47400.0,47360.0,47400.0,4
TX,202609,2026-06-18 21:26:00,47370.0,47375.0,47370.0,47375.0,2
TX,202609,2026-06-18 21:27:00,47383.0,47383.0,47383.0,47383.0,1
TX,202609,2026-06-18 21:29:00,47410.0,47410.0,47410.0,47410.0,1
TX,202609,2026-06-18 21:32:00,47536.0,47536.0,47536.0,47536.0,1
TX,202609,2026-06-18 21:34:00,47506.0,47506.0,47506.0,47506.0,1
TX,202609,2026-06-18 21:36:00,47500.0,47500.0,47500.0,47500.0,1
TX,202609,2026-06-18 21:39:00,47540.0,47540.0,47540.0,47540.0,2
TX,202609,2026-06-18 21:57:00,47500.0,47500.0,47500.0,47500.0,1
TX,202609,2026-06-18 22:03:00,47600.0,47600.0,47600.0,47600.0,1
TX,202609,2026-06-18 22:23:00,47658.0,47658.0,47658.0,47658.0,1
TX,202609,2026-06-18 22:24:00,47700.0,47700.0,47700.0,47700.0,1
TX,202609,2026-06-18 22:45:00,47689.0,47689.0,47689.0,47689.0,1
TX,202609,2026-06-18 22:47:00,47702.0,47702.0,47702.0,47702.0,1
TX,202609,2026-06-18 23:10:00,47695.0,47695.0,47695.0,47695.0,1
TX,202609,2026-06-18 23:11:00,47697.0,47697.0,47697.0,47697.0,1
TX,202612,2026-06-18 15:41:00,47875.0,47875.0,47875.0,47875.0,1
TX,202612,2026-06-18 15:49:00,47850.0,47850.0,47850.0,47850.0,1
TX,202612,2026-06-18 19:38:00,47800.0,47800.0,47800.0,47800.0,1
TX,202612,2026-06-18 19:45:00,47847.0,47847.0,47834.0,47834.0,3
TX,202612,2026-06-18 19:52:00,47875.0,47875.0,47875.0,47875.0,1
TX,202612,2026-06-18 20:29:00,47933.0,47933.0,47933.0,47933.0,1
TX,202612,2026-06-18 21:21:00,48012.0,48012.0,48012.0,48012.0,1
TX,202612,2026-06-18 21:23:00,48012.0,48012.0,48012.0,48012.0,1
TX,202612,2026-06-18 21:32:00,48166.0,48166.0,48166.0,48166.0,1
TX,202612,2026-06-18 21:34:00,48165.0,48165.0,48125.0,48125.0,2
TX,202612,2026-06-18 21:42:00,48193.0,48193.0,48193.0,48193.0,1
TX,202612,2026-06-18 21:43:00,48193.0,48193.0,48193.0,48193.0,1
TX,202612,2026-06-18 22:03:00,48210.0,48210.0,48210.0,48210.0,2
TX,202612,2026-06-18 22:19:00,48266.0,48266.0,48266.0,48266.0,1
TX,202612,2026-06-18 22:49:00,48345.0,48345.0,48345.0,48345.0,1
TX,202612,2026-06-18 22:51:00,48308.0,48308.0,48308.0,48308.0,1
TX,202612,2026-06-18 23:33:00,48250.0,48250.0,48250.0,48250.0,1
TX,202612,2026-06-18 23:41:00,48280.0,48280.0,48280.0,48280.0,1
TX,202612,2026-06-19 04:50:00,48622.0,48622.0,48622.0,48622.0,1
TX,202703,2026-06-18 15:22:00,48631.0,48631.0,48631.0,48631.0,1
TX,202703,2026-06-18 22:03:00,49000.0,49000.0,49000.0,49000.0,1
TX,202703,2026-06-18 23:39:00,49000.0,49000.0,49000.0,49000.0,1
UDF,202606,2026-06-18 15:10:00,51855.0,51855.0,51855.0,51855.0,1
UDF,202609,2026-06-18 15:02:00,52253.0,52253.0,52253.0,52253.0,2
UDF,202609,2026-06-18 16:20:00,52260.0,52260.0,52260.0,52260.0,1
UDF,202609,2026-06-18 18:00:00,52268.0,52268.0,52268.0,52268.0,1
UDF,202609,2026-06-18 18:27:00,52241.0,52241.0,52241.0,52241.0,1
UDF,202609,2026-06-18 18:30:00,52253.0,52253.0,52253.0,52253.0,1
UDF,202609,2026-06-18 18:33:00,52246.0,52246.0,52246.0,52246.0,2
UDF,202609,2026-06-18 19:05:00,52138.0,52138.0,52138.0,52138.0,2
UDF,202609,2026-06-18 19:09:00,52100.0,52100.0,52100.0,52100.0,1
UDF,202609,2026-06-18 19:18:00,52073.0,52073.0,52073.0,52073.0,1
UDF,202609,2026-06-18 19:41:00,52031.0,52031.0,52031.0,52031.0,1
UDF,202609,2026-06-18 20:13:00,52140.0,52140.0,52140.0,52140.0,1
UDF,202609,2026-06-18 20:17:00,52133.0,52133.0,52133.0,52133.0,1
UDF,202609,2026-06-18 20:33:00,52192.0,52192.0,52192.0,52192.0,2
UDF,202609,2026-06-18 21:37:00,52250.0,52250.0,52250.0,52250.0,1
UDF,202609,2026-06-18 21:40:00,52250.0,52250.0,52250.0,52250.0,1
UDF,202609,2026-06-18 21:43:00,52250.0,52250.0,52250.0,52250.0,1
UDF,202609,2026-06-18 21:46:00,52200.0,52200.0,52192.0,52192.0,3
UDF,202609,2026-06-18 22:03:00,52102.0,52102.0,52102.0,52102.0,2
UDF,202609,2026-06-18 22:05:00,52102.0,52102.0,52102.0,52102.0,1
UDF,202609,2026-06-18 22:11:00,52077.0,52077.0,52077.0,52077.0,1
UDF,202609,2026-06-18 22:49:00,52255.0,52255.0,52255.0,52255.0,1
UDF,202609,2026-06-18 23:03:00,52200.0,52200.0,52200.0,52200.0,1
UDF,202609,2026-06-18 23:14:00,52172.0,52172.0,52171.0,52171.0,2
UDF,202609,2026-06-18 23:59:00,52100.0,52100.0,51900.0,51900.0,3
UDF,202609,2026-06-19 00:01:00,51991.0,51991.0,51603.0,51603.0,2
UDF,202609,2026-06-19 00:02:00,51991.0,51991.0,51991.0,51991.0,1
UDF,202609,2026-06-19 00:29:00,52080.0,52080.0,52080.0,52080.0,1
UDF,202609,2026-06-19 00:31:00,52068.0,52068.0,52068.0,52068.0,1
UDF,202609,2026-06-19 00:49:00,52084.0,52084.0,52084.0,52084.0,11
UNF,202606,2026-06-18 16:10:00,30179.0,30179.0,30179.0,30179.0,5
UNF,202606,2026-06-18 17:49:00,30167.0,30167.0,30167.0,30167.0,1
UNF,202606,2026-06-18 17:56:00,30179.0,30179.0,30179.0,30179.0,1
UNF,202606,2026-06-18 17:59:00,30170.0,30170.0,30170.0,30170.0,1
UNF,202606,2026-06-18 19:42:00,30100.0,30100.0,30100.0,30100.0,1
UNF,202606,2026-06-18 19:46:00,30100.0,30100.0,30100.0,30100.0,1
UNF,202606,2026-06-18 19:47:00,30082.0,30082.0,30082.0,30082.0,1
UNF,202606,2026-06-18 19:59:00,30101.0,30101.0,30101.0,30101.0,1
UNF,202606,2026-06-18 21:28:00,30300.0,30300.0,30300.0,30300.0,2
UNF,202609,2026-06-18 15:00:00,30433.0,30433.0,30433.0,30433.0,1
UNF,202609,2026-06-18 15:14:00,30440.0,30440.0,30440.0,30440.0,1
UNF,202609,2026-06-18 15:59:00,30494.0,30496.0,30494.0,30496.0,5
UNF,202609,2026-06-18 16:00:00,30512.0,30512.0,30512.0,30512.0,2
UNF,202609,2026-06-18 16:05:00,30507.0,30507.0,30507.0,30507.0,1
UNF,202609,2026-06-18 16:08:00,30536.0,30536.0,30536.0,30536.0,1
UNF,202609,2026-06-18 16:20:00,30520.0,30520.0,30520.0,30520.0,1
UNF,202609,2026-06-18 16:23:00,30495.0,30495.0,30495.0,30495.0,2
UNF,202609,2026-06-18 16:24:00,30490.0,30490.0,30490.0,30490.0,1
UNF,202609,2026-06-18 17:00:00,30445.0,30445.0,30445.0,30445.0,1
UNF,202609,2026-06-18 17:23:00,30491.0,30491.0,30485.0,30485.0,2
UNF,202609,2026-06-18 17:27:00,30481.0,30481.0,30481.0,30481.0,2
UNF,202609,2026-06-18 17:49:00,30537.0,30537.0,30537.0,30537.0,9
UNF,202609,2026-06-18 18:01:00,30538.0,30538.0,30538.0,30538.0,2
UNF,202609,2026-06-18 18:43:00,30500.0,30500.0,30500.0,30500.0,1
UNF,202609,2026-06-18 19:11:00,30444.0,30444.0,30444.0,30444.0,1
UNF,202609,2026-06-18 19:33:00,30460.0,30460.0,30460.0,30460.0,1
UNF,202609,2026-06-18 19:45:00,30447.0,30448.0,30447.0,30448.0,2
UNF,202609,2026-06-18 19:51:00,30464.0,30464.0,30464.0,30464.0,1
UNF,202609,2026-06-18 20:06:00,30466.0,30466.0,30466.0,30466.0,1
UNF,202609,2026-06-18 20:09:00,30458.0,30458.0,30458.0,30458.0,2
UNF,202609,2026-06-18 20:28:00,30519.0,30519.0,30519.0,30519.0,2
UNF,202609,2026-06-18 20:29:00,30527.0,30527.0,30527.0,30527.0,2
UNF,202609,2026-06-18 20:30:00,30525.0,30525.0,30523.0,30523.0,10
UNF,202609,2026-06-18 20:56:00,30565.0,30565.0,30565.0,30565.0,1
UNF,202609,2026-06-18 20:57:00,30569.0,30569.0,30569.0,30569.0,1
UNF,202609,2026-06-18 21:03:00,30546.0,30546.0,30546.0,30546.0,4
UNF,202609,2026-06-18 21:04:00,30531.0,30531.0,30531.0,30531.0,1
UNF,202609,2026-06-18 21:14:00,30568.0,30568.0,30568.0,30568.0,2
UNF,202609,2026-06-18 21:20:00,30582.0,30588.0,30582.0,30588.0,6
UNF,202609,2026-06-18 21:25:00,30632.0,30636.0,30632.0,30636.0,5
UNF,202609,2026-06-18 21:26:00,30651.0,30651.0,30651.0,30651.0,5
UNF,202609,2026-06-18 21:28:00,30654.0,30657.0,30654.0,30657.0,11
UNF,202609,2026-06-18 21:33:00,30615.0,30615.0,30615.0,30615.0,11
UNF,202609,2026-06-18 21:34:00,30595.0,30595.0,30555.0,30555.0,6
UNF,202609,2026-06-18 21:35:00,30546.0,30546.0,30525.0,30525.0,5
UNF,202609,2026-06-18 21:36:00,30510.0,30522.0,30503.0,30503.0,15
UNF,202609,2026-06-18 21:37:00,30500.0,30500.0,30499.0,30500.0,10
UNF,202609,2026-06-18 21:41:00,30508.0,30508.0,30508.0,30508.0,3
UNF,202609,2026-06-18 21:43:00,30513.0,30513.0,30513.0,30513.0,3
UNF,202609,2026-06-18 21:44:00,30456.0,30456.0,30456.0,30456.0,1
UNF,202609,2026-06-18 21:45:00,30492.0,30527.0,30492.0,30501.0,17
UNF,202609,2026-06-18 21:47:00,30502.0,30502.0,30502.0,30502.0,1
UNF,202609,2026-06-18 21:53:00,30570.0,30570.0,30570.0,30570.0,1
UNF,202609,2026-06-18 21:57:00,30491.0,30491.0,30491.0,30491.0,1
UNF,202609,2026-06-18 22:05:00,30561.0,30561.0,30561.0,30561.0,1
UNF,202609,2026-06-18 22:06:00,30616.0,30616.0,30616.0,30616.0,2
UNF,202609,2026-06-18 22:07:00,30630.0,30630.0,30630.0,30630.0,1
UNF,202609,2026-06-18 22:09:00,30630.0,30630.0,30630.0,30630.0,1
UNF,202609,2026-06-18 22:20:00,30649.0,30649.0,30648.0,30648.0,3
UNF,202609,2026-06-18 22:21:00,30641.0,30641.0,30641.0,30641.0,1
UNF,202609,2026-06-18 22:23:00,30663.0,30678.0,30663.0,30678.0,21
UNF,202609,2026-06-18 22:24:00,30688.0,30688.0,30688.0,30688.0,1
UNF,202609,2026-06-18 22:31:00,30593.0,30593.0,30592.0,30592.0,3
UNF,202609,2026-06-18 22:32:00,30570.0,30570.0,30570.0,30570.0,1
UNF,202609,2026-06-18 22:41:00,30619.0,30619.0,30619.0,30619.0,1
UNF,202609,2026-06-18 22:42:00,30618.0,30618.0,30618.0,30618.0,3
UNF,202609,2026-06-18 22:50:00,30693.0,30693.0,30693.0,30693.0,1
UNF,202609,2026-06-18 22:56:00,30686.0,30686.0,30686.0,30686.0,3
UNF,202609,2026-06-18 23:00:00,30671.0,30671.0,30671.0,30671.0,1
UNF,202609,2026-06-18 23:36:00,30621.0,30621.0,30621.0,30621.0,2
UNF,202609,2026-06-18 23:55:00,30650.0,30650.0,30650.0,30650.0,2
UNF,202609,2026-06-18 23:56:00,30660.0,30670.0,30660.0,30670.0,3
UNF,202609,2026-06-19 00:09:00,30683.0,30683.0,30683.0,30683.0,4
UNF,202609,2026-06-19 00:26:00,30690.0,30690.0,30690.0,30690.0,1
UNF,202609,2026-06-19 00:47:00,30728.0,30728.0,30728.0,30728.0,2
UNF,202609,2026-06-19 01:01:00,30744.0,30744.0,30744.0,30744.0,1
UNF,202609,2026-06-19 01:05:00,30752.0,30760.0,30752.0,30760.0,2
UNF,202609,2026-06-19 02:29:00,30737.0,30737.0,30737.0,30737.0,6
UNF,202609,2026-06-19 02:37:00,30710.0,30710.0,30710.0,30710.0,2
UNF,202609,2026-06-19 02:48:00,30740.0,30740.0,30740.0,30740.0,1
UNF,202609,2026-06-19 02:49:00,30750.0,30750.0,30750.0,30750.0,1
UNF,202609,2026-06-19 03:16:00,30720.0,30720.0,30720.0,30720.0,1
UNF,202609,2026-06-19 03:44:00,30789.0,30793.0,30785.0,30785.0,3
UNF,202609,2026-06-19 03:45:00,30798.0,30798.0,30798.0,30798.0,1
UNF,202609,2026-06-19 03:47:00,30818.0,30824.0,30818.0,30824.0,2
UNF,202609,2026-06-19 04:59:00,30724.0,30725.0,30724.0,30725.0,3
XAF,202609,2026-06-18 19:39:00,0.6997,0.6997,0.6997,0.6997,1
XAF,202609,2026-06-18 22:53:00,0.7018,0.7018,0.7018,0.7018,1
XAF,202609,2026-06-18 22:54:00,0.702,0.702,0.702,0.702,1
XAF,202612,2026-06-18 17:27:00,0.6996,0.6996,0.6996,0.6996,26
XAF,202612,2026-06-18 17:31:00,0.6989,0.6989,0.6989,0.6989,26
XBF,202609,2026-06-18 17:30:00,1.3238,1.3238,1.3238,1.3238,2
XBF,202609,2026-06-18 17:31:00,1.3234,1.3234,1.3234,1.3234,31
XBF,202609,2026-06-18 19:38:00,1.3219,1.3219,1.3219,1.3219,18
XBF,202609,2026-06-18 19:40:00,1.3216,1.3216,1.3216,1.3216,2
XBF,202609,2026-06-18 20:20:00,1.3237,1.3237,1.3237,1.3237,2
XEF,202609,2026-06-18 17:31:00,1.1514,1.1514,1.1514,1.1514,18
XEF,202609,2026-06-18 18:07:00,1.1508,1.1508,1.1508,1.1508,1
XEF,202609,2026-06-18 19:39:00,1.1505,1.1505,1.1505,1.1505,2
XEF,202609,2026-06-18 22:57:00,1.1525,1.1525,1.1525,1.1525,2
XEF,202612,2026-06-18 17:26:00,1.1523,1.1523,1.1523,1.1523,5
XEF,202612,2026-06-18 17:31:00,1.1562,1.1562,1.1562,1.1562,5
XJF,202609,2026-06-18 17:30:00,159.54,159.55,159.54,159.55,2
XJF,202609,2026-06-18 17:32:00,159.57,159.57,159.57,159.57,1
XJF,202609,2026-06-18 18:01:00,159.66,159.66,159.61,159.61,2
XJF,202609,2026-06-18 18:04:00,159.67,159.67,159.67,159.67,1
XJF,202609,2026-06-18 18:33:00,159.66,159.66,159.66,159.66,1
XJF,202609,2026-06-18 18:54:00,159.75,159.75,159.75,159.75,1
XJF,202609,2026-06-18 19:25:00,159.74,159.74,159.74,159.74,1
XJF,202609,2026-06-18 19:32:00,159.69,159.69,159.69,159.69,1
XJF,202609,2026-06-18 19:38:00,159.7,159.7,159.7,159.7,2
XJF,202609,2026-06-18 19:45:00,159.73,159.73,159.73,159.73,2
XJF,202609,2026-06-18 20:50:00,159.72,159.72,159.72,159.72,1
XJF,202609,2026-06-18 21:19:00,159.72,159.72,159.72,159.72,31
XJF,202609,2026-06-18 21:25:00,159.74,159.74,159.74,159.74,31
XJF,202609,2026-06-18 21:36:00,159.67,159.67,159.67,159.67,31
XJF,202609,2026-06-18 22:10:00,159.75,159.75,159.75,159.75,1
XJF,202609,2026-06-18 23:24:00,159.8,159.8,159.8,159.8,3
XJF,202609,2026-06-18 23:29:00,159.84,159.84,159.84,159.84,1
XJF,202609,2026-06-18 23:35:00,159.87,159.87,159.87,159.87,26
XJF,202609,2026-06-18 23:54:00,159.99,160.0,159.99,160.0,5
XJF,202609,2026-06-18 23:59:00,160.1,160.2,160.1,160.2,27
XJF,202609,2026-06-19 00:10:00,160.2,160.2,160.2,160.2,5
XJF,202609,2026-06-19 00:13:00,160.19,160.19,160.19,160.19,5
XJF,202609,2026-06-19 00:16:00,160.2,160.2,160.2,160.2,1
XJF,202609,2026-06-19 00:57:00,160.3,160.3,160.3,160.3,1
XJF,202609,2026-06-19 01:17:00,160.21,160.21,160.21,160.21,2
XJF,202609,2026-06-19 02:35:00,160.36,160.36,160.36,160.36,5
XJF,202609,2026-06-19 02:49:00,160.48,160.5,160.48,160.5,6
XJF,202609,2026-06-19 02:58:00,160.54,160.54,160.54,160.54,6
XJF,202609,2026-06-19 03:09:00,160.62,160.62,160.62,160.62,2
XJF,202609,2026-06-19 03:15:00,160.62,160.62,160.62,160.62,1
XJF,202609,2026-06-19 03:16:00,160.61,160.61,160.61,160.61,1
XJF,202609,2026-06-19 03:38:00,160.41,160.41,160.41,160.41,1
XJF,202609,2026-06-19 03:44:00,160.23,160.27,160.23,160.27,2
XJF,202612,2026-06-18 17:27:00,159.58,159.58,159.58,159.58,10
XJF,202612,2026-06-18 19:38:00,158.55,158.55,158.55,158.55,10
ZEF,202607,2026-06-18 15:01:00,3019.3,3019.3,3019.3,3019.3,1
ZEF,202607,2026-06-18 15:08:00,3022.0,3022.0,3022.0,3022.0,1
ZEF,202607,2026-06-18 15:12:00,3020.5,3020.5,3020.5,3020.5,1
ZEF,202607,2026-06-18 15:13:00,3023.95,3023.95,3023.95,3023.95,1
ZEF,202607,2026-06-18 15:16:00,3023.9,3023.9,3023.9,3023.9,1
ZEF,202607,2026-06-18 15:17:00,3019.0,3019.0,3019.0,3019.0,1
ZEF,202607,2026-06-18 15:26:00,3019.0,3019.0,3019.0,3019.0,1
ZEF,202607,2026-06-18 15:29:00,3019.0,3019.0,3019.0,3019.0,1
ZEF,202607,2026-06-18 15:30:00,3019.0,3019.0,3019.0,3019.0,1
ZEF,202607,2026-06-18 15:36:00,3019.0,3019.0,3019.0,3019.0,1
ZEF,202607,2026-06-18 15:59:00,3022.0,3023.0,3022.0,3023.0,3
ZEF,202607,2026-06-18 16:00:00,3023.9,3024.6,3023.9,3024.0,7
ZEF,202607,2026-06-18 16:01:00,3024.0,3025.0,3024.0,3025.0,3
ZEF,202607,2026-06-18 16:07:00,3024.0,3030.0,3024.0,3030.0,6
ZEF,202607,2026-06-18 16:09:00,3028.0,3028.0,3028.0,3028.0,1
ZEF,202607,2026-06-18 16:27:00,3027.95,3027.95,3027.95,3027.95,1
ZEF,202607,2026-06-18 16:30:00,3027.95,3027.95,3027.95,3027.95,1
ZEF,202607,2026-06-18 16:37:00,3027.95,3027.95,3027.95,3027.95,1
ZEF,202607,2026-06-18 16:39:00,3027.95,3027.95,3027.95,3027.95,1
ZEF,202607,2026-06-18 16:43:00,3027.0,3027.0,3027.0,3027.0,1
ZEF,202607,2026-06-18 16:56:00,3023.7,3023.7,3023.7,3023.7,1
ZEF,202607,2026-06-18 17:13:00,3023.7,3023.7,3023.7,3023.7,1
ZEF,202607,2026-06-18 17:16:00,3021.05,3021.05,3021.05,3021.05,1
ZEF,202607,2026-06-18 17:29:00,3023.95,3023.95,3023.95,3023.95,1
ZEF,202607,2026-06-18 17:30:00,3024.2,3024.2,3022.8,3022.8,3
ZEF,202607,2026-06-18 17:34:00,3022.0,3022.0,3022.0,3022.0,1
ZEF,202607,2026-06-18 17:47:00,3025.45,3025.45,3025.45,3025.45,5
ZEF,202607,2026-06-18 17:53:00,3029.55,3030.0,3029.55,3030.0,2
ZEF,202607,2026-06-18 17:56:00,3030.0,3030.95,3030.0,3030.95,3
ZEF,202607,2026-06-18 18:01:00,3030.95,3030.95,3030.95,3030.95,1
ZEF,202607,2026-06-18 18:11:00,3027.1,3027.1,3027.1,3027.1,1
ZEF,202607,2026-06-18 18:30:00,3030.0,3030.0,3030.0,3030.0,1
ZEF,202607,2026-06-18 18:33:00,3026.0,3026.0,3026.0,3026.0,1
ZEF,202607,2026-06-18 18:35:00,3029.0,3029.0,3029.0,3029.0,1
ZEF,202607,2026-06-18 18:43:00,3025.0,3025.0,3025.0,3025.0,1
ZEF,202607,2026-06-18 18:49:00,3025.0,3025.0,3025.0,3025.0,1
ZEF,202607,2026-06-18 19:05:00,3023.0,3023.0,3023.0,3023.0,1
ZEF,202607,2026-06-18 19:09:00,3022.0,3022.0,3020.0,3020.0,5
ZEF,202607,2026-06-18 19:12:00,3021.0,3021.0,3021.0,3021.0,1
ZEF,202607,2026-06-18 19:15:00,3021.0,3021.5,3021.0,3021.5,2
ZEF,202607,2026-06-18 19:38:00,3018.0,3018.0,3015.95,3015.95,4
ZEF,202607,2026-06-18 19:39:00,3016.35,3016.35,3016.35,3016.35,3
ZEF,202607,2026-06-18 19:53:00,3019.35,3019.35,3019.35,3019.35,1
ZEF,202607,2026-06-18 20:30:00,3028.35,3028.35,3028.35,3028.35,1
ZEF,202607,2026-06-18 20:31:00,3029.0,3029.0,3029.0,3029.0,1
ZEF,202607,2026-06-18 20:36:00,3030.0,3033.45,3030.0,3033.45,5
ZEF,202607,2026-06-18 20:57:00,3033.4,3035.0,3033.4,3034.85,8
ZEF,202607,2026-06-18 20:58:00,3034.45,3034.45,3034.45,3034.45,3
ZEF,202607,2026-06-18 20:59:00,3034.45,3034.45,3034.45,3034.45,1
ZEF,202607,2026-06-18 21:01:00,3033.1,3033.1,3033.1,3033.1,1
ZEF,202607,2026-06-18 21:04:00,3032.5,3035.65,3032.5,3035.65,11
ZEF,202607,2026-06-18 21:05:00,3031.55,3031.55,3031.55,3031.55,1
ZEF,202607,2026-06-18 21:11:00,3036.0,3036.0,3036.0,3036.0,1
ZEF,202607,2026-06-18 21:14:00,3036.0,3036.0,3036.0,3036.0,1
ZEF,202607,2026-06-18 21:16:00,3035.0,3035.0,3035.0,3035.0,1
ZEF,202607,2026-06-18 21:17:00,3035.0,3035.0,3035.0,3035.0,1
ZEF,202607,2026-06-18 21:22:00,3037.65,3037.65,3037.65,3037.65,1
ZEF,202607,2026-06-18 21:23:00,3037.65,3037.65,3037.65,3037.65,1
ZEF,202607,2026-06-18 21:24:00,3035.0,3035.0,3034.6,3034.6,2
ZEF,202607,2026-06-18 21:28:00,3038.0,3039.0,3038.0,3039.0,4
ZEF,202607,2026-06-18 21:29:00,3038.0,3038.0,3038.0,3038.0,1
ZEF,202607,2026-06-18 21:30:00,3036.05,3045.0,3036.05,3044.95,13
ZEF,202607,2026-06-18 21:31:00,3044.85,3045.2,3044.85,3045.2,2
ZEF,202607,2026-06-18 21:32:00,3044.55,3048.55,3044.55,3047.85,11
ZEF,202607,2026-06-18 21:33:00,3049.9,3050.0,3049.9,3050.0,3
ZEF,202607,2026-06-18 21:35:00,3049.25,3049.25,3049.25,3049.25,1
ZEF,202607,2026-06-18 21:37:00,3045.0,3047.7,3045.0,3047.7,2
ZEF,202607,2026-06-18 21:38:00,3047.55,3050.0,3047.55,3050.0,5
ZEF,202607,2026-06-18 21:42:00,3052.35,3052.35,3052.35,3052.35,2
ZEF,202607,2026-06-18 21:43:00,3049.5,3049.5,3049.5,3049.5,1
ZEF,202607,2026-06-18 21:45:00,3048.9,3050.5,3048.9,3050.5,2
ZEF,202607,2026-06-18 21:49:00,3053.0,3053.0,3053.0,3053.0,1
ZEF,202607,2026-06-18 21:54:00,3049.9,3049.9,3049.9,3049.9,1
ZEF,202607,2026-06-18 21:55:00,3050.0,3050.0,3049.9,3049.9,3
ZEF,202607,2026-06-18 21:57:00,3048.4,3048.4,3048.4,3048.4,1
ZEF,202607,2026-06-18 22:01:00,3049.7,3049.7,3049.7,3049.7,1
ZEF,202607,2026-06-18 22:03:00,3053.0,3053.95,3053.0,3053.95,3
ZEF,202607,2026-06-18 22:04:00,3054.05,3054.05,3054.05,3054.05,1
ZEF,202607,2026-06-18 22:07:00,3055.5,3055.5,3055.5,3055.5,1
ZEF,202607,2026-06-18 22:10:00,3053.6,3053.6,3053.6,3053.6,2
ZEF,202607,2026-06-18 22:11:00,3055.1,3055.1,3055.1,3055.1,1
ZEF,202607,2026-06-18 22:13:00,3053.5,3053.5,3053.0,3053.0,2
ZEF,202607,2026-06-18 22:15:00,3051.6,3051.6,3051.6,3051.6,2
ZEF,202607,2026-06-18 22:19:00,3058.0,3058.0,3058.0,3058.0,1
ZEF,202607,2026-06-18 22:21:00,3059.25,3059.25,3059.0,3059.0,2
ZEF,202607,2026-06-18 22:23:00,3060.0,3062.2,3060.0,3062.2,4
ZEF,202607,2026-06-18 22:26:00,3062.0,3062.0,3062.0,3062.0,1
ZEF,202607,2026-06-18 22:29:00,3060.9,3060.9,3060.9,3060.9,1
ZEF,202607,2026-06-18 22:30:00,3058.0,3058.0,3057.0,3057.0,2
ZEF,202607,2026-06-18 22:36:00,3063.5,3063.5,3063.5,3063.5,1
ZEF,202607,2026-06-18 22:39:00,3062.8,3062.8,3062.8,3062.8,1
ZEF,202607,2026-06-18 22:40:00,3062.0,3062.0,3062.0,3062.0,1
ZEF,202607,2026-06-18 22:41:00,3061.0,3061.0,3061.0,3061.0,1
ZEF,202607,2026-06-18 22:46:00,3064.15,3064.15,3064.15,3064.15,1
ZEF,202607,2026-06-18 22:47:00,3065.0,3065.0,3065.0,3065.0,1
ZEF,202607,2026-06-18 22:49:00,3064.0,3064.85,3064.0,3064.85,3
ZEF,202607,2026-06-18 22:51:00,3063.8,3063.8,3063.8,3063.8,1
ZEF,202607,2026-06-18 22:58:00,3065.0,3065.0,3065.0,3065.0,1
ZEF,202607,2026-06-18 22:59:00,3065.0,3065.0,3065.0,3065.0,1
ZEF,202607,2026-06-18 23:00:00,3064.0,3064.95,3064.0,3064.95,3
ZEF,202607,2026-06-18 23:01:00,3062.0,3062.0,3062.0,3062.0,1
ZEF,202607,2026-06-18 23:02:00,3060.5,3060.5,3060.0,3060.0,2
ZEF,202607,2026-06-18 23:03:00,3060.9,3060.9,3060.9,3060.9,3
ZEF,202607,2026-06-18 23:04:00,3060.0,3063.0,3060.0,3063.0,2
ZEF,202607,2026-06-18 23:05:00,3063.0,3063.0,3063.0,3063.0,1
ZEF,202607,2026-06-18 23:19:00,3059.2,3059.2,3059.2,3059.2,1
ZEF,202607,2026-06-18 23:29:00,3059.2,3059.2,3058.05,3058.05,6
ZEF,202607,2026-06-18 23:36:00,3055.0,3055.0,3055.0,3055.0,3
ZEF,202607,2026-06-18 23:37:00,3055.0,3055.0,3055.0,3055.0,2
ZEF,202607,2026-06-18 23:38:00,3055.0,3055.0,3055.0,3055.0,1
ZEF,202607,2026-06-18 23:39:00,3055.0,3055.0,3055.0,3055.0,1
ZEF,202607,2026-06-18 23:44:00,3056.4,3056.4,3056.4,3056.4,1
ZEF,202607,2026-06-18 23:52:00,3061.3,3061.3,3061.3,3061.3,1
ZEF,202607,2026-06-18 23:53:00,3063.0,3064.6,3063.0,3064.6,5
ZEF,202607,2026-06-18 23:57:00,3063.0,3063.0,3063.0,3063.0,1
ZEF,202607,2026-06-19 00:00:00,3066.0,3070.0,3066.0,3070.0,5
ZEF,202607,2026-06-19 00:07:00,3070.0,3070.0,3070.0,3070.0,1
ZEF,202607,2026-06-19 00:08:00,3070.0,3070.0,3070.0,3070.0,1
ZEF,202607,2026-06-19 00:12:00,3070.55,3070.55,3070.55,3070.55,1
ZEF,202607,2026-06-19 00:21:00,3073.2,3075.0,3073.2,3075.0,7
ZEF,202607,2026-06-19 00:27:00,3075.0,3075.0,3075.0,3075.0,1
ZEF,202607,2026-06-19 00:29:00,3071.7,3072.0,3071.7,3072.0,4
ZEF,202607,2026-06-19 00:30:00,3072.0,3072.0,3072.0,3072.0,1
ZEF,202607,2026-06-19 00:44:00,3075.1,3075.1,3075.1,3075.1,1
ZEF,202607,2026-06-19 00:50:00,3071.2,3071.2,3071.2,3071.2,1
ZEF,202607,2026-06-19 00:51:00,3071.1,3071.1,3071.1,3071.1,2
ZEF,202607,2026-06-19 00:55:00,3070.2,3070.2,3070.2,3070.2,1
ZEF,202607,2026-06-19 01:05:00,3074.35,3075.0,3074.35,3075.0,2
ZEF,202607,2026-06-19 01:08:00,3078.0,3078.0,3078.0,3078.0,1
ZEF,202607,2026-06-19 01:10:00,3078.5,3078.5,3078.5,3078.5,2
ZEF,202607,2026-06-19 01:16:00,3079.9,3082.75,3078.15,3082.75,10
ZEF,202607,2026-06-19 01:17:00,3082.75,3082.75,3082.75,3082.75,3
ZEF,202607,2026-06-19 01:18:00,3082.8,3082.8,3082.8,3082.8,2
ZEF,202607,2026-06-19 01:20:00,3083.0,3083.0,3083.0,3083.0,1
ZEF,202607,2026-06-19 01:31:00,3085.0,3085.0,3085.0,3085.0,3
ZEF,202607,2026-06-19 01:35:00,3086.0,3086.0,3086.0,3086.0,2
ZEF,202607,2026-06-19 01:36:00,3086.9,3086.9,3086.9,3086.9,1
ZEF,202607,2026-06-19 01:38:00,3086.0,3086.0,3086.0,3086.0,1
ZEF,202607,2026-06-19 01:39:00,3085.0,3085.0,3085.0,3085.0,1
ZEF,202607,2026-06-19 01:44:00,3087.25,3087.25,3087.25,3087.25,2
ZEF,202607,2026-06-19 02:03:00,3085.0,3085.0,3085.0,3085.0,6
ZEF,202607,2026-06-19 02:08:00,3088.75,3088.75,3088.75,3088.75,2
ZEF,202607,2026-06-19 02:12:00,3088.75,3088.75,3088.75,3088.75,1
ZEF,202607,2026-06-19 02:18:00,3088.75,3088.75,3088.75,3088.75,1
ZEF,202607,2026-06-19 02:22:00,3090.0,3090.0,3090.0,3090.0,2
ZEF,202607,2026-06-19 02:23:00,3089.5,3089.5,3089.5,3089.5,1
ZEF,202607,2026-06-19 02:28:00,3088.0,3088.0,3087.0,3087.0,4
ZEF,202607,2026-06-19 02:30:00,3086.1,3086.1,3086.1,3086.1,1
ZEF,202607,2026-06-19 02:32:00,3085.0,3085.0,3085.0,3085.0,1
ZEF,202607,2026-06-19 02:33:00,3085.0,3085.0,3085.0,3085.0,2
ZEF,202607,2026-06-19 02:34:00,3086.0,3086.0,3086.0,3086.0,1
ZEF,202607,2026-06-19 02:40:00,3086.0,3086.0,3086.0,3086.0,1
ZEF,202607,2026-06-19 02:48:00,3087.7,3087.7,3087.7,3087.7,1
ZEF,202607,2026-06-19 03:01:00,3085.9,3085.9,3085.9,3085.9,2
ZEF,202607,2026-06-19 03:02:00,3084.45,3084.45,3084.45,3084.45,1
ZEF,202607,2026-06-19 03:04:00,3085.0,3085.0,3085.0,3085.0,1
ZEF,202607,2026-06-19 03:13:00,3085.0,3085.0,3085.0,3085.0,1
ZEF,202607,2026-06-19 03:17:00,3086.15,3086.15,3086.15,3086.15,1
ZEF,202607,2026-06-19 03:18:00,3084.3,3084.3,3084.3,3084.3,1
ZEF,202607,2026-06-19 03:19:00,3088.3,3088.5,3088.3,3088.5,3
ZEF,202607,2026-06-19 03:23:00,3089.15,3089.15,3089.15,3089.15,1
ZEF,202607,2026-06-19 03:33:00,3087.7,3087.7,3087.7,3087.7,1
ZEF,202607,2026-06-19 03:39:00,3089.15,3089.15,3089.15,3089.15,2
ZEF,202607,2026-06-19 03:47:00,3093.0,3093.0,3093.0,3093.0,2
ZEF,202607,2026-06-19 03:50:00,3093.55,3093.55,3093.55,3093.55,1
ZEF,202607,2026-06-19 03:51:00,3093.85,3095.0,3093.85,3095.0,2
ZEF,202607,2026-06-19 03:54:00,3092.9,3092.9,3092.9,3092.9,2
ZEF,202607,2026-06-19 03:59:00,3090.6,3090.6,3090.6,3090.6,1
ZEF,202607,2026-06-19 04:00:00,3087.7,3087.7,3087.7,3087.7,1
ZEF,202607,2026-06-19 04:06:00,3091.0,3091.0,3091.0,3091.0,1
ZEF,202607,2026-06-19 04:18:00,3091.0,3091.0,3091.0,3091.0,1
ZEF,202607,2026-06-19 04:20:00,3091.0,3091.0,3091.0,3091.0,1
ZEF,202607,2026-06-19 04:25:00,3091.0,3091.0,3091.0,3091.0,1
ZEF,202607,2026-06-19 04:26:00,3088.0,3088.0,3088.0,3088.0,2
ZEF,202607,2026-06-19 04:27:00,3088.0,3088.0,3088.0,3088.0,1
ZEF,202607,2026-06-19 04:30:00,3087.5,3087.5,3087.5,3087.5,1
ZEF,202607,2026-06-19 04:43:00,3088.35,3088.35,3087.05,3087.05,3
ZEF,202607,2026-06-19 04:47:00,3084.05,3084.05,3084.05,3084.05,1
ZEF,202607,2026-06-19 04:52:00,3084.1,3084.1,3084.05,3084.05,2
ZEF,202607,2026-06-19 04:55:00,3087.0,3087.0,3087.0,3087.0,2
ZEF,202608,2026-06-18 15:16:00,3055.75,3055.75,3055.75,3055.75,1
ZEF,202608,2026-06-18 17:16:00,3021.1,3021.1,3021.1,3021.1,1
ZEF,202608,2026-06-19 03:51:00,3100.0,3100.0,3100.0,3100.0,1
ZFF,202607,2026-06-18 15:31:00,3221.0,3221.0,3221.0,3221.0,1
ZFF,202607,2026-06-18 16:21:00,3223.6,3223.6,3221.0,3221.0,2
ZFF,202607,2026-06-18 16:26:00,3221.0,3221.0,3221.0,3221.0,1
ZFF,202607,2026-06-18 16:34:00,3229.2,3229.2,3229.2,3229.2,1
ZFF,202607,2026-06-18 16:41:00,3229.2,3229.2,3229.2,3229.2,1
ZFF,202607,2026-06-18 17:17:00,3223.8,3223.8,3210.0,3210.0,4
ZFF,202607,2026-06-18 18:33:00,3210.2,3210.2,3210.2,3210.2,1
ZFF,202607,2026-06-18 18:58:00,3210.0,3210.0,3210.0,3210.0,1
ZFF,202607,2026-06-18 19:07:00,3210.0,3210.0,3210.0,3210.0,1
ZFF,202607,2026-06-18 19:41:00,3210.0,3210.0,3210.0,3210.0,1
ZFF,202607,2026-06-18 21:16:00,3210.8,3210.8,3210.8,3210.8,1
ZFF,202607,2026-06-18 21:38:00,3214.6,3214.6,3214.6,3214.6,1
ZFF,202607,2026-06-18 21:40:00,3217.0,3217.0,3217.0,3217.0,1
ZFF,202607,2026-06-18 22:31:00,3217.0,3217.0,3217.0,3217.0,1
ZFF,202607,2026-06-18 22:36:00,3218.0,3218.0,3218.0,3218.0,1
ZFF,202607,2026-06-18 23:14:00,3219.0,3219.0,3218.0,3218.0,4
ZFF,202607,2026-06-19 00:08:00,3218.0,3218.0,3218.0,3218.0,1
ZFF,202607,2026-06-19 01:28:00,3225.0,3225.0,3225.0,3225.0,1
ZFF,202607,2026-06-19 01:31:00,3228.0,3228.0,3228.0,3228.0,1
ZFF,202607,2026-06-19 01:49:00,3228.2,3228.2,3228.2,3228.2,1
ZFF,202607,2026-06-19 02:15:00,3225.0,3225.0,3225.0,3225.0,1
ZFF,202607,2026-06-19 02:17:00,3224.0,3224.0,3224.0,3224.0,1
ZFF,202607,2026-06-19 02:24:00,3228.2,3228.2,3228.2,3228.2,1
ZFF,202607,2026-06-19 02:58:00,3228.4,3228.6,3228.4,3228.6,3
ZFF,202607,2026-06-19 02:59:00,3228.8,3229.0,3228.8,3229.0,2
ZFF,202607,2026-06-19 03:15:00,3224.0,3224.0,3224.0,3224.0,1
ZFF,202607,2026-06-19 03:56:00,3229.4,3229.4,3229.4,3229.4,1
ZFF,202607,2026-06-19 04:22:00,3230.0,3230.0,3230.0,3230.0,1
ZFF,202607,2026-06-19 04:29:00,3234.0,3234.0,3234.0,3234.0,1
ZFF,202607,2026-06-19 04:36:00,3234.4,3234.4,3234.4,3234.4,1
ZFF,202607,2026-06-19 04:43:00,3230.4,3230.4,3230.4,3230.4,1
ZFF,202607,2026-06-19 04:49:00,3230.0,3230.0,3228.0,3228.0,4
ZFF,202607,2026-06-19 04:50:00,3234.8,3234.8,3234.8,3234.8,1
ZFF,202607,2026-06-19 04:58:00,3235.0,3235.0,3235.0,3235.0,1
ZFF,202608,2026-06-18 16:21:00,3233.6,3233.6,3233.6,3233.6,1
ZFF,202608,2026-06-18 17:17:00,3233.6,3233.6,3233.6,3233.6,1
ZFF,202608,2026-06-19 01:28:00,3222.4,3222.4,3222.4,3222.4,1
ZFF,202608,2026-06-19 02:15:00,3222.4,3222.4,3222.4,3222.4,1
